experiment,pioreactor_unit,timestamp,rate,timestamp_localtime,hours_since_experiment_created
Pulse experiments,pioreactor01,2026-08-14T19:29:00.543Z,0.063230337634,2026-08-15 01:14:00.543,1113.1225
Pulse experiments,pioreactor01,2026-08-14T19:29:05.542Z,0.063333315822,2026-08-15 01:14:05.542,1113.123888888889
Pulse experiments,pioreactor01,2026-08-14T19:29:10.546Z,0.063443008263,2026-08-15 01:14:10.546,1113.125277777778
Pulse experiments,pioreactor01,2026-08-14T19:29:15.543Z,0.063492319118,2026-08-15 01:14:15.543,1113.126666666667
Pulse experiments,pioreactor01,2026-08-14T19:29:20.541Z,0.063621177878,2026-08-15 01:14:20.541,1113.128055555556
Pulse experiments,pioreactor01,2026-08-14T19:29:25.541Z,0.063694748097,2026-08-15 01:14:25.541,1113.129444444445
Pulse experiments,pioreactor01,2026-08-14T19:29:30.541Z,0.063835633794,2026-08-15 01:14:30.541,1113.130833333333
Pulse experiments,pioreactor01,2026-08-14T19:29:35.542Z,0.063874568114,2026-08-15 01:14:35.542,1113.132222222222
Pulse experiments,pioreactor01,2026-08-14T19:29:45.542Z,0.064016691128,2026-08-15 01:14:45.542,1113.135
Pulse experiments,pioreactor01,2026-08-14T19:29:50.544Z,0.064086610811,2026-08-15 01:14:50.544,1113.136388888889
Pulse experiments,pioreactor01,2026-08-14T19:29:55.543Z,0.064213715491,2026-08-15 01:14:55.543,1113.137777777778
Pulse experiments,pioreactor01,2026-08-14T19:30:00.542Z,0.064337370495,2026-08-15 01:15:00.542,1113.139166666667
Pulse experiments,pioreactor01,2026-08-14T19:30:05.542Z,0.064465394863,2026-08-15 01:15:05.542,1113.140555555555
Pulse experiments,pioreactor01,2026-08-14T19:30:10.546Z,0.064538768105,2026-08-15 01:15:10.546,1113.141944444444
Pulse experiments,pioreactor01,2026-08-14T19:30:15.544Z,0.064641391512,2026-08-15 01:15:15.544,1113.143333333333
Pulse experiments,pioreactor01,2026-08-14T19:30:20.541Z,0.064690750364,2026-08-15 01:15:20.541,1113.144722222222
Pulse experiments,pioreactor01,2026-08-14T19:30:25.542Z,0.0648320812,2026-08-15 01:15:25.542,1113.146111111111
Pulse experiments,pioreactor01,2026-08-14T19:30:30.543Z,0.064911054336,2026-08-15 01:15:30.543,1113.1475
Pulse experiments,pioreactor01,2026-08-14T19:30:35.541Z,0.064965570009,2026-08-15 01:15:35.541,1113.148888888889
Pulse experiments,pioreactor01,2026-08-14T19:30:40.543Z,0.065077291171,2026-08-15 01:15:40.543,1113.150277777778
Pulse experiments,pioreactor01,2026-08-14T19:30:45.541Z,0.065140658079,2026-08-15 01:15:45.541,1113.151666666667
Pulse experiments,pioreactor01,2026-08-14T19:30:50.542Z,0.065163627121,2026-08-15 01:15:50.542,1113.153055555556
Pulse experiments,pioreactor01,2026-08-14T19:30:55.544Z,0.065195237515,2026-08-15 01:15:55.544,1113.154444444444
Pulse experiments,pioreactor01,2026-08-14T19:31:00.544Z,0.06523673018,2026-08-15 01:16:00.544,1113.155833333333
Pulse experiments,pioreactor01,2026-08-14T19:31:05.542Z,0.065304615571,2026-08-15 01:16:05.542,1113.157222222222
Pulse experiments,pioreactor01,2026-08-14T19:31:10.542Z,0.065421510233,2026-08-15 01:16:10.542,1113.158611111111
Pulse experiments,pioreactor01,2026-08-14T19:31:15.546Z,0.065413982236,2026-08-15 01:16:15.546,1113.16
Pulse experiments,pioreactor01,2026-08-14T19:31:20.541Z,0.065472591211,2026-08-15 01:16:20.541,1113.161388888889
Pulse experiments,pioreactor01,2026-08-14T19:31:25.543Z,0.065581219922,2026-08-15 01:16:25.543,1113.162777777778
Pulse experiments,pioreactor01,2026-08-14T19:31:30.542Z,0.065662184517,2026-08-15 01:16:30.542,1113.164166666667
Pulse experiments,pioreactor01,2026-08-14T19:31:35.544Z,0.065740852646,2026-08-15 01:16:35.544,1113.165555555556
Pulse experiments,pioreactor01,2026-08-14T19:31:40.541Z,0.065808778812,2026-08-15 01:16:40.541,1113.166944444444
Pulse experiments,pioreactor01,2026-08-14T19:31:45.542Z,0.065862662071,2026-08-15 01:16:45.542,1113.168333333333
Pulse experiments,pioreactor01,2026-08-14T19:31:50.541Z,0.065957694554,2026-08-15 01:16:50.541,1113.169722222222
Pulse experiments,pioreactor01,2026-08-14T19:31:55.544Z,0.066029106719,2026-08-15 01:16:55.544,1113.171111111111
Pulse experiments,pioreactor01,2026-08-14T19:32:00.541Z,0.066158395577,2026-08-15 01:17:00.541,1113.1725
Pulse experiments,pioreactor01,2026-08-14T19:32:05.543Z,0.066245376176,2026-08-15 01:17:05.543,1113.173888888889
Pulse experiments,pioreactor01,2026-08-14T19:32:10.542Z,0.066381019299,2026-08-15 01:17:10.542,1113.175277777778
Pulse experiments,pioreactor01,2026-08-14T19:32:15.546Z,0.066489784343,2026-08-15 01:17:15.546,1113.176666666667
Pulse experiments,pioreactor01,2026-08-14T19:32:20.543Z,0.066583930754,2026-08-15 01:17:20.543,1113.178055555556
Pulse experiments,pioreactor01,2026-08-14T19:32:25.543Z,0.066726060176,2026-08-15 01:17:25.543,1113.179444444444
Pulse experiments,pioreactor01,2026-08-14T19:32:30.542Z,0.066847202295,2026-08-15 01:17:30.542,1113.180833333333
Pulse experiments,pioreactor01,2026-08-14T19:32:35.542Z,0.066989980654,2026-08-15 01:17:35.542,1113.182222222222
Pulse experiments,pioreactor01,2026-08-14T19:32:40.542Z,0.067148130779,2026-08-15 01:17:40.542,1113.183611111111
Pulse experiments,pioreactor01,2026-08-14T19:32:45.544Z,0.067239566502,2026-08-15 01:17:45.544,1113.185
Pulse experiments,pioreactor01,2026-08-14T19:32:50.542Z,0.067355261102,2026-08-15 01:17:50.542,1113.186388888889
Pulse experiments,pioreactor01,2026-08-14T19:32:55.542Z,0.06750803357,2026-08-15 01:17:55.542,1113.187777777778
Pulse experiments,pioreactor01,2026-08-14T19:33:00.543Z,0.067618631038,2026-08-15 01:18:00.543,1113.189166666667
Pulse experiments,pioreactor01,2026-08-14T19:33:05.548Z,0.067705009679,2026-08-15 01:18:05.548,1113.190555555556
Pulse experiments,pioreactor01,2026-08-14T19:33:10.543Z,0.067781223134,2026-08-15 01:18:10.543,1113.191944444445
Pulse experiments,pioreactor01,2026-08-14T19:33:15.542Z,0.067849577274,2026-08-15 01:18:15.542,1113.193333333333
Pulse experiments,pioreactor01,2026-08-14T19:33:20.542Z,0.067914535481,2026-08-15 01:18:20.542,1113.194722222222
Pulse experiments,pioreactor01,2026-08-14T19:33:25.542Z,0.067967126399,2026-08-15 01:18:25.542,1113.196111111111
Pulse experiments,pioreactor01,2026-08-14T19:33:30.543Z,0.068027613712,2026-08-15 01:18:30.543,1113.1975
Pulse experiments,pioreactor01,2026-08-14T19:33:35.542Z,0.068111980554,2026-08-15 01:18:35.542,1113.198888888889
Pulse experiments,pioreactor01,2026-08-14T19:33:40.542Z,0.0681844327,2026-08-15 01:18:40.542,1113.200277777778
Pulse experiments,pioreactor01,2026-08-14T19:33:45.543Z,0.068240416371,2026-08-15 01:18:45.543,1113.201666666667
Pulse experiments,pioreactor01,2026-08-14T19:33:50.542Z,0.06829128099,2026-08-15 01:18:50.542,1113.203055555555
Pulse experiments,pioreactor01,2026-08-14T19:33:55.542Z,0.068441670518,2026-08-15 01:18:55.542,1113.204444444444
Pulse experiments,pioreactor01,2026-08-14T19:34:00.541Z,0.068528480129,2026-08-15 01:19:00.541,1113.205833333333
Pulse experiments,pioreactor01,2026-08-14T19:34:05.542Z,0.068629023691,2026-08-15 01:19:05.542,1113.207222222222
Pulse experiments,pioreactor01,2026-08-14T19:34:10.543Z,0.068698702615,2026-08-15 01:19:10.543,1113.208611111111
Pulse experiments,pioreactor01,2026-08-14T19:34:15.541Z,0.068780989934,2026-08-15 01:19:15.541,1113.21
Pulse experiments,pioreactor01,2026-08-14T19:34:20.543Z,0.068882267251,2026-08-15 01:19:20.543,1113.211388888889
Pulse experiments,pioreactor01,2026-08-14T19:34:25.541Z,0.068917948088,2026-08-15 01:19:25.541,1113.212777777778
Pulse experiments,pioreactor01,2026-08-14T19:34:30.541Z,0.068923560272,2026-08-15 01:19:30.541,1113.214166666667
Pulse experiments,pioreactor01,2026-08-14T19:34:35.543Z,0.068975511036,2026-08-15 01:19:35.543,1113.215555555556
Pulse experiments,pioreactor01,2026-08-14T19:34:40.541Z,0.068983829646,2026-08-15 01:19:40.541,1113.216944444444
Pulse experiments,pioreactor01,2026-08-14T19:34:45.542Z,0.068988667823,2026-08-15 01:19:45.542,1113.218333333333
Pulse experiments,pioreactor01,2026-08-14T19:34:50.541Z,0.06901201869,2026-08-15 01:19:50.541,1113.219722222222
Pulse experiments,pioreactor01,2026-08-14T19:34:55.542Z,0.069090659399,2026-08-15 01:19:55.542,1113.221111111111
Pulse experiments,pioreactor01,2026-08-14T19:35:00.542Z,0.069075349849,2026-08-15 01:20:00.542,1113.2225
Pulse experiments,pioreactor01,2026-08-14T19:35:05.558Z,0.069088336639,2026-08-15 01:20:05.558,1113.223888888889
Pulse experiments,pioreactor01,2026-08-14T19:35:10.552Z,0.06910326551,2026-08-15 01:20:10.552,1113.225277777778
Pulse experiments,pioreactor01,2026-08-14T19:35:15.578Z,0.069118264397,2026-08-15 01:20:15.578,1113.226666666667
Pulse experiments,pioreactor01,2026-08-14T19:35:20.582Z,0.069133166554,2026-08-15 01:20:20.582,1113.228055555556
Pulse experiments,pioreactor01,2026-08-14T19:35:25.561Z,0.069147937508,2026-08-15 01:20:25.561,1113.229444444444
Pulse experiments,pioreactor01,2026-08-14T19:35:30.558Z,0.069159092885,2026-08-15 01:20:30.558,1113.230833333333
Pulse experiments,pioreactor01,2026-08-14T19:35:35.558Z,0.069170199861,2026-08-15 01:20:35.558,1113.232222222222
Pulse experiments,pioreactor01,2026-08-14T19:35:40.552Z,0.069186757288,2026-08-15 01:20:40.552,1113.233611111111
Pulse experiments,pioreactor01,2026-08-14T19:35:45.552Z,0.069206309545,2026-08-15 01:20:45.552,1113.235
Pulse experiments,pioreactor01,2026-08-14T19:35:50.555Z,0.069227006201,2026-08-15 01:20:50.555,1113.236388888889
Pulse experiments,pioreactor01,2026-08-14T19:35:55.554Z,0.069240285915,2026-08-15 01:20:55.554,1113.237777777778
Pulse experiments,pioreactor01,2026-08-14T19:36:00.548Z,0.06924388014,2026-08-15 01:21:00.548,1113.239166666667
Pulse experiments,pioreactor01,2026-08-14T19:36:05.552Z,0.069241476969,2026-08-15 01:21:05.552,1113.240555555556
Pulse experiments,pioreactor01,2026-08-14T19:36:10.552Z,0.069249311346,2026-08-15 01:21:10.552,1113.241944444444
Pulse experiments,pioreactor01,2026-08-14T19:36:15.553Z,0.069270467488,2026-08-15 01:21:15.553,1113.243333333333
Pulse experiments,pioreactor01,2026-08-14T19:36:20.552Z,0.069290656182,2026-08-15 01:21:20.552,1113.244722222222
Pulse experiments,pioreactor01,2026-08-14T19:36:25.557Z,0.069315103793,2026-08-15 01:21:25.557,1113.246111111111
Pulse experiments,pioreactor01,2026-08-14T19:36:30.551Z,0.06932765642,2026-08-15 01:21:30.551,1113.2475
Pulse experiments,pioreactor01,2026-08-14T19:36:35.559Z,0.069338236522,2026-08-15 01:21:35.559,1113.248888888889
Pulse experiments,pioreactor01,2026-08-14T19:36:40.552Z,0.069350516668,2026-08-15 01:21:40.552,1113.250277777778
Pulse experiments,pioreactor01,2026-08-14T19:36:45.552Z,0.069335956852,2026-08-15 01:21:45.552,1113.251666666667
Pulse experiments,pioreactor01,2026-08-14T19:36:50.556Z,0.069327873602,2026-08-15 01:21:50.556,1113.253055555556
Pulse experiments,pioreactor01,2026-08-14T19:36:55.554Z,0.069309715423,2026-08-15 01:21:55.554,1113.254444444445
Pulse experiments,pioreactor01,2026-08-14T19:37:00.556Z,0.069317176731,2026-08-15 01:22:00.556,1113.255833333333
Pulse experiments,pioreactor01,2026-08-14T19:37:05.580Z,0.069300095214,2026-08-15 01:22:05.580,1113.257222222222
Pulse experiments,pioreactor01,2026-08-14T19:37:10.554Z,0.069298334455,2026-08-15 01:22:10.554,1113.258611111111
Pulse experiments,pioreactor01,2026-08-14T19:37:15.554Z,0.069290718243,2026-08-15 01:22:15.554,1113.26
Pulse experiments,pioreactor01,2026-08-14T19:37:20.553Z,0.069287824591,2026-08-15 01:22:20.553,1113.261388888889
Pulse experiments,pioreactor01,2026-08-14T19:37:25.552Z,0.069335337379,2026-08-15 01:22:25.552,1113.262777777778
Pulse experiments,pioreactor01,2026-08-14T19:37:30.566Z,0.0694233331,2026-08-15 01:22:30.566,1113.264166666667
Pulse experiments,pioreactor01,2026-08-14T19:37:35.554Z,0.069470676201,2026-08-15 01:22:35.554,1113.265555555555
Pulse experiments,pioreactor01,2026-08-14T19:37:40.586Z,0.069566028512,2026-08-15 01:22:40.586,1113.266944444444
Pulse experiments,pioreactor01,2026-08-14T19:37:45.567Z,0.069652981914,2026-08-15 01:22:45.567,1113.268333333333
Pulse experiments,pioreactor01,2026-08-14T19:37:50.572Z,0.069574692245,2026-08-15 01:22:50.572,1113.269722222222
Pulse experiments,pioreactor01,2026-08-14T19:37:55.557Z,0.069564238676,2026-08-15 01:22:55.557,1113.271111111111
Pulse experiments,pioreactor01,2026-08-14T19:38:00.557Z,0.06959215904,2026-08-15 01:23:00.557,1113.2725
Pulse experiments,pioreactor01,2026-08-14T19:38:05.547Z,0.069573260293,2026-08-15 01:23:05.547,1113.273888888889
Pulse experiments,pioreactor01,2026-08-14T19:38:10.553Z,0.069605662285,2026-08-15 01:23:10.553,1113.275277777778
Pulse experiments,pioreactor01,2026-08-14T19:38:15.550Z,0.069652741836,2026-08-15 01:23:15.550,1113.276666666667
Pulse experiments,pioreactor01,2026-08-14T19:38:20.553Z,0.06972280686,2026-08-15 01:23:20.553,1113.278055555556
Pulse experiments,pioreactor01,2026-08-14T19:38:25.559Z,0.069662275785,2026-08-15 01:23:25.559,1113.279444444444
Pulse experiments,pioreactor01,2026-08-14T19:38:30.561Z,0.069529703094,2026-08-15 01:23:30.561,1113.280833333333
Pulse experiments,pioreactor01,2026-08-14T19:38:35.585Z,0.069385101785,2026-08-15 01:23:35.585,1113.282222222222
Pulse experiments,pioreactor01,2026-08-14T19:38:40.586Z,0.069397167866,2026-08-15 01:23:40.586,1113.283611111111
Pulse experiments,pioreactor01,2026-08-14T19:38:45.573Z,0.069384485008,2026-08-15 01:23:45.573,1113.285
Pulse experiments,pioreactor01,2026-08-14T19:38:50.589Z,0.069502067173,2026-08-15 01:23:50.589,1113.286388888889
Pulse experiments,pioreactor01,2026-08-14T19:38:55.586Z,0.069547518219,2026-08-15 01:23:55.586,1113.287777777778
Pulse experiments,pioreactor01,2026-08-14T19:39:00.590Z,0.069613708103,2026-08-15 01:24:00.590,1113.289166666667
Pulse experiments,pioreactor01,2026-08-14T19:39:05.554Z,0.069709684245,2026-08-15 01:24:05.554,1113.290555555556
Pulse experiments,pioreactor01,2026-08-14T19:39:10.595Z,0.069833683547,2026-08-15 01:24:10.595,1113.291944444444
Pulse experiments,pioreactor01,2026-08-14T19:39:15.575Z,0.069886877114,2026-08-15 01:24:15.575,1113.293333333333
Pulse experiments,pioreactor01,2026-08-14T19:39:20.563Z,0.070019469145,2026-08-15 01:24:20.563,1113.294722222222
Pulse experiments,pioreactor01,2026-08-14T19:39:25.588Z,0.070010218819,2026-08-15 01:24:25.588,1113.296111111111
Pulse experiments,pioreactor01,2026-08-14T19:39:30.556Z,0.070046754401,2026-08-15 01:24:30.556,1113.2975
Pulse experiments,pioreactor01,2026-08-14T19:39:35.542Z,0.070091376083,2026-08-15 01:24:35.542,1113.298888888889
Pulse experiments,pioreactor01,2026-08-14T19:39:40.542Z,0.07017828142,2026-08-15 01:24:40.542,1113.300277777778
Pulse experiments,pioreactor01,2026-08-14T19:46:26.985Z,3.811e-07,2026-08-15 01:31:26.985,1113.413055555556
Pulse experiments,pioreactor01,2026-08-14T19:46:31.983Z,-2.40229e-06,2026-08-15 01:31:31.983,1113.414444444444
Pulse experiments,pioreactor01,2026-08-14T19:46:36.984Z,3.623865e-06,2026-08-15 01:31:36.984,1113.415833333333
Pulse experiments,pioreactor01,2026-08-14T19:46:41.980Z,-4.634057e-06,2026-08-15 01:31:41.980,1113.417222222222
Pulse experiments,pioreactor01,2026-08-14T19:46:46.980Z,-1.28335e-05,2026-08-15 01:31:46.980,1113.418611111111
Pulse experiments,pioreactor01,2026-08-14T19:46:51.982Z,-4.123632e-05,2026-08-15 01:31:51.982,1113.42
Pulse experiments,pioreactor01,2026-08-14T19:46:56.981Z,-7.0269745e-05,2026-08-15 01:31:56.981,1113.421388888889
Pulse experiments,pioreactor01,2026-08-14T19:47:01.982Z,-9.1491953e-05,2026-08-15 01:32:01.982,1113.422777777778
Pulse experiments,pioreactor01,2026-08-14T19:47:06.982Z,-7.8902444e-05,2026-08-15 01:32:06.982,1113.424166666667
Pulse experiments,pioreactor01,2026-08-14T19:47:11.982Z,-5.4914998e-05,2026-08-15 01:32:11.982,1113.425555555556
Pulse experiments,pioreactor01,2026-08-14T19:47:16.981Z,-5.3943461e-05,2026-08-15 01:32:16.981,1113.426944444444
Pulse experiments,pioreactor01,2026-08-14T19:47:21.982Z,-5.9083516e-05,2026-08-15 01:32:21.982,1113.428333333333
Pulse experiments,pioreactor01,2026-08-14T19:47:26.983Z,-8.2437906e-05,2026-08-15 01:32:26.983,1113.429722222222
Pulse experiments,pioreactor01,2026-08-14T19:47:31.984Z,-0.000144466008,2026-08-15 01:32:31.984,1113.431111111111
Pulse experiments,pioreactor01,2026-08-14T19:47:36.982Z,-0.000204563898,2026-08-15 01:32:36.982,1113.4325
Pulse experiments,pioreactor01,2026-08-14T19:47:41.982Z,-0.000250147946,2026-08-15 01:32:41.982,1113.433888888889
Pulse experiments,pioreactor01,2026-08-14T19:47:46.982Z,-0.000281615052,2026-08-15 01:32:46.982,1113.435277777778
Pulse experiments,pioreactor01,2026-08-14T19:47:51.982Z,-0.000265781195,2026-08-15 01:32:51.982,1113.436666666667
Pulse experiments,pioreactor01,2026-08-14T19:47:56.981Z,-0.000316148506,2026-08-15 01:32:56.981,1113.438055555556
Pulse experiments,pioreactor01,2026-08-14T19:48:01.984Z,-0.000292731871,2026-08-15 01:33:01.984,1113.439444444444
Pulse experiments,pioreactor01,2026-08-14T19:48:06.981Z,-0.000267730836,2026-08-15 01:33:06.981,1113.440833333333
Pulse experiments,pioreactor01,2026-08-14T19:48:11.980Z,-0.000248383667,2026-08-15 01:33:11.980,1113.442222222222
Pulse experiments,pioreactor01,2026-08-14T19:48:16.985Z,-0.000233059468,2026-08-15 01:33:16.985,1113.443611111111
Pulse experiments,pioreactor01,2026-08-14T19:48:21.983Z,-0.000222521677,2026-08-15 01:33:21.983,1113.445
Pulse experiments,pioreactor01,2026-08-14T19:48:31.982Z,-0.000282396796,2026-08-15 01:33:31.982,1113.447777777778
Pulse experiments,pioreactor01,2026-08-14T19:48:36.983Z,-0.000369481388,2026-08-15 01:33:36.983,1113.449166666667
Pulse experiments,pioreactor01,2026-08-14T19:48:41.982Z,-0.000478409049,2026-08-15 01:33:41.982,1113.450555555556
Pulse experiments,pioreactor01,2026-08-14T19:48:46.981Z,-0.000649915595,2026-08-15 01:33:46.981,1113.451944444445
Pulse experiments,pioreactor01,2026-08-14T19:48:51.983Z,-0.000737550047,2026-08-15 01:33:51.983,1113.453333333333
Pulse experiments,pioreactor01,2026-08-14T19:48:56.984Z,-0.000891674516,2026-08-15 01:33:56.984,1113.454722222222
Pulse experiments,pioreactor01,2026-08-14T19:49:01.985Z,-0.001060720619,2026-08-15 01:34:01.985,1113.456111111111
Pulse experiments,pioreactor01,2026-08-14T19:49:06.981Z,-0.001171832286,2026-08-15 01:34:06.981,1113.4575
Pulse experiments,pioreactor01,2026-08-14T19:49:11.984Z,-0.001319119544,2026-08-15 01:34:11.984,1113.458888888889
Pulse experiments,pioreactor01,2026-08-14T19:49:16.981Z,-0.001453587917,2026-08-15 01:34:16.981,1113.460277777778
Pulse experiments,pioreactor01,2026-08-14T19:49:21.982Z,-0.001616807573,2026-08-15 01:34:21.982,1113.461666666667
Pulse experiments,pioreactor01,2026-08-14T19:49:26.982Z,-0.00160206237,2026-08-15 01:34:26.982,1113.463055555555
Pulse experiments,pioreactor01,2026-08-14T19:49:31.982Z,-0.001806538583,2026-08-15 01:34:31.982,1113.464444444445
Pulse experiments,pioreactor01,2026-08-14T19:49:36.985Z,-0.001853517285,2026-08-15 01:34:36.985,1113.465833333333
Pulse experiments,pioreactor01,2026-08-14T19:49:41.981Z,-0.001929132561,2026-08-15 01:34:41.981,1113.467222222222
Pulse experiments,pioreactor01,2026-08-14T19:49:46.985Z,-0.002102100232,2026-08-15 01:34:46.985,1113.468611111111
Pulse experiments,pioreactor01,2026-08-14T19:49:51.981Z,-0.002305012869,2026-08-15 01:34:51.981,1113.47
Pulse experiments,pioreactor01,2026-08-14T19:49:56.981Z,-0.002640726868,2026-08-15 01:34:56.981,1113.471388888889
Pulse experiments,pioreactor01,2026-08-14T19:50:01.981Z,-0.002733941189,2026-08-15 01:35:01.981,1113.472777777778
Pulse experiments,pioreactor01,2026-08-14T19:50:06.981Z,-0.002810834018,2026-08-15 01:35:06.981,1113.474166666667
Pulse experiments,pioreactor01,2026-08-14T19:50:11.982Z,-0.002865595927,2026-08-15 01:35:11.982,1113.475555555556
Pulse experiments,pioreactor01,2026-08-14T19:50:16.982Z,-0.003120247462,2026-08-15 01:35:16.982,1113.476944444444
Pulse experiments,pioreactor01,2026-08-14T19:50:21.981Z,-0.003066971096,2026-08-15 01:35:21.981,1113.478333333333
Pulse experiments,pioreactor01,2026-08-14T19:50:26.981Z,-0.002933299002,2026-08-15 01:35:26.981,1113.479722222222
Pulse experiments,pioreactor01,2026-08-14T19:50:31.982Z,-0.002822278668,2026-08-15 01:35:31.982,1113.481111111111
Pulse experiments,pioreactor01,2026-08-14T19:50:36.982Z,-0.002767655396,2026-08-15 01:35:36.982,1113.4825
Pulse experiments,pioreactor01,2026-08-14T19:50:41.983Z,-0.002747557034,2026-08-15 01:35:41.983,1113.483888888889
Pulse experiments,pioreactor01,2026-08-14T19:50:51.982Z,-0.002474033413,2026-08-15 01:35:51.982,1113.486666666667
Pulse experiments,pioreactor01,2026-08-14T19:50:56.981Z,-0.002107932186,2026-08-15 01:35:56.981,1113.488055555556
Pulse experiments,pioreactor01,2026-08-14T19:51:01.981Z,-0.00187968042,2026-08-15 01:36:01.981,1113.489444444444
Pulse experiments,pioreactor01,2026-08-14T19:51:06.982Z,-0.00177602484,2026-08-15 01:36:06.982,1113.490833333333
Pulse experiments,pioreactor01,2026-08-14T19:51:11.981Z,-0.001489635626,2026-08-15 01:36:11.981,1113.492222222222
Pulse experiments,pioreactor01,2026-08-14T19:51:21.983Z,-0.000872921472,2026-08-15 01:36:21.983,1113.495
Pulse experiments,pioreactor01,2026-08-14T19:51:26.983Z,-0.000336862322,2026-08-15 01:36:26.983,1113.496388888889
Pulse experiments,pioreactor01,2026-08-14T19:51:31.981Z,9.8532908e-05,2026-08-15 01:36:31.981,1113.497777777778
Pulse experiments,pioreactor01,2026-08-14T19:51:41.983Z,0.000468151917,2026-08-15 01:36:41.983,1113.500555555556
Pulse experiments,pioreactor01,2026-08-14T19:51:46.983Z,0.000735735379,2026-08-15 01:36:46.983,1113.501944444444
Pulse experiments,pioreactor01,2026-08-14T19:51:51.983Z,0.001037111184,2026-08-15 01:36:51.983,1113.503333333333
Pulse experiments,pioreactor01,2026-08-14T19:51:56.985Z,0.00170850594,2026-08-15 01:36:56.985,1113.504722222222
Pulse experiments,pioreactor01,2026-08-14T19:52:01.984Z,0.002212437456,2026-08-15 01:37:01.984,1113.506111111111
Pulse experiments,pioreactor01,2026-08-14T19:52:06.982Z,0.002755265438,2026-08-15 01:37:06.982,1113.5075
Pulse experiments,pioreactor01,2026-08-14T19:52:11.983Z,0.003311237577,2026-08-15 01:37:11.983,1113.508888888889
Pulse experiments,pioreactor01,2026-08-14T19:52:16.983Z,0.0038165337,2026-08-15 01:37:16.983,1113.510277777778
Pulse experiments,pioreactor01,2026-08-14T19:52:21.983Z,0.004358642251,2026-08-15 01:37:21.983,1113.511666666667
Pulse experiments,pioreactor01,2026-08-14T19:52:26.985Z,0.005037437906,2026-08-15 01:37:26.985,1113.513055555556
Pulse experiments,pioreactor01,2026-08-14T19:52:31.982Z,0.005729555413,2026-08-15 01:37:31.982,1113.514444444445
Pulse experiments,pioreactor01,2026-08-14T19:52:36.981Z,0.006470130118,2026-08-15 01:37:36.981,1113.515833333333
Pulse experiments,pioreactor01,2026-08-14T19:52:41.981Z,0.007070785032,2026-08-15 01:37:41.981,1113.517222222222
Pulse experiments,pioreactor01,2026-08-14T19:52:46.985Z,0.007550077652,2026-08-15 01:37:46.985,1113.518611111111
Pulse experiments,pioreactor01,2026-08-14T19:52:51.980Z,0.007645715106,2026-08-15 01:37:51.980,1113.52
Pulse experiments,pioreactor01,2026-08-14T19:52:56.984Z,0.008185964636,2026-08-15 01:37:56.984,1113.521388888889
Pulse experiments,pioreactor01,2026-08-14T19:53:01.983Z,0.008980275814,2026-08-15 01:38:01.983,1113.522777777778
Pulse experiments,pioreactor01,2026-08-14T19:53:06.981Z,0.009880569411,2026-08-15 01:38:06.981,1113.524166666667
Pulse experiments,pioreactor01,2026-08-14T19:53:16.982Z,0.010824200794,2026-08-15 01:38:16.982,1113.526944444445
Pulse experiments,pioreactor01,2026-08-14T19:53:21.981Z,0.01181606823,2026-08-15 01:38:21.981,1113.528333333333
Pulse experiments,pioreactor01,2026-08-14T19:53:26.983Z,0.012627261241,2026-08-15 01:38:26.983,1113.529722222222
Pulse experiments,pioreactor01,2026-08-14T19:53:31.981Z,0.013390669022,2026-08-15 01:38:31.981,1113.531111111111
Pulse experiments,pioreactor01,2026-08-14T19:53:36.984Z,0.014168113389,2026-08-15 01:38:36.984,1113.5325
Pulse experiments,pioreactor01,2026-08-14T19:53:41.981Z,0.014787395095,2026-08-15 01:38:41.981,1113.533888888889
Pulse experiments,pioreactor01,2026-08-14T19:53:46.981Z,0.01528519898,2026-08-15 01:38:46.981,1113.535277777778
Pulse experiments,pioreactor01,2026-08-14T19:53:51.984Z,0.015930115191,2026-08-15 01:38:51.984,1113.536666666667
Pulse experiments,pioreactor01,2026-08-14T19:53:56.982Z,0.016262064897,2026-08-15 01:38:56.982,1113.538055555556
Pulse experiments,pioreactor01,2026-08-14T19:54:01.981Z,0.016610836657,2026-08-15 01:39:01.981,1113.539444444444
Pulse experiments,pioreactor01,2026-08-14T19:54:06.983Z,0.017090869387,2026-08-15 01:39:06.983,1113.540833333333
Pulse experiments,pioreactor01,2026-08-14T19:54:11.983Z,0.017624552859,2026-08-15 01:39:11.983,1113.542222222222
Pulse experiments,pioreactor01,2026-08-14T19:54:16.981Z,0.018029161714,2026-08-15 01:39:16.981,1113.543611111111
Pulse experiments,pioreactor01,2026-08-14T19:54:21.981Z,0.018541077953,2026-08-15 01:39:21.981,1113.545
Pulse experiments,pioreactor01,2026-08-14T19:54:31.981Z,0.019118434555,2026-08-15 01:39:31.981,1113.547777777778
Pulse experiments,pioreactor01,2026-08-14T19:54:36.982Z,0.019892192821,2026-08-15 01:39:36.982,1113.549166666667
Pulse experiments,pioreactor01,2026-08-14T19:54:46.984Z,0.020363316218,2026-08-15 01:39:46.984,1113.551944444444
Pulse experiments,pioreactor01,2026-08-14T19:54:51.981Z,0.021126269685,2026-08-15 01:39:51.981,1113.553333333333
Pulse experiments,pioreactor01,2026-08-14T19:55:01.983Z,0.021492587166,2026-08-15 01:40:01.983,1113.556111111111
Pulse experiments,pioreactor01,2026-08-14T19:55:06.983Z,0.021807106467,2026-08-15 01:40:06.983,1113.5575
Pulse experiments,pioreactor01,2026-08-14T19:55:11.982Z,0.022486084026,2026-08-15 01:40:11.982,1113.558888888889
Pulse experiments,pioreactor01,2026-08-14T19:55:16.983Z,0.022981818776,2026-08-15 01:40:16.983,1113.560277777778
Pulse experiments,pioreactor01,2026-08-14T19:55:21.983Z,0.023956703801,2026-08-15 01:40:21.983,1113.561666666667
Pulse experiments,pioreactor01,2026-08-14T19:55:31.981Z,0.024767599396,2026-08-15 01:40:31.981,1113.564444444444
Pulse experiments,pioreactor01,2026-08-14T19:55:36.984Z,0.025468996149,2026-08-15 01:40:36.984,1113.565833333333
Pulse experiments,pioreactor01,2026-08-14T19:55:41.982Z,0.026052627676,2026-08-15 01:40:41.982,1113.567222222222
Pulse experiments,pioreactor01,2026-08-14T19:55:46.982Z,0.026277067147,2026-08-15 01:40:46.982,1113.568611111111
Pulse experiments,pioreactor01,2026-08-14T19:55:51.981Z,0.026860759097,2026-08-15 01:40:51.981,1113.57
Pulse experiments,pioreactor01,2026-08-14T19:55:56.982Z,0.027409850518,2026-08-15 01:40:56.982,1113.571388888889
Pulse experiments,pioreactor01,2026-08-14T19:56:01.985Z,0.027996334708,2026-08-15 01:41:01.985,1113.572777777778
Pulse experiments,pioreactor01,2026-08-14T19:56:06.981Z,0.028704006374,2026-08-15 01:41:06.981,1113.574166666667
Pulse experiments,pioreactor01,2026-08-14T19:56:11.981Z,0.029182370543,2026-08-15 01:41:11.981,1113.575555555556
Pulse experiments,pioreactor01,2026-08-14T19:56:16.986Z,0.029596893699,2026-08-15 01:41:16.986,1113.576944444445
Pulse experiments,pioreactor01,2026-08-14T19:56:21.981Z,0.029800177601,2026-08-15 01:41:21.981,1113.578333333333
Pulse experiments,pioreactor01,2026-08-14T19:56:26.981Z,0.029877687201,2026-08-15 01:41:26.981,1113.579722222222
Pulse experiments,pioreactor01,2026-08-14T19:56:31.982Z,0.030421136676,2026-08-15 01:41:31.982,1113.581111111111
Pulse experiments,pioreactor01,2026-08-14T19:56:36.981Z,0.031009360272,2026-08-15 01:41:36.981,1113.5825
Pulse experiments,pioreactor01,2026-08-14T19:56:41.982Z,0.031508231227,2026-08-15 01:41:41.982,1113.583888888889
Pulse experiments,pioreactor01,2026-08-14T19:56:46.982Z,0.031913608548,2026-08-15 01:41:46.982,1113.585277777778
Pulse experiments,pioreactor01,2026-08-14T19:56:51.982Z,0.032401970143,2026-08-15 01:41:51.982,1113.586666666667
Pulse experiments,pioreactor01,2026-08-14T19:56:56.982Z,0.032996435534,2026-08-15 01:41:56.982,1113.588055555555
Pulse experiments,pioreactor01,2026-08-14T19:57:06.981Z,0.032824396964,2026-08-15 01:42:06.981,1113.590833333333
Pulse experiments,pioreactor01,2026-08-14T19:57:11.982Z,0.032900672872,2026-08-15 01:42:11.982,1113.592222222222
Pulse experiments,pioreactor01,2026-08-14T19:57:16.981Z,0.033026922969,2026-08-15 01:42:16.981,1113.593611111111
Pulse experiments,pioreactor01,2026-08-14T19:57:21.983Z,0.033298225835,2026-08-15 01:42:21.983,1113.595
Pulse experiments,pioreactor01,2026-08-14T19:57:26.983Z,0.033525932342,2026-08-15 01:42:26.983,1113.596388888889
Pulse experiments,pioreactor01,2026-08-14T19:57:31.982Z,0.033764820381,2026-08-15 01:42:31.982,1113.597777777778
Pulse experiments,pioreactor01,2026-08-14T19:57:36.981Z,0.033861440753,2026-08-15 01:42:36.981,1113.599166666667
Pulse experiments,pioreactor01,2026-08-14T19:57:41.981Z,0.03389957888,2026-08-15 01:42:41.981,1113.600555555556
Pulse experiments,pioreactor01,2026-08-14T19:57:46.983Z,0.03382641001,2026-08-15 01:42:46.983,1113.601944444444
Pulse experiments,pioreactor01,2026-08-14T19:57:51.982Z,0.033563103933,2026-08-15 01:42:51.982,1113.603333333333
Pulse experiments,pioreactor01,2026-08-14T19:57:56.981Z,0.033255098736,2026-08-15 01:42:56.981,1113.604722222222
Pulse experiments,pioreactor01,2026-08-14T19:58:01.984Z,0.033134312136,2026-08-15 01:43:01.984,1113.606111111111
Pulse experiments,pioreactor01,2026-08-14T19:58:06.983Z,0.033225826137,2026-08-15 01:43:06.983,1113.6075
Pulse experiments,pioreactor01,2026-08-14T19:58:11.981Z,0.032972028611,2026-08-15 01:43:11.981,1113.608888888889
Pulse experiments,pioreactor01,2026-08-14T19:58:16.981Z,0.033060884056,2026-08-15 01:43:16.981,1113.610277777778
Pulse experiments,pioreactor01,2026-08-14T19:58:21.984Z,0.033212080956,2026-08-15 01:43:21.984,1113.611666666667
Pulse experiments,pioreactor01,2026-08-14T19:58:26.982Z,0.033267889683,2026-08-15 01:43:26.982,1113.613055555556
Pulse experiments,pioreactor01,2026-08-14T19:58:31.982Z,0.033297975934,2026-08-15 01:43:31.982,1113.614444444444
Pulse experiments,pioreactor01,2026-08-14T19:58:36.983Z,0.03329759411,2026-08-15 01:43:36.983,1113.615833333333
Pulse experiments,pioreactor01,2026-08-14T19:58:41.983Z,0.033245010888,2026-08-15 01:43:41.983,1113.617222222222
Pulse experiments,pioreactor01,2026-08-14T19:58:46.983Z,0.033172231085,2026-08-15 01:43:46.983,1113.618611111111
Pulse experiments,pioreactor01,2026-08-14T19:58:51.984Z,0.033160269409,2026-08-15 01:43:51.984,1113.62
Pulse experiments,pioreactor01,2026-08-14T19:58:56.983Z,0.033056555368,2026-08-15 01:43:56.983,1113.621388888889
Pulse experiments,pioreactor01,2026-08-14T19:59:01.981Z,0.032962958659,2026-08-15 01:44:01.981,1113.622777777778
Pulse experiments,pioreactor01,2026-08-14T19:59:06.981Z,0.032638095992,2026-08-15 01:44:06.981,1113.624166666667
Pulse experiments,pioreactor01,2026-08-14T19:59:11.981Z,0.032619496052,2026-08-15 01:44:11.981,1113.625555555556
Pulse experiments,pioreactor01,2026-08-14T19:59:16.985Z,0.032501467089,2026-08-15 01:44:16.985,1113.626944444444
Pulse experiments,pioreactor01,2026-08-14T19:59:21.984Z,0.03235269133,2026-08-15 01:44:21.984,1113.628333333333
Pulse experiments,pioreactor01,2026-08-14T19:59:26.982Z,0.032302802068,2026-08-15 01:44:26.982,1113.629722222222
Pulse experiments,pioreactor01,2026-08-14T19:59:31.981Z,0.032349306129,2026-08-15 01:44:31.981,1113.631111111111
Pulse experiments,pioreactor01,2026-08-14T19:59:36.983Z,0.032278642334,2026-08-15 01:44:36.983,1113.6325
Pulse experiments,pioreactor01,2026-08-14T19:59:41.985Z,0.032026815982,2026-08-15 01:44:41.985,1113.633888888889
Pulse experiments,pioreactor01,2026-08-14T19:59:46.983Z,0.031984935921,2026-08-15 01:44:46.983,1113.635277777778
Pulse experiments,pioreactor01,2026-08-14T19:59:51.981Z,0.031879283985,2026-08-15 01:44:51.981,1113.636666666667
Pulse experiments,pioreactor01,2026-08-14T19:59:56.981Z,0.031628413052,2026-08-15 01:44:56.981,1113.638055555556
Pulse experiments,pioreactor01,2026-08-14T20:00:01.981Z,0.031308219777,2026-08-15 01:45:01.981,1113.639444444445
Pulse experiments,pioreactor01,2026-08-14T20:00:06.981Z,0.031143165314,2026-08-15 01:45:06.981,1113.640833333333
Pulse experiments,pioreactor01,2026-08-14T20:00:11.981Z,0.030869242468,2026-08-15 01:45:11.981,1113.642222222222
Pulse experiments,pioreactor01,2026-08-14T20:00:16.981Z,0.030791468315,2026-08-15 01:45:16.981,1113.643611111111
Pulse experiments,pioreactor01,2026-08-14T20:00:21.982Z,0.030809215173,2026-08-15 01:45:21.982,1113.645
Pulse experiments,pioreactor01,2026-08-14T20:00:26.983Z,0.030750080785,2026-08-15 01:45:26.983,1113.646388888889
Pulse experiments,pioreactor01,2026-08-14T20:00:31.980Z,0.030782968075,2026-08-15 01:45:31.980,1113.647777777778
Pulse experiments,pioreactor01,2026-08-14T20:00:36.982Z,0.030757599888,2026-08-15 01:45:36.982,1113.649166666667
Pulse experiments,pioreactor01,2026-08-14T20:00:41.986Z,0.030666689032,2026-08-15 01:45:41.986,1113.650555555555
Pulse experiments,pioreactor01,2026-08-14T20:00:46.981Z,0.030571665778,2026-08-15 01:45:46.981,1113.651944444445
Pulse experiments,pioreactor01,2026-08-14T20:00:56.981Z,0.030192694323,2026-08-15 01:45:56.981,1113.654722222222
Pulse experiments,pioreactor01,2026-08-14T20:01:01.982Z,0.029844984583,2026-08-15 01:46:01.982,1113.656111111111
Pulse experiments,pioreactor01,2026-08-14T20:01:06.984Z,0.029593111595,2026-08-15 01:46:06.984,1113.6575
Pulse experiments,pioreactor01,2026-08-14T20:01:11.981Z,0.029556958219,2026-08-15 01:46:11.981,1113.658888888889
Pulse experiments,pioreactor01,2026-08-14T20:01:16.982Z,0.029032068451,2026-08-15 01:46:16.982,1113.660277777778
Pulse experiments,pioreactor01,2026-08-14T20:01:21.983Z,0.028673881677,2026-08-15 01:46:21.983,1113.661666666667
Pulse experiments,pioreactor01,2026-08-14T20:01:26.981Z,0.028388579893,2026-08-15 01:46:26.981,1113.663055555556
Pulse experiments,pioreactor01,2026-08-14T20:01:31.980Z,0.028006460534,2026-08-15 01:46:31.980,1113.664444444444
Pulse experiments,pioreactor01,2026-08-14T20:01:36.984Z,0.027675400675,2026-08-15 01:46:36.984,1113.665833333333
Pulse experiments,pioreactor01,2026-08-14T20:01:41.983Z,0.027065042065,2026-08-15 01:46:41.983,1113.667222222222
Pulse experiments,pioreactor01,2026-08-14T20:01:46.980Z,0.026606598258,2026-08-15 01:46:46.980,1113.668611111111
Pulse experiments,pioreactor01,2026-08-14T20:01:51.982Z,0.026270065086,2026-08-15 01:46:51.982,1113.67
Pulse experiments,pioreactor01,2026-08-14T20:01:56.981Z,0.02590709696,2026-08-15 01:46:56.981,1113.671388888889
Pulse experiments,pioreactor01,2026-08-14T20:02:01.984Z,0.025675215942,2026-08-15 01:47:01.984,1113.672777777778
Pulse experiments,pioreactor01,2026-08-14T20:02:06.983Z,0.025606768875,2026-08-15 01:47:06.983,1113.674166666667
Pulse experiments,pioreactor01,2026-08-14T20:02:11.984Z,0.025361407857,2026-08-15 01:47:11.984,1113.675555555556
Pulse experiments,pioreactor01,2026-08-14T20:02:16.986Z,0.025254025017,2026-08-15 01:47:16.986,1113.676944444444
Pulse experiments,pioreactor01,2026-08-14T20:02:21.983Z,0.025168187284,2026-08-15 01:47:21.983,1113.678333333333
Pulse experiments,pioreactor01,2026-08-14T20:02:26.983Z,0.025041293126,2026-08-15 01:47:26.983,1113.679722222222
Pulse experiments,pioreactor01,2026-08-14T20:02:31.982Z,0.024788342228,2026-08-15 01:47:31.982,1113.681111111111
Pulse experiments,pioreactor01,2026-08-14T20:02:36.982Z,0.024508110438,2026-08-15 01:47:36.982,1113.6825
Pulse experiments,pioreactor01,2026-08-14T20:02:41.982Z,0.024233140204,2026-08-15 01:47:41.982,1113.683888888889
Pulse experiments,pioreactor01,2026-08-14T20:02:46.983Z,0.024164702298,2026-08-15 01:47:46.983,1113.685277777778
Pulse experiments,pioreactor01,2026-08-14T20:02:51.984Z,0.023946822518,2026-08-15 01:47:51.984,1113.686666666667
Pulse experiments,pioreactor01,2026-08-14T20:02:56.983Z,0.023753927007,2026-08-15 01:47:56.983,1113.688055555556
Pulse experiments,pioreactor01,2026-08-14T20:03:01.984Z,0.023631041855,2026-08-15 01:48:01.984,1113.689444444444
Pulse experiments,pioreactor01,2026-08-14T20:03:06.981Z,0.023664642826,2026-08-15 01:48:06.981,1113.690833333333
Pulse experiments,pioreactor01,2026-08-14T20:03:11.982Z,0.023723280451,2026-08-15 01:48:11.982,1113.692222222222
Pulse experiments,pioreactor01,2026-08-14T20:03:16.982Z,0.02370370446,2026-08-15 01:48:16.982,1113.693611111111
Pulse experiments,pioreactor01,2026-08-14T20:03:26.982Z,0.023412981558,2026-08-15 01:48:26.982,1113.696388888889
Pulse experiments,pioreactor01,2026-08-14T20:03:31.985Z,0.023258770429,2026-08-15 01:48:31.985,1113.697777777778
Pulse experiments,pioreactor01,2026-08-14T20:03:36.982Z,0.023100124179,2026-08-15 01:48:36.982,1113.699166666667
Pulse experiments,pioreactor01,2026-08-14T20:03:41.982Z,0.022972760426,2026-08-15 01:48:41.982,1113.700555555556
Pulse experiments,pioreactor01,2026-08-14T20:03:46.980Z,0.022852764826,2026-08-15 01:48:46.980,1113.701944444445
Pulse experiments,pioreactor01,2026-08-14T20:03:51.982Z,0.022663196888,2026-08-15 01:48:51.982,1113.703333333333
Pulse experiments,pioreactor01,2026-08-14T20:03:56.981Z,0.022544390729,2026-08-15 01:48:56.981,1113.704722222222
Pulse experiments,pioreactor01,2026-08-14T20:04:01.984Z,0.022459391721,2026-08-15 01:49:01.984,1113.706111111111
Pulse experiments,pioreactor01,2026-08-14T20:04:06.985Z,0.022380716975,2026-08-15 01:49:06.985,1113.7075
Pulse experiments,pioreactor01,2026-08-14T20:04:11.983Z,0.022342109725,2026-08-15 01:49:11.983,1113.708888888889
Pulse experiments,pioreactor01,2026-08-14T20:04:16.982Z,0.022081219281,2026-08-15 01:49:16.982,1113.710277777778
Pulse experiments,pioreactor01,2026-08-14T20:04:21.981Z,0.021987379148,2026-08-15 01:49:21.981,1113.711666666667
Pulse experiments,pioreactor01,2026-08-14T20:04:26.982Z,0.021791097102,2026-08-15 01:49:26.982,1113.713055555555
Pulse experiments,pioreactor01,2026-08-14T20:04:36.981Z,0.021726358627,2026-08-15 01:49:36.981,1113.715833333333
Pulse experiments,pioreactor01,2026-08-14T20:04:41.982Z,0.021689149478,2026-08-15 01:49:41.982,1113.717222222222
Pulse experiments,pioreactor01,2026-08-14T20:04:46.983Z,0.021671014288,2026-08-15 01:49:46.983,1113.718611111111
Pulse experiments,pioreactor01,2026-08-14T20:04:51.983Z,0.021500266627,2026-08-15 01:49:51.983,1113.72
Pulse experiments,pioreactor01,2026-08-14T20:04:56.983Z,0.021445483716,2026-08-15 01:49:56.983,1113.721388888889
Pulse experiments,pioreactor01,2026-08-14T20:05:01.982Z,0.021234507242,2026-08-15 01:50:01.982,1113.722777777778
Pulse experiments,pioreactor01,2026-08-14T20:05:06.983Z,0.020943471435,2026-08-15 01:50:06.983,1113.724166666667
Pulse experiments,pioreactor01,2026-08-14T20:05:16.981Z,0.020757057332,2026-08-15 01:50:16.981,1113.726944444444
Pulse experiments,pioreactor01,2026-08-14T20:05:21.983Z,0.020551006967,2026-08-15 01:50:21.983,1113.728333333333
Pulse experiments,pioreactor01,2026-08-14T20:05:26.981Z,0.020366068929,2026-08-15 01:50:26.981,1113.729722222222
Pulse experiments,pioreactor01,2026-08-14T20:05:31.982Z,0.020283664647,2026-08-15 01:50:31.982,1113.731111111111
Pulse experiments,pioreactor01,2026-08-14T20:05:36.982Z,0.020301845881,2026-08-15 01:50:36.982,1113.7325
Pulse experiments,pioreactor01,2026-08-14T20:05:41.983Z,0.020289616195,2026-08-15 01:50:41.983,1113.733888888889
Pulse experiments,pioreactor01,2026-08-14T20:05:46.983Z,0.020273304174,2026-08-15 01:50:46.983,1113.735277777778
Pulse experiments,pioreactor01,2026-08-14T20:05:51.983Z,0.020293624223,2026-08-15 01:50:51.983,1113.736666666667
Pulse experiments,pioreactor01,2026-08-14T20:05:56.982Z,0.020087885145,2026-08-15 01:50:56.982,1113.738055555556
Pulse experiments,pioreactor01,2026-08-14T20:06:01.981Z,0.019849547446,2026-08-15 01:51:01.981,1113.739444444444
Pulse experiments,pioreactor01,2026-08-14T20:06:06.983Z,0.019650956577,2026-08-15 01:51:06.983,1113.740833333333
Pulse experiments,pioreactor01,2026-08-14T20:06:11.982Z,0.019472009228,2026-08-15 01:51:11.982,1113.742222222222
Pulse experiments,pioreactor01,2026-08-14T20:06:16.982Z,0.019345288261,2026-08-15 01:51:16.982,1113.743611111111
Pulse experiments,pioreactor01,2026-08-14T20:06:21.982Z,0.019376790811,2026-08-15 01:51:21.982,1113.745
Pulse experiments,pioreactor01,2026-08-14T20:06:26.983Z,0.019255082663,2026-08-15 01:51:26.983,1113.746388888889
Pulse experiments,pioreactor01,2026-08-14T20:06:31.982Z,0.019107231701,2026-08-15 01:51:31.982,1113.747777777778
Pulse experiments,pioreactor01,2026-08-14T20:06:36.985Z,0.018964825707,2026-08-15 01:51:36.985,1113.749166666667
Pulse experiments,pioreactor01,2026-08-14T20:06:41.982Z,0.0188508296,2026-08-15 01:51:41.982,1113.750555555556
Pulse experiments,pioreactor01,2026-08-14T20:06:46.982Z,0.018881945265,2026-08-15 01:51:46.982,1113.751944444444
Pulse experiments,pioreactor01,2026-08-14T20:06:51.983Z,0.019045870234,2026-08-15 01:51:51.983,1113.753333333333
Pulse experiments,pioreactor01,2026-08-14T20:06:56.982Z,0.019134796036,2026-08-15 01:51:56.982,1113.754722222222
Pulse experiments,pioreactor01,2026-08-14T20:07:01.984Z,0.019212708329,2026-08-15 01:52:01.984,1113.756111111111
Pulse experiments,pioreactor01,2026-08-14T20:07:06.982Z,0.019328811273,2026-08-15 01:52:06.982,1113.7575
Pulse experiments,pioreactor01,2026-08-14T20:07:11.984Z,0.019382419434,2026-08-15 01:52:11.984,1113.758888888889
Pulse experiments,pioreactor01,2026-08-14T20:07:16.983Z,0.019472289121,2026-08-15 01:52:16.983,1113.760277777778
Pulse experiments,pioreactor01,2026-08-14T20:07:21.982Z,0.019465065951,2026-08-15 01:52:21.982,1113.761666666667
Pulse experiments,pioreactor01,2026-08-14T20:07:26.982Z,0.019610665216,2026-08-15 01:52:26.982,1113.763055555556
Pulse experiments,pioreactor01,2026-08-14T20:07:31.984Z,0.019759197827,2026-08-15 01:52:31.984,1113.764444444445
Pulse experiments,pioreactor01,2026-08-14T20:07:36.981Z,0.019759521877,2026-08-15 01:52:36.981,1113.765833333333
Pulse experiments,pioreactor01,2026-08-14T20:07:41.982Z,0.019744874431,2026-08-15 01:52:41.982,1113.767222222222
Pulse experiments,pioreactor01,2026-08-14T20:07:46.984Z,0.01967632923,2026-08-15 01:52:46.984,1113.768611111111
Pulse experiments,pioreactor01,2026-08-14T20:07:51.983Z,0.019696247245,2026-08-15 01:52:51.983,1113.77
Pulse experiments,pioreactor01,2026-08-14T20:07:56.980Z,0.019729741217,2026-08-15 01:52:56.980,1113.771388888889
Pulse experiments,pioreactor01,2026-08-14T20:08:01.982Z,0.019762373653,2026-08-15 01:53:01.982,1113.772777777778
Pulse experiments,pioreactor01,2026-08-14T20:08:06.983Z,0.019750205341,2026-08-15 01:53:06.983,1113.774166666667
Pulse experiments,pioreactor01,2026-08-14T20:08:11.982Z,0.019578378381,2026-08-15 01:53:11.982,1113.775555555555
Pulse experiments,pioreactor01,2026-08-14T20:08:16.981Z,0.01955526672,2026-08-15 01:53:16.981,1113.776944444445
Pulse experiments,pioreactor01,2026-08-14T20:08:21.985Z,0.019702717538,2026-08-15 01:53:21.985,1113.778333333333
Pulse experiments,pioreactor01,2026-08-14T20:08:26.982Z,0.019833142068,2026-08-15 01:53:26.982,1113.779722222222
Pulse experiments,pioreactor01,2026-08-14T20:08:31.985Z,0.019991094072,2026-08-15 01:53:31.985,1113.781111111111
Pulse experiments,pioreactor01,2026-08-14T20:08:36.983Z,0.020143261993,2026-08-15 01:53:36.983,1113.7825
Pulse experiments,pioreactor01,2026-08-14T20:08:46.982Z,0.020264191355,2026-08-15 01:53:46.982,1113.785277777778
Pulse experiments,pioreactor01,2026-08-14T20:08:51.982Z,0.020272589927,2026-08-15 01:53:51.982,1113.786666666667
Pulse experiments,pioreactor01,2026-08-14T20:08:56.982Z,0.020307366614,2026-08-15 01:53:56.982,1113.788055555556
Pulse experiments,pioreactor01,2026-08-14T20:09:01.981Z,0.020446403145,2026-08-15 01:54:01.981,1113.789444444444
Pulse experiments,pioreactor01,2026-08-14T20:09:06.983Z,0.020513614335,2026-08-15 01:54:06.983,1113.790833333333
Pulse experiments,pioreactor01,2026-08-14T20:09:11.981Z,0.020649876534,2026-08-15 01:54:11.981,1113.792222222222
Pulse experiments,pioreactor01,2026-08-14T20:09:16.982Z,0.020816579213,2026-08-15 01:54:16.982,1113.793611111111
Pulse experiments,pioreactor01,2026-08-14T20:09:21.982Z,0.020914041459,2026-08-15 01:54:21.982,1113.795
Pulse experiments,pioreactor01,2026-08-14T20:09:26.984Z,0.021181506415,2026-08-15 01:54:26.984,1113.796388888889
Pulse experiments,pioreactor01,2026-08-14T20:09:31.982Z,0.021384713942,2026-08-15 01:54:31.982,1113.797777777778
Pulse experiments,pioreactor01,2026-08-14T20:09:36.983Z,0.021497365745,2026-08-15 01:54:36.983,1113.799166666667
Pulse experiments,pioreactor01,2026-08-14T20:09:41.981Z,0.021604788987,2026-08-15 01:54:41.981,1113.800555555556
Pulse experiments,pioreactor01,2026-08-14T20:09:46.983Z,0.02156030155,2026-08-15 01:54:46.983,1113.801944444444
Pulse experiments,pioreactor01,2026-08-14T20:09:51.982Z,0.021749286792,2026-08-15 01:54:51.982,1113.803333333333
Pulse experiments,pioreactor01,2026-08-14T20:09:56.981Z,0.021899765934,2026-08-15 01:54:56.981,1113.804722222222
Pulse experiments,pioreactor01,2026-08-14T20:10:01.988Z,0.022111305036,2026-08-15 01:55:01.988,1113.806111111111
Pulse experiments,pioreactor01,2026-08-14T20:10:06.981Z,0.022376560472,2026-08-15 01:55:06.981,1113.8075
Pulse experiments,pioreactor01,2026-08-14T20:10:11.984Z,0.022491903987,2026-08-15 01:55:11.984,1113.808888888889
Pulse experiments,pioreactor01,2026-08-14T20:10:16.984Z,0.022641220165,2026-08-15 01:55:16.984,1113.810277777778
Pulse experiments,pioreactor01,2026-08-14T20:10:21.984Z,0.022691741758,2026-08-15 01:55:21.984,1113.811666666667
Pulse experiments,pioreactor01,2026-08-14T20:10:26.982Z,0.022811090881,2026-08-15 01:55:26.982,1113.813055555556
Pulse experiments,pioreactor01,2026-08-14T20:10:31.983Z,0.022913949631,2026-08-15 01:55:31.983,1113.814444444444
Pulse experiments,pioreactor01,2026-08-14T20:10:36.981Z,0.022992218642,2026-08-15 01:55:36.981,1113.815833333333
Pulse experiments,pioreactor01,2026-08-14T20:10:41.980Z,0.023104929793,2026-08-15 01:55:41.980,1113.817222222222
Pulse experiments,pioreactor01,2026-08-14T20:10:46.983Z,0.023180422698,2026-08-15 01:55:46.983,1113.818611111111
Pulse experiments,pioreactor01,2026-08-14T20:10:51.983Z,0.023332339042,2026-08-15 01:55:51.983,1113.82
Pulse experiments,pioreactor01,2026-08-14T20:10:56.980Z,0.023449734631,2026-08-15 01:55:56.980,1113.821388888889
Pulse experiments,pioreactor01,2026-08-14T20:11:01.983Z,0.023541448656,2026-08-15 01:56:01.983,1113.822777777778
Pulse experiments,pioreactor01,2026-08-14T20:11:06.981Z,0.02371557646,2026-08-15 01:56:06.981,1113.824166666667
Pulse experiments,pioreactor01,2026-08-14T20:11:11.983Z,0.023797863399,2026-08-15 01:56:11.983,1113.825555555556
Pulse experiments,pioreactor01,2026-08-14T20:11:16.983Z,0.024021343179,2026-08-15 01:56:16.983,1113.826944444445
Pulse experiments,pioreactor01,2026-08-14T20:11:21.981Z,0.024149396165,2026-08-15 01:56:21.981,1113.828333333333
Pulse experiments,pioreactor01,2026-08-14T20:11:26.981Z,0.024151251065,2026-08-15 01:56:26.981,1113.829722222222
Pulse experiments,pioreactor01,2026-08-14T20:11:31.983Z,0.024323352889,2026-08-15 01:56:31.983,1113.831111111111
Pulse experiments,pioreactor01,2026-08-14T20:11:36.982Z,0.024397347272,2026-08-15 01:56:36.982,1113.8325
Pulse experiments,pioreactor01,2026-08-14T20:11:41.981Z,0.024477174058,2026-08-15 01:56:41.981,1113.833888888889
Pulse experiments,pioreactor01,2026-08-14T20:11:46.983Z,0.024609557493,2026-08-15 01:56:46.983,1113.835277777778
Pulse experiments,pioreactor01,2026-08-14T20:11:51.983Z,0.024787805545,2026-08-15 01:56:51.983,1113.836666666667
Pulse experiments,pioreactor01,2026-08-14T20:11:56.982Z,0.024854285793,2026-08-15 01:56:56.982,1113.838055555555
Pulse experiments,pioreactor01,2026-08-14T20:12:01.981Z,0.024933730396,2026-08-15 01:57:01.981,1113.839444444445
Pulse experiments,pioreactor01,2026-08-14T20:12:06.982Z,0.025105273966,2026-08-15 01:57:06.982,1113.840833333333
Pulse experiments,pioreactor01,2026-08-14T20:12:11.981Z,0.02526237391,2026-08-15 01:57:11.981,1113.842222222222
Pulse experiments,pioreactor01,2026-08-14T20:12:16.981Z,0.025283065333,2026-08-15 01:57:16.981,1113.843611111111
Pulse experiments,pioreactor01,2026-08-14T20:12:26.982Z,0.025336284286,2026-08-15 01:57:26.982,1113.846388888889
Pulse experiments,pioreactor01,2026-08-14T20:12:31.981Z,0.025356843259,2026-08-15 01:57:31.981,1113.847777777778
Pulse experiments,pioreactor01,2026-08-14T20:12:36.981Z,0.025361297022,2026-08-15 01:57:36.981,1113.849166666667
Pulse experiments,pioreactor01,2026-08-14T20:12:41.983Z,0.025375957014,2026-08-15 01:57:41.983,1113.850555555556
Pulse experiments,pioreactor01,2026-08-14T20:12:46.982Z,0.025469260371,2026-08-15 01:57:46.982,1113.851944444444
Pulse experiments,pioreactor01,2026-08-14T20:12:51.981Z,0.025693448359,2026-08-15 01:57:51.981,1113.853333333333
Pulse experiments,pioreactor01,2026-08-14T20:12:56.981Z,0.025853267931,2026-08-15 01:57:56.981,1113.854722222222
Pulse experiments,pioreactor01,2026-08-14T20:13:01.981Z,0.02593820973,2026-08-15 01:58:01.981,1113.856111111111
Pulse experiments,pioreactor01,2026-08-14T20:13:06.982Z,0.026041488027,2026-08-15 01:58:06.982,1113.8575
Pulse experiments,pioreactor01,2026-08-14T20:13:11.983Z,0.026165751859,2026-08-15 01:58:11.983,1113.858888888889
Pulse experiments,pioreactor01,2026-08-14T20:13:16.981Z,0.026225336978,2026-08-15 01:58:16.981,1113.860277777778
Pulse experiments,pioreactor01,2026-08-14T20:13:21.982Z,0.026359092486,2026-08-15 01:58:21.982,1113.861666666667
Pulse experiments,pioreactor01,2026-08-14T20:13:26.982Z,0.02654621882,2026-08-15 01:58:26.982,1113.863055555556
Pulse experiments,pioreactor01,2026-08-14T20:13:31.982Z,0.026718049734,2026-08-15 01:58:31.982,1113.864444444444
Pulse experiments,pioreactor01,2026-08-14T20:13:36.982Z,0.026942665151,2026-08-15 01:58:36.982,1113.865833333333
Pulse experiments,pioreactor01,2026-08-14T20:13:41.982Z,0.027203377415,2026-08-15 01:58:41.982,1113.867222222222
Pulse experiments,pioreactor01,2026-08-14T20:13:46.981Z,0.027419194933,2026-08-15 01:58:46.981,1113.868611111111
Pulse experiments,pioreactor01,2026-08-14T20:13:51.983Z,0.027646232714,2026-08-15 01:58:51.983,1113.87
Pulse experiments,pioreactor01,2026-08-14T20:13:56.982Z,0.027840002121,2026-08-15 01:58:56.982,1113.871388888889
Pulse experiments,pioreactor01,2026-08-14T20:14:01.982Z,0.028027071934,2026-08-15 01:59:01.982,1113.872777777778
Pulse experiments,pioreactor01,2026-08-14T20:14:06.980Z,0.028228574571,2026-08-15 01:59:06.980,1113.874166666667
Pulse experiments,pioreactor01,2026-08-14T20:14:11.983Z,0.028658342515,2026-08-15 01:59:11.983,1113.875555555556
Pulse experiments,pioreactor01,2026-08-14T20:14:16.982Z,0.028870174201,2026-08-15 01:59:16.982,1113.876944444444
Pulse experiments,pioreactor01,2026-08-14T20:14:21.981Z,0.028984687891,2026-08-15 01:59:21.981,1113.878333333333
Pulse experiments,pioreactor01,2026-08-14T20:14:26.982Z,0.029216921997,2026-08-15 01:59:26.982,1113.879722222222
Pulse experiments,pioreactor01,2026-08-14T20:14:36.982Z,0.029404574599,2026-08-15 01:59:36.982,1113.8825
Pulse experiments,pioreactor01,2026-08-14T20:14:41.984Z,0.029819668977,2026-08-15 01:59:41.984,1113.883888888889
Pulse experiments,pioreactor01,2026-08-14T20:14:46.981Z,0.030195174621,2026-08-15 01:59:46.981,1113.885277777778
Pulse experiments,pioreactor01,2026-08-14T20:14:51.983Z,0.030490724601,2026-08-15 01:59:51.983,1113.886666666667
Pulse experiments,pioreactor01,2026-08-14T20:14:56.983Z,0.030814387524,2026-08-15 01:59:56.983,1113.888055555556
Pulse experiments,pioreactor01,2026-08-14T20:15:01.982Z,0.031158418447,2026-08-15 02:00:01.982,1113.889444444445
Pulse experiments,pioreactor01,2026-08-14T20:15:11.981Z,0.031444129616,2026-08-15 02:00:11.981,1113.892222222222
Pulse experiments,pioreactor01,2026-08-14T20:15:16.981Z,0.031755622909,2026-08-15 02:00:16.981,1113.893611111111
Pulse experiments,pioreactor01,2026-08-14T20:15:21.984Z,0.032134130478,2026-08-15 02:00:21.984,1113.895
Pulse experiments,pioreactor01,2026-08-14T20:15:26.981Z,0.032551773755,2026-08-15 02:00:26.981,1113.896388888889
Pulse experiments,pioreactor01,2026-08-14T20:15:31.982Z,0.0329874672,2026-08-15 02:00:31.982,1113.897777777778
Pulse experiments,pioreactor01,2026-08-14T20:15:36.982Z,0.03335750777,2026-08-15 02:00:36.982,1113.899166666667
Pulse experiments,pioreactor01,2026-08-14T20:15:41.983Z,0.033853161235,2026-08-15 02:00:41.983,1113.900555555555
Pulse experiments,pioreactor01,2026-08-14T20:15:46.983Z,0.034085911639,2026-08-15 02:00:46.983,1113.901944444445
Pulse experiments,pioreactor01,2026-08-14T20:15:51.981Z,0.034421712105,2026-08-15 02:00:51.981,1113.903333333333
Pulse experiments,pioreactor01,2026-08-14T20:15:56.981Z,0.034746662049,2026-08-15 02:00:56.981,1113.904722222222
Pulse experiments,pioreactor01,2026-08-14T20:16:01.982Z,0.035060633607,2026-08-15 02:01:01.982,1113.906111111111
Pulse experiments,pioreactor01,2026-08-14T20:16:06.981Z,0.035352214284,2026-08-15 02:01:06.981,1113.9075
Pulse experiments,pioreactor01,2026-08-14T20:16:11.983Z,0.035714992979,2026-08-15 02:01:11.983,1113.908888888889
Pulse experiments,pioreactor01,2026-08-14T20:16:16.984Z,0.035965758439,2026-08-15 02:01:16.984,1113.910277777778
Pulse experiments,pioreactor01,2026-08-14T20:16:26.982Z,0.036326134198,2026-08-15 02:01:26.982,1113.913055555556
Pulse experiments,pioreactor01,2026-08-14T20:16:31.982Z,0.036590889492,2026-08-15 02:01:31.982,1113.914444444444
Pulse experiments,pioreactor01,2026-08-14T20:16:41.981Z,0.036959752559,2026-08-15 02:01:41.981,1113.917222222222
Pulse experiments,pioreactor01,2026-08-14T20:16:46.981Z,0.037332922357,2026-08-15 02:01:46.981,1113.918611111111
Pulse experiments,pioreactor01,2026-08-14T20:16:51.984Z,0.037604550276,2026-08-15 02:01:51.984,1113.92
Pulse experiments,pioreactor01,2026-08-14T20:16:56.981Z,0.038017936969,2026-08-15 02:01:56.981,1113.921388888889
Pulse experiments,pioreactor01,2026-08-14T20:17:01.983Z,0.038375137156,2026-08-15 02:02:01.983,1113.922777777778
Pulse experiments,pioreactor01,2026-08-14T20:17:06.981Z,0.038596539218,2026-08-15 02:02:06.981,1113.924166666667
Pulse experiments,pioreactor01,2026-08-14T20:17:11.982Z,0.038818966364,2026-08-15 02:02:11.982,1113.925555555556
Pulse experiments,pioreactor01,2026-08-14T20:17:16.981Z,0.039129109515,2026-08-15 02:02:16.981,1113.926944444444
Pulse experiments,pioreactor01,2026-08-14T20:17:21.981Z,0.039397925201,2026-08-15 02:02:21.981,1113.928333333333
Pulse experiments,pioreactor01,2026-08-14T20:17:26.983Z,0.039636309002,2026-08-15 02:02:26.983,1113.929722222222
Pulse experiments,pioreactor01,2026-08-14T20:17:31.983Z,0.03988868905,2026-08-15 02:02:31.983,1113.931111111111
Pulse experiments,pioreactor01,2026-08-14T20:17:36.982Z,0.040150908278,2026-08-15 02:02:36.982,1113.9325
Pulse experiments,pioreactor01,2026-08-14T20:17:41.983Z,0.040477169837,2026-08-15 02:02:41.983,1113.933888888889
Pulse experiments,pioreactor01,2026-08-14T20:17:46.984Z,0.040689995873,2026-08-15 02:02:46.984,1113.935277777778
Pulse experiments,pioreactor01,2026-08-14T20:17:51.982Z,0.040886617972,2026-08-15 02:02:51.982,1113.936666666667
Pulse experiments,pioreactor01,2026-08-14T20:17:56.982Z,0.04114938176,2026-08-15 02:02:56.982,1113.938055555556
Pulse experiments,pioreactor01,2026-08-14T20:18:01.982Z,0.041406096721,2026-08-15 02:03:01.982,1113.939444444444
Pulse experiments,pioreactor01,2026-08-14T20:18:06.984Z,0.041577292708,2026-08-15 02:03:06.984,1113.940833333333
Pulse experiments,pioreactor01,2026-08-14T20:18:11.983Z,0.041749197569,2026-08-15 02:03:11.983,1113.942222222222
Pulse experiments,pioreactor01,2026-08-14T20:18:16.982Z,0.041885043569,2026-08-15 02:03:16.982,1113.943611111111
Pulse experiments,pioreactor01,2026-08-14T20:18:21.982Z,0.042063029891,2026-08-15 02:03:21.982,1113.945
Pulse experiments,pioreactor01,2026-08-14T20:18:26.981Z,0.042147907415,2026-08-15 02:03:26.981,1113.946388888889
Pulse experiments,pioreactor01,2026-08-14T20:18:31.982Z,0.042471308439,2026-08-15 02:03:31.982,1113.947777777778
Pulse experiments,pioreactor01,2026-08-14T20:18:36.982Z,0.042705299997,2026-08-15 02:03:36.982,1113.949166666667
Pulse experiments,pioreactor01,2026-08-14T20:18:41.983Z,0.042958589673,2026-08-15 02:03:41.983,1113.950555555556
Pulse experiments,pioreactor01,2026-08-14T20:18:46.981Z,0.043157351029,2026-08-15 02:03:46.981,1113.951944444445
Pulse experiments,pioreactor01,2026-08-14T20:18:51.984Z,0.043304909694,2026-08-15 02:03:51.984,1113.953333333333
Pulse experiments,pioreactor01,2026-08-14T20:18:56.981Z,0.043543315905,2026-08-15 02:03:56.981,1113.954722222222
Pulse experiments,pioreactor01,2026-08-14T20:19:01.983Z,0.043758357998,2026-08-15 02:04:01.983,1113.956111111111
Pulse experiments,pioreactor01,2026-08-14T20:19:06.981Z,0.043866476079,2026-08-15 02:04:06.981,1113.9575
Pulse experiments,pioreactor01,2026-08-14T20:19:11.982Z,0.044073132771,2026-08-15 02:04:11.982,1113.958888888889
Pulse experiments,pioreactor01,2026-08-14T20:19:16.983Z,0.044307263124,2026-08-15 02:04:16.983,1113.960277777778
Pulse experiments,pioreactor01,2026-08-14T20:19:21.982Z,0.044528097817,2026-08-15 02:04:21.982,1113.961666666667
Pulse experiments,pioreactor01,2026-08-14T20:19:26.981Z,0.044725333592,2026-08-15 02:04:26.981,1113.963055555555
Pulse experiments,pioreactor01,2026-08-14T20:19:31.980Z,0.044818923457,2026-08-15 02:04:31.980,1113.964444444445
Pulse experiments,pioreactor01,2026-08-14T20:19:36.983Z,0.045059686758,2026-08-15 02:04:36.983,1113.965833333333
Pulse experiments,pioreactor01,2026-08-14T20:19:41.982Z,0.0452113045,2026-08-15 02:04:41.982,1113.967222222222
Pulse experiments,pioreactor01,2026-08-14T20:19:46.983Z,0.045402210521,2026-08-15 02:04:46.983,1113.968611111111
Pulse experiments,pioreactor01,2026-08-14T20:19:51.983Z,0.045665078294,2026-08-15 02:04:51.983,1113.97
Pulse experiments,pioreactor01,2026-08-14T20:20:01.981Z,0.045898402429,2026-08-15 02:05:01.981,1113.972777777778
Pulse experiments,pioreactor01,2026-08-14T20:20:06.982Z,0.046191884275,2026-08-15 02:05:06.982,1113.974166666667
Pulse experiments,pioreactor01,2026-08-14T20:20:11.981Z,0.046503115144,2026-08-15 02:05:11.981,1113.975555555556
Pulse experiments,pioreactor01,2026-08-14T20:20:16.982Z,0.046779722622,2026-08-15 02:05:16.982,1113.976944444444
Pulse experiments,pioreactor01,2026-08-14T20:20:21.982Z,0.047038015027,2026-08-15 02:05:21.982,1113.978333333333
Pulse experiments,pioreactor01,2026-08-14T20:20:26.982Z,0.047278955322,2026-08-15 02:05:26.982,1113.979722222222
Pulse experiments,pioreactor01,2026-08-14T20:20:31.982Z,0.047456247486,2026-08-15 02:05:31.982,1113.981111111111
Pulse experiments,pioreactor01,2026-08-14T20:20:36.980Z,0.047716769751,2026-08-15 02:05:36.980,1113.9825
Pulse experiments,pioreactor01,2026-08-14T20:20:41.981Z,0.047901489942,2026-08-15 02:05:41.981,1113.983888888889
Pulse experiments,pioreactor01,2026-08-14T20:20:46.983Z,0.04811736389,2026-08-15 02:05:46.983,1113.985277777778
Pulse experiments,pioreactor01,2026-08-14T20:20:51.981Z,0.048303047307,2026-08-15 02:05:51.981,1113.986666666667
Pulse experiments,pioreactor01,2026-08-14T20:20:56.983Z,0.04849856724,2026-08-15 02:05:56.983,1113.988055555556
Pulse experiments,pioreactor01,2026-08-14T20:21:01.981Z,0.048683748145,2026-08-15 02:06:01.981,1113.989444444444
Pulse experiments,pioreactor01,2026-08-14T20:21:06.981Z,0.048927855334,2026-08-15 02:06:06.981,1113.990833333333
Pulse experiments,pioreactor01,2026-08-14T20:21:11.980Z,0.049098312344,2026-08-15 02:06:11.980,1113.992222222222
Pulse experiments,pioreactor01,2026-08-14T20:21:16.981Z,0.049304580364,2026-08-15 02:06:16.981,1113.993611111111
Pulse experiments,pioreactor01,2026-08-14T20:21:21.984Z,0.049498782977,2026-08-15 02:06:21.984,1113.995
Pulse experiments,pioreactor01,2026-08-14T20:21:26.981Z,0.049769045495,2026-08-15 02:06:26.981,1113.996388888889
Pulse experiments,pioreactor01,2026-08-14T20:21:36.983Z,0.050000920375,2026-08-15 02:06:36.983,1113.999166666667
Pulse experiments,pioreactor01,2026-08-14T20:21:41.982Z,0.0501923257,2026-08-15 02:06:41.982,1114.000555555556
Pulse experiments,pioreactor01,2026-08-14T20:21:46.981Z,0.05027052572,2026-08-15 02:06:46.981,1114.001944444444
Pulse experiments,pioreactor01,2026-08-14T20:21:51.986Z,0.050326904661,2026-08-15 02:06:51.986,1114.003333333333
Pulse experiments,pioreactor01,2026-08-14T20:21:56.981Z,0.050473681971,2026-08-15 02:06:56.981,1114.004722222222
Pulse experiments,pioreactor01,2026-08-14T20:22:01.983Z,0.050556310936,2026-08-15 02:07:01.983,1114.006111111111
Pulse experiments,pioreactor01,2026-08-14T20:22:06.982Z,0.050600090585,2026-08-15 02:07:06.982,1114.0075
Pulse experiments,pioreactor01,2026-08-14T20:22:11.982Z,0.050686835022,2026-08-15 02:07:11.982,1114.008888888889
Pulse experiments,pioreactor01,2026-08-14T20:22:16.981Z,0.050835716458,2026-08-15 02:07:16.981,1114.010277777778
Pulse experiments,pioreactor01,2026-08-14T20:22:21.982Z,0.050989133442,2026-08-15 02:07:21.982,1114.011666666667
Pulse experiments,pioreactor01,2026-08-14T20:22:26.983Z,0.05117772228,2026-08-15 02:07:26.983,1114.013055555556
Pulse experiments,pioreactor01,2026-08-14T20:22:31.984Z,0.051397529152,2026-08-15 02:07:31.984,1114.014444444445
Pulse experiments,pioreactor01,2026-08-14T20:22:36.982Z,0.051590972237,2026-08-15 02:07:36.982,1114.015833333333
Pulse experiments,pioreactor01,2026-08-14T20:22:41.981Z,0.051842255889,2026-08-15 02:07:41.981,1114.017222222222
Pulse experiments,pioreactor01,2026-08-14T20:22:46.983Z,0.052113446206,2026-08-15 02:07:46.983,1114.018611111111
Pulse experiments,pioreactor01,2026-08-14T20:22:51.982Z,0.052277710021,2026-08-15 02:07:51.982,1114.02
Pulse experiments,pioreactor01,2026-08-14T20:22:56.982Z,0.052506113054,2026-08-15 02:07:56.982,1114.021388888889
Pulse experiments,pioreactor01,2026-08-14T20:23:01.982Z,0.05282605441,2026-08-15 02:08:01.982,1114.022777777778
Pulse experiments,pioreactor01,2026-08-14T20:23:06.983Z,0.053050421866,2026-08-15 02:08:06.983,1114.024166666667
Pulse experiments,pioreactor01,2026-08-14T20:23:11.982Z,0.053337058571,2026-08-15 02:08:11.982,1114.025555555555
Pulse experiments,pioreactor01,2026-08-14T20:23:21.981Z,0.053590826414,2026-08-15 02:08:21.981,1114.028333333333
Pulse experiments,pioreactor01,2026-08-14T20:23:26.983Z,0.053789313232,2026-08-15 02:08:26.983,1114.029722222222
Pulse experiments,pioreactor01,2026-08-14T20:23:31.982Z,0.05402104761,2026-08-15 02:08:31.982,1114.031111111111
Pulse experiments,pioreactor01,2026-08-14T20:23:36.982Z,0.054282704421,2026-08-15 02:08:36.982,1114.0325
Pulse experiments,pioreactor01,2026-08-14T20:23:41.982Z,0.05451397739,2026-08-15 02:08:41.982,1114.033888888889
Pulse experiments,pioreactor01,2026-08-14T20:23:46.981Z,0.054760259823,2026-08-15 02:08:46.981,1114.035277777778
Pulse experiments,pioreactor01,2026-08-14T20:23:56.982Z,0.054998305453,2026-08-15 02:08:56.982,1114.038055555556
Pulse experiments,pioreactor01,2026-08-14T20:24:01.983Z,0.055218078439,2026-08-15 02:09:01.983,1114.039444444444
Pulse experiments,pioreactor01,2026-08-14T20:24:06.983Z,0.055323399712,2026-08-15 02:09:06.983,1114.040833333333
Pulse experiments,pioreactor01,2026-08-14T20:24:11.982Z,0.055449705279,2026-08-15 02:09:11.982,1114.042222222222
Pulse experiments,pioreactor01,2026-08-14T20:24:16.982Z,0.055559274406,2026-08-15 02:09:16.982,1114.043611111111
Pulse experiments,pioreactor01,2026-08-14T20:24:21.981Z,0.055718692098,2026-08-15 02:09:21.981,1114.045
Pulse experiments,pioreactor01,2026-08-14T20:24:26.983Z,0.055785978334,2026-08-15 02:09:26.983,1114.046388888889
Pulse experiments,pioreactor01,2026-08-14T20:24:31.985Z,0.055814805816,2026-08-15 02:09:31.985,1114.047777777778
Pulse experiments,pioreactor01,2026-08-14T20:24:36.982Z,0.055818393954,2026-08-15 02:09:36.982,1114.049166666667
Pulse experiments,pioreactor01,2026-08-14T20:24:41.983Z,0.055811896011,2026-08-15 02:09:41.983,1114.050555555556
Pulse experiments,pioreactor01,2026-08-14T20:24:46.981Z,0.055904825951,2026-08-15 02:09:46.981,1114.051944444444
Pulse experiments,pioreactor01,2026-08-14T20:24:51.983Z,0.055945213666,2026-08-15 02:09:51.983,1114.053333333333
Pulse experiments,pioreactor01,2026-08-14T20:24:56.983Z,0.05603178211,2026-08-15 02:09:56.983,1114.054722222222
Pulse experiments,pioreactor01,2026-08-14T20:25:06.982Z,0.056045945538,2026-08-15 02:10:06.982,1114.0575
Pulse experiments,pioreactor01,2026-08-14T20:25:11.983Z,0.056099307089,2026-08-15 02:10:11.983,1114.058888888889
Pulse experiments,pioreactor01,2026-08-14T20:25:16.981Z,0.056114093617,2026-08-15 02:10:16.981,1114.060277777778
Pulse experiments,pioreactor01,2026-08-14T20:25:21.982Z,0.05602767979,2026-08-15 02:10:21.982,1114.061666666667
Pulse experiments,pioreactor01,2026-08-14T20:25:26.984Z,0.056031325588,2026-08-15 02:10:26.984,1114.063055555556
Pulse experiments,pioreactor01,2026-08-14T20:25:31.984Z,0.056057624237,2026-08-15 02:10:31.984,1114.064444444444
Pulse experiments,pioreactor01,2026-08-14T20:25:36.981Z,0.056212309949,2026-08-15 02:10:36.981,1114.065833333333
Pulse experiments,pioreactor01,2026-08-14T20:25:41.984Z,0.05624112281,2026-08-15 02:10:41.984,1114.067222222222
Pulse experiments,pioreactor01,2026-08-14T20:25:51.982Z,0.056231788538,2026-08-15 02:10:51.982,1114.07
Pulse experiments,pioreactor01,2026-08-14T20:25:56.982Z,0.056301697472,2026-08-15 02:10:56.982,1114.071388888889
Pulse experiments,pioreactor01,2026-08-14T20:26:01.981Z,0.056299533051,2026-08-15 02:11:01.981,1114.072777777778
Pulse experiments,pioreactor01,2026-08-14T20:26:06.981Z,0.056263657549,2026-08-15 02:11:06.981,1114.074166666667
Pulse experiments,pioreactor01,2026-08-14T20:26:11.983Z,0.056202482655,2026-08-15 02:11:11.983,1114.075555555556
Pulse experiments,pioreactor01,2026-08-14T20:26:16.983Z,0.056281216047,2026-08-15 02:11:16.983,1114.076944444445
Pulse experiments,pioreactor01,2026-08-14T20:26:21.982Z,0.056276310873,2026-08-15 02:11:21.982,1114.078333333333
Pulse experiments,pioreactor01,2026-08-14T20:26:26.983Z,0.056339925289,2026-08-15 02:11:26.983,1114.079722222222
Pulse experiments,pioreactor01,2026-08-14T20:26:31.982Z,0.056315115329,2026-08-15 02:11:31.982,1114.081111111111
Pulse experiments,pioreactor01,2026-08-14T20:26:36.981Z,0.056355552751,2026-08-15 02:11:36.981,1114.0825
Pulse experiments,pioreactor01,2026-08-14T20:26:41.980Z,0.056328949065,2026-08-15 02:11:41.980,1114.083888888889
Pulse experiments,pioreactor01,2026-08-14T20:26:46.980Z,0.056235454237,2026-08-15 02:11:46.980,1114.085277777778
Pulse experiments,pioreactor01,2026-08-14T20:26:51.982Z,0.056199369857,2026-08-15 02:11:51.982,1114.086666666667
Pulse experiments,pioreactor01,2026-08-14T20:26:56.982Z,0.056116586741,2026-08-15 02:11:56.982,1114.088055555555
Pulse experiments,pioreactor01,2026-08-14T20:27:01.985Z,0.056082974551,2026-08-15 02:12:01.985,1114.089444444445
Pulse experiments,pioreactor01,2026-08-14T20:27:06.982Z,0.055982740544,2026-08-15 02:12:06.982,1114.090833333333
Pulse experiments,pioreactor01,2026-08-14T20:27:11.984Z,0.055944576055,2026-08-15 02:12:11.984,1114.092222222222
Pulse experiments,pioreactor01,2026-08-14T20:27:16.982Z,0.05596483547,2026-08-15 02:12:16.982,1114.093611111111
Pulse experiments,pioreactor01,2026-08-14T20:27:21.982Z,0.055970525879,2026-08-15 02:12:21.982,1114.095
Pulse experiments,pioreactor01,2026-08-14T20:27:26.984Z,0.0560026159,2026-08-15 02:12:26.984,1114.096388888889
Pulse experiments,pioreactor01,2026-08-14T20:27:31.982Z,0.055970147469,2026-08-15 02:12:31.982,1114.097777777778
Pulse experiments,pioreactor01,2026-08-14T20:27:36.984Z,0.055918046515,2026-08-15 02:12:36.984,1114.099166666667
Pulse experiments,pioreactor01,2026-08-14T20:27:41.982Z,0.05589265813,2026-08-15 02:12:41.982,1114.100555555556
Pulse experiments,pioreactor01,2026-08-14T20:27:46.982Z,0.055814408736,2026-08-15 02:12:46.982,1114.101944444444
Pulse experiments,pioreactor01,2026-08-14T20:27:51.982Z,0.055759998172,2026-08-15 02:12:51.982,1114.103333333333
Pulse experiments,pioreactor01,2026-08-14T20:27:56.983Z,0.055753493959,2026-08-15 02:12:56.983,1114.104722222222
Pulse experiments,pioreactor01,2026-08-14T20:28:01.982Z,0.05572307995,2026-08-15 02:13:01.982,1114.106111111111
Pulse experiments,pioreactor01,2026-08-14T20:28:06.987Z,0.055612212875,2026-08-15 02:13:06.987,1114.1075
Pulse experiments,pioreactor01,2026-08-14T20:28:11.985Z,0.055523155627,2026-08-15 02:13:11.985,1114.108888888889
Pulse experiments,pioreactor01,2026-08-14T20:28:16.983Z,0.055554468606,2026-08-15 02:13:16.983,1114.110277777778
Pulse experiments,pioreactor01,2026-08-14T20:28:21.982Z,0.055564544757,2026-08-15 02:13:21.982,1114.111666666667
Pulse experiments,pioreactor01,2026-08-14T20:28:26.981Z,0.055556395927,2026-08-15 02:13:26.981,1114.113055555556
Pulse experiments,pioreactor01,2026-08-14T20:28:31.982Z,0.055519409042,2026-08-15 02:13:31.982,1114.114444444444
Pulse experiments,pioreactor01,2026-08-14T20:28:36.982Z,0.055532741531,2026-08-15 02:13:36.982,1114.115833333333
Pulse experiments,pioreactor01,2026-08-14T20:28:41.982Z,0.055521338092,2026-08-15 02:13:41.982,1114.117222222222
Pulse experiments,pioreactor01,2026-08-14T20:28:46.982Z,0.055436843873,2026-08-15 02:13:46.982,1114.118611111111
Pulse experiments,pioreactor01,2026-08-14T20:28:51.982Z,0.055377659235,2026-08-15 02:13:51.982,1114.12
Pulse experiments,pioreactor01,2026-08-14T20:28:56.981Z,0.055337004638,2026-08-15 02:13:56.981,1114.121388888889
Pulse experiments,pioreactor01,2026-08-14T20:29:01.982Z,0.055265868632,2026-08-15 02:14:01.982,1114.122777777778
Pulse experiments,pioreactor01,2026-08-14T20:29:06.981Z,0.05529025797,2026-08-15 02:14:06.981,1114.124166666667
Pulse experiments,pioreactor01,2026-08-14T20:29:11.982Z,0.055245852865,2026-08-15 02:14:11.982,1114.125555555556
Pulse experiments,pioreactor01,2026-08-14T20:29:16.982Z,0.055232729851,2026-08-15 02:14:16.982,1114.126944444444
Pulse experiments,pioreactor01,2026-08-14T20:29:21.981Z,0.055235269993,2026-08-15 02:14:21.981,1114.128333333333
Pulse experiments,pioreactor01,2026-08-14T20:29:31.985Z,0.055304679217,2026-08-15 02:14:31.985,1114.131111111111
Pulse experiments,pioreactor01,2026-08-14T20:29:36.983Z,0.055355255445,2026-08-15 02:14:36.983,1114.1325
Pulse experiments,pioreactor01,2026-08-14T20:29:41.982Z,0.055354250475,2026-08-15 02:14:41.982,1114.133888888889
Pulse experiments,pioreactor01,2026-08-14T20:29:51.982Z,0.055277373765,2026-08-15 02:14:51.982,1114.136666666667
Pulse experiments,pioreactor01,2026-08-14T20:29:56.981Z,0.055314837878,2026-08-15 02:14:56.981,1114.138055555556
Pulse experiments,pioreactor01,2026-08-14T20:30:01.981Z,0.055210620882,2026-08-15 02:15:01.981,1114.139444444445
Pulse experiments,pioreactor01,2026-08-14T20:30:06.982Z,0.055214526923,2026-08-15 02:15:06.982,1114.140833333333
Pulse experiments,pioreactor01,2026-08-14T20:30:11.982Z,0.055136204177,2026-08-15 02:15:11.982,1114.142222222222
Pulse experiments,pioreactor01,2026-08-14T20:30:16.981Z,0.055108122313,2026-08-15 02:15:16.981,1114.143611111111
Pulse experiments,pioreactor01,2026-08-14T20:30:21.981Z,0.055023169702,2026-08-15 02:15:21.981,1114.145
Pulse experiments,pioreactor01,2026-08-14T20:30:26.985Z,0.055064296115,2026-08-15 02:15:26.985,1114.146388888889
Pulse experiments,pioreactor01,2026-08-14T20:30:31.981Z,0.05513047272,2026-08-15 02:15:31.981,1114.147777777778
Pulse experiments,pioreactor01,2026-08-14T20:30:36.981Z,0.055134371705,2026-08-15 02:15:36.981,1114.149166666667
Pulse experiments,pioreactor01,2026-08-14T20:30:41.983Z,0.055097519837,2026-08-15 02:15:41.983,1114.150555555555
Pulse experiments,pioreactor01,2026-08-14T20:30:46.981Z,0.055023510981,2026-08-15 02:15:46.981,1114.151944444445
Pulse experiments,pioreactor01,2026-08-14T20:30:51.984Z,0.054947430837,2026-08-15 02:15:51.984,1114.153333333333
Pulse experiments,pioreactor01,2026-08-14T20:30:56.983Z,0.054965181837,2026-08-15 02:15:56.983,1114.154722222222
Pulse experiments,pioreactor01,2026-08-14T20:31:01.982Z,0.055074758834,2026-08-15 02:16:01.982,1114.156111111111
Pulse experiments,pioreactor01,2026-08-14T20:31:11.983Z,0.055060087559,2026-08-15 02:16:11.983,1114.158888888889
Pulse experiments,pioreactor01,2026-08-14T20:31:16.984Z,0.054915543297,2026-08-15 02:16:16.984,1114.160277777778
Pulse experiments,pioreactor01,2026-08-14T20:31:21.982Z,0.054924704932,2026-08-15 02:16:21.982,1114.161666666667
Pulse experiments,pioreactor01,2026-08-14T20:31:26.982Z,0.054950283256,2026-08-15 02:16:26.982,1114.163055555556
Pulse experiments,pioreactor01,2026-08-14T20:31:31.983Z,0.054924357583,2026-08-15 02:16:31.983,1114.164444444444
Pulse experiments,pioreactor01,2026-08-14T20:31:36.981Z,0.054903129527,2026-08-15 02:16:36.981,1114.165833333333
Pulse experiments,pioreactor01,2026-08-14T20:31:41.984Z,0.054785150413,2026-08-15 02:16:41.984,1114.167222222222
Pulse experiments,pioreactor01,2026-08-14T20:31:46.982Z,0.054791537583,2026-08-15 02:16:46.982,1114.168611111111
Pulse experiments,pioreactor01,2026-08-14T20:31:51.983Z,0.054796502328,2026-08-15 02:16:51.983,1114.17
Pulse experiments,pioreactor01,2026-08-14T20:31:56.983Z,0.054795333958,2026-08-15 02:16:56.983,1114.171388888889
Pulse experiments,pioreactor01,2026-08-14T20:32:01.984Z,0.054753136608,2026-08-15 02:17:01.984,1114.172777777778
Pulse experiments,pioreactor01,2026-08-14T20:32:06.982Z,0.054697037647,2026-08-15 02:17:06.982,1114.174166666667
Pulse experiments,pioreactor01,2026-08-14T20:32:11.981Z,0.054697206144,2026-08-15 02:17:11.981,1114.175555555556
Pulse experiments,pioreactor01,2026-08-14T20:32:16.984Z,0.054711625054,2026-08-15 02:17:16.984,1114.176944444444
Pulse experiments,pioreactor01,2026-08-14T20:32:21.982Z,0.054702967667,2026-08-15 02:17:21.982,1114.178333333333
Pulse experiments,pioreactor01,2026-08-14T20:32:26.981Z,0.054605710546,2026-08-15 02:17:26.981,1114.179722222222
Pulse experiments,pioreactor01,2026-08-14T20:32:31.984Z,0.054597477382,2026-08-15 02:17:31.984,1114.181111111111
Pulse experiments,pioreactor01,2026-08-14T20:32:36.986Z,0.054657084814,2026-08-15 02:17:36.986,1114.1825
Pulse experiments,pioreactor01,2026-08-14T20:32:41.982Z,0.054635275227,2026-08-15 02:17:41.982,1114.183888888889
Pulse experiments,pioreactor01,2026-08-14T20:32:46.982Z,0.054640709436,2026-08-15 02:17:46.982,1114.185277777778
Pulse experiments,pioreactor01,2026-08-14T20:32:51.982Z,0.054607987521,2026-08-15 02:17:51.982,1114.186666666667
Pulse experiments,pioreactor01,2026-08-14T20:32:56.982Z,0.054624264575,2026-08-15 02:17:56.982,1114.188055555556
Pulse experiments,pioreactor01,2026-08-14T20:33:01.983Z,0.054642810748,2026-08-15 02:18:01.983,1114.189444444444
Pulse experiments,pioreactor01,2026-08-14T20:33:06.983Z,0.054671314634,2026-08-15 02:18:06.983,1114.190833333333
Pulse experiments,pioreactor01,2026-08-14T20:33:11.984Z,0.054733300973,2026-08-15 02:18:11.984,1114.192222222222
Pulse experiments,pioreactor01,2026-08-14T20:33:16.983Z,0.054745547651,2026-08-15 02:18:16.983,1114.193611111111
Pulse experiments,pioreactor01,2026-08-14T20:33:21.983Z,0.054769606813,2026-08-15 02:18:21.983,1114.195
Pulse experiments,pioreactor01,2026-08-14T20:33:26.981Z,0.054802322452,2026-08-15 02:18:26.981,1114.196388888889
Pulse experiments,pioreactor01,2026-08-14T20:33:31.983Z,0.054816037511,2026-08-15 02:18:31.983,1114.197777777778
Pulse experiments,pioreactor01,2026-08-14T20:33:36.983Z,0.054875762563,2026-08-15 02:18:36.983,1114.199166666667
Pulse experiments,pioreactor01,2026-08-14T20:33:41.982Z,0.055015122178,2026-08-15 02:18:41.982,1114.200555555556
Pulse experiments,pioreactor01,2026-08-14T20:33:46.981Z,0.055102846805,2026-08-15 02:18:46.981,1114.201944444445
Pulse experiments,pioreactor01,2026-08-14T20:33:51.981Z,0.055124534145,2026-08-15 02:18:51.981,1114.203333333333
Pulse experiments,pioreactor01,2026-08-14T20:33:56.981Z,0.055227371104,2026-08-15 02:18:56.981,1114.204722222222
Pulse experiments,pioreactor01,2026-08-14T20:34:01.981Z,0.055354856384,2026-08-15 02:19:01.981,1114.206111111111
Pulse experiments,pioreactor01,2026-08-14T20:34:06.983Z,0.055404959716,2026-08-15 02:19:06.983,1114.2075
Pulse experiments,pioreactor01,2026-08-14T20:34:11.984Z,0.055410722018,2026-08-15 02:19:11.984,1114.208888888889
Pulse experiments,pioreactor01,2026-08-14T20:34:16.982Z,0.055326398946,2026-08-15 02:19:16.982,1114.210277777778
Pulse experiments,pioreactor01,2026-08-14T20:34:21.984Z,0.055229411917,2026-08-15 02:19:21.984,1114.211666666667
Pulse experiments,pioreactor01,2026-08-14T20:34:26.982Z,0.055188817036,2026-08-15 02:19:26.982,1114.213055555555
Pulse experiments,pioreactor01,2026-08-14T20:34:31.982Z,0.055205605663,2026-08-15 02:19:31.982,1114.214444444445
Pulse experiments,pioreactor01,2026-08-14T20:34:36.981Z,0.055280997655,2026-08-15 02:19:36.981,1114.215833333333
Pulse experiments,pioreactor01,2026-08-14T20:34:41.983Z,0.055391959268,2026-08-15 02:19:41.983,1114.217222222222
Pulse experiments,pioreactor01,2026-08-14T20:34:46.983Z,0.055399277344,2026-08-15 02:19:46.983,1114.218611111111
Pulse experiments,pioreactor01,2026-08-14T20:34:51.983Z,0.055406861248,2026-08-15 02:19:51.983,1114.22
Pulse experiments,pioreactor01,2026-08-14T20:34:56.981Z,0.05549502588,2026-08-15 02:19:56.981,1114.221388888889
Pulse experiments,pioreactor01,2026-08-14T20:35:01.980Z,0.055472196032,2026-08-15 02:20:01.980,1114.222777777778
Pulse experiments,pioreactor01,2026-08-14T20:35:06.983Z,0.055429243861,2026-08-15 02:20:06.983,1114.224166666667
Pulse experiments,pioreactor01,2026-08-14T20:35:11.981Z,0.055470072255,2026-08-15 02:20:11.981,1114.225555555556
Pulse experiments,pioreactor01,2026-08-14T20:35:16.981Z,0.055451464629,2026-08-15 02:20:16.981,1114.226944444444
Pulse experiments,pioreactor01,2026-08-14T20:35:21.982Z,0.055474602526,2026-08-15 02:20:21.982,1114.228333333333
Pulse experiments,pioreactor01,2026-08-14T20:35:26.982Z,0.05545754152,2026-08-15 02:20:26.982,1114.229722222222
Pulse experiments,pioreactor01,2026-08-14T20:35:31.981Z,0.055457884649,2026-08-15 02:20:31.981,1114.231111111111
Pulse experiments,pioreactor01,2026-08-14T20:35:36.981Z,0.055473241681,2026-08-15 02:20:36.981,1114.2325
Pulse experiments,pioreactor01,2026-08-14T20:35:41.982Z,0.055458365899,2026-08-15 02:20:41.982,1114.233888888889
Pulse experiments,pioreactor01,2026-08-14T20:35:46.983Z,0.055442539019,2026-08-15 02:20:46.983,1114.235277777778
Pulse experiments,pioreactor01,2026-08-14T20:35:51.981Z,0.055462576863,2026-08-15 02:20:51.981,1114.236666666667
Pulse experiments,pioreactor01,2026-08-14T20:35:56.981Z,0.055438774865,2026-08-15 02:20:56.981,1114.238055555556
Pulse experiments,pioreactor01,2026-08-14T20:36:01.981Z,0.055456067892,2026-08-15 02:21:01.981,1114.239444444444
Pulse experiments,pioreactor01,2026-08-14T20:36:06.983Z,0.055449592921,2026-08-15 02:21:06.983,1114.240833333333
Pulse experiments,pioreactor01,2026-08-14T20:36:11.981Z,0.055361582642,2026-08-15 02:21:11.981,1114.242222222222
Pulse experiments,pioreactor01,2026-08-14T20:36:16.982Z,0.055346767786,2026-08-15 02:21:16.982,1114.243611111111
Pulse experiments,pioreactor01,2026-08-14T20:36:21.981Z,0.055333970248,2026-08-15 02:21:21.981,1114.245
Pulse experiments,pioreactor01,2026-08-14T20:36:26.982Z,0.055296104193,2026-08-15 02:21:26.982,1114.246388888889
Pulse experiments,pioreactor01,2026-08-14T20:36:31.983Z,0.05529624882,2026-08-15 02:21:31.983,1114.247777777778
Pulse experiments,pioreactor01,2026-08-14T20:36:36.982Z,0.055232736317,2026-08-15 02:21:36.982,1114.249166666667
Pulse experiments,pioreactor01,2026-08-14T20:36:41.983Z,0.055218462264,2026-08-15 02:21:41.983,1114.250555555556
Pulse experiments,pioreactor01,2026-08-14T20:36:51.984Z,0.055202133526,2026-08-15 02:21:51.984,1114.253333333333
Pulse experiments,pioreactor01,2026-08-14T20:37:01.983Z,0.055254548159,2026-08-15 02:22:01.983,1114.256111111111
Pulse experiments,pioreactor01,2026-08-14T20:37:06.982Z,0.05530987186,2026-08-15 02:22:06.982,1114.2575
Pulse experiments,pioreactor01,2026-08-14T20:37:11.982Z,0.055364331873,2026-08-15 02:22:11.982,1114.258888888889
Pulse experiments,pioreactor01,2026-08-14T20:37:16.982Z,0.055460387569,2026-08-15 02:22:16.982,1114.260277777778
Pulse experiments,pioreactor01,2026-08-14T20:37:21.981Z,0.055520498336,2026-08-15 02:22:21.981,1114.261666666667
Pulse experiments,pioreactor01,2026-08-14T20:37:26.982Z,0.055607946866,2026-08-15 02:22:26.982,1114.263055555556
Pulse experiments,pioreactor01,2026-08-14T20:37:31.981Z,0.055700884349,2026-08-15 02:22:31.981,1114.264444444445
Pulse experiments,pioreactor01,2026-08-14T20:37:36.983Z,0.055742139794,2026-08-15 02:22:36.983,1114.265833333333
Pulse experiments,pioreactor01,2026-08-14T20:37:41.984Z,0.055812699484,2026-08-15 02:22:41.984,1114.267222222222
Pulse experiments,pioreactor01,2026-08-14T20:37:46.984Z,0.055876270927,2026-08-15 02:22:46.984,1114.268611111111
Pulse experiments,pioreactor01,2026-08-14T20:37:51.983Z,0.055920273303,2026-08-15 02:22:51.983,1114.27
Pulse experiments,pioreactor01,2026-08-14T20:37:56.983Z,0.055951689606,2026-08-15 02:22:56.983,1114.271388888889
Pulse experiments,pioreactor01,2026-08-14T20:38:01.984Z,0.05599630391,2026-08-15 02:23:01.984,1114.272777777778
Pulse experiments,pioreactor01,2026-08-14T20:38:06.982Z,0.056069976395,2026-08-15 02:23:06.982,1114.274166666667
Pulse experiments,pioreactor01,2026-08-14T20:38:11.981Z,0.056094521792,2026-08-15 02:23:11.981,1114.275555555555
Pulse experiments,pioreactor01,2026-08-14T20:38:16.981Z,0.056181555232,2026-08-15 02:23:16.981,1114.276944444445
Pulse experiments,pioreactor01,2026-08-14T20:38:21.981Z,0.056175812315,2026-08-15 02:23:21.981,1114.278333333333
Pulse experiments,pioreactor01,2026-08-14T20:38:26.982Z,0.056223550419,2026-08-15 02:23:26.982,1114.279722222222
Pulse experiments,pioreactor01,2026-08-14T20:38:31.981Z,0.056278585522,2026-08-15 02:23:31.981,1114.281111111111
Pulse experiments,pioreactor01,2026-08-14T20:38:36.983Z,0.056385498689,2026-08-15 02:23:36.983,1114.2825
Pulse experiments,pioreactor01,2026-08-14T20:38:41.981Z,0.056460673387,2026-08-15 02:23:41.981,1114.283888888889
Pulse experiments,pioreactor01,2026-08-14T20:38:46.984Z,0.056457682635,2026-08-15 02:23:46.984,1114.285277777778
Pulse experiments,pioreactor01,2026-08-14T20:38:51.982Z,0.056475491248,2026-08-15 02:23:51.982,1114.286666666667
Pulse experiments,pioreactor01,2026-08-14T20:38:56.982Z,0.056522459972,2026-08-15 02:23:56.982,1114.288055555556
Pulse experiments,pioreactor01,2026-08-14T20:39:01.983Z,0.056532309601,2026-08-15 02:24:01.983,1114.289444444444
Pulse experiments,pioreactor01,2026-08-14T20:39:06.982Z,0.056496767523,2026-08-15 02:24:06.982,1114.290833333333
Pulse experiments,pioreactor01,2026-08-14T20:39:11.984Z,0.056510725694,2026-08-15 02:24:11.984,1114.292222222222
Pulse experiments,pioreactor01,2026-08-14T20:39:16.982Z,0.056607012015,2026-08-15 02:24:16.982,1114.293611111111
Pulse experiments,pioreactor01,2026-08-14T20:39:21.981Z,0.056703428858,2026-08-15 02:24:21.981,1114.295
Pulse experiments,pioreactor01,2026-08-14T20:39:26.983Z,0.056717012787,2026-08-15 02:24:26.983,1114.296388888889
Pulse experiments,pioreactor01,2026-08-14T20:39:31.982Z,0.056748362086,2026-08-15 02:24:31.982,1114.297777777778
Pulse experiments,pioreactor01,2026-08-14T20:39:36.982Z,0.056788215855,2026-08-15 02:24:36.982,1114.299166666667
Pulse experiments,pioreactor01,2026-08-14T20:39:41.981Z,0.05686280029,2026-08-15 02:24:41.981,1114.300555555556
Pulse experiments,pioreactor01,2026-08-14T20:39:46.984Z,0.056962120108,2026-08-15 02:24:46.984,1114.301944444444
Pulse experiments,pioreactor01,2026-08-14T20:39:51.981Z,0.056944680065,2026-08-15 02:24:51.981,1114.303333333333
Pulse experiments,pioreactor01,2026-08-14T20:39:56.982Z,0.056946582898,2026-08-15 02:24:56.982,1114.304722222222
Pulse experiments,pioreactor01,2026-08-14T20:40:01.981Z,0.057004855865,2026-08-15 02:25:01.981,1114.306111111111
Pulse experiments,pioreactor01,2026-08-14T20:40:06.982Z,0.057021136669,2026-08-15 02:25:06.982,1114.3075
Pulse experiments,pioreactor01,2026-08-14T20:40:11.982Z,0.057036821096,2026-08-15 02:25:11.982,1114.308888888889
Pulse experiments,pioreactor01,2026-08-14T20:40:16.981Z,0.056996728495,2026-08-15 02:25:16.981,1114.310277777778
Pulse experiments,pioreactor01,2026-08-14T20:40:21.982Z,0.057061926055,2026-08-15 02:25:21.982,1114.311666666667
Pulse experiments,pioreactor01,2026-08-14T20:40:26.983Z,0.057124274283,2026-08-15 02:25:26.983,1114.313055555556
Pulse experiments,pioreactor01,2026-08-14T20:40:31.983Z,0.057243376246,2026-08-15 02:25:31.983,1114.314444444444
Pulse experiments,pioreactor01,2026-08-14T20:40:36.983Z,0.057246617134,2026-08-15 02:25:36.983,1114.315833333333
Pulse experiments,pioreactor01,2026-08-14T20:40:41.982Z,0.057239071623,2026-08-15 02:25:41.982,1114.317222222222
Pulse experiments,pioreactor01,2026-08-14T20:40:46.986Z,0.057342806698,2026-08-15 02:25:46.986,1114.318611111111
Pulse experiments,pioreactor01,2026-08-14T20:40:51.982Z,0.057520063487,2026-08-15 02:25:51.982,1114.32
Pulse experiments,pioreactor01,2026-08-14T20:40:56.981Z,0.057596285723,2026-08-15 02:25:56.981,1114.321388888889
Pulse experiments,pioreactor01,2026-08-14T20:41:01.982Z,0.057648500744,2026-08-15 02:26:01.982,1114.322777777778
Pulse experiments,pioreactor01,2026-08-14T20:41:06.981Z,0.057643302173,2026-08-15 02:26:06.981,1114.324166666667
Pulse experiments,pioreactor01,2026-08-14T20:41:11.983Z,0.057674376116,2026-08-15 02:26:11.983,1114.325555555556
Pulse experiments,pioreactor01,2026-08-14T20:41:16.982Z,0.057652817332,2026-08-15 02:26:16.982,1114.326944444445
Pulse experiments,pioreactor01,2026-08-14T20:41:21.981Z,0.057595422829,2026-08-15 02:26:21.981,1114.328333333333
Pulse experiments,pioreactor01,2026-08-14T20:41:26.983Z,0.057634587153,2026-08-15 02:26:26.983,1114.329722222222
Pulse experiments,pioreactor01,2026-08-14T20:41:31.982Z,0.057581977602,2026-08-15 02:26:31.982,1114.331111111111
Pulse experiments,pioreactor01,2026-08-14T20:41:36.981Z,0.057628938296,2026-08-15 02:26:36.981,1114.3325
Pulse experiments,pioreactor01,2026-08-14T20:41:41.981Z,0.057743397609,2026-08-15 02:26:41.981,1114.333888888889
Pulse experiments,pioreactor01,2026-08-14T20:41:46.982Z,0.057784767214,2026-08-15 02:26:46.982,1114.335277777778
Pulse experiments,pioreactor01,2026-08-14T20:41:51.982Z,0.057835811904,2026-08-15 02:26:51.982,1114.336666666667
Pulse experiments,pioreactor01,2026-08-14T20:41:56.982Z,0.057858174983,2026-08-15 02:26:56.982,1114.338055555555
Pulse experiments,pioreactor01,2026-08-14T20:42:01.981Z,0.057888006958,2026-08-15 02:27:01.981,1114.339444444445
Pulse experiments,pioreactor01,2026-08-14T20:42:06.981Z,0.057924264636,2026-08-15 02:27:06.981,1114.340833333333
Pulse experiments,pioreactor01,2026-08-14T20:42:11.981Z,0.057995096927,2026-08-15 02:27:11.981,1114.342222222222
Pulse experiments,pioreactor01,2026-08-14T20:42:16.981Z,0.058031728598,2026-08-15 02:27:16.981,1114.343611111111
Pulse experiments,pioreactor01,2026-08-14T20:42:21.981Z,0.058070252586,2026-08-15 02:27:21.981,1114.345
Pulse experiments,pioreactor01,2026-08-14T20:42:26.981Z,0.058189414806,2026-08-15 02:27:26.981,1114.346388888889
Pulse experiments,pioreactor01,2026-08-14T20:42:31.981Z,0.058266949438,2026-08-15 02:27:31.981,1114.347777777778
Pulse experiments,pioreactor01,2026-08-14T20:42:36.982Z,0.058313592553,2026-08-15 02:27:36.982,1114.349166666667
Pulse experiments,pioreactor01,2026-08-14T20:42:41.982Z,0.058341364291,2026-08-15 02:27:41.982,1114.350555555556
Pulse experiments,pioreactor01,2026-08-14T20:42:46.984Z,0.058424031179,2026-08-15 02:27:46.984,1114.351944444444
Pulse experiments,pioreactor01,2026-08-14T20:42:51.982Z,0.05850321519,2026-08-15 02:27:51.982,1114.353333333333
Pulse experiments,pioreactor01,2026-08-14T20:42:56.982Z,0.058571280072,2026-08-15 02:27:56.982,1114.354722222222
Pulse experiments,pioreactor01,2026-08-14T20:43:01.982Z,0.058626114924,2026-08-15 02:28:01.982,1114.356111111111
Pulse experiments,pioreactor01,2026-08-14T20:43:06.981Z,0.058684117215,2026-08-15 02:28:06.981,1114.3575
Pulse experiments,pioreactor01,2026-08-14T20:43:11.985Z,0.058706701525,2026-08-15 02:28:11.985,1114.358888888889
Pulse experiments,pioreactor01,2026-08-14T20:43:16.984Z,0.058705482991,2026-08-15 02:28:16.984,1114.360277777778
Pulse experiments,pioreactor01,2026-08-14T20:43:21.983Z,0.058816541861,2026-08-15 02:28:21.983,1114.361666666667
Pulse experiments,pioreactor01,2026-08-14T20:43:26.980Z,0.058868546249,2026-08-15 02:28:26.980,1114.363055555556
Pulse experiments,pioreactor01,2026-08-14T20:43:31.984Z,0.058936349459,2026-08-15 02:28:31.984,1114.364444444444
Pulse experiments,pioreactor01,2026-08-14T20:43:36.983Z,0.059011317108,2026-08-15 02:28:36.983,1114.365833333333
Pulse experiments,pioreactor01,2026-08-14T20:43:41.982Z,0.059103350543,2026-08-15 02:28:41.982,1114.367222222222
Pulse experiments,pioreactor01,2026-08-14T20:43:46.981Z,0.059169972012,2026-08-15 02:28:46.981,1114.368611111111
Pulse experiments,pioreactor01,2026-08-14T20:43:51.981Z,0.059269214351,2026-08-15 02:28:51.981,1114.37
Pulse experiments,pioreactor01,2026-08-14T20:43:56.982Z,0.059234747744,2026-08-15 02:28:56.982,1114.371388888889
Pulse experiments,pioreactor01,2026-08-14T20:44:01.981Z,0.059236545485,2026-08-15 02:29:01.981,1114.372777777778
Pulse experiments,pioreactor01,2026-08-14T20:44:07.000Z,0.059243995521,2026-08-15 02:29:07.000,1114.374444444444
Pulse experiments,pioreactor01,2026-08-14T20:44:16.994Z,0.059258403447,2026-08-15 02:29:16.994,1114.376944444444
Pulse experiments,pioreactor01,2026-08-14T20:44:21.993Z,0.059265692695,2026-08-15 02:29:21.993,1114.378333333333
Pulse experiments,pioreactor01,2026-08-14T20:44:26.994Z,0.059271860908,2026-08-15 02:29:26.994,1114.379722222222
Pulse experiments,pioreactor01,2026-08-14T20:44:31.999Z,0.059276534818,2026-08-15 02:29:31.999,1114.381111111111
Pulse experiments,pioreactor01,2026-08-14T20:44:37.002Z,0.059286065293,2026-08-15 02:29:37.002,1114.382777777778
Pulse experiments,pioreactor01,2026-08-14T20:44:41.994Z,0.059293452502,2026-08-15 02:29:41.994,1114.383888888889
Pulse experiments,pioreactor01,2026-08-14T20:44:46.997Z,0.059299591983,2026-08-15 02:29:46.997,1114.385277777778
Pulse experiments,pioreactor01,2026-08-14T20:44:52.004Z,0.059310818842,2026-08-15 02:29:52.004,1114.386944444444
Pulse experiments,pioreactor01,2026-08-14T20:44:57.012Z,0.059296596299,2026-08-15 02:29:57.012,1114.388333333333
Pulse experiments,pioreactor01,2026-08-14T20:45:02.006Z,0.059302320752,2026-08-15 02:30:02.006,1114.389722222222
Pulse experiments,pioreactor01,2026-08-14T20:45:07.004Z,0.059319326346,2026-08-15 02:30:07.004,1114.391111111111
Pulse experiments,pioreactor01,2026-08-14T20:45:11.999Z,0.05931738515,2026-08-15 02:30:11.999,1114.392222222222
Pulse experiments,pioreactor01,2026-08-14T20:45:16.995Z,0.059336633429,2026-08-15 02:30:16.995,1114.393611111111
Pulse experiments,pioreactor01,2026-08-14T20:45:22.006Z,0.059354795322,2026-08-15 02:30:22.006,1114.395277777778
Pulse experiments,pioreactor01,2026-08-14T20:45:26.997Z,0.059386091366,2026-08-15 02:30:26.997,1114.396388888889
Pulse experiments,pioreactor01,2026-08-14T20:45:32.000Z,0.05940166585,2026-08-15 02:30:32.000,1114.398055555556
Pulse experiments,pioreactor01,2026-08-14T20:45:36.990Z,0.059432495334,2026-08-15 02:30:36.990,1114.399166666667
Pulse experiments,pioreactor01,2026-08-14T20:45:41.988Z,0.059444299463,2026-08-15 02:30:41.988,1114.400555555555
Pulse experiments,pioreactor01,2026-08-14T20:45:46.991Z,0.05944888874,2026-08-15 02:30:46.991,1114.401944444445
Pulse experiments,pioreactor01,2026-08-14T20:45:51.992Z,0.059455175793,2026-08-15 02:30:51.992,1114.403333333333
Pulse experiments,pioreactor01,2026-08-14T20:45:56.994Z,0.059451930269,2026-08-15 02:30:56.994,1114.404722222222
Pulse experiments,pioreactor01,2026-08-14T20:46:01.991Z,0.059435967225,2026-08-15 02:31:01.991,1114.406111111111
Pulse experiments,pioreactor01,2026-08-14T20:46:06.992Z,0.05941204306,2026-08-15 02:31:06.992,1114.4075
Pulse experiments,pioreactor01,2026-08-14T20:46:11.990Z,0.05941409982,2026-08-15 02:31:11.990,1114.408888888889
Pulse experiments,pioreactor01,2026-08-14T20:46:17.004Z,0.059410083466,2026-08-15 02:31:17.004,1114.410555555555
Pulse experiments,pioreactor01,2026-08-14T20:46:21.999Z,0.059405143254,2026-08-15 02:31:21.999,1114.411666666667
Pulse experiments,pioreactor01,2026-08-14T20:46:27.011Z,0.059407503235,2026-08-15 02:31:27.011,1114.413333333333
Pulse experiments,pioreactor01,2026-08-14T20:46:32.011Z,0.059392900275,2026-08-15 02:31:32.011,1114.414722222222
Pulse experiments,pioreactor01,2026-08-14T20:46:37.001Z,0.059371981465,2026-08-15 02:31:37.001,1114.416111111111
Pulse experiments,pioreactor01,2026-08-14T20:46:42.006Z,0.059400607808,2026-08-15 02:31:42.006,1114.4175
Pulse experiments,pioreactor01,2026-08-14T20:46:46.994Z,0.059412469807,2026-08-15 02:31:46.994,1114.418611111111
Pulse experiments,pioreactor01,2026-08-14T20:46:51.990Z,0.059433812609,2026-08-15 02:31:51.990,1114.42
Pulse experiments,pioreactor01,2026-08-14T20:46:56.996Z,0.059424481587,2026-08-15 02:31:56.996,1114.421388888889
Pulse experiments,pioreactor01,2026-08-14T20:47:01.993Z,0.059441059585,2026-08-15 02:32:01.993,1114.422777777778
Pulse experiments,pioreactor01,2026-08-14T20:47:06.992Z,0.059482697159,2026-08-15 02:32:06.992,1114.424166666667
Pulse experiments,pioreactor01,2026-08-14T20:47:11.992Z,0.059476292252,2026-08-15 02:32:11.992,1114.425555555556
Pulse experiments,pioreactor01,2026-08-14T20:47:17.000Z,0.059431663897,2026-08-15 02:32:17.000,1114.427222222222
Pulse experiments,pioreactor01,2026-08-14T20:47:22.001Z,0.059430543404,2026-08-15 02:32:22.001,1114.428611111111
Pulse experiments,pioreactor01,2026-08-14T20:47:26.999Z,0.059383582441,2026-08-15 02:32:26.999,1114.429722222222
Pulse experiments,pioreactor01,2026-08-14T20:47:31.993Z,0.059292118517,2026-08-15 02:32:31.993,1114.431111111111
Pulse experiments,pioreactor01,2026-08-14T20:47:41.995Z,0.059307456066,2026-08-15 02:32:41.995,1114.433888888889
Pulse experiments,pioreactor01,2026-08-14T20:47:46.994Z,0.059337453648,2026-08-15 02:32:46.994,1114.435277777778
Pulse experiments,pioreactor01,2026-08-14T20:47:52.000Z,0.059363896602,2026-08-15 02:32:52.000,1114.436944444444
Pulse experiments,pioreactor01,2026-08-14T20:47:56.988Z,0.059456863109,2026-08-15 02:32:56.988,1114.438055555556
Pulse experiments,pioreactor01,2026-08-14T20:48:02.005Z,0.059444525661,2026-08-15 02:33:02.005,1114.439722222222
Pulse experiments,pioreactor01,2026-08-14T20:48:06.996Z,0.059500596564,2026-08-15 02:33:06.996,1114.440833333333
Pulse experiments,pioreactor01,2026-08-14T20:48:11.995Z,0.059540604404,2026-08-15 02:33:11.995,1114.442222222222
Pulse experiments,pioreactor01,2026-08-14T20:48:17.011Z,0.059587902143,2026-08-15 02:33:17.011,1114.443888888889
Pulse experiments,pioreactor01,2026-08-14T20:48:22.001Z,0.059679702418,2026-08-15 02:33:22.001,1114.445277777778
Pulse experiments,pioreactor01,2026-08-14T20:48:26.995Z,0.059817975323,2026-08-15 02:33:26.995,1114.446388888889
Pulse experiments,pioreactor01,2026-08-14T20:48:31.992Z,0.059882208722,2026-08-15 02:33:31.992,1114.447777777778
Pulse experiments,pioreactor01,2026-08-14T20:48:36.994Z,0.059989924672,2026-08-15 02:33:36.994,1114.449166666667
Pulse experiments,pioreactor01,2026-08-14T20:48:42.008Z,0.060054523248,2026-08-15 02:33:42.008,1114.450833333333
Pulse experiments,pioreactor01,2026-08-14T20:48:47.017Z,0.0600527144,2026-08-15 02:33:47.017,1114.452222222222
Pulse experiments,pioreactor01,2026-08-14T20:48:51.993Z,0.060086076644,2026-08-15 02:33:51.993,1114.453333333333
Pulse experiments,pioreactor01,2026-08-14T20:48:56.995Z,0.060074528538,2026-08-15 02:33:56.995,1114.454722222222
Pulse experiments,pioreactor01,2026-08-14T20:49:02.017Z,0.060054526402,2026-08-15 02:34:02.017,1114.456388888889
Pulse experiments,pioreactor01,2026-08-14T20:49:07.011Z,0.060032889793,2026-08-15 02:34:07.011,1114.457777777778
Pulse experiments,pioreactor01,2026-08-14T20:49:22.015Z,0.060009342789,2026-08-15 02:34:22.015,1114.461944444444
Pulse experiments,pioreactor01,2026-08-14T20:49:27.013Z,0.059950457156,2026-08-15 02:34:27.013,1114.463333333333
Pulse experiments,pioreactor01,2026-08-14T20:49:31.985Z,0.059931150507,2026-08-15 02:34:31.985,1114.464444444445
Pulse experiments,pioreactor01,2026-08-14T20:49:36.981Z,0.05988056185,2026-08-15 02:34:36.981,1114.465833333333
Pulse experiments,pioreactor01,2026-08-14T20:49:41.981Z,0.059942171444,2026-08-15 02:34:41.981,1114.467222222222
Pulse experiments,pioreactor01,2026-08-14T20:49:46.982Z,0.059987329105,2026-08-15 02:34:46.982,1114.468611111111
Pulse experiments,pioreactor01,2026-08-14T20:49:51.982Z,0.060167209825,2026-08-15 02:34:51.982,1114.47
Pulse experiments,pioreactor01,2026-08-14T20:49:56.982Z,0.060310697044,2026-08-15 02:34:56.982,1114.471388888889
Pulse experiments,pioreactor01,2026-08-14T20:50:01.981Z,0.06042566021,2026-08-15 02:35:01.981,1114.472777777778
Pulse experiments,pioreactor01,2026-08-14T20:50:06.983Z,0.060544305103,2026-08-15 02:35:06.983,1114.474166666667
Pulse experiments,pioreactor01,2026-08-14T20:50:11.982Z,0.060691639135,2026-08-15 02:35:11.982,1114.475555555556
Pulse experiments,pioreactor01,2026-08-14T20:50:16.983Z,0.060769135205,2026-08-15 02:35:16.983,1114.476944444444
Pulse experiments,pioreactor01,2026-08-14T20:50:21.982Z,0.060848412971,2026-08-15 02:35:21.982,1114.478333333333
Pulse experiments,pioreactor01,2026-08-14T20:50:26.981Z,0.060880401173,2026-08-15 02:35:26.981,1114.479722222222
Pulse experiments,pioreactor01,2026-08-14T20:50:31.984Z,0.061013902083,2026-08-15 02:35:31.984,1114.481111111111
Pulse experiments,pioreactor01,2026-08-14T20:50:36.983Z,0.06098389982,2026-08-15 02:35:36.983,1114.4825
Pulse experiments,pioreactor01,2026-08-14T20:50:41.984Z,0.06086963286,2026-08-15 02:35:41.984,1114.483888888889
Pulse experiments,pioreactor01,2026-08-14T20:50:46.981Z,0.060804695755,2026-08-15 02:35:46.981,1114.485277777778
Pulse experiments,pioreactor01,2026-08-14T20:50:51.982Z,0.060766022134,2026-08-15 02:35:51.982,1114.486666666667
Pulse experiments,pioreactor01,2026-08-14T20:50:56.982Z,0.060836225823,2026-08-15 02:35:56.982,1114.488055555556
Pulse experiments,pioreactor01,2026-08-14T20:51:01.983Z,0.060756886812,2026-08-15 02:36:01.983,1114.489444444444
Pulse experiments,pioreactor01,2026-08-14T20:51:06.981Z,0.060687225637,2026-08-15 02:36:06.981,1114.490833333333
Pulse experiments,pioreactor01,2026-08-14T20:51:11.982Z,0.060741650421,2026-08-15 02:36:11.982,1114.492222222222
Pulse experiments,pioreactor01,2026-08-14T20:51:16.982Z,0.060766444116,2026-08-15 02:36:16.982,1114.493611111111
Pulse experiments,pioreactor01,2026-08-14T20:51:21.981Z,0.060707597091,2026-08-15 02:36:21.981,1114.495
Pulse experiments,pioreactor01,2026-08-14T20:51:26.981Z,0.060596481881,2026-08-15 02:36:26.981,1114.496388888889
Pulse experiments,pioreactor01,2026-08-14T20:51:31.982Z,0.060666235397,2026-08-15 02:36:31.982,1114.497777777778
Pulse experiments,pioreactor01,2026-08-14T20:51:36.981Z,0.06052411769,2026-08-15 02:36:36.981,1114.499166666667
Pulse experiments,pioreactor01,2026-08-14T20:51:41.981Z,0.060453151547,2026-08-15 02:36:41.981,1114.500555555556
Pulse experiments,pioreactor01,2026-08-14T20:51:46.981Z,0.060341184725,2026-08-15 02:36:46.981,1114.501944444444
Pulse experiments,pioreactor01,2026-08-14T20:51:51.983Z,0.060317615385,2026-08-15 02:36:51.983,1114.503333333333
Pulse experiments,pioreactor01,2026-08-14T20:51:56.984Z,0.060263838338,2026-08-15 02:36:56.984,1114.504722222222
Pulse experiments,pioreactor01,2026-08-14T20:52:01.984Z,0.06015135371,2026-08-15 02:37:01.984,1114.506111111111
Pulse experiments,pioreactor01,2026-08-14T20:52:06.984Z,0.06018473921,2026-08-15 02:37:06.984,1114.5075
Pulse experiments,pioreactor01,2026-08-14T20:52:11.983Z,0.06031641373,2026-08-15 02:37:11.983,1114.508888888889
Pulse experiments,pioreactor01,2026-08-14T20:52:21.982Z,0.060359105388,2026-08-15 02:37:21.982,1114.511666666667
Pulse experiments,pioreactor01,2026-08-14T20:52:26.982Z,0.060372828441,2026-08-15 02:37:26.982,1114.513055555556
Pulse experiments,pioreactor01,2026-08-14T20:52:36.982Z,0.060329746002,2026-08-15 02:37:36.982,1114.515833333333
Pulse experiments,pioreactor01,2026-08-14T20:52:41.984Z,0.060279205368,2026-08-15 02:37:41.984,1114.517222222222
Pulse experiments,pioreactor01,2026-08-14T20:52:46.983Z,0.060339063815,2026-08-15 02:37:46.983,1114.518611111111
Pulse experiments,pioreactor01,2026-08-14T20:52:51.984Z,0.060452440882,2026-08-15 02:37:51.984,1114.52
Pulse experiments,pioreactor01,2026-08-14T20:52:56.981Z,0.060649085555,2026-08-15 02:37:56.981,1114.521388888889
Pulse experiments,pioreactor01,2026-08-14T20:53:01.981Z,0.060865851062,2026-08-15 02:38:01.981,1114.522777777778
Pulse experiments,pioreactor01,2026-08-14T20:53:06.982Z,0.061013062115,2026-08-15 02:38:06.982,1114.524166666667
Pulse experiments,pioreactor01,2026-08-14T20:53:11.984Z,0.060991508232,2026-08-15 02:38:11.984,1114.525555555555
Pulse experiments,pioreactor01,2026-08-14T20:53:16.982Z,0.061110347258,2026-08-15 02:38:16.982,1114.526944444445
Pulse experiments,pioreactor01,2026-08-14T20:53:21.981Z,0.061505196352,2026-08-15 02:38:21.981,1114.528333333333
Pulse experiments,pioreactor01,2026-08-14T20:53:26.981Z,0.061834586658,2026-08-15 02:38:26.981,1114.529722222222
Pulse experiments,pioreactor01,2026-08-14T20:53:31.983Z,0.062006832425,2026-08-15 02:38:31.983,1114.531111111111
Pulse experiments,pioreactor01,2026-08-14T20:53:36.982Z,0.062165015988,2026-08-15 02:38:36.982,1114.5325
Pulse experiments,pioreactor01,2026-08-14T20:53:41.983Z,0.062173376297,2026-08-15 02:38:41.983,1114.533888888889
Pulse experiments,pioreactor01,2026-08-14T20:53:46.983Z,0.062194781661,2026-08-15 02:38:46.983,1114.535277777778
Pulse experiments,pioreactor01,2026-08-14T20:53:51.982Z,0.062144077438,2026-08-15 02:38:51.982,1114.536666666667
Pulse experiments,pioreactor01,2026-08-14T20:53:56.981Z,0.06213350087,2026-08-15 02:38:56.981,1114.538055555556
Pulse experiments,pioreactor01,2026-08-14T20:54:01.981Z,0.062158766605,2026-08-15 02:39:01.981,1114.539444444444
Pulse experiments,pioreactor01,2026-08-14T20:54:06.984Z,0.062201892172,2026-08-15 02:39:06.984,1114.540833333333
Pulse experiments,pioreactor01,2026-08-14T20:54:11.980Z,0.062290475235,2026-08-15 02:39:11.980,1114.542222222222
Pulse experiments,pioreactor01,2026-08-14T20:54:21.983Z,0.062514934098,2026-08-15 02:39:21.983,1114.545
Pulse experiments,pioreactor01,2026-08-14T20:54:26.982Z,0.062745915257,2026-08-15 02:39:26.982,1114.546388888889
Pulse experiments,pioreactor01,2026-08-14T20:54:31.981Z,0.062783514016,2026-08-15 02:39:31.981,1114.547777777778
Pulse experiments,pioreactor01,2026-08-14T20:54:36.981Z,0.062785527741,2026-08-15 02:39:36.981,1114.549166666667
Pulse experiments,pioreactor01,2026-08-14T20:54:41.981Z,0.062810948366,2026-08-15 02:39:41.981,1114.550555555556
Pulse experiments,pioreactor01,2026-08-14T20:54:46.981Z,0.063138126875,2026-08-15 02:39:46.981,1114.551944444444
Pulse experiments,pioreactor01,2026-08-14T20:54:51.982Z,0.063231926752,2026-08-15 02:39:51.982,1114.553333333333
Pulse experiments,pioreactor01,2026-08-14T20:54:56.981Z,0.063437545077,2026-08-15 02:39:56.981,1114.554722222222
Pulse experiments,pioreactor01,2026-08-14T20:55:01.983Z,0.063655003966,2026-08-15 02:40:01.983,1114.556111111111
Pulse experiments,pioreactor01,2026-08-14T20:55:06.982Z,0.064055906835,2026-08-15 02:40:06.982,1114.5575
Pulse experiments,pioreactor01,2026-08-14T20:55:16.983Z,0.064206872495,2026-08-15 02:40:16.983,1114.560277777778
Pulse experiments,pioreactor01,2026-08-14T20:55:21.982Z,0.064363663237,2026-08-15 02:40:21.982,1114.561666666667
Pulse experiments,pioreactor01,2026-08-14T20:55:26.981Z,0.064493916002,2026-08-15 02:40:26.981,1114.563055555556
Pulse experiments,pioreactor01,2026-08-14T20:55:31.984Z,0.064563835973,2026-08-15 02:40:31.984,1114.564444444444
Pulse experiments,pioreactor01,2026-08-14T20:55:36.980Z,0.064559056281,2026-08-15 02:40:36.980,1114.565833333333
Pulse experiments,pioreactor01,2026-08-14T20:55:41.981Z,0.064632437103,2026-08-15 02:40:41.981,1114.567222222222
Pulse experiments,pioreactor01,2026-08-14T20:55:46.984Z,0.06465659456,2026-08-15 02:40:46.984,1114.568611111111
Pulse experiments,pioreactor01,2026-08-14T20:55:51.982Z,0.064748850334,2026-08-15 02:40:51.982,1114.57
Pulse experiments,pioreactor01,2026-08-14T20:56:01.981Z,0.064880575429,2026-08-15 02:41:01.981,1114.572777777778
Pulse experiments,pioreactor01,2026-08-14T20:56:06.982Z,0.065081059253,2026-08-15 02:41:06.982,1114.574166666667
Pulse experiments,pioreactor01,2026-08-14T20:56:11.983Z,0.065191993495,2026-08-15 02:41:11.983,1114.575555555556
Pulse experiments,pioreactor01,2026-08-14T20:56:16.982Z,0.065248810576,2026-08-15 02:41:16.982,1114.576944444445
Pulse experiments,pioreactor01,2026-08-14T20:56:21.983Z,0.065426167687,2026-08-15 02:41:21.983,1114.578333333333
Pulse experiments,pioreactor01,2026-08-14T20:56:26.982Z,0.065424734334,2026-08-15 02:41:26.982,1114.579722222222
Pulse experiments,pioreactor01,2026-08-14T20:56:31.983Z,0.065482787691,2026-08-15 02:41:31.983,1114.581111111111
Pulse experiments,pioreactor01,2026-08-14T20:56:36.984Z,0.065730364346,2026-08-15 02:41:36.984,1114.5825
Pulse experiments,pioreactor01,2026-08-14T20:56:41.981Z,0.066069374375,2026-08-15 02:41:41.981,1114.583888888889
Pulse experiments,pioreactor01,2026-08-14T20:56:46.983Z,0.066334370182,2026-08-15 02:41:46.983,1114.585277777778
Pulse experiments,pioreactor01,2026-08-14T20:56:51.982Z,0.066620615896,2026-08-15 02:41:51.982,1114.586666666667
Pulse experiments,pioreactor01,2026-08-14T20:56:56.982Z,0.066736928237,2026-08-15 02:41:56.982,1114.588055555555
Pulse experiments,pioreactor01,2026-08-14T20:57:01.981Z,0.066911506082,2026-08-15 02:42:01.981,1114.589444444445
Pulse experiments,pioreactor01,2026-08-14T20:57:06.984Z,0.066924294197,2026-08-15 02:42:06.984,1114.590833333333
Pulse experiments,pioreactor01,2026-08-14T20:57:11.982Z,0.066962580285,2026-08-15 02:42:11.982,1114.592222222222
Pulse experiments,pioreactor01,2026-08-14T20:57:16.981Z,0.066931466787,2026-08-15 02:42:16.981,1114.593611111111
Pulse experiments,pioreactor01,2026-08-14T20:57:21.981Z,0.0670602515,2026-08-15 02:42:21.981,1114.595
Pulse experiments,pioreactor01,2026-08-14T20:57:26.981Z,0.067057605859,2026-08-15 02:42:26.981,1114.596388888889
Pulse experiments,pioreactor01,2026-08-14T20:57:31.981Z,0.06690455906,2026-08-15 02:42:31.981,1114.597777777778
Pulse experiments,pioreactor01,2026-08-14T20:57:36.981Z,0.06687312075,2026-08-15 02:42:36.981,1114.599166666667
Pulse experiments,pioreactor01,2026-08-14T20:57:41.982Z,0.067053965592,2026-08-15 02:42:41.982,1114.600555555556
Pulse experiments,pioreactor01,2026-08-14T20:57:46.983Z,0.067215147172,2026-08-15 02:42:46.983,1114.601944444444
Pulse experiments,pioreactor01,2026-08-14T20:57:51.982Z,0.067413305926,2026-08-15 02:42:51.982,1114.603333333333
Pulse experiments,pioreactor01,2026-08-14T20:57:56.982Z,0.067497126731,2026-08-15 02:42:56.982,1114.604722222222
Pulse experiments,pioreactor01,2026-08-14T20:58:01.982Z,0.067591945148,2026-08-15 02:43:01.982,1114.606111111111
Pulse experiments,pioreactor01,2026-08-14T20:58:06.981Z,0.067826476356,2026-08-15 02:43:06.981,1114.6075
Pulse experiments,pioreactor01,2026-08-14T20:58:11.983Z,0.068012536321,2026-08-15 02:43:11.983,1114.608888888889
Pulse experiments,pioreactor01,2026-08-14T20:58:16.981Z,0.068132292536,2026-08-15 02:43:16.981,1114.610277777778
Pulse experiments,pioreactor01,2026-08-14T20:58:21.983Z,0.068209112024,2026-08-15 02:43:21.983,1114.611666666667
Pulse experiments,pioreactor01,2026-08-14T20:58:26.984Z,0.068315777675,2026-08-15 02:43:26.984,1114.613055555556
Pulse experiments,pioreactor01,2026-08-14T20:58:31.982Z,0.068402137523,2026-08-15 02:43:31.982,1114.614444444444
Pulse experiments,pioreactor01,2026-08-14T20:58:36.983Z,0.068526470715,2026-08-15 02:43:36.983,1114.615833333333
Pulse experiments,pioreactor01,2026-08-14T20:58:41.983Z,0.068480369173,2026-08-15 02:43:41.983,1114.617222222222
Pulse experiments,pioreactor01,2026-08-14T20:58:46.981Z,0.068607634103,2026-08-15 02:43:46.981,1114.618611111111
Pulse experiments,pioreactor01,2026-08-14T20:58:51.983Z,0.068821602701,2026-08-15 02:43:51.983,1114.62
Pulse experiments,pioreactor01,2026-08-14T20:58:56.983Z,0.068885969581,2026-08-15 02:43:56.983,1114.621388888889
Pulse experiments,pioreactor01,2026-08-14T20:59:01.985Z,0.068898733441,2026-08-15 02:44:01.985,1114.622777777778
Pulse experiments,pioreactor01,2026-08-14T20:59:06.984Z,0.069183347479,2026-08-15 02:44:06.984,1114.624166666667
Pulse experiments,pioreactor01,2026-08-14T20:59:16.981Z,0.069447443314,2026-08-15 02:44:16.981,1114.626944444444
Pulse experiments,pioreactor01,2026-08-14T20:59:21.980Z,0.069729383155,2026-08-15 02:44:21.980,1114.628333333333
Pulse experiments,pioreactor01,2026-08-14T20:59:26.983Z,0.070022431198,2026-08-15 02:44:26.983,1114.629722222222
Pulse experiments,pioreactor01,2026-08-14T20:59:31.982Z,0.070364729962,2026-08-15 02:44:31.982,1114.631111111111
Pulse experiments,pioreactor01,2026-08-14T20:59:36.984Z,0.070578590867,2026-08-15 02:44:36.984,1114.6325
Pulse experiments,pioreactor01,2026-08-14T20:59:41.983Z,0.070665823773,2026-08-15 02:44:41.983,1114.633888888889
Pulse experiments,pioreactor01,2026-08-14T20:59:46.981Z,0.070814003532,2026-08-15 02:44:46.981,1114.635277777778
Pulse experiments,pioreactor01,2026-08-14T20:59:51.983Z,0.070904763553,2026-08-15 02:44:51.983,1114.636666666667
Pulse experiments,pioreactor01,2026-08-14T20:59:56.981Z,0.070933677922,2026-08-15 02:44:56.981,1114.638055555556
Pulse experiments,pioreactor01,2026-08-14T21:00:01.981Z,0.070950276317,2026-08-15 02:45:01.981,1114.639444444445
Pulse experiments,pioreactor01,2026-08-14T21:00:06.986Z,0.071058890492,2026-08-15 02:45:06.986,1114.640833333333
Pulse experiments,pioreactor01,2026-08-14T21:00:11.982Z,0.071268117106,2026-08-15 02:45:11.982,1114.642222222222
Pulse experiments,pioreactor01,2026-08-14T21:00:16.983Z,0.071528097474,2026-08-15 02:45:16.983,1114.643611111111
Pulse experiments,pioreactor01,2026-08-14T21:00:21.981Z,0.071769395794,2026-08-15 02:45:21.981,1114.645
Pulse experiments,pioreactor01,2026-08-14T21:00:26.981Z,0.072023511265,2026-08-15 02:45:26.981,1114.646388888889
Pulse experiments,pioreactor01,2026-08-14T21:00:31.984Z,0.072222749407,2026-08-15 02:45:31.984,1114.647777777778
Pulse experiments,pioreactor01,2026-08-14T21:00:36.981Z,0.072535833489,2026-08-15 02:45:36.981,1114.649166666667
Pulse experiments,pioreactor01,2026-08-14T21:00:41.981Z,0.072813468974,2026-08-15 02:45:41.981,1114.650555555555
Pulse experiments,pioreactor01,2026-08-14T21:00:46.980Z,0.0731467485,2026-08-15 02:45:46.980,1114.651944444445
Pulse experiments,pioreactor01,2026-08-14T21:00:51.981Z,0.07354499694,2026-08-15 02:45:51.981,1114.653333333333
Pulse experiments,pioreactor01,2026-08-14T21:00:56.981Z,0.07365530436,2026-08-15 02:45:56.981,1114.654722222222
Pulse experiments,pioreactor01,2026-08-14T21:01:01.983Z,0.073872998336,2026-08-15 02:46:01.983,1114.656111111111
Pulse experiments,pioreactor01,2026-08-14T21:01:06.984Z,0.073963731539,2026-08-15 02:46:06.984,1114.6575
Pulse experiments,pioreactor01,2026-08-14T21:01:11.981Z,0.073977320089,2026-08-15 02:46:11.981,1114.658888888889
Pulse experiments,pioreactor01,2026-08-14T21:01:16.981Z,0.074156570011,2026-08-15 02:46:16.981,1114.660277777778
Pulse experiments,pioreactor01,2026-08-14T21:01:21.984Z,0.074334359624,2026-08-15 02:46:21.984,1114.661666666667
Pulse experiments,pioreactor01,2026-08-14T21:01:26.984Z,0.074471565598,2026-08-15 02:46:26.984,1114.663055555556
Pulse experiments,pioreactor01,2026-08-14T21:01:31.982Z,0.074731882876,2026-08-15 02:46:31.982,1114.664444444444
Pulse experiments,pioreactor01,2026-08-14T21:01:36.982Z,0.074998202822,2026-08-15 02:46:36.982,1114.665833333333
Pulse experiments,pioreactor01,2026-08-14T21:01:41.983Z,0.075127047232,2026-08-15 02:46:41.983,1114.667222222222
Pulse experiments,pioreactor01,2026-08-14T21:01:46.983Z,0.07521886902,2026-08-15 02:46:46.983,1114.668611111111
Pulse experiments,pioreactor01,2026-08-14T21:01:51.985Z,0.075367269343,2026-08-15 02:46:51.985,1114.67
Pulse experiments,pioreactor01,2026-08-14T21:01:56.982Z,0.075483861206,2026-08-15 02:46:56.982,1114.671388888889
Pulse experiments,pioreactor01,2026-08-14T21:02:01.982Z,0.075757176687,2026-08-15 02:47:01.982,1114.672777777778
Pulse experiments,pioreactor01,2026-08-14T21:02:06.981Z,0.076032405101,2026-08-15 02:47:06.981,1114.674166666667
Pulse experiments,pioreactor01,2026-08-14T21:02:11.983Z,0.076299216317,2026-08-15 02:47:11.983,1114.675555555556
Pulse experiments,pioreactor01,2026-08-14T21:02:16.983Z,0.076440847785,2026-08-15 02:47:16.983,1114.676944444444
Pulse experiments,pioreactor01,2026-08-14T21:02:21.983Z,0.076712515319,2026-08-15 02:47:21.983,1114.678333333333
Pulse experiments,pioreactor01,2026-08-14T21:02:26.981Z,0.076859706436,2026-08-15 02:47:26.981,1114.679722222222
Pulse experiments,pioreactor01,2026-08-14T21:02:31.982Z,0.076912496315,2026-08-15 02:47:31.982,1114.681111111111
Pulse experiments,pioreactor01,2026-08-14T21:02:36.981Z,0.077110404259,2026-08-15 02:47:36.981,1114.6825
Pulse experiments,pioreactor01,2026-08-14T21:02:41.981Z,0.077123832528,2026-08-15 02:47:41.981,1114.683888888889
Pulse experiments,pioreactor01,2026-08-14T21:02:46.982Z,0.07721830825,2026-08-15 02:47:46.982,1114.685277777778
Pulse experiments,pioreactor01,2026-08-14T21:02:51.983Z,0.077287999048,2026-08-15 02:47:51.983,1114.686666666667
Pulse experiments,pioreactor01,2026-08-14T21:02:56.983Z,0.077425451621,2026-08-15 02:47:56.983,1114.688055555556
Pulse experiments,pioreactor01,2026-08-14T21:03:01.982Z,0.077611395669,2026-08-15 02:48:01.982,1114.689444444444
Pulse experiments,pioreactor01,2026-08-14T21:03:06.983Z,0.077681467895,2026-08-15 02:48:06.983,1114.690833333333
Pulse experiments,pioreactor01,2026-08-14T21:03:11.981Z,0.07784253043,2026-08-15 02:48:11.981,1114.692222222222
Pulse experiments,pioreactor01,2026-08-14T21:03:21.982Z,0.077989212678,2026-08-15 02:48:21.982,1114.695
Pulse experiments,pioreactor01,2026-08-14T21:03:26.982Z,0.078236223609,2026-08-15 02:48:26.982,1114.696388888889
Pulse experiments,pioreactor01,2026-08-14T21:03:31.983Z,0.078375434226,2026-08-15 02:48:31.983,1114.697777777778
Pulse experiments,pioreactor01,2026-08-14T21:03:36.983Z,0.078407370798,2026-08-15 02:48:36.983,1114.699166666667
Pulse experiments,pioreactor01,2026-08-14T21:03:41.984Z,0.078399157617,2026-08-15 02:48:41.984,1114.700555555556
Pulse experiments,pioreactor01,2026-08-14T21:03:46.982Z,0.078407500113,2026-08-15 02:48:46.982,1114.701944444445
Pulse experiments,pioreactor01,2026-08-14T21:03:51.983Z,0.078543605326,2026-08-15 02:48:51.983,1114.703333333333
Pulse experiments,pioreactor01,2026-08-14T21:03:56.983Z,0.078587043319,2026-08-15 02:48:56.983,1114.704722222222
Pulse experiments,pioreactor01,2026-08-14T21:04:01.982Z,0.07864645327,2026-08-15 02:49:01.982,1114.706111111111
Pulse experiments,pioreactor01,2026-08-14T21:04:06.985Z,0.0787859181,2026-08-15 02:49:06.985,1114.7075
Pulse experiments,pioreactor01,2026-08-14T21:04:11.983Z,0.078847951728,2026-08-15 02:49:11.983,1114.708888888889
Pulse experiments,pioreactor01,2026-08-14T21:04:16.982Z,0.078953464579,2026-08-15 02:49:16.982,1114.710277777778
Pulse experiments,pioreactor01,2026-08-14T21:04:21.983Z,0.079090386123,2026-08-15 02:49:21.983,1114.711666666667
Pulse experiments,pioreactor01,2026-08-14T21:04:26.984Z,0.079139901003,2026-08-15 02:49:26.984,1114.713055555555
Pulse experiments,pioreactor01,2026-08-14T21:04:31.982Z,0.079333413877,2026-08-15 02:49:31.982,1114.714444444445
Pulse experiments,pioreactor01,2026-08-14T21:04:36.982Z,0.07941877888,2026-08-15 02:49:36.982,1114.715833333333
Pulse experiments,pioreactor01,2026-08-14T21:04:41.981Z,0.07958624651,2026-08-15 02:49:41.981,1114.717222222222
Pulse experiments,pioreactor01,2026-08-14T21:04:46.982Z,0.079695305607,2026-08-15 02:49:46.982,1114.718611111111
Pulse experiments,pioreactor01,2026-08-14T21:04:51.981Z,0.079606017866,2026-08-15 02:49:51.981,1114.72
Pulse experiments,pioreactor01,2026-08-14T21:04:56.983Z,0.07962844761,2026-08-15 02:49:56.983,1114.721388888889
Pulse experiments,pioreactor01,2026-08-14T21:05:01.980Z,0.079777665864,2026-08-15 02:50:01.980,1114.722777777778
Pulse experiments,pioreactor01,2026-08-14T21:05:06.983Z,0.079902695026,2026-08-15 02:50:06.983,1114.724166666667
Pulse experiments,pioreactor01,2026-08-14T21:05:11.981Z,0.080139328812,2026-08-15 02:50:11.981,1114.725555555556
Pulse experiments,pioreactor01,2026-08-14T21:05:16.984Z,0.080141697152,2026-08-15 02:50:16.984,1114.726944444444
Pulse experiments,pioreactor01,2026-08-14T21:05:21.983Z,0.080335699077,2026-08-15 02:50:21.983,1114.728333333333
Pulse experiments,pioreactor01,2026-08-14T21:05:26.981Z,0.080441536243,2026-08-15 02:50:26.981,1114.729722222222
Pulse experiments,pioreactor01,2026-08-14T21:05:31.982Z,0.080523635964,2026-08-15 02:50:31.982,1114.731111111111
Pulse experiments,pioreactor01,2026-08-14T21:05:36.982Z,0.08057591697,2026-08-15 02:50:36.982,1114.7325
Pulse experiments,pioreactor01,2026-08-14T21:05:41.983Z,0.080544751696,2026-08-15 02:50:41.983,1114.733888888889
Pulse experiments,pioreactor01,2026-08-14T21:05:46.981Z,0.080661393939,2026-08-15 02:50:46.981,1114.735277777778
Pulse experiments,pioreactor01,2026-08-14T21:05:51.981Z,0.080747390196,2026-08-15 02:50:51.981,1114.736666666667
Pulse experiments,pioreactor01,2026-08-14T21:05:56.981Z,0.080831184787,2026-08-15 02:50:56.981,1114.738055555556
Pulse experiments,pioreactor01,2026-08-14T21:06:01.982Z,0.080830249485,2026-08-15 02:51:01.982,1114.739444444444
Pulse experiments,pioreactor01,2026-08-14T21:06:06.982Z,0.080834831852,2026-08-15 02:51:06.982,1114.740833333333
Pulse experiments,pioreactor01,2026-08-14T21:06:11.981Z,0.080904733719,2026-08-15 02:51:11.981,1114.742222222222
Pulse experiments,pioreactor01,2026-08-14T21:06:16.984Z,0.080944839392,2026-08-15 02:51:16.984,1114.743611111111
Pulse experiments,pioreactor01,2026-08-14T21:06:21.981Z,0.081210967044,2026-08-15 02:51:21.981,1114.745
Pulse experiments,pioreactor01,2026-08-14T21:06:26.982Z,0.081472105069,2026-08-15 02:51:26.982,1114.746388888889
Pulse experiments,pioreactor01,2026-08-14T21:06:31.983Z,0.081619379805,2026-08-15 02:51:31.983,1114.747777777778
Pulse experiments,pioreactor01,2026-08-14T21:06:36.985Z,0.081661347042,2026-08-15 02:51:36.985,1114.749166666667
Pulse experiments,pioreactor01,2026-08-14T21:06:41.981Z,0.081694531522,2026-08-15 02:51:41.981,1114.750555555556
Pulse experiments,pioreactor01,2026-08-14T21:06:56.983Z,0.082015868494,2026-08-15 02:51:56.983,1114.754722222222
Pulse experiments,pioreactor01,2026-08-14T21:07:01.984Z,0.082250615319,2026-08-15 02:52:01.984,1114.756111111111
Pulse experiments,pioreactor01,2026-08-14T21:07:06.982Z,0.082348395633,2026-08-15 02:52:06.982,1114.7575
Pulse experiments,pioreactor01,2026-08-14T21:07:11.982Z,0.082505820288,2026-08-15 02:52:11.982,1114.758888888889
Pulse experiments,pioreactor01,2026-08-14T21:07:16.984Z,0.082657646795,2026-08-15 02:52:16.984,1114.760277777778
Pulse experiments,pioreactor01,2026-08-14T21:07:21.982Z,0.082672771427,2026-08-15 02:52:21.982,1114.761666666667
Pulse experiments,pioreactor01,2026-08-14T21:07:26.982Z,0.082734493139,2026-08-15 02:52:26.982,1114.763055555556
Pulse experiments,pioreactor01,2026-08-14T21:07:31.983Z,0.082711776416,2026-08-15 02:52:31.983,1114.764444444445
Pulse experiments,pioreactor01,2026-08-14T21:07:36.981Z,0.082805415461,2026-08-15 02:52:36.981,1114.765833333333
Pulse experiments,pioreactor01,2026-08-14T21:07:41.980Z,0.082912623318,2026-08-15 02:52:41.980,1114.767222222222
Pulse experiments,pioreactor01,2026-08-14T21:07:46.984Z,0.083112811599,2026-08-15 02:52:46.984,1114.768611111111
Pulse experiments,pioreactor01,2026-08-14T21:07:51.981Z,0.083350306013,2026-08-15 02:52:51.981,1114.77
Pulse experiments,pioreactor01,2026-08-14T21:07:56.982Z,0.083496031522,2026-08-15 02:52:56.982,1114.771388888889
Pulse experiments,pioreactor01,2026-08-14T21:08:01.984Z,0.083483815781,2026-08-15 02:53:01.984,1114.772777777778
Pulse experiments,pioreactor01,2026-08-14T21:08:06.982Z,0.083565234914,2026-08-15 02:53:06.982,1114.774166666667
Pulse experiments,pioreactor01,2026-08-14T21:08:11.982Z,0.083649013275,2026-08-15 02:53:11.982,1114.775555555555
Pulse experiments,pioreactor01,2026-08-14T21:08:16.983Z,0.083736040247,2026-08-15 02:53:16.983,1114.776944444445
Pulse experiments,pioreactor01,2026-08-14T21:08:21.983Z,0.083824745555,2026-08-15 02:53:21.983,1114.778333333333
Pulse experiments,pioreactor01,2026-08-14T21:08:26.984Z,0.083827694419,2026-08-15 02:53:26.984,1114.779722222222
Pulse experiments,pioreactor01,2026-08-14T21:08:31.982Z,0.083801005494,2026-08-15 02:53:31.982,1114.781111111111
Pulse experiments,pioreactor01,2026-08-14T21:08:36.982Z,0.083911304731,2026-08-15 02:53:36.982,1114.7825
Pulse experiments,pioreactor01,2026-08-14T21:08:41.986Z,0.083999315691,2026-08-15 02:53:41.986,1114.783888888889
Pulse experiments,pioreactor01,2026-08-14T21:08:46.981Z,0.083895883109,2026-08-15 02:53:46.981,1114.785277777778
Pulse experiments,pioreactor01,2026-08-14T21:08:51.981Z,0.083782111829,2026-08-15 02:53:51.981,1114.786666666667
Pulse experiments,pioreactor01,2026-08-14T21:08:56.982Z,0.083858479186,2026-08-15 02:53:56.982,1114.788055555556
Pulse experiments,pioreactor01,2026-08-14T21:09:01.982Z,0.083955875653,2026-08-15 02:54:01.982,1114.789444444444
Pulse experiments,pioreactor01,2026-08-14T21:09:06.982Z,0.083915911728,2026-08-15 02:54:06.982,1114.790833333333
Pulse experiments,pioreactor01,2026-08-14T21:09:11.982Z,0.084092255397,2026-08-15 02:54:11.982,1114.792222222222
Pulse experiments,pioreactor01,2026-08-14T21:09:16.982Z,0.084272758926,2026-08-15 02:54:16.982,1114.793611111111
Pulse experiments,pioreactor01,2026-08-14T21:09:21.983Z,0.08442819639,2026-08-15 02:54:21.983,1114.795
Pulse experiments,pioreactor01,2026-08-14T21:09:26.984Z,0.084597602527,2026-08-15 02:54:26.984,1114.796388888889
Pulse experiments,pioreactor01,2026-08-14T21:09:31.984Z,0.084674692382,2026-08-15 02:54:31.984,1114.797777777778
Pulse experiments,pioreactor01,2026-08-14T21:09:36.981Z,0.084795292926,2026-08-15 02:54:36.981,1114.799166666667
Pulse experiments,pioreactor01,2026-08-14T21:09:41.981Z,0.084923482451,2026-08-15 02:54:41.981,1114.800555555556
Pulse experiments,pioreactor01,2026-08-14T21:09:46.981Z,0.084951455857,2026-08-15 02:54:46.981,1114.801944444444
Pulse experiments,pioreactor01,2026-08-14T21:09:51.983Z,0.085039323873,2026-08-15 02:54:51.983,1114.803333333333
Pulse experiments,pioreactor01,2026-08-14T21:09:56.983Z,0.085082082222,2026-08-15 02:54:56.983,1114.804722222222
Pulse experiments,pioreactor01,2026-08-14T21:10:01.980Z,0.085211877495,2026-08-15 02:55:01.980,1114.806111111111
Pulse experiments,pioreactor01,2026-08-14T21:10:06.982Z,0.085368571417,2026-08-15 02:55:06.982,1114.8075
Pulse experiments,pioreactor01,2026-08-14T21:10:11.982Z,0.085470624895,2026-08-15 02:55:11.982,1114.808888888889
Pulse experiments,pioreactor01,2026-08-14T21:10:16.982Z,0.085515636421,2026-08-15 02:55:16.982,1114.810277777778
Pulse experiments,pioreactor01,2026-08-14T21:10:21.982Z,0.085577595927,2026-08-15 02:55:21.982,1114.811666666667
Pulse experiments,pioreactor01,2026-08-14T21:10:26.981Z,0.085591498263,2026-08-15 02:55:26.981,1114.813055555556
Pulse experiments,pioreactor01,2026-08-14T21:10:31.982Z,0.085654698714,2026-08-15 02:55:31.982,1114.814444444444
Pulse experiments,pioreactor01,2026-08-14T21:10:36.983Z,0.085720705479,2026-08-15 02:55:36.983,1114.815833333333
Pulse experiments,pioreactor01,2026-08-14T21:10:41.982Z,0.085770068463,2026-08-15 02:55:41.982,1114.817222222222
Pulse experiments,pioreactor01,2026-08-14T21:10:46.982Z,0.08580993294,2026-08-15 02:55:46.982,1114.818611111111
Pulse experiments,pioreactor01,2026-08-14T21:10:51.982Z,0.085886079999,2026-08-15 02:55:51.982,1114.82
Pulse experiments,pioreactor01,2026-08-14T21:10:56.982Z,0.085986811446,2026-08-15 02:55:56.982,1114.821388888889
Pulse experiments,pioreactor01,2026-08-14T21:11:01.981Z,0.086113687644,2026-08-15 02:56:01.981,1114.822777777778
Pulse experiments,pioreactor01,2026-08-14T21:11:16.982Z,0.086037122423,2026-08-15 02:56:16.982,1114.826944444445
Pulse experiments,pioreactor01,2026-08-14T21:11:21.985Z,0.086038841377,2026-08-15 02:56:21.985,1114.828333333333
Pulse experiments,pioreactor01,2026-08-14T21:11:26.982Z,0.086021268209,2026-08-15 02:56:26.982,1114.829722222222
Pulse experiments,pioreactor01,2026-08-14T21:11:36.982Z,0.08602512249,2026-08-15 02:56:36.982,1114.8325
Pulse experiments,pioreactor01,2026-08-14T21:11:41.984Z,0.086025481206,2026-08-15 02:56:41.984,1114.833888888889
Pulse experiments,pioreactor01,2026-08-14T21:11:46.984Z,0.086112142289,2026-08-15 02:56:46.984,1114.835277777778
Pulse experiments,pioreactor01,2026-08-14T21:11:51.982Z,0.08620915425,2026-08-15 02:56:51.982,1114.836666666667
Pulse experiments,pioreactor01,2026-08-14T21:11:56.981Z,0.086306606293,2026-08-15 02:56:56.981,1114.838055555555
Pulse experiments,pioreactor01,2026-08-14T21:12:01.981Z,0.086432763399,2026-08-15 02:57:01.981,1114.839444444445
Pulse experiments,pioreactor01,2026-08-14T21:12:06.981Z,0.086466498831,2026-08-15 02:57:06.981,1114.840833333333
Pulse experiments,pioreactor01,2026-08-14T21:12:11.983Z,0.086435699603,2026-08-15 02:57:11.983,1114.842222222222
Pulse experiments,pioreactor01,2026-08-14T21:12:16.982Z,0.086437678945,2026-08-15 02:57:16.982,1114.843611111111
Pulse experiments,pioreactor01,2026-08-14T21:12:21.982Z,0.086402990057,2026-08-15 02:57:21.982,1114.845
Pulse experiments,pioreactor01,2026-08-14T21:12:26.982Z,0.086398157282,2026-08-15 02:57:26.982,1114.846388888889
Pulse experiments,pioreactor01,2026-08-14T21:12:31.982Z,0.0864800313,2026-08-15 02:57:31.982,1114.847777777778
Pulse experiments,pioreactor01,2026-08-14T21:12:36.983Z,0.086619143394,2026-08-15 02:57:36.983,1114.849166666667
Pulse experiments,pioreactor01,2026-08-14T21:12:41.981Z,0.086710976918,2026-08-15 02:57:41.981,1114.850555555556
Pulse experiments,pioreactor01,2026-08-14T21:12:46.982Z,0.086796917932,2026-08-15 02:57:46.982,1114.851944444444
Pulse experiments,pioreactor01,2026-08-14T21:12:51.981Z,0.086858040303,2026-08-15 02:57:51.981,1114.853333333333
Pulse experiments,pioreactor01,2026-08-14T21:12:56.981Z,0.08700062137,2026-08-15 02:57:56.981,1114.854722222222
Pulse experiments,pioreactor01,2026-08-14T21:13:01.983Z,0.087145017682,2026-08-15 02:58:01.983,1114.856111111111
Pulse experiments,pioreactor01,2026-08-14T21:13:06.982Z,0.087143556144,2026-08-15 02:58:06.982,1114.8575
Pulse experiments,pioreactor01,2026-08-14T21:13:16.985Z,0.08711520237,2026-08-15 02:58:16.985,1114.860277777778
Pulse experiments,pioreactor01,2026-08-14T21:13:21.983Z,0.087101058877,2026-08-15 02:58:21.983,1114.861666666667
Pulse experiments,pioreactor01,2026-08-14T21:13:26.982Z,0.087103872721,2026-08-15 02:58:26.982,1114.863055555556
Pulse experiments,pioreactor01,2026-08-14T21:13:31.984Z,0.087191452311,2026-08-15 02:58:31.984,1114.864444444444
Pulse experiments,pioreactor01,2026-08-14T21:13:36.984Z,0.08727444409,2026-08-15 02:58:36.984,1114.865833333333
Pulse experiments,pioreactor01,2026-08-14T21:13:41.984Z,0.087380271286,2026-08-15 02:58:41.984,1114.867222222222
Pulse experiments,pioreactor01,2026-08-14T21:13:51.981Z,0.087361157918,2026-08-15 02:58:51.981,1114.87
Pulse experiments,pioreactor01,2026-08-14T21:13:56.981Z,0.087284504832,2026-08-15 02:58:56.981,1114.871388888889
Pulse experiments,pioreactor01,2026-08-14T21:14:01.984Z,0.087374091264,2026-08-15 02:59:01.984,1114.872777777778
Pulse experiments,pioreactor01,2026-08-14T21:14:06.981Z,0.087385007576,2026-08-15 02:59:06.981,1114.874166666667
Pulse experiments,pioreactor01,2026-08-14T21:14:11.981Z,0.087435014355,2026-08-15 02:59:11.981,1114.875555555556
Pulse experiments,pioreactor01,2026-08-14T21:14:16.983Z,0.087374278361,2026-08-15 02:59:16.983,1114.876944444444
Pulse experiments,pioreactor01,2026-08-14T21:14:21.982Z,0.087309608936,2026-08-15 02:59:21.982,1114.878333333333
Pulse experiments,pioreactor01,2026-08-14T21:14:26.984Z,0.087404340317,2026-08-15 02:59:26.984,1114.879722222222
Pulse experiments,pioreactor01,2026-08-14T21:14:31.982Z,0.087479725034,2026-08-15 02:59:31.982,1114.881111111111
Pulse experiments,pioreactor01,2026-08-14T21:14:36.981Z,0.087520426188,2026-08-15 02:59:36.981,1114.8825
Pulse experiments,pioreactor01,2026-08-14T21:14:41.983Z,0.087577905019,2026-08-15 02:59:41.983,1114.883888888889
Pulse experiments,pioreactor01,2026-08-14T21:14:46.982Z,0.087637759324,2026-08-15 02:59:46.982,1114.885277777778
Pulse experiments,pioreactor01,2026-08-14T21:14:51.982Z,0.087659167927,2026-08-15 02:59:51.982,1114.886666666667
Pulse experiments,pioreactor01,2026-08-14T21:14:56.984Z,0.087751598104,2026-08-15 02:59:56.984,1114.888055555556
Pulse experiments,pioreactor01,2026-08-14T21:15:01.981Z,0.087815708649,2026-08-15 03:00:01.981,1114.889444444445
Pulse experiments,pioreactor01,2026-08-14T21:15:06.981Z,0.087815769147,2026-08-15 03:00:06.981,1114.890833333333
Pulse experiments,pioreactor01,2026-08-14T21:15:16.983Z,0.087848453987,2026-08-15 03:00:16.983,1114.893611111111
Pulse experiments,pioreactor01,2026-08-14T21:15:21.982Z,0.087838012362,2026-08-15 03:00:21.982,1114.895
Pulse experiments,pioreactor01,2026-08-14T21:15:26.982Z,0.087876161931,2026-08-15 03:00:26.982,1114.896388888889
Pulse experiments,pioreactor01,2026-08-14T21:15:31.984Z,0.087920687842,2026-08-15 03:00:31.984,1114.897777777778
Pulse experiments,pioreactor01,2026-08-14T21:15:36.982Z,0.087965500317,2026-08-15 03:00:36.982,1114.899166666667
Pulse experiments,pioreactor01,2026-08-14T21:15:41.982Z,0.08811978786,2026-08-15 03:00:41.982,1114.900555555555
Pulse experiments,pioreactor01,2026-08-14T21:15:46.983Z,0.08821846802,2026-08-15 03:00:46.983,1114.901944444445
Pulse experiments,pioreactor01,2026-08-14T21:15:51.984Z,0.088187410817,2026-08-15 03:00:51.984,1114.903333333333
Pulse experiments,pioreactor01,2026-08-14T21:15:56.982Z,0.088159740478,2026-08-15 03:00:56.982,1114.904722222222
Pulse experiments,pioreactor01,2026-08-14T21:16:01.984Z,0.088159304023,2026-08-15 03:01:01.984,1114.906111111111
Pulse experiments,pioreactor01,2026-08-14T21:16:06.982Z,0.088132061265,2026-08-15 03:01:06.982,1114.9075
Pulse experiments,pioreactor01,2026-08-14T21:16:11.981Z,0.088138882518,2026-08-15 03:01:11.981,1114.908888888889
Pulse experiments,pioreactor01,2026-08-14T21:16:16.984Z,0.088088560949,2026-08-15 03:01:16.984,1114.910277777778
Pulse experiments,pioreactor01,2026-08-14T21:16:21.981Z,0.088078189523,2026-08-15 03:01:21.981,1114.911666666667
Pulse experiments,pioreactor01,2026-08-14T21:16:26.981Z,0.088049136627,2026-08-15 03:01:26.981,1114.913055555556
Pulse experiments,pioreactor01,2026-08-14T21:16:31.981Z,0.088046448027,2026-08-15 03:01:31.981,1114.914444444444
Pulse experiments,pioreactor01,2026-08-14T21:16:36.983Z,0.087918818375,2026-08-15 03:01:36.983,1114.915833333333
Pulse experiments,pioreactor01,2026-08-14T21:16:41.983Z,0.087889327145,2026-08-15 03:01:41.983,1114.917222222222
Pulse experiments,pioreactor01,2026-08-14T21:16:46.982Z,0.087949893534,2026-08-15 03:01:46.982,1114.918611111111
Pulse experiments,pioreactor01,2026-08-14T21:16:51.982Z,0.087961929402,2026-08-15 03:01:51.982,1114.92
Pulse experiments,pioreactor01,2026-08-14T21:16:56.984Z,0.087954939139,2026-08-15 03:01:56.984,1114.921388888889
Pulse experiments,pioreactor01,2026-08-14T21:17:01.981Z,0.088047137335,2026-08-15 03:02:01.981,1114.922777777778
Pulse experiments,pioreactor01,2026-08-14T21:17:06.985Z,0.088085097435,2026-08-15 03:02:06.985,1114.924166666667
Pulse experiments,pioreactor01,2026-08-14T21:17:11.985Z,0.088121216172,2026-08-15 03:02:11.985,1114.925555555556
Pulse experiments,pioreactor01,2026-08-14T21:17:16.982Z,0.088124000176,2026-08-15 03:02:16.982,1114.926944444444
Pulse experiments,pioreactor01,2026-08-14T21:17:21.982Z,0.088233001986,2026-08-15 03:02:21.982,1114.928333333333
Pulse experiments,pioreactor01,2026-08-14T21:17:26.983Z,0.088285179168,2026-08-15 03:02:26.983,1114.929722222222
Pulse experiments,pioreactor01,2026-08-14T21:17:31.982Z,0.088404670309,2026-08-15 03:02:31.982,1114.931111111111
Pulse experiments,pioreactor01,2026-08-14T21:17:36.984Z,0.088475282515,2026-08-15 03:02:36.984,1114.9325
Pulse experiments,pioreactor01,2026-08-14T21:17:41.984Z,0.088503511076,2026-08-15 03:02:41.984,1114.933888888889
Pulse experiments,pioreactor01,2026-08-14T21:17:46.982Z,0.088543133518,2026-08-15 03:02:46.982,1114.935277777778
Pulse experiments,pioreactor01,2026-08-14T21:17:51.982Z,0.088573040588,2026-08-15 03:02:51.982,1114.936666666667
Pulse experiments,pioreactor01,2026-08-14T21:17:56.981Z,0.088617957087,2026-08-15 03:02:56.981,1114.938055555556
Pulse experiments,pioreactor01,2026-08-14T21:18:01.982Z,0.088649485654,2026-08-15 03:03:01.982,1114.939444444444
Pulse experiments,pioreactor01,2026-08-14T21:18:06.985Z,0.088652707509,2026-08-15 03:03:06.985,1114.940833333333
Pulse experiments,pioreactor01,2026-08-14T21:18:11.984Z,0.088696480256,2026-08-15 03:03:11.984,1114.942222222222
Pulse experiments,pioreactor01,2026-08-14T21:18:16.983Z,0.088649452736,2026-08-15 03:03:16.983,1114.943611111111
Pulse experiments,pioreactor01,2026-08-14T21:18:21.982Z,0.088632095209,2026-08-15 03:03:21.982,1114.945
Pulse experiments,pioreactor01,2026-08-14T21:18:26.981Z,0.088738770358,2026-08-15 03:03:26.981,1114.946388888889
Pulse experiments,pioreactor01,2026-08-14T21:18:31.985Z,0.088859652122,2026-08-15 03:03:31.985,1114.947777777778
Pulse experiments,pioreactor01,2026-08-14T21:18:36.981Z,0.088905706943,2026-08-15 03:03:36.981,1114.949166666667
Pulse experiments,pioreactor01,2026-08-14T21:18:41.982Z,0.088812220421,2026-08-15 03:03:41.982,1114.950555555556
Pulse experiments,pioreactor01,2026-08-14T21:18:46.984Z,0.088802571442,2026-08-15 03:03:46.984,1114.951944444445
Pulse experiments,pioreactor01,2026-08-14T21:18:51.982Z,0.088801038383,2026-08-15 03:03:51.982,1114.953333333333
Pulse experiments,pioreactor01,2026-08-14T21:18:56.983Z,0.08875713603,2026-08-15 03:03:56.983,1114.954722222222
Pulse experiments,pioreactor01,2026-08-14T21:19:01.983Z,0.088663299199,2026-08-15 03:04:01.983,1114.956111111111
Pulse experiments,pioreactor01,2026-08-14T21:19:06.982Z,0.088588769733,2026-08-15 03:04:06.982,1114.9575
Pulse experiments,pioreactor01,2026-08-14T21:19:11.987Z,0.088606460542,2026-08-15 03:04:11.987,1114.958888888889
Pulse experiments,pioreactor01,2026-08-14T21:19:16.982Z,0.088610175795,2026-08-15 03:04:16.982,1114.960277777778
Pulse experiments,pioreactor01,2026-08-14T21:19:21.981Z,0.088764787971,2026-08-15 03:04:21.981,1114.961666666667
Pulse experiments,pioreactor01,2026-08-14T21:19:26.983Z,0.088896812724,2026-08-15 03:04:26.983,1114.963055555555
Pulse experiments,pioreactor01,2026-08-14T21:19:31.982Z,0.088984093312,2026-08-15 03:04:31.982,1114.964444444445
Pulse experiments,pioreactor01,2026-08-14T21:19:36.983Z,0.089110745355,2026-08-15 03:04:36.983,1114.965833333333
Pulse experiments,pioreactor01,2026-08-14T21:19:41.984Z,0.089143708281,2026-08-15 03:04:41.984,1114.967222222222
Pulse experiments,pioreactor01,2026-08-14T21:19:46.981Z,0.089219240161,2026-08-15 03:04:46.981,1114.968611111111
Pulse experiments,pioreactor01,2026-08-14T21:19:51.983Z,0.089274270637,2026-08-15 03:04:51.983,1114.97
Pulse experiments,pioreactor01,2026-08-14T21:19:56.980Z,0.089349949868,2026-08-15 03:04:56.980,1114.971388888889
Pulse experiments,pioreactor01,2026-08-14T21:20:01.982Z,0.089382363283,2026-08-15 03:05:01.982,1114.972777777778
Pulse experiments,pioreactor01,2026-08-14T21:20:06.981Z,0.089421766015,2026-08-15 03:05:06.981,1114.974166666667
Pulse experiments,pioreactor01,2026-08-14T21:20:11.983Z,0.089535659056,2026-08-15 03:05:11.983,1114.975555555556
Pulse experiments,pioreactor01,2026-08-14T21:20:16.981Z,0.089676947393,2026-08-15 03:05:16.981,1114.976944444444
Pulse experiments,pioreactor01,2026-08-14T21:20:21.984Z,0.089690989024,2026-08-15 03:05:21.984,1114.978333333333
Pulse experiments,pioreactor01,2026-08-14T21:20:26.981Z,0.089739921316,2026-08-15 03:05:26.981,1114.979722222222
Pulse experiments,pioreactor01,2026-08-14T21:20:31.983Z,0.089828842222,2026-08-15 03:05:31.983,1114.981111111111
Pulse experiments,pioreactor01,2026-08-14T21:20:36.981Z,0.089943948381,2026-08-15 03:05:36.981,1114.9825
Pulse experiments,pioreactor01,2026-08-14T21:20:41.981Z,0.090026010052,2026-08-15 03:05:41.981,1114.983888888889
Pulse experiments,pioreactor01,2026-08-14T21:20:46.983Z,0.09011693384,2026-08-15 03:05:46.983,1114.985277777778
Pulse experiments,pioreactor01,2026-08-14T21:20:51.980Z,0.090187415747,2026-08-15 03:05:51.980,1114.986666666667
Pulse experiments,pioreactor01,2026-08-14T21:20:56.982Z,0.09021811597,2026-08-15 03:05:56.982,1114.988055555556
Pulse experiments,pioreactor01,2026-08-14T21:21:01.983Z,0.090140593955,2026-08-15 03:06:01.983,1114.989444444444
Pulse experiments,pioreactor01,2026-08-14T21:21:06.982Z,0.090096776447,2026-08-15 03:06:06.982,1114.990833333333
Pulse experiments,pioreactor01,2026-08-14T21:21:16.981Z,0.090056155039,2026-08-15 03:06:16.981,1114.993611111111
Pulse experiments,pioreactor01,2026-08-14T21:21:21.980Z,0.090178465175,2026-08-15 03:06:21.980,1114.995
Pulse experiments,pioreactor01,2026-08-14T21:21:26.981Z,0.090261219958,2026-08-15 03:06:26.981,1114.996388888889
Pulse experiments,pioreactor01,2026-08-14T21:21:31.983Z,0.090288824144,2026-08-15 03:06:31.983,1114.997777777778
Pulse experiments,pioreactor01,2026-08-14T21:21:36.982Z,0.090293447058,2026-08-15 03:06:36.982,1114.999166666667
Pulse experiments,pioreactor01,2026-08-14T21:21:41.981Z,0.090240854896,2026-08-15 03:06:41.981,1115.000555555556
Pulse experiments,pioreactor01,2026-08-14T21:21:51.982Z,0.090235770425,2026-08-15 03:06:51.982,1115.003333333333
Pulse experiments,pioreactor01,2026-08-14T21:21:56.982Z,0.090256936792,2026-08-15 03:06:56.982,1115.004722222222
Pulse experiments,pioreactor01,2026-08-14T21:22:01.982Z,0.090273425559,2026-08-15 03:07:01.982,1115.006111111111
Pulse experiments,pioreactor01,2026-08-14T21:22:06.983Z,0.090302811335,2026-08-15 03:07:06.983,1115.0075
Pulse experiments,pioreactor01,2026-08-14T21:22:11.982Z,0.090342109893,2026-08-15 03:07:11.982,1115.008888888889
Pulse experiments,pioreactor01,2026-08-14T21:22:16.981Z,0.090409606539,2026-08-15 03:07:16.981,1115.010277777778
Pulse experiments,pioreactor01,2026-08-14T21:22:26.982Z,0.090427594212,2026-08-15 03:07:26.982,1115.013055555556
Pulse experiments,pioreactor01,2026-08-14T21:22:31.982Z,0.090420587304,2026-08-15 03:07:31.982,1115.014444444445
Pulse experiments,pioreactor01,2026-08-14T21:22:36.980Z,0.090399392689,2026-08-15 03:07:36.980,1115.015833333333
Pulse experiments,pioreactor01,2026-08-14T21:22:41.982Z,0.090322548204,2026-08-15 03:07:41.982,1115.017222222222
Pulse experiments,pioreactor01,2026-08-14T21:22:46.984Z,0.09031567608,2026-08-15 03:07:46.984,1115.018611111111
Pulse experiments,pioreactor01,2026-08-14T21:22:51.984Z,0.09034683152,2026-08-15 03:07:51.984,1115.02
Pulse experiments,pioreactor01,2026-08-14T21:22:56.982Z,0.090382284519,2026-08-15 03:07:56.982,1115.021388888889
Pulse experiments,pioreactor01,2026-08-14T21:23:01.983Z,0.090369931401,2026-08-15 03:08:01.983,1115.022777777778
Pulse experiments,pioreactor01,2026-08-14T21:23:06.983Z,0.090382744014,2026-08-15 03:08:06.983,1115.024166666667
Pulse experiments,pioreactor01,2026-08-14T21:23:11.983Z,0.090369717593,2026-08-15 03:08:11.983,1115.025555555555
Pulse experiments,pioreactor01,2026-08-14T21:23:16.983Z,0.090395611086,2026-08-15 03:08:16.983,1115.026944444445
Pulse experiments,pioreactor01,2026-08-14T21:23:21.982Z,0.090406160004,2026-08-15 03:08:21.982,1115.028333333333
Pulse experiments,pioreactor01,2026-08-14T21:23:26.981Z,0.090451605615,2026-08-15 03:08:26.981,1115.029722222222
Pulse experiments,pioreactor01,2026-08-14T21:23:31.983Z,0.090483665914,2026-08-15 03:08:31.983,1115.031111111111
Pulse experiments,pioreactor01,2026-08-14T21:23:36.984Z,0.090464531498,2026-08-15 03:08:36.984,1115.0325
Pulse experiments,pioreactor01,2026-08-14T21:23:41.982Z,0.090481445499,2026-08-15 03:08:41.982,1115.033888888889
Pulse experiments,pioreactor01,2026-08-14T21:23:51.984Z,0.090527199248,2026-08-15 03:08:51.984,1115.036666666667
Pulse experiments,pioreactor01,2026-08-14T21:23:56.982Z,0.090592140064,2026-08-15 03:08:56.982,1115.038055555556
Pulse experiments,pioreactor01,2026-08-14T21:24:01.981Z,0.090629732217,2026-08-15 03:09:01.981,1115.039444444444
Pulse experiments,pioreactor01,2026-08-14T21:24:06.981Z,0.090674855081,2026-08-15 03:09:06.981,1115.040833333333
Pulse experiments,pioreactor01,2026-08-14T21:24:11.983Z,0.090771535379,2026-08-15 03:09:11.983,1115.042222222222
Pulse experiments,pioreactor01,2026-08-14T21:24:16.982Z,0.090791014006,2026-08-15 03:09:16.982,1115.043611111111
Pulse experiments,pioreactor01,2026-08-14T21:24:21.982Z,0.090782134971,2026-08-15 03:09:21.982,1115.045
Pulse experiments,pioreactor01,2026-08-14T21:24:26.981Z,0.090741961893,2026-08-15 03:09:26.981,1115.046388888889
Pulse experiments,pioreactor01,2026-08-14T21:24:31.981Z,0.090714457358,2026-08-15 03:09:31.981,1115.047777777778
Pulse experiments,pioreactor01,2026-08-14T21:24:36.983Z,0.090721064606,2026-08-15 03:09:36.983,1115.049166666667
Pulse experiments,pioreactor01,2026-08-14T21:24:41.982Z,0.090659416394,2026-08-15 03:09:41.982,1115.050555555556
Pulse experiments,pioreactor01,2026-08-14T21:24:46.982Z,0.090551456455,2026-08-15 03:09:46.982,1115.051944444444
Pulse experiments,pioreactor01,2026-08-14T21:24:51.981Z,0.090487799633,2026-08-15 03:09:51.981,1115.053333333333
Pulse experiments,pioreactor01,2026-08-14T21:24:56.985Z,0.090411445787,2026-08-15 03:09:56.985,1115.054722222222
Pulse experiments,pioreactor01,2026-08-14T21:25:01.983Z,0.090384281153,2026-08-15 03:10:01.983,1115.056111111111
Pulse experiments,pioreactor01,2026-08-14T21:25:06.982Z,0.090378190643,2026-08-15 03:10:06.982,1115.0575
Pulse experiments,pioreactor01,2026-08-14T21:25:11.983Z,0.09034605216,2026-08-15 03:10:11.983,1115.058888888889
Pulse experiments,pioreactor01,2026-08-14T21:25:16.981Z,0.090307957482,2026-08-15 03:10:16.981,1115.060277777778
Pulse experiments,pioreactor01,2026-08-14T21:25:21.982Z,0.090305076295,2026-08-15 03:10:21.982,1115.061666666667
Pulse experiments,pioreactor01,2026-08-14T21:25:26.981Z,0.090350884812,2026-08-15 03:10:26.981,1115.063055555556
Pulse experiments,pioreactor01,2026-08-14T21:25:31.981Z,0.090447337388,2026-08-15 03:10:31.981,1115.064444444444
Pulse experiments,pioreactor01,2026-08-14T21:25:36.982Z,0.090501929523,2026-08-15 03:10:36.982,1115.065833333333
Pulse experiments,pioreactor01,2026-08-14T21:25:41.981Z,0.090587632548,2026-08-15 03:10:41.981,1115.067222222222
Pulse experiments,pioreactor01,2026-08-14T21:25:46.982Z,0.090634362522,2026-08-15 03:10:46.982,1115.068611111111
Pulse experiments,pioreactor01,2026-08-14T21:25:51.981Z,0.090667257065,2026-08-15 03:10:51.981,1115.07
Pulse experiments,pioreactor01,2026-08-14T21:25:56.981Z,0.090602455134,2026-08-15 03:10:56.981,1115.071388888889
Pulse experiments,pioreactor01,2026-08-14T21:26:01.981Z,0.090572593276,2026-08-15 03:11:01.981,1115.072777777778
Pulse experiments,pioreactor01,2026-08-14T21:26:06.981Z,0.090651516417,2026-08-15 03:11:06.981,1115.074166666667
Pulse experiments,pioreactor01,2026-08-14T21:26:11.982Z,0.090674745133,2026-08-15 03:11:11.982,1115.075555555556
Pulse experiments,pioreactor01,2026-08-14T21:26:16.982Z,0.090772061455,2026-08-15 03:11:16.982,1115.076944444445
Pulse experiments,pioreactor01,2026-08-14T21:26:21.981Z,0.090847018134,2026-08-15 03:11:21.981,1115.078333333333
Pulse experiments,pioreactor01,2026-08-14T21:26:26.981Z,0.090947858601,2026-08-15 03:11:26.981,1115.079722222222
Pulse experiments,pioreactor01,2026-08-14T21:26:31.985Z,0.091043545998,2026-08-15 03:11:31.985,1115.081111111111
Pulse experiments,pioreactor01,2026-08-14T21:26:36.982Z,0.09113860316,2026-08-15 03:11:36.982,1115.0825
Pulse experiments,pioreactor01,2026-08-14T21:26:41.983Z,0.09125455934,2026-08-15 03:11:41.983,1115.083888888889
Pulse experiments,pioreactor01,2026-08-14T21:26:46.984Z,0.09135662425,2026-08-15 03:11:46.984,1115.085277777778
Pulse experiments,pioreactor01,2026-08-14T21:26:51.983Z,0.091469997768,2026-08-15 03:11:51.983,1115.086666666667
Pulse experiments,pioreactor01,2026-08-14T21:26:56.981Z,0.091593535714,2026-08-15 03:11:56.981,1115.088055555555
Pulse experiments,pioreactor01,2026-08-14T21:27:01.983Z,0.091742263464,2026-08-15 03:12:01.983,1115.089444444445
Pulse experiments,pioreactor01,2026-08-14T21:27:06.983Z,0.091743916382,2026-08-15 03:12:06.983,1115.090833333333
Pulse experiments,pioreactor01,2026-08-14T21:27:11.980Z,0.091700073969,2026-08-15 03:12:11.980,1115.092222222222
Pulse experiments,pioreactor01,2026-08-14T21:27:16.982Z,0.091707648415,2026-08-15 03:12:16.982,1115.093611111111
Pulse experiments,pioreactor01,2026-08-14T21:27:21.982Z,0.091665053497,2026-08-15 03:12:21.982,1115.095
Pulse experiments,pioreactor01,2026-08-14T21:27:26.981Z,0.091674502511,2026-08-15 03:12:26.981,1115.096388888889
Pulse experiments,pioreactor01,2026-08-14T21:27:31.983Z,0.091687634771,2026-08-15 03:12:31.983,1115.097777777778
Pulse experiments,pioreactor01,2026-08-14T21:27:36.984Z,0.091662491292,2026-08-15 03:12:36.984,1115.099166666667
Pulse experiments,pioreactor01,2026-08-14T21:27:41.981Z,0.091608542963,2026-08-15 03:12:41.981,1115.100555555556
Pulse experiments,pioreactor01,2026-08-14T21:27:46.981Z,0.091562479022,2026-08-15 03:12:46.981,1115.101944444444
Pulse experiments,pioreactor01,2026-08-14T21:27:51.984Z,0.09156083971,2026-08-15 03:12:51.984,1115.103333333333
Pulse experiments,pioreactor01,2026-08-14T21:27:56.981Z,0.091538605557,2026-08-15 03:12:56.981,1115.104722222222
Pulse experiments,pioreactor01,2026-08-14T21:28:01.982Z,0.091641569277,2026-08-15 03:13:01.982,1115.106111111111
Pulse experiments,pioreactor01,2026-08-14T21:28:06.982Z,0.091709556431,2026-08-15 03:13:06.982,1115.1075
Pulse experiments,pioreactor01,2026-08-14T21:28:11.982Z,0.091808079229,2026-08-15 03:13:11.982,1115.108888888889
Pulse experiments,pioreactor01,2026-08-14T21:28:16.981Z,0.091855891057,2026-08-15 03:13:16.981,1115.110277777778
Pulse experiments,pioreactor01,2026-08-14T21:28:21.984Z,0.09194309347,2026-08-15 03:13:21.984,1115.111666666667
Pulse experiments,pioreactor01,2026-08-14T21:28:26.981Z,0.091950966394,2026-08-15 03:13:26.981,1115.113055555556
Pulse experiments,pioreactor01,2026-08-14T21:28:31.982Z,0.092029425864,2026-08-15 03:13:31.982,1115.114444444444
Pulse experiments,pioreactor01,2026-08-14T21:28:36.983Z,0.092024044324,2026-08-15 03:13:36.983,1115.115833333333
Pulse experiments,pioreactor01,2026-08-14T21:28:41.982Z,0.092020707659,2026-08-15 03:13:41.982,1115.117222222222
Pulse experiments,pioreactor01,2026-08-14T21:28:46.981Z,0.092068996113,2026-08-15 03:13:46.981,1115.118611111111
Pulse experiments,pioreactor01,2026-08-14T21:28:51.982Z,0.092125796562,2026-08-15 03:13:51.982,1115.12
Pulse experiments,pioreactor01,2026-08-14T21:28:56.982Z,0.092154825894,2026-08-15 03:13:56.982,1115.121388888889
Pulse experiments,pioreactor01,2026-08-14T21:29:01.983Z,0.092283776125,2026-08-15 03:14:01.983,1115.122777777778
Pulse experiments,pioreactor01,2026-08-14T21:29:06.982Z,0.092350010635,2026-08-15 03:14:06.982,1115.124166666667
Pulse experiments,pioreactor01,2026-08-14T21:29:11.981Z,0.092420847953,2026-08-15 03:14:11.981,1115.125555555556
Pulse experiments,pioreactor01,2026-08-14T21:29:21.982Z,0.09253384705,2026-08-15 03:14:21.982,1115.128333333333
Pulse experiments,pioreactor01,2026-08-14T21:29:26.985Z,0.092600881822,2026-08-15 03:14:26.985,1115.129722222222
Pulse experiments,pioreactor01,2026-08-14T21:29:31.982Z,0.092660427087,2026-08-15 03:14:31.982,1115.131111111111
Pulse experiments,pioreactor01,2026-08-14T21:29:36.982Z,0.092730835416,2026-08-15 03:14:36.982,1115.1325
Pulse experiments,pioreactor01,2026-08-14T21:29:41.984Z,0.092760349242,2026-08-15 03:14:41.984,1115.133888888889
Pulse experiments,pioreactor01,2026-08-14T21:29:46.985Z,0.092737684893,2026-08-15 03:14:46.985,1115.135277777778
Pulse experiments,pioreactor01,2026-08-14T21:29:51.982Z,0.092734118889,2026-08-15 03:14:51.982,1115.136666666667
Pulse experiments,pioreactor01,2026-08-14T21:29:56.982Z,0.092863952562,2026-08-15 03:14:56.982,1115.138055555556
Pulse experiments,pioreactor01,2026-08-14T21:30:01.981Z,0.093024406973,2026-08-15 03:15:01.981,1115.139444444445
Pulse experiments,pioreactor01,2026-08-14T21:30:06.983Z,0.093151786874,2026-08-15 03:15:06.983,1115.140833333333
Pulse experiments,pioreactor01,2026-08-14T21:30:11.981Z,0.093303920748,2026-08-15 03:15:11.981,1115.142222222222
Pulse experiments,pioreactor01,2026-08-14T21:30:16.981Z,0.093334120877,2026-08-15 03:15:16.981,1115.143611111111
Pulse experiments,pioreactor01,2026-08-14T21:30:21.986Z,0.09343527348,2026-08-15 03:15:21.986,1115.145
Pulse experiments,pioreactor01,2026-08-14T21:30:26.981Z,0.093494141406,2026-08-15 03:15:26.981,1115.146388888889
Pulse experiments,pioreactor01,2026-08-14T21:30:31.982Z,0.093534710172,2026-08-15 03:15:31.982,1115.147777777778
Pulse experiments,pioreactor01,2026-08-14T21:30:36.982Z,0.093562557375,2026-08-15 03:15:36.982,1115.149166666667
Pulse experiments,pioreactor01,2026-08-14T21:30:41.980Z,0.09370671606,2026-08-15 03:15:41.980,1115.150555555555
Pulse experiments,pioreactor01,2026-08-14T21:30:46.981Z,0.093840243787,2026-08-15 03:15:46.981,1115.151944444445
Pulse experiments,pioreactor01,2026-08-14T21:30:51.982Z,0.093992802463,2026-08-15 03:15:51.982,1115.153333333333
Pulse experiments,pioreactor01,2026-08-14T21:30:56.984Z,0.094150095608,2026-08-15 03:15:56.984,1115.154722222222
Pulse experiments,pioreactor01,2026-08-14T21:31:01.982Z,0.094206684455,2026-08-15 03:16:01.982,1115.156111111111
Pulse experiments,pioreactor01,2026-08-14T21:31:06.985Z,0.094193157363,2026-08-15 03:16:06.985,1115.1575
Pulse experiments,pioreactor01,2026-08-14T21:31:11.980Z,0.094192817228,2026-08-15 03:16:11.980,1115.158888888889
Pulse experiments,pioreactor01,2026-08-14T21:31:16.983Z,0.094168441588,2026-08-15 03:16:16.983,1115.160277777778
Pulse experiments,pioreactor01,2026-08-14T21:31:21.982Z,0.094193969491,2026-08-15 03:16:21.982,1115.161666666667
Pulse experiments,pioreactor01,2026-08-14T21:31:26.983Z,0.094259886859,2026-08-15 03:16:26.983,1115.163055555556
Pulse experiments,pioreactor01,2026-08-14T21:31:31.984Z,0.094354282368,2026-08-15 03:16:31.984,1115.164444444444
Pulse experiments,pioreactor01,2026-08-14T21:31:41.982Z,0.094374732825,2026-08-15 03:16:41.982,1115.167222222222
Pulse experiments,pioreactor01,2026-08-14T21:31:46.982Z,0.094398513636,2026-08-15 03:16:46.982,1115.168611111111
Pulse experiments,pioreactor01,2026-08-14T21:31:51.982Z,0.094413836434,2026-08-15 03:16:51.982,1115.17
Pulse experiments,pioreactor01,2026-08-14T21:31:56.985Z,0.094363563103,2026-08-15 03:16:56.985,1115.171388888889
Pulse experiments,pioreactor01,2026-08-14T21:32:01.981Z,0.094350306694,2026-08-15 03:17:01.981,1115.172777777778
Pulse experiments,pioreactor01,2026-08-14T21:32:06.982Z,0.094365044783,2026-08-15 03:17:06.982,1115.174166666667
Pulse experiments,pioreactor01,2026-08-14T21:32:11.981Z,0.09437103942,2026-08-15 03:17:11.981,1115.175555555556
Pulse experiments,pioreactor01,2026-08-14T21:32:21.981Z,0.094441128806,2026-08-15 03:17:21.981,1115.178333333333
Pulse experiments,pioreactor01,2026-08-14T21:32:26.986Z,0.094509273813,2026-08-15 03:17:26.986,1115.179722222222
Pulse experiments,pioreactor01,2026-08-14T21:32:31.983Z,0.094518678453,2026-08-15 03:17:31.983,1115.181111111111
Pulse experiments,pioreactor01,2026-08-14T21:32:36.983Z,0.094520296465,2026-08-15 03:17:36.983,1115.1825
Pulse experiments,pioreactor01,2026-08-14T21:32:41.981Z,0.094573522289,2026-08-15 03:17:41.981,1115.183888888889
Pulse experiments,pioreactor01,2026-08-14T21:32:46.986Z,0.094622781121,2026-08-15 03:17:46.986,1115.185277777778
Pulse experiments,pioreactor01,2026-08-14T21:32:51.983Z,0.094605157245,2026-08-15 03:17:51.983,1115.186666666667
Pulse experiments,pioreactor01,2026-08-14T21:32:56.984Z,0.094624507093,2026-08-15 03:17:56.984,1115.188055555556
Pulse experiments,pioreactor01,2026-08-14T21:33:06.981Z,0.094602247722,2026-08-15 03:18:06.981,1115.190833333333
Pulse experiments,pioreactor01,2026-08-14T21:33:11.984Z,0.094607778143,2026-08-15 03:18:11.984,1115.192222222222
Pulse experiments,pioreactor01,2026-08-14T21:33:16.982Z,0.094675955329,2026-08-15 03:18:16.982,1115.193611111111
Pulse experiments,pioreactor01,2026-08-14T21:33:21.981Z,0.094670177061,2026-08-15 03:18:21.981,1115.195
Pulse experiments,pioreactor01,2026-08-14T21:33:26.981Z,0.094626233092,2026-08-15 03:18:26.981,1115.196388888889
Pulse experiments,pioreactor01,2026-08-14T21:33:31.981Z,0.094583317386,2026-08-15 03:18:31.981,1115.197777777778
Pulse experiments,pioreactor01,2026-08-14T21:33:36.981Z,0.094631339752,2026-08-15 03:18:36.981,1115.199166666667
Pulse experiments,pioreactor01,2026-08-14T21:33:41.982Z,0.094745510428,2026-08-15 03:18:41.982,1115.200555555556
Pulse experiments,pioreactor01,2026-08-14T21:33:46.981Z,0.094826013455,2026-08-15 03:18:46.981,1115.201944444445
Pulse experiments,pioreactor01,2026-08-14T21:33:51.982Z,0.094821968227,2026-08-15 03:18:51.982,1115.203333333333
Pulse experiments,pioreactor01,2026-08-14T21:33:56.985Z,0.094851803657,2026-08-15 03:18:56.985,1115.204722222222
Pulse experiments,pioreactor01,2026-08-14T21:34:01.984Z,0.094889818352,2026-08-15 03:19:01.984,1115.206111111111
Pulse experiments,pioreactor01,2026-08-14T21:34:06.981Z,0.094908051113,2026-08-15 03:19:06.981,1115.2075
Pulse experiments,pioreactor01,2026-08-14T21:34:11.981Z,0.094976645568,2026-08-15 03:19:11.981,1115.208888888889
Pulse experiments,pioreactor01,2026-08-14T21:34:16.982Z,0.095077470994,2026-08-15 03:19:16.982,1115.210277777778
Pulse experiments,pioreactor01,2026-08-14T21:34:21.987Z,0.095165734697,2026-08-15 03:19:21.987,1115.211666666667
Pulse experiments,pioreactor01,2026-08-14T21:34:26.984Z,0.095247520159,2026-08-15 03:19:26.984,1115.213055555555
Pulse experiments,pioreactor01,2026-08-14T21:34:31.983Z,0.095430762183,2026-08-15 03:19:31.983,1115.214444444445
Pulse experiments,pioreactor01,2026-08-14T21:34:36.982Z,0.095407666328,2026-08-15 03:19:36.982,1115.215833333333
Pulse experiments,pioreactor01,2026-08-14T21:34:41.982Z,0.095421245958,2026-08-15 03:19:41.982,1115.217222222222
Pulse experiments,pioreactor01,2026-08-14T21:34:46.981Z,0.095411889827,2026-08-15 03:19:46.981,1115.218611111111
Pulse experiments,pioreactor01,2026-08-14T21:34:56.987Z,0.095396139369,2026-08-15 03:19:56.987,1115.221388888889
Pulse experiments,pioreactor01,2026-08-14T21:35:01.982Z,0.095355996187,2026-08-15 03:20:01.982,1115.222777777778
Pulse experiments,pioreactor01,2026-08-14T21:35:06.983Z,0.095326828799,2026-08-15 03:20:06.983,1115.224166666667
Pulse experiments,pioreactor01,2026-08-14T21:35:11.982Z,0.095406217021,2026-08-15 03:20:11.982,1115.225555555556
Pulse experiments,pioreactor01,2026-08-14T21:35:16.982Z,0.095354997944,2026-08-15 03:20:16.982,1115.226944444444
Pulse experiments,pioreactor01,2026-08-14T21:35:21.983Z,0.095360773011,2026-08-15 03:20:21.983,1115.228333333333
Pulse experiments,pioreactor01,2026-08-14T21:35:26.983Z,0.095358957108,2026-08-15 03:20:26.983,1115.229722222222
Pulse experiments,pioreactor01,2026-08-14T21:35:31.983Z,0.095478019895,2026-08-15 03:20:31.983,1115.231111111111
Pulse experiments,pioreactor01,2026-08-14T21:35:36.983Z,0.095589219529,2026-08-15 03:20:36.983,1115.2325
Pulse experiments,pioreactor01,2026-08-14T21:35:41.982Z,0.095653070562,2026-08-15 03:20:41.982,1115.233888888889
Pulse experiments,pioreactor01,2026-08-14T21:35:46.982Z,0.095611800506,2026-08-15 03:20:46.982,1115.235277777778
Pulse experiments,pioreactor01,2026-08-14T21:35:51.985Z,0.095614489615,2026-08-15 03:20:51.985,1115.236666666667
Pulse experiments,pioreactor01,2026-08-14T21:35:56.982Z,0.095659424756,2026-08-15 03:20:56.982,1115.238055555556
Pulse experiments,pioreactor01,2026-08-14T21:36:01.982Z,0.095712349408,2026-08-15 03:21:01.982,1115.239444444444
Pulse experiments,pioreactor01,2026-08-14T21:36:06.983Z,0.095830244843,2026-08-15 03:21:06.983,1115.240833333333
Pulse experiments,pioreactor01,2026-08-14T21:36:11.981Z,0.095850759487,2026-08-15 03:21:11.981,1115.242222222222
Pulse experiments,pioreactor01,2026-08-14T21:36:16.984Z,0.095876878353,2026-08-15 03:21:16.984,1115.243611111111
Pulse experiments,pioreactor01,2026-08-14T21:36:21.983Z,0.09589820369,2026-08-15 03:21:21.983,1115.245
Pulse experiments,pioreactor01,2026-08-14T21:36:26.981Z,0.095841093823,2026-08-15 03:21:26.981,1115.246388888889
Pulse experiments,pioreactor01,2026-08-14T21:36:31.982Z,0.095823580942,2026-08-15 03:21:31.982,1115.247777777778
Pulse experiments,pioreactor01,2026-08-14T21:36:36.983Z,0.095817232207,2026-08-15 03:21:36.983,1115.249166666667
Pulse experiments,pioreactor01,2026-08-14T21:36:41.983Z,0.095770915174,2026-08-15 03:21:41.983,1115.250555555556
Pulse experiments,pioreactor01,2026-08-14T21:36:46.983Z,0.095768995429,2026-08-15 03:21:46.983,1115.251944444444
Pulse experiments,pioreactor01,2026-08-14T21:36:51.983Z,0.095797499035,2026-08-15 03:21:51.983,1115.253333333333
Pulse experiments,pioreactor01,2026-08-14T21:36:56.981Z,0.09575826657,2026-08-15 03:21:56.981,1115.254722222222
Pulse experiments,pioreactor01,2026-08-14T21:37:01.981Z,0.095692914771,2026-08-15 03:22:01.981,1115.256111111111
Pulse experiments,pioreactor01,2026-08-14T21:37:06.982Z,0.095727455237,2026-08-15 03:22:06.982,1115.2575
Pulse experiments,pioreactor01,2026-08-14T21:37:11.984Z,0.095764028845,2026-08-15 03:22:11.984,1115.258888888889
Pulse experiments,pioreactor01,2026-08-14T21:37:16.982Z,0.095855932754,2026-08-15 03:22:16.982,1115.260277777778
Pulse experiments,pioreactor01,2026-08-14T21:37:21.982Z,0.095863455878,2026-08-15 03:22:21.982,1115.261666666667
Pulse experiments,pioreactor01,2026-08-14T21:37:26.982Z,0.095805762881,2026-08-15 03:22:26.982,1115.263055555556
Pulse experiments,pioreactor01,2026-08-14T21:37:31.984Z,0.095808039568,2026-08-15 03:22:31.984,1115.264444444445
Pulse experiments,pioreactor01,2026-08-14T21:37:41.982Z,0.095781693767,2026-08-15 03:22:41.982,1115.267222222222
Pulse experiments,pioreactor01,2026-08-14T21:37:46.982Z,0.095807637449,2026-08-15 03:22:46.982,1115.268611111111
Pulse experiments,pioreactor01,2026-08-14T21:37:51.982Z,0.095807571119,2026-08-15 03:22:51.982,1115.27
Pulse experiments,pioreactor01,2026-08-14T21:37:56.983Z,0.09579017949,2026-08-15 03:22:56.983,1115.271388888889
Pulse experiments,pioreactor01,2026-08-14T21:38:01.981Z,0.095787236134,2026-08-15 03:23:01.981,1115.272777777778
Pulse experiments,pioreactor01,2026-08-14T21:38:06.985Z,0.095749194889,2026-08-15 03:23:06.985,1115.274166666667
Pulse experiments,pioreactor01,2026-08-14T21:38:11.981Z,0.09569260134,2026-08-15 03:23:11.981,1115.275555555555
Pulse experiments,pioreactor01,2026-08-14T21:38:16.984Z,0.095725591918,2026-08-15 03:23:16.984,1115.276944444445
Pulse experiments,pioreactor01,2026-08-14T21:38:21.984Z,0.095768301105,2026-08-15 03:23:21.984,1115.278333333333
Pulse experiments,pioreactor01,2026-08-14T21:38:26.981Z,0.095803565049,2026-08-15 03:23:26.981,1115.279722222222
Pulse experiments,pioreactor01,2026-08-14T21:38:31.981Z,0.095857947411,2026-08-15 03:23:31.981,1115.281111111111
Pulse experiments,pioreactor01,2026-08-14T21:38:36.984Z,0.095967221007,2026-08-15 03:23:36.984,1115.2825
Pulse experiments,pioreactor01,2026-08-14T21:38:41.983Z,0.095994149067,2026-08-15 03:23:41.983,1115.283888888889
Pulse experiments,pioreactor01,2026-08-14T21:38:46.981Z,0.095989576233,2026-08-15 03:23:46.981,1115.285277777778
Pulse experiments,pioreactor01,2026-08-14T21:38:51.981Z,0.096034240393,2026-08-15 03:23:51.981,1115.286666666667
Pulse experiments,pioreactor01,2026-08-14T21:38:56.984Z,0.096155302816,2026-08-15 03:23:56.984,1115.288055555556
Pulse experiments,pioreactor01,2026-08-14T21:39:01.982Z,0.09621039816,2026-08-15 03:24:01.982,1115.289444444444
Pulse experiments,pioreactor01,2026-08-14T21:39:06.982Z,0.096230473355,2026-08-15 03:24:06.982,1115.290833333333
Pulse experiments,pioreactor01,2026-08-14T21:39:11.983Z,0.096374727768,2026-08-15 03:24:11.983,1115.292222222222
Pulse experiments,pioreactor01,2026-08-14T21:39:16.982Z,0.096513593028,2026-08-15 03:24:16.982,1115.293611111111
Pulse experiments,pioreactor01,2026-08-14T21:39:21.981Z,0.096599992286,2026-08-15 03:24:21.981,1115.295
Pulse experiments,pioreactor01,2026-08-14T21:39:26.982Z,0.096766437502,2026-08-15 03:24:26.982,1115.296388888889
Pulse experiments,pioreactor01,2026-08-14T21:39:31.981Z,0.096891098143,2026-08-15 03:24:31.981,1115.297777777778
Pulse experiments,pioreactor01,2026-08-14T21:39:36.983Z,0.096874977675,2026-08-15 03:24:36.983,1115.299166666667
Pulse experiments,pioreactor01,2026-08-14T21:39:46.982Z,0.096950021009,2026-08-15 03:24:46.982,1115.301944444444
Pulse experiments,pioreactor01,2026-08-14T21:39:51.983Z,0.097018181645,2026-08-15 03:24:51.983,1115.303333333333
Pulse experiments,pioreactor01,2026-08-14T21:39:56.983Z,0.097168851974,2026-08-15 03:24:56.983,1115.304722222222
Pulse experiments,pioreactor01,2026-08-14T21:40:01.983Z,0.09724792311,2026-08-15 03:25:01.983,1115.306111111111
Pulse experiments,pioreactor01,2026-08-14T21:40:06.983Z,0.09731482501,2026-08-15 03:25:06.983,1115.3075
Pulse experiments,pioreactor01,2026-08-14T21:40:11.981Z,0.097438032876,2026-08-15 03:25:11.981,1115.308888888889
Pulse experiments,pioreactor01,2026-08-14T21:40:16.981Z,0.097533587268,2026-08-15 03:25:16.981,1115.310277777778
Pulse experiments,pioreactor01,2026-08-14T21:40:21.983Z,0.097589862245,2026-08-15 03:25:21.983,1115.311666666667
Pulse experiments,pioreactor01,2026-08-14T21:40:26.983Z,0.097659182419,2026-08-15 03:25:26.983,1115.313055555556
Pulse experiments,pioreactor01,2026-08-14T21:40:31.981Z,0.097706546659,2026-08-15 03:25:31.981,1115.314444444444
Pulse experiments,pioreactor01,2026-08-14T21:40:36.986Z,0.097795619191,2026-08-15 03:25:36.986,1115.315833333333
Pulse experiments,pioreactor01,2026-08-14T21:40:41.984Z,0.097817490734,2026-08-15 03:25:41.984,1115.317222222222
Pulse experiments,pioreactor01,2026-08-14T21:40:46.983Z,0.097839940614,2026-08-15 03:25:46.983,1115.318611111111
Pulse experiments,pioreactor01,2026-08-14T21:40:51.981Z,0.097777584653,2026-08-15 03:25:51.981,1115.32
Pulse experiments,pioreactor01,2026-08-14T21:40:56.983Z,0.097799826675,2026-08-15 03:25:56.983,1115.321388888889
Pulse experiments,pioreactor01,2026-08-14T21:41:01.984Z,0.097811898203,2026-08-15 03:26:01.984,1115.322777777778
Pulse experiments,pioreactor01,2026-08-14T21:41:06.983Z,0.097805505409,2026-08-15 03:26:06.983,1115.324166666667
Pulse experiments,pioreactor01,2026-08-14T21:41:11.984Z,0.097794996342,2026-08-15 03:26:11.984,1115.325555555556
Pulse experiments,pioreactor01,2026-08-14T21:41:16.985Z,0.097822247599,2026-08-15 03:26:16.985,1115.326944444445
Pulse experiments,pioreactor01,2026-08-14T21:41:21.982Z,0.097792966252,2026-08-15 03:26:21.982,1115.328333333333
Pulse experiments,pioreactor01,2026-08-14T21:41:26.981Z,0.097775016422,2026-08-15 03:26:26.981,1115.329722222222
Pulse experiments,pioreactor01,2026-08-14T21:41:31.983Z,0.097905366087,2026-08-15 03:26:31.983,1115.331111111111
Pulse experiments,pioreactor01,2026-08-14T21:41:36.982Z,0.097911216202,2026-08-15 03:26:36.982,1115.3325
Pulse experiments,pioreactor01,2026-08-14T21:41:41.981Z,0.09791197218,2026-08-15 03:26:41.981,1115.333888888889
Pulse experiments,pioreactor01,2026-08-14T21:41:46.982Z,0.09799408292,2026-08-15 03:26:46.982,1115.335277777778
Pulse experiments,pioreactor01,2026-08-14T21:41:51.982Z,0.098024654854,2026-08-15 03:26:51.982,1115.336666666667
Pulse experiments,pioreactor01,2026-08-14T21:41:56.982Z,0.098033825214,2026-08-15 03:26:56.982,1115.338055555555
Pulse experiments,pioreactor01,2026-08-14T21:42:01.982Z,0.098094332303,2026-08-15 03:27:01.982,1115.339444444445
Pulse experiments,pioreactor01,2026-08-14T21:42:06.982Z,0.098191917826,2026-08-15 03:27:06.982,1115.340833333333
Pulse experiments,pioreactor01,2026-08-14T21:42:11.981Z,0.098196970199,2026-08-15 03:27:11.981,1115.342222222222
Pulse experiments,pioreactor01,2026-08-14T21:42:21.983Z,0.098304169143,2026-08-15 03:27:21.983,1115.345
Pulse experiments,pioreactor01,2026-08-14T21:42:26.982Z,0.098386608125,2026-08-15 03:27:26.982,1115.346388888889
Pulse experiments,pioreactor01,2026-08-14T21:42:31.982Z,0.098476988927,2026-08-15 03:27:31.982,1115.347777777778
Pulse experiments,pioreactor01,2026-08-14T21:42:36.981Z,0.09858872972,2026-08-15 03:27:36.981,1115.349166666667
Pulse experiments,pioreactor01,2026-08-14T21:42:41.981Z,0.098705733173,2026-08-15 03:27:41.981,1115.350555555556
Pulse experiments,pioreactor01,2026-08-14T21:42:46.981Z,0.098821466081,2026-08-15 03:27:46.981,1115.351944444444
Pulse experiments,pioreactor01,2026-08-14T21:42:56.982Z,0.098881465065,2026-08-15 03:27:56.982,1115.354722222222
Pulse experiments,pioreactor01,2026-08-14T21:43:01.982Z,0.098912970237,2026-08-15 03:28:01.982,1115.356111111111
Pulse experiments,pioreactor01,2026-08-14T21:43:06.983Z,0.098885453896,2026-08-15 03:28:06.983,1115.3575
Pulse experiments,pioreactor01,2026-08-14T21:43:11.985Z,0.098849846537,2026-08-15 03:28:11.985,1115.358888888889
Pulse experiments,pioreactor01,2026-08-14T21:43:16.983Z,0.098900124325,2026-08-15 03:28:16.983,1115.360277777778
Pulse experiments,pioreactor01,2026-08-14T21:43:21.983Z,0.098888685392,2026-08-15 03:28:21.983,1115.361666666667
Pulse experiments,pioreactor01,2026-08-14T21:43:26.981Z,0.098866432438,2026-08-15 03:28:26.981,1115.363055555556
Pulse experiments,pioreactor01,2026-08-14T21:43:31.981Z,0.098925085016,2026-08-15 03:28:31.981,1115.364444444444
Pulse experiments,pioreactor01,2026-08-14T21:43:36.982Z,0.098965368835,2026-08-15 03:28:36.982,1115.365833333333
Pulse experiments,pioreactor01,2026-08-14T21:43:41.982Z,0.09900082173,2026-08-15 03:28:41.982,1115.367222222222
Pulse experiments,pioreactor01,2026-08-14T21:43:46.983Z,0.099130367903,2026-08-15 03:28:46.983,1115.368611111111
Pulse experiments,pioreactor01,2026-08-14T21:43:51.982Z,0.099176264424,2026-08-15 03:28:51.982,1115.37
Pulse experiments,pioreactor01,2026-08-14T21:44:01.982Z,0.099209742036,2026-08-15 03:29:01.982,1115.372777777778
Pulse experiments,pioreactor01,2026-08-14T21:44:06.983Z,0.099191419895,2026-08-15 03:29:06.983,1115.374166666667
Pulse experiments,pioreactor01,2026-08-14T21:44:11.982Z,0.099271230224,2026-08-15 03:29:11.982,1115.375555555556
Pulse experiments,pioreactor01,2026-08-14T21:44:16.984Z,0.099355755045,2026-08-15 03:29:16.984,1115.376944444444
Pulse experiments,pioreactor01,2026-08-14T21:44:21.981Z,0.099399127793,2026-08-15 03:29:21.981,1115.378333333333
Pulse experiments,pioreactor01,2026-08-14T21:44:26.981Z,0.099502671776,2026-08-15 03:29:26.981,1115.379722222222
Pulse experiments,pioreactor01,2026-08-14T21:44:31.983Z,0.099610108016,2026-08-15 03:29:31.983,1115.381111111111
Pulse experiments,pioreactor01,2026-08-14T21:44:36.984Z,0.099646299218,2026-08-15 03:29:36.984,1115.3825
Pulse experiments,pioreactor01,2026-08-14T21:44:41.983Z,0.09968358024,2026-08-15 03:29:41.983,1115.383888888889
Pulse experiments,pioreactor01,2026-08-14T21:44:46.981Z,0.099682791221,2026-08-15 03:29:46.981,1115.385277777778
Pulse experiments,pioreactor01,2026-08-14T21:44:51.982Z,0.099659796156,2026-08-15 03:29:51.982,1115.386666666667
Pulse experiments,pioreactor01,2026-08-14T21:44:56.986Z,0.099694646606,2026-08-15 03:29:56.986,1115.388055555556
Pulse experiments,pioreactor01,2026-08-14T21:45:01.986Z,0.099775245271,2026-08-15 03:30:01.986,1115.389444444445
Pulse experiments,pioreactor01,2026-08-14T21:45:06.983Z,0.099848146345,2026-08-15 03:30:06.983,1115.390833333333
Pulse experiments,pioreactor01,2026-08-14T21:45:11.982Z,0.099885202782,2026-08-15 03:30:11.982,1115.392222222222
Pulse experiments,pioreactor01,2026-08-14T21:45:16.982Z,0.09995516654,2026-08-15 03:30:16.982,1115.393611111111
Pulse experiments,pioreactor01,2026-08-14T21:45:21.981Z,0.099964488537,2026-08-15 03:30:21.981,1115.395
Pulse experiments,pioreactor01,2026-08-14T21:45:26.981Z,0.099965366065,2026-08-15 03:30:26.981,1115.396388888889
Pulse experiments,pioreactor01,2026-08-14T21:45:31.982Z,0.100011638382,2026-08-15 03:30:31.982,1115.397777777778
Pulse experiments,pioreactor01,2026-08-14T21:45:36.983Z,0.10001382604,2026-08-15 03:30:36.983,1115.399166666667
Pulse experiments,pioreactor01,2026-08-14T21:45:41.983Z,0.100057923412,2026-08-15 03:30:41.983,1115.400555555555
Pulse experiments,pioreactor01,2026-08-14T21:45:46.981Z,0.100154932395,2026-08-15 03:30:46.981,1115.401944444445
Pulse experiments,pioreactor01,2026-08-14T21:45:51.983Z,0.100238334976,2026-08-15 03:30:51.983,1115.403333333333
Pulse experiments,pioreactor01,2026-08-14T21:45:56.983Z,0.100267856865,2026-08-15 03:30:56.983,1115.404722222222
Pulse experiments,pioreactor01,2026-08-14T21:46:01.982Z,0.100287095414,2026-08-15 03:31:01.982,1115.406111111111
Pulse experiments,pioreactor01,2026-08-14T21:46:06.982Z,0.100266291297,2026-08-15 03:31:06.982,1115.4075
Pulse experiments,pioreactor01,2026-08-14T21:46:11.982Z,0.10028010445,2026-08-15 03:31:11.982,1115.408888888889
Pulse experiments,pioreactor01,2026-08-14T21:46:16.982Z,0.100305241046,2026-08-15 03:31:16.982,1115.410277777778
Pulse experiments,pioreactor01,2026-08-14T21:46:21.982Z,0.10030186641,2026-08-15 03:31:21.982,1115.411666666667
Pulse experiments,pioreactor01,2026-08-14T21:46:26.982Z,0.100289076315,2026-08-15 03:31:26.982,1115.413055555556
Pulse experiments,pioreactor01,2026-08-14T21:46:31.985Z,0.100277861111,2026-08-15 03:31:31.985,1115.414444444444
Pulse experiments,pioreactor01,2026-08-14T21:46:36.982Z,0.100296988782,2026-08-15 03:31:36.982,1115.415833333333
Pulse experiments,pioreactor01,2026-08-14T21:46:41.982Z,0.100313193551,2026-08-15 03:31:41.982,1115.417222222222
Pulse experiments,pioreactor01,2026-08-14T21:46:46.980Z,0.100362787033,2026-08-15 03:31:46.980,1115.418611111111
Pulse experiments,pioreactor01,2026-08-14T21:46:51.982Z,0.100356725361,2026-08-15 03:31:51.982,1115.42
Pulse experiments,pioreactor01,2026-08-14T21:46:56.984Z,0.100307005676,2026-08-15 03:31:56.984,1115.421388888889
Pulse experiments,pioreactor01,2026-08-14T21:47:01.983Z,0.100308496735,2026-08-15 03:32:01.983,1115.422777777778
Pulse experiments,pioreactor01,2026-08-14T21:47:06.981Z,0.100453379364,2026-08-15 03:32:06.981,1115.424166666667
Pulse experiments,pioreactor01,2026-08-14T21:47:11.981Z,0.100757938952,2026-08-15 03:32:11.981,1115.425555555556
Pulse experiments,pioreactor01,2026-08-14T21:47:16.981Z,0.101079585465,2026-08-15 03:32:16.981,1115.426944444444
Pulse experiments,pioreactor01,2026-08-14T21:47:21.981Z,0.101406142457,2026-08-15 03:32:21.981,1115.428333333333
Pulse experiments,pioreactor01,2026-08-14T21:47:26.993Z,0.101415463821,2026-08-15 03:32:26.993,1115.429722222222
Pulse experiments,pioreactor01,2026-08-14T21:47:32.001Z,0.101422386291,2026-08-15 03:32:32.001,1115.431388888889
Pulse experiments,pioreactor01,2026-08-14T21:47:37.006Z,0.101429344753,2026-08-15 03:32:37.006,1115.432777777778
Pulse experiments,pioreactor01,2026-08-14T21:47:42.011Z,0.101436312599,2026-08-15 03:32:42.011,1115.434166666667
Pulse experiments,pioreactor01,2026-08-14T21:47:46.994Z,0.101443198989,2026-08-15 03:32:46.994,1115.435277777778
Pulse experiments,pioreactor01,2026-08-14T21:47:51.995Z,0.101450112046,2026-08-15 03:32:51.995,1115.436666666667
Pulse experiments,pioreactor01,2026-08-14T21:47:56.993Z,0.101458069845,2026-08-15 03:32:56.993,1115.438055555556
Pulse experiments,pioreactor01,2026-08-14T21:48:01.998Z,0.101463448542,2026-08-15 03:33:01.998,1115.439444444444
Pulse experiments,pioreactor01,2026-08-14T21:48:06.996Z,0.10146714261,2026-08-15 03:33:06.996,1115.440833333333
Pulse experiments,pioreactor01,2026-08-14T21:48:11.996Z,0.10146978709,2026-08-15 03:33:11.996,1115.442222222222
Pulse experiments,pioreactor01,2026-08-14T21:48:21.993Z,0.101478213094,2026-08-15 03:33:21.993,1115.445
Pulse experiments,pioreactor01,2026-08-14T21:48:26.990Z,0.101494885496,2026-08-15 03:33:26.990,1115.446388888889
Pulse experiments,pioreactor01,2026-08-14T21:48:31.990Z,0.101512133171,2026-08-15 03:33:31.990,1115.447777777778
Pulse experiments,pioreactor01,2026-08-14T21:48:36.996Z,0.101521285751,2026-08-15 03:33:36.996,1115.449166666667
Pulse experiments,pioreactor01,2026-08-14T21:48:41.995Z,0.101515695709,2026-08-15 03:33:41.995,1115.450555555556
Pulse experiments,pioreactor01,2026-08-14T21:48:46.992Z,0.101510088531,2026-08-15 03:33:46.992,1115.451944444445
Pulse experiments,pioreactor01,2026-08-14T21:48:51.999Z,0.101504843097,2026-08-15 03:33:51.999,1115.453333333333
Pulse experiments,pioreactor01,2026-08-14T21:48:57.001Z,0.10150340467,2026-08-15 03:33:57.001,1115.455
Pulse experiments,pioreactor01,2026-08-14T21:49:01.996Z,0.101473249471,2026-08-15 03:34:01.996,1115.456111111111
Pulse experiments,pioreactor01,2026-08-14T21:49:06.995Z,0.101455853216,2026-08-15 03:34:06.995,1115.4575
Pulse experiments,pioreactor01,2026-08-14T21:49:12.008Z,0.101482515339,2026-08-15 03:34:12.008,1115.459166666667
Pulse experiments,pioreactor01,2026-08-14T21:49:17.028Z,0.101472059967,2026-08-15 03:34:17.028,1115.460555555556
Pulse experiments,pioreactor01,2026-08-14T21:49:22.036Z,0.101447107385,2026-08-15 03:34:22.036,1115.461944444444
Pulse experiments,pioreactor01,2026-08-14T21:49:27.041Z,0.101376277641,2026-08-15 03:34:27.041,1115.463333333333
Pulse experiments,pioreactor01,2026-08-14T21:49:31.998Z,0.101311194062,2026-08-15 03:34:31.998,1115.464444444445
Pulse experiments,pioreactor01,2026-08-14T21:49:37.004Z,0.101300022769,2026-08-15 03:34:37.004,1115.466111111111
Pulse experiments,pioreactor01,2026-08-14T21:49:41.995Z,0.101296659933,2026-08-15 03:34:41.995,1115.467222222222
Pulse experiments,pioreactor01,2026-08-14T21:49:46.997Z,0.101287707574,2026-08-15 03:34:46.997,1115.468611111111
Pulse experiments,pioreactor01,2026-08-14T21:49:52.013Z,0.101212247411,2026-08-15 03:34:52.013,1115.470277777778
Pulse experiments,pioreactor01,2026-08-14T21:49:56.997Z,0.10118191288,2026-08-15 03:34:56.997,1115.471388888889
Pulse experiments,pioreactor01,2026-08-14T21:50:01.993Z,0.101283333561,2026-08-15 03:35:01.993,1115.472777777778
Pulse experiments,pioreactor01,2026-08-14T21:50:06.994Z,0.101321760386,2026-08-15 03:35:06.994,1115.474166666667
Pulse experiments,pioreactor01,2026-08-14T21:50:11.993Z,0.10130590689,2026-08-15 03:35:11.993,1115.475555555556
Pulse experiments,pioreactor01,2026-08-14T21:50:16.991Z,0.10126972154,2026-08-15 03:35:16.991,1115.476944444444
Pulse experiments,pioreactor01,2026-08-14T21:50:21.991Z,0.101328252365,2026-08-15 03:35:21.991,1115.478333333333
Pulse experiments,pioreactor01,2026-08-14T21:50:31.991Z,0.101360609268,2026-08-15 03:35:31.991,1115.481111111111
Pulse experiments,pioreactor01,2026-08-14T21:50:36.996Z,0.101451475418,2026-08-15 03:35:36.996,1115.4825
Pulse experiments,pioreactor01,2026-08-14T21:50:41.991Z,0.101591285018,2026-08-15 03:35:41.991,1115.483888888889
Pulse experiments,pioreactor01,2026-08-14T21:50:46.992Z,0.101607893465,2026-08-15 03:35:46.992,1115.485277777778
Pulse experiments,pioreactor01,2026-08-14T21:50:51.997Z,0.101661771979,2026-08-15 03:35:51.997,1115.486666666667
Pulse experiments,pioreactor01,2026-08-14T21:50:57.014Z,0.101687184666,2026-08-15 03:35:57.014,1115.488333333333
Pulse experiments,pioreactor01,2026-08-14T21:51:01.990Z,0.101745152767,2026-08-15 03:36:01.990,1115.489444444444
Pulse experiments,pioreactor01,2026-08-14T21:51:07.008Z,0.101829948051,2026-08-15 03:36:07.008,1115.491111111111
Pulse experiments,pioreactor01,2026-08-14T21:51:12.002Z,0.10182937383,2026-08-15 03:36:12.002,1115.4925
Pulse experiments,pioreactor01,2026-08-14T21:51:16.997Z,0.101863963137,2026-08-15 03:36:16.997,1115.493611111111
Pulse experiments,pioreactor01,2026-08-14T21:51:21.998Z,0.101843158084,2026-08-15 03:36:21.998,1115.495
Pulse experiments,pioreactor01,2026-08-14T21:51:26.997Z,0.101788379535,2026-08-15 03:36:26.997,1115.496388888889
Pulse experiments,pioreactor01,2026-08-14T21:51:31.992Z,0.101752079287,2026-08-15 03:36:31.992,1115.497777777778
Pulse experiments,pioreactor01,2026-08-14T21:51:37.001Z,0.101569631306,2026-08-15 03:36:37.001,1115.499444444444
Pulse experiments,pioreactor01,2026-08-14T21:51:41.999Z,0.101447318731,2026-08-15 03:36:41.999,1115.500555555556
Pulse experiments,pioreactor01,2026-08-14T21:51:47.000Z,0.101391094266,2026-08-15 03:36:47.000,1115.502222222222
Pulse experiments,pioreactor01,2026-08-14T21:51:51.997Z,0.101314698274,2026-08-15 03:36:51.997,1115.503333333333
Pulse experiments,pioreactor01,2026-08-14T21:51:57.003Z,0.101306647802,2026-08-15 03:36:57.003,1115.505
Pulse experiments,pioreactor01,2026-08-14T21:52:01.988Z,0.101164568411,2026-08-15 03:37:01.988,1115.506111111111
Pulse experiments,pioreactor01,2026-08-14T21:52:07.000Z,0.101156679685,2026-08-15 03:37:07.000,1115.507777777778
Pulse experiments,pioreactor01,2026-08-14T21:52:11.992Z,0.101128696127,2026-08-15 03:37:11.992,1115.508888888889
Pulse experiments,pioreactor01,2026-08-14T21:52:17.001Z,0.101126166156,2026-08-15 03:37:17.001,1115.510555555556
Pulse experiments,pioreactor01,2026-08-14T21:52:21.992Z,0.101166426388,2026-08-15 03:37:21.992,1115.511666666667
Pulse experiments,pioreactor01,2026-08-14T21:52:27.005Z,0.101060422687,2026-08-15 03:37:27.005,1115.513333333333
Pulse experiments,pioreactor01,2026-08-14T21:52:32.001Z,0.100969124332,2026-08-15 03:37:32.001,1115.514722222222
Pulse experiments,pioreactor01,2026-08-14T21:52:36.996Z,0.100849831152,2026-08-15 03:37:36.996,1115.515833333333
Pulse experiments,pioreactor01,2026-08-14T21:52:41.994Z,0.100742239286,2026-08-15 03:37:41.994,1115.517222222222
Pulse experiments,pioreactor01,2026-08-14T21:52:47.004Z,0.10071866836,2026-08-15 03:37:47.004,1115.518888888889
Pulse experiments,pioreactor01,2026-08-14T21:52:51.995Z,0.100677596167,2026-08-15 03:37:51.995,1115.52
Pulse experiments,pioreactor01,2026-08-14T21:52:56.992Z,0.100571275854,2026-08-15 03:37:56.992,1115.521388888889
Pulse experiments,pioreactor01,2026-08-14T21:53:01.997Z,0.100648279113,2026-08-15 03:38:01.997,1115.522777777778
Pulse experiments,pioreactor01,2026-08-14T21:53:06.992Z,0.100757467728,2026-08-15 03:38:06.992,1115.524166666667
Pulse experiments,pioreactor01,2026-08-14T21:53:11.994Z,0.100484403604,2026-08-15 03:38:11.994,1115.525555555555
Pulse experiments,pioreactor01,2026-08-14T21:53:16.990Z,0.100075347301,2026-08-15 03:38:16.990,1115.526944444445
Pulse experiments,pioreactor01,2026-08-14T21:53:21.994Z,0.099863529364,2026-08-15 03:38:21.994,1115.528333333333
Pulse experiments,pioreactor01,2026-08-14T21:53:31.998Z,0.099772287527,2026-08-15 03:38:31.998,1115.531111111111
Pulse experiments,pioreactor01,2026-08-14T21:53:36.989Z,0.099654316538,2026-08-15 03:38:36.989,1115.5325
Pulse experiments,pioreactor01,2026-08-14T21:53:41.988Z,0.099577481586,2026-08-15 03:38:41.988,1115.533888888889
Pulse experiments,pioreactor01,2026-08-14T21:53:46.994Z,0.099270264698,2026-08-15 03:38:46.994,1115.535277777778
Pulse experiments,pioreactor01,2026-08-14T21:53:51.995Z,0.099116520057,2026-08-15 03:38:51.995,1115.536666666667
Pulse experiments,pioreactor01,2026-08-14T21:53:56.995Z,0.098992593257,2026-08-15 03:38:56.995,1115.538055555556
Pulse experiments,pioreactor01,2026-08-14T21:54:01.991Z,0.09904075053,2026-08-15 03:39:01.991,1115.539444444444
Pulse experiments,pioreactor01,2026-08-14T21:54:06.988Z,0.099143855185,2026-08-15 03:39:06.988,1115.540833333333
Pulse experiments,pioreactor01,2026-08-14T21:54:11.994Z,0.099184868462,2026-08-15 03:39:11.994,1115.542222222222
Pulse experiments,pioreactor01,2026-08-14T21:54:16.993Z,0.099015485734,2026-08-15 03:39:16.993,1115.543611111111
Pulse experiments,pioreactor01,2026-08-14T21:54:21.997Z,0.098730225818,2026-08-15 03:39:21.997,1115.545
Pulse experiments,pioreactor01,2026-08-14T21:54:26.996Z,0.098464356915,2026-08-15 03:39:26.996,1115.546388888889
Pulse experiments,pioreactor01,2026-08-14T21:54:31.990Z,0.098229790831,2026-08-15 03:39:31.990,1115.547777777778
Pulse experiments,pioreactor01,2026-08-14T21:54:36.994Z,0.097887918717,2026-08-15 03:39:36.994,1115.549166666667
Pulse experiments,pioreactor01,2026-08-14T21:54:42.005Z,0.097556402217,2026-08-15 03:39:42.005,1115.550833333333
Pulse experiments,pioreactor01,2026-08-14T21:54:46.996Z,0.09735329848,2026-08-15 03:39:46.996,1115.551944444444
Pulse experiments,pioreactor01,2026-08-14T21:54:51.992Z,0.097012251211,2026-08-15 03:39:51.992,1115.553333333333
Pulse experiments,pioreactor01,2026-08-14T21:54:56.994Z,0.096699105781,2026-08-15 03:39:56.994,1115.554722222222
Pulse experiments,pioreactor01,2026-08-14T21:55:01.994Z,0.096044572831,2026-08-15 03:40:01.994,1115.556111111111
Pulse experiments,pioreactor01,2026-08-14T21:55:07.001Z,0.095313287228,2026-08-15 03:40:07.001,1115.557777777778
Pulse experiments,pioreactor01,2026-08-14T21:55:11.997Z,0.094920660333,2026-08-15 03:40:11.997,1115.558888888889
Pulse experiments,pioreactor01,2026-08-14T21:55:16.992Z,0.094402657079,2026-08-15 03:40:16.992,1115.560277777778
Pulse experiments,pioreactor01,2026-08-14T21:55:21.994Z,0.09395619649,2026-08-15 03:40:21.994,1115.561666666667
Pulse experiments,pioreactor01,2026-08-14T21:55:26.990Z,0.093562005364,2026-08-15 03:40:26.990,1115.563055555556
Pulse experiments,pioreactor01,2026-08-14T21:55:31.996Z,0.092972471708,2026-08-15 03:40:31.996,1115.564444444444
Pulse experiments,pioreactor01,2026-08-14T21:55:36.993Z,0.092499902107,2026-08-15 03:40:36.993,1115.565833333333
Pulse experiments,pioreactor01,2026-08-14T21:55:41.992Z,0.09219738478,2026-08-15 03:40:41.992,1115.567222222222
Pulse experiments,pioreactor01,2026-08-14T21:55:51.991Z,0.09192365188,2026-08-15 03:40:51.991,1115.57
Pulse experiments,pioreactor01,2026-08-14T21:55:56.988Z,0.091541808218,2026-08-15 03:40:56.988,1115.571388888889
Pulse experiments,pioreactor01,2026-08-14T21:56:01.994Z,0.091210527493,2026-08-15 03:41:01.994,1115.572777777778
Pulse experiments,pioreactor01,2026-08-14T21:56:06.998Z,0.091129763566,2026-08-15 03:41:06.998,1115.574166666667
Pulse experiments,pioreactor01,2026-08-14T21:56:11.997Z,0.090901728454,2026-08-15 03:41:11.997,1115.575555555556
Pulse experiments,pioreactor01,2026-08-14T21:56:22.003Z,0.090625528238,2026-08-15 03:41:22.003,1115.578611111111
Pulse experiments,pioreactor01,2026-08-14T21:56:26.992Z,0.090599582218,2026-08-15 03:41:26.992,1115.579722222222
Pulse experiments,pioreactor01,2026-08-14T21:56:31.999Z,0.090421633676,2026-08-15 03:41:31.999,1115.581111111111
Pulse experiments,pioreactor01,2026-08-14T21:56:37.000Z,0.09000298788,2026-08-15 03:41:37.000,1115.582777777778
Pulse experiments,pioreactor01,2026-08-14T21:56:41.993Z,0.089350278171,2026-08-15 03:41:41.993,1115.583888888889
Pulse experiments,pioreactor01,2026-08-14T21:56:46.993Z,0.088762717508,2026-08-15 03:41:46.993,1115.585277777778
Pulse experiments,pioreactor01,2026-08-14T21:56:51.992Z,0.088335055887,2026-08-15 03:41:51.992,1115.586666666667
Pulse experiments,pioreactor01,2026-08-14T21:56:56.991Z,0.087921891162,2026-08-15 03:41:56.991,1115.588055555555
Pulse experiments,pioreactor01,2026-08-14T21:57:01.992Z,0.087543949458,2026-08-15 03:42:01.992,1115.589444444445
Pulse experiments,pioreactor01,2026-08-14T21:57:07.002Z,0.08710277689,2026-08-15 03:42:07.002,1115.591111111111
Pulse experiments,pioreactor01,2026-08-14T21:57:12.026Z,0.086622372858,2026-08-15 03:42:12.026,1115.5925
Pulse experiments,pioreactor01,2026-08-14T21:57:16.991Z,0.086264638979,2026-08-15 03:42:16.991,1115.593611111111
Pulse experiments,pioreactor01,2026-08-14T21:57:22.003Z,0.085889335051,2026-08-15 03:42:22.003,1115.595277777778
Pulse experiments,pioreactor01,2026-08-14T21:57:26.993Z,0.085645874847,2026-08-15 03:42:26.993,1115.596388888889
Pulse experiments,pioreactor01,2026-08-14T21:57:32.016Z,0.085129721276,2026-08-15 03:42:32.016,1115.598055555555
Pulse experiments,pioreactor01,2026-08-14T21:57:37.002Z,0.084406869525,2026-08-15 03:42:37.002,1115.599444444445
Pulse experiments,pioreactor01,2026-08-14T21:57:42.003Z,0.083573300064,2026-08-15 03:42:42.003,1115.600833333333
Pulse experiments,pioreactor01,2026-08-14T21:57:46.999Z,0.082948543811,2026-08-15 03:42:46.999,1115.601944444444
Pulse experiments,pioreactor01,2026-08-14T21:57:52.000Z,0.082511073972,2026-08-15 03:42:52.000,1115.603611111111
Pulse experiments,pioreactor01,2026-08-14T21:57:56.993Z,0.082191202192,2026-08-15 03:42:56.993,1115.604722222222
Pulse experiments,pioreactor01,2026-08-14T21:58:01.994Z,0.081548405331,2026-08-15 03:43:01.994,1115.606111111111
Pulse experiments,pioreactor01,2026-08-14T21:58:06.992Z,0.080971866934,2026-08-15 03:43:06.992,1115.6075
Pulse experiments,pioreactor01,2026-08-14T21:58:11.988Z,0.080493996929,2026-08-15 03:43:11.988,1115.608888888889
Pulse experiments,pioreactor01,2026-08-14T21:58:16.991Z,0.079960753394,2026-08-15 03:43:16.991,1115.610277777778
Pulse experiments,pioreactor01,2026-08-14T21:58:21.990Z,0.079427718891,2026-08-15 03:43:21.990,1115.611666666667
Pulse experiments,pioreactor01,2026-08-14T21:58:26.998Z,0.078911174459,2026-08-15 03:43:26.998,1115.613055555556
Pulse experiments,pioreactor01,2026-08-14T21:58:32.003Z,0.078420058801,2026-08-15 03:43:32.003,1115.614722222222
Pulse experiments,pioreactor01,2026-08-14T21:58:37.000Z,0.07754952275,2026-08-15 03:43:37.000,1115.616111111111
Pulse experiments,pioreactor01,2026-08-14T21:58:42.007Z,0.076680125483,2026-08-15 03:43:42.007,1115.6175
Pulse experiments,pioreactor01,2026-08-14T21:58:46.991Z,0.075902562951,2026-08-15 03:43:46.991,1115.618611111111
Pulse experiments,pioreactor01,2026-08-14T21:58:51.987Z,0.075092037711,2026-08-15 03:43:51.987,1115.62
Pulse experiments,pioreactor01,2026-08-14T21:58:56.996Z,0.074346293815,2026-08-15 03:43:56.996,1115.621388888889
Pulse experiments,pioreactor01,2026-08-14T21:59:01.983Z,0.073454726828,2026-08-15 03:44:01.983,1115.622777777778
Pulse experiments,pioreactor01,2026-08-14T21:59:06.984Z,0.072816541949,2026-08-15 03:44:06.984,1115.624166666667
Pulse experiments,pioreactor01,2026-08-14T21:59:11.983Z,0.072321057252,2026-08-15 03:44:11.983,1115.625555555556
Pulse experiments,pioreactor01,2026-08-14T21:59:16.985Z,0.072104471524,2026-08-15 03:44:16.985,1115.626944444444
Pulse experiments,pioreactor01,2026-08-14T21:59:21.984Z,0.071854242845,2026-08-15 03:44:21.984,1115.628333333333
Pulse experiments,pioreactor01,2026-08-14T21:59:26.982Z,0.071351284266,2026-08-15 03:44:26.982,1115.629722222222
Pulse experiments,pioreactor01,2026-08-14T21:59:36.986Z,0.071180658865,2026-08-15 03:44:36.986,1115.6325
Pulse experiments,pioreactor01,2026-08-14T21:59:41.982Z,0.070584870154,2026-08-15 03:44:41.982,1115.633888888889
Pulse experiments,pioreactor01,2026-08-14T21:59:46.983Z,0.069834526957,2026-08-15 03:44:46.983,1115.635277777778
Pulse experiments,pioreactor01,2026-08-14T21:59:51.982Z,0.069240192182,2026-08-15 03:44:51.982,1115.636666666667
Pulse experiments,pioreactor01,2026-08-14T21:59:56.982Z,0.068919460709,2026-08-15 03:44:56.982,1115.638055555556
Pulse experiments,pioreactor01,2026-08-14T22:00:01.983Z,0.068567244846,2026-08-15 03:45:01.983,1115.639444444445
Pulse experiments,pioreactor01,2026-08-14T22:00:06.981Z,0.067771020367,2026-08-15 03:45:06.981,1115.640833333333
Pulse experiments,pioreactor01,2026-08-14T22:00:11.983Z,0.0669405418,2026-08-15 03:45:11.983,1115.642222222222
Pulse experiments,pioreactor01,2026-08-14T22:00:16.982Z,0.06659079248,2026-08-15 03:45:16.982,1115.643611111111
Pulse experiments,pioreactor01,2026-08-14T22:00:21.982Z,0.06616016534,2026-08-15 03:45:21.982,1115.645
Pulse experiments,pioreactor01,2026-08-14T22:00:26.981Z,0.065880389079,2026-08-15 03:45:26.981,1115.646388888889
Pulse experiments,pioreactor01,2026-08-14T22:00:31.984Z,0.065631347956,2026-08-15 03:45:31.984,1115.647777777778
Pulse experiments,pioreactor01,2026-08-14T22:00:36.982Z,0.065319218736,2026-08-15 03:45:36.982,1115.649166666667
Pulse experiments,pioreactor01,2026-08-14T22:00:41.981Z,0.064919608741,2026-08-15 03:45:41.981,1115.650555555555
Pulse experiments,pioreactor01,2026-08-14T22:00:46.983Z,0.064528846908,2026-08-15 03:45:46.983,1115.651944444445
Pulse experiments,pioreactor01,2026-08-14T22:00:51.983Z,0.064224693479,2026-08-15 03:45:51.983,1115.653333333333
Pulse experiments,pioreactor01,2026-08-14T22:00:56.982Z,0.06408680839,2026-08-15 03:45:56.982,1115.654722222222
Pulse experiments,pioreactor01,2026-08-14T22:01:01.984Z,0.063734306079,2026-08-15 03:46:01.984,1115.656111111111
Pulse experiments,pioreactor01,2026-08-14T22:01:06.981Z,0.063170379766,2026-08-15 03:46:06.981,1115.6575
Pulse experiments,pioreactor01,2026-08-14T22:01:11.983Z,0.062584213637,2026-08-15 03:46:11.983,1115.658888888889
Pulse experiments,pioreactor01,2026-08-14T22:01:16.983Z,0.062105658167,2026-08-15 03:46:16.983,1115.660277777778
Pulse experiments,pioreactor01,2026-08-14T22:01:21.980Z,0.061962195022,2026-08-15 03:46:21.980,1115.661666666667
Pulse experiments,pioreactor01,2026-08-14T22:01:26.983Z,0.061615164717,2026-08-15 03:46:26.983,1115.663055555556
Pulse experiments,pioreactor01,2026-08-14T22:01:31.983Z,0.061357390897,2026-08-15 03:46:31.983,1115.664444444444
Pulse experiments,pioreactor01,2026-08-14T22:01:36.982Z,0.060928414174,2026-08-15 03:46:36.982,1115.665833333333
Pulse experiments,pioreactor01,2026-08-14T22:01:41.983Z,0.060445651806,2026-08-15 03:46:41.983,1115.667222222222
Pulse experiments,pioreactor01,2026-08-14T22:01:51.981Z,0.059886723897,2026-08-15 03:46:51.981,1115.67
Pulse experiments,pioreactor01,2026-08-14T22:01:56.982Z,0.059311009215,2026-08-15 03:46:56.982,1115.671388888889
Pulse experiments,pioreactor01,2026-08-14T22:02:01.982Z,0.05854423182,2026-08-15 03:47:01.982,1115.672777777778
Pulse experiments,pioreactor01,2026-08-14T22:02:06.982Z,0.057846029388,2026-08-15 03:47:06.982,1115.674166666667
Pulse experiments,pioreactor01,2026-08-14T22:02:11.982Z,0.057274046127,2026-08-15 03:47:11.982,1115.675555555556
Pulse experiments,pioreactor01,2026-08-14T22:02:16.981Z,0.056927565809,2026-08-15 03:47:16.981,1115.676944444444
Pulse experiments,pioreactor01,2026-08-14T22:02:21.981Z,0.056624663414,2026-08-15 03:47:21.981,1115.678333333333
Pulse experiments,pioreactor01,2026-08-14T22:02:26.981Z,0.056256638725,2026-08-15 03:47:26.981,1115.679722222222
Pulse experiments,pioreactor01,2026-08-14T22:02:31.980Z,0.055852018505,2026-08-15 03:47:31.980,1115.681111111111
Pulse experiments,pioreactor01,2026-08-14T22:02:36.981Z,0.055409914361,2026-08-15 03:47:36.981,1115.6825
Pulse experiments,pioreactor01,2026-08-14T22:02:41.982Z,0.055306997131,2026-08-15 03:47:41.982,1115.683888888889
Pulse experiments,pioreactor01,2026-08-14T22:02:46.983Z,0.055133150263,2026-08-15 03:47:46.983,1115.685277777778
Pulse experiments,pioreactor01,2026-08-14T22:02:51.981Z,0.054705017188,2026-08-15 03:47:51.981,1115.686666666667
Pulse experiments,pioreactor01,2026-08-14T22:02:56.981Z,0.0544364612,2026-08-15 03:47:56.981,1115.688055555556
Pulse experiments,pioreactor01,2026-08-14T22:03:01.984Z,0.05421687154,2026-08-15 03:48:01.984,1115.689444444444
Pulse experiments,pioreactor01,2026-08-14T22:03:06.984Z,0.053895076257,2026-08-15 03:48:06.984,1115.690833333333
Pulse experiments,pioreactor01,2026-08-14T22:03:11.982Z,0.053715196921,2026-08-15 03:48:11.982,1115.692222222222
Pulse experiments,pioreactor01,2026-08-14T22:03:16.982Z,0.053541000047,2026-08-15 03:48:16.982,1115.693611111111
Pulse experiments,pioreactor01,2026-08-14T22:03:21.984Z,0.053445558879,2026-08-15 03:48:21.984,1115.695
Pulse experiments,pioreactor01,2026-08-14T22:03:31.981Z,0.053087153701,2026-08-15 03:48:31.981,1115.697777777778
Pulse experiments,pioreactor01,2026-08-14T22:03:36.981Z,0.052900593016,2026-08-15 03:48:36.981,1115.699166666667
Pulse experiments,pioreactor01,2026-08-14T22:03:41.983Z,0.05278736446,2026-08-15 03:48:41.983,1115.700555555556
Pulse experiments,pioreactor01,2026-08-14T22:03:46.983Z,0.05258650866,2026-08-15 03:48:46.983,1115.701944444445
Pulse experiments,pioreactor01,2026-08-14T22:03:51.982Z,0.05214532375,2026-08-15 03:48:51.982,1115.703333333333
Pulse experiments,pioreactor01,2026-08-14T22:03:56.981Z,0.051958259411,2026-08-15 03:48:56.981,1115.704722222222
Pulse experiments,pioreactor01,2026-08-14T22:04:01.982Z,0.051564457604,2026-08-15 03:49:01.982,1115.706111111111
Pulse experiments,pioreactor01,2026-08-14T22:04:06.981Z,0.051272162718,2026-08-15 03:49:06.981,1115.7075
Pulse experiments,pioreactor01,2026-08-14T22:04:11.983Z,0.050981527564,2026-08-15 03:49:11.983,1115.708888888889
Pulse experiments,pioreactor01,2026-08-14T22:04:16.983Z,0.050536910499,2026-08-15 03:49:16.983,1115.710277777778
Pulse experiments,pioreactor01,2026-08-14T22:04:21.983Z,0.050249354578,2026-08-15 03:49:21.983,1115.711666666667
Pulse experiments,pioreactor01,2026-08-14T22:04:26.981Z,0.050010354295,2026-08-15 03:49:26.981,1115.713055555555
Pulse experiments,pioreactor01,2026-08-14T22:04:31.980Z,0.049571501079,2026-08-15 03:49:31.980,1115.714444444445
Pulse experiments,pioreactor01,2026-08-14T22:04:41.982Z,0.049092184567,2026-08-15 03:49:41.982,1115.717222222222
Pulse experiments,pioreactor01,2026-08-14T22:04:46.982Z,0.048666659869,2026-08-15 03:49:46.982,1115.718611111111
Pulse experiments,pioreactor01,2026-08-14T22:04:51.982Z,0.048496796884,2026-08-15 03:49:51.982,1115.72
Pulse experiments,pioreactor01,2026-08-14T22:04:56.981Z,0.048364952927,2026-08-15 03:49:56.981,1115.721388888889
Pulse experiments,pioreactor01,2026-08-14T22:05:01.985Z,0.048049963294,2026-08-15 03:50:01.985,1115.722777777778
Pulse experiments,pioreactor01,2026-08-14T22:05:06.983Z,0.047614252395,2026-08-15 03:50:06.983,1115.724166666667
Pulse experiments,pioreactor01,2026-08-14T22:05:11.981Z,0.0473113896,2026-08-15 03:50:11.981,1115.725555555556
Pulse experiments,pioreactor01,2026-08-14T22:05:16.981Z,0.047174011981,2026-08-15 03:50:16.981,1115.726944444444
Pulse experiments,pioreactor01,2026-08-14T22:05:21.981Z,0.046969091458,2026-08-15 03:50:21.981,1115.728333333333
Pulse experiments,pioreactor01,2026-08-14T22:05:26.982Z,0.046790300697,2026-08-15 03:50:26.982,1115.729722222222
Pulse experiments,pioreactor01,2026-08-14T22:05:31.985Z,0.046601137795,2026-08-15 03:50:31.985,1115.731111111111
Pulse experiments,pioreactor01,2026-08-14T22:05:36.981Z,0.046286758552,2026-08-15 03:50:36.981,1115.7325
Pulse experiments,pioreactor01,2026-08-14T22:05:41.982Z,0.046170777606,2026-08-15 03:50:41.982,1115.733888888889
Pulse experiments,pioreactor01,2026-08-14T22:05:46.982Z,0.045851595141,2026-08-15 03:50:46.982,1115.735277777778
Pulse experiments,pioreactor01,2026-08-14T22:05:51.981Z,0.045458502328,2026-08-15 03:50:51.981,1115.736666666667
Pulse experiments,pioreactor01,2026-08-14T22:05:56.982Z,0.045304449019,2026-08-15 03:50:56.982,1115.738055555556
Pulse experiments,pioreactor01,2026-08-14T22:06:01.984Z,0.045039351375,2026-08-15 03:51:01.984,1115.739444444444
Pulse experiments,pioreactor01,2026-08-14T22:06:06.982Z,0.044685136487,2026-08-15 03:51:06.982,1115.740833333333
Pulse experiments,pioreactor01,2026-08-14T22:06:11.983Z,0.044484134494,2026-08-15 03:51:11.983,1115.742222222222
Pulse experiments,pioreactor01,2026-08-14T22:06:16.981Z,0.044332104176,2026-08-15 03:51:16.981,1115.743611111111
Pulse experiments,pioreactor01,2026-08-14T22:06:21.981Z,0.044120610763,2026-08-15 03:51:21.981,1115.745
Pulse experiments,pioreactor01,2026-08-14T22:06:26.986Z,0.043948161184,2026-08-15 03:51:26.986,1115.746388888889
Pulse experiments,pioreactor01,2026-08-14T22:06:31.982Z,0.043955112091,2026-08-15 03:51:31.982,1115.747777777778
Pulse experiments,pioreactor01,2026-08-14T22:06:36.982Z,0.044224223253,2026-08-15 03:51:36.982,1115.749166666667
Pulse experiments,pioreactor01,2026-08-14T22:06:41.982Z,0.044736776107,2026-08-15 03:51:41.982,1115.750555555556
Pulse experiments,pioreactor01,2026-08-14T22:06:46.984Z,0.045104221188,2026-08-15 03:51:46.984,1115.751944444444
Pulse experiments,pioreactor01,2026-08-14T22:06:51.982Z,0.045362522882,2026-08-15 03:51:51.982,1115.753333333333
Pulse experiments,pioreactor01,2026-08-14T22:06:56.985Z,0.045799673132,2026-08-15 03:51:56.985,1115.754722222222
Pulse experiments,pioreactor01,2026-08-14T22:07:01.982Z,0.046173536698,2026-08-15 03:52:01.982,1115.756111111111
Pulse experiments,pioreactor01,2026-08-14T22:07:06.982Z,0.046509908697,2026-08-15 03:52:06.982,1115.7575
Pulse experiments,pioreactor01,2026-08-14T22:07:11.983Z,0.046927233651,2026-08-15 03:52:11.983,1115.758888888889
Pulse experiments,pioreactor01,2026-08-14T22:07:16.983Z,0.047184306526,2026-08-15 03:52:16.983,1115.760277777778
Pulse experiments,pioreactor01,2026-08-14T22:07:21.983Z,0.047581346571,2026-08-15 03:52:21.983,1115.761666666667
Pulse experiments,pioreactor01,2026-08-14T22:07:26.983Z,0.047761966107,2026-08-15 03:52:26.983,1115.763055555556
Pulse experiments,pioreactor01,2026-08-14T22:07:31.982Z,0.047972798567,2026-08-15 03:52:31.982,1115.764444444445
Pulse experiments,pioreactor01,2026-08-14T22:07:36.984Z,0.048400703103,2026-08-15 03:52:36.984,1115.765833333333
Pulse experiments,pioreactor01,2026-08-14T22:07:41.983Z,0.048740172867,2026-08-15 03:52:41.983,1115.767222222222
Pulse experiments,pioreactor01,2026-08-14T22:07:46.982Z,0.04908798113,2026-08-15 03:52:46.982,1115.768611111111
Pulse experiments,pioreactor01,2026-08-14T22:07:51.983Z,0.049357905091,2026-08-15 03:52:51.983,1115.77
Pulse experiments,pioreactor01,2026-08-14T22:07:56.982Z,0.04977714021,2026-08-15 03:52:56.982,1115.771388888889
Pulse experiments,pioreactor01,2026-08-14T22:08:01.981Z,0.050491290847,2026-08-15 03:53:01.981,1115.772777777778
Pulse experiments,pioreactor01,2026-08-14T22:08:06.982Z,0.05095170614,2026-08-15 03:53:06.982,1115.774166666667
Pulse experiments,pioreactor01,2026-08-14T22:08:11.981Z,0.051263404149,2026-08-15 03:53:11.981,1115.775555555555
Pulse experiments,pioreactor01,2026-08-14T22:08:16.981Z,0.051396818989,2026-08-15 03:53:16.981,1115.776944444445
Pulse experiments,pioreactor01,2026-08-14T22:08:21.982Z,0.051425491775,2026-08-15 03:53:21.982,1115.778333333333
Pulse experiments,pioreactor01,2026-08-14T22:08:26.984Z,0.05156022214,2026-08-15 03:53:26.984,1115.779722222222
Pulse experiments,pioreactor01,2026-08-14T22:08:31.984Z,0.051715185694,2026-08-15 03:53:31.984,1115.781111111111
Pulse experiments,pioreactor01,2026-08-14T22:08:36.984Z,0.051826838595,2026-08-15 03:53:36.984,1115.7825
Pulse experiments,pioreactor01,2026-08-14T22:08:41.981Z,0.052043996693,2026-08-15 03:53:41.981,1115.783888888889
Pulse experiments,pioreactor01,2026-08-14T22:08:46.980Z,0.052207930651,2026-08-15 03:53:46.980,1115.785277777778
Pulse experiments,pioreactor01,2026-08-14T22:08:51.983Z,0.052455451947,2026-08-15 03:53:51.983,1115.786666666667
Pulse experiments,pioreactor01,2026-08-14T22:08:56.982Z,0.052611521456,2026-08-15 03:53:56.982,1115.788055555556
Pulse experiments,pioreactor01,2026-08-14T22:09:01.984Z,0.052928722488,2026-08-15 03:54:01.984,1115.789444444444
Pulse experiments,pioreactor01,2026-08-14T22:09:06.981Z,0.053064517628,2026-08-15 03:54:06.981,1115.790833333333
Pulse experiments,pioreactor01,2026-08-14T22:09:11.981Z,0.05310721489,2026-08-15 03:54:11.981,1115.792222222222
Pulse experiments,pioreactor01,2026-08-14T22:09:16.985Z,0.053078240119,2026-08-15 03:54:16.985,1115.793611111111
Pulse experiments,pioreactor01,2026-08-14T22:09:21.984Z,0.0529595181,2026-08-15 03:54:21.984,1115.795
Pulse experiments,pioreactor01,2026-08-14T22:09:26.983Z,0.05306279602,2026-08-15 03:54:26.983,1115.796388888889
Pulse experiments,pioreactor01,2026-08-14T22:09:31.982Z,0.053258036561,2026-08-15 03:54:31.982,1115.797777777778
Pulse experiments,pioreactor01,2026-08-14T22:09:36.986Z,0.053321344474,2026-08-15 03:54:36.986,1115.799166666667
Pulse experiments,pioreactor01,2026-08-14T22:09:41.983Z,0.053579347084,2026-08-15 03:54:41.983,1115.800555555556
Pulse experiments,pioreactor01,2026-08-14T22:09:46.981Z,0.053775231846,2026-08-15 03:54:46.981,1115.801944444444
Pulse experiments,pioreactor01,2026-08-14T22:09:51.983Z,0.053911013001,2026-08-15 03:54:51.983,1115.803333333333
Pulse experiments,pioreactor01,2026-08-14T22:09:56.981Z,0.054020630437,2026-08-15 03:54:56.981,1115.804722222222
Pulse experiments,pioreactor01,2026-08-14T22:10:01.981Z,0.05406183619,2026-08-15 03:55:01.981,1115.806111111111
Pulse experiments,pioreactor01,2026-08-14T22:10:06.983Z,0.054180087045,2026-08-15 03:55:06.983,1115.8075
Pulse experiments,pioreactor01,2026-08-14T22:10:16.984Z,0.054321755756,2026-08-15 03:55:16.984,1115.810277777778
Pulse experiments,pioreactor01,2026-08-14T22:10:21.984Z,0.054431039789,2026-08-15 03:55:21.984,1115.811666666667
Pulse experiments,pioreactor01,2026-08-14T22:10:26.984Z,0.054695744872,2026-08-15 03:55:26.984,1115.813055555556
Pulse experiments,pioreactor01,2026-08-14T22:10:31.982Z,0.054830514817,2026-08-15 03:55:31.982,1115.814444444444
Pulse experiments,pioreactor01,2026-08-14T22:10:36.982Z,0.055048522796,2026-08-15 03:55:36.982,1115.815833333333
Pulse experiments,pioreactor01,2026-08-14T22:10:41.984Z,0.055176088579,2026-08-15 03:55:41.984,1115.817222222222
Pulse experiments,pioreactor01,2026-08-14T22:10:46.983Z,0.055314933708,2026-08-15 03:55:46.983,1115.818611111111
Pulse experiments,pioreactor01,2026-08-14T22:10:51.982Z,0.055352470102,2026-08-15 03:55:51.982,1115.82
Pulse experiments,pioreactor01,2026-08-14T22:10:56.983Z,0.055647536861,2026-08-15 03:55:56.983,1115.821388888889
Pulse experiments,pioreactor01,2026-08-14T22:11:01.981Z,0.055993431066,2026-08-15 03:56:01.981,1115.822777777778
Pulse experiments,pioreactor01,2026-08-14T22:11:11.981Z,0.056385932417,2026-08-15 03:56:11.981,1115.825555555556
Pulse experiments,pioreactor01,2026-08-14T22:11:16.981Z,0.056723257902,2026-08-15 03:56:16.981,1115.826944444445
Pulse experiments,pioreactor01,2026-08-14T22:11:21.984Z,0.056998558523,2026-08-15 03:56:21.984,1115.828333333333
Pulse experiments,pioreactor01,2026-08-14T22:11:26.981Z,0.057237453502,2026-08-15 03:56:26.981,1115.829722222222
Pulse experiments,pioreactor01,2026-08-14T22:11:31.980Z,0.057479767202,2026-08-15 03:56:31.980,1115.831111111111
Pulse experiments,pioreactor01,2026-08-14T22:11:36.983Z,0.057715092126,2026-08-15 03:56:36.983,1115.8325
Pulse experiments,pioreactor01,2026-08-14T22:11:41.984Z,0.057954116432,2026-08-15 03:56:41.984,1115.833888888889
Pulse experiments,pioreactor01,2026-08-14T22:11:46.983Z,0.058131105223,2026-08-15 03:56:46.983,1115.835277777778
Pulse experiments,pioreactor01,2026-08-14T22:11:51.984Z,0.058450016056,2026-08-15 03:56:51.984,1115.836666666667
Pulse experiments,pioreactor01,2026-08-14T22:11:56.983Z,0.058744134848,2026-08-15 03:56:56.983,1115.838055555555
Pulse experiments,pioreactor01,2026-08-14T22:12:01.982Z,0.059104682822,2026-08-15 03:57:01.982,1115.839444444445
Pulse experiments,pioreactor01,2026-08-14T22:12:06.984Z,0.059451012624,2026-08-15 03:57:06.984,1115.840833333333
Pulse experiments,pioreactor01,2026-08-14T22:12:11.983Z,0.059667383229,2026-08-15 03:57:11.983,1115.842222222222
Pulse experiments,pioreactor01,2026-08-14T22:12:16.984Z,0.059861080428,2026-08-15 03:57:16.984,1115.843611111111
Pulse experiments,pioreactor01,2026-08-14T22:12:21.981Z,0.060089234474,2026-08-15 03:57:21.981,1115.845
Pulse experiments,pioreactor01,2026-08-14T22:12:26.986Z,0.060296653295,2026-08-15 03:57:26.986,1115.846388888889
Pulse experiments,pioreactor01,2026-08-14T22:12:31.981Z,0.060571241406,2026-08-15 03:57:31.981,1115.847777777778
Pulse experiments,pioreactor01,2026-08-14T22:12:36.981Z,0.060991472359,2026-08-15 03:57:36.981,1115.849166666667
Pulse experiments,pioreactor01,2026-08-14T22:12:41.983Z,0.061272332562,2026-08-15 03:57:41.983,1115.850555555556
Pulse experiments,pioreactor01,2026-08-14T22:12:46.984Z,0.061583293961,2026-08-15 03:57:46.984,1115.851944444444
Pulse experiments,pioreactor01,2026-08-14T22:12:51.983Z,0.061749787165,2026-08-15 03:57:51.983,1115.853333333333
Pulse experiments,pioreactor01,2026-08-14T22:12:56.982Z,0.062024263889,2026-08-15 03:57:56.982,1115.854722222222
Pulse experiments,pioreactor01,2026-08-14T22:13:01.981Z,0.062301587858,2026-08-15 03:58:01.981,1115.856111111111
Pulse experiments,pioreactor01,2026-08-14T22:13:06.985Z,0.0627019596,2026-08-15 03:58:06.985,1115.8575
Pulse experiments,pioreactor01,2026-08-14T22:13:11.981Z,0.062998071172,2026-08-15 03:58:11.981,1115.858888888889
Pulse experiments,pioreactor01,2026-08-14T22:13:16.982Z,0.06310702408,2026-08-15 03:58:16.982,1115.860277777778
Pulse experiments,pioreactor01,2026-08-14T22:13:21.982Z,0.063166058949,2026-08-15 03:58:21.982,1115.861666666667
Pulse experiments,pioreactor01,2026-08-14T22:13:31.982Z,0.063390223505,2026-08-15 03:58:31.982,1115.864444444444
Pulse experiments,pioreactor01,2026-08-14T22:13:36.981Z,0.063705534132,2026-08-15 03:58:36.981,1115.865833333333
Pulse experiments,pioreactor01,2026-08-14T22:13:41.982Z,0.063918456646,2026-08-15 03:58:41.982,1115.867222222222
Pulse experiments,pioreactor01,2026-08-14T22:13:46.982Z,0.064070582567,2026-08-15 03:58:46.982,1115.868611111111
Pulse experiments,pioreactor01,2026-08-14T22:13:51.984Z,0.064219994063,2026-08-15 03:58:51.984,1115.87
Pulse experiments,pioreactor01,2026-08-14T22:13:56.982Z,0.064429899632,2026-08-15 03:58:56.982,1115.871388888889
Pulse experiments,pioreactor01,2026-08-14T22:14:01.982Z,0.064611373145,2026-08-15 03:59:01.982,1115.872777777778
Pulse experiments,pioreactor01,2026-08-14T22:14:06.981Z,0.064919151353,2026-08-15 03:59:06.981,1115.874166666667
Pulse experiments,pioreactor01,2026-08-14T22:14:11.983Z,0.065129715256,2026-08-15 03:59:11.983,1115.875555555556
Pulse experiments,pioreactor01,2026-08-14T22:14:16.983Z,0.065309579704,2026-08-15 03:59:16.983,1115.876944444444
Pulse experiments,pioreactor01,2026-08-14T22:14:21.983Z,0.06550021966,2026-08-15 03:59:21.983,1115.878333333333
Pulse experiments,pioreactor01,2026-08-14T22:14:26.982Z,0.065621479022,2026-08-15 03:59:26.982,1115.879722222222
Pulse experiments,pioreactor01,2026-08-14T22:14:31.982Z,0.06576856753,2026-08-15 03:59:31.982,1115.881111111111
Pulse experiments,pioreactor01,2026-08-14T22:14:36.983Z,0.065970324839,2026-08-15 03:59:36.983,1115.8825
Pulse experiments,pioreactor01,2026-08-14T22:14:41.982Z,0.066158621985,2026-08-15 03:59:41.982,1115.883888888889
Pulse experiments,pioreactor01,2026-08-14T22:14:46.984Z,0.066455501742,2026-08-15 03:59:46.984,1115.885277777778
Pulse experiments,pioreactor01,2026-08-14T22:14:51.983Z,0.066622642243,2026-08-15 03:59:51.983,1115.886666666667
Pulse experiments,pioreactor01,2026-08-14T22:14:56.982Z,0.066827770529,2026-08-15 03:59:56.982,1115.888055555556
Pulse experiments,pioreactor01,2026-08-14T22:15:01.981Z,0.066854741633,2026-08-15 04:00:01.981,1115.889444444445
Pulse experiments,pioreactor01,2026-08-14T22:15:06.983Z,0.066968733708,2026-08-15 04:00:06.983,1115.890833333333
Pulse experiments,pioreactor01,2026-08-14T22:15:11.981Z,0.067093642818,2026-08-15 04:00:11.981,1115.892222222222
Pulse experiments,pioreactor01,2026-08-14T22:15:16.980Z,0.067174097007,2026-08-15 04:00:16.980,1115.893611111111
Pulse experiments,pioreactor01,2026-08-14T22:15:21.982Z,0.067353890821,2026-08-15 04:00:21.982,1115.895
Pulse experiments,pioreactor01,2026-08-14T22:15:26.981Z,0.067507769933,2026-08-15 04:00:26.981,1115.896388888889
Pulse experiments,pioreactor01,2026-08-14T22:15:31.981Z,0.067744412511,2026-08-15 04:00:31.981,1115.897777777778
Pulse experiments,pioreactor01,2026-08-14T22:15:36.982Z,0.06795769818,2026-08-15 04:00:36.982,1115.899166666667
Pulse experiments,pioreactor01,2026-08-14T22:15:41.981Z,0.068146884815,2026-08-15 04:00:41.981,1115.900555555555
Pulse experiments,pioreactor01,2026-08-14T22:15:46.982Z,0.068184677643,2026-08-15 04:00:46.982,1115.901944444445
Pulse experiments,pioreactor01,2026-08-14T22:15:51.982Z,0.068225144694,2026-08-15 04:00:51.982,1115.903333333333
Pulse experiments,pioreactor01,2026-08-14T22:15:56.981Z,0.068315987273,2026-08-15 04:00:56.981,1115.904722222222
Pulse experiments,pioreactor01,2026-08-14T22:16:01.985Z,0.068499383513,2026-08-15 04:01:01.985,1115.906111111111
Pulse experiments,pioreactor01,2026-08-14T22:16:06.980Z,0.06865933247,2026-08-15 04:01:06.980,1115.9075
Pulse experiments,pioreactor01,2026-08-14T22:16:11.981Z,0.068878300754,2026-08-15 04:01:11.981,1115.908888888889
Pulse experiments,pioreactor01,2026-08-14T22:16:16.983Z,0.069048594069,2026-08-15 04:01:16.983,1115.910277777778
Pulse experiments,pioreactor01,2026-08-14T22:16:21.982Z,0.069199851354,2026-08-15 04:01:21.982,1115.911666666667
Pulse experiments,pioreactor01,2026-08-14T22:16:26.983Z,0.069263601499,2026-08-15 04:01:26.983,1115.913055555556
Pulse experiments,pioreactor01,2026-08-14T22:16:31.982Z,0.069436934355,2026-08-15 04:01:31.982,1115.914444444444
Pulse experiments,pioreactor01,2026-08-14T22:16:36.985Z,0.069492662132,2026-08-15 04:01:36.985,1115.915833333333
Pulse experiments,pioreactor01,2026-08-14T22:16:41.982Z,0.069665468323,2026-08-15 04:01:41.982,1115.917222222222
Pulse experiments,pioreactor01,2026-08-14T22:16:46.983Z,0.06982724417,2026-08-15 04:01:46.983,1115.918611111111
Pulse experiments,pioreactor01,2026-08-14T22:16:51.983Z,0.069925031751,2026-08-15 04:01:51.983,1115.92
Pulse experiments,pioreactor01,2026-08-14T22:16:56.981Z,0.070086863761,2026-08-15 04:01:56.981,1115.921388888889
Pulse experiments,pioreactor01,2026-08-14T22:17:01.982Z,0.070260305039,2026-08-15 04:02:01.982,1115.922777777778
Pulse experiments,pioreactor01,2026-08-14T22:17:06.986Z,0.070355840344,2026-08-15 04:02:06.986,1115.924166666667
Pulse experiments,pioreactor01,2026-08-14T22:17:11.982Z,0.07042215133,2026-08-15 04:02:11.982,1115.925555555556
Pulse experiments,pioreactor01,2026-08-14T22:17:16.983Z,0.070502098657,2026-08-15 04:02:16.983,1115.926944444444
Pulse experiments,pioreactor01,2026-08-14T22:17:21.984Z,0.070616163059,2026-08-15 04:02:21.984,1115.928333333333
Pulse experiments,pioreactor01,2026-08-14T22:17:26.981Z,0.070725500781,2026-08-15 04:02:26.981,1115.929722222222
Pulse experiments,pioreactor01,2026-08-14T22:17:31.984Z,0.071016648421,2026-08-15 04:02:31.984,1115.931111111111
Pulse experiments,pioreactor01,2026-08-14T22:17:36.985Z,0.071174958115,2026-08-15 04:02:36.985,1115.9325
Pulse experiments,pioreactor01,2026-08-14T22:17:41.981Z,0.07131682717,2026-08-15 04:02:41.981,1115.933888888889
Pulse experiments,pioreactor01,2026-08-14T22:17:46.982Z,0.071575482247,2026-08-15 04:02:46.982,1115.935277777778
Pulse experiments,pioreactor01,2026-08-14T22:17:51.983Z,0.071837814646,2026-08-15 04:02:51.983,1115.936666666667
Pulse experiments,pioreactor01,2026-08-14T22:17:56.982Z,0.071950409199,2026-08-15 04:02:56.982,1115.938055555556
Pulse experiments,pioreactor01,2026-08-14T22:18:01.982Z,0.072064861291,2026-08-15 04:03:01.982,1115.939444444444
Pulse experiments,pioreactor01,2026-08-14T22:18:06.981Z,0.072140299898,2026-08-15 04:03:06.981,1115.940833333333
Pulse experiments,pioreactor01,2026-08-14T22:18:11.983Z,0.072391830993,2026-08-15 04:03:11.983,1115.942222222222
Pulse experiments,pioreactor01,2026-08-14T22:18:16.983Z,0.072514081686,2026-08-15 04:03:16.983,1115.943611111111
Pulse experiments,pioreactor01,2026-08-14T22:18:21.983Z,0.07267940114,2026-08-15 04:03:21.983,1115.945
Pulse experiments,pioreactor01,2026-08-14T22:18:26.984Z,0.072872816402,2026-08-15 04:03:26.984,1115.946388888889
Pulse experiments,pioreactor01,2026-08-14T22:18:36.981Z,0.07293265031,2026-08-15 04:03:36.981,1115.949166666667
Pulse experiments,pioreactor01,2026-08-14T22:18:41.981Z,0.073023960041,2026-08-15 04:03:41.981,1115.950555555556
Pulse experiments,pioreactor01,2026-08-14T22:18:46.984Z,0.07319116808,2026-08-15 04:03:46.984,1115.951944444445
Pulse experiments,pioreactor01,2026-08-14T22:18:51.982Z,0.073366884863,2026-08-15 04:03:51.982,1115.953333333333
Pulse experiments,pioreactor01,2026-08-14T22:18:56.983Z,0.073563230137,2026-08-15 04:03:56.983,1115.954722222222
Pulse experiments,pioreactor01,2026-08-14T22:19:01.982Z,0.073741082307,2026-08-15 04:04:01.982,1115.956111111111
Pulse experiments,pioreactor01,2026-08-14T22:19:06.984Z,0.073885830079,2026-08-15 04:04:06.984,1115.9575
Pulse experiments,pioreactor01,2026-08-14T22:19:11.981Z,0.073938363266,2026-08-15 04:04:11.981,1115.958888888889
Pulse experiments,pioreactor01,2026-08-14T22:19:16.981Z,0.074084483236,2026-08-15 04:04:16.981,1115.960277777778
Pulse experiments,pioreactor01,2026-08-14T22:19:21.982Z,0.074211250781,2026-08-15 04:04:21.982,1115.961666666667
Pulse experiments,pioreactor01,2026-08-14T22:19:26.981Z,0.074319161786,2026-08-15 04:04:26.981,1115.963055555555
Pulse experiments,pioreactor01,2026-08-14T22:19:31.983Z,0.074525691973,2026-08-15 04:04:31.983,1115.964444444445
Pulse experiments,pioreactor01,2026-08-14T22:19:36.982Z,0.074717482445,2026-08-15 04:04:36.982,1115.965833333333
Pulse experiments,pioreactor01,2026-08-14T22:19:41.985Z,0.074850739071,2026-08-15 04:04:41.985,1115.967222222222
Pulse experiments,pioreactor01,2026-08-14T22:19:46.983Z,0.075016100378,2026-08-15 04:04:46.983,1115.968611111111
Pulse experiments,pioreactor01,2026-08-14T22:19:51.981Z,0.075111166548,2026-08-15 04:04:51.981,1115.97
Pulse experiments,pioreactor01,2026-08-14T22:19:56.981Z,0.075368145359,2026-08-15 04:04:56.981,1115.971388888889
Pulse experiments,pioreactor01,2026-08-14T22:20:06.984Z,0.075450690073,2026-08-15 04:05:06.984,1115.974166666667
Pulse experiments,pioreactor01,2026-08-14T22:20:11.981Z,0.075637936621,2026-08-15 04:05:11.981,1115.975555555556
Pulse experiments,pioreactor01,2026-08-14T22:20:16.983Z,0.075789340375,2026-08-15 04:05:16.983,1115.976944444444
Pulse experiments,pioreactor01,2026-08-14T22:20:21.984Z,0.075910849293,2026-08-15 04:05:21.984,1115.978333333333
Pulse experiments,pioreactor01,2026-08-14T22:20:26.983Z,0.075951792571,2026-08-15 04:05:26.983,1115.979722222222
Pulse experiments,pioreactor01,2026-08-14T22:20:31.981Z,0.076138509433,2026-08-15 04:05:31.981,1115.981111111111
Pulse experiments,pioreactor01,2026-08-14T22:20:36.981Z,0.076304471962,2026-08-15 04:05:36.981,1115.9825
Pulse experiments,pioreactor01,2026-08-14T22:20:41.981Z,0.076450344428,2026-08-15 04:05:41.981,1115.983888888889
Pulse experiments,pioreactor01,2026-08-14T22:20:51.982Z,0.076494637234,2026-08-15 04:05:51.982,1115.986666666667
Pulse experiments,pioreactor01,2026-08-14T22:20:56.981Z,0.076648755551,2026-08-15 04:05:56.981,1115.988055555556
Pulse experiments,pioreactor01,2026-08-14T22:21:01.982Z,0.07676447598,2026-08-15 04:06:01.982,1115.989444444444
Pulse experiments,pioreactor01,2026-08-14T22:21:11.982Z,0.076980676239,2026-08-15 04:06:11.982,1115.992222222222
Pulse experiments,pioreactor01,2026-08-14T22:21:21.982Z,0.077295196766,2026-08-15 04:06:21.982,1115.995
Pulse experiments,pioreactor01,2026-08-14T22:21:26.983Z,0.077507132407,2026-08-15 04:06:26.983,1115.996388888889
Pulse experiments,pioreactor01,2026-08-14T22:21:31.983Z,0.077661135772,2026-08-15 04:06:31.983,1115.997777777778
Pulse experiments,pioreactor01,2026-08-14T22:21:36.982Z,0.077725102405,2026-08-15 04:06:36.982,1115.999166666667
Pulse experiments,pioreactor01,2026-08-14T22:21:41.983Z,0.077974136723,2026-08-15 04:06:41.983,1116.000555555556
Pulse experiments,pioreactor01,2026-08-14T22:21:46.981Z,0.078100093242,2026-08-15 04:06:46.981,1116.001944444444
Pulse experiments,pioreactor01,2026-08-14T22:21:51.982Z,0.078232128675,2026-08-15 04:06:51.982,1116.003333333333
Pulse experiments,pioreactor01,2026-08-14T22:22:01.984Z,0.07832535083,2026-08-15 04:07:01.984,1116.006111111111
Pulse experiments,pioreactor01,2026-08-14T22:22:06.981Z,0.078344640807,2026-08-15 04:07:06.981,1116.0075
Pulse experiments,pioreactor01,2026-08-14T22:22:11.982Z,0.078554177657,2026-08-15 04:07:11.982,1116.008888888889
Pulse experiments,pioreactor01,2026-08-14T22:22:16.983Z,0.078760847922,2026-08-15 04:07:16.983,1116.010277777778
Pulse experiments,pioreactor01,2026-08-14T22:22:21.984Z,0.078989137792,2026-08-15 04:07:21.984,1116.011666666667
Pulse experiments,pioreactor01,2026-08-14T22:22:26.984Z,0.079193005472,2026-08-15 04:07:26.984,1116.013055555556
Pulse experiments,pioreactor01,2026-08-14T22:22:31.981Z,0.079374445117,2026-08-15 04:07:31.981,1116.014444444445
Pulse experiments,pioreactor01,2026-08-14T22:22:36.983Z,0.079544564048,2026-08-15 04:07:36.983,1116.015833333333
Pulse experiments,pioreactor01,2026-08-14T22:22:41.981Z,0.079699795295,2026-08-15 04:07:41.981,1116.017222222222
Pulse experiments,pioreactor01,2026-08-14T22:22:46.984Z,0.079964384729,2026-08-15 04:07:46.984,1116.018611111111
Pulse experiments,pioreactor01,2026-08-14T22:22:51.982Z,0.080204960254,2026-08-15 04:07:51.982,1116.02
Pulse experiments,pioreactor01,2026-08-14T22:22:56.981Z,0.080482892871,2026-08-15 04:07:56.981,1116.021388888889
Pulse experiments,pioreactor01,2026-08-14T22:23:01.983Z,0.080768697624,2026-08-15 04:08:01.983,1116.022777777778
Pulse experiments,pioreactor01,2026-08-14T22:23:06.982Z,0.080985472109,2026-08-15 04:08:06.982,1116.024166666667
Pulse experiments,pioreactor01,2026-08-14T22:23:11.981Z,0.081126378263,2026-08-15 04:08:11.981,1116.025555555555
Pulse experiments,pioreactor01,2026-08-14T22:23:16.984Z,0.081246626349,2026-08-15 04:08:16.984,1116.026944444445
Pulse experiments,pioreactor01,2026-08-14T22:23:21.982Z,0.081268733011,2026-08-15 04:08:21.982,1116.028333333333
Pulse experiments,pioreactor01,2026-08-14T22:23:26.983Z,0.081257517893,2026-08-15 04:08:26.983,1116.029722222222
Pulse experiments,pioreactor01,2026-08-14T22:23:31.982Z,0.081374206657,2026-08-15 04:08:31.982,1116.031111111111
Pulse experiments,pioreactor01,2026-08-14T22:23:36.984Z,0.081477424236,2026-08-15 04:08:36.984,1116.0325
Pulse experiments,pioreactor01,2026-08-14T22:23:41.982Z,0.081619248975,2026-08-15 04:08:41.982,1116.033888888889
Pulse experiments,pioreactor01,2026-08-14T22:23:46.982Z,0.081831933626,2026-08-15 04:08:46.982,1116.035277777778
Pulse experiments,pioreactor01,2026-08-14T22:23:51.981Z,0.082072503795,2026-08-15 04:08:51.981,1116.036666666667
Pulse experiments,pioreactor01,2026-08-14T22:23:56.983Z,0.082387354247,2026-08-15 04:08:56.983,1116.038055555556
Pulse experiments,pioreactor01,2026-08-14T22:24:01.981Z,0.082770580801,2026-08-15 04:09:01.981,1116.039444444444
Pulse experiments,pioreactor01,2026-08-14T22:24:06.982Z,0.082914853056,2026-08-15 04:09:06.982,1116.040833333333
Pulse experiments,pioreactor01,2026-08-14T22:24:11.982Z,0.083061836926,2026-08-15 04:09:11.982,1116.042222222222
Pulse experiments,pioreactor01,2026-08-14T22:24:16.986Z,0.083252566825,2026-08-15 04:09:16.986,1116.043611111111
Pulse experiments,pioreactor01,2026-08-14T22:24:21.982Z,0.083481002573,2026-08-15 04:09:21.982,1116.045
Pulse experiments,pioreactor01,2026-08-14T22:24:31.983Z,0.083694575237,2026-08-15 04:09:31.983,1116.047777777778
Pulse experiments,pioreactor01,2026-08-14T22:24:36.984Z,0.083979756811,2026-08-15 04:09:36.984,1116.049166666667
Pulse experiments,pioreactor01,2026-08-14T22:24:41.982Z,0.084194752082,2026-08-15 04:09:41.982,1116.050555555556
Pulse experiments,pioreactor01,2026-08-14T22:24:46.981Z,0.084376838114,2026-08-15 04:09:46.981,1116.051944444444
Pulse experiments,pioreactor01,2026-08-14T22:24:51.982Z,0.084610505076,2026-08-15 04:09:51.982,1116.053333333333
Pulse experiments,pioreactor01,2026-08-14T22:24:56.982Z,0.084848251143,2026-08-15 04:09:56.982,1116.054722222222
Pulse experiments,pioreactor01,2026-08-14T22:25:01.983Z,0.085133171102,2026-08-15 04:10:01.983,1116.056111111111
Pulse experiments,pioreactor01,2026-08-14T22:25:06.983Z,0.085379844652,2026-08-15 04:10:06.983,1116.0575
Pulse experiments,pioreactor01,2026-08-14T22:25:11.984Z,0.085526960538,2026-08-15 04:10:11.984,1116.058888888889
Pulse experiments,pioreactor01,2026-08-14T22:25:16.983Z,0.085712907203,2026-08-15 04:10:16.983,1116.060277777778
Pulse experiments,pioreactor01,2026-08-14T22:25:21.982Z,0.085876846497,2026-08-15 04:10:21.982,1116.061666666667
Pulse experiments,pioreactor01,2026-08-14T22:25:26.984Z,0.086071218578,2026-08-15 04:10:26.984,1116.063055555556
Pulse experiments,pioreactor01,2026-08-14T22:25:31.983Z,0.086426050157,2026-08-15 04:10:31.983,1116.064444444444
Pulse experiments,pioreactor01,2026-08-14T22:25:36.982Z,0.086687252872,2026-08-15 04:10:36.982,1116.065833333333
Pulse experiments,pioreactor01,2026-08-14T22:25:41.984Z,0.086928132663,2026-08-15 04:10:41.984,1116.067222222222
Pulse experiments,pioreactor01,2026-08-14T22:25:46.983Z,0.087154329233,2026-08-15 04:10:46.983,1116.068611111111
Pulse experiments,pioreactor01,2026-08-14T22:25:51.985Z,0.087311378982,2026-08-15 04:10:51.985,1116.07
Pulse experiments,pioreactor01,2026-08-14T22:25:56.981Z,0.087532369206,2026-08-15 04:10:56.981,1116.071388888889
Pulse experiments,pioreactor01,2026-08-14T22:26:01.983Z,0.087625777429,2026-08-15 04:11:01.983,1116.072777777778
Pulse experiments,pioreactor01,2026-08-14T22:26:06.982Z,0.087765643122,2026-08-15 04:11:06.982,1116.074166666667
Pulse experiments,pioreactor01,2026-08-14T22:26:11.983Z,0.08800108202,2026-08-15 04:11:11.983,1116.075555555556
Pulse experiments,pioreactor01,2026-08-14T22:26:16.981Z,0.088312233706,2026-08-15 04:11:16.981,1116.076944444445
Pulse experiments,pioreactor01,2026-08-14T22:26:26.982Z,0.088479848328,2026-08-15 04:11:26.982,1116.079722222222
Pulse experiments,pioreactor01,2026-08-14T22:26:31.984Z,0.088705081463,2026-08-15 04:11:31.984,1116.081111111111
Pulse experiments,pioreactor01,2026-08-14T22:26:36.984Z,0.088935691724,2026-08-15 04:11:36.984,1116.0825
Pulse experiments,pioreactor01,2026-08-14T22:26:41.981Z,0.089137187744,2026-08-15 04:11:41.981,1116.083888888889
Pulse experiments,pioreactor01,2026-08-14T22:26:46.983Z,0.089281280088,2026-08-15 04:11:46.983,1116.085277777778
Pulse experiments,pioreactor01,2026-08-14T22:26:51.982Z,0.089511652203,2026-08-15 04:11:51.982,1116.086666666667
Pulse experiments,pioreactor01,2026-08-14T22:26:56.982Z,0.089668223892,2026-08-15 04:11:56.982,1116.088055555555
Pulse experiments,pioreactor01,2026-08-14T22:27:01.984Z,0.089843920377,2026-08-15 04:12:01.984,1116.089444444445
Pulse experiments,pioreactor01,2026-08-14T22:27:06.981Z,0.090085597675,2026-08-15 04:12:06.981,1116.090833333333
Pulse experiments,pioreactor01,2026-08-14T22:27:11.982Z,0.090284822876,2026-08-15 04:12:11.982,1116.092222222222
Pulse experiments,pioreactor01,2026-08-14T22:27:16.983Z,0.090505965212,2026-08-15 04:12:16.983,1116.093611111111
Pulse experiments,pioreactor01,2026-08-14T22:27:21.981Z,0.090775146295,2026-08-15 04:12:21.981,1116.095
Pulse experiments,pioreactor01,2026-08-14T22:27:26.984Z,0.090988596174,2026-08-15 04:12:26.984,1116.096388888889
Pulse experiments,pioreactor01,2026-08-14T22:27:31.982Z,0.091171559289,2026-08-15 04:12:31.982,1116.097777777778
Pulse experiments,pioreactor01,2026-08-14T22:27:36.981Z,0.091420807041,2026-08-15 04:12:36.981,1116.099166666667
Pulse experiments,pioreactor01,2026-08-14T22:27:41.981Z,0.091594057354,2026-08-15 04:12:41.981,1116.100555555556
Pulse experiments,pioreactor01,2026-08-14T22:27:46.982Z,0.091796154954,2026-08-15 04:12:46.982,1116.101944444444
Pulse experiments,pioreactor01,2026-08-14T22:27:51.983Z,0.091926041359,2026-08-15 04:12:51.983,1116.103333333333
Pulse experiments,pioreactor01,2026-08-14T22:28:06.981Z,0.092069577067,2026-08-15 04:13:06.981,1116.1075
Pulse experiments,pioreactor01,2026-08-14T22:28:11.981Z,0.092250407695,2026-08-15 04:13:11.981,1116.108888888889
Pulse experiments,pioreactor01,2026-08-14T22:28:16.981Z,0.092361312907,2026-08-15 04:13:16.981,1116.110277777778
Pulse experiments,pioreactor01,2026-08-14T22:28:21.982Z,0.092529105393,2026-08-15 04:13:21.982,1116.111666666667
Pulse experiments,pioreactor01,2026-08-14T22:28:26.982Z,0.092591147928,2026-08-15 04:13:26.982,1116.113055555556
Pulse experiments,pioreactor01,2026-08-14T22:28:31.983Z,0.092764084393,2026-08-15 04:13:31.983,1116.114444444444
Pulse experiments,pioreactor01,2026-08-14T22:28:36.981Z,0.092865629201,2026-08-15 04:13:36.981,1116.115833333333
Pulse experiments,pioreactor01,2026-08-14T22:28:46.982Z,0.093109877263,2026-08-15 04:13:46.982,1116.118611111111
Pulse experiments,pioreactor01,2026-08-14T22:28:51.981Z,0.09338260204,2026-08-15 04:13:51.981,1116.12
Pulse experiments,pioreactor01,2026-08-14T22:28:56.986Z,0.093676649712,2026-08-15 04:13:56.986,1116.121388888889
Pulse experiments,pioreactor01,2026-08-14T22:29:01.984Z,0.093832928583,2026-08-15 04:14:01.984,1116.122777777778
Pulse experiments,pioreactor01,2026-08-14T22:29:06.982Z,0.094068317881,2026-08-15 04:14:06.982,1116.124166666667
Pulse experiments,pioreactor01,2026-08-14T22:29:11.982Z,0.094230891798,2026-08-15 04:14:11.982,1116.125555555556
Pulse experiments,pioreactor01,2026-08-14T22:29:16.981Z,0.094389492635,2026-08-15 04:14:16.981,1116.126944444444
Pulse experiments,pioreactor01,2026-08-14T22:29:21.983Z,0.094521958884,2026-08-15 04:14:21.983,1116.128333333333
Pulse experiments,pioreactor01,2026-08-14T22:29:26.982Z,0.094666599142,2026-08-15 04:14:26.982,1116.129722222222
Pulse experiments,pioreactor01,2026-08-14T22:29:31.981Z,0.094793861731,2026-08-15 04:14:31.981,1116.131111111111
Pulse experiments,pioreactor01,2026-08-14T22:29:36.984Z,0.094917280224,2026-08-15 04:14:36.984,1116.1325
Pulse experiments,pioreactor01,2026-08-14T22:29:41.983Z,0.095064865118,2026-08-15 04:14:41.983,1116.133888888889
Pulse experiments,pioreactor01,2026-08-14T22:29:46.982Z,0.095128771223,2026-08-15 04:14:46.982,1116.135277777778
Pulse experiments,pioreactor01,2026-08-14T22:29:51.982Z,0.095243080614,2026-08-15 04:14:51.982,1116.136666666667
Pulse experiments,pioreactor01,2026-08-14T22:29:56.982Z,0.095302580982,2026-08-15 04:14:56.982,1116.138055555556
Pulse experiments,pioreactor01,2026-08-14T22:30:01.981Z,0.095441718104,2026-08-15 04:15:01.981,1116.139444444445
Pulse experiments,pioreactor01,2026-08-14T22:30:06.981Z,0.095581883142,2026-08-15 04:15:06.981,1116.140833333333
Pulse experiments,pioreactor01,2026-08-14T22:30:11.981Z,0.095660268131,2026-08-15 04:15:11.981,1116.142222222222
Pulse experiments,pioreactor01,2026-08-14T22:30:16.981Z,0.095788936756,2026-08-15 04:15:16.981,1116.143611111111
Pulse experiments,pioreactor01,2026-08-14T22:30:21.983Z,0.095975671785,2026-08-15 04:15:21.983,1116.145
Pulse experiments,pioreactor01,2026-08-14T22:30:26.985Z,0.096144528815,2026-08-15 04:15:26.985,1116.146388888889
Pulse experiments,pioreactor01,2026-08-14T22:30:31.984Z,0.096361495696,2026-08-15 04:15:31.984,1116.147777777778
Pulse experiments,pioreactor01,2026-08-14T22:30:36.982Z,0.096535141068,2026-08-15 04:15:36.982,1116.149166666667
Pulse experiments,pioreactor01,2026-08-14T22:30:41.982Z,0.096721557478,2026-08-15 04:15:41.982,1116.150555555555
Pulse experiments,pioreactor01,2026-08-14T22:30:46.982Z,0.096988385175,2026-08-15 04:15:46.982,1116.151944444445
Pulse experiments,pioreactor01,2026-08-14T22:30:51.983Z,0.097157470246,2026-08-15 04:15:51.983,1116.153333333333
Pulse experiments,pioreactor01,2026-08-14T22:30:56.982Z,0.097198385522,2026-08-15 04:15:56.982,1116.154722222222
Pulse experiments,pioreactor01,2026-08-14T22:31:06.982Z,0.097361401445,2026-08-15 04:16:06.982,1116.1575
Pulse experiments,pioreactor01,2026-08-14T22:31:11.981Z,0.097535777911,2026-08-15 04:16:11.981,1116.158888888889
Pulse experiments,pioreactor01,2026-08-14T22:31:16.983Z,0.097675263207,2026-08-15 04:16:16.983,1116.160277777778
Pulse experiments,pioreactor01,2026-08-14T22:31:21.981Z,0.097839684564,2026-08-15 04:16:21.981,1116.161666666667
Pulse experiments,pioreactor01,2026-08-14T22:31:26.981Z,0.098042468221,2026-08-15 04:16:26.981,1116.163055555556
Pulse experiments,pioreactor01,2026-08-14T22:31:31.983Z,0.098308028756,2026-08-15 04:16:31.983,1116.164444444444
Pulse experiments,pioreactor01,2026-08-14T22:31:36.982Z,0.098532753312,2026-08-15 04:16:36.982,1116.165833333333
Pulse experiments,pioreactor01,2026-08-14T22:31:41.983Z,0.098698831548,2026-08-15 04:16:41.983,1116.167222222222
Pulse experiments,pioreactor01,2026-08-14T22:31:46.982Z,0.098844826255,2026-08-15 04:16:46.982,1116.168611111111
Pulse experiments,pioreactor01,2026-08-14T22:31:51.984Z,0.099063530964,2026-08-15 04:16:51.984,1116.17
Pulse experiments,pioreactor01,2026-08-14T22:31:56.984Z,0.099289175669,2026-08-15 04:16:56.984,1116.171388888889
Pulse experiments,pioreactor01,2026-08-14T22:32:01.983Z,0.099428188735,2026-08-15 04:17:01.983,1116.172777777778
Pulse experiments,pioreactor01,2026-08-14T22:32:06.981Z,0.099592235905,2026-08-15 04:17:06.981,1116.174166666667
Pulse experiments,pioreactor01,2026-08-14T22:32:11.981Z,0.099798571466,2026-08-15 04:17:11.981,1116.175555555556
Pulse experiments,pioreactor01,2026-08-14T22:32:16.983Z,0.099973895953,2026-08-15 04:17:16.983,1116.176944444444
Pulse experiments,pioreactor01,2026-08-14T22:32:21.981Z,0.100144178101,2026-08-15 04:17:21.981,1116.178333333333
Pulse experiments,pioreactor01,2026-08-14T22:32:26.981Z,0.100308678496,2026-08-15 04:17:26.981,1116.179722222222
Pulse experiments,pioreactor01,2026-08-14T22:32:31.982Z,0.100437794396,2026-08-15 04:17:31.982,1116.181111111111
Pulse experiments,pioreactor01,2026-08-14T22:32:36.982Z,0.100522482519,2026-08-15 04:17:36.982,1116.1825
Pulse experiments,pioreactor01,2026-08-14T22:32:41.981Z,0.100589582886,2026-08-15 04:17:41.981,1116.183888888889
Pulse experiments,pioreactor01,2026-08-14T22:32:46.983Z,0.100722180941,2026-08-15 04:17:46.983,1116.185277777778
Pulse experiments,pioreactor01,2026-08-14T22:32:51.981Z,0.100780342236,2026-08-15 04:17:51.981,1116.186666666667
Pulse experiments,pioreactor01,2026-08-14T22:33:01.981Z,0.100940775656,2026-08-15 04:18:01.981,1116.189444444444
Pulse experiments,pioreactor01,2026-08-14T22:33:06.984Z,0.101042640148,2026-08-15 04:18:06.984,1116.190833333333
Pulse experiments,pioreactor01,2026-08-14T22:33:11.983Z,0.101207589685,2026-08-15 04:18:11.983,1116.192222222222
Pulse experiments,pioreactor01,2026-08-14T22:33:16.983Z,0.101347304392,2026-08-15 04:18:16.983,1116.193611111111
Pulse experiments,pioreactor01,2026-08-14T22:33:21.981Z,0.101493519105,2026-08-15 04:18:21.981,1116.195
Pulse experiments,pioreactor01,2026-08-14T22:33:26.982Z,0.10172955384,2026-08-15 04:18:26.982,1116.196388888889
Pulse experiments,pioreactor01,2026-08-14T22:33:31.984Z,0.101858224794,2026-08-15 04:18:31.984,1116.197777777778
Pulse experiments,pioreactor01,2026-08-14T22:33:36.983Z,0.101929551019,2026-08-15 04:18:36.983,1116.199166666667
Pulse experiments,pioreactor01,2026-08-14T22:33:41.983Z,0.101992360622,2026-08-15 04:18:41.983,1116.200555555556
Pulse experiments,pioreactor01,2026-08-14T22:33:46.984Z,0.102033234902,2026-08-15 04:18:46.984,1116.201944444445
Pulse experiments,pioreactor01,2026-08-14T22:33:51.984Z,0.102167241216,2026-08-15 04:18:51.984,1116.203333333333
Pulse experiments,pioreactor01,2026-08-14T22:33:56.981Z,0.10230052911,2026-08-15 04:18:56.981,1116.204722222222
Pulse experiments,pioreactor01,2026-08-14T22:34:01.982Z,0.102379050323,2026-08-15 04:19:01.982,1116.206111111111
Pulse experiments,pioreactor01,2026-08-14T22:34:06.983Z,0.102456080265,2026-08-15 04:19:06.983,1116.2075
Pulse experiments,pioreactor01,2026-08-14T22:34:11.981Z,0.102612751206,2026-08-15 04:19:11.981,1116.208888888889
Pulse experiments,pioreactor01,2026-08-14T22:34:16.983Z,0.102824471828,2026-08-15 04:19:16.983,1116.210277777778
Pulse experiments,pioreactor01,2026-08-14T22:34:21.983Z,0.103004255953,2026-08-15 04:19:21.983,1116.211666666667
Pulse experiments,pioreactor01,2026-08-14T22:34:26.984Z,0.103137390182,2026-08-15 04:19:26.984,1116.213055555555
Pulse experiments,pioreactor01,2026-08-14T22:34:36.981Z,0.103274163361,2026-08-15 04:19:36.981,1116.215833333333
Pulse experiments,pioreactor01,2026-08-14T22:34:41.986Z,0.10354702341,2026-08-15 04:19:41.986,1116.217222222222
Pulse experiments,pioreactor01,2026-08-14T22:34:46.982Z,0.103682778342,2026-08-15 04:19:46.982,1116.218611111111
Pulse experiments,pioreactor01,2026-08-14T22:34:51.983Z,0.103826517619,2026-08-15 04:19:51.983,1116.22
Pulse experiments,pioreactor01,2026-08-14T22:34:56.983Z,0.104048581361,2026-08-15 04:19:56.983,1116.221388888889
Pulse experiments,pioreactor01,2026-08-14T22:35:01.982Z,0.104179074824,2026-08-15 04:20:01.982,1116.222777777778
Pulse experiments,pioreactor01,2026-08-14T22:35:06.982Z,0.104264595495,2026-08-15 04:20:06.982,1116.224166666667
Pulse experiments,pioreactor01,2026-08-14T22:35:11.983Z,0.104281423251,2026-08-15 04:20:11.983,1116.225555555556
Pulse experiments,pioreactor01,2026-08-14T22:35:16.981Z,0.104336167811,2026-08-15 04:20:16.981,1116.226944444444
Pulse experiments,pioreactor01,2026-08-14T22:35:21.982Z,0.104398628811,2026-08-15 04:20:21.982,1116.228333333333
Pulse experiments,pioreactor01,2026-08-14T22:35:26.982Z,0.104474961446,2026-08-15 04:20:26.982,1116.229722222222
Pulse experiments,pioreactor01,2026-08-14T22:35:31.983Z,0.104508285507,2026-08-15 04:20:31.983,1116.231111111111
Pulse experiments,pioreactor01,2026-08-14T22:35:36.982Z,0.104585917499,2026-08-15 04:20:36.982,1116.2325
Pulse experiments,pioreactor01,2026-08-14T22:35:41.983Z,0.104686380016,2026-08-15 04:20:41.983,1116.233888888889
Pulse experiments,pioreactor01,2026-08-14T22:35:46.981Z,0.104806948693,2026-08-15 04:20:46.981,1116.235277777778
Pulse experiments,pioreactor01,2026-08-14T22:35:51.982Z,0.104892370985,2026-08-15 04:20:51.982,1116.236666666667
Pulse experiments,pioreactor01,2026-08-14T22:35:56.984Z,0.105066886431,2026-08-15 04:20:56.984,1116.238055555556
Pulse experiments,pioreactor01,2026-08-14T22:36:01.982Z,0.105154938251,2026-08-15 04:21:01.982,1116.239444444444
Pulse experiments,pioreactor01,2026-08-14T22:36:06.982Z,0.105335397741,2026-08-15 04:21:06.982,1116.240833333333
Pulse experiments,pioreactor01,2026-08-14T22:36:11.983Z,0.105390832099,2026-08-15 04:21:11.983,1116.242222222222
Pulse experiments,pioreactor01,2026-08-14T22:36:16.981Z,0.10540659662,2026-08-15 04:21:16.981,1116.243611111111
Pulse experiments,pioreactor01,2026-08-14T22:36:26.983Z,0.105555863554,2026-08-15 04:21:26.983,1116.246388888889
Pulse experiments,pioreactor01,2026-08-14T22:36:31.984Z,0.105614571816,2026-08-15 04:21:31.984,1116.247777777778
Pulse experiments,pioreactor01,2026-08-14T22:36:36.982Z,0.105652535438,2026-08-15 04:21:36.982,1116.249166666667
Pulse experiments,pioreactor01,2026-08-14T22:36:41.982Z,0.105850454555,2026-08-15 04:21:41.982,1116.250555555556
Pulse experiments,pioreactor01,2026-08-14T22:36:46.982Z,0.105872963684,2026-08-15 04:21:46.982,1116.251944444444
Pulse experiments,pioreactor01,2026-08-14T22:36:51.982Z,0.106048842716,2026-08-15 04:21:51.982,1116.253333333333
Pulse experiments,pioreactor01,2026-08-14T22:36:56.983Z,0.106130765263,2026-08-15 04:21:56.983,1116.254722222222
Pulse experiments,pioreactor01,2026-08-14T22:37:01.982Z,0.106174559059,2026-08-15 04:22:01.982,1116.256111111111
Pulse experiments,pioreactor01,2026-08-14T22:37:06.983Z,0.106200465431,2026-08-15 04:22:06.983,1116.2575
Pulse experiments,pioreactor01,2026-08-14T22:37:11.981Z,0.106251158374,2026-08-15 04:22:11.981,1116.258888888889
Pulse experiments,pioreactor01,2026-08-14T22:37:16.983Z,0.106366657843,2026-08-15 04:22:16.983,1116.260277777778
Pulse experiments,pioreactor01,2026-08-14T22:37:21.983Z,0.106533785832,2026-08-15 04:22:21.983,1116.261666666667
Pulse experiments,pioreactor01,2026-08-14T22:37:26.985Z,0.106683059877,2026-08-15 04:22:26.985,1116.263055555556
Pulse experiments,pioreactor01,2026-08-14T22:37:31.983Z,0.106807180943,2026-08-15 04:22:31.983,1116.264444444445
Pulse experiments,pioreactor01,2026-08-14T22:37:36.983Z,0.106900973698,2026-08-15 04:22:36.983,1116.265833333333
Pulse experiments,pioreactor01,2026-08-14T22:37:41.982Z,0.107041711034,2026-08-15 04:22:41.982,1116.267222222222
Pulse experiments,pioreactor01,2026-08-14T22:37:46.981Z,0.107146264602,2026-08-15 04:22:46.981,1116.268611111111
Pulse experiments,pioreactor01,2026-08-14T22:37:51.984Z,0.107184277936,2026-08-15 04:22:51.984,1116.27
Pulse experiments,pioreactor01,2026-08-14T22:37:56.981Z,0.10729103733,2026-08-15 04:22:56.981,1116.271388888889
Pulse experiments,pioreactor01,2026-08-14T22:38:01.983Z,0.107396709964,2026-08-15 04:23:01.983,1116.272777777778
Pulse experiments,pioreactor01,2026-08-14T22:38:06.983Z,0.107565087303,2026-08-15 04:23:06.983,1116.274166666667
Pulse experiments,pioreactor01,2026-08-14T22:38:11.982Z,0.107601796194,2026-08-15 04:23:11.982,1116.275555555555
Pulse experiments,pioreactor01,2026-08-14T22:38:16.981Z,0.107700499083,2026-08-15 04:23:16.981,1116.276944444445
Pulse experiments,pioreactor01,2026-08-14T22:38:21.982Z,0.107786714084,2026-08-15 04:23:21.982,1116.278333333333
Pulse experiments,pioreactor01,2026-08-14T22:38:26.981Z,0.10787564128,2026-08-15 04:23:26.981,1116.279722222222
Pulse experiments,pioreactor01,2026-08-14T22:38:31.982Z,0.107985724508,2026-08-15 04:23:31.982,1116.281111111111
Pulse experiments,pioreactor01,2026-08-14T22:38:36.982Z,0.108210246877,2026-08-15 04:23:36.982,1116.2825
Pulse experiments,pioreactor01,2026-08-14T22:38:41.984Z,0.108311904674,2026-08-15 04:23:41.984,1116.283888888889
Pulse experiments,pioreactor01,2026-08-14T22:38:46.982Z,0.108392310961,2026-08-15 04:23:46.982,1116.285277777778
Pulse experiments,pioreactor01,2026-08-14T22:38:51.983Z,0.108578144914,2026-08-15 04:23:51.983,1116.286666666667
Pulse experiments,pioreactor01,2026-08-14T22:38:56.982Z,0.108717632311,2026-08-15 04:23:56.982,1116.288055555556
Pulse experiments,pioreactor01,2026-08-14T22:39:01.981Z,0.10877439416,2026-08-15 04:24:01.981,1116.289444444444
Pulse experiments,pioreactor01,2026-08-14T22:39:06.982Z,0.108894402711,2026-08-15 04:24:06.982,1116.290833333333
Pulse experiments,pioreactor01,2026-08-14T22:39:11.981Z,0.109002352903,2026-08-15 04:24:11.981,1116.292222222222
Pulse experiments,pioreactor01,2026-08-14T22:39:16.983Z,0.109071821882,2026-08-15 04:24:16.983,1116.293611111111
Pulse experiments,pioreactor01,2026-08-14T22:39:21.983Z,0.109124127281,2026-08-15 04:24:21.983,1116.295
Pulse experiments,pioreactor01,2026-08-14T22:39:26.981Z,0.109281851283,2026-08-15 04:24:26.981,1116.296388888889
Pulse experiments,pioreactor01,2026-08-14T22:39:31.985Z,0.109384164215,2026-08-15 04:24:31.985,1116.297777777778
Pulse experiments,pioreactor01,2026-08-14T22:39:36.984Z,0.109497342613,2026-08-15 04:24:36.984,1116.299166666667
Pulse experiments,pioreactor01,2026-08-14T22:39:41.982Z,0.109673872316,2026-08-15 04:24:41.982,1116.300555555556
Pulse experiments,pioreactor01,2026-08-14T22:39:46.985Z,0.109841284374,2026-08-15 04:24:46.985,1116.301944444444
Pulse experiments,pioreactor01,2026-08-14T22:39:51.985Z,0.110022188342,2026-08-15 04:24:51.985,1116.303333333333
Pulse experiments,pioreactor01,2026-08-14T22:39:56.982Z,0.11014741524,2026-08-15 04:24:56.982,1116.304722222222
Pulse experiments,pioreactor01,2026-08-14T22:40:01.981Z,0.110270491984,2026-08-15 04:25:01.981,1116.306111111111
Pulse experiments,pioreactor01,2026-08-14T22:40:06.982Z,0.11044313518,2026-08-15 04:25:06.982,1116.3075
Pulse experiments,pioreactor01,2026-08-14T22:40:16.983Z,0.110537620866,2026-08-15 04:25:16.983,1116.310277777778
Pulse experiments,pioreactor01,2026-08-14T22:40:21.982Z,0.110613242799,2026-08-15 04:25:21.982,1116.311666666667
Pulse experiments,pioreactor01,2026-08-14T22:40:26.981Z,0.110692003572,2026-08-15 04:25:26.981,1116.313055555556
Pulse experiments,pioreactor01,2026-08-14T22:40:31.983Z,0.110740001856,2026-08-15 04:25:31.983,1116.314444444444
Pulse experiments,pioreactor01,2026-08-14T22:40:36.981Z,0.110860513155,2026-08-15 04:25:36.981,1116.315833333333
Pulse experiments,pioreactor01,2026-08-14T22:40:41.983Z,0.110928598892,2026-08-15 04:25:41.983,1116.317222222222
Pulse experiments,pioreactor01,2026-08-14T22:40:46.983Z,0.111069722643,2026-08-15 04:25:46.983,1116.318611111111
Pulse experiments,pioreactor01,2026-08-14T22:40:51.983Z,0.111229021205,2026-08-15 04:25:51.983,1116.32
Pulse experiments,pioreactor01,2026-08-14T22:40:56.981Z,0.111326291755,2026-08-15 04:25:56.981,1116.321388888889
Pulse experiments,pioreactor01,2026-08-14T22:41:01.981Z,0.111457264388,2026-08-15 04:26:01.981,1116.322777777778
Pulse experiments,pioreactor01,2026-08-14T22:41:06.983Z,0.111563460447,2026-08-15 04:26:06.983,1116.324166666667
Pulse experiments,pioreactor01,2026-08-14T22:41:11.981Z,0.111655473479,2026-08-15 04:26:11.981,1116.325555555556
Pulse experiments,pioreactor01,2026-08-14T22:41:16.982Z,0.111765800054,2026-08-15 04:26:16.982,1116.326944444445
Pulse experiments,pioreactor01,2026-08-14T22:41:21.981Z,0.111919528177,2026-08-15 04:26:21.981,1116.328333333333
Pulse experiments,pioreactor01,2026-08-14T22:41:26.982Z,0.112119277682,2026-08-15 04:26:26.982,1116.329722222222
Pulse experiments,pioreactor01,2026-08-14T22:41:31.984Z,0.112239624548,2026-08-15 04:26:31.984,1116.331111111111
Pulse experiments,pioreactor01,2026-08-14T22:41:36.981Z,0.112327271461,2026-08-15 04:26:36.981,1116.3325
Pulse experiments,pioreactor01,2026-08-14T22:41:41.981Z,0.11243593162,2026-08-15 04:26:41.981,1116.333888888889
Pulse experiments,pioreactor01,2026-08-14T22:41:46.982Z,0.112548155607,2026-08-15 04:26:46.982,1116.335277777778
Pulse experiments,pioreactor01,2026-08-14T22:41:51.982Z,0.112646362679,2026-08-15 04:26:51.982,1116.336666666667
Pulse experiments,pioreactor01,2026-08-14T22:41:56.981Z,0.112799861256,2026-08-15 04:26:56.981,1116.338055555555
Pulse experiments,pioreactor01,2026-08-14T22:42:01.981Z,0.112954705403,2026-08-15 04:27:01.981,1116.339444444445
Pulse experiments,pioreactor01,2026-08-14T22:42:06.980Z,0.113006081453,2026-08-15 04:27:06.980,1116.340833333333
Pulse experiments,pioreactor01,2026-08-14T22:42:11.981Z,0.113091959895,2026-08-15 04:27:11.981,1116.342222222222
Pulse experiments,pioreactor01,2026-08-14T22:42:16.982Z,0.113236101946,2026-08-15 04:27:16.982,1116.343611111111
Pulse experiments,pioreactor01,2026-08-14T22:42:21.983Z,0.1134227509,2026-08-15 04:27:21.983,1116.345
Pulse experiments,pioreactor01,2026-08-14T22:42:26.981Z,0.113511934411,2026-08-15 04:27:26.981,1116.346388888889
Pulse experiments,pioreactor01,2026-08-14T22:42:31.981Z,0.113510302531,2026-08-15 04:27:31.981,1116.347777777778
Pulse experiments,pioreactor01,2026-08-14T22:42:36.983Z,0.113598278587,2026-08-15 04:27:36.983,1116.349166666667
Pulse experiments,pioreactor01,2026-08-14T22:42:41.982Z,0.113682224747,2026-08-15 04:27:41.982,1116.350555555556
Pulse experiments,pioreactor01,2026-08-14T22:42:46.981Z,0.113744410705,2026-08-15 04:27:46.981,1116.351944444444
Pulse experiments,pioreactor01,2026-08-14T22:42:51.983Z,0.113908236241,2026-08-15 04:27:51.983,1116.353333333333
Pulse experiments,pioreactor01,2026-08-14T22:42:56.981Z,0.114100048276,2026-08-15 04:27:56.981,1116.354722222222
Pulse experiments,pioreactor01,2026-08-14T22:43:01.981Z,0.114223483602,2026-08-15 04:28:01.981,1116.356111111111
Pulse experiments,pioreactor01,2026-08-14T22:43:06.982Z,0.114333473568,2026-08-15 04:28:06.982,1116.3575
Pulse experiments,pioreactor01,2026-08-14T22:43:11.982Z,0.114440680848,2026-08-15 04:28:11.982,1116.358888888889
Pulse experiments,pioreactor01,2026-08-14T22:43:21.982Z,0.114577609615,2026-08-15 04:28:21.982,1116.361666666667
Pulse experiments,pioreactor01,2026-08-14T22:43:26.981Z,0.114694157691,2026-08-15 04:28:26.981,1116.363055555556
Pulse experiments,pioreactor01,2026-08-14T22:43:31.984Z,0.114854709155,2026-08-15 04:28:31.984,1116.364444444444
Pulse experiments,pioreactor01,2026-08-14T22:43:36.981Z,0.115039410266,2026-08-15 04:28:36.981,1116.365833333333
Pulse experiments,pioreactor01,2026-08-14T22:43:41.981Z,0.115242725242,2026-08-15 04:28:41.981,1116.367222222222
Pulse experiments,pioreactor01,2026-08-14T22:43:46.982Z,0.115376770745,2026-08-15 04:28:46.982,1116.368611111111
Pulse experiments,pioreactor01,2026-08-14T22:43:51.981Z,0.115519159201,2026-08-15 04:28:51.981,1116.37
Pulse experiments,pioreactor01,2026-08-14T22:44:01.981Z,0.115685932882,2026-08-15 04:29:01.981,1116.372777777778
Pulse experiments,pioreactor01,2026-08-14T22:44:06.981Z,0.115853469034,2026-08-15 04:29:06.981,1116.374166666667
Pulse experiments,pioreactor01,2026-08-14T22:44:11.981Z,0.115968306319,2026-08-15 04:29:11.981,1116.375555555556
Pulse experiments,pioreactor01,2026-08-14T22:44:16.985Z,0.116062049566,2026-08-15 04:29:16.985,1116.376944444444
Pulse experiments,pioreactor01,2026-08-14T22:44:21.981Z,0.116085255689,2026-08-15 04:29:21.981,1116.378333333333
Pulse experiments,pioreactor01,2026-08-14T22:44:26.982Z,0.116056330533,2026-08-15 04:29:26.982,1116.379722222222
Pulse experiments,pioreactor01,2026-08-14T22:44:31.985Z,0.116114241859,2026-08-15 04:29:31.985,1116.381111111111
Pulse experiments,pioreactor01,2026-08-14T22:44:36.981Z,0.116183694896,2026-08-15 04:29:36.981,1116.3825
Pulse experiments,pioreactor01,2026-08-14T22:44:41.981Z,0.116301680842,2026-08-15 04:29:41.981,1116.383888888889
Pulse experiments,pioreactor01,2026-08-14T22:44:46.981Z,0.116401130627,2026-08-15 04:29:46.981,1116.385277777778
Pulse experiments,pioreactor01,2026-08-14T22:44:51.981Z,0.116507055732,2026-08-15 04:29:51.981,1116.386666666667
Pulse experiments,pioreactor01,2026-08-14T22:44:56.983Z,0.116560624089,2026-08-15 04:29:56.983,1116.388055555556
Pulse experiments,pioreactor01,2026-08-14T22:45:01.983Z,0.116654238811,2026-08-15 04:30:01.983,1116.389444444445
Pulse experiments,pioreactor01,2026-08-14T22:45:06.983Z,0.1167833687,2026-08-15 04:30:06.983,1116.390833333333
Pulse experiments,pioreactor01,2026-08-14T22:45:11.982Z,0.116926022017,2026-08-15 04:30:11.982,1116.392222222222
Pulse experiments,pioreactor01,2026-08-14T22:45:16.982Z,0.117063471424,2026-08-15 04:30:16.982,1116.393611111111
Pulse experiments,pioreactor01,2026-08-14T22:45:21.980Z,0.117132192052,2026-08-15 04:30:21.980,1116.395
Pulse experiments,pioreactor01,2026-08-14T22:45:26.984Z,0.11724965073,2026-08-15 04:30:26.984,1116.396388888889
Pulse experiments,pioreactor01,2026-08-14T22:45:31.981Z,0.117368600271,2026-08-15 04:30:31.981,1116.397777777778
Pulse experiments,pioreactor01,2026-08-14T22:45:36.985Z,0.117612025372,2026-08-15 04:30:36.985,1116.399166666667
Pulse experiments,pioreactor01,2026-08-14T22:45:41.982Z,0.117714571742,2026-08-15 04:30:41.982,1116.400555555555
Pulse experiments,pioreactor01,2026-08-14T22:45:46.982Z,0.117828521338,2026-08-15 04:30:46.982,1116.401944444445
Pulse experiments,pioreactor01,2026-08-14T22:45:51.982Z,0.117838055117,2026-08-15 04:30:51.982,1116.403333333333
Pulse experiments,pioreactor01,2026-08-14T22:45:56.981Z,0.117916930882,2026-08-15 04:30:56.981,1116.404722222222
Pulse experiments,pioreactor01,2026-08-14T22:46:01.982Z,0.117975198861,2026-08-15 04:31:01.982,1116.406111111111
Pulse experiments,pioreactor01,2026-08-14T22:46:06.981Z,0.118085979337,2026-08-15 04:31:06.981,1116.4075
Pulse experiments,pioreactor01,2026-08-14T22:46:11.983Z,0.118201909603,2026-08-15 04:31:11.983,1116.408888888889
Pulse experiments,pioreactor01,2026-08-14T22:46:16.983Z,0.118323817432,2026-08-15 04:31:16.983,1116.410277777778
Pulse experiments,pioreactor01,2026-08-14T22:46:21.981Z,0.118421168619,2026-08-15 04:31:21.981,1116.411666666667
Pulse experiments,pioreactor01,2026-08-14T22:46:26.983Z,0.118461805618,2026-08-15 04:31:26.983,1116.413055555556
Pulse experiments,pioreactor01,2026-08-14T22:46:31.981Z,0.118579675999,2026-08-15 04:31:31.981,1116.414444444444
Pulse experiments,pioreactor01,2026-08-14T22:46:36.981Z,0.11867455096,2026-08-15 04:31:36.981,1116.415833333333
Pulse experiments,pioreactor01,2026-08-14T22:46:41.982Z,0.118729767329,2026-08-15 04:31:41.982,1116.417222222222
Pulse experiments,pioreactor01,2026-08-14T22:46:46.982Z,0.118815708961,2026-08-15 04:31:46.982,1116.418611111111
Pulse experiments,pioreactor01,2026-08-14T22:46:51.981Z,0.118964066526,2026-08-15 04:31:51.981,1116.42
Pulse experiments,pioreactor01,2026-08-14T22:46:56.983Z,0.119137847601,2026-08-15 04:31:56.983,1116.421388888889
Pulse experiments,pioreactor01,2026-08-14T22:47:01.985Z,0.119235279613,2026-08-15 04:32:01.985,1116.422777777778
Pulse experiments,pioreactor01,2026-08-14T22:47:06.981Z,0.119335059682,2026-08-15 04:32:06.981,1116.424166666667
Pulse experiments,pioreactor01,2026-08-14T22:47:11.982Z,0.119429889957,2026-08-15 04:32:11.982,1116.425555555556
Pulse experiments,pioreactor01,2026-08-14T22:47:16.981Z,0.119563710247,2026-08-15 04:32:16.981,1116.426944444444
Pulse experiments,pioreactor01,2026-08-14T22:47:21.984Z,0.119651778467,2026-08-15 04:32:21.984,1116.428333333333
Pulse experiments,pioreactor01,2026-08-14T22:47:27.013Z,0.119669150749,2026-08-15 04:32:27.013,1116.43
Pulse experiments,pioreactor01,2026-08-14T22:47:31.994Z,0.119687126887,2026-08-15 04:32:31.994,1116.431111111111
Pulse experiments,pioreactor01,2026-08-14T22:47:37.028Z,0.119705253052,2026-08-15 04:32:37.028,1116.432777777778
Pulse experiments,pioreactor01,2026-08-14T22:47:42.013Z,0.119723160816,2026-08-15 04:32:42.013,1116.434166666667
Pulse experiments,pioreactor01,2026-08-14T22:47:46.994Z,0.119740981636,2026-08-15 04:32:46.994,1116.435277777778
Pulse experiments,pioreactor01,2026-08-14T22:47:52.001Z,0.119759067292,2026-08-15 04:32:52.001,1116.436944444444
Pulse experiments,pioreactor01,2026-08-14T22:47:56.996Z,0.119781050331,2026-08-15 04:32:56.996,1116.438055555556
Pulse experiments,pioreactor01,2026-08-14T22:48:01.994Z,0.119807485755,2026-08-15 04:33:01.994,1116.439444444444
Pulse experiments,pioreactor01,2026-08-14T22:48:06.997Z,0.119822046799,2026-08-15 04:33:06.997,1116.440833333333
Pulse experiments,pioreactor01,2026-08-14T22:48:11.993Z,0.119844237016,2026-08-15 04:33:11.993,1116.442222222222
Pulse experiments,pioreactor01,2026-08-14T22:48:16.990Z,0.119866981581,2026-08-15 04:33:16.990,1116.443611111111
Pulse experiments,pioreactor01,2026-08-14T22:48:21.995Z,0.119886141257,2026-08-15 04:33:21.995,1116.445
Pulse experiments,pioreactor01,2026-08-14T22:48:26.995Z,0.119901225367,2026-08-15 04:33:26.995,1116.446388888889
Pulse experiments,pioreactor01,2026-08-14T22:48:31.999Z,0.119941687921,2026-08-15 04:33:31.999,1116.447777777778
Pulse experiments,pioreactor01,2026-08-14T22:48:36.988Z,0.119996423203,2026-08-15 04:33:36.988,1116.449166666667
Pulse experiments,pioreactor01,2026-08-14T22:48:41.989Z,0.120008984026,2026-08-15 04:33:41.989,1116.450555555556
Pulse experiments,pioreactor01,2026-08-14T22:48:46.990Z,0.120052341479,2026-08-15 04:33:46.990,1116.451944444445
Pulse experiments,pioreactor01,2026-08-14T22:48:52.002Z,0.120061295473,2026-08-15 04:33:52.002,1116.453611111111
Pulse experiments,pioreactor01,2026-08-14T22:48:56.990Z,0.12011211175,2026-08-15 04:33:56.990,1116.454722222222
Pulse experiments,pioreactor01,2026-08-14T22:49:01.989Z,0.120136580517,2026-08-15 04:34:01.989,1116.456111111111
Pulse experiments,pioreactor01,2026-08-14T22:49:06.995Z,0.120169299015,2026-08-15 04:34:06.995,1116.4575
Pulse experiments,pioreactor01,2026-08-14T22:49:11.999Z,0.120150204671,2026-08-15 04:34:11.999,1116.458888888889
Pulse experiments,pioreactor01,2026-08-14T22:49:16.995Z,0.120155368116,2026-08-15 04:34:16.995,1116.460277777778
Pulse experiments,pioreactor01,2026-08-14T22:49:21.994Z,0.120114621739,2026-08-15 04:34:21.994,1116.461666666667
Pulse experiments,pioreactor01,2026-08-14T22:49:26.994Z,0.120137779563,2026-08-15 04:34:26.994,1116.463055555555
Pulse experiments,pioreactor01,2026-08-14T22:49:32.008Z,0.120180157094,2026-08-15 04:34:32.008,1116.464722222222
Pulse experiments,pioreactor01,2026-08-14T22:49:36.990Z,0.120178575784,2026-08-15 04:34:36.990,1116.465833333333
Pulse experiments,pioreactor01,2026-08-14T22:49:41.992Z,0.120145652127,2026-08-15 04:34:41.992,1116.467222222222
Pulse experiments,pioreactor01,2026-08-14T22:49:46.990Z,0.12016550383,2026-08-15 04:34:46.990,1116.468611111111
Pulse experiments,pioreactor01,2026-08-14T22:49:51.992Z,0.120084047557,2026-08-15 04:34:51.992,1116.47
Pulse experiments,pioreactor01,2026-08-14T22:49:57.035Z,0.120044071495,2026-08-15 04:34:57.035,1116.471666666667
Pulse experiments,pioreactor01,2026-08-14T22:50:01.998Z,0.119958059231,2026-08-15 04:35:01.998,1116.472777777778
Pulse experiments,pioreactor01,2026-08-14T22:50:06.997Z,0.120036658759,2026-08-15 04:35:06.997,1116.474166666667
Pulse experiments,pioreactor01,2026-08-14T22:50:11.992Z,0.120054576186,2026-08-15 04:35:11.992,1116.475555555556
Pulse experiments,pioreactor01,2026-08-14T22:50:16.992Z,0.120117985317,2026-08-15 04:35:16.992,1116.476944444444
Pulse experiments,pioreactor01,2026-08-14T22:50:21.990Z,0.120079319034,2026-08-15 04:35:21.990,1116.478333333333
Pulse experiments,pioreactor01,2026-08-14T22:50:26.986Z,0.120049259947,2026-08-15 04:35:26.986,1116.479722222222
Pulse experiments,pioreactor01,2026-08-14T22:50:31.993Z,0.120044149558,2026-08-15 04:35:31.993,1116.481111111111
Pulse experiments,pioreactor01,2026-08-14T22:50:36.994Z,0.120083130506,2026-08-15 04:35:36.994,1116.4825
Pulse experiments,pioreactor01,2026-08-14T22:50:42.004Z,0.120045616629,2026-08-15 04:35:42.004,1116.484166666667
Pulse experiments,pioreactor01,2026-08-14T22:50:46.995Z,0.120000853003,2026-08-15 04:35:46.995,1116.485277777778
Pulse experiments,pioreactor01,2026-08-14T22:50:51.996Z,0.120053391067,2026-08-15 04:35:51.996,1116.486666666667
Pulse experiments,pioreactor01,2026-08-14T22:50:56.996Z,0.119954438478,2026-08-15 04:35:56.996,1116.488055555556
Pulse experiments,pioreactor01,2026-08-14T22:51:01.997Z,0.119881096358,2026-08-15 04:36:01.997,1116.489444444444
Pulse experiments,pioreactor01,2026-08-14T22:51:06.992Z,0.119978042102,2026-08-15 04:36:06.992,1116.490833333333
Pulse experiments,pioreactor01,2026-08-14T22:51:11.992Z,0.120070282749,2026-08-15 04:36:11.992,1116.492222222222
Pulse experiments,pioreactor01,2026-08-14T22:51:17.007Z,0.120023949379,2026-08-15 04:36:17.007,1116.493888888889
Pulse experiments,pioreactor01,2026-08-14T22:51:22.002Z,0.120160975075,2026-08-15 04:36:22.002,1116.495277777778
Pulse experiments,pioreactor01,2026-08-14T22:51:26.997Z,0.120284161401,2026-08-15 04:36:26.997,1116.496388888889
Pulse experiments,pioreactor01,2026-08-14T22:51:31.995Z,0.120316203312,2026-08-15 04:36:31.995,1116.497777777778
Pulse experiments,pioreactor01,2026-08-14T22:51:36.994Z,0.12028524261,2026-08-15 04:36:36.994,1116.499166666667
Pulse experiments,pioreactor01,2026-08-14T22:51:41.997Z,0.120199463762,2026-08-15 04:36:41.997,1116.500555555556
Pulse experiments,pioreactor01,2026-08-14T22:51:47.000Z,0.120016912121,2026-08-15 04:36:47.000,1116.502222222222
Pulse experiments,pioreactor01,2026-08-14T22:51:51.990Z,0.119936698806,2026-08-15 04:36:51.990,1116.503333333333
Pulse experiments,pioreactor01,2026-08-14T22:51:56.991Z,0.119790447898,2026-08-15 04:36:56.991,1116.504722222222
Pulse experiments,pioreactor01,2026-08-14T22:52:01.991Z,0.119709114073,2026-08-15 04:37:01.991,1116.506111111111
Pulse experiments,pioreactor01,2026-08-14T22:52:07.012Z,0.11959320527,2026-08-15 04:37:07.012,1116.507777777778
Pulse experiments,pioreactor01,2026-08-14T22:52:11.995Z,0.119537229108,2026-08-15 04:37:11.995,1116.508888888889
Pulse experiments,pioreactor01,2026-08-14T22:52:16.991Z,0.119428041375,2026-08-15 04:37:16.991,1116.510277777778
Pulse experiments,pioreactor01,2026-08-14T22:52:21.988Z,0.119365547552,2026-08-15 04:37:21.988,1116.511666666667
Pulse experiments,pioreactor01,2026-08-14T22:52:27.003Z,0.119324927656,2026-08-15 04:37:27.003,1116.513333333333
Pulse experiments,pioreactor01,2026-08-14T22:52:31.994Z,0.119340175795,2026-08-15 04:37:31.994,1116.514444444445
Pulse experiments,pioreactor01,2026-08-14T22:52:36.991Z,0.119461710175,2026-08-15 04:37:36.991,1116.515833333333
Pulse experiments,pioreactor01,2026-08-14T22:52:41.999Z,0.119309507014,2026-08-15 04:37:41.999,1116.517222222222
Pulse experiments,pioreactor01,2026-08-14T22:52:47.000Z,0.119481775799,2026-08-15 04:37:47.000,1116.518888888889
Pulse experiments,pioreactor01,2026-08-14T22:52:51.993Z,0.119543749825,2026-08-15 04:37:51.993,1116.52
Pulse experiments,pioreactor01,2026-08-14T22:52:56.998Z,0.119571801597,2026-08-15 04:37:56.998,1116.521388888889
Pulse experiments,pioreactor01,2026-08-14T22:53:01.998Z,0.119394516711,2026-08-15 04:38:01.998,1116.522777777778
Pulse experiments,pioreactor01,2026-08-14T22:53:07.008Z,0.119176966147,2026-08-15 04:38:07.008,1116.524444444444
Pulse experiments,pioreactor01,2026-08-14T22:53:11.995Z,0.118999190711,2026-08-15 04:38:11.995,1116.525555555555
Pulse experiments,pioreactor01,2026-08-14T22:53:16.990Z,0.118934680093,2026-08-15 04:38:16.990,1116.526944444445
Pulse experiments,pioreactor01,2026-08-14T22:53:21.990Z,0.118804710473,2026-08-15 04:38:21.990,1116.528333333333
Pulse experiments,pioreactor01,2026-08-14T22:53:31.999Z,0.118643362431,2026-08-15 04:38:31.999,1116.531111111111
Pulse experiments,pioreactor01,2026-08-14T22:53:36.994Z,0.118392537058,2026-08-15 04:38:36.994,1116.5325
Pulse experiments,pioreactor01,2026-08-14T22:53:41.996Z,0.118189175204,2026-08-15 04:38:41.996,1116.533888888889
Pulse experiments,pioreactor01,2026-08-14T22:53:46.997Z,0.117999891751,2026-08-15 04:38:46.997,1116.535277777778
Pulse experiments,pioreactor01,2026-08-14T22:53:51.997Z,0.117946703661,2026-08-15 04:38:51.997,1116.536666666667
Pulse experiments,pioreactor01,2026-08-14T22:53:56.994Z,0.11806459753,2026-08-15 04:38:56.994,1116.538055555556
Pulse experiments,pioreactor01,2026-08-14T22:54:01.998Z,0.118033162384,2026-08-15 04:39:01.998,1116.539444444444
Pulse experiments,pioreactor01,2026-08-14T22:54:06.990Z,0.117891470205,2026-08-15 04:39:06.990,1116.540833333333
Pulse experiments,pioreactor01,2026-08-14T22:54:11.995Z,0.117838099729,2026-08-15 04:39:11.995,1116.542222222222
Pulse experiments,pioreactor01,2026-08-14T22:54:17.017Z,0.117489179369,2026-08-15 04:39:17.017,1116.543888888889
Pulse experiments,pioreactor01,2026-08-14T22:54:21.995Z,0.117056736347,2026-08-15 04:39:21.995,1116.545
Pulse experiments,pioreactor01,2026-08-14T22:54:26.996Z,0.116862961901,2026-08-15 04:39:26.996,1116.546388888889
Pulse experiments,pioreactor01,2026-08-14T22:54:32.008Z,0.116619946052,2026-08-15 04:39:32.008,1116.548055555555
Pulse experiments,pioreactor01,2026-08-14T22:54:37.010Z,0.116432054168,2026-08-15 04:39:37.010,1116.549444444444
Pulse experiments,pioreactor01,2026-08-14T22:54:41.997Z,0.116253735783,2026-08-15 04:39:41.997,1116.550555555556
Pulse experiments,pioreactor01,2026-08-14T22:54:47.000Z,0.115951688543,2026-08-15 04:39:47.000,1116.552222222222
Pulse experiments,pioreactor01,2026-08-14T22:54:51.998Z,0.115751419899,2026-08-15 04:39:51.998,1116.553333333333
Pulse experiments,pioreactor01,2026-08-14T22:54:57.010Z,0.115380716402,2026-08-15 04:39:57.010,1116.555
Pulse experiments,pioreactor01,2026-08-14T22:55:02.007Z,0.115243106499,2026-08-15 04:40:02.007,1116.556388888889
Pulse experiments,pioreactor01,2026-08-14T22:55:06.997Z,0.115101172576,2026-08-15 04:40:06.997,1116.5575
Pulse experiments,pioreactor01,2026-08-14T22:55:11.997Z,0.115090052573,2026-08-15 04:40:11.997,1116.558888888889
Pulse experiments,pioreactor01,2026-08-14T22:55:16.997Z,0.115153205423,2026-08-15 04:40:16.997,1116.560277777778
Pulse experiments,pioreactor01,2026-08-14T22:55:22.003Z,0.115076032331,2026-08-15 04:40:22.003,1116.561944444444
Pulse experiments,pioreactor01,2026-08-14T22:55:26.995Z,0.115086534988,2026-08-15 04:40:26.995,1116.563055555556
Pulse experiments,pioreactor01,2026-08-14T22:55:31.999Z,0.114955536099,2026-08-15 04:40:31.999,1116.564444444444
Pulse experiments,pioreactor01,2026-08-14T22:55:36.993Z,0.114857237062,2026-08-15 04:40:36.993,1116.565833333333
Pulse experiments,pioreactor01,2026-08-14T22:55:41.993Z,0.114504095711,2026-08-15 04:40:41.993,1116.567222222222
Pulse experiments,pioreactor01,2026-08-14T22:55:46.999Z,0.114058268984,2026-08-15 04:40:46.999,1116.568611111111
Pulse experiments,pioreactor01,2026-08-14T22:55:51.996Z,0.113811685667,2026-08-15 04:40:51.996,1116.57
Pulse experiments,pioreactor01,2026-08-14T22:55:57.005Z,0.11341512936,2026-08-15 04:40:57.005,1116.571666666667
Pulse experiments,pioreactor01,2026-08-14T22:56:01.989Z,0.113189739399,2026-08-15 04:41:01.989,1116.572777777778
Pulse experiments,pioreactor01,2026-08-14T22:56:06.996Z,0.113360812397,2026-08-15 04:41:06.996,1116.574166666667
Pulse experiments,pioreactor01,2026-08-14T22:56:11.992Z,0.113765325813,2026-08-15 04:41:11.992,1116.575555555556
Pulse experiments,pioreactor01,2026-08-14T22:56:17.004Z,0.113994924479,2026-08-15 04:41:17.004,1116.577222222222
Pulse experiments,pioreactor01,2026-08-14T22:56:21.999Z,0.113759024612,2026-08-15 04:41:21.999,1116.578333333333
Pulse experiments,pioreactor01,2026-08-14T22:56:26.993Z,0.113338270109,2026-08-15 04:41:26.993,1116.579722222222
Pulse experiments,pioreactor01,2026-08-14T22:56:32.012Z,0.112867438306,2026-08-15 04:41:32.012,1116.581388888889
Pulse experiments,pioreactor01,2026-08-14T22:56:36.998Z,0.112695627445,2026-08-15 04:41:36.998,1116.5825
Pulse experiments,pioreactor01,2026-08-14T22:56:42.001Z,0.112624248143,2026-08-15 04:41:42.001,1116.584166666667
Pulse experiments,pioreactor01,2026-08-14T22:56:47.004Z,0.112699489314,2026-08-15 04:41:47.004,1116.585555555556
Pulse experiments,pioreactor01,2026-08-14T22:56:52.004Z,0.112489484217,2026-08-15 04:41:52.004,1116.586944444444
Pulse experiments,pioreactor01,2026-08-14T22:56:57.051Z,0.112349346944,2026-08-15 04:41:57.051,1116.588333333333
Pulse experiments,pioreactor01,2026-08-14T22:57:02.032Z,0.112503323713,2026-08-15 04:42:02.032,1116.589722222222
Pulse experiments,pioreactor01,2026-08-14T22:57:07.061Z,0.11204520302,2026-08-15 04:42:07.061,1116.591111111111
Pulse experiments,pioreactor01,2026-08-14T22:57:12.033Z,0.111559939349,2026-08-15 04:42:12.033,1116.5925
Pulse experiments,pioreactor01,2026-08-14T22:57:16.990Z,0.111410525156,2026-08-15 04:42:16.990,1116.593611111111
Pulse experiments,pioreactor01,2026-08-14T22:57:21.982Z,0.111350103337,2026-08-15 04:42:21.982,1116.595
Pulse experiments,pioreactor01,2026-08-14T22:57:26.982Z,0.111504125274,2026-08-15 04:42:26.982,1116.596388888889
Pulse experiments,pioreactor01,2026-08-14T22:57:31.981Z,0.111386093144,2026-08-15 04:42:31.981,1116.597777777778
Pulse experiments,pioreactor01,2026-08-14T22:57:36.983Z,0.111495290384,2026-08-15 04:42:36.983,1116.599166666667
Pulse experiments,pioreactor01,2026-08-14T22:57:41.981Z,0.111618994011,2026-08-15 04:42:41.981,1116.600555555556
Pulse experiments,pioreactor01,2026-08-14T22:57:46.983Z,0.111536470726,2026-08-15 04:42:46.983,1116.601944444444
Pulse experiments,pioreactor01,2026-08-14T22:57:51.982Z,0.111157269536,2026-08-15 04:42:51.982,1116.603333333333
Pulse experiments,pioreactor01,2026-08-14T22:57:56.983Z,0.111028607615,2026-08-15 04:42:56.983,1116.604722222222
Pulse experiments,pioreactor01,2026-08-14T22:58:01.982Z,0.111010545269,2026-08-15 04:43:01.982,1116.606111111111
Pulse experiments,pioreactor01,2026-08-14T22:58:06.983Z,0.110825043867,2026-08-15 04:43:06.983,1116.6075
Pulse experiments,pioreactor01,2026-08-14T22:58:11.983Z,0.110590492883,2026-08-15 04:43:11.983,1116.608888888889
Pulse experiments,pioreactor01,2026-08-14T22:58:16.984Z,0.110423324654,2026-08-15 04:43:16.984,1116.610277777778
Pulse experiments,pioreactor01,2026-08-14T22:58:21.982Z,0.109973855289,2026-08-15 04:43:21.982,1116.611666666667
Pulse experiments,pioreactor01,2026-08-14T22:58:26.982Z,0.109674528808,2026-08-15 04:43:26.982,1116.613055555556
Pulse experiments,pioreactor01,2026-08-14T22:58:31.983Z,0.109533602418,2026-08-15 04:43:31.983,1116.614444444444
Pulse experiments,pioreactor01,2026-08-14T22:58:36.984Z,0.109555438627,2026-08-15 04:43:36.984,1116.615833333333
Pulse experiments,pioreactor01,2026-08-14T22:58:41.982Z,0.109736286354,2026-08-15 04:43:41.982,1116.617222222222
Pulse experiments,pioreactor01,2026-08-14T22:58:46.981Z,0.109772587642,2026-08-15 04:43:46.981,1116.618611111111
Pulse experiments,pioreactor01,2026-08-14T22:58:51.982Z,0.109591161524,2026-08-15 04:43:51.982,1116.62
Pulse experiments,pioreactor01,2026-08-14T22:58:56.981Z,0.109347333028,2026-08-15 04:43:56.981,1116.621388888889
Pulse experiments,pioreactor01,2026-08-14T22:59:01.981Z,0.109233184439,2026-08-15 04:44:01.981,1116.622777777778
Pulse experiments,pioreactor01,2026-08-14T22:59:06.983Z,0.109170128968,2026-08-15 04:44:06.983,1116.624166666667
Pulse experiments,pioreactor01,2026-08-14T22:59:11.982Z,0.109132903137,2026-08-15 04:44:11.982,1116.625555555556
Pulse experiments,pioreactor01,2026-08-14T22:59:16.982Z,0.10879610482,2026-08-15 04:44:16.982,1116.626944444444
Pulse experiments,pioreactor01,2026-08-14T22:59:21.981Z,0.108407575494,2026-08-15 04:44:21.981,1116.628333333333
Pulse experiments,pioreactor01,2026-08-14T22:59:26.984Z,0.108257750448,2026-08-15 04:44:26.984,1116.629722222222
Pulse experiments,pioreactor01,2026-08-14T22:59:31.981Z,0.107991597614,2026-08-15 04:44:31.981,1116.631111111111
Pulse experiments,pioreactor01,2026-08-14T22:59:36.982Z,0.107998748762,2026-08-15 04:44:36.982,1116.6325
Pulse experiments,pioreactor01,2026-08-14T22:59:41.981Z,0.107961435379,2026-08-15 04:44:41.981,1116.633888888889
Pulse experiments,pioreactor01,2026-08-14T22:59:46.982Z,0.107540684262,2026-08-15 04:44:46.982,1116.635277777778
Pulse experiments,pioreactor01,2026-08-14T22:59:51.982Z,0.107543337057,2026-08-15 04:44:51.982,1116.636666666667
Pulse experiments,pioreactor01,2026-08-14T22:59:56.981Z,0.107413047836,2026-08-15 04:44:56.981,1116.638055555556
Pulse experiments,pioreactor01,2026-08-14T23:00:01.981Z,0.107172686024,2026-08-15 04:45:01.981,1116.639444444445
Pulse experiments,pioreactor01,2026-08-14T23:00:06.981Z,0.106987682324,2026-08-15 04:45:06.981,1116.640833333333
Pulse experiments,pioreactor01,2026-08-14T23:00:11.985Z,0.106606617727,2026-08-15 04:45:11.985,1116.642222222222
Pulse experiments,pioreactor01,2026-08-14T23:00:16.981Z,0.106496152892,2026-08-15 04:45:16.981,1116.643611111111
Pulse experiments,pioreactor01,2026-08-14T23:00:21.981Z,0.106164119657,2026-08-15 04:45:21.981,1116.645
Pulse experiments,pioreactor01,2026-08-14T23:00:26.983Z,0.10593071962,2026-08-15 04:45:26.983,1116.646388888889
Pulse experiments,pioreactor01,2026-08-14T23:00:31.983Z,0.105776137443,2026-08-15 04:45:31.983,1116.647777777778
Pulse experiments,pioreactor01,2026-08-14T23:00:36.983Z,0.105404974189,2026-08-15 04:45:36.983,1116.649166666667
Pulse experiments,pioreactor01,2026-08-14T23:00:41.984Z,0.105175732611,2026-08-15 04:45:41.984,1116.650555555555
Pulse experiments,pioreactor01,2026-08-14T23:00:46.981Z,0.104832963126,2026-08-15 04:45:46.981,1116.651944444445
Pulse experiments,pioreactor01,2026-08-14T23:00:51.982Z,0.104552314541,2026-08-15 04:45:51.982,1116.653333333333
Pulse experiments,pioreactor01,2026-08-14T23:00:56.984Z,0.10436589368,2026-08-15 04:45:56.984,1116.654722222222
Pulse experiments,pioreactor01,2026-08-14T23:01:01.981Z,0.104222588877,2026-08-15 04:46:01.981,1116.656111111111
Pulse experiments,pioreactor01,2026-08-14T23:01:06.981Z,0.104019594419,2026-08-15 04:46:06.981,1116.6575
Pulse experiments,pioreactor01,2026-08-14T23:01:11.983Z,0.103897431452,2026-08-15 04:46:11.983,1116.658888888889
Pulse experiments,pioreactor01,2026-08-14T23:01:16.981Z,0.10406256469,2026-08-15 04:46:16.981,1116.660277777778
Pulse experiments,pioreactor01,2026-08-14T23:01:21.982Z,0.103810796693,2026-08-15 04:46:21.982,1116.661666666667
Pulse experiments,pioreactor01,2026-08-14T23:01:26.983Z,0.10362388804,2026-08-15 04:46:26.983,1116.663055555556
Pulse experiments,pioreactor01,2026-08-14T23:01:31.983Z,0.103411377043,2026-08-15 04:46:31.983,1116.664444444444
Pulse experiments,pioreactor01,2026-08-14T23:01:36.982Z,0.102960610463,2026-08-15 04:46:36.982,1116.665833333333
Pulse experiments,pioreactor01,2026-08-14T23:01:41.983Z,0.102704866961,2026-08-15 04:46:41.983,1116.667222222222
Pulse experiments,pioreactor01,2026-08-14T23:01:46.983Z,0.102574372518,2026-08-15 04:46:46.983,1116.668611111111
Pulse experiments,pioreactor01,2026-08-14T23:01:51.984Z,0.102266206953,2026-08-15 04:46:51.984,1116.67
Pulse experiments,pioreactor01,2026-08-14T23:01:56.983Z,0.102135090734,2026-08-15 04:46:56.983,1116.671388888889
Pulse experiments,pioreactor01,2026-08-14T23:02:01.983Z,0.101713164056,2026-08-15 04:47:01.983,1116.672777777778
Pulse experiments,pioreactor01,2026-08-14T23:02:06.982Z,0.101298447804,2026-08-15 04:47:06.982,1116.674166666667
Pulse experiments,pioreactor01,2026-08-14T23:02:11.982Z,0.101052331798,2026-08-15 04:47:11.982,1116.675555555556
Pulse experiments,pioreactor01,2026-08-14T23:02:16.984Z,0.100952182717,2026-08-15 04:47:16.984,1116.676944444444
Pulse experiments,pioreactor01,2026-08-14T23:02:21.981Z,0.100714237697,2026-08-15 04:47:21.981,1116.678333333333
Pulse experiments,pioreactor01,2026-08-14T23:02:26.981Z,0.100599724475,2026-08-15 04:47:26.981,1116.679722222222
Pulse experiments,pioreactor01,2026-08-14T23:02:31.983Z,0.100660091038,2026-08-15 04:47:31.983,1116.681111111111
Pulse experiments,pioreactor01,2026-08-14T23:02:36.982Z,0.100410387606,2026-08-15 04:47:36.982,1116.6825
Pulse experiments,pioreactor01,2026-08-14T23:02:41.981Z,0.100415820695,2026-08-15 04:47:41.981,1116.683888888889
Pulse experiments,pioreactor01,2026-08-14T23:02:46.981Z,0.100411822238,2026-08-15 04:47:46.981,1116.685277777778
Pulse experiments,pioreactor01,2026-08-14T23:02:51.981Z,0.100345085126,2026-08-15 04:47:51.981,1116.686666666667
Pulse experiments,pioreactor01,2026-08-14T23:02:56.982Z,0.100371277669,2026-08-15 04:47:56.982,1116.688055555556
Pulse experiments,pioreactor01,2026-08-14T23:03:01.982Z,0.100352149407,2026-08-15 04:48:01.982,1116.689444444444
Pulse experiments,pioreactor01,2026-08-14T23:03:06.982Z,0.10010474046,2026-08-15 04:48:06.982,1116.690833333333
Pulse experiments,pioreactor01,2026-08-14T23:03:11.983Z,0.099796662871,2026-08-15 04:48:11.983,1116.692222222222
Pulse experiments,pioreactor01,2026-08-14T23:03:16.983Z,0.099728866448,2026-08-15 04:48:16.983,1116.693611111111
Pulse experiments,pioreactor01,2026-08-14T23:03:21.983Z,0.099807384308,2026-08-15 04:48:21.983,1116.695
Pulse experiments,pioreactor01,2026-08-14T23:03:26.981Z,0.099847039648,2026-08-15 04:48:26.981,1116.696388888889
Pulse experiments,pioreactor01,2026-08-14T23:03:36.986Z,0.099711751465,2026-08-15 04:48:36.986,1116.699166666667
Pulse experiments,pioreactor01,2026-08-14T23:03:41.982Z,0.099521644989,2026-08-15 04:48:41.982,1116.700555555556
Pulse experiments,pioreactor01,2026-08-14T23:03:46.982Z,0.099275713279,2026-08-15 04:48:46.982,1116.701944444445
Pulse experiments,pioreactor01,2026-08-14T23:03:51.982Z,0.098926064348,2026-08-15 04:48:51.982,1116.703333333333
Pulse experiments,pioreactor01,2026-08-14T23:03:56.980Z,0.098989451244,2026-08-15 04:48:56.980,1116.704722222222
Pulse experiments,pioreactor01,2026-08-14T23:04:01.982Z,0.098896665954,2026-08-15 04:49:01.982,1116.706111111111
Pulse experiments,pioreactor01,2026-08-14T23:04:06.983Z,0.098643754861,2026-08-15 04:49:06.983,1116.7075
Pulse experiments,pioreactor01,2026-08-14T23:04:11.982Z,0.098328473655,2026-08-15 04:49:11.982,1116.708888888889
Pulse experiments,pioreactor01,2026-08-14T23:04:16.983Z,0.098138505555,2026-08-15 04:49:16.983,1116.710277777778
Pulse experiments,pioreactor01,2026-08-14T23:04:21.983Z,0.098014051283,2026-08-15 04:49:21.983,1116.711666666667
Pulse experiments,pioreactor01,2026-08-14T23:04:26.983Z,0.097800404747,2026-08-15 04:49:26.983,1116.713055555555
Pulse experiments,pioreactor01,2026-08-14T23:04:31.983Z,0.097655298865,2026-08-15 04:49:31.983,1116.714444444445
Pulse experiments,pioreactor01,2026-08-14T23:04:36.981Z,0.097320754101,2026-08-15 04:49:36.981,1116.715833333333
Pulse experiments,pioreactor01,2026-08-14T23:04:41.981Z,0.096959948045,2026-08-15 04:49:41.981,1116.717222222222
Pulse experiments,pioreactor01,2026-08-14T23:04:46.981Z,0.096698223199,2026-08-15 04:49:46.981,1116.718611111111
Pulse experiments,pioreactor01,2026-08-14T23:04:51.983Z,0.096476820854,2026-08-15 04:49:51.983,1116.72
Pulse experiments,pioreactor01,2026-08-14T23:05:01.983Z,0.096174474763,2026-08-15 04:50:01.983,1116.722777777778
Pulse experiments,pioreactor01,2026-08-14T23:05:06.981Z,0.095996067936,2026-08-15 04:50:06.981,1116.724166666667
Pulse experiments,pioreactor01,2026-08-14T23:05:11.981Z,0.095883133909,2026-08-15 04:50:11.981,1116.725555555556
Pulse experiments,pioreactor01,2026-08-14T23:05:16.983Z,0.095641735072,2026-08-15 04:50:16.983,1116.726944444444
Pulse experiments,pioreactor01,2026-08-14T23:05:21.981Z,0.095478884942,2026-08-15 04:50:21.981,1116.728333333333
Pulse experiments,pioreactor01,2026-08-14T23:05:26.981Z,0.095261934768,2026-08-15 04:50:26.981,1116.729722222222
Pulse experiments,pioreactor01,2026-08-14T23:05:31.983Z,0.094924046476,2026-08-15 04:50:31.983,1116.731111111111
Pulse experiments,pioreactor01,2026-08-14T23:05:36.986Z,0.094434414309,2026-08-15 04:50:36.986,1116.7325
Pulse experiments,pioreactor01,2026-08-14T23:05:41.981Z,0.094318195714,2026-08-15 04:50:41.981,1116.733888888889
Pulse experiments,pioreactor01,2026-08-14T23:05:46.983Z,0.094056239317,2026-08-15 04:50:46.983,1116.735277777778
Pulse experiments,pioreactor01,2026-08-14T23:05:51.980Z,0.094070429983,2026-08-15 04:50:51.980,1116.736666666667
Pulse experiments,pioreactor01,2026-08-14T23:05:56.981Z,0.094149443735,2026-08-15 04:50:56.981,1116.738055555556
Pulse experiments,pioreactor01,2026-08-14T23:06:01.981Z,0.094191350954,2026-08-15 04:51:01.981,1116.739444444444
Pulse experiments,pioreactor01,2026-08-14T23:06:06.982Z,0.094123397176,2026-08-15 04:51:06.982,1116.740833333333
Pulse experiments,pioreactor01,2026-08-14T23:06:11.983Z,0.093778007626,2026-08-15 04:51:11.983,1116.742222222222
Pulse experiments,pioreactor01,2026-08-14T23:06:16.982Z,0.093488161993,2026-08-15 04:51:16.982,1116.743611111111
Pulse experiments,pioreactor01,2026-08-14T23:06:21.984Z,0.092954993978,2026-08-15 04:51:21.984,1116.745
Pulse experiments,pioreactor01,2026-08-14T23:06:26.984Z,0.092532821269,2026-08-15 04:51:26.984,1116.746388888889
Pulse experiments,pioreactor01,2026-08-14T23:06:31.980Z,0.092295421491,2026-08-15 04:51:31.980,1116.747777777778
Pulse experiments,pioreactor01,2026-08-14T23:06:36.981Z,0.092073345546,2026-08-15 04:51:36.981,1116.749166666667
Pulse experiments,pioreactor01,2026-08-14T23:06:41.981Z,0.091864034267,2026-08-15 04:51:41.981,1116.750555555556
Pulse experiments,pioreactor01,2026-08-14T23:06:46.982Z,0.091509071483,2026-08-15 04:51:46.982,1116.751944444444
Pulse experiments,pioreactor01,2026-08-14T23:06:51.982Z,0.091321666896,2026-08-15 04:51:51.982,1116.753333333333
Pulse experiments,pioreactor01,2026-08-14T23:06:56.982Z,0.091256961008,2026-08-15 04:51:56.982,1116.754722222222
Pulse experiments,pioreactor01,2026-08-14T23:07:01.981Z,0.091044032184,2026-08-15 04:52:01.981,1116.756111111111
Pulse experiments,pioreactor01,2026-08-14T23:07:06.982Z,0.090934806949,2026-08-15 04:52:06.982,1116.7575
Pulse experiments,pioreactor01,2026-08-14T23:07:11.983Z,0.090767445521,2026-08-15 04:52:11.983,1116.758888888889
Pulse experiments,pioreactor01,2026-08-14T23:07:16.982Z,0.090648576847,2026-08-15 04:52:16.982,1116.760277777778
Pulse experiments,pioreactor01,2026-08-14T23:07:21.982Z,0.09048005781,2026-08-15 04:52:21.982,1116.761666666667
Pulse experiments,pioreactor01,2026-08-14T23:07:26.981Z,0.090302142327,2026-08-15 04:52:26.981,1116.763055555556
Pulse experiments,pioreactor01,2026-08-14T23:07:31.981Z,0.090106866783,2026-08-15 04:52:31.981,1116.764444444445
Pulse experiments,pioreactor01,2026-08-14T23:07:36.984Z,0.089841705027,2026-08-15 04:52:36.984,1116.765833333333
Pulse experiments,pioreactor01,2026-08-14T23:07:41.982Z,0.089783212448,2026-08-15 04:52:41.982,1116.767222222222
Pulse experiments,pioreactor01,2026-08-14T23:07:46.981Z,0.089655063553,2026-08-15 04:52:46.981,1116.768611111111
Pulse experiments,pioreactor01,2026-08-14T23:07:51.982Z,0.089800910852,2026-08-15 04:52:51.982,1116.77
Pulse experiments,pioreactor01,2026-08-14T23:07:56.983Z,0.089719403784,2026-08-15 04:52:56.983,1116.771388888889
Pulse experiments,pioreactor01,2026-08-14T23:08:01.981Z,0.089661729592,2026-08-15 04:53:01.981,1116.772777777778
Pulse experiments,pioreactor01,2026-08-14T23:08:06.982Z,0.089503190402,2026-08-15 04:53:06.982,1116.774166666667
Pulse experiments,pioreactor01,2026-08-14T23:08:11.983Z,0.089513460977,2026-08-15 04:53:11.983,1116.775555555555
Pulse experiments,pioreactor01,2026-08-14T23:08:16.982Z,0.089600236255,2026-08-15 04:53:16.982,1116.776944444445
Pulse experiments,pioreactor01,2026-08-14T23:08:21.982Z,0.089662103609,2026-08-15 04:53:21.982,1116.778333333333
Pulse experiments,pioreactor01,2026-08-14T23:08:26.982Z,0.089443959095,2026-08-15 04:53:26.982,1116.779722222222
Pulse experiments,pioreactor01,2026-08-14T23:08:31.982Z,0.08932867764,2026-08-15 04:53:31.982,1116.781111111111
Pulse experiments,pioreactor01,2026-08-14T23:08:36.982Z,0.089409683247,2026-08-15 04:53:36.982,1116.7825
Pulse experiments,pioreactor01,2026-08-14T23:08:41.982Z,0.089558708874,2026-08-15 04:53:41.982,1116.783888888889
Pulse experiments,pioreactor01,2026-08-14T23:08:46.982Z,0.089684344843,2026-08-15 04:53:46.982,1116.785277777778
Pulse experiments,pioreactor01,2026-08-14T23:08:51.982Z,0.089600014824,2026-08-15 04:53:51.982,1116.786666666667
Pulse experiments,pioreactor01,2026-08-14T23:08:56.982Z,0.089583499605,2026-08-15 04:53:56.982,1116.788055555556
Pulse experiments,pioreactor01,2026-08-14T23:09:01.982Z,0.089640943753,2026-08-15 04:54:01.982,1116.789444444444
Pulse experiments,pioreactor01,2026-08-14T23:09:06.981Z,0.089534106581,2026-08-15 04:54:06.981,1116.790833333333
Pulse experiments,pioreactor01,2026-08-14T23:09:11.984Z,0.089516964541,2026-08-15 04:54:11.984,1116.792222222222
Pulse experiments,pioreactor01,2026-08-14T23:09:16.983Z,0.089387729397,2026-08-15 04:54:16.983,1116.793611111111
Pulse experiments,pioreactor01,2026-08-14T23:09:21.982Z,0.089368322668,2026-08-15 04:54:21.982,1116.795
Pulse experiments,pioreactor01,2026-08-14T23:09:26.983Z,0.089263993899,2026-08-15 04:54:26.983,1116.796388888889
Pulse experiments,pioreactor01,2026-08-14T23:09:31.983Z,0.089209055267,2026-08-15 04:54:31.983,1116.797777777778
Pulse experiments,pioreactor01,2026-08-14T23:09:36.982Z,0.088975184002,2026-08-15 04:54:36.982,1116.799166666667
Pulse experiments,pioreactor01,2026-08-14T23:09:41.982Z,0.088811124078,2026-08-15 04:54:41.982,1116.800555555556
Pulse experiments,pioreactor01,2026-08-14T23:09:46.982Z,0.088512300038,2026-08-15 04:54:46.982,1116.801944444444
Pulse experiments,pioreactor01,2026-08-14T23:09:51.983Z,0.088369842775,2026-08-15 04:54:51.983,1116.803333333333
Pulse experiments,pioreactor01,2026-08-14T23:09:56.985Z,0.08820667506,2026-08-15 04:54:56.985,1116.804722222222
Pulse experiments,pioreactor01,2026-08-14T23:10:01.981Z,0.088117111303,2026-08-15 04:55:01.981,1116.806111111111
Pulse experiments,pioreactor01,2026-08-14T23:10:06.981Z,0.087994609624,2026-08-15 04:55:06.981,1116.8075
Pulse experiments,pioreactor01,2026-08-14T23:10:11.984Z,0.087935098326,2026-08-15 04:55:11.984,1116.808888888889
Pulse experiments,pioreactor01,2026-08-14T23:10:16.983Z,0.087766597795,2026-08-15 04:55:16.983,1116.810277777778
Pulse experiments,pioreactor01,2026-08-14T23:10:21.982Z,0.087651504693,2026-08-15 04:55:21.982,1116.811666666667
Pulse experiments,pioreactor01,2026-08-14T23:10:26.982Z,0.08755471027,2026-08-15 04:55:26.982,1116.813055555556
Pulse experiments,pioreactor01,2026-08-14T23:10:36.983Z,0.087514365154,2026-08-15 04:55:36.983,1116.815833333333
Pulse experiments,pioreactor01,2026-08-14T23:10:41.982Z,0.087456529632,2026-08-15 04:55:41.982,1116.817222222222
Pulse experiments,pioreactor01,2026-08-14T23:10:46.982Z,0.087387989915,2026-08-15 04:55:46.982,1116.818611111111
Pulse experiments,pioreactor01,2026-08-14T23:10:51.982Z,0.087471573143,2026-08-15 04:55:51.982,1116.82
Pulse experiments,pioreactor01,2026-08-14T23:10:56.983Z,0.087574239682,2026-08-15 04:55:56.983,1116.821388888889
Pulse experiments,pioreactor01,2026-08-14T23:11:01.983Z,0.087700252107,2026-08-15 04:56:01.983,1116.822777777778
Pulse experiments,pioreactor01,2026-08-14T23:11:06.984Z,0.08787462969,2026-08-15 04:56:06.984,1116.824166666667
Pulse experiments,pioreactor01,2026-08-14T23:11:11.983Z,0.087799653591,2026-08-15 04:56:11.983,1116.825555555556
Pulse experiments,pioreactor01,2026-08-14T23:11:21.982Z,0.087721659319,2026-08-15 04:56:21.982,1116.828333333333
Pulse experiments,pioreactor01,2026-08-14T23:11:26.981Z,0.087666053844,2026-08-15 04:56:26.981,1116.829722222222
Pulse experiments,pioreactor01,2026-08-14T23:11:31.981Z,0.087520683078,2026-08-15 04:56:31.981,1116.831111111111
Pulse experiments,pioreactor01,2026-08-14T23:11:36.981Z,0.087458910718,2026-08-15 04:56:36.981,1116.8325
Pulse experiments,pioreactor01,2026-08-14T23:11:41.984Z,0.08744204696,2026-08-15 04:56:41.984,1116.833888888889
Pulse experiments,pioreactor01,2026-08-14T23:11:46.984Z,0.087582120672,2026-08-15 04:56:46.984,1116.835277777778
Pulse experiments,pioreactor01,2026-08-14T23:11:51.982Z,0.087560549715,2026-08-15 04:56:51.982,1116.836666666667
Pulse experiments,pioreactor01,2026-08-14T23:11:56.982Z,0.087489726167,2026-08-15 04:56:56.982,1116.838055555555
Pulse experiments,pioreactor01,2026-08-14T23:12:01.982Z,0.087495763623,2026-08-15 04:57:01.982,1116.839444444445
Pulse experiments,pioreactor01,2026-08-14T23:12:06.983Z,0.087546766231,2026-08-15 04:57:06.983,1116.840833333333
Pulse experiments,pioreactor01,2026-08-14T23:12:11.982Z,0.087706609902,2026-08-15 04:57:11.982,1116.842222222222
Pulse experiments,pioreactor01,2026-08-14T23:12:16.982Z,0.087706753227,2026-08-15 04:57:16.982,1116.843611111111
Pulse experiments,pioreactor01,2026-08-14T23:12:26.983Z,0.087626069081,2026-08-15 04:57:26.983,1116.846388888889
Pulse experiments,pioreactor01,2026-08-14T23:12:31.982Z,0.087527799299,2026-08-15 04:57:31.982,1116.847777777778
Pulse experiments,pioreactor01,2026-08-14T23:12:36.982Z,0.087506168904,2026-08-15 04:57:36.982,1116.849166666667
Pulse experiments,pioreactor01,2026-08-14T23:12:41.982Z,0.087468865979,2026-08-15 04:57:41.982,1116.850555555556
Pulse experiments,pioreactor01,2026-08-14T23:12:46.983Z,0.087369200962,2026-08-15 04:57:46.983,1116.851944444444
Pulse experiments,pioreactor01,2026-08-14T23:12:51.984Z,0.087309187112,2026-08-15 04:57:51.984,1116.853333333333
Pulse experiments,pioreactor01,2026-08-14T23:12:56.981Z,0.087153237973,2026-08-15 04:57:56.981,1116.854722222222
Pulse experiments,pioreactor01,2026-08-14T23:13:01.982Z,0.08709787034,2026-08-15 04:58:01.982,1116.856111111111
Pulse experiments,pioreactor01,2026-08-14T23:13:06.981Z,0.086986659082,2026-08-15 04:58:06.981,1116.8575
Pulse experiments,pioreactor01,2026-08-14T23:13:11.982Z,0.086906779964,2026-08-15 04:58:11.982,1116.858888888889
Pulse experiments,pioreactor01,2026-08-14T23:13:16.983Z,0.087017035329,2026-08-15 04:58:16.983,1116.860277777778
Pulse experiments,pioreactor01,2026-08-14T23:13:21.982Z,0.087030432611,2026-08-15 04:58:21.982,1116.861666666667
Pulse experiments,pioreactor01,2026-08-14T23:13:26.983Z,0.087064882815,2026-08-15 04:58:26.983,1116.863055555556
Pulse experiments,pioreactor01,2026-08-14T23:13:31.981Z,0.087113657836,2026-08-15 04:58:31.981,1116.864444444444
Pulse experiments,pioreactor01,2026-08-14T23:13:36.985Z,0.087223676522,2026-08-15 04:58:36.985,1116.865833333333
Pulse experiments,pioreactor01,2026-08-14T23:13:41.982Z,0.087156262818,2026-08-15 04:58:41.982,1116.867222222222
Pulse experiments,pioreactor01,2026-08-14T23:13:46.982Z,0.08708792125,2026-08-15 04:58:46.982,1116.868611111111
Pulse experiments,pioreactor01,2026-08-14T23:13:51.983Z,0.087069374566,2026-08-15 04:58:51.983,1116.87
Pulse experiments,pioreactor01,2026-08-14T23:13:56.981Z,0.087060463991,2026-08-15 04:58:56.981,1116.871388888889
Pulse experiments,pioreactor01,2026-08-14T23:14:01.985Z,0.086845522224,2026-08-15 04:59:01.985,1116.872777777778
Pulse experiments,pioreactor01,2026-08-14T23:14:06.983Z,0.086751995992,2026-08-15 04:59:06.983,1116.874166666667
Pulse experiments,pioreactor01,2026-08-14T23:14:11.983Z,0.086804405414,2026-08-15 04:59:11.983,1116.875555555556
Pulse experiments,pioreactor01,2026-08-14T23:14:16.983Z,0.086957877449,2026-08-15 04:59:16.983,1116.876944444444
Pulse experiments,pioreactor01,2026-08-14T23:14:21.983Z,0.087084553766,2026-08-15 04:59:21.983,1116.878333333333
Pulse experiments,pioreactor01,2026-08-14T23:14:26.982Z,0.087025290255,2026-08-15 04:59:26.982,1116.879722222222
Pulse experiments,pioreactor01,2026-08-14T23:14:31.982Z,0.087040347107,2026-08-15 04:59:31.982,1116.881111111111
Pulse experiments,pioreactor01,2026-08-14T23:14:36.981Z,0.086916364174,2026-08-15 04:59:36.981,1116.8825
Pulse experiments,pioreactor01,2026-08-14T23:14:41.982Z,0.086976801671,2026-08-15 04:59:41.982,1116.883888888889
Pulse experiments,pioreactor01,2026-08-14T23:14:46.982Z,0.087075553772,2026-08-15 04:59:46.982,1116.885277777778
Pulse experiments,pioreactor01,2026-08-14T23:14:51.982Z,0.087099205268,2026-08-15 04:59:51.982,1116.886666666667
Pulse experiments,pioreactor01,2026-08-14T23:14:56.982Z,0.0872410929,2026-08-15 04:59:56.982,1116.888055555556
Pulse experiments,pioreactor01,2026-08-14T23:15:01.981Z,0.087376506125,2026-08-15 05:00:01.981,1116.889444444445
Pulse experiments,pioreactor01,2026-08-14T23:15:06.981Z,0.087458540761,2026-08-15 05:00:06.981,1116.890833333333
Pulse experiments,pioreactor01,2026-08-14T23:15:11.984Z,0.087402415193,2026-08-15 05:00:11.984,1116.892222222222
Pulse experiments,pioreactor01,2026-08-14T23:15:16.982Z,0.087396400704,2026-08-15 05:00:16.982,1116.893611111111
Pulse experiments,pioreactor01,2026-08-14T23:15:21.982Z,0.087429826012,2026-08-15 05:00:21.982,1116.895
Pulse experiments,pioreactor01,2026-08-14T23:15:26.982Z,0.087453224837,2026-08-15 05:00:26.982,1116.896388888889
Pulse experiments,pioreactor01,2026-08-14T23:15:31.981Z,0.087366766692,2026-08-15 05:00:31.981,1116.897777777778
Pulse experiments,pioreactor01,2026-08-14T23:15:36.983Z,0.08742564014,2026-08-15 05:00:36.983,1116.899166666667
Pulse experiments,pioreactor01,2026-08-14T23:15:41.983Z,0.087518942757,2026-08-15 05:00:41.983,1116.900555555555
Pulse experiments,pioreactor01,2026-08-14T23:15:46.987Z,0.087456478463,2026-08-15 05:00:46.987,1116.901944444445
Pulse experiments,pioreactor01,2026-08-14T23:15:56.983Z,0.087474573222,2026-08-15 05:00:56.983,1116.904722222222
Pulse experiments,pioreactor01,2026-08-14T23:16:01.981Z,0.087587865307,2026-08-15 05:01:01.981,1116.906111111111
Pulse experiments,pioreactor01,2026-08-14T23:16:06.980Z,0.087770641362,2026-08-15 05:01:06.980,1116.9075
Pulse experiments,pioreactor01,2026-08-14T23:16:11.983Z,0.087972760293,2026-08-15 05:01:11.983,1116.908888888889
Pulse experiments,pioreactor01,2026-08-14T23:16:16.981Z,0.088000041371,2026-08-15 05:01:16.981,1116.910277777778
Pulse experiments,pioreactor01,2026-08-14T23:16:21.982Z,0.088094191567,2026-08-15 05:01:21.982,1116.911666666667
Pulse experiments,pioreactor01,2026-08-14T23:16:26.981Z,0.088067497897,2026-08-15 05:01:26.981,1116.913055555556
Pulse experiments,pioreactor01,2026-08-14T23:16:31.983Z,0.088010012638,2026-08-15 05:01:31.983,1116.914444444444
Pulse experiments,pioreactor01,2026-08-14T23:16:36.983Z,0.08806296187,2026-08-15 05:01:36.983,1116.915833333333
Pulse experiments,pioreactor01,2026-08-14T23:16:41.983Z,0.088234931941,2026-08-15 05:01:41.983,1116.917222222222
Pulse experiments,pioreactor01,2026-08-14T23:16:46.983Z,0.088324013022,2026-08-15 05:01:46.983,1116.918611111111
Pulse experiments,pioreactor01,2026-08-14T23:16:51.983Z,0.088476624447,2026-08-15 05:01:51.983,1116.92
Pulse experiments,pioreactor01,2026-08-14T23:16:56.982Z,0.088514690789,2026-08-15 05:01:56.982,1116.921388888889
Pulse experiments,pioreactor01,2026-08-14T23:17:01.981Z,0.088643388576,2026-08-15 05:02:01.981,1116.922777777778
Pulse experiments,pioreactor01,2026-08-14T23:17:06.981Z,0.088687451558,2026-08-15 05:02:06.981,1116.924166666667
Pulse experiments,pioreactor01,2026-08-14T23:17:11.981Z,0.088556235154,2026-08-15 05:02:11.981,1116.925555555556
Pulse experiments,pioreactor01,2026-08-14T23:17:16.981Z,0.088627601568,2026-08-15 05:02:16.981,1116.926944444444
Pulse experiments,pioreactor01,2026-08-14T23:17:21.982Z,0.088662202987,2026-08-15 05:02:21.982,1116.928333333333
Pulse experiments,pioreactor01,2026-08-14T23:17:26.986Z,0.088690697966,2026-08-15 05:02:26.986,1116.929722222222
Pulse experiments,pioreactor01,2026-08-14T23:17:31.983Z,0.088821975563,2026-08-15 05:02:31.983,1116.931111111111
Pulse experiments,pioreactor01,2026-08-14T23:17:36.983Z,0.088948076011,2026-08-15 05:02:36.983,1116.9325
Pulse experiments,pioreactor01,2026-08-14T23:17:41.982Z,0.089010570876,2026-08-15 05:02:41.982,1116.933888888889
Pulse experiments,pioreactor01,2026-08-14T23:17:46.981Z,0.089098337762,2026-08-15 05:02:46.981,1116.935277777778
Pulse experiments,pioreactor01,2026-08-14T23:17:51.984Z,0.089297330961,2026-08-15 05:02:51.984,1116.936666666667
Pulse experiments,pioreactor01,2026-08-14T23:17:56.982Z,0.089368741745,2026-08-15 05:02:56.982,1116.938055555556
Pulse experiments,pioreactor01,2026-08-14T23:18:01.982Z,0.089539143542,2026-08-15 05:03:01.982,1116.939444444444
Pulse experiments,pioreactor01,2026-08-14T23:18:06.981Z,0.089526436638,2026-08-15 05:03:06.981,1116.940833333333
Pulse experiments,pioreactor01,2026-08-14T23:18:11.983Z,0.089528629866,2026-08-15 05:03:11.983,1116.942222222222
Pulse experiments,pioreactor01,2026-08-14T23:18:16.981Z,0.089691247904,2026-08-15 05:03:16.981,1116.943611111111
Pulse experiments,pioreactor01,2026-08-14T23:18:21.982Z,0.089834161909,2026-08-15 05:03:21.982,1116.945
Pulse experiments,pioreactor01,2026-08-14T23:18:26.985Z,0.089863068001,2026-08-15 05:03:26.985,1116.946388888889
Pulse experiments,pioreactor01,2026-08-14T23:18:31.983Z,0.089953945324,2026-08-15 05:03:31.983,1116.947777777778
Pulse experiments,pioreactor01,2026-08-14T23:18:36.981Z,0.090055755941,2026-08-15 05:03:36.981,1116.949166666667
Pulse experiments,pioreactor01,2026-08-14T23:18:41.982Z,0.090034798124,2026-08-15 05:03:41.982,1116.950555555556
Pulse experiments,pioreactor01,2026-08-14T23:18:46.982Z,0.09000230141,2026-08-15 05:03:46.982,1116.951944444445
Pulse experiments,pioreactor01,2026-08-14T23:18:51.981Z,0.090000172106,2026-08-15 05:03:51.981,1116.953333333333
Pulse experiments,pioreactor01,2026-08-14T23:18:56.983Z,0.090058507202,2026-08-15 05:03:56.983,1116.954722222222
Pulse experiments,pioreactor01,2026-08-14T23:19:01.983Z,0.090074056853,2026-08-15 05:04:01.983,1116.956111111111
Pulse experiments,pioreactor01,2026-08-14T23:19:06.982Z,0.090129039662,2026-08-15 05:04:06.982,1116.9575
Pulse experiments,pioreactor01,2026-08-14T23:19:11.981Z,0.090162943819,2026-08-15 05:04:11.981,1116.958888888889
Pulse experiments,pioreactor01,2026-08-14T23:19:16.986Z,0.090301779392,2026-08-15 05:04:16.986,1116.960277777778
Pulse experiments,pioreactor01,2026-08-14T23:19:21.983Z,0.090438454428,2026-08-15 05:04:21.983,1116.961666666667
Pulse experiments,pioreactor01,2026-08-14T23:19:26.984Z,0.090578986097,2026-08-15 05:04:26.984,1116.963055555555
Pulse experiments,pioreactor01,2026-08-14T23:19:31.983Z,0.09064279501,2026-08-15 05:04:31.983,1116.964444444445
Pulse experiments,pioreactor01,2026-08-14T23:19:36.983Z,0.090703583177,2026-08-15 05:04:36.983,1116.965833333333
Pulse experiments,pioreactor01,2026-08-14T23:19:41.983Z,0.09073274956,2026-08-15 05:04:41.983,1116.967222222222
Pulse experiments,pioreactor01,2026-08-14T23:19:46.983Z,0.090733142515,2026-08-15 05:04:46.983,1116.968611111111
Pulse experiments,pioreactor01,2026-08-14T23:19:51.983Z,0.090665455143,2026-08-15 05:04:51.983,1116.97
Pulse experiments,pioreactor01,2026-08-14T23:19:56.982Z,0.09070755707,2026-08-15 05:04:56.982,1116.971388888889
Pulse experiments,pioreactor01,2026-08-14T23:20:01.984Z,0.090787236061,2026-08-15 05:05:01.984,1116.972777777778
Pulse experiments,pioreactor01,2026-08-14T23:20:06.982Z,0.090907722256,2026-08-15 05:05:06.982,1116.974166666667
Pulse experiments,pioreactor01,2026-08-14T23:20:11.981Z,0.090946336188,2026-08-15 05:05:11.981,1116.975555555556
Pulse experiments,pioreactor01,2026-08-14T23:20:21.980Z,0.091026921366,2026-08-15 05:05:21.980,1116.978333333333
Pulse experiments,pioreactor01,2026-08-14T23:20:26.984Z,0.091042894362,2026-08-15 05:05:26.984,1116.979722222222
Pulse experiments,pioreactor01,2026-08-14T23:20:31.983Z,0.091100155016,2026-08-15 05:05:31.983,1116.981111111111
Pulse experiments,pioreactor01,2026-08-14T23:20:41.982Z,0.091330688956,2026-08-15 05:05:41.982,1116.983888888889
Pulse experiments,pioreactor01,2026-08-14T23:20:46.984Z,0.091423795086,2026-08-15 05:05:46.984,1116.985277777778
Pulse experiments,pioreactor01,2026-08-14T23:20:51.983Z,0.091529094622,2026-08-15 05:05:51.983,1116.986666666667
Pulse experiments,pioreactor01,2026-08-14T23:20:56.981Z,0.09157186754,2026-08-15 05:05:56.981,1116.988055555556
Pulse experiments,pioreactor01,2026-08-14T23:21:01.981Z,0.091761631928,2026-08-15 05:06:01.981,1116.989444444444
Pulse experiments,pioreactor01,2026-08-14T23:21:06.981Z,0.091830566685,2026-08-15 05:06:06.981,1116.990833333333
Pulse experiments,pioreactor01,2026-08-14T23:21:11.982Z,0.091890160893,2026-08-15 05:06:11.982,1116.992222222222
Pulse experiments,pioreactor01,2026-08-14T23:21:16.983Z,0.091956070949,2026-08-15 05:06:16.983,1116.993611111111
Pulse experiments,pioreactor01,2026-08-14T23:21:21.982Z,0.091930310972,2026-08-15 05:06:21.982,1116.995
Pulse experiments,pioreactor01,2026-08-14T23:21:26.982Z,0.091911079777,2026-08-15 05:06:26.982,1116.996388888889
Pulse experiments,pioreactor01,2026-08-14T23:21:31.981Z,0.091789744839,2026-08-15 05:06:31.981,1116.997777777778
Pulse experiments,pioreactor01,2026-08-14T23:21:36.983Z,0.091784502292,2026-08-15 05:06:36.983,1116.999166666667
Pulse experiments,pioreactor01,2026-08-14T23:21:41.983Z,0.091816951369,2026-08-15 05:06:41.983,1117.000555555556
Pulse experiments,pioreactor01,2026-08-14T23:21:46.982Z,0.091791509515,2026-08-15 05:06:46.982,1117.001944444444
Pulse experiments,pioreactor01,2026-08-14T23:21:51.981Z,0.091814370435,2026-08-15 05:06:51.981,1117.003333333333
Pulse experiments,pioreactor01,2026-08-14T23:22:01.982Z,0.091777502809,2026-08-15 05:07:01.982,1117.006111111111
Pulse experiments,pioreactor01,2026-08-14T23:22:06.981Z,0.091887363129,2026-08-15 05:07:06.981,1117.0075
Pulse experiments,pioreactor01,2026-08-14T23:22:11.982Z,0.09194293136,2026-08-15 05:07:11.982,1117.008888888889
Pulse experiments,pioreactor01,2026-08-14T23:22:16.982Z,0.091931610506,2026-08-15 05:07:16.982,1117.010277777778
Pulse experiments,pioreactor01,2026-08-14T23:22:21.982Z,0.091974637954,2026-08-15 05:07:21.982,1117.011666666667
Pulse experiments,pioreactor01,2026-08-14T23:22:26.983Z,0.091977257586,2026-08-15 05:07:26.983,1117.013055555556
Pulse experiments,pioreactor01,2026-08-14T23:22:31.981Z,0.092036501461,2026-08-15 05:07:31.981,1117.014444444445
Pulse experiments,pioreactor01,2026-08-14T23:22:36.983Z,0.092136257906,2026-08-15 05:07:36.983,1117.015833333333
Pulse experiments,pioreactor01,2026-08-14T23:22:41.982Z,0.092268756178,2026-08-15 05:07:41.982,1117.017222222222
Pulse experiments,pioreactor01,2026-08-14T23:22:46.986Z,0.092418119002,2026-08-15 05:07:46.986,1117.018611111111
Pulse experiments,pioreactor01,2026-08-14T23:22:51.981Z,0.092632272802,2026-08-15 05:07:51.981,1117.02
Pulse experiments,pioreactor01,2026-08-14T23:22:56.982Z,0.092718110287,2026-08-15 05:07:56.982,1117.021388888889
Pulse experiments,pioreactor01,2026-08-14T23:23:01.982Z,0.092766418285,2026-08-15 05:08:01.982,1117.022777777778
Pulse experiments,pioreactor01,2026-08-14T23:23:06.981Z,0.092894476009,2026-08-15 05:08:06.981,1117.024166666667
Pulse experiments,pioreactor01,2026-08-14T23:23:11.982Z,0.092910699037,2026-08-15 05:08:11.982,1117.025555555555
Pulse experiments,pioreactor01,2026-08-14T23:23:16.981Z,0.093080572864,2026-08-15 05:08:16.981,1117.026944444445
Pulse experiments,pioreactor01,2026-08-14T23:23:21.981Z,0.093232051034,2026-08-15 05:08:21.981,1117.028333333333
Pulse experiments,pioreactor01,2026-08-14T23:23:26.984Z,0.093203346343,2026-08-15 05:08:26.984,1117.029722222222
Pulse experiments,pioreactor01,2026-08-14T23:23:31.981Z,0.093309281023,2026-08-15 05:08:31.981,1117.031111111111
Pulse experiments,pioreactor01,2026-08-14T23:23:36.986Z,0.093195007941,2026-08-15 05:08:36.986,1117.0325
Pulse experiments,pioreactor01,2026-08-14T23:23:41.981Z,0.093126738556,2026-08-15 05:08:41.981,1117.033888888889
Pulse experiments,pioreactor01,2026-08-14T23:23:46.983Z,0.093142599298,2026-08-15 05:08:46.983,1117.035277777778
Pulse experiments,pioreactor01,2026-08-14T23:23:51.981Z,0.093196057152,2026-08-15 05:08:51.981,1117.036666666667
Pulse experiments,pioreactor01,2026-08-14T23:23:56.980Z,0.093185642596,2026-08-15 05:08:56.980,1117.038055555556
Pulse experiments,pioreactor01,2026-08-14T23:24:01.983Z,0.093251661038,2026-08-15 05:09:01.983,1117.039444444444
Pulse experiments,pioreactor01,2026-08-14T23:24:06.983Z,0.093374489443,2026-08-15 05:09:06.983,1117.040833333333
Pulse experiments,pioreactor01,2026-08-14T23:24:11.981Z,0.093345101309,2026-08-15 05:09:11.981,1117.042222222222
Pulse experiments,pioreactor01,2026-08-14T23:24:16.980Z,0.093330320415,2026-08-15 05:09:16.980,1117.043611111111
Pulse experiments,pioreactor01,2026-08-14T23:24:21.983Z,0.09324300156,2026-08-15 05:09:21.983,1117.045
Pulse experiments,pioreactor01,2026-08-14T23:24:26.982Z,0.0932463301,2026-08-15 05:09:26.982,1117.046388888889
Pulse experiments,pioreactor01,2026-08-14T23:24:31.980Z,0.093216802782,2026-08-15 05:09:31.980,1117.047777777778
Pulse experiments,pioreactor01,2026-08-14T23:24:36.980Z,0.093146103306,2026-08-15 05:09:36.980,1117.049166666667
Pulse experiments,pioreactor01,2026-08-14T23:24:41.981Z,0.093036240062,2026-08-15 05:09:41.981,1117.050555555556
Pulse experiments,pioreactor01,2026-08-14T23:24:46.982Z,0.093023255309,2026-08-15 05:09:46.982,1117.051944444444
Pulse experiments,pioreactor01,2026-08-14T23:24:51.983Z,0.092865399253,2026-08-15 05:09:51.983,1117.053333333333
Pulse experiments,pioreactor01,2026-08-14T23:25:01.981Z,0.092929425619,2026-08-15 05:10:01.981,1117.056111111111
Pulse experiments,pioreactor01,2026-08-14T23:25:06.982Z,0.092848105128,2026-08-15 05:10:06.982,1117.0575
Pulse experiments,pioreactor01,2026-08-14T23:25:11.981Z,0.092826454597,2026-08-15 05:10:11.981,1117.058888888889
Pulse experiments,pioreactor01,2026-08-14T23:25:16.982Z,0.092825678793,2026-08-15 05:10:16.982,1117.060277777778
Pulse experiments,pioreactor01,2026-08-14T23:25:21.983Z,0.092793859039,2026-08-15 05:10:21.983,1117.061666666667
Pulse experiments,pioreactor01,2026-08-14T23:25:26.981Z,0.092807655211,2026-08-15 05:10:26.981,1117.063055555556
Pulse experiments,pioreactor01,2026-08-14T23:25:31.981Z,0.092879827725,2026-08-15 05:10:31.981,1117.064444444444
Pulse experiments,pioreactor01,2026-08-14T23:25:36.983Z,0.09304098732,2026-08-15 05:10:36.983,1117.065833333333
Pulse experiments,pioreactor01,2026-08-14T23:25:41.981Z,0.093040577682,2026-08-15 05:10:41.981,1117.067222222222
Pulse experiments,pioreactor01,2026-08-14T23:25:46.982Z,0.092992405223,2026-08-15 05:10:46.982,1117.068611111111
Pulse experiments,pioreactor01,2026-08-14T23:25:51.982Z,0.092893715461,2026-08-15 05:10:51.982,1117.07
Pulse experiments,pioreactor01,2026-08-14T23:25:56.983Z,0.092824386164,2026-08-15 05:10:56.983,1117.071388888889
Pulse experiments,pioreactor01,2026-08-14T23:26:01.984Z,0.092818228718,2026-08-15 05:11:01.984,1117.072777777778
Pulse experiments,pioreactor01,2026-08-14T23:26:06.982Z,0.092836602172,2026-08-15 05:11:06.982,1117.074166666667
Pulse experiments,pioreactor01,2026-08-14T23:26:11.982Z,0.092722637847,2026-08-15 05:11:11.982,1117.075555555556
Pulse experiments,pioreactor01,2026-08-14T23:26:16.984Z,0.092800085428,2026-08-15 05:11:16.984,1117.076944444445
Pulse experiments,pioreactor01,2026-08-14T23:26:21.981Z,0.092912518169,2026-08-15 05:11:21.981,1117.078333333333
Pulse experiments,pioreactor01,2026-08-14T23:26:31.983Z,0.092922750769,2026-08-15 05:11:31.983,1117.081111111111
Pulse experiments,pioreactor01,2026-08-14T23:26:36.981Z,0.092957879051,2026-08-15 05:11:36.981,1117.0825
Pulse experiments,pioreactor01,2026-08-14T23:26:41.983Z,0.092915815907,2026-08-15 05:11:41.983,1117.083888888889
Pulse experiments,pioreactor01,2026-08-14T23:26:46.982Z,0.092874028659,2026-08-15 05:11:46.982,1117.085277777778
Pulse experiments,pioreactor01,2026-08-14T23:26:51.981Z,0.092958071469,2026-08-15 05:11:51.981,1117.086666666667
Pulse experiments,pioreactor01,2026-08-14T23:26:56.982Z,0.093089494449,2026-08-15 05:11:56.982,1117.088055555555
Pulse experiments,pioreactor01,2026-08-14T23:27:01.983Z,0.09315007621,2026-08-15 05:12:01.983,1117.089444444445
Pulse experiments,pioreactor01,2026-08-14T23:27:06.981Z,0.093146629875,2026-08-15 05:12:06.981,1117.090833333333
Pulse experiments,pioreactor01,2026-08-14T23:27:11.982Z,0.093262150167,2026-08-15 05:12:11.982,1117.092222222222
Pulse experiments,pioreactor01,2026-08-14T23:27:16.983Z,0.093254471528,2026-08-15 05:12:16.983,1117.093611111111
Pulse experiments,pioreactor01,2026-08-14T23:27:21.980Z,0.093290470603,2026-08-15 05:12:21.980,1117.095
Pulse experiments,pioreactor01,2026-08-14T23:27:26.982Z,0.093317203993,2026-08-15 05:12:26.982,1117.096388888889
Pulse experiments,pioreactor01,2026-08-14T23:27:31.982Z,0.093361809444,2026-08-15 05:12:31.982,1117.097777777778
Pulse experiments,pioreactor01,2026-08-14T23:27:36.981Z,0.093326918426,2026-08-15 05:12:36.981,1117.099166666667
Pulse experiments,pioreactor01,2026-08-14T23:27:41.981Z,0.093323300795,2026-08-15 05:12:41.981,1117.100555555556
Pulse experiments,pioreactor01,2026-08-14T23:27:51.982Z,0.09341283559,2026-08-15 05:12:51.982,1117.103333333333
Pulse experiments,pioreactor01,2026-08-14T23:27:56.983Z,0.093478815481,2026-08-15 05:12:56.983,1117.104722222222
Pulse experiments,pioreactor01,2026-08-14T23:28:01.981Z,0.093498099088,2026-08-15 05:13:01.981,1117.106111111111
Pulse experiments,pioreactor01,2026-08-14T23:28:06.981Z,0.093575456727,2026-08-15 05:13:06.981,1117.1075
Pulse experiments,pioreactor01,2026-08-14T23:28:11.983Z,0.093691053151,2026-08-15 05:13:11.983,1117.108888888889
Pulse experiments,pioreactor01,2026-08-14T23:28:16.982Z,0.09372682531,2026-08-15 05:13:16.982,1117.110277777778
Pulse experiments,pioreactor01,2026-08-14T23:28:21.981Z,0.093819463271,2026-08-15 05:13:21.981,1117.111666666667
Pulse experiments,pioreactor01,2026-08-14T23:28:26.985Z,0.093939796398,2026-08-15 05:13:26.985,1117.113055555556
Pulse experiments,pioreactor01,2026-08-14T23:28:31.981Z,0.093949785305,2026-08-15 05:13:31.981,1117.114444444444
Pulse experiments,pioreactor01,2026-08-14T23:28:36.984Z,0.094004568601,2026-08-15 05:13:36.984,1117.115833333333
Pulse experiments,pioreactor01,2026-08-14T23:28:41.983Z,0.09404073792,2026-08-15 05:13:41.983,1117.117222222222
Pulse experiments,pioreactor01,2026-08-14T23:28:46.982Z,0.094128610808,2026-08-15 05:13:46.982,1117.118611111111
Pulse experiments,pioreactor01,2026-08-14T23:28:51.983Z,0.094208706499,2026-08-15 05:13:51.983,1117.12
Pulse experiments,pioreactor01,2026-08-14T23:28:56.982Z,0.09422636761,2026-08-15 05:13:56.982,1117.121388888889
Pulse experiments,pioreactor01,2026-08-14T23:29:01.981Z,0.094191277187,2026-08-15 05:14:01.981,1117.122777777778
Pulse experiments,pioreactor01,2026-08-14T23:29:06.983Z,0.094102490056,2026-08-15 05:14:06.983,1117.124166666667
Pulse experiments,pioreactor01,2026-08-14T23:29:11.983Z,0.094108140891,2026-08-15 05:14:11.983,1117.125555555556
Pulse experiments,pioreactor01,2026-08-14T23:29:16.984Z,0.094153391624,2026-08-15 05:14:16.984,1117.126944444444
Pulse experiments,pioreactor01,2026-08-14T23:29:21.981Z,0.094242164922,2026-08-15 05:14:21.981,1117.128333333333
Pulse experiments,pioreactor01,2026-08-14T23:29:26.980Z,0.094395639001,2026-08-15 05:14:26.980,1117.129722222222
Pulse experiments,pioreactor01,2026-08-14T23:29:31.981Z,0.094486034716,2026-08-15 05:14:31.981,1117.131111111111
Pulse experiments,pioreactor01,2026-08-14T23:29:36.981Z,0.094543978328,2026-08-15 05:14:36.981,1117.1325
Pulse experiments,pioreactor01,2026-08-14T23:29:41.981Z,0.094611708794,2026-08-15 05:14:41.981,1117.133888888889
Pulse experiments,pioreactor01,2026-08-14T23:29:46.986Z,0.094656131652,2026-08-15 05:14:46.986,1117.135277777778
Pulse experiments,pioreactor01,2026-08-14T23:29:51.982Z,0.094669610195,2026-08-15 05:14:51.982,1117.136666666667
Pulse experiments,pioreactor01,2026-08-14T23:29:56.982Z,0.094722686567,2026-08-15 05:14:56.982,1117.138055555556
Pulse experiments,pioreactor01,2026-08-14T23:30:01.983Z,0.094760149886,2026-08-15 05:15:01.983,1117.139444444445
Pulse experiments,pioreactor01,2026-08-14T23:30:06.981Z,0.094910382172,2026-08-15 05:15:06.981,1117.140833333333
Pulse experiments,pioreactor01,2026-08-14T23:30:11.987Z,0.095096455502,2026-08-15 05:15:11.987,1117.142222222222
Pulse experiments,pioreactor01,2026-08-14T23:30:16.983Z,0.095168867907,2026-08-15 05:15:16.983,1117.143611111111
Pulse experiments,pioreactor01,2026-08-14T23:30:21.983Z,0.095146187547,2026-08-15 05:15:21.983,1117.145
Pulse experiments,pioreactor01,2026-08-14T23:30:26.982Z,0.095196814875,2026-08-15 05:15:26.982,1117.146388888889
Pulse experiments,pioreactor01,2026-08-14T23:30:31.983Z,0.095264458528,2026-08-15 05:15:31.983,1117.147777777778
Pulse experiments,pioreactor01,2026-08-14T23:30:36.983Z,0.095263117144,2026-08-15 05:15:36.983,1117.149166666667
Pulse experiments,pioreactor01,2026-08-14T23:30:46.982Z,0.095356609123,2026-08-15 05:15:46.982,1117.151944444445
Pulse experiments,pioreactor01,2026-08-14T23:30:51.982Z,0.095431357677,2026-08-15 05:15:51.982,1117.153333333333
Pulse experiments,pioreactor01,2026-08-14T23:30:56.983Z,0.095471469794,2026-08-15 05:15:56.983,1117.154722222222
Pulse experiments,pioreactor01,2026-08-14T23:31:01.983Z,0.095453633848,2026-08-15 05:16:01.983,1117.156111111111
Pulse experiments,pioreactor01,2026-08-14T23:31:06.983Z,0.095576874291,2026-08-15 05:16:06.983,1117.1575
Pulse experiments,pioreactor01,2026-08-14T23:31:11.984Z,0.095731597347,2026-08-15 05:16:11.984,1117.158888888889
Pulse experiments,pioreactor01,2026-08-14T23:31:16.984Z,0.09587961125,2026-08-15 05:16:16.984,1117.160277777778
Pulse experiments,pioreactor01,2026-08-14T23:31:21.983Z,0.096009131449,2026-08-15 05:16:21.983,1117.161666666667
Pulse experiments,pioreactor01,2026-08-14T23:31:26.984Z,0.096108709126,2026-08-15 05:16:26.984,1117.163055555556
Pulse experiments,pioreactor01,2026-08-14T23:31:31.981Z,0.096130129319,2026-08-15 05:16:31.981,1117.164444444444
Pulse experiments,pioreactor01,2026-08-14T23:31:36.982Z,0.096233510213,2026-08-15 05:16:36.982,1117.165833333333
Pulse experiments,pioreactor01,2026-08-14T23:31:41.982Z,0.096333106787,2026-08-15 05:16:41.982,1117.167222222222
Pulse experiments,pioreactor01,2026-08-14T23:31:46.981Z,0.096437059123,2026-08-15 05:16:46.981,1117.168611111111
Pulse experiments,pioreactor01,2026-08-14T23:31:51.983Z,0.096603984565,2026-08-15 05:16:51.983,1117.17
Pulse experiments,pioreactor01,2026-08-14T23:31:56.984Z,0.096660642178,2026-08-15 05:16:56.984,1117.171388888889
Pulse experiments,pioreactor01,2026-08-14T23:32:01.983Z,0.096722489171,2026-08-15 05:17:01.983,1117.172777777778
Pulse experiments,pioreactor01,2026-08-14T23:32:06.982Z,0.096793839371,2026-08-15 05:17:06.982,1117.174166666667
Pulse experiments,pioreactor01,2026-08-14T23:32:11.983Z,0.096834973288,2026-08-15 05:17:11.983,1117.175555555556
Pulse experiments,pioreactor01,2026-08-14T23:32:16.982Z,0.096834832979,2026-08-15 05:17:16.982,1117.176944444444
Pulse experiments,pioreactor01,2026-08-14T23:32:21.982Z,0.096883428674,2026-08-15 05:17:21.982,1117.178333333333
Pulse experiments,pioreactor01,2026-08-14T23:32:26.982Z,0.09681665454,2026-08-15 05:17:26.982,1117.179722222222
Pulse experiments,pioreactor01,2026-08-14T23:32:31.981Z,0.096880158694,2026-08-15 05:17:31.981,1117.181111111111
Pulse experiments,pioreactor01,2026-08-14T23:32:36.983Z,0.096883010026,2026-08-15 05:17:36.983,1117.1825
Pulse experiments,pioreactor01,2026-08-14T23:32:41.981Z,0.096877168571,2026-08-15 05:17:41.981,1117.183888888889
Pulse experiments,pioreactor01,2026-08-14T23:32:51.981Z,0.096926070205,2026-08-15 05:17:51.981,1117.186666666667
Pulse experiments,pioreactor01,2026-08-14T23:32:56.981Z,0.096915299809,2026-08-15 05:17:56.981,1117.188055555556
Pulse experiments,pioreactor01,2026-08-14T23:33:01.981Z,0.09687218289,2026-08-15 05:18:01.981,1117.189444444444
Pulse experiments,pioreactor01,2026-08-14T23:33:06.981Z,0.096880201132,2026-08-15 05:18:06.981,1117.190833333333
Pulse experiments,pioreactor01,2026-08-14T23:33:11.984Z,0.096884369161,2026-08-15 05:18:11.984,1117.192222222222
Pulse experiments,pioreactor01,2026-08-14T23:33:16.982Z,0.097023602984,2026-08-15 05:18:16.982,1117.193611111111
Pulse experiments,pioreactor01,2026-08-14T23:33:21.983Z,0.097022812548,2026-08-15 05:18:21.983,1117.195
Pulse experiments,pioreactor01,2026-08-14T23:33:26.982Z,0.097009585667,2026-08-15 05:18:26.982,1117.196388888889
Pulse experiments,pioreactor01,2026-08-14T23:33:31.983Z,0.097073091265,2026-08-15 05:18:31.983,1117.197777777778
Pulse experiments,pioreactor01,2026-08-14T23:33:36.984Z,0.097073661409,2026-08-15 05:18:36.984,1117.199166666667
Pulse experiments,pioreactor01,2026-08-14T23:33:41.982Z,0.097090512987,2026-08-15 05:18:41.982,1117.200555555556
Pulse experiments,pioreactor01,2026-08-14T23:33:46.983Z,0.097205867848,2026-08-15 05:18:46.983,1117.201944444445
Pulse experiments,pioreactor01,2026-08-14T23:33:51.981Z,0.097232408239,2026-08-15 05:18:51.981,1117.203333333333
Pulse experiments,pioreactor01,2026-08-14T23:33:56.981Z,0.097267161762,2026-08-15 05:18:56.981,1117.204722222222
Pulse experiments,pioreactor01,2026-08-14T23:34:01.983Z,0.097326479034,2026-08-15 05:19:01.983,1117.206111111111
Pulse experiments,pioreactor01,2026-08-14T23:34:06.983Z,0.097367113475,2026-08-15 05:19:06.983,1117.2075
Pulse experiments,pioreactor01,2026-08-14T23:34:11.982Z,0.097388724201,2026-08-15 05:19:11.982,1117.208888888889
Pulse experiments,pioreactor01,2026-08-14T23:34:21.981Z,0.097397159221,2026-08-15 05:19:21.981,1117.211666666667
Pulse experiments,pioreactor01,2026-08-14T23:34:26.981Z,0.097325954274,2026-08-15 05:19:26.981,1117.213055555555
Pulse experiments,pioreactor01,2026-08-14T23:34:36.981Z,0.097367829428,2026-08-15 05:19:36.981,1117.215833333333
Pulse experiments,pioreactor01,2026-08-14T23:34:41.983Z,0.097408340249,2026-08-15 05:19:41.983,1117.217222222222
Pulse experiments,pioreactor01,2026-08-14T23:34:46.982Z,0.097452933316,2026-08-15 05:19:46.982,1117.218611111111
Pulse experiments,pioreactor01,2026-08-14T23:34:51.982Z,0.097558583204,2026-08-15 05:19:51.982,1117.22
Pulse experiments,pioreactor01,2026-08-14T23:34:56.981Z,0.097631734919,2026-08-15 05:19:56.981,1117.221388888889
Pulse experiments,pioreactor01,2026-08-14T23:35:01.983Z,0.097777119988,2026-08-15 05:20:01.983,1117.222777777778
Pulse experiments,pioreactor01,2026-08-14T23:35:06.984Z,0.098025469038,2026-08-15 05:20:06.984,1117.224166666667
Pulse experiments,pioreactor01,2026-08-14T23:35:16.980Z,0.09820364514,2026-08-15 05:20:16.980,1117.226944444444
Pulse experiments,pioreactor01,2026-08-14T23:35:21.984Z,0.098318655191,2026-08-15 05:20:21.984,1117.228333333333
Pulse experiments,pioreactor01,2026-08-14T23:35:26.982Z,0.098411694787,2026-08-15 05:20:26.982,1117.229722222222
Pulse experiments,pioreactor01,2026-08-14T23:35:31.982Z,0.098564038531,2026-08-15 05:20:31.982,1117.231111111111
Pulse experiments,pioreactor01,2026-08-14T23:35:36.982Z,0.098711582758,2026-08-15 05:20:36.982,1117.2325
Pulse experiments,pioreactor01,2026-08-14T23:35:41.982Z,0.098752791912,2026-08-15 05:20:41.982,1117.233888888889
Pulse experiments,pioreactor01,2026-08-14T23:35:46.981Z,0.098858709315,2026-08-15 05:20:46.981,1117.235277777778
Pulse experiments,pioreactor01,2026-08-14T23:35:51.983Z,0.099118960383,2026-08-15 05:20:51.983,1117.236666666667
Pulse experiments,pioreactor01,2026-08-14T23:35:56.982Z,0.099290334621,2026-08-15 05:20:56.982,1117.238055555556
Pulse experiments,pioreactor01,2026-08-14T23:36:01.982Z,0.099456892023,2026-08-15 05:21:01.982,1117.239444444444
Pulse experiments,pioreactor01,2026-08-14T23:36:06.983Z,0.099586192232,2026-08-15 05:21:06.983,1117.240833333333
Pulse experiments,pioreactor01,2026-08-14T23:36:11.984Z,0.099762430149,2026-08-15 05:21:11.984,1117.242222222222
Pulse experiments,pioreactor01,2026-08-14T23:36:16.984Z,0.099920574939,2026-08-15 05:21:16.984,1117.243611111111
Pulse experiments,pioreactor01,2026-08-14T23:36:21.982Z,0.100048122206,2026-08-15 05:21:21.982,1117.245
Pulse experiments,pioreactor01,2026-08-14T23:36:26.981Z,0.100172276858,2026-08-15 05:21:26.981,1117.246388888889
Pulse experiments,pioreactor01,2026-08-14T23:36:31.983Z,0.100289495066,2026-08-15 05:21:31.983,1117.247777777778
Pulse experiments,pioreactor01,2026-08-14T23:36:36.981Z,0.100208701826,2026-08-15 05:21:36.981,1117.249166666667
Pulse experiments,pioreactor01,2026-08-14T23:36:41.981Z,0.100173800084,2026-08-15 05:21:41.981,1117.250555555556
Pulse experiments,pioreactor01,2026-08-14T23:36:46.981Z,0.100259800479,2026-08-15 05:21:46.981,1117.251944444444
Pulse experiments,pioreactor01,2026-08-14T23:36:51.985Z,0.100296295739,2026-08-15 05:21:51.985,1117.253333333333
Pulse experiments,pioreactor01,2026-08-14T23:36:56.982Z,0.100349887265,2026-08-15 05:21:56.982,1117.254722222222
Pulse experiments,pioreactor01,2026-08-14T23:37:01.983Z,0.100401970945,2026-08-15 05:22:01.983,1117.256111111111
Pulse experiments,pioreactor01,2026-08-14T23:37:06.981Z,0.100492050815,2026-08-15 05:22:06.981,1117.2575
Pulse experiments,pioreactor01,2026-08-14T23:37:11.981Z,0.100618764693,2026-08-15 05:22:11.981,1117.258888888889
Pulse experiments,pioreactor01,2026-08-14T23:37:16.982Z,0.100699568116,2026-08-15 05:22:16.982,1117.260277777778
Pulse experiments,pioreactor01,2026-08-14T23:37:21.983Z,0.100795894199,2026-08-15 05:22:21.983,1117.261666666667
Pulse experiments,pioreactor01,2026-08-14T23:37:26.984Z,0.100847585752,2026-08-15 05:22:26.984,1117.263055555556
Pulse experiments,pioreactor01,2026-08-14T23:37:31.982Z,0.100932624256,2026-08-15 05:22:31.982,1117.264444444445
Pulse experiments,pioreactor01,2026-08-14T23:37:36.982Z,0.100985970486,2026-08-15 05:22:36.982,1117.265833333333
Pulse experiments,pioreactor01,2026-08-14T23:37:41.982Z,0.101152825533,2026-08-15 05:22:41.982,1117.267222222222
Pulse experiments,pioreactor01,2026-08-14T23:37:46.981Z,0.10134167381,2026-08-15 05:22:46.981,1117.268611111111
Pulse experiments,pioreactor01,2026-08-14T23:37:51.984Z,0.101541576511,2026-08-15 05:22:51.984,1117.27
Pulse experiments,pioreactor01,2026-08-14T23:38:01.984Z,0.101572947174,2026-08-15 05:23:01.984,1117.272777777778
Pulse experiments,pioreactor01,2026-08-14T23:38:06.984Z,0.101712175431,2026-08-15 05:23:06.984,1117.274166666667
Pulse experiments,pioreactor01,2026-08-14T23:38:11.982Z,0.101818666264,2026-08-15 05:23:11.982,1117.275555555555
Pulse experiments,pioreactor01,2026-08-14T23:38:16.981Z,0.101985699449,2026-08-15 05:23:16.981,1117.276944444445
Pulse experiments,pioreactor01,2026-08-14T23:38:21.984Z,0.102060629156,2026-08-15 05:23:21.984,1117.278333333333
Pulse experiments,pioreactor01,2026-08-14T23:38:26.981Z,0.102073312131,2026-08-15 05:23:26.981,1117.279722222222
Pulse experiments,pioreactor01,2026-08-14T23:38:31.983Z,0.10200480013,2026-08-15 05:23:31.983,1117.281111111111
Pulse experiments,pioreactor01,2026-08-14T23:38:36.981Z,0.10194587285,2026-08-15 05:23:36.981,1117.2825
Pulse experiments,pioreactor01,2026-08-14T23:38:41.983Z,0.102008087975,2026-08-15 05:23:41.983,1117.283888888889
Pulse experiments,pioreactor01,2026-08-14T23:38:46.982Z,0.101975156251,2026-08-15 05:23:46.982,1117.285277777778
Pulse experiments,pioreactor01,2026-08-14T23:38:51.981Z,0.101991180002,2026-08-15 05:23:51.981,1117.286666666667
Pulse experiments,pioreactor01,2026-08-14T23:38:56.982Z,0.102014928755,2026-08-15 05:23:56.982,1117.288055555556
Pulse experiments,pioreactor01,2026-08-14T23:39:01.983Z,0.102105549443,2026-08-15 05:24:01.983,1117.289444444444
Pulse experiments,pioreactor01,2026-08-14T23:39:06.984Z,0.102133162927,2026-08-15 05:24:06.984,1117.290833333333
Pulse experiments,pioreactor01,2026-08-14T23:39:11.980Z,0.102174296018,2026-08-15 05:24:11.980,1117.292222222222
Pulse experiments,pioreactor01,2026-08-14T23:39:16.983Z,0.102285703601,2026-08-15 05:24:16.983,1117.293611111111
Pulse experiments,pioreactor01,2026-08-14T23:39:21.983Z,0.102340709761,2026-08-15 05:24:21.983,1117.295
Pulse experiments,pioreactor01,2026-08-14T23:39:26.983Z,0.102409837897,2026-08-15 05:24:26.983,1117.296388888889
Pulse experiments,pioreactor01,2026-08-14T23:39:31.982Z,0.102414875051,2026-08-15 05:24:31.982,1117.297777777778
Pulse experiments,pioreactor01,2026-08-14T23:39:36.983Z,0.102554343075,2026-08-15 05:24:36.983,1117.299166666667
Pulse experiments,pioreactor01,2026-08-14T23:39:41.984Z,0.102631442523,2026-08-15 05:24:41.984,1117.300555555556
Pulse experiments,pioreactor01,2026-08-14T23:39:46.982Z,0.102738282907,2026-08-15 05:24:46.982,1117.301944444444
Pulse experiments,pioreactor01,2026-08-14T23:39:51.984Z,0.102843090619,2026-08-15 05:24:51.984,1117.303333333333
Pulse experiments,pioreactor01,2026-08-14T23:39:56.983Z,0.103038967558,2026-08-15 05:24:56.983,1117.304722222222
Pulse experiments,pioreactor01,2026-08-14T23:40:01.981Z,0.103076134661,2026-08-15 05:25:01.981,1117.306111111111
Pulse experiments,pioreactor01,2026-08-14T23:40:06.984Z,0.103143358197,2026-08-15 05:25:06.984,1117.3075
Pulse experiments,pioreactor01,2026-08-14T23:40:11.983Z,0.103214384001,2026-08-15 05:25:11.983,1117.308888888889
Pulse experiments,pioreactor01,2026-08-14T23:40:16.983Z,0.103233104926,2026-08-15 05:25:16.983,1117.310277777778
Pulse experiments,pioreactor01,2026-08-14T23:40:21.984Z,0.103230701261,2026-08-15 05:25:21.984,1117.311666666667
Pulse experiments,pioreactor01,2026-08-14T23:40:26.981Z,0.103212069182,2026-08-15 05:25:26.981,1117.313055555556
Pulse experiments,pioreactor01,2026-08-14T23:40:31.983Z,0.103259306796,2026-08-15 05:25:31.983,1117.314444444444
Pulse experiments,pioreactor01,2026-08-14T23:40:36.984Z,0.103287210001,2026-08-15 05:25:36.984,1117.315833333333
Pulse experiments,pioreactor01,2026-08-14T23:40:41.983Z,0.103253152751,2026-08-15 05:25:41.983,1117.317222222222
Pulse experiments,pioreactor01,2026-08-14T23:40:46.981Z,0.103243877668,2026-08-15 05:25:46.981,1117.318611111111
Pulse experiments,pioreactor01,2026-08-14T23:40:56.981Z,0.103330536568,2026-08-15 05:25:56.981,1117.321388888889
Pulse experiments,pioreactor01,2026-08-14T23:41:01.983Z,0.103396696289,2026-08-15 05:26:01.983,1117.322777777778
Pulse experiments,pioreactor01,2026-08-14T23:41:06.982Z,0.103401341102,2026-08-15 05:26:06.982,1117.324166666667
Pulse experiments,pioreactor01,2026-08-14T23:41:11.983Z,0.103412543875,2026-08-15 05:26:11.983,1117.325555555556
Pulse experiments,pioreactor01,2026-08-14T23:41:16.980Z,0.1034429773,2026-08-15 05:26:16.980,1117.326944444445
Pulse experiments,pioreactor01,2026-08-14T23:41:21.982Z,0.10362696642,2026-08-15 05:26:21.982,1117.328333333333
Pulse experiments,pioreactor01,2026-08-14T23:41:26.981Z,0.103812581605,2026-08-15 05:26:26.981,1117.329722222222
Pulse experiments,pioreactor01,2026-08-14T23:41:31.985Z,0.103881616509,2026-08-15 05:26:31.985,1117.331111111111
Pulse experiments,pioreactor01,2026-08-14T23:41:36.983Z,0.103815942236,2026-08-15 05:26:36.983,1117.3325
Pulse experiments,pioreactor01,2026-08-14T23:41:41.981Z,0.103827463289,2026-08-15 05:26:41.981,1117.333888888889
Pulse experiments,pioreactor01,2026-08-14T23:41:46.981Z,0.103906047369,2026-08-15 05:26:46.981,1117.335277777778
Pulse experiments,pioreactor01,2026-08-14T23:41:51.982Z,0.104106598659,2026-08-15 05:26:51.982,1117.336666666667
Pulse experiments,pioreactor01,2026-08-14T23:41:56.982Z,0.104200685564,2026-08-15 05:26:56.982,1117.338055555555
Pulse experiments,pioreactor01,2026-08-14T23:42:01.983Z,0.104279476122,2026-08-15 05:27:01.983,1117.339444444445
Pulse experiments,pioreactor01,2026-08-14T23:42:06.981Z,0.104350777629,2026-08-15 05:27:06.981,1117.340833333333
Pulse experiments,pioreactor01,2026-08-14T23:42:16.983Z,0.104484142003,2026-08-15 05:27:16.983,1117.343611111111
Pulse experiments,pioreactor01,2026-08-14T23:42:21.982Z,0.104547664718,2026-08-15 05:27:21.982,1117.345
Pulse experiments,pioreactor01,2026-08-14T23:42:26.983Z,0.104562137314,2026-08-15 05:27:26.983,1117.346388888889
Pulse experiments,pioreactor01,2026-08-14T23:42:31.982Z,0.104441404281,2026-08-15 05:27:31.982,1117.347777777778
Pulse experiments,pioreactor01,2026-08-14T23:42:36.982Z,0.104492559652,2026-08-15 05:27:36.982,1117.349166666667
Pulse experiments,pioreactor01,2026-08-14T23:42:41.981Z,0.104539521608,2026-08-15 05:27:41.981,1117.350555555556
Pulse experiments,pioreactor01,2026-08-14T23:42:46.982Z,0.104616063758,2026-08-15 05:27:46.982,1117.351944444444
Pulse experiments,pioreactor01,2026-08-14T23:42:51.981Z,0.104710323389,2026-08-15 05:27:51.981,1117.353333333333
Pulse experiments,pioreactor01,2026-08-14T23:42:56.982Z,0.104763383201,2026-08-15 05:27:56.982,1117.354722222222
Pulse experiments,pioreactor01,2026-08-14T23:43:01.982Z,0.104880882781,2026-08-15 05:28:01.982,1117.356111111111
Pulse experiments,pioreactor01,2026-08-14T23:43:06.982Z,0.10501149938,2026-08-15 05:28:06.982,1117.3575
Pulse experiments,pioreactor01,2026-08-14T23:43:11.982Z,0.105160250356,2026-08-15 05:28:11.982,1117.358888888889
Pulse experiments,pioreactor01,2026-08-14T23:43:16.984Z,0.105218128415,2026-08-15 05:28:16.984,1117.360277777778
Pulse experiments,pioreactor01,2026-08-14T23:43:21.982Z,0.105163330503,2026-08-15 05:28:21.982,1117.361666666667
Pulse experiments,pioreactor01,2026-08-14T23:43:26.981Z,0.105223819089,2026-08-15 05:28:26.981,1117.363055555556
Pulse experiments,pioreactor01,2026-08-14T23:43:31.983Z,0.105327657439,2026-08-15 05:28:31.983,1117.364444444444
Pulse experiments,pioreactor01,2026-08-14T23:43:36.983Z,0.105384428316,2026-08-15 05:28:36.983,1117.365833333333
Pulse experiments,pioreactor01,2026-08-14T23:43:41.983Z,0.105386225884,2026-08-15 05:28:41.983,1117.367222222222
Pulse experiments,pioreactor01,2026-08-14T23:43:46.982Z,0.105431339658,2026-08-15 05:28:46.982,1117.368611111111
Pulse experiments,pioreactor01,2026-08-14T23:43:51.982Z,0.105490158605,2026-08-15 05:28:51.982,1117.37
Pulse experiments,pioreactor01,2026-08-14T23:43:56.982Z,0.105494578041,2026-08-15 05:28:56.982,1117.371388888889
Pulse experiments,pioreactor01,2026-08-14T23:44:01.981Z,0.105514691063,2026-08-15 05:29:01.981,1117.372777777778
Pulse experiments,pioreactor01,2026-08-14T23:44:06.983Z,0.105570443138,2026-08-15 05:29:06.983,1117.374166666667
Pulse experiments,pioreactor01,2026-08-14T23:44:11.983Z,0.105607258748,2026-08-15 05:29:11.983,1117.375555555556
Pulse experiments,pioreactor01,2026-08-14T23:44:16.983Z,0.105751895453,2026-08-15 05:29:16.983,1117.376944444444
Pulse experiments,pioreactor01,2026-08-14T23:44:21.981Z,0.105840726462,2026-08-15 05:29:21.981,1117.378333333333
Pulse experiments,pioreactor01,2026-08-14T23:44:26.983Z,0.105936491141,2026-08-15 05:29:26.983,1117.379722222222
Pulse experiments,pioreactor01,2026-08-14T23:44:31.983Z,0.106012324953,2026-08-15 05:29:31.983,1117.381111111111
Pulse experiments,pioreactor01,2026-08-14T23:44:36.982Z,0.106025673499,2026-08-15 05:29:36.982,1117.3825
Pulse experiments,pioreactor01,2026-08-14T23:44:41.982Z,0.106053838722,2026-08-15 05:29:41.982,1117.383888888889
Pulse experiments,pioreactor01,2026-08-14T23:44:46.982Z,0.106112801973,2026-08-15 05:29:46.982,1117.385277777778
Pulse experiments,pioreactor01,2026-08-14T23:44:51.982Z,0.106077878246,2026-08-15 05:29:51.982,1117.386666666667
Pulse experiments,pioreactor01,2026-08-14T23:44:56.985Z,0.106058671658,2026-08-15 05:29:56.985,1117.388055555556
Pulse experiments,pioreactor01,2026-08-14T23:45:01.981Z,0.106148422654,2026-08-15 05:30:01.981,1117.389444444445
Pulse experiments,pioreactor01,2026-08-14T23:45:06.982Z,0.106261380705,2026-08-15 05:30:06.982,1117.390833333333
Pulse experiments,pioreactor01,2026-08-14T23:45:11.983Z,0.106390689665,2026-08-15 05:30:11.983,1117.392222222222
Pulse experiments,pioreactor01,2026-08-14T23:45:16.983Z,0.10647852887,2026-08-15 05:30:16.983,1117.393611111111
Pulse experiments,pioreactor01,2026-08-14T23:45:21.983Z,0.106534731729,2026-08-15 05:30:21.983,1117.395
Pulse experiments,pioreactor01,2026-08-14T23:45:26.980Z,0.106508631035,2026-08-15 05:30:26.980,1117.396388888889
Pulse experiments,pioreactor01,2026-08-14T23:45:31.981Z,0.106565306378,2026-08-15 05:30:31.981,1117.397777777778
Pulse experiments,pioreactor01,2026-08-14T23:45:36.982Z,0.106628450367,2026-08-15 05:30:36.982,1117.399166666667
Pulse experiments,pioreactor01,2026-08-14T23:45:41.984Z,0.106722110046,2026-08-15 05:30:41.984,1117.400555555555
Pulse experiments,pioreactor01,2026-08-14T23:45:46.981Z,0.106718775666,2026-08-15 05:30:46.981,1117.401944444445
Pulse experiments,pioreactor01,2026-08-14T23:45:51.985Z,0.106705829758,2026-08-15 05:30:51.985,1117.403333333333
Pulse experiments,pioreactor01,2026-08-14T23:45:56.982Z,0.106742296769,2026-08-15 05:30:56.982,1117.404722222222
Pulse experiments,pioreactor01,2026-08-14T23:46:01.983Z,0.106781277402,2026-08-15 05:31:01.983,1117.406111111111
Pulse experiments,pioreactor01,2026-08-14T23:46:06.983Z,0.106857257954,2026-08-15 05:31:06.983,1117.4075
Pulse experiments,pioreactor01,2026-08-14T23:46:16.982Z,0.106923833432,2026-08-15 05:31:16.982,1117.410277777778
Pulse experiments,pioreactor01,2026-08-14T23:46:21.982Z,0.107025905264,2026-08-15 05:31:21.982,1117.411666666667
Pulse experiments,pioreactor01,2026-08-14T23:46:26.983Z,0.107047911268,2026-08-15 05:31:26.983,1117.413055555556
Pulse experiments,pioreactor01,2026-08-14T23:46:31.982Z,0.107155094587,2026-08-15 05:31:31.982,1117.414444444444
Pulse experiments,pioreactor01,2026-08-14T23:46:36.984Z,0.10726281714,2026-08-15 05:31:36.984,1117.415833333333
Pulse experiments,pioreactor01,2026-08-14T23:46:41.984Z,0.107343645619,2026-08-15 05:31:41.984,1117.417222222222
Pulse experiments,pioreactor01,2026-08-14T23:46:46.980Z,0.107473206147,2026-08-15 05:31:46.980,1117.418611111111
Pulse experiments,pioreactor01,2026-08-14T23:46:51.982Z,0.107600571111,2026-08-15 05:31:51.982,1117.42
Pulse experiments,pioreactor01,2026-08-14T23:46:56.982Z,0.107658179827,2026-08-15 05:31:56.982,1117.421388888889
Pulse experiments,pioreactor01,2026-08-14T23:47:01.983Z,0.107712222235,2026-08-15 05:32:01.983,1117.422777777778
Pulse experiments,pioreactor01,2026-08-14T23:47:06.981Z,0.107771377241,2026-08-15 05:32:06.981,1117.424166666667
Pulse experiments,pioreactor01,2026-08-14T23:47:11.980Z,0.107852404109,2026-08-15 05:32:11.980,1117.425555555556
Pulse experiments,pioreactor01,2026-08-14T23:47:16.983Z,0.10788719316,2026-08-15 05:32:16.983,1117.426944444444
Pulse experiments,pioreactor01,2026-08-14T23:47:21.983Z,0.107881323872,2026-08-15 05:32:21.983,1117.428333333333
Pulse experiments,pioreactor01,2026-08-14T23:47:27.009Z,0.107889608602,2026-08-15 05:32:27.009,1117.43
Pulse experiments,pioreactor01,2026-08-14T23:47:31.993Z,0.10789800478,2026-08-15 05:32:31.993,1117.431111111111
Pulse experiments,pioreactor01,2026-08-14T23:47:37.020Z,0.107906456545,2026-08-15 05:32:37.020,1117.432777777778
Pulse experiments,pioreactor01,2026-08-14T23:47:42.003Z,0.107914923279,2026-08-15 05:32:42.003,1117.434166666667
Pulse experiments,pioreactor01,2026-08-14T23:47:46.995Z,0.107923320531,2026-08-15 05:32:46.995,1117.435277777778
Pulse experiments,pioreactor01,2026-08-14T23:47:51.991Z,0.107935722602,2026-08-15 05:32:51.991,1117.436666666667
Pulse experiments,pioreactor01,2026-08-14T23:47:56.994Z,0.107942998296,2026-08-15 05:32:56.994,1117.438055555556
Pulse experiments,pioreactor01,2026-08-14T23:48:01.995Z,0.107945157382,2026-08-15 05:33:01.995,1117.439444444444
Pulse experiments,pioreactor01,2026-08-14T23:48:06.991Z,0.107955152419,2026-08-15 05:33:06.991,1117.440833333333
Pulse experiments,pioreactor01,2026-08-14T23:48:11.994Z,0.107952950753,2026-08-15 05:33:11.994,1117.442222222222
Pulse experiments,pioreactor01,2026-08-14T23:48:17.001Z,0.107957883453,2026-08-15 05:33:17.001,1117.443888888889
Pulse experiments,pioreactor01,2026-08-14T23:48:21.989Z,0.107951956558,2026-08-15 05:33:21.989,1117.445
Pulse experiments,pioreactor01,2026-08-14T23:48:26.993Z,0.107937122291,2026-08-15 05:33:26.993,1117.446388888889
Pulse experiments,pioreactor01,2026-08-14T23:48:32.010Z,0.107960424147,2026-08-15 05:33:32.010,1117.448055555556
Pulse experiments,pioreactor01,2026-08-14T23:48:37.023Z,0.107959545294,2026-08-15 05:33:37.023,1117.449444444444
Pulse experiments,pioreactor01,2026-08-14T23:48:41.990Z,0.107998223253,2026-08-15 05:33:41.990,1117.450555555556
Pulse experiments,pioreactor01,2026-08-14T23:48:46.999Z,0.108037562355,2026-08-15 05:33:46.999,1117.451944444445
Pulse experiments,pioreactor01,2026-08-14T23:48:52.000Z,0.108015010151,2026-08-15 05:33:52.000,1117.453611111111
Pulse experiments,pioreactor01,2026-08-14T23:48:56.999Z,0.107996416852,2026-08-15 05:33:56.999,1117.454722222222
Pulse experiments,pioreactor01,2026-08-14T23:49:01.996Z,0.107943087294,2026-08-15 05:34:01.996,1117.456111111111
Pulse experiments,pioreactor01,2026-08-14T23:49:06.999Z,0.107910220886,2026-08-15 05:34:06.999,1117.4575
Pulse experiments,pioreactor01,2026-08-14T23:49:11.998Z,0.107937457482,2026-08-15 05:34:11.998,1117.458888888889
Pulse experiments,pioreactor01,2026-08-14T23:49:17.001Z,0.107932803676,2026-08-15 05:34:17.001,1117.460555555556
Pulse experiments,pioreactor01,2026-08-14T23:49:21.999Z,0.107956301822,2026-08-15 05:34:21.999,1117.461666666667
Pulse experiments,pioreactor01,2026-08-14T23:49:26.994Z,0.10793221306,2026-08-15 05:34:26.994,1117.463055555555
Pulse experiments,pioreactor01,2026-08-14T23:49:31.997Z,0.107829246114,2026-08-15 05:34:31.997,1117.464444444445
Pulse experiments,pioreactor01,2026-08-14T23:49:36.995Z,0.107698096147,2026-08-15 05:34:36.995,1117.465833333333
Pulse experiments,pioreactor01,2026-08-14T23:49:41.996Z,0.107715028074,2026-08-15 05:34:41.996,1117.467222222222
Pulse experiments,pioreactor01,2026-08-14T23:49:47.027Z,0.107757462408,2026-08-15 05:34:47.027,1117.468888888889
Pulse experiments,pioreactor01,2026-08-14T23:49:51.992Z,0.107810969589,2026-08-15 05:34:51.992,1117.47
Pulse experiments,pioreactor01,2026-08-14T23:49:56.989Z,0.10783561914,2026-08-15 05:34:56.989,1117.471388888889
Pulse experiments,pioreactor01,2026-08-14T23:50:01.999Z,0.10784045102,2026-08-15 05:35:01.999,1117.472777777778
Pulse experiments,pioreactor01,2026-08-14T23:50:06.994Z,0.107936201182,2026-08-15 05:35:06.994,1117.474166666667
Pulse experiments,pioreactor01,2026-08-14T23:50:11.996Z,0.107930258358,2026-08-15 05:35:11.996,1117.475555555556
Pulse experiments,pioreactor01,2026-08-14T23:50:21.990Z,0.107931603351,2026-08-15 05:35:21.990,1117.478333333333
Pulse experiments,pioreactor01,2026-08-14T23:50:26.996Z,0.107924175171,2026-08-15 05:35:26.996,1117.479722222222
Pulse experiments,pioreactor01,2026-08-14T23:50:31.993Z,0.107997303434,2026-08-15 05:35:31.993,1117.481111111111
Pulse experiments,pioreactor01,2026-08-14T23:50:36.996Z,0.108043939918,2026-08-15 05:35:36.996,1117.4825
Pulse experiments,pioreactor01,2026-08-14T23:50:41.996Z,0.108134878649,2026-08-15 05:35:41.996,1117.483888888889
Pulse experiments,pioreactor01,2026-08-14T23:50:46.990Z,0.107991180091,2026-08-15 05:35:46.990,1117.485277777778
Pulse experiments,pioreactor01,2026-08-14T23:50:51.998Z,0.107847288722,2026-08-15 05:35:51.998,1117.486666666667
Pulse experiments,pioreactor01,2026-08-14T23:50:56.996Z,0.107798137554,2026-08-15 05:35:56.996,1117.488055555556
Pulse experiments,pioreactor01,2026-08-14T23:51:01.992Z,0.107818830906,2026-08-15 05:36:01.992,1117.489444444444
Pulse experiments,pioreactor01,2026-08-14T23:51:06.995Z,0.107883695413,2026-08-15 05:36:06.995,1117.490833333333
Pulse experiments,pioreactor01,2026-08-14T23:51:11.994Z,0.107891640127,2026-08-15 05:36:11.994,1117.492222222222
Pulse experiments,pioreactor01,2026-08-14T23:51:16.992Z,0.107986920331,2026-08-15 05:36:16.992,1117.493611111111
Pulse experiments,pioreactor01,2026-08-14T23:51:21.992Z,0.108060329711,2026-08-15 05:36:21.992,1117.495
Pulse experiments,pioreactor01,2026-08-14T23:51:27.002Z,0.108162843179,2026-08-15 05:36:27.002,1117.496666666667
Pulse experiments,pioreactor01,2026-08-14T23:51:31.988Z,0.108130914587,2026-08-15 05:36:31.988,1117.497777777778
Pulse experiments,pioreactor01,2026-08-14T23:51:36.993Z,0.108142096899,2026-08-15 05:36:36.993,1117.499166666667
Pulse experiments,pioreactor01,2026-08-14T23:51:41.996Z,0.108187846309,2026-08-15 05:36:41.996,1117.500555555556
Pulse experiments,pioreactor01,2026-08-14T23:51:47.012Z,0.108201563058,2026-08-15 05:36:47.012,1117.502222222222
Pulse experiments,pioreactor01,2026-08-14T23:51:52.005Z,0.108108037806,2026-08-15 05:36:52.005,1117.503611111111
Pulse experiments,pioreactor01,2026-08-14T23:51:57.002Z,0.108034262571,2026-08-15 05:36:57.002,1117.505
Pulse experiments,pioreactor01,2026-08-14T23:52:01.993Z,0.107877451554,2026-08-15 05:37:01.993,1117.506111111111
Pulse experiments,pioreactor01,2026-08-14T23:52:06.993Z,0.107897409934,2026-08-15 05:37:06.993,1117.5075
Pulse experiments,pioreactor01,2026-08-14T23:52:11.991Z,0.107821913204,2026-08-15 05:37:11.991,1117.508888888889
Pulse experiments,pioreactor01,2026-08-14T23:52:16.995Z,0.107636881369,2026-08-15 05:37:16.995,1117.510277777778
Pulse experiments,pioreactor01,2026-08-14T23:52:26.993Z,0.107764781966,2026-08-15 05:37:26.993,1117.513055555556
Pulse experiments,pioreactor01,2026-08-14T23:52:32.001Z,0.107685329493,2026-08-15 05:37:32.001,1117.514722222222
Pulse experiments,pioreactor01,2026-08-14T23:52:36.990Z,0.107690424964,2026-08-15 05:37:36.990,1117.515833333333
Pulse experiments,pioreactor01,2026-08-14T23:52:41.995Z,0.107780677463,2026-08-15 05:37:41.995,1117.517222222222
Pulse experiments,pioreactor01,2026-08-14T23:52:46.999Z,0.107918627062,2026-08-15 05:37:46.999,1117.518611111111
Pulse experiments,pioreactor01,2026-08-14T23:52:51.994Z,0.108008386724,2026-08-15 05:37:51.994,1117.52
Pulse experiments,pioreactor01,2026-08-14T23:52:57.032Z,0.107916926389,2026-08-15 05:37:57.032,1117.521666666667
Pulse experiments,pioreactor01,2026-08-14T23:53:02.004Z,0.107897662274,2026-08-15 05:38:02.004,1117.523055555556
Pulse experiments,pioreactor01,2026-08-14T23:53:07.004Z,0.107654812688,2026-08-15 05:38:07.004,1117.524444444444
Pulse experiments,pioreactor01,2026-08-14T23:53:12.035Z,0.107349265366,2026-08-15 05:38:12.035,1117.525833333333
Pulse experiments,pioreactor01,2026-08-14T23:53:16.999Z,0.107128033159,2026-08-15 05:38:16.999,1117.526944444445
Pulse experiments,pioreactor01,2026-08-14T23:53:21.996Z,0.107162568702,2026-08-15 05:38:21.996,1117.528333333333
Pulse experiments,pioreactor01,2026-08-14T23:53:27.018Z,0.107307975318,2026-08-15 05:38:27.018,1117.53
Pulse experiments,pioreactor01,2026-08-14T23:53:31.998Z,0.107387293903,2026-08-15 05:38:31.998,1117.531111111111
Pulse experiments,pioreactor01,2026-08-14T23:53:36.993Z,0.10746299398,2026-08-15 05:38:36.993,1117.5325
Pulse experiments,pioreactor01,2026-08-14T23:53:42.001Z,0.107517436192,2026-08-15 05:38:42.001,1117.534166666667
Pulse experiments,pioreactor01,2026-08-14T23:53:46.998Z,0.107498234675,2026-08-15 05:38:46.998,1117.535277777778
Pulse experiments,pioreactor01,2026-08-14T23:53:52.003Z,0.107423939076,2026-08-15 05:38:52.003,1117.536944444445
Pulse experiments,pioreactor01,2026-08-14T23:53:56.989Z,0.107431627528,2026-08-15 05:38:56.989,1117.538055555556
Pulse experiments,pioreactor01,2026-08-14T23:54:02.003Z,0.107552213159,2026-08-15 05:39:02.003,1117.539722222222
Pulse experiments,pioreactor01,2026-08-14T23:54:07.012Z,0.107397966182,2026-08-15 05:39:07.012,1117.541111111111
Pulse experiments,pioreactor01,2026-08-14T23:54:12.024Z,0.107390451455,2026-08-15 05:39:12.024,1117.5425
Pulse experiments,pioreactor01,2026-08-14T23:54:17.034Z,0.107461339663,2026-08-15 05:39:17.034,1117.543888888889
Pulse experiments,pioreactor01,2026-08-14T23:54:22.042Z,0.107295896517,2026-08-15 05:39:22.042,1117.545277777778
Pulse experiments,pioreactor01,2026-08-14T23:54:27.012Z,0.107074769159,2026-08-15 05:39:27.012,1117.546666666667
Pulse experiments,pioreactor01,2026-08-14T23:54:32.043Z,0.107103387306,2026-08-15 05:39:32.043,1117.548055555555
Pulse experiments,pioreactor01,2026-08-14T23:54:37.023Z,0.107216037356,2026-08-15 05:39:37.023,1117.549444444444
Pulse experiments,pioreactor01,2026-08-14T23:54:42.039Z,0.107229694804,2026-08-15 05:39:42.039,1117.550833333333
Pulse experiments,pioreactor01,2026-08-14T23:54:47.054Z,0.107460405973,2026-08-15 05:39:47.054,1117.552222222222
Pulse experiments,pioreactor01,2026-08-14T23:54:52.018Z,0.107462683535,2026-08-15 05:39:52.018,1117.553611111111
Pulse experiments,pioreactor01,2026-08-14T23:54:57.030Z,0.107413456883,2026-08-15 05:39:57.030,1117.555
Pulse experiments,pioreactor01,2026-08-14T23:55:02.020Z,0.107440405705,2026-08-15 05:40:02.020,1117.556388888889
Pulse experiments,pioreactor01,2026-08-14T23:55:07.018Z,0.107575143963,2026-08-15 05:40:07.018,1117.557777777778
Pulse experiments,pioreactor01,2026-08-14T23:55:12.032Z,0.107714444951,2026-08-15 05:40:12.032,1117.559166666667
Pulse experiments,pioreactor01,2026-08-14T23:55:16.985Z,0.107704984487,2026-08-15 05:40:16.985,1117.560277777778
Pulse experiments,pioreactor01,2026-08-14T23:55:21.982Z,0.107764092246,2026-08-15 05:40:21.982,1117.561666666667
Pulse experiments,pioreactor01,2026-08-14T23:55:26.981Z,0.107705950269,2026-08-15 05:40:26.981,1117.563055555556
Pulse experiments,pioreactor01,2026-08-14T23:55:31.981Z,0.107755214951,2026-08-15 05:40:31.981,1117.564444444444
Pulse experiments,pioreactor01,2026-08-14T23:55:36.984Z,0.107593058995,2026-08-15 05:40:36.984,1117.565833333333
Pulse experiments,pioreactor01,2026-08-14T23:55:41.982Z,0.107676006204,2026-08-15 05:40:41.982,1117.567222222222
Pulse experiments,pioreactor01,2026-08-14T23:55:46.983Z,0.107772665137,2026-08-15 05:40:46.983,1117.568611111111
Pulse experiments,pioreactor01,2026-08-14T23:55:51.982Z,0.107865312514,2026-08-15 05:40:51.982,1117.57
Pulse experiments,pioreactor01,2026-08-14T23:55:56.982Z,0.108015165901,2026-08-15 05:40:56.982,1117.571388888889
Pulse experiments,pioreactor01,2026-08-14T23:56:01.983Z,0.108042021423,2026-08-15 05:41:01.983,1117.572777777778
Pulse experiments,pioreactor01,2026-08-14T23:56:06.984Z,0.108120997604,2026-08-15 05:41:06.984,1117.574166666667
Pulse experiments,pioreactor01,2026-08-14T23:56:11.985Z,0.108317805177,2026-08-15 05:41:11.985,1117.575555555556
Pulse experiments,pioreactor01,2026-08-14T23:56:16.985Z,0.108633330383,2026-08-15 05:41:16.985,1117.576944444445
Pulse experiments,pioreactor01,2026-08-14T23:56:21.983Z,0.108658337142,2026-08-15 05:41:21.983,1117.578333333333
Pulse experiments,pioreactor01,2026-08-14T23:56:26.984Z,0.108342139862,2026-08-15 05:41:26.984,1117.579722222222
Pulse experiments,pioreactor01,2026-08-14T23:56:31.981Z,0.108114188156,2026-08-15 05:41:31.981,1117.581111111111
Pulse experiments,pioreactor01,2026-08-14T23:56:36.982Z,0.107886271828,2026-08-15 05:41:36.982,1117.5825
Pulse experiments,pioreactor01,2026-08-14T23:56:41.983Z,0.107728719726,2026-08-15 05:41:41.983,1117.583888888889
Pulse experiments,pioreactor01,2026-08-14T23:56:46.985Z,0.10767969873,2026-08-15 05:41:46.985,1117.585277777778
Pulse experiments,pioreactor01,2026-08-14T23:56:51.982Z,0.107510033031,2026-08-15 05:41:51.982,1117.586666666667
Pulse experiments,pioreactor01,2026-08-14T23:56:56.981Z,0.107444972778,2026-08-15 05:41:56.981,1117.588055555555
Pulse experiments,pioreactor01,2026-08-14T23:57:01.983Z,0.107392263816,2026-08-15 05:42:01.983,1117.589444444445
Pulse experiments,pioreactor01,2026-08-14T23:57:06.981Z,0.107486433419,2026-08-15 05:42:06.981,1117.590833333333
Pulse experiments,pioreactor01,2026-08-14T23:57:11.984Z,0.107492932274,2026-08-15 05:42:11.984,1117.592222222222
Pulse experiments,pioreactor01,2026-08-14T23:57:16.984Z,0.107626145368,2026-08-15 05:42:16.984,1117.593611111111
Pulse experiments,pioreactor01,2026-08-14T23:57:21.982Z,0.107655282725,2026-08-15 05:42:21.982,1117.595
Pulse experiments,pioreactor01,2026-08-14T23:57:26.982Z,0.107576633681,2026-08-15 05:42:26.982,1117.596388888889
Pulse experiments,pioreactor01,2026-08-14T23:57:31.982Z,0.10731838832,2026-08-15 05:42:31.982,1117.597777777778
Pulse experiments,pioreactor01,2026-08-14T23:57:36.982Z,0.10726137646,2026-08-15 05:42:36.982,1117.599166666667
Pulse experiments,pioreactor01,2026-08-14T23:57:41.984Z,0.107090795185,2026-08-15 05:42:41.984,1117.600555555556
Pulse experiments,pioreactor01,2026-08-14T23:57:46.982Z,0.106922907162,2026-08-15 05:42:46.982,1117.601944444444
Pulse experiments,pioreactor01,2026-08-14T23:57:51.982Z,0.10687072343,2026-08-15 05:42:51.982,1117.603333333333
Pulse experiments,pioreactor01,2026-08-14T23:57:56.981Z,0.106892213949,2026-08-15 05:42:56.981,1117.604722222222
Pulse experiments,pioreactor01,2026-08-14T23:58:01.982Z,0.106795188876,2026-08-15 05:43:01.982,1117.606111111111
Pulse experiments,pioreactor01,2026-08-14T23:58:06.985Z,0.106610805716,2026-08-15 05:43:06.985,1117.6075
Pulse experiments,pioreactor01,2026-08-14T23:58:11.981Z,0.106355207335,2026-08-15 05:43:11.981,1117.608888888889
Pulse experiments,pioreactor01,2026-08-14T23:58:16.983Z,0.106185650567,2026-08-15 05:43:16.983,1117.610277777778
Pulse experiments,pioreactor01,2026-08-14T23:58:21.984Z,0.106069073588,2026-08-15 05:43:21.984,1117.611666666667
Pulse experiments,pioreactor01,2026-08-14T23:58:26.983Z,0.106136779225,2026-08-15 05:43:26.983,1117.613055555556
Pulse experiments,pioreactor01,2026-08-14T23:58:31.983Z,0.106191957866,2026-08-15 05:43:31.983,1117.614444444444
Pulse experiments,pioreactor01,2026-08-14T23:58:36.983Z,0.106357748607,2026-08-15 05:43:36.983,1117.615833333333
Pulse experiments,pioreactor01,2026-08-14T23:58:41.981Z,0.106508062907,2026-08-15 05:43:41.981,1117.617222222222
Pulse experiments,pioreactor01,2026-08-14T23:58:46.981Z,0.106641094395,2026-08-15 05:43:46.981,1117.618611111111
Pulse experiments,pioreactor01,2026-08-14T23:58:51.984Z,0.10675997038,2026-08-15 05:43:51.984,1117.62
Pulse experiments,pioreactor01,2026-08-14T23:58:56.981Z,0.10661165457,2026-08-15 05:43:56.981,1117.621388888889
Pulse experiments,pioreactor01,2026-08-14T23:59:01.982Z,0.106527373974,2026-08-15 05:44:01.982,1117.622777777778
Pulse experiments,pioreactor01,2026-08-14T23:59:06.985Z,0.106642074595,2026-08-15 05:44:06.985,1117.624166666667
Pulse experiments,pioreactor01,2026-08-14T23:59:11.983Z,0.1063539499,2026-08-15 05:44:11.983,1117.625555555556
Pulse experiments,pioreactor01,2026-08-14T23:59:16.983Z,0.106053690259,2026-08-15 05:44:16.983,1117.626944444444
Pulse experiments,pioreactor01,2026-08-14T23:59:21.983Z,0.106078806259,2026-08-15 05:44:21.983,1117.628333333333
Pulse experiments,pioreactor01,2026-08-14T23:59:26.982Z,0.106225756881,2026-08-15 05:44:26.982,1117.629722222222
Pulse experiments,pioreactor01,2026-08-14T23:59:31.982Z,0.106064773127,2026-08-15 05:44:31.982,1117.631111111111
Pulse experiments,pioreactor01,2026-08-14T23:59:36.982Z,0.105883061082,2026-08-15 05:44:36.982,1117.6325
Pulse experiments,pioreactor01,2026-08-14T23:59:41.982Z,0.105731039457,2026-08-15 05:44:41.982,1117.633888888889
Pulse experiments,pioreactor01,2026-08-14T23:59:46.982Z,0.105354901818,2026-08-15 05:44:46.982,1117.635277777778
Pulse experiments,pioreactor01,2026-08-14T23:59:51.982Z,0.105071886994,2026-08-15 05:44:51.982,1117.636666666667
Pulse experiments,pioreactor01,2026-08-14T23:59:56.982Z,0.105513763118,2026-08-15 05:44:56.982,1117.638055555556
Pulse experiments,pioreactor01,2026-08-15T00:00:01.984Z,0.105646572418,2026-08-15 05:45:01.984,1117.639444444445
Pulse experiments,pioreactor01,2026-08-15T00:00:06.982Z,0.105668203568,2026-08-15 05:45:06.982,1117.640833333333
Pulse experiments,pioreactor01,2026-08-15T00:00:11.983Z,0.10557794488,2026-08-15 05:45:11.983,1117.642222222222
Pulse experiments,pioreactor01,2026-08-15T00:00:16.982Z,0.105514225823,2026-08-15 05:45:16.982,1117.643611111111
Pulse experiments,pioreactor01,2026-08-15T00:00:21.982Z,0.105414880409,2026-08-15 05:45:21.982,1117.645
Pulse experiments,pioreactor01,2026-08-15T00:00:26.983Z,0.105408761286,2026-08-15 05:45:26.983,1117.646388888889
Pulse experiments,pioreactor01,2026-08-15T00:00:31.981Z,0.10543458361,2026-08-15 05:45:31.981,1117.647777777778
Pulse experiments,pioreactor01,2026-08-15T00:00:36.984Z,0.105220536318,2026-08-15 05:45:36.984,1117.649166666667
Pulse experiments,pioreactor01,2026-08-15T00:00:41.981Z,0.104988609793,2026-08-15 05:45:41.981,1117.650555555555
Pulse experiments,pioreactor01,2026-08-15T00:00:46.983Z,0.105006606398,2026-08-15 05:45:46.983,1117.651944444445
Pulse experiments,pioreactor01,2026-08-15T00:00:51.981Z,0.105141235556,2026-08-15 05:45:51.981,1117.653333333333
Pulse experiments,pioreactor01,2026-08-15T00:00:56.983Z,0.105117298007,2026-08-15 05:45:56.983,1117.654722222222
Pulse experiments,pioreactor01,2026-08-15T00:01:01.984Z,0.104992168613,2026-08-15 05:46:01.984,1117.656111111111
Pulse experiments,pioreactor01,2026-08-15T00:01:06.981Z,0.104826733288,2026-08-15 05:46:06.981,1117.6575
Pulse experiments,pioreactor01,2026-08-15T00:01:11.981Z,0.104879518301,2026-08-15 05:46:11.981,1117.658888888889
Pulse experiments,pioreactor01,2026-08-15T00:01:16.981Z,0.105027221938,2026-08-15 05:46:16.981,1117.660277777778
Pulse experiments,pioreactor01,2026-08-15T00:01:21.983Z,0.105002425066,2026-08-15 05:46:21.983,1117.661666666667
Pulse experiments,pioreactor01,2026-08-15T00:01:26.982Z,0.104898449919,2026-08-15 05:46:26.982,1117.663055555556
Pulse experiments,pioreactor01,2026-08-15T00:01:31.981Z,0.104861969181,2026-08-15 05:46:31.981,1117.664444444444
Pulse experiments,pioreactor01,2026-08-15T00:01:36.982Z,0.104869254063,2026-08-15 05:46:36.982,1117.665833333333
Pulse experiments,pioreactor01,2026-08-15T00:01:41.983Z,0.104721662324,2026-08-15 05:46:41.983,1117.667222222222
Pulse experiments,pioreactor01,2026-08-15T00:01:46.982Z,0.10480374257,2026-08-15 05:46:46.982,1117.668611111111
Pulse experiments,pioreactor01,2026-08-15T00:01:51.982Z,0.104672835,2026-08-15 05:46:51.982,1117.67
Pulse experiments,pioreactor01,2026-08-15T00:01:56.983Z,0.104539066998,2026-08-15 05:46:56.983,1117.671388888889
Pulse experiments,pioreactor01,2026-08-15T00:02:01.982Z,0.104672700546,2026-08-15 05:47:01.982,1117.672777777778
Pulse experiments,pioreactor01,2026-08-15T00:02:06.984Z,0.104618172712,2026-08-15 05:47:06.984,1117.674166666667
Pulse experiments,pioreactor01,2026-08-15T00:02:11.982Z,0.104355291771,2026-08-15 05:47:11.982,1117.675555555556
Pulse experiments,pioreactor01,2026-08-15T00:02:16.982Z,0.103894275004,2026-08-15 05:47:16.982,1117.676944444444
Pulse experiments,pioreactor01,2026-08-15T00:02:21.982Z,0.103552009565,2026-08-15 05:47:21.982,1117.678333333333
Pulse experiments,pioreactor01,2026-08-15T00:02:26.984Z,0.103422520192,2026-08-15 05:47:26.984,1117.679722222222
Pulse experiments,pioreactor01,2026-08-15T00:02:31.981Z,0.103410940505,2026-08-15 05:47:31.981,1117.681111111111
Pulse experiments,pioreactor01,2026-08-15T00:02:36.984Z,0.103277017057,2026-08-15 05:47:36.984,1117.6825
Pulse experiments,pioreactor01,2026-08-15T00:02:41.984Z,0.103179063011,2026-08-15 05:47:41.984,1117.683888888889
Pulse experiments,pioreactor01,2026-08-15T00:02:46.984Z,0.103228318155,2026-08-15 05:47:46.984,1117.685277777778
Pulse experiments,pioreactor01,2026-08-15T00:02:51.984Z,0.103148157542,2026-08-15 05:47:51.984,1117.686666666667
Pulse experiments,pioreactor01,2026-08-15T00:02:56.985Z,0.103171622033,2026-08-15 05:47:56.985,1117.688055555556
Pulse experiments,pioreactor01,2026-08-15T00:03:01.981Z,0.103223829701,2026-08-15 05:48:01.981,1117.689444444444
Pulse experiments,pioreactor01,2026-08-15T00:03:06.982Z,0.102979497548,2026-08-15 05:48:06.982,1117.690833333333
Pulse experiments,pioreactor01,2026-08-15T00:03:11.983Z,0.102738018627,2026-08-15 05:48:11.983,1117.692222222222
Pulse experiments,pioreactor01,2026-08-15T00:03:16.981Z,0.102640799805,2026-08-15 05:48:16.981,1117.693611111111
Pulse experiments,pioreactor01,2026-08-15T00:03:21.981Z,0.102379058077,2026-08-15 05:48:21.981,1117.695
Pulse experiments,pioreactor01,2026-08-15T00:03:26.983Z,0.102360995225,2026-08-15 05:48:26.983,1117.696388888889
Pulse experiments,pioreactor01,2026-08-15T00:03:31.983Z,0.102252670759,2026-08-15 05:48:31.983,1117.697777777778
Pulse experiments,pioreactor01,2026-08-15T00:03:36.981Z,0.102079658081,2026-08-15 05:48:36.981,1117.699166666667
Pulse experiments,pioreactor01,2026-08-15T00:03:41.984Z,0.102054511416,2026-08-15 05:48:41.984,1117.700555555556
Pulse experiments,pioreactor01,2026-08-15T00:03:46.982Z,0.101980629118,2026-08-15 05:48:46.982,1117.701944444445
Pulse experiments,pioreactor01,2026-08-15T00:03:51.982Z,0.102072426243,2026-08-15 05:48:51.982,1117.703333333333
Pulse experiments,pioreactor01,2026-08-15T00:03:56.981Z,0.101988898312,2026-08-15 05:48:56.981,1117.704722222222
Pulse experiments,pioreactor01,2026-08-15T00:04:01.983Z,0.102104187832,2026-08-15 05:49:01.983,1117.706111111111
Pulse experiments,pioreactor01,2026-08-15T00:04:06.981Z,0.101925094063,2026-08-15 05:49:06.981,1117.7075
Pulse experiments,pioreactor01,2026-08-15T00:04:11.983Z,0.101702620317,2026-08-15 05:49:11.983,1117.708888888889
Pulse experiments,pioreactor01,2026-08-15T00:04:16.983Z,0.101692474434,2026-08-15 05:49:16.983,1117.710277777778
Pulse experiments,pioreactor01,2026-08-15T00:04:21.983Z,0.101288669075,2026-08-15 05:49:21.983,1117.711666666667
Pulse experiments,pioreactor01,2026-08-15T00:04:26.981Z,0.100784891648,2026-08-15 05:49:26.981,1117.713055555555
Pulse experiments,pioreactor01,2026-08-15T00:04:31.983Z,0.10054934392,2026-08-15 05:49:31.983,1117.714444444445
Pulse experiments,pioreactor01,2026-08-15T00:04:36.981Z,0.10029506127,2026-08-15 05:49:36.981,1117.715833333333
Pulse experiments,pioreactor01,2026-08-15T00:04:41.980Z,0.100242684873,2026-08-15 05:49:41.980,1117.717222222222
Pulse experiments,pioreactor01,2026-08-15T00:04:46.981Z,0.100485559308,2026-08-15 05:49:46.981,1117.718611111111
Pulse experiments,pioreactor01,2026-08-15T00:04:51.985Z,0.100634548372,2026-08-15 05:49:51.985,1117.72
Pulse experiments,pioreactor01,2026-08-15T00:04:56.982Z,0.100496812184,2026-08-15 05:49:56.982,1117.721388888889
Pulse experiments,pioreactor01,2026-08-15T00:05:01.982Z,0.100270166577,2026-08-15 05:50:01.982,1117.722777777778
Pulse experiments,pioreactor01,2026-08-15T00:05:06.982Z,0.100144645446,2026-08-15 05:50:06.982,1117.724166666667
Pulse experiments,pioreactor01,2026-08-15T00:05:11.983Z,0.100063159406,2026-08-15 05:50:11.983,1117.725555555556
Pulse experiments,pioreactor01,2026-08-15T00:05:16.983Z,0.099857810935,2026-08-15 05:50:16.983,1117.726944444444
Pulse experiments,pioreactor01,2026-08-15T00:05:21.982Z,0.099792937767,2026-08-15 05:50:21.982,1117.728333333333
Pulse experiments,pioreactor01,2026-08-15T00:05:26.982Z,0.099695042646,2026-08-15 05:50:26.982,1117.729722222222
Pulse experiments,pioreactor01,2026-08-15T00:05:31.982Z,0.099345897094,2026-08-15 05:50:31.982,1117.731111111111
Pulse experiments,pioreactor01,2026-08-15T00:05:36.982Z,0.099099502947,2026-08-15 05:50:36.982,1117.7325
Pulse experiments,pioreactor01,2026-08-15T00:05:41.981Z,0.098773042378,2026-08-15 05:50:41.981,1117.733888888889
Pulse experiments,pioreactor01,2026-08-15T00:05:46.982Z,0.098559408386,2026-08-15 05:50:46.982,1117.735277777778
Pulse experiments,pioreactor01,2026-08-15T00:05:51.982Z,0.098402714142,2026-08-15 05:50:51.982,1117.736666666667
Pulse experiments,pioreactor01,2026-08-15T00:05:56.984Z,0.098291447732,2026-08-15 05:50:56.984,1117.738055555556
Pulse experiments,pioreactor01,2026-08-15T00:06:01.983Z,0.098254520895,2026-08-15 05:51:01.983,1117.739444444444
Pulse experiments,pioreactor01,2026-08-15T00:06:06.982Z,0.098350880454,2026-08-15 05:51:06.982,1117.740833333333
Pulse experiments,pioreactor01,2026-08-15T00:06:11.981Z,0.098480827194,2026-08-15 05:51:11.981,1117.742222222222
Pulse experiments,pioreactor01,2026-08-15T00:06:16.983Z,0.098471859385,2026-08-15 05:51:16.983,1117.743611111111
Pulse experiments,pioreactor01,2026-08-15T00:06:21.983Z,0.098213014352,2026-08-15 05:51:21.983,1117.745
Pulse experiments,pioreactor01,2026-08-15T00:06:26.981Z,0.098101920252,2026-08-15 05:51:26.981,1117.746388888889
Pulse experiments,pioreactor01,2026-08-15T00:06:31.985Z,0.097727116193,2026-08-15 05:51:31.985,1117.747777777778
Pulse experiments,pioreactor01,2026-08-15T00:06:36.981Z,0.09707796965,2026-08-15 05:51:36.981,1117.749166666667
Pulse experiments,pioreactor01,2026-08-15T00:06:41.983Z,0.096579532108,2026-08-15 05:51:41.983,1117.750555555556
Pulse experiments,pioreactor01,2026-08-15T00:06:46.981Z,0.096109905748,2026-08-15 05:51:46.981,1117.751944444444
Pulse experiments,pioreactor01,2026-08-15T00:06:51.983Z,0.095916286625,2026-08-15 05:51:51.983,1117.753333333333
Pulse experiments,pioreactor01,2026-08-15T00:06:56.982Z,0.095546599395,2026-08-15 05:51:56.982,1117.754722222222
Pulse experiments,pioreactor01,2026-08-15T00:07:01.983Z,0.095266340024,2026-08-15 05:52:01.983,1117.756111111111
Pulse experiments,pioreactor01,2026-08-15T00:07:06.983Z,0.094965973563,2026-08-15 05:52:06.983,1117.7575
Pulse experiments,pioreactor01,2026-08-15T00:07:11.983Z,0.094653256148,2026-08-15 05:52:11.983,1117.758888888889
Pulse experiments,pioreactor01,2026-08-15T00:07:16.983Z,0.094306720418,2026-08-15 05:52:16.983,1117.760277777778
Pulse experiments,pioreactor01,2026-08-15T00:07:21.982Z,0.093984243583,2026-08-15 05:52:21.982,1117.761666666667
Pulse experiments,pioreactor01,2026-08-15T00:07:26.982Z,0.093779251992,2026-08-15 05:52:26.982,1117.763055555556
Pulse experiments,pioreactor01,2026-08-15T00:07:31.981Z,0.093404462111,2026-08-15 05:52:31.981,1117.764444444445
Pulse experiments,pioreactor01,2026-08-15T00:07:36.982Z,0.092856476142,2026-08-15 05:52:36.982,1117.765833333333
Pulse experiments,pioreactor01,2026-08-15T00:07:41.983Z,0.092472071908,2026-08-15 05:52:41.983,1117.767222222222
Pulse experiments,pioreactor01,2026-08-15T00:07:46.983Z,0.092107971204,2026-08-15 05:52:46.983,1117.768611111111
Pulse experiments,pioreactor01,2026-08-15T00:07:51.981Z,0.091599632307,2026-08-15 05:52:51.981,1117.77
Pulse experiments,pioreactor01,2026-08-15T00:07:56.981Z,0.091362750646,2026-08-15 05:52:56.981,1117.771388888889
Pulse experiments,pioreactor01,2026-08-15T00:08:01.982Z,0.090971259391,2026-08-15 05:53:01.982,1117.772777777778
Pulse experiments,pioreactor01,2026-08-15T00:08:06.983Z,0.090619991071,2026-08-15 05:53:06.983,1117.774166666667
Pulse experiments,pioreactor01,2026-08-15T00:08:11.983Z,0.090115776625,2026-08-15 05:53:11.983,1117.775555555555
Pulse experiments,pioreactor01,2026-08-15T00:08:16.981Z,0.089718200314,2026-08-15 05:53:16.981,1117.776944444445
Pulse experiments,pioreactor01,2026-08-15T00:08:21.982Z,0.089110859301,2026-08-15 05:53:21.982,1117.778333333333
Pulse experiments,pioreactor01,2026-08-15T00:08:26.982Z,0.088731981025,2026-08-15 05:53:26.982,1117.779722222222
Pulse experiments,pioreactor01,2026-08-15T00:08:36.983Z,0.088420468013,2026-08-15 05:53:36.983,1117.7825
Pulse experiments,pioreactor01,2026-08-15T00:08:41.981Z,0.088082649825,2026-08-15 05:53:41.981,1117.783888888889
Pulse experiments,pioreactor01,2026-08-15T00:08:46.984Z,0.087991527049,2026-08-15 05:53:46.984,1117.785277777778
Pulse experiments,pioreactor01,2026-08-15T00:08:51.982Z,0.088010874777,2026-08-15 05:53:51.982,1117.786666666667
Pulse experiments,pioreactor01,2026-08-15T00:08:56.980Z,0.08796357554,2026-08-15 05:53:56.980,1117.788055555556
Pulse experiments,pioreactor01,2026-08-15T00:09:01.982Z,0.087584994977,2026-08-15 05:54:01.982,1117.789444444444
Pulse experiments,pioreactor01,2026-08-15T00:09:06.980Z,0.087596595537,2026-08-15 05:54:06.980,1117.790833333333
Pulse experiments,pioreactor01,2026-08-15T00:09:11.982Z,0.087420422901,2026-08-15 05:54:11.982,1117.792222222222
Pulse experiments,pioreactor01,2026-08-15T00:09:16.984Z,0.08708819878,2026-08-15 05:54:16.984,1117.793611111111
Pulse experiments,pioreactor01,2026-08-15T00:09:21.984Z,0.086986727844,2026-08-15 05:54:21.984,1117.795
Pulse experiments,pioreactor01,2026-08-15T00:09:26.981Z,0.086798438751,2026-08-15 05:54:26.981,1117.796388888889
Pulse experiments,pioreactor01,2026-08-15T00:09:31.981Z,0.086533837388,2026-08-15 05:54:31.981,1117.797777777778
Pulse experiments,pioreactor01,2026-08-15T00:09:41.983Z,0.086572679396,2026-08-15 05:54:41.983,1117.800555555556
Pulse experiments,pioreactor01,2026-08-15T00:09:46.982Z,0.086552869428,2026-08-15 05:54:46.982,1117.801944444444
Pulse experiments,pioreactor01,2026-08-15T00:09:51.982Z,0.086580977626,2026-08-15 05:54:51.982,1117.803333333333
Pulse experiments,pioreactor01,2026-08-15T00:09:56.981Z,0.08659324511,2026-08-15 05:54:56.981,1117.804722222222
Pulse experiments,pioreactor01,2026-08-15T00:10:01.981Z,0.086329899173,2026-08-15 05:55:01.981,1117.806111111111
Pulse experiments,pioreactor01,2026-08-15T00:10:06.981Z,0.086323451579,2026-08-15 05:55:06.981,1117.8075
Pulse experiments,pioreactor01,2026-08-15T00:10:11.983Z,0.086123757211,2026-08-15 05:55:11.983,1117.808888888889
Pulse experiments,pioreactor01,2026-08-15T00:10:16.982Z,0.086013763323,2026-08-15 05:55:16.982,1117.810277777778
Pulse experiments,pioreactor01,2026-08-15T00:10:21.982Z,0.085833313647,2026-08-15 05:55:21.982,1117.811666666667
Pulse experiments,pioreactor01,2026-08-15T00:10:26.987Z,0.085653917846,2026-08-15 05:55:26.987,1117.813055555556
Pulse experiments,pioreactor01,2026-08-15T00:10:31.983Z,0.085500177923,2026-08-15 05:55:31.983,1117.814444444444
Pulse experiments,pioreactor01,2026-08-15T00:10:36.984Z,0.085326245552,2026-08-15 05:55:36.984,1117.815833333333
Pulse experiments,pioreactor01,2026-08-15T00:10:41.981Z,0.085239201296,2026-08-15 05:55:41.981,1117.817222222222
Pulse experiments,pioreactor01,2026-08-15T00:10:46.982Z,0.085213536194,2026-08-15 05:55:46.982,1117.818611111111
Pulse experiments,pioreactor01,2026-08-15T00:10:51.982Z,0.084953482492,2026-08-15 05:55:51.982,1117.82
Pulse experiments,pioreactor01,2026-08-15T00:10:56.983Z,0.084756180859,2026-08-15 05:55:56.983,1117.821388888889
Pulse experiments,pioreactor01,2026-08-15T00:11:01.983Z,0.084682074878,2026-08-15 05:56:01.983,1117.822777777778
Pulse experiments,pioreactor01,2026-08-15T00:11:06.982Z,0.08468516172,2026-08-15 05:56:06.982,1117.824166666667
Pulse experiments,pioreactor01,2026-08-15T00:11:11.982Z,0.084592323433,2026-08-15 05:56:11.982,1117.825555555556
Pulse experiments,pioreactor01,2026-08-15T00:11:16.982Z,0.084713607654,2026-08-15 05:56:16.982,1117.826944444445
Pulse experiments,pioreactor01,2026-08-15T00:11:21.983Z,0.084717237625,2026-08-15 05:56:21.983,1117.828333333333
Pulse experiments,pioreactor01,2026-08-15T00:11:26.983Z,0.084684321534,2026-08-15 05:56:26.983,1117.829722222222
Pulse experiments,pioreactor01,2026-08-15T00:11:31.981Z,0.084719867609,2026-08-15 05:56:31.981,1117.831111111111
Pulse experiments,pioreactor01,2026-08-15T00:11:36.982Z,0.084673876142,2026-08-15 05:56:36.982,1117.8325
Pulse experiments,pioreactor01,2026-08-15T00:11:41.980Z,0.084632224243,2026-08-15 05:56:41.980,1117.833888888889
Pulse experiments,pioreactor01,2026-08-15T00:11:46.981Z,0.084633701987,2026-08-15 05:56:46.981,1117.835277777778
Pulse experiments,pioreactor01,2026-08-15T00:11:51.984Z,0.084710932597,2026-08-15 05:56:51.984,1117.836666666667
Pulse experiments,pioreactor01,2026-08-15T00:11:56.983Z,0.084508676087,2026-08-15 05:56:56.983,1117.838055555555
Pulse experiments,pioreactor01,2026-08-15T00:12:01.981Z,0.084274977644,2026-08-15 05:57:01.981,1117.839444444445
Pulse experiments,pioreactor01,2026-08-15T00:12:06.981Z,0.084350493841,2026-08-15 05:57:06.981,1117.840833333333
Pulse experiments,pioreactor01,2026-08-15T00:12:11.982Z,0.084271532249,2026-08-15 05:57:11.982,1117.842222222222
Pulse experiments,pioreactor01,2026-08-15T00:12:16.986Z,0.084185842251,2026-08-15 05:57:16.986,1117.843611111111
Pulse experiments,pioreactor01,2026-08-15T00:12:21.981Z,0.08411844722,2026-08-15 05:57:21.981,1117.845
Pulse experiments,pioreactor01,2026-08-15T00:12:26.982Z,0.084077300155,2026-08-15 05:57:26.982,1117.846388888889
Pulse experiments,pioreactor01,2026-08-15T00:12:31.980Z,0.084247269004,2026-08-15 05:57:31.980,1117.847777777778
Pulse experiments,pioreactor01,2026-08-15T00:12:36.981Z,0.084322301896,2026-08-15 05:57:36.981,1117.849166666667
Pulse experiments,pioreactor01,2026-08-15T00:12:41.982Z,0.084348287623,2026-08-15 05:57:41.982,1117.850555555556
Pulse experiments,pioreactor01,2026-08-15T00:12:46.983Z,0.084347509795,2026-08-15 05:57:46.983,1117.851944444444
Pulse experiments,pioreactor01,2026-08-15T00:12:51.982Z,0.084272412706,2026-08-15 05:57:51.982,1117.853333333333
Pulse experiments,pioreactor01,2026-08-15T00:12:56.982Z,0.084336821486,2026-08-15 05:57:56.982,1117.854722222222
Pulse experiments,pioreactor01,2026-08-15T00:13:01.981Z,0.084529408141,2026-08-15 05:58:01.981,1117.856111111111
Pulse experiments,pioreactor01,2026-08-15T00:13:06.982Z,0.084783019318,2026-08-15 05:58:06.982,1117.8575
Pulse experiments,pioreactor01,2026-08-15T00:13:16.984Z,0.084779547154,2026-08-15 05:58:16.984,1117.860277777778
Pulse experiments,pioreactor01,2026-08-15T00:13:21.983Z,0.08475301259,2026-08-15 05:58:21.983,1117.861666666667
Pulse experiments,pioreactor01,2026-08-15T00:13:26.984Z,0.08466585349,2026-08-15 05:58:26.984,1117.863055555556
Pulse experiments,pioreactor01,2026-08-15T00:13:31.982Z,0.084492088682,2026-08-15 05:58:31.982,1117.864444444444
Pulse experiments,pioreactor01,2026-08-15T00:13:41.982Z,0.084549931215,2026-08-15 05:58:41.982,1117.867222222222
Pulse experiments,pioreactor01,2026-08-15T00:13:46.983Z,0.084594850337,2026-08-15 05:58:46.983,1117.868611111111
Pulse experiments,pioreactor01,2026-08-15T00:13:51.982Z,0.084524020944,2026-08-15 05:58:51.982,1117.87
Pulse experiments,pioreactor01,2026-08-15T00:13:56.981Z,0.084312305124,2026-08-15 05:58:56.981,1117.871388888889
Pulse experiments,pioreactor01,2026-08-15T00:14:01.982Z,0.084339719495,2026-08-15 05:59:01.982,1117.872777777778
Pulse experiments,pioreactor01,2026-08-15T00:14:06.983Z,0.084346974203,2026-08-15 05:59:06.983,1117.874166666667
Pulse experiments,pioreactor01,2026-08-15T00:14:11.981Z,0.084405379052,2026-08-15 05:59:11.981,1117.875555555556
Pulse experiments,pioreactor01,2026-08-15T00:14:16.985Z,0.084505391872,2026-08-15 05:59:16.985,1117.876944444444
Pulse experiments,pioreactor01,2026-08-15T00:14:21.983Z,0.084694430192,2026-08-15 05:59:21.983,1117.878333333333
Pulse experiments,pioreactor01,2026-08-15T00:14:26.981Z,0.084840415579,2026-08-15 05:59:26.981,1117.879722222222
Pulse experiments,pioreactor01,2026-08-15T00:14:36.983Z,0.084685398531,2026-08-15 05:59:36.983,1117.8825
Pulse experiments,pioreactor01,2026-08-15T00:14:41.980Z,0.084718811695,2026-08-15 05:59:41.980,1117.883888888889
Pulse experiments,pioreactor01,2026-08-15T00:14:46.981Z,0.084644943292,2026-08-15 05:59:46.981,1117.885277777778
Pulse experiments,pioreactor01,2026-08-15T00:14:51.981Z,0.084728114907,2026-08-15 05:59:51.981,1117.886666666667
Pulse experiments,pioreactor01,2026-08-15T00:14:56.982Z,0.084733500745,2026-08-15 05:59:56.982,1117.888055555556
Pulse experiments,pioreactor01,2026-08-15T00:15:01.981Z,0.084712923804,2026-08-15 06:00:01.981,1117.889444444445
Pulse experiments,pioreactor01,2026-08-15T00:15:06.983Z,0.084639950635,2026-08-15 06:00:06.983,1117.890833333333
Pulse experiments,pioreactor01,2026-08-15T00:15:11.981Z,0.084809016423,2026-08-15 06:00:11.981,1117.892222222222
Pulse experiments,pioreactor01,2026-08-15T00:15:16.984Z,0.084775040951,2026-08-15 06:00:16.984,1117.893611111111
Pulse experiments,pioreactor01,2026-08-15T00:15:21.983Z,0.084690599853,2026-08-15 06:00:21.983,1117.895
Pulse experiments,pioreactor01,2026-08-15T00:15:26.982Z,0.084604425244,2026-08-15 06:00:26.982,1117.896388888889
Pulse experiments,pioreactor01,2026-08-15T00:15:31.982Z,0.084599978774,2026-08-15 06:00:31.982,1117.897777777778
Pulse experiments,pioreactor01,2026-08-15T00:15:36.981Z,0.084613728423,2026-08-15 06:00:36.981,1117.899166666667
Pulse experiments,pioreactor01,2026-08-15T00:15:41.981Z,0.08452964862,2026-08-15 06:00:41.981,1117.900555555555
Pulse experiments,pioreactor01,2026-08-15T00:15:46.982Z,0.084492257238,2026-08-15 06:00:46.982,1117.901944444445
Pulse experiments,pioreactor01,2026-08-15T00:15:51.982Z,0.084517466193,2026-08-15 06:00:51.982,1117.903333333333
Pulse experiments,pioreactor01,2026-08-15T00:15:56.981Z,0.084613548359,2026-08-15 06:00:56.981,1117.904722222222
Pulse experiments,pioreactor01,2026-08-15T00:16:01.984Z,0.084589764256,2026-08-15 06:01:01.984,1117.906111111111
Pulse experiments,pioreactor01,2026-08-15T00:16:06.982Z,0.084684826698,2026-08-15 06:01:06.982,1117.9075
Pulse experiments,pioreactor01,2026-08-15T00:16:11.982Z,0.084743429498,2026-08-15 06:01:11.982,1117.908888888889
Pulse experiments,pioreactor01,2026-08-15T00:16:16.983Z,0.084890034291,2026-08-15 06:01:16.983,1117.910277777778
Pulse experiments,pioreactor01,2026-08-15T00:16:21.983Z,0.084929896032,2026-08-15 06:01:21.983,1117.911666666667
Pulse experiments,pioreactor01,2026-08-15T00:16:26.983Z,0.085087363553,2026-08-15 06:01:26.983,1117.913055555556
Pulse experiments,pioreactor01,2026-08-15T00:16:31.982Z,0.085221445456,2026-08-15 06:01:31.982,1117.914444444444
Pulse experiments,pioreactor01,2026-08-15T00:16:36.981Z,0.085362282752,2026-08-15 06:01:36.981,1117.915833333333
Pulse experiments,pioreactor01,2026-08-15T00:16:41.984Z,0.085338778885,2026-08-15 06:01:41.984,1117.917222222222
Pulse experiments,pioreactor01,2026-08-15T00:16:46.981Z,0.085368343211,2026-08-15 06:01:46.981,1117.918611111111
Pulse experiments,pioreactor01,2026-08-15T00:16:51.982Z,0.085487085894,2026-08-15 06:01:51.982,1117.92
Pulse experiments,pioreactor01,2026-08-15T00:16:56.982Z,0.085700574889,2026-08-15 06:01:56.982,1117.921388888889
Pulse experiments,pioreactor01,2026-08-15T00:17:01.981Z,0.085898931686,2026-08-15 06:02:01.981,1117.922777777778
Pulse experiments,pioreactor01,2026-08-15T00:17:06.982Z,0.085967073128,2026-08-15 06:02:06.982,1117.924166666667
Pulse experiments,pioreactor01,2026-08-15T00:17:16.983Z,0.086048673059,2026-08-15 06:02:16.983,1117.926944444444
Pulse experiments,pioreactor01,2026-08-15T00:17:21.984Z,0.086259920729,2026-08-15 06:02:21.984,1117.928333333333
Pulse experiments,pioreactor01,2026-08-15T00:17:31.982Z,0.086410351923,2026-08-15 06:02:31.982,1117.931111111111
Pulse experiments,pioreactor01,2026-08-15T00:17:36.981Z,0.086524013636,2026-08-15 06:02:36.981,1117.9325
Pulse experiments,pioreactor01,2026-08-15T00:17:41.982Z,0.08660462135,2026-08-15 06:02:41.982,1117.933888888889
Pulse experiments,pioreactor01,2026-08-15T00:17:46.981Z,0.086697756576,2026-08-15 06:02:46.981,1117.935277777778
Pulse experiments,pioreactor01,2026-08-15T00:17:51.982Z,0.086803164315,2026-08-15 06:02:51.982,1117.936666666667
Pulse experiments,pioreactor01,2026-08-15T00:17:56.983Z,0.086991624636,2026-08-15 06:02:56.983,1117.938055555556
Pulse experiments,pioreactor01,2026-08-15T00:18:01.982Z,0.087208133336,2026-08-15 06:03:01.982,1117.939444444444
Pulse experiments,pioreactor01,2026-08-15T00:18:06.980Z,0.087440844344,2026-08-15 06:03:06.980,1117.940833333333
Pulse experiments,pioreactor01,2026-08-15T00:18:11.981Z,0.087588902451,2026-08-15 06:03:11.981,1117.942222222222
Pulse experiments,pioreactor01,2026-08-15T00:18:16.980Z,0.087764982193,2026-08-15 06:03:16.980,1117.943611111111
Pulse experiments,pioreactor01,2026-08-15T00:18:21.983Z,0.087849657475,2026-08-15 06:03:21.983,1117.945
Pulse experiments,pioreactor01,2026-08-15T00:18:26.982Z,0.087830555532,2026-08-15 06:03:26.982,1117.946388888889
Pulse experiments,pioreactor01,2026-08-15T00:18:31.982Z,0.088014101128,2026-08-15 06:03:31.982,1117.947777777778
Pulse experiments,pioreactor01,2026-08-15T00:18:36.981Z,0.088178006773,2026-08-15 06:03:36.981,1117.949166666667
Pulse experiments,pioreactor01,2026-08-15T00:18:41.982Z,0.088234756783,2026-08-15 06:03:41.982,1117.950555555556
Pulse experiments,pioreactor01,2026-08-15T00:18:46.981Z,0.088378973874,2026-08-15 06:03:46.981,1117.951944444445
Pulse experiments,pioreactor01,2026-08-15T00:18:51.981Z,0.088494966494,2026-08-15 06:03:51.981,1117.953333333333
Pulse experiments,pioreactor01,2026-08-15T00:18:56.981Z,0.088567488342,2026-08-15 06:03:56.981,1117.954722222222
Pulse experiments,pioreactor01,2026-08-15T00:19:01.982Z,0.088545896467,2026-08-15 06:04:01.982,1117.956111111111
Pulse experiments,pioreactor01,2026-08-15T00:19:06.981Z,0.088563957285,2026-08-15 06:04:06.981,1117.9575
Pulse experiments,pioreactor01,2026-08-15T00:19:11.984Z,0.088710696605,2026-08-15 06:04:11.984,1117.958888888889
Pulse experiments,pioreactor01,2026-08-15T00:19:16.981Z,0.088892876968,2026-08-15 06:04:16.981,1117.960277777778
Pulse experiments,pioreactor01,2026-08-15T00:19:26.981Z,0.088996714975,2026-08-15 06:04:26.981,1117.963055555555
Pulse experiments,pioreactor01,2026-08-15T00:19:31.983Z,0.088966559739,2026-08-15 06:04:31.983,1117.964444444445
Pulse experiments,pioreactor01,2026-08-15T00:19:36.984Z,0.08900402981,2026-08-15 06:04:36.984,1117.965833333333
Pulse experiments,pioreactor01,2026-08-15T00:19:41.981Z,0.088983347355,2026-08-15 06:04:41.981,1117.967222222222
Pulse experiments,pioreactor01,2026-08-15T00:19:46.982Z,0.089121711692,2026-08-15 06:04:46.982,1117.968611111111
Pulse experiments,pioreactor01,2026-08-15T00:19:51.982Z,0.089180377396,2026-08-15 06:04:51.982,1117.97
Pulse experiments,pioreactor01,2026-08-15T00:19:56.982Z,0.089109065169,2026-08-15 06:04:56.982,1117.971388888889
Pulse experiments,pioreactor01,2026-08-15T00:20:01.981Z,0.089031788348,2026-08-15 06:05:01.981,1117.972777777778
Pulse experiments,pioreactor01,2026-08-15T00:20:06.982Z,0.088866219821,2026-08-15 06:05:06.982,1117.974166666667
Pulse experiments,pioreactor01,2026-08-15T00:20:11.982Z,0.088895219356,2026-08-15 06:05:11.982,1117.975555555556
Pulse experiments,pioreactor01,2026-08-15T00:20:16.983Z,0.088990240454,2026-08-15 06:05:16.983,1117.976944444444
Pulse experiments,pioreactor01,2026-08-15T00:20:21.980Z,0.089038116775,2026-08-15 06:05:21.980,1117.978333333333
Pulse experiments,pioreactor01,2026-08-15T00:20:26.981Z,0.089039989263,2026-08-15 06:05:26.981,1117.979722222222
Pulse experiments,pioreactor01,2026-08-15T00:20:31.984Z,0.089122194392,2026-08-15 06:05:31.984,1117.981111111111
Pulse experiments,pioreactor01,2026-08-15T00:20:36.982Z,0.089215764937,2026-08-15 06:05:36.982,1117.9825
Pulse experiments,pioreactor01,2026-08-15T00:20:41.982Z,0.089280096306,2026-08-15 06:05:41.982,1117.983888888889
Pulse experiments,pioreactor01,2026-08-15T00:20:46.984Z,0.089375063308,2026-08-15 06:05:46.984,1117.985277777778
Pulse experiments,pioreactor01,2026-08-15T00:20:51.982Z,0.089408136324,2026-08-15 06:05:51.982,1117.986666666667
Pulse experiments,pioreactor01,2026-08-15T00:20:56.981Z,0.089404659563,2026-08-15 06:05:56.981,1117.988055555556
Pulse experiments,pioreactor01,2026-08-15T00:21:06.986Z,0.089459900403,2026-08-15 06:06:06.986,1117.990833333333
Pulse experiments,pioreactor01,2026-08-15T00:21:11.981Z,0.089482149659,2026-08-15 06:06:11.981,1117.992222222222
Pulse experiments,pioreactor01,2026-08-15T00:21:16.981Z,0.089591020741,2026-08-15 06:06:16.981,1117.993611111111
Pulse experiments,pioreactor01,2026-08-15T00:21:21.982Z,0.089780592834,2026-08-15 06:06:21.982,1117.995
Pulse experiments,pioreactor01,2026-08-15T00:21:26.982Z,0.089770298321,2026-08-15 06:06:26.982,1117.996388888889
Pulse experiments,pioreactor01,2026-08-15T00:21:31.982Z,0.089836235802,2026-08-15 06:06:31.982,1117.997777777778
Pulse experiments,pioreactor01,2026-08-15T00:21:36.982Z,0.089724544481,2026-08-15 06:06:36.982,1117.999166666667
Pulse experiments,pioreactor01,2026-08-15T00:21:41.983Z,0.089755107782,2026-08-15 06:06:41.983,1118.000555555556
Pulse experiments,pioreactor01,2026-08-15T00:21:46.982Z,0.089837428,2026-08-15 06:06:46.982,1118.001944444444
Pulse experiments,pioreactor01,2026-08-15T00:21:51.983Z,0.08986554382,2026-08-15 06:06:51.983,1118.003333333333
Pulse experiments,pioreactor01,2026-08-15T00:21:56.984Z,0.089850266585,2026-08-15 06:06:56.984,1118.004722222222
Pulse experiments,pioreactor01,2026-08-15T00:22:01.982Z,0.08982702548,2026-08-15 06:07:01.982,1118.006111111111
Pulse experiments,pioreactor01,2026-08-15T00:22:06.982Z,0.089811078056,2026-08-15 06:07:06.982,1118.0075
Pulse experiments,pioreactor01,2026-08-15T00:22:11.981Z,0.089849156388,2026-08-15 06:07:11.981,1118.008888888889
Pulse experiments,pioreactor01,2026-08-15T00:22:16.983Z,0.089821045884,2026-08-15 06:07:16.983,1118.010277777778
Pulse experiments,pioreactor01,2026-08-15T00:22:21.982Z,0.089833080693,2026-08-15 06:07:21.982,1118.011666666667
Pulse experiments,pioreactor01,2026-08-15T00:22:26.983Z,0.089808869037,2026-08-15 06:07:26.983,1118.013055555556
Pulse experiments,pioreactor01,2026-08-15T00:22:31.980Z,0.089888870173,2026-08-15 06:07:31.980,1118.014444444445
Pulse experiments,pioreactor01,2026-08-15T00:22:36.984Z,0.090019961353,2026-08-15 06:07:36.984,1118.015833333333
Pulse experiments,pioreactor01,2026-08-15T00:22:41.982Z,0.090070708842,2026-08-15 06:07:41.982,1118.017222222222
Pulse experiments,pioreactor01,2026-08-15T00:22:46.983Z,0.090078460893,2026-08-15 06:07:46.983,1118.018611111111
Pulse experiments,pioreactor01,2026-08-15T00:22:51.982Z,0.090026117789,2026-08-15 06:07:51.982,1118.02
Pulse experiments,pioreactor01,2026-08-15T00:22:56.982Z,0.090112112901,2026-08-15 06:07:56.982,1118.021388888889
Pulse experiments,pioreactor01,2026-08-15T00:23:01.982Z,0.090098090563,2026-08-15 06:08:01.982,1118.022777777778
Pulse experiments,pioreactor01,2026-08-15T00:23:06.982Z,0.090152216219,2026-08-15 06:08:06.982,1118.024166666667
Pulse experiments,pioreactor01,2026-08-15T00:23:11.983Z,0.090181036559,2026-08-15 06:08:11.983,1118.025555555555
Pulse experiments,pioreactor01,2026-08-15T00:23:16.981Z,0.090162196672,2026-08-15 06:08:16.981,1118.026944444445
Pulse experiments,pioreactor01,2026-08-15T00:23:21.981Z,0.090031350015,2026-08-15 06:08:21.981,1118.028333333333
Pulse experiments,pioreactor01,2026-08-15T00:23:26.980Z,0.09007811645,2026-08-15 06:08:26.980,1118.029722222222
Pulse experiments,pioreactor01,2026-08-15T00:23:31.982Z,0.090205886926,2026-08-15 06:08:31.982,1118.031111111111
Pulse experiments,pioreactor01,2026-08-15T00:23:41.981Z,0.090256395844,2026-08-15 06:08:41.981,1118.033888888889
Pulse experiments,pioreactor01,2026-08-15T00:23:46.980Z,0.090242685237,2026-08-15 06:08:46.980,1118.035277777778
Pulse experiments,pioreactor01,2026-08-15T00:23:51.983Z,0.090254183291,2026-08-15 06:08:51.983,1118.036666666667
Pulse experiments,pioreactor01,2026-08-15T00:23:56.982Z,0.09025055586,2026-08-15 06:08:56.982,1118.038055555556
Pulse experiments,pioreactor01,2026-08-15T00:24:01.983Z,0.09035401063,2026-08-15 06:09:01.983,1118.039444444444
Pulse experiments,pioreactor01,2026-08-15T00:24:06.982Z,0.090473016814,2026-08-15 06:09:06.982,1118.040833333333
Pulse experiments,pioreactor01,2026-08-15T00:24:11.981Z,0.090639695938,2026-08-15 06:09:11.981,1118.042222222222
Pulse experiments,pioreactor01,2026-08-15T00:24:16.983Z,0.09078395515,2026-08-15 06:09:16.983,1118.043611111111
Pulse experiments,pioreactor01,2026-08-15T00:24:21.983Z,0.091011149744,2026-08-15 06:09:21.983,1118.045
Pulse experiments,pioreactor01,2026-08-15T00:24:26.981Z,0.091296893676,2026-08-15 06:09:26.981,1118.046388888889
Pulse experiments,pioreactor01,2026-08-15T00:24:31.983Z,0.091537594776,2026-08-15 06:09:31.983,1118.047777777778
Pulse experiments,pioreactor01,2026-08-15T00:24:36.982Z,0.091769202684,2026-08-15 06:09:36.982,1118.049166666667
Pulse experiments,pioreactor01,2026-08-15T00:24:41.981Z,0.091875375925,2026-08-15 06:09:41.981,1118.050555555556
Pulse experiments,pioreactor01,2026-08-15T00:24:46.981Z,0.09190558069,2026-08-15 06:09:46.981,1118.051944444444
Pulse experiments,pioreactor01,2026-08-15T00:24:51.985Z,0.091947772293,2026-08-15 06:09:51.985,1118.053333333333
Pulse experiments,pioreactor01,2026-08-15T00:24:56.982Z,0.091971906548,2026-08-15 06:09:56.982,1118.054722222222
Pulse experiments,pioreactor01,2026-08-15T00:25:01.982Z,0.091940286281,2026-08-15 06:10:01.982,1118.056111111111
Pulse experiments,pioreactor01,2026-08-15T00:25:06.981Z,0.092022903441,2026-08-15 06:10:06.981,1118.0575
Pulse experiments,pioreactor01,2026-08-15T00:25:11.982Z,0.092097281266,2026-08-15 06:10:11.982,1118.058888888889
Pulse experiments,pioreactor01,2026-08-15T00:25:16.983Z,0.092214675203,2026-08-15 06:10:16.983,1118.060277777778
Pulse experiments,pioreactor01,2026-08-15T00:25:21.982Z,0.092301832798,2026-08-15 06:10:21.982,1118.061666666667
Pulse experiments,pioreactor01,2026-08-15T00:25:26.981Z,0.092316220434,2026-08-15 06:10:26.981,1118.063055555556
Pulse experiments,pioreactor01,2026-08-15T00:25:31.982Z,0.092302291828,2026-08-15 06:10:31.982,1118.064444444444
Pulse experiments,pioreactor01,2026-08-15T00:25:36.982Z,0.092228061619,2026-08-15 06:10:36.982,1118.065833333333
Pulse experiments,pioreactor01,2026-08-15T00:25:41.981Z,0.092274745212,2026-08-15 06:10:41.981,1118.067222222222
Pulse experiments,pioreactor01,2026-08-15T00:25:46.982Z,0.092321092793,2026-08-15 06:10:46.982,1118.068611111111
Pulse experiments,pioreactor01,2026-08-15T00:25:51.982Z,0.092379417645,2026-08-15 06:10:51.982,1118.07
Pulse experiments,pioreactor01,2026-08-15T00:25:56.982Z,0.092469115539,2026-08-15 06:10:56.982,1118.071388888889
Pulse experiments,pioreactor01,2026-08-15T00:26:01.983Z,0.092553321314,2026-08-15 06:11:01.983,1118.072777777778
Pulse experiments,pioreactor01,2026-08-15T00:26:06.983Z,0.092658494048,2026-08-15 06:11:06.983,1118.074166666667
Pulse experiments,pioreactor01,2026-08-15T00:26:11.981Z,0.092778922799,2026-08-15 06:11:11.981,1118.075555555556
Pulse experiments,pioreactor01,2026-08-15T00:26:16.983Z,0.092846083018,2026-08-15 06:11:16.983,1118.076944444445
Pulse experiments,pioreactor01,2026-08-15T00:26:21.983Z,0.092991266582,2026-08-15 06:11:21.983,1118.078333333333
Pulse experiments,pioreactor01,2026-08-15T00:26:26.983Z,0.092998233701,2026-08-15 06:11:26.983,1118.079722222222
Pulse experiments,pioreactor01,2026-08-15T00:26:31.983Z,0.093011937935,2026-08-15 06:11:31.983,1118.081111111111
Pulse experiments,pioreactor01,2026-08-15T00:26:36.984Z,0.092956686752,2026-08-15 06:11:36.984,1118.0825
Pulse experiments,pioreactor01,2026-08-15T00:26:41.982Z,0.09311249968,2026-08-15 06:11:41.982,1118.083888888889
Pulse experiments,pioreactor01,2026-08-15T00:26:46.982Z,0.093187883565,2026-08-15 06:11:46.982,1118.085277777778
Pulse experiments,pioreactor01,2026-08-15T00:26:51.983Z,0.093217748503,2026-08-15 06:11:51.983,1118.086666666667
Pulse experiments,pioreactor01,2026-08-15T00:26:56.982Z,0.093326867185,2026-08-15 06:11:56.982,1118.088055555555
Pulse experiments,pioreactor01,2026-08-15T00:27:01.984Z,0.093391187363,2026-08-15 06:12:01.984,1118.089444444445
Pulse experiments,pioreactor01,2026-08-15T00:27:06.983Z,0.093485451889,2026-08-15 06:12:06.983,1118.090833333333
Pulse experiments,pioreactor01,2026-08-15T00:27:11.982Z,0.093517544797,2026-08-15 06:12:11.982,1118.092222222222
Pulse experiments,pioreactor01,2026-08-15T00:27:16.984Z,0.093486691416,2026-08-15 06:12:16.984,1118.093611111111
Pulse experiments,pioreactor01,2026-08-15T00:27:21.981Z,0.09359392149,2026-08-15 06:12:21.981,1118.095
Pulse experiments,pioreactor01,2026-08-15T00:27:26.982Z,0.093689991948,2026-08-15 06:12:26.982,1118.096388888889
Pulse experiments,pioreactor01,2026-08-15T00:27:31.981Z,0.093796206457,2026-08-15 06:12:31.981,1118.097777777778
Pulse experiments,pioreactor01,2026-08-15T00:27:36.981Z,0.093838627951,2026-08-15 06:12:36.981,1118.099166666667
Pulse experiments,pioreactor01,2026-08-15T00:27:41.983Z,0.093969175283,2026-08-15 06:12:41.983,1118.100555555556
Pulse experiments,pioreactor01,2026-08-15T00:27:46.981Z,0.093897422876,2026-08-15 06:12:46.981,1118.101944444444
Pulse experiments,pioreactor01,2026-08-15T00:27:51.983Z,0.093908703864,2026-08-15 06:12:51.983,1118.103333333333
Pulse experiments,pioreactor01,2026-08-15T00:27:56.982Z,0.093823728562,2026-08-15 06:12:56.982,1118.104722222222
Pulse experiments,pioreactor01,2026-08-15T00:28:01.983Z,0.093760203335,2026-08-15 06:13:01.983,1118.106111111111
Pulse experiments,pioreactor01,2026-08-15T00:28:06.983Z,0.093717785197,2026-08-15 06:13:06.983,1118.1075
Pulse experiments,pioreactor01,2026-08-15T00:28:11.981Z,0.093771155675,2026-08-15 06:13:11.981,1118.108888888889
Pulse experiments,pioreactor01,2026-08-15T00:28:16.982Z,0.093691098233,2026-08-15 06:13:16.982,1118.110277777778
Pulse experiments,pioreactor01,2026-08-15T00:28:21.981Z,0.093645888881,2026-08-15 06:13:21.981,1118.111666666667
Pulse experiments,pioreactor01,2026-08-15T00:28:26.984Z,0.093647861325,2026-08-15 06:13:26.984,1118.113055555556
Pulse experiments,pioreactor01,2026-08-15T00:28:31.982Z,0.093672326142,2026-08-15 06:13:31.982,1118.114444444444
Pulse experiments,pioreactor01,2026-08-15T00:28:36.981Z,0.093682543853,2026-08-15 06:13:36.981,1118.115833333333
Pulse experiments,pioreactor01,2026-08-15T00:28:41.983Z,0.093641226209,2026-08-15 06:13:41.983,1118.117222222222
Pulse experiments,pioreactor01,2026-08-15T00:28:46.983Z,0.093692260686,2026-08-15 06:13:46.983,1118.118611111111
Pulse experiments,pioreactor01,2026-08-15T00:28:51.983Z,0.093681929378,2026-08-15 06:13:51.983,1118.12
Pulse experiments,pioreactor01,2026-08-15T00:28:56.982Z,0.093770495036,2026-08-15 06:13:56.982,1118.121388888889
Pulse experiments,pioreactor01,2026-08-15T00:29:01.983Z,0.093880915052,2026-08-15 06:14:01.983,1118.122777777778
Pulse experiments,pioreactor01,2026-08-15T00:29:06.984Z,0.09385067632,2026-08-15 06:14:06.984,1118.124166666667
Pulse experiments,pioreactor01,2026-08-15T00:29:11.981Z,0.093837137303,2026-08-15 06:14:11.981,1118.125555555556
Pulse experiments,pioreactor01,2026-08-15T00:29:16.981Z,0.093903662276,2026-08-15 06:14:16.981,1118.126944444444
Pulse experiments,pioreactor01,2026-08-15T00:29:21.982Z,0.093772536311,2026-08-15 06:14:21.982,1118.128333333333
Pulse experiments,pioreactor01,2026-08-15T00:29:26.981Z,0.093695371026,2026-08-15 06:14:26.981,1118.129722222222
Pulse experiments,pioreactor01,2026-08-15T00:29:31.982Z,0.093693147758,2026-08-15 06:14:31.982,1118.131111111111
Pulse experiments,pioreactor01,2026-08-15T00:29:36.982Z,0.093662845942,2026-08-15 06:14:36.982,1118.1325
Pulse experiments,pioreactor01,2026-08-15T00:29:41.982Z,0.093764960986,2026-08-15 06:14:41.982,1118.133888888889
Pulse experiments,pioreactor01,2026-08-15T00:29:46.982Z,0.093795189194,2026-08-15 06:14:46.982,1118.135277777778
Pulse experiments,pioreactor01,2026-08-15T00:29:51.983Z,0.093803371618,2026-08-15 06:14:51.983,1118.136666666667
Pulse experiments,pioreactor01,2026-08-15T00:29:56.981Z,0.093754346557,2026-08-15 06:14:56.981,1118.138055555556
Pulse experiments,pioreactor01,2026-08-15T00:30:01.982Z,0.093767063837,2026-08-15 06:15:01.982,1118.139444444445
Pulse experiments,pioreactor01,2026-08-15T00:30:06.981Z,0.093867666088,2026-08-15 06:15:06.981,1118.140833333333
Pulse experiments,pioreactor01,2026-08-15T00:30:11.980Z,0.093994129274,2026-08-15 06:15:11.980,1118.142222222222
Pulse experiments,pioreactor01,2026-08-15T00:30:16.983Z,0.094094430961,2026-08-15 06:15:16.983,1118.143611111111
Pulse experiments,pioreactor01,2026-08-15T00:30:21.982Z,0.094169003774,2026-08-15 06:15:21.982,1118.145
Pulse experiments,pioreactor01,2026-08-15T00:30:26.982Z,0.09423328592,2026-08-15 06:15:26.982,1118.146388888889
Pulse experiments,pioreactor01,2026-08-15T00:30:31.984Z,0.094186027872,2026-08-15 06:15:31.984,1118.147777777778
Pulse experiments,pioreactor01,2026-08-15T00:30:36.982Z,0.094213093364,2026-08-15 06:15:36.982,1118.149166666667
Pulse experiments,pioreactor01,2026-08-15T00:30:41.984Z,0.094211097341,2026-08-15 06:15:41.984,1118.150555555555
Pulse experiments,pioreactor01,2026-08-15T00:30:46.982Z,0.094130667124,2026-08-15 06:15:46.982,1118.151944444445
Pulse experiments,pioreactor01,2026-08-15T00:30:51.981Z,0.094089182531,2026-08-15 06:15:51.981,1118.153333333333
Pulse experiments,pioreactor01,2026-08-15T00:30:56.982Z,0.094083664542,2026-08-15 06:15:56.982,1118.154722222222
Pulse experiments,pioreactor01,2026-08-15T00:31:01.984Z,0.094089153782,2026-08-15 06:16:01.984,1118.156111111111
Pulse experiments,pioreactor01,2026-08-15T00:31:06.982Z,0.094140525953,2026-08-15 06:16:06.982,1118.1575
Pulse experiments,pioreactor01,2026-08-15T00:31:11.981Z,0.09417238301,2026-08-15 06:16:11.981,1118.158888888889
Pulse experiments,pioreactor01,2026-08-15T00:31:16.981Z,0.094234153033,2026-08-15 06:16:16.981,1118.160277777778
Pulse experiments,pioreactor01,2026-08-15T00:31:21.983Z,0.094340288643,2026-08-15 06:16:21.983,1118.161666666667
Pulse experiments,pioreactor01,2026-08-15T00:31:26.981Z,0.094314526532,2026-08-15 06:16:26.981,1118.163055555556
Pulse experiments,pioreactor01,2026-08-15T00:31:31.983Z,0.094324062966,2026-08-15 06:16:31.983,1118.164444444444
Pulse experiments,pioreactor01,2026-08-15T00:31:36.981Z,0.094275102312,2026-08-15 06:16:36.981,1118.165833333333
Pulse experiments,pioreactor01,2026-08-15T00:31:41.982Z,0.094227402431,2026-08-15 06:16:41.982,1118.167222222222
Pulse experiments,pioreactor01,2026-08-15T00:31:46.982Z,0.094139355408,2026-08-15 06:16:46.982,1118.168611111111
Pulse experiments,pioreactor01,2026-08-15T00:31:51.982Z,0.094067532899,2026-08-15 06:16:51.982,1118.17
Pulse experiments,pioreactor01,2026-08-15T00:31:56.981Z,0.094142104629,2026-08-15 06:16:56.981,1118.171388888889
Pulse experiments,pioreactor01,2026-08-15T00:32:01.983Z,0.094165363736,2026-08-15 06:17:01.983,1118.172777777778
Pulse experiments,pioreactor01,2026-08-15T00:32:06.981Z,0.094186752236,2026-08-15 06:17:06.981,1118.174166666667
Pulse experiments,pioreactor01,2026-08-15T00:32:11.983Z,0.094269701181,2026-08-15 06:17:11.983,1118.175555555556
Pulse experiments,pioreactor01,2026-08-15T00:32:16.983Z,0.094261095426,2026-08-15 06:17:16.983,1118.176944444444
Pulse experiments,pioreactor01,2026-08-15T00:32:21.980Z,0.09427392624,2026-08-15 06:17:21.980,1118.178333333333
Pulse experiments,pioreactor01,2026-08-15T00:32:26.983Z,0.094325837515,2026-08-15 06:17:26.983,1118.179722222222
Pulse experiments,pioreactor01,2026-08-15T00:32:31.981Z,0.09426745083,2026-08-15 06:17:31.981,1118.181111111111
Pulse experiments,pioreactor01,2026-08-15T00:32:36.984Z,0.094264866158,2026-08-15 06:17:36.984,1118.1825
Pulse experiments,pioreactor01,2026-08-15T00:32:41.982Z,0.094244587417,2026-08-15 06:17:41.982,1118.183888888889
Pulse experiments,pioreactor01,2026-08-15T00:32:46.982Z,0.094194358593,2026-08-15 06:17:46.982,1118.185277777778
Pulse experiments,pioreactor01,2026-08-15T00:32:51.982Z,0.094089727238,2026-08-15 06:17:51.982,1118.186666666667
Pulse experiments,pioreactor01,2026-08-15T00:32:56.983Z,0.093994215339,2026-08-15 06:17:56.983,1118.188055555556
Pulse experiments,pioreactor01,2026-08-15T00:33:01.983Z,0.093980791699,2026-08-15 06:18:01.983,1118.189444444444
Pulse experiments,pioreactor01,2026-08-15T00:33:06.983Z,0.093909102904,2026-08-15 06:18:06.983,1118.190833333333
Pulse experiments,pioreactor01,2026-08-15T00:33:11.983Z,0.093869431788,2026-08-15 06:18:11.983,1118.192222222222
Pulse experiments,pioreactor01,2026-08-15T00:33:21.981Z,0.093830729535,2026-08-15 06:18:21.981,1118.195
Pulse experiments,pioreactor01,2026-08-15T00:33:26.982Z,0.093909095887,2026-08-15 06:18:26.982,1118.196388888889
Pulse experiments,pioreactor01,2026-08-15T00:33:31.983Z,0.093933722591,2026-08-15 06:18:31.983,1118.197777777778
Pulse experiments,pioreactor01,2026-08-15T00:33:36.983Z,0.093874989719,2026-08-15 06:18:36.983,1118.199166666667
Pulse experiments,pioreactor01,2026-08-15T00:33:41.982Z,0.09395030189,2026-08-15 06:18:41.982,1118.200555555556
Pulse experiments,pioreactor01,2026-08-15T00:33:46.982Z,0.093965814845,2026-08-15 06:18:46.982,1118.201944444445
Pulse experiments,pioreactor01,2026-08-15T00:33:51.982Z,0.093842156954,2026-08-15 06:18:51.982,1118.203333333333
Pulse experiments,pioreactor01,2026-08-15T00:33:56.985Z,0.093778307028,2026-08-15 06:18:56.985,1118.204722222222
Pulse experiments,pioreactor01,2026-08-15T00:34:01.982Z,0.093852459257,2026-08-15 06:19:01.982,1118.206111111111
Pulse experiments,pioreactor01,2026-08-15T00:34:06.982Z,0.09391129163,2026-08-15 06:19:06.982,1118.2075
Pulse experiments,pioreactor01,2026-08-15T00:34:11.984Z,0.09384968895,2026-08-15 06:19:11.984,1118.208888888889
Pulse experiments,pioreactor01,2026-08-15T00:34:16.983Z,0.093697270683,2026-08-15 06:19:16.983,1118.210277777778
Pulse experiments,pioreactor01,2026-08-15T00:34:21.981Z,0.093699678293,2026-08-15 06:19:21.981,1118.211666666667
Pulse experiments,pioreactor01,2026-08-15T00:34:26.982Z,0.09375358351,2026-08-15 06:19:26.982,1118.213055555555
Pulse experiments,pioreactor01,2026-08-15T00:34:31.983Z,0.093767201716,2026-08-15 06:19:31.983,1118.214444444445
Pulse experiments,pioreactor01,2026-08-15T00:34:36.981Z,0.093729780531,2026-08-15 06:19:36.981,1118.215833333333
Pulse experiments,pioreactor01,2026-08-15T00:34:41.982Z,0.093742244343,2026-08-15 06:19:41.982,1118.217222222222
Pulse experiments,pioreactor01,2026-08-15T00:34:46.983Z,0.093706306455,2026-08-15 06:19:46.983,1118.218611111111
Pulse experiments,pioreactor01,2026-08-15T00:34:51.980Z,0.093706004603,2026-08-15 06:19:51.980,1118.22
Pulse experiments,pioreactor01,2026-08-15T00:34:56.983Z,0.093646838818,2026-08-15 06:19:56.983,1118.221388888889
Pulse experiments,pioreactor01,2026-08-15T00:35:01.981Z,0.093711140895,2026-08-15 06:20:01.981,1118.222777777778
Pulse experiments,pioreactor01,2026-08-15T00:35:06.982Z,0.093693473799,2026-08-15 06:20:06.982,1118.224166666667
Pulse experiments,pioreactor01,2026-08-15T00:35:11.981Z,0.093606907653,2026-08-15 06:20:11.981,1118.225555555556
Pulse experiments,pioreactor01,2026-08-15T00:35:16.982Z,0.093665109784,2026-08-15 06:20:16.982,1118.226944444444
Pulse experiments,pioreactor01,2026-08-15T00:35:21.983Z,0.093667738326,2026-08-15 06:20:21.983,1118.228333333333
Pulse experiments,pioreactor01,2026-08-15T00:35:26.981Z,0.093715158483,2026-08-15 06:20:26.981,1118.229722222222
Pulse experiments,pioreactor01,2026-08-15T00:35:31.985Z,0.093701571401,2026-08-15 06:20:31.985,1118.231111111111
Pulse experiments,pioreactor01,2026-08-15T00:35:36.985Z,0.093704623683,2026-08-15 06:20:36.985,1118.2325
Pulse experiments,pioreactor01,2026-08-15T00:35:41.982Z,0.093624644607,2026-08-15 06:20:41.982,1118.233888888889
Pulse experiments,pioreactor01,2026-08-15T00:35:46.982Z,0.093691796101,2026-08-15 06:20:46.982,1118.235277777778
Pulse experiments,pioreactor01,2026-08-15T00:35:51.981Z,0.093704570448,2026-08-15 06:20:51.981,1118.236666666667
Pulse experiments,pioreactor01,2026-08-15T00:35:56.983Z,0.093760103442,2026-08-15 06:20:56.983,1118.238055555556
Pulse experiments,pioreactor01,2026-08-15T00:36:01.982Z,0.093765719864,2026-08-15 06:21:01.982,1118.239444444444
Pulse experiments,pioreactor01,2026-08-15T00:36:06.982Z,0.093777457711,2026-08-15 06:21:06.982,1118.240833333333
Pulse experiments,pioreactor01,2026-08-15T00:36:11.980Z,0.093805035965,2026-08-15 06:21:11.980,1118.242222222222
Pulse experiments,pioreactor01,2026-08-15T00:36:16.982Z,0.09376098887,2026-08-15 06:21:16.982,1118.243611111111
Pulse experiments,pioreactor01,2026-08-15T00:36:21.981Z,0.093682275382,2026-08-15 06:21:21.981,1118.245
Pulse experiments,pioreactor01,2026-08-15T00:36:26.984Z,0.093620666679,2026-08-15 06:21:26.984,1118.246388888889
Pulse experiments,pioreactor01,2026-08-15T00:36:31.982Z,0.093639640995,2026-08-15 06:21:31.982,1118.247777777778
Pulse experiments,pioreactor01,2026-08-15T00:36:36.981Z,0.093650250418,2026-08-15 06:21:36.981,1118.249166666667
Pulse experiments,pioreactor01,2026-08-15T00:36:41.981Z,0.09372536769,2026-08-15 06:21:41.981,1118.250555555556
Pulse experiments,pioreactor01,2026-08-15T00:36:46.982Z,0.093790101366,2026-08-15 06:21:46.982,1118.251944444444
Pulse experiments,pioreactor01,2026-08-15T00:36:51.982Z,0.093776131676,2026-08-15 06:21:51.982,1118.253333333333
Pulse experiments,pioreactor01,2026-08-15T00:36:56.982Z,0.093771918849,2026-08-15 06:21:56.982,1118.254722222222
Pulse experiments,pioreactor01,2026-08-15T00:37:01.985Z,0.09374398542,2026-08-15 06:22:01.985,1118.256111111111
Pulse experiments,pioreactor01,2026-08-15T00:37:06.981Z,0.093779570595,2026-08-15 06:22:06.981,1118.2575
Pulse experiments,pioreactor01,2026-08-15T00:37:11.982Z,0.093821148791,2026-08-15 06:22:11.982,1118.258888888889
Pulse experiments,pioreactor01,2026-08-15T00:37:16.983Z,0.093830525042,2026-08-15 06:22:16.983,1118.260277777778
Pulse experiments,pioreactor01,2026-08-15T00:37:21.981Z,0.093832941002,2026-08-15 06:22:21.981,1118.261666666667
Pulse experiments,pioreactor01,2026-08-15T00:37:26.981Z,0.093809792785,2026-08-15 06:22:26.981,1118.263055555556
Pulse experiments,pioreactor01,2026-08-15T00:37:31.983Z,0.09375404996,2026-08-15 06:22:31.983,1118.264444444445
Pulse experiments,pioreactor01,2026-08-15T00:37:36.981Z,0.093782240343,2026-08-15 06:22:36.981,1118.265833333333
Pulse experiments,pioreactor01,2026-08-15T00:37:41.981Z,0.093731530478,2026-08-15 06:22:41.981,1118.267222222222
Pulse experiments,pioreactor01,2026-08-15T00:37:46.982Z,0.093665877794,2026-08-15 06:22:46.982,1118.268611111111
Pulse experiments,pioreactor01,2026-08-15T00:37:51.982Z,0.093646898066,2026-08-15 06:22:51.982,1118.27
Pulse experiments,pioreactor01,2026-08-15T00:37:56.981Z,0.093589482145,2026-08-15 06:22:56.981,1118.271388888889
Pulse experiments,pioreactor01,2026-08-15T00:38:01.980Z,0.093455358608,2026-08-15 06:23:01.980,1118.272777777778
Pulse experiments,pioreactor01,2026-08-15T00:38:06.982Z,0.093386494454,2026-08-15 06:23:06.982,1118.274166666667
Pulse experiments,pioreactor01,2026-08-15T00:38:11.981Z,0.093459754059,2026-08-15 06:23:11.981,1118.275555555555
Pulse experiments,pioreactor01,2026-08-15T00:38:16.982Z,0.093452926024,2026-08-15 06:23:16.982,1118.276944444445
Pulse experiments,pioreactor01,2026-08-15T00:38:21.986Z,0.0935245799,2026-08-15 06:23:21.986,1118.278333333333
Pulse experiments,pioreactor01,2026-08-15T00:38:31.981Z,0.093565523645,2026-08-15 06:23:31.981,1118.281111111111
Pulse experiments,pioreactor01,2026-08-15T00:38:36.984Z,0.093610753293,2026-08-15 06:23:36.984,1118.2825
Pulse experiments,pioreactor01,2026-08-15T00:38:41.983Z,0.093626298225,2026-08-15 06:23:41.983,1118.283888888889
Pulse experiments,pioreactor01,2026-08-15T00:38:46.981Z,0.093629205037,2026-08-15 06:23:46.981,1118.285277777778
Pulse experiments,pioreactor01,2026-08-15T00:38:51.981Z,0.093648577129,2026-08-15 06:23:51.981,1118.286666666667
Pulse experiments,pioreactor01,2026-08-15T00:38:56.982Z,0.093616301002,2026-08-15 06:23:56.982,1118.288055555556
Pulse experiments,pioreactor01,2026-08-15T00:39:01.982Z,0.093713576108,2026-08-15 06:24:01.982,1118.289444444444
Pulse experiments,pioreactor01,2026-08-15T00:39:06.981Z,0.093729885204,2026-08-15 06:24:06.981,1118.290833333333
Pulse experiments,pioreactor01,2026-08-15T00:39:11.983Z,0.093855035645,2026-08-15 06:24:11.983,1118.292222222222
Pulse experiments,pioreactor01,2026-08-15T00:39:16.982Z,0.093923738526,2026-08-15 06:24:16.982,1118.293611111111
Pulse experiments,pioreactor01,2026-08-15T00:39:21.985Z,0.093937062035,2026-08-15 06:24:21.985,1118.295
Pulse experiments,pioreactor01,2026-08-15T00:39:26.981Z,0.093928980602,2026-08-15 06:24:26.981,1118.296388888889
Pulse experiments,pioreactor01,2026-08-15T00:39:31.981Z,0.093922731985,2026-08-15 06:24:31.981,1118.297777777778
Pulse experiments,pioreactor01,2026-08-15T00:39:36.982Z,0.09387483157,2026-08-15 06:24:36.982,1118.299166666667
Pulse experiments,pioreactor01,2026-08-15T00:39:46.982Z,0.093949013093,2026-08-15 06:24:46.982,1118.301944444444
Pulse experiments,pioreactor01,2026-08-15T00:39:51.981Z,0.093909112707,2026-08-15 06:24:51.981,1118.303333333333
Pulse experiments,pioreactor01,2026-08-15T00:39:56.981Z,0.093947515419,2026-08-15 06:24:56.981,1118.304722222222
Pulse experiments,pioreactor01,2026-08-15T00:40:06.981Z,0.093951054196,2026-08-15 06:25:06.981,1118.3075
Pulse experiments,pioreactor01,2026-08-15T00:40:11.983Z,0.093937714273,2026-08-15 06:25:11.983,1118.308888888889
Pulse experiments,pioreactor01,2026-08-15T00:40:16.984Z,0.093864635506,2026-08-15 06:25:16.984,1118.310277777778
Pulse experiments,pioreactor01,2026-08-15T00:40:21.982Z,0.09379054021,2026-08-15 06:25:21.982,1118.311666666667
Pulse experiments,pioreactor01,2026-08-15T00:40:26.985Z,0.093841716048,2026-08-15 06:25:26.985,1118.313055555556
Pulse experiments,pioreactor01,2026-08-15T00:40:31.981Z,0.093811377596,2026-08-15 06:25:31.981,1118.314444444444
Pulse experiments,pioreactor01,2026-08-15T00:40:36.982Z,0.093803066643,2026-08-15 06:25:36.982,1118.315833333333
Pulse experiments,pioreactor01,2026-08-15T00:40:41.983Z,0.093791190828,2026-08-15 06:25:41.983,1118.317222222222
Pulse experiments,pioreactor01,2026-08-15T00:40:46.982Z,0.093801945263,2026-08-15 06:25:46.982,1118.318611111111
Pulse experiments,pioreactor01,2026-08-15T00:40:51.982Z,0.093810619078,2026-08-15 06:25:51.982,1118.32
Pulse experiments,pioreactor01,2026-08-15T00:40:56.982Z,0.093805103041,2026-08-15 06:25:56.982,1118.321388888889
Pulse experiments,pioreactor01,2026-08-15T00:41:01.984Z,0.093845473313,2026-08-15 06:26:01.984,1118.322777777778
Pulse experiments,pioreactor01,2026-08-15T00:41:06.981Z,0.094032945767,2026-08-15 06:26:06.981,1118.324166666667
Pulse experiments,pioreactor01,2026-08-15T00:41:11.982Z,0.094233232123,2026-08-15 06:26:11.982,1118.325555555556
Pulse experiments,pioreactor01,2026-08-15T00:41:16.981Z,0.094417088266,2026-08-15 06:26:16.981,1118.326944444445
Pulse experiments,pioreactor01,2026-08-15T00:41:21.982Z,0.094616452217,2026-08-15 06:26:21.982,1118.328333333333
Pulse experiments,pioreactor01,2026-08-15T00:41:26.983Z,0.094797909661,2026-08-15 06:26:26.983,1118.329722222222
Pulse experiments,pioreactor01,2026-08-15T00:41:31.981Z,0.094956761598,2026-08-15 06:26:31.981,1118.331111111111
Pulse experiments,pioreactor01,2026-08-15T00:41:36.984Z,0.095109928257,2026-08-15 06:26:36.984,1118.3325
Pulse experiments,pioreactor01,2026-08-15T00:41:41.986Z,0.095170075852,2026-08-15 06:26:41.986,1118.333888888889
Pulse experiments,pioreactor01,2026-08-15T00:41:46.984Z,0.09540351018,2026-08-15 06:26:46.984,1118.335277777778
Pulse experiments,pioreactor01,2026-08-15T00:41:51.983Z,0.095501253686,2026-08-15 06:26:51.983,1118.336666666667
Pulse experiments,pioreactor01,2026-08-15T00:41:56.982Z,0.095588595552,2026-08-15 06:26:56.982,1118.338055555555
Pulse experiments,pioreactor01,2026-08-15T00:42:01.981Z,0.095680388004,2026-08-15 06:27:01.981,1118.339444444445
Pulse experiments,pioreactor01,2026-08-15T00:42:06.984Z,0.095794086051,2026-08-15 06:27:06.984,1118.340833333333
Pulse experiments,pioreactor01,2026-08-15T00:42:11.981Z,0.09587144064,2026-08-15 06:27:11.981,1118.342222222222
Pulse experiments,pioreactor01,2026-08-15T00:42:16.982Z,0.095938057958,2026-08-15 06:27:16.982,1118.343611111111
Pulse experiments,pioreactor01,2026-08-15T00:42:21.985Z,0.096045560934,2026-08-15 06:27:21.985,1118.345
Pulse experiments,pioreactor01,2026-08-15T00:42:26.982Z,0.096145810471,2026-08-15 06:27:26.982,1118.346388888889
Pulse experiments,pioreactor01,2026-08-15T00:42:31.984Z,0.096323979328,2026-08-15 06:27:31.984,1118.347777777778
Pulse experiments,pioreactor01,2026-08-15T00:42:36.983Z,0.096480812042,2026-08-15 06:27:36.983,1118.349166666667
Pulse experiments,pioreactor01,2026-08-15T00:42:41.984Z,0.096477095539,2026-08-15 06:27:41.984,1118.350555555556
Pulse experiments,pioreactor01,2026-08-15T00:42:46.981Z,0.096535443547,2026-08-15 06:27:46.981,1118.351944444444
Pulse experiments,pioreactor01,2026-08-15T00:42:51.981Z,0.096527281719,2026-08-15 06:27:51.981,1118.353333333333
Pulse experiments,pioreactor01,2026-08-15T00:42:56.982Z,0.096454536242,2026-08-15 06:27:56.982,1118.354722222222
Pulse experiments,pioreactor01,2026-08-15T00:43:06.981Z,0.096607927821,2026-08-15 06:28:06.981,1118.3575
Pulse experiments,pioreactor01,2026-08-15T00:43:11.981Z,0.096785834533,2026-08-15 06:28:11.981,1118.358888888889
Pulse experiments,pioreactor01,2026-08-15T00:43:16.983Z,0.096924827929,2026-08-15 06:28:16.983,1118.360277777778
Pulse experiments,pioreactor01,2026-08-15T00:43:21.981Z,0.097075373158,2026-08-15 06:28:21.981,1118.361666666667
Pulse experiments,pioreactor01,2026-08-15T00:43:26.981Z,0.097244424734,2026-08-15 06:28:26.981,1118.363055555556
Pulse experiments,pioreactor01,2026-08-15T00:43:31.981Z,0.097340294014,2026-08-15 06:28:31.981,1118.364444444444
Pulse experiments,pioreactor01,2026-08-15T00:43:36.982Z,0.097463183975,2026-08-15 06:28:36.982,1118.365833333333
Pulse experiments,pioreactor01,2026-08-15T00:43:41.982Z,0.097674039408,2026-08-15 06:28:41.982,1118.367222222222
Pulse experiments,pioreactor01,2026-08-15T00:43:46.982Z,0.097792259867,2026-08-15 06:28:46.982,1118.368611111111
Pulse experiments,pioreactor01,2026-08-15T00:43:51.981Z,0.098002625007,2026-08-15 06:28:51.981,1118.37
Pulse experiments,pioreactor01,2026-08-15T00:43:56.983Z,0.098066541368,2026-08-15 06:28:56.983,1118.371388888889
Pulse experiments,pioreactor01,2026-08-15T00:44:01.981Z,0.098105307887,2026-08-15 06:29:01.981,1118.372777777778
Pulse experiments,pioreactor01,2026-08-15T00:44:06.983Z,0.098218337614,2026-08-15 06:29:06.983,1118.374166666667
Pulse experiments,pioreactor01,2026-08-15T00:44:11.982Z,0.098226783663,2026-08-15 06:29:11.982,1118.375555555556
Pulse experiments,pioreactor01,2026-08-15T00:44:16.981Z,0.098205529087,2026-08-15 06:29:16.981,1118.376944444444
Pulse experiments,pioreactor01,2026-08-15T00:44:21.982Z,0.098236869243,2026-08-15 06:29:21.982,1118.378333333333
Pulse experiments,pioreactor01,2026-08-15T00:44:26.980Z,0.098225104061,2026-08-15 06:29:26.980,1118.379722222222
Pulse experiments,pioreactor01,2026-08-15T00:44:31.983Z,0.098267953712,2026-08-15 06:29:31.983,1118.381111111111
Pulse experiments,pioreactor01,2026-08-15T00:44:36.982Z,0.098299097666,2026-08-15 06:29:36.982,1118.3825
Pulse experiments,pioreactor01,2026-08-15T00:44:41.984Z,0.098363536461,2026-08-15 06:29:41.984,1118.383888888889
Pulse experiments,pioreactor01,2026-08-15T00:44:46.983Z,0.098405094171,2026-08-15 06:29:46.983,1118.385277777778
Pulse experiments,pioreactor01,2026-08-15T00:44:51.982Z,0.098451960014,2026-08-15 06:29:51.982,1118.386666666667
Pulse experiments,pioreactor01,2026-08-15T00:44:56.981Z,0.098418956215,2026-08-15 06:29:56.981,1118.388055555556
Pulse experiments,pioreactor01,2026-08-15T00:45:01.980Z,0.098452991373,2026-08-15 06:30:01.980,1118.389444444445
Pulse experiments,pioreactor01,2026-08-15T00:45:06.983Z,0.098541229612,2026-08-15 06:30:06.983,1118.390833333333
Pulse experiments,pioreactor01,2026-08-15T00:45:11.983Z,0.098625267071,2026-08-15 06:30:11.983,1118.392222222222
Pulse experiments,pioreactor01,2026-08-15T00:45:16.982Z,0.098765667472,2026-08-15 06:30:16.982,1118.393611111111
Pulse experiments,pioreactor01,2026-08-15T00:45:21.981Z,0.098799792817,2026-08-15 06:30:21.981,1118.395
Pulse experiments,pioreactor01,2026-08-15T00:45:26.981Z,0.098741473744,2026-08-15 06:30:26.981,1118.396388888889
Pulse experiments,pioreactor01,2026-08-15T00:45:31.982Z,0.098818586657,2026-08-15 06:30:31.982,1118.397777777778
Pulse experiments,pioreactor01,2026-08-15T00:45:36.982Z,0.098918882062,2026-08-15 06:30:36.982,1118.399166666667
Pulse experiments,pioreactor01,2026-08-15T00:45:41.983Z,0.099037843372,2026-08-15 06:30:41.983,1118.400555555555
Pulse experiments,pioreactor01,2026-08-15T00:45:46.982Z,0.099231734322,2026-08-15 06:30:46.982,1118.401944444445
Pulse experiments,pioreactor01,2026-08-15T00:45:51.982Z,0.099372997419,2026-08-15 06:30:51.982,1118.403333333333
Pulse experiments,pioreactor01,2026-08-15T00:45:56.983Z,0.099442663589,2026-08-15 06:30:56.983,1118.404722222222
Pulse experiments,pioreactor01,2026-08-15T00:46:01.982Z,0.099486945966,2026-08-15 06:31:01.982,1118.406111111111
Pulse experiments,pioreactor01,2026-08-15T00:46:06.981Z,0.099653501433,2026-08-15 06:31:06.981,1118.4075
Pulse experiments,pioreactor01,2026-08-15T00:46:11.981Z,0.099855327643,2026-08-15 06:31:11.981,1118.408888888889
Pulse experiments,pioreactor01,2026-08-15T00:46:16.984Z,0.099965262026,2026-08-15 06:31:16.984,1118.410277777778
Pulse experiments,pioreactor01,2026-08-15T00:46:21.984Z,0.100071985854,2026-08-15 06:31:21.984,1118.411666666667
Pulse experiments,pioreactor01,2026-08-15T00:46:26.981Z,0.100099833479,2026-08-15 06:31:26.981,1118.413055555556
Pulse experiments,pioreactor01,2026-08-15T00:46:31.983Z,0.100184538171,2026-08-15 06:31:31.983,1118.414444444444
Pulse experiments,pioreactor01,2026-08-15T00:46:36.984Z,0.100233388824,2026-08-15 06:31:36.984,1118.415833333333
Pulse experiments,pioreactor01,2026-08-15T00:46:41.981Z,0.100248282626,2026-08-15 06:31:41.981,1118.417222222222
Pulse experiments,pioreactor01,2026-08-15T00:46:46.982Z,0.100262927905,2026-08-15 06:31:46.982,1118.418611111111
Pulse experiments,pioreactor01,2026-08-15T00:46:51.981Z,0.100195067017,2026-08-15 06:31:51.981,1118.42
Pulse experiments,pioreactor01,2026-08-15T00:46:56.981Z,0.100216189752,2026-08-15 06:31:56.981,1118.421388888889
Pulse experiments,pioreactor01,2026-08-15T00:47:01.981Z,0.100199479434,2026-08-15 06:32:01.981,1118.422777777778
Pulse experiments,pioreactor01,2026-08-15T00:47:06.985Z,0.100227591944,2026-08-15 06:32:06.985,1118.424166666667
Pulse experiments,pioreactor01,2026-08-15T00:47:11.982Z,0.10030003464,2026-08-15 06:32:11.982,1118.425555555556
Pulse experiments,pioreactor01,2026-08-15T00:47:21.983Z,0.100443227154,2026-08-15 06:32:21.983,1118.428333333333
Pulse experiments,pioreactor01,2026-08-15T00:47:27.015Z,0.100448779657,2026-08-15 06:32:27.015,1118.43
Pulse experiments,pioreactor01,2026-08-15T00:47:31.991Z,0.100454832459,2026-08-15 06:32:31.991,1118.431111111111
Pulse experiments,pioreactor01,2026-08-15T00:47:37.023Z,0.10046100533,2026-08-15 06:32:37.023,1118.432777777778
Pulse experiments,pioreactor01,2026-08-15T00:47:42.007Z,0.100467055101,2026-08-15 06:32:42.007,1118.434166666667
Pulse experiments,pioreactor01,2026-08-15T00:47:46.989Z,0.100473175636,2026-08-15 06:32:46.989,1118.435277777778
Pulse experiments,pioreactor01,2026-08-15T00:47:51.990Z,0.100481494471,2026-08-15 06:32:51.990,1118.436666666667
Pulse experiments,pioreactor01,2026-08-15T00:47:56.991Z,0.100487259518,2026-08-15 06:32:56.991,1118.438055555556
Pulse experiments,pioreactor01,2026-08-15T00:48:01.997Z,0.100503115538,2026-08-15 06:33:01.997,1118.439444444444
Pulse experiments,pioreactor01,2026-08-15T00:48:06.997Z,0.100502408341,2026-08-15 06:33:06.997,1118.440833333333
Pulse experiments,pioreactor01,2026-08-15T00:48:11.995Z,0.100502512137,2026-08-15 06:33:11.995,1118.442222222222
Pulse experiments,pioreactor01,2026-08-15T00:48:16.989Z,0.100518150588,2026-08-15 06:33:16.989,1118.443611111111
Pulse experiments,pioreactor01,2026-08-15T00:48:21.990Z,0.100549142474,2026-08-15 06:33:21.990,1118.445
Pulse experiments,pioreactor01,2026-08-15T00:48:27.000Z,0.100584087503,2026-08-15 06:33:27.000,1118.446666666667
Pulse experiments,pioreactor01,2026-08-15T00:48:31.995Z,0.100606529114,2026-08-15 06:33:31.995,1118.447777777778
Pulse experiments,pioreactor01,2026-08-15T00:48:36.993Z,0.100628741705,2026-08-15 06:33:36.993,1118.449166666667
Pulse experiments,pioreactor01,2026-08-15T00:48:41.992Z,0.100693143692,2026-08-15 06:33:41.992,1118.450555555556
Pulse experiments,pioreactor01,2026-08-15T00:48:46.994Z,0.100724507395,2026-08-15 06:33:46.994,1118.451944444445
Pulse experiments,pioreactor01,2026-08-15T00:48:56.992Z,0.100761174287,2026-08-15 06:33:56.992,1118.454722222222
Pulse experiments,pioreactor01,2026-08-15T00:49:01.992Z,0.100773780332,2026-08-15 06:34:01.992,1118.456111111111
Pulse experiments,pioreactor01,2026-08-15T00:49:06.997Z,0.100727128278,2026-08-15 06:34:06.997,1118.4575
Pulse experiments,pioreactor01,2026-08-15T00:49:11.995Z,0.100697371585,2026-08-15 06:34:11.995,1118.458888888889
Pulse experiments,pioreactor01,2026-08-15T00:49:16.993Z,0.100736213435,2026-08-15 06:34:16.993,1118.460277777778
Pulse experiments,pioreactor01,2026-08-15T00:49:21.992Z,0.100783228645,2026-08-15 06:34:21.992,1118.461666666667
Pulse experiments,pioreactor01,2026-08-15T00:49:26.994Z,0.100758985693,2026-08-15 06:34:26.994,1118.463055555555
Pulse experiments,pioreactor01,2026-08-15T00:49:32.000Z,0.100828276568,2026-08-15 06:34:32.000,1118.464722222222
Pulse experiments,pioreactor01,2026-08-15T00:49:37.009Z,0.100743578046,2026-08-15 06:34:37.009,1118.466111111111
Pulse experiments,pioreactor01,2026-08-15T00:49:42.003Z,0.100645839146,2026-08-15 06:34:42.003,1118.4675
Pulse experiments,pioreactor01,2026-08-15T00:49:47.008Z,0.100668418656,2026-08-15 06:34:47.008,1118.468888888889
Pulse experiments,pioreactor01,2026-08-15T00:49:52.017Z,0.100571668197,2026-08-15 06:34:52.017,1118.470277777778
Pulse experiments,pioreactor01,2026-08-15T00:49:56.994Z,0.100552626782,2026-08-15 06:34:56.994,1118.471388888889
Pulse experiments,pioreactor01,2026-08-15T00:50:01.989Z,0.100517057001,2026-08-15 06:35:01.989,1118.472777777778
Pulse experiments,pioreactor01,2026-08-15T00:50:06.996Z,0.100520701275,2026-08-15 06:35:06.996,1118.474166666667
Pulse experiments,pioreactor01,2026-08-15T00:50:11.994Z,0.100496167253,2026-08-15 06:35:11.994,1118.475555555556
Pulse experiments,pioreactor01,2026-08-15T00:50:17.001Z,0.100288941152,2026-08-15 06:35:17.001,1118.477222222222
Pulse experiments,pioreactor01,2026-08-15T00:50:21.994Z,0.100024978843,2026-08-15 06:35:21.994,1118.478333333333
Pulse experiments,pioreactor01,2026-08-15T00:50:27.008Z,0.099922771534,2026-08-15 06:35:27.008,1118.48
Pulse experiments,pioreactor01,2026-08-15T00:50:31.997Z,0.099843748438,2026-08-15 06:35:31.997,1118.481111111111
Pulse experiments,pioreactor01,2026-08-15T00:50:37.029Z,0.099841286777,2026-08-15 06:35:37.029,1118.482777777778
Pulse experiments,pioreactor01,2026-08-15T00:50:42.037Z,0.099806411919,2026-08-15 06:35:42.037,1118.484166666667
Pulse experiments,pioreactor01,2026-08-15T00:50:47.021Z,0.099708115953,2026-08-15 06:35:47.021,1118.485555555555
Pulse experiments,pioreactor01,2026-08-15T00:50:52.047Z,0.099616134892,2026-08-15 06:35:52.047,1118.486944444444
Pulse experiments,pioreactor01,2026-08-15T00:50:57.037Z,0.099490583071,2026-08-15 06:35:57.037,1118.488333333333
Pulse experiments,pioreactor01,2026-08-15T00:51:02.046Z,0.099503110533,2026-08-15 06:36:02.046,1118.489722222222
Pulse experiments,pioreactor01,2026-08-15T00:51:07.019Z,0.099569627086,2026-08-15 06:36:07.019,1118.491111111111
Pulse experiments,pioreactor01,2026-08-15T00:51:12.021Z,0.099497136936,2026-08-15 06:36:12.021,1118.4925
Pulse experiments,pioreactor01,2026-08-15T00:51:17.014Z,0.099536657262,2026-08-15 06:36:17.014,1118.493888888889
Pulse experiments,pioreactor01,2026-08-15T00:51:22.010Z,0.09958838273,2026-08-15 06:36:22.010,1118.495277777778
Pulse experiments,pioreactor01,2026-08-15T00:51:26.996Z,0.099528428737,2026-08-15 06:36:26.996,1118.496388888889
Pulse experiments,pioreactor01,2026-08-15T00:51:32.015Z,0.099627144005,2026-08-15 06:36:32.015,1118.498055555556
Pulse experiments,pioreactor01,2026-08-15T00:51:37.022Z,0.099746492027,2026-08-15 06:36:37.022,1118.499444444444
Pulse experiments,pioreactor01,2026-08-15T00:51:42.046Z,0.099610783977,2026-08-15 06:36:42.046,1118.500833333333
Pulse experiments,pioreactor01,2026-08-15T00:51:47.025Z,0.099509424403,2026-08-15 06:36:47.025,1118.502222222222
Pulse experiments,pioreactor01,2026-08-15T00:51:52.034Z,0.099478935398,2026-08-15 06:36:52.034,1118.503611111111
Pulse experiments,pioreactor01,2026-08-15T00:51:57.057Z,0.099377092774,2026-08-15 06:36:57.057,1118.505
Pulse experiments,pioreactor01,2026-08-15T00:52:02.029Z,0.099198805291,2026-08-15 06:37:02.029,1118.506388888889
Pulse experiments,pioreactor01,2026-08-15T00:52:07.037Z,0.099047378934,2026-08-15 06:37:07.037,1118.507777777778
Pulse experiments,pioreactor01,2026-08-15T00:52:12.026Z,0.099037284975,2026-08-15 06:37:12.026,1118.509166666667
Pulse experiments,pioreactor01,2026-08-15T00:52:17.034Z,0.098972786528,2026-08-15 06:37:17.034,1118.510555555556
Pulse experiments,pioreactor01,2026-08-15T00:52:22.052Z,0.098894198038,2026-08-15 06:37:22.052,1118.511944444444
Pulse experiments,pioreactor01,2026-08-15T00:52:27.018Z,0.098737356527,2026-08-15 06:37:27.018,1118.513333333333
Pulse experiments,pioreactor01,2026-08-15T00:52:31.985Z,0.098741289064,2026-08-15 06:37:31.985,1118.514444444445
Pulse experiments,pioreactor01,2026-08-15T00:52:36.982Z,0.09881547234,2026-08-15 06:37:36.982,1118.515833333333
Pulse experiments,pioreactor01,2026-08-15T00:52:41.981Z,0.098869399445,2026-08-15 06:37:41.981,1118.517222222222
Pulse experiments,pioreactor01,2026-08-15T00:52:46.982Z,0.09889529227,2026-08-15 06:37:46.982,1118.518611111111
Pulse experiments,pioreactor01,2026-08-15T00:52:51.981Z,0.099062203554,2026-08-15 06:37:51.981,1118.52
Pulse experiments,pioreactor01,2026-08-15T00:52:56.982Z,0.099292028696,2026-08-15 06:37:56.982,1118.521388888889
Pulse experiments,pioreactor01,2026-08-15T00:53:01.982Z,0.099420841332,2026-08-15 06:38:01.982,1118.522777777778
Pulse experiments,pioreactor01,2026-08-15T00:53:06.982Z,0.099374137446,2026-08-15 06:38:06.982,1118.524166666667
Pulse experiments,pioreactor01,2026-08-15T00:53:11.981Z,0.099315224887,2026-08-15 06:38:11.981,1118.525555555555
Pulse experiments,pioreactor01,2026-08-15T00:53:16.983Z,0.099438324169,2026-08-15 06:38:16.983,1118.526944444445
Pulse experiments,pioreactor01,2026-08-15T00:53:21.982Z,0.09934161525,2026-08-15 06:38:21.982,1118.528333333333
Pulse experiments,pioreactor01,2026-08-15T00:53:26.983Z,0.099030679894,2026-08-15 06:38:26.983,1118.529722222222
Pulse experiments,pioreactor01,2026-08-15T00:53:31.982Z,0.098733897085,2026-08-15 06:38:31.982,1118.531111111111
Pulse experiments,pioreactor01,2026-08-15T00:53:36.982Z,0.098754959759,2026-08-15 06:38:36.982,1118.5325
Pulse experiments,pioreactor01,2026-08-15T00:53:41.983Z,0.098715300837,2026-08-15 06:38:41.983,1118.533888888889
Pulse experiments,pioreactor01,2026-08-15T00:53:46.981Z,0.098827194341,2026-08-15 06:38:46.981,1118.535277777778
Pulse experiments,pioreactor01,2026-08-15T00:53:51.981Z,0.098747508727,2026-08-15 06:38:51.981,1118.536666666667
Pulse experiments,pioreactor01,2026-08-15T00:53:56.982Z,0.098367564722,2026-08-15 06:38:56.982,1118.538055555556
Pulse experiments,pioreactor01,2026-08-15T00:54:01.983Z,0.097978592541,2026-08-15 06:39:01.983,1118.539444444444
Pulse experiments,pioreactor01,2026-08-15T00:54:06.982Z,0.097913810549,2026-08-15 06:39:06.982,1118.540833333333
Pulse experiments,pioreactor01,2026-08-15T00:54:11.982Z,0.097917822489,2026-08-15 06:39:11.982,1118.542222222222
Pulse experiments,pioreactor01,2026-08-15T00:54:16.982Z,0.097770372156,2026-08-15 06:39:16.982,1118.543611111111
Pulse experiments,pioreactor01,2026-08-15T00:54:21.982Z,0.097669774391,2026-08-15 06:39:21.982,1118.545
Pulse experiments,pioreactor01,2026-08-15T00:54:26.981Z,0.097564074788,2026-08-15 06:39:26.981,1118.546388888889
Pulse experiments,pioreactor01,2026-08-15T00:54:31.981Z,0.09748122958,2026-08-15 06:39:31.981,1118.547777777778
Pulse experiments,pioreactor01,2026-08-15T00:54:36.981Z,0.097390170082,2026-08-15 06:39:36.981,1118.549166666667
Pulse experiments,pioreactor01,2026-08-15T00:54:41.981Z,0.097411930118,2026-08-15 06:39:41.981,1118.550555555556
Pulse experiments,pioreactor01,2026-08-15T00:54:46.981Z,0.097428905517,2026-08-15 06:39:46.981,1118.551944444444
Pulse experiments,pioreactor01,2026-08-15T00:54:51.982Z,0.097269831715,2026-08-15 06:39:51.982,1118.553333333333
Pulse experiments,pioreactor01,2026-08-15T00:54:56.985Z,0.097151570469,2026-08-15 06:39:56.985,1118.554722222222
Pulse experiments,pioreactor01,2026-08-15T00:55:01.982Z,0.096925846216,2026-08-15 06:40:01.982,1118.556111111111
Pulse experiments,pioreactor01,2026-08-15T00:55:06.982Z,0.096814670385,2026-08-15 06:40:06.982,1118.5575
Pulse experiments,pioreactor01,2026-08-15T00:55:11.983Z,0.096635729914,2026-08-15 06:40:11.983,1118.558888888889
Pulse experiments,pioreactor01,2026-08-15T00:55:16.983Z,0.096600939213,2026-08-15 06:40:16.983,1118.560277777778
Pulse experiments,pioreactor01,2026-08-15T00:55:21.982Z,0.096500677947,2026-08-15 06:40:21.982,1118.561666666667
Pulse experiments,pioreactor01,2026-08-15T00:55:26.982Z,0.096236855133,2026-08-15 06:40:26.982,1118.563055555556
Pulse experiments,pioreactor01,2026-08-15T00:55:31.982Z,0.09609961568,2026-08-15 06:40:31.982,1118.564444444444
Pulse experiments,pioreactor01,2026-08-15T00:55:36.981Z,0.09608385008,2026-08-15 06:40:36.981,1118.565833333333
Pulse experiments,pioreactor01,2026-08-15T00:55:41.982Z,0.095867818631,2026-08-15 06:40:41.982,1118.567222222222
Pulse experiments,pioreactor01,2026-08-15T00:55:46.982Z,0.095710855354,2026-08-15 06:40:46.982,1118.568611111111
Pulse experiments,pioreactor01,2026-08-15T00:55:51.983Z,0.09564295939,2026-08-15 06:40:51.983,1118.57
Pulse experiments,pioreactor01,2026-08-15T00:55:56.982Z,0.095713488068,2026-08-15 06:40:56.982,1118.571388888889
Pulse experiments,pioreactor01,2026-08-15T00:56:01.982Z,0.095386489366,2026-08-15 06:41:01.982,1118.572777777778
Pulse experiments,pioreactor01,2026-08-15T00:56:11.983Z,0.095367640922,2026-08-15 06:41:11.983,1118.575555555556
Pulse experiments,pioreactor01,2026-08-15T00:56:16.982Z,0.095357707624,2026-08-15 06:41:16.982,1118.576944444445
Pulse experiments,pioreactor01,2026-08-15T00:56:21.982Z,0.095152852049,2026-08-15 06:41:21.982,1118.578333333333
Pulse experiments,pioreactor01,2026-08-15T00:56:26.984Z,0.09487464409,2026-08-15 06:41:26.984,1118.579722222222
Pulse experiments,pioreactor01,2026-08-15T00:56:31.982Z,0.094840584575,2026-08-15 06:41:31.982,1118.581111111111
Pulse experiments,pioreactor01,2026-08-15T00:56:36.982Z,0.095225691226,2026-08-15 06:41:36.982,1118.5825
Pulse experiments,pioreactor01,2026-08-15T00:56:41.981Z,0.095029568058,2026-08-15 06:41:41.981,1118.583888888889
Pulse experiments,pioreactor01,2026-08-15T00:56:46.983Z,0.094436086087,2026-08-15 06:41:46.983,1118.585277777778
Pulse experiments,pioreactor01,2026-08-15T00:56:51.982Z,0.094208443031,2026-08-15 06:41:51.982,1118.586666666667
Pulse experiments,pioreactor01,2026-08-15T00:56:56.981Z,0.093968205873,2026-08-15 06:41:56.981,1118.588055555555
Pulse experiments,pioreactor01,2026-08-15T00:57:01.981Z,0.093672777584,2026-08-15 06:42:01.981,1118.589444444445
Pulse experiments,pioreactor01,2026-08-15T00:57:11.982Z,0.093514851187,2026-08-15 06:42:11.982,1118.592222222222
Pulse experiments,pioreactor01,2026-08-15T00:57:16.981Z,0.093397169013,2026-08-15 06:42:16.981,1118.593611111111
Pulse experiments,pioreactor01,2026-08-15T00:57:21.982Z,0.093282047097,2026-08-15 06:42:21.982,1118.595
Pulse experiments,pioreactor01,2026-08-15T00:57:26.982Z,0.093275001443,2026-08-15 06:42:26.982,1118.596388888889
Pulse experiments,pioreactor01,2026-08-15T00:57:31.982Z,0.093447223706,2026-08-15 06:42:31.982,1118.597777777778
Pulse experiments,pioreactor01,2026-08-15T00:57:36.981Z,0.093110628892,2026-08-15 06:42:36.981,1118.599166666667
Pulse experiments,pioreactor01,2026-08-15T00:57:41.980Z,0.092623998038,2026-08-15 06:42:41.980,1118.600555555556
Pulse experiments,pioreactor01,2026-08-15T00:57:46.983Z,0.092361820925,2026-08-15 06:42:46.983,1118.601944444444
Pulse experiments,pioreactor01,2026-08-15T00:57:51.983Z,0.092027161223,2026-08-15 06:42:51.983,1118.603333333333
Pulse experiments,pioreactor01,2026-08-15T00:57:56.984Z,0.091868427434,2026-08-15 06:42:56.984,1118.604722222222
Pulse experiments,pioreactor01,2026-08-15T00:58:01.985Z,0.091659440324,2026-08-15 06:43:01.985,1118.606111111111
Pulse experiments,pioreactor01,2026-08-15T00:58:06.982Z,0.091536641044,2026-08-15 06:43:06.982,1118.6075
Pulse experiments,pioreactor01,2026-08-15T00:58:11.982Z,0.091299959044,2026-08-15 06:43:11.982,1118.608888888889
Pulse experiments,pioreactor01,2026-08-15T00:58:16.982Z,0.091267379912,2026-08-15 06:43:16.982,1118.610277777778
Pulse experiments,pioreactor01,2026-08-15T00:58:21.983Z,0.091312705047,2026-08-15 06:43:21.983,1118.611666666667
Pulse experiments,pioreactor01,2026-08-15T00:58:26.983Z,0.091404184058,2026-08-15 06:43:26.983,1118.613055555556
Pulse experiments,pioreactor01,2026-08-15T00:58:31.981Z,0.091034351857,2026-08-15 06:43:31.981,1118.614444444444
Pulse experiments,pioreactor01,2026-08-15T00:58:36.981Z,0.09105887709,2026-08-15 06:43:36.981,1118.615833333333
Pulse experiments,pioreactor01,2026-08-15T00:58:41.982Z,0.091181000101,2026-08-15 06:43:41.982,1118.617222222222
Pulse experiments,pioreactor01,2026-08-15T00:58:46.981Z,0.091212004978,2026-08-15 06:43:46.981,1118.618611111111
Pulse experiments,pioreactor01,2026-08-15T00:58:51.981Z,0.091196732725,2026-08-15 06:43:51.981,1118.62
Pulse experiments,pioreactor01,2026-08-15T00:58:56.983Z,0.090593283209,2026-08-15 06:43:56.983,1118.621388888889
Pulse experiments,pioreactor01,2026-08-15T00:59:01.983Z,0.090396547168,2026-08-15 06:44:01.983,1118.622777777778
Pulse experiments,pioreactor01,2026-08-15T00:59:06.981Z,0.090160690824,2026-08-15 06:44:06.981,1118.624166666667
Pulse experiments,pioreactor01,2026-08-15T00:59:11.981Z,0.089841466236,2026-08-15 06:44:11.981,1118.625555555556
Pulse experiments,pioreactor01,2026-08-15T00:59:16.981Z,0.089599654195,2026-08-15 06:44:16.981,1118.626944444444
Pulse experiments,pioreactor01,2026-08-15T00:59:21.981Z,0.089418906807,2026-08-15 06:44:21.981,1118.628333333333
Pulse experiments,pioreactor01,2026-08-15T00:59:26.983Z,0.089164717047,2026-08-15 06:44:26.983,1118.629722222222
Pulse experiments,pioreactor01,2026-08-15T00:59:31.982Z,0.088929440175,2026-08-15 06:44:31.982,1118.631111111111
Pulse experiments,pioreactor01,2026-08-15T00:59:36.982Z,0.08912437303,2026-08-15 06:44:36.982,1118.6325
Pulse experiments,pioreactor01,2026-08-15T00:59:41.983Z,0.089039125275,2026-08-15 06:44:41.983,1118.633888888889
Pulse experiments,pioreactor01,2026-08-15T00:59:46.982Z,0.088662467162,2026-08-15 06:44:46.982,1118.635277777778
Pulse experiments,pioreactor01,2026-08-15T00:59:51.980Z,0.088551898852,2026-08-15 06:44:51.980,1118.636666666667
Pulse experiments,pioreactor01,2026-08-15T00:59:56.982Z,0.088345980038,2026-08-15 06:44:56.982,1118.638055555556
Pulse experiments,pioreactor01,2026-08-15T01:00:01.984Z,0.088249905694,2026-08-15 06:45:01.984,1118.639444444445
Pulse experiments,pioreactor01,2026-08-15T01:00:06.981Z,0.088040733465,2026-08-15 06:45:06.981,1118.640833333333
Pulse experiments,pioreactor01,2026-08-15T01:00:11.983Z,0.087884179947,2026-08-15 06:45:11.983,1118.642222222222
Pulse experiments,pioreactor01,2026-08-15T01:00:16.981Z,0.087536376863,2026-08-15 06:45:16.981,1118.643611111111
Pulse experiments,pioreactor01,2026-08-15T01:00:21.982Z,0.08744728305,2026-08-15 06:45:21.982,1118.645
Pulse experiments,pioreactor01,2026-08-15T01:00:26.983Z,0.087534785472,2026-08-15 06:45:26.983,1118.646388888889
Pulse experiments,pioreactor01,2026-08-15T01:00:31.982Z,0.087712664572,2026-08-15 06:45:31.982,1118.647777777778
Pulse experiments,pioreactor01,2026-08-15T01:00:36.982Z,0.08770500318,2026-08-15 06:45:36.982,1118.649166666667
Pulse experiments,pioreactor01,2026-08-15T01:00:41.981Z,0.087398094622,2026-08-15 06:45:41.981,1118.650555555555
Pulse experiments,pioreactor01,2026-08-15T01:00:46.981Z,0.087058282143,2026-08-15 06:45:46.981,1118.651944444445
Pulse experiments,pioreactor01,2026-08-15T01:00:51.981Z,0.086739694503,2026-08-15 06:45:51.981,1118.653333333333
Pulse experiments,pioreactor01,2026-08-15T01:00:56.981Z,0.086387278338,2026-08-15 06:45:56.981,1118.654722222222
Pulse experiments,pioreactor01,2026-08-15T01:01:01.982Z,0.086064466207,2026-08-15 06:46:01.982,1118.656111111111
Pulse experiments,pioreactor01,2026-08-15T01:01:06.982Z,0.085601974121,2026-08-15 06:46:06.982,1118.6575
Pulse experiments,pioreactor01,2026-08-15T01:01:11.982Z,0.085303603562,2026-08-15 06:46:11.982,1118.658888888889
Pulse experiments,pioreactor01,2026-08-15T01:01:16.982Z,0.084974798297,2026-08-15 06:46:16.982,1118.660277777778
Pulse experiments,pioreactor01,2026-08-15T01:01:21.982Z,0.085057037359,2026-08-15 06:46:21.982,1118.661666666667
Pulse experiments,pioreactor01,2026-08-15T01:01:26.983Z,0.084952608117,2026-08-15 06:46:26.983,1118.663055555556
Pulse experiments,pioreactor01,2026-08-15T01:01:31.982Z,0.084753648386,2026-08-15 06:46:31.982,1118.664444444444
Pulse experiments,pioreactor01,2026-08-15T01:01:36.981Z,0.084433862276,2026-08-15 06:46:36.981,1118.665833333333
Pulse experiments,pioreactor01,2026-08-15T01:01:41.983Z,0.084056468695,2026-08-15 06:46:41.983,1118.667222222222
Pulse experiments,pioreactor01,2026-08-15T01:01:51.982Z,0.083917170434,2026-08-15 06:46:51.982,1118.67
Pulse experiments,pioreactor01,2026-08-15T01:01:56.981Z,0.08330386835,2026-08-15 06:46:56.981,1118.671388888889
Pulse experiments,pioreactor01,2026-08-15T01:02:01.981Z,0.083020643816,2026-08-15 06:47:01.981,1118.672777777778
Pulse experiments,pioreactor01,2026-08-15T01:02:06.982Z,0.082678461208,2026-08-15 06:47:06.982,1118.674166666667
Pulse experiments,pioreactor01,2026-08-15T01:02:11.984Z,0.082368268469,2026-08-15 06:47:11.984,1118.675555555556
Pulse experiments,pioreactor01,2026-08-15T01:02:16.982Z,0.082024959553,2026-08-15 06:47:16.982,1118.676944444444
Pulse experiments,pioreactor01,2026-08-15T01:02:21.982Z,0.08208059344,2026-08-15 06:47:21.982,1118.678333333333
Pulse experiments,pioreactor01,2026-08-15T01:02:26.983Z,0.081967589832,2026-08-15 06:47:26.983,1118.679722222222
Pulse experiments,pioreactor01,2026-08-15T01:02:31.981Z,0.081921868855,2026-08-15 06:47:31.981,1118.681111111111
Pulse experiments,pioreactor01,2026-08-15T01:02:36.982Z,0.081810330263,2026-08-15 06:47:36.982,1118.6825
Pulse experiments,pioreactor01,2026-08-15T01:02:41.982Z,0.081751791179,2026-08-15 06:47:41.982,1118.683888888889
Pulse experiments,pioreactor01,2026-08-15T01:02:46.983Z,0.081518273528,2026-08-15 06:47:46.983,1118.685277777778
Pulse experiments,pioreactor01,2026-08-15T01:02:51.980Z,0.081201853758,2026-08-15 06:47:51.980,1118.686666666667
Pulse experiments,pioreactor01,2026-08-15T01:02:56.982Z,0.080753119701,2026-08-15 06:47:56.982,1118.688055555556
Pulse experiments,pioreactor01,2026-08-15T01:03:01.981Z,0.080805443172,2026-08-15 06:48:01.981,1118.689444444444
Pulse experiments,pioreactor01,2026-08-15T01:03:06.981Z,0.080740209789,2026-08-15 06:48:06.981,1118.690833333333
Pulse experiments,pioreactor01,2026-08-15T01:03:11.984Z,0.080507072212,2026-08-15 06:48:11.984,1118.692222222222
Pulse experiments,pioreactor01,2026-08-15T01:03:16.981Z,0.08021933141,2026-08-15 06:48:16.981,1118.693611111111
Pulse experiments,pioreactor01,2026-08-15T01:03:21.982Z,0.079975745912,2026-08-15 06:48:21.982,1118.695
Pulse experiments,pioreactor01,2026-08-15T01:03:26.984Z,0.0798061973,2026-08-15 06:48:26.984,1118.696388888889
Pulse experiments,pioreactor01,2026-08-15T01:03:31.982Z,0.07952582344,2026-08-15 06:48:31.982,1118.697777777778
Pulse experiments,pioreactor01,2026-08-15T01:03:36.981Z,0.07933213499,2026-08-15 06:48:36.981,1118.699166666667
Pulse experiments,pioreactor01,2026-08-15T01:03:41.981Z,0.079189201143,2026-08-15 06:48:41.981,1118.700555555556
Pulse experiments,pioreactor01,2026-08-15T01:03:46.982Z,0.079138886263,2026-08-15 06:48:46.982,1118.701944444445
Pulse experiments,pioreactor01,2026-08-15T01:03:51.983Z,0.079028027173,2026-08-15 06:48:51.983,1118.703333333333
Pulse experiments,pioreactor01,2026-08-15T01:03:56.982Z,0.078697567787,2026-08-15 06:48:56.982,1118.704722222222
Pulse experiments,pioreactor01,2026-08-15T01:04:01.983Z,0.078466258538,2026-08-15 06:49:01.983,1118.706111111111
Pulse experiments,pioreactor01,2026-08-15T01:04:06.982Z,0.078268952554,2026-08-15 06:49:06.982,1118.7075
Pulse experiments,pioreactor01,2026-08-15T01:04:11.981Z,0.077606488251,2026-08-15 06:49:11.981,1118.708888888889
Pulse experiments,pioreactor01,2026-08-15T01:04:16.981Z,0.077422952916,2026-08-15 06:49:16.981,1118.710277777778
Pulse experiments,pioreactor01,2026-08-15T01:04:21.983Z,0.077340251881,2026-08-15 06:49:21.983,1118.711666666667
Pulse experiments,pioreactor01,2026-08-15T01:04:26.984Z,0.077219499313,2026-08-15 06:49:26.984,1118.713055555555
Pulse experiments,pioreactor01,2026-08-15T01:04:31.982Z,0.076936827946,2026-08-15 06:49:31.982,1118.714444444445
Pulse experiments,pioreactor01,2026-08-15T01:04:41.982Z,0.076736458538,2026-08-15 06:49:41.982,1118.717222222222
Pulse experiments,pioreactor01,2026-08-15T01:04:46.980Z,0.07657407378,2026-08-15 06:49:46.980,1118.718611111111
Pulse experiments,pioreactor01,2026-08-15T01:04:51.982Z,0.076337757377,2026-08-15 06:49:51.982,1118.72
Pulse experiments,pioreactor01,2026-08-15T01:04:56.986Z,0.07612795584,2026-08-15 06:49:56.986,1118.721388888889
Pulse experiments,pioreactor01,2026-08-15T01:05:01.982Z,0.075840366515,2026-08-15 06:50:01.982,1118.722777777778
Pulse experiments,pioreactor01,2026-08-15T01:05:11.983Z,0.075524283686,2026-08-15 06:50:11.983,1118.725555555556
Pulse experiments,pioreactor01,2026-08-15T01:05:21.983Z,0.07575265781,2026-08-15 06:50:21.983,1118.728333333333
Pulse experiments,pioreactor01,2026-08-15T01:05:26.985Z,0.075774647699,2026-08-15 06:50:26.985,1118.729722222222
Pulse experiments,pioreactor01,2026-08-15T01:05:36.981Z,0.075508545163,2026-08-15 06:50:36.981,1118.7325
Pulse experiments,pioreactor01,2026-08-15T01:05:41.983Z,0.075203071984,2026-08-15 06:50:41.983,1118.733888888889
Pulse experiments,pioreactor01,2026-08-15T01:05:46.984Z,0.075101237121,2026-08-15 06:50:46.984,1118.735277777778
Pulse experiments,pioreactor01,2026-08-15T01:05:51.982Z,0.075084341999,2026-08-15 06:50:51.982,1118.736666666667
Pulse experiments,pioreactor01,2026-08-15T01:05:56.982Z,0.074861730939,2026-08-15 06:50:56.982,1118.738055555556
Pulse experiments,pioreactor01,2026-08-15T01:06:01.982Z,0.074946662378,2026-08-15 06:51:01.982,1118.739444444444
Pulse experiments,pioreactor01,2026-08-15T01:06:06.984Z,0.075033788605,2026-08-15 06:51:06.984,1118.740833333333
Pulse experiments,pioreactor01,2026-08-15T01:06:11.981Z,0.07501257138,2026-08-15 06:51:11.981,1118.742222222222
Pulse experiments,pioreactor01,2026-08-15T01:06:16.983Z,0.074657941764,2026-08-15 06:51:16.983,1118.743611111111
Pulse experiments,pioreactor01,2026-08-15T01:06:21.983Z,0.074704776689,2026-08-15 06:51:21.983,1118.745
Pulse experiments,pioreactor01,2026-08-15T01:06:26.981Z,0.074647771455,2026-08-15 06:51:26.981,1118.746388888889
Pulse experiments,pioreactor01,2026-08-15T01:06:31.981Z,0.074525548723,2026-08-15 06:51:31.981,1118.747777777778
Pulse experiments,pioreactor01,2026-08-15T01:06:36.981Z,0.074525654363,2026-08-15 06:51:36.981,1118.749166666667
Pulse experiments,pioreactor01,2026-08-15T01:06:41.982Z,0.074310474043,2026-08-15 06:51:41.982,1118.750555555556
Pulse experiments,pioreactor01,2026-08-15T01:06:46.982Z,0.07392535536,2026-08-15 06:51:46.982,1118.751944444444
Pulse experiments,pioreactor01,2026-08-15T01:06:51.981Z,0.073778490391,2026-08-15 06:51:51.981,1118.753333333333
Pulse experiments,pioreactor01,2026-08-15T01:06:56.981Z,0.073814823636,2026-08-15 06:51:56.981,1118.754722222222
Pulse experiments,pioreactor01,2026-08-15T01:07:01.981Z,0.073857394786,2026-08-15 06:52:01.981,1118.756111111111
Pulse experiments,pioreactor01,2026-08-15T01:07:06.982Z,0.073830466679,2026-08-15 06:52:06.982,1118.7575
Pulse experiments,pioreactor01,2026-08-15T01:07:16.981Z,0.073441215471,2026-08-15 06:52:16.981,1118.760277777778
Pulse experiments,pioreactor01,2026-08-15T01:07:21.982Z,0.073249388027,2026-08-15 06:52:21.982,1118.761666666667
Pulse experiments,pioreactor01,2026-08-15T01:07:26.984Z,0.073201017105,2026-08-15 06:52:26.984,1118.763055555556
Pulse experiments,pioreactor01,2026-08-15T01:07:31.981Z,0.073099762071,2026-08-15 06:52:31.981,1118.764444444445
Pulse experiments,pioreactor01,2026-08-15T01:07:36.981Z,0.073080344834,2026-08-15 06:52:36.981,1118.765833333333
Pulse experiments,pioreactor01,2026-08-15T01:07:41.981Z,0.07303837085,2026-08-15 06:52:41.981,1118.767222222222
Pulse experiments,pioreactor01,2026-08-15T01:07:46.982Z,0.073068007401,2026-08-15 06:52:46.982,1118.768611111111
Pulse experiments,pioreactor01,2026-08-15T01:07:51.980Z,0.072991428741,2026-08-15 06:52:51.980,1118.77
Pulse experiments,pioreactor01,2026-08-15T01:07:56.982Z,0.072796536449,2026-08-15 06:52:56.982,1118.771388888889
Pulse experiments,pioreactor01,2026-08-15T01:08:01.981Z,0.072691377809,2026-08-15 06:53:01.981,1118.772777777778
Pulse experiments,pioreactor01,2026-08-15T01:08:06.980Z,0.07267604567,2026-08-15 06:53:06.980,1118.774166666667
Pulse experiments,pioreactor01,2026-08-15T01:08:11.981Z,0.072579438097,2026-08-15 06:53:11.981,1118.775555555555
Pulse experiments,pioreactor01,2026-08-15T01:08:16.982Z,0.072750221168,2026-08-15 06:53:16.982,1118.776944444445
Pulse experiments,pioreactor01,2026-08-15T01:08:21.983Z,0.072874723119,2026-08-15 06:53:21.983,1118.778333333333
Pulse experiments,pioreactor01,2026-08-15T01:08:26.983Z,0.072945876921,2026-08-15 06:53:26.983,1118.779722222222
Pulse experiments,pioreactor01,2026-08-15T01:08:31.983Z,0.073083709302,2026-08-15 06:53:31.983,1118.781111111111
Pulse experiments,pioreactor01,2026-08-15T01:08:41.982Z,0.072906974058,2026-08-15 06:53:41.982,1118.783888888889
Pulse experiments,pioreactor01,2026-08-15T01:08:46.982Z,0.072758088119,2026-08-15 06:53:46.982,1118.785277777778
Pulse experiments,pioreactor01,2026-08-15T01:08:51.983Z,0.072707358217,2026-08-15 06:53:51.983,1118.786666666667
Pulse experiments,pioreactor01,2026-08-15T01:08:56.983Z,0.072704162128,2026-08-15 06:53:56.983,1118.788055555556
Pulse experiments,pioreactor01,2026-08-15T01:09:01.983Z,0.072539494188,2026-08-15 06:54:01.983,1118.789444444444
Pulse experiments,pioreactor01,2026-08-15T01:09:06.980Z,0.072531328945,2026-08-15 06:54:06.980,1118.790833333333
Pulse experiments,pioreactor01,2026-08-15T01:09:11.983Z,0.072691082858,2026-08-15 06:54:11.983,1118.792222222222
Pulse experiments,pioreactor01,2026-08-15T01:09:16.982Z,0.072561080654,2026-08-15 06:54:16.982,1118.793611111111
Pulse experiments,pioreactor01,2026-08-15T01:09:21.982Z,0.072596878836,2026-08-15 06:54:21.982,1118.795
Pulse experiments,pioreactor01,2026-08-15T01:09:26.982Z,0.072507521028,2026-08-15 06:54:26.982,1118.796388888889
Pulse experiments,pioreactor01,2026-08-15T01:09:31.987Z,0.072283442499,2026-08-15 06:54:31.987,1118.797777777778
Pulse experiments,pioreactor01,2026-08-15T01:09:36.983Z,0.072131297456,2026-08-15 06:54:36.983,1118.799166666667
Pulse experiments,pioreactor01,2026-08-15T01:09:41.982Z,0.072020174311,2026-08-15 06:54:41.982,1118.800555555556
Pulse experiments,pioreactor01,2026-08-15T01:09:46.981Z,0.071887773502,2026-08-15 06:54:46.981,1118.801944444444
Pulse experiments,pioreactor01,2026-08-15T01:09:51.982Z,0.071776886673,2026-08-15 06:54:51.982,1118.803333333333
Pulse experiments,pioreactor01,2026-08-15T01:09:56.981Z,0.071867215198,2026-08-15 06:54:56.981,1118.804722222222
Pulse experiments,pioreactor01,2026-08-15T01:10:01.982Z,0.071837909223,2026-08-15 06:55:01.982,1118.806111111111
Pulse experiments,pioreactor01,2026-08-15T01:10:06.984Z,0.071942061375,2026-08-15 06:55:06.984,1118.8075
Pulse experiments,pioreactor01,2026-08-15T01:10:11.983Z,0.071901205254,2026-08-15 06:55:11.983,1118.808888888889
Pulse experiments,pioreactor01,2026-08-15T01:10:16.984Z,0.071719700566,2026-08-15 06:55:16.984,1118.810277777778
Pulse experiments,pioreactor01,2026-08-15T01:10:21.981Z,0.071595584675,2026-08-15 06:55:21.981,1118.811666666667
Pulse experiments,pioreactor01,2026-08-15T01:10:26.982Z,0.071254197803,2026-08-15 06:55:26.982,1118.813055555556
Pulse experiments,pioreactor01,2026-08-15T01:10:31.981Z,0.071326515893,2026-08-15 06:55:31.981,1118.814444444444
Pulse experiments,pioreactor01,2026-08-15T01:10:36.981Z,0.071112179352,2026-08-15 06:55:36.981,1118.815833333333
Pulse experiments,pioreactor01,2026-08-15T01:10:41.981Z,0.071082148791,2026-08-15 06:55:41.981,1118.817222222222
Pulse experiments,pioreactor01,2026-08-15T01:10:46.981Z,0.070966851188,2026-08-15 06:55:46.981,1118.818611111111
Pulse experiments,pioreactor01,2026-08-15T01:10:51.981Z,0.070796122528,2026-08-15 06:55:51.981,1118.82
Pulse experiments,pioreactor01,2026-08-15T01:10:56.983Z,0.07068001123,2026-08-15 06:55:56.983,1118.821388888889
Pulse experiments,pioreactor01,2026-08-15T01:11:01.981Z,0.070514656229,2026-08-15 06:56:01.981,1118.822777777778
Pulse experiments,pioreactor01,2026-08-15T01:11:06.982Z,0.070542310848,2026-08-15 06:56:06.982,1118.824166666667
Pulse experiments,pioreactor01,2026-08-15T01:11:11.983Z,0.070499159156,2026-08-15 06:56:11.983,1118.825555555556
Pulse experiments,pioreactor01,2026-08-15T01:11:16.983Z,0.070259680579,2026-08-15 06:56:16.983,1118.826944444445
Pulse experiments,pioreactor01,2026-08-15T01:11:21.984Z,0.070005013959,2026-08-15 06:56:21.984,1118.828333333333
Pulse experiments,pioreactor01,2026-08-15T01:11:26.984Z,0.06989008848,2026-08-15 06:56:26.984,1118.829722222222
Pulse experiments,pioreactor01,2026-08-15T01:11:31.983Z,0.069871439172,2026-08-15 06:56:31.983,1118.831111111111
Pulse experiments,pioreactor01,2026-08-15T01:11:36.983Z,0.069721991234,2026-08-15 06:56:36.983,1118.8325
Pulse experiments,pioreactor01,2026-08-15T01:11:41.983Z,0.069661266768,2026-08-15 06:56:41.983,1118.833888888889
Pulse experiments,pioreactor01,2026-08-15T01:11:46.982Z,0.069649431831,2026-08-15 06:56:46.982,1118.835277777778
Pulse experiments,pioreactor01,2026-08-15T01:11:51.983Z,0.069672457625,2026-08-15 06:56:51.983,1118.836666666667
Pulse experiments,pioreactor01,2026-08-15T01:11:56.984Z,0.069531298667,2026-08-15 06:56:56.984,1118.838055555555
Pulse experiments,pioreactor01,2026-08-15T01:12:01.983Z,0.069425999146,2026-08-15 06:57:01.983,1118.839444444445
Pulse experiments,pioreactor01,2026-08-15T01:12:06.981Z,0.069170850237,2026-08-15 06:57:06.981,1118.840833333333
Pulse experiments,pioreactor01,2026-08-15T01:12:11.984Z,0.069149245226,2026-08-15 06:57:11.984,1118.842222222222
Pulse experiments,pioreactor01,2026-08-15T01:12:16.982Z,0.069268304573,2026-08-15 06:57:16.982,1118.843611111111
Pulse experiments,pioreactor01,2026-08-15T01:12:26.984Z,0.069190442991,2026-08-15 06:57:26.984,1118.846388888889
Pulse experiments,pioreactor01,2026-08-15T01:12:31.983Z,0.069176940692,2026-08-15 06:57:31.983,1118.847777777778
Pulse experiments,pioreactor01,2026-08-15T01:12:36.981Z,0.069240813639,2026-08-15 06:57:36.981,1118.849166666667
Pulse experiments,pioreactor01,2026-08-15T01:12:41.981Z,0.06934221989,2026-08-15 06:57:41.981,1118.850555555556
Pulse experiments,pioreactor01,2026-08-15T01:12:46.981Z,0.069555633246,2026-08-15 06:57:46.981,1118.851944444444
Pulse experiments,pioreactor01,2026-08-15T01:12:51.984Z,0.069642908517,2026-08-15 06:57:51.984,1118.853333333333
Pulse experiments,pioreactor01,2026-08-15T01:12:56.983Z,0.069983110224,2026-08-15 06:57:56.983,1118.854722222222
Pulse experiments,pioreactor01,2026-08-15T01:13:01.981Z,0.070106596751,2026-08-15 06:58:01.981,1118.856111111111
Pulse experiments,pioreactor01,2026-08-15T01:13:06.983Z,0.070126400979,2026-08-15 06:58:06.983,1118.8575
Pulse experiments,pioreactor01,2026-08-15T01:13:11.983Z,0.070040785034,2026-08-15 06:58:11.983,1118.858888888889
Pulse experiments,pioreactor01,2026-08-15T01:13:16.983Z,0.070052585879,2026-08-15 06:58:16.983,1118.860277777778
Pulse experiments,pioreactor01,2026-08-15T01:13:21.983Z,0.070083776436,2026-08-15 06:58:21.983,1118.861666666667
Pulse experiments,pioreactor01,2026-08-15T01:13:26.982Z,0.070013306015,2026-08-15 06:58:26.982,1118.863055555556
Pulse experiments,pioreactor01,2026-08-15T01:13:31.981Z,0.070087854942,2026-08-15 06:58:31.981,1118.864444444444
Pulse experiments,pioreactor01,2026-08-15T01:13:36.984Z,0.070082769072,2026-08-15 06:58:36.984,1118.865833333333
Pulse experiments,pioreactor01,2026-08-15T01:13:46.981Z,0.070277202441,2026-08-15 06:58:46.981,1118.868611111111
Pulse experiments,pioreactor01,2026-08-15T01:13:51.980Z,0.070371210298,2026-08-15 06:58:51.980,1118.87
Pulse experiments,pioreactor01,2026-08-15T01:13:56.982Z,0.070545183872,2026-08-15 06:58:56.982,1118.871388888889
Pulse experiments,pioreactor01,2026-08-15T01:14:01.984Z,0.070536843895,2026-08-15 06:59:01.984,1118.872777777778
Pulse experiments,pioreactor01,2026-08-15T01:14:06.981Z,0.070642003424,2026-08-15 06:59:06.981,1118.874166666667
Pulse experiments,pioreactor01,2026-08-15T01:14:11.982Z,0.07046201512,2026-08-15 06:59:11.982,1118.875555555556
Pulse experiments,pioreactor01,2026-08-15T01:14:16.981Z,0.070460424585,2026-08-15 06:59:16.981,1118.876944444444
Pulse experiments,pioreactor01,2026-08-15T01:14:21.982Z,0.070600393615,2026-08-15 06:59:21.982,1118.878333333333
Pulse experiments,pioreactor01,2026-08-15T01:14:26.981Z,0.07050962274,2026-08-15 06:59:26.981,1118.879722222222
Pulse experiments,pioreactor01,2026-08-15T01:14:31.983Z,0.070530471922,2026-08-15 06:59:31.983,1118.881111111111
Pulse experiments,pioreactor01,2026-08-15T01:14:36.982Z,0.070772072997,2026-08-15 06:59:36.982,1118.8825
Pulse experiments,pioreactor01,2026-08-15T01:14:41.982Z,0.070850785872,2026-08-15 06:59:41.982,1118.883888888889
Pulse experiments,pioreactor01,2026-08-15T01:14:46.984Z,0.07084400233,2026-08-15 06:59:46.984,1118.885277777778
Pulse experiments,pioreactor01,2026-08-15T01:14:51.982Z,0.070879654942,2026-08-15 06:59:51.982,1118.886666666667
Pulse experiments,pioreactor01,2026-08-15T01:14:56.981Z,0.070917981134,2026-08-15 06:59:56.981,1118.888055555556
Pulse experiments,pioreactor01,2026-08-15T01:15:01.983Z,0.070922898936,2026-08-15 07:00:01.983,1118.889444444445
Pulse experiments,pioreactor01,2026-08-15T01:15:06.981Z,0.070851710479,2026-08-15 07:00:06.981,1118.890833333333
Pulse experiments,pioreactor01,2026-08-15T01:15:11.981Z,0.070797738593,2026-08-15 07:00:11.981,1118.892222222222
Pulse experiments,pioreactor01,2026-08-15T01:15:16.982Z,0.070730416452,2026-08-15 07:00:16.982,1118.893611111111
Pulse experiments,pioreactor01,2026-08-15T01:15:21.982Z,0.070848969183,2026-08-15 07:00:21.982,1118.895
Pulse experiments,pioreactor01,2026-08-15T01:15:26.986Z,0.070961853838,2026-08-15 07:00:26.986,1118.896388888889
Pulse experiments,pioreactor01,2026-08-15T01:15:31.982Z,0.071005401096,2026-08-15 07:00:31.982,1118.897777777778
Pulse experiments,pioreactor01,2026-08-15T01:15:36.983Z,0.071097314636,2026-08-15 07:00:36.983,1118.899166666667
Pulse experiments,pioreactor01,2026-08-15T01:15:41.980Z,0.071159072613,2026-08-15 07:00:41.980,1118.900555555555
Pulse experiments,pioreactor01,2026-08-15T01:15:46.982Z,0.07133921703,2026-08-15 07:00:46.982,1118.901944444445
Pulse experiments,pioreactor01,2026-08-15T01:15:51.981Z,0.071367750647,2026-08-15 07:00:51.981,1118.903333333333
Pulse experiments,pioreactor01,2026-08-15T01:15:56.983Z,0.071293591816,2026-08-15 07:00:56.983,1118.904722222222
Pulse experiments,pioreactor01,2026-08-15T01:16:01.982Z,0.071426763215,2026-08-15 07:01:01.982,1118.906111111111
Pulse experiments,pioreactor01,2026-08-15T01:16:06.984Z,0.071324234343,2026-08-15 07:01:06.984,1118.9075
Pulse experiments,pioreactor01,2026-08-15T01:16:11.983Z,0.071279569355,2026-08-15 07:01:11.983,1118.908888888889
Pulse experiments,pioreactor01,2026-08-15T01:16:16.982Z,0.071227833602,2026-08-15 07:01:16.982,1118.910277777778
Pulse experiments,pioreactor01,2026-08-15T01:16:21.982Z,0.071233570243,2026-08-15 07:01:21.982,1118.911666666667
Pulse experiments,pioreactor01,2026-08-15T01:16:26.982Z,0.071253597363,2026-08-15 07:01:26.982,1118.913055555556
Pulse experiments,pioreactor01,2026-08-15T01:16:31.981Z,0.071234220665,2026-08-15 07:01:31.981,1118.914444444444
Pulse experiments,pioreactor01,2026-08-15T01:16:41.982Z,0.071124668909,2026-08-15 07:01:41.982,1118.917222222222
Pulse experiments,pioreactor01,2026-08-15T01:16:46.982Z,0.070938499852,2026-08-15 07:01:46.982,1118.918611111111
Pulse experiments,pioreactor01,2026-08-15T01:16:51.982Z,0.070803690481,2026-08-15 07:01:51.982,1118.92
Pulse experiments,pioreactor01,2026-08-15T01:16:56.981Z,0.070849682113,2026-08-15 07:01:56.981,1118.921388888889
Pulse experiments,pioreactor01,2026-08-15T01:17:01.983Z,0.070813529058,2026-08-15 07:02:01.983,1118.922777777778
Pulse experiments,pioreactor01,2026-08-15T01:17:06.981Z,0.070819736627,2026-08-15 07:02:06.981,1118.924166666667
Pulse experiments,pioreactor01,2026-08-15T01:17:11.984Z,0.070704499183,2026-08-15 07:02:11.984,1118.925555555556
Pulse experiments,pioreactor01,2026-08-15T01:17:16.984Z,0.070614275173,2026-08-15 07:02:16.984,1118.926944444444
Pulse experiments,pioreactor01,2026-08-15T01:17:21.981Z,0.070480588491,2026-08-15 07:02:21.981,1118.928333333333
Pulse experiments,pioreactor01,2026-08-15T01:17:26.982Z,0.070402228964,2026-08-15 07:02:26.982,1118.929722222222
Pulse experiments,pioreactor01,2026-08-15T01:17:31.982Z,0.070454956407,2026-08-15 07:02:31.982,1118.931111111111
Pulse experiments,pioreactor01,2026-08-15T01:17:36.981Z,0.070354188353,2026-08-15 07:02:36.981,1118.9325
Pulse experiments,pioreactor01,2026-08-15T01:17:41.984Z,0.07030953365,2026-08-15 07:02:41.984,1118.933888888889
Pulse experiments,pioreactor01,2026-08-15T01:17:46.982Z,0.070255748029,2026-08-15 07:02:46.982,1118.935277777778
Pulse experiments,pioreactor01,2026-08-15T01:17:51.981Z,0.070141588422,2026-08-15 07:02:51.981,1118.936666666667
Pulse experiments,pioreactor01,2026-08-15T01:17:56.984Z,0.070208258108,2026-08-15 07:02:56.984,1118.938055555556
Pulse experiments,pioreactor01,2026-08-15T01:18:01.981Z,0.070183923877,2026-08-15 07:03:01.981,1118.939444444444
Pulse experiments,pioreactor01,2026-08-15T01:18:06.984Z,0.070069450057,2026-08-15 07:03:06.984,1118.940833333333
Pulse experiments,pioreactor01,2026-08-15T01:18:11.983Z,0.06998032622,2026-08-15 07:03:11.983,1118.942222222222
Pulse experiments,pioreactor01,2026-08-15T01:18:16.982Z,0.069990850502,2026-08-15 07:03:16.982,1118.943611111111
Pulse experiments,pioreactor01,2026-08-15T01:18:21.983Z,0.069880745059,2026-08-15 07:03:21.983,1118.945
Pulse experiments,pioreactor01,2026-08-15T01:18:26.983Z,0.069903497885,2026-08-15 07:03:26.983,1118.946388888889
Pulse experiments,pioreactor01,2026-08-15T01:18:31.981Z,0.070009928774,2026-08-15 07:03:31.981,1118.947777777778
Pulse experiments,pioreactor01,2026-08-15T01:18:36.982Z,0.070027379444,2026-08-15 07:03:36.982,1118.949166666667
Pulse experiments,pioreactor01,2026-08-15T01:18:41.982Z,0.06986907072,2026-08-15 07:03:41.982,1118.950555555556
Pulse experiments,pioreactor01,2026-08-15T01:18:46.981Z,0.069780662126,2026-08-15 07:03:46.981,1118.951944444445
Pulse experiments,pioreactor01,2026-08-15T01:18:51.985Z,0.069757114986,2026-08-15 07:03:51.985,1118.953333333333
Pulse experiments,pioreactor01,2026-08-15T01:18:56.981Z,0.06967764251,2026-08-15 07:03:56.981,1118.954722222222
Pulse experiments,pioreactor01,2026-08-15T01:19:01.981Z,0.069611645594,2026-08-15 07:04:01.981,1118.956111111111
Pulse experiments,pioreactor01,2026-08-15T01:19:06.983Z,0.069728565347,2026-08-15 07:04:06.983,1118.9575
Pulse experiments,pioreactor01,2026-08-15T01:19:11.984Z,0.069805054231,2026-08-15 07:04:11.984,1118.958888888889
Pulse experiments,pioreactor01,2026-08-15T01:19:16.982Z,0.069762129561,2026-08-15 07:04:16.982,1118.960277777778
Pulse experiments,pioreactor01,2026-08-15T01:19:21.983Z,0.069743830488,2026-08-15 07:04:21.983,1118.961666666667
Pulse experiments,pioreactor01,2026-08-15T01:19:26.981Z,0.069651965504,2026-08-15 07:04:26.981,1118.963055555555
Pulse experiments,pioreactor01,2026-08-15T01:19:31.981Z,0.0696281467,2026-08-15 07:04:31.981,1118.964444444445
Pulse experiments,pioreactor01,2026-08-15T01:19:36.982Z,0.06961410295,2026-08-15 07:04:36.982,1118.965833333333
Pulse experiments,pioreactor01,2026-08-15T01:19:41.984Z,0.069650650259,2026-08-15 07:04:41.984,1118.967222222222
Pulse experiments,pioreactor01,2026-08-15T01:19:46.981Z,0.069563933923,2026-08-15 07:04:46.981,1118.968611111111
Pulse experiments,pioreactor01,2026-08-15T01:19:51.984Z,0.069532908558,2026-08-15 07:04:51.984,1118.97
Pulse experiments,pioreactor01,2026-08-15T01:19:56.982Z,0.069524495719,2026-08-15 07:04:56.982,1118.971388888889
Pulse experiments,pioreactor01,2026-08-15T01:20:01.984Z,0.069553276231,2026-08-15 07:05:01.984,1118.972777777778
Pulse experiments,pioreactor01,2026-08-15T01:20:06.981Z,0.069536807772,2026-08-15 07:05:06.981,1118.974166666667
Pulse experiments,pioreactor01,2026-08-15T01:20:11.981Z,0.069561781432,2026-08-15 07:05:11.981,1118.975555555556
Pulse experiments,pioreactor01,2026-08-15T01:20:16.981Z,0.069590210802,2026-08-15 07:05:16.981,1118.976944444444
Pulse experiments,pioreactor01,2026-08-15T01:20:21.981Z,0.069574062865,2026-08-15 07:05:21.981,1118.978333333333
Pulse experiments,pioreactor01,2026-08-15T01:20:26.982Z,0.069602504999,2026-08-15 07:05:26.982,1118.979722222222
Pulse experiments,pioreactor01,2026-08-15T01:20:31.982Z,0.069464277193,2026-08-15 07:05:31.982,1118.981111111111
Pulse experiments,pioreactor01,2026-08-15T01:20:36.981Z,0.069359786854,2026-08-15 07:05:36.981,1118.9825
Pulse experiments,pioreactor01,2026-08-15T01:20:41.983Z,0.069307810255,2026-08-15 07:05:41.983,1118.983888888889
Pulse experiments,pioreactor01,2026-08-15T01:20:46.981Z,0.0691541929,2026-08-15 07:05:46.981,1118.985277777778
Pulse experiments,pioreactor01,2026-08-15T01:20:51.981Z,0.069118990831,2026-08-15 07:05:51.981,1118.986666666667
Pulse experiments,pioreactor01,2026-08-15T01:20:56.982Z,0.069026191587,2026-08-15 07:05:56.982,1118.988055555556
Pulse experiments,pioreactor01,2026-08-15T01:21:01.983Z,0.068966098622,2026-08-15 07:06:01.983,1118.989444444444
Pulse experiments,pioreactor01,2026-08-15T01:21:06.982Z,0.068935112052,2026-08-15 07:06:06.982,1118.990833333333
Pulse experiments,pioreactor01,2026-08-15T01:21:11.981Z,0.068856890799,2026-08-15 07:06:11.981,1118.992222222222
Pulse experiments,pioreactor01,2026-08-15T01:21:21.982Z,0.06888246913,2026-08-15 07:06:21.982,1118.995
Pulse experiments,pioreactor01,2026-08-15T01:21:31.982Z,0.068779943853,2026-08-15 07:06:31.982,1118.997777777778
Pulse experiments,pioreactor01,2026-08-15T01:21:36.985Z,0.068566870107,2026-08-15 07:06:36.985,1118.999166666667
Pulse experiments,pioreactor01,2026-08-15T01:21:41.982Z,0.068390910425,2026-08-15 07:06:41.982,1119.000555555556
Pulse experiments,pioreactor01,2026-08-15T01:21:46.982Z,0.068271566018,2026-08-15 07:06:46.982,1119.001944444444
Pulse experiments,pioreactor01,2026-08-15T01:21:51.982Z,0.068153430078,2026-08-15 07:06:51.982,1119.003333333333
Pulse experiments,pioreactor01,2026-08-15T01:21:56.983Z,0.068008484024,2026-08-15 07:06:56.983,1119.004722222222
Pulse experiments,pioreactor01,2026-08-15T01:22:01.984Z,0.067829978629,2026-08-15 07:07:01.984,1119.006111111111
Pulse experiments,pioreactor01,2026-08-15T01:22:06.984Z,0.067705217592,2026-08-15 07:07:06.984,1119.0075
Pulse experiments,pioreactor01,2026-08-15T01:22:11.982Z,0.06768545151,2026-08-15 07:07:11.982,1119.008888888889
Pulse experiments,pioreactor01,2026-08-15T01:22:16.982Z,0.067608784641,2026-08-15 07:07:16.982,1119.010277777778
Pulse experiments,pioreactor01,2026-08-15T01:22:21.982Z,0.067357022212,2026-08-15 07:07:21.982,1119.011666666667
Pulse experiments,pioreactor01,2026-08-15T01:22:26.984Z,0.067400361115,2026-08-15 07:07:26.984,1119.013055555556
Pulse experiments,pioreactor01,2026-08-15T01:22:31.984Z,0.067370496572,2026-08-15 07:07:31.984,1119.014444444445
Pulse experiments,pioreactor01,2026-08-15T01:22:36.980Z,0.067339342863,2026-08-15 07:07:36.980,1119.015833333333
Pulse experiments,pioreactor01,2026-08-15T01:22:41.984Z,0.067192555983,2026-08-15 07:07:41.984,1119.017222222222
Pulse experiments,pioreactor01,2026-08-15T01:22:46.981Z,0.067144880542,2026-08-15 07:07:46.981,1119.018611111111
Pulse experiments,pioreactor01,2026-08-15T01:22:51.982Z,0.06710008599,2026-08-15 07:07:51.982,1119.02
Pulse experiments,pioreactor01,2026-08-15T01:22:56.984Z,0.067281630463,2026-08-15 07:07:56.984,1119.021388888889
Pulse experiments,pioreactor01,2026-08-15T01:23:01.982Z,0.067226946693,2026-08-15 07:08:01.982,1119.022777777778
Pulse experiments,pioreactor01,2026-08-15T01:23:06.982Z,0.067252846345,2026-08-15 07:08:06.982,1119.024166666667
Pulse experiments,pioreactor01,2026-08-15T01:23:11.981Z,0.067150890088,2026-08-15 07:08:11.981,1119.025555555555
Pulse experiments,pioreactor01,2026-08-15T01:23:16.981Z,0.067040822163,2026-08-15 07:08:16.981,1119.026944444445
Pulse experiments,pioreactor01,2026-08-15T01:23:21.984Z,0.066945543268,2026-08-15 07:08:21.984,1119.028333333333
Pulse experiments,pioreactor01,2026-08-15T01:23:26.981Z,0.066935396343,2026-08-15 07:08:26.981,1119.029722222222
Pulse experiments,pioreactor01,2026-08-15T01:23:36.983Z,0.06692152837,2026-08-15 07:08:36.983,1119.0325
Pulse experiments,pioreactor01,2026-08-15T01:23:41.982Z,0.066705809624,2026-08-15 07:08:41.982,1119.033888888889
Pulse experiments,pioreactor01,2026-08-15T01:23:46.982Z,0.066718005735,2026-08-15 07:08:46.982,1119.035277777778
Pulse experiments,pioreactor01,2026-08-15T01:23:51.981Z,0.066761350329,2026-08-15 07:08:51.981,1119.036666666667
Pulse experiments,pioreactor01,2026-08-15T01:23:56.982Z,0.066812686646,2026-08-15 07:08:56.982,1119.038055555556
Pulse experiments,pioreactor01,2026-08-15T01:24:01.983Z,0.066728516461,2026-08-15 07:09:01.983,1119.039444444444
Pulse experiments,pioreactor01,2026-08-15T01:24:06.983Z,0.066615759577,2026-08-15 07:09:06.983,1119.040833333333
Pulse experiments,pioreactor01,2026-08-15T01:24:11.981Z,0.066536457958,2026-08-15 07:09:11.981,1119.042222222222
Pulse experiments,pioreactor01,2026-08-15T01:24:16.983Z,0.066418212552,2026-08-15 07:09:16.983,1119.043611111111
Pulse experiments,pioreactor01,2026-08-15T01:24:21.982Z,0.066224413443,2026-08-15 07:09:21.982,1119.045
Pulse experiments,pioreactor01,2026-08-15T01:24:26.981Z,0.066140132246,2026-08-15 07:09:26.981,1119.046388888889
Pulse experiments,pioreactor01,2026-08-15T01:24:31.983Z,0.0659875077,2026-08-15 07:09:31.983,1119.047777777778
Pulse experiments,pioreactor01,2026-08-15T01:24:36.981Z,0.065866842488,2026-08-15 07:09:36.981,1119.049166666667
Pulse experiments,pioreactor01,2026-08-15T01:24:41.982Z,0.06573656814,2026-08-15 07:09:41.982,1119.050555555556
Pulse experiments,pioreactor01,2026-08-15T01:24:46.981Z,0.065748158571,2026-08-15 07:09:46.981,1119.051944444444
Pulse experiments,pioreactor01,2026-08-15T01:24:51.983Z,0.065749653629,2026-08-15 07:09:51.983,1119.053333333333
Pulse experiments,pioreactor01,2026-08-15T01:24:56.982Z,0.065715771092,2026-08-15 07:09:56.982,1119.054722222222
Pulse experiments,pioreactor01,2026-08-15T01:25:01.982Z,0.065689721725,2026-08-15 07:10:01.982,1119.056111111111
Pulse experiments,pioreactor01,2026-08-15T01:25:06.983Z,0.065698743509,2026-08-15 07:10:06.983,1119.0575
Pulse experiments,pioreactor01,2026-08-15T01:25:11.982Z,0.065579510575,2026-08-15 07:10:11.982,1119.058888888889
Pulse experiments,pioreactor01,2026-08-15T01:25:16.981Z,0.065507480696,2026-08-15 07:10:16.981,1119.060277777778
Pulse experiments,pioreactor01,2026-08-15T01:25:21.982Z,0.06548572967,2026-08-15 07:10:21.982,1119.061666666667
Pulse experiments,pioreactor01,2026-08-15T01:25:26.980Z,0.065407366187,2026-08-15 07:10:26.980,1119.063055555556
Pulse experiments,pioreactor01,2026-08-15T01:25:31.984Z,0.065375376082,2026-08-15 07:10:31.984,1119.064444444444
Pulse experiments,pioreactor01,2026-08-15T01:25:36.983Z,0.065383453206,2026-08-15 07:10:36.983,1119.065833333333
Pulse experiments,pioreactor01,2026-08-15T01:25:41.982Z,0.065395122347,2026-08-15 07:10:41.982,1119.067222222222
Pulse experiments,pioreactor01,2026-08-15T01:25:46.981Z,0.065274743601,2026-08-15 07:10:46.981,1119.068611111111
Pulse experiments,pioreactor01,2026-08-15T01:25:51.981Z,0.065189200184,2026-08-15 07:10:51.981,1119.07
Pulse experiments,pioreactor01,2026-08-15T01:25:56.982Z,0.065150552891,2026-08-15 07:10:56.982,1119.071388888889
Pulse experiments,pioreactor01,2026-08-15T01:26:01.983Z,0.065054101724,2026-08-15 07:11:01.983,1119.072777777778
Pulse experiments,pioreactor01,2026-08-15T01:26:06.984Z,0.064910263959,2026-08-15 07:11:06.984,1119.074166666667
Pulse experiments,pioreactor01,2026-08-15T01:26:11.981Z,0.064905877339,2026-08-15 07:11:11.981,1119.075555555556
Pulse experiments,pioreactor01,2026-08-15T01:26:16.982Z,0.064889413759,2026-08-15 07:11:16.982,1119.076944444445
Pulse experiments,pioreactor01,2026-08-15T01:26:21.981Z,0.064842524532,2026-08-15 07:11:21.981,1119.078333333333
Pulse experiments,pioreactor01,2026-08-15T01:26:26.982Z,0.064867626112,2026-08-15 07:11:26.982,1119.079722222222
Pulse experiments,pioreactor01,2026-08-15T01:26:31.984Z,0.06478070914,2026-08-15 07:11:31.984,1119.081111111111
Pulse experiments,pioreactor01,2026-08-15T01:26:36.984Z,0.06469208925,2026-08-15 07:11:36.984,1119.0825
Pulse experiments,pioreactor01,2026-08-15T01:26:41.983Z,0.064627550103,2026-08-15 07:11:41.983,1119.083888888889
Pulse experiments,pioreactor01,2026-08-15T01:26:46.981Z,0.064705316693,2026-08-15 07:11:46.981,1119.085277777778
Pulse experiments,pioreactor01,2026-08-15T01:26:51.983Z,0.064713816431,2026-08-15 07:11:51.983,1119.086666666667
Pulse experiments,pioreactor01,2026-08-15T01:26:56.983Z,0.064706134868,2026-08-15 07:11:56.983,1119.088055555555
Pulse experiments,pioreactor01,2026-08-15T01:27:01.982Z,0.064716532519,2026-08-15 07:12:01.982,1119.089444444445
Pulse experiments,pioreactor01,2026-08-15T01:27:06.981Z,0.064710105175,2026-08-15 07:12:06.981,1119.090833333333
Pulse experiments,pioreactor01,2026-08-15T01:27:11.981Z,0.064698361316,2026-08-15 07:12:11.981,1119.092222222222
Pulse experiments,pioreactor01,2026-08-15T01:27:16.987Z,0.0648202856,2026-08-15 07:12:16.987,1119.093611111111
Pulse experiments,pioreactor01,2026-08-15T01:27:21.982Z,0.064752911896,2026-08-15 07:12:21.982,1119.095
Pulse experiments,pioreactor01,2026-08-15T01:27:26.982Z,0.064731448839,2026-08-15 07:12:26.982,1119.096388888889
Pulse experiments,pioreactor01,2026-08-15T01:27:31.983Z,0.064711720257,2026-08-15 07:12:31.983,1119.097777777778
Pulse experiments,pioreactor01,2026-08-15T01:27:36.981Z,0.064738687509,2026-08-15 07:12:36.981,1119.099166666667
Pulse experiments,pioreactor01,2026-08-15T01:27:41.982Z,0.0646180954,2026-08-15 07:12:41.982,1119.100555555556
Pulse experiments,pioreactor01,2026-08-15T01:27:46.982Z,0.064575800009,2026-08-15 07:12:46.982,1119.101944444444
Pulse experiments,pioreactor01,2026-08-15T01:27:51.984Z,0.06448888843,2026-08-15 07:12:51.984,1119.103333333333
Pulse experiments,pioreactor01,2026-08-15T01:27:56.983Z,0.064473038848,2026-08-15 07:12:56.983,1119.104722222222
Pulse experiments,pioreactor01,2026-08-15T01:28:01.981Z,0.064420899523,2026-08-15 07:13:01.981,1119.106111111111
Pulse experiments,pioreactor01,2026-08-15T01:28:06.984Z,0.064547109599,2026-08-15 07:13:06.984,1119.1075
Pulse experiments,pioreactor01,2026-08-15T01:28:11.984Z,0.064425917275,2026-08-15 07:13:11.984,1119.108888888889
Pulse experiments,pioreactor01,2026-08-15T01:28:16.981Z,0.06431057007,2026-08-15 07:13:16.981,1119.110277777778
Pulse experiments,pioreactor01,2026-08-15T01:28:21.981Z,0.064333943823,2026-08-15 07:13:21.981,1119.111666666667
Pulse experiments,pioreactor01,2026-08-15T01:28:26.981Z,0.064306289651,2026-08-15 07:13:26.981,1119.113055555556
Pulse experiments,pioreactor01,2026-08-15T01:28:31.984Z,0.064281811331,2026-08-15 07:13:31.984,1119.114444444444
Pulse experiments,pioreactor01,2026-08-15T01:28:36.981Z,0.064260870285,2026-08-15 07:13:36.981,1119.115833333333
Pulse experiments,pioreactor01,2026-08-15T01:28:41.981Z,0.064196114318,2026-08-15 07:13:41.981,1119.117222222222
Pulse experiments,pioreactor01,2026-08-15T01:28:46.983Z,0.064164347878,2026-08-15 07:13:46.983,1119.118611111111
Pulse experiments,pioreactor01,2026-08-15T01:28:51.981Z,0.064121311634,2026-08-15 07:13:51.981,1119.12
Pulse experiments,pioreactor01,2026-08-15T01:28:56.981Z,0.064093846919,2026-08-15 07:13:56.981,1119.121388888889
Pulse experiments,pioreactor01,2026-08-15T01:29:01.981Z,0.064016512865,2026-08-15 07:14:01.981,1119.122777777778
Pulse experiments,pioreactor01,2026-08-15T01:29:06.982Z,0.06396658906,2026-08-15 07:14:06.982,1119.124166666667
Pulse experiments,pioreactor01,2026-08-15T01:29:11.983Z,0.063790242983,2026-08-15 07:14:11.983,1119.125555555556
Pulse experiments,pioreactor01,2026-08-15T01:29:16.984Z,0.063642028836,2026-08-15 07:14:16.984,1119.126944444444
Pulse experiments,pioreactor01,2026-08-15T01:29:21.983Z,0.06346790566,2026-08-15 07:14:21.983,1119.128333333333
Pulse experiments,pioreactor01,2026-08-15T01:29:26.981Z,0.063438652501,2026-08-15 07:14:26.981,1119.129722222222
Pulse experiments,pioreactor01,2026-08-15T01:29:31.983Z,0.063421655345,2026-08-15 07:14:31.983,1119.131111111111
Pulse experiments,pioreactor01,2026-08-15T01:29:36.982Z,0.0634995925,2026-08-15 07:14:36.982,1119.1325
Pulse experiments,pioreactor01,2026-08-15T01:29:41.985Z,0.063506584328,2026-08-15 07:14:41.985,1119.133888888889
Pulse experiments,pioreactor01,2026-08-15T01:29:46.981Z,0.063608864895,2026-08-15 07:14:46.981,1119.135277777778
Pulse experiments,pioreactor01,2026-08-15T01:29:51.982Z,0.063629545551,2026-08-15 07:14:51.982,1119.136666666667
Pulse experiments,pioreactor01,2026-08-15T01:29:56.982Z,0.063621811117,2026-08-15 07:14:56.982,1119.138055555556
Pulse experiments,pioreactor01,2026-08-15T01:30:01.981Z,0.063523568452,2026-08-15 07:15:01.981,1119.139444444445
Pulse experiments,pioreactor01,2026-08-15T01:30:06.984Z,0.063577776283,2026-08-15 07:15:06.984,1119.140833333333
Pulse experiments,pioreactor01,2026-08-15T01:30:16.984Z,0.063604084246,2026-08-15 07:15:16.984,1119.143611111111
Pulse experiments,pioreactor01,2026-08-15T01:30:21.982Z,0.063568713597,2026-08-15 07:15:21.982,1119.145
Pulse experiments,pioreactor01,2026-08-15T01:30:26.985Z,0.06358840606,2026-08-15 07:15:26.985,1119.146388888889
Pulse experiments,pioreactor01,2026-08-15T01:30:31.983Z,0.063495533652,2026-08-15 07:15:31.983,1119.147777777778
Pulse experiments,pioreactor01,2026-08-15T01:30:36.983Z,0.063398281022,2026-08-15 07:15:36.983,1119.149166666667
Pulse experiments,pioreactor01,2026-08-15T01:30:41.984Z,0.063355799334,2026-08-15 07:15:41.984,1119.150555555555
Pulse experiments,pioreactor01,2026-08-15T01:30:46.983Z,0.063310962087,2026-08-15 07:15:46.983,1119.151944444445
Pulse experiments,pioreactor01,2026-08-15T01:30:51.982Z,0.063205165519,2026-08-15 07:15:51.982,1119.153333333333
Pulse experiments,pioreactor01,2026-08-15T01:30:56.984Z,0.063101650752,2026-08-15 07:15:56.984,1119.154722222222
Pulse experiments,pioreactor01,2026-08-15T01:31:01.981Z,0.062904515659,2026-08-15 07:16:01.981,1119.156111111111
Pulse experiments,pioreactor01,2026-08-15T01:31:06.982Z,0.062808886324,2026-08-15 07:16:06.982,1119.1575
Pulse experiments,pioreactor01,2026-08-15T01:31:11.982Z,0.062760686455,2026-08-15 07:16:11.982,1119.158888888889
Pulse experiments,pioreactor01,2026-08-15T01:31:16.982Z,0.062845921014,2026-08-15 07:16:16.982,1119.160277777778
Pulse experiments,pioreactor01,2026-08-15T01:31:21.983Z,0.062886724905,2026-08-15 07:16:21.983,1119.161666666667
Pulse experiments,pioreactor01,2026-08-15T01:31:26.984Z,0.062871354685,2026-08-15 07:16:26.984,1119.163055555556
Pulse experiments,pioreactor01,2026-08-15T01:31:31.985Z,0.06272769099,2026-08-15 07:16:31.985,1119.164444444444
Pulse experiments,pioreactor01,2026-08-15T01:31:36.982Z,0.062639685588,2026-08-15 07:16:36.982,1119.165833333333
Pulse experiments,pioreactor01,2026-08-15T01:31:41.983Z,0.062581919442,2026-08-15 07:16:41.983,1119.167222222222
Pulse experiments,pioreactor01,2026-08-15T01:31:46.985Z,0.062535341704,2026-08-15 07:16:46.985,1119.168611111111
Pulse experiments,pioreactor01,2026-08-15T01:31:51.982Z,0.062539635786,2026-08-15 07:16:51.982,1119.17
Pulse experiments,pioreactor01,2026-08-15T01:31:56.984Z,0.062601396268,2026-08-15 07:16:56.984,1119.171388888889
Pulse experiments,pioreactor01,2026-08-15T01:32:01.984Z,0.062590610916,2026-08-15 07:17:01.984,1119.172777777778
Pulse experiments,pioreactor01,2026-08-15T01:32:06.982Z,0.06258755571,2026-08-15 07:17:06.982,1119.174166666667
Pulse experiments,pioreactor01,2026-08-15T01:32:11.984Z,0.062481342468,2026-08-15 07:17:11.984,1119.175555555556
Pulse experiments,pioreactor01,2026-08-15T01:32:16.982Z,0.062443662153,2026-08-15 07:17:16.982,1119.176944444444
Pulse experiments,pioreactor01,2026-08-15T01:32:21.982Z,0.06237238282,2026-08-15 07:17:21.982,1119.178333333333
Pulse experiments,pioreactor01,2026-08-15T01:32:26.982Z,0.062347328265,2026-08-15 07:17:26.982,1119.179722222222
Pulse experiments,pioreactor01,2026-08-15T01:32:31.980Z,0.062329324356,2026-08-15 07:17:31.980,1119.181111111111
Pulse experiments,pioreactor01,2026-08-15T01:32:36.983Z,0.062341899643,2026-08-15 07:17:36.983,1119.1825
Pulse experiments,pioreactor01,2026-08-15T01:32:41.981Z,0.062417435958,2026-08-15 07:17:41.981,1119.183888888889
Pulse experiments,pioreactor01,2026-08-15T01:32:46.982Z,0.062526543535,2026-08-15 07:17:46.982,1119.185277777778
Pulse experiments,pioreactor01,2026-08-15T01:32:51.982Z,0.062470453698,2026-08-15 07:17:51.982,1119.186666666667
Pulse experiments,pioreactor01,2026-08-15T01:32:56.982Z,0.062276735092,2026-08-15 07:17:56.982,1119.188055555556
Pulse experiments,pioreactor01,2026-08-15T01:33:01.984Z,0.062096068812,2026-08-15 07:18:01.984,1119.189444444444
Pulse experiments,pioreactor01,2026-08-15T01:33:06.982Z,0.061993328501,2026-08-15 07:18:06.982,1119.190833333333
Pulse experiments,pioreactor01,2026-08-15T01:33:11.981Z,0.06192963429,2026-08-15 07:18:11.981,1119.192222222222
Pulse experiments,pioreactor01,2026-08-15T01:33:16.985Z,0.061892385618,2026-08-15 07:18:16.985,1119.193611111111
Pulse experiments,pioreactor01,2026-08-15T01:33:21.982Z,0.06182619247,2026-08-15 07:18:21.982,1119.195
Pulse experiments,pioreactor01,2026-08-15T01:33:26.982Z,0.061689439509,2026-08-15 07:18:26.982,1119.196388888889
Pulse experiments,pioreactor01,2026-08-15T01:33:31.981Z,0.061730200922,2026-08-15 07:18:31.981,1119.197777777778
Pulse experiments,pioreactor01,2026-08-15T01:33:36.981Z,0.061685955325,2026-08-15 07:18:36.981,1119.199166666667
Pulse experiments,pioreactor01,2026-08-15T01:33:41.982Z,0.061743161466,2026-08-15 07:18:41.982,1119.200555555556
Pulse experiments,pioreactor01,2026-08-15T01:33:46.982Z,0.061848945205,2026-08-15 07:18:46.982,1119.201944444445
Pulse experiments,pioreactor01,2026-08-15T01:33:51.981Z,0.061851014813,2026-08-15 07:18:51.981,1119.203333333333
Pulse experiments,pioreactor01,2026-08-15T01:33:56.984Z,0.061924129619,2026-08-15 07:18:56.984,1119.204722222222
Pulse experiments,pioreactor01,2026-08-15T01:34:01.981Z,0.061822245907,2026-08-15 07:19:01.981,1119.206111111111
Pulse experiments,pioreactor01,2026-08-15T01:34:06.982Z,0.061580169197,2026-08-15 07:19:06.982,1119.2075
Pulse experiments,pioreactor01,2026-08-15T01:34:16.981Z,0.061510313062,2026-08-15 07:19:16.981,1119.210277777778
Pulse experiments,pioreactor01,2026-08-15T01:34:21.981Z,0.061514050036,2026-08-15 07:19:21.981,1119.211666666667
Pulse experiments,pioreactor01,2026-08-15T01:34:26.982Z,0.061651642567,2026-08-15 07:19:26.982,1119.213055555555
Pulse experiments,pioreactor01,2026-08-15T01:34:31.984Z,0.061761556445,2026-08-15 07:19:31.984,1119.214444444445
Pulse experiments,pioreactor01,2026-08-15T01:34:36.982Z,0.061861908473,2026-08-15 07:19:36.982,1119.215833333333
Pulse experiments,pioreactor01,2026-08-15T01:34:41.983Z,0.061826018272,2026-08-15 07:19:41.983,1119.217222222222
Pulse experiments,pioreactor01,2026-08-15T01:34:46.983Z,0.061713451134,2026-08-15 07:19:46.983,1119.218611111111
Pulse experiments,pioreactor01,2026-08-15T01:34:51.981Z,0.061590884858,2026-08-15 07:19:51.981,1119.22
Pulse experiments,pioreactor01,2026-08-15T01:34:56.985Z,0.061537755996,2026-08-15 07:19:56.985,1119.221388888889
Pulse experiments,pioreactor01,2026-08-15T01:35:01.983Z,0.061552760756,2026-08-15 07:20:01.983,1119.222777777778
Pulse experiments,pioreactor01,2026-08-15T01:35:06.983Z,0.061512412346,2026-08-15 07:20:06.983,1119.224166666667
Pulse experiments,pioreactor01,2026-08-15T01:35:11.982Z,0.061411587846,2026-08-15 07:20:11.982,1119.225555555556
Pulse experiments,pioreactor01,2026-08-15T01:35:16.984Z,0.061345118121,2026-08-15 07:20:16.984,1119.226944444444
Pulse experiments,pioreactor01,2026-08-15T01:35:21.983Z,0.061209610031,2026-08-15 07:20:21.983,1119.228333333333
Pulse experiments,pioreactor01,2026-08-15T01:35:31.984Z,0.0611068352,2026-08-15 07:20:31.984,1119.231111111111
Pulse experiments,pioreactor01,2026-08-15T01:35:36.981Z,0.061100124053,2026-08-15 07:20:36.981,1119.2325
Pulse experiments,pioreactor01,2026-08-15T01:35:41.982Z,0.061170449336,2026-08-15 07:20:41.982,1119.233888888889
Pulse experiments,pioreactor01,2026-08-15T01:35:46.983Z,0.061198223262,2026-08-15 07:20:46.983,1119.235277777778
Pulse experiments,pioreactor01,2026-08-15T01:35:51.983Z,0.061219812226,2026-08-15 07:20:51.983,1119.236666666667
Pulse experiments,pioreactor01,2026-08-15T01:35:56.983Z,0.061251865365,2026-08-15 07:20:56.983,1119.238055555556
Pulse experiments,pioreactor01,2026-08-15T01:36:01.981Z,0.061183996215,2026-08-15 07:21:01.981,1119.239444444444
Pulse experiments,pioreactor01,2026-08-15T01:36:06.983Z,0.061149458423,2026-08-15 07:21:06.983,1119.240833333333
Pulse experiments,pioreactor01,2026-08-15T01:36:11.985Z,0.06113410343,2026-08-15 07:21:11.985,1119.242222222222
Pulse experiments,pioreactor01,2026-08-15T01:36:21.982Z,0.061093745961,2026-08-15 07:21:21.982,1119.245
Pulse experiments,pioreactor01,2026-08-15T01:36:26.982Z,0.06101952994,2026-08-15 07:21:26.982,1119.246388888889
Pulse experiments,pioreactor01,2026-08-15T01:36:31.983Z,0.060886777644,2026-08-15 07:21:31.983,1119.247777777778
Pulse experiments,pioreactor01,2026-08-15T01:36:36.983Z,0.060768309322,2026-08-15 07:21:36.983,1119.249166666667
Pulse experiments,pioreactor01,2026-08-15T01:36:41.981Z,0.060891612473,2026-08-15 07:21:41.981,1119.250555555556
Pulse experiments,pioreactor01,2026-08-15T01:36:46.982Z,0.061010497435,2026-08-15 07:21:46.982,1119.251944444444
Pulse experiments,pioreactor01,2026-08-15T01:36:51.981Z,0.061013462465,2026-08-15 07:21:51.981,1119.253333333333
Pulse experiments,pioreactor01,2026-08-15T01:36:56.982Z,0.060924690409,2026-08-15 07:21:56.982,1119.254722222222
Pulse experiments,pioreactor01,2026-08-15T01:37:01.985Z,0.060770745706,2026-08-15 07:22:01.985,1119.256111111111
Pulse experiments,pioreactor01,2026-08-15T01:37:06.982Z,0.060663285161,2026-08-15 07:22:06.982,1119.2575
Pulse experiments,pioreactor01,2026-08-15T01:37:11.982Z,0.060652075339,2026-08-15 07:22:11.982,1119.258888888889
Pulse experiments,pioreactor01,2026-08-15T01:37:16.981Z,0.060635629711,2026-08-15 07:22:16.981,1119.260277777778
Pulse experiments,pioreactor01,2026-08-15T01:37:21.982Z,0.060609364889,2026-08-15 07:22:21.982,1119.261666666667
Pulse experiments,pioreactor01,2026-08-15T01:37:26.982Z,0.060547311642,2026-08-15 07:22:26.982,1119.263055555556
Pulse experiments,pioreactor01,2026-08-15T01:37:31.982Z,0.060469957863,2026-08-15 07:22:31.982,1119.264444444445
Pulse experiments,pioreactor01,2026-08-15T01:37:36.981Z,0.060572748419,2026-08-15 07:22:36.981,1119.265833333333
Pulse experiments,pioreactor01,2026-08-15T01:37:41.982Z,0.060698078813,2026-08-15 07:22:41.982,1119.267222222222
Pulse experiments,pioreactor01,2026-08-15T01:37:46.982Z,0.060696207532,2026-08-15 07:22:46.982,1119.268611111111
Pulse experiments,pioreactor01,2026-08-15T01:37:51.982Z,0.060620952985,2026-08-15 07:22:51.982,1119.27
Pulse experiments,pioreactor01,2026-08-15T01:37:56.983Z,0.060539715829,2026-08-15 07:22:56.983,1119.271388888889
Pulse experiments,pioreactor01,2026-08-15T01:38:01.981Z,0.060520930554,2026-08-15 07:23:01.981,1119.272777777778
Pulse experiments,pioreactor01,2026-08-15T01:38:06.980Z,0.060634371474,2026-08-15 07:23:06.980,1119.274166666667
Pulse experiments,pioreactor01,2026-08-15T01:38:11.983Z,0.060631245828,2026-08-15 07:23:11.983,1119.275555555555
Pulse experiments,pioreactor01,2026-08-15T01:38:16.984Z,0.060496670382,2026-08-15 07:23:16.984,1119.276944444445
Pulse experiments,pioreactor01,2026-08-15T01:38:21.982Z,0.060397104544,2026-08-15 07:23:21.982,1119.278333333333
Pulse experiments,pioreactor01,2026-08-15T01:38:26.981Z,0.060379673669,2026-08-15 07:23:26.981,1119.279722222222
Pulse experiments,pioreactor01,2026-08-15T01:38:31.982Z,0.06029979333,2026-08-15 07:23:31.982,1119.281111111111
Pulse experiments,pioreactor01,2026-08-15T01:38:36.981Z,0.060313808089,2026-08-15 07:23:36.981,1119.2825
Pulse experiments,pioreactor01,2026-08-15T01:38:41.983Z,0.060261775538,2026-08-15 07:23:41.983,1119.283888888889
Pulse experiments,pioreactor01,2026-08-15T01:38:46.981Z,0.060149737163,2026-08-15 07:23:46.981,1119.285277777778
Pulse experiments,pioreactor01,2026-08-15T01:38:51.982Z,0.059990961498,2026-08-15 07:23:51.982,1119.286666666667
Pulse experiments,pioreactor01,2026-08-15T01:39:01.982Z,0.059913496711,2026-08-15 07:24:01.982,1119.289444444444
Pulse experiments,pioreactor01,2026-08-15T01:39:06.982Z,0.05990634537,2026-08-15 07:24:06.982,1119.290833333333
Pulse experiments,pioreactor01,2026-08-15T01:39:11.983Z,0.059903694681,2026-08-15 07:24:11.983,1119.292222222222
Pulse experiments,pioreactor01,2026-08-15T01:39:16.982Z,0.059859057777,2026-08-15 07:24:16.982,1119.293611111111
Pulse experiments,pioreactor01,2026-08-15T01:39:21.982Z,0.05982885741,2026-08-15 07:24:21.982,1119.295
Pulse experiments,pioreactor01,2026-08-15T01:39:26.983Z,0.0597905279,2026-08-15 07:24:26.983,1119.296388888889
Pulse experiments,pioreactor01,2026-08-15T01:39:31.982Z,0.059778339141,2026-08-15 07:24:31.982,1119.297777777778
Pulse experiments,pioreactor01,2026-08-15T01:39:41.984Z,0.059690284111,2026-08-15 07:24:41.984,1119.300555555556
Pulse experiments,pioreactor01,2026-08-15T01:39:46.982Z,0.059702557008,2026-08-15 07:24:46.982,1119.301944444444
Pulse experiments,pioreactor01,2026-08-15T01:39:51.982Z,0.059674863307,2026-08-15 07:24:51.982,1119.303333333333
Pulse experiments,pioreactor01,2026-08-15T01:39:56.983Z,0.059691135557,2026-08-15 07:24:56.983,1119.304722222222
Pulse experiments,pioreactor01,2026-08-15T01:40:01.983Z,0.059575702163,2026-08-15 07:25:01.983,1119.306111111111
Pulse experiments,pioreactor01,2026-08-15T01:40:06.982Z,0.059465446789,2026-08-15 07:25:06.982,1119.3075
Pulse experiments,pioreactor01,2026-08-15T01:40:11.982Z,0.059388475268,2026-08-15 07:25:11.982,1119.308888888889
Pulse experiments,pioreactor01,2026-08-15T01:40:16.981Z,0.059349525687,2026-08-15 07:25:16.981,1119.310277777778
Pulse experiments,pioreactor01,2026-08-15T01:40:21.981Z,0.05937709783,2026-08-15 07:25:21.981,1119.311666666667
Pulse experiments,pioreactor01,2026-08-15T01:40:26.981Z,0.059330735239,2026-08-15 07:25:26.981,1119.313055555556
Pulse experiments,pioreactor01,2026-08-15T01:40:31.983Z,0.059316920044,2026-08-15 07:25:31.983,1119.314444444444
Pulse experiments,pioreactor01,2026-08-15T01:40:36.981Z,0.059313275011,2026-08-15 07:25:36.981,1119.315833333333
Pulse experiments,pioreactor01,2026-08-15T01:40:41.982Z,0.05927206408,2026-08-15 07:25:41.982,1119.317222222222
Pulse experiments,pioreactor01,2026-08-15T01:40:46.981Z,0.059211441741,2026-08-15 07:25:46.981,1119.318611111111
Pulse experiments,pioreactor01,2026-08-15T01:40:51.981Z,0.059187478572,2026-08-15 07:25:51.981,1119.32
Pulse experiments,pioreactor01,2026-08-15T01:40:56.984Z,0.059206304897,2026-08-15 07:25:56.984,1119.321388888889
Pulse experiments,pioreactor01,2026-08-15T01:41:01.983Z,0.059259447884,2026-08-15 07:26:01.983,1119.322777777778
Pulse experiments,pioreactor01,2026-08-15T01:41:06.981Z,0.059313611384,2026-08-15 07:26:06.981,1119.324166666667
Pulse experiments,pioreactor01,2026-08-15T01:41:11.981Z,0.059371887418,2026-08-15 07:26:11.981,1119.325555555556
Pulse experiments,pioreactor01,2026-08-15T01:41:16.982Z,0.059428858199,2026-08-15 07:26:16.982,1119.326944444445
Pulse experiments,pioreactor01,2026-08-15T01:41:21.982Z,0.059424602426,2026-08-15 07:26:21.982,1119.328333333333
Pulse experiments,pioreactor01,2026-08-15T01:41:26.981Z,0.059355904248,2026-08-15 07:26:26.981,1119.329722222222
Pulse experiments,pioreactor01,2026-08-15T01:41:31.983Z,0.059185534524,2026-08-15 07:26:31.983,1119.331111111111
Pulse experiments,pioreactor01,2026-08-15T01:41:36.986Z,0.059208926804,2026-08-15 07:26:36.986,1119.3325
Pulse experiments,pioreactor01,2026-08-15T01:41:41.982Z,0.05914573431,2026-08-15 07:26:41.982,1119.333888888889
Pulse experiments,pioreactor01,2026-08-15T01:41:46.982Z,0.059025751647,2026-08-15 07:26:46.982,1119.335277777778
Pulse experiments,pioreactor01,2026-08-15T01:41:51.983Z,0.058932300772,2026-08-15 07:26:51.983,1119.336666666667
Pulse experiments,pioreactor01,2026-08-15T01:41:56.985Z,0.058783471851,2026-08-15 07:26:56.985,1119.338055555555
Pulse experiments,pioreactor01,2026-08-15T01:42:01.982Z,0.058727424991,2026-08-15 07:27:01.982,1119.339444444445
Pulse experiments,pioreactor01,2026-08-15T01:42:06.981Z,0.058677163434,2026-08-15 07:27:06.981,1119.340833333333
Pulse experiments,pioreactor01,2026-08-15T01:42:11.982Z,0.058570250733,2026-08-15 07:27:11.982,1119.342222222222
Pulse experiments,pioreactor01,2026-08-15T01:42:16.981Z,0.05844220496,2026-08-15 07:27:16.981,1119.343611111111
Pulse experiments,pioreactor01,2026-08-15T01:42:21.986Z,0.05842843549,2026-08-15 07:27:21.986,1119.345
Pulse experiments,pioreactor01,2026-08-15T01:42:26.983Z,0.058314096182,2026-08-15 07:27:26.983,1119.346388888889
Pulse experiments,pioreactor01,2026-08-15T01:42:31.982Z,0.05822670577,2026-08-15 07:27:31.982,1119.347777777778
Pulse experiments,pioreactor01,2026-08-15T01:42:36.981Z,0.05823019571,2026-08-15 07:27:36.981,1119.349166666667
Pulse experiments,pioreactor01,2026-08-15T01:42:41.981Z,0.058115754971,2026-08-15 07:27:41.981,1119.350555555556
Pulse experiments,pioreactor01,2026-08-15T01:42:46.984Z,0.058041955016,2026-08-15 07:27:46.984,1119.351944444444
Pulse experiments,pioreactor01,2026-08-15T01:42:51.982Z,0.057907081007,2026-08-15 07:27:51.982,1119.353333333333
Pulse experiments,pioreactor01,2026-08-15T01:42:56.982Z,0.057921189019,2026-08-15 07:27:56.982,1119.354722222222
Pulse experiments,pioreactor01,2026-08-15T01:43:01.982Z,0.058045390205,2026-08-15 07:28:01.982,1119.356111111111
Pulse experiments,pioreactor01,2026-08-15T01:43:06.982Z,0.05813094003,2026-08-15 07:28:06.982,1119.3575
Pulse experiments,pioreactor01,2026-08-15T01:43:11.981Z,0.05824585725,2026-08-15 07:28:11.981,1119.358888888889
Pulse experiments,pioreactor01,2026-08-15T01:43:16.983Z,0.0583090471,2026-08-15 07:28:16.983,1119.360277777778
Pulse experiments,pioreactor01,2026-08-15T01:43:21.984Z,0.058323854878,2026-08-15 07:28:21.984,1119.361666666667
Pulse experiments,pioreactor01,2026-08-15T01:43:26.984Z,0.058314416427,2026-08-15 07:28:26.984,1119.363055555556
Pulse experiments,pioreactor01,2026-08-15T01:43:31.984Z,0.058240378406,2026-08-15 07:28:31.984,1119.364444444444
Pulse experiments,pioreactor01,2026-08-15T01:43:36.983Z,0.05816596958,2026-08-15 07:28:36.983,1119.365833333333
Pulse experiments,pioreactor01,2026-08-15T01:43:41.982Z,0.058147489364,2026-08-15 07:28:41.982,1119.367222222222
Pulse experiments,pioreactor01,2026-08-15T01:43:46.982Z,0.058048031132,2026-08-15 07:28:46.982,1119.368611111111
Pulse experiments,pioreactor01,2026-08-15T01:43:51.981Z,0.057962671401,2026-08-15 07:28:51.981,1119.37
Pulse experiments,pioreactor01,2026-08-15T01:43:56.982Z,0.057923582937,2026-08-15 07:28:56.982,1119.371388888889
Pulse experiments,pioreactor01,2026-08-15T01:44:01.981Z,0.057968074009,2026-08-15 07:29:01.981,1119.372777777778
Pulse experiments,pioreactor01,2026-08-15T01:44:06.983Z,0.057994390796,2026-08-15 07:29:06.983,1119.374166666667
Pulse experiments,pioreactor01,2026-08-15T01:44:11.984Z,0.058058593305,2026-08-15 07:29:11.984,1119.375555555556
Pulse experiments,pioreactor01,2026-08-15T01:44:16.981Z,0.057984175228,2026-08-15 07:29:16.981,1119.376944444444
Pulse experiments,pioreactor01,2026-08-15T01:44:21.982Z,0.058015660318,2026-08-15 07:29:21.982,1119.378333333333
Pulse experiments,pioreactor01,2026-08-15T01:44:26.984Z,0.057952485386,2026-08-15 07:29:26.984,1119.379722222222
Pulse experiments,pioreactor01,2026-08-15T01:44:31.981Z,0.05792318143,2026-08-15 07:29:31.981,1119.381111111111
Pulse experiments,pioreactor01,2026-08-15T01:44:36.981Z,0.057960497158,2026-08-15 07:29:36.981,1119.3825
Pulse experiments,pioreactor01,2026-08-15T01:44:41.981Z,0.057923730782,2026-08-15 07:29:41.981,1119.383888888889
Pulse experiments,pioreactor01,2026-08-15T01:44:46.982Z,0.057951687625,2026-08-15 07:29:46.982,1119.385277777778
Pulse experiments,pioreactor01,2026-08-15T01:44:51.981Z,0.057999169303,2026-08-15 07:29:51.981,1119.386666666667
Pulse experiments,pioreactor01,2026-08-15T01:44:56.982Z,0.057998899951,2026-08-15 07:29:56.982,1119.388055555556
Pulse experiments,pioreactor01,2026-08-15T01:45:01.983Z,0.057949559872,2026-08-15 07:30:01.983,1119.389444444445
Pulse experiments,pioreactor01,2026-08-15T01:45:06.982Z,0.057949722288,2026-08-15 07:30:06.982,1119.390833333333
Pulse experiments,pioreactor01,2026-08-15T01:45:11.982Z,0.057963827088,2026-08-15 07:30:11.982,1119.392222222222
Pulse experiments,pioreactor01,2026-08-15T01:45:16.983Z,0.057983203172,2026-08-15 07:30:16.983,1119.393611111111
Pulse experiments,pioreactor01,2026-08-15T01:45:21.981Z,0.057879342397,2026-08-15 07:30:21.981,1119.395
Pulse experiments,pioreactor01,2026-08-15T01:45:26.982Z,0.057810177027,2026-08-15 07:30:26.982,1119.396388888889
Pulse experiments,pioreactor01,2026-08-15T01:45:31.984Z,0.057804636073,2026-08-15 07:30:31.984,1119.397777777778
Pulse experiments,pioreactor01,2026-08-15T01:45:36.982Z,0.057784023151,2026-08-15 07:30:36.982,1119.399166666667
Pulse experiments,pioreactor01,2026-08-15T01:45:41.982Z,0.057695976708,2026-08-15 07:30:41.982,1119.400555555555
Pulse experiments,pioreactor01,2026-08-15T01:45:46.981Z,0.057705462192,2026-08-15 07:30:46.981,1119.401944444445
Pulse experiments,pioreactor01,2026-08-15T01:45:51.982Z,0.057758654098,2026-08-15 07:30:51.982,1119.403333333333
Pulse experiments,pioreactor01,2026-08-15T01:45:56.982Z,0.057779476781,2026-08-15 07:30:56.982,1119.404722222222
Pulse experiments,pioreactor01,2026-08-15T01:46:01.983Z,0.057905585278,2026-08-15 07:31:01.983,1119.406111111111
Pulse experiments,pioreactor01,2026-08-15T01:46:06.982Z,0.057894876242,2026-08-15 07:31:06.982,1119.4075
Pulse experiments,pioreactor01,2026-08-15T01:46:11.982Z,0.057967601184,2026-08-15 07:31:11.982,1119.408888888889
Pulse experiments,pioreactor01,2026-08-15T01:46:16.981Z,0.057988559022,2026-08-15 07:31:16.981,1119.410277777778
Pulse experiments,pioreactor01,2026-08-15T01:46:21.982Z,0.057980269512,2026-08-15 07:31:21.982,1119.411666666667
Pulse experiments,pioreactor01,2026-08-15T01:46:26.982Z,0.057862268154,2026-08-15 07:31:26.982,1119.413055555556
Pulse experiments,pioreactor01,2026-08-15T01:46:31.982Z,0.057691502279,2026-08-15 07:31:31.982,1119.414444444444
Pulse experiments,pioreactor01,2026-08-15T01:46:36.980Z,0.057627130164,2026-08-15 07:31:36.980,1119.415833333333
Pulse experiments,pioreactor01,2026-08-15T01:46:41.981Z,0.057576478539,2026-08-15 07:31:41.981,1119.417222222222
Pulse experiments,pioreactor01,2026-08-15T01:46:46.983Z,0.057577469995,2026-08-15 07:31:46.983,1119.418611111111
Pulse experiments,pioreactor01,2026-08-15T01:46:51.982Z,0.057522976621,2026-08-15 07:31:51.982,1119.42
Pulse experiments,pioreactor01,2026-08-15T01:46:56.982Z,0.057452402162,2026-08-15 07:31:56.982,1119.421388888889
Pulse experiments,pioreactor01,2026-08-15T01:47:01.982Z,0.057427309191,2026-08-15 07:32:01.982,1119.422777777778
Pulse experiments,pioreactor01,2026-08-15T01:47:06.981Z,0.057403830129,2026-08-15 07:32:06.981,1119.424166666667
Pulse experiments,pioreactor01,2026-08-15T01:47:16.982Z,0.057430198744,2026-08-15 07:32:16.982,1119.426944444444
Pulse experiments,pioreactor01,2026-08-15T01:47:21.982Z,0.057440638355,2026-08-15 07:32:21.982,1119.428333333333
Pulse experiments,pioreactor01,2026-08-15T01:47:27.016Z,0.057433469369,2026-08-15 07:32:27.016,1119.43
Pulse experiments,pioreactor01,2026-08-15T01:47:31.996Z,0.057428812375,2026-08-15 07:32:31.996,1119.431111111111
Pulse experiments,pioreactor01,2026-08-15T01:47:37.012Z,0.057424175482,2026-08-15 07:32:37.012,1119.432777777778
Pulse experiments,pioreactor01,2026-08-15T01:47:42.016Z,0.057419636257,2026-08-15 07:32:42.016,1119.434166666667
Pulse experiments,pioreactor01,2026-08-15T01:47:46.993Z,0.057415206199,2026-08-15 07:32:46.993,1119.435277777778
Pulse experiments,pioreactor01,2026-08-15T01:47:51.992Z,0.057410256743,2026-08-15 07:32:51.992,1119.436666666667
Pulse experiments,pioreactor01,2026-08-15T01:47:56.989Z,0.05739851172,2026-08-15 07:32:56.989,1119.438055555556
Pulse experiments,pioreactor01,2026-08-15T01:48:01.994Z,0.057385183046,2026-08-15 07:33:01.994,1119.439444444444
Pulse experiments,pioreactor01,2026-08-15T01:48:06.998Z,0.057377775566,2026-08-15 07:33:06.998,1119.440833333333
Pulse experiments,pioreactor01,2026-08-15T01:48:11.994Z,0.05736925331,2026-08-15 07:33:11.994,1119.442222222222
Pulse experiments,pioreactor01,2026-08-15T01:48:16.993Z,0.057355220122,2026-08-15 07:33:16.993,1119.443611111111
Pulse experiments,pioreactor01,2026-08-15T01:48:21.995Z,0.05739173068,2026-08-15 07:33:21.995,1119.445
Pulse experiments,pioreactor01,2026-08-15T01:48:26.992Z,0.057370253417,2026-08-15 07:33:26.992,1119.446388888889
Pulse experiments,pioreactor01,2026-08-15T01:48:31.999Z,0.057367611474,2026-08-15 07:33:31.999,1119.447777777778
Pulse experiments,pioreactor01,2026-08-15T01:48:37.003Z,0.057368787838,2026-08-15 07:33:37.003,1119.449444444444
Pulse experiments,pioreactor01,2026-08-15T01:48:46.996Z,0.057357461594,2026-08-15 07:33:46.996,1119.451944444445
Pulse experiments,pioreactor01,2026-08-15T01:48:52.005Z,0.05737462268,2026-08-15 07:33:52.005,1119.453611111111
Pulse experiments,pioreactor01,2026-08-15T01:48:57.001Z,0.057402727482,2026-08-15 07:33:57.001,1119.455
Pulse experiments,pioreactor01,2026-08-15T01:49:01.994Z,0.057448618154,2026-08-15 07:34:01.994,1119.456111111111
Pulse experiments,pioreactor01,2026-08-15T01:49:06.996Z,0.057487648417,2026-08-15 07:34:06.996,1119.4575
Pulse experiments,pioreactor01,2026-08-15T01:49:12.003Z,0.057545365939,2026-08-15 07:34:12.003,1119.459166666667
Pulse experiments,pioreactor01,2026-08-15T01:49:17.002Z,0.057551242384,2026-08-15 07:34:17.002,1119.460555555556
Pulse experiments,pioreactor01,2026-08-15T01:49:21.990Z,0.057520672197,2026-08-15 07:34:21.990,1119.461666666667
Pulse experiments,pioreactor01,2026-08-15T01:49:26.998Z,0.057520096492,2026-08-15 07:34:26.998,1119.463055555555
Pulse experiments,pioreactor01,2026-08-15T01:49:32.002Z,0.057522071741,2026-08-15 07:34:32.002,1119.464722222222
Pulse experiments,pioreactor01,2026-08-15T01:49:36.999Z,0.057475917562,2026-08-15 07:34:36.999,1119.465833333333
Pulse experiments,pioreactor01,2026-08-15T01:49:41.995Z,0.057473355718,2026-08-15 07:34:41.995,1119.467222222222
Pulse experiments,pioreactor01,2026-08-15T01:49:46.989Z,0.05745688027,2026-08-15 07:34:46.989,1119.468611111111
Pulse experiments,pioreactor01,2026-08-15T01:49:51.990Z,0.05745042906,2026-08-15 07:34:51.990,1119.47
Pulse experiments,pioreactor01,2026-08-15T01:49:56.993Z,0.057423819897,2026-08-15 07:34:56.993,1119.471388888889
Pulse experiments,pioreactor01,2026-08-15T01:50:01.991Z,0.057497581445,2026-08-15 07:35:01.991,1119.472777777778
Pulse experiments,pioreactor01,2026-08-15T01:50:06.998Z,0.057489359994,2026-08-15 07:35:06.998,1119.474166666667
Pulse experiments,pioreactor01,2026-08-15T01:50:12.015Z,0.057397097099,2026-08-15 07:35:12.015,1119.475833333333
Pulse experiments,pioreactor01,2026-08-15T01:50:17.019Z,0.057397893723,2026-08-15 07:35:17.019,1119.477222222222
Pulse experiments,pioreactor01,2026-08-15T01:50:22.025Z,0.057409474501,2026-08-15 07:35:22.025,1119.478611111111
Pulse experiments,pioreactor01,2026-08-15T01:50:26.998Z,0.057519660235,2026-08-15 07:35:26.998,1119.479722222222
Pulse experiments,pioreactor01,2026-08-15T01:50:37.008Z,0.0575123319,2026-08-15 07:35:37.008,1119.482777777778
Pulse experiments,pioreactor01,2026-08-15T01:50:41.994Z,0.057487997576,2026-08-15 07:35:41.994,1119.483888888889
Pulse experiments,pioreactor01,2026-08-15T01:50:46.996Z,0.057528375354,2026-08-15 07:35:46.996,1119.485277777778
Pulse experiments,pioreactor01,2026-08-15T01:50:51.994Z,0.057540549567,2026-08-15 07:35:51.994,1119.486666666667
Pulse experiments,pioreactor01,2026-08-15T01:50:56.998Z,0.057713937981,2026-08-15 07:35:56.998,1119.488055555556
Pulse experiments,pioreactor01,2026-08-15T01:51:01.996Z,0.057728164701,2026-08-15 07:36:01.996,1119.489444444444
Pulse experiments,pioreactor01,2026-08-15T01:51:06.997Z,0.057578489233,2026-08-15 07:36:06.997,1119.490833333333
Pulse experiments,pioreactor01,2026-08-15T01:51:11.996Z,0.057347422022,2026-08-15 07:36:11.996,1119.492222222222
Pulse experiments,pioreactor01,2026-08-15T01:51:16.996Z,0.057346246015,2026-08-15 07:36:16.996,1119.493611111111
Pulse experiments,pioreactor01,2026-08-15T01:51:26.992Z,0.057497099969,2026-08-15 07:36:26.992,1119.496388888889
Pulse experiments,pioreactor01,2026-08-15T01:51:32.026Z,0.057556249826,2026-08-15 07:36:32.026,1119.498055555556
Pulse experiments,pioreactor01,2026-08-15T01:51:36.995Z,0.05764073224,2026-08-15 07:36:36.995,1119.499166666667
Pulse experiments,pioreactor01,2026-08-15T01:51:42.003Z,0.057622949685,2026-08-15 07:36:42.003,1119.500833333333
Pulse experiments,pioreactor01,2026-08-15T01:51:47.007Z,0.057734059047,2026-08-15 07:36:47.007,1119.502222222222
Pulse experiments,pioreactor01,2026-08-15T01:51:52.008Z,0.057986236536,2026-08-15 07:36:52.008,1119.503611111111
Pulse experiments,pioreactor01,2026-08-15T01:51:56.996Z,0.058093952526,2026-08-15 07:36:56.996,1119.504722222222
Pulse experiments,pioreactor01,2026-08-15T01:52:06.993Z,0.058271499818,2026-08-15 07:37:06.993,1119.5075
Pulse experiments,pioreactor01,2026-08-15T01:52:11.997Z,0.058460153821,2026-08-15 07:37:11.997,1119.508888888889
Pulse experiments,pioreactor01,2026-08-15T01:52:16.997Z,0.058439566649,2026-08-15 07:37:16.997,1119.510277777778
Pulse experiments,pioreactor01,2026-08-15T01:52:21.996Z,0.058394892152,2026-08-15 07:37:21.996,1119.511666666667
Pulse experiments,pioreactor01,2026-08-15T01:52:26.993Z,0.058076418503,2026-08-15 07:37:26.993,1119.513055555556
Pulse experiments,pioreactor01,2026-08-15T01:52:31.995Z,0.058041887161,2026-08-15 07:37:31.995,1119.514444444445
Pulse experiments,pioreactor01,2026-08-15T01:52:36.994Z,0.058088233209,2026-08-15 07:37:36.994,1119.515833333333
Pulse experiments,pioreactor01,2026-08-15T01:52:41.991Z,0.058269841817,2026-08-15 07:37:41.991,1119.517222222222
Pulse experiments,pioreactor01,2026-08-15T01:52:46.993Z,0.058145960598,2026-08-15 07:37:46.993,1119.518611111111
Pulse experiments,pioreactor01,2026-08-15T01:52:51.997Z,0.057974173213,2026-08-15 07:37:51.997,1119.52
Pulse experiments,pioreactor01,2026-08-15T01:52:56.994Z,0.058018501373,2026-08-15 07:37:56.994,1119.521388888889
Pulse experiments,pioreactor01,2026-08-15T01:53:01.991Z,0.057898693791,2026-08-15 07:38:01.991,1119.522777777778
Pulse experiments,pioreactor01,2026-08-15T01:53:06.999Z,0.058059669475,2026-08-15 07:38:06.999,1119.524166666667
Pulse experiments,pioreactor01,2026-08-15T01:53:11.996Z,0.0580121355,2026-08-15 07:38:11.996,1119.525555555555
Pulse experiments,pioreactor01,2026-08-15T01:53:17.002Z,0.057814910796,2026-08-15 07:38:17.002,1119.527222222222
Pulse experiments,pioreactor01,2026-08-15T01:53:21.996Z,0.057684328669,2026-08-15 07:38:21.996,1119.528333333333
Pulse experiments,pioreactor01,2026-08-15T01:53:27.006Z,0.057790961157,2026-08-15 07:38:27.006,1119.53
Pulse experiments,pioreactor01,2026-08-15T01:53:31.998Z,0.057587590151,2026-08-15 07:38:31.998,1119.531111111111
Pulse experiments,pioreactor01,2026-08-15T01:53:37.006Z,0.057594806625,2026-08-15 07:38:37.006,1119.532777777778
Pulse experiments,pioreactor01,2026-08-15T01:53:42.001Z,0.057673154688,2026-08-15 07:38:42.001,1119.534166666667
Pulse experiments,pioreactor01,2026-08-15T01:53:47.002Z,0.057695468548,2026-08-15 07:38:47.002,1119.535555555555
Pulse experiments,pioreactor01,2026-08-15T01:53:52.017Z,0.05792253782,2026-08-15 07:38:52.017,1119.536944444445
Pulse experiments,pioreactor01,2026-08-15T01:53:57.036Z,0.058151628702,2026-08-15 07:38:57.036,1119.538333333333
Pulse experiments,pioreactor01,2026-08-15T01:54:02.022Z,0.058002264508,2026-08-15 07:39:02.022,1119.539722222222
Pulse experiments,pioreactor01,2026-08-15T01:54:07.027Z,0.057990076523,2026-08-15 07:39:07.027,1119.541111111111
Pulse experiments,pioreactor01,2026-08-15T01:54:12.029Z,0.058102578153,2026-08-15 07:39:12.029,1119.5425
Pulse experiments,pioreactor01,2026-08-15T01:54:17.022Z,0.057976142348,2026-08-15 07:39:17.022,1119.543888888889
Pulse experiments,pioreactor01,2026-08-15T01:54:22.058Z,0.057910167084,2026-08-15 07:39:22.058,1119.545277777778
Pulse experiments,pioreactor01,2026-08-15T01:54:27.001Z,0.057657304646,2026-08-15 07:39:27.001,1119.546666666667
Pulse experiments,pioreactor01,2026-08-15T01:54:31.991Z,0.05748340086,2026-08-15 07:39:31.991,1119.547777777778
Pulse experiments,pioreactor01,2026-08-15T01:54:37.005Z,0.057464939599,2026-08-15 07:39:37.005,1119.549444444444
Pulse experiments,pioreactor01,2026-08-15T01:54:41.990Z,0.057304221129,2026-08-15 07:39:41.990,1119.550555555556
Pulse experiments,pioreactor01,2026-08-15T01:54:46.999Z,0.057158604567,2026-08-15 07:39:46.999,1119.551944444444
Pulse experiments,pioreactor01,2026-08-15T01:54:51.996Z,0.056875727573,2026-08-15 07:39:51.996,1119.553333333333
Pulse experiments,pioreactor01,2026-08-15T01:54:57.000Z,0.05661854417,2026-08-15 07:39:57.000,1119.555
Pulse experiments,pioreactor01,2026-08-15T01:55:01.990Z,0.056535600376,2026-08-15 07:40:01.990,1119.556111111111
Pulse experiments,pioreactor01,2026-08-15T01:55:06.999Z,0.05666322169,2026-08-15 07:40:06.999,1119.5575
Pulse experiments,pioreactor01,2026-08-15T01:55:12.000Z,0.056734629653,2026-08-15 07:40:12.000,1119.559166666667
Pulse experiments,pioreactor01,2026-08-15T01:55:16.994Z,0.05651793808,2026-08-15 07:40:16.994,1119.560277777778
Pulse experiments,pioreactor01,2026-08-15T01:55:21.989Z,0.05617674418,2026-08-15 07:40:21.989,1119.561666666667
Pulse experiments,pioreactor01,2026-08-15T01:55:26.997Z,0.056157820514,2026-08-15 07:40:26.997,1119.563055555556
Pulse experiments,pioreactor01,2026-08-15T01:55:31.992Z,0.056122322924,2026-08-15 07:40:31.992,1119.564444444444
Pulse experiments,pioreactor01,2026-08-15T01:55:36.998Z,0.055963670784,2026-08-15 07:40:36.998,1119.565833333333
Pulse experiments,pioreactor01,2026-08-15T01:55:42.020Z,0.055465331072,2026-08-15 07:40:42.020,1119.5675
Pulse experiments,pioreactor01,2026-08-15T01:55:46.987Z,0.055413985727,2026-08-15 07:40:46.987,1119.568611111111
Pulse experiments,pioreactor01,2026-08-15T01:55:51.991Z,0.055622607241,2026-08-15 07:40:51.991,1119.57
Pulse experiments,pioreactor01,2026-08-15T01:55:56.985Z,0.055529644648,2026-08-15 07:40:56.985,1119.571388888889
Pulse experiments,pioreactor01,2026-08-15T01:56:01.996Z,0.055748810433,2026-08-15 07:41:01.996,1119.572777777778
Pulse experiments,pioreactor01,2026-08-15T01:56:06.990Z,0.055924223086,2026-08-15 07:41:06.990,1119.574166666667
Pulse experiments,pioreactor01,2026-08-15T01:56:11.990Z,0.056202028292,2026-08-15 07:41:11.990,1119.575555555556
Pulse experiments,pioreactor01,2026-08-15T01:56:16.998Z,0.056474861388,2026-08-15 07:41:16.998,1119.576944444445
Pulse experiments,pioreactor01,2026-08-15T01:56:21.993Z,0.056739149443,2026-08-15 07:41:21.993,1119.578333333333
Pulse experiments,pioreactor01,2026-08-15T01:56:26.983Z,0.056600594317,2026-08-15 07:41:26.983,1119.579722222222
Pulse experiments,pioreactor01,2026-08-15T01:56:31.983Z,0.056228360083,2026-08-15 07:41:31.983,1119.581111111111
Pulse experiments,pioreactor01,2026-08-15T01:56:36.983Z,0.056093970177,2026-08-15 07:41:36.983,1119.5825
Pulse experiments,pioreactor01,2026-08-15T01:56:41.981Z,0.055942430854,2026-08-15 07:41:41.981,1119.583888888889
Pulse experiments,pioreactor01,2026-08-15T01:56:46.983Z,0.055840014503,2026-08-15 07:41:46.983,1119.585277777778
Pulse experiments,pioreactor01,2026-08-15T01:56:51.981Z,0.055647834926,2026-08-15 07:41:51.981,1119.586666666667
Pulse experiments,pioreactor01,2026-08-15T01:56:56.986Z,0.055771006539,2026-08-15 07:41:56.986,1119.588055555555
Pulse experiments,pioreactor01,2026-08-15T01:57:01.982Z,0.055402140653,2026-08-15 07:42:01.982,1119.589444444445
Pulse experiments,pioreactor01,2026-08-15T01:57:06.981Z,0.055818341691,2026-08-15 07:42:06.981,1119.590833333333
Pulse experiments,pioreactor01,2026-08-15T01:57:11.982Z,0.056046456925,2026-08-15 07:42:11.982,1119.592222222222
Pulse experiments,pioreactor01,2026-08-15T01:57:16.981Z,0.056451683522,2026-08-15 07:42:16.981,1119.593611111111
Pulse experiments,pioreactor01,2026-08-15T01:57:21.981Z,0.056749691319,2026-08-15 07:42:21.981,1119.595
Pulse experiments,pioreactor01,2026-08-15T01:57:26.986Z,0.056842746978,2026-08-15 07:42:26.986,1119.596388888889
Pulse experiments,pioreactor01,2026-08-15T01:57:31.981Z,0.056977879353,2026-08-15 07:42:31.981,1119.597777777778
Pulse experiments,pioreactor01,2026-08-15T01:57:36.982Z,0.056968228959,2026-08-15 07:42:36.982,1119.599166666667
Pulse experiments,pioreactor01,2026-08-15T01:57:41.982Z,0.056987833804,2026-08-15 07:42:41.982,1119.600555555556
Pulse experiments,pioreactor01,2026-08-15T01:57:46.982Z,0.057005630573,2026-08-15 07:42:46.982,1119.601944444444
Pulse experiments,pioreactor01,2026-08-15T01:57:51.984Z,0.057034679427,2026-08-15 07:42:51.984,1119.603333333333
Pulse experiments,pioreactor01,2026-08-15T01:57:56.982Z,0.057179569755,2026-08-15 07:42:56.982,1119.604722222222
Pulse experiments,pioreactor01,2026-08-15T01:58:01.984Z,0.057210014705,2026-08-15 07:43:01.984,1119.606111111111
Pulse experiments,pioreactor01,2026-08-15T01:58:06.986Z,0.057041067242,2026-08-15 07:43:06.986,1119.6075
Pulse experiments,pioreactor01,2026-08-15T01:58:11.983Z,0.056587762837,2026-08-15 07:43:11.983,1119.608888888889
Pulse experiments,pioreactor01,2026-08-15T01:58:16.982Z,0.056357095187,2026-08-15 07:43:16.982,1119.610277777778
Pulse experiments,pioreactor01,2026-08-15T01:58:21.982Z,0.056346957248,2026-08-15 07:43:21.982,1119.611666666667
Pulse experiments,pioreactor01,2026-08-15T01:58:26.981Z,0.056381101275,2026-08-15 07:43:26.981,1119.613055555556
Pulse experiments,pioreactor01,2026-08-15T01:58:31.984Z,0.056548023586,2026-08-15 07:43:31.984,1119.614444444444
Pulse experiments,pioreactor01,2026-08-15T01:58:36.982Z,0.056497249768,2026-08-15 07:43:36.982,1119.615833333333
Pulse experiments,pioreactor01,2026-08-15T01:58:46.982Z,0.056435505862,2026-08-15 07:43:46.982,1119.618611111111
Pulse experiments,pioreactor01,2026-08-15T01:58:56.982Z,0.056682766308,2026-08-15 07:43:56.982,1119.621388888889
Pulse experiments,pioreactor01,2026-08-15T01:59:01.981Z,0.056734705988,2026-08-15 07:44:01.981,1119.622777777778
Pulse experiments,pioreactor01,2026-08-15T01:59:06.982Z,0.056354861794,2026-08-15 07:44:06.982,1119.624166666667
Pulse experiments,pioreactor01,2026-08-15T01:59:11.983Z,0.056226127317,2026-08-15 07:44:11.983,1119.625555555556
Pulse experiments,pioreactor01,2026-08-15T01:59:16.984Z,0.055933103683,2026-08-15 07:44:16.984,1119.626944444444
Pulse experiments,pioreactor01,2026-08-15T01:59:21.981Z,0.05589883573,2026-08-15 07:44:21.981,1119.628333333333
Pulse experiments,pioreactor01,2026-08-15T01:59:26.982Z,0.055973338574,2026-08-15 07:44:26.982,1119.629722222222
Pulse experiments,pioreactor01,2026-08-15T01:59:31.983Z,0.056042056633,2026-08-15 07:44:31.983,1119.631111111111
Pulse experiments,pioreactor01,2026-08-15T01:59:36.983Z,0.055987069145,2026-08-15 07:44:36.983,1119.6325
Pulse experiments,pioreactor01,2026-08-15T01:59:41.983Z,0.05589059847,2026-08-15 07:44:41.983,1119.633888888889
Pulse experiments,pioreactor01,2026-08-15T01:59:46.982Z,0.055571538282,2026-08-15 07:44:46.982,1119.635277777778
Pulse experiments,pioreactor01,2026-08-15T01:59:51.982Z,0.055516806953,2026-08-15 07:44:51.982,1119.636666666667
Pulse experiments,pioreactor01,2026-08-15T01:59:56.982Z,0.055111460772,2026-08-15 07:44:56.982,1119.638055555556
Pulse experiments,pioreactor01,2026-08-15T02:00:06.982Z,0.055271601546,2026-08-15 07:45:06.982,1119.640833333333
Pulse experiments,pioreactor01,2026-08-15T02:00:11.981Z,0.055133297128,2026-08-15 07:45:11.981,1119.642222222222
Pulse experiments,pioreactor01,2026-08-15T02:00:16.985Z,0.054730120409,2026-08-15 07:45:16.985,1119.643611111111
Pulse experiments,pioreactor01,2026-08-15T02:00:21.983Z,0.054720524311,2026-08-15 07:45:21.983,1119.645
Pulse experiments,pioreactor01,2026-08-15T02:00:26.982Z,0.054508730791,2026-08-15 07:45:26.982,1119.646388888889
Pulse experiments,pioreactor01,2026-08-15T02:00:31.984Z,0.054781632035,2026-08-15 07:45:31.984,1119.647777777778
Pulse experiments,pioreactor01,2026-08-15T02:00:36.982Z,0.055020331099,2026-08-15 07:45:36.982,1119.649166666667
Pulse experiments,pioreactor01,2026-08-15T02:00:41.983Z,0.054880083098,2026-08-15 07:45:41.983,1119.650555555555
Pulse experiments,pioreactor01,2026-08-15T02:00:46.983Z,0.055350401107,2026-08-15 07:45:46.983,1119.651944444445
Pulse experiments,pioreactor01,2026-08-15T02:00:51.982Z,0.055297094108,2026-08-15 07:45:51.982,1119.653333333333
Pulse experiments,pioreactor01,2026-08-15T02:00:56.982Z,0.055406113217,2026-08-15 07:45:56.982,1119.654722222222
Pulse experiments,pioreactor01,2026-08-15T02:01:01.982Z,0.055569514083,2026-08-15 07:46:01.982,1119.656111111111
Pulse experiments,pioreactor01,2026-08-15T02:01:06.983Z,0.055299245522,2026-08-15 07:46:06.983,1119.6575
Pulse experiments,pioreactor01,2026-08-15T02:01:11.981Z,0.05502152624,2026-08-15 07:46:11.981,1119.658888888889
Pulse experiments,pioreactor01,2026-08-15T02:01:16.983Z,0.055192013555,2026-08-15 07:46:16.983,1119.660277777778
Pulse experiments,pioreactor01,2026-08-15T02:01:21.981Z,0.055314363537,2026-08-15 07:46:21.981,1119.661666666667
Pulse experiments,pioreactor01,2026-08-15T02:01:26.983Z,0.055633251594,2026-08-15 07:46:26.983,1119.663055555556
Pulse experiments,pioreactor01,2026-08-15T02:01:31.981Z,0.055632089693,2026-08-15 07:46:31.981,1119.664444444444
Pulse experiments,pioreactor01,2026-08-15T02:01:36.980Z,0.055466268723,2026-08-15 07:46:36.980,1119.665833333333
Pulse experiments,pioreactor01,2026-08-15T02:01:41.981Z,0.055209884445,2026-08-15 07:46:41.981,1119.667222222222
Pulse experiments,pioreactor01,2026-08-15T02:01:46.982Z,0.055076202091,2026-08-15 07:46:46.982,1119.668611111111
Pulse experiments,pioreactor01,2026-08-15T02:01:51.985Z,0.055050539796,2026-08-15 07:46:51.985,1119.67
Pulse experiments,pioreactor01,2026-08-15T02:01:56.982Z,0.055339672759,2026-08-15 07:46:56.982,1119.671388888889
Pulse experiments,pioreactor01,2026-08-15T02:02:01.983Z,0.055447865882,2026-08-15 07:47:01.983,1119.672777777778
Pulse experiments,pioreactor01,2026-08-15T02:02:06.983Z,0.05555022438,2026-08-15 07:47:06.983,1119.674166666667
Pulse experiments,pioreactor01,2026-08-15T02:02:11.981Z,0.055662845641,2026-08-15 07:47:11.981,1119.675555555556
Pulse experiments,pioreactor01,2026-08-15T02:02:16.984Z,0.055875548674,2026-08-15 07:47:16.984,1119.676944444444
Pulse experiments,pioreactor01,2026-08-15T02:02:21.982Z,0.055544726783,2026-08-15 07:47:21.982,1119.678333333333
Pulse experiments,pioreactor01,2026-08-15T02:02:26.982Z,0.055516953939,2026-08-15 07:47:26.982,1119.679722222222
Pulse experiments,pioreactor01,2026-08-15T02:02:31.982Z,0.055282218075,2026-08-15 07:47:31.982,1119.681111111111
Pulse experiments,pioreactor01,2026-08-15T02:02:36.981Z,0.055242217671,2026-08-15 07:47:36.981,1119.6825
Pulse experiments,pioreactor01,2026-08-15T02:02:41.984Z,0.055296622235,2026-08-15 07:47:41.984,1119.683888888889
Pulse experiments,pioreactor01,2026-08-15T02:02:51.982Z,0.055011577784,2026-08-15 07:47:51.982,1119.686666666667
Pulse experiments,pioreactor01,2026-08-15T02:02:56.982Z,0.054658331022,2026-08-15 07:47:56.982,1119.688055555556
Pulse experiments,pioreactor01,2026-08-15T02:03:01.985Z,0.054693321321,2026-08-15 07:48:01.985,1119.689444444444
Pulse experiments,pioreactor01,2026-08-15T02:03:06.982Z,0.055019735878,2026-08-15 07:48:06.982,1119.690833333333
Pulse experiments,pioreactor01,2026-08-15T02:03:11.983Z,0.054989302551,2026-08-15 07:48:11.983,1119.692222222222
Pulse experiments,pioreactor01,2026-08-15T02:03:16.984Z,0.054801778278,2026-08-15 07:48:16.984,1119.693611111111
Pulse experiments,pioreactor01,2026-08-15T02:03:21.983Z,0.054489336551,2026-08-15 07:48:21.983,1119.695
Pulse experiments,pioreactor01,2026-08-15T02:03:26.984Z,0.054014902069,2026-08-15 07:48:26.984,1119.696388888889
Pulse experiments,pioreactor01,2026-08-15T02:03:31.982Z,0.053791023771,2026-08-15 07:48:31.982,1119.697777777778
Pulse experiments,pioreactor01,2026-08-15T02:03:36.982Z,0.053434445258,2026-08-15 07:48:36.982,1119.699166666667
Pulse experiments,pioreactor01,2026-08-15T02:03:41.981Z,0.053115309876,2026-08-15 07:48:41.981,1119.700555555556
Pulse experiments,pioreactor01,2026-08-15T02:03:46.984Z,0.052956753129,2026-08-15 07:48:46.984,1119.701944444445
Pulse experiments,pioreactor01,2026-08-15T02:03:51.981Z,0.052738436222,2026-08-15 07:48:51.981,1119.703333333333
Pulse experiments,pioreactor01,2026-08-15T02:03:56.983Z,0.052441852401,2026-08-15 07:48:56.983,1119.704722222222
Pulse experiments,pioreactor01,2026-08-15T02:04:01.983Z,0.052123542023,2026-08-15 07:49:01.983,1119.706111111111
Pulse experiments,pioreactor01,2026-08-15T02:04:06.982Z,0.051958308452,2026-08-15 07:49:06.982,1119.7075
Pulse experiments,pioreactor01,2026-08-15T02:04:11.982Z,0.051523629047,2026-08-15 07:49:11.982,1119.708888888889
Pulse experiments,pioreactor01,2026-08-15T02:04:16.982Z,0.051326065301,2026-08-15 07:49:16.982,1119.710277777778
Pulse experiments,pioreactor01,2026-08-15T02:04:21.981Z,0.051192728311,2026-08-15 07:49:21.981,1119.711666666667
Pulse experiments,pioreactor01,2026-08-15T02:04:26.983Z,0.051098688165,2026-08-15 07:49:26.983,1119.713055555555
Pulse experiments,pioreactor01,2026-08-15T02:04:31.981Z,0.051238402824,2026-08-15 07:49:31.981,1119.714444444445
Pulse experiments,pioreactor01,2026-08-15T02:04:36.983Z,0.051056077817,2026-08-15 07:49:36.983,1119.715833333333
Pulse experiments,pioreactor01,2026-08-15T02:04:41.982Z,0.051290487318,2026-08-15 07:49:41.982,1119.717222222222
Pulse experiments,pioreactor01,2026-08-15T02:04:46.983Z,0.051516028108,2026-08-15 07:49:46.983,1119.718611111111
Pulse experiments,pioreactor01,2026-08-15T02:04:51.981Z,0.05171236931,2026-08-15 07:49:51.981,1119.72
Pulse experiments,pioreactor01,2026-08-15T02:04:56.982Z,0.051467405422,2026-08-15 07:49:56.982,1119.721388888889
Pulse experiments,pioreactor01,2026-08-15T02:05:01.981Z,0.051230885051,2026-08-15 07:50:01.981,1119.722777777778
Pulse experiments,pioreactor01,2026-08-15T02:05:06.983Z,0.051249142622,2026-08-15 07:50:06.983,1119.724166666667
Pulse experiments,pioreactor01,2026-08-15T02:05:11.982Z,0.051186410453,2026-08-15 07:50:11.982,1119.725555555556
Pulse experiments,pioreactor01,2026-08-15T02:05:16.981Z,0.051104946173,2026-08-15 07:50:16.981,1119.726944444444
Pulse experiments,pioreactor01,2026-08-15T02:05:21.980Z,0.051114651198,2026-08-15 07:50:21.980,1119.728333333333
Pulse experiments,pioreactor01,2026-08-15T02:05:26.981Z,0.051209871558,2026-08-15 07:50:26.981,1119.729722222222
Pulse experiments,pioreactor01,2026-08-15T02:05:31.983Z,0.051253492388,2026-08-15 07:50:31.983,1119.731111111111
Pulse experiments,pioreactor01,2026-08-15T02:05:36.981Z,0.051329984503,2026-08-15 07:50:36.981,1119.7325
Pulse experiments,pioreactor01,2026-08-15T02:05:46.984Z,0.051168777884,2026-08-15 07:50:46.984,1119.735277777778
Pulse experiments,pioreactor01,2026-08-15T02:05:51.982Z,0.051442031468,2026-08-15 07:50:51.982,1119.736666666667
Pulse experiments,pioreactor01,2026-08-15T02:05:56.985Z,0.051536632197,2026-08-15 07:50:56.985,1119.738055555556
Pulse experiments,pioreactor01,2026-08-15T02:06:01.980Z,0.051661871526,2026-08-15 07:51:01.980,1119.739444444444
Pulse experiments,pioreactor01,2026-08-15T02:06:06.981Z,0.051729451418,2026-08-15 07:51:06.981,1119.740833333333
Pulse experiments,pioreactor01,2026-08-15T02:06:11.984Z,0.05152566477,2026-08-15 07:51:11.984,1119.742222222222
Pulse experiments,pioreactor01,2026-08-15T02:06:16.984Z,0.051439988427,2026-08-15 07:51:16.984,1119.743611111111
Pulse experiments,pioreactor01,2026-08-15T02:06:21.982Z,0.051443858289,2026-08-15 07:51:21.982,1119.745
Pulse experiments,pioreactor01,2026-08-15T02:06:26.982Z,0.051546980011,2026-08-15 07:51:26.982,1119.746388888889
Pulse experiments,pioreactor01,2026-08-15T02:06:31.984Z,0.051486988099,2026-08-15 07:51:31.984,1119.747777777778
Pulse experiments,pioreactor01,2026-08-15T02:06:36.983Z,0.051673847838,2026-08-15 07:51:36.983,1119.749166666667
Pulse experiments,pioreactor01,2026-08-15T02:06:41.984Z,0.051557504708,2026-08-15 07:51:41.984,1119.750555555556
Pulse experiments,pioreactor01,2026-08-15T02:06:46.984Z,0.051298729567,2026-08-15 07:51:46.984,1119.751944444444
Pulse experiments,pioreactor01,2026-08-15T02:06:51.982Z,0.051346744156,2026-08-15 07:51:51.982,1119.753333333333
Pulse experiments,pioreactor01,2026-08-15T02:06:56.981Z,0.051358967836,2026-08-15 07:51:56.981,1119.754722222222
Pulse experiments,pioreactor01,2026-08-15T02:07:06.981Z,0.051413744495,2026-08-15 07:52:06.981,1119.7575
Pulse experiments,pioreactor01,2026-08-15T02:07:11.982Z,0.051252966359,2026-08-15 07:52:11.982,1119.758888888889
Pulse experiments,pioreactor01,2026-08-15T02:07:26.982Z,0.051122222306,2026-08-15 07:52:26.982,1119.763055555556
Pulse experiments,pioreactor01,2026-08-15T02:07:31.983Z,0.050854634529,2026-08-15 07:52:31.983,1119.764444444445
Pulse experiments,pioreactor01,2026-08-15T02:07:36.982Z,0.050516978584,2026-08-15 07:52:36.982,1119.765833333333
Pulse experiments,pioreactor01,2026-08-15T02:07:41.983Z,0.05041654509,2026-08-15 07:52:41.983,1119.767222222222
Pulse experiments,pioreactor01,2026-08-15T02:07:46.983Z,0.050277809973,2026-08-15 07:52:46.983,1119.768611111111
Pulse experiments,pioreactor01,2026-08-15T02:07:51.981Z,0.050181250978,2026-08-15 07:52:51.981,1119.77
Pulse experiments,pioreactor01,2026-08-15T02:07:56.982Z,0.050052586884,2026-08-15 07:52:56.982,1119.771388888889
Pulse experiments,pioreactor01,2026-08-15T02:08:01.981Z,0.05001481021,2026-08-15 07:53:01.981,1119.772777777778
Pulse experiments,pioreactor01,2026-08-15T02:08:06.982Z,0.050201353757,2026-08-15 07:53:06.982,1119.774166666667
Pulse experiments,pioreactor01,2026-08-15T02:08:11.981Z,0.05041481214,2026-08-15 07:53:11.981,1119.775555555555
Pulse experiments,pioreactor01,2026-08-15T02:08:16.983Z,0.050551113898,2026-08-15 07:53:16.983,1119.776944444445
Pulse experiments,pioreactor01,2026-08-15T02:08:21.983Z,0.050478243778,2026-08-15 07:53:21.983,1119.778333333333
Pulse experiments,pioreactor01,2026-08-15T02:08:26.981Z,0.050287166337,2026-08-15 07:53:26.981,1119.779722222222
Pulse experiments,pioreactor01,2026-08-15T02:08:31.982Z,0.050269568542,2026-08-15 07:53:31.982,1119.781111111111
Pulse experiments,pioreactor01,2026-08-15T02:08:36.983Z,0.050300926304,2026-08-15 07:53:36.983,1119.7825
Pulse experiments,pioreactor01,2026-08-15T02:08:41.983Z,0.0504480497,2026-08-15 07:53:41.983,1119.783888888889
Pulse experiments,pioreactor01,2026-08-15T02:08:46.982Z,0.050531007911,2026-08-15 07:53:46.982,1119.785277777778
Pulse experiments,pioreactor01,2026-08-15T02:08:51.981Z,0.050458229796,2026-08-15 07:53:51.981,1119.786666666667
Pulse experiments,pioreactor01,2026-08-15T02:08:56.982Z,0.05052866914,2026-08-15 07:53:56.982,1119.788055555556
Pulse experiments,pioreactor01,2026-08-15T02:09:01.981Z,0.050659005259,2026-08-15 07:54:01.981,1119.789444444444
Pulse experiments,pioreactor01,2026-08-15T02:09:06.982Z,0.050736469072,2026-08-15 07:54:06.982,1119.790833333333
Pulse experiments,pioreactor01,2026-08-15T02:09:11.984Z,0.050704681938,2026-08-15 07:54:11.984,1119.792222222222
Pulse experiments,pioreactor01,2026-08-15T02:09:16.982Z,0.050959477913,2026-08-15 07:54:16.982,1119.793611111111
Pulse experiments,pioreactor01,2026-08-15T02:09:21.982Z,0.051067793989,2026-08-15 07:54:21.982,1119.795
Pulse experiments,pioreactor01,2026-08-15T02:09:26.982Z,0.051211057329,2026-08-15 07:54:26.982,1119.796388888889
Pulse experiments,pioreactor01,2026-08-15T02:09:31.982Z,0.051432719863,2026-08-15 07:54:31.982,1119.797777777778
Pulse experiments,pioreactor01,2026-08-15T02:09:36.982Z,0.051597970993,2026-08-15 07:54:36.982,1119.799166666667
Pulse experiments,pioreactor01,2026-08-15T02:09:41.983Z,0.051557859164,2026-08-15 07:54:41.983,1119.800555555556
Pulse experiments,pioreactor01,2026-08-15T02:09:46.983Z,0.05151905489,2026-08-15 07:54:46.983,1119.801944444444
Pulse experiments,pioreactor01,2026-08-15T02:09:51.983Z,0.051378327944,2026-08-15 07:54:51.983,1119.803333333333
Pulse experiments,pioreactor01,2026-08-15T02:09:56.981Z,0.0514817463,2026-08-15 07:54:56.981,1119.804722222222
Pulse experiments,pioreactor01,2026-08-15T02:10:01.981Z,0.051406334903,2026-08-15 07:55:01.981,1119.806111111111
Pulse experiments,pioreactor01,2026-08-15T02:10:06.982Z,0.051435107061,2026-08-15 07:55:06.982,1119.8075
Pulse experiments,pioreactor01,2026-08-15T02:10:11.982Z,0.05130809616,2026-08-15 07:55:11.982,1119.808888888889
Pulse experiments,pioreactor01,2026-08-15T02:10:16.983Z,0.051063188639,2026-08-15 07:55:16.983,1119.810277777778
Pulse experiments,pioreactor01,2026-08-15T02:10:21.983Z,0.050767543082,2026-08-15 07:55:21.983,1119.811666666667
Pulse experiments,pioreactor01,2026-08-15T02:10:26.984Z,0.050419312142,2026-08-15 07:55:26.984,1119.813055555556
Pulse experiments,pioreactor01,2026-08-15T02:10:31.982Z,0.050117030035,2026-08-15 07:55:31.982,1119.814444444444
Pulse experiments,pioreactor01,2026-08-15T02:10:36.981Z,0.049954521351,2026-08-15 07:55:36.981,1119.815833333333
Pulse experiments,pioreactor01,2026-08-15T02:10:41.982Z,0.049862242932,2026-08-15 07:55:41.982,1119.817222222222
Pulse experiments,pioreactor01,2026-08-15T02:10:46.983Z,0.049975662666,2026-08-15 07:55:46.983,1119.818611111111
Pulse experiments,pioreactor01,2026-08-15T02:10:51.982Z,0.050107252181,2026-08-15 07:55:51.982,1119.82
Pulse experiments,pioreactor01,2026-08-15T02:10:56.982Z,0.050164445766,2026-08-15 07:55:56.982,1119.821388888889
Pulse experiments,pioreactor01,2026-08-15T02:11:01.982Z,0.049969866938,2026-08-15 07:56:01.982,1119.822777777778
Pulse experiments,pioreactor01,2026-08-15T02:11:06.981Z,0.049683902579,2026-08-15 07:56:06.981,1119.824166666667
Pulse experiments,pioreactor01,2026-08-15T02:11:11.983Z,0.049404782767,2026-08-15 07:56:11.983,1119.825555555556
Pulse experiments,pioreactor01,2026-08-15T02:11:16.983Z,0.049157175772,2026-08-15 07:56:16.983,1119.826944444445
Pulse experiments,pioreactor01,2026-08-15T02:11:21.982Z,0.048789384542,2026-08-15 07:56:21.982,1119.828333333333
Pulse experiments,pioreactor01,2026-08-15T02:11:26.982Z,0.048508430626,2026-08-15 07:56:26.982,1119.829722222222
Pulse experiments,pioreactor01,2026-08-15T02:11:31.981Z,0.048398946673,2026-08-15 07:56:31.981,1119.831111111111
Pulse experiments,pioreactor01,2026-08-15T02:11:36.983Z,0.048341789797,2026-08-15 07:56:36.983,1119.8325
Pulse experiments,pioreactor01,2026-08-15T02:11:46.982Z,0.047961036213,2026-08-15 07:56:46.982,1119.835277777778
Pulse experiments,pioreactor01,2026-08-15T02:11:51.982Z,0.04763638498,2026-08-15 07:56:51.982,1119.836666666667
Pulse experiments,pioreactor01,2026-08-15T02:11:56.982Z,0.047270569266,2026-08-15 07:56:56.982,1119.838055555555
Pulse experiments,pioreactor01,2026-08-15T02:12:01.981Z,0.047014291476,2026-08-15 07:57:01.981,1119.839444444445
Pulse experiments,pioreactor01,2026-08-15T02:12:06.983Z,0.046991498668,2026-08-15 07:57:06.983,1119.840833333333
Pulse experiments,pioreactor01,2026-08-15T02:12:11.982Z,0.047014846713,2026-08-15 07:57:11.982,1119.842222222222
Pulse experiments,pioreactor01,2026-08-15T02:12:16.983Z,0.047003373824,2026-08-15 07:57:16.983,1119.843611111111
Pulse experiments,pioreactor01,2026-08-15T02:12:21.984Z,0.047071846589,2026-08-15 07:57:21.984,1119.845
Pulse experiments,pioreactor01,2026-08-15T02:12:26.981Z,0.047173401597,2026-08-15 07:57:26.981,1119.846388888889
Pulse experiments,pioreactor01,2026-08-15T02:12:31.983Z,0.047112982914,2026-08-15 07:57:31.983,1119.847777777778
Pulse experiments,pioreactor01,2026-08-15T02:12:36.983Z,0.04692362658,2026-08-15 07:57:36.983,1119.849166666667
Pulse experiments,pioreactor01,2026-08-15T02:12:41.982Z,0.046588381316,2026-08-15 07:57:41.982,1119.850555555556
Pulse experiments,pioreactor01,2026-08-15T02:12:46.983Z,0.046397643558,2026-08-15 07:57:46.983,1119.851944444444
Pulse experiments,pioreactor01,2026-08-15T02:12:51.984Z,0.046334406263,2026-08-15 07:57:51.984,1119.853333333333
Pulse experiments,pioreactor01,2026-08-15T02:12:56.983Z,0.046259443308,2026-08-15 07:57:56.983,1119.854722222222
Pulse experiments,pioreactor01,2026-08-15T02:13:01.982Z,0.045966419123,2026-08-15 07:58:01.982,1119.856111111111
Pulse experiments,pioreactor01,2026-08-15T02:13:06.981Z,0.045655934,2026-08-15 07:58:06.981,1119.8575
Pulse experiments,pioreactor01,2026-08-15T02:13:11.982Z,0.045350071326,2026-08-15 07:58:11.982,1119.858888888889
Pulse experiments,pioreactor01,2026-08-15T02:13:16.982Z,0.04505240897,2026-08-15 07:58:16.982,1119.860277777778
Pulse experiments,pioreactor01,2026-08-15T02:13:21.981Z,0.04497784261,2026-08-15 07:58:21.981,1119.861666666667
Pulse experiments,pioreactor01,2026-08-15T02:13:26.983Z,0.045004798489,2026-08-15 07:58:26.983,1119.863055555556
Pulse experiments,pioreactor01,2026-08-15T02:13:31.981Z,0.044846723568,2026-08-15 07:58:31.981,1119.864444444444
Pulse experiments,pioreactor01,2026-08-15T02:13:36.983Z,0.044660986009,2026-08-15 07:58:36.983,1119.865833333333
Pulse experiments,pioreactor01,2026-08-15T02:13:41.983Z,0.044727179646,2026-08-15 07:58:41.983,1119.867222222222
Pulse experiments,pioreactor01,2026-08-15T02:13:46.981Z,0.044808442032,2026-08-15 07:58:46.981,1119.868611111111
Pulse experiments,pioreactor01,2026-08-15T02:13:51.983Z,0.044860024477,2026-08-15 07:58:51.983,1119.87
Pulse experiments,pioreactor01,2026-08-15T02:13:56.982Z,0.044890120197,2026-08-15 07:58:56.982,1119.871388888889
Pulse experiments,pioreactor01,2026-08-15T02:14:01.981Z,0.044854392673,2026-08-15 07:59:01.981,1119.872777777778
Pulse experiments,pioreactor01,2026-08-15T02:14:06.982Z,0.044744138612,2026-08-15 07:59:06.982,1119.874166666667
Pulse experiments,pioreactor01,2026-08-15T02:14:11.981Z,0.044856943368,2026-08-15 07:59:11.981,1119.875555555556
Pulse experiments,pioreactor01,2026-08-15T02:14:16.985Z,0.044766206738,2026-08-15 07:59:16.985,1119.876944444444
Pulse experiments,pioreactor01,2026-08-15T02:14:26.982Z,0.044485006562,2026-08-15 07:59:26.982,1119.879722222222
Pulse experiments,pioreactor01,2026-08-15T02:14:31.981Z,0.044181723295,2026-08-15 07:59:31.981,1119.881111111111
Pulse experiments,pioreactor01,2026-08-15T02:14:36.982Z,0.043940755431,2026-08-15 07:59:36.982,1119.8825
Pulse experiments,pioreactor01,2026-08-15T02:14:41.982Z,0.043912823953,2026-08-15 07:59:41.982,1119.883888888889
Pulse experiments,pioreactor01,2026-08-15T02:14:46.981Z,0.043868103778,2026-08-15 07:59:46.981,1119.885277777778
Pulse experiments,pioreactor01,2026-08-15T02:14:51.982Z,0.04390369597,2026-08-15 07:59:51.982,1119.886666666667
Pulse experiments,pioreactor01,2026-08-15T02:14:56.984Z,0.043821216201,2026-08-15 07:59:56.984,1119.888055555556
Pulse experiments,pioreactor01,2026-08-15T02:15:01.981Z,0.043637408529,2026-08-15 08:00:01.981,1119.889444444445
Pulse experiments,pioreactor01,2026-08-15T02:15:06.983Z,0.04348609764,2026-08-15 08:00:06.983,1119.890833333333
Pulse experiments,pioreactor01,2026-08-15T02:15:11.984Z,0.043519329368,2026-08-15 08:00:11.984,1119.892222222222
Pulse experiments,pioreactor01,2026-08-15T02:15:16.982Z,0.043514779702,2026-08-15 08:00:16.982,1119.893611111111
Pulse experiments,pioreactor01,2026-08-15T02:15:21.983Z,0.043480507295,2026-08-15 08:00:21.983,1119.895
Pulse experiments,pioreactor01,2026-08-15T02:15:26.983Z,0.043386440628,2026-08-15 08:00:26.983,1119.896388888889
Pulse experiments,pioreactor01,2026-08-15T02:15:31.983Z,0.043370759586,2026-08-15 08:00:31.983,1119.897777777778
Pulse experiments,pioreactor01,2026-08-15T02:15:36.983Z,0.043278956018,2026-08-15 08:00:36.983,1119.899166666667
Pulse experiments,pioreactor01,2026-08-15T02:15:41.982Z,0.043160956566,2026-08-15 08:00:41.982,1119.900555555555
Pulse experiments,pioreactor01,2026-08-15T02:15:46.981Z,0.043061738412,2026-08-15 08:00:46.981,1119.901944444445
Pulse experiments,pioreactor01,2026-08-15T02:15:51.981Z,0.042899226029,2026-08-15 08:00:51.981,1119.903333333333
Pulse experiments,pioreactor01,2026-08-15T02:16:01.982Z,0.042938956909,2026-08-15 08:01:01.982,1119.906111111111
Pulse experiments,pioreactor01,2026-08-15T02:16:06.985Z,0.04287581897,2026-08-15 08:01:06.985,1119.9075
Pulse experiments,pioreactor01,2026-08-15T02:16:11.983Z,0.042725288368,2026-08-15 08:01:11.983,1119.908888888889
Pulse experiments,pioreactor01,2026-08-15T02:16:16.982Z,0.042745763059,2026-08-15 08:01:16.982,1119.910277777778
Pulse experiments,pioreactor01,2026-08-15T02:16:21.981Z,0.042583706103,2026-08-15 08:01:21.981,1119.911666666667
Pulse experiments,pioreactor01,2026-08-15T02:16:26.984Z,0.042554304101,2026-08-15 08:01:26.984,1119.913055555556
Pulse experiments,pioreactor01,2026-08-15T02:16:31.982Z,0.042279854312,2026-08-15 08:01:31.982,1119.914444444444
Pulse experiments,pioreactor01,2026-08-15T02:16:36.983Z,0.042365158746,2026-08-15 08:01:36.983,1119.915833333333
Pulse experiments,pioreactor01,2026-08-15T02:16:41.983Z,0.042338622778,2026-08-15 08:01:41.983,1119.917222222222
Pulse experiments,pioreactor01,2026-08-15T02:16:46.981Z,0.042445278303,2026-08-15 08:01:46.981,1119.918611111111
Pulse experiments,pioreactor01,2026-08-15T02:16:51.985Z,0.042314281895,2026-08-15 08:01:51.985,1119.92
Pulse experiments,pioreactor01,2026-08-15T02:16:56.982Z,0.042213640948,2026-08-15 08:01:56.982,1119.921388888889
Pulse experiments,pioreactor01,2026-08-15T02:17:01.981Z,0.042112212216,2026-08-15 08:02:01.981,1119.922777777778
Pulse experiments,pioreactor01,2026-08-15T02:17:06.983Z,0.042081564897,2026-08-15 08:02:06.983,1119.924166666667
Pulse experiments,pioreactor01,2026-08-15T02:17:11.982Z,0.042022093921,2026-08-15 08:02:11.982,1119.925555555556
Pulse experiments,pioreactor01,2026-08-15T02:17:16.981Z,0.0419426239,2026-08-15 08:02:16.981,1119.926944444444
Pulse experiments,pioreactor01,2026-08-15T02:17:21.980Z,0.041869793738,2026-08-15 08:02:21.980,1119.928333333333
Pulse experiments,pioreactor01,2026-08-15T02:17:31.981Z,0.04191236338,2026-08-15 08:02:31.981,1119.931111111111
Pulse experiments,pioreactor01,2026-08-15T02:17:36.981Z,0.042018563602,2026-08-15 08:02:36.981,1119.9325
Pulse experiments,pioreactor01,2026-08-15T02:17:41.983Z,0.041960831334,2026-08-15 08:02:41.983,1119.933888888889
Pulse experiments,pioreactor01,2026-08-15T02:17:46.982Z,0.042008301679,2026-08-15 08:02:46.982,1119.935277777778
Pulse experiments,pioreactor01,2026-08-15T02:17:51.982Z,0.041884703368,2026-08-15 08:02:51.982,1119.936666666667
Pulse experiments,pioreactor01,2026-08-15T02:17:56.984Z,0.041788889969,2026-08-15 08:02:56.984,1119.938055555556
Pulse experiments,pioreactor01,2026-08-15T02:18:01.985Z,0.041733469542,2026-08-15 08:03:01.985,1119.939444444444
Pulse experiments,pioreactor01,2026-08-15T02:18:06.983Z,0.041729350376,2026-08-15 08:03:06.983,1119.940833333333
Pulse experiments,pioreactor01,2026-08-15T02:18:11.984Z,0.041629442902,2026-08-15 08:03:11.984,1119.942222222222
Pulse experiments,pioreactor01,2026-08-15T02:18:16.982Z,0.04156185791,2026-08-15 08:03:16.982,1119.943611111111
Pulse experiments,pioreactor01,2026-08-15T02:18:21.982Z,0.041471332053,2026-08-15 08:03:21.982,1119.945
Pulse experiments,pioreactor01,2026-08-15T02:18:26.983Z,0.041396301099,2026-08-15 08:03:26.983,1119.946388888889
Pulse experiments,pioreactor01,2026-08-15T02:18:31.985Z,0.041333591409,2026-08-15 08:03:31.985,1119.947777777778
Pulse experiments,pioreactor01,2026-08-15T02:18:36.984Z,0.041316852562,2026-08-15 08:03:36.984,1119.949166666667
Pulse experiments,pioreactor01,2026-08-15T02:18:41.982Z,0.041202143985,2026-08-15 08:03:41.982,1119.950555555556
Pulse experiments,pioreactor01,2026-08-15T02:18:46.983Z,0.041031285926,2026-08-15 08:03:46.983,1119.951944444445
Pulse experiments,pioreactor01,2026-08-15T02:18:51.982Z,0.04093314845,2026-08-15 08:03:51.982,1119.953333333333
Pulse experiments,pioreactor01,2026-08-15T02:18:56.981Z,0.040729574705,2026-08-15 08:03:56.981,1119.954722222222
Pulse experiments,pioreactor01,2026-08-15T02:19:01.984Z,0.04061622365,2026-08-15 08:04:01.984,1119.956111111111
Pulse experiments,pioreactor01,2026-08-15T02:19:06.983Z,0.040521536414,2026-08-15 08:04:06.983,1119.9575
Pulse experiments,pioreactor01,2026-08-15T02:19:11.981Z,0.040434297362,2026-08-15 08:04:11.981,1119.958888888889
Pulse experiments,pioreactor01,2026-08-15T02:19:16.981Z,0.040250830312,2026-08-15 08:04:16.981,1119.960277777778
Pulse experiments,pioreactor01,2026-08-15T02:19:21.981Z,0.039934332718,2026-08-15 08:04:21.981,1119.961666666667
Pulse experiments,pioreactor01,2026-08-15T02:19:26.985Z,0.039777150463,2026-08-15 08:04:26.985,1119.963055555555
Pulse experiments,pioreactor01,2026-08-15T02:19:31.982Z,0.039669956707,2026-08-15 08:04:31.982,1119.964444444445
Pulse experiments,pioreactor01,2026-08-15T02:19:36.981Z,0.039466347676,2026-08-15 08:04:36.981,1119.965833333333
Pulse experiments,pioreactor01,2026-08-15T02:19:41.983Z,0.039432003274,2026-08-15 08:04:41.983,1119.967222222222
Pulse experiments,pioreactor01,2026-08-15T02:19:46.982Z,0.039403782141,2026-08-15 08:04:46.982,1119.968611111111
Pulse experiments,pioreactor01,2026-08-15T02:19:51.984Z,0.039294315235,2026-08-15 08:04:51.984,1119.97
Pulse experiments,pioreactor01,2026-08-15T02:19:56.985Z,0.039239778422,2026-08-15 08:04:56.985,1119.971388888889
Pulse experiments,pioreactor01,2026-08-15T02:20:01.983Z,0.039112347413,2026-08-15 08:05:01.983,1119.972777777778
Pulse experiments,pioreactor01,2026-08-15T02:20:06.981Z,0.039082975246,2026-08-15 08:05:06.981,1119.974166666667
Pulse experiments,pioreactor01,2026-08-15T02:20:11.981Z,0.038964183477,2026-08-15 08:05:11.981,1119.975555555556
Pulse experiments,pioreactor01,2026-08-15T02:20:16.984Z,0.038772427031,2026-08-15 08:05:16.984,1119.976944444444
Pulse experiments,pioreactor01,2026-08-15T02:20:21.981Z,0.038653477598,2026-08-15 08:05:21.981,1119.978333333333
Pulse experiments,pioreactor01,2026-08-15T02:20:26.983Z,0.038512393096,2026-08-15 08:05:26.983,1119.979722222222
Pulse experiments,pioreactor01,2026-08-15T02:20:31.981Z,0.038569685356,2026-08-15 08:05:31.981,1119.981111111111
Pulse experiments,pioreactor01,2026-08-15T02:20:36.981Z,0.038583099072,2026-08-15 08:05:36.981,1119.9825
Pulse experiments,pioreactor01,2026-08-15T02:20:41.983Z,0.038653052083,2026-08-15 08:05:41.983,1119.983888888889
Pulse experiments,pioreactor01,2026-08-15T02:20:46.982Z,0.038524090698,2026-08-15 08:05:46.982,1119.985277777778
Pulse experiments,pioreactor01,2026-08-15T02:20:51.982Z,0.038318732473,2026-08-15 08:05:51.982,1119.986666666667
Pulse experiments,pioreactor01,2026-08-15T02:20:56.980Z,0.038165288673,2026-08-15 08:05:56.980,1119.988055555556
Pulse experiments,pioreactor01,2026-08-15T02:21:01.981Z,0.038154848406,2026-08-15 08:06:01.981,1119.989444444444
Pulse experiments,pioreactor01,2026-08-15T02:21:06.981Z,0.038175274764,2026-08-15 08:06:06.981,1119.990833333333
Pulse experiments,pioreactor01,2026-08-15T02:21:11.982Z,0.038168790283,2026-08-15 08:06:11.982,1119.992222222222
Pulse experiments,pioreactor01,2026-08-15T02:21:16.981Z,0.038171152321,2026-08-15 08:06:16.981,1119.993611111111
Pulse experiments,pioreactor01,2026-08-15T02:21:21.982Z,0.038239627314,2026-08-15 08:06:21.982,1119.995
Pulse experiments,pioreactor01,2026-08-15T02:21:26.983Z,0.03833158941,2026-08-15 08:06:26.983,1119.996388888889
Pulse experiments,pioreactor01,2026-08-15T02:21:31.983Z,0.038355691755,2026-08-15 08:06:31.983,1119.997777777778
Pulse experiments,pioreactor01,2026-08-15T02:21:36.984Z,0.038312096211,2026-08-15 08:06:36.984,1119.999166666667
Pulse experiments,pioreactor01,2026-08-15T02:21:41.981Z,0.038286383913,2026-08-15 08:06:41.981,1120.000555555556
Pulse experiments,pioreactor01,2026-08-15T02:21:46.983Z,0.038235779507,2026-08-15 08:06:46.983,1120.001944444444
Pulse experiments,pioreactor01,2026-08-15T02:21:51.988Z,0.038240741042,2026-08-15 08:06:51.988,1120.003333333333
Pulse experiments,pioreactor01,2026-08-15T02:21:56.982Z,0.038304375821,2026-08-15 08:06:56.982,1120.004722222222
Pulse experiments,pioreactor01,2026-08-15T02:22:01.982Z,0.038380472805,2026-08-15 08:07:01.982,1120.006111111111
Pulse experiments,pioreactor01,2026-08-15T02:22:06.983Z,0.038317992634,2026-08-15 08:07:06.983,1120.0075
Pulse experiments,pioreactor01,2026-08-15T02:22:11.981Z,0.038259252369,2026-08-15 08:07:11.981,1120.008888888889
Pulse experiments,pioreactor01,2026-08-15T02:22:16.983Z,0.03819131246,2026-08-15 08:07:16.983,1120.010277777778
Pulse experiments,pioreactor01,2026-08-15T02:22:21.983Z,0.038200043837,2026-08-15 08:07:21.983,1120.011666666667
Pulse experiments,pioreactor01,2026-08-15T02:22:26.983Z,0.038130295801,2026-08-15 08:07:26.983,1120.013055555556
Pulse experiments,pioreactor01,2026-08-15T02:22:31.982Z,0.03818748518,2026-08-15 08:07:31.982,1120.014444444445
Pulse experiments,pioreactor01,2026-08-15T02:22:36.982Z,0.038181068405,2026-08-15 08:07:36.982,1120.015833333333
Pulse experiments,pioreactor01,2026-08-15T02:22:41.983Z,0.038011122956,2026-08-15 08:07:41.983,1120.017222222222
Pulse experiments,pioreactor01,2026-08-15T02:22:46.982Z,0.037847495753,2026-08-15 08:07:46.982,1120.018611111111
Pulse experiments,pioreactor01,2026-08-15T02:22:51.982Z,0.037796732437,2026-08-15 08:07:51.982,1120.02
Pulse experiments,pioreactor01,2026-08-15T02:22:56.983Z,0.037730407513,2026-08-15 08:07:56.983,1120.021388888889
Pulse experiments,pioreactor01,2026-08-15T02:23:01.981Z,0.037671566272,2026-08-15 08:08:01.981,1120.022777777778
Pulse experiments,pioreactor01,2026-08-15T02:23:06.982Z,0.037563288052,2026-08-15 08:08:06.982,1120.024166666667
Pulse experiments,pioreactor01,2026-08-15T02:23:11.981Z,0.037513311249,2026-08-15 08:08:11.981,1120.025555555555
Pulse experiments,pioreactor01,2026-08-15T02:23:16.981Z,0.03751704249,2026-08-15 08:08:16.981,1120.026944444445
Pulse experiments,pioreactor01,2026-08-15T02:23:21.982Z,0.037407365067,2026-08-15 08:08:21.982,1120.028333333333
Pulse experiments,pioreactor01,2026-08-15T02:23:26.981Z,0.037444272981,2026-08-15 08:08:26.981,1120.029722222222
Pulse experiments,pioreactor01,2026-08-15T02:23:31.982Z,0.037433418897,2026-08-15 08:08:31.982,1120.031111111111
Pulse experiments,pioreactor01,2026-08-15T02:23:36.984Z,0.037472383488,2026-08-15 08:08:36.984,1120.0325
Pulse experiments,pioreactor01,2026-08-15T02:23:41.981Z,0.03749065462,2026-08-15 08:08:41.981,1120.033888888889
Pulse experiments,pioreactor01,2026-08-15T02:23:46.983Z,0.037436436288,2026-08-15 08:08:46.983,1120.035277777778
Pulse experiments,pioreactor01,2026-08-15T02:23:51.983Z,0.037428081197,2026-08-15 08:08:51.983,1120.036666666667
Pulse experiments,pioreactor01,2026-08-15T02:23:56.982Z,0.037394682527,2026-08-15 08:08:56.982,1120.038055555556
Pulse experiments,pioreactor01,2026-08-15T02:24:01.982Z,0.037321103869,2026-08-15 08:09:01.982,1120.039444444444
Pulse experiments,pioreactor01,2026-08-15T02:24:06.981Z,0.037268461512,2026-08-15 08:09:06.981,1120.040833333333
Pulse experiments,pioreactor01,2026-08-15T02:24:11.982Z,0.037293311171,2026-08-15 08:09:11.982,1120.042222222222
Pulse experiments,pioreactor01,2026-08-15T02:24:16.981Z,0.03725602408,2026-08-15 08:09:16.981,1120.043611111111
Pulse experiments,pioreactor01,2026-08-15T02:24:21.982Z,0.037188860267,2026-08-15 08:09:21.982,1120.045
Pulse experiments,pioreactor01,2026-08-15T02:24:26.981Z,0.037168283396,2026-08-15 08:09:26.981,1120.046388888889
Pulse experiments,pioreactor01,2026-08-15T02:24:31.982Z,0.037216979913,2026-08-15 08:09:31.982,1120.047777777778
Pulse experiments,pioreactor01,2026-08-15T02:24:36.981Z,0.037186371395,2026-08-15 08:09:36.981,1120.049166666667
Pulse experiments,pioreactor01,2026-08-15T02:24:41.983Z,0.037240998561,2026-08-15 08:09:41.983,1120.050555555556
Pulse experiments,pioreactor01,2026-08-15T02:24:46.982Z,0.037232781221,2026-08-15 08:09:46.982,1120.051944444444
Pulse experiments,pioreactor01,2026-08-15T02:24:51.984Z,0.037217366096,2026-08-15 08:09:51.984,1120.053333333333
Pulse experiments,pioreactor01,2026-08-15T02:24:56.982Z,0.037084577595,2026-08-15 08:09:56.982,1120.054722222222
Pulse experiments,pioreactor01,2026-08-15T02:25:01.981Z,0.036963241608,2026-08-15 08:10:01.981,1120.056111111111
Pulse experiments,pioreactor01,2026-08-15T02:25:06.981Z,0.03694886872,2026-08-15 08:10:06.981,1120.0575
Pulse experiments,pioreactor01,2026-08-15T02:25:11.981Z,0.036860884242,2026-08-15 08:10:11.981,1120.058888888889
Pulse experiments,pioreactor01,2026-08-15T02:25:16.982Z,0.036801171133,2026-08-15 08:10:16.982,1120.060277777778
Pulse experiments,pioreactor01,2026-08-15T02:25:21.983Z,0.036874047022,2026-08-15 08:10:21.983,1120.061666666667
Pulse experiments,pioreactor01,2026-08-15T02:25:26.983Z,0.036896741989,2026-08-15 08:10:26.983,1120.063055555556
Pulse experiments,pioreactor01,2026-08-15T02:25:31.981Z,0.036888480298,2026-08-15 08:10:31.981,1120.064444444444
Pulse experiments,pioreactor01,2026-08-15T02:25:36.982Z,0.036808876794,2026-08-15 08:10:36.982,1120.065833333333
Pulse experiments,pioreactor01,2026-08-15T02:25:41.982Z,0.036666890654,2026-08-15 08:10:41.982,1120.067222222222
Pulse experiments,pioreactor01,2026-08-15T02:25:51.983Z,0.036623669771,2026-08-15 08:10:51.983,1120.07
Pulse experiments,pioreactor01,2026-08-15T02:25:56.981Z,0.036560331892,2026-08-15 08:10:56.981,1120.071388888889
Pulse experiments,pioreactor01,2026-08-15T02:26:06.984Z,0.03642234782,2026-08-15 08:11:06.984,1120.074166666667
Pulse experiments,pioreactor01,2026-08-15T02:26:11.982Z,0.036394516352,2026-08-15 08:11:11.982,1120.075555555556
Pulse experiments,pioreactor01,2026-08-15T02:26:16.982Z,0.036195585855,2026-08-15 08:11:16.982,1120.076944444445
Pulse experiments,pioreactor01,2026-08-15T02:26:21.981Z,0.036208258209,2026-08-15 08:11:21.981,1120.078333333333
Pulse experiments,pioreactor01,2026-08-15T02:26:26.982Z,0.036141537004,2026-08-15 08:11:26.982,1120.079722222222
Pulse experiments,pioreactor01,2026-08-15T02:26:31.982Z,0.036117105515,2026-08-15 08:11:31.982,1120.081111111111
Pulse experiments,pioreactor01,2026-08-15T02:26:36.981Z,0.036015764989,2026-08-15 08:11:36.981,1120.0825
Pulse experiments,pioreactor01,2026-08-15T02:26:41.981Z,0.035946540817,2026-08-15 08:11:41.981,1120.083888888889
Pulse experiments,pioreactor01,2026-08-15T02:26:46.982Z,0.035924192144,2026-08-15 08:11:46.982,1120.085277777778
Pulse experiments,pioreactor01,2026-08-15T02:26:51.984Z,0.035858260011,2026-08-15 08:11:51.984,1120.086666666667
Pulse experiments,pioreactor01,2026-08-15T02:26:56.982Z,0.035787469603,2026-08-15 08:11:56.982,1120.088055555555
Pulse experiments,pioreactor01,2026-08-15T02:27:01.982Z,0.035771036434,2026-08-15 08:12:01.982,1120.089444444445
Pulse experiments,pioreactor01,2026-08-15T02:27:06.981Z,0.035708184959,2026-08-15 08:12:06.981,1120.090833333333
Pulse experiments,pioreactor01,2026-08-15T02:27:11.983Z,0.035672793215,2026-08-15 08:12:11.983,1120.092222222222
Pulse experiments,pioreactor01,2026-08-15T02:27:16.980Z,0.035522720775,2026-08-15 08:12:16.980,1120.093611111111
Pulse experiments,pioreactor01,2026-08-15T02:27:21.983Z,0.035462215612,2026-08-15 08:12:21.983,1120.095
Pulse experiments,pioreactor01,2026-08-15T02:27:26.981Z,0.03539824426,2026-08-15 08:12:26.981,1120.096388888889
Pulse experiments,pioreactor01,2026-08-15T02:27:31.985Z,0.035420425797,2026-08-15 08:12:31.985,1120.097777777778
Pulse experiments,pioreactor01,2026-08-15T02:27:36.982Z,0.035451997882,2026-08-15 08:12:36.982,1120.099166666667
Pulse experiments,pioreactor01,2026-08-15T02:27:41.982Z,0.035479522354,2026-08-15 08:12:41.982,1120.100555555556
Pulse experiments,pioreactor01,2026-08-15T02:27:46.980Z,0.035356915345,2026-08-15 08:12:46.980,1120.101944444444
Pulse experiments,pioreactor01,2026-08-15T02:27:51.983Z,0.035431181806,2026-08-15 08:12:51.983,1120.103333333333
Pulse experiments,pioreactor01,2026-08-15T02:27:56.982Z,0.035398050243,2026-08-15 08:12:56.982,1120.104722222222
Pulse experiments,pioreactor01,2026-08-15T02:28:01.981Z,0.035385762868,2026-08-15 08:13:01.981,1120.106111111111
Pulse experiments,pioreactor01,2026-08-15T02:28:06.981Z,0.035365630331,2026-08-15 08:13:06.981,1120.1075
Pulse experiments,pioreactor01,2026-08-15T02:28:11.982Z,0.035338227516,2026-08-15 08:13:11.982,1120.108888888889
Pulse experiments,pioreactor01,2026-08-15T02:28:16.983Z,0.035301823633,2026-08-15 08:13:16.983,1120.110277777778
Pulse experiments,pioreactor01,2026-08-15T02:28:21.985Z,0.03536111711,2026-08-15 08:13:21.985,1120.111666666667
Pulse experiments,pioreactor01,2026-08-15T02:28:26.981Z,0.035425895224,2026-08-15 08:13:26.981,1120.113055555556
Pulse experiments,pioreactor01,2026-08-15T02:28:31.982Z,0.035436714041,2026-08-15 08:13:31.982,1120.114444444444
Pulse experiments,pioreactor01,2026-08-15T02:28:41.980Z,0.035426185738,2026-08-15 08:13:41.980,1120.117222222222
Pulse experiments,pioreactor01,2026-08-15T02:28:46.981Z,0.035475446776,2026-08-15 08:13:46.981,1120.118611111111
Pulse experiments,pioreactor01,2026-08-15T02:28:51.981Z,0.03552989316,2026-08-15 08:13:51.981,1120.12
Pulse experiments,pioreactor01,2026-08-15T02:28:56.982Z,0.035579940154,2026-08-15 08:13:56.982,1120.121388888889
Pulse experiments,pioreactor01,2026-08-15T02:29:01.983Z,0.035573807351,2026-08-15 08:14:01.983,1120.122777777778
Pulse experiments,pioreactor01,2026-08-15T02:29:06.982Z,0.035496439542,2026-08-15 08:14:06.982,1120.124166666667
Pulse experiments,pioreactor01,2026-08-15T02:29:11.981Z,0.035349232654,2026-08-15 08:14:11.981,1120.125555555556
Pulse experiments,pioreactor01,2026-08-15T02:29:16.983Z,0.035310245692,2026-08-15 08:14:16.983,1120.126944444444
Pulse experiments,pioreactor01,2026-08-15T02:29:21.981Z,0.035090149808,2026-08-15 08:14:21.981,1120.128333333333
Pulse experiments,pioreactor01,2026-08-15T02:29:26.981Z,0.035002606108,2026-08-15 08:14:26.981,1120.129722222222
Pulse experiments,pioreactor01,2026-08-15T02:29:31.982Z,0.034818539547,2026-08-15 08:14:31.982,1120.131111111111
Pulse experiments,pioreactor01,2026-08-15T02:29:36.982Z,0.034788753248,2026-08-15 08:14:36.982,1120.1325
Pulse experiments,pioreactor01,2026-08-15T02:29:41.981Z,0.034783079119,2026-08-15 08:14:41.981,1120.133888888889
Pulse experiments,pioreactor01,2026-08-15T02:29:46.982Z,0.034720366459,2026-08-15 08:14:46.982,1120.135277777778
Pulse experiments,pioreactor01,2026-08-15T02:29:51.981Z,0.034627010823,2026-08-15 08:14:51.981,1120.136666666667
Pulse experiments,pioreactor01,2026-08-15T02:29:56.982Z,0.034535438674,2026-08-15 08:14:56.982,1120.138055555556
Pulse experiments,pioreactor01,2026-08-15T02:30:06.983Z,0.034683672115,2026-08-15 08:15:06.983,1120.140833333333
Pulse experiments,pioreactor01,2026-08-15T02:30:11.983Z,0.03461130208,2026-08-15 08:15:11.983,1120.142222222222
Pulse experiments,pioreactor01,2026-08-15T02:30:16.982Z,0.034610597255,2026-08-15 08:15:16.982,1120.143611111111
Pulse experiments,pioreactor01,2026-08-15T02:30:21.981Z,0.034620458796,2026-08-15 08:15:21.981,1120.145
Pulse experiments,pioreactor01,2026-08-15T02:30:26.981Z,0.034596194083,2026-08-15 08:15:26.981,1120.146388888889
Pulse experiments,pioreactor01,2026-08-15T02:30:31.982Z,0.034603593445,2026-08-15 08:15:31.982,1120.147777777778
Pulse experiments,pioreactor01,2026-08-15T02:30:36.983Z,0.034603669801,2026-08-15 08:15:36.983,1120.149166666667
Pulse experiments,pioreactor01,2026-08-15T02:30:41.984Z,0.034635378613,2026-08-15 08:15:41.984,1120.150555555555
Pulse experiments,pioreactor01,2026-08-15T02:30:51.982Z,0.034602954788,2026-08-15 08:15:51.982,1120.153333333333
Pulse experiments,pioreactor01,2026-08-15T02:30:56.983Z,0.034644295691,2026-08-15 08:15:56.983,1120.154722222222
Pulse experiments,pioreactor01,2026-08-15T02:31:01.983Z,0.034590723801,2026-08-15 08:16:01.983,1120.156111111111
Pulse experiments,pioreactor01,2026-08-15T02:31:06.982Z,0.034475108678,2026-08-15 08:16:06.982,1120.1575
Pulse experiments,pioreactor01,2026-08-15T02:31:11.983Z,0.034358221177,2026-08-15 08:16:11.983,1120.158888888889
Pulse experiments,pioreactor01,2026-08-15T02:31:16.982Z,0.034274644129,2026-08-15 08:16:16.982,1120.160277777778
Pulse experiments,pioreactor01,2026-08-15T02:31:21.983Z,0.034157505905,2026-08-15 08:16:21.983,1120.161666666667
Pulse experiments,pioreactor01,2026-08-15T02:31:26.983Z,0.034164856129,2026-08-15 08:16:26.983,1120.163055555556
Pulse experiments,pioreactor01,2026-08-15T02:31:31.981Z,0.034074722177,2026-08-15 08:16:31.981,1120.164444444444
Pulse experiments,pioreactor01,2026-08-15T02:31:36.981Z,0.034030525554,2026-08-15 08:16:36.981,1120.165833333333
Pulse experiments,pioreactor01,2026-08-15T02:31:41.983Z,0.033899507451,2026-08-15 08:16:41.983,1120.167222222222
Pulse experiments,pioreactor01,2026-08-15T02:31:46.982Z,0.033804971721,2026-08-15 08:16:46.982,1120.168611111111
Pulse experiments,pioreactor01,2026-08-15T02:31:51.984Z,0.033776768533,2026-08-15 08:16:51.984,1120.17
Pulse experiments,pioreactor01,2026-08-15T02:31:56.980Z,0.033608591068,2026-08-15 08:16:56.980,1120.171388888889
Pulse experiments,pioreactor01,2026-08-15T02:32:01.982Z,0.033601110549,2026-08-15 08:17:01.982,1120.172777777778
Pulse experiments,pioreactor01,2026-08-15T02:32:06.981Z,0.033637947824,2026-08-15 08:17:06.981,1120.174166666667
Pulse experiments,pioreactor01,2026-08-15T02:32:11.982Z,0.033530277644,2026-08-15 08:17:11.982,1120.175555555556
Pulse experiments,pioreactor01,2026-08-15T02:32:16.980Z,0.03345006138,2026-08-15 08:17:16.980,1120.176944444444
Pulse experiments,pioreactor01,2026-08-15T02:32:21.982Z,0.033388808343,2026-08-15 08:17:21.982,1120.178333333333
Pulse experiments,pioreactor01,2026-08-15T02:32:26.984Z,0.03335936124,2026-08-15 08:17:26.984,1120.179722222222
Pulse experiments,pioreactor01,2026-08-15T02:32:31.981Z,0.03334449997,2026-08-15 08:17:31.981,1120.181111111111
Pulse experiments,pioreactor01,2026-08-15T02:32:36.983Z,0.033467881771,2026-08-15 08:17:36.983,1120.1825
Pulse experiments,pioreactor01,2026-08-15T02:32:41.984Z,0.033425237657,2026-08-15 08:17:41.984,1120.183888888889
Pulse experiments,pioreactor01,2026-08-15T02:32:46.983Z,0.033448170826,2026-08-15 08:17:46.983,1120.185277777778
Pulse experiments,pioreactor01,2026-08-15T02:32:51.984Z,0.033500111962,2026-08-15 08:17:51.984,1120.186666666667
Pulse experiments,pioreactor01,2026-08-15T02:32:56.981Z,0.033414315269,2026-08-15 08:17:56.981,1120.188055555556
Pulse experiments,pioreactor01,2026-08-15T02:33:01.983Z,0.033392407072,2026-08-15 08:18:01.983,1120.189444444444
Pulse experiments,pioreactor01,2026-08-15T02:33:06.982Z,0.03337565629,2026-08-15 08:18:06.982,1120.190833333333
Pulse experiments,pioreactor01,2026-08-15T02:33:11.983Z,0.033435720884,2026-08-15 08:18:11.983,1120.192222222222
Pulse experiments,pioreactor01,2026-08-15T02:33:16.982Z,0.033514089718,2026-08-15 08:18:16.982,1120.193611111111
Pulse experiments,pioreactor01,2026-08-15T02:33:21.983Z,0.033518437554,2026-08-15 08:18:21.983,1120.195
Pulse experiments,pioreactor01,2026-08-15T02:33:26.981Z,0.033433098216,2026-08-15 08:18:26.981,1120.196388888889
Pulse experiments,pioreactor01,2026-08-15T02:33:31.982Z,0.033437763911,2026-08-15 08:18:31.982,1120.197777777778
Pulse experiments,pioreactor01,2026-08-15T02:33:36.982Z,0.033410718381,2026-08-15 08:18:36.982,1120.199166666667
Pulse experiments,pioreactor01,2026-08-15T02:33:41.980Z,0.033341570277,2026-08-15 08:18:41.980,1120.200555555556
Pulse experiments,pioreactor01,2026-08-15T02:33:46.982Z,0.033216503666,2026-08-15 08:18:46.982,1120.201944444445
Pulse experiments,pioreactor01,2026-08-15T02:33:51.981Z,0.033091228299,2026-08-15 08:18:51.981,1120.203333333333
Pulse experiments,pioreactor01,2026-08-15T02:33:56.981Z,0.033018795392,2026-08-15 08:18:56.981,1120.204722222222
Pulse experiments,pioreactor01,2026-08-15T02:34:01.984Z,0.032888673918,2026-08-15 08:19:01.984,1120.206111111111
Pulse experiments,pioreactor01,2026-08-15T02:34:06.982Z,0.032786344126,2026-08-15 08:19:06.982,1120.2075
Pulse experiments,pioreactor01,2026-08-15T02:34:16.981Z,0.032679365172,2026-08-15 08:19:16.981,1120.210277777778
Pulse experiments,pioreactor01,2026-08-15T02:34:21.983Z,0.03266516456,2026-08-15 08:19:21.983,1120.211666666667
Pulse experiments,pioreactor01,2026-08-15T02:34:26.981Z,0.032493245428,2026-08-15 08:19:26.981,1120.213055555555
Pulse experiments,pioreactor01,2026-08-15T02:34:31.982Z,0.032362627704,2026-08-15 08:19:31.982,1120.214444444445
Pulse experiments,pioreactor01,2026-08-15T02:34:36.982Z,0.032418559623,2026-08-15 08:19:36.982,1120.215833333333
Pulse experiments,pioreactor01,2026-08-15T02:34:41.982Z,0.032404172599,2026-08-15 08:19:41.982,1120.217222222222
Pulse experiments,pioreactor01,2026-08-15T02:34:46.982Z,0.032446940362,2026-08-15 08:19:46.982,1120.218611111111
Pulse experiments,pioreactor01,2026-08-15T02:34:51.984Z,0.032504369474,2026-08-15 08:19:51.984,1120.22
Pulse experiments,pioreactor01,2026-08-15T02:34:56.986Z,0.032436157379,2026-08-15 08:19:56.986,1120.221388888889
Pulse experiments,pioreactor01,2026-08-15T02:35:01.981Z,0.032354483166,2026-08-15 08:20:01.981,1120.222777777778
Pulse experiments,pioreactor01,2026-08-15T02:35:06.982Z,0.032265080967,2026-08-15 08:20:06.982,1120.224166666667
Pulse experiments,pioreactor01,2026-08-15T02:35:11.984Z,0.032254090168,2026-08-15 08:20:11.984,1120.225555555556
Pulse experiments,pioreactor01,2026-08-15T02:35:16.986Z,0.032141200703,2026-08-15 08:20:16.986,1120.226944444444
Pulse experiments,pioreactor01,2026-08-15T02:35:21.984Z,0.032103152913,2026-08-15 08:20:21.984,1120.228333333333
Pulse experiments,pioreactor01,2026-08-15T02:35:26.982Z,0.032129244576,2026-08-15 08:20:26.982,1120.229722222222
Pulse experiments,pioreactor01,2026-08-15T02:35:31.982Z,0.032134034732,2026-08-15 08:20:31.982,1120.231111111111
Pulse experiments,pioreactor01,2026-08-15T02:35:36.983Z,0.03207005984,2026-08-15 08:20:36.983,1120.2325
Pulse experiments,pioreactor01,2026-08-15T02:35:41.983Z,0.031897777299,2026-08-15 08:20:41.983,1120.233888888889
Pulse experiments,pioreactor01,2026-08-15T02:35:46.981Z,0.031884245783,2026-08-15 08:20:46.981,1120.235277777778
Pulse experiments,pioreactor01,2026-08-15T02:35:51.981Z,0.031808862772,2026-08-15 08:20:51.981,1120.236666666667
Pulse experiments,pioreactor01,2026-08-15T02:35:56.981Z,0.031776353059,2026-08-15 08:20:56.981,1120.238055555556
Pulse experiments,pioreactor01,2026-08-15T02:36:01.984Z,0.031827769928,2026-08-15 08:21:01.984,1120.239444444444
Pulse experiments,pioreactor01,2026-08-15T02:36:06.983Z,0.031847057151,2026-08-15 08:21:06.983,1120.240833333333
Pulse experiments,pioreactor01,2026-08-15T02:36:11.981Z,0.031749940782,2026-08-15 08:21:11.981,1120.242222222222
Pulse experiments,pioreactor01,2026-08-15T02:36:16.983Z,0.031652239496,2026-08-15 08:21:16.983,1120.243611111111
Pulse experiments,pioreactor01,2026-08-15T02:36:21.982Z,0.031666475318,2026-08-15 08:21:21.982,1120.245
Pulse experiments,pioreactor01,2026-08-15T02:36:26.982Z,0.031624096444,2026-08-15 08:21:26.982,1120.246388888889
Pulse experiments,pioreactor01,2026-08-15T02:36:31.981Z,0.031641356659,2026-08-15 08:21:31.981,1120.247777777778
Pulse experiments,pioreactor01,2026-08-15T02:36:36.983Z,0.031591195626,2026-08-15 08:21:36.983,1120.249166666667
Pulse experiments,pioreactor01,2026-08-15T02:36:41.982Z,0.031529860249,2026-08-15 08:21:41.982,1120.250555555556
Pulse experiments,pioreactor01,2026-08-15T02:36:46.983Z,0.031454801215,2026-08-15 08:21:46.983,1120.251944444444
Pulse experiments,pioreactor01,2026-08-15T02:36:51.982Z,0.031406832452,2026-08-15 08:21:51.982,1120.253333333333
Pulse experiments,pioreactor01,2026-08-15T02:36:56.981Z,0.031398806897,2026-08-15 08:21:56.981,1120.254722222222
Pulse experiments,pioreactor01,2026-08-15T02:37:01.983Z,0.031324010305,2026-08-15 08:22:01.983,1120.256111111111
Pulse experiments,pioreactor01,2026-08-15T02:37:06.981Z,0.031217542761,2026-08-15 08:22:06.981,1120.2575
Pulse experiments,pioreactor01,2026-08-15T02:37:11.986Z,0.031128856744,2026-08-15 08:22:11.986,1120.258888888889
Pulse experiments,pioreactor01,2026-08-15T02:37:16.983Z,0.031080035291,2026-08-15 08:22:16.983,1120.260277777778
Pulse experiments,pioreactor01,2026-08-15T02:37:21.981Z,0.031091191979,2026-08-15 08:22:21.981,1120.261666666667
Pulse experiments,pioreactor01,2026-08-15T02:37:26.982Z,0.03109431846,2026-08-15 08:22:26.982,1120.263055555556
Pulse experiments,pioreactor01,2026-08-15T02:37:31.982Z,0.031209132638,2026-08-15 08:22:31.982,1120.264444444445
Pulse experiments,pioreactor01,2026-08-15T02:37:36.982Z,0.031216712532,2026-08-15 08:22:36.982,1120.265833333333
Pulse experiments,pioreactor01,2026-08-15T02:37:41.983Z,0.031152232705,2026-08-15 08:22:41.983,1120.267222222222
Pulse experiments,pioreactor01,2026-08-15T02:37:46.984Z,0.031140000528,2026-08-15 08:22:46.984,1120.268611111111
Pulse experiments,pioreactor01,2026-08-15T02:37:51.981Z,0.031023023949,2026-08-15 08:22:51.981,1120.27
Pulse experiments,pioreactor01,2026-08-15T02:37:56.982Z,0.030927434789,2026-08-15 08:22:56.982,1120.271388888889
Pulse experiments,pioreactor01,2026-08-15T02:38:01.983Z,0.030811815639,2026-08-15 08:23:01.983,1120.272777777778
Pulse experiments,pioreactor01,2026-08-15T02:38:06.982Z,0.030746179908,2026-08-15 08:23:06.982,1120.274166666667
Pulse experiments,pioreactor01,2026-08-15T02:38:11.983Z,0.030684636997,2026-08-15 08:23:11.983,1120.275555555555
Pulse experiments,pioreactor01,2026-08-15T02:38:16.981Z,0.030494310242,2026-08-15 08:23:16.981,1120.276944444445
Pulse experiments,pioreactor01,2026-08-15T02:38:21.982Z,0.030455099116,2026-08-15 08:23:21.982,1120.278333333333
Pulse experiments,pioreactor01,2026-08-15T02:38:26.983Z,0.030346582466,2026-08-15 08:23:26.983,1120.279722222222
Pulse experiments,pioreactor01,2026-08-15T02:38:31.981Z,0.030202924303,2026-08-15 08:23:31.981,1120.281111111111
Pulse experiments,pioreactor01,2026-08-15T02:38:36.981Z,0.030049605579,2026-08-15 08:23:36.981,1120.2825
Pulse experiments,pioreactor01,2026-08-15T02:38:41.982Z,0.029961064405,2026-08-15 08:23:41.982,1120.283888888889
Pulse experiments,pioreactor01,2026-08-15T02:38:46.983Z,0.029789481104,2026-08-15 08:23:46.983,1120.285277777778
Pulse experiments,pioreactor01,2026-08-15T02:38:51.983Z,0.029651527757,2026-08-15 08:23:51.983,1120.286666666667
Pulse experiments,pioreactor01,2026-08-15T02:38:56.981Z,0.029454307427,2026-08-15 08:23:56.981,1120.288055555556
Pulse experiments,pioreactor01,2026-08-15T02:39:01.981Z,0.029435977502,2026-08-15 08:24:01.981,1120.289444444444
Pulse experiments,pioreactor01,2026-08-15T02:39:06.982Z,0.029366018792,2026-08-15 08:24:06.982,1120.290833333333
Pulse experiments,pioreactor01,2026-08-15T02:39:11.981Z,0.029311778521,2026-08-15 08:24:11.981,1120.292222222222
Pulse experiments,pioreactor01,2026-08-15T02:39:16.982Z,0.029369880943,2026-08-15 08:24:16.982,1120.293611111111
Pulse experiments,pioreactor01,2026-08-15T02:39:21.986Z,0.02935771613,2026-08-15 08:24:21.986,1120.295
Pulse experiments,pioreactor01,2026-08-15T02:39:26.982Z,0.029376137127,2026-08-15 08:24:26.982,1120.296388888889
Pulse experiments,pioreactor01,2026-08-15T02:39:36.982Z,0.029172064835,2026-08-15 08:24:36.982,1120.299166666667
Pulse experiments,pioreactor01,2026-08-15T02:39:41.980Z,0.02901011498,2026-08-15 08:24:41.980,1120.300555555556
Pulse experiments,pioreactor01,2026-08-15T02:39:46.982Z,0.028877620302,2026-08-15 08:24:46.982,1120.301944444444
Pulse experiments,pioreactor01,2026-08-15T02:39:51.984Z,0.02877073203,2026-08-15 08:24:51.984,1120.303333333333
Pulse experiments,pioreactor01,2026-08-15T02:39:56.985Z,0.028781291706,2026-08-15 08:24:56.985,1120.304722222222
Pulse experiments,pioreactor01,2026-08-15T02:40:01.984Z,0.028771666979,2026-08-15 08:25:01.984,1120.306111111111
Pulse experiments,pioreactor01,2026-08-15T02:40:06.981Z,0.028760307272,2026-08-15 08:25:06.981,1120.3075
Pulse experiments,pioreactor01,2026-08-15T02:40:11.983Z,0.028617889619,2026-08-15 08:25:11.983,1120.308888888889
Pulse experiments,pioreactor01,2026-08-15T02:40:16.981Z,0.028642275405,2026-08-15 08:25:16.981,1120.310277777778
Pulse experiments,pioreactor01,2026-08-15T02:40:21.982Z,0.02859610487,2026-08-15 08:25:21.982,1120.311666666667
Pulse experiments,pioreactor01,2026-08-15T02:40:26.982Z,0.028608239888,2026-08-15 08:25:26.982,1120.313055555556
Pulse experiments,pioreactor01,2026-08-15T02:40:31.982Z,0.02851241553,2026-08-15 08:25:31.982,1120.314444444444
Pulse experiments,pioreactor01,2026-08-15T02:40:36.981Z,0.028382271201,2026-08-15 08:25:36.981,1120.315833333333
Pulse experiments,pioreactor01,2026-08-15T02:40:41.981Z,0.028301906536,2026-08-15 08:25:41.981,1120.317222222222
Pulse experiments,pioreactor01,2026-08-15T02:40:46.983Z,0.028330015233,2026-08-15 08:25:46.983,1120.318611111111
Pulse experiments,pioreactor01,2026-08-15T02:40:51.982Z,0.028225819795,2026-08-15 08:25:51.982,1120.32
Pulse experiments,pioreactor01,2026-08-15T02:40:56.983Z,0.028018531344,2026-08-15 08:25:56.983,1120.321388888889
Pulse experiments,pioreactor01,2026-08-15T02:41:01.982Z,0.027992829216,2026-08-15 08:26:01.982,1120.322777777778
Pulse experiments,pioreactor01,2026-08-15T02:41:06.982Z,0.027887205381,2026-08-15 08:26:06.982,1120.324166666667
Pulse experiments,pioreactor01,2026-08-15T02:41:11.983Z,0.027855783269,2026-08-15 08:26:11.983,1120.325555555556
Pulse experiments,pioreactor01,2026-08-15T02:41:16.981Z,0.027806277641,2026-08-15 08:26:16.981,1120.326944444445
Pulse experiments,pioreactor01,2026-08-15T02:41:26.981Z,0.027888381045,2026-08-15 08:26:26.981,1120.329722222222
Pulse experiments,pioreactor01,2026-08-15T02:41:31.981Z,0.02790929082,2026-08-15 08:26:31.981,1120.331111111111
Pulse experiments,pioreactor01,2026-08-15T02:41:36.983Z,0.027850234553,2026-08-15 08:26:36.983,1120.3325
Pulse experiments,pioreactor01,2026-08-15T02:41:41.981Z,0.027826079776,2026-08-15 08:26:41.981,1120.333888888889
Pulse experiments,pioreactor01,2026-08-15T02:41:46.986Z,0.027815089229,2026-08-15 08:26:46.986,1120.335277777778
Pulse experiments,pioreactor01,2026-08-15T02:41:51.981Z,0.027778072753,2026-08-15 08:26:51.981,1120.336666666667
Pulse experiments,pioreactor01,2026-08-15T02:41:56.981Z,0.027694361787,2026-08-15 08:26:56.981,1120.338055555555
Pulse experiments,pioreactor01,2026-08-15T02:42:06.983Z,0.027637004914,2026-08-15 08:27:06.983,1120.340833333333
Pulse experiments,pioreactor01,2026-08-15T02:42:11.982Z,0.02773049137,2026-08-15 08:27:11.982,1120.342222222222
Pulse experiments,pioreactor01,2026-08-15T02:42:16.982Z,0.02768607955,2026-08-15 08:27:16.982,1120.343611111111
Pulse experiments,pioreactor01,2026-08-15T02:42:21.983Z,0.027630697072,2026-08-15 08:27:21.983,1120.345
Pulse experiments,pioreactor01,2026-08-15T02:42:26.981Z,0.027427156832,2026-08-15 08:27:26.981,1120.346388888889
Pulse experiments,pioreactor01,2026-08-15T02:42:31.986Z,0.027351858013,2026-08-15 08:27:31.986,1120.347777777778
Pulse experiments,pioreactor01,2026-08-15T02:42:36.983Z,0.027357160769,2026-08-15 08:27:36.983,1120.349166666667
Pulse experiments,pioreactor01,2026-08-15T02:42:41.983Z,0.027275679287,2026-08-15 08:27:41.983,1120.350555555556
Pulse experiments,pioreactor01,2026-08-15T02:42:46.982Z,0.027220892043,2026-08-15 08:27:46.982,1120.351944444444
Pulse experiments,pioreactor01,2026-08-15T02:42:51.983Z,0.027077465611,2026-08-15 08:27:51.983,1120.353333333333
Pulse experiments,pioreactor01,2026-08-15T02:42:56.983Z,0.026981791276,2026-08-15 08:27:56.983,1120.354722222222
Pulse experiments,pioreactor01,2026-08-15T02:43:01.981Z,0.026977035279,2026-08-15 08:28:01.981,1120.356111111111
Pulse experiments,pioreactor01,2026-08-15T02:43:06.986Z,0.026969132511,2026-08-15 08:28:06.986,1120.3575
Pulse experiments,pioreactor01,2026-08-15T02:43:11.982Z,0.026948903991,2026-08-15 08:28:11.982,1120.358888888889
Pulse experiments,pioreactor01,2026-08-15T02:43:16.983Z,0.02692513742,2026-08-15 08:28:16.983,1120.360277777778
Pulse experiments,pioreactor01,2026-08-15T02:43:21.981Z,0.026866397539,2026-08-15 08:28:21.981,1120.361666666667
Pulse experiments,pioreactor01,2026-08-15T02:43:26.981Z,0.026898587041,2026-08-15 08:28:26.981,1120.363055555556
Pulse experiments,pioreactor01,2026-08-15T02:43:31.981Z,0.02690217226,2026-08-15 08:28:31.981,1120.364444444444
Pulse experiments,pioreactor01,2026-08-15T02:43:36.981Z,0.026946805411,2026-08-15 08:28:36.981,1120.365833333333
Pulse experiments,pioreactor01,2026-08-15T02:43:41.983Z,0.02700424933,2026-08-15 08:28:41.983,1120.367222222222
Pulse experiments,pioreactor01,2026-08-15T02:43:46.980Z,0.026894897968,2026-08-15 08:28:46.980,1120.368611111111
Pulse experiments,pioreactor01,2026-08-15T02:43:51.985Z,0.026919034685,2026-08-15 08:28:51.985,1120.37
Pulse experiments,pioreactor01,2026-08-15T02:43:56.982Z,0.026911993624,2026-08-15 08:28:56.982,1120.371388888889
Pulse experiments,pioreactor01,2026-08-15T02:44:01.981Z,0.02688523781,2026-08-15 08:29:01.981,1120.372777777778
Pulse experiments,pioreactor01,2026-08-15T02:44:06.981Z,0.026904249639,2026-08-15 08:29:06.981,1120.374166666667
Pulse experiments,pioreactor01,2026-08-15T02:44:11.983Z,0.026784095421,2026-08-15 08:29:11.983,1120.375555555556
Pulse experiments,pioreactor01,2026-08-15T02:44:16.982Z,0.026719500989,2026-08-15 08:29:16.982,1120.376944444444
Pulse experiments,pioreactor01,2026-08-15T02:44:21.983Z,0.026665430194,2026-08-15 08:29:21.983,1120.378333333333
Pulse experiments,pioreactor01,2026-08-15T02:44:26.984Z,0.026644038503,2026-08-15 08:29:26.984,1120.379722222222
Pulse experiments,pioreactor01,2026-08-15T02:44:31.983Z,0.026605339529,2026-08-15 08:29:31.983,1120.381111111111
Pulse experiments,pioreactor01,2026-08-15T02:44:36.982Z,0.026582013206,2026-08-15 08:29:36.982,1120.3825
Pulse experiments,pioreactor01,2026-08-15T02:44:41.982Z,0.026488209405,2026-08-15 08:29:41.982,1120.383888888889
Pulse experiments,pioreactor01,2026-08-15T02:44:46.983Z,0.026374755967,2026-08-15 08:29:46.983,1120.385277777778
Pulse experiments,pioreactor01,2026-08-15T02:44:51.983Z,0.02635351026,2026-08-15 08:29:51.983,1120.386666666667
Pulse experiments,pioreactor01,2026-08-15T02:44:56.983Z,0.026354405152,2026-08-15 08:29:56.983,1120.388055555556
Pulse experiments,pioreactor01,2026-08-15T02:45:01.981Z,0.026299981687,2026-08-15 08:30:01.981,1120.389444444445
Pulse experiments,pioreactor01,2026-08-15T02:45:06.983Z,0.026297623105,2026-08-15 08:30:06.983,1120.390833333333
Pulse experiments,pioreactor01,2026-08-15T02:45:11.982Z,0.02621372986,2026-08-15 08:30:11.982,1120.392222222222
Pulse experiments,pioreactor01,2026-08-15T02:45:16.984Z,0.026165938919,2026-08-15 08:30:16.984,1120.393611111111
Pulse experiments,pioreactor01,2026-08-15T02:45:21.982Z,0.026184157898,2026-08-15 08:30:21.982,1120.395
Pulse experiments,pioreactor01,2026-08-15T02:45:26.982Z,0.026280762597,2026-08-15 08:30:26.982,1120.396388888889
Pulse experiments,pioreactor01,2026-08-15T02:45:31.983Z,0.026213358051,2026-08-15 08:30:31.983,1120.397777777778
Pulse experiments,pioreactor01,2026-08-15T02:45:36.982Z,0.026052776896,2026-08-15 08:30:36.982,1120.399166666667
Pulse experiments,pioreactor01,2026-08-15T02:45:41.984Z,0.025921136764,2026-08-15 08:30:41.984,1120.400555555555
Pulse experiments,pioreactor01,2026-08-15T02:45:46.982Z,0.02584125255,2026-08-15 08:30:46.982,1120.401944444445
Pulse experiments,pioreactor01,2026-08-15T02:45:51.981Z,0.025811077525,2026-08-15 08:30:51.981,1120.403333333333
Pulse experiments,pioreactor01,2026-08-15T02:45:56.982Z,0.025840605952,2026-08-15 08:30:56.982,1120.404722222222
Pulse experiments,pioreactor01,2026-08-15T02:46:01.984Z,0.025858870113,2026-08-15 08:31:01.984,1120.406111111111
Pulse experiments,pioreactor01,2026-08-15T02:46:06.982Z,0.025739860643,2026-08-15 08:31:06.982,1120.4075
Pulse experiments,pioreactor01,2026-08-15T02:46:11.982Z,0.025698642216,2026-08-15 08:31:11.982,1120.408888888889
Pulse experiments,pioreactor01,2026-08-15T02:46:16.983Z,0.025620346445,2026-08-15 08:31:16.983,1120.410277777778
Pulse experiments,pioreactor01,2026-08-15T02:46:21.981Z,0.025457532682,2026-08-15 08:31:21.981,1120.411666666667
Pulse experiments,pioreactor01,2026-08-15T02:46:26.981Z,0.025328997893,2026-08-15 08:31:26.981,1120.413055555556
Pulse experiments,pioreactor01,2026-08-15T02:46:31.981Z,0.02522636768,2026-08-15 08:31:31.981,1120.414444444444
Pulse experiments,pioreactor01,2026-08-15T02:46:36.981Z,0.025174430873,2026-08-15 08:31:36.981,1120.415833333333
Pulse experiments,pioreactor01,2026-08-15T02:46:41.982Z,0.025053410925,2026-08-15 08:31:41.982,1120.417222222222
Pulse experiments,pioreactor01,2026-08-15T02:46:46.984Z,0.024878227093,2026-08-15 08:31:46.984,1120.418611111111
Pulse experiments,pioreactor01,2026-08-15T02:46:51.983Z,0.024749197037,2026-08-15 08:31:51.983,1120.42
Pulse experiments,pioreactor01,2026-08-15T02:46:56.981Z,0.024597391753,2026-08-15 08:31:56.981,1120.421388888889
Pulse experiments,pioreactor01,2026-08-15T02:47:01.983Z,0.024548103485,2026-08-15 08:32:01.983,1120.422777777778
Pulse experiments,pioreactor01,2026-08-15T02:47:06.981Z,0.024560621365,2026-08-15 08:32:06.981,1120.424166666667
Pulse experiments,pioreactor01,2026-08-15T02:47:11.983Z,0.024524020746,2026-08-15 08:32:11.983,1120.425555555556
Pulse experiments,pioreactor01,2026-08-15T02:47:16.980Z,0.02444819024,2026-08-15 08:32:16.980,1120.426944444444
Pulse experiments,pioreactor01,2026-08-15T02:47:21.982Z,0.024339118151,2026-08-15 08:32:21.982,1120.428333333333
Pulse experiments,pioreactor01,2026-08-15T02:47:27.017Z,0.024328776437,2026-08-15 08:32:27.017,1120.43
Pulse experiments,pioreactor01,2026-08-15T02:47:31.989Z,0.024320793791,2026-08-15 08:32:31.989,1120.431111111111
Pulse experiments,pioreactor01,2026-08-15T02:47:37.022Z,0.024312775648,2026-08-15 08:32:37.022,1120.432777777778
Pulse experiments,pioreactor01,2026-08-15T02:47:42.007Z,0.024304883677,2026-08-15 08:32:42.007,1120.434166666667
Pulse experiments,pioreactor01,2026-08-15T02:47:47.000Z,0.024297158905,2026-08-15 08:32:47.000,1120.435555555556
Pulse experiments,pioreactor01,2026-08-15T02:47:51.991Z,0.024288559576,2026-08-15 08:32:51.991,1120.436666666667
Pulse experiments,pioreactor01,2026-08-15T02:47:57.000Z,0.024283113459,2026-08-15 08:32:57.000,1120.438333333333
Pulse experiments,pioreactor01,2026-08-15T02:48:01.992Z,0.024283163277,2026-08-15 08:33:01.992,1120.439444444444
Pulse experiments,pioreactor01,2026-08-15T02:48:06.997Z,0.02429189484,2026-08-15 08:33:06.997,1120.440833333333
Pulse experiments,pioreactor01,2026-08-15T02:48:11.991Z,0.024295989761,2026-08-15 08:33:11.991,1120.442222222222
Pulse experiments,pioreactor01,2026-08-15T02:48:16.992Z,0.024282925868,2026-08-15 08:33:16.992,1120.443611111111
Pulse experiments,pioreactor01,2026-08-15T02:48:21.991Z,0.024284492004,2026-08-15 08:33:21.991,1120.445
Pulse experiments,pioreactor01,2026-08-15T02:48:26.993Z,0.024277593094,2026-08-15 08:33:26.993,1120.446388888889
Pulse experiments,pioreactor01,2026-08-15T02:48:31.995Z,0.024300870633,2026-08-15 08:33:31.995,1120.447777777778
Pulse experiments,pioreactor01,2026-08-15T02:48:37.001Z,0.024345926538,2026-08-15 08:33:37.001,1120.449444444444
Pulse experiments,pioreactor01,2026-08-15T02:48:41.994Z,0.024314516517,2026-08-15 08:33:41.994,1120.450555555556
Pulse experiments,pioreactor01,2026-08-15T02:48:46.994Z,0.024299416448,2026-08-15 08:33:46.994,1120.451944444445
Pulse experiments,pioreactor01,2026-08-15T02:48:51.991Z,0.024295085756,2026-08-15 08:33:51.991,1120.453333333333
Pulse experiments,pioreactor01,2026-08-15T02:48:56.987Z,0.024357712982,2026-08-15 08:33:56.987,1120.454722222222
Pulse experiments,pioreactor01,2026-08-15T02:49:01.993Z,0.024414925695,2026-08-15 08:34:01.993,1120.456111111111
Pulse experiments,pioreactor01,2026-08-15T02:49:07.003Z,0.024458799985,2026-08-15 08:34:07.003,1120.457777777778
Pulse experiments,pioreactor01,2026-08-15T02:49:11.988Z,0.024606817388,2026-08-15 08:34:11.988,1120.458888888889
Pulse experiments,pioreactor01,2026-08-15T02:49:16.991Z,0.024697777441,2026-08-15 08:34:16.991,1120.460277777778
Pulse experiments,pioreactor01,2026-08-15T02:49:21.989Z,0.024780497771,2026-08-15 08:34:21.989,1120.461666666667
Pulse experiments,pioreactor01,2026-08-15T02:49:27.008Z,0.024828467842,2026-08-15 08:34:27.008,1120.463333333333
Pulse experiments,pioreactor01,2026-08-15T02:49:31.992Z,0.024884980498,2026-08-15 08:34:31.992,1120.464444444445
Pulse experiments,pioreactor01,2026-08-15T02:49:36.994Z,0.025030110241,2026-08-15 08:34:36.994,1120.465833333333
Pulse experiments,pioreactor01,2026-08-15T02:49:41.993Z,0.025118190849,2026-08-15 08:34:41.993,1120.467222222222
Pulse experiments,pioreactor01,2026-08-15T02:49:47.003Z,0.025202294495,2026-08-15 08:34:47.003,1120.468888888889
Pulse experiments,pioreactor01,2026-08-15T02:49:51.999Z,0.025199572417,2026-08-15 08:34:51.999,1120.47
Pulse experiments,pioreactor01,2026-08-15T02:49:57.011Z,0.025234659678,2026-08-15 08:34:57.011,1120.471666666667
Pulse experiments,pioreactor01,2026-08-15T02:50:01.992Z,0.025227885466,2026-08-15 08:35:01.992,1120.472777777778
Pulse experiments,pioreactor01,2026-08-15T02:50:06.993Z,0.025200456738,2026-08-15 08:35:06.993,1120.474166666667
Pulse experiments,pioreactor01,2026-08-15T02:50:12.000Z,0.025185668842,2026-08-15 08:35:12.000,1120.475833333333
Pulse experiments,pioreactor01,2026-08-15T02:50:16.989Z,0.025198648199,2026-08-15 08:35:16.989,1120.476944444444
Pulse experiments,pioreactor01,2026-08-15T02:50:21.988Z,0.025199313335,2026-08-15 08:35:21.988,1120.478333333333
Pulse experiments,pioreactor01,2026-08-15T02:50:27.010Z,0.025062861849,2026-08-15 08:35:27.010,1120.48
Pulse experiments,pioreactor01,2026-08-15T02:50:31.999Z,0.025081194795,2026-08-15 08:35:31.999,1120.481111111111
Pulse experiments,pioreactor01,2026-08-15T02:50:37.010Z,0.025022972846,2026-08-15 08:35:37.010,1120.482777777778
Pulse experiments,pioreactor01,2026-08-15T02:50:41.994Z,0.025014929491,2026-08-15 08:35:41.994,1120.483888888889
Pulse experiments,pioreactor01,2026-08-15T02:50:47.007Z,0.025098916434,2026-08-15 08:35:47.007,1120.485555555555
Pulse experiments,pioreactor01,2026-08-15T02:50:52.000Z,0.025004578794,2026-08-15 08:35:52.000,1120.486944444444
Pulse experiments,pioreactor01,2026-08-15T02:50:56.987Z,0.024942648549,2026-08-15 08:35:56.987,1120.488055555556
Pulse experiments,pioreactor01,2026-08-15T02:51:02.003Z,0.024932526648,2026-08-15 08:36:02.003,1120.489722222222
Pulse experiments,pioreactor01,2026-08-15T02:51:06.996Z,0.024848616282,2026-08-15 08:36:06.996,1120.490833333333
Pulse experiments,pioreactor01,2026-08-15T02:51:11.996Z,0.024899113494,2026-08-15 08:36:11.996,1120.492222222222
Pulse experiments,pioreactor01,2026-08-15T02:51:17.020Z,0.024989051951,2026-08-15 08:36:17.020,1120.493888888889
Pulse experiments,pioreactor01,2026-08-15T02:51:22.000Z,0.025078512067,2026-08-15 08:36:22.000,1120.495277777778
Pulse experiments,pioreactor01,2026-08-15T02:51:26.994Z,0.025187722272,2026-08-15 08:36:26.994,1120.496388888889
Pulse experiments,pioreactor01,2026-08-15T02:51:32.003Z,0.025317309422,2026-08-15 08:36:32.003,1120.498055555556
Pulse experiments,pioreactor01,2026-08-15T02:51:37.001Z,0.025575114837,2026-08-15 08:36:37.001,1120.499444444444
Pulse experiments,pioreactor01,2026-08-15T02:51:41.988Z,0.025938447348,2026-08-15 08:36:41.988,1120.500555555556
Pulse experiments,pioreactor01,2026-08-15T02:51:46.993Z,0.026175451946,2026-08-15 08:36:46.993,1120.501944444444
Pulse experiments,pioreactor01,2026-08-15T02:51:51.997Z,0.026212312052,2026-08-15 08:36:51.997,1120.503333333333
Pulse experiments,pioreactor01,2026-08-15T02:52:01.991Z,0.026173679415,2026-08-15 08:37:01.991,1120.506111111111
Pulse experiments,pioreactor01,2026-08-15T02:52:06.996Z,0.026332818543,2026-08-15 08:37:06.996,1120.5075
Pulse experiments,pioreactor01,2026-08-15T02:52:11.993Z,0.026370735168,2026-08-15 08:37:11.993,1120.508888888889
Pulse experiments,pioreactor01,2026-08-15T02:52:16.999Z,0.0264147578,2026-08-15 08:37:16.999,1120.510277777778
Pulse experiments,pioreactor01,2026-08-15T02:52:21.994Z,0.026306845331,2026-08-15 08:37:21.994,1120.511666666667
Pulse experiments,pioreactor01,2026-08-15T02:52:26.996Z,0.026261998342,2026-08-15 08:37:26.996,1120.513055555556
Pulse experiments,pioreactor01,2026-08-15T02:52:31.999Z,0.026416871299,2026-08-15 08:37:31.999,1120.514444444445
Pulse experiments,pioreactor01,2026-08-15T02:52:36.987Z,0.026393646661,2026-08-15 08:37:36.987,1120.515833333333
Pulse experiments,pioreactor01,2026-08-15T02:52:41.992Z,0.026604137402,2026-08-15 08:37:41.992,1120.517222222222
Pulse experiments,pioreactor01,2026-08-15T02:52:46.989Z,0.026659072688,2026-08-15 08:37:46.989,1120.518611111111
Pulse experiments,pioreactor01,2026-08-15T02:52:51.990Z,0.026624770307,2026-08-15 08:37:51.990,1120.52
Pulse experiments,pioreactor01,2026-08-15T02:52:57.024Z,0.02666753101,2026-08-15 08:37:57.024,1120.521666666667
Pulse experiments,pioreactor01,2026-08-15T02:53:02.031Z,0.026450585363,2026-08-15 08:38:02.031,1120.523055555556
Pulse experiments,pioreactor01,2026-08-15T02:53:07.021Z,0.026276618884,2026-08-15 08:38:07.021,1120.524444444444
Pulse experiments,pioreactor01,2026-08-15T02:53:12.040Z,0.026302413564,2026-08-15 08:38:12.040,1120.525833333333
Pulse experiments,pioreactor01,2026-08-15T02:53:16.992Z,0.02618180013,2026-08-15 08:38:16.992,1120.526944444445
Pulse experiments,pioreactor01,2026-08-15T02:53:21.997Z,0.02610742916,2026-08-15 08:38:21.997,1120.528333333333
Pulse experiments,pioreactor01,2026-08-15T02:53:26.997Z,0.026044564092,2026-08-15 08:38:26.997,1120.529722222222
Pulse experiments,pioreactor01,2026-08-15T02:53:31.999Z,0.025933913272,2026-08-15 08:38:31.999,1120.531111111111
Pulse experiments,pioreactor01,2026-08-15T02:53:36.992Z,0.025988796321,2026-08-15 08:38:36.992,1120.5325
Pulse experiments,pioreactor01,2026-08-15T02:53:41.996Z,0.025946809749,2026-08-15 08:38:41.996,1120.533888888889
Pulse experiments,pioreactor01,2026-08-15T02:53:46.992Z,0.02565495711,2026-08-15 08:38:46.992,1120.535277777778
Pulse experiments,pioreactor01,2026-08-15T02:53:52.003Z,0.025635604277,2026-08-15 08:38:52.003,1120.536944444445
Pulse experiments,pioreactor01,2026-08-15T02:53:56.993Z,0.025610178089,2026-08-15 08:38:56.993,1120.538055555556
Pulse experiments,pioreactor01,2026-08-15T02:54:01.993Z,0.025798606523,2026-08-15 08:39:01.993,1120.539444444444
Pulse experiments,pioreactor01,2026-08-15T02:54:06.997Z,0.025933620704,2026-08-15 08:39:06.997,1120.540833333333
Pulse experiments,pioreactor01,2026-08-15T02:54:11.998Z,0.02595014428,2026-08-15 08:39:11.998,1120.542222222222
Pulse experiments,pioreactor01,2026-08-15T02:54:17.000Z,0.02589376698,2026-08-15 08:39:17.000,1120.543888888889
Pulse experiments,pioreactor01,2026-08-15T02:54:21.992Z,0.025941866646,2026-08-15 08:39:21.992,1120.545
Pulse experiments,pioreactor01,2026-08-15T02:54:27.012Z,0.026287268622,2026-08-15 08:39:27.012,1120.546666666667
Pulse experiments,pioreactor01,2026-08-15T02:54:31.991Z,0.026597927097,2026-08-15 08:39:31.991,1120.547777777778
Pulse experiments,pioreactor01,2026-08-15T02:54:36.991Z,0.026556727979,2026-08-15 08:39:36.991,1120.549166666667
Pulse experiments,pioreactor01,2026-08-15T02:54:42.031Z,0.026551361249,2026-08-15 08:39:42.031,1120.550833333333
Pulse experiments,pioreactor01,2026-08-15T02:54:46.991Z,0.026403344302,2026-08-15 08:39:46.991,1120.551944444444
Pulse experiments,pioreactor01,2026-08-15T02:54:51.988Z,0.026327238398,2026-08-15 08:39:51.988,1120.553333333333
Pulse experiments,pioreactor01,2026-08-15T02:54:56.987Z,0.026299122705,2026-08-15 08:39:56.987,1120.554722222222
Pulse experiments,pioreactor01,2026-08-15T02:55:01.989Z,0.026160553016,2026-08-15 08:40:01.989,1120.556111111111
Pulse experiments,pioreactor01,2026-08-15T02:55:06.992Z,0.02616056356,2026-08-15 08:40:06.992,1120.5575
Pulse experiments,pioreactor01,2026-08-15T02:55:12.005Z,0.026249863355,2026-08-15 08:40:12.005,1120.559166666667
Pulse experiments,pioreactor01,2026-08-15T02:55:16.992Z,0.026523834428,2026-08-15 08:40:16.992,1120.560277777778
Pulse experiments,pioreactor01,2026-08-15T02:55:21.987Z,0.026866853584,2026-08-15 08:40:21.987,1120.561666666667
Pulse experiments,pioreactor01,2026-08-15T02:55:31.988Z,0.026835637817,2026-08-15 08:40:31.988,1120.564444444444
Pulse experiments,pioreactor01,2026-08-15T02:55:36.987Z,0.026728530617,2026-08-15 08:40:36.987,1120.565833333333
Pulse experiments,pioreactor01,2026-08-15T02:55:46.996Z,0.026917963011,2026-08-15 08:40:46.996,1120.568611111111
Pulse experiments,pioreactor01,2026-08-15T02:55:51.992Z,0.027077302631,2026-08-15 08:40:51.992,1120.57
Pulse experiments,pioreactor01,2026-08-15T02:55:56.996Z,0.026956124765,2026-08-15 08:40:56.996,1120.571388888889
Pulse experiments,pioreactor01,2026-08-15T02:56:01.996Z,0.027227698648,2026-08-15 08:41:01.996,1120.572777777778
Pulse experiments,pioreactor01,2026-08-15T02:56:07.002Z,0.027415268682,2026-08-15 08:41:07.002,1120.574444444444
Pulse experiments,pioreactor01,2026-08-15T02:56:11.993Z,0.027339178272,2026-08-15 08:41:11.993,1120.575555555556
Pulse experiments,pioreactor01,2026-08-15T02:56:16.993Z,0.027040045505,2026-08-15 08:41:16.993,1120.576944444445
Pulse experiments,pioreactor01,2026-08-15T02:56:21.999Z,0.027363080901,2026-08-15 08:41:21.999,1120.578333333333
Pulse experiments,pioreactor01,2026-08-15T02:56:27.016Z,0.027469567598,2026-08-15 08:41:27.016,1120.58
Pulse experiments,pioreactor01,2026-08-15T02:56:31.994Z,0.027161462098,2026-08-15 08:41:31.994,1120.581111111111
Pulse experiments,pioreactor01,2026-08-15T02:56:36.999Z,0.026975984687,2026-08-15 08:41:36.999,1120.5825
Pulse experiments,pioreactor01,2026-08-15T02:56:41.995Z,0.026840869397,2026-08-15 08:41:41.995,1120.583888888889
Pulse experiments,pioreactor01,2026-08-15T02:56:46.995Z,0.026400413636,2026-08-15 08:41:46.995,1120.585277777778
Pulse experiments,pioreactor01,2026-08-15T02:56:52.039Z,0.025793596501,2026-08-15 08:41:52.039,1120.586944444444
Pulse experiments,pioreactor01,2026-08-15T02:56:57.032Z,0.025205303695,2026-08-15 08:41:57.032,1120.588333333333
Pulse experiments,pioreactor01,2026-08-15T02:57:02.031Z,0.02449605277,2026-08-15 08:42:02.031,1120.589722222222
Pulse experiments,pioreactor01,2026-08-15T02:57:07.046Z,0.023626453655,2026-08-15 08:42:07.046,1120.591111111111
Pulse experiments,pioreactor01,2026-08-15T02:57:11.999Z,0.023283376594,2026-08-15 08:42:11.999,1120.592222222222
Pulse experiments,pioreactor01,2026-08-15T02:57:16.983Z,0.022994010147,2026-08-15 08:42:16.983,1120.593611111111
Pulse experiments,pioreactor01,2026-08-15T02:57:21.982Z,0.022627695899,2026-08-15 08:42:21.982,1120.595
Pulse experiments,pioreactor01,2026-08-15T02:57:26.981Z,0.022649012397,2026-08-15 08:42:26.981,1120.596388888889
Pulse experiments,pioreactor01,2026-08-15T02:57:31.980Z,0.022779967953,2026-08-15 08:42:31.980,1120.597777777778
Pulse experiments,pioreactor01,2026-08-15T02:57:36.983Z,0.023013630373,2026-08-15 08:42:36.983,1120.599166666667
Pulse experiments,pioreactor01,2026-08-15T02:57:41.981Z,0.023193542488,2026-08-15 08:42:41.981,1120.600555555556
Pulse experiments,pioreactor01,2026-08-15T02:57:46.982Z,0.023299040381,2026-08-15 08:42:46.982,1120.601944444444
Pulse experiments,pioreactor01,2026-08-15T02:57:51.983Z,0.023172738294,2026-08-15 08:42:51.983,1120.603333333333
Pulse experiments,pioreactor01,2026-08-15T02:57:56.981Z,0.023370370031,2026-08-15 08:42:56.981,1120.604722222222
Pulse experiments,pioreactor01,2026-08-15T02:58:01.983Z,0.023604106345,2026-08-15 08:43:01.983,1120.606111111111
Pulse experiments,pioreactor01,2026-08-15T02:58:06.981Z,0.023648747206,2026-08-15 08:43:06.981,1120.6075
Pulse experiments,pioreactor01,2026-08-15T02:58:11.982Z,0.023751545229,2026-08-15 08:43:11.982,1120.608888888889
Pulse experiments,pioreactor01,2026-08-15T02:58:16.984Z,0.023771278991,2026-08-15 08:43:16.984,1120.610277777778
Pulse experiments,pioreactor01,2026-08-15T02:58:21.982Z,0.023551270806,2026-08-15 08:43:21.982,1120.611666666667
Pulse experiments,pioreactor01,2026-08-15T02:58:26.981Z,0.023435319692,2026-08-15 08:43:26.981,1120.613055555556
Pulse experiments,pioreactor01,2026-08-15T02:58:36.982Z,0.023650369886,2026-08-15 08:43:36.982,1120.615833333333
Pulse experiments,pioreactor01,2026-08-15T02:58:41.983Z,0.023413810201,2026-08-15 08:43:41.983,1120.617222222222
Pulse experiments,pioreactor01,2026-08-15T02:58:46.980Z,0.023163185497,2026-08-15 08:43:46.980,1120.618611111111
Pulse experiments,pioreactor01,2026-08-15T02:58:51.981Z,0.022835090279,2026-08-15 08:43:51.981,1120.62
Pulse experiments,pioreactor01,2026-08-15T02:58:56.983Z,0.022648378268,2026-08-15 08:43:56.983,1120.621388888889
Pulse experiments,pioreactor01,2026-08-15T02:59:01.981Z,0.022721969737,2026-08-15 08:44:01.981,1120.622777777778
Pulse experiments,pioreactor01,2026-08-15T02:59:06.982Z,0.022504897576,2026-08-15 08:44:06.982,1120.624166666667
Pulse experiments,pioreactor01,2026-08-15T02:59:11.982Z,0.022504939556,2026-08-15 08:44:11.982,1120.625555555556
Pulse experiments,pioreactor01,2026-08-15T02:59:16.982Z,0.022366235696,2026-08-15 08:44:16.982,1120.626944444444
Pulse experiments,pioreactor01,2026-08-15T02:59:21.982Z,0.021789724911,2026-08-15 08:44:21.982,1120.628333333333
Pulse experiments,pioreactor01,2026-08-15T02:59:26.983Z,0.021458343496,2026-08-15 08:44:26.983,1120.629722222222
Pulse experiments,pioreactor01,2026-08-15T02:59:31.982Z,0.021581409853,2026-08-15 08:44:31.982,1120.631111111111
Pulse experiments,pioreactor01,2026-08-15T02:59:36.984Z,0.021913393853,2026-08-15 08:44:36.984,1120.6325
Pulse experiments,pioreactor01,2026-08-15T02:59:41.982Z,0.02195950561,2026-08-15 08:44:41.982,1120.633888888889
Pulse experiments,pioreactor01,2026-08-15T02:59:46.983Z,0.022475002686,2026-08-15 08:44:46.983,1120.635277777778
Pulse experiments,pioreactor01,2026-08-15T02:59:51.981Z,0.022639739578,2026-08-15 08:44:51.981,1120.636666666667
Pulse experiments,pioreactor01,2026-08-15T03:00:01.981Z,0.022883434546,2026-08-15 08:45:01.981,1120.639444444445
Pulse experiments,pioreactor01,2026-08-15T03:00:06.983Z,0.022814056513,2026-08-15 08:45:06.983,1120.640833333333
Pulse experiments,pioreactor01,2026-08-15T03:00:11.981Z,0.022518468066,2026-08-15 08:45:11.981,1120.642222222222
Pulse experiments,pioreactor01,2026-08-15T03:00:16.984Z,0.022297046779,2026-08-15 08:45:16.984,1120.643611111111
Pulse experiments,pioreactor01,2026-08-15T03:00:21.981Z,0.022070211552,2026-08-15 08:45:21.981,1120.645
Pulse experiments,pioreactor01,2026-08-15T03:00:26.981Z,0.022127518116,2026-08-15 08:45:26.981,1120.646388888889
Pulse experiments,pioreactor01,2026-08-15T03:00:31.982Z,0.02236053753,2026-08-15 08:45:31.982,1120.647777777778
Pulse experiments,pioreactor01,2026-08-15T03:00:36.982Z,0.022646505452,2026-08-15 08:45:36.982,1120.649166666667
Pulse experiments,pioreactor01,2026-08-15T03:00:41.984Z,0.022648257064,2026-08-15 08:45:41.984,1120.650555555555
Pulse experiments,pioreactor01,2026-08-15T03:00:46.983Z,0.022356122445,2026-08-15 08:45:46.983,1120.651944444445
Pulse experiments,pioreactor01,2026-08-15T03:00:51.983Z,0.022421464996,2026-08-15 08:45:51.983,1120.653333333333
Pulse experiments,pioreactor01,2026-08-15T03:00:56.984Z,0.022585355716,2026-08-15 08:45:56.984,1120.654722222222
Pulse experiments,pioreactor01,2026-08-15T03:01:01.981Z,0.022603761633,2026-08-15 08:46:01.981,1120.656111111111
Pulse experiments,pioreactor01,2026-08-15T03:01:06.982Z,0.022725092457,2026-08-15 08:46:06.982,1120.6575
Pulse experiments,pioreactor01,2026-08-15T03:01:11.982Z,0.022939594127,2026-08-15 08:46:11.982,1120.658888888889
Pulse experiments,pioreactor01,2026-08-15T03:01:16.982Z,0.022697753686,2026-08-15 08:46:16.982,1120.660277777778
Pulse experiments,pioreactor01,2026-08-15T03:01:21.981Z,0.022282518647,2026-08-15 08:46:21.981,1120.661666666667
Pulse experiments,pioreactor01,2026-08-15T03:01:26.982Z,0.02179263944,2026-08-15 08:46:26.982,1120.663055555556
Pulse experiments,pioreactor01,2026-08-15T03:01:31.983Z,0.02152740649,2026-08-15 08:46:31.983,1120.664444444444
Pulse experiments,pioreactor01,2026-08-15T03:01:36.982Z,0.021541733655,2026-08-15 08:46:36.982,1120.665833333333
Pulse experiments,pioreactor01,2026-08-15T03:01:41.982Z,0.021424930471,2026-08-15 08:46:41.982,1120.667222222222
Pulse experiments,pioreactor01,2026-08-15T03:01:46.982Z,0.021174734219,2026-08-15 08:46:46.982,1120.668611111111
Pulse experiments,pioreactor01,2026-08-15T03:01:51.983Z,0.021069216827,2026-08-15 08:46:51.983,1120.67
Pulse experiments,pioreactor01,2026-08-15T03:01:56.982Z,0.021150722619,2026-08-15 08:46:56.982,1120.671388888889
Pulse experiments,pioreactor01,2026-08-15T03:02:01.982Z,0.021505047305,2026-08-15 08:47:01.982,1120.672777777778
Pulse experiments,pioreactor01,2026-08-15T03:02:06.982Z,0.021575579314,2026-08-15 08:47:06.982,1120.674166666667
Pulse experiments,pioreactor01,2026-08-15T03:02:11.983Z,0.021328960391,2026-08-15 08:47:11.983,1120.675555555556
Pulse experiments,pioreactor01,2026-08-15T03:02:16.983Z,0.021051853976,2026-08-15 08:47:16.983,1120.676944444444
Pulse experiments,pioreactor01,2026-08-15T03:02:21.982Z,0.020748767717,2026-08-15 08:47:21.982,1120.678333333333
Pulse experiments,pioreactor01,2026-08-15T03:02:26.981Z,0.020854416395,2026-08-15 08:47:26.981,1120.679722222222
Pulse experiments,pioreactor01,2026-08-15T03:02:31.982Z,0.020392283559,2026-08-15 08:47:31.982,1120.681111111111
Pulse experiments,pioreactor01,2026-08-15T03:02:36.981Z,0.01994678874,2026-08-15 08:47:36.981,1120.6825
Pulse experiments,pioreactor01,2026-08-15T03:02:41.981Z,0.019829996309,2026-08-15 08:47:41.981,1120.683888888889
Pulse experiments,pioreactor01,2026-08-15T03:02:46.981Z,0.019786191111,2026-08-15 08:47:46.981,1120.685277777778
Pulse experiments,pioreactor01,2026-08-15T03:02:51.982Z,0.019478329025,2026-08-15 08:47:51.982,1120.686666666667
Pulse experiments,pioreactor01,2026-08-15T03:02:56.984Z,0.019189456305,2026-08-15 08:47:56.984,1120.688055555556
Pulse experiments,pioreactor01,2026-08-15T03:03:01.983Z,0.018783226704,2026-08-15 08:48:01.983,1120.689444444444
Pulse experiments,pioreactor01,2026-08-15T03:03:06.982Z,0.018813775256,2026-08-15 08:48:06.982,1120.690833333333
Pulse experiments,pioreactor01,2026-08-15T03:03:11.983Z,0.018685619969,2026-08-15 08:48:11.983,1120.692222222222
Pulse experiments,pioreactor01,2026-08-15T03:03:16.982Z,0.018433196701,2026-08-15 08:48:16.982,1120.693611111111
Pulse experiments,pioreactor01,2026-08-15T03:03:21.983Z,0.018352404614,2026-08-15 08:48:21.983,1120.695
Pulse experiments,pioreactor01,2026-08-15T03:03:31.982Z,0.018404911349,2026-08-15 08:48:31.982,1120.697777777778
Pulse experiments,pioreactor01,2026-08-15T03:03:36.983Z,0.018116507997,2026-08-15 08:48:36.983,1120.699166666667
Pulse experiments,pioreactor01,2026-08-15T03:03:41.984Z,0.018261920965,2026-08-15 08:48:41.984,1120.700555555556
Pulse experiments,pioreactor01,2026-08-15T03:03:46.984Z,0.018288940213,2026-08-15 08:48:46.984,1120.701944444445
Pulse experiments,pioreactor01,2026-08-15T03:03:51.984Z,0.018017216708,2026-08-15 08:48:51.984,1120.703333333333
Pulse experiments,pioreactor01,2026-08-15T03:03:56.981Z,0.017743933419,2026-08-15 08:48:56.981,1120.704722222222
Pulse experiments,pioreactor01,2026-08-15T03:04:01.982Z,0.017532977379,2026-08-15 08:49:01.982,1120.706111111111
Pulse experiments,pioreactor01,2026-08-15T03:04:06.983Z,0.01768761974,2026-08-15 08:49:06.983,1120.7075
Pulse experiments,pioreactor01,2026-08-15T03:04:11.981Z,0.017431675344,2026-08-15 08:49:11.981,1120.708888888889
Pulse experiments,pioreactor01,2026-08-15T03:04:16.980Z,0.017327377781,2026-08-15 08:49:16.980,1120.710277777778
Pulse experiments,pioreactor01,2026-08-15T03:04:21.981Z,0.016995694371,2026-08-15 08:49:21.981,1120.711666666667
Pulse experiments,pioreactor01,2026-08-15T03:04:26.982Z,0.017059373,2026-08-15 08:49:26.982,1120.713055555555
Pulse experiments,pioreactor01,2026-08-15T03:04:31.982Z,0.016979815748,2026-08-15 08:49:31.982,1120.714444444445
Pulse experiments,pioreactor01,2026-08-15T03:04:36.982Z,0.016939935416,2026-08-15 08:49:36.982,1120.715833333333
Pulse experiments,pioreactor01,2026-08-15T03:04:41.983Z,0.016984625665,2026-08-15 08:49:41.983,1120.717222222222
Pulse experiments,pioreactor01,2026-08-15T03:04:46.981Z,0.016887804352,2026-08-15 08:49:46.981,1120.718611111111
Pulse experiments,pioreactor01,2026-08-15T03:04:51.981Z,0.016789185141,2026-08-15 08:49:51.981,1120.72
Pulse experiments,pioreactor01,2026-08-15T03:04:56.981Z,0.016635660078,2026-08-15 08:49:56.981,1120.721388888889
Pulse experiments,pioreactor01,2026-08-15T03:05:01.982Z,0.016526941799,2026-08-15 08:50:01.982,1120.722777777778
Pulse experiments,pioreactor01,2026-08-15T03:05:06.981Z,0.016469121933,2026-08-15 08:50:06.981,1120.724166666667
Pulse experiments,pioreactor01,2026-08-15T03:05:11.982Z,0.016516597775,2026-08-15 08:50:11.982,1120.725555555556
Pulse experiments,pioreactor01,2026-08-15T03:05:16.981Z,0.016592472048,2026-08-15 08:50:16.981,1120.726944444444
Pulse experiments,pioreactor01,2026-08-15T03:05:21.981Z,0.016597509378,2026-08-15 08:50:21.981,1120.728333333333
Pulse experiments,pioreactor01,2026-08-15T03:05:26.982Z,0.01618477123,2026-08-15 08:50:26.982,1120.729722222222
Pulse experiments,pioreactor01,2026-08-15T03:05:31.981Z,0.016023320628,2026-08-15 08:50:31.981,1120.731111111111
Pulse experiments,pioreactor01,2026-08-15T03:05:36.983Z,0.016256086779,2026-08-15 08:50:36.983,1120.7325
Pulse experiments,pioreactor01,2026-08-15T03:05:41.982Z,0.016446483206,2026-08-15 08:50:41.982,1120.733888888889
Pulse experiments,pioreactor01,2026-08-15T03:05:46.983Z,0.016408382201,2026-08-15 08:50:46.983,1120.735277777778
Pulse experiments,pioreactor01,2026-08-15T03:05:51.980Z,0.016346403465,2026-08-15 08:50:51.980,1120.736666666667
Pulse experiments,pioreactor01,2026-08-15T03:05:56.981Z,0.016223283512,2026-08-15 08:50:56.981,1120.738055555556
Pulse experiments,pioreactor01,2026-08-15T03:06:01.982Z,0.016292318169,2026-08-15 08:51:01.982,1120.739444444444
Pulse experiments,pioreactor01,2026-08-15T03:06:06.983Z,0.01645369992,2026-08-15 08:51:06.983,1120.740833333333
Pulse experiments,pioreactor01,2026-08-15T03:06:11.981Z,0.016673584248,2026-08-15 08:51:11.981,1120.742222222222
Pulse experiments,pioreactor01,2026-08-15T03:06:21.982Z,0.016492148886,2026-08-15 08:51:21.982,1120.745
Pulse experiments,pioreactor01,2026-08-15T03:06:26.982Z,0.016217153193,2026-08-15 08:51:26.982,1120.746388888889
Pulse experiments,pioreactor01,2026-08-15T03:06:31.982Z,0.016099225275,2026-08-15 08:51:31.982,1120.747777777778
Pulse experiments,pioreactor01,2026-08-15T03:06:36.982Z,0.015934898486,2026-08-15 08:51:36.982,1120.749166666667
Pulse experiments,pioreactor01,2026-08-15T03:06:46.983Z,0.015821338029,2026-08-15 08:51:46.983,1120.751944444444
Pulse experiments,pioreactor01,2026-08-15T03:06:51.982Z,0.015613880738,2026-08-15 08:51:51.982,1120.753333333333
Pulse experiments,pioreactor01,2026-08-15T03:06:56.981Z,0.015361562973,2026-08-15 08:51:56.981,1120.754722222222
Pulse experiments,pioreactor01,2026-08-15T03:07:01.984Z,0.014980554757,2026-08-15 08:52:01.984,1120.756111111111
Pulse experiments,pioreactor01,2026-08-15T03:07:06.983Z,0.014773972135,2026-08-15 08:52:06.983,1120.7575
Pulse experiments,pioreactor01,2026-08-15T03:07:11.981Z,0.014639681377,2026-08-15 08:52:11.981,1120.758888888889
Pulse experiments,pioreactor01,2026-08-15T03:07:16.982Z,0.014388551381,2026-08-15 08:52:16.982,1120.760277777778
Pulse experiments,pioreactor01,2026-08-15T03:07:21.981Z,0.01434537132,2026-08-15 08:52:21.981,1120.761666666667
Pulse experiments,pioreactor01,2026-08-15T03:07:26.982Z,0.014176180458,2026-08-15 08:52:26.982,1120.763055555556
Pulse experiments,pioreactor01,2026-08-15T03:07:31.983Z,0.013886566118,2026-08-15 08:52:31.983,1120.764444444445
Pulse experiments,pioreactor01,2026-08-15T03:07:36.983Z,0.013594627064,2026-08-15 08:52:36.983,1120.765833333333
Pulse experiments,pioreactor01,2026-08-15T03:07:41.983Z,0.013277140076,2026-08-15 08:52:41.983,1120.767222222222
Pulse experiments,pioreactor01,2026-08-15T03:07:46.982Z,0.01318318388,2026-08-15 08:52:46.982,1120.768611111111
Pulse experiments,pioreactor01,2026-08-15T03:07:51.983Z,0.012967551095,2026-08-15 08:52:51.983,1120.77
Pulse experiments,pioreactor01,2026-08-15T03:07:56.981Z,0.012942414428,2026-08-15 08:52:56.981,1120.771388888889
Pulse experiments,pioreactor01,2026-08-15T03:08:06.984Z,0.012933825325,2026-08-15 08:53:06.984,1120.774166666667
Pulse experiments,pioreactor01,2026-08-15T03:08:11.984Z,0.012735075998,2026-08-15 08:53:11.984,1120.775555555555
Pulse experiments,pioreactor01,2026-08-15T03:08:16.982Z,0.012592659079,2026-08-15 08:53:16.982,1120.776944444445
Pulse experiments,pioreactor01,2026-08-15T03:08:21.981Z,0.012195012677,2026-08-15 08:53:21.981,1120.778333333333
Pulse experiments,pioreactor01,2026-08-15T03:08:26.981Z,0.012161934164,2026-08-15 08:53:26.981,1120.779722222222
Pulse experiments,pioreactor01,2026-08-15T03:08:31.982Z,0.011956176241,2026-08-15 08:53:31.982,1120.781111111111
Pulse experiments,pioreactor01,2026-08-15T03:08:36.981Z,0.012116998694,2026-08-15 08:53:36.981,1120.7825
Pulse experiments,pioreactor01,2026-08-15T03:08:41.985Z,0.012115931029,2026-08-15 08:53:41.985,1120.783888888889
Pulse experiments,pioreactor01,2026-08-15T03:08:46.983Z,0.012162952108,2026-08-15 08:53:46.983,1120.785277777778
Pulse experiments,pioreactor01,2026-08-15T03:08:51.981Z,0.011899469682,2026-08-15 08:53:51.981,1120.786666666667
Pulse experiments,pioreactor01,2026-08-15T03:08:56.983Z,0.011562900998,2026-08-15 08:53:56.983,1120.788055555556
Pulse experiments,pioreactor01,2026-08-15T03:09:01.984Z,0.011298919513,2026-08-15 08:54:01.984,1120.789444444444
Pulse experiments,pioreactor01,2026-08-15T03:09:06.982Z,0.010967624018,2026-08-15 08:54:06.982,1120.790833333333
Pulse experiments,pioreactor01,2026-08-15T03:09:11.982Z,0.010731648352,2026-08-15 08:54:11.982,1120.792222222222
Pulse experiments,pioreactor01,2026-08-15T03:09:16.982Z,0.010705985865,2026-08-15 08:54:16.982,1120.793611111111
Pulse experiments,pioreactor01,2026-08-15T03:09:21.985Z,0.010449998612,2026-08-15 08:54:21.985,1120.795
Pulse experiments,pioreactor01,2026-08-15T03:09:26.984Z,0.010503010114,2026-08-15 08:54:26.984,1120.796388888889
Pulse experiments,pioreactor01,2026-08-15T03:09:31.980Z,0.0104969319,2026-08-15 08:54:31.980,1120.797777777778
Pulse experiments,pioreactor01,2026-08-15T03:09:36.982Z,0.010201686936,2026-08-15 08:54:36.982,1120.799166666667
Pulse experiments,pioreactor01,2026-08-15T03:09:41.983Z,0.010067815444,2026-08-15 08:54:41.983,1120.800555555556
Pulse experiments,pioreactor01,2026-08-15T03:09:46.983Z,0.010135010758,2026-08-15 08:54:46.983,1120.801944444444
Pulse experiments,pioreactor01,2026-08-15T03:09:51.984Z,0.009996504145,2026-08-15 08:54:51.984,1120.803333333333
Pulse experiments,pioreactor01,2026-08-15T03:09:56.983Z,0.009647906857,2026-08-15 08:54:56.983,1120.804722222222
Pulse experiments,pioreactor01,2026-08-15T03:10:01.982Z,0.009297483822,2026-08-15 08:55:01.982,1120.806111111111
Pulse experiments,pioreactor01,2026-08-15T03:10:06.983Z,0.008916544182,2026-08-15 08:55:06.983,1120.8075
Pulse experiments,pioreactor01,2026-08-15T03:10:11.982Z,0.008779891668,2026-08-15 08:55:11.982,1120.808888888889
Pulse experiments,pioreactor01,2026-08-15T03:10:16.982Z,0.008569405491,2026-08-15 08:55:16.982,1120.810277777778
Pulse experiments,pioreactor01,2026-08-15T03:10:21.982Z,0.008287134776,2026-08-15 08:55:21.982,1120.811666666667
Pulse experiments,pioreactor01,2026-08-15T03:10:26.982Z,0.00827942329,2026-08-15 08:55:26.982,1120.813055555556
Pulse experiments,pioreactor01,2026-08-15T03:10:31.982Z,0.008389052973,2026-08-15 08:55:31.982,1120.814444444444
Pulse experiments,pioreactor01,2026-08-15T03:10:36.980Z,0.008583970121,2026-08-15 08:55:36.980,1120.815833333333
Pulse experiments,pioreactor01,2026-08-15T03:10:41.983Z,0.008628223999,2026-08-15 08:55:41.983,1120.817222222222
Pulse experiments,pioreactor01,2026-08-15T03:10:46.981Z,0.00871684092,2026-08-15 08:55:46.981,1120.818611111111
Pulse experiments,pioreactor01,2026-08-15T03:10:51.983Z,0.008706146274,2026-08-15 08:55:51.983,1120.82
Pulse experiments,pioreactor01,2026-08-15T03:10:56.981Z,0.008665249422,2026-08-15 08:55:56.981,1120.821388888889
Pulse experiments,pioreactor01,2026-08-15T03:11:01.983Z,0.008283718606,2026-08-15 08:56:01.983,1120.822777777778
Pulse experiments,pioreactor01,2026-08-15T03:11:06.982Z,0.008067474232,2026-08-15 08:56:06.982,1120.824166666667
Pulse experiments,pioreactor01,2026-08-15T03:11:11.981Z,0.007926807596,2026-08-15 08:56:11.981,1120.825555555556
Pulse experiments,pioreactor01,2026-08-15T03:11:16.982Z,0.00763066586,2026-08-15 08:56:16.982,1120.826944444445
Pulse experiments,pioreactor01,2026-08-15T03:11:21.981Z,0.007570081539,2026-08-15 08:56:21.981,1120.828333333333
Pulse experiments,pioreactor01,2026-08-15T03:11:26.983Z,0.007424437034,2026-08-15 08:56:26.983,1120.829722222222
Pulse experiments,pioreactor01,2026-08-15T03:11:31.981Z,0.007280391435,2026-08-15 08:56:31.981,1120.831111111111
Pulse experiments,pioreactor01,2026-08-15T03:11:36.983Z,0.0073255423,2026-08-15 08:56:36.983,1120.8325
Pulse experiments,pioreactor01,2026-08-15T03:11:41.982Z,0.007321152437,2026-08-15 08:56:41.982,1120.833888888889
Pulse experiments,pioreactor01,2026-08-15T03:11:46.981Z,0.007283340039,2026-08-15 08:56:46.981,1120.835277777778
Pulse experiments,pioreactor01,2026-08-15T03:11:51.981Z,0.007273312236,2026-08-15 08:56:51.981,1120.836666666667
Pulse experiments,pioreactor01,2026-08-15T03:11:56.982Z,0.007186818553,2026-08-15 08:56:56.982,1120.838055555555
Pulse experiments,pioreactor01,2026-08-15T03:12:01.983Z,0.006990435423,2026-08-15 08:57:01.983,1120.839444444445
Pulse experiments,pioreactor01,2026-08-15T03:12:11.981Z,0.007042102522,2026-08-15 08:57:11.981,1120.842222222222
Pulse experiments,pioreactor01,2026-08-15T03:12:16.983Z,0.007067064957,2026-08-15 08:57:16.983,1120.843611111111
Pulse experiments,pioreactor01,2026-08-15T03:12:21.981Z,0.006801972086,2026-08-15 08:57:21.981,1120.845
Pulse experiments,pioreactor01,2026-08-15T03:12:26.983Z,0.00646422995,2026-08-15 08:57:26.983,1120.846388888889
Pulse experiments,pioreactor01,2026-08-15T03:12:31.984Z,0.006382467925,2026-08-15 08:57:31.984,1120.847777777778
Pulse experiments,pioreactor01,2026-08-15T03:12:36.981Z,0.006243447222,2026-08-15 08:57:36.981,1120.849166666667
Pulse experiments,pioreactor01,2026-08-15T03:12:41.982Z,0.006175618669,2026-08-15 08:57:41.982,1120.850555555556
Pulse experiments,pioreactor01,2026-08-15T03:12:46.980Z,0.006203506398,2026-08-15 08:57:46.980,1120.851944444444
Pulse experiments,pioreactor01,2026-08-15T03:12:51.981Z,0.00637197299,2026-08-15 08:57:51.981,1120.853333333333
Pulse experiments,pioreactor01,2026-08-15T03:12:56.984Z,0.006405187827,2026-08-15 08:57:56.984,1120.854722222222
Pulse experiments,pioreactor01,2026-08-15T03:13:01.982Z,0.006340416295,2026-08-15 08:58:01.982,1120.856111111111
Pulse experiments,pioreactor01,2026-08-15T03:13:06.985Z,0.006385519974,2026-08-15 08:58:06.985,1120.8575
Pulse experiments,pioreactor01,2026-08-15T03:13:11.984Z,0.006489863883,2026-08-15 08:58:11.984,1120.858888888889
Pulse experiments,pioreactor01,2026-08-15T03:13:16.983Z,0.006434499701,2026-08-15 08:58:16.983,1120.860277777778
Pulse experiments,pioreactor01,2026-08-15T03:13:21.981Z,0.00648179917,2026-08-15 08:58:21.981,1120.861666666667
Pulse experiments,pioreactor01,2026-08-15T03:13:26.982Z,0.006583874563,2026-08-15 08:58:26.982,1120.863055555556
Pulse experiments,pioreactor01,2026-08-15T03:13:31.982Z,0.006439921703,2026-08-15 08:58:31.982,1120.864444444444
Pulse experiments,pioreactor01,2026-08-15T03:13:36.984Z,0.006075376431,2026-08-15 08:58:36.984,1120.865833333333
Pulse experiments,pioreactor01,2026-08-15T03:13:41.982Z,0.005837025404,2026-08-15 08:58:41.982,1120.867222222222
Pulse experiments,pioreactor01,2026-08-15T03:13:46.981Z,0.005556515692,2026-08-15 08:58:46.981,1120.868611111111
Pulse experiments,pioreactor01,2026-08-15T03:13:51.982Z,0.005529786087,2026-08-15 08:58:51.982,1120.87
Pulse experiments,pioreactor01,2026-08-15T03:13:56.983Z,0.005543666808,2026-08-15 08:58:56.983,1120.871388888889
Pulse experiments,pioreactor01,2026-08-15T03:14:01.982Z,0.005483761908,2026-08-15 08:59:01.982,1120.872777777778
Pulse experiments,pioreactor01,2026-08-15T03:14:06.982Z,0.005362151185,2026-08-15 08:59:06.982,1120.874166666667
Pulse experiments,pioreactor01,2026-08-15T03:14:11.981Z,0.005345620503,2026-08-15 08:59:11.981,1120.875555555556
Pulse experiments,pioreactor01,2026-08-15T03:14:16.981Z,0.005307368228,2026-08-15 08:59:16.981,1120.876944444444
Pulse experiments,pioreactor01,2026-08-15T03:14:21.981Z,0.005078132056,2026-08-15 08:59:21.981,1120.878333333333
Pulse experiments,pioreactor01,2026-08-15T03:14:26.983Z,0.005063339163,2026-08-15 08:59:26.983,1120.879722222222
Pulse experiments,pioreactor01,2026-08-15T03:14:31.982Z,0.004976009687,2026-08-15 08:59:31.982,1120.881111111111
Pulse experiments,pioreactor01,2026-08-15T03:14:36.982Z,0.00485371465,2026-08-15 08:59:36.982,1120.8825
Pulse experiments,pioreactor01,2026-08-15T03:14:41.982Z,0.004818250085,2026-08-15 08:59:41.982,1120.883888888889
Pulse experiments,pioreactor01,2026-08-15T03:14:46.990Z,0.004784085297,2026-08-15 08:59:46.990,1120.885277777778
Pulse experiments,pioreactor01,2026-08-15T03:14:51.982Z,0.004893782747,2026-08-15 08:59:51.982,1120.886666666667
Pulse experiments,pioreactor01,2026-08-15T03:14:56.983Z,0.004771992014,2026-08-15 08:59:56.983,1120.888055555556
Pulse experiments,pioreactor01,2026-08-15T03:15:01.984Z,0.004732278024,2026-08-15 09:00:01.984,1120.889444444445
Pulse experiments,pioreactor01,2026-08-15T03:15:06.983Z,0.00477834722,2026-08-15 09:00:06.983,1120.890833333333
Pulse experiments,pioreactor01,2026-08-15T03:15:11.983Z,0.004761939782,2026-08-15 09:00:11.983,1120.892222222222
Pulse experiments,pioreactor01,2026-08-15T03:15:16.984Z,0.004529945517,2026-08-15 09:00:16.984,1120.893611111111
Pulse experiments,pioreactor01,2026-08-15T03:15:21.983Z,0.00441985086,2026-08-15 09:00:21.983,1120.895
Pulse experiments,pioreactor01,2026-08-15T03:15:26.981Z,0.004368967227,2026-08-15 09:00:26.981,1120.896388888889
Pulse experiments,pioreactor01,2026-08-15T03:15:31.984Z,0.004165484592,2026-08-15 09:00:31.984,1120.897777777778
Pulse experiments,pioreactor01,2026-08-15T03:15:36.982Z,0.00401048441,2026-08-15 09:00:36.982,1120.899166666667
Pulse experiments,pioreactor01,2026-08-15T03:15:41.984Z,0.003977021448,2026-08-15 09:00:41.984,1120.900555555555
Pulse experiments,pioreactor01,2026-08-15T03:15:46.981Z,0.003734073818,2026-08-15 09:00:46.981,1120.901944444445
Pulse experiments,pioreactor01,2026-08-15T03:15:51.982Z,0.003649153212,2026-08-15 09:00:51.982,1120.903333333333
Pulse experiments,pioreactor01,2026-08-15T03:15:56.983Z,0.003564792209,2026-08-15 09:00:56.983,1120.904722222222
Pulse experiments,pioreactor01,2026-08-15T03:16:01.981Z,0.003663728517,2026-08-15 09:01:01.981,1120.906111111111
Pulse experiments,pioreactor01,2026-08-15T03:16:11.983Z,0.003682981723,2026-08-15 09:01:11.983,1120.908888888889
Pulse experiments,pioreactor01,2026-08-15T03:16:16.983Z,0.003765911808,2026-08-15 09:01:16.983,1120.910277777778
Pulse experiments,pioreactor01,2026-08-15T03:16:21.981Z,0.003756902544,2026-08-15 09:01:21.981,1120.911666666667
Pulse experiments,pioreactor01,2026-08-15T03:16:26.982Z,0.003735481884,2026-08-15 09:01:26.982,1120.913055555556
Pulse experiments,pioreactor01,2026-08-15T03:16:31.982Z,0.003627693584,2026-08-15 09:01:31.982,1120.914444444444
Pulse experiments,pioreactor01,2026-08-15T03:16:36.981Z,0.00363416103,2026-08-15 09:01:36.981,1120.915833333333
Pulse experiments,pioreactor01,2026-08-15T03:16:41.981Z,0.003551220568,2026-08-15 09:01:41.981,1120.917222222222
Pulse experiments,pioreactor01,2026-08-15T03:16:46.983Z,0.003649350789,2026-08-15 09:01:46.983,1120.918611111111
Pulse experiments,pioreactor01,2026-08-15T03:16:51.982Z,0.003574993367,2026-08-15 09:01:51.982,1120.92
Pulse experiments,pioreactor01,2026-08-15T03:16:56.982Z,0.003450880696,2026-08-15 09:01:56.982,1120.921388888889
Pulse experiments,pioreactor01,2026-08-15T03:17:01.983Z,0.003328358164,2026-08-15 09:02:01.983,1120.922777777778
Pulse experiments,pioreactor01,2026-08-15T03:17:06.981Z,0.003386854776,2026-08-15 09:02:06.981,1120.924166666667
Pulse experiments,pioreactor01,2026-08-15T03:17:11.983Z,0.003264969706,2026-08-15 09:02:11.983,1120.925555555556
Pulse experiments,pioreactor01,2026-08-15T03:17:16.982Z,0.003081367102,2026-08-15 09:02:16.982,1120.926944444444
Pulse experiments,pioreactor01,2026-08-15T03:17:21.982Z,0.002925725588,2026-08-15 09:02:21.982,1120.928333333333
Pulse experiments,pioreactor01,2026-08-15T03:17:26.983Z,0.002866879416,2026-08-15 09:02:26.983,1120.929722222222
Pulse experiments,pioreactor01,2026-08-15T03:17:31.983Z,0.002831233509,2026-08-15 09:02:31.983,1120.931111111111
Pulse experiments,pioreactor01,2026-08-15T03:17:36.982Z,0.002711599584,2026-08-15 09:02:36.982,1120.9325
Pulse experiments,pioreactor01,2026-08-15T03:17:41.984Z,0.002614872728,2026-08-15 09:02:41.984,1120.933888888889
Pulse experiments,pioreactor01,2026-08-15T03:17:46.983Z,0.002609302808,2026-08-15 09:02:46.983,1120.935277777778
Pulse experiments,pioreactor01,2026-08-15T03:17:51.982Z,0.002581692472,2026-08-15 09:02:51.982,1120.936666666667
Pulse experiments,pioreactor01,2026-08-15T03:17:56.984Z,0.00258870574,2026-08-15 09:02:56.984,1120.938055555556
Pulse experiments,pioreactor01,2026-08-15T03:18:01.981Z,0.002509268299,2026-08-15 09:03:01.981,1120.939444444444
Pulse experiments,pioreactor01,2026-08-15T03:18:06.981Z,0.002483792372,2026-08-15 09:03:06.981,1120.940833333333
Pulse experiments,pioreactor01,2026-08-15T03:18:11.983Z,0.00231426891,2026-08-15 09:03:11.983,1120.942222222222
Pulse experiments,pioreactor01,2026-08-15T03:18:16.982Z,0.00221197795,2026-08-15 09:03:16.982,1120.943611111111
Pulse experiments,pioreactor01,2026-08-15T03:18:26.982Z,0.002364368987,2026-08-15 09:03:26.982,1120.946388888889
Pulse experiments,pioreactor01,2026-08-15T03:18:31.983Z,0.002401031652,2026-08-15 09:03:31.983,1120.947777777778
Pulse experiments,pioreactor01,2026-08-15T03:18:41.982Z,0.002281095496,2026-08-15 09:03:41.982,1120.950555555556
Pulse experiments,pioreactor01,2026-08-15T03:18:46.982Z,0.002041118594,2026-08-15 09:03:46.982,1120.951944444445
Pulse experiments,pioreactor01,2026-08-15T03:18:51.981Z,0.002056635688,2026-08-15 09:03:51.981,1120.953333333333
Pulse experiments,pioreactor01,2026-08-15T03:18:56.981Z,0.002081556981,2026-08-15 09:03:56.981,1120.954722222222
Pulse experiments,pioreactor01,2026-08-15T03:19:01.982Z,0.002171495164,2026-08-15 09:04:01.982,1120.956111111111
Pulse experiments,pioreactor01,2026-08-15T03:19:06.983Z,0.002175018706,2026-08-15 09:04:06.983,1120.9575
Pulse experiments,pioreactor01,2026-08-15T03:19:11.982Z,0.002154315331,2026-08-15 09:04:11.982,1120.958888888889
Pulse experiments,pioreactor01,2026-08-15T03:19:16.984Z,0.002106829943,2026-08-15 09:04:16.984,1120.960277777778
Pulse experiments,pioreactor01,2026-08-15T03:19:21.982Z,0.002178606585,2026-08-15 09:04:21.982,1120.961666666667
Pulse experiments,pioreactor01,2026-08-15T03:19:26.987Z,0.002294880734,2026-08-15 09:04:26.987,1120.963055555555
Pulse experiments,pioreactor01,2026-08-15T03:19:31.982Z,0.002335224275,2026-08-15 09:04:31.982,1120.964444444445
Pulse experiments,pioreactor01,2026-08-15T03:19:36.984Z,0.00216157986,2026-08-15 09:04:36.984,1120.965833333333
Pulse experiments,pioreactor01,2026-08-15T03:19:41.983Z,0.002099942125,2026-08-15 09:04:41.983,1120.967222222222
Pulse experiments,pioreactor01,2026-08-15T03:19:46.982Z,0.001971334754,2026-08-15 09:04:46.982,1120.968611111111
Pulse experiments,pioreactor01,2026-08-15T03:19:51.981Z,0.001763463662,2026-08-15 09:04:51.981,1120.97
Pulse experiments,pioreactor01,2026-08-15T03:19:56.982Z,0.001535388778,2026-08-15 09:04:56.982,1120.971388888889
Pulse experiments,pioreactor01,2026-08-15T03:20:01.981Z,0.001479211408,2026-08-15 09:05:01.981,1120.972777777778
Pulse experiments,pioreactor01,2026-08-15T03:20:06.982Z,0.001370614765,2026-08-15 09:05:06.982,1120.974166666667
Pulse experiments,pioreactor01,2026-08-15T03:20:11.983Z,0.00131940141,2026-08-15 09:05:11.983,1120.975555555556
Pulse experiments,pioreactor01,2026-08-15T03:20:16.981Z,0.001337921572,2026-08-15 09:05:16.981,1120.976944444444
Pulse experiments,pioreactor01,2026-08-15T03:20:21.982Z,0.001262439296,2026-08-15 09:05:21.982,1120.978333333333
Pulse experiments,pioreactor01,2026-08-15T03:20:31.981Z,0.001204793452,2026-08-15 09:05:31.981,1120.981111111111
Pulse experiments,pioreactor01,2026-08-15T03:20:36.981Z,0.001026188064,2026-08-15 09:05:36.981,1120.9825
Pulse experiments,pioreactor01,2026-08-15T03:20:41.983Z,0.000994121183,2026-08-15 09:05:41.983,1120.983888888889
Pulse experiments,pioreactor01,2026-08-15T03:20:46.981Z,0.000757464704,2026-08-15 09:05:46.981,1120.985277777778
Pulse experiments,pioreactor01,2026-08-15T03:20:51.984Z,0.000620112512,2026-08-15 09:05:51.984,1120.986666666667
Pulse experiments,pioreactor01,2026-08-15T03:20:56.985Z,0.000640207954,2026-08-15 09:05:56.985,1120.988055555556
Pulse experiments,pioreactor01,2026-08-15T03:21:01.981Z,0.000525034603,2026-08-15 09:06:01.981,1120.989444444444
Pulse experiments,pioreactor01,2026-08-15T03:21:06.980Z,0.000507809719,2026-08-15 09:06:06.980,1120.990833333333
Pulse experiments,pioreactor01,2026-08-15T03:21:11.981Z,0.000533681188,2026-08-15 09:06:11.981,1120.992222222222
Pulse experiments,pioreactor01,2026-08-15T03:21:16.982Z,0.000580253847,2026-08-15 09:06:16.982,1120.993611111111
Pulse experiments,pioreactor01,2026-08-15T03:21:21.984Z,0.000585548285,2026-08-15 09:06:21.984,1120.995
Pulse experiments,pioreactor01,2026-08-15T03:21:26.984Z,0.000522549102,2026-08-15 09:06:26.984,1120.996388888889
Pulse experiments,pioreactor01,2026-08-15T03:21:31.981Z,0.000433926433,2026-08-15 09:06:31.981,1120.997777777778
Pulse experiments,pioreactor01,2026-08-15T03:21:36.980Z,0.000449991927,2026-08-15 09:06:36.980,1120.999166666667
Pulse experiments,pioreactor01,2026-08-15T03:21:41.982Z,0.000419049208,2026-08-15 09:06:41.982,1121.000555555556
Pulse experiments,pioreactor01,2026-08-15T03:21:46.983Z,0.000343610813,2026-08-15 09:06:46.983,1121.001944444444
Pulse experiments,pioreactor01,2026-08-15T03:21:51.981Z,0.000522115413,2026-08-15 09:06:51.981,1121.003333333333
Pulse experiments,pioreactor01,2026-08-15T03:22:01.982Z,0.000554944453,2026-08-15 09:07:01.982,1121.006111111111
Pulse experiments,pioreactor01,2026-08-15T03:22:06.982Z,0.0006163168,2026-08-15 09:07:06.982,1121.0075
Pulse experiments,pioreactor01,2026-08-15T03:22:11.983Z,0.000628133481,2026-08-15 09:07:11.983,1121.008888888889
Pulse experiments,pioreactor01,2026-08-15T03:22:21.981Z,0.000699732076,2026-08-15 09:07:21.981,1121.011666666667
Pulse experiments,pioreactor01,2026-08-15T03:22:26.981Z,0.000741995577,2026-08-15 09:07:26.981,1121.013055555556
Pulse experiments,pioreactor01,2026-08-15T03:22:31.982Z,0.00074208448,2026-08-15 09:07:31.982,1121.014444444445
Pulse experiments,pioreactor01,2026-08-15T03:22:36.981Z,0.000808122187,2026-08-15 09:07:36.981,1121.015833333333
Pulse experiments,pioreactor01,2026-08-15T03:22:41.982Z,0.000661113319,2026-08-15 09:07:41.982,1121.017222222222
Pulse experiments,pioreactor01,2026-08-15T03:22:46.982Z,0.000561286605,2026-08-15 09:07:46.982,1121.018611111111
Pulse experiments,pioreactor01,2026-08-15T03:22:56.984Z,0.000494715784,2026-08-15 09:07:56.984,1121.021388888889
Pulse experiments,pioreactor01,2026-08-15T03:23:01.983Z,0.000398168444,2026-08-15 09:08:01.983,1121.022777777778
Pulse experiments,pioreactor01,2026-08-15T03:23:06.984Z,0.000386645367,2026-08-15 09:08:06.984,1121.024166666667
Pulse experiments,pioreactor01,2026-08-15T03:23:11.984Z,0.000525130183,2026-08-15 09:08:11.984,1121.025555555555
Pulse experiments,pioreactor01,2026-08-15T03:23:16.981Z,0.000743998984,2026-08-15 09:08:16.981,1121.026944444445
Pulse experiments,pioreactor01,2026-08-15T03:23:21.984Z,0.000859573912,2026-08-15 09:08:21.984,1121.028333333333
Pulse experiments,pioreactor01,2026-08-15T03:23:26.982Z,0.000822816044,2026-08-15 09:08:26.982,1121.029722222222
Pulse experiments,pioreactor01,2026-08-15T03:23:31.981Z,0.000878029077,2026-08-15 09:08:31.981,1121.031111111111
Pulse experiments,pioreactor01,2026-08-15T03:23:36.982Z,0.000946791488,2026-08-15 09:08:36.982,1121.0325
Pulse experiments,pioreactor01,2026-08-15T03:23:41.983Z,0.000865858748,2026-08-15 09:08:41.983,1121.033888888889
Pulse experiments,pioreactor01,2026-08-15T03:23:46.982Z,0.000728076742,2026-08-15 09:08:46.982,1121.035277777778
Pulse experiments,pioreactor01,2026-08-15T03:23:51.983Z,0.00064572454,2026-08-15 09:08:51.983,1121.036666666667
Pulse experiments,pioreactor01,2026-08-15T03:23:56.981Z,0.000574761269,2026-08-15 09:08:56.981,1121.038055555556
Pulse experiments,pioreactor01,2026-08-15T03:24:01.983Z,0.000532717054,2026-08-15 09:09:01.983,1121.039444444444
Pulse experiments,pioreactor01,2026-08-15T03:24:06.981Z,0.000433925207,2026-08-15 09:09:06.981,1121.040833333333
Pulse experiments,pioreactor01,2026-08-15T03:24:11.981Z,0.000449094977,2026-08-15 09:09:11.981,1121.042222222222
Pulse experiments,pioreactor01,2026-08-15T03:24:16.985Z,0.000545175383,2026-08-15 09:09:16.985,1121.043611111111
Pulse experiments,pioreactor01,2026-08-15T03:24:21.982Z,0.000686317222,2026-08-15 09:09:21.982,1121.045
Pulse experiments,pioreactor01,2026-08-15T03:24:26.983Z,0.000704860637,2026-08-15 09:09:26.983,1121.046388888889
Pulse experiments,pioreactor01,2026-08-15T03:24:31.982Z,0.000719603348,2026-08-15 09:09:31.982,1121.047777777778
Pulse experiments,pioreactor01,2026-08-15T03:24:36.982Z,0.000705468867,2026-08-15 09:09:36.982,1121.049166666667
Pulse experiments,pioreactor01,2026-08-15T03:24:41.981Z,0.000597998619,2026-08-15 09:09:41.981,1121.050555555556
Pulse experiments,pioreactor01,2026-08-15T03:24:46.982Z,0.000579346191,2026-08-15 09:09:46.982,1121.051944444444
Pulse experiments,pioreactor01,2026-08-15T03:24:51.982Z,0.000541665767,2026-08-15 09:09:51.982,1121.053333333333
Pulse experiments,pioreactor01,2026-08-15T03:24:56.983Z,0.000514939964,2026-08-15 09:09:56.983,1121.054722222222
Pulse experiments,pioreactor01,2026-08-15T03:25:01.981Z,0.000531220296,2026-08-15 09:10:01.981,1121.056111111111
Pulse experiments,pioreactor01,2026-08-15T03:25:16.982Z,0.000492557753,2026-08-15 09:10:16.982,1121.060277777778
Pulse experiments,pioreactor01,2026-08-15T03:25:21.982Z,0.000523072149,2026-08-15 09:10:21.982,1121.061666666667
Pulse experiments,pioreactor01,2026-08-15T03:25:26.982Z,0.000587288334,2026-08-15 09:10:26.982,1121.063055555556
Pulse experiments,pioreactor01,2026-08-15T03:25:31.981Z,0.000663340037,2026-08-15 09:10:31.981,1121.064444444444
Pulse experiments,pioreactor01,2026-08-15T03:25:36.982Z,0.000635413568,2026-08-15 09:10:36.982,1121.065833333333
Pulse experiments,pioreactor01,2026-08-15T03:25:41.983Z,0.000508904954,2026-08-15 09:10:41.983,1121.067222222222
Pulse experiments,pioreactor01,2026-08-15T03:25:46.985Z,0.00036691403,2026-08-15 09:10:46.985,1121.068611111111
Pulse experiments,pioreactor01,2026-08-15T03:25:51.983Z,0.000265592951,2026-08-15 09:10:51.983,1121.07
Pulse experiments,pioreactor01,2026-08-15T03:25:56.981Z,0.000274360223,2026-08-15 09:10:56.981,1121.071388888889
Pulse experiments,pioreactor01,2026-08-15T03:26:01.982Z,0.000327480144,2026-08-15 09:11:01.982,1121.072777777778
Pulse experiments,pioreactor01,2026-08-15T03:26:06.982Z,0.000199983007,2026-08-15 09:11:06.982,1121.074166666667
Pulse experiments,pioreactor01,2026-08-15T03:26:11.981Z,0.000152972418,2026-08-15 09:11:11.981,1121.075555555556
Pulse experiments,pioreactor01,2026-08-15T03:26:16.986Z,5.2172057e-05,2026-08-15 09:11:16.986,1121.076944444445
Pulse experiments,pioreactor01,2026-08-15T03:26:21.982Z,-4.5656645e-05,2026-08-15 09:11:21.982,1121.078333333333
Pulse experiments,pioreactor01,2026-08-15T03:26:26.982Z,-0.000147557922,2026-08-15 09:11:26.982,1121.079722222222
Pulse experiments,pioreactor01,2026-08-15T03:26:31.982Z,-0.000135089889,2026-08-15 09:11:31.982,1121.081111111111
Pulse experiments,pioreactor01,2026-08-15T03:26:36.981Z,-0.000114288069,2026-08-15 09:11:36.981,1121.0825
Pulse experiments,pioreactor01,2026-08-15T03:26:41.982Z,-0.000113976226,2026-08-15 09:11:41.982,1121.083888888889
Pulse experiments,pioreactor01,2026-08-15T03:26:46.983Z,-0.000196771074,2026-08-15 09:11:46.983,1121.085277777778
Pulse experiments,pioreactor01,2026-08-15T03:26:51.982Z,-0.000154511128,2026-08-15 09:11:51.982,1121.086666666667
Pulse experiments,pioreactor01,2026-08-15T03:26:56.984Z,-0.000152988774,2026-08-15 09:11:56.984,1121.088055555555
Pulse experiments,pioreactor01,2026-08-15T03:27:01.982Z,-0.000146898832,2026-08-15 09:12:01.982,1121.089444444445
Pulse experiments,pioreactor01,2026-08-15T03:27:06.981Z,-0.000163193805,2026-08-15 09:12:06.981,1121.090833333333
Pulse experiments,pioreactor01,2026-08-15T03:27:11.982Z,-0.000253762678,2026-08-15 09:12:11.982,1121.092222222222
Pulse experiments,pioreactor01,2026-08-15T03:27:16.982Z,-0.000294598713,2026-08-15 09:12:16.982,1121.093611111111
Pulse experiments,pioreactor01,2026-08-15T03:27:21.981Z,-0.000392493778,2026-08-15 09:12:21.981,1121.095
Pulse experiments,pioreactor01,2026-08-15T03:27:26.982Z,-0.000370915053,2026-08-15 09:12:26.982,1121.096388888889
Pulse experiments,pioreactor01,2026-08-15T03:27:31.983Z,-0.000395172094,2026-08-15 09:12:31.983,1121.097777777778
Pulse experiments,pioreactor01,2026-08-15T03:27:36.983Z,-0.000513986134,2026-08-15 09:12:36.983,1121.099166666667
Pulse experiments,pioreactor01,2026-08-15T03:27:41.982Z,-0.000609225101,2026-08-15 09:12:41.982,1121.100555555556
Pulse experiments,pioreactor01,2026-08-15T03:27:46.982Z,-0.000518762454,2026-08-15 09:12:46.982,1121.101944444444
Pulse experiments,pioreactor01,2026-08-15T03:27:51.984Z,-0.000541075421,2026-08-15 09:12:51.984,1121.103333333333
Pulse experiments,pioreactor01,2026-08-15T03:27:56.981Z,-0.000549190037,2026-08-15 09:12:56.981,1121.104722222222
Pulse experiments,pioreactor01,2026-08-15T03:28:01.982Z,-0.000520539781,2026-08-15 09:13:01.982,1121.106111111111
Pulse experiments,pioreactor01,2026-08-15T03:28:06.982Z,-0.000443004431,2026-08-15 09:13:06.982,1121.1075
Pulse experiments,pioreactor01,2026-08-15T03:28:11.982Z,-0.000413244185,2026-08-15 09:13:11.982,1121.108888888889
Pulse experiments,pioreactor01,2026-08-15T03:28:16.981Z,-0.000408005423,2026-08-15 09:13:16.981,1121.110277777778
Pulse experiments,pioreactor01,2026-08-15T03:28:21.982Z,-0.000433909466,2026-08-15 09:13:21.982,1121.111666666667
Pulse experiments,pioreactor01,2026-08-15T03:28:26.983Z,-0.000491402873,2026-08-15 09:13:26.983,1121.113055555556
Pulse experiments,pioreactor01,2026-08-15T03:28:31.982Z,-0.000533478771,2026-08-15 09:13:31.982,1121.114444444444
Pulse experiments,pioreactor01,2026-08-15T03:28:36.983Z,-0.000668031294,2026-08-15 09:13:36.983,1121.115833333333
Pulse experiments,pioreactor01,2026-08-15T03:28:41.982Z,-0.000699095429,2026-08-15 09:13:41.982,1121.117222222222
Pulse experiments,pioreactor01,2026-08-15T03:28:46.982Z,-0.00082413377,2026-08-15 09:13:46.982,1121.118611111111
Pulse experiments,pioreactor01,2026-08-15T03:28:51.982Z,-0.00093074525,2026-08-15 09:13:51.982,1121.12
Pulse experiments,pioreactor01,2026-08-15T03:28:56.983Z,-0.001072245232,2026-08-15 09:13:56.983,1121.121388888889
Pulse experiments,pioreactor01,2026-08-15T03:29:01.984Z,-0.001141842429,2026-08-15 09:14:01.984,1121.122777777778
Pulse experiments,pioreactor01,2026-08-15T03:29:06.982Z,-0.001150042361,2026-08-15 09:14:06.982,1121.124166666667
Pulse experiments,pioreactor01,2026-08-15T03:29:16.983Z,-0.001085335655,2026-08-15 09:14:16.983,1121.126944444444
Pulse experiments,pioreactor01,2026-08-15T03:29:21.981Z,-0.001005625565,2026-08-15 09:14:21.981,1121.128333333333
Pulse experiments,pioreactor01,2026-08-15T03:29:26.985Z,-0.001012902791,2026-08-15 09:14:26.985,1121.129722222222
Pulse experiments,pioreactor01,2026-08-15T03:29:31.981Z,-0.001090109423,2026-08-15 09:14:31.981,1121.131111111111
Pulse experiments,pioreactor01,2026-08-15T03:29:36.982Z,-0.001169700814,2026-08-15 09:14:36.982,1121.1325
Pulse experiments,pioreactor01,2026-08-15T03:29:41.982Z,-0.001289333186,2026-08-15 09:14:41.982,1121.133888888889
Pulse experiments,pioreactor01,2026-08-15T03:29:46.983Z,-0.001201091133,2026-08-15 09:14:46.983,1121.135277777778
Pulse experiments,pioreactor01,2026-08-15T03:29:51.983Z,-0.001307136487,2026-08-15 09:14:51.983,1121.136666666667
Pulse experiments,pioreactor01,2026-08-15T03:29:56.982Z,-0.001403095854,2026-08-15 09:14:56.982,1121.138055555556
Pulse experiments,pioreactor01,2026-08-15T03:30:01.986Z,-0.001393008703,2026-08-15 09:15:01.986,1121.139444444445
Pulse experiments,pioreactor01,2026-08-15T03:30:06.983Z,-0.001351488656,2026-08-15 09:15:06.983,1121.140833333333
Pulse experiments,pioreactor01,2026-08-15T03:30:11.981Z,-0.001324246975,2026-08-15 09:15:11.981,1121.142222222222
Pulse experiments,pioreactor01,2026-08-15T03:30:16.982Z,-0.00136874953,2026-08-15 09:15:16.982,1121.143611111111
Pulse experiments,pioreactor01,2026-08-15T03:30:21.983Z,-0.001363875598,2026-08-15 09:15:21.983,1121.145
Pulse experiments,pioreactor01,2026-08-15T03:30:26.982Z,-0.00140320317,2026-08-15 09:15:26.982,1121.146388888889
Pulse experiments,pioreactor01,2026-08-15T03:30:31.980Z,-0.001496944293,2026-08-15 09:15:31.980,1121.147777777778
Pulse experiments,pioreactor01,2026-08-15T03:30:36.984Z,-0.001619481383,2026-08-15 09:15:36.984,1121.149166666667
Pulse experiments,pioreactor01,2026-08-15T03:30:41.983Z,-0.001676385246,2026-08-15 09:15:41.983,1121.150555555555
Pulse experiments,pioreactor01,2026-08-15T03:30:46.980Z,-0.001742681638,2026-08-15 09:15:46.980,1121.151944444445
Pulse experiments,pioreactor01,2026-08-15T03:30:51.983Z,-0.001838326216,2026-08-15 09:15:51.983,1121.153333333333
Pulse experiments,pioreactor01,2026-08-15T03:30:56.982Z,-0.001952357545,2026-08-15 09:15:56.982,1121.154722222222
Pulse experiments,pioreactor01,2026-08-15T03:31:06.984Z,-0.001966897194,2026-08-15 09:16:06.984,1121.1575
Pulse experiments,pioreactor01,2026-08-15T03:31:11.981Z,-0.002076891785,2026-08-15 09:16:11.981,1121.158888888889
Pulse experiments,pioreactor01,2026-08-15T03:31:16.987Z,-0.002262335107,2026-08-15 09:16:16.987,1121.160277777778
Pulse experiments,pioreactor01,2026-08-15T03:31:21.984Z,-0.002311530697,2026-08-15 09:16:21.984,1121.161666666667
Pulse experiments,pioreactor01,2026-08-15T03:31:26.981Z,-0.00236995749,2026-08-15 09:16:26.981,1121.163055555556
Pulse experiments,pioreactor01,2026-08-15T03:31:31.982Z,-0.002412979943,2026-08-15 09:16:31.982,1121.164444444444
Pulse experiments,pioreactor01,2026-08-15T03:31:36.981Z,-0.002480897021,2026-08-15 09:16:36.981,1121.165833333333
Pulse experiments,pioreactor01,2026-08-15T03:31:41.982Z,-0.002616777527,2026-08-15 09:16:41.982,1121.167222222222
Pulse experiments,pioreactor01,2026-08-15T03:31:51.984Z,-0.002681238187,2026-08-15 09:16:51.984,1121.17
Pulse experiments,pioreactor01,2026-08-15T03:31:56.982Z,-0.002683405957,2026-08-15 09:16:56.982,1121.171388888889
Pulse experiments,pioreactor01,2026-08-15T03:32:01.984Z,-0.002711556227,2026-08-15 09:17:01.984,1121.172777777778
Pulse experiments,pioreactor01,2026-08-15T03:32:06.982Z,-0.002817470491,2026-08-15 09:17:06.982,1121.174166666667
Pulse experiments,pioreactor01,2026-08-15T03:32:11.982Z,-0.002984006317,2026-08-15 09:17:11.982,1121.175555555556
Pulse experiments,pioreactor01,2026-08-15T03:32:16.982Z,-0.003029596111,2026-08-15 09:17:16.982,1121.176944444444
Pulse experiments,pioreactor01,2026-08-15T03:32:21.983Z,-0.003138421219,2026-08-15 09:17:21.983,1121.178333333333
Pulse experiments,pioreactor01,2026-08-15T03:32:26.982Z,-0.003264442818,2026-08-15 09:17:26.982,1121.179722222222
Pulse experiments,pioreactor01,2026-08-15T03:32:31.984Z,-0.003351088459,2026-08-15 09:17:31.984,1121.181111111111
Pulse experiments,pioreactor01,2026-08-15T03:32:36.981Z,-0.003443127215,2026-08-15 09:17:36.981,1121.1825
Pulse experiments,pioreactor01,2026-08-15T03:32:41.983Z,-0.003512652191,2026-08-15 09:17:41.983,1121.183888888889
Pulse experiments,pioreactor01,2026-08-15T03:32:46.983Z,-0.003496086016,2026-08-15 09:17:46.983,1121.185277777778
Pulse experiments,pioreactor01,2026-08-15T03:32:51.983Z,-0.003499545814,2026-08-15 09:17:51.983,1121.186666666667
Pulse experiments,pioreactor01,2026-08-15T03:32:56.982Z,-0.003534172125,2026-08-15 09:17:56.982,1121.188055555556
Pulse experiments,pioreactor01,2026-08-15T03:33:01.983Z,-0.003607281779,2026-08-15 09:18:01.983,1121.189444444444
Pulse experiments,pioreactor01,2026-08-15T03:33:06.980Z,-0.003653554198,2026-08-15 09:18:06.980,1121.190833333333
Pulse experiments,pioreactor01,2026-08-15T03:33:11.982Z,-0.003657620263,2026-08-15 09:18:11.982,1121.192222222222
Pulse experiments,pioreactor01,2026-08-15T03:33:16.981Z,-0.003780262283,2026-08-15 09:18:16.981,1121.193611111111
Pulse experiments,pioreactor01,2026-08-15T03:33:21.983Z,-0.00378655054,2026-08-15 09:18:21.983,1121.195
Pulse experiments,pioreactor01,2026-08-15T03:33:26.983Z,-0.003788485549,2026-08-15 09:18:26.983,1121.196388888889
Pulse experiments,pioreactor01,2026-08-15T03:33:36.984Z,-0.003823833102,2026-08-15 09:18:36.984,1121.199166666667
Pulse experiments,pioreactor01,2026-08-15T03:33:41.982Z,-0.003831550016,2026-08-15 09:18:41.982,1121.200555555556
Pulse experiments,pioreactor01,2026-08-15T03:33:46.983Z,-0.003927460435,2026-08-15 09:18:46.983,1121.201944444445
Pulse experiments,pioreactor01,2026-08-15T03:33:51.982Z,-0.0040038948,2026-08-15 09:18:51.982,1121.203333333333
Pulse experiments,pioreactor01,2026-08-15T03:33:56.981Z,-0.004073368052,2026-08-15 09:18:56.981,1121.204722222222
Pulse experiments,pioreactor01,2026-08-15T03:34:01.984Z,-0.004110767773,2026-08-15 09:19:01.984,1121.206111111111
Pulse experiments,pioreactor01,2026-08-15T03:34:06.983Z,-0.004153874728,2026-08-15 09:19:06.983,1121.2075
Pulse experiments,pioreactor01,2026-08-15T03:34:11.982Z,-0.004283305494,2026-08-15 09:19:11.982,1121.208888888889
Pulse experiments,pioreactor01,2026-08-15T03:34:16.982Z,-0.004300158802,2026-08-15 09:19:16.982,1121.210277777778
Pulse experiments,pioreactor01,2026-08-15T03:34:21.983Z,-0.004384692497,2026-08-15 09:19:21.983,1121.211666666667
Pulse experiments,pioreactor01,2026-08-15T03:34:31.981Z,-0.004375424773,2026-08-15 09:19:31.981,1121.214444444445
Pulse experiments,pioreactor01,2026-08-15T03:34:36.983Z,-0.004429705253,2026-08-15 09:19:36.983,1121.215833333333
Pulse experiments,pioreactor01,2026-08-15T03:34:41.985Z,-0.004462918798,2026-08-15 09:19:41.985,1121.217222222222
Pulse experiments,pioreactor01,2026-08-15T03:34:46.982Z,-0.004507849936,2026-08-15 09:19:46.982,1121.218611111111
Pulse experiments,pioreactor01,2026-08-15T03:34:51.982Z,-0.004512182557,2026-08-15 09:19:51.982,1121.22
Pulse experiments,pioreactor01,2026-08-15T03:34:56.984Z,-0.00451689528,2026-08-15 09:19:56.984,1121.221388888889
Pulse experiments,pioreactor01,2026-08-15T03:35:01.982Z,-0.004586486201,2026-08-15 09:20:01.982,1121.222777777778
Pulse experiments,pioreactor01,2026-08-15T03:35:06.981Z,-0.004554947686,2026-08-15 09:20:06.981,1121.224166666667
Pulse experiments,pioreactor01,2026-08-15T03:35:11.982Z,-0.004614647016,2026-08-15 09:20:11.982,1121.225555555556
Pulse experiments,pioreactor01,2026-08-15T03:35:16.981Z,-0.004567261231,2026-08-15 09:20:16.981,1121.226944444444
Pulse experiments,pioreactor01,2026-08-15T03:35:21.982Z,-0.004544462668,2026-08-15 09:20:21.982,1121.228333333333
Pulse experiments,pioreactor01,2026-08-15T03:35:26.981Z,-0.00459111443,2026-08-15 09:20:26.981,1121.229722222222
Pulse experiments,pioreactor01,2026-08-15T03:35:31.984Z,-0.004582097901,2026-08-15 09:20:31.984,1121.231111111111
Pulse experiments,pioreactor01,2026-08-15T03:35:36.981Z,-0.004602491742,2026-08-15 09:20:36.981,1121.2325
Pulse experiments,pioreactor01,2026-08-15T03:35:41.982Z,-0.004516790632,2026-08-15 09:20:41.982,1121.233888888889
Pulse experiments,pioreactor01,2026-08-15T03:35:46.982Z,-0.004548118988,2026-08-15 09:20:46.982,1121.235277777778
Pulse experiments,pioreactor01,2026-08-15T03:35:51.983Z,-0.00459711498,2026-08-15 09:20:51.983,1121.236666666667
Pulse experiments,pioreactor01,2026-08-15T03:35:56.982Z,-0.004545556121,2026-08-15 09:20:56.982,1121.238055555556
Pulse experiments,pioreactor01,2026-08-15T03:36:01.982Z,-0.004665178191,2026-08-15 09:21:01.982,1121.239444444444
Pulse experiments,pioreactor01,2026-08-15T03:36:06.983Z,-0.004802764102,2026-08-15 09:21:06.983,1121.240833333333
Pulse experiments,pioreactor01,2026-08-15T03:36:11.983Z,-0.004832567837,2026-08-15 09:21:11.983,1121.242222222222
Pulse experiments,pioreactor01,2026-08-15T03:36:16.984Z,-0.004879448457,2026-08-15 09:21:16.984,1121.243611111111
Pulse experiments,pioreactor01,2026-08-15T03:36:21.983Z,-0.004831032273,2026-08-15 09:21:21.983,1121.245
Pulse experiments,pioreactor01,2026-08-15T03:36:26.981Z,-0.004998521765,2026-08-15 09:21:26.981,1121.246388888889
Pulse experiments,pioreactor01,2026-08-15T03:36:31.984Z,-0.005185691242,2026-08-15 09:21:31.984,1121.247777777778
Pulse experiments,pioreactor01,2026-08-15T03:36:36.982Z,-0.00543122068,2026-08-15 09:21:36.982,1121.249166666667
Pulse experiments,pioreactor01,2026-08-15T03:36:41.984Z,-0.005677335662,2026-08-15 09:21:41.984,1121.250555555556
Pulse experiments,pioreactor01,2026-08-15T03:36:46.983Z,-0.005661323383,2026-08-15 09:21:46.983,1121.251944444444
Pulse experiments,pioreactor01,2026-08-15T03:36:51.982Z,-0.005631483205,2026-08-15 09:21:51.982,1121.253333333333
Pulse experiments,pioreactor01,2026-08-15T03:36:56.981Z,-0.005632955328,2026-08-15 09:21:56.981,1121.254722222222
Pulse experiments,pioreactor01,2026-08-15T03:37:01.981Z,-0.005761882792,2026-08-15 09:22:01.981,1121.256111111111
Pulse experiments,pioreactor01,2026-08-15T03:37:06.981Z,-0.00586623044,2026-08-15 09:22:06.981,1121.2575
Pulse experiments,pioreactor01,2026-08-15T03:37:11.984Z,-0.005989576863,2026-08-15 09:22:11.984,1121.258888888889
Pulse experiments,pioreactor01,2026-08-15T03:37:16.983Z,-0.006102731809,2026-08-15 09:22:16.983,1121.260277777778
Pulse experiments,pioreactor01,2026-08-15T03:37:21.981Z,-0.006157524024,2026-08-15 09:22:21.981,1121.261666666667
Pulse experiments,pioreactor01,2026-08-15T03:37:26.984Z,-0.006083817269,2026-08-15 09:22:26.984,1121.263055555556
Pulse experiments,pioreactor01,2026-08-15T03:37:31.982Z,-0.006189568132,2026-08-15 09:22:31.982,1121.264444444445
Pulse experiments,pioreactor01,2026-08-15T03:37:46.982Z,-0.006175135017,2026-08-15 09:22:46.982,1121.268611111111
Pulse experiments,pioreactor01,2026-08-15T03:37:51.982Z,-0.006166146234,2026-08-15 09:22:51.982,1121.27
Pulse experiments,pioreactor01,2026-08-15T03:37:56.981Z,-0.00623674928,2026-08-15 09:22:56.981,1121.271388888889
Pulse experiments,pioreactor01,2026-08-15T03:38:01.982Z,-0.006243587948,2026-08-15 09:23:01.982,1121.272777777778
Pulse experiments,pioreactor01,2026-08-15T03:38:06.983Z,-0.006261596889,2026-08-15 09:23:06.983,1121.274166666667
Pulse experiments,pioreactor01,2026-08-15T03:38:11.985Z,-0.006257097914,2026-08-15 09:23:11.985,1121.275555555555
Pulse experiments,pioreactor01,2026-08-15T03:38:16.983Z,-0.006269288568,2026-08-15 09:23:16.983,1121.276944444445
Pulse experiments,pioreactor01,2026-08-15T03:38:21.984Z,-0.006335807846,2026-08-15 09:23:21.984,1121.278333333333
Pulse experiments,pioreactor01,2026-08-15T03:38:26.982Z,-0.006372174285,2026-08-15 09:23:26.982,1121.279722222222
Pulse experiments,pioreactor01,2026-08-15T03:38:31.983Z,-0.006449201744,2026-08-15 09:23:31.983,1121.281111111111
Pulse experiments,pioreactor01,2026-08-15T03:38:36.982Z,-0.006342227805,2026-08-15 09:23:36.982,1121.2825
Pulse experiments,pioreactor01,2026-08-15T03:38:41.981Z,-0.00624128246,2026-08-15 09:23:41.981,1121.283888888889
Pulse experiments,pioreactor01,2026-08-15T03:38:46.981Z,-0.006252219114,2026-08-15 09:23:46.981,1121.285277777778
Pulse experiments,pioreactor01,2026-08-15T03:38:51.982Z,-0.006255655796,2026-08-15 09:23:51.982,1121.286666666667
Pulse experiments,pioreactor01,2026-08-15T03:38:56.982Z,-0.006243352166,2026-08-15 09:23:56.982,1121.288055555556
Pulse experiments,pioreactor01,2026-08-15T03:39:01.981Z,-0.006381489136,2026-08-15 09:24:01.981,1121.289444444444
Pulse experiments,pioreactor01,2026-08-15T03:39:06.981Z,-0.006434939057,2026-08-15 09:24:06.981,1121.290833333333
Pulse experiments,pioreactor01,2026-08-15T03:39:11.983Z,-0.006543422802,2026-08-15 09:24:11.983,1121.292222222222
Pulse experiments,pioreactor01,2026-08-15T03:39:16.982Z,-0.006630578921,2026-08-15 09:24:16.982,1121.293611111111
Pulse experiments,pioreactor01,2026-08-15T03:39:21.981Z,-0.006667786788,2026-08-15 09:24:21.981,1121.295
Pulse experiments,pioreactor01,2026-08-15T03:39:26.984Z,-0.006791734779,2026-08-15 09:24:26.984,1121.296388888889
Pulse experiments,pioreactor01,2026-08-15T03:39:36.983Z,-0.006804633496,2026-08-15 09:24:36.983,1121.299166666667
Pulse experiments,pioreactor01,2026-08-15T03:39:41.984Z,-0.006893651111,2026-08-15 09:24:41.984,1121.300555555556
Pulse experiments,pioreactor01,2026-08-15T03:39:46.981Z,-0.007004685124,2026-08-15 09:24:46.981,1121.301944444444
Pulse experiments,pioreactor01,2026-08-15T03:39:51.981Z,-0.007045972522,2026-08-15 09:24:51.981,1121.303333333333
Pulse experiments,pioreactor01,2026-08-15T03:39:56.981Z,-0.007029403194,2026-08-15 09:24:56.981,1121.304722222222
Pulse experiments,pioreactor01,2026-08-15T03:40:01.984Z,-0.007105648825,2026-08-15 09:25:01.984,1121.306111111111
Pulse experiments,pioreactor01,2026-08-15T03:40:06.983Z,-0.007210958497,2026-08-15 09:25:06.983,1121.3075
Pulse experiments,pioreactor01,2026-08-15T03:40:11.982Z,-0.007335235791,2026-08-15 09:25:11.982,1121.308888888889
Pulse experiments,pioreactor01,2026-08-15T03:40:16.980Z,-0.007521473088,2026-08-15 09:25:16.980,1121.310277777778
Pulse experiments,pioreactor01,2026-08-15T03:40:21.984Z,-0.007572659087,2026-08-15 09:25:21.984,1121.311666666667
Pulse experiments,pioreactor01,2026-08-15T03:40:26.984Z,-0.007670243759,2026-08-15 09:25:26.984,1121.313055555556
Pulse experiments,pioreactor01,2026-08-15T03:40:31.981Z,-0.007738807543,2026-08-15 09:25:31.981,1121.314444444444
Pulse experiments,pioreactor01,2026-08-15T03:40:36.984Z,-0.007866668313,2026-08-15 09:25:36.984,1121.315833333333
Pulse experiments,pioreactor01,2026-08-15T03:40:41.981Z,-0.007902863564,2026-08-15 09:25:41.981,1121.317222222222
Pulse experiments,pioreactor01,2026-08-15T03:40:46.984Z,-0.007914259187,2026-08-15 09:25:46.984,1121.318611111111
Pulse experiments,pioreactor01,2026-08-15T03:40:51.984Z,-0.007889943768,2026-08-15 09:25:51.984,1121.32
Pulse experiments,pioreactor01,2026-08-15T03:40:56.984Z,-0.007972273588,2026-08-15 09:25:56.984,1121.321388888889
Pulse experiments,pioreactor01,2026-08-15T03:41:01.983Z,-0.008023914706,2026-08-15 09:26:01.983,1121.322777777778
Pulse experiments,pioreactor01,2026-08-15T03:41:06.981Z,-0.00805722547,2026-08-15 09:26:06.981,1121.324166666667
Pulse experiments,pioreactor01,2026-08-15T03:41:11.981Z,-0.00807985559,2026-08-15 09:26:11.981,1121.325555555556
Pulse experiments,pioreactor01,2026-08-15T03:41:21.982Z,-0.008064460431,2026-08-15 09:26:21.982,1121.328333333333
Pulse experiments,pioreactor01,2026-08-15T03:41:26.981Z,-0.007999494923,2026-08-15 09:26:26.981,1121.329722222222
Pulse experiments,pioreactor01,2026-08-15T03:41:31.980Z,-0.007947256611,2026-08-15 09:26:31.980,1121.331111111111
Pulse experiments,pioreactor01,2026-08-15T03:41:36.982Z,-0.007846182461,2026-08-15 09:26:36.982,1121.3325
Pulse experiments,pioreactor01,2026-08-15T03:41:41.981Z,-0.007786811654,2026-08-15 09:26:41.981,1121.333888888889
Pulse experiments,pioreactor01,2026-08-15T03:41:46.982Z,-0.007787323832,2026-08-15 09:26:46.982,1121.335277777778
Pulse experiments,pioreactor01,2026-08-15T03:41:51.983Z,-0.007747097419,2026-08-15 09:26:51.983,1121.336666666667
Pulse experiments,pioreactor01,2026-08-15T03:41:56.982Z,-0.007765744425,2026-08-15 09:26:56.982,1121.338055555555
Pulse experiments,pioreactor01,2026-08-15T03:42:01.985Z,-0.007682545776,2026-08-15 09:27:01.985,1121.339444444445
Pulse experiments,pioreactor01,2026-08-15T03:42:06.982Z,-0.007626391011,2026-08-15 09:27:06.982,1121.340833333333
Pulse experiments,pioreactor01,2026-08-15T03:42:11.982Z,-0.00759969339,2026-08-15 09:27:11.982,1121.342222222222
Pulse experiments,pioreactor01,2026-08-15T03:42:16.984Z,-0.007683478987,2026-08-15 09:27:16.984,1121.343611111111
Pulse experiments,pioreactor01,2026-08-15T03:42:21.983Z,-0.007754279645,2026-08-15 09:27:21.983,1121.345
Pulse experiments,pioreactor01,2026-08-15T03:42:26.982Z,-0.00774498593,2026-08-15 09:27:26.982,1121.346388888889
Pulse experiments,pioreactor01,2026-08-15T03:42:31.980Z,-0.007696030579,2026-08-15 09:27:31.980,1121.347777777778
Pulse experiments,pioreactor01,2026-08-15T03:42:36.983Z,-0.007584619155,2026-08-15 09:27:36.983,1121.349166666667
Pulse experiments,pioreactor01,2026-08-15T03:42:41.982Z,-0.007477292915,2026-08-15 09:27:41.982,1121.350555555556
Pulse experiments,pioreactor01,2026-08-15T03:42:51.981Z,-0.007391006207,2026-08-15 09:27:51.981,1121.353333333333
Pulse experiments,pioreactor01,2026-08-15T03:42:56.981Z,-0.007410694482,2026-08-15 09:27:56.981,1121.354722222222
Pulse experiments,pioreactor01,2026-08-15T03:43:01.983Z,-0.007469955808,2026-08-15 09:28:01.983,1121.356111111111
Pulse experiments,pioreactor01,2026-08-15T03:43:06.983Z,-0.007561890568,2026-08-15 09:28:06.983,1121.3575
Pulse experiments,pioreactor01,2026-08-15T03:43:11.983Z,-0.007456298862,2026-08-15 09:28:11.983,1121.358888888889
Pulse experiments,pioreactor01,2026-08-15T03:43:16.984Z,-0.007425664237,2026-08-15 09:28:16.984,1121.360277777778
Pulse experiments,pioreactor01,2026-08-15T03:43:21.982Z,-0.00744761326,2026-08-15 09:28:21.982,1121.361666666667
Pulse experiments,pioreactor01,2026-08-15T03:43:26.983Z,-0.007460303828,2026-08-15 09:28:26.983,1121.363055555556
Pulse experiments,pioreactor01,2026-08-15T03:43:31.983Z,-0.007503010679,2026-08-15 09:28:31.983,1121.364444444444
Pulse experiments,pioreactor01,2026-08-15T03:43:36.983Z,-0.00752137344,2026-08-15 09:28:36.983,1121.365833333333
Pulse experiments,pioreactor01,2026-08-15T03:43:41.982Z,-0.007548349103,2026-08-15 09:28:41.982,1121.367222222222
Pulse experiments,pioreactor01,2026-08-15T03:43:46.983Z,-0.007676140099,2026-08-15 09:28:46.983,1121.368611111111
Pulse experiments,pioreactor01,2026-08-15T03:43:51.982Z,-0.007682945651,2026-08-15 09:28:51.982,1121.37
Pulse experiments,pioreactor01,2026-08-15T03:43:56.982Z,-0.007675109845,2026-08-15 09:28:56.982,1121.371388888889
Pulse experiments,pioreactor01,2026-08-15T03:44:01.985Z,-0.00770661404,2026-08-15 09:29:01.985,1121.372777777778
Pulse experiments,pioreactor01,2026-08-15T03:44:06.981Z,-0.007750051248,2026-08-15 09:29:06.981,1121.374166666667
Pulse experiments,pioreactor01,2026-08-15T03:44:11.981Z,-0.00781742065,2026-08-15 09:29:11.981,1121.375555555556
Pulse experiments,pioreactor01,2026-08-15T03:44:16.985Z,-0.007876984923,2026-08-15 09:29:16.985,1121.376944444444
Pulse experiments,pioreactor01,2026-08-15T03:44:21.983Z,-0.007921029416,2026-08-15 09:29:21.983,1121.378333333333
Pulse experiments,pioreactor01,2026-08-15T03:44:26.982Z,-0.008004403579,2026-08-15 09:29:26.982,1121.379722222222
Pulse experiments,pioreactor01,2026-08-15T03:44:31.984Z,-0.007983906387,2026-08-15 09:29:31.984,1121.381111111111
Pulse experiments,pioreactor01,2026-08-15T03:44:36.982Z,-0.00787284282,2026-08-15 09:29:36.982,1121.3825
Pulse experiments,pioreactor01,2026-08-15T03:44:46.980Z,-0.007725902368,2026-08-15 09:29:46.980,1121.385277777778
Pulse experiments,pioreactor01,2026-08-15T03:44:51.981Z,-0.007719572118,2026-08-15 09:29:51.981,1121.386666666667
Pulse experiments,pioreactor01,2026-08-15T03:44:56.983Z,-0.007836886004,2026-08-15 09:29:56.983,1121.388055555556
Pulse experiments,pioreactor01,2026-08-15T03:45:01.981Z,-0.007834602876,2026-08-15 09:30:01.981,1121.389444444445
Pulse experiments,pioreactor01,2026-08-15T03:45:11.982Z,-0.007877405733,2026-08-15 09:30:11.982,1121.392222222222
Pulse experiments,pioreactor01,2026-08-15T03:45:16.983Z,-0.007913053711,2026-08-15 09:30:16.983,1121.393611111111
Pulse experiments,pioreactor01,2026-08-15T03:45:21.982Z,-0.007998538731,2026-08-15 09:30:21.982,1121.395
Pulse experiments,pioreactor01,2026-08-15T03:45:26.982Z,-0.008120692674,2026-08-15 09:30:26.982,1121.396388888889
Pulse experiments,pioreactor01,2026-08-15T03:45:31.982Z,-0.00815564313,2026-08-15 09:30:31.982,1121.397777777778
Pulse experiments,pioreactor01,2026-08-15T03:45:36.983Z,-0.008195852823,2026-08-15 09:30:36.983,1121.399166666667
Pulse experiments,pioreactor01,2026-08-15T03:45:41.981Z,-0.008149450948,2026-08-15 09:30:41.981,1121.400555555555
Pulse experiments,pioreactor01,2026-08-15T03:45:46.981Z,-0.008082426275,2026-08-15 09:30:46.981,1121.401944444445
Pulse experiments,pioreactor01,2026-08-15T03:45:51.983Z,-0.008146250284,2026-08-15 09:30:51.983,1121.403333333333
Pulse experiments,pioreactor01,2026-08-15T03:45:56.981Z,-0.008277012906,2026-08-15 09:30:56.981,1121.404722222222
Pulse experiments,pioreactor01,2026-08-15T03:46:01.982Z,-0.008258322263,2026-08-15 09:31:01.982,1121.406111111111
Pulse experiments,pioreactor01,2026-08-15T03:46:06.984Z,-0.008161250109,2026-08-15 09:31:06.984,1121.4075
Pulse experiments,pioreactor01,2026-08-15T03:46:11.983Z,-0.008160812805,2026-08-15 09:31:11.983,1121.408888888889
Pulse experiments,pioreactor01,2026-08-15T03:46:16.981Z,-0.008022380017,2026-08-15 09:31:16.981,1121.410277777778
Pulse experiments,pioreactor01,2026-08-15T03:46:21.981Z,-0.007943508623,2026-08-15 09:31:21.981,1121.411666666667
Pulse experiments,pioreactor01,2026-08-15T03:46:26.981Z,-0.007851311969,2026-08-15 09:31:26.981,1121.413055555556
Pulse experiments,pioreactor01,2026-08-15T03:46:31.982Z,-0.007817509404,2026-08-15 09:31:31.982,1121.414444444444
Pulse experiments,pioreactor01,2026-08-15T03:46:36.982Z,-0.007826706294,2026-08-15 09:31:36.982,1121.415833333333
Pulse experiments,pioreactor01,2026-08-15T03:46:41.982Z,-0.007889462113,2026-08-15 09:31:41.982,1121.417222222222
Pulse experiments,pioreactor01,2026-08-15T03:46:46.981Z,-0.007851609482,2026-08-15 09:31:46.981,1121.418611111111
Pulse experiments,pioreactor01,2026-08-15T03:46:51.983Z,-0.007838120809,2026-08-15 09:31:51.983,1121.42
Pulse experiments,pioreactor01,2026-08-15T03:46:56.981Z,-0.007822706831,2026-08-15 09:31:56.981,1121.421388888889
Pulse experiments,pioreactor01,2026-08-15T03:47:01.982Z,-0.007788068264,2026-08-15 09:32:01.982,1121.422777777778
Pulse experiments,pioreactor01,2026-08-15T03:47:06.981Z,-0.007860274366,2026-08-15 09:32:06.981,1121.424166666667
Pulse experiments,pioreactor01,2026-08-15T03:47:11.984Z,-0.007759223656,2026-08-15 09:32:11.984,1121.425555555556
Pulse experiments,pioreactor01,2026-08-15T03:47:16.981Z,-0.007830621797,2026-08-15 09:32:16.981,1121.426944444444
Pulse experiments,pioreactor01,2026-08-15T03:47:21.982Z,-0.007927516068,2026-08-15 09:32:21.982,1121.428333333333
Pulse experiments,pioreactor01,2026-08-15T03:47:27.004Z,-0.007934400436,2026-08-15 09:32:27.004,1121.43
Pulse experiments,pioreactor01,2026-08-15T03:47:31.994Z,-0.007938850152,2026-08-15 09:32:31.994,1121.431111111111
Pulse experiments,pioreactor01,2026-08-15T03:47:37.015Z,-0.007943247951,2026-08-15 09:32:37.015,1121.432777777778
Pulse experiments,pioreactor01,2026-08-15T03:47:42.009Z,-0.00794757597,2026-08-15 09:32:42.009,1121.434166666667
Pulse experiments,pioreactor01,2026-08-15T03:47:46.994Z,-0.00795202391,2026-08-15 09:32:46.994,1121.435277777778
Pulse experiments,pioreactor01,2026-08-15T03:47:51.993Z,-0.007957378033,2026-08-15 09:32:51.993,1121.436666666667
Pulse experiments,pioreactor01,2026-08-15T03:47:56.993Z,-0.00796744142,2026-08-15 09:32:56.993,1121.438055555556
Pulse experiments,pioreactor01,2026-08-15T03:48:01.993Z,-0.007971741231,2026-08-15 09:33:01.993,1121.439444444444
Pulse experiments,pioreactor01,2026-08-15T03:48:06.995Z,-0.007970953787,2026-08-15 09:33:06.995,1121.440833333333
Pulse experiments,pioreactor01,2026-08-15T03:48:11.996Z,-0.007974260443,2026-08-15 09:33:11.996,1121.442222222222
Pulse experiments,pioreactor01,2026-08-15T03:48:16.994Z,-0.008010105076,2026-08-15 09:33:16.994,1121.443611111111
Pulse experiments,pioreactor01,2026-08-15T03:48:21.993Z,-0.008054268557,2026-08-15 09:33:21.993,1121.445
Pulse experiments,pioreactor01,2026-08-15T03:48:31.989Z,-0.008107297902,2026-08-15 09:33:31.989,1121.447777777778
Pulse experiments,pioreactor01,2026-08-15T03:48:36.994Z,-0.008088996453,2026-08-15 09:33:36.994,1121.449166666667
Pulse experiments,pioreactor01,2026-08-15T03:48:41.994Z,-0.00810061255,2026-08-15 09:33:41.994,1121.450555555556
Pulse experiments,pioreactor01,2026-08-15T03:48:46.989Z,-0.008134817242,2026-08-15 09:33:46.989,1121.451944444445
Pulse experiments,pioreactor01,2026-08-15T03:48:51.989Z,-0.008159569971,2026-08-15 09:33:51.989,1121.453333333333
Pulse experiments,pioreactor01,2026-08-15T03:48:56.989Z,-0.00821675061,2026-08-15 09:33:56.989,1121.454722222222
Pulse experiments,pioreactor01,2026-08-15T03:49:01.990Z,-0.008207616778,2026-08-15 09:34:01.990,1121.456111111111
Pulse experiments,pioreactor01,2026-08-15T03:49:06.992Z,-0.008282638346,2026-08-15 09:34:06.992,1121.4575
Pulse experiments,pioreactor01,2026-08-15T03:49:11.992Z,-0.008365065601,2026-08-15 09:34:11.992,1121.458888888889
Pulse experiments,pioreactor01,2026-08-15T03:49:21.991Z,-0.00836372004,2026-08-15 09:34:21.991,1121.461666666667
Pulse experiments,pioreactor01,2026-08-15T03:49:26.988Z,-0.008402483604,2026-08-15 09:34:26.988,1121.463055555555
Pulse experiments,pioreactor01,2026-08-15T03:49:31.996Z,-0.008442321496,2026-08-15 09:34:31.996,1121.464444444445
Pulse experiments,pioreactor01,2026-08-15T03:49:36.992Z,-0.008428607544,2026-08-15 09:34:36.992,1121.465833333333
Pulse experiments,pioreactor01,2026-08-15T03:49:41.994Z,-0.008490173145,2026-08-15 09:34:41.994,1121.467222222222
Pulse experiments,pioreactor01,2026-08-15T03:49:46.995Z,-0.008398969304,2026-08-15 09:34:46.995,1121.468611111111
Pulse experiments,pioreactor01,2026-08-15T03:49:51.988Z,-0.008379461531,2026-08-15 09:34:51.988,1121.47
Pulse experiments,pioreactor01,2026-08-15T03:49:56.999Z,-0.008394463921,2026-08-15 09:34:56.999,1121.471388888889
Pulse experiments,pioreactor01,2026-08-15T03:50:02.007Z,-0.008342115808,2026-08-15 09:35:02.007,1121.473055555555
Pulse experiments,pioreactor01,2026-08-15T03:50:06.995Z,-0.008322247475,2026-08-15 09:35:06.995,1121.474166666667
Pulse experiments,pioreactor01,2026-08-15T03:50:11.993Z,-0.008370946023,2026-08-15 09:35:11.993,1121.475555555556
Pulse experiments,pioreactor01,2026-08-15T03:50:16.995Z,-0.008376368827,2026-08-15 09:35:16.995,1121.476944444444
Pulse experiments,pioreactor01,2026-08-15T03:50:21.988Z,-0.008461624079,2026-08-15 09:35:21.988,1121.478333333333
Pulse experiments,pioreactor01,2026-08-15T03:50:26.992Z,-0.008474471753,2026-08-15 09:35:26.992,1121.479722222222
Pulse experiments,pioreactor01,2026-08-15T03:50:31.998Z,-0.008544413946,2026-08-15 09:35:31.998,1121.481111111111
Pulse experiments,pioreactor01,2026-08-15T03:50:37.000Z,-0.008651247446,2026-08-15 09:35:37.000,1121.482777777778
Pulse experiments,pioreactor01,2026-08-15T03:50:42.011Z,-0.008722586339,2026-08-15 09:35:42.011,1121.484166666667
Pulse experiments,pioreactor01,2026-08-15T03:50:46.998Z,-0.008855845515,2026-08-15 09:35:46.998,1121.485277777778
Pulse experiments,pioreactor01,2026-08-15T03:50:52.000Z,-0.008842229584,2026-08-15 09:35:52.000,1121.486944444444
Pulse experiments,pioreactor01,2026-08-15T03:50:57.071Z,-0.008985999634,2026-08-15 09:35:57.071,1121.488333333333
Pulse experiments,pioreactor01,2026-08-15T03:51:01.996Z,-0.009196341372,2026-08-15 09:36:01.996,1121.489444444444
Pulse experiments,pioreactor01,2026-08-15T03:51:06.995Z,-0.009174171445,2026-08-15 09:36:06.995,1121.490833333333
Pulse experiments,pioreactor01,2026-08-15T03:51:11.989Z,-0.009039655147,2026-08-15 09:36:11.989,1121.492222222222
Pulse experiments,pioreactor01,2026-08-15T03:51:16.995Z,-0.009049006825,2026-08-15 09:36:16.995,1121.493611111111
Pulse experiments,pioreactor01,2026-08-15T03:51:21.994Z,-0.008963560007,2026-08-15 09:36:21.994,1121.495
Pulse experiments,pioreactor01,2026-08-15T03:51:26.996Z,-0.008820868281,2026-08-15 09:36:26.996,1121.496388888889
Pulse experiments,pioreactor01,2026-08-15T03:51:32.002Z,-0.008883139406,2026-08-15 09:36:32.002,1121.498055555556
Pulse experiments,pioreactor01,2026-08-15T03:51:37.026Z,-0.008779232761,2026-08-15 09:36:37.026,1121.499444444444
Pulse experiments,pioreactor01,2026-08-15T03:51:42.047Z,-0.008758073431,2026-08-15 09:36:42.047,1121.500833333333
Pulse experiments,pioreactor01,2026-08-15T03:51:47.024Z,-0.008880421054,2026-08-15 09:36:47.024,1121.502222222222
Pulse experiments,pioreactor01,2026-08-15T03:51:52.041Z,-0.009173120974,2026-08-15 09:36:52.041,1121.503611111111
Pulse experiments,pioreactor01,2026-08-15T03:51:57.035Z,-0.009315617201,2026-08-15 09:36:57.035,1121.505
Pulse experiments,pioreactor01,2026-08-15T03:52:02.038Z,-0.009518992086,2026-08-15 09:37:02.038,1121.506388888889
Pulse experiments,pioreactor01,2026-08-15T03:52:07.040Z,-0.009732595467,2026-08-15 09:37:07.040,1121.507777777778
Pulse experiments,pioreactor01,2026-08-15T03:52:12.020Z,-0.010076017877,2026-08-15 09:37:12.020,1121.509166666667
Pulse experiments,pioreactor01,2026-08-15T03:52:17.032Z,-0.010284209663,2026-08-15 09:37:17.032,1121.510555555556
Pulse experiments,pioreactor01,2026-08-15T03:52:22.026Z,-0.010503034368,2026-08-15 09:37:22.026,1121.511944444444
Pulse experiments,pioreactor01,2026-08-15T03:52:27.031Z,-0.01074923486,2026-08-15 09:37:27.031,1121.513333333333
Pulse experiments,pioreactor01,2026-08-15T03:52:32.037Z,-0.010964965667,2026-08-15 09:37:32.037,1121.514722222222
Pulse experiments,pioreactor01,2026-08-15T03:52:37.055Z,-0.010876890549,2026-08-15 09:37:37.055,1121.516111111111
Pulse experiments,pioreactor01,2026-08-15T03:52:42.044Z,-0.011067188066,2026-08-15 09:37:42.044,1121.5175
Pulse experiments,pioreactor01,2026-08-15T03:52:47.041Z,-0.011310588332,2026-08-15 09:37:47.041,1121.518888888889
Pulse experiments,pioreactor01,2026-08-15T03:52:52.034Z,-0.011205968602,2026-08-15 09:37:52.034,1121.520277777778
Pulse experiments,pioreactor01,2026-08-15T03:52:57.032Z,-0.011243355253,2026-08-15 09:37:57.032,1121.521666666667
Pulse experiments,pioreactor01,2026-08-15T03:53:02.030Z,-0.011399100886,2026-08-15 09:38:02.030,1121.523055555556
Pulse experiments,pioreactor01,2026-08-15T03:53:07.034Z,-0.011731313728,2026-08-15 09:38:07.034,1121.524444444444
Pulse experiments,pioreactor01,2026-08-15T03:53:11.997Z,-0.011605154138,2026-08-15 09:38:11.997,1121.525555555555
Pulse experiments,pioreactor01,2026-08-15T03:53:16.983Z,-0.011261451247,2026-08-15 09:38:16.983,1121.526944444445
Pulse experiments,pioreactor01,2026-08-15T03:53:21.983Z,-0.011268197889,2026-08-15 09:38:21.983,1121.528333333333
Pulse experiments,pioreactor01,2026-08-15T03:53:26.982Z,-0.011177790571,2026-08-15 09:38:26.982,1121.529722222222
Pulse experiments,pioreactor01,2026-08-15T03:53:31.982Z,-0.010876391623,2026-08-15 09:38:31.982,1121.531111111111
Pulse experiments,pioreactor01,2026-08-15T03:53:36.983Z,-0.010579214381,2026-08-15 09:38:36.983,1121.5325
Pulse experiments,pioreactor01,2026-08-15T03:53:41.980Z,-0.010482972,2026-08-15 09:38:41.980,1121.533888888889
Pulse experiments,pioreactor01,2026-08-15T03:53:46.982Z,-0.010232052345,2026-08-15 09:38:46.982,1121.535277777778
Pulse experiments,pioreactor01,2026-08-15T03:53:51.983Z,-0.009715147508,2026-08-15 09:38:51.983,1121.536666666667
Pulse experiments,pioreactor01,2026-08-15T03:53:56.981Z,-0.009475189033,2026-08-15 09:38:56.981,1121.538055555556
Pulse experiments,pioreactor01,2026-08-15T03:54:01.984Z,-0.009172501693,2026-08-15 09:39:01.984,1121.539444444444
Pulse experiments,pioreactor01,2026-08-15T03:54:06.982Z,-0.009195400214,2026-08-15 09:39:06.982,1121.540833333333
Pulse experiments,pioreactor01,2026-08-15T03:54:11.983Z,-0.009388986807,2026-08-15 09:39:11.983,1121.542222222222
Pulse experiments,pioreactor01,2026-08-15T03:54:16.982Z,-0.009844920351,2026-08-15 09:39:16.982,1121.543611111111
Pulse experiments,pioreactor01,2026-08-15T03:54:21.981Z,-0.010338788406,2026-08-15 09:39:21.981,1121.545
Pulse experiments,pioreactor01,2026-08-15T03:54:26.981Z,-0.010936420112,2026-08-15 09:39:26.981,1121.546388888889
Pulse experiments,pioreactor01,2026-08-15T03:54:31.983Z,-0.011262216105,2026-08-15 09:39:31.983,1121.547777777778
Pulse experiments,pioreactor01,2026-08-15T03:54:36.981Z,-0.011401678571,2026-08-15 09:39:36.981,1121.549166666667
Pulse experiments,pioreactor01,2026-08-15T03:54:46.983Z,-0.011405255787,2026-08-15 09:39:46.983,1121.551944444444
Pulse experiments,pioreactor01,2026-08-15T03:54:56.982Z,-0.011538527516,2026-08-15 09:39:56.982,1121.554722222222
Pulse experiments,pioreactor01,2026-08-15T03:55:01.984Z,-0.011394003594,2026-08-15 09:40:01.984,1121.556111111111
Pulse experiments,pioreactor01,2026-08-15T03:55:06.981Z,-0.011424528385,2026-08-15 09:40:06.981,1121.5575
Pulse experiments,pioreactor01,2026-08-15T03:55:11.985Z,-0.011564075042,2026-08-15 09:40:11.985,1121.558888888889
Pulse experiments,pioreactor01,2026-08-15T03:55:16.983Z,-0.011205323737,2026-08-15 09:40:16.983,1121.560277777778
Pulse experiments,pioreactor01,2026-08-15T03:55:21.982Z,-0.011002578339,2026-08-15 09:40:21.982,1121.561666666667
Pulse experiments,pioreactor01,2026-08-15T03:55:26.984Z,-0.010834820954,2026-08-15 09:40:26.984,1121.563055555556
Pulse experiments,pioreactor01,2026-08-15T03:55:31.983Z,-0.011036061526,2026-08-15 09:40:31.983,1121.564444444444
Pulse experiments,pioreactor01,2026-08-15T03:55:36.985Z,-0.011157007197,2026-08-15 09:40:36.985,1121.565833333333
Pulse experiments,pioreactor01,2026-08-15T03:55:41.982Z,-0.011555260516,2026-08-15 09:40:41.982,1121.567222222222
Pulse experiments,pioreactor01,2026-08-15T03:55:46.983Z,-0.011689934113,2026-08-15 09:40:46.983,1121.568611111111
Pulse experiments,pioreactor01,2026-08-15T03:55:51.981Z,-0.011535665878,2026-08-15 09:40:51.981,1121.57
Pulse experiments,pioreactor01,2026-08-15T03:55:56.980Z,-0.011697848571,2026-08-15 09:40:56.980,1121.571388888889
Pulse experiments,pioreactor01,2026-08-15T03:56:01.981Z,-0.01203512107,2026-08-15 09:41:01.981,1121.572777777778
Pulse experiments,pioreactor01,2026-08-15T03:56:06.981Z,-0.012212082381,2026-08-15 09:41:06.981,1121.574166666667
Pulse experiments,pioreactor01,2026-08-15T03:56:11.984Z,-0.012340203173,2026-08-15 09:41:11.984,1121.575555555556
Pulse experiments,pioreactor01,2026-08-15T03:56:16.984Z,-0.012706422258,2026-08-15 09:41:16.984,1121.576944444445
Pulse experiments,pioreactor01,2026-08-15T03:56:21.982Z,-0.012846135837,2026-08-15 09:41:21.982,1121.578333333333
Pulse experiments,pioreactor01,2026-08-15T03:56:26.981Z,-0.013040875374,2026-08-15 09:41:26.981,1121.579722222222
Pulse experiments,pioreactor01,2026-08-15T03:56:31.982Z,-0.01316830254,2026-08-15 09:41:31.982,1121.581111111111
Pulse experiments,pioreactor01,2026-08-15T03:56:36.983Z,-0.013236224142,2026-08-15 09:41:36.983,1121.5825
Pulse experiments,pioreactor01,2026-08-15T03:56:41.982Z,-0.013245659687,2026-08-15 09:41:41.982,1121.583888888889
Pulse experiments,pioreactor01,2026-08-15T03:56:46.981Z,-0.013144949779,2026-08-15 09:41:46.981,1121.585277777778
Pulse experiments,pioreactor01,2026-08-15T03:56:51.982Z,-0.013339361865,2026-08-15 09:41:51.982,1121.586666666667
Pulse experiments,pioreactor01,2026-08-15T03:56:56.985Z,-0.013353819219,2026-08-15 09:41:56.985,1121.588055555555
Pulse experiments,pioreactor01,2026-08-15T03:57:01.983Z,-0.013139085048,2026-08-15 09:42:01.983,1121.589444444445
Pulse experiments,pioreactor01,2026-08-15T03:57:06.981Z,-0.012911684354,2026-08-15 09:42:06.981,1121.590833333333
Pulse experiments,pioreactor01,2026-08-15T03:57:11.983Z,-0.013213923455,2026-08-15 09:42:11.983,1121.592222222222
Pulse experiments,pioreactor01,2026-08-15T03:57:16.981Z,-0.013399923597,2026-08-15 09:42:16.981,1121.593611111111
Pulse experiments,pioreactor01,2026-08-15T03:57:21.982Z,-0.013305506503,2026-08-15 09:42:21.982,1121.595
Pulse experiments,pioreactor01,2026-08-15T03:57:26.982Z,-0.01349596342,2026-08-15 09:42:26.982,1121.596388888889
Pulse experiments,pioreactor01,2026-08-15T03:57:31.983Z,-0.01372601754,2026-08-15 09:42:31.983,1121.597777777778
Pulse experiments,pioreactor01,2026-08-15T03:57:36.983Z,-0.01396213377,2026-08-15 09:42:36.983,1121.599166666667
Pulse experiments,pioreactor01,2026-08-15T03:57:41.982Z,-0.014301282599,2026-08-15 09:42:41.982,1121.600555555556
Pulse experiments,pioreactor01,2026-08-15T03:57:46.983Z,-0.014567014835,2026-08-15 09:42:46.983,1121.601944444444
Pulse experiments,pioreactor01,2026-08-15T03:57:51.982Z,-0.014561735945,2026-08-15 09:42:51.982,1121.603333333333
Pulse experiments,pioreactor01,2026-08-15T03:57:56.983Z,-0.014833167183,2026-08-15 09:42:56.983,1121.604722222222
Pulse experiments,pioreactor01,2026-08-15T03:58:06.980Z,-0.014501695787,2026-08-15 09:43:06.980,1121.6075
Pulse experiments,pioreactor01,2026-08-15T03:58:11.983Z,-0.014480080307,2026-08-15 09:43:11.983,1121.608888888889
Pulse experiments,pioreactor01,2026-08-15T03:58:16.983Z,-0.014236720074,2026-08-15 09:43:16.983,1121.610277777778
Pulse experiments,pioreactor01,2026-08-15T03:58:21.982Z,-0.013680523242,2026-08-15 09:43:21.982,1121.611666666667
Pulse experiments,pioreactor01,2026-08-15T03:58:26.982Z,-0.013708751549,2026-08-15 09:43:26.982,1121.613055555556
Pulse experiments,pioreactor01,2026-08-15T03:58:31.982Z,-0.013769209313,2026-08-15 09:43:31.982,1121.614444444444
Pulse experiments,pioreactor01,2026-08-15T03:58:36.981Z,-0.01394210374,2026-08-15 09:43:36.981,1121.615833333333
Pulse experiments,pioreactor01,2026-08-15T03:58:41.986Z,-0.014072780522,2026-08-15 09:43:41.986,1121.617222222222
Pulse experiments,pioreactor01,2026-08-15T03:58:46.981Z,-0.014455580571,2026-08-15 09:43:46.981,1121.618611111111
Pulse experiments,pioreactor01,2026-08-15T03:58:51.984Z,-0.015015352849,2026-08-15 09:43:51.984,1121.62
Pulse experiments,pioreactor01,2026-08-15T03:58:56.983Z,-0.015513783612,2026-08-15 09:43:56.983,1121.621388888889
Pulse experiments,pioreactor01,2026-08-15T03:59:01.983Z,-0.015485797178,2026-08-15 09:44:01.983,1121.622777777778
Pulse experiments,pioreactor01,2026-08-15T03:59:06.982Z,-0.015394284619,2026-08-15 09:44:06.982,1121.624166666667
Pulse experiments,pioreactor01,2026-08-15T03:59:11.982Z,-0.015482166408,2026-08-15 09:44:11.982,1121.625555555556
Pulse experiments,pioreactor01,2026-08-15T03:59:16.983Z,-0.015707078761,2026-08-15 09:44:16.983,1121.626944444444
Pulse experiments,pioreactor01,2026-08-15T03:59:21.982Z,-0.015605867223,2026-08-15 09:44:21.982,1121.628333333333
Pulse experiments,pioreactor01,2026-08-15T03:59:31.983Z,-0.015548529763,2026-08-15 09:44:31.983,1121.631111111111
Pulse experiments,pioreactor01,2026-08-15T03:59:36.983Z,-0.016018515999,2026-08-15 09:44:36.983,1121.6325
Pulse experiments,pioreactor01,2026-08-15T03:59:41.984Z,-0.015952832421,2026-08-15 09:44:41.984,1121.633888888889
Pulse experiments,pioreactor01,2026-08-15T03:59:46.983Z,-0.015942839615,2026-08-15 09:44:46.983,1121.635277777778
Pulse experiments,pioreactor01,2026-08-15T03:59:51.982Z,-0.016152784057,2026-08-15 09:44:51.982,1121.636666666667
Pulse experiments,pioreactor01,2026-08-15T03:59:56.981Z,-0.016288684513,2026-08-15 09:44:56.981,1121.638055555556
Pulse experiments,pioreactor01,2026-08-15T04:00:01.982Z,-0.01601391056,2026-08-15 09:45:01.982,1121.639444444445
Pulse experiments,pioreactor01,2026-08-15T04:00:06.984Z,-0.015646505844,2026-08-15 09:45:06.984,1121.640833333333
Pulse experiments,pioreactor01,2026-08-15T04:00:11.983Z,-0.015736775608,2026-08-15 09:45:11.983,1121.642222222222
Pulse experiments,pioreactor01,2026-08-15T04:00:16.984Z,-0.01606801137,2026-08-15 09:45:16.984,1121.643611111111
Pulse experiments,pioreactor01,2026-08-15T04:00:21.981Z,-0.01613723169,2026-08-15 09:45:21.981,1121.645
Pulse experiments,pioreactor01,2026-08-15T04:00:26.982Z,-0.016395988252,2026-08-15 09:45:26.982,1121.646388888889
Pulse experiments,pioreactor01,2026-08-15T04:00:31.982Z,-0.016603330053,2026-08-15 09:45:31.982,1121.647777777778
Pulse experiments,pioreactor01,2026-08-15T04:00:36.981Z,-0.016717418064,2026-08-15 09:45:36.981,1121.649166666667
Pulse experiments,pioreactor01,2026-08-15T04:00:41.981Z,-0.016867720058,2026-08-15 09:45:41.981,1121.650555555555
Pulse experiments,pioreactor01,2026-08-15T04:00:46.981Z,-0.017169640254,2026-08-15 09:45:46.981,1121.651944444445
Pulse experiments,pioreactor01,2026-08-15T04:00:51.982Z,-0.017460389591,2026-08-15 09:45:51.982,1121.653333333333
Pulse experiments,pioreactor01,2026-08-15T04:00:56.984Z,-0.017829398826,2026-08-15 09:45:56.984,1121.654722222222
Pulse experiments,pioreactor01,2026-08-15T04:01:01.985Z,-0.018280178596,2026-08-15 09:46:01.985,1121.656111111111
Pulse experiments,pioreactor01,2026-08-15T04:01:06.983Z,-0.018411538656,2026-08-15 09:46:06.983,1121.6575
Pulse experiments,pioreactor01,2026-08-15T04:01:11.981Z,-0.018569159619,2026-08-15 09:46:11.981,1121.658888888889
Pulse experiments,pioreactor01,2026-08-15T04:01:16.982Z,-0.018657174736,2026-08-15 09:46:16.982,1121.660277777778
Pulse experiments,pioreactor01,2026-08-15T04:01:21.984Z,-0.018796533497,2026-08-15 09:46:21.984,1121.661666666667
Pulse experiments,pioreactor01,2026-08-15T04:01:26.982Z,-0.019139045615,2026-08-15 09:46:26.982,1121.663055555556
Pulse experiments,pioreactor01,2026-08-15T04:01:31.985Z,-0.019211439373,2026-08-15 09:46:31.985,1121.664444444444
Pulse experiments,pioreactor01,2026-08-15T04:01:36.983Z,-0.019018617885,2026-08-15 09:46:36.983,1121.665833333333
Pulse experiments,pioreactor01,2026-08-15T04:01:41.981Z,-0.019054594865,2026-08-15 09:46:41.981,1121.667222222222
Pulse experiments,pioreactor01,2026-08-15T04:01:51.983Z,-0.01901464783,2026-08-15 09:46:51.983,1121.67
Pulse experiments,pioreactor01,2026-08-15T04:01:56.982Z,-0.019401173139,2026-08-15 09:46:56.982,1121.671388888889
Pulse experiments,pioreactor01,2026-08-15T04:02:01.981Z,-0.019558399069,2026-08-15 09:47:01.981,1121.672777777778
Pulse experiments,pioreactor01,2026-08-15T04:02:06.983Z,-0.019548915678,2026-08-15 09:47:06.983,1121.674166666667
Pulse experiments,pioreactor01,2026-08-15T04:02:11.983Z,-0.019807468944,2026-08-15 09:47:11.983,1121.675555555556
Pulse experiments,pioreactor01,2026-08-15T04:02:16.981Z,-0.019894562401,2026-08-15 09:47:16.981,1121.676944444444
Pulse experiments,pioreactor01,2026-08-15T04:02:21.982Z,-0.019938549937,2026-08-15 09:47:21.982,1121.678333333333
Pulse experiments,pioreactor01,2026-08-15T04:02:26.982Z,-0.019952401479,2026-08-15 09:47:26.982,1121.679722222222
Pulse experiments,pioreactor01,2026-08-15T04:02:31.983Z,-0.020013359534,2026-08-15 09:47:31.983,1121.681111111111
Pulse experiments,pioreactor01,2026-08-15T04:02:36.986Z,-0.020245748877,2026-08-15 09:47:36.986,1121.6825
Pulse experiments,pioreactor01,2026-08-15T04:02:41.980Z,-0.020580082606,2026-08-15 09:47:41.980,1121.683888888889
Pulse experiments,pioreactor01,2026-08-15T04:02:46.983Z,-0.021015627492,2026-08-15 09:47:46.983,1121.685277777778
Pulse experiments,pioreactor01,2026-08-15T04:02:51.982Z,-0.021047228481,2026-08-15 09:47:51.982,1121.686666666667
Pulse experiments,pioreactor01,2026-08-15T04:02:56.984Z,-0.021051135661,2026-08-15 09:47:56.984,1121.688055555556
Pulse experiments,pioreactor01,2026-08-15T04:03:01.982Z,-0.021175638271,2026-08-15 09:48:01.982,1121.689444444444
Pulse experiments,pioreactor01,2026-08-15T04:03:06.981Z,-0.021499537443,2026-08-15 09:48:06.981,1121.690833333333
Pulse experiments,pioreactor01,2026-08-15T04:03:11.983Z,-0.021895071965,2026-08-15 09:48:11.983,1121.692222222222
Pulse experiments,pioreactor01,2026-08-15T04:03:21.984Z,-0.021914099357,2026-08-15 09:48:21.984,1121.695
Pulse experiments,pioreactor01,2026-08-15T04:03:26.982Z,-0.022169930249,2026-08-15 09:48:26.982,1121.696388888889
Pulse experiments,pioreactor01,2026-08-15T04:03:31.983Z,-0.022542900319,2026-08-15 09:48:31.983,1121.697777777778
Pulse experiments,pioreactor01,2026-08-15T04:03:36.981Z,-0.023207820157,2026-08-15 09:48:36.981,1121.699166666667
Pulse experiments,pioreactor01,2026-08-15T04:03:41.982Z,-0.023807186418,2026-08-15 09:48:41.982,1121.700555555556
Pulse experiments,pioreactor01,2026-08-15T04:03:46.981Z,-0.023868079095,2026-08-15 09:48:46.981,1121.701944444445
Pulse experiments,pioreactor01,2026-08-15T04:03:51.982Z,-0.024084576625,2026-08-15 09:48:51.982,1121.703333333333
Pulse experiments,pioreactor01,2026-08-15T04:03:56.982Z,-0.024244825366,2026-08-15 09:48:56.982,1121.704722222222
Pulse experiments,pioreactor01,2026-08-15T04:04:01.982Z,-0.024114151627,2026-08-15 09:49:01.982,1121.706111111111
Pulse experiments,pioreactor01,2026-08-15T04:04:06.981Z,-0.024282465748,2026-08-15 09:49:06.981,1121.7075
Pulse experiments,pioreactor01,2026-08-15T04:04:11.981Z,-0.024200208381,2026-08-15 09:49:11.981,1121.708888888889
Pulse experiments,pioreactor01,2026-08-15T04:04:16.982Z,-0.024283359155,2026-08-15 09:49:16.982,1121.710277777778
Pulse experiments,pioreactor01,2026-08-15T04:04:21.982Z,-0.024235252766,2026-08-15 09:49:21.982,1121.711666666667
Pulse experiments,pioreactor01,2026-08-15T04:04:26.982Z,-0.024113016842,2026-08-15 09:49:26.982,1121.713055555555
Pulse experiments,pioreactor01,2026-08-15T04:04:31.981Z,-0.024222628495,2026-08-15 09:49:31.981,1121.714444444445
Pulse experiments,pioreactor01,2026-08-15T04:04:36.986Z,-0.024189770423,2026-08-15 09:49:36.986,1121.715833333333
Pulse experiments,pioreactor01,2026-08-15T04:04:41.982Z,-0.024703934432,2026-08-15 09:49:41.982,1121.717222222222
Pulse experiments,pioreactor01,2026-08-15T04:04:46.981Z,-0.02528609701,2026-08-15 09:49:46.981,1121.718611111111
Pulse experiments,pioreactor01,2026-08-15T04:04:51.982Z,-0.025928292277,2026-08-15 09:49:51.982,1121.72
Pulse experiments,pioreactor01,2026-08-15T04:04:56.982Z,-0.026339149349,2026-08-15 09:49:56.982,1121.721388888889
Pulse experiments,pioreactor01,2026-08-15T04:05:01.984Z,-0.026134700745,2026-08-15 09:50:01.984,1121.722777777778
Pulse experiments,pioreactor01,2026-08-15T04:05:06.982Z,-0.026301682085,2026-08-15 09:50:06.982,1121.724166666667
Pulse experiments,pioreactor01,2026-08-15T04:05:11.981Z,-0.026386666231,2026-08-15 09:50:11.981,1121.725555555556
Pulse experiments,pioreactor01,2026-08-15T04:05:16.983Z,-0.026390845316,2026-08-15 09:50:16.983,1121.726944444444
Pulse experiments,pioreactor01,2026-08-15T04:05:21.985Z,-0.026488970224,2026-08-15 09:50:21.985,1121.728333333333
Pulse experiments,pioreactor01,2026-08-15T04:05:26.983Z,-0.026694916297,2026-08-15 09:50:26.983,1121.729722222222
Pulse experiments,pioreactor01,2026-08-15T04:05:31.986Z,-0.027046037318,2026-08-15 09:50:31.986,1121.731111111111
Pulse experiments,pioreactor01,2026-08-15T04:05:36.985Z,-0.027250164968,2026-08-15 09:50:36.985,1121.7325
Pulse experiments,pioreactor01,2026-08-15T04:05:41.983Z,-0.027340326398,2026-08-15 09:50:41.983,1121.733888888889
Pulse experiments,pioreactor01,2026-08-15T04:05:46.982Z,-0.027364114925,2026-08-15 09:50:46.982,1121.735277777778
Pulse experiments,pioreactor01,2026-08-15T04:05:51.981Z,-0.027105575575,2026-08-15 09:50:51.981,1121.736666666667
Pulse experiments,pioreactor01,2026-08-15T04:05:56.980Z,-0.026942780427,2026-08-15 09:50:56.980,1121.738055555556
Pulse experiments,pioreactor01,2026-08-15T04:06:01.982Z,-0.026874465687,2026-08-15 09:51:01.982,1121.739444444444
Pulse experiments,pioreactor01,2026-08-15T04:06:06.982Z,-0.027159048107,2026-08-15 09:51:06.982,1121.740833333333
Pulse experiments,pioreactor01,2026-08-15T04:06:11.983Z,-0.027140667431,2026-08-15 09:51:11.983,1121.742222222222
Pulse experiments,pioreactor01,2026-08-15T04:06:16.981Z,-0.02723442454,2026-08-15 09:51:16.981,1121.743611111111
Pulse experiments,pioreactor01,2026-08-15T04:06:21.983Z,-0.027369770423,2026-08-15 09:51:21.983,1121.745
Pulse experiments,pioreactor01,2026-08-15T04:06:26.982Z,-0.027622710303,2026-08-15 09:51:26.982,1121.746388888889
Pulse experiments,pioreactor01,2026-08-15T04:06:31.982Z,-0.027861934831,2026-08-15 09:51:31.982,1121.747777777778
Pulse experiments,pioreactor01,2026-08-15T04:06:36.981Z,-0.02807869052,2026-08-15 09:51:36.981,1121.749166666667
Pulse experiments,pioreactor01,2026-08-15T04:06:41.982Z,-0.027888791626,2026-08-15 09:51:41.982,1121.750555555556
Pulse experiments,pioreactor01,2026-08-15T04:06:46.983Z,-0.027711968407,2026-08-15 09:51:46.983,1121.751944444444
Pulse experiments,pioreactor01,2026-08-15T04:06:51.983Z,-0.0276944433,2026-08-15 09:51:51.983,1121.753333333333
Pulse experiments,pioreactor01,2026-08-15T04:06:56.981Z,-0.027700088025,2026-08-15 09:51:56.981,1121.754722222222
Pulse experiments,pioreactor01,2026-08-15T04:07:01.982Z,-0.027905104832,2026-08-15 09:52:01.982,1121.756111111111
Pulse experiments,pioreactor01,2026-08-15T04:07:06.982Z,-0.028302317541,2026-08-15 09:52:06.982,1121.7575
Pulse experiments,pioreactor01,2026-08-15T04:07:11.983Z,-0.028307193194,2026-08-15 09:52:11.983,1121.758888888889
Pulse experiments,pioreactor01,2026-08-15T04:07:16.984Z,-0.027991995291,2026-08-15 09:52:16.984,1121.760277777778
Pulse experiments,pioreactor01,2026-08-15T04:07:21.982Z,-0.027980824308,2026-08-15 09:52:21.982,1121.761666666667
Pulse experiments,pioreactor01,2026-08-15T04:07:26.982Z,-0.027952393331,2026-08-15 09:52:26.982,1121.763055555556
Pulse experiments,pioreactor01,2026-08-15T04:07:31.982Z,-0.028050454416,2026-08-15 09:52:31.982,1121.764444444445
Pulse experiments,pioreactor01,2026-08-15T04:07:36.981Z,-0.027938405572,2026-08-15 09:52:36.981,1121.765833333333
Pulse experiments,pioreactor01,2026-08-15T04:07:41.981Z,-0.028033379865,2026-08-15 09:52:41.981,1121.767222222222
Pulse experiments,pioreactor01,2026-08-15T04:07:46.982Z,-0.028149982273,2026-08-15 09:52:46.982,1121.768611111111
Pulse experiments,pioreactor01,2026-08-15T04:07:51.982Z,-0.028311343372,2026-08-15 09:52:51.982,1121.77
Pulse experiments,pioreactor01,2026-08-15T04:07:56.983Z,-0.028635711005,2026-08-15 09:52:56.983,1121.771388888889
Pulse experiments,pioreactor01,2026-08-15T04:08:01.982Z,-0.028820972527,2026-08-15 09:53:01.982,1121.772777777778
Pulse experiments,pioreactor01,2026-08-15T04:08:06.982Z,-0.028731446349,2026-08-15 09:53:06.982,1121.774166666667
Pulse experiments,pioreactor01,2026-08-15T04:08:11.982Z,-0.028878589202,2026-08-15 09:53:11.982,1121.775555555555
Pulse experiments,pioreactor01,2026-08-15T04:08:16.981Z,-0.028840399424,2026-08-15 09:53:16.981,1121.776944444445
Pulse experiments,pioreactor01,2026-08-15T04:08:21.983Z,-0.028773191827,2026-08-15 09:53:21.983,1121.778333333333
Pulse experiments,pioreactor01,2026-08-15T04:08:26.982Z,-0.028765754016,2026-08-15 09:53:26.982,1121.779722222222
Pulse experiments,pioreactor01,2026-08-15T04:08:31.982Z,-0.028458178792,2026-08-15 09:53:31.982,1121.781111111111
Pulse experiments,pioreactor01,2026-08-15T04:08:36.982Z,-0.028175856473,2026-08-15 09:53:36.982,1121.7825
Pulse experiments,pioreactor01,2026-08-15T04:08:41.982Z,-0.028247654996,2026-08-15 09:53:41.982,1121.783888888889
Pulse experiments,pioreactor01,2026-08-15T04:08:46.984Z,-0.028386532666,2026-08-15 09:53:46.984,1121.785277777778
Pulse experiments,pioreactor01,2026-08-15T04:08:51.982Z,-0.028402174613,2026-08-15 09:53:51.982,1121.786666666667
Pulse experiments,pioreactor01,2026-08-15T04:08:56.984Z,-0.02824285796,2026-08-15 09:53:56.984,1121.788055555556
Pulse experiments,pioreactor01,2026-08-15T04:09:01.981Z,-0.028229075868,2026-08-15 09:54:01.981,1121.789444444444
Pulse experiments,pioreactor01,2026-08-15T04:09:06.981Z,-0.028290645648,2026-08-15 09:54:06.981,1121.790833333333
Pulse experiments,pioreactor01,2026-08-15T04:09:11.984Z,-0.028167846058,2026-08-15 09:54:11.984,1121.792222222222
Pulse experiments,pioreactor01,2026-08-15T04:09:16.981Z,-0.02829639934,2026-08-15 09:54:16.981,1121.793611111111
Pulse experiments,pioreactor01,2026-08-15T04:09:21.981Z,-0.028174853612,2026-08-15 09:54:21.981,1121.795
Pulse experiments,pioreactor01,2026-08-15T04:09:26.985Z,-0.028308090599,2026-08-15 09:54:26.985,1121.796388888889
Pulse experiments,pioreactor01,2026-08-15T04:09:31.982Z,-0.028565371781,2026-08-15 09:54:31.982,1121.797777777778
Pulse experiments,pioreactor01,2026-08-15T04:09:36.982Z,-0.028640727204,2026-08-15 09:54:36.982,1121.799166666667
Pulse experiments,pioreactor01,2026-08-15T04:09:41.984Z,-0.028712045411,2026-08-15 09:54:41.984,1121.800555555556
Pulse experiments,pioreactor01,2026-08-15T04:09:46.982Z,-0.029052360393,2026-08-15 09:54:46.982,1121.801944444444
Pulse experiments,pioreactor01,2026-08-15T04:09:51.982Z,-0.028902592331,2026-08-15 09:54:51.982,1121.803333333333
Pulse experiments,pioreactor01,2026-08-15T04:09:56.980Z,-0.028703063309,2026-08-15 09:54:56.980,1121.804722222222
Pulse experiments,pioreactor01,2026-08-15T04:10:06.983Z,-0.028677438294,2026-08-15 09:55:06.983,1121.8075
Pulse experiments,pioreactor01,2026-08-15T04:10:11.980Z,-0.028617206653,2026-08-15 09:55:11.980,1121.808888888889
Pulse experiments,pioreactor01,2026-08-15T04:10:16.982Z,-0.028907950549,2026-08-15 09:55:16.982,1121.810277777778
Pulse experiments,pioreactor01,2026-08-15T04:10:21.982Z,-0.029161409595,2026-08-15 09:55:21.982,1121.811666666667
Pulse experiments,pioreactor01,2026-08-15T04:10:26.982Z,-0.029269460298,2026-08-15 09:55:26.982,1121.813055555556
Pulse experiments,pioreactor01,2026-08-15T04:10:31.984Z,-0.029116705617,2026-08-15 09:55:31.984,1121.814444444444
Pulse experiments,pioreactor01,2026-08-15T04:10:36.985Z,-0.029084379701,2026-08-15 09:55:36.985,1121.815833333333
Pulse experiments,pioreactor01,2026-08-15T04:10:41.981Z,-0.0291445133,2026-08-15 09:55:41.981,1121.817222222222
Pulse experiments,pioreactor01,2026-08-15T04:10:46.981Z,-0.029328243193,2026-08-15 09:55:46.981,1121.818611111111
Pulse experiments,pioreactor01,2026-08-15T04:10:51.981Z,-0.029374423723,2026-08-15 09:55:51.981,1121.82
Pulse experiments,pioreactor01,2026-08-15T04:10:56.983Z,-0.029408630232,2026-08-15 09:55:56.983,1121.821388888889
Pulse experiments,pioreactor01,2026-08-15T04:11:01.983Z,-0.029717200282,2026-08-15 09:56:01.983,1121.822777777778
Pulse experiments,pioreactor01,2026-08-15T04:11:06.982Z,-0.029806975381,2026-08-15 09:56:06.982,1121.824166666667
Pulse experiments,pioreactor01,2026-08-15T04:11:11.982Z,-0.029770271369,2026-08-15 09:56:11.982,1121.825555555556
Pulse experiments,pioreactor01,2026-08-15T04:11:16.982Z,-0.030049316817,2026-08-15 09:56:16.982,1121.826944444445
Pulse experiments,pioreactor01,2026-08-15T04:11:21.982Z,-0.029869327953,2026-08-15 09:56:21.982,1121.828333333333
Pulse experiments,pioreactor01,2026-08-15T04:11:26.983Z,-0.02958931277,2026-08-15 09:56:26.983,1121.829722222222
Pulse experiments,pioreactor01,2026-08-15T04:11:31.982Z,-0.029596552374,2026-08-15 09:56:31.982,1121.831111111111
Pulse experiments,pioreactor01,2026-08-15T04:11:36.984Z,-0.029554928139,2026-08-15 09:56:36.984,1121.8325
Pulse experiments,pioreactor01,2026-08-15T04:11:41.982Z,-0.029810861406,2026-08-15 09:56:41.982,1121.833888888889
Pulse experiments,pioreactor01,2026-08-15T04:11:46.982Z,-0.029801867775,2026-08-15 09:56:46.982,1121.835277777778
Pulse experiments,pioreactor01,2026-08-15T04:11:51.983Z,-0.029750656551,2026-08-15 09:56:51.983,1121.836666666667
Pulse experiments,pioreactor01,2026-08-15T04:12:01.984Z,-0.029938498096,2026-08-15 09:57:01.984,1121.839444444445
Pulse experiments,pioreactor01,2026-08-15T04:12:06.983Z,-0.030058937519,2026-08-15 09:57:06.983,1121.840833333333
Pulse experiments,pioreactor01,2026-08-15T04:12:11.981Z,-0.03023099667,2026-08-15 09:57:11.981,1121.842222222222
Pulse experiments,pioreactor01,2026-08-15T04:12:16.983Z,-0.03030656359,2026-08-15 09:57:16.983,1121.843611111111
Pulse experiments,pioreactor01,2026-08-15T04:12:21.984Z,-0.03029163999,2026-08-15 09:57:21.984,1121.845
Pulse experiments,pioreactor01,2026-08-15T04:12:26.982Z,-0.030308249028,2026-08-15 09:57:26.982,1121.846388888889
Pulse experiments,pioreactor01,2026-08-15T04:12:31.983Z,-0.030282200834,2026-08-15 09:57:31.983,1121.847777777778
Pulse experiments,pioreactor01,2026-08-15T04:12:36.982Z,-0.030239122964,2026-08-15 09:57:36.982,1121.849166666667
Pulse experiments,pioreactor01,2026-08-15T04:12:41.981Z,-0.030180016111,2026-08-15 09:57:41.981,1121.850555555556
Pulse experiments,pioreactor01,2026-08-15T04:12:46.985Z,-0.030210344821,2026-08-15 09:57:46.985,1121.851944444444
Pulse experiments,pioreactor01,2026-08-15T04:12:51.983Z,-0.03043386387,2026-08-15 09:57:51.983,1121.853333333333
Pulse experiments,pioreactor01,2026-08-15T04:12:56.982Z,-0.030638598672,2026-08-15 09:57:56.982,1121.854722222222
Pulse experiments,pioreactor01,2026-08-15T04:13:01.982Z,-0.030543691088,2026-08-15 09:58:01.982,1121.856111111111
Pulse experiments,pioreactor01,2026-08-15T04:13:06.983Z,-0.030382298364,2026-08-15 09:58:06.983,1121.8575
Pulse experiments,pioreactor01,2026-08-15T04:13:11.982Z,-0.030204840245,2026-08-15 09:58:11.982,1121.858888888889
Pulse experiments,pioreactor01,2026-08-15T04:13:16.981Z,-0.030287761445,2026-08-15 09:58:16.981,1121.860277777778
Pulse experiments,pioreactor01,2026-08-15T04:13:21.981Z,-0.030284860386,2026-08-15 09:58:21.981,1121.861666666667
Pulse experiments,pioreactor01,2026-08-15T04:13:26.981Z,-0.030167376366,2026-08-15 09:58:26.981,1121.863055555556
Pulse experiments,pioreactor01,2026-08-15T04:13:31.981Z,-0.029874599563,2026-08-15 09:58:31.981,1121.864444444444
Pulse experiments,pioreactor01,2026-08-15T04:13:41.981Z,-0.029661572773,2026-08-15 09:58:41.981,1121.867222222222
Pulse experiments,pioreactor01,2026-08-15T04:13:46.981Z,-0.029767945738,2026-08-15 09:58:46.981,1121.868611111111
Pulse experiments,pioreactor01,2026-08-15T04:13:51.982Z,-0.029576541724,2026-08-15 09:58:51.982,1121.87
Pulse experiments,pioreactor01,2026-08-15T04:13:56.982Z,-0.029606496766,2026-08-15 09:58:56.982,1121.871388888889
Pulse experiments,pioreactor01,2026-08-15T04:14:01.984Z,-0.029725228603,2026-08-15 09:59:01.984,1121.872777777778
Pulse experiments,pioreactor01,2026-08-15T04:14:06.981Z,-0.029991168091,2026-08-15 09:59:06.981,1121.874166666667
Pulse experiments,pioreactor01,2026-08-15T04:14:11.981Z,-0.030044148805,2026-08-15 09:59:11.981,1121.875555555556
Pulse experiments,pioreactor01,2026-08-15T04:14:16.980Z,-0.030114649494,2026-08-15 09:59:16.980,1121.876944444444
Pulse experiments,pioreactor01,2026-08-15T04:14:21.981Z,-0.03003439185,2026-08-15 09:59:21.981,1121.878333333333
Pulse experiments,pioreactor01,2026-08-15T04:14:26.984Z,-0.030269789395,2026-08-15 09:59:26.984,1121.879722222222
Pulse experiments,pioreactor01,2026-08-15T04:14:31.982Z,-0.030411239323,2026-08-15 09:59:31.982,1121.881111111111
Pulse experiments,pioreactor01,2026-08-15T04:14:36.981Z,-0.030455426158,2026-08-15 09:59:36.981,1121.8825
Pulse experiments,pioreactor01,2026-08-15T04:14:41.982Z,-0.03044994083,2026-08-15 09:59:41.982,1121.883888888889
Pulse experiments,pioreactor01,2026-08-15T04:14:46.983Z,-0.030494626814,2026-08-15 09:59:46.983,1121.885277777778
Pulse experiments,pioreactor01,2026-08-15T04:14:51.983Z,-0.030319164682,2026-08-15 09:59:51.983,1121.886666666667
Pulse experiments,pioreactor01,2026-08-15T04:14:56.983Z,-0.030229323805,2026-08-15 09:59:56.983,1121.888055555556
Pulse experiments,pioreactor01,2026-08-15T04:15:01.981Z,-0.030067750296,2026-08-15 10:00:01.981,1121.889444444445
Pulse experiments,pioreactor01,2026-08-15T04:15:06.982Z,-0.030027357217,2026-08-15 10:00:06.982,1121.890833333333
Pulse experiments,pioreactor01,2026-08-15T04:15:11.982Z,-0.030068641116,2026-08-15 10:00:11.982,1121.892222222222
Pulse experiments,pioreactor01,2026-08-15T04:15:16.982Z,-0.029989304742,2026-08-15 10:00:16.982,1121.893611111111
Pulse experiments,pioreactor01,2026-08-15T04:15:21.981Z,-0.029929581424,2026-08-15 10:00:21.981,1121.895
Pulse experiments,pioreactor01,2026-08-15T04:15:26.982Z,-0.029939984191,2026-08-15 10:00:26.982,1121.896388888889
Pulse experiments,pioreactor01,2026-08-15T04:15:31.982Z,-0.030054590063,2026-08-15 10:00:31.982,1121.897777777778
Pulse experiments,pioreactor01,2026-08-15T04:15:36.982Z,-0.030399201327,2026-08-15 10:00:36.982,1121.899166666667
Pulse experiments,pioreactor01,2026-08-15T04:15:41.981Z,-0.030478080357,2026-08-15 10:00:41.981,1121.900555555555
Pulse experiments,pioreactor01,2026-08-15T04:15:46.982Z,-0.03038693212,2026-08-15 10:00:46.982,1121.901944444445
Pulse experiments,pioreactor01,2026-08-15T04:15:51.983Z,-0.030255902614,2026-08-15 10:00:51.983,1121.903333333333
Pulse experiments,pioreactor01,2026-08-15T04:15:56.983Z,-0.029988322126,2026-08-15 10:00:56.983,1121.904722222222
Pulse experiments,pioreactor01,2026-08-15T04:16:01.981Z,-0.030043731516,2026-08-15 10:01:01.981,1121.906111111111
Pulse experiments,pioreactor01,2026-08-15T04:16:06.983Z,-0.030224085779,2026-08-15 10:01:06.983,1121.9075
Pulse experiments,pioreactor01,2026-08-15T04:16:11.982Z,-0.030326777185,2026-08-15 10:01:11.982,1121.908888888889
Pulse experiments,pioreactor01,2026-08-15T04:16:16.981Z,-0.030434586262,2026-08-15 10:01:16.981,1121.910277777778
Pulse experiments,pioreactor01,2026-08-15T04:16:21.984Z,-0.030529796763,2026-08-15 10:01:21.984,1121.911666666667
Pulse experiments,pioreactor01,2026-08-15T04:16:26.982Z,-0.030508492839,2026-08-15 10:01:26.982,1121.913055555556
Pulse experiments,pioreactor01,2026-08-15T04:16:31.983Z,-0.030527726083,2026-08-15 10:01:31.983,1121.914444444444
Pulse experiments,pioreactor01,2026-08-15T04:16:36.982Z,-0.030532118289,2026-08-15 10:01:36.982,1121.915833333333
Pulse experiments,pioreactor01,2026-08-15T04:16:41.983Z,-0.030604029428,2026-08-15 10:01:41.983,1121.917222222222
Pulse experiments,pioreactor01,2026-08-15T04:16:46.982Z,-0.030677722393,2026-08-15 10:01:46.982,1121.918611111111
Pulse experiments,pioreactor01,2026-08-15T04:16:51.983Z,-0.030710980982,2026-08-15 10:01:51.983,1121.92
Pulse experiments,pioreactor01,2026-08-15T04:16:56.984Z,-0.030854613912,2026-08-15 10:01:56.984,1121.921388888889
Pulse experiments,pioreactor01,2026-08-15T04:17:06.984Z,-0.031109487474,2026-08-15 10:02:06.984,1121.924166666667
Pulse experiments,pioreactor01,2026-08-15T04:17:11.982Z,-0.031151559723,2026-08-15 10:02:11.982,1121.925555555556
Pulse experiments,pioreactor01,2026-08-15T04:17:16.982Z,-0.031078871921,2026-08-15 10:02:16.982,1121.926944444444
Pulse experiments,pioreactor01,2026-08-15T04:17:21.982Z,-0.030908265612,2026-08-15 10:02:21.982,1121.928333333333
Pulse experiments,pioreactor01,2026-08-15T04:17:26.982Z,-0.031049606922,2026-08-15 10:02:26.982,1121.929722222222
Pulse experiments,pioreactor01,2026-08-15T04:17:31.983Z,-0.03106412128,2026-08-15 10:02:31.983,1121.931111111111
Pulse experiments,pioreactor01,2026-08-15T04:17:36.981Z,-0.031068042,2026-08-15 10:02:36.981,1121.9325
Pulse experiments,pioreactor01,2026-08-15T04:17:41.983Z,-0.031074697827,2026-08-15 10:02:41.983,1121.933888888889
Pulse experiments,pioreactor01,2026-08-15T04:17:46.984Z,-0.03106181688,2026-08-15 10:02:46.984,1121.935277777778
Pulse experiments,pioreactor01,2026-08-15T04:17:51.980Z,-0.030938578082,2026-08-15 10:02:51.980,1121.936666666667
Pulse experiments,pioreactor01,2026-08-15T04:17:56.981Z,-0.030918095258,2026-08-15 10:02:56.981,1121.938055555556
Pulse experiments,pioreactor01,2026-08-15T04:18:01.983Z,-0.030806196285,2026-08-15 10:03:01.983,1121.939444444444
Pulse experiments,pioreactor01,2026-08-15T04:18:06.982Z,-0.030746807963,2026-08-15 10:03:06.982,1121.940833333333
Pulse experiments,pioreactor01,2026-08-15T04:18:11.981Z,-0.030669721521,2026-08-15 10:03:11.981,1121.942222222222
Pulse experiments,pioreactor01,2026-08-15T04:18:16.984Z,-0.030567042883,2026-08-15 10:03:16.984,1121.943611111111
Pulse experiments,pioreactor01,2026-08-15T04:18:21.981Z,-0.030522025228,2026-08-15 10:03:21.981,1121.945
Pulse experiments,pioreactor01,2026-08-15T04:18:26.982Z,-0.030457666457,2026-08-15 10:03:26.982,1121.946388888889
Pulse experiments,pioreactor01,2026-08-15T04:18:31.982Z,-0.030463202851,2026-08-15 10:03:31.982,1121.947777777778
Pulse experiments,pioreactor01,2026-08-15T04:18:36.984Z,-0.030489137974,2026-08-15 10:03:36.984,1121.949166666667
Pulse experiments,pioreactor01,2026-08-15T04:18:41.984Z,-0.030743567399,2026-08-15 10:03:41.984,1121.950555555556
Pulse experiments,pioreactor01,2026-08-15T04:18:46.983Z,-0.031071551685,2026-08-15 10:03:46.983,1121.951944444445
Pulse experiments,pioreactor01,2026-08-15T04:18:51.984Z,-0.0311123973,2026-08-15 10:03:51.984,1121.953333333333
Pulse experiments,pioreactor01,2026-08-15T04:18:56.982Z,-0.031346442998,2026-08-15 10:03:56.982,1121.954722222222
Pulse experiments,pioreactor01,2026-08-15T04:19:01.983Z,-0.031457376283,2026-08-15 10:04:01.983,1121.956111111111
Pulse experiments,pioreactor01,2026-08-15T04:19:06.981Z,-0.031563086393,2026-08-15 10:04:06.981,1121.9575
Pulse experiments,pioreactor01,2026-08-15T04:19:16.982Z,-0.031570634702,2026-08-15 10:04:16.982,1121.960277777778
Pulse experiments,pioreactor01,2026-08-15T04:19:21.983Z,-0.031642080738,2026-08-15 10:04:21.983,1121.961666666667
Pulse experiments,pioreactor01,2026-08-15T04:19:26.983Z,-0.031534957849,2026-08-15 10:04:26.983,1121.963055555555
Pulse experiments,pioreactor01,2026-08-15T04:19:36.983Z,-0.031484894722,2026-08-15 10:04:36.983,1121.965833333333
Pulse experiments,pioreactor01,2026-08-15T04:19:41.983Z,-0.031379653073,2026-08-15 10:04:41.983,1121.967222222222
Pulse experiments,pioreactor01,2026-08-15T04:19:46.981Z,-0.031268085281,2026-08-15 10:04:46.981,1121.968611111111
Pulse experiments,pioreactor01,2026-08-15T04:19:51.984Z,-0.031257491954,2026-08-15 10:04:51.984,1121.97
Pulse experiments,pioreactor01,2026-08-15T04:19:56.981Z,-0.031258209435,2026-08-15 10:04:56.981,1121.971388888889
Pulse experiments,pioreactor01,2026-08-15T04:20:01.982Z,-0.031388998646,2026-08-15 10:05:01.982,1121.972777777778
Pulse experiments,pioreactor01,2026-08-15T04:20:06.982Z,-0.031382015012,2026-08-15 10:05:06.982,1121.974166666667
Pulse experiments,pioreactor01,2026-08-15T04:20:11.983Z,-0.031190390891,2026-08-15 10:05:11.983,1121.975555555556
Pulse experiments,pioreactor01,2026-08-15T04:20:16.984Z,-0.031212153273,2026-08-15 10:05:16.984,1121.976944444444
Pulse experiments,pioreactor01,2026-08-15T04:20:21.983Z,-0.031362002774,2026-08-15 10:05:21.983,1121.978333333333
Pulse experiments,pioreactor01,2026-08-15T04:20:26.984Z,-0.031409873168,2026-08-15 10:05:26.984,1121.979722222222
Pulse experiments,pioreactor01,2026-08-15T04:20:31.982Z,-0.031504399802,2026-08-15 10:05:31.982,1121.981111111111
Pulse experiments,pioreactor01,2026-08-15T04:20:36.984Z,-0.031444819833,2026-08-15 10:05:36.984,1121.9825
Pulse experiments,pioreactor01,2026-08-15T04:20:41.984Z,-0.031519111474,2026-08-15 10:05:41.984,1121.983888888889
Pulse experiments,pioreactor01,2026-08-15T04:20:46.984Z,-0.031646622445,2026-08-15 10:05:46.984,1121.985277777778
Pulse experiments,pioreactor01,2026-08-15T04:20:51.981Z,-0.031724833484,2026-08-15 10:05:51.981,1121.986666666667
Pulse experiments,pioreactor01,2026-08-15T04:20:56.981Z,-0.031655258376,2026-08-15 10:05:56.981,1121.988055555556
Pulse experiments,pioreactor01,2026-08-15T04:21:01.982Z,-0.031591570194,2026-08-15 10:06:01.982,1121.989444444444
Pulse experiments,pioreactor01,2026-08-15T04:21:06.982Z,-0.031720929753,2026-08-15 10:06:06.982,1121.990833333333
Pulse experiments,pioreactor01,2026-08-15T04:21:11.981Z,-0.031729650934,2026-08-15 10:06:11.981,1121.992222222222
Pulse experiments,pioreactor01,2026-08-15T04:21:16.982Z,-0.031893882611,2026-08-15 10:06:16.982,1121.993611111111
Pulse experiments,pioreactor01,2026-08-15T04:21:21.981Z,-0.031990457566,2026-08-15 10:06:21.981,1121.995
Pulse experiments,pioreactor01,2026-08-15T04:21:26.983Z,-0.031948481258,2026-08-15 10:06:26.983,1121.996388888889
Pulse experiments,pioreactor01,2026-08-15T04:21:31.981Z,-0.032044608,2026-08-15 10:06:31.981,1121.997777777778
Pulse experiments,pioreactor01,2026-08-15T04:21:36.981Z,-0.032269705629,2026-08-15 10:06:36.981,1121.999166666667
Pulse experiments,pioreactor01,2026-08-15T04:21:41.983Z,-0.032300736735,2026-08-15 10:06:41.983,1122.000555555556
Pulse experiments,pioreactor01,2026-08-15T04:21:46.982Z,-0.032349723843,2026-08-15 10:06:46.982,1122.001944444444
Pulse experiments,pioreactor01,2026-08-15T04:21:51.982Z,-0.032457514422,2026-08-15 10:06:51.982,1122.003333333333
Pulse experiments,pioreactor01,2026-08-15T04:22:01.983Z,-0.032415106022,2026-08-15 10:07:01.983,1122.006111111111
Pulse experiments,pioreactor01,2026-08-15T04:22:06.981Z,-0.032448571661,2026-08-15 10:07:06.981,1122.0075
Pulse experiments,pioreactor01,2026-08-15T04:22:11.983Z,-0.032514332264,2026-08-15 10:07:11.983,1122.008888888889
Pulse experiments,pioreactor01,2026-08-15T04:22:16.981Z,-0.032519705316,2026-08-15 10:07:16.981,1122.010277777778
Pulse experiments,pioreactor01,2026-08-15T04:22:21.982Z,-0.032523646535,2026-08-15 10:07:21.982,1122.011666666667
Pulse experiments,pioreactor01,2026-08-15T04:22:26.982Z,-0.032583435776,2026-08-15 10:07:26.982,1122.013055555556
Pulse experiments,pioreactor01,2026-08-15T04:22:31.982Z,-0.032595695549,2026-08-15 10:07:31.982,1122.014444444445
Pulse experiments,pioreactor01,2026-08-15T04:22:36.984Z,-0.032538181568,2026-08-15 10:07:36.984,1122.015833333333
Pulse experiments,pioreactor01,2026-08-15T04:22:41.982Z,-0.032434685354,2026-08-15 10:07:41.982,1122.017222222222
Pulse experiments,pioreactor01,2026-08-15T04:22:46.982Z,-0.032500601694,2026-08-15 10:07:46.982,1122.018611111111
Pulse experiments,pioreactor01,2026-08-15T04:22:51.981Z,-0.032541041718,2026-08-15 10:07:51.981,1122.02
Pulse experiments,pioreactor01,2026-08-15T04:22:56.982Z,-0.032531857119,2026-08-15 10:07:56.982,1122.021388888889
Pulse experiments,pioreactor01,2026-08-15T04:23:01.983Z,-0.03262470696,2026-08-15 10:08:01.983,1122.022777777778
Pulse experiments,pioreactor01,2026-08-15T04:23:06.981Z,-0.03290816003,2026-08-15 10:08:06.981,1122.024166666667
Pulse experiments,pioreactor01,2026-08-15T04:23:11.984Z,-0.033049946781,2026-08-15 10:08:11.984,1122.025555555555
Pulse experiments,pioreactor01,2026-08-15T04:23:16.983Z,-0.033230470958,2026-08-15 10:08:16.983,1122.026944444445
Pulse experiments,pioreactor01,2026-08-15T04:23:21.981Z,-0.033156531568,2026-08-15 10:08:21.981,1122.028333333333
Pulse experiments,pioreactor01,2026-08-15T04:23:26.981Z,-0.03307872771,2026-08-15 10:08:26.981,1122.029722222222
Pulse experiments,pioreactor01,2026-08-15T04:23:31.983Z,-0.032906679715,2026-08-15 10:08:31.983,1122.031111111111
Pulse experiments,pioreactor01,2026-08-15T04:23:36.982Z,-0.032650234988,2026-08-15 10:08:36.982,1122.0325
Pulse experiments,pioreactor01,2026-08-15T04:23:41.983Z,-0.032607624656,2026-08-15 10:08:41.983,1122.033888888889
Pulse experiments,pioreactor01,2026-08-15T04:23:46.984Z,-0.032612528453,2026-08-15 10:08:46.984,1122.035277777778
Pulse experiments,pioreactor01,2026-08-15T04:23:51.982Z,-0.03263976248,2026-08-15 10:08:51.982,1122.036666666667
Pulse experiments,pioreactor01,2026-08-15T04:23:56.983Z,-0.032450747673,2026-08-15 10:08:56.983,1122.038055555556
Pulse experiments,pioreactor01,2026-08-15T04:24:01.981Z,-0.032305236427,2026-08-15 10:09:01.981,1122.039444444444
Pulse experiments,pioreactor01,2026-08-15T04:24:06.981Z,-0.032152659358,2026-08-15 10:09:06.981,1122.040833333333
Pulse experiments,pioreactor01,2026-08-15T04:24:11.983Z,-0.032078875282,2026-08-15 10:09:11.983,1122.042222222222
Pulse experiments,pioreactor01,2026-08-15T04:24:16.986Z,-0.031872574222,2026-08-15 10:09:16.986,1122.043611111111
Pulse experiments,pioreactor01,2026-08-15T04:24:21.982Z,-0.031860492178,2026-08-15 10:09:21.982,1122.045
Pulse experiments,pioreactor01,2026-08-15T04:24:26.982Z,-0.031908655098,2026-08-15 10:09:26.982,1122.046388888889
Pulse experiments,pioreactor01,2026-08-15T04:24:31.982Z,-0.031867638601,2026-08-15 10:09:31.982,1122.047777777778
Pulse experiments,pioreactor01,2026-08-15T04:24:36.981Z,-0.031588623655,2026-08-15 10:09:36.981,1122.049166666667
Pulse experiments,pioreactor01,2026-08-15T04:24:41.983Z,-0.03141197106,2026-08-15 10:09:41.983,1122.050555555556
Pulse experiments,pioreactor01,2026-08-15T04:24:46.983Z,-0.031340191825,2026-08-15 10:09:46.983,1122.051944444444
Pulse experiments,pioreactor01,2026-08-15T04:24:51.983Z,-0.031354110079,2026-08-15 10:09:51.983,1122.053333333333
Pulse experiments,pioreactor01,2026-08-15T04:24:56.982Z,-0.031398744767,2026-08-15 10:09:56.982,1122.054722222222
Pulse experiments,pioreactor01,2026-08-15T04:25:01.985Z,-0.031424236813,2026-08-15 10:10:01.985,1122.056111111111
Pulse experiments,pioreactor01,2026-08-15T04:25:06.981Z,-0.031478365144,2026-08-15 10:10:06.981,1122.0575
Pulse experiments,pioreactor01,2026-08-15T04:25:11.983Z,-0.031458021121,2026-08-15 10:10:11.983,1122.058888888889
Pulse experiments,pioreactor01,2026-08-15T04:25:21.982Z,-0.031617514104,2026-08-15 10:10:21.982,1122.061666666667
Pulse experiments,pioreactor01,2026-08-15T04:25:26.982Z,-0.031732510313,2026-08-15 10:10:26.982,1122.063055555556
Pulse experiments,pioreactor01,2026-08-15T04:25:31.982Z,-0.031659765188,2026-08-15 10:10:31.982,1122.064444444444
Pulse experiments,pioreactor01,2026-08-15T04:25:36.982Z,-0.0317956143,2026-08-15 10:10:36.982,1122.065833333333
Pulse experiments,pioreactor01,2026-08-15T04:25:41.981Z,-0.031870345458,2026-08-15 10:10:41.981,1122.067222222222
Pulse experiments,pioreactor01,2026-08-15T04:25:46.985Z,-0.031914715201,2026-08-15 10:10:46.985,1122.068611111111
Pulse experiments,pioreactor01,2026-08-15T04:25:51.984Z,-0.031861477193,2026-08-15 10:10:51.984,1122.07
Pulse experiments,pioreactor01,2026-08-15T04:25:56.983Z,-0.031808429291,2026-08-15 10:10:56.983,1122.071388888889
Pulse experiments,pioreactor01,2026-08-15T04:26:01.984Z,-0.031748823182,2026-08-15 10:11:01.984,1122.072777777778
Pulse experiments,pioreactor01,2026-08-15T04:26:06.984Z,-0.031699431223,2026-08-15 10:11:06.984,1122.074166666667
Pulse experiments,pioreactor01,2026-08-15T04:26:11.981Z,-0.031738943786,2026-08-15 10:11:11.981,1122.075555555556
Pulse experiments,pioreactor01,2026-08-15T04:26:16.983Z,-0.031643243792,2026-08-15 10:11:16.983,1122.076944444445
Pulse experiments,pioreactor01,2026-08-15T04:26:21.982Z,-0.031518062589,2026-08-15 10:11:21.982,1122.078333333333
Pulse experiments,pioreactor01,2026-08-15T04:26:31.983Z,-0.031598539852,2026-08-15 10:11:31.983,1122.081111111111
Pulse experiments,pioreactor01,2026-08-15T04:26:36.984Z,-0.03167230027,2026-08-15 10:11:36.984,1122.0825
Pulse experiments,pioreactor01,2026-08-15T04:26:41.982Z,-0.03167546151,2026-08-15 10:11:41.982,1122.083888888889
Pulse experiments,pioreactor01,2026-08-15T04:26:46.981Z,-0.031733214203,2026-08-15 10:11:46.981,1122.085277777778
Pulse experiments,pioreactor01,2026-08-15T04:26:51.981Z,-0.031683034336,2026-08-15 10:11:51.981,1122.086666666667
Pulse experiments,pioreactor01,2026-08-15T04:26:56.983Z,-0.031653377548,2026-08-15 10:11:56.983,1122.088055555555
Pulse experiments,pioreactor01,2026-08-15T04:27:01.984Z,-0.031652943133,2026-08-15 10:12:01.984,1122.089444444445
Pulse experiments,pioreactor01,2026-08-15T04:27:06.983Z,-0.031657015325,2026-08-15 10:12:06.983,1122.090833333333
Pulse experiments,pioreactor01,2026-08-15T04:27:11.981Z,-0.031722239012,2026-08-15 10:12:11.981,1122.092222222222
Pulse experiments,pioreactor01,2026-08-15T04:27:16.983Z,-0.031779871618,2026-08-15 10:12:16.983,1122.093611111111
Pulse experiments,pioreactor01,2026-08-15T04:27:21.982Z,-0.031747465575,2026-08-15 10:12:21.982,1122.095
Pulse experiments,pioreactor01,2026-08-15T04:27:26.981Z,-0.031686339199,2026-08-15 10:12:26.981,1122.096388888889
Pulse experiments,pioreactor01,2026-08-15T04:27:31.981Z,-0.031621531996,2026-08-15 10:12:31.981,1122.097777777778
Pulse experiments,pioreactor01,2026-08-15T04:27:41.981Z,-0.031610020281,2026-08-15 10:12:41.981,1122.100555555556
Pulse experiments,pioreactor01,2026-08-15T04:27:46.981Z,-0.031347843524,2026-08-15 10:12:46.981,1122.101944444444
Pulse experiments,pioreactor01,2026-08-15T04:27:51.981Z,-0.031189426156,2026-08-15 10:12:51.981,1122.103333333333
Pulse experiments,pioreactor01,2026-08-15T04:27:56.984Z,-0.030923354217,2026-08-15 10:12:56.984,1122.104722222222
Pulse experiments,pioreactor01,2026-08-15T04:28:01.981Z,-0.030714688518,2026-08-15 10:13:01.981,1122.106111111111
Pulse experiments,pioreactor01,2026-08-15T04:28:06.981Z,-0.030532443495,2026-08-15 10:13:06.981,1122.1075
Pulse experiments,pioreactor01,2026-08-15T04:28:11.983Z,-0.030414418088,2026-08-15 10:13:11.983,1122.108888888889
Pulse experiments,pioreactor01,2026-08-15T04:28:16.984Z,-0.030253637553,2026-08-15 10:13:16.984,1122.110277777778
Pulse experiments,pioreactor01,2026-08-15T04:28:21.982Z,-0.030139563665,2026-08-15 10:13:21.982,1122.111666666667
Pulse experiments,pioreactor01,2026-08-15T04:28:26.982Z,-0.030165792784,2026-08-15 10:13:26.982,1122.113055555556
Pulse experiments,pioreactor01,2026-08-15T04:28:36.982Z,-0.030164178564,2026-08-15 10:13:36.982,1122.115833333333
Pulse experiments,pioreactor01,2026-08-15T04:28:41.982Z,-0.030075862638,2026-08-15 10:13:41.982,1122.117222222222
Pulse experiments,pioreactor01,2026-08-15T04:28:46.981Z,-0.030181969801,2026-08-15 10:13:46.981,1122.118611111111
Pulse experiments,pioreactor01,2026-08-15T04:28:51.982Z,-0.030230899767,2026-08-15 10:13:51.982,1122.12
Pulse experiments,pioreactor01,2026-08-15T04:29:01.981Z,-0.030354398444,2026-08-15 10:14:01.981,1122.122777777778
Pulse experiments,pioreactor01,2026-08-15T04:29:06.982Z,-0.030407540737,2026-08-15 10:14:06.982,1122.124166666667
Pulse experiments,pioreactor01,2026-08-15T04:29:11.984Z,-0.030627155597,2026-08-15 10:14:11.984,1122.125555555556
Pulse experiments,pioreactor01,2026-08-15T04:29:16.982Z,-0.030801250418,2026-08-15 10:14:16.982,1122.126944444444
Pulse experiments,pioreactor01,2026-08-15T04:29:21.981Z,-0.030838337998,2026-08-15 10:14:21.981,1122.128333333333
Pulse experiments,pioreactor01,2026-08-15T04:29:26.981Z,-0.030895811781,2026-08-15 10:14:26.981,1122.129722222222
Pulse experiments,pioreactor01,2026-08-15T04:29:31.983Z,-0.030902154692,2026-08-15 10:14:31.983,1122.131111111111
Pulse experiments,pioreactor01,2026-08-15T04:29:36.981Z,-0.030911721666,2026-08-15 10:14:36.981,1122.1325
Pulse experiments,pioreactor01,2026-08-15T04:29:41.982Z,-0.030873550266,2026-08-15 10:14:41.982,1122.133888888889
Pulse experiments,pioreactor01,2026-08-15T04:29:46.981Z,-0.030834955022,2026-08-15 10:14:46.981,1122.135277777778
Pulse experiments,pioreactor01,2026-08-15T04:29:51.981Z,-0.030812290066,2026-08-15 10:14:51.981,1122.136666666667
Pulse experiments,pioreactor01,2026-08-15T04:29:56.982Z,-0.030763689822,2026-08-15 10:14:56.982,1122.138055555556
Pulse experiments,pioreactor01,2026-08-15T04:30:01.984Z,-0.030662375544,2026-08-15 10:15:01.984,1122.139444444445
Pulse experiments,pioreactor01,2026-08-15T04:30:06.982Z,-0.030512638896,2026-08-15 10:15:06.982,1122.140833333333
Pulse experiments,pioreactor01,2026-08-15T04:30:16.987Z,-0.030518384841,2026-08-15 10:15:16.987,1122.143611111111
Pulse experiments,pioreactor01,2026-08-15T04:30:21.982Z,-0.030586183883,2026-08-15 10:15:21.982,1122.145
Pulse experiments,pioreactor01,2026-08-15T04:30:26.981Z,-0.030457574856,2026-08-15 10:15:26.981,1122.146388888889
Pulse experiments,pioreactor01,2026-08-15T04:30:31.982Z,-0.030452026629,2026-08-15 10:15:31.982,1122.147777777778
Pulse experiments,pioreactor01,2026-08-15T04:30:36.983Z,-0.030446976097,2026-08-15 10:15:36.983,1122.149166666667
Pulse experiments,pioreactor01,2026-08-15T04:30:41.982Z,-0.030353226959,2026-08-15 10:15:41.982,1122.150555555555
Pulse experiments,pioreactor01,2026-08-15T04:30:46.981Z,-0.030368729408,2026-08-15 10:15:46.981,1122.151944444445
Pulse experiments,pioreactor01,2026-08-15T04:30:51.982Z,-0.030356960359,2026-08-15 10:15:51.982,1122.153333333333
Pulse experiments,pioreactor01,2026-08-15T04:30:56.982Z,-0.030378665543,2026-08-15 10:15:56.982,1122.154722222222
Pulse experiments,pioreactor01,2026-08-15T04:31:01.982Z,-0.030326725849,2026-08-15 10:16:01.982,1122.156111111111
Pulse experiments,pioreactor01,2026-08-15T04:31:06.984Z,-0.030302923355,2026-08-15 10:16:06.984,1122.1575
Pulse experiments,pioreactor01,2026-08-15T04:31:11.982Z,-0.030154284688,2026-08-15 10:16:11.982,1122.158888888889
Pulse experiments,pioreactor01,2026-08-15T04:31:16.981Z,-0.029997504246,2026-08-15 10:16:16.981,1122.160277777778
Pulse experiments,pioreactor01,2026-08-15T04:31:21.981Z,-0.029969361174,2026-08-15 10:16:21.981,1122.161666666667
Pulse experiments,pioreactor01,2026-08-15T04:31:26.981Z,-0.030051544089,2026-08-15 10:16:26.981,1122.163055555556
Pulse experiments,pioreactor01,2026-08-15T04:31:31.981Z,-0.03012234296,2026-08-15 10:16:31.981,1122.164444444444
Pulse experiments,pioreactor01,2026-08-15T04:31:36.983Z,-0.030056905422,2026-08-15 10:16:36.983,1122.165833333333
Pulse experiments,pioreactor01,2026-08-15T04:31:41.983Z,-0.029963611872,2026-08-15 10:16:41.983,1122.167222222222
Pulse experiments,pioreactor01,2026-08-15T04:31:46.982Z,-0.029749237009,2026-08-15 10:16:46.982,1122.168611111111
Pulse experiments,pioreactor01,2026-08-15T04:31:51.982Z,-0.02975325175,2026-08-15 10:16:51.982,1122.17
Pulse experiments,pioreactor01,2026-08-15T04:31:56.981Z,-0.029736108241,2026-08-15 10:16:56.981,1122.171388888889
Pulse experiments,pioreactor01,2026-08-15T04:32:01.986Z,-0.029800249128,2026-08-15 10:17:01.986,1122.172777777778
Pulse experiments,pioreactor01,2026-08-15T04:32:06.981Z,-0.029737147273,2026-08-15 10:17:06.981,1122.174166666667
Pulse experiments,pioreactor01,2026-08-15T04:32:11.983Z,-0.029686828548,2026-08-15 10:17:11.983,1122.175555555556
Pulse experiments,pioreactor01,2026-08-15T04:32:16.985Z,-0.029596430375,2026-08-15 10:17:16.985,1122.176944444444
Pulse experiments,pioreactor01,2026-08-15T04:32:21.981Z,-0.029577692418,2026-08-15 10:17:21.981,1122.178333333333
Pulse experiments,pioreactor01,2026-08-15T04:32:26.983Z,-0.029447044009,2026-08-15 10:17:26.983,1122.179722222222
Pulse experiments,pioreactor01,2026-08-15T04:32:31.983Z,-0.029371214858,2026-08-15 10:17:31.983,1122.181111111111
Pulse experiments,pioreactor01,2026-08-15T04:32:36.981Z,-0.029496389156,2026-08-15 10:17:36.981,1122.1825
Pulse experiments,pioreactor01,2026-08-15T04:32:41.984Z,-0.029521998962,2026-08-15 10:17:41.984,1122.183888888889
Pulse experiments,pioreactor01,2026-08-15T04:32:46.982Z,-0.029610894057,2026-08-15 10:17:46.982,1122.185277777778
Pulse experiments,pioreactor01,2026-08-15T04:32:51.981Z,-0.029596217147,2026-08-15 10:17:51.981,1122.186666666667
Pulse experiments,pioreactor01,2026-08-15T04:32:56.984Z,-0.029579221243,2026-08-15 10:17:56.984,1122.188055555556
Pulse experiments,pioreactor01,2026-08-15T04:33:01.982Z,-0.029540370784,2026-08-15 10:18:01.982,1122.189444444444
Pulse experiments,pioreactor01,2026-08-15T04:33:06.985Z,-0.029616215788,2026-08-15 10:18:06.985,1122.190833333333
Pulse experiments,pioreactor01,2026-08-15T04:33:11.981Z,-0.029685984486,2026-08-15 10:18:11.981,1122.192222222222
Pulse experiments,pioreactor01,2026-08-15T04:33:16.981Z,-0.029611914252,2026-08-15 10:18:16.981,1122.193611111111
Pulse experiments,pioreactor01,2026-08-15T04:33:21.982Z,-0.029617861623,2026-08-15 10:18:21.982,1122.195
Pulse experiments,pioreactor01,2026-08-15T04:33:26.981Z,-0.02956176652,2026-08-15 10:18:26.981,1122.196388888889
Pulse experiments,pioreactor01,2026-08-15T04:33:31.983Z,-0.029657352373,2026-08-15 10:18:31.983,1122.197777777778
Pulse experiments,pioreactor01,2026-08-15T04:33:36.981Z,-0.02966529736,2026-08-15 10:18:36.981,1122.199166666667
Pulse experiments,pioreactor01,2026-08-15T04:33:41.982Z,-0.029686559591,2026-08-15 10:18:41.982,1122.200555555556
Pulse experiments,pioreactor01,2026-08-15T04:33:46.982Z,-0.029701654738,2026-08-15 10:18:46.982,1122.201944444445
Pulse experiments,pioreactor01,2026-08-15T04:33:51.983Z,-0.029691544009,2026-08-15 10:18:51.983,1122.203333333333
Pulse experiments,pioreactor01,2026-08-15T04:33:56.981Z,-0.029654615476,2026-08-15 10:18:56.981,1122.204722222222
Pulse experiments,pioreactor01,2026-08-15T04:34:01.981Z,-0.02952612657,2026-08-15 10:19:01.981,1122.206111111111
Pulse experiments,pioreactor01,2026-08-15T04:34:06.982Z,-0.029454722457,2026-08-15 10:19:06.982,1122.2075
Pulse experiments,pioreactor01,2026-08-15T04:34:11.981Z,-0.029317576141,2026-08-15 10:19:11.981,1122.208888888889
Pulse experiments,pioreactor01,2026-08-15T04:34:16.981Z,-0.029235527904,2026-08-15 10:19:16.981,1122.210277777778
Pulse experiments,pioreactor01,2026-08-15T04:34:21.981Z,-0.029264013031,2026-08-15 10:19:21.981,1122.211666666667
Pulse experiments,pioreactor01,2026-08-15T04:34:31.980Z,-0.029248267644,2026-08-15 10:19:31.980,1122.214444444445
Pulse experiments,pioreactor01,2026-08-15T04:34:36.981Z,-0.02913506565,2026-08-15 10:19:36.981,1122.215833333333
Pulse experiments,pioreactor01,2026-08-15T04:34:41.983Z,-0.029024138967,2026-08-15 10:19:41.983,1122.217222222222
Pulse experiments,pioreactor01,2026-08-15T04:34:46.983Z,-0.028811833932,2026-08-15 10:19:46.983,1122.218611111111
Pulse experiments,pioreactor01,2026-08-15T04:34:51.983Z,-0.028592535546,2026-08-15 10:19:51.983,1122.22
Pulse experiments,pioreactor01,2026-08-15T04:34:56.984Z,-0.028480860731,2026-08-15 10:19:56.984,1122.221388888889
Pulse experiments,pioreactor01,2026-08-15T04:35:01.982Z,-0.028396833579,2026-08-15 10:20:01.982,1122.222777777778
Pulse experiments,pioreactor01,2026-08-15T04:35:06.982Z,-0.028381033177,2026-08-15 10:20:06.982,1122.224166666667
Pulse experiments,pioreactor01,2026-08-15T04:35:11.982Z,-0.028398433904,2026-08-15 10:20:11.982,1122.225555555556
Pulse experiments,pioreactor01,2026-08-15T04:35:21.982Z,-0.028369123378,2026-08-15 10:20:21.982,1122.228333333333
Pulse experiments,pioreactor01,2026-08-15T04:35:26.983Z,-0.028431209537,2026-08-15 10:20:26.983,1122.229722222222
Pulse experiments,pioreactor01,2026-08-15T04:35:31.981Z,-0.028405234926,2026-08-15 10:20:31.981,1122.231111111111
Pulse experiments,pioreactor01,2026-08-15T04:35:36.983Z,-0.028331156591,2026-08-15 10:20:36.983,1122.2325
Pulse experiments,pioreactor01,2026-08-15T04:35:41.982Z,-0.028342106869,2026-08-15 10:20:41.982,1122.233888888889
Pulse experiments,pioreactor01,2026-08-15T04:35:46.981Z,-0.02834146848,2026-08-15 10:20:46.981,1122.235277777778
Pulse experiments,pioreactor01,2026-08-15T04:35:51.981Z,-0.028292017461,2026-08-15 10:20:51.981,1122.236666666667
Pulse experiments,pioreactor01,2026-08-15T04:35:56.983Z,-0.028165887296,2026-08-15 10:20:56.983,1122.238055555556
Pulse experiments,pioreactor01,2026-08-15T04:36:01.983Z,-0.028177782919,2026-08-15 10:21:01.983,1122.239444444444
Pulse experiments,pioreactor01,2026-08-15T04:36:06.982Z,-0.028137827404,2026-08-15 10:21:06.982,1122.240833333333
Pulse experiments,pioreactor01,2026-08-15T04:36:11.982Z,-0.028036708385,2026-08-15 10:21:11.982,1122.242222222222
Pulse experiments,pioreactor01,2026-08-15T04:36:16.983Z,-0.027962771145,2026-08-15 10:21:16.983,1122.243611111111
Pulse experiments,pioreactor01,2026-08-15T04:36:21.983Z,-0.02800701508,2026-08-15 10:21:21.983,1122.245
Pulse experiments,pioreactor01,2026-08-15T04:36:26.982Z,-0.028047817573,2026-08-15 10:21:26.982,1122.246388888889
Pulse experiments,pioreactor01,2026-08-15T04:36:31.982Z,-0.028061284972,2026-08-15 10:21:31.982,1122.247777777778
Pulse experiments,pioreactor01,2026-08-15T04:36:36.982Z,-0.028168913226,2026-08-15 10:21:36.982,1122.249166666667
Pulse experiments,pioreactor01,2026-08-15T04:36:41.982Z,-0.028232601664,2026-08-15 10:21:41.982,1122.250555555556
Pulse experiments,pioreactor01,2026-08-15T04:36:46.982Z,-0.028171125464,2026-08-15 10:21:46.982,1122.251944444444
Pulse experiments,pioreactor01,2026-08-15T04:36:51.982Z,-0.028183334509,2026-08-15 10:21:51.982,1122.253333333333
Pulse experiments,pioreactor01,2026-08-15T04:36:56.982Z,-0.028140711706,2026-08-15 10:21:56.982,1122.254722222222
Pulse experiments,pioreactor01,2026-08-15T04:37:01.983Z,-0.028025119449,2026-08-15 10:22:01.983,1122.256111111111
Pulse experiments,pioreactor01,2026-08-15T04:37:06.981Z,-0.028147830158,2026-08-15 10:22:06.981,1122.2575
Pulse experiments,pioreactor01,2026-08-15T04:37:11.982Z,-0.028282595863,2026-08-15 10:22:11.982,1122.258888888889
Pulse experiments,pioreactor01,2026-08-15T04:37:16.982Z,-0.028391857003,2026-08-15 10:22:16.982,1122.260277777778
Pulse experiments,pioreactor01,2026-08-15T04:37:21.982Z,-0.028440490029,2026-08-15 10:22:21.982,1122.261666666667
Pulse experiments,pioreactor01,2026-08-15T04:37:26.982Z,-0.028373032433,2026-08-15 10:22:26.982,1122.263055555556
Pulse experiments,pioreactor01,2026-08-15T04:37:31.981Z,-0.028453621134,2026-08-15 10:22:31.981,1122.264444444445
Pulse experiments,pioreactor01,2026-08-15T04:37:36.983Z,-0.028549635807,2026-08-15 10:22:36.983,1122.265833333333
Pulse experiments,pioreactor01,2026-08-15T04:37:41.981Z,-0.028690912895,2026-08-15 10:22:41.981,1122.267222222222
Pulse experiments,pioreactor01,2026-08-15T04:37:46.982Z,-0.028812074806,2026-08-15 10:22:46.982,1122.268611111111
Pulse experiments,pioreactor01,2026-08-15T04:37:51.982Z,-0.028845954188,2026-08-15 10:22:51.982,1122.27
Pulse experiments,pioreactor01,2026-08-15T04:37:56.983Z,-0.028780693875,2026-08-15 10:22:56.983,1122.271388888889
Pulse experiments,pioreactor01,2026-08-15T04:38:01.982Z,-0.028843624259,2026-08-15 10:23:01.982,1122.272777777778
Pulse experiments,pioreactor01,2026-08-15T04:38:06.981Z,-0.028831083486,2026-08-15 10:23:06.981,1122.274166666667
Pulse experiments,pioreactor01,2026-08-15T04:38:11.983Z,-0.028739306382,2026-08-15 10:23:11.983,1122.275555555555
Pulse experiments,pioreactor01,2026-08-15T04:38:16.982Z,-0.028734247173,2026-08-15 10:23:16.982,1122.276944444445
Pulse experiments,pioreactor01,2026-08-15T04:38:21.981Z,-0.028844776715,2026-08-15 10:23:21.981,1122.278333333333
Pulse experiments,pioreactor01,2026-08-15T04:38:26.984Z,-0.028914939682,2026-08-15 10:23:26.984,1122.279722222222
Pulse experiments,pioreactor01,2026-08-15T04:38:36.981Z,-0.028867591663,2026-08-15 10:23:36.981,1122.2825
Pulse experiments,pioreactor01,2026-08-15T04:38:41.982Z,-0.028809897092,2026-08-15 10:23:41.982,1122.283888888889
Pulse experiments,pioreactor01,2026-08-15T04:38:46.982Z,-0.028735117335,2026-08-15 10:23:46.982,1122.285277777778
Pulse experiments,pioreactor01,2026-08-15T04:38:51.984Z,-0.028661025395,2026-08-15 10:23:51.984,1122.286666666667
Pulse experiments,pioreactor01,2026-08-15T04:38:56.986Z,-0.02862804021,2026-08-15 10:23:56.986,1122.288055555556
Pulse experiments,pioreactor01,2026-08-15T04:39:01.981Z,-0.028579844691,2026-08-15 10:24:01.981,1122.289444444444
Pulse experiments,pioreactor01,2026-08-15T04:39:06.985Z,-0.028559551574,2026-08-15 10:24:06.985,1122.290833333333
Pulse experiments,pioreactor01,2026-08-15T04:39:11.983Z,-0.028568215375,2026-08-15 10:24:11.983,1122.292222222222
Pulse experiments,pioreactor01,2026-08-15T04:39:16.981Z,-0.028494651942,2026-08-15 10:24:16.981,1122.293611111111
Pulse experiments,pioreactor01,2026-08-15T04:39:21.983Z,-0.02848178903,2026-08-15 10:24:21.983,1122.295
Pulse experiments,pioreactor01,2026-08-15T04:39:26.981Z,-0.028460980586,2026-08-15 10:24:26.981,1122.296388888889
Pulse experiments,pioreactor01,2026-08-15T04:39:31.981Z,-0.028442854717,2026-08-15 10:24:31.981,1122.297777777778
Pulse experiments,pioreactor01,2026-08-15T04:39:36.981Z,-0.028442825417,2026-08-15 10:24:36.981,1122.299166666667
Pulse experiments,pioreactor01,2026-08-15T04:39:41.981Z,-0.028495658044,2026-08-15 10:24:41.981,1122.300555555556
Pulse experiments,pioreactor01,2026-08-15T04:39:46.982Z,-0.028559354929,2026-08-15 10:24:46.982,1122.301944444444
Pulse experiments,pioreactor01,2026-08-15T04:39:51.982Z,-0.028593794779,2026-08-15 10:24:51.982,1122.303333333333
Pulse experiments,pioreactor01,2026-08-15T04:39:56.982Z,-0.028565320983,2026-08-15 10:24:56.982,1122.304722222222
Pulse experiments,pioreactor01,2026-08-15T04:40:01.982Z,-0.028516662286,2026-08-15 10:25:01.982,1122.306111111111
Pulse experiments,pioreactor01,2026-08-15T04:40:06.982Z,-0.028392486457,2026-08-15 10:25:06.982,1122.3075
Pulse experiments,pioreactor01,2026-08-15T04:40:11.982Z,-0.028322464383,2026-08-15 10:25:11.982,1122.308888888889
Pulse experiments,pioreactor01,2026-08-15T04:40:16.987Z,-0.028215110162,2026-08-15 10:25:16.987,1122.310277777778
Pulse experiments,pioreactor01,2026-08-15T04:40:21.981Z,-0.028287364737,2026-08-15 10:25:21.981,1122.311666666667
Pulse experiments,pioreactor01,2026-08-15T04:40:26.982Z,-0.028292263364,2026-08-15 10:25:26.982,1122.313055555556
Pulse experiments,pioreactor01,2026-08-15T04:40:31.982Z,-0.028302341412,2026-08-15 10:25:31.982,1122.314444444444
Pulse experiments,pioreactor01,2026-08-15T04:40:36.984Z,-0.02840598559,2026-08-15 10:25:36.984,1122.315833333333
Pulse experiments,pioreactor01,2026-08-15T04:40:41.981Z,-0.028547920058,2026-08-15 10:25:41.981,1122.317222222222
Pulse experiments,pioreactor01,2026-08-15T04:40:46.984Z,-0.028699223053,2026-08-15 10:25:46.984,1122.318611111111
Pulse experiments,pioreactor01,2026-08-15T04:40:51.985Z,-0.028730934507,2026-08-15 10:25:51.985,1122.32
Pulse experiments,pioreactor01,2026-08-15T04:40:56.981Z,-0.028743457911,2026-08-15 10:25:56.981,1122.321388888889
Pulse experiments,pioreactor01,2026-08-15T04:41:01.982Z,-0.028749495302,2026-08-15 10:26:01.982,1122.322777777778
Pulse experiments,pioreactor01,2026-08-15T04:41:06.982Z,-0.028704920604,2026-08-15 10:26:06.982,1122.324166666667
Pulse experiments,pioreactor01,2026-08-15T04:41:11.982Z,-0.028716176169,2026-08-15 10:26:11.982,1122.325555555556
Pulse experiments,pioreactor01,2026-08-15T04:41:21.983Z,-0.028600838386,2026-08-15 10:26:21.983,1122.328333333333
Pulse experiments,pioreactor01,2026-08-15T04:41:26.982Z,-0.028562265982,2026-08-15 10:26:26.982,1122.329722222222
Pulse experiments,pioreactor01,2026-08-15T04:41:31.982Z,-0.028525278642,2026-08-15 10:26:31.982,1122.331111111111
Pulse experiments,pioreactor01,2026-08-15T04:41:36.981Z,-0.028576363717,2026-08-15 10:26:36.981,1122.3325
Pulse experiments,pioreactor01,2026-08-15T04:41:41.984Z,-0.028502535057,2026-08-15 10:26:41.984,1122.333888888889
Pulse experiments,pioreactor01,2026-08-15T04:41:46.982Z,-0.028467641925,2026-08-15 10:26:46.982,1122.335277777778
Pulse experiments,pioreactor01,2026-08-15T04:41:51.982Z,-0.028499240008,2026-08-15 10:26:51.982,1122.336666666667
Pulse experiments,pioreactor01,2026-08-15T04:41:56.983Z,-0.028413273122,2026-08-15 10:26:56.983,1122.338055555555
Pulse experiments,pioreactor01,2026-08-15T04:42:01.982Z,-0.028318017873,2026-08-15 10:27:01.982,1122.339444444445
Pulse experiments,pioreactor01,2026-08-15T04:42:11.987Z,-0.028284666803,2026-08-15 10:27:11.987,1122.342222222222
Pulse experiments,pioreactor01,2026-08-15T04:42:16.983Z,-0.028296669425,2026-08-15 10:27:16.983,1122.343611111111
Pulse experiments,pioreactor01,2026-08-15T04:42:21.982Z,-0.028339880372,2026-08-15 10:27:21.982,1122.345
Pulse experiments,pioreactor01,2026-08-15T04:42:26.983Z,-0.028467811004,2026-08-15 10:27:26.983,1122.346388888889
Pulse experiments,pioreactor01,2026-08-15T04:42:31.982Z,-0.028405571043,2026-08-15 10:27:31.982,1122.347777777778
Pulse experiments,pioreactor01,2026-08-15T04:42:36.984Z,-0.028467077851,2026-08-15 10:27:36.984,1122.349166666667
Pulse experiments,pioreactor01,2026-08-15T04:42:41.983Z,-0.028527505084,2026-08-15 10:27:41.983,1122.350555555556
Pulse experiments,pioreactor01,2026-08-15T04:42:46.983Z,-0.028457851356,2026-08-15 10:27:46.983,1122.351944444444
Pulse experiments,pioreactor01,2026-08-15T04:42:51.983Z,-0.028525271156,2026-08-15 10:27:51.983,1122.353333333333
Pulse experiments,pioreactor01,2026-08-15T04:42:56.982Z,-0.028413925494,2026-08-15 10:27:56.982,1122.354722222222
Pulse experiments,pioreactor01,2026-08-15T04:43:01.982Z,-0.028427176258,2026-08-15 10:28:01.982,1122.356111111111
Pulse experiments,pioreactor01,2026-08-15T04:43:06.983Z,-0.028427781474,2026-08-15 10:28:06.983,1122.3575
Pulse experiments,pioreactor01,2026-08-15T04:43:11.984Z,-0.028374360882,2026-08-15 10:28:11.984,1122.358888888889
Pulse experiments,pioreactor01,2026-08-15T04:43:16.981Z,-0.028282752014,2026-08-15 10:28:16.981,1122.360277777778
Pulse experiments,pioreactor01,2026-08-15T04:43:21.982Z,-0.028256569758,2026-08-15 10:28:21.982,1122.361666666667
Pulse experiments,pioreactor01,2026-08-15T04:43:26.983Z,-0.028285127311,2026-08-15 10:28:26.983,1122.363055555556
Pulse experiments,pioreactor01,2026-08-15T04:43:31.983Z,-0.028242701722,2026-08-15 10:28:31.983,1122.364444444444
Pulse experiments,pioreactor01,2026-08-15T04:43:36.981Z,-0.028047848253,2026-08-15 10:28:36.981,1122.365833333333
Pulse experiments,pioreactor01,2026-08-15T04:43:46.981Z,-0.02797866616,2026-08-15 10:28:46.981,1122.368611111111
Pulse experiments,pioreactor01,2026-08-15T04:43:51.982Z,-0.027853051273,2026-08-15 10:28:51.982,1122.37
Pulse experiments,pioreactor01,2026-08-15T04:43:56.983Z,-0.027677002541,2026-08-15 10:28:56.983,1122.371388888889
Pulse experiments,pioreactor01,2026-08-15T04:44:01.985Z,-0.027611470331,2026-08-15 10:29:01.985,1122.372777777778
Pulse experiments,pioreactor01,2026-08-15T04:44:06.983Z,-0.027500856073,2026-08-15 10:29:06.983,1122.374166666667
Pulse experiments,pioreactor01,2026-08-15T04:44:11.983Z,-0.027418256984,2026-08-15 10:29:11.983,1122.375555555556
Pulse experiments,pioreactor01,2026-08-15T04:44:16.981Z,-0.027335047,2026-08-15 10:29:16.981,1122.376944444444
Pulse experiments,pioreactor01,2026-08-15T04:44:21.984Z,-0.027200302732,2026-08-15 10:29:21.984,1122.378333333333
Pulse experiments,pioreactor01,2026-08-15T04:44:26.981Z,-0.027067865894,2026-08-15 10:29:26.981,1122.379722222222
Pulse experiments,pioreactor01,2026-08-15T04:44:31.983Z,-0.027056985518,2026-08-15 10:29:31.983,1122.381111111111
Pulse experiments,pioreactor01,2026-08-15T04:44:36.985Z,-0.026961525599,2026-08-15 10:29:36.985,1122.3825
Pulse experiments,pioreactor01,2026-08-15T04:44:41.982Z,-0.026833414846,2026-08-15 10:29:41.982,1122.383888888889
Pulse experiments,pioreactor01,2026-08-15T04:44:46.981Z,-0.02680920655,2026-08-15 10:29:46.981,1122.385277777778
Pulse experiments,pioreactor01,2026-08-15T04:44:51.982Z,-0.026771953547,2026-08-15 10:29:51.982,1122.386666666667
Pulse experiments,pioreactor01,2026-08-15T04:44:56.984Z,-0.026769358587,2026-08-15 10:29:56.984,1122.388055555556
Pulse experiments,pioreactor01,2026-08-15T04:45:01.981Z,-0.026844231053,2026-08-15 10:30:01.981,1122.389444444445
Pulse experiments,pioreactor01,2026-08-15T04:45:06.982Z,-0.026792551982,2026-08-15 10:30:06.982,1122.390833333333
Pulse experiments,pioreactor01,2026-08-15T04:45:11.982Z,-0.026832500977,2026-08-15 10:30:11.982,1122.392222222222
Pulse experiments,pioreactor01,2026-08-15T04:45:16.981Z,-0.026708178493,2026-08-15 10:30:16.981,1122.393611111111
Pulse experiments,pioreactor01,2026-08-15T04:45:21.982Z,-0.026590509311,2026-08-15 10:30:21.982,1122.395
Pulse experiments,pioreactor01,2026-08-15T04:45:26.982Z,-0.026547499388,2026-08-15 10:30:26.982,1122.396388888889
Pulse experiments,pioreactor01,2026-08-15T04:45:31.983Z,-0.026486872148,2026-08-15 10:30:31.983,1122.397777777778
Pulse experiments,pioreactor01,2026-08-15T04:45:36.982Z,-0.026366426578,2026-08-15 10:30:36.982,1122.399166666667
Pulse experiments,pioreactor01,2026-08-15T04:45:41.982Z,-0.026375983502,2026-08-15 10:30:41.982,1122.400555555555
Pulse experiments,pioreactor01,2026-08-15T04:45:46.981Z,-0.026472421355,2026-08-15 10:30:46.981,1122.401944444445
Pulse experiments,pioreactor01,2026-08-15T04:45:51.983Z,-0.026429806721,2026-08-15 10:30:51.983,1122.403333333333
Pulse experiments,pioreactor01,2026-08-15T04:45:56.982Z,-0.026442138356,2026-08-15 10:30:56.982,1122.404722222222
Pulse experiments,pioreactor01,2026-08-15T04:46:01.982Z,-0.026433944452,2026-08-15 10:31:01.982,1122.406111111111
Pulse experiments,pioreactor01,2026-08-15T04:46:06.982Z,-0.026492262085,2026-08-15 10:31:06.982,1122.4075
Pulse experiments,pioreactor01,2026-08-15T04:46:16.982Z,-0.026531748967,2026-08-15 10:31:16.982,1122.410277777778
Pulse experiments,pioreactor01,2026-08-15T04:46:21.984Z,-0.026419785894,2026-08-15 10:31:21.984,1122.411666666667
Pulse experiments,pioreactor01,2026-08-15T04:46:26.981Z,-0.02630649237,2026-08-15 10:31:26.981,1122.413055555556
Pulse experiments,pioreactor01,2026-08-15T04:46:36.982Z,-0.026338905363,2026-08-15 10:31:36.982,1122.415833333333
Pulse experiments,pioreactor01,2026-08-15T04:46:41.983Z,-0.026429985641,2026-08-15 10:31:41.983,1122.417222222222
Pulse experiments,pioreactor01,2026-08-15T04:46:46.982Z,-0.026385103342,2026-08-15 10:31:46.982,1122.418611111111
Pulse experiments,pioreactor01,2026-08-15T04:46:51.982Z,-0.026223854052,2026-08-15 10:31:51.982,1122.42
Pulse experiments,pioreactor01,2026-08-15T04:46:56.983Z,-0.026075564767,2026-08-15 10:31:56.983,1122.421388888889
Pulse experiments,pioreactor01,2026-08-15T04:47:01.981Z,-0.025921323715,2026-08-15 10:32:01.981,1122.422777777778
Pulse experiments,pioreactor01,2026-08-15T04:47:06.981Z,-0.025731780402,2026-08-15 10:32:06.981,1122.424166666667
Pulse experiments,pioreactor01,2026-08-15T04:47:11.983Z,-0.025530076977,2026-08-15 10:32:11.983,1122.425555555556
Pulse experiments,pioreactor01,2026-08-15T04:47:16.983Z,-0.025328830569,2026-08-15 10:32:16.983,1122.426944444444
Pulse experiments,pioreactor01,2026-08-15T04:47:21.983Z,-0.025256567964,2026-08-15 10:32:21.983,1122.428333333333
Pulse experiments,pioreactor01,2026-08-15T04:47:27.005Z,-0.025254268242,2026-08-15 10:32:27.005,1122.43
Pulse experiments,pioreactor01,2026-08-15T04:47:32.000Z,-0.025250898481,2026-08-15 10:32:32.000,1122.431388888889
Pulse experiments,pioreactor01,2026-08-15T04:47:37.012Z,-0.025247404918,2026-08-15 10:32:37.012,1122.432777777778
Pulse experiments,pioreactor01,2026-08-15T04:47:42.009Z,-0.02524400288,2026-08-15 10:32:42.009,1122.434166666667
Pulse experiments,pioreactor01,2026-08-15T04:47:46.992Z,-0.025240568984,2026-08-15 10:32:46.992,1122.435277777778
Pulse experiments,pioreactor01,2026-08-15T04:47:51.997Z,-0.025230919177,2026-08-15 10:32:51.997,1122.436666666667
Pulse experiments,pioreactor01,2026-08-15T04:48:01.995Z,-0.025223496838,2026-08-15 10:33:01.995,1122.439444444444
Pulse experiments,pioreactor01,2026-08-15T04:48:06.994Z,-0.02523381296,2026-08-15 10:33:06.994,1122.440833333333
Pulse experiments,pioreactor01,2026-08-15T04:48:11.990Z,-0.025226690581,2026-08-15 10:33:11.990,1122.442222222222
Pulse experiments,pioreactor01,2026-08-15T04:48:16.997Z,-0.025235150038,2026-08-15 10:33:16.997,1122.443611111111
Pulse experiments,pioreactor01,2026-08-15T04:48:21.991Z,-0.02524341942,2026-08-15 10:33:21.991,1122.445
Pulse experiments,pioreactor01,2026-08-15T04:48:26.992Z,-0.025273594896,2026-08-15 10:33:26.992,1122.446388888889
Pulse experiments,pioreactor01,2026-08-15T04:48:32.002Z,-0.025299671751,2026-08-15 10:33:32.002,1122.448055555556
Pulse experiments,pioreactor01,2026-08-15T04:48:36.992Z,-0.025331488154,2026-08-15 10:33:36.992,1122.449166666667
Pulse experiments,pioreactor01,2026-08-15T04:48:41.988Z,-0.025308255391,2026-08-15 10:33:41.988,1122.450555555556
Pulse experiments,pioreactor01,2026-08-15T04:48:46.992Z,-0.025340215476,2026-08-15 10:33:46.992,1122.451944444445
Pulse experiments,pioreactor01,2026-08-15T04:48:51.998Z,-0.025351265506,2026-08-15 10:33:51.998,1122.453333333333
Pulse experiments,pioreactor01,2026-08-15T04:48:56.990Z,-0.025297209622,2026-08-15 10:33:56.990,1122.454722222222
Pulse experiments,pioreactor01,2026-08-15T04:49:01.997Z,-0.02528169788,2026-08-15 10:34:01.997,1122.456111111111
Pulse experiments,pioreactor01,2026-08-15T04:49:11.997Z,-0.025254044928,2026-08-15 10:34:11.997,1122.458888888889
Pulse experiments,pioreactor01,2026-08-15T04:49:17.019Z,-0.025229089273,2026-08-15 10:34:17.019,1122.460555555556
Pulse experiments,pioreactor01,2026-08-15T04:49:21.989Z,-0.025237728331,2026-08-15 10:34:21.989,1122.461666666667
Pulse experiments,pioreactor01,2026-08-15T04:49:27.000Z,-0.025244756277,2026-08-15 10:34:27.000,1122.463333333333
Pulse experiments,pioreactor01,2026-08-15T04:49:31.995Z,-0.025229184939,2026-08-15 10:34:31.995,1122.464444444445
Pulse experiments,pioreactor01,2026-08-15T04:49:36.994Z,-0.025258763126,2026-08-15 10:34:36.994,1122.465833333333
Pulse experiments,pioreactor01,2026-08-15T04:49:41.996Z,-0.02524098591,2026-08-15 10:34:41.996,1122.467222222222
Pulse experiments,pioreactor01,2026-08-15T04:49:46.995Z,-0.02518658143,2026-08-15 10:34:46.995,1122.468611111111
Pulse experiments,pioreactor01,2026-08-15T04:49:51.998Z,-0.025252586852,2026-08-15 10:34:51.998,1122.47
Pulse experiments,pioreactor01,2026-08-15T04:49:56.989Z,-0.025072082602,2026-08-15 10:34:56.989,1122.471388888889
Pulse experiments,pioreactor01,2026-08-15T04:50:01.999Z,-0.024862043984,2026-08-15 10:35:01.999,1122.472777777778
Pulse experiments,pioreactor01,2026-08-15T04:50:06.997Z,-0.024716322052,2026-08-15 10:35:06.997,1122.474166666667
Pulse experiments,pioreactor01,2026-08-15T04:50:12.004Z,-0.024626275331,2026-08-15 10:35:12.004,1122.475833333333
Pulse experiments,pioreactor01,2026-08-15T04:50:17.001Z,-0.024600151953,2026-08-15 10:35:17.001,1122.477222222222
Pulse experiments,pioreactor01,2026-08-15T04:50:21.992Z,-0.024557635958,2026-08-15 10:35:21.992,1122.478333333333
Pulse experiments,pioreactor01,2026-08-15T04:50:26.994Z,-0.024538590722,2026-08-15 10:35:26.994,1122.479722222222
Pulse experiments,pioreactor01,2026-08-15T04:50:31.989Z,-0.024504195124,2026-08-15 10:35:31.989,1122.481111111111
Pulse experiments,pioreactor01,2026-08-15T04:50:36.991Z,-0.024633005261,2026-08-15 10:35:36.991,1122.4825
Pulse experiments,pioreactor01,2026-08-15T04:50:41.994Z,-0.024857476325,2026-08-15 10:35:41.994,1122.483888888889
Pulse experiments,pioreactor01,2026-08-15T04:50:46.996Z,-0.025014033345,2026-08-15 10:35:46.996,1122.485277777778
Pulse experiments,pioreactor01,2026-08-15T04:50:52.002Z,-0.024962039025,2026-08-15 10:35:52.002,1122.486944444444
Pulse experiments,pioreactor01,2026-08-15T04:50:57.001Z,-0.025040836158,2026-08-15 10:35:57.001,1122.488333333333
Pulse experiments,pioreactor01,2026-08-15T04:51:02.033Z,-0.025208621697,2026-08-15 10:36:02.033,1122.489722222222
Pulse experiments,pioreactor01,2026-08-15T04:51:06.998Z,-0.025280387633,2026-08-15 10:36:06.998,1122.490833333333
Pulse experiments,pioreactor01,2026-08-15T04:51:12.007Z,-0.025326062306,2026-08-15 10:36:12.007,1122.4925
Pulse experiments,pioreactor01,2026-08-15T04:51:16.998Z,-0.025342185728,2026-08-15 10:36:16.998,1122.493611111111
Pulse experiments,pioreactor01,2026-08-15T04:51:21.993Z,-0.025315660155,2026-08-15 10:36:21.993,1122.495
Pulse experiments,pioreactor01,2026-08-15T04:51:26.991Z,-0.025269358869,2026-08-15 10:36:26.991,1122.496388888889
Pulse experiments,pioreactor01,2026-08-15T04:51:32.008Z,-0.025465819609,2026-08-15 10:36:32.008,1122.498055555556
Pulse experiments,pioreactor01,2026-08-15T04:51:36.993Z,-0.025669921148,2026-08-15 10:36:36.993,1122.499166666667
Pulse experiments,pioreactor01,2026-08-15T04:51:41.992Z,-0.025661270789,2026-08-15 10:36:41.992,1122.500555555556
Pulse experiments,pioreactor01,2026-08-15T04:51:46.998Z,-0.025529816489,2026-08-15 10:36:46.998,1122.501944444444
Pulse experiments,pioreactor01,2026-08-15T04:51:51.991Z,-0.025513358957,2026-08-15 10:36:51.991,1122.503333333333
Pulse experiments,pioreactor01,2026-08-15T04:51:56.996Z,-0.025384623939,2026-08-15 10:36:56.996,1122.504722222222
Pulse experiments,pioreactor01,2026-08-15T04:52:01.995Z,-0.0251518551,2026-08-15 10:37:01.995,1122.506111111111
Pulse experiments,pioreactor01,2026-08-15T04:52:07.017Z,-0.02487339357,2026-08-15 10:37:07.017,1122.507777777778
Pulse experiments,pioreactor01,2026-08-15T04:52:11.996Z,-0.024826333761,2026-08-15 10:37:11.996,1122.508888888889
Pulse experiments,pioreactor01,2026-08-15T04:52:17.004Z,-0.024618661894,2026-08-15 10:37:17.004,1122.510555555556
Pulse experiments,pioreactor01,2026-08-15T04:52:21.999Z,-0.024478199648,2026-08-15 10:37:21.999,1122.511666666667
Pulse experiments,pioreactor01,2026-08-15T04:52:26.992Z,-0.024397083969,2026-08-15 10:37:26.992,1122.513055555556
Pulse experiments,pioreactor01,2026-08-15T04:52:31.993Z,-0.024213681685,2026-08-15 10:37:31.993,1122.514444444445
Pulse experiments,pioreactor01,2026-08-15T04:52:36.992Z,-0.024293913352,2026-08-15 10:37:36.992,1122.515833333333
Pulse experiments,pioreactor01,2026-08-15T04:52:41.992Z,-0.024528741478,2026-08-15 10:37:41.992,1122.517222222222
Pulse experiments,pioreactor01,2026-08-15T04:52:46.990Z,-0.024600471687,2026-08-15 10:37:46.990,1122.518611111111
Pulse experiments,pioreactor01,2026-08-15T04:52:51.992Z,-0.024259987051,2026-08-15 10:37:51.992,1122.52
Pulse experiments,pioreactor01,2026-08-15T04:52:57.000Z,-0.024158718068,2026-08-15 10:37:57.000,1122.521666666667
Pulse experiments,pioreactor01,2026-08-15T04:53:06.996Z,-0.024184529165,2026-08-15 10:38:06.996,1122.524166666667
Pulse experiments,pioreactor01,2026-08-15T04:53:11.996Z,-0.024375793526,2026-08-15 10:38:11.996,1122.525555555555
Pulse experiments,pioreactor01,2026-08-15T04:53:16.992Z,-0.024642079825,2026-08-15 10:38:16.992,1122.526944444445
Pulse experiments,pioreactor01,2026-08-15T04:53:21.986Z,-0.024718684576,2026-08-15 10:38:21.986,1122.528333333333
Pulse experiments,pioreactor01,2026-08-15T04:53:26.999Z,-0.024406540222,2026-08-15 10:38:26.999,1122.529722222222
Pulse experiments,pioreactor01,2026-08-15T04:53:31.996Z,-0.024142770955,2026-08-15 10:38:31.996,1122.531111111111
Pulse experiments,pioreactor01,2026-08-15T04:53:36.998Z,-0.023793780335,2026-08-15 10:38:36.998,1122.5325
Pulse experiments,pioreactor01,2026-08-15T04:53:42.008Z,-0.023861674597,2026-08-15 10:38:42.008,1122.534166666667
Pulse experiments,pioreactor01,2026-08-15T04:53:46.992Z,-0.024067359904,2026-08-15 10:38:46.992,1122.535277777778
Pulse experiments,pioreactor01,2026-08-15T04:53:51.994Z,-0.023914913212,2026-08-15 10:38:51.994,1122.536666666667
Pulse experiments,pioreactor01,2026-08-15T04:53:56.996Z,-0.02393012738,2026-08-15 10:38:56.996,1122.538055555556
Pulse experiments,pioreactor01,2026-08-15T04:54:01.997Z,-0.023935090423,2026-08-15 10:39:01.997,1122.539444444444
Pulse experiments,pioreactor01,2026-08-15T04:54:07.007Z,-0.023892976106,2026-08-15 10:39:07.007,1122.541111111111
Pulse experiments,pioreactor01,2026-08-15T04:54:12.003Z,-0.023810981587,2026-08-15 10:39:12.003,1122.5425
Pulse experiments,pioreactor01,2026-08-15T04:54:17.008Z,-0.023745042492,2026-08-15 10:39:17.008,1122.543888888889
Pulse experiments,pioreactor01,2026-08-15T04:54:21.989Z,-0.023593106645,2026-08-15 10:39:21.989,1122.545
Pulse experiments,pioreactor01,2026-08-15T04:54:26.997Z,-0.023644474449,2026-08-15 10:39:26.997,1122.546388888889
Pulse experiments,pioreactor01,2026-08-15T04:54:32.019Z,-0.023518935172,2026-08-15 10:39:32.019,1122.548055555555
Pulse experiments,pioreactor01,2026-08-15T04:54:37.033Z,-0.02388921574,2026-08-15 10:39:37.033,1122.549444444444
Pulse experiments,pioreactor01,2026-08-15T04:54:42.010Z,-0.023797730035,2026-08-15 10:39:42.010,1122.550833333333
Pulse experiments,pioreactor01,2026-08-15T04:54:47.026Z,-0.024047405081,2026-08-15 10:39:47.026,1122.552222222222
Pulse experiments,pioreactor01,2026-08-15T04:54:52.041Z,-0.02414231237,2026-08-15 10:39:52.041,1122.553611111111
Pulse experiments,pioreactor01,2026-08-15T04:54:57.022Z,-0.024173544098,2026-08-15 10:39:57.022,1122.555
Pulse experiments,pioreactor01,2026-08-15T04:55:02.033Z,-0.02402385986,2026-08-15 10:40:02.033,1122.556388888889
Pulse experiments,pioreactor01,2026-08-15T04:55:07.010Z,-0.023745184765,2026-08-15 10:40:07.010,1122.557777777778
Pulse experiments,pioreactor01,2026-08-15T04:55:12.040Z,-0.023714277106,2026-08-15 10:40:12.040,1122.559166666667
Pulse experiments,pioreactor01,2026-08-15T04:55:17.031Z,-0.023359900827,2026-08-15 10:40:17.031,1122.560555555556
Pulse experiments,pioreactor01,2026-08-15T04:55:22.040Z,-0.023272511018,2026-08-15 10:40:22.040,1122.561944444444
Pulse experiments,pioreactor01,2026-08-15T04:55:27.026Z,-0.022780946549,2026-08-15 10:40:27.026,1122.563333333333
Pulse experiments,pioreactor01,2026-08-15T04:55:32.051Z,-0.022871325695,2026-08-15 10:40:32.051,1122.564722222222
Pulse experiments,pioreactor01,2026-08-15T04:55:37.047Z,-0.023111584558,2026-08-15 10:40:37.047,1122.566111111111
Pulse experiments,pioreactor01,2026-08-15T04:55:41.994Z,-0.023399477859,2026-08-15 10:40:41.994,1122.567222222222
Pulse experiments,pioreactor01,2026-08-15T04:55:46.982Z,-0.023416125123,2026-08-15 10:40:46.982,1122.568611111111
Pulse experiments,pioreactor01,2026-08-15T04:55:51.982Z,-0.023629009985,2026-08-15 10:40:51.982,1122.57
Pulse experiments,pioreactor01,2026-08-15T04:55:56.982Z,-0.023785302878,2026-08-15 10:40:56.982,1122.571388888889
Pulse experiments,pioreactor01,2026-08-15T04:56:01.982Z,-0.023463424486,2026-08-15 10:41:01.982,1122.572777777778
Pulse experiments,pioreactor01,2026-08-15T04:56:06.982Z,-0.023392616904,2026-08-15 10:41:06.982,1122.574166666667
Pulse experiments,pioreactor01,2026-08-15T04:56:11.981Z,-0.023485867381,2026-08-15 10:41:11.981,1122.575555555556
Pulse experiments,pioreactor01,2026-08-15T04:56:21.982Z,-0.023776021893,2026-08-15 10:41:21.982,1122.578333333333
Pulse experiments,pioreactor01,2026-08-15T04:56:26.986Z,-0.02370329583,2026-08-15 10:41:26.986,1122.579722222222
Pulse experiments,pioreactor01,2026-08-15T04:56:31.982Z,-0.023775345092,2026-08-15 10:41:31.982,1122.581111111111
Pulse experiments,pioreactor01,2026-08-15T04:56:36.982Z,-0.023832157851,2026-08-15 10:41:36.982,1122.5825
Pulse experiments,pioreactor01,2026-08-15T04:56:41.982Z,-0.023587447683,2026-08-15 10:41:41.982,1122.583888888889
Pulse experiments,pioreactor01,2026-08-15T04:56:46.982Z,-0.023707725843,2026-08-15 10:41:46.982,1122.585277777778
Pulse experiments,pioreactor01,2026-08-15T04:56:51.981Z,-0.023760527232,2026-08-15 10:41:51.981,1122.586666666667
Pulse experiments,pioreactor01,2026-08-15T04:56:56.981Z,-0.023889083175,2026-08-15 10:41:56.981,1122.588055555555
Pulse experiments,pioreactor01,2026-08-15T04:57:01.982Z,-0.023846076911,2026-08-15 10:42:01.982,1122.589444444445
Pulse experiments,pioreactor01,2026-08-15T04:57:06.983Z,-0.02376018961,2026-08-15 10:42:06.983,1122.590833333333
Pulse experiments,pioreactor01,2026-08-15T04:57:11.982Z,-0.023609313565,2026-08-15 10:42:11.982,1122.592222222222
Pulse experiments,pioreactor01,2026-08-15T04:57:16.982Z,-0.023398114996,2026-08-15 10:42:16.982,1122.593611111111
Pulse experiments,pioreactor01,2026-08-15T04:57:21.981Z,-0.023322594926,2026-08-15 10:42:21.981,1122.595
Pulse experiments,pioreactor01,2026-08-15T04:57:26.983Z,-0.023319585672,2026-08-15 10:42:26.983,1122.596388888889
Pulse experiments,pioreactor01,2026-08-15T04:57:31.983Z,-0.023447557146,2026-08-15 10:42:31.983,1122.597777777778
Pulse experiments,pioreactor01,2026-08-15T04:57:36.983Z,-0.023806203421,2026-08-15 10:42:36.983,1122.599166666667
Pulse experiments,pioreactor01,2026-08-15T04:57:41.983Z,-0.023673246459,2026-08-15 10:42:41.983,1122.600555555556
Pulse experiments,pioreactor01,2026-08-15T04:57:51.981Z,-0.023944359076,2026-08-15 10:42:51.981,1122.603333333333
Pulse experiments,pioreactor01,2026-08-15T04:57:56.983Z,-0.023736981769,2026-08-15 10:42:56.983,1122.604722222222
Pulse experiments,pioreactor01,2026-08-15T04:58:01.982Z,-0.023847139173,2026-08-15 10:43:01.982,1122.606111111111
Pulse experiments,pioreactor01,2026-08-15T04:58:06.981Z,-0.024058663352,2026-08-15 10:43:06.981,1122.6075
Pulse experiments,pioreactor01,2026-08-15T04:58:11.981Z,-0.023624265368,2026-08-15 10:43:11.981,1122.608888888889
Pulse experiments,pioreactor01,2026-08-15T04:58:21.982Z,-0.023029331609,2026-08-15 10:43:21.982,1122.611666666667
Pulse experiments,pioreactor01,2026-08-15T04:58:26.982Z,-0.022863117788,2026-08-15 10:43:26.982,1122.613055555556
Pulse experiments,pioreactor01,2026-08-15T04:58:31.983Z,-0.022852332528,2026-08-15 10:43:31.983,1122.614444444444
Pulse experiments,pioreactor01,2026-08-15T04:58:36.981Z,-0.022729696949,2026-08-15 10:43:36.981,1122.615833333333
Pulse experiments,pioreactor01,2026-08-15T04:58:41.982Z,-0.023193140308,2026-08-15 10:43:41.982,1122.617222222222
Pulse experiments,pioreactor01,2026-08-15T04:58:46.982Z,-0.023130144236,2026-08-15 10:43:46.982,1122.618611111111
Pulse experiments,pioreactor01,2026-08-15T04:58:51.984Z,-0.023151600941,2026-08-15 10:43:51.984,1122.62
Pulse experiments,pioreactor01,2026-08-15T04:58:56.982Z,-0.023221860158,2026-08-15 10:43:56.982,1122.621388888889
Pulse experiments,pioreactor01,2026-08-15T04:59:01.982Z,-0.023032130547,2026-08-15 10:44:01.982,1122.622777777778
Pulse experiments,pioreactor01,2026-08-15T04:59:06.981Z,-0.023149283196,2026-08-15 10:44:06.981,1122.624166666667
Pulse experiments,pioreactor01,2026-08-15T04:59:11.981Z,-0.0227622378,2026-08-15 10:44:11.981,1122.625555555556
Pulse experiments,pioreactor01,2026-08-15T04:59:16.983Z,-0.022653638691,2026-08-15 10:44:16.983,1122.626944444444
Pulse experiments,pioreactor01,2026-08-15T04:59:21.982Z,-0.022616283223,2026-08-15 10:44:21.982,1122.628333333333
Pulse experiments,pioreactor01,2026-08-15T04:59:26.982Z,-0.022937336858,2026-08-15 10:44:26.982,1122.629722222222
Pulse experiments,pioreactor01,2026-08-15T04:59:31.984Z,-0.022906120395,2026-08-15 10:44:31.984,1122.631111111111
Pulse experiments,pioreactor01,2026-08-15T04:59:36.982Z,-0.022889907902,2026-08-15 10:44:36.982,1122.6325
Pulse experiments,pioreactor01,2026-08-15T04:59:41.981Z,-0.022998258591,2026-08-15 10:44:41.981,1122.633888888889
Pulse experiments,pioreactor01,2026-08-15T04:59:46.982Z,-0.023030422019,2026-08-15 10:44:46.982,1122.635277777778
Pulse experiments,pioreactor01,2026-08-15T04:59:51.983Z,-0.022976813971,2026-08-15 10:44:51.983,1122.636666666667
Pulse experiments,pioreactor01,2026-08-15T04:59:56.983Z,-0.022837371048,2026-08-15 10:44:56.983,1122.638055555556
Pulse experiments,pioreactor01,2026-08-15T05:00:01.984Z,-0.022829668948,2026-08-15 10:45:01.984,1122.639444444445
Pulse experiments,pioreactor01,2026-08-15T05:00:06.982Z,-0.022551259298,2026-08-15 10:45:06.982,1122.640833333333
Pulse experiments,pioreactor01,2026-08-15T05:00:11.985Z,-0.022598457777,2026-08-15 10:45:11.985,1122.642222222222
Pulse experiments,pioreactor01,2026-08-15T05:00:16.982Z,-0.022443642002,2026-08-15 10:45:16.982,1122.643611111111
Pulse experiments,pioreactor01,2026-08-15T05:00:21.982Z,-0.022367033725,2026-08-15 10:45:21.982,1122.645
Pulse experiments,pioreactor01,2026-08-15T05:00:26.981Z,-0.022682528213,2026-08-15 10:45:26.981,1122.646388888889
Pulse experiments,pioreactor01,2026-08-15T05:00:31.980Z,-0.022916596008,2026-08-15 10:45:31.980,1122.647777777778
Pulse experiments,pioreactor01,2026-08-15T05:00:36.982Z,-0.023196657393,2026-08-15 10:45:36.982,1122.649166666667
Pulse experiments,pioreactor01,2026-08-15T05:00:41.983Z,-0.022773522117,2026-08-15 10:45:41.983,1122.650555555555
Pulse experiments,pioreactor01,2026-08-15T05:00:46.983Z,-0.022346915897,2026-08-15 10:45:46.983,1122.651944444445
Pulse experiments,pioreactor01,2026-08-15T05:00:51.982Z,-0.022196057811,2026-08-15 10:45:51.982,1122.653333333333
Pulse experiments,pioreactor01,2026-08-15T05:00:56.982Z,-0.022238012095,2026-08-15 10:45:56.982,1122.654722222222
Pulse experiments,pioreactor01,2026-08-15T05:01:01.981Z,-0.021915009862,2026-08-15 10:46:01.981,1122.656111111111
Pulse experiments,pioreactor01,2026-08-15T05:01:11.983Z,-0.021709996183,2026-08-15 10:46:11.983,1122.658888888889
Pulse experiments,pioreactor01,2026-08-15T05:01:16.982Z,-0.021768921714,2026-08-15 10:46:16.982,1122.660277777778
Pulse experiments,pioreactor01,2026-08-15T05:01:21.981Z,-0.021714598408,2026-08-15 10:46:21.981,1122.661666666667
Pulse experiments,pioreactor01,2026-08-15T05:01:31.983Z,-0.021186736872,2026-08-15 10:46:31.983,1122.664444444444
Pulse experiments,pioreactor01,2026-08-15T05:01:36.983Z,-0.021251110206,2026-08-15 10:46:36.983,1122.665833333333
Pulse experiments,pioreactor01,2026-08-15T05:01:41.982Z,-0.02165362277,2026-08-15 10:46:41.982,1122.667222222222
Pulse experiments,pioreactor01,2026-08-15T05:01:46.982Z,-0.02195502149,2026-08-15 10:46:46.982,1122.668611111111
Pulse experiments,pioreactor01,2026-08-15T05:01:51.982Z,-0.021819344549,2026-08-15 10:46:51.982,1122.67
Pulse experiments,pioreactor01,2026-08-15T05:01:56.981Z,-0.021747154446,2026-08-15 10:46:56.981,1122.671388888889
Pulse experiments,pioreactor01,2026-08-15T05:02:01.985Z,-0.021884123429,2026-08-15 10:47:01.985,1122.672777777778
Pulse experiments,pioreactor01,2026-08-15T05:02:06.983Z,-0.021940905447,2026-08-15 10:47:06.983,1122.674166666667
Pulse experiments,pioreactor01,2026-08-15T05:02:11.983Z,-0.021807787196,2026-08-15 10:47:11.983,1122.675555555556
Pulse experiments,pioreactor01,2026-08-15T05:02:16.982Z,-0.021512536979,2026-08-15 10:47:16.982,1122.676944444444
Pulse experiments,pioreactor01,2026-08-15T05:02:21.981Z,-0.021405974178,2026-08-15 10:47:21.981,1122.678333333333
Pulse experiments,pioreactor01,2026-08-15T05:02:26.982Z,-0.020934954377,2026-08-15 10:47:26.982,1122.679722222222
Pulse experiments,pioreactor01,2026-08-15T05:02:36.981Z,-0.020685742005,2026-08-15 10:47:36.981,1122.6825
Pulse experiments,pioreactor01,2026-08-15T05:02:41.982Z,-0.020595003541,2026-08-15 10:47:41.982,1122.683888888889
Pulse experiments,pioreactor01,2026-08-15T05:02:46.981Z,-0.02072567416,2026-08-15 10:47:46.981,1122.685277777778
Pulse experiments,pioreactor01,2026-08-15T05:02:51.982Z,-0.020737452569,2026-08-15 10:47:51.982,1122.686666666667
Pulse experiments,pioreactor01,2026-08-15T05:02:56.981Z,-0.020899912376,2026-08-15 10:47:56.981,1122.688055555556
Pulse experiments,pioreactor01,2026-08-15T05:03:01.981Z,-0.020989470604,2026-08-15 10:48:01.981,1122.689444444444
Pulse experiments,pioreactor01,2026-08-15T05:03:06.982Z,-0.021198695194,2026-08-15 10:48:06.982,1122.690833333333
Pulse experiments,pioreactor01,2026-08-15T05:03:11.981Z,-0.021276100481,2026-08-15 10:48:11.981,1122.692222222222
Pulse experiments,pioreactor01,2026-08-15T05:03:16.981Z,-0.021373990027,2026-08-15 10:48:16.981,1122.693611111111
Pulse experiments,pioreactor01,2026-08-15T05:03:21.981Z,-0.021762685391,2026-08-15 10:48:21.981,1122.695
Pulse experiments,pioreactor01,2026-08-15T05:03:26.984Z,-0.021907792982,2026-08-15 10:48:26.984,1122.696388888889
Pulse experiments,pioreactor01,2026-08-15T05:03:31.984Z,-0.021620732538,2026-08-15 10:48:31.984,1122.697777777778
Pulse experiments,pioreactor01,2026-08-15T05:03:36.983Z,-0.021123727656,2026-08-15 10:48:36.983,1122.699166666667
Pulse experiments,pioreactor01,2026-08-15T05:03:41.981Z,-0.021340991636,2026-08-15 10:48:41.981,1122.700555555556
Pulse experiments,pioreactor01,2026-08-15T05:03:46.981Z,-0.02144135981,2026-08-15 10:48:46.981,1122.701944444445
Pulse experiments,pioreactor01,2026-08-15T05:03:51.982Z,-0.021662008979,2026-08-15 10:48:51.982,1122.703333333333
Pulse experiments,pioreactor01,2026-08-15T05:03:56.981Z,-0.021215746812,2026-08-15 10:48:56.981,1122.704722222222
Pulse experiments,pioreactor01,2026-08-15T05:04:01.982Z,-0.021062725667,2026-08-15 10:49:01.982,1122.706111111111
Pulse experiments,pioreactor01,2026-08-15T05:04:06.982Z,-0.021142173747,2026-08-15 10:49:06.982,1122.7075
Pulse experiments,pioreactor01,2026-08-15T05:04:11.982Z,-0.021425973986,2026-08-15 10:49:11.982,1122.708888888889
Pulse experiments,pioreactor01,2026-08-15T05:04:16.984Z,-0.021359728882,2026-08-15 10:49:16.984,1122.710277777778
Pulse experiments,pioreactor01,2026-08-15T05:04:21.982Z,-0.021060335755,2026-08-15 10:49:21.982,1122.711666666667
Pulse experiments,pioreactor01,2026-08-15T05:04:26.981Z,-0.021434509612,2026-08-15 10:49:26.981,1122.713055555555
Pulse experiments,pioreactor01,2026-08-15T05:04:31.982Z,-0.021067883068,2026-08-15 10:49:31.982,1122.714444444445
Pulse experiments,pioreactor01,2026-08-15T05:04:36.982Z,-0.020922523389,2026-08-15 10:49:36.982,1122.715833333333
Pulse experiments,pioreactor01,2026-08-15T05:04:41.982Z,-0.020757950713,2026-08-15 10:49:41.982,1122.717222222222
Pulse experiments,pioreactor01,2026-08-15T05:04:46.982Z,-0.020315792442,2026-08-15 10:49:46.982,1122.718611111111
Pulse experiments,pioreactor01,2026-08-15T05:04:51.980Z,-0.02033096771,2026-08-15 10:49:51.980,1122.72
Pulse experiments,pioreactor01,2026-08-15T05:04:56.984Z,-0.020080795874,2026-08-15 10:49:56.984,1122.721388888889
Pulse experiments,pioreactor01,2026-08-15T05:05:01.986Z,-0.020046887728,2026-08-15 10:50:01.986,1122.722777777778
Pulse experiments,pioreactor01,2026-08-15T05:05:06.983Z,-0.020015452802,2026-08-15 10:50:06.983,1122.724166666667
Pulse experiments,pioreactor01,2026-08-15T05:05:11.982Z,-0.019846223223,2026-08-15 10:50:11.982,1122.725555555556
Pulse experiments,pioreactor01,2026-08-15T05:05:16.982Z,-0.019811344999,2026-08-15 10:50:16.982,1122.726944444444
Pulse experiments,pioreactor01,2026-08-15T05:05:21.981Z,-0.019558092827,2026-08-15 10:50:21.981,1122.728333333333
Pulse experiments,pioreactor01,2026-08-15T05:05:26.981Z,-0.019339180361,2026-08-15 10:50:26.981,1122.729722222222
Pulse experiments,pioreactor01,2026-08-15T05:05:36.983Z,-0.019184774308,2026-08-15 10:50:36.983,1122.7325
Pulse experiments,pioreactor01,2026-08-15T05:05:41.981Z,-0.01917355425,2026-08-15 10:50:41.981,1122.733888888889
Pulse experiments,pioreactor01,2026-08-15T05:05:46.982Z,-0.019521217413,2026-08-15 10:50:46.982,1122.735277777778
Pulse experiments,pioreactor01,2026-08-15T05:05:51.981Z,-0.019666970738,2026-08-15 10:50:51.981,1122.736666666667
Pulse experiments,pioreactor01,2026-08-15T05:05:56.982Z,-0.019544925832,2026-08-15 10:50:56.982,1122.738055555556
Pulse experiments,pioreactor01,2026-08-15T05:06:06.982Z,-0.019267364881,2026-08-15 10:51:06.982,1122.740833333333
Pulse experiments,pioreactor01,2026-08-15T05:06:11.981Z,-0.019305293585,2026-08-15 10:51:11.981,1122.742222222222
Pulse experiments,pioreactor01,2026-08-15T05:06:16.982Z,-0.019240793133,2026-08-15 10:51:16.982,1122.743611111111
Pulse experiments,pioreactor01,2026-08-15T05:06:21.984Z,-0.019143609875,2026-08-15 10:51:21.984,1122.745
Pulse experiments,pioreactor01,2026-08-15T05:06:26.985Z,-0.018679244574,2026-08-15 10:51:26.985,1122.746388888889
Pulse experiments,pioreactor01,2026-08-15T05:06:31.982Z,-0.018319539408,2026-08-15 10:51:31.982,1122.747777777778
Pulse experiments,pioreactor01,2026-08-15T05:06:36.983Z,-0.018214562282,2026-08-15 10:51:36.983,1122.749166666667
Pulse experiments,pioreactor01,2026-08-15T05:06:41.983Z,-0.018170434038,2026-08-15 10:51:41.983,1122.750555555556
Pulse experiments,pioreactor01,2026-08-15T05:06:46.983Z,-0.018325914354,2026-08-15 10:51:46.983,1122.751944444444
Pulse experiments,pioreactor01,2026-08-15T05:06:51.981Z,-0.018446525553,2026-08-15 10:51:51.981,1122.753333333333
Pulse experiments,pioreactor01,2026-08-15T05:06:56.982Z,-0.018208446167,2026-08-15 10:51:56.982,1122.754722222222
Pulse experiments,pioreactor01,2026-08-15T05:07:01.982Z,-0.01796898661,2026-08-15 10:52:01.982,1122.756111111111
Pulse experiments,pioreactor01,2026-08-15T05:07:06.982Z,-0.017655814271,2026-08-15 10:52:06.982,1122.7575
Pulse experiments,pioreactor01,2026-08-15T05:07:11.985Z,-0.017464147943,2026-08-15 10:52:11.985,1122.758888888889
Pulse experiments,pioreactor01,2026-08-15T05:07:16.981Z,-0.01744306444,2026-08-15 10:52:16.981,1122.760277777778
Pulse experiments,pioreactor01,2026-08-15T05:07:21.982Z,-0.017522770882,2026-08-15 10:52:21.982,1122.761666666667
Pulse experiments,pioreactor01,2026-08-15T05:07:26.982Z,-0.017594686867,2026-08-15 10:52:26.982,1122.763055555556
Pulse experiments,pioreactor01,2026-08-15T05:07:31.981Z,-0.017589094343,2026-08-15 10:52:31.981,1122.764444444445
Pulse experiments,pioreactor01,2026-08-15T05:07:36.982Z,-0.017590118608,2026-08-15 10:52:36.982,1122.765833333333
Pulse experiments,pioreactor01,2026-08-15T05:07:41.982Z,-0.017314526106,2026-08-15 10:52:41.982,1122.767222222222
Pulse experiments,pioreactor01,2026-08-15T05:07:46.982Z,-0.017087932948,2026-08-15 10:52:46.982,1122.768611111111
Pulse experiments,pioreactor01,2026-08-15T05:07:51.982Z,-0.016895455021,2026-08-15 10:52:51.982,1122.77
Pulse experiments,pioreactor01,2026-08-15T05:07:56.981Z,-0.016614803593,2026-08-15 10:52:56.981,1122.771388888889
Pulse experiments,pioreactor01,2026-08-15T05:08:01.984Z,-0.016537053543,2026-08-15 10:53:01.984,1122.772777777778
Pulse experiments,pioreactor01,2026-08-15T05:08:06.981Z,-0.01668382987,2026-08-15 10:53:06.981,1122.774166666667
Pulse experiments,pioreactor01,2026-08-15T05:08:11.982Z,-0.016652985959,2026-08-15 10:53:11.982,1122.775555555555
Pulse experiments,pioreactor01,2026-08-15T05:08:16.981Z,-0.016686464459,2026-08-15 10:53:16.981,1122.776944444445
Pulse experiments,pioreactor01,2026-08-15T05:08:21.982Z,-0.016394938899,2026-08-15 10:53:21.982,1122.778333333333
Pulse experiments,pioreactor01,2026-08-15T05:08:26.983Z,-0.016081543362,2026-08-15 10:53:26.983,1122.779722222222
Pulse experiments,pioreactor01,2026-08-15T05:08:31.981Z,-0.016058032968,2026-08-15 10:53:31.981,1122.781111111111
Pulse experiments,pioreactor01,2026-08-15T05:08:36.985Z,-0.016077158547,2026-08-15 10:53:36.985,1122.7825
Pulse experiments,pioreactor01,2026-08-15T05:08:41.982Z,-0.016383178197,2026-08-15 10:53:41.982,1122.783888888889
Pulse experiments,pioreactor01,2026-08-15T05:08:46.984Z,-0.016351279885,2026-08-15 10:53:46.984,1122.785277777778
Pulse experiments,pioreactor01,2026-08-15T05:08:51.983Z,-0.016194853642,2026-08-15 10:53:51.983,1122.786666666667
Pulse experiments,pioreactor01,2026-08-15T05:08:56.982Z,-0.016041298794,2026-08-15 10:53:56.982,1122.788055555556
Pulse experiments,pioreactor01,2026-08-15T05:09:06.981Z,-0.015855707403,2026-08-15 10:54:06.981,1122.790833333333
Pulse experiments,pioreactor01,2026-08-15T05:09:11.984Z,-0.015609030693,2026-08-15 10:54:11.984,1122.792222222222
Pulse experiments,pioreactor01,2026-08-15T05:09:16.981Z,-0.015525002941,2026-08-15 10:54:16.981,1122.793611111111
Pulse experiments,pioreactor01,2026-08-15T05:09:26.982Z,-0.015526084962,2026-08-15 10:54:26.982,1122.796388888889
Pulse experiments,pioreactor01,2026-08-15T05:09:31.983Z,-0.015479503581,2026-08-15 10:54:31.983,1122.797777777778
Pulse experiments,pioreactor01,2026-08-15T05:09:36.982Z,-0.01521594329,2026-08-15 10:54:36.982,1122.799166666667
Pulse experiments,pioreactor01,2026-08-15T05:09:41.983Z,-0.015017706261,2026-08-15 10:54:41.983,1122.800555555556
Pulse experiments,pioreactor01,2026-08-15T05:09:46.983Z,-0.014817150049,2026-08-15 10:54:46.983,1122.801944444444
Pulse experiments,pioreactor01,2026-08-15T05:09:51.982Z,-0.014923499925,2026-08-15 10:54:51.982,1122.803333333333
Pulse experiments,pioreactor01,2026-08-15T05:09:56.983Z,-0.015087798614,2026-08-15 10:54:56.983,1122.804722222222
Pulse experiments,pioreactor01,2026-08-15T05:10:01.983Z,-0.014997654852,2026-08-15 10:55:01.983,1122.806111111111
Pulse experiments,pioreactor01,2026-08-15T05:10:06.982Z,-0.014953341436,2026-08-15 10:55:06.982,1122.8075
Pulse experiments,pioreactor01,2026-08-15T05:10:11.981Z,-0.014802594213,2026-08-15 10:55:11.981,1122.808888888889
Pulse experiments,pioreactor01,2026-08-15T05:10:16.981Z,-0.0148280186,2026-08-15 10:55:16.981,1122.810277777778
Pulse experiments,pioreactor01,2026-08-15T05:10:21.981Z,-0.014889101906,2026-08-15 10:55:21.981,1122.811666666667
Pulse experiments,pioreactor01,2026-08-15T05:10:26.983Z,-0.014971797574,2026-08-15 10:55:26.983,1122.813055555556
Pulse experiments,pioreactor01,2026-08-15T05:10:31.983Z,-0.015018274518,2026-08-15 10:55:31.983,1122.814444444444
Pulse experiments,pioreactor01,2026-08-15T05:10:36.984Z,-0.01511737988,2026-08-15 10:55:36.984,1122.815833333333
Pulse experiments,pioreactor01,2026-08-15T05:10:41.981Z,-0.015122894272,2026-08-15 10:55:41.981,1122.817222222222
Pulse experiments,pioreactor01,2026-08-15T05:10:46.981Z,-0.01479611987,2026-08-15 10:55:46.981,1122.818611111111
Pulse experiments,pioreactor01,2026-08-15T05:10:51.981Z,-0.014678366739,2026-08-15 10:55:51.981,1122.82
Pulse experiments,pioreactor01,2026-08-15T05:10:56.985Z,-0.014863671025,2026-08-15 10:55:56.985,1122.821388888889
Pulse experiments,pioreactor01,2026-08-15T05:11:01.981Z,-0.01529307492,2026-08-15 10:56:01.981,1122.822777777778
Pulse experiments,pioreactor01,2026-08-15T05:11:06.984Z,-0.015282104129,2026-08-15 10:56:06.984,1122.824166666667
Pulse experiments,pioreactor01,2026-08-15T05:11:11.981Z,-0.015356171099,2026-08-15 10:56:11.981,1122.825555555556
Pulse experiments,pioreactor01,2026-08-15T05:11:16.982Z,-0.015442632487,2026-08-15 10:56:16.982,1122.826944444445
Pulse experiments,pioreactor01,2026-08-15T05:11:26.982Z,-0.015654771074,2026-08-15 10:56:26.982,1122.829722222222
Pulse experiments,pioreactor01,2026-08-15T05:11:31.987Z,-0.015797752136,2026-08-15 10:56:31.987,1122.831111111111
Pulse experiments,pioreactor01,2026-08-15T05:11:36.984Z,-0.015463031579,2026-08-15 10:56:36.984,1122.8325
Pulse experiments,pioreactor01,2026-08-15T05:11:41.983Z,-0.015259636888,2026-08-15 10:56:41.983,1122.833888888889
Pulse experiments,pioreactor01,2026-08-15T05:11:46.985Z,-0.015021110345,2026-08-15 10:56:46.985,1122.835277777778
Pulse experiments,pioreactor01,2026-08-15T05:11:51.983Z,-0.01498610543,2026-08-15 10:56:51.983,1122.836666666667
Pulse experiments,pioreactor01,2026-08-15T05:11:57.007Z,-0.014892619834,2026-08-15 10:56:57.007,1122.838333333333
Pulse experiments,pioreactor01,2026-08-15T05:12:02.038Z,-0.014660551495,2026-08-15 10:57:02.038,1122.839722222222
Pulse experiments,pioreactor01,2026-08-15T05:12:06.993Z,-0.01475694832,2026-08-15 10:57:06.993,1122.840833333333
Pulse experiments,pioreactor01,2026-08-15T05:12:11.987Z,-0.014731662266,2026-08-15 10:57:11.987,1122.842222222222
Pulse experiments,pioreactor01,2026-08-15T05:12:16.984Z,-0.014754437063,2026-08-15 10:57:16.984,1122.843611111111
Pulse experiments,pioreactor01,2026-08-15T05:12:21.982Z,-0.0147244266,2026-08-15 10:57:21.982,1122.845
Pulse experiments,pioreactor01,2026-08-15T05:12:26.983Z,-0.014490620004,2026-08-15 10:57:26.983,1122.846388888889
Pulse experiments,pioreactor01,2026-08-15T05:12:31.985Z,-0.014360464902,2026-08-15 10:57:31.985,1122.847777777778
Pulse experiments,pioreactor01,2026-08-15T05:12:36.980Z,-0.013904193266,2026-08-15 10:57:36.980,1122.849166666667
Pulse experiments,pioreactor01,2026-08-15T05:12:41.984Z,-0.013281919549,2026-08-15 10:57:41.984,1122.850555555556
Pulse experiments,pioreactor01,2026-08-15T05:12:46.986Z,-0.01293977585,2026-08-15 10:57:46.986,1122.851944444444
Pulse experiments,pioreactor01,2026-08-15T05:12:51.983Z,-0.012898038213,2026-08-15 10:57:51.983,1122.853333333333
Pulse experiments,pioreactor01,2026-08-15T05:12:56.982Z,-0.012875300431,2026-08-15 10:57:56.982,1122.854722222222
Pulse experiments,pioreactor01,2026-08-15T05:13:01.982Z,-0.012980809872,2026-08-15 10:58:01.982,1122.856111111111
Pulse experiments,pioreactor01,2026-08-15T05:13:06.982Z,-0.012801002587,2026-08-15 10:58:06.982,1122.8575
Pulse experiments,pioreactor01,2026-08-15T05:13:11.980Z,-0.012727282733,2026-08-15 10:58:11.980,1122.858888888889
Pulse experiments,pioreactor01,2026-08-15T05:13:16.983Z,-0.012913241875,2026-08-15 10:58:16.983,1122.860277777778
Pulse experiments,pioreactor01,2026-08-15T05:13:21.983Z,-0.012704477885,2026-08-15 10:58:21.983,1122.861666666667
Pulse experiments,pioreactor01,2026-08-15T05:13:26.981Z,-0.012298419166,2026-08-15 10:58:26.981,1122.863055555556
Pulse experiments,pioreactor01,2026-08-15T05:13:31.981Z,-0.012163892001,2026-08-15 10:58:31.981,1122.864444444444
Pulse experiments,pioreactor01,2026-08-15T05:13:36.981Z,-0.012202798933,2026-08-15 10:58:36.981,1122.865833333333
Pulse experiments,pioreactor01,2026-08-15T05:13:41.982Z,-0.012220656159,2026-08-15 10:58:41.982,1122.867222222222
Pulse experiments,pioreactor01,2026-08-15T05:13:46.981Z,-0.012315179175,2026-08-15 10:58:46.981,1122.868611111111
Pulse experiments,pioreactor01,2026-08-15T05:13:51.982Z,-0.012263735221,2026-08-15 10:58:51.982,1122.87
Pulse experiments,pioreactor01,2026-08-15T05:13:56.983Z,-0.012178313854,2026-08-15 10:58:56.983,1122.871388888889
Pulse experiments,pioreactor01,2026-08-15T05:14:01.982Z,-0.01229379782,2026-08-15 10:59:01.982,1122.872777777778
Pulse experiments,pioreactor01,2026-08-15T05:14:06.981Z,-0.012360116528,2026-08-15 10:59:06.981,1122.874166666667
Pulse experiments,pioreactor01,2026-08-15T05:14:11.983Z,-0.012153510697,2026-08-15 10:59:11.983,1122.875555555556
Pulse experiments,pioreactor01,2026-08-15T05:14:16.982Z,-0.012027559394,2026-08-15 10:59:16.982,1122.876944444444
Pulse experiments,pioreactor01,2026-08-15T05:14:21.983Z,-0.011799042135,2026-08-15 10:59:21.983,1122.878333333333
Pulse experiments,pioreactor01,2026-08-15T05:14:26.982Z,-0.011772044417,2026-08-15 10:59:26.982,1122.879722222222
Pulse experiments,pioreactor01,2026-08-15T05:14:36.984Z,-0.011611872188,2026-08-15 10:59:36.984,1122.8825
Pulse experiments,pioreactor01,2026-08-15T05:14:41.982Z,-0.01138696136,2026-08-15 10:59:41.982,1122.883888888889
Pulse experiments,pioreactor01,2026-08-15T05:14:46.982Z,-0.011322119661,2026-08-15 10:59:46.982,1122.885277777778
Pulse experiments,pioreactor01,2026-08-15T05:14:51.983Z,-0.011095837256,2026-08-15 10:59:51.983,1122.886666666667
Pulse experiments,pioreactor01,2026-08-15T05:14:56.981Z,-0.010886641973,2026-08-15 10:59:56.981,1122.888055555556
Pulse experiments,pioreactor01,2026-08-15T05:15:01.983Z,-0.010806114113,2026-08-15 11:00:01.983,1122.889444444445
Pulse experiments,pioreactor01,2026-08-15T05:15:06.983Z,-0.010758257926,2026-08-15 11:00:06.983,1122.890833333333
Pulse experiments,pioreactor01,2026-08-15T05:15:11.984Z,-0.010739748793,2026-08-15 11:00:11.984,1122.892222222222
Pulse experiments,pioreactor01,2026-08-15T05:15:16.981Z,-0.010840087175,2026-08-15 11:00:16.981,1122.893611111111
Pulse experiments,pioreactor01,2026-08-15T05:15:21.984Z,-0.010851343049,2026-08-15 11:00:21.984,1122.895
Pulse experiments,pioreactor01,2026-08-15T05:15:26.983Z,-0.010875417386,2026-08-15 11:00:26.983,1122.896388888889
Pulse experiments,pioreactor01,2026-08-15T05:15:31.985Z,-0.010967172475,2026-08-15 11:00:31.985,1122.897777777778
Pulse experiments,pioreactor01,2026-08-15T05:15:36.983Z,-0.010999742541,2026-08-15 11:00:36.983,1122.899166666667
Pulse experiments,pioreactor01,2026-08-15T05:15:41.981Z,-0.010810569032,2026-08-15 11:00:41.981,1122.900555555555
Pulse experiments,pioreactor01,2026-08-15T05:15:46.985Z,-0.010843075024,2026-08-15 11:00:46.985,1122.901944444445
Pulse experiments,pioreactor01,2026-08-15T05:15:51.984Z,-0.011045677855,2026-08-15 11:00:51.984,1122.903333333333
Pulse experiments,pioreactor01,2026-08-15T05:15:56.983Z,-0.011203775471,2026-08-15 11:00:56.983,1122.904722222222
Pulse experiments,pioreactor01,2026-08-15T05:16:01.982Z,-0.011471812133,2026-08-15 11:01:01.982,1122.906111111111
Pulse experiments,pioreactor01,2026-08-15T05:16:06.982Z,-0.011595417424,2026-08-15 11:01:06.982,1122.9075
Pulse experiments,pioreactor01,2026-08-15T05:16:11.983Z,-0.01160771824,2026-08-15 11:01:11.983,1122.908888888889
Pulse experiments,pioreactor01,2026-08-15T05:16:16.983Z,-0.011726367614,2026-08-15 11:01:16.983,1122.910277777778
Pulse experiments,pioreactor01,2026-08-15T05:16:26.983Z,-0.011610289577,2026-08-15 11:01:26.983,1122.913055555556
Pulse experiments,pioreactor01,2026-08-15T05:16:31.982Z,-0.011626942713,2026-08-15 11:01:31.982,1122.914444444444
Pulse experiments,pioreactor01,2026-08-15T05:16:36.981Z,-0.011627007456,2026-08-15 11:01:36.981,1122.915833333333
Pulse experiments,pioreactor01,2026-08-15T05:16:41.981Z,-0.011639011553,2026-08-15 11:01:41.981,1122.917222222222
Pulse experiments,pioreactor01,2026-08-15T05:16:46.981Z,-0.011568868593,2026-08-15 11:01:46.981,1122.918611111111
Pulse experiments,pioreactor01,2026-08-15T05:16:51.981Z,-0.011333773321,2026-08-15 11:01:51.981,1122.92
Pulse experiments,pioreactor01,2026-08-15T05:16:56.981Z,-0.011271219978,2026-08-15 11:01:56.981,1122.921388888889
Pulse experiments,pioreactor01,2026-08-15T05:17:01.983Z,-0.011113450596,2026-08-15 11:02:01.983,1122.922777777778
Pulse experiments,pioreactor01,2026-08-15T05:17:06.981Z,-0.011170680233,2026-08-15 11:02:06.981,1122.924166666667
Pulse experiments,pioreactor01,2026-08-15T05:17:11.981Z,-0.011074758612,2026-08-15 11:02:11.981,1122.925555555556
Pulse experiments,pioreactor01,2026-08-15T05:17:16.983Z,-0.011150001274,2026-08-15 11:02:16.983,1122.926944444444
Pulse experiments,pioreactor01,2026-08-15T05:17:21.981Z,-0.011211704191,2026-08-15 11:02:21.981,1122.928333333333
Pulse experiments,pioreactor01,2026-08-15T05:17:26.983Z,-0.011166063077,2026-08-15 11:02:26.983,1122.929722222222
Pulse experiments,pioreactor01,2026-08-15T05:17:36.982Z,-0.010943163175,2026-08-15 11:02:36.982,1122.9325
Pulse experiments,pioreactor01,2026-08-15T05:17:41.981Z,-0.010996353624,2026-08-15 11:02:41.981,1122.933888888889
Pulse experiments,pioreactor01,2026-08-15T05:17:46.982Z,-0.011082013909,2026-08-15 11:02:46.982,1122.935277777778
Pulse experiments,pioreactor01,2026-08-15T05:17:51.982Z,-0.011102780896,2026-08-15 11:02:51.982,1122.936666666667
Pulse experiments,pioreactor01,2026-08-15T05:17:56.981Z,-0.010999977149,2026-08-15 11:02:56.981,1122.938055555556
Pulse experiments,pioreactor01,2026-08-15T05:18:01.983Z,-0.010964423637,2026-08-15 11:03:01.983,1122.939444444444
Pulse experiments,pioreactor01,2026-08-15T05:18:06.982Z,-0.011019460774,2026-08-15 11:03:06.982,1122.940833333333
Pulse experiments,pioreactor01,2026-08-15T05:18:11.983Z,-0.011202765438,2026-08-15 11:03:11.983,1122.942222222222
Pulse experiments,pioreactor01,2026-08-15T05:18:16.983Z,-0.011205865909,2026-08-15 11:03:16.983,1122.943611111111
Pulse experiments,pioreactor01,2026-08-15T05:18:21.983Z,-0.011302519978,2026-08-15 11:03:21.983,1122.945
Pulse experiments,pioreactor01,2026-08-15T05:18:26.982Z,-0.011215868549,2026-08-15 11:03:26.982,1122.946388888889
Pulse experiments,pioreactor01,2026-08-15T05:18:31.981Z,-0.011139423929,2026-08-15 11:03:31.981,1122.947777777778
Pulse experiments,pioreactor01,2026-08-15T05:18:36.982Z,-0.011173790027,2026-08-15 11:03:36.982,1122.949166666667
Pulse experiments,pioreactor01,2026-08-15T05:18:41.983Z,-0.011330661277,2026-08-15 11:03:41.983,1122.950555555556
Pulse experiments,pioreactor01,2026-08-15T05:18:46.983Z,-0.01135996351,2026-08-15 11:03:46.983,1122.951944444445
Pulse experiments,pioreactor01,2026-08-15T05:18:51.983Z,-0.011337943561,2026-08-15 11:03:51.983,1122.953333333333
Pulse experiments,pioreactor01,2026-08-15T05:18:56.982Z,-0.011362436373,2026-08-15 11:03:56.982,1122.954722222222
Pulse experiments,pioreactor01,2026-08-15T05:19:01.983Z,-0.011264451961,2026-08-15 11:04:01.983,1122.956111111111
Pulse experiments,pioreactor01,2026-08-15T05:19:06.982Z,-0.011230461255,2026-08-15 11:04:06.982,1122.9575
Pulse experiments,pioreactor01,2026-08-15T05:19:11.980Z,-0.011101883534,2026-08-15 11:04:11.980,1122.958888888889
Pulse experiments,pioreactor01,2026-08-15T05:19:16.984Z,-0.011132924379,2026-08-15 11:04:16.984,1122.960277777778
Pulse experiments,pioreactor01,2026-08-15T05:19:21.985Z,-0.011234578702,2026-08-15 11:04:21.985,1122.961666666667
Pulse experiments,pioreactor01,2026-08-15T05:19:26.981Z,-0.011247649229,2026-08-15 11:04:26.981,1122.963055555555
Pulse experiments,pioreactor01,2026-08-15T05:19:31.982Z,-0.011332127277,2026-08-15 11:04:31.982,1122.964444444445
Pulse experiments,pioreactor01,2026-08-15T05:19:36.982Z,-0.01127562401,2026-08-15 11:04:36.982,1122.965833333333
Pulse experiments,pioreactor01,2026-08-15T05:19:41.981Z,-0.011093002232,2026-08-15 11:04:41.981,1122.967222222222
Pulse experiments,pioreactor01,2026-08-15T05:19:46.982Z,-0.010974880409,2026-08-15 11:04:46.982,1122.968611111111
Pulse experiments,pioreactor01,2026-08-15T05:19:51.981Z,-0.010959745605,2026-08-15 11:04:51.981,1122.97
Pulse experiments,pioreactor01,2026-08-15T05:19:56.982Z,-0.010957887136,2026-08-15 11:04:56.982,1122.971388888889
Pulse experiments,pioreactor01,2026-08-15T05:20:01.982Z,-0.011084281476,2026-08-15 11:05:01.982,1122.972777777778
Pulse experiments,pioreactor01,2026-08-15T05:20:06.983Z,-0.011174655957,2026-08-15 11:05:06.983,1122.974166666667
Pulse experiments,pioreactor01,2026-08-15T05:20:11.981Z,-0.011326845127,2026-08-15 11:05:11.981,1122.975555555556
Pulse experiments,pioreactor01,2026-08-15T05:20:16.982Z,-0.011375075727,2026-08-15 11:05:16.982,1122.976944444444
Pulse experiments,pioreactor01,2026-08-15T05:20:21.983Z,-0.011452273303,2026-08-15 11:05:21.983,1122.978333333333
Pulse experiments,pioreactor01,2026-08-15T05:20:26.981Z,-0.011527334627,2026-08-15 11:05:26.981,1122.979722222222
Pulse experiments,pioreactor01,2026-08-15T05:20:31.982Z,-0.011886828156,2026-08-15 11:05:31.982,1122.981111111111
Pulse experiments,pioreactor01,2026-08-15T05:20:36.984Z,-0.011897335208,2026-08-15 11:05:36.984,1122.9825
Pulse experiments,pioreactor01,2026-08-15T05:20:41.981Z,-0.012098403637,2026-08-15 11:05:41.981,1122.983888888889
Pulse experiments,pioreactor01,2026-08-15T05:20:46.982Z,-0.011979896289,2026-08-15 11:05:46.982,1122.985277777778
Pulse experiments,pioreactor01,2026-08-15T05:20:51.981Z,-0.011913718535,2026-08-15 11:05:51.981,1122.986666666667
Pulse experiments,pioreactor01,2026-08-15T05:20:56.984Z,-0.01203198016,2026-08-15 11:05:56.984,1122.988055555556
Pulse experiments,pioreactor01,2026-08-15T05:21:01.982Z,-0.011964496917,2026-08-15 11:06:01.982,1122.989444444444
Pulse experiments,pioreactor01,2026-08-15T05:21:06.982Z,-0.011984614035,2026-08-15 11:06:06.982,1122.990833333333
Pulse experiments,pioreactor01,2026-08-15T05:21:11.982Z,-0.011910529451,2026-08-15 11:06:11.982,1122.992222222222
Pulse experiments,pioreactor01,2026-08-15T05:21:16.983Z,-0.011975056487,2026-08-15 11:06:16.983,1122.993611111111
Pulse experiments,pioreactor01,2026-08-15T05:21:21.980Z,-0.011859830441,2026-08-15 11:06:21.980,1122.995
Pulse experiments,pioreactor01,2026-08-15T05:21:26.982Z,-0.01170541974,2026-08-15 11:06:26.982,1122.996388888889
Pulse experiments,pioreactor01,2026-08-15T05:21:31.982Z,-0.011707411237,2026-08-15 11:06:31.982,1122.997777777778
Pulse experiments,pioreactor01,2026-08-15T05:21:36.982Z,-0.011844143839,2026-08-15 11:06:36.982,1122.999166666667
Pulse experiments,pioreactor01,2026-08-15T05:21:41.982Z,-0.011776907787,2026-08-15 11:06:41.982,1123.000555555556
Pulse experiments,pioreactor01,2026-08-15T05:21:46.983Z,-0.011615660088,2026-08-15 11:06:46.983,1123.001944444444
Pulse experiments,pioreactor01,2026-08-15T05:21:51.984Z,-0.011445151997,2026-08-15 11:06:51.984,1123.003333333333
Pulse experiments,pioreactor01,2026-08-15T05:21:56.981Z,-0.011482797324,2026-08-15 11:06:56.981,1123.004722222222
Pulse experiments,pioreactor01,2026-08-15T05:22:01.983Z,-0.011448474112,2026-08-15 11:07:01.983,1123.006111111111
Pulse experiments,pioreactor01,2026-08-15T05:22:06.982Z,-0.011477713593,2026-08-15 11:07:06.982,1123.0075
Pulse experiments,pioreactor01,2026-08-15T05:22:16.982Z,-0.011166041217,2026-08-15 11:07:16.982,1123.010277777778
Pulse experiments,pioreactor01,2026-08-15T05:22:21.981Z,-0.011043708156,2026-08-15 11:07:21.981,1123.011666666667
Pulse experiments,pioreactor01,2026-08-15T05:22:26.982Z,-0.011097942723,2026-08-15 11:07:26.982,1123.013055555556
Pulse experiments,pioreactor01,2026-08-15T05:22:31.982Z,-0.011116215342,2026-08-15 11:07:31.982,1123.014444444445
Pulse experiments,pioreactor01,2026-08-15T05:22:36.983Z,-0.01101853742,2026-08-15 11:07:36.983,1123.015833333333
Pulse experiments,pioreactor01,2026-08-15T05:22:41.982Z,-0.010896714867,2026-08-15 11:07:41.982,1123.017222222222
Pulse experiments,pioreactor01,2026-08-15T05:22:46.983Z,-0.010825534846,2026-08-15 11:07:46.983,1123.018611111111
Pulse experiments,pioreactor01,2026-08-15T05:22:51.981Z,-0.010936055072,2026-08-15 11:07:51.981,1123.02
Pulse experiments,pioreactor01,2026-08-15T05:22:56.982Z,-0.010797798,2026-08-15 11:07:56.982,1123.021388888889
Pulse experiments,pioreactor01,2026-08-15T05:23:01.982Z,-0.010761961282,2026-08-15 11:08:01.982,1123.022777777778
Pulse experiments,pioreactor01,2026-08-15T05:23:06.984Z,-0.010797198458,2026-08-15 11:08:06.984,1123.024166666667
Pulse experiments,pioreactor01,2026-08-15T05:23:11.981Z,-0.0107504306,2026-08-15 11:08:11.981,1123.025555555555
Pulse experiments,pioreactor01,2026-08-15T05:23:16.981Z,-0.010688935272,2026-08-15 11:08:16.981,1123.026944444445
Pulse experiments,pioreactor01,2026-08-15T05:23:21.984Z,-0.010714530368,2026-08-15 11:08:21.984,1123.028333333333
Pulse experiments,pioreactor01,2026-08-15T05:23:26.983Z,-0.010651074288,2026-08-15 11:08:26.983,1123.029722222222
Pulse experiments,pioreactor01,2026-08-15T05:23:31.982Z,-0.01057084019,2026-08-15 11:08:31.982,1123.031111111111
Pulse experiments,pioreactor01,2026-08-15T05:23:36.982Z,-0.01062511297,2026-08-15 11:08:36.982,1123.0325
Pulse experiments,pioreactor01,2026-08-15T05:23:41.981Z,-0.010647440549,2026-08-15 11:08:41.981,1123.033888888889
Pulse experiments,pioreactor01,2026-08-15T05:23:46.982Z,-0.01059921586,2026-08-15 11:08:46.982,1123.035277777778
Pulse experiments,pioreactor01,2026-08-15T05:23:51.982Z,-0.010555050891,2026-08-15 11:08:51.982,1123.036666666667
Pulse experiments,pioreactor01,2026-08-15T05:23:56.983Z,-0.010459982953,2026-08-15 11:08:56.983,1123.038055555556
Pulse experiments,pioreactor01,2026-08-15T05:24:01.983Z,-0.010338105436,2026-08-15 11:09:01.983,1123.039444444444
Pulse experiments,pioreactor01,2026-08-15T05:24:06.983Z,-0.010257595878,2026-08-15 11:09:06.983,1123.040833333333
Pulse experiments,pioreactor01,2026-08-15T05:24:11.981Z,-0.010191459633,2026-08-15 11:09:11.981,1123.042222222222
Pulse experiments,pioreactor01,2026-08-15T05:24:16.983Z,-0.010269863034,2026-08-15 11:09:16.983,1123.043611111111
Pulse experiments,pioreactor01,2026-08-15T05:24:21.981Z,-0.010212382442,2026-08-15 11:09:21.981,1123.045
Pulse experiments,pioreactor01,2026-08-15T05:24:26.981Z,-0.010177985045,2026-08-15 11:09:26.981,1123.046388888889
Pulse experiments,pioreactor01,2026-08-15T05:24:31.981Z,-0.01017701945,2026-08-15 11:09:31.981,1123.047777777778
Pulse experiments,pioreactor01,2026-08-15T05:24:36.982Z,-0.010059006961,2026-08-15 11:09:36.982,1123.049166666667
Pulse experiments,pioreactor01,2026-08-15T05:24:41.982Z,-0.009930451263,2026-08-15 11:09:41.982,1123.050555555556
Pulse experiments,pioreactor01,2026-08-15T05:24:46.983Z,-0.009902408064,2026-08-15 11:09:46.983,1123.051944444444
Pulse experiments,pioreactor01,2026-08-15T05:24:51.983Z,-0.00990506312,2026-08-15 11:09:51.983,1123.053333333333
Pulse experiments,pioreactor01,2026-08-15T05:24:56.982Z,-0.009886193648,2026-08-15 11:09:56.982,1123.054722222222
Pulse experiments,pioreactor01,2026-08-15T05:25:01.984Z,-0.009746941394,2026-08-15 11:10:01.984,1123.056111111111
Pulse experiments,pioreactor01,2026-08-15T05:25:06.981Z,-0.009830658693,2026-08-15 11:10:06.981,1123.0575
Pulse experiments,pioreactor01,2026-08-15T05:25:11.982Z,-0.009865924669,2026-08-15 11:10:11.982,1123.058888888889
Pulse experiments,pioreactor01,2026-08-15T05:25:16.982Z,-0.009963101458,2026-08-15 11:10:16.982,1123.060277777778
Pulse experiments,pioreactor01,2026-08-15T05:25:21.982Z,-0.010054417042,2026-08-15 11:10:21.982,1123.061666666667
Pulse experiments,pioreactor01,2026-08-15T05:25:26.980Z,-0.010117733213,2026-08-15 11:10:26.980,1123.063055555556
Pulse experiments,pioreactor01,2026-08-15T05:25:31.983Z,-0.009993908792,2026-08-15 11:10:31.983,1123.064444444444
Pulse experiments,pioreactor01,2026-08-15T05:25:36.981Z,-0.010010961298,2026-08-15 11:10:36.981,1123.065833333333
Pulse experiments,pioreactor01,2026-08-15T05:25:41.982Z,-0.010045326955,2026-08-15 11:10:41.982,1123.067222222222
Pulse experiments,pioreactor01,2026-08-15T05:25:46.982Z,-0.010117835126,2026-08-15 11:10:46.982,1123.068611111111
Pulse experiments,pioreactor01,2026-08-15T05:25:51.983Z,-0.010081307969,2026-08-15 11:10:51.983,1123.07
Pulse experiments,pioreactor01,2026-08-15T05:25:56.983Z,-0.00993461862,2026-08-15 11:10:56.983,1123.071388888889
Pulse experiments,pioreactor01,2026-08-15T05:26:01.983Z,-0.009881994296,2026-08-15 11:11:01.983,1123.072777777778
Pulse experiments,pioreactor01,2026-08-15T05:26:06.983Z,-0.009886208758,2026-08-15 11:11:06.983,1123.074166666667
Pulse experiments,pioreactor01,2026-08-15T05:26:11.983Z,-0.009979148896,2026-08-15 11:11:11.983,1123.075555555556
Pulse experiments,pioreactor01,2026-08-15T05:26:16.984Z,-0.009948200553,2026-08-15 11:11:16.984,1123.076944444445
Pulse experiments,pioreactor01,2026-08-15T05:26:21.983Z,-0.009823972408,2026-08-15 11:11:21.983,1123.078333333333
Pulse experiments,pioreactor01,2026-08-15T05:26:26.982Z,-0.009636327807,2026-08-15 11:11:26.982,1123.079722222222
Pulse experiments,pioreactor01,2026-08-15T05:26:31.984Z,-0.009486038168,2026-08-15 11:11:31.984,1123.081111111111
Pulse experiments,pioreactor01,2026-08-15T05:26:36.982Z,-0.009546066048,2026-08-15 11:11:36.982,1123.0825
Pulse experiments,pioreactor01,2026-08-15T05:26:41.983Z,-0.009761037531,2026-08-15 11:11:41.983,1123.083888888889
Pulse experiments,pioreactor01,2026-08-15T05:26:46.982Z,-0.009871636204,2026-08-15 11:11:46.982,1123.085277777778
Pulse experiments,pioreactor01,2026-08-15T05:26:51.982Z,-0.00993669576,2026-08-15 11:11:51.982,1123.086666666667
Pulse experiments,pioreactor01,2026-08-15T05:26:56.982Z,-0.009915187331,2026-08-15 11:11:56.982,1123.088055555555
Pulse experiments,pioreactor01,2026-08-15T05:27:01.980Z,-0.009879867557,2026-08-15 11:12:01.980,1123.089444444445
Pulse experiments,pioreactor01,2026-08-15T05:27:06.983Z,-0.009854770891,2026-08-15 11:12:06.983,1123.090833333333
Pulse experiments,pioreactor01,2026-08-15T05:27:11.983Z,-0.009822596456,2026-08-15 11:12:11.983,1123.092222222222
Pulse experiments,pioreactor01,2026-08-15T05:27:16.982Z,-0.009669100935,2026-08-15 11:12:16.982,1123.093611111111
Pulse experiments,pioreactor01,2026-08-15T05:27:21.981Z,-0.009497227852,2026-08-15 11:12:21.981,1123.095
Pulse experiments,pioreactor01,2026-08-15T05:27:26.982Z,-0.009417253238,2026-08-15 11:12:26.982,1123.096388888889
Pulse experiments,pioreactor01,2026-08-15T05:27:31.980Z,-0.009413379998,2026-08-15 11:12:31.980,1123.097777777778
Pulse experiments,pioreactor01,2026-08-15T05:27:36.981Z,-0.009362826248,2026-08-15 11:12:36.981,1123.099166666667
Pulse experiments,pioreactor01,2026-08-15T05:27:41.981Z,-0.009268591999,2026-08-15 11:12:41.981,1123.100555555556
Pulse experiments,pioreactor01,2026-08-15T05:27:46.983Z,-0.00911441069,2026-08-15 11:12:46.983,1123.101944444444
Pulse experiments,pioreactor01,2026-08-15T05:27:51.982Z,-0.008988009069,2026-08-15 11:12:51.982,1123.103333333333
Pulse experiments,pioreactor01,2026-08-15T05:27:56.981Z,-0.008854539607,2026-08-15 11:12:56.981,1123.104722222222
Pulse experiments,pioreactor01,2026-08-15T05:28:01.981Z,-0.008714379637,2026-08-15 11:13:01.981,1123.106111111111
Pulse experiments,pioreactor01,2026-08-15T05:28:06.983Z,-0.008591451581,2026-08-15 11:13:06.983,1123.1075
Pulse experiments,pioreactor01,2026-08-15T05:28:11.982Z,-0.008583915974,2026-08-15 11:13:11.982,1123.108888888889
Pulse experiments,pioreactor01,2026-08-15T05:28:16.984Z,-0.008643405247,2026-08-15 11:13:16.984,1123.110277777778
Pulse experiments,pioreactor01,2026-08-15T05:28:21.982Z,-0.008657460187,2026-08-15 11:13:21.982,1123.111666666667
Pulse experiments,pioreactor01,2026-08-15T05:28:26.982Z,-0.008618342518,2026-08-15 11:13:26.982,1123.113055555556
Pulse experiments,pioreactor01,2026-08-15T05:28:31.982Z,-0.008658184313,2026-08-15 11:13:31.982,1123.114444444444
Pulse experiments,pioreactor01,2026-08-15T05:28:36.982Z,-0.008589626419,2026-08-15 11:13:36.982,1123.115833333333
Pulse experiments,pioreactor01,2026-08-15T05:28:41.982Z,-0.008499113901,2026-08-15 11:13:41.982,1123.117222222222
Pulse experiments,pioreactor01,2026-08-15T05:28:46.983Z,-0.00846334012,2026-08-15 11:13:46.983,1123.118611111111
Pulse experiments,pioreactor01,2026-08-15T05:28:51.983Z,-0.008487655886,2026-08-15 11:13:51.983,1123.12
Pulse experiments,pioreactor01,2026-08-15T05:28:56.983Z,-0.008444467899,2026-08-15 11:13:56.983,1123.121388888889
Pulse experiments,pioreactor01,2026-08-15T05:29:01.984Z,-0.008430353277,2026-08-15 11:14:01.984,1123.122777777778
Pulse experiments,pioreactor01,2026-08-15T05:29:06.983Z,-0.008448231189,2026-08-15 11:14:06.983,1123.124166666667
Pulse experiments,pioreactor01,2026-08-15T05:29:11.982Z,-0.008367421539,2026-08-15 11:14:11.982,1123.125555555556
Pulse experiments,pioreactor01,2026-08-15T05:29:16.981Z,-0.00825675675,2026-08-15 11:14:16.981,1123.126944444444
Pulse experiments,pioreactor01,2026-08-15T05:29:21.984Z,-0.008316967356,2026-08-15 11:14:21.984,1123.128333333333
Pulse experiments,pioreactor01,2026-08-15T05:29:26.982Z,-0.008274781508,2026-08-15 11:14:26.982,1123.129722222222
Pulse experiments,pioreactor01,2026-08-15T05:29:31.982Z,-0.008162629962,2026-08-15 11:14:31.982,1123.131111111111
Pulse experiments,pioreactor01,2026-08-15T05:29:36.983Z,-0.008085632507,2026-08-15 11:14:36.983,1123.1325
Pulse experiments,pioreactor01,2026-08-15T05:29:41.982Z,-0.008043041472,2026-08-15 11:14:41.982,1123.133888888889
Pulse experiments,pioreactor01,2026-08-15T05:29:46.983Z,-0.008123185242,2026-08-15 11:14:46.983,1123.135277777778
Pulse experiments,pioreactor01,2026-08-15T05:29:51.981Z,-0.008295416944,2026-08-15 11:14:51.981,1123.136666666667
Pulse experiments,pioreactor01,2026-08-15T05:29:56.981Z,-0.008316815967,2026-08-15 11:14:56.981,1123.138055555556
Pulse experiments,pioreactor01,2026-08-15T05:30:01.982Z,-0.008253064176,2026-08-15 11:15:01.982,1123.139444444445
Pulse experiments,pioreactor01,2026-08-15T05:30:06.984Z,-0.008078756691,2026-08-15 11:15:06.984,1123.140833333333
Pulse experiments,pioreactor01,2026-08-15T05:30:11.983Z,-0.007962569647,2026-08-15 11:15:11.983,1123.142222222222
Pulse experiments,pioreactor01,2026-08-15T05:30:16.983Z,-0.007883031716,2026-08-15 11:15:16.983,1123.143611111111
Pulse experiments,pioreactor01,2026-08-15T05:30:21.982Z,-0.007896543071,2026-08-15 11:15:21.982,1123.145
Pulse experiments,pioreactor01,2026-08-15T05:30:26.982Z,-0.007812123737,2026-08-15 11:15:26.982,1123.146388888889
Pulse experiments,pioreactor01,2026-08-15T05:30:31.981Z,-0.007822270321,2026-08-15 11:15:31.981,1123.147777777778
Pulse experiments,pioreactor01,2026-08-15T05:30:36.982Z,-0.007771236407,2026-08-15 11:15:36.982,1123.149166666667
Pulse experiments,pioreactor01,2026-08-15T05:30:46.984Z,-0.007751545429,2026-08-15 11:15:46.984,1123.151944444445
Pulse experiments,pioreactor01,2026-08-15T05:30:51.981Z,-0.007666645813,2026-08-15 11:15:51.981,1123.153333333333
Pulse experiments,pioreactor01,2026-08-15T05:30:56.984Z,-0.007752415878,2026-08-15 11:15:56.984,1123.154722222222
Pulse experiments,pioreactor01,2026-08-15T05:31:01.981Z,-0.007777301927,2026-08-15 11:16:01.981,1123.156111111111
Pulse experiments,pioreactor01,2026-08-15T05:31:06.984Z,-0.007829230574,2026-08-15 11:16:06.984,1123.1575
Pulse experiments,pioreactor01,2026-08-15T05:31:11.981Z,-0.007727304257,2026-08-15 11:16:11.981,1123.158888888889
Pulse experiments,pioreactor01,2026-08-15T05:31:16.981Z,-0.007621719348,2026-08-15 11:16:16.981,1123.160277777778
Pulse experiments,pioreactor01,2026-08-15T05:31:21.982Z,-0.007633593166,2026-08-15 11:16:21.982,1123.161666666667
Pulse experiments,pioreactor01,2026-08-15T05:31:26.982Z,-0.007509780761,2026-08-15 11:16:26.982,1123.163055555556
Pulse experiments,pioreactor01,2026-08-15T05:31:31.983Z,-0.007506830886,2026-08-15 11:16:31.983,1123.164444444444
Pulse experiments,pioreactor01,2026-08-15T05:31:36.982Z,-0.007454900984,2026-08-15 11:16:36.982,1123.165833333333
Pulse experiments,pioreactor01,2026-08-15T05:31:41.982Z,-0.007525486416,2026-08-15 11:16:41.982,1123.167222222222
Pulse experiments,pioreactor01,2026-08-15T05:31:46.981Z,-0.007452536726,2026-08-15 11:16:46.981,1123.168611111111
Pulse experiments,pioreactor01,2026-08-15T05:31:51.983Z,-0.007443940112,2026-08-15 11:16:51.983,1123.17
Pulse experiments,pioreactor01,2026-08-15T05:31:56.981Z,-0.007414675917,2026-08-15 11:16:56.981,1123.171388888889
Pulse experiments,pioreactor01,2026-08-15T05:32:01.984Z,-0.00751856985,2026-08-15 11:17:01.984,1123.172777777778
Pulse experiments,pioreactor01,2026-08-15T05:32:06.982Z,-0.007515067057,2026-08-15 11:17:06.982,1123.174166666667
Pulse experiments,pioreactor01,2026-08-15T05:32:11.983Z,-0.007640846398,2026-08-15 11:17:11.983,1123.175555555556
Pulse experiments,pioreactor01,2026-08-15T05:32:16.982Z,-0.007752263516,2026-08-15 11:17:16.982,1123.176944444444
Pulse experiments,pioreactor01,2026-08-15T05:32:26.981Z,-0.007886950751,2026-08-15 11:17:26.981,1123.179722222222
Pulse experiments,pioreactor01,2026-08-15T05:32:31.981Z,-0.008054463156,2026-08-15 11:17:31.981,1123.181111111111
Pulse experiments,pioreactor01,2026-08-15T05:32:36.982Z,-0.008032997899,2026-08-15 11:17:36.982,1123.1825
Pulse experiments,pioreactor01,2026-08-15T05:32:41.981Z,-0.008169965448,2026-08-15 11:17:41.981,1123.183888888889
Pulse experiments,pioreactor01,2026-08-15T05:32:46.983Z,-0.008094975324,2026-08-15 11:17:46.983,1123.185277777778
Pulse experiments,pioreactor01,2026-08-15T05:32:51.982Z,-0.008145087018,2026-08-15 11:17:51.982,1123.186666666667
Pulse experiments,pioreactor01,2026-08-15T05:32:56.983Z,-0.008098500754,2026-08-15 11:17:56.983,1123.188055555556
Pulse experiments,pioreactor01,2026-08-15T05:33:01.981Z,-0.008125858488,2026-08-15 11:18:01.981,1123.189444444444
Pulse experiments,pioreactor01,2026-08-15T05:33:06.982Z,-0.008073165182,2026-08-15 11:18:06.982,1123.190833333333
Pulse experiments,pioreactor01,2026-08-15T05:33:11.981Z,-0.007917647534,2026-08-15 11:18:11.981,1123.192222222222
Pulse experiments,pioreactor01,2026-08-15T05:33:21.981Z,-0.007782668345,2026-08-15 11:18:21.981,1123.195
Pulse experiments,pioreactor01,2026-08-15T05:33:26.982Z,-0.007726131311,2026-08-15 11:18:26.982,1123.196388888889
Pulse experiments,pioreactor01,2026-08-15T05:33:31.982Z,-0.007790727608,2026-08-15 11:18:31.982,1123.197777777778
Pulse experiments,pioreactor01,2026-08-15T05:33:36.982Z,-0.007726162042,2026-08-15 11:18:36.982,1123.199166666667
Pulse experiments,pioreactor01,2026-08-15T05:33:41.983Z,-0.007710291281,2026-08-15 11:18:41.983,1123.200555555556
Pulse experiments,pioreactor01,2026-08-15T05:33:46.981Z,-0.007483446716,2026-08-15 11:18:46.981,1123.201944444445
Pulse experiments,pioreactor01,2026-08-15T05:33:51.985Z,-0.007310086176,2026-08-15 11:18:51.985,1123.203333333333
Pulse experiments,pioreactor01,2026-08-15T05:33:56.982Z,-0.007170869005,2026-08-15 11:18:56.982,1123.204722222222
Pulse experiments,pioreactor01,2026-08-15T05:34:01.981Z,-0.007176702928,2026-08-15 11:19:01.981,1123.206111111111
Pulse experiments,pioreactor01,2026-08-15T05:34:06.980Z,-0.007286394991,2026-08-15 11:19:06.980,1123.2075
Pulse experiments,pioreactor01,2026-08-15T05:34:11.982Z,-0.007446381607,2026-08-15 11:19:11.982,1123.208888888889
Pulse experiments,pioreactor01,2026-08-15T05:34:16.983Z,-0.007612154882,2026-08-15 11:19:16.983,1123.210277777778
Pulse experiments,pioreactor01,2026-08-15T05:34:21.982Z,-0.007775059823,2026-08-15 11:19:21.982,1123.211666666667
Pulse experiments,pioreactor01,2026-08-15T05:34:26.982Z,-0.007643473789,2026-08-15 11:19:26.982,1123.213055555555
Pulse experiments,pioreactor01,2026-08-15T05:34:31.982Z,-0.00744788954,2026-08-15 11:19:31.982,1123.214444444445
Pulse experiments,pioreactor01,2026-08-15T05:34:36.982Z,-0.007300741693,2026-08-15 11:19:36.982,1123.215833333333
Pulse experiments,pioreactor01,2026-08-15T05:34:41.981Z,-0.007173854514,2026-08-15 11:19:41.981,1123.217222222222
Pulse experiments,pioreactor01,2026-08-15T05:34:46.982Z,-0.007007804591,2026-08-15 11:19:46.982,1123.218611111111
Pulse experiments,pioreactor01,2026-08-15T05:34:51.980Z,-0.007002446877,2026-08-15 11:19:51.980,1123.22
Pulse experiments,pioreactor01,2026-08-15T05:34:56.981Z,-0.007007765346,2026-08-15 11:19:56.981,1123.221388888889
Pulse experiments,pioreactor01,2026-08-15T05:35:01.981Z,-0.007041337878,2026-08-15 11:20:01.981,1123.222777777778
Pulse experiments,pioreactor01,2026-08-15T05:35:06.983Z,-0.006876288274,2026-08-15 11:20:06.983,1123.224166666667
Pulse experiments,pioreactor01,2026-08-15T05:35:11.983Z,-0.0067032242,2026-08-15 11:20:11.983,1123.225555555556
Pulse experiments,pioreactor01,2026-08-15T05:35:21.982Z,-0.006643670943,2026-08-15 11:20:21.982,1123.228333333333
Pulse experiments,pioreactor01,2026-08-15T05:35:26.983Z,-0.006509718365,2026-08-15 11:20:26.983,1123.229722222222
Pulse experiments,pioreactor01,2026-08-15T05:35:31.981Z,-0.006446665747,2026-08-15 11:20:31.981,1123.231111111111
Pulse experiments,pioreactor01,2026-08-15T05:35:36.983Z,-0.006362409975,2026-08-15 11:20:36.983,1123.2325
Pulse experiments,pioreactor01,2026-08-15T05:35:41.984Z,-0.006312266409,2026-08-15 11:20:41.984,1123.233888888889
Pulse experiments,pioreactor01,2026-08-15T05:35:46.981Z,-0.006305015077,2026-08-15 11:20:46.981,1123.235277777778
Pulse experiments,pioreactor01,2026-08-15T05:35:51.983Z,-0.006410500662,2026-08-15 11:20:51.983,1123.236666666667
Pulse experiments,pioreactor01,2026-08-15T05:35:56.984Z,-0.006540893167,2026-08-15 11:20:56.984,1123.238055555556
Pulse experiments,pioreactor01,2026-08-15T05:36:01.986Z,-0.00655978061,2026-08-15 11:21:01.986,1123.239444444444
Pulse experiments,pioreactor01,2026-08-15T05:36:06.982Z,-0.006657461296,2026-08-15 11:21:06.982,1123.240833333333
Pulse experiments,pioreactor01,2026-08-15T05:36:11.981Z,-0.006596545397,2026-08-15 11:21:11.981,1123.242222222222
Pulse experiments,pioreactor01,2026-08-15T05:36:16.981Z,-0.006623807776,2026-08-15 11:21:16.981,1123.243611111111
Pulse experiments,pioreactor01,2026-08-15T05:36:21.982Z,-0.006557460146,2026-08-15 11:21:21.982,1123.245
Pulse experiments,pioreactor01,2026-08-15T05:36:26.981Z,-0.006589064515,2026-08-15 11:21:26.981,1123.246388888889
Pulse experiments,pioreactor01,2026-08-15T05:36:31.984Z,-0.006718447965,2026-08-15 11:21:31.984,1123.247777777778
Pulse experiments,pioreactor01,2026-08-15T05:36:36.981Z,-0.006696931424,2026-08-15 11:21:36.981,1123.249166666667
Pulse experiments,pioreactor01,2026-08-15T05:36:41.981Z,-0.006721575311,2026-08-15 11:21:41.981,1123.250555555556
Pulse experiments,pioreactor01,2026-08-15T05:36:46.982Z,-0.006763098068,2026-08-15 11:21:46.982,1123.251944444444
Pulse experiments,pioreactor01,2026-08-15T05:36:51.983Z,-0.006776905894,2026-08-15 11:21:51.983,1123.253333333333
Pulse experiments,pioreactor01,2026-08-15T05:36:56.984Z,-0.006665447968,2026-08-15 11:21:56.984,1123.254722222222
Pulse experiments,pioreactor01,2026-08-15T05:37:01.982Z,-0.006591853905,2026-08-15 11:22:01.982,1123.256111111111
Pulse experiments,pioreactor01,2026-08-15T05:37:06.981Z,-0.006675350756,2026-08-15 11:22:06.981,1123.2575
Pulse experiments,pioreactor01,2026-08-15T05:37:11.983Z,-0.006751517592,2026-08-15 11:22:11.983,1123.258888888889
Pulse experiments,pioreactor01,2026-08-15T05:37:16.982Z,-0.006722454684,2026-08-15 11:22:16.982,1123.260277777778
Pulse experiments,pioreactor01,2026-08-15T05:37:21.984Z,-0.006599044048,2026-08-15 11:22:21.984,1123.261666666667
Pulse experiments,pioreactor01,2026-08-15T05:37:26.981Z,-0.006575705155,2026-08-15 11:22:26.981,1123.263055555556
Pulse experiments,pioreactor01,2026-08-15T05:37:31.982Z,-0.006667052001,2026-08-15 11:22:31.982,1123.264444444445
Pulse experiments,pioreactor01,2026-08-15T05:37:36.981Z,-0.006746203851,2026-08-15 11:22:36.981,1123.265833333333
Pulse experiments,pioreactor01,2026-08-15T05:37:41.982Z,-0.006822055856,2026-08-15 11:22:41.982,1123.267222222222
Pulse experiments,pioreactor01,2026-08-15T05:37:51.982Z,-0.006839411601,2026-08-15 11:22:51.982,1123.27
Pulse experiments,pioreactor01,2026-08-15T05:37:56.982Z,-0.006773176415,2026-08-15 11:22:56.982,1123.271388888889
Pulse experiments,pioreactor01,2026-08-15T05:38:01.981Z,-0.006713001054,2026-08-15 11:23:01.981,1123.272777777778
Pulse experiments,pioreactor01,2026-08-15T05:38:06.983Z,-0.006584493171,2026-08-15 11:23:06.983,1123.274166666667
Pulse experiments,pioreactor01,2026-08-15T05:38:11.982Z,-0.006489423503,2026-08-15 11:23:11.982,1123.275555555555
Pulse experiments,pioreactor01,2026-08-15T05:38:16.983Z,-0.006386693722,2026-08-15 11:23:16.983,1123.276944444445
Pulse experiments,pioreactor01,2026-08-15T05:38:21.981Z,-0.006330669216,2026-08-15 11:23:21.981,1123.278333333333
Pulse experiments,pioreactor01,2026-08-15T05:38:26.983Z,-0.006338581126,2026-08-15 11:23:26.983,1123.279722222222
Pulse experiments,pioreactor01,2026-08-15T05:38:31.981Z,-0.006448621134,2026-08-15 11:23:31.981,1123.281111111111
Pulse experiments,pioreactor01,2026-08-15T05:38:36.982Z,-0.006489989483,2026-08-15 11:23:36.982,1123.2825
Pulse experiments,pioreactor01,2026-08-15T05:38:41.982Z,-0.006498682635,2026-08-15 11:23:41.982,1123.283888888889
Pulse experiments,pioreactor01,2026-08-15T05:38:46.983Z,-0.006425699481,2026-08-15 11:23:46.983,1123.285277777778
Pulse experiments,pioreactor01,2026-08-15T05:38:51.983Z,-0.006282670101,2026-08-15 11:23:51.983,1123.286666666667
Pulse experiments,pioreactor01,2026-08-15T05:38:56.983Z,-0.006313393686,2026-08-15 11:23:56.983,1123.288055555556
Pulse experiments,pioreactor01,2026-08-15T05:39:01.983Z,-0.006267998137,2026-08-15 11:24:01.983,1123.289444444444
Pulse experiments,pioreactor01,2026-08-15T05:39:06.981Z,-0.006235407187,2026-08-15 11:24:06.981,1123.290833333333
Pulse experiments,pioreactor01,2026-08-15T05:39:11.982Z,-0.006171436957,2026-08-15 11:24:11.982,1123.292222222222
Pulse experiments,pioreactor01,2026-08-15T05:39:16.982Z,-0.006051730626,2026-08-15 11:24:16.982,1123.293611111111
Pulse experiments,pioreactor01,2026-08-15T05:39:21.982Z,-0.005977588656,2026-08-15 11:24:21.982,1123.295
Pulse experiments,pioreactor01,2026-08-15T05:39:26.983Z,-0.005881974137,2026-08-15 11:24:26.983,1123.296388888889
Pulse experiments,pioreactor01,2026-08-15T05:39:31.983Z,-0.006069759026,2026-08-15 11:24:31.983,1123.297777777778
Pulse experiments,pioreactor01,2026-08-15T05:39:36.982Z,-0.006047247058,2026-08-15 11:24:36.982,1123.299166666667
Pulse experiments,pioreactor01,2026-08-15T05:39:41.982Z,-0.006089400637,2026-08-15 11:24:41.982,1123.300555555556
Pulse experiments,pioreactor01,2026-08-15T05:39:46.983Z,-0.006076620399,2026-08-15 11:24:46.983,1123.301944444444
Pulse experiments,pioreactor01,2026-08-15T05:39:51.982Z,-0.006176229257,2026-08-15 11:24:51.982,1123.303333333333
Pulse experiments,pioreactor01,2026-08-15T05:39:56.981Z,-0.006369898918,2026-08-15 11:24:56.981,1123.304722222222
Pulse experiments,pioreactor01,2026-08-15T05:40:01.981Z,-0.006615962391,2026-08-15 11:25:01.981,1123.306111111111
Pulse experiments,pioreactor01,2026-08-15T05:40:06.981Z,-0.006628340802,2026-08-15 11:25:06.981,1123.3075
Pulse experiments,pioreactor01,2026-08-15T05:40:11.984Z,-0.006606455559,2026-08-15 11:25:11.984,1123.308888888889
Pulse experiments,pioreactor01,2026-08-15T05:40:16.982Z,-0.006740271744,2026-08-15 11:25:16.982,1123.310277777778
Pulse experiments,pioreactor01,2026-08-15T05:40:21.982Z,-0.006756092359,2026-08-15 11:25:21.982,1123.311666666667
Pulse experiments,pioreactor01,2026-08-15T05:40:26.983Z,-0.006709007069,2026-08-15 11:25:26.983,1123.313055555556
Pulse experiments,pioreactor01,2026-08-15T05:40:31.982Z,-0.006589904607,2026-08-15 11:25:31.982,1123.314444444444
Pulse experiments,pioreactor01,2026-08-15T05:40:36.982Z,-0.006469763236,2026-08-15 11:25:36.982,1123.315833333333
Pulse experiments,pioreactor01,2026-08-15T05:40:41.982Z,-0.006382230689,2026-08-15 11:25:41.982,1123.317222222222
Pulse experiments,pioreactor01,2026-08-15T05:40:46.981Z,-0.006451754034,2026-08-15 11:25:46.981,1123.318611111111
Pulse experiments,pioreactor01,2026-08-15T05:40:51.984Z,-0.00635650947,2026-08-15 11:25:51.984,1123.32
Pulse experiments,pioreactor01,2026-08-15T05:40:56.984Z,-0.006251437452,2026-08-15 11:25:56.984,1123.321388888889
Pulse experiments,pioreactor01,2026-08-15T05:41:01.982Z,-0.006247068502,2026-08-15 11:26:01.982,1123.322777777778
Pulse experiments,pioreactor01,2026-08-15T05:41:06.981Z,-0.006258578607,2026-08-15 11:26:06.981,1123.324166666667
Pulse experiments,pioreactor01,2026-08-15T05:41:11.984Z,-0.006269316328,2026-08-15 11:26:11.984,1123.325555555556
Pulse experiments,pioreactor01,2026-08-15T05:41:16.982Z,-0.006126498765,2026-08-15 11:26:16.982,1123.326944444445
Pulse experiments,pioreactor01,2026-08-15T05:41:21.983Z,-0.006073030869,2026-08-15 11:26:21.983,1123.328333333333
Pulse experiments,pioreactor01,2026-08-15T05:41:26.981Z,-0.006122422156,2026-08-15 11:26:26.981,1123.329722222222
Pulse experiments,pioreactor01,2026-08-15T05:41:31.985Z,-0.006099871155,2026-08-15 11:26:31.985,1123.331111111111
Pulse experiments,pioreactor01,2026-08-15T05:41:36.984Z,-0.006159685676,2026-08-15 11:26:36.984,1123.3325
Pulse experiments,pioreactor01,2026-08-15T05:41:41.981Z,-0.006156566749,2026-08-15 11:26:41.981,1123.333888888889
Pulse experiments,pioreactor01,2026-08-15T05:41:46.983Z,-0.006139410188,2026-08-15 11:26:46.983,1123.335277777778
Pulse experiments,pioreactor01,2026-08-15T05:41:51.985Z,-0.006084713274,2026-08-15 11:26:51.985,1123.336666666667
Pulse experiments,pioreactor01,2026-08-15T05:41:56.982Z,-0.006021116067,2026-08-15 11:26:56.982,1123.338055555555
Pulse experiments,pioreactor01,2026-08-15T05:42:01.984Z,-0.006150510715,2026-08-15 11:27:01.984,1123.339444444445
Pulse experiments,pioreactor01,2026-08-15T05:42:06.981Z,-0.006195143839,2026-08-15 11:27:06.981,1123.340833333333
Pulse experiments,pioreactor01,2026-08-15T05:42:11.982Z,-0.006262203807,2026-08-15 11:27:11.982,1123.342222222222
Pulse experiments,pioreactor01,2026-08-15T05:42:16.982Z,-0.006132798164,2026-08-15 11:27:16.982,1123.343611111111
Pulse experiments,pioreactor01,2026-08-15T05:42:21.982Z,-0.006107071548,2026-08-15 11:27:21.982,1123.345
Pulse experiments,pioreactor01,2026-08-15T05:42:26.981Z,-0.006177981021,2026-08-15 11:27:26.981,1123.346388888889
Pulse experiments,pioreactor01,2026-08-15T05:42:31.982Z,-0.006128235482,2026-08-15 11:27:31.982,1123.347777777778
Pulse experiments,pioreactor01,2026-08-15T05:42:36.982Z,-0.006143125497,2026-08-15 11:27:36.982,1123.349166666667
Pulse experiments,pioreactor01,2026-08-15T05:42:46.982Z,-0.006115249734,2026-08-15 11:27:46.982,1123.351944444444
Pulse experiments,pioreactor01,2026-08-15T05:42:56.982Z,-0.006000605589,2026-08-15 11:27:56.982,1123.354722222222
Pulse experiments,pioreactor01,2026-08-15T05:43:01.982Z,-0.006030191908,2026-08-15 11:28:01.982,1123.356111111111
Pulse experiments,pioreactor01,2026-08-15T05:43:06.983Z,-0.00598909732,2026-08-15 11:28:06.983,1123.3575
Pulse experiments,pioreactor01,2026-08-15T05:43:11.982Z,-0.005920064401,2026-08-15 11:28:11.982,1123.358888888889
Pulse experiments,pioreactor01,2026-08-15T05:43:16.982Z,-0.005958320514,2026-08-15 11:28:16.982,1123.360277777778
Pulse experiments,pioreactor01,2026-08-15T05:43:21.982Z,-0.005922209675,2026-08-15 11:28:21.982,1123.361666666667
Pulse experiments,pioreactor01,2026-08-15T05:43:26.983Z,-0.006054688067,2026-08-15 11:28:26.983,1123.363055555556
Pulse experiments,pioreactor01,2026-08-15T05:43:31.982Z,-0.005970076963,2026-08-15 11:28:31.982,1123.364444444444
Pulse experiments,pioreactor01,2026-08-15T05:43:36.981Z,-0.005906566233,2026-08-15 11:28:36.981,1123.365833333333
Pulse experiments,pioreactor01,2026-08-15T05:43:41.981Z,-0.005964465739,2026-08-15 11:28:41.981,1123.367222222222
Pulse experiments,pioreactor01,2026-08-15T05:43:46.981Z,-0.006003493666,2026-08-15 11:28:46.981,1123.368611111111
Pulse experiments,pioreactor01,2026-08-15T05:43:51.981Z,-0.00611036988,2026-08-15 11:28:51.981,1123.37
Pulse experiments,pioreactor01,2026-08-15T05:43:56.982Z,-0.006054638876,2026-08-15 11:28:56.982,1123.371388888889
Pulse experiments,pioreactor01,2026-08-15T05:44:01.982Z,-0.005947935876,2026-08-15 11:29:01.982,1123.372777777778
Pulse experiments,pioreactor01,2026-08-15T05:44:06.981Z,-0.006019694514,2026-08-15 11:29:06.981,1123.374166666667
Pulse experiments,pioreactor01,2026-08-15T05:44:11.981Z,-0.006117479861,2026-08-15 11:29:11.981,1123.375555555556
Pulse experiments,pioreactor01,2026-08-15T05:44:16.980Z,-0.006196390123,2026-08-15 11:29:16.980,1123.376944444444
Pulse experiments,pioreactor01,2026-08-15T05:44:21.984Z,-0.006259806192,2026-08-15 11:29:21.984,1123.378333333333
Pulse experiments,pioreactor01,2026-08-15T05:44:26.982Z,-0.006249313807,2026-08-15 11:29:26.982,1123.379722222222
Pulse experiments,pioreactor01,2026-08-15T05:44:31.984Z,-0.006207186447,2026-08-15 11:29:31.984,1123.381111111111
Pulse experiments,pioreactor01,2026-08-15T05:44:36.983Z,-0.006026349753,2026-08-15 11:29:36.983,1123.3825
Pulse experiments,pioreactor01,2026-08-15T05:44:41.982Z,-0.005990581976,2026-08-15 11:29:41.982,1123.383888888889
Pulse experiments,pioreactor01,2026-08-15T05:44:51.982Z,-0.006046986461,2026-08-15 11:29:51.982,1123.386666666667
Pulse experiments,pioreactor01,2026-08-15T05:44:56.982Z,-0.005959537221,2026-08-15 11:29:56.982,1123.388055555556
Pulse experiments,pioreactor01,2026-08-15T05:45:01.982Z,-0.005836526329,2026-08-15 11:30:01.982,1123.389444444445
Pulse experiments,pioreactor01,2026-08-15T05:45:06.983Z,-0.005672325667,2026-08-15 11:30:06.983,1123.390833333333
Pulse experiments,pioreactor01,2026-08-15T05:45:11.981Z,-0.005540730383,2026-08-15 11:30:11.981,1123.392222222222
Pulse experiments,pioreactor01,2026-08-15T05:45:16.985Z,-0.005479484954,2026-08-15 11:30:16.985,1123.393611111111
Pulse experiments,pioreactor01,2026-08-15T05:45:21.983Z,-0.00558675968,2026-08-15 11:30:21.983,1123.395
Pulse experiments,pioreactor01,2026-08-15T05:45:26.984Z,-0.005706788234,2026-08-15 11:30:26.984,1123.396388888889
Pulse experiments,pioreactor01,2026-08-15T05:45:31.981Z,-0.005971035136,2026-08-15 11:30:31.981,1123.397777777778
Pulse experiments,pioreactor01,2026-08-15T05:45:36.983Z,-0.005949195159,2026-08-15 11:30:36.983,1123.399166666667
Pulse experiments,pioreactor01,2026-08-15T05:45:41.982Z,-0.005831914494,2026-08-15 11:30:41.982,1123.400555555555
Pulse experiments,pioreactor01,2026-08-15T05:45:46.982Z,-0.005819314522,2026-08-15 11:30:46.982,1123.401944444445
Pulse experiments,pioreactor01,2026-08-15T05:45:51.986Z,-0.005776215763,2026-08-15 11:30:51.986,1123.403333333333
Pulse experiments,pioreactor01,2026-08-15T05:45:56.983Z,-0.005801113107,2026-08-15 11:30:56.983,1123.404722222222
Pulse experiments,pioreactor01,2026-08-15T05:46:01.980Z,-0.005814975307,2026-08-15 11:31:01.980,1123.406111111111
Pulse experiments,pioreactor01,2026-08-15T05:46:06.982Z,-0.005861032606,2026-08-15 11:31:06.982,1123.4075
Pulse experiments,pioreactor01,2026-08-15T05:46:11.981Z,-0.005870715364,2026-08-15 11:31:11.981,1123.408888888889
Pulse experiments,pioreactor01,2026-08-15T05:46:16.981Z,-0.006078691591,2026-08-15 11:31:16.981,1123.410277777778
Pulse experiments,pioreactor01,2026-08-15T05:46:21.983Z,-0.00619680507,2026-08-15 11:31:21.983,1123.411666666667
Pulse experiments,pioreactor01,2026-08-15T05:46:26.983Z,-0.006470722926,2026-08-15 11:31:26.983,1123.413055555556
Pulse experiments,pioreactor01,2026-08-15T05:46:31.981Z,-0.00659436891,2026-08-15 11:31:31.981,1123.414444444444
Pulse experiments,pioreactor01,2026-08-15T05:46:41.981Z,-0.006704461521,2026-08-15 11:31:41.981,1123.417222222222
Pulse experiments,pioreactor01,2026-08-15T05:46:46.983Z,-0.00680040799,2026-08-15 11:31:46.983,1123.418611111111
Pulse experiments,pioreactor01,2026-08-15T05:46:51.983Z,-0.006838886094,2026-08-15 11:31:51.983,1123.42
Pulse experiments,pioreactor01,2026-08-15T05:46:56.991Z,-0.006901958705,2026-08-15 11:31:56.991,1123.421388888889
Pulse experiments,pioreactor01,2026-08-15T05:47:01.983Z,-0.006951924015,2026-08-15 11:32:01.983,1123.422777777778
Pulse experiments,pioreactor01,2026-08-15T05:47:06.982Z,-0.00694900166,2026-08-15 11:32:06.982,1123.424166666667
Pulse experiments,pioreactor01,2026-08-15T05:47:11.983Z,-0.006948144735,2026-08-15 11:32:11.983,1123.425555555556
Pulse experiments,pioreactor01,2026-08-15T05:47:16.983Z,-0.007052804805,2026-08-15 11:32:16.983,1123.426944444444
Pulse experiments,pioreactor01,2026-08-15T05:47:21.982Z,-0.007209871347,2026-08-15 11:32:21.982,1123.428333333333
Pulse experiments,pioreactor01,2026-08-15T05:47:27.001Z,-0.007211842218,2026-08-15 11:32:27.001,1123.43
Pulse experiments,pioreactor01,2026-08-15T05:47:31.996Z,-0.007211317493,2026-08-15 11:32:31.996,1123.431111111111
Pulse experiments,pioreactor01,2026-08-15T05:47:37.015Z,-0.007210743221,2026-08-15 11:32:37.015,1123.432777777778
Pulse experiments,pioreactor01,2026-08-15T05:47:42.006Z,-0.007210119495,2026-08-15 11:32:42.006,1123.434166666667
Pulse experiments,pioreactor01,2026-08-15T05:47:46.994Z,-0.007209535626,2026-08-15 11:32:46.994,1123.435277777778
Pulse experiments,pioreactor01,2026-08-15T05:47:51.993Z,-0.007203568654,2026-08-15 11:32:51.993,1123.436666666667
Pulse experiments,pioreactor01,2026-08-15T05:47:56.996Z,-0.007191797926,2026-08-15 11:32:56.996,1123.438055555556
Pulse experiments,pioreactor01,2026-08-15T05:48:01.991Z,-0.007192259889,2026-08-15 11:33:01.991,1123.439444444444
Pulse experiments,pioreactor01,2026-08-15T05:48:06.981Z,-0.007206839951,2026-08-15 11:33:06.981,1123.440833333333
Pulse experiments,pioreactor01,2026-08-15T05:48:11.993Z,-0.007193450661,2026-08-15 11:33:11.993,1123.442222222222
Pulse experiments,pioreactor01,2026-08-15T05:48:16.993Z,-0.00719490988,2026-08-15 11:33:16.993,1123.443611111111
Pulse experiments,pioreactor01,2026-08-15T05:48:21.990Z,-0.007163777673,2026-08-15 11:33:21.990,1123.445
Pulse experiments,pioreactor01,2026-08-15T05:48:26.989Z,-0.007169891623,2026-08-15 11:33:26.989,1123.446388888889
Pulse experiments,pioreactor01,2026-08-15T05:48:31.995Z,-0.007191092608,2026-08-15 11:33:31.995,1123.447777777778
Pulse experiments,pioreactor01,2026-08-15T05:48:36.998Z,-0.007212133623,2026-08-15 11:33:36.998,1123.449166666667
Pulse experiments,pioreactor01,2026-08-15T05:48:41.990Z,-0.00719787919,2026-08-15 11:33:41.990,1123.450555555556
Pulse experiments,pioreactor01,2026-08-15T05:48:46.994Z,-0.007115344839,2026-08-15 11:33:46.994,1123.451944444445
Pulse experiments,pioreactor01,2026-08-15T05:48:51.991Z,-0.007059619716,2026-08-15 11:33:51.991,1123.453333333333
Pulse experiments,pioreactor01,2026-08-15T05:48:57.006Z,-0.007047404819,2026-08-15 11:33:57.006,1123.455
Pulse experiments,pioreactor01,2026-08-15T05:49:01.995Z,-0.007064669111,2026-08-15 11:34:01.995,1123.456111111111
Pulse experiments,pioreactor01,2026-08-15T05:49:06.998Z,-0.007002465013,2026-08-15 11:34:06.998,1123.4575
Pulse experiments,pioreactor01,2026-08-15T05:49:11.996Z,-0.006990403949,2026-08-15 11:34:11.996,1123.458888888889
Pulse experiments,pioreactor01,2026-08-15T05:49:17.006Z,-0.006971141859,2026-08-15 11:34:17.006,1123.460555555556
Pulse experiments,pioreactor01,2026-08-15T05:49:21.992Z,-0.006999116428,2026-08-15 11:34:21.992,1123.461666666667
Pulse experiments,pioreactor01,2026-08-15T05:49:27.000Z,-0.006960511652,2026-08-15 11:34:27.000,1123.463333333333
Pulse experiments,pioreactor01,2026-08-15T05:49:31.999Z,-0.006992255893,2026-08-15 11:34:31.999,1123.464444444445
Pulse experiments,pioreactor01,2026-08-15T05:49:37.011Z,-0.006977308524,2026-08-15 11:34:37.011,1123.466111111111
Pulse experiments,pioreactor01,2026-08-15T05:49:42.043Z,-0.007006772427,2026-08-15 11:34:42.043,1123.4675
Pulse experiments,pioreactor01,2026-08-15T05:49:52.024Z,-0.007084970843,2026-08-15 11:34:52.024,1123.470277777778
Pulse experiments,pioreactor01,2026-08-15T05:49:57.027Z,-0.007075800408,2026-08-15 11:34:57.027,1123.471666666667
Pulse experiments,pioreactor01,2026-08-15T05:50:07.011Z,-0.007041108957,2026-08-15 11:35:07.011,1123.474444444445
Pulse experiments,pioreactor01,2026-08-15T05:50:12.042Z,-0.006959913755,2026-08-15 11:35:12.042,1123.475833333333
Pulse experiments,pioreactor01,2026-08-15T05:50:17.023Z,-0.006968300016,2026-08-15 11:35:17.023,1123.477222222222
Pulse experiments,pioreactor01,2026-08-15T05:50:22.011Z,-0.006970366635,2026-08-15 11:35:22.011,1123.478611111111
Pulse experiments,pioreactor01,2026-08-15T05:50:27.004Z,-0.0069754522,2026-08-15 11:35:27.004,1123.48
Pulse experiments,pioreactor01,2026-08-15T05:50:32.010Z,-0.006863849579,2026-08-15 11:35:32.010,1123.481388888889
Pulse experiments,pioreactor01,2026-08-15T05:50:36.992Z,-0.006852131459,2026-08-15 11:35:36.992,1123.4825
Pulse experiments,pioreactor01,2026-08-15T05:50:41.997Z,-0.006732510396,2026-08-15 11:35:41.997,1123.483888888889
Pulse experiments,pioreactor01,2026-08-15T05:50:47.004Z,-0.006548159417,2026-08-15 11:35:47.004,1123.485555555555
Pulse experiments,pioreactor01,2026-08-15T05:50:51.997Z,-0.006540990361,2026-08-15 11:35:51.997,1123.486666666667
Pulse experiments,pioreactor01,2026-08-15T05:50:57.004Z,-0.006350498008,2026-08-15 11:35:57.004,1123.488333333333
Pulse experiments,pioreactor01,2026-08-15T05:51:01.997Z,-0.006169881546,2026-08-15 11:36:01.997,1123.489444444444
Pulse experiments,pioreactor01,2026-08-15T05:51:06.990Z,-0.006216179059,2026-08-15 11:36:06.990,1123.490833333333
Pulse experiments,pioreactor01,2026-08-15T05:51:11.997Z,-0.00617867723,2026-08-15 11:36:11.997,1123.492222222222
Pulse experiments,pioreactor01,2026-08-15T05:51:16.992Z,-0.005930788917,2026-08-15 11:36:16.992,1123.493611111111
Pulse experiments,pioreactor01,2026-08-15T05:51:21.993Z,-0.005783091373,2026-08-15 11:36:21.993,1123.495
Pulse experiments,pioreactor01,2026-08-15T05:51:27.019Z,-0.005589554656,2026-08-15 11:36:27.019,1123.496666666667
Pulse experiments,pioreactor01,2026-08-15T05:51:32.009Z,-0.005744426044,2026-08-15 11:36:32.009,1123.498055555556
Pulse experiments,pioreactor01,2026-08-15T05:51:36.992Z,-0.005695003682,2026-08-15 11:36:36.992,1123.499166666667
Pulse experiments,pioreactor01,2026-08-15T05:51:42.001Z,-0.005623043554,2026-08-15 11:36:42.001,1123.500833333333
Pulse experiments,pioreactor01,2026-08-15T05:51:46.989Z,-0.005575375179,2026-08-15 11:36:46.989,1123.501944444444
Pulse experiments,pioreactor01,2026-08-15T05:51:51.994Z,-0.005709429105,2026-08-15 11:36:51.994,1123.503333333333
Pulse experiments,pioreactor01,2026-08-15T05:51:57.003Z,-0.005592020121,2026-08-15 11:36:57.003,1123.505
Pulse experiments,pioreactor01,2026-08-15T05:52:01.996Z,-0.005378465543,2026-08-15 11:37:01.996,1123.506111111111
Pulse experiments,pioreactor01,2026-08-15T05:52:06.999Z,-0.00527097834,2026-08-15 11:37:06.999,1123.5075
Pulse experiments,pioreactor01,2026-08-15T05:52:12.002Z,-0.005142043691,2026-08-15 11:37:12.002,1123.509166666667
Pulse experiments,pioreactor01,2026-08-15T05:52:16.994Z,-0.005216290411,2026-08-15 11:37:16.994,1123.510277777778
Pulse experiments,pioreactor01,2026-08-15T05:52:22.021Z,-0.0052644714,2026-08-15 11:37:22.021,1123.511944444444
Pulse experiments,pioreactor01,2026-08-15T05:52:27.018Z,-0.005562775725,2026-08-15 11:37:27.018,1123.513333333333
Pulse experiments,pioreactor01,2026-08-15T05:52:31.995Z,-0.005757416663,2026-08-15 11:37:31.995,1123.514444444445
Pulse experiments,pioreactor01,2026-08-15T05:52:36.991Z,-0.005758359409,2026-08-15 11:37:36.991,1123.515833333333
Pulse experiments,pioreactor01,2026-08-15T05:52:42.003Z,-0.005808478274,2026-08-15 11:37:42.003,1123.5175
Pulse experiments,pioreactor01,2026-08-15T05:52:46.991Z,-0.005996100003,2026-08-15 11:37:46.991,1123.518611111111
Pulse experiments,pioreactor01,2026-08-15T05:52:51.993Z,-0.006126854512,2026-08-15 11:37:51.993,1123.52
Pulse experiments,pioreactor01,2026-08-15T05:52:56.994Z,-0.005847089092,2026-08-15 11:37:56.994,1123.521388888889
Pulse experiments,pioreactor01,2026-08-15T05:53:02.001Z,-0.005546375737,2026-08-15 11:38:02.001,1123.523055555556
Pulse experiments,pioreactor01,2026-08-15T05:53:06.992Z,-0.005359604071,2026-08-15 11:38:06.992,1123.524166666667
Pulse experiments,pioreactor01,2026-08-15T05:53:12.005Z,-0.005202693896,2026-08-15 11:38:12.005,1123.525833333333
Pulse experiments,pioreactor01,2026-08-15T05:53:16.989Z,-0.00515109627,2026-08-15 11:38:16.989,1123.526944444445
Pulse experiments,pioreactor01,2026-08-15T05:53:21.989Z,-0.005035868018,2026-08-15 11:38:21.989,1123.528333333333
Pulse experiments,pioreactor01,2026-08-15T05:53:26.997Z,-0.005109456905,2026-08-15 11:38:26.997,1123.529722222222
Pulse experiments,pioreactor01,2026-08-15T05:53:31.994Z,-0.004949668309,2026-08-15 11:38:31.994,1123.531111111111
Pulse experiments,pioreactor01,2026-08-15T05:53:37.000Z,-0.004397530665,2026-08-15 11:38:37.000,1123.532777777778
Pulse experiments,pioreactor01,2026-08-15T05:53:42.000Z,-0.003920821388,2026-08-15 11:38:42.000,1123.534166666667
Pulse experiments,pioreactor01,2026-08-15T05:53:46.991Z,-0.00354627789,2026-08-15 11:38:46.991,1123.535277777778
Pulse experiments,pioreactor01,2026-08-15T05:53:52.002Z,-0.003391537634,2026-08-15 11:38:52.002,1123.536944444445
Pulse experiments,pioreactor01,2026-08-15T05:53:57.009Z,-0.00319628106,2026-08-15 11:38:57.009,1123.538333333333
Pulse experiments,pioreactor01,2026-08-15T05:54:02.000Z,-0.003023170714,2026-08-15 11:39:02.000,1123.539722222222
Pulse experiments,pioreactor01,2026-08-15T05:54:06.997Z,-0.003036647998,2026-08-15 11:39:06.997,1123.540833333333
Pulse experiments,pioreactor01,2026-08-15T05:54:11.992Z,-0.003414353019,2026-08-15 11:39:11.992,1123.542222222222
Pulse experiments,pioreactor01,2026-08-15T05:54:16.997Z,-0.003602683161,2026-08-15 11:39:16.997,1123.543611111111
Pulse experiments,pioreactor01,2026-08-15T05:54:21.993Z,-0.003332063452,2026-08-15 11:39:21.993,1123.545
Pulse experiments,pioreactor01,2026-08-15T05:54:26.982Z,-0.003260356258,2026-08-15 11:39:26.982,1123.546388888889
Pulse experiments,pioreactor01,2026-08-15T05:54:31.982Z,-0.003266791257,2026-08-15 11:39:31.982,1123.547777777778
Pulse experiments,pioreactor01,2026-08-15T05:54:36.983Z,-0.00288051853,2026-08-15 11:39:36.983,1123.549166666667
Pulse experiments,pioreactor01,2026-08-15T05:54:41.985Z,-0.002454341256,2026-08-15 11:39:41.985,1123.550555555556
Pulse experiments,pioreactor01,2026-08-15T05:54:46.983Z,-0.002106377425,2026-08-15 11:39:46.983,1123.551944444444
Pulse experiments,pioreactor01,2026-08-15T05:54:51.981Z,-0.001830691056,2026-08-15 11:39:51.981,1123.553333333333
Pulse experiments,pioreactor01,2026-08-15T05:54:56.982Z,-0.001371043685,2026-08-15 11:39:56.982,1123.554722222222
Pulse experiments,pioreactor01,2026-08-15T05:55:01.981Z,-0.001188466861,2026-08-15 11:40:01.981,1123.556111111111
Pulse experiments,pioreactor01,2026-08-15T05:55:06.981Z,-0.00118894805,2026-08-15 11:40:06.981,1123.5575
Pulse experiments,pioreactor01,2026-08-15T05:55:11.983Z,-0.000992095386,2026-08-15 11:40:11.983,1123.558888888889
Pulse experiments,pioreactor01,2026-08-15T05:55:16.983Z,-0.000864110849,2026-08-15 11:40:16.983,1123.560277777778
Pulse experiments,pioreactor01,2026-08-15T05:55:21.982Z,-0.001021288082,2026-08-15 11:40:21.982,1123.561666666667
Pulse experiments,pioreactor01,2026-08-15T05:55:26.986Z,-0.000890885157,2026-08-15 11:40:26.986,1123.563055555556
Pulse experiments,pioreactor01,2026-08-15T05:55:31.982Z,-0.000674119135,2026-08-15 11:40:31.982,1123.564444444444
Pulse experiments,pioreactor01,2026-08-15T05:55:36.982Z,-0.000444476448,2026-08-15 11:40:36.982,1123.565833333333
Pulse experiments,pioreactor01,2026-08-15T05:55:41.983Z,-0.000644731292,2026-08-15 11:40:41.983,1123.567222222222
Pulse experiments,pioreactor01,2026-08-15T05:55:46.985Z,-0.000692319884,2026-08-15 11:40:46.985,1123.568611111111
Pulse experiments,pioreactor01,2026-08-15T05:55:51.983Z,-0.000836898154,2026-08-15 11:40:51.983,1123.57
Pulse experiments,pioreactor01,2026-08-15T05:55:56.981Z,-0.000710629514,2026-08-15 11:40:56.981,1123.571388888889
Pulse experiments,pioreactor01,2026-08-15T05:56:01.983Z,-0.000863871077,2026-08-15 11:41:01.983,1123.572777777778
Pulse experiments,pioreactor01,2026-08-15T05:56:06.985Z,-0.000526607711,2026-08-15 11:41:06.985,1123.574166666667
Pulse experiments,pioreactor01,2026-08-15T05:56:11.982Z,-0.000169574606,2026-08-15 11:41:11.982,1123.575555555556
Pulse experiments,pioreactor01,2026-08-15T05:56:16.981Z,-0.000227971599,2026-08-15 11:41:16.981,1123.576944444445
Pulse experiments,pioreactor01,2026-08-15T05:56:21.981Z,-0.000231660499,2026-08-15 11:41:21.981,1123.578333333333
Pulse experiments,pioreactor01,2026-08-15T05:56:26.983Z,-0.000115862251,2026-08-15 11:41:26.983,1123.579722222222
Pulse experiments,pioreactor01,2026-08-15T05:56:31.984Z,-0.000166169083,2026-08-15 11:41:31.984,1123.581111111111
Pulse experiments,pioreactor01,2026-08-15T05:56:36.981Z,-0.000265550003,2026-08-15 11:41:36.981,1123.5825
Pulse experiments,pioreactor01,2026-08-15T05:56:41.982Z,-0.000610936601,2026-08-15 11:41:41.982,1123.583888888889
Pulse experiments,pioreactor01,2026-08-15T05:56:46.982Z,-0.000867948491,2026-08-15 11:41:46.982,1123.585277777778
Pulse experiments,pioreactor01,2026-08-15T05:56:51.981Z,-0.000966458377,2026-08-15 11:41:51.981,1123.586666666667
Pulse experiments,pioreactor01,2026-08-15T05:56:56.981Z,-0.000677463738,2026-08-15 11:41:56.981,1123.588055555555
Pulse experiments,pioreactor01,2026-08-15T05:57:01.982Z,-0.000569813899,2026-08-15 11:42:01.982,1123.589444444445
Pulse experiments,pioreactor01,2026-08-15T05:57:06.982Z,-0.000615566464,2026-08-15 11:42:06.982,1123.590833333333
Pulse experiments,pioreactor01,2026-08-15T05:57:11.982Z,-0.000483176999,2026-08-15 11:42:11.982,1123.592222222222
Pulse experiments,pioreactor01,2026-08-15T05:57:16.984Z,-0.000616675922,2026-08-15 11:42:16.984,1123.593611111111
Pulse experiments,pioreactor01,2026-08-15T05:57:21.983Z,-0.000148128199,2026-08-15 11:42:21.983,1123.595
Pulse experiments,pioreactor01,2026-08-15T05:57:26.984Z,-0.000244358525,2026-08-15 11:42:26.984,1123.596388888889
Pulse experiments,pioreactor01,2026-08-15T05:57:31.983Z,-0.000259904169,2026-08-15 11:42:31.983,1123.597777777778
Pulse experiments,pioreactor01,2026-08-15T05:57:36.982Z,3.4545994e-05,2026-08-15 11:42:36.982,1123.599166666667
Pulse experiments,pioreactor01,2026-08-15T05:57:41.982Z,0.000325649843,2026-08-15 11:42:41.982,1123.600555555556
Pulse experiments,pioreactor01,2026-08-15T05:57:46.980Z,0.000525395633,2026-08-15 11:42:46.980,1123.601944444444
Pulse experiments,pioreactor01,2026-08-15T05:57:51.982Z,0.000764951906,2026-08-15 11:42:51.982,1123.603333333333
Pulse experiments,pioreactor01,2026-08-15T05:57:56.983Z,0.001157128199,2026-08-15 11:42:56.983,1123.604722222222
Pulse experiments,pioreactor01,2026-08-15T05:58:01.981Z,0.001600206803,2026-08-15 11:43:01.981,1123.606111111111
Pulse experiments,pioreactor01,2026-08-15T05:58:06.983Z,0.001678730555,2026-08-15 11:43:06.983,1123.6075
Pulse experiments,pioreactor01,2026-08-15T05:58:11.981Z,0.001331093989,2026-08-15 11:43:11.981,1123.608888888889
Pulse experiments,pioreactor01,2026-08-15T05:58:16.984Z,0.001474967413,2026-08-15 11:43:16.984,1123.610277777778
Pulse experiments,pioreactor01,2026-08-15T05:58:21.984Z,0.001314350645,2026-08-15 11:43:21.984,1123.611666666667
Pulse experiments,pioreactor01,2026-08-15T05:58:26.987Z,0.00145402895,2026-08-15 11:43:26.987,1123.613055555556
Pulse experiments,pioreactor01,2026-08-15T05:58:31.982Z,0.00157197772,2026-08-15 11:43:31.982,1123.614444444444
Pulse experiments,pioreactor01,2026-08-15T05:58:36.982Z,0.001251343747,2026-08-15 11:43:36.982,1123.615833333333
Pulse experiments,pioreactor01,2026-08-15T05:58:41.984Z,0.00149904283,2026-08-15 11:43:41.984,1123.617222222222
Pulse experiments,pioreactor01,2026-08-15T05:58:46.984Z,0.001692732368,2026-08-15 11:43:46.984,1123.618611111111
Pulse experiments,pioreactor01,2026-08-15T05:58:51.981Z,0.001458718435,2026-08-15 11:43:51.981,1123.62
Pulse experiments,pioreactor01,2026-08-15T05:58:56.983Z,0.001579029796,2026-08-15 11:43:56.983,1123.621388888889
Pulse experiments,pioreactor01,2026-08-15T05:59:01.983Z,0.001579536827,2026-08-15 11:44:01.983,1123.622777777778
Pulse experiments,pioreactor01,2026-08-15T05:59:06.983Z,0.001118138299,2026-08-15 11:44:06.983,1123.624166666667
Pulse experiments,pioreactor01,2026-08-15T05:59:11.984Z,0.000745299308,2026-08-15 11:44:11.984,1123.625555555556
Pulse experiments,pioreactor01,2026-08-15T05:59:16.981Z,0.000653791861,2026-08-15 11:44:16.981,1123.626944444444
Pulse experiments,pioreactor01,2026-08-15T05:59:21.982Z,0.000984082464,2026-08-15 11:44:21.982,1123.628333333333
Pulse experiments,pioreactor01,2026-08-15T05:59:26.981Z,0.000876636253,2026-08-15 11:44:26.981,1123.629722222222
Pulse experiments,pioreactor01,2026-08-15T05:59:31.983Z,0.000787559403,2026-08-15 11:44:31.983,1123.631111111111
Pulse experiments,pioreactor01,2026-08-15T05:59:36.983Z,0.000977275322,2026-08-15 11:44:36.983,1123.6325
Pulse experiments,pioreactor01,2026-08-15T05:59:41.986Z,0.001198163671,2026-08-15 11:44:41.986,1123.633888888889
Pulse experiments,pioreactor01,2026-08-15T05:59:46.983Z,0.001104985239,2026-08-15 11:44:46.983,1123.635277777778
Pulse experiments,pioreactor01,2026-08-15T05:59:51.982Z,0.000872447393,2026-08-15 11:44:51.982,1123.636666666667
Pulse experiments,pioreactor01,2026-08-15T05:59:56.981Z,0.000859621552,2026-08-15 11:44:56.981,1123.638055555556
Pulse experiments,pioreactor01,2026-08-15T06:00:01.983Z,0.000836154115,2026-08-15 11:45:01.983,1123.639444444445
Pulse experiments,pioreactor01,2026-08-15T06:00:06.983Z,0.001302294896,2026-08-15 11:45:06.983,1123.640833333333
Pulse experiments,pioreactor01,2026-08-15T06:00:11.982Z,0.00150072207,2026-08-15 11:45:11.982,1123.642222222222
Pulse experiments,pioreactor01,2026-08-15T06:00:16.984Z,0.001402181229,2026-08-15 11:45:16.984,1123.643611111111
Pulse experiments,pioreactor01,2026-08-15T06:00:21.984Z,0.001277597381,2026-08-15 11:45:21.984,1123.645
Pulse experiments,pioreactor01,2026-08-15T06:00:26.982Z,0.000891887114,2026-08-15 11:45:26.982,1123.646388888889
Pulse experiments,pioreactor01,2026-08-15T06:00:31.981Z,0.001093128401,2026-08-15 11:45:31.981,1123.647777777778
Pulse experiments,pioreactor01,2026-08-15T06:00:36.982Z,0.001073230247,2026-08-15 11:45:36.982,1123.649166666667
Pulse experiments,pioreactor01,2026-08-15T06:00:41.984Z,0.000350075184,2026-08-15 11:45:41.984,1123.650555555555
Pulse experiments,pioreactor01,2026-08-15T06:00:46.982Z,0.000247403596,2026-08-15 11:45:46.982,1123.651944444445
Pulse experiments,pioreactor01,2026-08-15T06:00:51.982Z,0.000237850528,2026-08-15 11:45:51.982,1123.653333333333
Pulse experiments,pioreactor01,2026-08-15T06:00:56.982Z,5.6977151e-05,2026-08-15 11:45:56.982,1123.654722222222
Pulse experiments,pioreactor01,2026-08-15T06:01:01.981Z,0.000104235161,2026-08-15 11:46:01.981,1123.656111111111
Pulse experiments,pioreactor01,2026-08-15T06:01:06.982Z,0.000154407535,2026-08-15 11:46:06.982,1123.6575
Pulse experiments,pioreactor01,2026-08-15T06:01:11.984Z,0.000165418019,2026-08-15 11:46:11.984,1123.658888888889
Pulse experiments,pioreactor01,2026-08-15T06:01:16.981Z,-0.000172150563,2026-08-15 11:46:16.981,1123.660277777778
Pulse experiments,pioreactor01,2026-08-15T06:01:21.982Z,-0.000253133247,2026-08-15 11:46:21.982,1123.661666666667
Pulse experiments,pioreactor01,2026-08-15T06:01:26.981Z,-0.000336559205,2026-08-15 11:46:26.981,1123.663055555556
Pulse experiments,pioreactor01,2026-08-15T06:01:31.982Z,-0.000478341734,2026-08-15 11:46:31.982,1123.664444444444
Pulse experiments,pioreactor01,2026-08-15T06:01:36.981Z,-0.000722261428,2026-08-15 11:46:36.981,1123.665833333333
Pulse experiments,pioreactor01,2026-08-15T06:01:41.981Z,-0.00075375457,2026-08-15 11:46:41.981,1123.667222222222
Pulse experiments,pioreactor01,2026-08-15T06:01:46.983Z,-0.001158423911,2026-08-15 11:46:46.983,1123.668611111111
Pulse experiments,pioreactor01,2026-08-15T06:01:51.981Z,-0.001376038085,2026-08-15 11:46:51.981,1123.67
Pulse experiments,pioreactor01,2026-08-15T06:01:56.982Z,-0.001717099245,2026-08-15 11:46:56.982,1123.671388888889
Pulse experiments,pioreactor01,2026-08-15T06:02:01.981Z,-0.001787955163,2026-08-15 11:47:01.981,1123.672777777778
Pulse experiments,pioreactor01,2026-08-15T06:02:06.983Z,-0.002049781244,2026-08-15 11:47:06.983,1123.674166666667
Pulse experiments,pioreactor01,2026-08-15T06:02:16.985Z,-0.002098552223,2026-08-15 11:47:16.985,1123.676944444444
Pulse experiments,pioreactor01,2026-08-15T06:02:21.983Z,-0.002506452373,2026-08-15 11:47:21.983,1123.678333333333
Pulse experiments,pioreactor01,2026-08-15T06:02:26.981Z,-0.002177223542,2026-08-15 11:47:26.981,1123.679722222222
Pulse experiments,pioreactor01,2026-08-15T06:02:31.984Z,-0.002255378462,2026-08-15 11:47:31.984,1123.681111111111
Pulse experiments,pioreactor01,2026-08-15T06:02:36.982Z,-0.002319263524,2026-08-15 11:47:36.982,1123.6825
Pulse experiments,pioreactor01,2026-08-15T06:02:46.982Z,-0.002318286459,2026-08-15 11:47:46.982,1123.685277777778
Pulse experiments,pioreactor01,2026-08-15T06:02:51.983Z,-0.001886052928,2026-08-15 11:47:51.983,1123.686666666667
Pulse experiments,pioreactor01,2026-08-15T06:02:56.983Z,-0.001884628932,2026-08-15 11:47:56.983,1123.688055555556
Pulse experiments,pioreactor01,2026-08-15T06:03:01.983Z,-0.001695804713,2026-08-15 11:48:01.983,1123.689444444444
Pulse experiments,pioreactor01,2026-08-15T06:03:06.982Z,-0.001643951524,2026-08-15 11:48:06.982,1123.690833333333
Pulse experiments,pioreactor01,2026-08-15T06:03:11.983Z,-0.001553454951,2026-08-15 11:48:11.983,1123.692222222222
Pulse experiments,pioreactor01,2026-08-15T06:03:21.982Z,-0.001900159127,2026-08-15 11:48:21.982,1123.695
Pulse experiments,pioreactor01,2026-08-15T06:03:26.981Z,-0.002331092588,2026-08-15 11:48:26.981,1123.696388888889
Pulse experiments,pioreactor01,2026-08-15T06:03:31.981Z,-0.002989448232,2026-08-15 11:48:31.981,1123.697777777778
Pulse experiments,pioreactor01,2026-08-15T06:03:36.982Z,-0.00300836583,2026-08-15 11:48:36.982,1123.699166666667
Pulse experiments,pioreactor01,2026-08-15T06:03:41.982Z,-0.003065401067,2026-08-15 11:48:41.982,1123.700555555556
Pulse experiments,pioreactor01,2026-08-15T06:03:46.981Z,-0.003047044963,2026-08-15 11:48:46.981,1123.701944444445
Pulse experiments,pioreactor01,2026-08-15T06:03:51.980Z,-0.003017291375,2026-08-15 11:48:51.980,1123.703333333333
Pulse experiments,pioreactor01,2026-08-15T06:03:56.982Z,-0.003093830712,2026-08-15 11:48:56.982,1123.704722222222
Pulse experiments,pioreactor01,2026-08-15T06:04:01.982Z,-0.00334037474,2026-08-15 11:49:01.982,1123.706111111111
Pulse experiments,pioreactor01,2026-08-15T06:04:06.983Z,-0.00298554353,2026-08-15 11:49:06.983,1123.7075
Pulse experiments,pioreactor01,2026-08-15T06:04:11.983Z,-0.00304281119,2026-08-15 11:49:11.983,1123.708888888889
Pulse experiments,pioreactor01,2026-08-15T06:04:16.983Z,-0.003349761336,2026-08-15 11:49:16.983,1123.710277777778
Pulse experiments,pioreactor01,2026-08-15T06:04:21.984Z,-0.003657157136,2026-08-15 11:49:21.984,1123.711666666667
Pulse experiments,pioreactor01,2026-08-15T06:04:26.981Z,-0.00347693439,2026-08-15 11:49:26.981,1123.713055555555
Pulse experiments,pioreactor01,2026-08-15T06:04:31.981Z,-0.003586045774,2026-08-15 11:49:31.981,1123.714444444445
Pulse experiments,pioreactor01,2026-08-15T06:04:36.983Z,-0.003628467307,2026-08-15 11:49:36.983,1123.715833333333
Pulse experiments,pioreactor01,2026-08-15T06:04:41.982Z,-0.003892234122,2026-08-15 11:49:41.982,1123.717222222222
Pulse experiments,pioreactor01,2026-08-15T06:04:46.982Z,-0.003640532374,2026-08-15 11:49:46.982,1123.718611111111
Pulse experiments,pioreactor01,2026-08-15T06:04:51.982Z,-0.00371623925,2026-08-15 11:49:51.982,1123.72
Pulse experiments,pioreactor01,2026-08-15T06:04:56.980Z,-0.003607139103,2026-08-15 11:49:56.980,1123.721388888889
Pulse experiments,pioreactor01,2026-08-15T06:05:01.984Z,-0.003560757693,2026-08-15 11:50:01.984,1123.722777777778
Pulse experiments,pioreactor01,2026-08-15T06:05:06.983Z,-0.003426323925,2026-08-15 11:50:06.983,1123.724166666667
Pulse experiments,pioreactor01,2026-08-15T06:05:11.983Z,-0.00327389589,2026-08-15 11:50:11.983,1123.725555555556
Pulse experiments,pioreactor01,2026-08-15T06:05:16.982Z,-0.003454842765,2026-08-15 11:50:16.982,1123.726944444444
Pulse experiments,pioreactor01,2026-08-15T06:05:21.982Z,-0.003748229369,2026-08-15 11:50:21.982,1123.728333333333
Pulse experiments,pioreactor01,2026-08-15T06:05:26.981Z,-0.00398556861,2026-08-15 11:50:26.981,1123.729722222222
Pulse experiments,pioreactor01,2026-08-15T06:05:31.982Z,-0.004245357613,2026-08-15 11:50:31.982,1123.731111111111
Pulse experiments,pioreactor01,2026-08-15T06:05:36.981Z,-0.004709420246,2026-08-15 11:50:36.981,1123.7325
Pulse experiments,pioreactor01,2026-08-15T06:05:41.980Z,-0.005054598792,2026-08-15 11:50:41.980,1123.733888888889
Pulse experiments,pioreactor01,2026-08-15T06:05:46.983Z,-0.005064342714,2026-08-15 11:50:46.983,1123.735277777778
Pulse experiments,pioreactor01,2026-08-15T06:05:51.983Z,-0.004895253829,2026-08-15 11:50:51.983,1123.736666666667
Pulse experiments,pioreactor01,2026-08-15T06:05:56.981Z,-0.004683502409,2026-08-15 11:50:56.981,1123.738055555556
Pulse experiments,pioreactor01,2026-08-15T06:06:01.981Z,-0.004705563266,2026-08-15 11:51:01.981,1123.739444444444
Pulse experiments,pioreactor01,2026-08-15T06:06:06.982Z,-0.004486739517,2026-08-15 11:51:06.982,1123.740833333333
Pulse experiments,pioreactor01,2026-08-15T06:06:11.982Z,-0.004176836835,2026-08-15 11:51:11.982,1123.742222222222
Pulse experiments,pioreactor01,2026-08-15T06:06:16.984Z,-0.00364113626,2026-08-15 11:51:16.984,1123.743611111111
Pulse experiments,pioreactor01,2026-08-15T06:06:21.982Z,-0.003319760817,2026-08-15 11:51:21.982,1123.745
Pulse experiments,pioreactor01,2026-08-15T06:06:26.981Z,-0.002749289691,2026-08-15 11:51:26.981,1123.746388888889
Pulse experiments,pioreactor01,2026-08-15T06:06:31.984Z,-0.002942833874,2026-08-15 11:51:31.984,1123.747777777778
Pulse experiments,pioreactor01,2026-08-15T06:06:41.981Z,-0.002898243575,2026-08-15 11:51:41.981,1123.750555555556
Pulse experiments,pioreactor01,2026-08-15T06:06:46.985Z,-0.002568822284,2026-08-15 11:51:46.985,1123.751944444444
Pulse experiments,pioreactor01,2026-08-15T06:06:51.982Z,-0.002514249656,2026-08-15 11:51:51.982,1123.753333333333
Pulse experiments,pioreactor01,2026-08-15T06:06:56.982Z,-0.00220827015,2026-08-15 11:51:56.982,1123.754722222222
Pulse experiments,pioreactor01,2026-08-15T06:07:01.981Z,-0.002008642261,2026-08-15 11:52:01.981,1123.756111111111
Pulse experiments,pioreactor01,2026-08-15T06:07:06.984Z,-0.001995762559,2026-08-15 11:52:06.984,1123.7575
Pulse experiments,pioreactor01,2026-08-15T06:07:11.985Z,-0.001953557521,2026-08-15 11:52:11.985,1123.758888888889
Pulse experiments,pioreactor01,2026-08-15T06:07:16.984Z,-0.00178723142,2026-08-15 11:52:16.984,1123.760277777778
Pulse experiments,pioreactor01,2026-08-15T06:07:21.984Z,-0.001728709861,2026-08-15 11:52:21.984,1123.761666666667
Pulse experiments,pioreactor01,2026-08-15T06:07:26.983Z,-0.001496944427,2026-08-15 11:52:26.983,1123.763055555556
Pulse experiments,pioreactor01,2026-08-15T06:07:31.983Z,-0.001187255111,2026-08-15 11:52:31.983,1123.764444444445
Pulse experiments,pioreactor01,2026-08-15T06:07:36.983Z,-0.000974796155,2026-08-15 11:52:36.983,1123.765833333333
Pulse experiments,pioreactor01,2026-08-15T06:07:41.983Z,-0.000756508128,2026-08-15 11:52:41.983,1123.767222222222
Pulse experiments,pioreactor01,2026-08-15T06:07:46.983Z,-0.00056062593,2026-08-15 11:52:46.983,1123.768611111111
Pulse experiments,pioreactor01,2026-08-15T06:07:51.982Z,-0.00049288644,2026-08-15 11:52:51.982,1123.77
Pulse experiments,pioreactor01,2026-08-15T06:07:56.980Z,-0.000750606723,2026-08-15 11:52:56.980,1123.771388888889
Pulse experiments,pioreactor01,2026-08-15T06:08:01.984Z,-0.000724997084,2026-08-15 11:53:01.984,1123.772777777778
Pulse experiments,pioreactor01,2026-08-15T06:08:06.981Z,-0.000759104649,2026-08-15 11:53:06.981,1123.774166666667
Pulse experiments,pioreactor01,2026-08-15T06:08:11.982Z,-0.000413662588,2026-08-15 11:53:11.982,1123.775555555555
Pulse experiments,pioreactor01,2026-08-15T06:08:16.981Z,-0.000248739857,2026-08-15 11:53:16.981,1123.776944444445
Pulse experiments,pioreactor01,2026-08-15T06:08:21.984Z,-5.8344732e-05,2026-08-15 11:53:21.984,1123.778333333333
Pulse experiments,pioreactor01,2026-08-15T06:08:26.981Z,-0.000103639177,2026-08-15 11:53:26.981,1123.779722222222
Pulse experiments,pioreactor01,2026-08-15T06:08:31.983Z,-6.1489197e-05,2026-08-15 11:53:31.983,1123.781111111111
Pulse experiments,pioreactor01,2026-08-15T06:08:36.981Z,0.000242828632,2026-08-15 11:53:36.981,1123.7825
Pulse experiments,pioreactor01,2026-08-15T06:08:41.982Z,0.000483404661,2026-08-15 11:53:41.982,1123.783888888889
Pulse experiments,pioreactor01,2026-08-15T06:08:46.982Z,0.000861786608,2026-08-15 11:53:46.982,1123.785277777778
Pulse experiments,pioreactor01,2026-08-15T06:08:51.982Z,0.001100504856,2026-08-15 11:53:51.982,1123.786666666667
Pulse experiments,pioreactor01,2026-08-15T06:08:56.982Z,0.001174912534,2026-08-15 11:53:56.982,1123.788055555556
Pulse experiments,pioreactor01,2026-08-15T06:09:01.983Z,0.001122797802,2026-08-15 11:54:01.983,1123.789444444444
Pulse experiments,pioreactor01,2026-08-15T06:09:06.982Z,0.001231877057,2026-08-15 11:54:06.982,1123.790833333333
Pulse experiments,pioreactor01,2026-08-15T06:09:11.983Z,0.001432390992,2026-08-15 11:54:11.983,1123.792222222222
Pulse experiments,pioreactor01,2026-08-15T06:09:16.981Z,0.001681957289,2026-08-15 11:54:16.981,1123.793611111111
Pulse experiments,pioreactor01,2026-08-15T06:09:21.982Z,0.001901107393,2026-08-15 11:54:21.982,1123.795
Pulse experiments,pioreactor01,2026-08-15T06:09:26.981Z,0.001974489644,2026-08-15 11:54:26.981,1123.796388888889
Pulse experiments,pioreactor01,2026-08-15T06:09:31.981Z,0.001967166974,2026-08-15 11:54:31.981,1123.797777777778
Pulse experiments,pioreactor01,2026-08-15T06:09:36.984Z,0.001978701284,2026-08-15 11:54:36.984,1123.799166666667
Pulse experiments,pioreactor01,2026-08-15T06:09:41.983Z,0.001969930563,2026-08-15 11:54:41.983,1123.800555555556
Pulse experiments,pioreactor01,2026-08-15T06:09:46.982Z,0.001773003141,2026-08-15 11:54:46.982,1123.801944444444
Pulse experiments,pioreactor01,2026-08-15T06:09:51.982Z,0.001598931521,2026-08-15 11:54:51.982,1123.803333333333
Pulse experiments,pioreactor01,2026-08-15T06:09:56.985Z,0.001478870562,2026-08-15 11:54:56.985,1123.804722222222
Pulse experiments,pioreactor01,2026-08-15T06:10:01.981Z,0.00124011755,2026-08-15 11:55:01.981,1123.806111111111
Pulse experiments,pioreactor01,2026-08-15T06:10:06.982Z,0.001154548111,2026-08-15 11:55:06.982,1123.8075
Pulse experiments,pioreactor01,2026-08-15T06:10:11.984Z,0.001164514391,2026-08-15 11:55:11.984,1123.808888888889
Pulse experiments,pioreactor01,2026-08-15T06:10:16.980Z,0.001564785139,2026-08-15 11:55:16.980,1123.810277777778
Pulse experiments,pioreactor01,2026-08-15T06:10:21.983Z,0.001616560575,2026-08-15 11:55:21.983,1123.811666666667
Pulse experiments,pioreactor01,2026-08-15T06:10:31.982Z,0.001545402819,2026-08-15 11:55:31.982,1123.814444444444
Pulse experiments,pioreactor01,2026-08-15T06:10:36.981Z,0.001470329929,2026-08-15 11:55:36.981,1123.815833333333
Pulse experiments,pioreactor01,2026-08-15T06:10:41.981Z,0.001619791545,2026-08-15 11:55:41.981,1123.817222222222
Pulse experiments,pioreactor01,2026-08-15T06:10:46.982Z,0.001495998554,2026-08-15 11:55:46.982,1123.818611111111
Pulse experiments,pioreactor01,2026-08-15T06:10:51.981Z,0.001495287213,2026-08-15 11:55:51.981,1123.82
Pulse experiments,pioreactor01,2026-08-15T06:11:01.981Z,0.00141686268,2026-08-15 11:56:01.981,1123.822777777778
Pulse experiments,pioreactor01,2026-08-15T06:11:06.981Z,0.00141559316,2026-08-15 11:56:06.981,1123.824166666667
Pulse experiments,pioreactor01,2026-08-15T06:11:11.983Z,0.001361269037,2026-08-15 11:56:11.983,1123.825555555556
Pulse experiments,pioreactor01,2026-08-15T06:11:16.981Z,0.001304600082,2026-08-15 11:56:16.981,1123.826944444445
Pulse experiments,pioreactor01,2026-08-15T06:11:21.982Z,0.001394776962,2026-08-15 11:56:21.982,1123.828333333333
Pulse experiments,pioreactor01,2026-08-15T06:11:26.981Z,0.001566526211,2026-08-15 11:56:26.981,1123.829722222222
Pulse experiments,pioreactor01,2026-08-15T06:11:31.983Z,0.001721078096,2026-08-15 11:56:31.983,1123.831111111111
Pulse experiments,pioreactor01,2026-08-15T06:11:36.981Z,0.001693495647,2026-08-15 11:56:36.981,1123.8325
Pulse experiments,pioreactor01,2026-08-15T06:11:41.984Z,0.001710614846,2026-08-15 11:56:41.984,1123.833888888889
Pulse experiments,pioreactor01,2026-08-15T06:11:46.984Z,0.001695585158,2026-08-15 11:56:46.984,1123.835277777778
Pulse experiments,pioreactor01,2026-08-15T06:11:51.982Z,0.001455287042,2026-08-15 11:56:51.982,1123.836666666667
Pulse experiments,pioreactor01,2026-08-15T06:11:56.980Z,0.001377024925,2026-08-15 11:56:56.980,1123.838055555555
Pulse experiments,pioreactor01,2026-08-15T06:12:01.982Z,0.001397543333,2026-08-15 11:57:01.982,1123.839444444445
Pulse experiments,pioreactor01,2026-08-15T06:12:06.981Z,0.001452696109,2026-08-15 11:57:06.981,1123.840833333333
Pulse experiments,pioreactor01,2026-08-15T06:12:11.983Z,0.001610691106,2026-08-15 11:57:11.983,1123.842222222222
Pulse experiments,pioreactor01,2026-08-15T06:12:16.981Z,0.001629752136,2026-08-15 11:57:16.981,1123.843611111111
Pulse experiments,pioreactor01,2026-08-15T06:12:21.984Z,0.001726822566,2026-08-15 11:57:21.984,1123.845
Pulse experiments,pioreactor01,2026-08-15T06:12:26.983Z,0.001549693327,2026-08-15 11:57:26.983,1123.846388888889
Pulse experiments,pioreactor01,2026-08-15T06:12:31.982Z,0.00143724029,2026-08-15 11:57:31.982,1123.847777777778
Pulse experiments,pioreactor01,2026-08-15T06:12:36.983Z,0.001341840024,2026-08-15 11:57:36.983,1123.849166666667
Pulse experiments,pioreactor01,2026-08-15T06:12:41.982Z,0.001231488995,2026-08-15 11:57:41.982,1123.850555555556
Pulse experiments,pioreactor01,2026-08-15T06:12:46.981Z,0.001257096068,2026-08-15 11:57:46.981,1123.851944444444
Pulse experiments,pioreactor01,2026-08-15T06:12:51.981Z,0.001390139612,2026-08-15 11:57:51.981,1123.853333333333
Pulse experiments,pioreactor01,2026-08-15T06:12:56.982Z,0.001496669124,2026-08-15 11:57:56.982,1123.854722222222
Pulse experiments,pioreactor01,2026-08-15T06:13:01.983Z,0.001363371193,2026-08-15 11:58:01.983,1123.856111111111
Pulse experiments,pioreactor01,2026-08-15T06:13:06.982Z,0.001504714297,2026-08-15 11:58:06.982,1123.8575
Pulse experiments,pioreactor01,2026-08-15T06:13:11.984Z,0.001542853349,2026-08-15 11:58:11.984,1123.858888888889
Pulse experiments,pioreactor01,2026-08-15T06:13:16.982Z,0.001262228186,2026-08-15 11:58:16.982,1123.860277777778
Pulse experiments,pioreactor01,2026-08-15T06:13:21.981Z,0.001142043596,2026-08-15 11:58:21.981,1123.861666666667
Pulse experiments,pioreactor01,2026-08-15T06:13:26.980Z,0.001186753482,2026-08-15 11:58:26.980,1123.863055555556
Pulse experiments,pioreactor01,2026-08-15T06:13:31.981Z,0.001171192133,2026-08-15 11:58:31.981,1123.864444444444
Pulse experiments,pioreactor01,2026-08-15T06:13:36.982Z,0.001129671989,2026-08-15 11:58:36.982,1123.865833333333
Pulse experiments,pioreactor01,2026-08-15T06:13:41.981Z,0.001105267182,2026-08-15 11:58:41.981,1123.867222222222
Pulse experiments,pioreactor01,2026-08-15T06:13:46.982Z,0.001029631185,2026-08-15 11:58:46.982,1123.868611111111
Pulse experiments,pioreactor01,2026-08-15T06:13:51.983Z,0.000972024275,2026-08-15 11:58:51.983,1123.87
Pulse experiments,pioreactor01,2026-08-15T06:13:56.983Z,0.000909795629,2026-08-15 11:58:56.983,1123.871388888889
Pulse experiments,pioreactor01,2026-08-15T06:14:01.981Z,0.001104140985,2026-08-15 11:59:01.981,1123.872777777778
Pulse experiments,pioreactor01,2026-08-15T06:14:06.985Z,0.001167103447,2026-08-15 11:59:06.985,1123.874166666667
Pulse experiments,pioreactor01,2026-08-15T06:14:11.981Z,0.001345269567,2026-08-15 11:59:11.981,1123.875555555556
Pulse experiments,pioreactor01,2026-08-15T06:14:16.984Z,0.001324184422,2026-08-15 11:59:16.984,1123.876944444444
Pulse experiments,pioreactor01,2026-08-15T06:14:21.983Z,0.001111668772,2026-08-15 11:59:21.983,1123.878333333333
Pulse experiments,pioreactor01,2026-08-15T06:14:26.981Z,0.00086021572,2026-08-15 11:59:26.981,1123.879722222222
Pulse experiments,pioreactor01,2026-08-15T06:14:31.980Z,0.000771538922,2026-08-15 11:59:31.980,1123.881111111111
Pulse experiments,pioreactor01,2026-08-15T06:14:36.981Z,0.000571245805,2026-08-15 11:59:36.981,1123.8825
Pulse experiments,pioreactor01,2026-08-15T06:14:41.982Z,0.000236375867,2026-08-15 11:59:41.982,1123.883888888889
Pulse experiments,pioreactor01,2026-08-15T06:14:46.981Z,4.295209e-05,2026-08-15 11:59:46.981,1123.885277777778
Pulse experiments,pioreactor01,2026-08-15T06:14:51.983Z,-7.093491e-06,2026-08-15 11:59:51.983,1123.886666666667
Pulse experiments,pioreactor01,2026-08-15T06:14:56.982Z,-3.7123075e-05,2026-08-15 11:59:56.982,1123.888055555556
Pulse experiments,pioreactor01,2026-08-15T06:15:01.984Z,-0.000234034502,2026-08-15 12:00:01.984,1123.889444444445
Pulse experiments,pioreactor01,2026-08-15T06:15:06.984Z,-0.000155132164,2026-08-15 12:00:06.984,1123.890833333333
Pulse experiments,pioreactor01,2026-08-15T06:15:11.984Z,-7.183926e-06,2026-08-15 12:00:11.984,1123.892222222222
Pulse experiments,pioreactor01,2026-08-15T06:15:16.982Z,0.000217362497,2026-08-15 12:00:16.982,1123.893611111111
Pulse experiments,pioreactor01,2026-08-15T06:15:21.987Z,0.00032277524,2026-08-15 12:00:21.987,1123.895
Pulse experiments,pioreactor01,2026-08-15T06:15:26.983Z,0.000347068761,2026-08-15 12:00:26.983,1123.896388888889
Pulse experiments,pioreactor01,2026-08-15T06:15:31.983Z,0.000269959496,2026-08-15 12:00:31.983,1123.897777777778
Pulse experiments,pioreactor01,2026-08-15T06:15:36.982Z,0.000491185325,2026-08-15 12:00:36.982,1123.899166666667
Pulse experiments,pioreactor01,2026-08-15T06:15:41.983Z,0.000647889022,2026-08-15 12:00:41.983,1123.900555555555
Pulse experiments,pioreactor01,2026-08-15T06:15:46.983Z,0.000671889258,2026-08-15 12:00:46.983,1123.901944444445
Pulse experiments,pioreactor01,2026-08-15T06:15:51.981Z,0.00052399973,2026-08-15 12:00:51.981,1123.903333333333
Pulse experiments,pioreactor01,2026-08-15T06:15:56.982Z,0.000470267345,2026-08-15 12:00:56.982,1123.904722222222
Pulse experiments,pioreactor01,2026-08-15T06:16:01.981Z,0.00023407764,2026-08-15 12:01:01.981,1123.906111111111
Pulse experiments,pioreactor01,2026-08-15T06:16:06.982Z,5.1407506e-05,2026-08-15 12:01:06.982,1123.9075
Pulse experiments,pioreactor01,2026-08-15T06:16:11.982Z,-0.000138831841,2026-08-15 12:01:11.982,1123.908888888889
Pulse experiments,pioreactor01,2026-08-15T06:16:16.984Z,-0.000399533959,2026-08-15 12:01:16.984,1123.910277777778
Pulse experiments,pioreactor01,2026-08-15T06:16:21.981Z,-0.000678598935,2026-08-15 12:01:21.981,1123.911666666667
Pulse experiments,pioreactor01,2026-08-15T06:16:26.983Z,-0.000748566037,2026-08-15 12:01:26.983,1123.913055555556
Pulse experiments,pioreactor01,2026-08-15T06:16:31.984Z,-0.000831347927,2026-08-15 12:01:31.984,1123.914444444444
Pulse experiments,pioreactor01,2026-08-15T06:16:36.982Z,-0.001044305836,2026-08-15 12:01:36.982,1123.915833333333
Pulse experiments,pioreactor01,2026-08-15T06:16:41.982Z,-0.00134388743,2026-08-15 12:01:41.982,1123.917222222222
Pulse experiments,pioreactor01,2026-08-15T06:16:46.982Z,-0.001359701753,2026-08-15 12:01:46.982,1123.918611111111
Pulse experiments,pioreactor01,2026-08-15T06:16:51.981Z,-0.001275443507,2026-08-15 12:01:51.981,1123.92
Pulse experiments,pioreactor01,2026-08-15T06:16:56.983Z,-0.001167180741,2026-08-15 12:01:56.983,1123.921388888889
Pulse experiments,pioreactor01,2026-08-15T06:17:01.984Z,-0.001193813248,2026-08-15 12:02:01.984,1123.922777777778
Pulse experiments,pioreactor01,2026-08-15T06:17:06.982Z,-0.000964623671,2026-08-15 12:02:06.982,1123.924166666667
Pulse experiments,pioreactor01,2026-08-15T06:17:11.981Z,-0.000727839747,2026-08-15 12:02:11.981,1123.925555555556
Pulse experiments,pioreactor01,2026-08-15T06:17:16.983Z,-0.000841131036,2026-08-15 12:02:16.983,1123.926944444444
Pulse experiments,pioreactor01,2026-08-15T06:17:21.981Z,-0.001064954321,2026-08-15 12:02:21.981,1123.928333333333
Pulse experiments,pioreactor01,2026-08-15T06:17:26.981Z,-0.001193460162,2026-08-15 12:02:26.981,1123.929722222222
Pulse experiments,pioreactor01,2026-08-15T06:17:31.982Z,-0.001151364171,2026-08-15 12:02:31.982,1123.931111111111
Pulse experiments,pioreactor01,2026-08-15T06:17:36.983Z,-0.001108345048,2026-08-15 12:02:36.983,1123.9325
Pulse experiments,pioreactor01,2026-08-15T06:17:41.981Z,-0.001272468038,2026-08-15 12:02:41.981,1123.933888888889
Pulse experiments,pioreactor01,2026-08-15T06:17:46.980Z,-0.001289388148,2026-08-15 12:02:46.980,1123.935277777778
Pulse experiments,pioreactor01,2026-08-15T06:17:51.981Z,-0.00127476465,2026-08-15 12:02:51.981,1123.936666666667
Pulse experiments,pioreactor01,2026-08-15T06:17:56.981Z,-0.001459453701,2026-08-15 12:02:56.981,1123.938055555556
Pulse experiments,pioreactor01,2026-08-15T06:18:01.982Z,-0.001500004726,2026-08-15 12:03:01.982,1123.939444444444
Pulse experiments,pioreactor01,2026-08-15T06:18:06.982Z,-0.001481827153,2026-08-15 12:03:06.982,1123.940833333333
Pulse experiments,pioreactor01,2026-08-15T06:18:11.982Z,-0.001411849236,2026-08-15 12:03:11.982,1123.942222222222
Pulse experiments,pioreactor01,2026-08-15T06:18:16.984Z,-0.001385971516,2026-08-15 12:03:16.984,1123.943611111111
Pulse experiments,pioreactor01,2026-08-15T06:18:21.981Z,-0.001298466828,2026-08-15 12:03:21.981,1123.945
Pulse experiments,pioreactor01,2026-08-15T06:18:26.982Z,-0.00144716359,2026-08-15 12:03:26.982,1123.946388888889
Pulse experiments,pioreactor01,2026-08-15T06:18:41.984Z,-0.001693386504,2026-08-15 12:03:41.984,1123.950555555556
Pulse experiments,pioreactor01,2026-08-15T06:18:46.982Z,-0.001731451312,2026-08-15 12:03:46.982,1123.951944444445
Pulse experiments,pioreactor01,2026-08-15T06:18:51.983Z,-0.001612518333,2026-08-15 12:03:51.983,1123.953333333333
Pulse experiments,pioreactor01,2026-08-15T06:18:56.981Z,-0.001672948024,2026-08-15 12:03:56.981,1123.954722222222
Pulse experiments,pioreactor01,2026-08-15T06:19:01.982Z,-0.001859901066,2026-08-15 12:04:01.982,1123.956111111111
Pulse experiments,pioreactor01,2026-08-15T06:19:06.982Z,-0.001910418583,2026-08-15 12:04:06.982,1123.9575
Pulse experiments,pioreactor01,2026-08-15T06:19:11.982Z,-0.001970727165,2026-08-15 12:04:11.982,1123.958888888889
Pulse experiments,pioreactor01,2026-08-15T06:19:16.983Z,-0.001928890031,2026-08-15 12:04:16.983,1123.960277777778
Pulse experiments,pioreactor01,2026-08-15T06:19:21.981Z,-0.002035745549,2026-08-15 12:04:21.981,1123.961666666667
Pulse experiments,pioreactor01,2026-08-15T06:19:26.981Z,-0.002102850757,2026-08-15 12:04:26.981,1123.963055555555
Pulse experiments,pioreactor01,2026-08-15T06:19:31.982Z,-0.002351685584,2026-08-15 12:04:31.982,1123.964444444445
Pulse experiments,pioreactor01,2026-08-15T06:19:36.983Z,-0.002358744206,2026-08-15 12:04:36.983,1123.965833333333
Pulse experiments,pioreactor01,2026-08-15T06:19:41.983Z,-0.002387506227,2026-08-15 12:04:41.983,1123.967222222222
Pulse experiments,pioreactor01,2026-08-15T06:19:46.981Z,-0.002391377513,2026-08-15 12:04:46.981,1123.968611111111
Pulse experiments,pioreactor01,2026-08-15T06:19:51.982Z,-0.00256149865,2026-08-15 12:04:51.982,1123.97
Pulse experiments,pioreactor01,2026-08-15T06:19:56.981Z,-0.00243473229,2026-08-15 12:04:56.981,1123.971388888889
Pulse experiments,pioreactor01,2026-08-15T06:20:01.982Z,-0.002438700237,2026-08-15 12:05:01.982,1123.972777777778
Pulse experiments,pioreactor01,2026-08-15T06:20:06.981Z,-0.002349199738,2026-08-15 12:05:06.981,1123.974166666667
Pulse experiments,pioreactor01,2026-08-15T06:20:11.981Z,-0.002478188527,2026-08-15 12:05:11.981,1123.975555555556
Pulse experiments,pioreactor01,2026-08-15T06:20:16.981Z,-0.002473449024,2026-08-15 12:05:16.981,1123.976944444444
Pulse experiments,pioreactor01,2026-08-15T06:20:21.981Z,-0.002529607206,2026-08-15 12:05:21.981,1123.978333333333
Pulse experiments,pioreactor01,2026-08-15T06:20:26.984Z,-0.002634156623,2026-08-15 12:05:26.984,1123.979722222222
Pulse experiments,pioreactor01,2026-08-15T06:20:31.980Z,-0.002596514544,2026-08-15 12:05:31.980,1123.981111111111
Pulse experiments,pioreactor01,2026-08-15T06:20:36.982Z,-0.002573840467,2026-08-15 12:05:36.982,1123.9825
Pulse experiments,pioreactor01,2026-08-15T06:20:41.982Z,-0.002486836223,2026-08-15 12:05:41.982,1123.983888888889
Pulse experiments,pioreactor01,2026-08-15T06:20:46.984Z,-0.00254365342,2026-08-15 12:05:46.984,1123.985277777778
Pulse experiments,pioreactor01,2026-08-15T06:20:51.982Z,-0.002614886193,2026-08-15 12:05:51.982,1123.986666666667
Pulse experiments,pioreactor01,2026-08-15T06:20:56.981Z,-0.002663370642,2026-08-15 12:05:56.981,1123.988055555556
Pulse experiments,pioreactor01,2026-08-15T06:21:06.981Z,-0.00286723082,2026-08-15 12:06:06.981,1123.990833333333
Pulse experiments,pioreactor01,2026-08-15T06:21:11.982Z,-0.002906470287,2026-08-15 12:06:11.982,1123.992222222222
Pulse experiments,pioreactor01,2026-08-15T06:21:16.982Z,-0.002854255294,2026-08-15 12:06:16.982,1123.993611111111
Pulse experiments,pioreactor01,2026-08-15T06:21:21.981Z,-0.002756527623,2026-08-15 12:06:21.981,1123.995
Pulse experiments,pioreactor01,2026-08-15T06:21:31.984Z,-0.002686719602,2026-08-15 12:06:31.984,1123.997777777778
Pulse experiments,pioreactor01,2026-08-15T06:21:36.980Z,-0.002696814801,2026-08-15 12:06:36.980,1123.999166666667
Pulse experiments,pioreactor01,2026-08-15T06:21:41.983Z,-0.002709042619,2026-08-15 12:06:41.983,1124.000555555556
Pulse experiments,pioreactor01,2026-08-15T06:21:46.981Z,-0.002804173876,2026-08-15 12:06:46.981,1124.001944444444
Pulse experiments,pioreactor01,2026-08-15T06:21:51.982Z,-0.00305739672,2026-08-15 12:06:51.982,1124.003333333333
Pulse experiments,pioreactor01,2026-08-15T06:21:56.982Z,-0.003158294537,2026-08-15 12:06:56.982,1124.004722222222
Pulse experiments,pioreactor01,2026-08-15T06:22:01.982Z,-0.003203674015,2026-08-15 12:07:01.982,1124.006111111111
Pulse experiments,pioreactor01,2026-08-15T06:22:06.983Z,-0.003084562596,2026-08-15 12:07:06.983,1124.0075
Pulse experiments,pioreactor01,2026-08-15T06:22:11.985Z,-0.003074930663,2026-08-15 12:07:11.985,1124.008888888889
Pulse experiments,pioreactor01,2026-08-15T06:22:16.981Z,-0.002978802561,2026-08-15 12:07:16.981,1124.010277777778
Pulse experiments,pioreactor01,2026-08-15T06:22:21.981Z,-0.003097188999,2026-08-15 12:07:21.981,1124.011666666667
Pulse experiments,pioreactor01,2026-08-15T06:22:26.982Z,-0.003116425199,2026-08-15 12:07:26.982,1124.013055555556
Pulse experiments,pioreactor01,2026-08-15T06:22:31.982Z,-0.003035376076,2026-08-15 12:07:31.982,1124.014444444445
Pulse experiments,pioreactor01,2026-08-15T06:22:36.984Z,-0.002879718753,2026-08-15 12:07:36.984,1124.015833333333
Pulse experiments,pioreactor01,2026-08-15T06:22:41.981Z,-0.00279496558,2026-08-15 12:07:41.981,1124.017222222222
Pulse experiments,pioreactor01,2026-08-15T06:22:46.982Z,-0.002615161468,2026-08-15 12:07:46.982,1124.018611111111
Pulse experiments,pioreactor01,2026-08-15T06:22:51.982Z,-0.002655513839,2026-08-15 12:07:51.982,1124.02
Pulse experiments,pioreactor01,2026-08-15T06:22:56.983Z,-0.002656701559,2026-08-15 12:07:56.983,1124.021388888889
Pulse experiments,pioreactor01,2026-08-15T06:23:01.982Z,-0.002913469524,2026-08-15 12:08:01.982,1124.022777777778
Pulse experiments,pioreactor01,2026-08-15T06:23:06.983Z,-0.002913526911,2026-08-15 12:08:06.983,1124.024166666667
Pulse experiments,pioreactor01,2026-08-15T06:23:11.982Z,-0.00290312484,2026-08-15 12:08:11.982,1124.025555555555
Pulse experiments,pioreactor01,2026-08-15T06:23:16.982Z,-0.002869458589,2026-08-15 12:08:16.982,1124.026944444445
Pulse experiments,pioreactor01,2026-08-15T06:23:21.987Z,-0.003065051433,2026-08-15 12:08:21.987,1124.028333333333
Pulse experiments,pioreactor01,2026-08-15T06:23:26.983Z,-0.003249221403,2026-08-15 12:08:26.983,1124.029722222222
Pulse experiments,pioreactor01,2026-08-15T06:23:31.982Z,-0.003568726797,2026-08-15 12:08:31.982,1124.031111111111
Pulse experiments,pioreactor01,2026-08-15T06:23:36.984Z,-0.003708024535,2026-08-15 12:08:36.984,1124.0325
Pulse experiments,pioreactor01,2026-08-15T06:23:41.982Z,-0.003737134714,2026-08-15 12:08:41.982,1124.033888888889
Pulse experiments,pioreactor01,2026-08-15T06:23:46.983Z,-0.003706552008,2026-08-15 12:08:46.983,1124.035277777778
Pulse experiments,pioreactor01,2026-08-15T06:23:51.984Z,-0.003610502943,2026-08-15 12:08:51.984,1124.036666666667
Pulse experiments,pioreactor01,2026-08-15T06:23:56.982Z,-0.003722552396,2026-08-15 12:08:56.982,1124.038055555556
Pulse experiments,pioreactor01,2026-08-15T06:24:01.983Z,-0.003758956915,2026-08-15 12:09:01.983,1124.039444444444
Pulse experiments,pioreactor01,2026-08-15T06:24:06.981Z,-0.003713323829,2026-08-15 12:09:06.981,1124.040833333333
Pulse experiments,pioreactor01,2026-08-15T06:24:11.981Z,-0.003835594683,2026-08-15 12:09:11.981,1124.042222222222
Pulse experiments,pioreactor01,2026-08-15T06:24:16.982Z,-0.003974664434,2026-08-15 12:09:16.982,1124.043611111111
Pulse experiments,pioreactor01,2026-08-15T06:24:21.982Z,-0.004029605859,2026-08-15 12:09:21.982,1124.045
Pulse experiments,pioreactor01,2026-08-15T06:24:26.982Z,-0.004065179518,2026-08-15 12:09:26.982,1124.046388888889
Pulse experiments,pioreactor01,2026-08-15T06:24:31.981Z,-0.004125780538,2026-08-15 12:09:31.981,1124.047777777778
Pulse experiments,pioreactor01,2026-08-15T06:24:36.982Z,-0.004025194848,2026-08-15 12:09:36.982,1124.049166666667
Pulse experiments,pioreactor01,2026-08-15T06:24:41.982Z,-0.003923849052,2026-08-15 12:09:41.982,1124.050555555556
Pulse experiments,pioreactor01,2026-08-15T06:24:46.983Z,-0.003866130792,2026-08-15 12:09:46.983,1124.051944444444
Pulse experiments,pioreactor01,2026-08-15T06:24:51.981Z,-0.003922174998,2026-08-15 12:09:51.981,1124.053333333333
Pulse experiments,pioreactor01,2026-08-15T06:24:56.983Z,-0.003982697661,2026-08-15 12:09:56.983,1124.054722222222
Pulse experiments,pioreactor01,2026-08-15T06:25:01.982Z,-0.00401008689,2026-08-15 12:10:01.982,1124.056111111111
Pulse experiments,pioreactor01,2026-08-15T06:25:06.981Z,-0.004004035837,2026-08-15 12:10:06.981,1124.0575
Pulse experiments,pioreactor01,2026-08-15T06:25:11.982Z,-0.004142599606,2026-08-15 12:10:11.982,1124.058888888889
Pulse experiments,pioreactor01,2026-08-15T06:25:16.984Z,-0.004075397958,2026-08-15 12:10:16.984,1124.060277777778
Pulse experiments,pioreactor01,2026-08-15T06:25:21.983Z,-0.004031116003,2026-08-15 12:10:21.983,1124.061666666667
Pulse experiments,pioreactor01,2026-08-15T06:25:26.981Z,-0.004005972076,2026-08-15 12:10:26.981,1124.063055555556
Pulse experiments,pioreactor01,2026-08-15T06:25:31.981Z,-0.003901562857,2026-08-15 12:10:31.981,1124.064444444444
Pulse experiments,pioreactor01,2026-08-15T06:25:36.985Z,-0.003792000408,2026-08-15 12:10:36.985,1124.065833333333
Pulse experiments,pioreactor01,2026-08-15T06:25:41.981Z,-0.003788085744,2026-08-15 12:10:41.981,1124.067222222222
Pulse experiments,pioreactor01,2026-08-15T06:25:46.986Z,-0.003620180123,2026-08-15 12:10:46.986,1124.068611111111
Pulse experiments,pioreactor01,2026-08-15T06:25:51.983Z,-0.003777859378,2026-08-15 12:10:51.983,1124.07
Pulse experiments,pioreactor01,2026-08-15T06:25:56.983Z,-0.003881167275,2026-08-15 12:10:56.983,1124.071388888889
Pulse experiments,pioreactor01,2026-08-15T06:26:01.984Z,-0.003889892745,2026-08-15 12:11:01.984,1124.072777777778
Pulse experiments,pioreactor01,2026-08-15T06:26:06.981Z,-0.003900746158,2026-08-15 12:11:06.981,1124.074166666667
Pulse experiments,pioreactor01,2026-08-15T06:26:11.982Z,-0.003762580226,2026-08-15 12:11:11.982,1124.075555555556
Pulse experiments,pioreactor01,2026-08-15T06:26:21.981Z,-0.003778907761,2026-08-15 12:11:21.981,1124.078333333333
Pulse experiments,pioreactor01,2026-08-15T06:26:26.982Z,-0.003818563877,2026-08-15 12:11:26.982,1124.079722222222
Pulse experiments,pioreactor01,2026-08-15T06:26:31.981Z,-0.003833521183,2026-08-15 12:11:31.981,1124.081111111111
Pulse experiments,pioreactor01,2026-08-15T06:26:36.983Z,-0.003879020361,2026-08-15 12:11:36.983,1124.0825
Pulse experiments,pioreactor01,2026-08-15T06:26:41.981Z,-0.00396854726,2026-08-15 12:11:41.981,1124.083888888889
Pulse experiments,pioreactor01,2026-08-15T06:26:46.982Z,-0.004174578462,2026-08-15 12:11:46.982,1124.085277777778
Pulse experiments,pioreactor01,2026-08-15T06:26:51.982Z,-0.004280599489,2026-08-15 12:11:51.982,1124.086666666667
Pulse experiments,pioreactor01,2026-08-15T06:26:56.981Z,-0.004319621003,2026-08-15 12:11:56.981,1124.088055555555
Pulse experiments,pioreactor01,2026-08-15T06:27:01.982Z,-0.00435743387,2026-08-15 12:12:01.982,1124.089444444445
Pulse experiments,pioreactor01,2026-08-15T06:27:06.981Z,-0.004395048163,2026-08-15 12:12:06.981,1124.090833333333
Pulse experiments,pioreactor01,2026-08-15T06:27:11.983Z,-0.004515185486,2026-08-15 12:12:11.983,1124.092222222222
Pulse experiments,pioreactor01,2026-08-15T06:27:16.982Z,-0.004515136139,2026-08-15 12:12:16.982,1124.093611111111
Pulse experiments,pioreactor01,2026-08-15T06:27:21.982Z,-0.004645880478,2026-08-15 12:12:21.982,1124.095
Pulse experiments,pioreactor01,2026-08-15T06:27:26.981Z,-0.00482590183,2026-08-15 12:12:26.981,1124.096388888889
Pulse experiments,pioreactor01,2026-08-15T06:27:31.982Z,-0.004777483683,2026-08-15 12:12:31.982,1124.097777777778
Pulse experiments,pioreactor01,2026-08-15T06:27:36.981Z,-0.004915714993,2026-08-15 12:12:36.981,1124.099166666667
Pulse experiments,pioreactor01,2026-08-15T06:27:41.982Z,-0.004944336031,2026-08-15 12:12:41.982,1124.100555555556
Pulse experiments,pioreactor01,2026-08-15T06:27:46.982Z,-0.004967580366,2026-08-15 12:12:46.982,1124.101944444444
Pulse experiments,pioreactor01,2026-08-15T06:27:51.982Z,-0.005005684935,2026-08-15 12:12:51.982,1124.103333333333
Pulse experiments,pioreactor01,2026-08-15T06:27:56.985Z,-0.005109500324,2026-08-15 12:12:56.985,1124.104722222222
Pulse experiments,pioreactor01,2026-08-15T06:28:01.982Z,-0.005236854193,2026-08-15 12:13:01.982,1124.106111111111
Pulse experiments,pioreactor01,2026-08-15T06:28:06.984Z,-0.005396724216,2026-08-15 12:13:06.984,1124.1075
Pulse experiments,pioreactor01,2026-08-15T06:28:16.984Z,-0.005399758044,2026-08-15 12:13:16.984,1124.110277777778
Pulse experiments,pioreactor01,2026-08-15T06:28:21.981Z,-0.005412892369,2026-08-15 12:13:21.981,1124.111666666667
Pulse experiments,pioreactor01,2026-08-15T06:28:26.983Z,-0.00533309906,2026-08-15 12:13:26.983,1124.113055555556
Pulse experiments,pioreactor01,2026-08-15T06:28:31.982Z,-0.00533309716,2026-08-15 12:13:31.982,1124.114444444444
Pulse experiments,pioreactor01,2026-08-15T06:28:36.982Z,-0.005291277234,2026-08-15 12:13:36.982,1124.115833333333
Pulse experiments,pioreactor01,2026-08-15T06:28:41.982Z,-0.005400716044,2026-08-15 12:13:41.982,1124.117222222222
Pulse experiments,pioreactor01,2026-08-15T06:28:46.982Z,-0.005564185088,2026-08-15 12:13:46.982,1124.118611111111
Pulse experiments,pioreactor01,2026-08-15T06:28:51.983Z,-0.005595334647,2026-08-15 12:13:51.983,1124.12
Pulse experiments,pioreactor01,2026-08-15T06:28:56.982Z,-0.005657980037,2026-08-15 12:13:56.982,1124.121388888889
Pulse experiments,pioreactor01,2026-08-15T06:29:01.982Z,-0.005605759143,2026-08-15 12:14:01.982,1124.122777777778
Pulse experiments,pioreactor01,2026-08-15T06:29:06.982Z,-0.005684138503,2026-08-15 12:14:06.982,1124.124166666667
Pulse experiments,pioreactor01,2026-08-15T06:29:11.982Z,-0.005624441466,2026-08-15 12:14:11.982,1124.125555555556
Pulse experiments,pioreactor01,2026-08-15T06:29:16.984Z,-0.005656287606,2026-08-15 12:14:16.984,1124.126944444444
Pulse experiments,pioreactor01,2026-08-15T06:29:21.982Z,-0.0055598604,2026-08-15 12:14:21.982,1124.128333333333
Pulse experiments,pioreactor01,2026-08-15T06:29:26.981Z,-0.005610620156,2026-08-15 12:14:26.981,1124.129722222222
Pulse experiments,pioreactor01,2026-08-15T06:29:31.983Z,-0.005761907043,2026-08-15 12:14:31.983,1124.131111111111
Pulse experiments,pioreactor01,2026-08-15T06:29:36.984Z,-0.005901919923,2026-08-15 12:14:36.984,1124.1325
Pulse experiments,pioreactor01,2026-08-15T06:29:41.980Z,-0.005880970584,2026-08-15 12:14:41.980,1124.133888888889
Pulse experiments,pioreactor01,2026-08-15T06:29:46.981Z,-0.005842434729,2026-08-15 12:14:46.981,1124.135277777778
Pulse experiments,pioreactor01,2026-08-15T06:29:51.983Z,-0.005795668796,2026-08-15 12:14:51.983,1124.136666666667
Pulse experiments,pioreactor01,2026-08-15T06:29:56.982Z,-0.005717937926,2026-08-15 12:14:56.982,1124.138055555556
Pulse experiments,pioreactor01,2026-08-15T06:30:01.982Z,-0.005736216618,2026-08-15 12:15:01.982,1124.139444444445
Pulse experiments,pioreactor01,2026-08-15T06:30:06.981Z,-0.005862771396,2026-08-15 12:15:06.981,1124.140833333333
Pulse experiments,pioreactor01,2026-08-15T06:30:11.982Z,-0.005839542064,2026-08-15 12:15:11.982,1124.142222222222
Pulse experiments,pioreactor01,2026-08-15T06:30:21.984Z,-0.005797555597,2026-08-15 12:15:21.984,1124.145
Pulse experiments,pioreactor01,2026-08-15T06:30:26.982Z,-0.00576273307,2026-08-15 12:15:26.982,1124.146388888889
Pulse experiments,pioreactor01,2026-08-15T06:30:31.982Z,-0.005777145991,2026-08-15 12:15:31.982,1124.147777777778
Pulse experiments,pioreactor01,2026-08-15T06:30:41.983Z,-0.005655410366,2026-08-15 12:15:41.983,1124.150555555555
Pulse experiments,pioreactor01,2026-08-15T06:30:46.983Z,-0.005722282171,2026-08-15 12:15:46.983,1124.151944444445
Pulse experiments,pioreactor01,2026-08-15T06:30:51.982Z,-0.005888015886,2026-08-15 12:15:51.982,1124.153333333333
Pulse experiments,pioreactor01,2026-08-15T06:30:56.981Z,-0.006000324518,2026-08-15 12:15:56.981,1124.154722222222
Pulse experiments,pioreactor01,2026-08-15T06:31:01.982Z,-0.006022412271,2026-08-15 12:16:01.982,1124.156111111111
Pulse experiments,pioreactor01,2026-08-15T06:31:06.983Z,-0.006084683578,2026-08-15 12:16:06.983,1124.1575
Pulse experiments,pioreactor01,2026-08-15T06:31:11.982Z,-0.006050797474,2026-08-15 12:16:11.982,1124.158888888889
Pulse experiments,pioreactor01,2026-08-15T06:31:16.986Z,-0.00598404107,2026-08-15 12:16:16.986,1124.160277777778
Pulse experiments,pioreactor01,2026-08-15T06:31:21.981Z,-0.005978979979,2026-08-15 12:16:21.981,1124.161666666667
Pulse experiments,pioreactor01,2026-08-15T06:31:26.982Z,-0.006092123938,2026-08-15 12:16:26.982,1124.163055555556
Pulse experiments,pioreactor01,2026-08-15T06:31:31.982Z,-0.006166684426,2026-08-15 12:16:31.982,1124.164444444444
Pulse experiments,pioreactor01,2026-08-15T06:31:36.981Z,-0.006240240798,2026-08-15 12:16:36.981,1124.165833333333
Pulse experiments,pioreactor01,2026-08-15T06:31:41.982Z,-0.006250513877,2026-08-15 12:16:41.982,1124.167222222222
Pulse experiments,pioreactor01,2026-08-15T06:31:46.982Z,-0.006150941285,2026-08-15 12:16:46.982,1124.168611111111
Pulse experiments,pioreactor01,2026-08-15T06:31:51.980Z,-0.006002373677,2026-08-15 12:16:51.980,1124.17
Pulse experiments,pioreactor01,2026-08-15T06:31:56.982Z,-0.005961462012,2026-08-15 12:16:56.982,1124.171388888889
Pulse experiments,pioreactor01,2026-08-15T06:32:01.982Z,-0.005985714543,2026-08-15 12:17:01.982,1124.172777777778
Pulse experiments,pioreactor01,2026-08-15T06:32:06.980Z,-0.00581538809,2026-08-15 12:17:06.980,1124.174166666667
Pulse experiments,pioreactor01,2026-08-15T06:32:11.981Z,-0.005915678081,2026-08-15 12:17:11.981,1124.175555555556
Pulse experiments,pioreactor01,2026-08-15T06:32:16.981Z,-0.005945648347,2026-08-15 12:17:16.981,1124.176944444444
Pulse experiments,pioreactor01,2026-08-15T06:32:21.982Z,-0.005979986729,2026-08-15 12:17:21.982,1124.178333333333
Pulse experiments,pioreactor01,2026-08-15T06:32:26.982Z,-0.00608495976,2026-08-15 12:17:26.982,1124.179722222222
Pulse experiments,pioreactor01,2026-08-15T06:32:31.983Z,-0.006074125082,2026-08-15 12:17:31.983,1124.181111111111
Pulse experiments,pioreactor01,2026-08-15T06:32:36.982Z,-0.006203080787,2026-08-15 12:17:36.982,1124.1825
Pulse experiments,pioreactor01,2026-08-15T06:32:41.984Z,-0.006334868758,2026-08-15 12:17:41.984,1124.183888888889
Pulse experiments,pioreactor01,2026-08-15T06:32:46.984Z,-0.006240463526,2026-08-15 12:17:46.984,1124.185277777778
Pulse experiments,pioreactor01,2026-08-15T06:32:51.982Z,-0.006072267397,2026-08-15 12:17:51.982,1124.186666666667
Pulse experiments,pioreactor01,2026-08-15T06:32:56.983Z,-0.006058395854,2026-08-15 12:17:56.983,1124.188055555556
Pulse experiments,pioreactor01,2026-08-15T06:33:01.981Z,-0.006097561587,2026-08-15 12:18:01.981,1124.189444444444
Pulse experiments,pioreactor01,2026-08-15T06:33:06.981Z,-0.00612707633,2026-08-15 12:18:06.981,1124.190833333333
Pulse experiments,pioreactor01,2026-08-15T06:33:11.981Z,-0.006251268912,2026-08-15 12:18:11.981,1124.192222222222
Pulse experiments,pioreactor01,2026-08-15T06:33:16.981Z,-0.006308345736,2026-08-15 12:18:16.981,1124.193611111111
Pulse experiments,pioreactor01,2026-08-15T06:33:26.980Z,-0.006246302374,2026-08-15 12:18:26.980,1124.196388888889
Pulse experiments,pioreactor01,2026-08-15T06:33:31.982Z,-0.006300161858,2026-08-15 12:18:31.982,1124.197777777778
Pulse experiments,pioreactor01,2026-08-15T06:33:36.982Z,-0.006486681511,2026-08-15 12:18:36.982,1124.199166666667
Pulse experiments,pioreactor01,2026-08-15T06:33:41.981Z,-0.006481300671,2026-08-15 12:18:41.981,1124.200555555556
Pulse experiments,pioreactor01,2026-08-15T06:33:46.983Z,-0.006410019942,2026-08-15 12:18:46.983,1124.201944444445
Pulse experiments,pioreactor01,2026-08-15T06:33:51.982Z,-0.006365974799,2026-08-15 12:18:51.982,1124.203333333333
Pulse experiments,pioreactor01,2026-08-15T06:33:56.985Z,-0.006237789216,2026-08-15 12:18:56.985,1124.204722222222
Pulse experiments,pioreactor01,2026-08-15T06:34:01.982Z,-0.006272477294,2026-08-15 12:19:01.982,1124.206111111111
Pulse experiments,pioreactor01,2026-08-15T06:34:06.984Z,-0.00644056046,2026-08-15 12:19:06.984,1124.2075
Pulse experiments,pioreactor01,2026-08-15T06:34:11.982Z,-0.006459556516,2026-08-15 12:19:11.982,1124.208888888889
Pulse experiments,pioreactor01,2026-08-15T06:34:16.981Z,-0.006408058013,2026-08-15 12:19:16.981,1124.210277777778
Pulse experiments,pioreactor01,2026-08-15T06:34:21.983Z,-0.006344058746,2026-08-15 12:19:21.983,1124.211666666667
Pulse experiments,pioreactor01,2026-08-15T06:34:26.981Z,-0.006304922493,2026-08-15 12:19:26.981,1124.213055555555
Pulse experiments,pioreactor01,2026-08-15T06:34:31.982Z,-0.006274185734,2026-08-15 12:19:31.982,1124.214444444445
Pulse experiments,pioreactor01,2026-08-15T06:34:36.983Z,-0.006200017365,2026-08-15 12:19:36.983,1124.215833333333
Pulse experiments,pioreactor01,2026-08-15T06:34:41.982Z,-0.006029671289,2026-08-15 12:19:41.982,1124.217222222222
Pulse experiments,pioreactor01,2026-08-15T06:34:46.984Z,-0.00603262908,2026-08-15 12:19:46.984,1124.218611111111
Pulse experiments,pioreactor01,2026-08-15T06:34:51.983Z,-0.006025361104,2026-08-15 12:19:51.983,1124.22
Pulse experiments,pioreactor01,2026-08-15T06:34:56.984Z,-0.006061348979,2026-08-15 12:19:56.984,1124.221388888889
Pulse experiments,pioreactor01,2026-08-15T06:35:01.981Z,-0.00615872024,2026-08-15 12:20:01.981,1124.222777777778
Pulse experiments,pioreactor01,2026-08-15T06:35:06.982Z,-0.00627602775,2026-08-15 12:20:06.982,1124.224166666667
Pulse experiments,pioreactor01,2026-08-15T06:35:11.984Z,-0.006444642296,2026-08-15 12:20:11.984,1124.225555555556
Pulse experiments,pioreactor01,2026-08-15T06:35:16.982Z,-0.006373381138,2026-08-15 12:20:16.982,1124.226944444444
Pulse experiments,pioreactor01,2026-08-15T06:35:21.981Z,-0.006178394341,2026-08-15 12:20:21.981,1124.228333333333
Pulse experiments,pioreactor01,2026-08-15T06:35:26.983Z,-0.006181315114,2026-08-15 12:20:26.983,1124.229722222222
Pulse experiments,pioreactor01,2026-08-15T06:35:31.982Z,-0.006238308741,2026-08-15 12:20:31.982,1124.231111111111
Pulse experiments,pioreactor01,2026-08-15T06:35:36.981Z,-0.006250168373,2026-08-15 12:20:36.981,1124.2325
Pulse experiments,pioreactor01,2026-08-15T06:35:41.981Z,-0.006077504756,2026-08-15 12:20:41.981,1124.233888888889
Pulse experiments,pioreactor01,2026-08-15T06:35:46.981Z,-0.006018306519,2026-08-15 12:20:46.981,1124.235277777778
Pulse experiments,pioreactor01,2026-08-15T06:35:51.981Z,-0.005925904337,2026-08-15 12:20:51.981,1124.236666666667
Pulse experiments,pioreactor01,2026-08-15T06:35:56.982Z,-0.005759285905,2026-08-15 12:20:56.982,1124.238055555556
Pulse experiments,pioreactor01,2026-08-15T06:36:01.982Z,-0.005734548802,2026-08-15 12:21:01.982,1124.239444444444
Pulse experiments,pioreactor01,2026-08-15T06:36:06.986Z,-0.005748484227,2026-08-15 12:21:06.986,1124.240833333333
Pulse experiments,pioreactor01,2026-08-15T06:36:11.980Z,-0.005795433571,2026-08-15 12:21:11.980,1124.242222222222
Pulse experiments,pioreactor01,2026-08-15T06:36:16.981Z,-0.005923337953,2026-08-15 12:21:16.981,1124.243611111111
Pulse experiments,pioreactor01,2026-08-15T06:36:21.983Z,-0.005740832664,2026-08-15 12:21:21.983,1124.245
Pulse experiments,pioreactor01,2026-08-15T06:36:26.982Z,-0.005777060345,2026-08-15 12:21:26.982,1124.246388888889
Pulse experiments,pioreactor01,2026-08-15T06:36:31.981Z,-0.005685367019,2026-08-15 12:21:31.981,1124.247777777778
Pulse experiments,pioreactor01,2026-08-15T06:36:36.983Z,-0.005634294433,2026-08-15 12:21:36.983,1124.249166666667
Pulse experiments,pioreactor01,2026-08-15T06:36:41.982Z,-0.005624464429,2026-08-15 12:21:41.982,1124.250555555556
Pulse experiments,pioreactor01,2026-08-15T06:36:46.982Z,-0.005773652423,2026-08-15 12:21:46.982,1124.251944444444
Pulse experiments,pioreactor01,2026-08-15T06:36:51.982Z,-0.005936024345,2026-08-15 12:21:51.982,1124.253333333333
Pulse experiments,pioreactor01,2026-08-15T06:36:56.981Z,-0.006048668088,2026-08-15 12:21:56.981,1124.254722222222
Pulse experiments,pioreactor01,2026-08-15T06:37:01.983Z,-0.006096304703,2026-08-15 12:22:01.983,1124.256111111111
Pulse experiments,pioreactor01,2026-08-15T06:37:06.985Z,-0.006036769392,2026-08-15 12:22:06.985,1124.2575
Pulse experiments,pioreactor01,2026-08-15T06:37:11.981Z,-0.005852000114,2026-08-15 12:22:11.981,1124.258888888889
Pulse experiments,pioreactor01,2026-08-15T06:37:16.981Z,-0.005829481295,2026-08-15 12:22:16.981,1124.260277777778
Pulse experiments,pioreactor01,2026-08-15T06:37:21.982Z,-0.005741754837,2026-08-15 12:22:21.982,1124.261666666667
Pulse experiments,pioreactor01,2026-08-15T06:37:26.981Z,-0.005728744456,2026-08-15 12:22:26.981,1124.263055555556
Pulse experiments,pioreactor01,2026-08-15T06:37:31.982Z,-0.005688310284,2026-08-15 12:22:31.982,1124.264444444445
Pulse experiments,pioreactor01,2026-08-15T06:37:36.981Z,-0.005828053608,2026-08-15 12:22:36.981,1124.265833333333
Pulse experiments,pioreactor01,2026-08-15T06:37:41.981Z,-0.005853761894,2026-08-15 12:22:41.981,1124.267222222222
Pulse experiments,pioreactor01,2026-08-15T06:37:46.982Z,-0.005810413109,2026-08-15 12:22:46.982,1124.268611111111
Pulse experiments,pioreactor01,2026-08-15T06:37:51.982Z,-0.005897878908,2026-08-15 12:22:51.982,1124.27
Pulse experiments,pioreactor01,2026-08-15T06:37:56.982Z,-0.005921949392,2026-08-15 12:22:56.982,1124.271388888889
Pulse experiments,pioreactor01,2026-08-15T06:38:06.983Z,-0.005968385118,2026-08-15 12:23:06.983,1124.274166666667
Pulse experiments,pioreactor01,2026-08-15T06:38:11.984Z,-0.005970829345,2026-08-15 12:23:11.984,1124.275555555555
Pulse experiments,pioreactor01,2026-08-15T06:38:16.981Z,-0.005966945643,2026-08-15 12:23:16.981,1124.276944444445
Pulse experiments,pioreactor01,2026-08-15T06:38:26.982Z,-0.005852390249,2026-08-15 12:23:26.982,1124.279722222222
Pulse experiments,pioreactor01,2026-08-15T06:38:36.981Z,-0.005969469022,2026-08-15 12:23:36.981,1124.2825
Pulse experiments,pioreactor01,2026-08-15T06:38:41.982Z,-0.005961112986,2026-08-15 12:23:41.982,1124.283888888889
Pulse experiments,pioreactor01,2026-08-15T06:38:46.982Z,-0.005934989932,2026-08-15 12:23:46.982,1124.285277777778
Pulse experiments,pioreactor01,2026-08-15T06:38:51.984Z,-0.00607029157,2026-08-15 12:23:51.984,1124.286666666667
Pulse experiments,pioreactor01,2026-08-15T06:38:56.982Z,-0.006035052677,2026-08-15 12:23:56.982,1124.288055555556
Pulse experiments,pioreactor01,2026-08-15T06:39:01.981Z,-0.006052455261,2026-08-15 12:24:01.981,1124.289444444444
Pulse experiments,pioreactor01,2026-08-15T06:39:06.983Z,-0.006039948751,2026-08-15 12:24:06.983,1124.290833333333
Pulse experiments,pioreactor01,2026-08-15T06:39:11.984Z,-0.006091986423,2026-08-15 12:24:11.984,1124.292222222222
Pulse experiments,pioreactor01,2026-08-15T06:39:21.981Z,-0.006212170663,2026-08-15 12:24:21.981,1124.295
Pulse experiments,pioreactor01,2026-08-15T06:39:26.981Z,-0.006205125206,2026-08-15 12:24:26.981,1124.296388888889
Pulse experiments,pioreactor01,2026-08-15T06:39:31.981Z,-0.006239767096,2026-08-15 12:24:31.981,1124.297777777778
Pulse experiments,pioreactor01,2026-08-15T06:39:36.983Z,-0.006203623022,2026-08-15 12:24:36.983,1124.299166666667
Pulse experiments,pioreactor01,2026-08-15T06:39:41.983Z,-0.00624680553,2026-08-15 12:24:41.983,1124.300555555556
Pulse experiments,pioreactor01,2026-08-15T06:39:46.983Z,-0.006171838326,2026-08-15 12:24:46.983,1124.301944444444
Pulse experiments,pioreactor01,2026-08-15T06:39:51.982Z,-0.006114851131,2026-08-15 12:24:51.982,1124.303333333333
Pulse experiments,pioreactor01,2026-08-15T06:39:56.982Z,-0.006284709375,2026-08-15 12:24:56.982,1124.304722222222
Pulse experiments,pioreactor01,2026-08-15T06:40:01.984Z,-0.006329361913,2026-08-15 12:25:01.984,1124.306111111111
Pulse experiments,pioreactor01,2026-08-15T06:40:06.983Z,-0.006421189903,2026-08-15 12:25:06.983,1124.3075
Pulse experiments,pioreactor01,2026-08-15T06:40:11.983Z,-0.006473012215,2026-08-15 12:25:11.983,1124.308888888889
Pulse experiments,pioreactor01,2026-08-15T06:40:16.982Z,-0.006460360805,2026-08-15 12:25:16.982,1124.310277777778
Pulse experiments,pioreactor01,2026-08-15T06:40:21.983Z,-0.006496194517,2026-08-15 12:25:21.983,1124.311666666667
Pulse experiments,pioreactor01,2026-08-15T06:40:26.981Z,-0.00657799936,2026-08-15 12:25:26.981,1124.313055555556
Pulse experiments,pioreactor01,2026-08-15T06:40:31.983Z,-0.006534680738,2026-08-15 12:25:31.983,1124.314444444444
Pulse experiments,pioreactor01,2026-08-15T06:40:36.982Z,-0.00638552056,2026-08-15 12:25:36.982,1124.315833333333
Pulse experiments,pioreactor01,2026-08-15T06:40:41.982Z,-0.006370828921,2026-08-15 12:25:41.982,1124.317222222222
Pulse experiments,pioreactor01,2026-08-15T06:40:46.981Z,-0.006361371909,2026-08-15 12:25:46.981,1124.318611111111
Pulse experiments,pioreactor01,2026-08-15T06:40:51.981Z,-0.006507438397,2026-08-15 12:25:51.981,1124.32
Pulse experiments,pioreactor01,2026-08-15T06:40:56.983Z,-0.006477850901,2026-08-15 12:25:56.983,1124.321388888889
Pulse experiments,pioreactor01,2026-08-15T06:41:01.982Z,-0.006518598109,2026-08-15 12:26:01.982,1124.322777777778
Pulse experiments,pioreactor01,2026-08-15T06:41:06.982Z,-0.006467269049,2026-08-15 12:26:06.982,1124.324166666667
Pulse experiments,pioreactor01,2026-08-15T06:41:11.982Z,-0.006315957059,2026-08-15 12:26:11.982,1124.325555555556
Pulse experiments,pioreactor01,2026-08-15T06:41:16.983Z,-0.006316210556,2026-08-15 12:26:16.983,1124.326944444445
Pulse experiments,pioreactor01,2026-08-15T06:41:21.982Z,-0.006229361644,2026-08-15 12:26:21.982,1124.328333333333
Pulse experiments,pioreactor01,2026-08-15T06:41:26.984Z,-0.006279700306,2026-08-15 12:26:26.984,1124.329722222222
Pulse experiments,pioreactor01,2026-08-15T06:41:31.982Z,-0.0062568231,2026-08-15 12:26:31.982,1124.331111111111
Pulse experiments,pioreactor01,2026-08-15T06:41:36.985Z,-0.006169045779,2026-08-15 12:26:36.985,1124.3325
Pulse experiments,pioreactor01,2026-08-15T06:41:41.982Z,-0.00612828083,2026-08-15 12:26:41.982,1124.333888888889
Pulse experiments,pioreactor01,2026-08-15T06:41:46.982Z,-0.005982983453,2026-08-15 12:26:46.982,1124.335277777778
Pulse experiments,pioreactor01,2026-08-15T06:41:51.982Z,-0.006016008007,2026-08-15 12:26:51.982,1124.336666666667
Pulse experiments,pioreactor01,2026-08-15T06:41:56.984Z,-0.005988433939,2026-08-15 12:26:56.984,1124.338055555555
Pulse experiments,pioreactor01,2026-08-15T06:42:01.982Z,-0.005916996711,2026-08-15 12:27:01.982,1124.339444444445
Pulse experiments,pioreactor01,2026-08-15T06:42:11.982Z,-0.006116158673,2026-08-15 12:27:11.982,1124.342222222222
Pulse experiments,pioreactor01,2026-08-15T06:42:16.982Z,-0.006217997279,2026-08-15 12:27:16.982,1124.343611111111
Pulse experiments,pioreactor01,2026-08-15T06:42:21.981Z,-0.006242463164,2026-08-15 12:27:21.981,1124.345
Pulse experiments,pioreactor01,2026-08-15T06:42:26.981Z,-0.006334767333,2026-08-15 12:27:26.981,1124.346388888889
Pulse experiments,pioreactor01,2026-08-15T06:42:31.987Z,-0.006384328041,2026-08-15 12:27:31.987,1124.347777777778
Pulse experiments,pioreactor01,2026-08-15T06:42:36.983Z,-0.006438256779,2026-08-15 12:27:36.983,1124.349166666667
Pulse experiments,pioreactor01,2026-08-15T06:42:41.982Z,-0.006381816214,2026-08-15 12:27:41.982,1124.350555555556
Pulse experiments,pioreactor01,2026-08-15T06:42:46.983Z,-0.00638944171,2026-08-15 12:27:46.983,1124.351944444444
Pulse experiments,pioreactor01,2026-08-15T06:42:51.984Z,-0.006426879808,2026-08-15 12:27:51.984,1124.353333333333
Pulse experiments,pioreactor01,2026-08-15T06:42:56.981Z,-0.00647838854,2026-08-15 12:27:56.981,1124.354722222222
Pulse experiments,pioreactor01,2026-08-15T06:43:01.982Z,-0.006431310624,2026-08-15 12:28:01.982,1124.356111111111
Pulse experiments,pioreactor01,2026-08-15T06:43:06.982Z,-0.006524299789,2026-08-15 12:28:06.982,1124.3575
Pulse experiments,pioreactor01,2026-08-15T06:43:11.982Z,-0.006502236113,2026-08-15 12:28:11.982,1124.358888888889
Pulse experiments,pioreactor01,2026-08-15T06:43:16.982Z,-0.006470457319,2026-08-15 12:28:16.982,1124.360277777778
Pulse experiments,pioreactor01,2026-08-15T06:43:21.982Z,-0.006563228612,2026-08-15 12:28:21.982,1124.361666666667
Pulse experiments,pioreactor01,2026-08-15T06:43:26.982Z,-0.006696397565,2026-08-15 12:28:26.982,1124.363055555556
Pulse experiments,pioreactor01,2026-08-15T06:43:31.983Z,-0.006800172501,2026-08-15 12:28:31.983,1124.364444444444
Pulse experiments,pioreactor01,2026-08-15T06:43:36.981Z,-0.006748515754,2026-08-15 12:28:36.981,1124.365833333333
Pulse experiments,pioreactor01,2026-08-15T06:43:41.981Z,-0.00671193325,2026-08-15 12:28:41.981,1124.367222222222
Pulse experiments,pioreactor01,2026-08-15T06:43:46.984Z,-0.006683539022,2026-08-15 12:28:46.984,1124.368611111111
Pulse experiments,pioreactor01,2026-08-15T06:43:51.983Z,-0.00660853161,2026-08-15 12:28:51.983,1124.37
Pulse experiments,pioreactor01,2026-08-15T06:44:01.981Z,-0.006477833091,2026-08-15 12:29:01.981,1124.372777777778
Pulse experiments,pioreactor01,2026-08-15T06:44:06.982Z,-0.006397062631,2026-08-15 12:29:06.982,1124.374166666667
Pulse experiments,pioreactor01,2026-08-15T06:44:11.982Z,-0.00637515383,2026-08-15 12:29:11.982,1124.375555555556
Pulse experiments,pioreactor01,2026-08-15T06:44:16.982Z,-0.006333971793,2026-08-15 12:29:16.982,1124.376944444444
Pulse experiments,pioreactor01,2026-08-15T06:44:21.981Z,-0.006331094535,2026-08-15 12:29:21.981,1124.378333333333
Pulse experiments,pioreactor01,2026-08-15T06:44:26.983Z,-0.006376016734,2026-08-15 12:29:26.983,1124.379722222222
Pulse experiments,pioreactor01,2026-08-15T06:44:36.980Z,-0.006275716891,2026-08-15 12:29:36.980,1124.3825
Pulse experiments,pioreactor01,2026-08-15T06:44:41.983Z,-0.006234360265,2026-08-15 12:29:41.983,1124.383888888889
Pulse experiments,pioreactor01,2026-08-15T06:44:46.982Z,-0.006205911158,2026-08-15 12:29:46.982,1124.385277777778
Pulse experiments,pioreactor01,2026-08-15T06:44:51.981Z,-0.00612295668,2026-08-15 12:29:51.981,1124.386666666667
Pulse experiments,pioreactor01,2026-08-15T06:45:01.982Z,-0.006296452047,2026-08-15 12:30:01.982,1124.389444444445
Pulse experiments,pioreactor01,2026-08-15T06:45:06.981Z,-0.006552348438,2026-08-15 12:30:06.981,1124.390833333333
Pulse experiments,pioreactor01,2026-08-15T06:45:11.981Z,-0.006785397264,2026-08-15 12:30:11.981,1124.392222222222
Pulse experiments,pioreactor01,2026-08-15T06:45:16.982Z,-0.006933149377,2026-08-15 12:30:16.982,1124.393611111111
Pulse experiments,pioreactor01,2026-08-15T06:45:21.984Z,-0.007060544389,2026-08-15 12:30:21.984,1124.395
Pulse experiments,pioreactor01,2026-08-15T06:45:26.982Z,-0.007133912436,2026-08-15 12:30:26.982,1124.396388888889
Pulse experiments,pioreactor01,2026-08-15T06:45:31.983Z,-0.007137500394,2026-08-15 12:30:31.983,1124.397777777778
Pulse experiments,pioreactor01,2026-08-15T06:45:36.983Z,-0.007193373944,2026-08-15 12:30:36.983,1124.399166666667
Pulse experiments,pioreactor01,2026-08-15T06:45:41.983Z,-0.007311061655,2026-08-15 12:30:41.983,1124.400555555555
Pulse experiments,pioreactor01,2026-08-15T06:45:46.983Z,-0.007247847957,2026-08-15 12:30:46.983,1124.401944444445
Pulse experiments,pioreactor01,2026-08-15T06:45:51.981Z,-0.007272812447,2026-08-15 12:30:51.981,1124.403333333333
Pulse experiments,pioreactor01,2026-08-15T06:45:56.982Z,-0.007230496013,2026-08-15 12:30:56.982,1124.404722222222
Pulse experiments,pioreactor01,2026-08-15T06:46:01.982Z,-0.007130450425,2026-08-15 12:31:01.982,1124.406111111111
Pulse experiments,pioreactor01,2026-08-15T06:46:06.983Z,-0.007071216168,2026-08-15 12:31:06.983,1124.4075
Pulse experiments,pioreactor01,2026-08-15T06:46:16.982Z,-0.007004678445,2026-08-15 12:31:16.982,1124.410277777778
Pulse experiments,pioreactor01,2026-08-15T06:46:21.983Z,-0.007033559168,2026-08-15 12:31:21.983,1124.411666666667
Pulse experiments,pioreactor01,2026-08-15T06:46:26.981Z,-0.007031191907,2026-08-15 12:31:26.981,1124.413055555556
Pulse experiments,pioreactor01,2026-08-15T06:46:31.981Z,-0.007049945393,2026-08-15 12:31:31.981,1124.414444444444
Pulse experiments,pioreactor01,2026-08-15T06:46:36.982Z,-0.00710743426,2026-08-15 12:31:36.982,1124.415833333333
Pulse experiments,pioreactor01,2026-08-15T06:46:41.981Z,-0.00706239772,2026-08-15 12:31:41.981,1124.417222222222
Pulse experiments,pioreactor01,2026-08-15T06:46:46.984Z,-0.006989984535,2026-08-15 12:31:46.984,1124.418611111111
Pulse experiments,pioreactor01,2026-08-15T06:46:51.984Z,-0.00685573189,2026-08-15 12:31:51.984,1124.42
Pulse experiments,pioreactor01,2026-08-15T06:46:56.982Z,-0.006900033587,2026-08-15 12:31:56.982,1124.421388888889
Pulse experiments,pioreactor01,2026-08-15T06:47:01.982Z,-0.006974703806,2026-08-15 12:32:01.982,1124.422777777778
Pulse experiments,pioreactor01,2026-08-15T06:47:06.982Z,-0.007025014999,2026-08-15 12:32:06.982,1124.424166666667
Pulse experiments,pioreactor01,2026-08-15T06:47:11.982Z,-0.006982750443,2026-08-15 12:32:11.982,1124.425555555556
Pulse experiments,pioreactor01,2026-08-15T06:47:16.983Z,-0.006992126054,2026-08-15 12:32:16.983,1124.426944444444
Pulse experiments,pioreactor01,2026-08-15T06:47:21.982Z,-0.007007039838,2026-08-15 12:32:21.982,1124.428333333333
Pulse experiments,pioreactor01,2026-08-15T06:47:26.981Z,-0.007098894089,2026-08-15 12:32:26.981,1124.429722222222
Pulse experiments,pioreactor01,2026-08-15T06:47:31.982Z,-0.007068444949,2026-08-15 12:32:31.982,1124.431111111111
Pulse experiments,pioreactor01,2026-08-15T06:47:36.982Z,-0.007010221357,2026-08-15 12:32:36.982,1124.4325
Pulse experiments,pioreactor01,2026-08-15T06:47:41.981Z,-0.00702939988,2026-08-15 12:32:41.981,1124.433888888889
Pulse experiments,pioreactor01,2026-08-15T06:47:46.981Z,-0.007055759132,2026-08-15 12:32:46.981,1124.435277777778
Pulse experiments,pioreactor01,2026-08-15T06:47:51.982Z,-0.006992944479,2026-08-15 12:32:51.982,1124.436666666667
Pulse experiments,pioreactor01,2026-08-15T06:47:56.985Z,-0.007004318938,2026-08-15 12:32:56.985,1124.438055555556
Pulse experiments,pioreactor01,2026-08-15T06:48:01.981Z,-0.007089649721,2026-08-15 12:33:01.981,1124.439444444444
Pulse experiments,pioreactor01,2026-08-15T06:48:06.982Z,-0.007130543355,2026-08-15 12:33:06.982,1124.440833333333
Pulse experiments,pioreactor01,2026-08-15T06:48:11.982Z,-0.007065005655,2026-08-15 12:33:11.982,1124.442222222222
Pulse experiments,pioreactor01,2026-08-15T06:48:16.983Z,-0.007019109866,2026-08-15 12:33:16.983,1124.443611111111
Pulse experiments,pioreactor01,2026-08-15T06:48:21.982Z,-0.007100374055,2026-08-15 12:33:21.982,1124.445
Pulse experiments,pioreactor01,2026-08-15T06:48:26.982Z,-0.007115528998,2026-08-15 12:33:26.982,1124.446388888889
Pulse experiments,pioreactor01,2026-08-15T06:48:31.982Z,-0.007209298001,2026-08-15 12:33:31.982,1124.447777777778
Pulse experiments,pioreactor01,2026-08-15T06:48:36.983Z,-0.007205132281,2026-08-15 12:33:36.983,1124.449166666667
Pulse experiments,pioreactor01,2026-08-15T06:48:41.983Z,-0.007250405814,2026-08-15 12:33:41.983,1124.450555555556
Pulse experiments,pioreactor01,2026-08-15T06:48:51.983Z,-0.007221976218,2026-08-15 12:33:51.983,1124.453333333333
Pulse experiments,pioreactor01,2026-08-15T06:48:56.984Z,-0.007127093208,2026-08-15 12:33:56.984,1124.454722222222
Pulse experiments,pioreactor01,2026-08-15T06:49:01.980Z,-0.007167525129,2026-08-15 12:34:01.980,1124.456111111111
Pulse experiments,pioreactor01,2026-08-15T06:49:06.985Z,-0.007193600299,2026-08-15 12:34:06.985,1124.4575
Pulse experiments,pioreactor01,2026-08-15T06:49:16.983Z,-0.007197033324,2026-08-15 12:34:16.983,1124.460277777778
Pulse experiments,pioreactor01,2026-08-15T06:49:26.980Z,-0.007143951474,2026-08-15 12:34:26.980,1124.463055555555
Pulse experiments,pioreactor01,2026-08-15T06:49:31.983Z,-0.007040622205,2026-08-15 12:34:31.983,1124.464444444445
Pulse experiments,pioreactor01,2026-08-15T06:49:36.984Z,-0.006948052944,2026-08-15 12:34:36.984,1124.465833333333
Pulse experiments,pioreactor01,2026-08-15T06:49:46.982Z,-0.006801405829,2026-08-15 12:34:46.982,1124.468611111111
Pulse experiments,pioreactor01,2026-08-15T06:49:51.983Z,-0.006773343774,2026-08-15 12:34:51.983,1124.47
Pulse experiments,pioreactor01,2026-08-15T06:49:56.983Z,-0.006841752698,2026-08-15 12:34:56.983,1124.471388888889
Pulse experiments,pioreactor01,2026-08-15T06:50:01.981Z,-0.006694319833,2026-08-15 12:35:01.981,1124.472777777778
Pulse experiments,pioreactor01,2026-08-15T06:50:06.983Z,-0.006697054414,2026-08-15 12:35:06.983,1124.474166666667
Pulse experiments,pioreactor01,2026-08-15T06:50:11.983Z,-0.006751211662,2026-08-15 12:35:11.983,1124.475555555556
Pulse experiments,pioreactor01,2026-08-15T06:50:16.981Z,-0.006769641992,2026-08-15 12:35:16.981,1124.476944444444
Pulse experiments,pioreactor01,2026-08-15T06:50:21.982Z,-0.006840938115,2026-08-15 12:35:21.982,1124.478333333333
Pulse experiments,pioreactor01,2026-08-15T06:50:26.982Z,-0.006832127667,2026-08-15 12:35:26.982,1124.479722222222
Pulse experiments,pioreactor01,2026-08-15T06:50:36.982Z,-0.00695585785,2026-08-15 12:35:36.982,1124.4825
Pulse experiments,pioreactor01,2026-08-15T06:50:41.982Z,-0.006989880507,2026-08-15 12:35:41.982,1124.483888888889
Pulse experiments,pioreactor01,2026-08-15T06:50:46.983Z,-0.007021750893,2026-08-15 12:35:46.983,1124.485277777778
Pulse experiments,pioreactor01,2026-08-15T06:50:51.984Z,-0.007012450677,2026-08-15 12:35:51.984,1124.486666666667
Pulse experiments,pioreactor01,2026-08-15T06:50:56.982Z,-0.006850455106,2026-08-15 12:35:56.982,1124.488055555556
Pulse experiments,pioreactor01,2026-08-15T06:51:01.982Z,-0.006738781768,2026-08-15 12:36:01.982,1124.489444444444
Pulse experiments,pioreactor01,2026-08-15T06:51:06.981Z,-0.006642146783,2026-08-15 12:36:06.981,1124.490833333333
Pulse experiments,pioreactor01,2026-08-15T06:51:11.983Z,-0.006740817384,2026-08-15 12:36:11.983,1124.492222222222
Pulse experiments,pioreactor01,2026-08-15T06:51:16.981Z,-0.006850262233,2026-08-15 12:36:16.981,1124.493611111111
Pulse experiments,pioreactor01,2026-08-15T06:51:21.982Z,-0.00696938376,2026-08-15 12:36:21.982,1124.495
Pulse experiments,pioreactor01,2026-08-15T06:51:26.982Z,-0.007045845233,2026-08-15 12:36:26.982,1124.496388888889
Pulse experiments,pioreactor01,2026-08-15T06:51:31.982Z,-0.007103399939,2026-08-15 12:36:31.982,1124.497777777778
Pulse experiments,pioreactor01,2026-08-15T06:51:36.982Z,-0.007213413727,2026-08-15 12:36:36.982,1124.499166666667
Pulse experiments,pioreactor01,2026-08-15T06:51:41.982Z,-0.007081132042,2026-08-15 12:36:41.982,1124.500555555556
Pulse experiments,pioreactor01,2026-08-15T06:51:46.982Z,-0.006835775447,2026-08-15 12:36:46.982,1124.501944444444
Pulse experiments,pioreactor01,2026-08-15T06:51:51.984Z,-0.006745415713,2026-08-15 12:36:51.984,1124.503333333333
Pulse experiments,pioreactor01,2026-08-15T06:51:56.981Z,-0.006705975923,2026-08-15 12:36:56.981,1124.504722222222
Pulse experiments,pioreactor01,2026-08-15T06:52:01.982Z,-0.006665976728,2026-08-15 12:37:01.982,1124.506111111111
Pulse experiments,pioreactor01,2026-08-15T06:52:06.983Z,-0.006669230016,2026-08-15 12:37:06.983,1124.5075
Pulse experiments,pioreactor01,2026-08-15T06:52:11.984Z,-0.006589617436,2026-08-15 12:37:11.984,1124.508888888889
Pulse experiments,pioreactor01,2026-08-15T06:52:16.982Z,-0.006728626184,2026-08-15 12:37:16.982,1124.510277777778
Pulse experiments,pioreactor01,2026-08-15T06:52:21.983Z,-0.006885438747,2026-08-15 12:37:21.983,1124.511666666667
Pulse experiments,pioreactor01,2026-08-15T06:52:26.982Z,-0.006882312906,2026-08-15 12:37:26.982,1124.513055555556
Pulse experiments,pioreactor01,2026-08-15T06:52:31.980Z,-0.006943806387,2026-08-15 12:37:31.980,1124.514444444445
Pulse experiments,pioreactor01,2026-08-15T06:52:41.981Z,-0.006999781242,2026-08-15 12:37:41.981,1124.517222222222
Pulse experiments,pioreactor01,2026-08-15T06:52:46.981Z,-0.006859396277,2026-08-15 12:37:46.981,1124.518611111111
Pulse experiments,pioreactor01,2026-08-15T06:52:51.982Z,-0.006647064237,2026-08-15 12:37:51.982,1124.52
Pulse experiments,pioreactor01,2026-08-15T06:52:56.981Z,-0.006605903679,2026-08-15 12:37:56.981,1124.521388888889
Pulse experiments,pioreactor01,2026-08-15T06:53:01.984Z,-0.006575274476,2026-08-15 12:38:01.984,1124.522777777778
Pulse experiments,pioreactor01,2026-08-15T06:53:06.982Z,-0.00654502948,2026-08-15 12:38:06.982,1124.524166666667
Pulse experiments,pioreactor01,2026-08-15T06:53:11.981Z,-0.006587867597,2026-08-15 12:38:11.981,1124.525555555555
Pulse experiments,pioreactor01,2026-08-15T06:53:16.983Z,-0.00658425595,2026-08-15 12:38:16.983,1124.526944444445
Pulse experiments,pioreactor01,2026-08-15T06:53:21.981Z,-0.006475160231,2026-08-15 12:38:21.981,1124.528333333333
Pulse experiments,pioreactor01,2026-08-15T06:53:26.983Z,-0.006538199947,2026-08-15 12:38:26.983,1124.529722222222
Pulse experiments,pioreactor01,2026-08-15T06:53:31.985Z,-0.006548664691,2026-08-15 12:38:31.985,1124.531111111111
Pulse experiments,pioreactor01,2026-08-15T06:53:36.983Z,-0.006517321467,2026-08-15 12:38:36.983,1124.5325
Pulse experiments,pioreactor01,2026-08-15T06:53:41.982Z,-0.006508823909,2026-08-15 12:38:41.982,1124.533888888889
Pulse experiments,pioreactor01,2026-08-15T06:53:46.982Z,-0.006595765937,2026-08-15 12:38:46.982,1124.535277777778
Pulse experiments,pioreactor01,2026-08-15T06:53:51.981Z,-0.006612400592,2026-08-15 12:38:51.981,1124.536666666667
Pulse experiments,pioreactor01,2026-08-15T06:53:56.981Z,-0.00666279528,2026-08-15 12:38:56.981,1124.538055555556
Pulse experiments,pioreactor01,2026-08-15T06:54:01.984Z,-0.006719316144,2026-08-15 12:39:01.984,1124.539444444444
Pulse experiments,pioreactor01,2026-08-15T06:54:06.981Z,-0.006590303203,2026-08-15 12:39:06.981,1124.540833333333
Pulse experiments,pioreactor01,2026-08-15T06:54:11.983Z,-0.0065085891,2026-08-15 12:39:11.983,1124.542222222222
Pulse experiments,pioreactor01,2026-08-15T06:54:16.982Z,-0.006548166517,2026-08-15 12:39:16.982,1124.543611111111
Pulse experiments,pioreactor01,2026-08-15T06:54:21.981Z,-0.00636233496,2026-08-15 12:39:21.981,1124.545
Pulse experiments,pioreactor01,2026-08-15T06:54:26.982Z,-0.006271292317,2026-08-15 12:39:26.982,1124.546388888889
Pulse experiments,pioreactor01,2026-08-15T06:54:31.982Z,-0.006206653659,2026-08-15 12:39:31.982,1124.547777777778
Pulse experiments,pioreactor01,2026-08-15T06:54:36.980Z,-0.006155177588,2026-08-15 12:39:36.980,1124.549166666667
Pulse experiments,pioreactor01,2026-08-15T06:54:41.983Z,-0.006072723905,2026-08-15 12:39:41.983,1124.550555555556
Pulse experiments,pioreactor01,2026-08-15T06:54:46.982Z,-0.006025352908,2026-08-15 12:39:46.982,1124.551944444444
Pulse experiments,pioreactor01,2026-08-15T06:54:51.982Z,-0.005948287748,2026-08-15 12:39:51.982,1124.553333333333
Pulse experiments,pioreactor01,2026-08-15T06:54:56.981Z,-0.005947351202,2026-08-15 12:39:56.981,1124.554722222222
Pulse experiments,pioreactor01,2026-08-15T06:55:01.981Z,-0.005981312542,2026-08-15 12:40:01.981,1124.556111111111
Pulse experiments,pioreactor01,2026-08-15T06:55:06.982Z,-0.005934358248,2026-08-15 12:40:06.982,1124.5575
Pulse experiments,pioreactor01,2026-08-15T06:55:11.983Z,-0.005952097189,2026-08-15 12:40:11.983,1124.558888888889
Pulse experiments,pioreactor01,2026-08-15T06:55:16.983Z,-0.006013670344,2026-08-15 12:40:16.983,1124.560277777778
Pulse experiments,pioreactor01,2026-08-15T06:55:21.980Z,-0.005979883455,2026-08-15 12:40:21.980,1124.561666666667
Pulse experiments,pioreactor01,2026-08-15T06:55:26.984Z,-0.005892147062,2026-08-15 12:40:26.984,1124.563055555556
Pulse experiments,pioreactor01,2026-08-15T06:55:31.984Z,-0.006009651092,2026-08-15 12:40:31.984,1124.564444444444
Pulse experiments,pioreactor01,2026-08-15T06:55:36.983Z,-0.005975593033,2026-08-15 12:40:36.983,1124.565833333333
Pulse experiments,pioreactor01,2026-08-15T06:55:41.982Z,-0.006022811685,2026-08-15 12:40:41.982,1124.567222222222
Pulse experiments,pioreactor01,2026-08-15T06:55:46.981Z,-0.006012705145,2026-08-15 12:40:46.981,1124.568611111111
Pulse experiments,pioreactor01,2026-08-15T06:55:51.982Z,-0.005923338386,2026-08-15 12:40:51.982,1124.57
Pulse experiments,pioreactor01,2026-08-15T06:55:56.983Z,-0.005615653924,2026-08-15 12:40:56.983,1124.571388888889
Pulse experiments,pioreactor01,2026-08-15T06:56:01.983Z,-0.005471943336,2026-08-15 12:41:01.983,1124.572777777778
Pulse experiments,pioreactor01,2026-08-15T06:56:06.982Z,-0.005447803025,2026-08-15 12:41:06.982,1124.574166666667
Pulse experiments,pioreactor01,2026-08-15T06:56:11.982Z,-0.005453905391,2026-08-15 12:41:11.982,1124.575555555556
Pulse experiments,pioreactor01,2026-08-15T06:56:16.981Z,-0.005516534881,2026-08-15 12:41:16.981,1124.576944444445
Pulse experiments,pioreactor01,2026-08-15T06:56:21.982Z,-0.005497233283,2026-08-15 12:41:21.982,1124.578333333333
Pulse experiments,pioreactor01,2026-08-15T06:56:26.982Z,-0.005535906242,2026-08-15 12:41:26.982,1124.579722222222
Pulse experiments,pioreactor01,2026-08-15T06:56:31.982Z,-0.005441749025,2026-08-15 12:41:31.982,1124.581111111111
Pulse experiments,pioreactor01,2026-08-15T06:56:36.981Z,-0.005341324515,2026-08-15 12:41:36.981,1124.5825
Pulse experiments,pioreactor01,2026-08-15T06:56:41.983Z,-0.005611906369,2026-08-15 12:41:41.983,1124.583888888889
Pulse experiments,pioreactor01,2026-08-15T06:56:46.982Z,-0.005536218803,2026-08-15 12:41:46.982,1124.585277777778
Pulse experiments,pioreactor01,2026-08-15T06:56:51.982Z,-0.005734003132,2026-08-15 12:41:51.982,1124.586666666667
Pulse experiments,pioreactor01,2026-08-15T06:56:56.982Z,-0.005784919782,2026-08-15 12:41:56.982,1124.588055555555
Pulse experiments,pioreactor01,2026-08-15T06:57:01.985Z,-0.005756699706,2026-08-15 12:42:01.985,1124.589444444445
Pulse experiments,pioreactor01,2026-08-15T06:57:06.983Z,-0.005612375614,2026-08-15 12:42:06.983,1124.590833333333
Pulse experiments,pioreactor01,2026-08-15T06:57:11.983Z,-0.005435088048,2026-08-15 12:42:11.983,1124.592222222222
Pulse experiments,pioreactor01,2026-08-15T06:57:16.982Z,-0.00522668238,2026-08-15 12:42:16.982,1124.593611111111
Pulse experiments,pioreactor01,2026-08-15T06:57:21.983Z,-0.005213119594,2026-08-15 12:42:21.983,1124.595
Pulse experiments,pioreactor01,2026-08-15T06:57:26.986Z,-0.005044816162,2026-08-15 12:42:26.986,1124.596388888889
Pulse experiments,pioreactor01,2026-08-15T06:57:31.981Z,-0.005020251376,2026-08-15 12:42:31.981,1124.597777777778
Pulse experiments,pioreactor01,2026-08-15T06:57:41.981Z,-0.0050424517,2026-08-15 12:42:41.981,1124.600555555556
Pulse experiments,pioreactor01,2026-08-15T06:57:46.984Z,-0.00509402462,2026-08-15 12:42:46.984,1124.601944444444
Pulse experiments,pioreactor01,2026-08-15T06:57:51.983Z,-0.005058679865,2026-08-15 12:42:51.983,1124.603333333333
Pulse experiments,pioreactor01,2026-08-15T06:58:01.982Z,-0.004923740321,2026-08-15 12:43:01.982,1124.606111111111
Pulse experiments,pioreactor01,2026-08-15T06:58:06.983Z,-0.004932565114,2026-08-15 12:43:06.983,1124.6075
Pulse experiments,pioreactor01,2026-08-15T06:58:11.981Z,-0.00483536244,2026-08-15 12:43:11.981,1124.608888888889
Pulse experiments,pioreactor01,2026-08-15T06:58:16.982Z,-0.004733940854,2026-08-15 12:43:16.982,1124.610277777778
Pulse experiments,pioreactor01,2026-08-15T06:58:21.982Z,-0.004757007417,2026-08-15 12:43:21.982,1124.611666666667
Pulse experiments,pioreactor01,2026-08-15T06:58:26.982Z,-0.00478696619,2026-08-15 12:43:26.982,1124.613055555556
Pulse experiments,pioreactor01,2026-08-15T06:58:31.981Z,-0.004622970305,2026-08-15 12:43:31.981,1124.614444444444
Pulse experiments,pioreactor01,2026-08-15T06:58:36.981Z,-0.004432234001,2026-08-15 12:43:36.981,1124.615833333333
Pulse experiments,pioreactor01,2026-08-15T06:58:41.983Z,-0.004293609926,2026-08-15 12:43:41.983,1124.617222222222
Pulse experiments,pioreactor01,2026-08-15T06:58:46.984Z,-0.004250489217,2026-08-15 12:43:46.984,1124.618611111111
Pulse experiments,pioreactor01,2026-08-15T06:58:51.984Z,-0.004262968578,2026-08-15 12:43:51.984,1124.62
Pulse experiments,pioreactor01,2026-08-15T06:58:56.981Z,-0.004339121426,2026-08-15 12:43:56.981,1124.621388888889
Pulse experiments,pioreactor01,2026-08-15T06:59:01.982Z,-0.004321764424,2026-08-15 12:44:01.982,1124.622777777778
Pulse experiments,pioreactor01,2026-08-15T06:59:06.981Z,-0.004233592603,2026-08-15 12:44:06.981,1124.624166666667
Pulse experiments,pioreactor01,2026-08-15T06:59:11.982Z,-0.004196856761,2026-08-15 12:44:11.982,1124.625555555556
Pulse experiments,pioreactor01,2026-08-15T06:59:16.981Z,-0.004208765943,2026-08-15 12:44:16.981,1124.626944444444
Pulse experiments,pioreactor01,2026-08-15T06:59:21.982Z,-0.004198824764,2026-08-15 12:44:21.982,1124.628333333333
Pulse experiments,pioreactor01,2026-08-15T06:59:26.984Z,-0.00432939091,2026-08-15 12:44:26.984,1124.629722222222
Pulse experiments,pioreactor01,2026-08-15T06:59:31.981Z,-0.004329188777,2026-08-15 12:44:31.981,1124.631111111111
Pulse experiments,pioreactor01,2026-08-15T06:59:36.982Z,-0.004398483608,2026-08-15 12:44:36.982,1124.6325
Pulse experiments,pioreactor01,2026-08-15T06:59:41.981Z,-0.004485174903,2026-08-15 12:44:41.981,1124.633888888889
Pulse experiments,pioreactor01,2026-08-15T06:59:46.984Z,-0.004633385158,2026-08-15 12:44:46.984,1124.635277777778
Pulse experiments,pioreactor01,2026-08-15T06:59:51.982Z,-0.004700821267,2026-08-15 12:44:51.982,1124.636666666667
Pulse experiments,pioreactor01,2026-08-15T06:59:56.982Z,-0.004911794964,2026-08-15 12:44:56.982,1124.638055555556
Pulse experiments,pioreactor01,2026-08-15T07:00:01.983Z,-0.00493772308,2026-08-15 12:45:01.983,1124.639444444445
Pulse experiments,pioreactor01,2026-08-15T07:00:06.983Z,-0.004979608354,2026-08-15 12:45:06.983,1124.640833333333
Pulse experiments,pioreactor01,2026-08-15T07:00:11.982Z,-0.004942012351,2026-08-15 12:45:11.982,1124.642222222222
Pulse experiments,pioreactor01,2026-08-15T07:00:16.982Z,-0.004957234899,2026-08-15 12:45:16.982,1124.643611111111
Pulse experiments,pioreactor01,2026-08-15T07:00:21.981Z,-0.00495229725,2026-08-15 12:45:21.981,1124.645
Pulse experiments,pioreactor01,2026-08-15T07:00:26.983Z,-0.004891593503,2026-08-15 12:45:26.983,1124.646388888889
Pulse experiments,pioreactor01,2026-08-15T07:00:31.982Z,-0.004796015975,2026-08-15 12:45:31.982,1124.647777777778
Pulse experiments,pioreactor01,2026-08-15T07:00:36.982Z,-0.004584966382,2026-08-15 12:45:36.982,1124.649166666667
Pulse experiments,pioreactor01,2026-08-15T07:00:41.980Z,-0.004691959306,2026-08-15 12:45:41.980,1124.650555555555
Pulse experiments,pioreactor01,2026-08-15T07:00:46.983Z,-0.004695480636,2026-08-15 12:45:46.983,1124.651944444445
Pulse experiments,pioreactor01,2026-08-15T07:00:51.981Z,-0.004759506278,2026-08-15 12:45:51.981,1124.653333333333
Pulse experiments,pioreactor01,2026-08-15T07:00:56.980Z,-0.004691549465,2026-08-15 12:45:56.980,1124.654722222222
Pulse experiments,pioreactor01,2026-08-15T07:01:01.981Z,-0.004803996017,2026-08-15 12:46:01.981,1124.656111111111
Pulse experiments,pioreactor01,2026-08-15T07:01:06.981Z,-0.004787830372,2026-08-15 12:46:06.981,1124.6575
Pulse experiments,pioreactor01,2026-08-15T07:01:11.982Z,-0.004951998181,2026-08-15 12:46:11.982,1124.658888888889
Pulse experiments,pioreactor01,2026-08-15T07:01:16.981Z,-0.004995130223,2026-08-15 12:46:16.981,1124.660277777778
Pulse experiments,pioreactor01,2026-08-15T07:01:21.983Z,-0.004927556168,2026-08-15 12:46:21.983,1124.661666666667
Pulse experiments,pioreactor01,2026-08-15T07:01:26.983Z,-0.004828712975,2026-08-15 12:46:26.983,1124.663055555556
Pulse experiments,pioreactor01,2026-08-15T07:01:31.982Z,-0.004745701273,2026-08-15 12:46:31.982,1124.664444444444
Pulse experiments,pioreactor01,2026-08-15T07:01:36.982Z,-0.004595171902,2026-08-15 12:46:36.982,1124.665833333333
Pulse experiments,pioreactor01,2026-08-15T07:01:41.983Z,-0.004484251101,2026-08-15 12:46:41.983,1124.667222222222
Pulse experiments,pioreactor01,2026-08-15T07:01:46.983Z,-0.004515105815,2026-08-15 12:46:46.983,1124.668611111111
Pulse experiments,pioreactor01,2026-08-15T07:01:51.981Z,-0.004534009348,2026-08-15 12:46:51.981,1124.67
Pulse experiments,pioreactor01,2026-08-15T07:01:56.984Z,-0.00461451816,2026-08-15 12:46:56.984,1124.671388888889
Pulse experiments,pioreactor01,2026-08-15T07:02:01.984Z,-0.004690658708,2026-08-15 12:47:01.984,1124.672777777778
Pulse experiments,pioreactor01,2026-08-15T07:02:06.982Z,-0.004627461118,2026-08-15 12:47:06.982,1124.674166666667
Pulse experiments,pioreactor01,2026-08-15T07:02:11.984Z,-0.004496278683,2026-08-15 12:47:11.984,1124.675555555556
Pulse experiments,pioreactor01,2026-08-15T07:02:16.981Z,-0.00447042362,2026-08-15 12:47:16.981,1124.676944444444
Pulse experiments,pioreactor01,2026-08-15T07:02:21.982Z,-0.004411402826,2026-08-15 12:47:21.982,1124.678333333333
Pulse experiments,pioreactor01,2026-08-15T07:02:26.982Z,-0.004417490588,2026-08-15 12:47:26.982,1124.679722222222
Pulse experiments,pioreactor01,2026-08-15T07:02:31.983Z,-0.004412359783,2026-08-15 12:47:31.983,1124.681111111111
Pulse experiments,pioreactor01,2026-08-15T07:02:36.981Z,-0.004513606366,2026-08-15 12:47:36.981,1124.6825
Pulse experiments,pioreactor01,2026-08-15T07:02:46.982Z,-0.004586749876,2026-08-15 12:47:46.982,1124.685277777778
Pulse experiments,pioreactor01,2026-08-15T07:02:51.982Z,-0.004539997794,2026-08-15 12:47:51.982,1124.686666666667
Pulse experiments,pioreactor01,2026-08-15T07:02:56.981Z,-0.004611582747,2026-08-15 12:47:56.981,1124.688055555556
Pulse experiments,pioreactor01,2026-08-15T07:03:01.981Z,-0.004600967508,2026-08-15 12:48:01.981,1124.689444444444
Pulse experiments,pioreactor01,2026-08-15T07:03:06.982Z,-0.004611213665,2026-08-15 12:48:06.982,1124.690833333333
Pulse experiments,pioreactor01,2026-08-15T07:03:11.981Z,-0.004575900093,2026-08-15 12:48:11.981,1124.692222222222
Pulse experiments,pioreactor01,2026-08-15T07:03:16.983Z,-0.004497168539,2026-08-15 12:48:16.983,1124.693611111111
Pulse experiments,pioreactor01,2026-08-15T07:03:21.981Z,-0.004355876567,2026-08-15 12:48:21.981,1124.695
Pulse experiments,pioreactor01,2026-08-15T07:03:26.984Z,-0.00420856255,2026-08-15 12:48:26.984,1124.696388888889
Pulse experiments,pioreactor01,2026-08-15T07:03:36.982Z,-0.004207222222,2026-08-15 12:48:36.982,1124.699166666667
Pulse experiments,pioreactor01,2026-08-15T07:03:41.984Z,-0.004279283276,2026-08-15 12:48:41.984,1124.700555555556
Pulse experiments,pioreactor01,2026-08-15T07:03:46.981Z,-0.004218354121,2026-08-15 12:48:46.981,1124.701944444445
Pulse experiments,pioreactor01,2026-08-15T07:03:51.983Z,-0.004023041286,2026-08-15 12:48:51.983,1124.703333333333
Pulse experiments,pioreactor01,2026-08-15T07:03:56.982Z,-0.003926713208,2026-08-15 12:48:56.982,1124.704722222222
Pulse experiments,pioreactor01,2026-08-15T07:04:01.983Z,-0.003909005309,2026-08-15 12:49:01.983,1124.706111111111
Pulse experiments,pioreactor01,2026-08-15T07:04:06.983Z,-0.003978139153,2026-08-15 12:49:06.983,1124.7075
Pulse experiments,pioreactor01,2026-08-15T07:04:11.981Z,-0.004012652765,2026-08-15 12:49:11.981,1124.708888888889
Pulse experiments,pioreactor01,2026-08-15T07:04:16.981Z,-0.003958861397,2026-08-15 12:49:16.981,1124.710277777778
Pulse experiments,pioreactor01,2026-08-15T07:04:21.981Z,-0.003854034217,2026-08-15 12:49:21.981,1124.711666666667
Pulse experiments,pioreactor01,2026-08-15T07:04:26.984Z,-0.003991925025,2026-08-15 12:49:26.984,1124.713055555555
Pulse experiments,pioreactor01,2026-08-15T07:04:31.981Z,-0.003983844302,2026-08-15 12:49:31.981,1124.714444444445
Pulse experiments,pioreactor01,2026-08-15T07:04:36.981Z,-0.003963376487,2026-08-15 12:49:36.981,1124.715833333333
Pulse experiments,pioreactor01,2026-08-15T07:04:41.981Z,-0.003788916054,2026-08-15 12:49:41.981,1124.717222222222
Pulse experiments,pioreactor01,2026-08-15T07:04:46.983Z,-0.003842373724,2026-08-15 12:49:46.983,1124.718611111111
Pulse experiments,pioreactor01,2026-08-15T07:04:51.982Z,-0.003816971529,2026-08-15 12:49:51.982,1124.72
Pulse experiments,pioreactor01,2026-08-15T07:04:56.983Z,-0.003823556163,2026-08-15 12:49:56.983,1124.721388888889
Pulse experiments,pioreactor01,2026-08-15T07:05:01.982Z,-0.003818827137,2026-08-15 12:50:01.982,1124.722777777778
Pulse experiments,pioreactor01,2026-08-15T07:05:06.983Z,-0.003909416557,2026-08-15 12:50:06.983,1124.724166666667
Pulse experiments,pioreactor01,2026-08-15T07:05:11.983Z,-0.003954548149,2026-08-15 12:50:11.983,1124.725555555556
Pulse experiments,pioreactor01,2026-08-15T07:05:16.982Z,-0.004009955147,2026-08-15 12:50:16.982,1124.726944444444
Pulse experiments,pioreactor01,2026-08-15T07:05:21.982Z,-0.004142619739,2026-08-15 12:50:21.982,1124.728333333333
Pulse experiments,pioreactor01,2026-08-15T07:05:26.981Z,-0.004158588838,2026-08-15 12:50:26.981,1124.729722222222
Pulse experiments,pioreactor01,2026-08-15T07:05:36.983Z,-0.004071383502,2026-08-15 12:50:36.983,1124.7325
Pulse experiments,pioreactor01,2026-08-15T07:05:41.981Z,-0.00402012649,2026-08-15 12:50:41.981,1124.733888888889
Pulse experiments,pioreactor01,2026-08-15T07:05:46.981Z,-0.004029834665,2026-08-15 12:50:46.981,1124.735277777778
Pulse experiments,pioreactor01,2026-08-15T07:05:51.983Z,-0.004051276944,2026-08-15 12:50:51.983,1124.736666666667
Pulse experiments,pioreactor01,2026-08-15T07:05:56.982Z,-0.003990054721,2026-08-15 12:50:56.982,1124.738055555556
Pulse experiments,pioreactor01,2026-08-15T07:06:01.983Z,-0.004021171339,2026-08-15 12:51:01.983,1124.739444444444
Pulse experiments,pioreactor01,2026-08-15T07:06:06.982Z,-0.004106079795,2026-08-15 12:51:06.982,1124.740833333333
Pulse experiments,pioreactor01,2026-08-15T07:06:11.981Z,-0.004116056833,2026-08-15 12:51:11.981,1124.742222222222
Pulse experiments,pioreactor01,2026-08-15T07:06:16.981Z,-0.004149125019,2026-08-15 12:51:16.981,1124.743611111111
Pulse experiments,pioreactor01,2026-08-15T07:06:21.981Z,-0.004116735276,2026-08-15 12:51:21.981,1124.745
Pulse experiments,pioreactor01,2026-08-15T07:06:26.984Z,-0.004053378684,2026-08-15 12:51:26.984,1124.746388888889
Pulse experiments,pioreactor01,2026-08-15T07:06:31.982Z,-0.004107533916,2026-08-15 12:51:31.982,1124.747777777778
Pulse experiments,pioreactor01,2026-08-15T07:06:36.983Z,-0.004074644913,2026-08-15 12:51:36.983,1124.749166666667
Pulse experiments,pioreactor01,2026-08-15T07:06:41.982Z,-0.004029374356,2026-08-15 12:51:41.982,1124.750555555556
Pulse experiments,pioreactor01,2026-08-15T07:06:46.982Z,-0.004081821131,2026-08-15 12:51:46.982,1124.751944444444
Pulse experiments,pioreactor01,2026-08-15T07:06:51.986Z,-0.004065441821,2026-08-15 12:51:51.986,1124.753333333333
Pulse experiments,pioreactor01,2026-08-15T07:06:56.982Z,-0.003938103795,2026-08-15 12:51:56.982,1124.754722222222
Pulse experiments,pioreactor01,2026-08-15T07:07:01.983Z,-0.003848871352,2026-08-15 12:52:01.983,1124.756111111111
Pulse experiments,pioreactor01,2026-08-15T07:07:06.986Z,-0.003809620807,2026-08-15 12:52:06.986,1124.7575
Pulse experiments,pioreactor01,2026-08-15T07:07:11.982Z,-0.003667094991,2026-08-15 12:52:11.982,1124.758888888889
Pulse experiments,pioreactor01,2026-08-15T07:07:16.982Z,-0.003579368687,2026-08-15 12:52:16.982,1124.760277777778
Pulse experiments,pioreactor01,2026-08-15T07:07:21.983Z,-0.003548063328,2026-08-15 12:52:21.983,1124.761666666667
Pulse experiments,pioreactor01,2026-08-15T07:07:26.982Z,-0.003501444632,2026-08-15 12:52:26.982,1124.763055555556
Pulse experiments,pioreactor01,2026-08-15T07:07:36.982Z,-0.003361058949,2026-08-15 12:52:36.982,1124.765833333333
Pulse experiments,pioreactor01,2026-08-15T07:07:41.982Z,-0.003271146649,2026-08-15 12:52:41.982,1124.767222222222
Pulse experiments,pioreactor01,2026-08-15T07:07:46.983Z,-0.003245666714,2026-08-15 12:52:46.983,1124.768611111111
Pulse experiments,pioreactor01,2026-08-15T07:07:51.982Z,-0.003155546541,2026-08-15 12:52:51.982,1124.77
Pulse experiments,pioreactor01,2026-08-15T07:07:56.984Z,-0.00318971209,2026-08-15 12:52:56.984,1124.771388888889
Pulse experiments,pioreactor01,2026-08-15T07:08:01.982Z,-0.003308927942,2026-08-15 12:53:01.982,1124.772777777778
Pulse experiments,pioreactor01,2026-08-15T07:08:06.982Z,-0.003341440355,2026-08-15 12:53:06.982,1124.774166666667
Pulse experiments,pioreactor01,2026-08-15T07:08:11.982Z,-0.003249232558,2026-08-15 12:53:11.982,1124.775555555555
Pulse experiments,pioreactor01,2026-08-15T07:08:16.984Z,-0.00310712482,2026-08-15 12:53:16.984,1124.776944444445
Pulse experiments,pioreactor01,2026-08-15T07:08:21.982Z,-0.003081615294,2026-08-15 12:53:21.982,1124.778333333333
Pulse experiments,pioreactor01,2026-08-15T07:08:26.984Z,-0.003080229667,2026-08-15 12:53:26.984,1124.779722222222
Pulse experiments,pioreactor01,2026-08-15T07:08:31.981Z,-0.003044519642,2026-08-15 12:53:31.981,1124.781111111111
Pulse experiments,pioreactor01,2026-08-15T07:08:36.980Z,-0.002984982271,2026-08-15 12:53:36.980,1124.7825
Pulse experiments,pioreactor01,2026-08-15T07:08:41.981Z,-0.002861793951,2026-08-15 12:53:41.981,1124.783888888889
Pulse experiments,pioreactor01,2026-08-15T07:08:46.983Z,-0.002863682389,2026-08-15 12:53:46.983,1124.785277777778
Pulse experiments,pioreactor01,2026-08-15T07:08:51.983Z,-0.003043760759,2026-08-15 12:53:51.983,1124.786666666667
Pulse experiments,pioreactor01,2026-08-15T07:08:56.985Z,-0.003197473628,2026-08-15 12:53:56.985,1124.788055555556
Pulse experiments,pioreactor01,2026-08-15T07:09:01.981Z,-0.003416587449,2026-08-15 12:54:01.981,1124.789444444444
Pulse experiments,pioreactor01,2026-08-15T07:09:06.981Z,-0.003400160882,2026-08-15 12:54:06.981,1124.790833333333
Pulse experiments,pioreactor01,2026-08-15T07:09:11.983Z,-0.003280372355,2026-08-15 12:54:11.983,1124.792222222222
Pulse experiments,pioreactor01,2026-08-15T07:09:16.982Z,-0.003101223377,2026-08-15 12:54:16.982,1124.793611111111
Pulse experiments,pioreactor01,2026-08-15T07:09:21.983Z,-0.002993845834,2026-08-15 12:54:21.983,1124.795
Pulse experiments,pioreactor01,2026-08-15T07:09:26.981Z,-0.002798551044,2026-08-15 12:54:26.981,1124.796388888889
Pulse experiments,pioreactor01,2026-08-15T07:09:31.982Z,-0.002780361376,2026-08-15 12:54:31.982,1124.797777777778
Pulse experiments,pioreactor01,2026-08-15T07:09:36.981Z,-0.002798048665,2026-08-15 12:54:36.981,1124.799166666667
Pulse experiments,pioreactor01,2026-08-15T07:09:41.981Z,-0.002740218047,2026-08-15 12:54:41.981,1124.800555555556
Pulse experiments,pioreactor01,2026-08-15T07:09:46.981Z,-0.002560741658,2026-08-15 12:54:46.981,1124.801944444444
Pulse experiments,pioreactor01,2026-08-15T07:09:51.984Z,-0.00250830402,2026-08-15 12:54:51.984,1124.803333333333
Pulse experiments,pioreactor01,2026-08-15T07:09:56.983Z,-0.002323189612,2026-08-15 12:54:56.983,1124.804722222222
Pulse experiments,pioreactor01,2026-08-15T07:10:01.981Z,-0.002303775767,2026-08-15 12:55:01.981,1124.806111111111
Pulse experiments,pioreactor01,2026-08-15T07:10:06.983Z,-0.002195330345,2026-08-15 12:55:06.983,1124.8075
Pulse experiments,pioreactor01,2026-08-15T07:10:11.982Z,-0.002154887323,2026-08-15 12:55:11.982,1124.808888888889
Pulse experiments,pioreactor01,2026-08-15T07:10:16.981Z,-0.002165262875,2026-08-15 12:55:16.981,1124.810277777778
Pulse experiments,pioreactor01,2026-08-15T07:10:21.982Z,-0.002272840489,2026-08-15 12:55:21.982,1124.811666666667
Pulse experiments,pioreactor01,2026-08-15T07:10:26.986Z,-0.002297375069,2026-08-15 12:55:26.986,1124.813055555556
Pulse experiments,pioreactor01,2026-08-15T07:10:31.981Z,-0.002316592688,2026-08-15 12:55:31.981,1124.814444444444
Pulse experiments,pioreactor01,2026-08-15T07:10:36.982Z,-0.002360249954,2026-08-15 12:55:36.982,1124.815833333333
Pulse experiments,pioreactor01,2026-08-15T07:10:41.981Z,-0.002381097155,2026-08-15 12:55:41.981,1124.817222222222
Pulse experiments,pioreactor01,2026-08-15T07:10:46.982Z,-0.002326781915,2026-08-15 12:55:46.982,1124.818611111111
Pulse experiments,pioreactor01,2026-08-15T07:10:51.981Z,-0.002297156006,2026-08-15 12:55:51.981,1124.82
Pulse experiments,pioreactor01,2026-08-15T07:10:56.981Z,-0.002357037936,2026-08-15 12:55:56.981,1124.821388888889
Pulse experiments,pioreactor01,2026-08-15T07:11:01.982Z,-0.002519015587,2026-08-15 12:56:01.982,1124.822777777778
Pulse experiments,pioreactor01,2026-08-15T07:11:06.982Z,-0.002537112295,2026-08-15 12:56:06.982,1124.824166666667
Pulse experiments,pioreactor01,2026-08-15T07:11:11.982Z,-0.002492999546,2026-08-15 12:56:11.982,1124.825555555556
Pulse experiments,pioreactor01,2026-08-15T07:11:16.984Z,-0.002466204393,2026-08-15 12:56:16.984,1124.826944444445
Pulse experiments,pioreactor01,2026-08-15T07:11:21.982Z,-0.002507181477,2026-08-15 12:56:21.982,1124.828333333333
Pulse experiments,pioreactor01,2026-08-15T07:11:26.982Z,-0.002457795516,2026-08-15 12:56:26.982,1124.829722222222
Pulse experiments,pioreactor01,2026-08-15T07:11:31.981Z,-0.00230903382,2026-08-15 12:56:31.981,1124.831111111111
Pulse experiments,pioreactor01,2026-08-15T07:11:36.985Z,-0.002329014499,2026-08-15 12:56:36.985,1124.8325
Pulse experiments,pioreactor01,2026-08-15T07:11:41.982Z,-0.002399540989,2026-08-15 12:56:41.982,1124.833888888889
Pulse experiments,pioreactor01,2026-08-15T07:11:46.982Z,-0.00235329242,2026-08-15 12:56:46.982,1124.835277777778
Pulse experiments,pioreactor01,2026-08-15T07:11:51.982Z,-0.002236627224,2026-08-15 12:56:51.982,1124.836666666667
Pulse experiments,pioreactor01,2026-08-15T07:11:56.982Z,-0.002227769907,2026-08-15 12:56:56.982,1124.838055555555
Pulse experiments,pioreactor01,2026-08-15T07:12:01.983Z,-0.00213797726,2026-08-15 12:57:01.983,1124.839444444445
Pulse experiments,pioreactor01,2026-08-15T07:12:06.981Z,-0.002084051173,2026-08-15 12:57:06.981,1124.840833333333
Pulse experiments,pioreactor01,2026-08-15T07:12:11.981Z,-0.001995895605,2026-08-15 12:57:11.981,1124.842222222222
Pulse experiments,pioreactor01,2026-08-15T07:12:16.982Z,-0.00196772808,2026-08-15 12:57:16.982,1124.843611111111
Pulse experiments,pioreactor01,2026-08-15T07:12:21.983Z,-0.001902588385,2026-08-15 12:57:21.983,1124.845
Pulse experiments,pioreactor01,2026-08-15T07:12:26.981Z,-0.001817427435,2026-08-15 12:57:26.981,1124.846388888889
Pulse experiments,pioreactor01,2026-08-15T07:12:36.983Z,-0.001651953577,2026-08-15 12:57:36.983,1124.849166666667
Pulse experiments,pioreactor01,2026-08-15T07:12:41.982Z,-0.001707750043,2026-08-15 12:57:41.982,1124.850555555556
Pulse experiments,pioreactor01,2026-08-15T07:12:46.980Z,-0.001701878035,2026-08-15 12:57:46.980,1124.851944444444
Pulse experiments,pioreactor01,2026-08-15T07:12:56.982Z,-0.001654175416,2026-08-15 12:57:56.982,1124.854722222222
Pulse experiments,pioreactor01,2026-08-15T07:13:01.981Z,-0.001574666227,2026-08-15 12:58:01.981,1124.856111111111
Pulse experiments,pioreactor01,2026-08-15T07:13:06.982Z,-0.001506324133,2026-08-15 12:58:06.982,1124.8575
Pulse experiments,pioreactor01,2026-08-15T07:13:11.983Z,-0.001273107364,2026-08-15 12:58:11.983,1124.858888888889
Pulse experiments,pioreactor01,2026-08-15T07:13:16.983Z,-0.001186059172,2026-08-15 12:58:16.983,1124.860277777778
Pulse experiments,pioreactor01,2026-08-15T07:13:21.981Z,-0.001268645192,2026-08-15 12:58:21.981,1124.861666666667
Pulse experiments,pioreactor01,2026-08-15T07:13:26.981Z,-0.001255195504,2026-08-15 12:58:26.981,1124.863055555556
Pulse experiments,pioreactor01,2026-08-15T07:13:31.982Z,-0.001236062159,2026-08-15 12:58:31.982,1124.864444444444
Pulse experiments,pioreactor01,2026-08-15T07:13:36.982Z,-0.001237882902,2026-08-15 12:58:36.982,1124.865833333333
Pulse experiments,pioreactor01,2026-08-15T07:13:41.982Z,-0.001288335214,2026-08-15 12:58:41.982,1124.867222222222
Pulse experiments,pioreactor01,2026-08-15T07:13:46.982Z,-0.001359659879,2026-08-15 12:58:46.982,1124.868611111111
Pulse experiments,pioreactor01,2026-08-15T07:13:51.982Z,-0.001336258581,2026-08-15 12:58:51.982,1124.87
Pulse experiments,pioreactor01,2026-08-15T07:13:56.982Z,-0.001267780482,2026-08-15 12:58:56.982,1124.871388888889
Pulse experiments,pioreactor01,2026-08-15T07:14:01.981Z,-0.001042154712,2026-08-15 12:59:01.981,1124.872777777778
Pulse experiments,pioreactor01,2026-08-15T07:14:06.981Z,-0.000911639356,2026-08-15 12:59:06.981,1124.874166666667
Pulse experiments,pioreactor01,2026-08-15T07:14:11.980Z,-0.000907633347,2026-08-15 12:59:11.980,1124.875555555556
Pulse experiments,pioreactor01,2026-08-15T07:14:16.986Z,-0.000996139682,2026-08-15 12:59:16.986,1124.876944444444
Pulse experiments,pioreactor01,2026-08-15T07:14:21.982Z,-0.001002917029,2026-08-15 12:59:21.982,1124.878333333333
Pulse experiments,pioreactor01,2026-08-15T07:14:26.981Z,-0.001083491563,2026-08-15 12:59:26.981,1124.879722222222
Pulse experiments,pioreactor01,2026-08-15T07:14:31.983Z,-0.001162084064,2026-08-15 12:59:31.983,1124.881111111111
Pulse experiments,pioreactor01,2026-08-15T07:14:36.982Z,-0.001099367536,2026-08-15 12:59:36.982,1124.8825
Pulse experiments,pioreactor01,2026-08-15T07:14:41.986Z,-0.00098520365,2026-08-15 12:59:41.986,1124.883888888889
Pulse experiments,pioreactor01,2026-08-15T07:14:46.981Z,-0.000825166088,2026-08-15 12:59:46.981,1124.885277777778
Pulse experiments,pioreactor01,2026-08-15T07:14:51.981Z,-0.000905085239,2026-08-15 12:59:51.981,1124.886666666667
Pulse experiments,pioreactor01,2026-08-15T07:14:56.983Z,-0.000852342021,2026-08-15 12:59:56.983,1124.888055555556
Pulse experiments,pioreactor01,2026-08-15T07:15:01.981Z,-0.000927868999,2026-08-15 13:00:01.981,1124.889444444445
Pulse experiments,pioreactor01,2026-08-15T07:15:06.984Z,-0.000909577034,2026-08-15 13:00:06.984,1124.890833333333
Pulse experiments,pioreactor01,2026-08-15T07:15:11.983Z,-0.000959737846,2026-08-15 13:00:11.983,1124.892222222222
Pulse experiments,pioreactor01,2026-08-15T07:15:16.983Z,-0.001115017766,2026-08-15 13:00:16.983,1124.893611111111
Pulse experiments,pioreactor01,2026-08-15T07:15:21.985Z,-0.00120294066,2026-08-15 13:00:21.985,1124.895
Pulse experiments,pioreactor01,2026-08-15T07:15:26.985Z,-0.001134471361,2026-08-15 13:00:26.985,1124.896388888889
Pulse experiments,pioreactor01,2026-08-15T07:15:31.983Z,-0.001078242721,2026-08-15 13:00:31.983,1124.897777777778
Pulse experiments,pioreactor01,2026-08-15T07:15:36.982Z,-0.001106302706,2026-08-15 13:00:36.982,1124.899166666667
Pulse experiments,pioreactor01,2026-08-15T07:15:41.981Z,-0.001073548287,2026-08-15 13:00:41.981,1124.900555555555
Pulse experiments,pioreactor01,2026-08-15T07:15:46.981Z,-0.001107242978,2026-08-15 13:00:46.981,1124.901944444445
Pulse experiments,pioreactor01,2026-08-15T07:15:51.981Z,-0.00102109092,2026-08-15 13:00:51.981,1124.903333333333
Pulse experiments,pioreactor01,2026-08-15T07:15:56.983Z,-0.000883100327,2026-08-15 13:00:56.983,1124.904722222222
Pulse experiments,pioreactor01,2026-08-15T07:16:01.981Z,-0.000956989878,2026-08-15 13:01:01.981,1124.906111111111
Pulse experiments,pioreactor01,2026-08-15T07:16:06.982Z,-0.00097891185,2026-08-15 13:01:06.982,1124.9075
Pulse experiments,pioreactor01,2026-08-15T07:16:11.981Z,-0.001055864275,2026-08-15 13:01:11.981,1124.908888888889
Pulse experiments,pioreactor01,2026-08-15T07:16:16.983Z,-0.001091127435,2026-08-15 13:01:16.983,1124.910277777778
Pulse experiments,pioreactor01,2026-08-15T07:16:21.981Z,-0.00111690453,2026-08-15 13:01:21.981,1124.911666666667
Pulse experiments,pioreactor01,2026-08-15T07:16:26.981Z,-0.00120904842,2026-08-15 13:01:26.981,1124.913055555556
Pulse experiments,pioreactor01,2026-08-15T07:16:31.983Z,-0.001273746533,2026-08-15 13:01:31.983,1124.914444444444
Pulse experiments,pioreactor01,2026-08-15T07:16:36.982Z,-0.001324051841,2026-08-15 13:01:36.982,1124.915833333333
Pulse experiments,pioreactor01,2026-08-15T07:16:41.983Z,-0.001327636908,2026-08-15 13:01:41.983,1124.917222222222
Pulse experiments,pioreactor01,2026-08-15T07:16:46.981Z,-0.001290886298,2026-08-15 13:01:46.981,1124.918611111111
Pulse experiments,pioreactor01,2026-08-15T07:16:51.980Z,-0.001292277053,2026-08-15 13:01:51.980,1124.92
Pulse experiments,pioreactor01,2026-08-15T07:16:56.982Z,-0.001260550629,2026-08-15 13:01:56.982,1124.921388888889
Pulse experiments,pioreactor01,2026-08-15T07:17:01.985Z,-0.001261560217,2026-08-15 13:02:01.985,1124.922777777778
Pulse experiments,pioreactor01,2026-08-15T07:17:06.982Z,-0.001320369049,2026-08-15 13:02:06.982,1124.924166666667
Pulse experiments,pioreactor01,2026-08-15T07:17:11.984Z,-0.001280410929,2026-08-15 13:02:11.984,1124.925555555556
Pulse experiments,pioreactor01,2026-08-15T07:17:16.982Z,-0.001257076052,2026-08-15 13:02:16.982,1124.926944444444
Pulse experiments,pioreactor01,2026-08-15T07:17:21.983Z,-0.001230061065,2026-08-15 13:02:21.983,1124.928333333333
Pulse experiments,pioreactor01,2026-08-15T07:17:26.982Z,-0.001244313075,2026-08-15 13:02:26.982,1124.929722222222
Pulse experiments,pioreactor01,2026-08-15T07:17:31.982Z,-0.001254951944,2026-08-15 13:02:31.982,1124.931111111111
Pulse experiments,pioreactor01,2026-08-15T07:17:36.982Z,-0.001256025168,2026-08-15 13:02:36.982,1124.9325
Pulse experiments,pioreactor01,2026-08-15T07:17:41.982Z,-0.001116038462,2026-08-15 13:02:41.982,1124.933888888889
Pulse experiments,pioreactor01,2026-08-15T07:17:46.983Z,-0.000927133059,2026-08-15 13:02:46.983,1124.935277777778
Pulse experiments,pioreactor01,2026-08-15T07:17:51.984Z,-0.000771051804,2026-08-15 13:02:51.984,1124.936666666667
Pulse experiments,pioreactor01,2026-08-15T07:17:56.982Z,-0.000769703293,2026-08-15 13:02:56.982,1124.938055555556
Pulse experiments,pioreactor01,2026-08-15T07:18:01.981Z,-0.000717721664,2026-08-15 13:03:01.981,1124.939444444444
Pulse experiments,pioreactor01,2026-08-15T07:18:06.983Z,-0.000713523881,2026-08-15 13:03:06.983,1124.940833333333
Pulse experiments,pioreactor01,2026-08-15T07:18:11.985Z,-0.000748643442,2026-08-15 13:03:11.985,1124.942222222222
Pulse experiments,pioreactor01,2026-08-15T07:18:16.982Z,-0.00074625171,2026-08-15 13:03:16.982,1124.943611111111
Pulse experiments,pioreactor01,2026-08-15T07:18:21.984Z,-0.000792250593,2026-08-15 13:03:21.984,1124.945
Pulse experiments,pioreactor01,2026-08-15T07:18:26.981Z,-0.000871573695,2026-08-15 13:03:26.981,1124.946388888889
Pulse experiments,pioreactor01,2026-08-15T07:18:31.981Z,-0.000880960663,2026-08-15 13:03:31.981,1124.947777777778
Pulse experiments,pioreactor01,2026-08-15T07:18:36.981Z,-0.000943825979,2026-08-15 13:03:36.981,1124.949166666667
Pulse experiments,pioreactor01,2026-08-15T07:18:41.983Z,-0.000953759882,2026-08-15 13:03:41.983,1124.950555555556
Pulse experiments,pioreactor01,2026-08-15T07:18:46.982Z,-0.000784655453,2026-08-15 13:03:46.982,1124.951944444445
Pulse experiments,pioreactor01,2026-08-15T07:18:51.984Z,-0.000781808231,2026-08-15 13:03:51.984,1124.953333333333
Pulse experiments,pioreactor01,2026-08-15T07:18:56.982Z,-0.000752153733,2026-08-15 13:03:56.982,1124.954722222222
Pulse experiments,pioreactor01,2026-08-15T07:19:01.981Z,-0.000718243609,2026-08-15 13:04:01.981,1124.956111111111
Pulse experiments,pioreactor01,2026-08-15T07:19:06.983Z,-0.000631581185,2026-08-15 13:04:06.983,1124.9575
Pulse experiments,pioreactor01,2026-08-15T07:19:11.983Z,-0.00058739902,2026-08-15 13:04:11.983,1124.958888888889
Pulse experiments,pioreactor01,2026-08-15T07:19:16.982Z,-0.000587821901,2026-08-15 13:04:16.982,1124.960277777778
Pulse experiments,pioreactor01,2026-08-15T07:19:21.981Z,-0.000605195691,2026-08-15 13:04:21.981,1124.961666666667
Pulse experiments,pioreactor01,2026-08-15T07:19:26.981Z,-0.000524858835,2026-08-15 13:04:26.981,1124.963055555555
Pulse experiments,pioreactor01,2026-08-15T07:19:31.984Z,-0.00048612172,2026-08-15 13:04:31.984,1124.964444444445
Pulse experiments,pioreactor01,2026-08-15T07:19:36.984Z,-0.000586779655,2026-08-15 13:04:36.984,1124.965833333333
Pulse experiments,pioreactor01,2026-08-15T07:19:41.985Z,-0.000652263103,2026-08-15 13:04:41.985,1124.967222222222
Pulse experiments,pioreactor01,2026-08-15T07:19:46.982Z,-0.000687835205,2026-08-15 13:04:46.982,1124.968611111111
Pulse experiments,pioreactor01,2026-08-15T07:19:51.982Z,-0.000731994047,2026-08-15 13:04:51.982,1124.97
Pulse experiments,pioreactor01,2026-08-15T07:19:56.984Z,-0.000625113635,2026-08-15 13:04:56.984,1124.971388888889
Pulse experiments,pioreactor01,2026-08-15T07:20:01.982Z,-0.000535476525,2026-08-15 13:05:01.982,1124.972777777778
Pulse experiments,pioreactor01,2026-08-15T07:20:11.982Z,-0.000535744844,2026-08-15 13:05:11.982,1124.975555555556
Pulse experiments,pioreactor01,2026-08-15T07:20:16.985Z,-0.000501524991,2026-08-15 13:05:16.985,1124.976944444444
Pulse experiments,pioreactor01,2026-08-15T07:20:21.981Z,-0.000586864879,2026-08-15 13:05:21.981,1124.978333333333
Pulse experiments,pioreactor01,2026-08-15T07:20:26.984Z,-0.000606501037,2026-08-15 13:05:26.984,1124.979722222222
Pulse experiments,pioreactor01,2026-08-15T07:20:31.981Z,-0.00048513205,2026-08-15 13:05:31.981,1124.981111111111
Pulse experiments,pioreactor01,2026-08-15T07:20:36.981Z,-0.000454858192,2026-08-15 13:05:36.981,1124.9825
Pulse experiments,pioreactor01,2026-08-15T07:20:46.981Z,-0.000260051071,2026-08-15 13:05:46.981,1124.985277777778
Pulse experiments,pioreactor01,2026-08-15T07:20:51.984Z,-0.000161475164,2026-08-15 13:05:51.984,1124.986666666667
Pulse experiments,pioreactor01,2026-08-15T07:20:56.981Z,-3.4201246e-05,2026-08-15 13:05:56.981,1124.988055555556
Pulse experiments,pioreactor01,2026-08-15T07:21:01.983Z,0.000161368939,2026-08-15 13:06:01.983,1124.989444444444
Pulse experiments,pioreactor01,2026-08-15T07:21:11.982Z,0.000219409233,2026-08-15 13:06:11.982,1124.992222222222
Pulse experiments,pioreactor01,2026-08-15T07:21:16.981Z,0.000317874254,2026-08-15 13:06:16.981,1124.993611111111
Pulse experiments,pioreactor01,2026-08-15T07:21:21.983Z,0.000375680901,2026-08-15 13:06:21.983,1124.995
Pulse experiments,pioreactor01,2026-08-15T07:21:26.982Z,0.000451089875,2026-08-15 13:06:26.982,1124.996388888889
Pulse experiments,pioreactor01,2026-08-15T07:21:31.981Z,0.000469044161,2026-08-15 13:06:31.981,1124.997777777778
Pulse experiments,pioreactor01,2026-08-15T07:21:41.982Z,0.000425165116,2026-08-15 13:06:41.982,1125.000555555556
Pulse experiments,pioreactor01,2026-08-15T07:21:46.983Z,0.000383402843,2026-08-15 13:06:46.983,1125.001944444444
Pulse experiments,pioreactor01,2026-08-15T07:21:51.982Z,0.000362335159,2026-08-15 13:06:51.982,1125.003333333333
Pulse experiments,pioreactor01,2026-08-15T07:21:56.982Z,0.00043583293,2026-08-15 13:06:56.982,1125.004722222222
Pulse experiments,pioreactor01,2026-08-15T07:22:01.981Z,0.000530926802,2026-08-15 13:07:01.981,1125.006111111111
Pulse experiments,pioreactor01,2026-08-15T07:22:06.981Z,0.000514023776,2026-08-15 13:07:06.981,1125.0075
Pulse experiments,pioreactor01,2026-08-15T07:22:11.981Z,0.000499875458,2026-08-15 13:07:11.981,1125.008888888889
Pulse experiments,pioreactor01,2026-08-15T07:22:16.982Z,0.00037703458,2026-08-15 13:07:16.982,1125.010277777778
Pulse experiments,pioreactor01,2026-08-15T07:22:21.984Z,0.000376238999,2026-08-15 13:07:21.984,1125.011666666667
Pulse experiments,pioreactor01,2026-08-15T07:22:26.981Z,0.000389116343,2026-08-15 13:07:26.981,1125.013055555556
Pulse experiments,pioreactor01,2026-08-15T07:22:31.986Z,0.000378040198,2026-08-15 13:07:31.986,1125.014444444445
Pulse experiments,pioreactor01,2026-08-15T07:22:36.981Z,0.000331881831,2026-08-15 13:07:36.981,1125.015833333333
Pulse experiments,pioreactor01,2026-08-15T07:22:41.984Z,0.000249103302,2026-08-15 13:07:41.984,1125.017222222222
Pulse experiments,pioreactor01,2026-08-15T07:22:46.984Z,0.000262642004,2026-08-15 13:07:46.984,1125.018611111111
Pulse experiments,pioreactor01,2026-08-15T07:22:51.984Z,0.000229537387,2026-08-15 13:07:51.984,1125.02
Pulse experiments,pioreactor01,2026-08-15T07:22:56.981Z,0.000300426254,2026-08-15 13:07:56.981,1125.021388888889
Pulse experiments,pioreactor01,2026-08-15T07:23:01.981Z,0.000433650238,2026-08-15 13:08:01.981,1125.022777777778
Pulse experiments,pioreactor01,2026-08-15T07:23:06.981Z,0.000487254313,2026-08-15 13:08:06.981,1125.024166666667
Pulse experiments,pioreactor01,2026-08-15T07:23:11.982Z,0.000497965412,2026-08-15 13:08:11.982,1125.025555555555
Pulse experiments,pioreactor01,2026-08-15T07:23:16.982Z,0.000528873269,2026-08-15 13:08:16.982,1125.026944444445
Pulse experiments,pioreactor01,2026-08-15T07:23:21.982Z,0.000567144967,2026-08-15 13:08:21.982,1125.028333333333
Pulse experiments,pioreactor01,2026-08-15T07:23:26.981Z,0.00065310851,2026-08-15 13:08:26.981,1125.029722222222
Pulse experiments,pioreactor01,2026-08-15T07:23:31.981Z,0.000724531378,2026-08-15 13:08:31.981,1125.031111111111
Pulse experiments,pioreactor01,2026-08-15T07:23:36.983Z,0.000799558927,2026-08-15 13:08:36.983,1125.0325
Pulse experiments,pioreactor01,2026-08-15T07:23:41.982Z,0.00064157617,2026-08-15 13:08:41.982,1125.033888888889
Pulse experiments,pioreactor01,2026-08-15T07:23:46.982Z,0.00061466794,2026-08-15 13:08:46.982,1125.035277777778
Pulse experiments,pioreactor01,2026-08-15T07:23:51.983Z,0.000701783852,2026-08-15 13:08:51.983,1125.036666666667
Pulse experiments,pioreactor01,2026-08-15T07:23:56.983Z,0.000622405969,2026-08-15 13:08:56.983,1125.038055555556
Pulse experiments,pioreactor01,2026-08-15T07:24:01.983Z,0.000500031751,2026-08-15 13:09:01.983,1125.039444444444
Pulse experiments,pioreactor01,2026-08-15T07:24:06.982Z,0.000311063506,2026-08-15 13:09:06.982,1125.040833333333
Pulse experiments,pioreactor01,2026-08-15T07:24:16.984Z,0.000207452712,2026-08-15 13:09:16.984,1125.043611111111
Pulse experiments,pioreactor01,2026-08-15T07:24:21.983Z,0.000156493171,2026-08-15 13:09:21.983,1125.045
Pulse experiments,pioreactor01,2026-08-15T07:24:26.981Z,0.000132630576,2026-08-15 13:09:26.981,1125.046388888889
Pulse experiments,pioreactor01,2026-08-15T07:24:31.982Z,0.000220876088,2026-08-15 13:09:31.982,1125.047777777778
Pulse experiments,pioreactor01,2026-08-15T07:24:36.984Z,0.000283846036,2026-08-15 13:09:36.984,1125.049166666667
Pulse experiments,pioreactor01,2026-08-15T07:24:41.982Z,0.000377456528,2026-08-15 13:09:41.982,1125.050555555556
Pulse experiments,pioreactor01,2026-08-15T07:24:46.982Z,0.000400840739,2026-08-15 13:09:46.982,1125.051944444444
Pulse experiments,pioreactor01,2026-08-15T07:24:51.982Z,0.000459257437,2026-08-15 13:09:51.982,1125.053333333333
Pulse experiments,pioreactor01,2026-08-15T07:24:56.981Z,0.000356086481,2026-08-15 13:09:56.981,1125.054722222222
Pulse experiments,pioreactor01,2026-08-15T07:25:01.984Z,0.000314887722,2026-08-15 13:10:01.984,1125.056111111111
Pulse experiments,pioreactor01,2026-08-15T07:25:06.983Z,0.000185778419,2026-08-15 13:10:06.983,1125.0575
Pulse experiments,pioreactor01,2026-08-15T07:25:11.981Z,0.000134550186,2026-08-15 13:10:11.981,1125.058888888889
Pulse experiments,pioreactor01,2026-08-15T07:25:16.981Z,3.4296854e-05,2026-08-15 13:10:16.981,1125.060277777778
Pulse experiments,pioreactor01,2026-08-15T07:25:21.982Z,-0.000116166756,2026-08-15 13:10:21.982,1125.061666666667
Pulse experiments,pioreactor01,2026-08-15T07:25:26.983Z,-1.5626073e-05,2026-08-15 13:10:26.983,1125.063055555556
Pulse experiments,pioreactor01,2026-08-15T07:25:31.982Z,-0.000102473511,2026-08-15 13:10:31.982,1125.064444444444
Pulse experiments,pioreactor01,2026-08-15T07:25:36.981Z,-0.000159492929,2026-08-15 13:10:36.981,1125.065833333333
Pulse experiments,pioreactor01,2026-08-15T07:25:41.982Z,-0.00014756951,2026-08-15 13:10:41.982,1125.067222222222
Pulse experiments,pioreactor01,2026-08-15T07:25:46.983Z,-9.5130525e-05,2026-08-15 13:10:46.983,1125.068611111111
Pulse experiments,pioreactor01,2026-08-15T07:25:51.982Z,-4.9077482e-05,2026-08-15 13:10:51.982,1125.07
Pulse experiments,pioreactor01,2026-08-15T07:25:56.985Z,-6.2145819e-05,2026-08-15 13:10:56.985,1125.071388888889
Pulse experiments,pioreactor01,2026-08-15T07:26:01.981Z,-0.00011164697,2026-08-15 13:11:01.981,1125.072777777778
Pulse experiments,pioreactor01,2026-08-15T07:26:06.983Z,-1.9376843e-05,2026-08-15 13:11:06.983,1125.074166666667
Pulse experiments,pioreactor01,2026-08-15T07:26:11.981Z,1.7237159e-05,2026-08-15 13:11:11.981,1125.075555555556
Pulse experiments,pioreactor01,2026-08-15T07:26:16.981Z,5.2436977e-05,2026-08-15 13:11:16.981,1125.076944444445
Pulse experiments,pioreactor01,2026-08-15T07:26:21.983Z,0.000179122311,2026-08-15 13:11:21.983,1125.078333333333
Pulse experiments,pioreactor01,2026-08-15T07:26:26.983Z,0.000254419188,2026-08-15 13:11:26.983,1125.079722222222
Pulse experiments,pioreactor01,2026-08-15T07:26:31.983Z,0.000264413596,2026-08-15 13:11:31.983,1125.081111111111
Pulse experiments,pioreactor01,2026-08-15T07:26:36.985Z,0.000280229586,2026-08-15 13:11:36.985,1125.0825
Pulse experiments,pioreactor01,2026-08-15T07:26:41.982Z,0.000248661544,2026-08-15 13:11:41.982,1125.083888888889
Pulse experiments,pioreactor01,2026-08-15T07:26:46.981Z,0.000330418612,2026-08-15 13:11:46.981,1125.085277777778
Pulse experiments,pioreactor01,2026-08-15T07:26:51.982Z,0.000415767697,2026-08-15 13:11:51.982,1125.086666666667
Pulse experiments,pioreactor01,2026-08-15T07:26:56.981Z,0.000543491893,2026-08-15 13:11:56.981,1125.088055555555
Pulse experiments,pioreactor01,2026-08-15T07:27:01.982Z,0.000658526896,2026-08-15 13:12:01.982,1125.089444444445
Pulse experiments,pioreactor01,2026-08-15T07:27:06.983Z,0.000613587341,2026-08-15 13:12:06.983,1125.090833333333
Pulse experiments,pioreactor01,2026-08-15T07:27:11.982Z,0.000825135722,2026-08-15 13:12:11.982,1125.092222222222
Pulse experiments,pioreactor01,2026-08-15T07:27:16.983Z,0.000790492213,2026-08-15 13:12:16.983,1125.093611111111
Pulse experiments,pioreactor01,2026-08-15T07:27:21.988Z,0.000902863174,2026-08-15 13:12:21.988,1125.095
Pulse experiments,pioreactor01,2026-08-15T07:27:26.985Z,0.001080143545,2026-08-15 13:12:26.985,1125.096388888889
Pulse experiments,pioreactor01,2026-08-15T07:27:31.983Z,0.001130311044,2026-08-15 13:12:31.983,1125.097777777778
Pulse experiments,pioreactor01,2026-08-15T07:27:36.981Z,0.001106264092,2026-08-15 13:12:36.981,1125.099166666667
Pulse experiments,pioreactor01,2026-08-15T07:27:41.983Z,0.001167790397,2026-08-15 13:12:41.983,1125.100555555556
Pulse experiments,pioreactor01,2026-08-15T07:27:46.981Z,0.001054021046,2026-08-15 13:12:46.981,1125.101944444444
Pulse experiments,pioreactor01,2026-08-15T07:27:51.981Z,0.001007571374,2026-08-15 13:12:51.981,1125.103333333333
Pulse experiments,pioreactor01,2026-08-15T07:27:56.982Z,0.001092642915,2026-08-15 13:12:56.982,1125.104722222222
Pulse experiments,pioreactor01,2026-08-15T07:28:01.981Z,0.001159665184,2026-08-15 13:13:01.981,1125.106111111111
Pulse experiments,pioreactor01,2026-08-15T07:28:06.983Z,0.001276471789,2026-08-15 13:13:06.983,1125.1075
Pulse experiments,pioreactor01,2026-08-15T07:28:11.981Z,0.001363866312,2026-08-15 13:13:11.981,1125.108888888889
Pulse experiments,pioreactor01,2026-08-15T07:28:16.981Z,0.001381404793,2026-08-15 13:13:16.981,1125.110277777778
Pulse experiments,pioreactor01,2026-08-15T07:28:21.981Z,0.001411894767,2026-08-15 13:13:21.981,1125.111666666667
Pulse experiments,pioreactor01,2026-08-15T07:28:26.983Z,0.00129503639,2026-08-15 13:13:26.983,1125.113055555556
Pulse experiments,pioreactor01,2026-08-15T07:28:31.982Z,0.001270981286,2026-08-15 13:13:31.982,1125.114444444444
Pulse experiments,pioreactor01,2026-08-15T07:28:36.982Z,0.001273189939,2026-08-15 13:13:36.982,1125.115833333333
Pulse experiments,pioreactor01,2026-08-15T07:28:41.983Z,0.001349964082,2026-08-15 13:13:41.983,1125.117222222222
Pulse experiments,pioreactor01,2026-08-15T07:28:46.982Z,0.001315026022,2026-08-15 13:13:46.982,1125.118611111111
Pulse experiments,pioreactor01,2026-08-15T07:28:51.982Z,0.001323638633,2026-08-15 13:13:51.982,1125.12
Pulse experiments,pioreactor01,2026-08-15T07:28:56.980Z,0.001300147762,2026-08-15 13:13:56.980,1125.121388888889
Pulse experiments,pioreactor01,2026-08-15T07:29:06.984Z,0.001278930853,2026-08-15 13:14:06.984,1125.124166666667
Pulse experiments,pioreactor01,2026-08-15T07:29:11.982Z,0.001267906654,2026-08-15 13:14:11.982,1125.125555555556
Pulse experiments,pioreactor01,2026-08-15T07:29:16.983Z,0.001237890548,2026-08-15 13:14:16.983,1125.126944444444
Pulse experiments,pioreactor01,2026-08-15T07:29:21.986Z,0.001084822892,2026-08-15 13:14:21.986,1125.128333333333
Pulse experiments,pioreactor01,2026-08-15T07:29:26.981Z,0.001047044531,2026-08-15 13:14:26.981,1125.129722222222
Pulse experiments,pioreactor01,2026-08-15T07:29:31.981Z,0.000971713361,2026-08-15 13:14:31.981,1125.131111111111
Pulse experiments,pioreactor01,2026-08-15T07:29:36.981Z,0.001081394208,2026-08-15 13:14:36.981,1125.1325
Pulse experiments,pioreactor01,2026-08-15T07:29:41.983Z,0.001192763008,2026-08-15 13:14:41.983,1125.133888888889
Pulse experiments,pioreactor01,2026-08-15T07:29:46.982Z,0.001193723276,2026-08-15 13:14:46.982,1125.135277777778
Pulse experiments,pioreactor01,2026-08-15T07:29:51.981Z,0.001108462011,2026-08-15 13:14:51.981,1125.136666666667
Pulse experiments,pioreactor01,2026-08-15T07:29:56.982Z,0.001191231383,2026-08-15 13:14:56.982,1125.138055555556
Pulse experiments,pioreactor01,2026-08-15T07:30:01.984Z,0.001314351926,2026-08-15 13:15:01.984,1125.139444444445
Pulse experiments,pioreactor01,2026-08-15T07:30:06.984Z,0.001162114653,2026-08-15 13:15:06.984,1125.140833333333
Pulse experiments,pioreactor01,2026-08-15T07:30:11.980Z,0.001196854709,2026-08-15 13:15:11.980,1125.142222222222
Pulse experiments,pioreactor01,2026-08-15T07:30:16.984Z,0.001158663631,2026-08-15 13:15:16.984,1125.143611111111
Pulse experiments,pioreactor01,2026-08-15T07:30:21.982Z,0.001100169088,2026-08-15 13:15:21.982,1125.145
Pulse experiments,pioreactor01,2026-08-15T07:30:26.982Z,0.001049863713,2026-08-15 13:15:26.982,1125.146388888889
Pulse experiments,pioreactor01,2026-08-15T07:30:31.982Z,0.001218674328,2026-08-15 13:15:31.982,1125.147777777778
Pulse experiments,pioreactor01,2026-08-15T07:30:36.981Z,0.001367858623,2026-08-15 13:15:36.981,1125.149166666667
Pulse experiments,pioreactor01,2026-08-15T07:30:41.983Z,0.001426635214,2026-08-15 13:15:41.983,1125.150555555555
Pulse experiments,pioreactor01,2026-08-15T07:30:46.983Z,0.001455411795,2026-08-15 13:15:46.983,1125.151944444445
Pulse experiments,pioreactor01,2026-08-15T07:30:51.985Z,0.001550904838,2026-08-15 13:15:51.985,1125.153333333333
Pulse experiments,pioreactor01,2026-08-15T07:30:56.984Z,0.001504488519,2026-08-15 13:15:56.984,1125.154722222222
Pulse experiments,pioreactor01,2026-08-15T07:31:01.982Z,0.001532786164,2026-08-15 13:16:01.982,1125.156111111111
Pulse experiments,pioreactor01,2026-08-15T07:31:06.982Z,0.001508163231,2026-08-15 13:16:06.982,1125.1575
Pulse experiments,pioreactor01,2026-08-15T07:31:11.981Z,0.00151500509,2026-08-15 13:16:11.981,1125.158888888889
Pulse experiments,pioreactor01,2026-08-15T07:31:16.981Z,0.001430495453,2026-08-15 13:16:16.981,1125.160277777778
Pulse experiments,pioreactor01,2026-08-15T07:31:21.985Z,0.001565530693,2026-08-15 13:16:21.985,1125.161666666667
Pulse experiments,pioreactor01,2026-08-15T07:31:26.983Z,0.001609888189,2026-08-15 13:16:26.983,1125.163055555556
Pulse experiments,pioreactor01,2026-08-15T07:31:31.985Z,0.001633279052,2026-08-15 13:16:31.985,1125.164444444444
Pulse experiments,pioreactor01,2026-08-15T07:31:36.982Z,0.00160713867,2026-08-15 13:16:36.982,1125.165833333333
Pulse experiments,pioreactor01,2026-08-15T07:31:41.982Z,0.001642398479,2026-08-15 13:16:41.982,1125.167222222222
Pulse experiments,pioreactor01,2026-08-15T07:31:46.983Z,0.001604809501,2026-08-15 13:16:46.983,1125.168611111111
Pulse experiments,pioreactor01,2026-08-15T07:31:51.983Z,0.001620134994,2026-08-15 13:16:51.983,1125.17
Pulse experiments,pioreactor01,2026-08-15T07:31:56.981Z,0.001657228428,2026-08-15 13:16:56.981,1125.171388888889
Pulse experiments,pioreactor01,2026-08-15T07:32:01.981Z,0.001832020844,2026-08-15 13:17:01.981,1125.172777777778
Pulse experiments,pioreactor01,2026-08-15T07:32:06.982Z,0.001939309021,2026-08-15 13:17:06.982,1125.174166666667
Pulse experiments,pioreactor01,2026-08-15T07:32:11.981Z,0.00206966935,2026-08-15 13:17:11.981,1125.175555555556
Pulse experiments,pioreactor01,2026-08-15T07:32:16.985Z,0.00211918371,2026-08-15 13:17:16.985,1125.176944444444
Pulse experiments,pioreactor01,2026-08-15T07:32:21.983Z,0.002037836473,2026-08-15 13:17:21.983,1125.178333333333
Pulse experiments,pioreactor01,2026-08-15T07:32:26.981Z,0.002043039493,2026-08-15 13:17:26.981,1125.179722222222
Pulse experiments,pioreactor01,2026-08-15T07:32:31.983Z,0.002141894753,2026-08-15 13:17:31.983,1125.181111111111
Pulse experiments,pioreactor01,2026-08-15T07:32:36.982Z,0.00215244774,2026-08-15 13:17:36.982,1125.1825
Pulse experiments,pioreactor01,2026-08-15T07:32:41.983Z,0.002191267426,2026-08-15 13:17:41.983,1125.183888888889
Pulse experiments,pioreactor01,2026-08-15T07:32:46.981Z,0.002221430068,2026-08-15 13:17:46.981,1125.185277777778
Pulse experiments,pioreactor01,2026-08-15T07:32:51.981Z,0.002199381807,2026-08-15 13:17:51.981,1125.186666666667
Pulse experiments,pioreactor01,2026-08-15T07:32:56.982Z,0.002236140435,2026-08-15 13:17:56.982,1125.188055555556
Pulse experiments,pioreactor01,2026-08-15T07:33:01.982Z,0.00220269718,2026-08-15 13:18:01.982,1125.189444444444
Pulse experiments,pioreactor01,2026-08-15T07:33:06.981Z,0.002078909451,2026-08-15 13:18:06.981,1125.190833333333
Pulse experiments,pioreactor01,2026-08-15T07:33:11.981Z,0.002160118083,2026-08-15 13:18:11.981,1125.192222222222
Pulse experiments,pioreactor01,2026-08-15T07:33:16.982Z,0.002139633852,2026-08-15 13:18:16.982,1125.193611111111
Pulse experiments,pioreactor01,2026-08-15T07:33:21.981Z,0.002187530243,2026-08-15 13:18:21.981,1125.195
Pulse experiments,pioreactor01,2026-08-15T07:33:26.984Z,0.002135036395,2026-08-15 13:18:26.984,1125.196388888889
Pulse experiments,pioreactor01,2026-08-15T07:33:31.982Z,0.002092454942,2026-08-15 13:18:31.982,1125.197777777778
Pulse experiments,pioreactor01,2026-08-15T07:33:36.983Z,0.002000405113,2026-08-15 13:18:36.983,1125.199166666667
Pulse experiments,pioreactor01,2026-08-15T07:33:41.982Z,0.001904168108,2026-08-15 13:18:41.982,1125.200555555556
Pulse experiments,pioreactor01,2026-08-15T07:33:46.983Z,0.002016255158,2026-08-15 13:18:46.983,1125.201944444445
Pulse experiments,pioreactor01,2026-08-15T07:33:51.982Z,0.00210101482,2026-08-15 13:18:51.982,1125.203333333333
Pulse experiments,pioreactor01,2026-08-15T07:33:56.982Z,0.001984880663,2026-08-15 13:18:56.982,1125.204722222222
Pulse experiments,pioreactor01,2026-08-15T07:34:01.982Z,0.001939172162,2026-08-15 13:19:01.982,1125.206111111111
Pulse experiments,pioreactor01,2026-08-15T07:34:06.984Z,0.00199426832,2026-08-15 13:19:06.984,1125.2075
Pulse experiments,pioreactor01,2026-08-15T07:34:11.981Z,0.00200348209,2026-08-15 13:19:11.981,1125.208888888889
Pulse experiments,pioreactor01,2026-08-15T07:34:16.986Z,0.002140975424,2026-08-15 13:19:16.986,1125.210277777778
Pulse experiments,pioreactor01,2026-08-15T07:34:21.981Z,0.002075361276,2026-08-15 13:19:21.981,1125.211666666667
Pulse experiments,pioreactor01,2026-08-15T07:34:26.981Z,0.002162996089,2026-08-15 13:19:26.981,1125.213055555555
Pulse experiments,pioreactor01,2026-08-15T07:34:31.982Z,0.002241074924,2026-08-15 13:19:31.982,1125.214444444445
Pulse experiments,pioreactor01,2026-08-15T07:34:36.983Z,0.002349591043,2026-08-15 13:19:36.983,1125.215833333333
Pulse experiments,pioreactor01,2026-08-15T07:34:41.981Z,0.002231857924,2026-08-15 13:19:41.981,1125.217222222222
Pulse experiments,pioreactor01,2026-08-15T07:34:46.981Z,0.002096516136,2026-08-15 13:19:46.981,1125.218611111111
Pulse experiments,pioreactor01,2026-08-15T07:34:51.981Z,0.002017129587,2026-08-15 13:19:51.981,1125.22
Pulse experiments,pioreactor01,2026-08-15T07:34:56.983Z,0.001875199145,2026-08-15 13:19:56.983,1125.221388888889
Pulse experiments,pioreactor01,2026-08-15T07:35:01.981Z,0.001866473565,2026-08-15 13:20:01.981,1125.222777777778
Pulse experiments,pioreactor01,2026-08-15T07:35:06.982Z,0.0017569515,2026-08-15 13:20:06.982,1125.224166666667
Pulse experiments,pioreactor01,2026-08-15T07:35:11.981Z,0.00173004869,2026-08-15 13:20:11.981,1125.225555555556
Pulse experiments,pioreactor01,2026-08-15T07:35:16.981Z,0.001734880423,2026-08-15 13:20:16.981,1125.226944444444
Pulse experiments,pioreactor01,2026-08-15T07:35:21.982Z,0.001827447616,2026-08-15 13:20:21.982,1125.228333333333
Pulse experiments,pioreactor01,2026-08-15T07:35:26.982Z,0.001805304065,2026-08-15 13:20:26.982,1125.229722222222
Pulse experiments,pioreactor01,2026-08-15T07:35:31.981Z,0.001745316048,2026-08-15 13:20:31.981,1125.231111111111
Pulse experiments,pioreactor01,2026-08-15T07:35:36.983Z,0.001825962547,2026-08-15 13:20:36.983,1125.2325
Pulse experiments,pioreactor01,2026-08-15T07:35:41.982Z,0.001882280299,2026-08-15 13:20:41.982,1125.233888888889
Pulse experiments,pioreactor01,2026-08-15T07:35:46.982Z,0.001865624068,2026-08-15 13:20:46.982,1125.235277777778
Pulse experiments,pioreactor01,2026-08-15T07:35:51.984Z,0.001823007223,2026-08-15 13:20:51.984,1125.236666666667
Pulse experiments,pioreactor01,2026-08-15T07:35:56.981Z,0.00184225901,2026-08-15 13:20:56.981,1125.238055555556
Pulse experiments,pioreactor01,2026-08-15T07:36:01.981Z,0.001897572862,2026-08-15 13:21:01.981,1125.239444444444
Pulse experiments,pioreactor01,2026-08-15T07:36:06.981Z,0.001982741721,2026-08-15 13:21:06.981,1125.240833333333
Pulse experiments,pioreactor01,2026-08-15T07:36:11.985Z,0.001935308782,2026-08-15 13:21:11.985,1125.242222222222
Pulse experiments,pioreactor01,2026-08-15T07:36:16.984Z,0.002042454849,2026-08-15 13:21:16.984,1125.243611111111
Pulse experiments,pioreactor01,2026-08-15T07:36:21.982Z,0.002051621981,2026-08-15 13:21:21.982,1125.245
Pulse experiments,pioreactor01,2026-08-15T07:36:26.982Z,0.00208053848,2026-08-15 13:21:26.982,1125.246388888889
Pulse experiments,pioreactor01,2026-08-15T07:36:31.982Z,0.002164282383,2026-08-15 13:21:31.982,1125.247777777778
Pulse experiments,pioreactor01,2026-08-15T07:36:36.982Z,0.002283148137,2026-08-15 13:21:36.982,1125.249166666667
Pulse experiments,pioreactor01,2026-08-15T07:36:41.981Z,0.002282788538,2026-08-15 13:21:41.981,1125.250555555556
Pulse experiments,pioreactor01,2026-08-15T07:36:46.984Z,0.002247053573,2026-08-15 13:21:46.984,1125.251944444444
Pulse experiments,pioreactor01,2026-08-15T07:36:51.983Z,0.00224242642,2026-08-15 13:21:51.983,1125.253333333333
Pulse experiments,pioreactor01,2026-08-15T07:36:56.981Z,0.002069603596,2026-08-15 13:21:56.981,1125.254722222222
Pulse experiments,pioreactor01,2026-08-15T07:37:01.982Z,0.001974194679,2026-08-15 13:22:01.982,1125.256111111111
Pulse experiments,pioreactor01,2026-08-15T07:37:06.982Z,0.001909346669,2026-08-15 13:22:06.982,1125.2575
Pulse experiments,pioreactor01,2026-08-15T07:37:11.982Z,0.001947256387,2026-08-15 13:22:11.982,1125.258888888889
Pulse experiments,pioreactor01,2026-08-15T07:37:16.982Z,0.001929749656,2026-08-15 13:22:16.982,1125.260277777778
Pulse experiments,pioreactor01,2026-08-15T07:37:21.981Z,0.001836320681,2026-08-15 13:22:21.981,1125.261666666667
Pulse experiments,pioreactor01,2026-08-15T07:37:26.981Z,0.001895112123,2026-08-15 13:22:26.981,1125.263055555556
Pulse experiments,pioreactor01,2026-08-15T07:37:31.984Z,0.00188134966,2026-08-15 13:22:31.984,1125.264444444445
Pulse experiments,pioreactor01,2026-08-15T07:37:36.983Z,0.001855168429,2026-08-15 13:22:36.983,1125.265833333333
Pulse experiments,pioreactor01,2026-08-15T07:37:41.981Z,0.001864641215,2026-08-15 13:22:41.981,1125.267222222222
Pulse experiments,pioreactor01,2026-08-15T07:37:46.982Z,0.001911411411,2026-08-15 13:22:46.982,1125.268611111111
Pulse experiments,pioreactor01,2026-08-15T07:37:51.982Z,0.001756026781,2026-08-15 13:22:51.982,1125.27
Pulse experiments,pioreactor01,2026-08-15T07:37:56.980Z,0.001824325919,2026-08-15 13:22:56.980,1125.271388888889
Pulse experiments,pioreactor01,2026-08-15T07:38:01.983Z,0.001864102607,2026-08-15 13:23:01.983,1125.272777777778
Pulse experiments,pioreactor01,2026-08-15T07:38:06.983Z,0.001876143821,2026-08-15 13:23:06.983,1125.274166666667
Pulse experiments,pioreactor01,2026-08-15T07:38:11.982Z,0.001815920493,2026-08-15 13:23:11.982,1125.275555555555
Pulse experiments,pioreactor01,2026-08-15T07:38:16.980Z,0.001710127835,2026-08-15 13:23:16.980,1125.276944444445
Pulse experiments,pioreactor01,2026-08-15T07:38:21.981Z,0.001649708987,2026-08-15 13:23:21.981,1125.278333333333
Pulse experiments,pioreactor01,2026-08-15T07:38:26.982Z,0.001686246158,2026-08-15 13:23:26.982,1125.279722222222
Pulse experiments,pioreactor01,2026-08-15T07:38:31.982Z,0.001541901255,2026-08-15 13:23:31.982,1125.281111111111
Pulse experiments,pioreactor01,2026-08-15T07:38:36.981Z,0.00138617848,2026-08-15 13:23:36.981,1125.2825
Pulse experiments,pioreactor01,2026-08-15T07:38:41.983Z,0.001309701073,2026-08-15 13:23:41.983,1125.283888888889
Pulse experiments,pioreactor01,2026-08-15T07:38:46.982Z,0.001311502281,2026-08-15 13:23:46.982,1125.285277777778
Pulse experiments,pioreactor01,2026-08-15T07:38:51.983Z,0.001149995848,2026-08-15 13:23:51.983,1125.286666666667
Pulse experiments,pioreactor01,2026-08-15T07:38:56.982Z,0.000972644648,2026-08-15 13:23:56.982,1125.288055555556
Pulse experiments,pioreactor01,2026-08-15T07:39:01.983Z,0.000842707245,2026-08-15 13:24:01.983,1125.289444444444
Pulse experiments,pioreactor01,2026-08-15T07:39:06.983Z,0.000886792813,2026-08-15 13:24:06.983,1125.290833333333
Pulse experiments,pioreactor01,2026-08-15T07:39:11.983Z,0.000931669455,2026-08-15 13:24:11.983,1125.292222222222
Pulse experiments,pioreactor01,2026-08-15T07:39:16.981Z,0.000854408422,2026-08-15 13:24:16.981,1125.293611111111
Pulse experiments,pioreactor01,2026-08-15T07:39:21.981Z,0.000975793719,2026-08-15 13:24:21.981,1125.295
Pulse experiments,pioreactor01,2026-08-15T07:39:26.982Z,0.000920944904,2026-08-15 13:24:26.982,1125.296388888889
Pulse experiments,pioreactor01,2026-08-15T07:39:31.982Z,0.000919458882,2026-08-15 13:24:31.982,1125.297777777778
Pulse experiments,pioreactor01,2026-08-15T07:39:36.981Z,0.000850072558,2026-08-15 13:24:36.981,1125.299166666667
Pulse experiments,pioreactor01,2026-08-15T07:39:41.982Z,0.000979765497,2026-08-15 13:24:41.982,1125.300555555556
Pulse experiments,pioreactor01,2026-08-15T07:39:46.982Z,0.000947681897,2026-08-15 13:24:46.982,1125.301944444444
Pulse experiments,pioreactor01,2026-08-15T07:39:51.984Z,0.000962187065,2026-08-15 13:24:51.984,1125.303333333333
Pulse experiments,pioreactor01,2026-08-15T07:39:56.980Z,0.000922923014,2026-08-15 13:24:56.980,1125.304722222222
Pulse experiments,pioreactor01,2026-08-15T07:40:01.985Z,0.000930392854,2026-08-15 13:25:01.985,1125.306111111111
Pulse experiments,pioreactor01,2026-08-15T07:40:06.981Z,0.000919867497,2026-08-15 13:25:06.981,1125.3075
Pulse experiments,pioreactor01,2026-08-15T07:40:11.982Z,0.000998148957,2026-08-15 13:25:11.982,1125.308888888889
Pulse experiments,pioreactor01,2026-08-15T07:40:16.981Z,0.000920421524,2026-08-15 13:25:16.981,1125.310277777778
Pulse experiments,pioreactor01,2026-08-15T07:40:21.981Z,0.000944140456,2026-08-15 13:25:21.981,1125.311666666667
Pulse experiments,pioreactor01,2026-08-15T07:40:26.984Z,0.000918397913,2026-08-15 13:25:26.984,1125.313055555556
Pulse experiments,pioreactor01,2026-08-15T07:40:31.982Z,0.000809144944,2026-08-15 13:25:31.982,1125.314444444444
Pulse experiments,pioreactor01,2026-08-15T07:40:36.983Z,0.000795327011,2026-08-15 13:25:36.983,1125.315833333333
Pulse experiments,pioreactor01,2026-08-15T07:40:41.982Z,0.000915381756,2026-08-15 13:25:41.982,1125.317222222222
Pulse experiments,pioreactor01,2026-08-15T07:40:46.981Z,0.000903023426,2026-08-15 13:25:46.981,1125.318611111111
Pulse experiments,pioreactor01,2026-08-15T07:40:56.983Z,0.000903281376,2026-08-15 13:25:56.983,1125.321388888889
Pulse experiments,pioreactor01,2026-08-15T07:41:01.984Z,0.000920806026,2026-08-15 13:26:01.984,1125.322777777778
Pulse experiments,pioreactor01,2026-08-15T07:41:06.983Z,0.001106636477,2026-08-15 13:26:06.983,1125.324166666667
Pulse experiments,pioreactor01,2026-08-15T07:41:11.983Z,0.001155431423,2026-08-15 13:26:11.983,1125.325555555556
Pulse experiments,pioreactor01,2026-08-15T07:41:16.981Z,0.001127849481,2026-08-15 13:26:16.981,1125.326944444445
Pulse experiments,pioreactor01,2026-08-15T07:41:21.981Z,0.001089212961,2026-08-15 13:26:21.981,1125.328333333333
Pulse experiments,pioreactor01,2026-08-15T07:41:26.983Z,0.000889447324,2026-08-15 13:26:26.983,1125.329722222222
Pulse experiments,pioreactor01,2026-08-15T07:41:31.981Z,0.000717699206,2026-08-15 13:26:31.981,1125.331111111111
Pulse experiments,pioreactor01,2026-08-15T07:41:36.985Z,0.000639297448,2026-08-15 13:26:36.985,1125.3325
Pulse experiments,pioreactor01,2026-08-15T07:41:41.982Z,0.000648951599,2026-08-15 13:26:41.982,1125.333888888889
Pulse experiments,pioreactor01,2026-08-15T07:41:46.982Z,0.000824261116,2026-08-15 13:26:46.982,1125.335277777778
Pulse experiments,pioreactor01,2026-08-15T07:41:51.981Z,0.000884605905,2026-08-15 13:26:51.981,1125.336666666667
Pulse experiments,pioreactor01,2026-08-15T07:41:56.983Z,0.000901320972,2026-08-15 13:26:56.983,1125.338055555555
Pulse experiments,pioreactor01,2026-08-15T07:42:01.981Z,0.000839658997,2026-08-15 13:27:01.981,1125.339444444445
Pulse experiments,pioreactor01,2026-08-15T07:42:06.984Z,0.000585426863,2026-08-15 13:27:06.984,1125.340833333333
Pulse experiments,pioreactor01,2026-08-15T07:42:11.981Z,0.000533030508,2026-08-15 13:27:11.981,1125.342222222222
Pulse experiments,pioreactor01,2026-08-15T07:42:16.983Z,0.00041995012,2026-08-15 13:27:16.983,1125.343611111111
Pulse experiments,pioreactor01,2026-08-15T07:42:21.984Z,0.000301806474,2026-08-15 13:27:21.984,1125.345
Pulse experiments,pioreactor01,2026-08-15T07:42:26.983Z,0.000142252723,2026-08-15 13:27:26.983,1125.346388888889
Pulse experiments,pioreactor01,2026-08-15T07:42:31.983Z,7.6616657e-05,2026-08-15 13:27:31.983,1125.347777777778
Pulse experiments,pioreactor01,2026-08-15T07:42:36.982Z,-5.5741917e-05,2026-08-15 13:27:36.982,1125.349166666667
Pulse experiments,pioreactor01,2026-08-15T07:42:41.982Z,-0.000243007899,2026-08-15 13:27:41.982,1125.350555555556
Pulse experiments,pioreactor01,2026-08-15T07:42:46.982Z,-0.000365150245,2026-08-15 13:27:46.982,1125.351944444444
Pulse experiments,pioreactor01,2026-08-15T07:42:51.982Z,-0.000504804191,2026-08-15 13:27:51.982,1125.353333333333
Pulse experiments,pioreactor01,2026-08-15T07:42:56.984Z,-0.000653415038,2026-08-15 13:27:56.984,1125.354722222222
Pulse experiments,pioreactor01,2026-08-15T07:43:01.983Z,-0.000738496427,2026-08-15 13:28:01.983,1125.356111111111
Pulse experiments,pioreactor01,2026-08-15T07:43:06.981Z,-0.000894809951,2026-08-15 13:28:06.981,1125.3575
Pulse experiments,pioreactor01,2026-08-15T07:43:11.981Z,-0.000988338222,2026-08-15 13:28:11.981,1125.358888888889
Pulse experiments,pioreactor01,2026-08-15T07:43:16.983Z,-0.001055269987,2026-08-15 13:28:16.983,1125.360277777778
Pulse experiments,pioreactor01,2026-08-15T07:43:21.983Z,-0.00119242122,2026-08-15 13:28:21.983,1125.361666666667
Pulse experiments,pioreactor01,2026-08-15T07:43:26.983Z,-0.001315796157,2026-08-15 13:28:26.983,1125.363055555556
Pulse experiments,pioreactor01,2026-08-15T07:43:31.982Z,-0.001323316222,2026-08-15 13:28:31.982,1125.364444444444
Pulse experiments,pioreactor01,2026-08-15T07:43:41.981Z,-0.001385079034,2026-08-15 13:28:41.981,1125.367222222222
Pulse experiments,pioreactor01,2026-08-15T07:43:46.982Z,-0.001418380356,2026-08-15 13:28:46.982,1125.368611111111
Pulse experiments,pioreactor01,2026-08-15T07:43:51.982Z,-0.001476255817,2026-08-15 13:28:51.982,1125.37
Pulse experiments,pioreactor01,2026-08-15T07:43:56.981Z,-0.001367736634,2026-08-15 13:28:56.981,1125.371388888889
Pulse experiments,pioreactor01,2026-08-15T07:44:01.981Z,-0.001450895557,2026-08-15 13:29:01.981,1125.372777777778
Pulse experiments,pioreactor01,2026-08-15T07:44:11.983Z,-0.001463471352,2026-08-15 13:29:11.983,1125.375555555556
Pulse experiments,pioreactor01,2026-08-15T07:44:16.981Z,-0.001590082037,2026-08-15 13:29:16.981,1125.376944444444
Pulse experiments,pioreactor01,2026-08-15T07:44:21.985Z,-0.001773940003,2026-08-15 13:29:21.985,1125.378333333333
Pulse experiments,pioreactor01,2026-08-15T07:44:26.981Z,-0.001915207101,2026-08-15 13:29:26.981,1125.379722222222
Pulse experiments,pioreactor01,2026-08-15T07:44:31.982Z,-0.001826995775,2026-08-15 13:29:31.982,1125.381111111111
Pulse experiments,pioreactor01,2026-08-15T07:44:36.982Z,-0.001694719738,2026-08-15 13:29:36.982,1125.3825
Pulse experiments,pioreactor01,2026-08-15T07:44:41.982Z,-0.001634795785,2026-08-15 13:29:41.982,1125.383888888889
Pulse experiments,pioreactor01,2026-08-15T07:44:46.981Z,-0.001766571137,2026-08-15 13:29:46.981,1125.385277777778
Pulse experiments,pioreactor01,2026-08-15T07:44:51.983Z,-0.001834808657,2026-08-15 13:29:51.983,1125.386666666667
Pulse experiments,pioreactor01,2026-08-15T07:44:56.981Z,-0.001769889926,2026-08-15 13:29:56.981,1125.388055555556
Pulse experiments,pioreactor01,2026-08-15T07:45:01.981Z,-0.001943779567,2026-08-15 13:30:01.981,1125.389444444445
Pulse experiments,pioreactor01,2026-08-15T07:45:06.982Z,-0.001997033889,2026-08-15 13:30:06.982,1125.390833333333
Pulse experiments,pioreactor01,2026-08-15T07:45:11.981Z,-0.002160475242,2026-08-15 13:30:11.981,1125.392222222222
Pulse experiments,pioreactor01,2026-08-15T07:45:16.981Z,-0.002304203935,2026-08-15 13:30:16.981,1125.393611111111
Pulse experiments,pioreactor01,2026-08-15T07:45:21.983Z,-0.002515632004,2026-08-15 13:30:21.983,1125.395
Pulse experiments,pioreactor01,2026-08-15T07:45:26.983Z,-0.00259586071,2026-08-15 13:30:26.983,1125.396388888889
Pulse experiments,pioreactor01,2026-08-15T07:45:31.986Z,-0.002661911965,2026-08-15 13:30:31.986,1125.397777777778
Pulse experiments,pioreactor01,2026-08-15T07:45:36.982Z,-0.002936213701,2026-08-15 13:30:36.982,1125.399166666667
Pulse experiments,pioreactor01,2026-08-15T07:45:46.986Z,-0.003051206421,2026-08-15 13:30:46.986,1125.401944444445
Pulse experiments,pioreactor01,2026-08-15T07:45:51.982Z,-0.003092873423,2026-08-15 13:30:51.982,1125.403333333333
Pulse experiments,pioreactor01,2026-08-15T07:45:56.982Z,-0.00318558579,2026-08-15 13:30:56.982,1125.404722222222
Pulse experiments,pioreactor01,2026-08-15T07:46:01.984Z,-0.003408408226,2026-08-15 13:31:01.984,1125.406111111111
Pulse experiments,pioreactor01,2026-08-15T07:46:06.982Z,-0.003710546924,2026-08-15 13:31:06.982,1125.4075
Pulse experiments,pioreactor01,2026-08-15T07:46:11.983Z,-0.003819554902,2026-08-15 13:31:11.983,1125.408888888889
Pulse experiments,pioreactor01,2026-08-15T07:46:16.982Z,-0.003879477547,2026-08-15 13:31:16.982,1125.410277777778
Pulse experiments,pioreactor01,2026-08-15T07:46:21.983Z,-0.003958717836,2026-08-15 13:31:21.983,1125.411666666667
Pulse experiments,pioreactor01,2026-08-15T07:46:26.983Z,-0.003943811152,2026-08-15 13:31:26.983,1125.413055555556
Pulse experiments,pioreactor01,2026-08-15T07:46:31.983Z,-0.004124594841,2026-08-15 13:31:31.983,1125.414444444444
Pulse experiments,pioreactor01,2026-08-15T07:46:36.982Z,-0.004164582316,2026-08-15 13:31:36.982,1125.415833333333
Pulse experiments,pioreactor01,2026-08-15T07:46:41.986Z,-0.004239390308,2026-08-15 13:31:41.986,1125.417222222222
Pulse experiments,pioreactor01,2026-08-15T07:46:46.981Z,-0.004265206163,2026-08-15 13:31:46.981,1125.418611111111
Pulse experiments,pioreactor01,2026-08-15T07:46:51.983Z,-0.004268423116,2026-08-15 13:31:51.983,1125.42
Pulse experiments,pioreactor01,2026-08-15T07:46:56.981Z,-0.004310015155,2026-08-15 13:31:56.981,1125.421388888889
Pulse experiments,pioreactor01,2026-08-15T07:47:01.984Z,-0.004310883921,2026-08-15 13:32:01.984,1125.422777777778
Pulse experiments,pioreactor01,2026-08-15T07:47:06.981Z,-0.004289139905,2026-08-15 13:32:06.981,1125.424166666667
Pulse experiments,pioreactor01,2026-08-15T07:47:11.982Z,-0.004281932396,2026-08-15 13:32:11.982,1125.425555555556
Pulse experiments,pioreactor01,2026-08-15T07:47:16.983Z,-0.004044671615,2026-08-15 13:32:16.983,1125.426944444444
Pulse experiments,pioreactor01,2026-08-15T07:47:21.981Z,-0.004113748229,2026-08-15 13:32:21.981,1125.428333333333
Pulse experiments,pioreactor01,2026-08-15T07:47:26.981Z,-0.004273436413,2026-08-15 13:32:26.981,1125.429722222222
Pulse experiments,pioreactor01,2026-08-15T07:47:31.980Z,-0.004320048013,2026-08-15 13:32:31.980,1125.431111111111
Pulse experiments,pioreactor01,2026-08-15T07:47:36.982Z,-0.004280589472,2026-08-15 13:32:36.982,1125.4325
Pulse experiments,pioreactor01,2026-08-15T07:47:41.983Z,-0.004213923199,2026-08-15 13:32:41.983,1125.433888888889
Pulse experiments,pioreactor01,2026-08-15T07:47:46.982Z,-0.004021641235,2026-08-15 13:32:46.982,1125.435277777778
Pulse experiments,pioreactor01,2026-08-15T07:47:51.981Z,-0.004021061439,2026-08-15 13:32:51.981,1125.436666666667
Pulse experiments,pioreactor01,2026-08-15T07:47:56.983Z,-0.00408707076,2026-08-15 13:32:56.983,1125.438055555556
Pulse experiments,pioreactor01,2026-08-15T07:48:01.983Z,-0.00419372358,2026-08-15 13:33:01.983,1125.439444444444
Pulse experiments,pioreactor01,2026-08-15T07:48:06.982Z,-0.004174346645,2026-08-15 13:33:06.982,1125.440833333333
Pulse experiments,pioreactor01,2026-08-15T07:48:11.981Z,-0.004243386653,2026-08-15 13:33:11.981,1125.442222222222
Pulse experiments,pioreactor01,2026-08-15T07:48:16.983Z,-0.004286969981,2026-08-15 13:33:16.983,1125.443611111111
Pulse experiments,pioreactor01,2026-08-15T07:48:21.981Z,-0.004351656096,2026-08-15 13:33:21.981,1125.445
Pulse experiments,pioreactor01,2026-08-15T07:48:26.984Z,-0.004362295409,2026-08-15 13:33:26.984,1125.446388888889
Pulse experiments,pioreactor01,2026-08-15T07:48:31.981Z,-0.004431896157,2026-08-15 13:33:31.981,1125.447777777778
Pulse experiments,pioreactor01,2026-08-15T07:48:41.982Z,-0.004622866455,2026-08-15 13:33:41.982,1125.450555555556
Pulse experiments,pioreactor01,2026-08-15T07:48:46.981Z,-0.004659504381,2026-08-15 13:33:46.981,1125.451944444445
Pulse experiments,pioreactor01,2026-08-15T07:48:51.983Z,-0.004600679093,2026-08-15 13:33:51.983,1125.453333333333
Pulse experiments,pioreactor01,2026-08-15T07:48:56.982Z,-0.004585757189,2026-08-15 13:33:56.982,1125.454722222222
Pulse experiments,pioreactor01,2026-08-15T07:49:01.982Z,-0.004614800979,2026-08-15 13:34:01.982,1125.456111111111
Pulse experiments,pioreactor01,2026-08-15T07:49:06.982Z,-0.004663519173,2026-08-15 13:34:06.982,1125.4575
Pulse experiments,pioreactor01,2026-08-15T07:49:11.982Z,-0.004733107818,2026-08-15 13:34:11.982,1125.458888888889
Pulse experiments,pioreactor01,2026-08-15T07:49:16.981Z,-0.00479058215,2026-08-15 13:34:16.981,1125.460277777778
Pulse experiments,pioreactor01,2026-08-15T07:49:21.982Z,-0.004834323412,2026-08-15 13:34:21.982,1125.461666666667
Pulse experiments,pioreactor01,2026-08-15T07:49:26.981Z,-0.004810334586,2026-08-15 13:34:26.981,1125.463055555555
Pulse experiments,pioreactor01,2026-08-15T07:49:31.985Z,-0.004703608868,2026-08-15 13:34:31.985,1125.464444444445
Pulse experiments,pioreactor01,2026-08-15T07:49:36.982Z,-0.004803916208,2026-08-15 13:34:36.982,1125.465833333333
Pulse experiments,pioreactor01,2026-08-15T07:49:41.983Z,-0.004755640692,2026-08-15 13:34:41.983,1125.467222222222
Pulse experiments,pioreactor01,2026-08-15T07:49:46.982Z,-0.004795763612,2026-08-15 13:34:46.982,1125.468611111111
Pulse experiments,pioreactor01,2026-08-15T07:49:51.981Z,-0.004652200637,2026-08-15 13:34:51.981,1125.47
Pulse experiments,pioreactor01,2026-08-15T07:49:56.982Z,-0.004501563029,2026-08-15 13:34:56.982,1125.471388888889
Pulse experiments,pioreactor01,2026-08-15T07:50:01.984Z,-0.004361641795,2026-08-15 13:35:01.984,1125.472777777778
Pulse experiments,pioreactor01,2026-08-15T07:50:06.982Z,-0.004150449963,2026-08-15 13:35:06.982,1125.474166666667
Pulse experiments,pioreactor01,2026-08-15T07:50:11.981Z,-0.004185205615,2026-08-15 13:35:11.981,1125.475555555556
Pulse experiments,pioreactor01,2026-08-15T07:50:16.985Z,-0.004109823257,2026-08-15 13:35:16.985,1125.476944444444
Pulse experiments,pioreactor01,2026-08-15T07:50:21.983Z,-0.0040151761,2026-08-15 13:35:21.983,1125.478333333333
Pulse experiments,pioreactor01,2026-08-15T07:50:26.981Z,-0.003939185767,2026-08-15 13:35:26.981,1125.479722222222
Pulse experiments,pioreactor01,2026-08-15T07:50:31.981Z,-0.003974440018,2026-08-15 13:35:31.981,1125.481111111111
Pulse experiments,pioreactor01,2026-08-15T07:50:36.981Z,-0.004093516524,2026-08-15 13:35:36.981,1125.4825
Pulse experiments,pioreactor01,2026-08-15T07:50:41.982Z,-0.004021290258,2026-08-15 13:35:41.982,1125.483888888889
Pulse experiments,pioreactor01,2026-08-15T07:50:46.984Z,-0.00414217783,2026-08-15 13:35:46.984,1125.485277777778
Pulse experiments,pioreactor01,2026-08-15T07:50:51.982Z,-0.004175521454,2026-08-15 13:35:51.982,1125.486666666667
Pulse experiments,pioreactor01,2026-08-15T07:50:56.981Z,-0.004337575122,2026-08-15 13:35:56.981,1125.488055555556
Pulse experiments,pioreactor01,2026-08-15T07:51:01.982Z,-0.004260866383,2026-08-15 13:36:01.982,1125.489444444444
Pulse experiments,pioreactor01,2026-08-15T07:51:06.985Z,-0.004241035876,2026-08-15 13:36:06.985,1125.490833333333
Pulse experiments,pioreactor01,2026-08-15T07:51:11.982Z,-0.004390172974,2026-08-15 13:36:11.982,1125.492222222222
Pulse experiments,pioreactor01,2026-08-15T07:51:16.982Z,-0.004419076099,2026-08-15 13:36:16.982,1125.493611111111
Pulse experiments,pioreactor01,2026-08-15T07:51:21.982Z,-0.004285815856,2026-08-15 13:36:21.982,1125.495
Pulse experiments,pioreactor01,2026-08-15T07:51:26.982Z,-0.004132089117,2026-08-15 13:36:26.982,1125.496388888889
Pulse experiments,pioreactor01,2026-08-15T07:51:31.985Z,-0.004205158855,2026-08-15 13:36:31.985,1125.497777777778
Pulse experiments,pioreactor01,2026-08-15T07:51:36.981Z,-0.004353684736,2026-08-15 13:36:36.981,1125.499166666667
Pulse experiments,pioreactor01,2026-08-15T07:51:41.982Z,-0.004433070453,2026-08-15 13:36:41.982,1125.500555555556
Pulse experiments,pioreactor01,2026-08-15T07:51:46.982Z,-0.004561198137,2026-08-15 13:36:46.982,1125.501944444444
Pulse experiments,pioreactor01,2026-08-15T07:51:56.982Z,-0.004529168105,2026-08-15 13:36:56.982,1125.504722222222
Pulse experiments,pioreactor01,2026-08-15T07:52:01.982Z,-0.004616522901,2026-08-15 13:37:01.982,1125.506111111111
Pulse experiments,pioreactor01,2026-08-15T07:52:06.982Z,-0.004640287163,2026-08-15 13:37:06.982,1125.5075
Pulse experiments,pioreactor01,2026-08-15T07:52:11.981Z,-0.004694368694,2026-08-15 13:37:11.981,1125.508888888889
Pulse experiments,pioreactor01,2026-08-15T07:52:21.984Z,-0.004625254668,2026-08-15 13:37:21.984,1125.511666666667
Pulse experiments,pioreactor01,2026-08-15T07:52:26.982Z,-0.004705748424,2026-08-15 13:37:26.982,1125.513055555556
Pulse experiments,pioreactor01,2026-08-15T07:52:31.980Z,-0.0046848104,2026-08-15 13:37:31.980,1125.514444444445
Pulse experiments,pioreactor01,2026-08-15T07:52:36.982Z,-0.004702991437,2026-08-15 13:37:36.982,1125.515833333333
Pulse experiments,pioreactor01,2026-08-15T07:52:41.981Z,-0.004759744197,2026-08-15 13:37:41.981,1125.517222222222
Pulse experiments,pioreactor01,2026-08-15T07:52:46.985Z,-0.004745594367,2026-08-15 13:37:46.985,1125.518611111111
Pulse experiments,pioreactor01,2026-08-15T07:52:51.983Z,-0.004657973735,2026-08-15 13:37:51.983,1125.52
Pulse experiments,pioreactor01,2026-08-15T07:52:56.983Z,-0.004677686297,2026-08-15 13:37:56.983,1125.521388888889
Pulse experiments,pioreactor01,2026-08-15T07:53:01.983Z,-0.004686334545,2026-08-15 13:38:01.983,1125.522777777778
Pulse experiments,pioreactor01,2026-08-15T07:53:06.982Z,-0.004691565729,2026-08-15 13:38:06.982,1125.524166666667
Pulse experiments,pioreactor01,2026-08-15T07:53:11.982Z,-0.004673582804,2026-08-15 13:38:11.982,1125.525555555555
Pulse experiments,pioreactor01,2026-08-15T07:53:16.983Z,-0.004648387532,2026-08-15 13:38:16.983,1125.526944444445
Pulse experiments,pioreactor01,2026-08-15T07:53:21.982Z,-0.004487534978,2026-08-15 13:38:21.982,1125.528333333333
Pulse experiments,pioreactor01,2026-08-15T07:53:26.984Z,-0.004353218093,2026-08-15 13:38:26.984,1125.529722222222
Pulse experiments,pioreactor01,2026-08-15T07:53:31.983Z,-0.004234259326,2026-08-15 13:38:31.983,1125.531111111111
Pulse experiments,pioreactor01,2026-08-15T07:53:36.982Z,-0.004171455924,2026-08-15 13:38:36.982,1125.5325
Pulse experiments,pioreactor01,2026-08-15T07:53:41.981Z,-0.004127350376,2026-08-15 13:38:41.981,1125.533888888889
Pulse experiments,pioreactor01,2026-08-15T07:53:51.984Z,-0.004086235503,2026-08-15 13:38:51.984,1125.536666666667
Pulse experiments,pioreactor01,2026-08-15T07:53:56.981Z,-0.004047767199,2026-08-15 13:38:56.981,1125.538055555556
Pulse experiments,pioreactor01,2026-08-15T07:54:01.982Z,-0.003935993563,2026-08-15 13:39:01.982,1125.539444444444
Pulse experiments,pioreactor01,2026-08-15T07:54:06.981Z,-0.003763861105,2026-08-15 13:39:06.981,1125.540833333333
Pulse experiments,pioreactor01,2026-08-15T07:54:11.982Z,-0.003784516747,2026-08-15 13:39:11.982,1125.542222222222
Pulse experiments,pioreactor01,2026-08-15T07:54:16.982Z,-0.003952319406,2026-08-15 13:39:16.982,1125.543611111111
Pulse experiments,pioreactor01,2026-08-15T07:54:21.982Z,-0.004103877008,2026-08-15 13:39:21.982,1125.545
Pulse experiments,pioreactor01,2026-08-15T07:54:26.981Z,-0.004099699071,2026-08-15 13:39:26.981,1125.546388888889
Pulse experiments,pioreactor01,2026-08-15T07:54:31.983Z,-0.004029386128,2026-08-15 13:39:31.983,1125.547777777778
Pulse experiments,pioreactor01,2026-08-15T07:54:36.982Z,-0.004020410478,2026-08-15 13:39:36.982,1125.549166666667
Pulse experiments,pioreactor01,2026-08-15T07:54:41.983Z,-0.004030486778,2026-08-15 13:39:41.983,1125.550555555556
Pulse experiments,pioreactor01,2026-08-15T07:54:46.982Z,-0.004102536346,2026-08-15 13:39:46.982,1125.551944444444
Pulse experiments,pioreactor01,2026-08-15T07:54:51.984Z,-0.004024660236,2026-08-15 13:39:51.984,1125.553333333333
Pulse experiments,pioreactor01,2026-08-15T07:54:56.983Z,-0.003850406385,2026-08-15 13:39:56.983,1125.554722222222
Pulse experiments,pioreactor01,2026-08-15T07:55:01.982Z,-0.003779312064,2026-08-15 13:40:01.982,1125.556111111111
Pulse experiments,pioreactor01,2026-08-15T07:55:06.981Z,-0.00382710644,2026-08-15 13:40:06.981,1125.5575
Pulse experiments,pioreactor01,2026-08-15T07:55:11.983Z,-0.003901247631,2026-08-15 13:40:11.983,1125.558888888889
Pulse experiments,pioreactor01,2026-08-15T07:55:16.981Z,-0.003878871604,2026-08-15 13:40:16.981,1125.560277777778
Pulse experiments,pioreactor01,2026-08-15T07:55:21.982Z,-0.003894386438,2026-08-15 13:40:21.982,1125.561666666667
Pulse experiments,pioreactor01,2026-08-15T07:55:26.981Z,-0.003808569348,2026-08-15 13:40:26.981,1125.563055555556
Pulse experiments,pioreactor01,2026-08-15T07:55:31.985Z,-0.003829485416,2026-08-15 13:40:31.985,1125.564444444444
Pulse experiments,pioreactor01,2026-08-15T07:55:36.982Z,-0.003880012327,2026-08-15 13:40:36.982,1125.565833333333
Pulse experiments,pioreactor01,2026-08-15T07:55:41.981Z,-0.003959338789,2026-08-15 13:40:41.981,1125.567222222222
Pulse experiments,pioreactor01,2026-08-15T07:55:46.982Z,-0.00402515856,2026-08-15 13:40:46.982,1125.568611111111
Pulse experiments,pioreactor01,2026-08-15T07:55:51.981Z,-0.004120703988,2026-08-15 13:40:51.981,1125.57
Pulse experiments,pioreactor01,2026-08-15T07:55:56.981Z,-0.004122086355,2026-08-15 13:40:56.981,1125.571388888889
Pulse experiments,pioreactor01,2026-08-15T07:56:01.983Z,-0.00416702636,2026-08-15 13:41:01.983,1125.572777777778
Pulse experiments,pioreactor01,2026-08-15T07:56:06.981Z,-0.004059155527,2026-08-15 13:41:06.981,1125.574166666667
Pulse experiments,pioreactor01,2026-08-15T07:56:11.982Z,-0.004107935653,2026-08-15 13:41:11.982,1125.575555555556
Pulse experiments,pioreactor01,2026-08-15T07:56:16.981Z,-0.004114530911,2026-08-15 13:41:16.981,1125.576944444445
Pulse experiments,pioreactor01,2026-08-15T07:56:21.984Z,-0.004152693519,2026-08-15 13:41:21.984,1125.578333333333
Pulse experiments,pioreactor01,2026-08-15T07:56:26.982Z,-0.004143239243,2026-08-15 13:41:26.982,1125.579722222222
Pulse experiments,pioreactor01,2026-08-15T07:56:31.982Z,-0.004292199403,2026-08-15 13:41:31.982,1125.581111111111
Pulse experiments,pioreactor01,2026-08-15T07:56:36.982Z,-0.004353233751,2026-08-15 13:41:36.982,1125.5825
Pulse experiments,pioreactor01,2026-08-15T07:56:41.982Z,-0.004413970629,2026-08-15 13:41:41.982,1125.583888888889
Pulse experiments,pioreactor01,2026-08-15T07:56:46.983Z,-0.004653215894,2026-08-15 13:41:46.983,1125.585277777778
Pulse experiments,pioreactor01,2026-08-15T07:56:51.981Z,-0.004754518176,2026-08-15 13:41:51.981,1125.586666666667
Pulse experiments,pioreactor01,2026-08-15T07:56:56.981Z,-0.004846497044,2026-08-15 13:41:56.981,1125.588055555555
Pulse experiments,pioreactor01,2026-08-15T07:57:01.983Z,-0.004818342505,2026-08-15 13:42:01.983,1125.589444444445
Pulse experiments,pioreactor01,2026-08-15T07:57:06.983Z,-0.004904277725,2026-08-15 13:42:06.983,1125.590833333333
Pulse experiments,pioreactor01,2026-08-15T07:57:11.983Z,-0.004914136307,2026-08-15 13:42:11.983,1125.592222222222
Pulse experiments,pioreactor01,2026-08-15T07:57:16.986Z,-0.004769052585,2026-08-15 13:42:16.986,1125.593611111111
Pulse experiments,pioreactor01,2026-08-15T07:57:26.981Z,-0.00480418602,2026-08-15 13:42:26.981,1125.596388888889
Pulse experiments,pioreactor01,2026-08-15T07:57:31.983Z,-0.004785963327,2026-08-15 13:42:31.983,1125.597777777778
Pulse experiments,pioreactor01,2026-08-15T07:57:41.981Z,-0.004802036035,2026-08-15 13:42:41.981,1125.600555555556
Pulse experiments,pioreactor01,2026-08-15T07:57:46.981Z,-0.004837088346,2026-08-15 13:42:46.981,1125.601944444444
Pulse experiments,pioreactor01,2026-08-15T07:57:51.982Z,-0.004984738771,2026-08-15 13:42:51.982,1125.603333333333
Pulse experiments,pioreactor01,2026-08-15T07:57:56.982Z,-0.005011447188,2026-08-15 13:42:56.982,1125.604722222222
Pulse experiments,pioreactor01,2026-08-15T07:58:11.982Z,-0.004899137159,2026-08-15 13:43:11.982,1125.608888888889
Pulse experiments,pioreactor01,2026-08-15T07:58:16.982Z,-0.00481685665,2026-08-15 13:43:16.982,1125.610277777778
Pulse experiments,pioreactor01,2026-08-15T07:58:21.982Z,-0.004805272033,2026-08-15 13:43:21.982,1125.611666666667
Pulse experiments,pioreactor01,2026-08-15T07:58:26.981Z,-0.004822861738,2026-08-15 13:43:26.981,1125.613055555556
Pulse experiments,pioreactor01,2026-08-15T07:58:31.982Z,-0.004963373581,2026-08-15 13:43:31.982,1125.614444444444
Pulse experiments,pioreactor01,2026-08-15T07:58:36.982Z,-0.005113230945,2026-08-15 13:43:36.982,1125.615833333333
Pulse experiments,pioreactor01,2026-08-15T07:58:41.983Z,-0.005212594466,2026-08-15 13:43:41.983,1125.617222222222
Pulse experiments,pioreactor01,2026-08-15T07:58:46.983Z,-0.005295513414,2026-08-15 13:43:46.983,1125.618611111111
Pulse experiments,pioreactor01,2026-08-15T07:58:51.985Z,-0.00534210367,2026-08-15 13:43:51.985,1125.62
Pulse experiments,pioreactor01,2026-08-15T07:58:56.983Z,-0.005348325195,2026-08-15 13:43:56.983,1125.621388888889
Pulse experiments,pioreactor01,2026-08-15T07:59:01.982Z,-0.005197591302,2026-08-15 13:44:01.982,1125.622777777778
Pulse experiments,pioreactor01,2026-08-15T07:59:06.981Z,-0.005069506556,2026-08-15 13:44:06.981,1125.624166666667
Pulse experiments,pioreactor01,2026-08-15T07:59:11.983Z,-0.004974230794,2026-08-15 13:44:11.983,1125.625555555556
Pulse experiments,pioreactor01,2026-08-15T07:59:16.983Z,-0.00481145438,2026-08-15 13:44:16.983,1125.626944444444
Pulse experiments,pioreactor01,2026-08-15T07:59:21.982Z,-0.004759422037,2026-08-15 13:44:21.982,1125.628333333333
Pulse experiments,pioreactor01,2026-08-15T07:59:26.986Z,-0.004837938662,2026-08-15 13:44:26.986,1125.629722222222
Pulse experiments,pioreactor01,2026-08-15T07:59:31.984Z,-0.004878898034,2026-08-15 13:44:31.984,1125.631111111111
Pulse experiments,pioreactor01,2026-08-15T07:59:41.982Z,-0.004944764935,2026-08-15 13:44:41.982,1125.633888888889
Pulse experiments,pioreactor01,2026-08-15T07:59:46.982Z,-0.004886296165,2026-08-15 13:44:46.982,1125.635277777778
Pulse experiments,pioreactor01,2026-08-15T07:59:51.983Z,-0.004863212929,2026-08-15 13:44:51.983,1125.636666666667
Pulse experiments,pioreactor01,2026-08-15T07:59:56.983Z,-0.0049383844,2026-08-15 13:44:56.983,1125.638055555556
Pulse experiments,pioreactor01,2026-08-15T08:00:01.983Z,-0.004952599184,2026-08-15 13:45:01.983,1125.639444444445
Pulse experiments,pioreactor01,2026-08-15T08:00:06.988Z,-0.005088421449,2026-08-15 13:45:06.988,1125.640833333333
Pulse experiments,pioreactor01,2026-08-15T08:00:11.982Z,-0.00522488902,2026-08-15 13:45:11.982,1125.642222222222
Pulse experiments,pioreactor01,2026-08-15T08:00:16.983Z,-0.00525465808,2026-08-15 13:45:16.983,1125.643611111111
Pulse experiments,pioreactor01,2026-08-15T08:00:21.984Z,-0.005122889459,2026-08-15 13:45:21.984,1125.645
Pulse experiments,pioreactor01,2026-08-15T08:00:26.983Z,-0.004908541126,2026-08-15 13:45:26.983,1125.646388888889
Pulse experiments,pioreactor01,2026-08-15T08:00:31.980Z,-0.004826017403,2026-08-15 13:45:31.980,1125.647777777778
Pulse experiments,pioreactor01,2026-08-15T08:00:36.982Z,-0.004803908719,2026-08-15 13:45:36.982,1125.649166666667
Pulse experiments,pioreactor01,2026-08-15T08:00:41.982Z,-0.004862588873,2026-08-15 13:45:41.982,1125.650555555555
Pulse experiments,pioreactor01,2026-08-15T08:00:46.981Z,-0.00479127205,2026-08-15 13:45:46.981,1125.651944444445
Pulse experiments,pioreactor01,2026-08-15T08:00:56.983Z,-0.004877526036,2026-08-15 13:45:56.983,1125.654722222222
Pulse experiments,pioreactor01,2026-08-15T08:01:01.984Z,-0.004957194932,2026-08-15 13:46:01.984,1125.656111111111
Pulse experiments,pioreactor01,2026-08-15T08:01:06.982Z,-0.004940388026,2026-08-15 13:46:06.982,1125.6575
Pulse experiments,pioreactor01,2026-08-15T08:01:11.981Z,-0.004837534537,2026-08-15 13:46:11.981,1125.658888888889
Pulse experiments,pioreactor01,2026-08-15T08:01:21.981Z,-0.004820030222,2026-08-15 13:46:21.981,1125.661666666667
Pulse experiments,pioreactor01,2026-08-15T08:01:26.982Z,-0.004859535749,2026-08-15 13:46:26.982,1125.663055555556
Pulse experiments,pioreactor01,2026-08-15T08:01:31.982Z,-0.004915193983,2026-08-15 13:46:31.982,1125.664444444444
Pulse experiments,pioreactor01,2026-08-15T08:01:36.983Z,-0.005009150943,2026-08-15 13:46:36.983,1125.665833333333
Pulse experiments,pioreactor01,2026-08-15T08:01:41.984Z,-0.005168810556,2026-08-15 13:46:41.984,1125.667222222222
Pulse experiments,pioreactor01,2026-08-15T08:01:46.984Z,-0.005180546239,2026-08-15 13:46:46.984,1125.668611111111
Pulse experiments,pioreactor01,2026-08-15T08:01:51.983Z,-0.00520251158,2026-08-15 13:46:51.983,1125.67
Pulse experiments,pioreactor01,2026-08-15T08:01:56.982Z,-0.00520967124,2026-08-15 13:46:56.982,1125.671388888889
Pulse experiments,pioreactor01,2026-08-15T08:02:01.982Z,-0.005267670788,2026-08-15 13:47:01.982,1125.672777777778
Pulse experiments,pioreactor01,2026-08-15T08:02:06.982Z,-0.005298098149,2026-08-15 13:47:06.982,1125.674166666667
Pulse experiments,pioreactor01,2026-08-15T08:02:11.982Z,-0.005261917232,2026-08-15 13:47:11.982,1125.675555555556
Pulse experiments,pioreactor01,2026-08-15T08:02:16.982Z,-0.005103584116,2026-08-15 13:47:16.982,1125.676944444444
Pulse experiments,pioreactor01,2026-08-15T08:02:21.980Z,-0.004912773446,2026-08-15 13:47:21.980,1125.678333333333
Pulse experiments,pioreactor01,2026-08-15T08:02:26.982Z,-0.004815466251,2026-08-15 13:47:26.982,1125.679722222222
Pulse experiments,pioreactor01,2026-08-15T08:02:31.983Z,-0.004783788167,2026-08-15 13:47:31.983,1125.681111111111
Pulse experiments,pioreactor01,2026-08-15T08:02:36.982Z,-0.004688001602,2026-08-15 13:47:36.982,1125.6825
Pulse experiments,pioreactor01,2026-08-15T08:02:41.984Z,-0.004776961819,2026-08-15 13:47:41.984,1125.683888888889
Pulse experiments,pioreactor01,2026-08-15T08:02:46.982Z,-0.004917342648,2026-08-15 13:47:46.982,1125.685277777778
Pulse experiments,pioreactor01,2026-08-15T08:02:51.983Z,-0.004879492735,2026-08-15 13:47:51.983,1125.686666666667
Pulse experiments,pioreactor01,2026-08-15T08:02:56.983Z,-0.0049140395,2026-08-15 13:47:56.983,1125.688055555556
Pulse experiments,pioreactor01,2026-08-15T08:03:01.983Z,-0.004961007465,2026-08-15 13:48:01.983,1125.689444444444
Pulse experiments,pioreactor01,2026-08-15T08:03:06.981Z,-0.005033050824,2026-08-15 13:48:06.981,1125.690833333333
Pulse experiments,pioreactor01,2026-08-15T08:03:11.983Z,-0.005136985244,2026-08-15 13:48:11.983,1125.692222222222
Pulse experiments,pioreactor01,2026-08-15T08:03:16.982Z,-0.005090106716,2026-08-15 13:48:16.982,1125.693611111111
Pulse experiments,pioreactor01,2026-08-15T08:03:21.982Z,-0.005066397284,2026-08-15 13:48:21.982,1125.695
Pulse experiments,pioreactor01,2026-08-15T08:03:26.983Z,-0.005092456194,2026-08-15 13:48:26.983,1125.696388888889
Pulse experiments,pioreactor01,2026-08-15T08:03:36.981Z,-0.005208940442,2026-08-15 13:48:36.981,1125.699166666667
Pulse experiments,pioreactor01,2026-08-15T08:03:41.981Z,-0.005238434716,2026-08-15 13:48:41.981,1125.700555555556
Pulse experiments,pioreactor01,2026-08-15T08:03:46.982Z,-0.005181777071,2026-08-15 13:48:46.982,1125.701944444445
Pulse experiments,pioreactor01,2026-08-15T08:03:51.983Z,-0.005099368203,2026-08-15 13:48:51.983,1125.703333333333
Pulse experiments,pioreactor01,2026-08-15T08:03:56.982Z,-0.004966050657,2026-08-15 13:48:56.982,1125.704722222222
Pulse experiments,pioreactor01,2026-08-15T08:04:01.985Z,-0.004760378895,2026-08-15 13:49:01.985,1125.706111111111
Pulse experiments,pioreactor01,2026-08-15T08:04:06.982Z,-0.004640280315,2026-08-15 13:49:06.982,1125.7075
Pulse experiments,pioreactor01,2026-08-15T08:04:16.981Z,-0.004573096131,2026-08-15 13:49:16.981,1125.710277777778
Pulse experiments,pioreactor01,2026-08-15T08:04:21.981Z,-0.004618504715,2026-08-15 13:49:21.981,1125.711666666667
Pulse experiments,pioreactor01,2026-08-15T08:04:26.981Z,-0.004649579698,2026-08-15 13:49:26.981,1125.713055555555
Pulse experiments,pioreactor01,2026-08-15T08:04:31.982Z,-0.004657570503,2026-08-15 13:49:31.982,1125.714444444445
Pulse experiments,pioreactor01,2026-08-15T08:04:36.982Z,-0.00469955277,2026-08-15 13:49:36.982,1125.715833333333
Pulse experiments,pioreactor01,2026-08-15T08:04:41.982Z,-0.004805878287,2026-08-15 13:49:41.982,1125.717222222222
Pulse experiments,pioreactor01,2026-08-15T08:04:46.981Z,-0.004800569884,2026-08-15 13:49:46.981,1125.718611111111
Pulse experiments,pioreactor01,2026-08-15T08:04:51.981Z,-0.004674880152,2026-08-15 13:49:51.981,1125.72
Pulse experiments,pioreactor01,2026-08-15T08:04:56.983Z,-0.004616810055,2026-08-15 13:49:56.983,1125.721388888889
Pulse experiments,pioreactor01,2026-08-15T08:05:01.981Z,-0.004527316535,2026-08-15 13:50:01.981,1125.722777777778
Pulse experiments,pioreactor01,2026-08-15T08:05:06.983Z,-0.004513717932,2026-08-15 13:50:06.983,1125.724166666667
Pulse experiments,pioreactor01,2026-08-15T08:05:16.982Z,-0.004437017586,2026-08-15 13:50:16.982,1125.726944444444
Pulse experiments,pioreactor01,2026-08-15T08:05:21.981Z,-0.004441407049,2026-08-15 13:50:21.981,1125.728333333333
Pulse experiments,pioreactor01,2026-08-15T08:05:26.982Z,-0.004386206818,2026-08-15 13:50:26.982,1125.729722222222
Pulse experiments,pioreactor01,2026-08-15T08:05:31.981Z,-0.00432375418,2026-08-15 13:50:31.981,1125.731111111111
Pulse experiments,pioreactor01,2026-08-15T08:05:36.981Z,-0.004202624424,2026-08-15 13:50:36.981,1125.7325
Pulse experiments,pioreactor01,2026-08-15T08:05:41.983Z,-0.00415838976,2026-08-15 13:50:41.983,1125.733888888889
Pulse experiments,pioreactor01,2026-08-15T08:05:46.981Z,-0.004119601839,2026-08-15 13:50:46.981,1125.735277777778
Pulse experiments,pioreactor01,2026-08-15T08:05:51.981Z,-0.003984197211,2026-08-15 13:50:51.981,1125.736666666667
Pulse experiments,pioreactor01,2026-08-15T08:05:56.983Z,-0.003857315511,2026-08-15 13:50:56.983,1125.738055555556
Pulse experiments,pioreactor01,2026-08-15T08:06:01.981Z,-0.003798489902,2026-08-15 13:51:01.981,1125.739444444444
Pulse experiments,pioreactor01,2026-08-15T08:06:06.983Z,-0.003714701831,2026-08-15 13:51:06.983,1125.740833333333
Pulse experiments,pioreactor01,2026-08-15T08:06:11.984Z,-0.003607177598,2026-08-15 13:51:11.984,1125.742222222222
Pulse experiments,pioreactor01,2026-08-15T08:06:16.980Z,-0.003649289836,2026-08-15 13:51:16.980,1125.743611111111
Pulse experiments,pioreactor01,2026-08-15T08:06:21.982Z,-0.00367991025,2026-08-15 13:51:21.982,1125.745
Pulse experiments,pioreactor01,2026-08-15T08:06:26.983Z,-0.003610277251,2026-08-15 13:51:26.983,1125.746388888889
Pulse experiments,pioreactor01,2026-08-15T08:06:31.981Z,-0.00366009204,2026-08-15 13:51:31.981,1125.747777777778
Pulse experiments,pioreactor01,2026-08-15T08:06:36.983Z,-0.003625269211,2026-08-15 13:51:36.983,1125.749166666667
Pulse experiments,pioreactor01,2026-08-15T08:06:41.982Z,-0.003562218669,2026-08-15 13:51:41.982,1125.750555555556
Pulse experiments,pioreactor01,2026-08-15T08:06:46.983Z,-0.0035031911,2026-08-15 13:51:46.983,1125.751944444444
Pulse experiments,pioreactor01,2026-08-15T08:06:51.981Z,-0.003473759391,2026-08-15 13:51:51.981,1125.753333333333
Pulse experiments,pioreactor01,2026-08-15T08:06:56.983Z,-0.003527628613,2026-08-15 13:51:56.983,1125.754722222222
Pulse experiments,pioreactor01,2026-08-15T08:07:01.982Z,-0.003432582844,2026-08-15 13:52:01.982,1125.756111111111
Pulse experiments,pioreactor01,2026-08-15T08:07:06.983Z,-0.00340950346,2026-08-15 13:52:06.983,1125.7575
Pulse experiments,pioreactor01,2026-08-15T08:07:11.983Z,-0.003388813094,2026-08-15 13:52:11.983,1125.758888888889
Pulse experiments,pioreactor01,2026-08-15T08:07:16.983Z,-0.003325295095,2026-08-15 13:52:16.983,1125.760277777778
Pulse experiments,pioreactor01,2026-08-15T08:07:21.980Z,-0.003180434622,2026-08-15 13:52:21.980,1125.761666666667
Pulse experiments,pioreactor01,2026-08-15T08:07:26.981Z,-0.003143793531,2026-08-15 13:52:26.981,1125.763055555556
Pulse experiments,pioreactor01,2026-08-15T08:07:31.982Z,-0.003076121222,2026-08-15 13:52:31.982,1125.764444444445
Pulse experiments,pioreactor01,2026-08-15T08:07:36.981Z,-0.00315206289,2026-08-15 13:52:36.981,1125.765833333333
Pulse experiments,pioreactor01,2026-08-15T08:07:41.983Z,-0.003246249082,2026-08-15 13:52:41.983,1125.767222222222
Pulse experiments,pioreactor01,2026-08-15T08:07:46.980Z,-0.003234935755,2026-08-15 13:52:46.980,1125.768611111111
Pulse experiments,pioreactor01,2026-08-15T08:07:51.982Z,-0.003079141188,2026-08-15 13:52:51.982,1125.77
Pulse experiments,pioreactor01,2026-08-15T08:07:56.982Z,-0.002985716114,2026-08-15 13:52:56.982,1125.771388888889
Pulse experiments,pioreactor01,2026-08-15T08:08:01.982Z,-0.002852697742,2026-08-15 13:53:01.982,1125.772777777778
Pulse experiments,pioreactor01,2026-08-15T08:08:06.981Z,-0.002837349997,2026-08-15 13:53:06.981,1125.774166666667
Pulse experiments,pioreactor01,2026-08-15T08:08:16.982Z,-0.002716708968,2026-08-15 13:53:16.982,1125.776944444445
Pulse experiments,pioreactor01,2026-08-15T08:08:21.981Z,-0.002649775855,2026-08-15 13:53:21.981,1125.778333333333
Pulse experiments,pioreactor01,2026-08-15T08:08:26.983Z,-0.00260205188,2026-08-15 13:53:26.983,1125.779722222222
Pulse experiments,pioreactor01,2026-08-15T08:08:31.982Z,-0.002565804717,2026-08-15 13:53:31.982,1125.781111111111
Pulse experiments,pioreactor01,2026-08-15T08:08:36.982Z,-0.002601597747,2026-08-15 13:53:36.982,1125.7825
Pulse experiments,pioreactor01,2026-08-15T08:08:41.983Z,-0.002520776948,2026-08-15 13:53:41.983,1125.783888888889
Pulse experiments,pioreactor01,2026-08-15T08:08:46.983Z,-0.002588747909,2026-08-15 13:53:46.983,1125.785277777778
Pulse experiments,pioreactor01,2026-08-15T08:08:51.982Z,-0.002717357943,2026-08-15 13:53:51.982,1125.786666666667
Pulse experiments,pioreactor01,2026-08-15T08:08:56.982Z,-0.002646148415,2026-08-15 13:53:56.982,1125.788055555556
Pulse experiments,pioreactor01,2026-08-15T08:09:01.982Z,-0.002514129349,2026-08-15 13:54:01.982,1125.789444444444
Pulse experiments,pioreactor01,2026-08-15T08:09:06.982Z,-0.002552781525,2026-08-15 13:54:06.982,1125.790833333333
Pulse experiments,pioreactor01,2026-08-15T08:09:11.982Z,-0.002426434611,2026-08-15 13:54:11.982,1125.792222222222
Pulse experiments,pioreactor01,2026-08-15T08:09:16.985Z,-0.002390632342,2026-08-15 13:54:16.985,1125.793611111111
Pulse experiments,pioreactor01,2026-08-15T08:09:21.982Z,-0.00242097818,2026-08-15 13:54:21.982,1125.795
Pulse experiments,pioreactor01,2026-08-15T08:09:26.981Z,-0.002304039758,2026-08-15 13:54:26.981,1125.796388888889
Pulse experiments,pioreactor01,2026-08-15T08:09:31.982Z,-0.002215375374,2026-08-15 13:54:31.982,1125.797777777778
Pulse experiments,pioreactor01,2026-08-15T08:09:36.981Z,-0.00223699711,2026-08-15 13:54:36.981,1125.799166666667
Pulse experiments,pioreactor01,2026-08-15T08:09:41.983Z,-0.002280703878,2026-08-15 13:54:41.983,1125.800555555556
Pulse experiments,pioreactor01,2026-08-15T08:09:46.983Z,-0.002208125674,2026-08-15 13:54:46.983,1125.801944444444
Pulse experiments,pioreactor01,2026-08-15T08:09:51.981Z,-0.002121143511,2026-08-15 13:54:51.981,1125.803333333333
Pulse experiments,pioreactor01,2026-08-15T08:09:56.981Z,-0.001989100455,2026-08-15 13:54:56.981,1125.804722222222
Pulse experiments,pioreactor01,2026-08-15T08:10:01.981Z,-0.001659499953,2026-08-15 13:55:01.981,1125.806111111111
Pulse experiments,pioreactor01,2026-08-15T08:10:06.982Z,-0.001631184053,2026-08-15 13:55:06.982,1125.8075
Pulse experiments,pioreactor01,2026-08-15T08:10:11.982Z,-0.001591457632,2026-08-15 13:55:11.982,1125.808888888889
Pulse experiments,pioreactor01,2026-08-15T08:10:16.984Z,-0.001583277582,2026-08-15 13:55:16.984,1125.810277777778
Pulse experiments,pioreactor01,2026-08-15T08:10:21.984Z,-0.001672483007,2026-08-15 13:55:21.984,1125.811666666667
Pulse experiments,pioreactor01,2026-08-15T08:10:31.982Z,-0.001593569056,2026-08-15 13:55:31.982,1125.814444444444
Pulse experiments,pioreactor01,2026-08-15T08:10:36.980Z,-0.001314645214,2026-08-15 13:55:36.980,1125.815833333333
Pulse experiments,pioreactor01,2026-08-15T08:10:41.982Z,-0.001188381439,2026-08-15 13:55:41.982,1125.817222222222
Pulse experiments,pioreactor01,2026-08-15T08:10:46.982Z,-0.001092922156,2026-08-15 13:55:46.982,1125.818611111111
Pulse experiments,pioreactor01,2026-08-15T08:10:51.982Z,-0.00098938693,2026-08-15 13:55:51.982,1125.82
Pulse experiments,pioreactor01,2026-08-15T08:10:56.981Z,-0.000873850687,2026-08-15 13:55:56.981,1125.821388888889
Pulse experiments,pioreactor01,2026-08-15T08:11:01.987Z,-0.000770214987,2026-08-15 13:56:01.987,1125.822777777778
Pulse experiments,pioreactor01,2026-08-15T08:11:06.982Z,-0.000784408074,2026-08-15 13:56:06.982,1125.824166666667
Pulse experiments,pioreactor01,2026-08-15T08:11:11.981Z,-0.000879901503,2026-08-15 13:56:11.981,1125.825555555556
Pulse experiments,pioreactor01,2026-08-15T08:11:16.982Z,-0.000882672326,2026-08-15 13:56:16.982,1125.826944444445
Pulse experiments,pioreactor01,2026-08-15T08:11:21.982Z,-0.000757341843,2026-08-15 13:56:21.982,1125.828333333333
Pulse experiments,pioreactor01,2026-08-15T08:11:26.983Z,-0.000745614242,2026-08-15 13:56:26.983,1125.829722222222
Pulse experiments,pioreactor01,2026-08-15T08:11:31.982Z,-0.000577108076,2026-08-15 13:56:31.982,1125.831111111111
Pulse experiments,pioreactor01,2026-08-15T08:11:36.984Z,-0.000595374798,2026-08-15 13:56:36.984,1125.8325
Pulse experiments,pioreactor01,2026-08-15T08:11:46.984Z,-0.00061071959,2026-08-15 13:56:46.984,1125.835277777778
Pulse experiments,pioreactor01,2026-08-15T08:11:51.980Z,-0.000487603762,2026-08-15 13:56:51.980,1125.836666666667
Pulse experiments,pioreactor01,2026-08-15T08:11:56.981Z,-0.000450359839,2026-08-15 13:56:56.981,1125.838055555555
Pulse experiments,pioreactor01,2026-08-15T08:12:01.984Z,-0.000346580692,2026-08-15 13:57:01.984,1125.839444444445
Pulse experiments,pioreactor01,2026-08-15T08:12:06.982Z,-0.000105176399,2026-08-15 13:57:06.982,1125.840833333333
Pulse experiments,pioreactor01,2026-08-15T08:12:11.981Z,2.1054805e-05,2026-08-15 13:57:11.981,1125.842222222222
Pulse experiments,pioreactor01,2026-08-15T08:12:21.981Z,1.0074935e-05,2026-08-15 13:57:21.981,1125.845
Pulse experiments,pioreactor01,2026-08-15T08:12:26.983Z,-8.5122613e-05,2026-08-15 13:57:26.983,1125.846388888889
Pulse experiments,pioreactor01,2026-08-15T08:12:31.981Z,-0.000111500833,2026-08-15 13:57:31.981,1125.847777777778
Pulse experiments,pioreactor01,2026-08-15T08:12:36.983Z,-0.000204902517,2026-08-15 13:57:36.983,1125.849166666667
Pulse experiments,pioreactor01,2026-08-15T08:12:41.983Z,-7.4074011e-05,2026-08-15 13:57:41.983,1125.850555555556
Pulse experiments,pioreactor01,2026-08-15T08:12:46.981Z,6.7737137e-05,2026-08-15 13:57:46.981,1125.851944444444
Pulse experiments,pioreactor01,2026-08-15T08:12:51.983Z,8.1070761e-05,2026-08-15 13:57:51.983,1125.853333333333
Pulse experiments,pioreactor01,2026-08-15T08:12:56.982Z,0.000127468691,2026-08-15 13:57:56.982,1125.854722222222
Pulse experiments,pioreactor01,2026-08-15T08:13:01.985Z,0.000134821698,2026-08-15 13:58:01.985,1125.856111111111
Pulse experiments,pioreactor01,2026-08-15T08:13:06.983Z,0.000166629603,2026-08-15 13:58:06.983,1125.8575
Pulse experiments,pioreactor01,2026-08-15T08:13:11.981Z,0.000289705505,2026-08-15 13:58:11.981,1125.858888888889
Pulse experiments,pioreactor01,2026-08-15T08:13:16.983Z,0.000341488448,2026-08-15 13:58:16.983,1125.860277777778
Pulse experiments,pioreactor01,2026-08-15T08:13:21.981Z,0.000262265507,2026-08-15 13:58:21.981,1125.861666666667
Pulse experiments,pioreactor01,2026-08-15T08:13:26.981Z,0.000247306621,2026-08-15 13:58:26.981,1125.863055555556
Pulse experiments,pioreactor01,2026-08-15T08:13:31.982Z,0.000458264331,2026-08-15 13:58:31.982,1125.864444444444
Pulse experiments,pioreactor01,2026-08-15T08:13:36.984Z,0.000659508954,2026-08-15 13:58:36.984,1125.865833333333
Pulse experiments,pioreactor01,2026-08-15T08:13:41.981Z,0.000810236375,2026-08-15 13:58:41.981,1125.867222222222
Pulse experiments,pioreactor01,2026-08-15T08:13:46.985Z,0.000820132464,2026-08-15 13:58:46.985,1125.868611111111
Pulse experiments,pioreactor01,2026-08-15T08:13:51.981Z,0.000985629278,2026-08-15 13:58:51.981,1125.87
Pulse experiments,pioreactor01,2026-08-15T08:13:56.984Z,0.001128175979,2026-08-15 13:58:56.984,1125.871388888889
Pulse experiments,pioreactor01,2026-08-15T08:14:01.983Z,0.001092783112,2026-08-15 13:59:01.983,1125.872777777778
Pulse experiments,pioreactor01,2026-08-15T08:14:06.982Z,0.001225490774,2026-08-15 13:59:06.982,1125.874166666667
Pulse experiments,pioreactor01,2026-08-15T08:14:11.982Z,0.001313920093,2026-08-15 13:59:11.982,1125.875555555556
Pulse experiments,pioreactor01,2026-08-15T08:14:16.981Z,0.001395014567,2026-08-15 13:59:16.981,1125.876944444444
Pulse experiments,pioreactor01,2026-08-15T08:14:21.980Z,0.001379653359,2026-08-15 13:59:21.980,1125.878333333333
Pulse experiments,pioreactor01,2026-08-15T08:14:26.981Z,0.001285408547,2026-08-15 13:59:26.981,1125.879722222222
Pulse experiments,pioreactor01,2026-08-15T08:14:31.983Z,0.001130199438,2026-08-15 13:59:31.983,1125.881111111111
Pulse experiments,pioreactor01,2026-08-15T08:14:36.981Z,0.001079177473,2026-08-15 13:59:36.981,1125.8825
Pulse experiments,pioreactor01,2026-08-15T08:14:41.981Z,0.001148864638,2026-08-15 13:59:41.981,1125.883888888889
Pulse experiments,pioreactor01,2026-08-15T08:14:46.982Z,0.001314790828,2026-08-15 13:59:46.982,1125.885277777778
Pulse experiments,pioreactor01,2026-08-15T08:14:51.981Z,0.001378913007,2026-08-15 13:59:51.981,1125.886666666667
Pulse experiments,pioreactor01,2026-08-15T08:14:56.982Z,0.001515397223,2026-08-15 13:59:56.982,1125.888055555556
