1,706,466,340,687,449,327,681,709,717,719,475,345,274,681,445,325,260,675,711,715,718,479,348,689,712,718,720,721,483,699,460,697,464,697,460,334,682,445,691,460
0,301,679,708,465,695,714,469,342,272,231,674,706,715,472,697,714,718,478,347,276,233,672,707,464,337,269,228,204,665,441,688,453,690,450,691,711,467,696,463,694
1,703,468,331,686,452,330,683,709,716,718,477,348,275,679,449,327,261,674,706,715,717,483,350,687,711,718,719,721,485,701,465,695,467,695,463,339,684,451,689,451
1,686,456,332,681,451,328,681,708,715,718,479,348,277,678,449,327,262,672,705,714,717,482,350,686,710,717,718,720,486,700,466,694,455,694,462,336,683,451,689,451
0,295,674,705,468,692,712,472,342,273,231,669,704,714,474,694,713,716,479,349,276,233,669,704,466,338,270,229,205,667,432,684,455,690,455,690,710,470,694,467,694
0,394,689,710,474,694,712,474,345,273,231,668,704,713,476,693,712,716,483,350,277,234,673,706,469,341,271,229,204,665,434,684,443,689,455,689,709,471,693,454,692
1,700,459,335,681,443,324,678,706,714,716,483,350,276,675,437,321,259,669,704,712,716,474,344,684,709,714,717,719,477,697,467,696,460,692,451,331,681,454,690,457
0,298,677,706,472,694,711,477,346,274,232,666,704,712,478,695,712,716,473,345,273,231,670,705,471,342,271,231,204,664,436,683,445,689,458,691,709,474,694,460,691
0,397,687,708,477,696,712,479,347,275,230,670,704,712,478,696,712,717,475,346,274,233,670,704,473,342,272,231,203,663,437,686,450,687,458,691,709,475,695,460,691
1,701,465,338,681,448,327,681,706,713,716,475,345,274,677,444,324,261,672,704,712,715,477,346,685,708,715,717,718,482,695,458,693,462,693,458,334,683,447,690,459
0,299,675,705,464,691,710,467,341,272,229,669,703,712,470,693,711,713,478,346,276,230,667,703,462,336,269,228,202,661,424,683,450,686,448,688,708,466,693,461,693
1,701,467,339,681,451,328,679,707,712,715,477,346,275,676,446,325,260,670,703,711,715,479,348,683,708,714,716,718,484,697,463,691,452,686,459,333,681,448,687,449
1,683,455,330,678,450,326,678,705,712,714,477,346,275,675,448,326,261,669,702,711,714,481,348,683,707,714,716,717,484,697,465,691,454,690,461,334,680,450,686,449
1,683,442,323,676,450,326,677,704,712,716,478,349,275,673,444,326,262,668,702,711,714,477,346,681,707,713,716,716,475,696,466,690,455,689,461,345,680,451,689,453
1,682,444,324,676,437,320,675,705,711,714,480,348,275,673,435,319,257,666,701,710,714,471,343,681,706,713,716,716,475,695,465,693,458,690,447,328,678,452,688,454
1,682,445,324,675,437,320,673,704,712,714,480,348,276,672,437,320,258,669,702,711,713,473,344,680,707,713,715,716,477,694,467,693,460,689,451,328,677,439,687,455
1,685,449,327,675,439,321,674,703,711,714,470,342,272,671,437,320,257,670,703,708,710,474,345,680,706,712,715,716,478,694,455,691,460,689,452,329,676,440,686,455
1,684,450,327,679,444,332,674,703,711,715,472,343,272,675,438,322,260,669,701,710,713,475,345,683,706,712,715,716,480,694,457,690,477,692,455,331,676,441,686,457
0,297,672,703,462,689,708,466,338,269,229,666,701,710,468,692,709,713,474,345,273,231,663,701,460,335,267,227,202,660,436,683,449,684,446,686,707,464,691,459,687
0,386,682,706,466,690,711,468,340,270,230,667,702,711,469,691,709,713,476,346,274,231,665,701,462,335,270,227,201,659,424,681,450,689,449,687,707,465,691,461,690
1,697,467,339,680,450,328,677,705,711,714,476,346,274,674,446,325,260,667,701,710,713,479,347,682,707,712,715,716,484,693,464,690,452,689,459,333,679,448,685,448
0,293,670,703,465,688,707,469,341,270,228,648,701,710,471,689,709,713,479,348,275,232,664,701,464,337,268,226,202,662,429,680,453,686,450,685,706,468,689,450,689
1,698,456,332,677,452,328,676,704,711,713,479,347,274,672,449,326,261,666,701,709,713,470,342,680,706,712,715,716,475,694,462,692,457,689,462,335,678,452,687,453
0,295,674,703,469,691,708,472,343,271,232,663,700,708,475,693,708,713,470,343,272,229,667,701,468,340,270,228,203,661,432,678,441,684,454,688,706,471,689,453,688
1,700,461,336,677,441,322,674,702,710,713,469,342,271,671,436,319,257,669,701,709,713,472,344,679,704,712,714,715,477,693,454,690,458,687,448,328,676,438,685,454
0,295,673,702,459,689,709,475,344,274,230,667,700,709,465,691,709,713,471,345,272,231,666,702,457,333,268,226,201,659,433,682,446,684,444,687,706,474,691,458,688
1,698,462,336,679,447,325,678,704,711,712,472,343,272,673,442,323,259,668,701,709,712,475,345,681,706,712,714,715,478,692,456,689,461,690,456,332,679,444,685,457
0,298,672,702,461,688,708,466,338,268,229,664,700,709,469,690,708,713,475,344,274,232,665,699,461,334,267,227,203,656,423,680,448,681,446,685,706,464,692,459,689
1,698,465,338,678,449,328,676,703,710,713,475,345,273,672,445,324,259,667,700,709,712,477,346,681,706,712,714,715,482,694,461,689,451,688,458,332,678,447,684,446
1,680,453,328,675,448,325,675,702,709,712,476,345,273,672,445,324,260,664,699,709,713,479,347,680,705,712,713,714,471,693,462,695,451,688,447,333,677,448,687,450
0,294,674,702,466,688,710,470,341,271,227,663,699,708,472,689,707,712,479,346,273,231,667,701,465,337,268,227,202,661,431,679,439,684,451,683,706,468,688,450,686
0,390,683,705,471,692,708,473,344,271,230,663,700,708,474,692,708,713,481,348,276,232,667,701,467,338,269,228,203,660,430,679,441,684,453,687,706,469,688,450,687
1,696,454,332,656,440,322,673,702,710,712,481,348,274,670,426,319,258,668,700,709,711,471,343,678,704,712,713,714,475,693,465,690,459,687,449,327,675,438,684,452
0,295,671,702,457,688,707,474,344,272,230,666,700,708,464,691,708,712,471,342,271,230,665,700,457,332,266,226,201,658,433,681,446,683,456,686,706,472,691,458,685
0,385,681,705,462,690,707,464,337,268,226,666,699,709,466,690,710,712,473,343,272,231,666,700,459,333,268,227,201,658,434,681,448,683,442,685,706,460,690,458,685
1,696,463,335,679,446,325,676,703,710,712,471,343,272,672,442,323,259,667,700,708,711,475,344,681,705,712,713,714,480,694,459,689,461,690,456,332,678,445,684,443
1,680,450,328,676,443,324,675,702,709,710,473,344,272,671,443,323,259,665,700,708,712,476,346,680,704,711,713,714,482,694,460,689,450,687,456,332,678,446,683,446
1,680,452,328,675,446,324,674,702,709,712,475,345,273,671,444,324,259,665,699,708,711,477,346,680,704,710,713,714,482,694,460,687,451,687,458,333,677,448,682,447
1,679,439,322,672,447,324,674,701,708,711,476,344,274,671,446,323,259,664,699,707,686,467,340,677,704,710,713,713,472,692,462,690,455,687,459,334,676,448,686,451
1,679,441,322,672,434,318,672,700,709,711,477,345,273,669,433,317,256,664,699,707,711,468,341,677,704,712,712,713,473,692,463,690,456,687,447,327,675,448,685,452
0,294,672,703,468,689,706,472,342,270,229,661,698,708,475,690,708,711,469,341,271,229,665,700,466,338,268,228,203,658,431,678,441,683,453,686,705,470,691,455,686
0,392,682,704,473,690,708,474,343,271,228,665,700,708,476,691,708,712,470,342,271,229,664,700,471,338,268,227,202,658,433,681,445,683,455,686,705,471,690,455,687
0,383,681,704,461,689,707,475,343,272,230,665,699,708,465,690,708,712,471,342,270,228,664,699,457,333,266,225,201,657,433,680,446,682,443,685,704,472,690,457,687
1,697,461,336,678,446,324,676,702,709,712,471,343,272,672,442,323,258,666,700,708,710,474,344,680,705,710,713,714,479,694,458,688,460,689,454,330,677,443,683,438
1,680,450,326,675,444,323,673,701,709,711,472,343,271,671,443,322,259,665,699,707,711,475,345,679,705,710,712,713,480,694,459,687,448,687,455,331,677,445,683,443
0,290,668,700,462,686,706,466,338,268,228,662,699,709,468,688,707,711,476,345,273,229,662,699,461,335,267,225,206,655,423,677,448,684,450,684,704,463,688,459,688
1,696,465,337,677,450,326,674,702,709,712,476,344,272,670,445,324,259,664,698,707,710,478,345,679,704,710,712,714,471,692,461,687,451,686,458,332,676,448,685,450
1,679,440,322,673,434,317,671,700,708,711,477,344,273,669,446,324,262,663,698,707,710,468,341,676,704,709,711,713,473,691,463,690,454,687,459,333,675,449,685,452
1,678,442,322,672,435,317,671,699,708,711,478,345,274,668,433,317,253,667,699,707,710,468,341,676,703,710,712,710,476,690,463,689,456,686,448,327,674,435,683,451
1,681,446,324,671,436,318,670,700,707,711,468,340,270,667,434,318,255,666,698,707,710,470,340,676,704,709,711,713,475,691,452,688,456,686,449,327,673,436,683,452
0,294,670,700,456,686,705,473,342,270,229,664,699,707,464,689,706,710,470,342,271,228,664,696,457,333,264,225,201,656,432,679,446,682,443,684,704,471,689,456,685
1,696,460,334,677,445,323,675,702,708,711,470,341,270,671,440,321,258,665,699,707,710,473,342,680,704,710,712,713,478,691,454,686,459,687,454,330,677,443,682,456
1,680,448,326,674,444,323,674,700,708,711,471,343,270,670,441,321,259,664,698,706,710,475,344,679,704,709,712,712,479,693,458,687,460,688,455,347,677,443,677,442
0,290,667,699,461,685,705,465,337,268,227,662,698,706,467,687,706,710,474,344,272,234,662,698,459,334,265,226,201,654,421,677,447,684,448,683,704,463,687,459,687
0,387,679,703,465,687,710,467,339,268,228,662,698,707,469,687,706,710,475,344,273,229,661,698,461,336,266,226,201,659,427,678,450,684,450,683,703,465,687,448,686
0,388,682,703,468,687,706,468,340,269,228,662,698,706,470,688,706,710,477,344,273,230,666,699,463,335,266,226,202,659,428,678,438,683,450,682,704,465,687,449,687
1,695,454,331,673,437,319,671,700,708,710,477,346,273,668,433,316,255,663,697,707,710,468,341,677,703,709,712,713,473,691,463,689,455,685,447,326,673,449,684,451
1,681,445,325,671,436,317,671,694,707,710,467,339,270,667,433,317,255,666,698,707,711,469,341,676,702,708,711,712,475,691,462,688,456,686,448,327,673,437,682,452
0,293,669,700,456,687,705,472,342,270,228,664,698,707,463,688,706,710,469,341,271,229,663,699,455,331,265,225,200,662,432,680,442,681,441,683,703,470,689,455,685
1,695,460,334,677,444,324,674,695,708,711,469,342,271,671,440,321,257,665,698,707,710,473,343,679,695,708,712,712,477,690,454,687,457,688,453,330,677,442,682,455
0,295,669,699,459,686,704,463,337,267,227,662,698,707,465,687,706,710,471,342,259,228,662,698,457,328,265,226,200,655,419,678,445,681,443,682,712,459,688,456,687
0,387,678,703,464,687,704,465,337,268,228,662,698,707,467,688,706,711,474,344,272,230,661,698,459,333,265,225,201,654,420,678,447,683,447,682,704,463,687,458,687
1,695,465,335,675,448,324,673,701,708,711,474,343,271,669,444,322,259,664,698,707,710,476,345,678,703,710,712,712,470,691,459,687,450,685,457,330,675,445,682,446
0,291,671,699,463,685,704,467,339,268,228,660,696,707,470,687,705,711,476,345,273,230,665,698,463,336,267,226,202,658,427,677,437,682,449,682,703,465,686,448,685
0,388,681,703,468,690,704,471,340,272,228,661,698,707,470,690,706,711,478,347,273,230,664,698,464,337,267,228,201,659,429,677,438,681,451,685,708,468,686,449,684
1,694,455,331,673,437,319,671,700,707,710,478,346,273,668,433,317,255,666,698,706,710,469,341,676,703,709,711,713,474,690,463,689,456,685,447,326,673,435,682,448
1,680,445,325,671,436,318,668,698,707,710,467,340,269,667,433,317,255,666,697,707,709,470,342,675,702,708,711,712,475,690,452,687,455,684,448,327,672,436,682,452
1,680,446,325,674,440,320,674,700,711,710,469,339,270,670,440,320,257,665,698,706,709,471,341,678,703,709,712,712,476,689,453,686,458,687,453,328,672,437,681,453
0,293,669,699,458,686,705,462,336,266,227,662,698,706,465,687,705,710,471,342,271,229,662,697,457,332,265,225,201,655,419,677,444,679,443,682,703,462,687,456,687
1,694,462,333,675,445,325,675,701,708,711,472,343,270,669,441,321,257,664,698,706,709,474,343,678,703,710,711,712,478,693,457,686,448,685,454,330,675,444,681,443
1,677,449,326,672,444,323,672,700,707,710,473,343,271,669,442,322,258,663,697,706,709,475,345,677,703,709,711,712,480,692,459,686,449,685,455,331,675,445,681,444
0,290,666,699,461,684,704,466,338,268,227,660,697,705,468,686,705,710,475,343,272,230,660,696,460,335,266,226,201,657,426,677,450,682,449,682,703,464,686,446,685
0,388,681,702,468,689,706,470,340,269,228,660,697,706,470,690,706,710,477,346,272,230,664,698,463,336,266,226,201,657,428,676,438,681,451,684,703,466,686,448,681
1,694,454,329,673,436,319,671,699,707,710,476,345,273,667,433,317,255,666,698,706,709,468,340,676,701,709,711,712,473,690,464,688,455,685,447,326,672,434,682,450
0,293,669,699,467,687,705,471,341,270,229,664,697,706,474,688,705,709,468,340,269,228,663,698,466,338,268,226,201,656,431,679,443,681,452,682,703,470,689,454,684
1,695,457,333,677,443,322,670,700,707,710,468,340,270,670,438,319,257,665,698,706,709,470,342,679,703,709,711,712,475,691,452,686,458,687,452,328,672,437,681,453
0,294,672,699,456,685,704,462,336,267,226,663,697,706,465,688,705,711,470,342,271,229,661,698,456,332,264,224,202,654,432,678,446,680,442,682,702,460,689,456,683
0,383,678,702,462,686,705,464,337,267,226,662,697,706,465,687,705,710,472,342,270,229,661,697,458,333,265,225,201,654,419,677,445,683,446,682,703,461,687,457,687
0,386,677,702,464,687,705,465,337,268,226,661,697,706,467,686,705,712,474,343,272,229,660,697,459,332,265,226,201,653,420,676,447,683,447,682,703,462,686,456,687
1,695,464,336,675,448,325,673,700,707,710,474,344,272,668,443,323,258,663,697,706,709,476,344,677,703,708,711,712,469,691,460,685,449,684,456,331,674,445,684,448
1,678,439,321,674,446,323,671,699,706,710,473,344,273,668,444,322,258,663,697,706,709,466,338,675,702,709,711,712,471,690,460,689,453,685,457,332,674,446,683,449
0,292,670,699,464,687,706,469,340,269,228,659,696,706,471,690,706,710,477,346,272,230,663,698,463,336,267,226,201,657,428,676,439,680,450,684,703,466,686,450,692
0,390,680,702,470,688,705,471,342,269,227,663,698,706,473,689,706,710,468,340,269,228,663,698,465,336,267,226,202,656,430,680,431,681,452,684,704,469,689,453,684
1,695,457,331,676,442,322,670,700,707,709,467,340,269,670,437,319,255,665,698,706,709,471,341,679,702,708,711,712,475,690,451,685,456,687,451,329,672,437,680,451
1,680,446,324,679,441,320,673,698,707,708,468,338,269,669,438,319,256,664,698,706,709,471,342,678,703,709,711,711,476,688,453,686,458,687,453,329,675,441,680,453
0,293,669,699,459,684,703,462,337,267,227,662,695,705,465,687,705,709,471,341,271,228,661,696,457,332,263,225,200,654,419,676,444,679,442,681,702,460,686,456,686
0,385,677,702,463,685,704,465,338,268,226,661,697,706,466,687,705,711,473,343,272,229,660,697,458,332,265,225,201,653,420,676,446,682,447,682,703,462,686,457,686
1,694,463,335,674,447,325,672,700,720,710,468,343,270,669,443,322,258,662,698,705,709,476,344,677,701,708,711,712,469,690,459,685,448,684,455,330,674,445,684,448
1,677,438,320,671,444,324,670,700,707,709,474,343,271,672,443,322,258,661,696,705,709,465,339,676,702,708,711,711,470,689,460,688,452,685,457,332,673,446,684,448
0,292,670,699,464,687,705,468,339,269,228,659,696,705,470,688,703,710,477,345,273,229,663,699,462,335,266,230,200,656,426,676,437,680,450,684,703,467,686,447,684
0,389,680,703,469,688,704,471,341,270,240,659,696,705,472,688,705,709,467,339,269,228,663,698,464,336,265,226,201,656,429,675,439,680,451,683,703,468,688,451,684
0,390,679,702,459,687,706,472,341,269,228,663,696,706,461,688,706,710,468,340,269,227,662,697,453,330,271,224,200,655,431,679,443,680,453,684,703,469,681,452,683
1,695,459,332,675,442,322,674,700,707,711,468,340,269,669,438,319,258,665,697,705,709,471,341,678,702,708,710,712,475,688,452,685,457,686,452,328,676,441,681,453
0,293,668,698,456,683,704,462,335,267,226,662,696,705,464,688,705,709,471,342,271,228,661,697,456,332,265,225,202,654,417,676,443,679,443,681,702,459,686,455,685
0,385,678,702,462,686,705,464,337,267,226,661,697,706,466,687,705,709,472,342,271,229,660,697,458,331,265,223,200,653,419,676,445,683,446,682,702,461,686,457,687
0,386,677,699,464,685,705,465,339,267,227,660,697,705,467,685,705,709,473,343,271,229,660,696,459,332,265,225,201,652,421,676,446,682,448,681,702,462,686,459,687
1,695,452,328,673,447,324,672,700,707,710,473,343,271,667,443,322,258,662,697,705,709,465,338,676,701,709,711,711,469,690,459,688,452,684,456,331,673,446,683,448
1,677,438,320,670,433,315,669,698,706,709,475,343,271,666,430,316,254,660,696,706,709,465,338,675,701,709,710,713,470,689,460,688,453,684,445,324,672,446,682,449
0,292,667,699,465,687,704,469,340,269,227,658,696,705,471,689,705,709,466,339,268,228,662,697,463,336,266,226,201,656,429,675,438,680,450,684,702,467,688,452,684
1,696,458,332,672,437,317,669,699,706,710,466,339,268,665,432,315,254,662,697,705,708,470,340,673,701,708,711,712,472,688,450,686,455,684,446,324,672,434,680,450
0,292,668,698,456,685,704,472,341,270,227,662,697,706,462,687,705,709,468,340,269,228,662,697,454,327,263,223,200,654,430,678,444,680,440,682,702,470,687,454,683
1,694,459,333,675,443,323,672,699,706,709,469,340,270,670,439,319,257,664,696,703,708,471,341,678,702,701,710,712,476,691,456,686,458,686,453,330,674,442,682,441
1,677,447,324,672,442,321,671,699,706,709,470,341,270,668,440,320,257,663,697,705,708,473,342,677,703,708,710,711,477,691,457,685,447,684,453,329,674,442,679,442
1,677,449,324,671,441,322,671,698,706,709,472,341,270,667,440,321,257,662,696,705,708,475,344,676,702,707,710,711,479,691,457,685,447,684,454,330,674,444,680,443
1,676,449,326,671,444,322,670,698,706,708,473,342,270,667,443,322,258,661,697,705,708,476,344,676,701,707,710,711,469,689,459,684,448,683,456,331,674,445,683,446
0,291,670,698,463,687,704,468,338,268,227,659,695,703,469,685,705,709,475,344,271,230,663,697,462,335,266,225,200,656,426,676,436,680,449,680,701,464,685,447,683
1,693,452,329,672,436,317,669,698,706,709,476,344,272,666,431,316,253,664,696,705,708,466,339,674,701,708,709,711,471,685,461,687,454,683,445,322,673,433,681,447
1,678,443,323,669,434,318,668,698,704,709,465,338,267,664,432,315,254,664,696,705,708,468,339,674,701,706,709,711,473,689,449,685,453,683,446,325,671,434,680,450
0,292,667,698,455,685,690,471,339,269,228,662,696,706,462,687,705,693,467,340,268,228,662,697,454,329,266,223,200,654,430,678,443,680,440,680,701,468,688,453,683
1,694,458,333,675,443,322,673,699,707,709,468,340,272,668,438,319,256,663,696,705,708,471,341,677,702,708,710,711,475,688,452,685,457,686,452,328,675,441,681,453
0,294,668,698,456,685,703,463,335,267,224,661,696,705,463,685,704,709,468,343,270,227,659,697,456,332,264,225,200,653,418,676,444,678,442,681,710,460,686,456,686
0,385,677,701,462,685,704,464,337,267,226,660,696,705,466,686,704,708,472,343,270,229,659,696,457,332,264,225,200,652,419,676,445,682,446,681,702,461,686,457,686
1,693,462,336,674,446,323,672,699,706,709,472,342,269,668,442,321,257,662,696,706,708,475,343,676,701,708,710,711,467,690,457,684,448,685,455,330,673,445,683,447
0,290,669,698,462,683,703,466,338,267,227,659,696,705,468,685,705,709,475,343,270,229,662,698,461,335,266,225,201,657,427,675,435,679,448,681,701,463,684,447,683
1,693,452,329,672,434,316,669,698,707,710,475,344,272,667,430,316,254,660,696,705,708,467,338,674,701,707,711,711,470,689,460,688,453,684,445,324,672,446,682,449
1,679,443,323,669,434,316,668,697,705,708,464,337,268,664,431,315,253,663,696,704,709,468,339,674,701,707,711,710,473,689,462,687,455,684,446,325,667,435,680,449
0,291,668,698,454,684,703,470,340,269,227,662,696,705,461,686,704,709,467,339,269,227,661,697,453,329,263,224,199,654,430,678,443,679,439,682,702,468,688,453,683
1,695,457,332,674,441,321,673,700,707,709,467,340,268,668,437,320,254,663,717,705,708,471,340,677,702,708,710,711,474,688,452,685,456,686,477,329,675,441,681,453
1,679,447,324,672,441,320,671,699,706,709,469,340,269,668,439,319,256,663,695,703,708,472,342,676,702,708,710,711,477,691,455,685,458,685,453,329,674,441,681,441
0,288,665,698,457,683,703,460,334,266,228,660,695,704,450,685,704,711,472,341,270,228,651,696,457,331,263,224,199,651,418,673,446,682,446,681,702,461,685,457,685
0,385,676,701,463,685,704,465,337,267,226,660,695,704,467,685,704,709,473,343,270,229,659,696,458,332,265,224,200,652,421,675,446,682,447,681,702,462,685,457,684
0,386,680,703,465,684,704,477,338,268,226,659,696,705,468,685,704,709,475,343,271,229,664,697,461,334,265,225,200,656,425,676,435,680,447,680,701,463,685,446,683
0,386,680,701,467,686,705,468,339,268,227,659,695,704,472,689,705,708,476,344,272,229,663,698,463,334,266,226,201,656,427,675,437,680,449,683,702,465,685,448,684
1,693,453,330,672,436,318,669,698,706,709,476,344,272,666,431,315,254,665,696,705,708,467,339,674,700,708,710,711,472,688,462,687,454,683,448,324,671,434,680,449
0,292,668,698,468,686,704,470,339,269,229,663,697,705,472,688,705,708,468,340,269,227,663,697,465,336,267,226,201,655,430,678,439,680,453,683,702,468,688,453,684
0,380,677,701,458,686,704,460,335,266,226,662,696,705,462,686,704,708,468,340,269,228,661,697,454,330,263,224,199,652,430,678,443,679,440,682,701,469,687,454,683
1,693,458,333,675,443,322,673,699,708,709,468,340,270,669,441,320,256,663,695,704,708,470,350,678,702,708,709,711,467,691,455,685,458,686,452,328,674,440,680,441
1,677,447,326,671,441,321,671,699,706,708,470,340,269,668,439,320,256,662,696,705,708,473,342,676,701,707,710,711,482,691,456,685,446,684,453,328,674,442,680,441
1,676,448,325,671,443,320,671,698,705,708,471,341,270,667,440,320,257,661,696,705,708,473,343,676,702,707,709,711,479,690,458,684,447,684,455,329,673,443,679,443
0,288,665,697,459,682,703,464,337,267,225,659,695,705,467,686,704,708,473,343,271,227,659,696,459,333,264,226,200,658,424,675,449,681,448,681,702,461,685,445,683
0,387,679,702,466,687,700,468,339,268,227,658,696,705,469,687,705,709,476,344,272,229,663,697,462,335,265,225,200,656,426,675,436,680,448,683,702,465,685,447,683
0,387,679,701,468,687,703,469,339,268,227,658,695,704,472,688,705,709,465,339,268,226,662,697,463,335,265,226,200,665,427,675,437,680,449,683,702,467,688,451,683
1,695,456,331,671,437,319,667,698,705,708,465,338,268,665,431,315,253,664,696,705,708,468,340,673,701,707,709,711,472,688,449,685,454,683,446,325,671,434,680,450
0,292,668,697,455,684,702,471,340,269,227,662,696,705,461,687,703,708,468,338,269,227,661,697,453,329,261,224,200,654,429,678,443,679,439,681,702,468,688,453,682
0,381,677,701,459,686,704,461,335,266,225,661,695,705,463,687,704,709,470,340,269,228,660,696,455,330,263,227,200,654,431,677,443,679,441,682,701,459,685,454,682
1,694,460,332,675,444,323,672,699,706,709,469,341,269,668,439,320,256,663,696,704,708,472,341,677,701,708,710,711,477,691,456,685,445,684,452,328,674,442,680,441
1,676,448,325,672,442,321,670,698,706,709,471,340,270,667,441,320,256,662,696,703,709,474,342,676,701,707,709,711,479,690,457,684,446,684,454,328,674,443,678,443
1,675,449,325,671,444,320,670,698,706,708,472,341,270,666,442,320,257,661,693,704,707,475,343,675,701,707,709,711,468,689,458,684,448,683,454,329,673,444,683,446
1,676,437,319,669,445,320,668,697,706,708,474,346,271,666,443,320,259,661,695,704,707,464,339,674,701,707,709,711,469,689,459,687,452,683,457,330,672,446,682,448
1,676,438,319,669,431,315,668,697,705,708,474,343,271,665,430,314,253,659,695,704,707,466,338,674,700,707,710,711,470,688,460,686,453,683,445,324,671,446,681,449
0,292,669,698,465,686,704,469,339,268,228,662,696,704,471,687,704,707,466,338,268,227,661,696,463,335,263,225,201,654,430,678,441,679,451,682,702,468,687,451,683
1,693,456,330,675,440,321,669,698,705,709,466,339,268,669,435,318,255,663,696,704,708,469,340,677,702,707,710,710,473,688,449,684,455,685,450,327,670,435,679,450
0,290,666,696,456,683,703,456,333,265,225,661,696,704,462,686,702,708,468,339,269,227,659,695,454,330,261,224,199,653,430,677,442,679,440,680,701,457,685,454,682
1,693,458,332,674,444,322,671,699,706,709,469,339,270,667,438,319,256,663,696,704,708,471,341,676,702,708,710,711,476,689,456,684,458,685,453,328,674,441,680,441
0,288,665,697,458,683,702,462,335,266,226,659,695,704,464,686,704,708,471,341,270,228,659,696,457,331,264,224,200,651,418,675,445,681,445,680,701,460,685,456,685
0,386,676,701,462,684,704,465,337,267,226,659,695,702,466,685,703,709,473,343,271,227,659,696,458,333,264,223,200,656,423,676,446,681,447,680,701,462,689,444,683
0,385,679,701,465,685,703,466,338,267,226,659,695,704,468,685,704,708,474,342,270,228,663,696,461,334,265,224,200,656,425,675,435,679,447,680,701,463,684,446,683
0,386,679,701,466,688,704,468,344,267,226,658,695,704,469,688,705,709,477,344,272,229,663,697,462,335,263,225,201,656,426,674,436,679,448,684,702,465,684,447,683
0,388,680,701,468,687,704,469,339,269,227,658,695,704,470,688,702,709,465,339,267,227,661,697,463,335,266,225,200,655,428,675,437,680,448,683,702,467,687,450,683
0,389,679,700,457,686,703,470,340,268,227,662,697,705,461,687,704,708,467,339,269,227,662,697,453,328,262,224,199,654,429,678,442,680,452,682,702,468,687,453,683
1,694,457,331,675,441,301,672,710,706,709,467,339,269,668,437,318,255,664,696,704,708,470,340,678,701,707,710,711,474,687,451,685,455,686,453,327,674,439,680,452
0,293,667,698,456,684,703,460,334,265,225,660,695,704,463,686,704,708,470,340,269,227,660,696,455,330,263,224,200,653,417,676,442,678,441,680,701,458,685,454,685
0,384,675,701,447,684,704,462,335,267,226,660,697,704,464,684,704,708,472,341,270,219,660,695,456,331,264,214,200,653,419,675,444,681,444,681,700,460,685,459,686
1,693,461,335,673,445,323,671,699,706,709,471,341,270,667,440,320,257,661,696,704,709,474,342,676,701,704,710,711,479,691,458,684,447,683,454,329,672,442,679,442
1,675,436,318,670,441,321,669,698,705,708,472,342,270,667,442,321,256,661,695,705,708,464,337,675,701,707,710,710,468,689,457,687,450,683,456,330,673,445,682,447
1,675,436,319,669,431,314,668,697,705,708,475,343,271,666,429,313,254,659,695,704,707,465,337,674,700,707,709,711,469,689,459,687,452,684,444,323,671,445,682,448
1,675,439,320,668,432,315,667,697,705,708,475,343,271,665,430,314,254,663,695,704,708,466,338,674,701,707,709,710,471,688,458,686,453,683,445,324,671,433,680,448
1,678,442,322,668,433,315,668,696,705,708,465,338,267,664,431,314,253,663,695,704,707,467,339,673,701,707,709,711,472,688,449,685,455,682,446,325,670,434,681,451
0,291,667,697,454,683,702,470,340,268,228,661,696,704,461,686,704,707,468,339,268,227,661,696,453,329,262,223,199,653,428,677,442,679,440,680,701,464,686,454,682
0,380,674,701,459,685,703,460,335,266,226,660,696,705,452,685,704,708,469,340,269,226,660,696,455,331,263,224,199,652,417,676,442,678,440,680,701,457,685,453,681
0,381,676,700,460,684,704,462,336,266,226,659,696,704,465,686,704,708,471,342,270,226,659,695,455,330,264,223,199,652,417,676,444,682,444,681,701,460,685,455,685
0,384,676,700,462,685,704,463,336,267,226,659,697,704,465,685,703,708,472,342,270,227,659,695,456,331,265,224,200,652,420,675,445,681,445,681,702,461,685,457,685
0,386,676,700,463,684,703,465,337,266,225,659,691,704,467,686,712,708,474,343,271,228,659,695,458,333,265,224,198,657,424,675,447,681,446,680,703,463,685,445,683
0,386,679,701,465,684,704,466,338,267,227,659,695,704,468,685,704,709,475,343,270,229,663,697,461,334,265,225,201,656,426,675,436,680,447,680,701,464,684,446,683
1,691,452,329,671,434,316,669,698,704,709,476,342,271,666,431,316,253,664,704,705,708,467,339,674,701,708,709,715,471,688,460,687,453,683,444,324,665,432,681,448
0,291,668,698,464,686,703,469,338,268,227,662,696,704,471,688,704,708,466,339,268,227,661,696,463,335,266,225,200,656,428,678,441,680,450,681,703,468,687,452,683
0,379,677,700,457,685,703,471,340,269,228,662,696,705,461,687,704,709,467,339,268,227,661,696,453,328,262,223,199,653,429,678,442,679,439,681,701,468,687,453,682
1,698,457,332,675,442,322,671,699,706,708,467,339,269,669,436,326,256,662,696,704,708,470,340,676,701,707,710,711,475,687,452,684,457,686,451,328,675,440,680,452
1,677,447,324,671,440,319,671,698,705,708,468,340,269,667,438,319,255,662,696,704,707,471,341,676,704,707,709,711,476,690,455,684,458,685,453,328,673,441,679,440
0,287,665,697,457,683,702,462,335,266,226,658,695,704,465,685,704,708,471,342,270,228,658,695,457,331,264,223,200,652,418,675,444,681,445,681,701,460,685,456,684
0,385,676,700,463,684,703,464,337,266,226,659,696,705,466,685,703,708,473,341,270,228,659,695,458,332,264,224,200,656,424,675,446,682,447,680,701,461,684,444,684
0,387,679,702,465,684,703,466,337,267,226,658,695,704,468,685,703,708,474,343,270,228,662,697,461,334,265,225,201,656,425,675,435,679,446,680,700,463,684,446,683
0,386,679,701,465,688,704,468,339,268,226,658,695,704,469,688,705,708,476,345,271,227,662,696,462,334,265,225,201,655,427,674,436,680,449,683,702,465,684,447,683
1,695,454,330,671,435,317,668,699,706,709,464,337,267,665,430,314,253,664,696,705,707,467,338,674,700,707,709,710,471,688,461,686,454,682,445,324,671,433,681,449
0,288,668,697,452,684,702,469,338,269,226,662,696,704,461,686,704,708,467,339,270,227,661,696,452,328,261,223,199,654,428,677,442,680,438,681,702,467,687,452,683
0,380,677,701,458,685,704,460,334,265,225,661,694,704,462,686,704,709,468,339,268,227,660,696,454,329,262,223,199,653,430,677,443,678,440,681,701,457,685,453,682
0,380,676,701,459,685,703,461,335,265,224,659,695,704,462,686,704,708,470,340,269,227,660,697,454,330,263,222,199,653,416,676,443,679,440,681,701,458,685,455,685
1,694,460,334,674,443,322,671,699,706,708,470,340,269,667,439,320,256,662,696,705,708,475,341,676,701,707,710,711,478,691,455,684,445,683,452,328,679,442,679,441
1,687,448,323,671,442,321,670,698,705,707,470,340,269,667,441,320,256,662,695,704,708,474,342,675,701,707,710,711,478,690,458,684,447,683,454,328,672,443,679,443
0,287,668,697,461,683,702,464,336,266,224,659,695,704,467,685,703,707,475,338,269,226,663,696,460,333,265,224,200,656,425,675,434,690,446,679,701,460,684,445,682
0,386,678,701,465,688,704,468,338,268,227,658,695,704,468,688,704,708,475,344,271,228,663,696,461,334,265,225,200,655,426,675,436,680,448,683,701,464,684,448,683
0,390,674,701,467,687,704,470,340,268,226,657,694,704,469,688,705,709,465,338,267,226,658,696,463,333,266,226,199,656,427,675,436,669,450,683,702,466,687,451,680
0,388,679,701,469,687,704,471,339,269,227,662,696,704,472,688,704,709,466,338,267,227,661,696,463,332,265,226,200,654,428,677,438,680,450,682,702,468,687,452,682
0,380,678,700,458,686,704,459,333,264,226,661,696,704,462,686,704,708,468,339,268,226,660,695,453,328,262,222,199,654,429,677,442,679,440,681,701,468,687,453,682
0,380,677,701,459,685,704,460,335,265,225,660,696,704,462,686,704,708,470,340,268,227,660,705,455,329,263,223,199,652,417,675,442,678,439,680,701,458,685,454,685
0,382,678,701,460,685,704,462,335,266,225,660,696,704,464,685,704,709,470,341,269,227,659,696,456,331,263,223,199,652,418,675,443,681,444,680,701,459,685,455,685
0,385,676,701,463,685,704,463,335,267,225,659,695,704,464,685,703,708,471,341,270,228,659,695,456,331,264,224,200,651,419,676,447,681,445,679,701,461,684,431,684
0,385,676,700,463,684,703,465,337,267,226,659,695,704,467,685,703,709,473,342,270,228,658,696,459,332,262,224,200,657,424,675,447,681,447,681,701,461,685,445,684
1,692,451,327,672,433,316,668,699,705,709,473,342,270,666,429,313,254,663,695,704,707,464,336,675,700,706,710,710,469,686,459,687,452,683,443,323,671,445,682,447
0,290,668,698,464,687,703,468,338,268,226,658,696,701,469,688,705,709,465,338,266,226,662,696,462,335,265,225,200,655,427,675,437,679,448,683,702,466,687,450,684
0,388,679,701,468,687,704,470,339,269,226,662,696,708,471,688,704,711,466,338,268,226,661,696,464,335,265,225,200,654,428,678,441,679,451,682,701,467,687,452,682
1,693,456,330,675,440,321,669,698,705,708,465,338,268,669,436,317,255,662,696,704,708,468,340,677,700,707,711,710,473,687,451,684,454,685,450,326,670,433,680,451
0,292,667,698,455,683,702,460,333,264,224,660,695,704,462,686,703,708,468,339,268,227,660,696,454,330,263,223,199,652,430,677,443,678,440,680,701,457,685,453,682
0,380,676,700,460,684,703,462,335,265,225,660,696,705,463,686,703,708,470,341,269,227,659,696,456,330,263,224,200,653,416,675,443,682,443,681,701,458,685,455,685
0,384,676,701,461,686,704,464,336,266,225,660,695,704,465,685,704,709,472,340,269,228,659,695,456,332,264,223,200,651,418,675,444,681,445,680,701,456,685,456,685
1,693,461,334,673,446,323,671,699,704,708,471,341,270,667,442,320,256,661,695,704,708,474,343,675,701,707,709,711,467,689,457,684,447,683,454,328,672,444,682,446
1,676,437,318,669,444,320,669,698,706,709,473,340,270,666,442,320,258,660,691,703,707,464,337,674,700,707,709,710,468,688,458,686,450,683,457,330,672,444,683,447
0,290,668,697,463,686,703,467,338,267,226,658,695,703,469,688,704,708,476,344,271,228,661,696,462,334,265,225,200,655,426,674,436,679,450,682,702,465,684,447,682
1,696,455,329,671,435,317,668,698,706,708,474,338,266,664,431,315,252,663,695,704,707,467,337,673,700,707,709,710,471,687,448,685,452,683,445,324,671,433,680,447
1,677,444,321,672,437,318,668,697,705,709,464,337,266,669,435,317,254,663,695,704,707,469,339,677,701,718,709,710,473,687,449,684,469,686,449,326,670,435,680,449
1,678,444,322,671,438,320,671,698,705,708,466,338,269,668,436,318,255,663,701,704,707,469,340,676,701,707,709,710,474,686,450,684,455,686,450,327,674,439,679,452
0,292,666,697,455,683,703,460,334,266,225,660,695,704,463,685,704,708,469,339,268,227,659,696,455,330,262,223,199,651,416,675,443,678,440,679,701,459,684,454,685
0,383,676,700,460,685,703,462,335,265,225,659,695,704,464,685,703,708,470,341,269,227,659,695,456,331,263,223,199,652,417,675,444,680,445,680,702,460,684,455,684
0,385,676,699,461,684,704,464,337,267,226,659,694,704,466,684,704,708,472,342,270,227,660,694,463,331,262,222,200,656,423,675,447,682,447,680,701,460,685,444,683
1,692,449,326,674,445,318,672,698,705,709,472,342,269,666,441,321,256,661,695,704,707,463,336,674,701,707,709,710,468,689,457,686,450,682,455,331,672,445,682,447
1,675,437,318,669,430,312,668,697,704,707,473,342,270,665,429,313,252,659,695,704,708,469,338,673,700,707,709,710,469,688,459,686,452,683,443,323,671,445,681,448
0,290,668,698,463,685,703,469,337,269,226,657,694,704,469,687,704,708,464,338,266,227,663,696,460,335,265,224,201,654,426,674,437,679,446,689,701,466,688,449,684
1,696,456,331,675,439,320,668,698,705,708,465,337,267,669,435,317,254,663,695,704,708,467,339,674,700,707,709,710,469,687,449,684,453,681,445,324,669,434,679,449
1,677,444,322,672,437,319,672,698,705,707,466,338,267,669,436,318,254,663,695,704,707,469,340,676,701,707,708,710,474,687,450,684,455,685,449,326,674,439,680,452
1,677,445,323,671,439,319,671,698,705,708,467,339,258,668,437,318,255,662,695,704,707,470,340,676,701,707,709,709,475,690,455,684,457,684,451,327,674,441,680,440
1,676,446,323,670,440,320,670,697,705,708,468,340,269,667,439,319,255,661,695,703,708,473,341,678,700,707,709,710,476,689,455,684,445,683,451,327,676,441,679,441
1,675,446,323,670,441,320,670,698,705,707,470,339,268,666,439,319,256,660,695,704,708,472,341,676,700,706,709,709,478,689,457,684,447,683,453,327,671,442,678,441
1,675,435,317,669,442,320,669,697,705,708,471,340,269,665,441,320,256,660,695,703,707,462,336,674,700,706,709,710,468,688,457,682,447,681,454,328,672,443,682,445
0,290,668,697,462,685,702,465,337,266,225,658,694,703,470,687,704,707,474,343,271,228,662,696,461,333,264,224,200,655,425,674,436,679,447,682,701,464,683,446,682
0,387,678,701,466,686,705,470,338,267,225,657,694,707,469,687,703,708,464,337,266,226,661,695,461,334,266,224,208,654,424,674,436,677,449,681,701,466,687,450,682
0,389,678,701,468,686,703,469,339,268,226,662,695,704,471,687,704,708,466,338,267,227,660,695,463,335,265,225,200,654,428,677,440,679,451,681,702,467,687,452,682
0,387,677,700,456,685,704,471,339,269,226,661,695,704,460,686,703,707,467,338,267,227,660,696,452,329,262,223,199,653,428,677,441,678,439,680,701,468,686,453,682
1,693,457,331,674,441,320,671,698,705,708,467,339,267,668,437,318,254,662,696,704,707,470,341,676,701,706,709,711,474,691,453,684,456,684,451,328,674,439,679,451
0,292,666,697,456,683,702,460,334,265,224,659,694,704,463,685,703,708,470,340,270,227,659,695,455,330,263,223,199,652,417,675,443,681,444,680,700,459,685,454,684
0,384,675,699,461,684,703,462,336,266,225,659,695,704,463,685,704,708,471,342,271,226,657,694,455,329,263,222,198,651,417,676,445,681,444,680,701,460,685,455,684
1,693,461,333,672,445,323,670,698,705,708,471,341,269,666,441,320,256,660,695,704,707,474,342,675,700,707,709,710,467,689,457,684,447,683,454,328,672,443,682,446
0,290,668,698,461,680,702,456,336,265,225,658,695,704,466,684,699,708,474,343,269,227,662,697,460,334,264,224,199,656,424,674,434,680,446,679,700,463,681,446,682
1,692,451,328,671,433,317,668,697,705,708,474,343,270,665,429,311,252,663,695,704,707,465,337,673,701,707,709,710,470,688,458,686,452,682,443,324,671,431,680,447
0,290,667,697,463,686,702,468,338,267,226,661,696,704,470,687,704,708,465,338,267,226,660,695,462,338,265,225,200,654,427,677,440,679,450,682,701,466,687,451,683
0,378,676,700,456,684,702,469,339,268,226,661,695,704,460,686,704,708,467,338,268,217,661,696,451,328,262,223,199,653,429,677,441,678,439,681,701,467,686,448,680
0,379,677,700,458,685,703,459,333,265,224,660,695,704,461,685,707,708,468,339,267,227,659,697,454,329,261,223,199,653,429,676,443,678,439,680,701,457,685,453,681
0,380,676,700,458,684,685,461,342,265,224,659,695,704,462,686,702,709,470,340,269,228,660,696,454,330,262,223,199,652,417,676,443,677,440,680,701,458,684,454,684
1,694,461,333,673,443,322,672,698,705,708,469,341,268,667,440,318,255,661,695,704,708,472,340,676,701,707,709,710,477,690,457,684,446,683,453,328,673,438,679,441
0,288,664,696,459,682,702,463,336,265,225,658,695,704,465,684,703,708,472,341,269,227,658,695,457,331,263,223,199,655,423,675,446,681,446,680,701,461,684,444,683
0,384,679,700,464,684,703,464,337,269,226,648,695,705,467,684,703,707,474,342,270,225,663,696,459,332,263,222,199,656,425,674,435,679,448,678,700,462,684,445,682
0,385,678,700,465,687,704,466,338,267,226,658,695,704,468,688,704,708,475,343,270,228,662,696,461,332,264,225,200,655,426,674,435,679,446,683,701,464,684,447,682
1,694,455,330,671,435,316,668,697,705,708,464,336,267,664,430,314,252,664,696,704,707,466,338,672,700,706,709,710,471,688,461,686,453,682,445,323,670,433,680,448
0,290,667,698,453,684,702,469,339,268,226,661,694,704,459,686,706,708,467,338,268,227,660,695,451,327,262,223,198,653,429,678,441,679,438,681,699,467,686,453,682
1,693,456,330,674,440,320,672,698,706,708,466,337,267,668,436,317,255,663,696,704,708,469,339,677,701,707,709,710,474,687,450,684,454,685,450,326,674,439,680,451
1,677,445,322,671,439,319,671,699,706,698,467,339,268,668,435,319,255,662,695,704,707,471,339,676,701,706,709,710,475,690,454,684,457,684,451,327,674,440,679,440
1,676,446,323,670,440,319,670,698,705,708,469,339,268,667,438,318,254,661,695,704,708,472,341,675,700,706,708,710,476,690,455,683,445,683,451,328,672,439,677,441
1,675,447,323,670,442,320,670,697,704,708,470,339,268,666,439,318,255,662,695,704,707,473,342,675,700,707,709,710,477,689,456,683,446,683,453,328,672,442,678,441
0,287,650,697,460,682,702,463,335,265,225,657,693,703,466,685,703,707,473,342,271,226,662,696,459,332,266,224,200,655,424,674,432,678,445,679,701,461,684,444,683
1,692,450,327,670,432,315,668,698,705,707,472,342,269,665,429,313,252,659,695,703,707,464,336,673,701,707,709,709,469,689,459,686,451,682,443,321,671,444,681,447
0,289,668,697,463,685,702,467,338,266,226,657,695,703,469,687,704,708,465,337,273,225,661,696,461,333,265,224,200,654,426,674,436,678,449,682,701,465,687,450,682
1,694,456,330,670,435,317,668,697,705,707,464,336,266,663,430,314,252,662,695,704,707,467,338,673,700,707,709,709,471,687,448,684,453,682,445,323,670,434,679,450
0,290,666,697,453,683,702,458,332,264,224,660,695,704,460,686,703,708,467,338,268,226,660,695,453,328,261,222,198,653,429,676,441,678,438,680,701,467,686,452,679
1,693,457,329,673,440,320,672,699,705,708,467,338,267,667,438,318,254,662,696,703,707,469,340,676,700,707,709,710,474,690,454,684,456,685,450,326,673,441,679,438
1,672,445,322,670,440,319,670,697,708,707,468,338,268,666,438,318,255,661,695,704,707,470,339,676,700,707,709,709,476,690,456,684,445,683,451,327,673,440,679,440
1,674,446,323,670,441,319,669,698,705,708,469,340,267,666,439,319,254,661,695,704,707,472,341,675,700,707,708,709,477,689,456,683,445,683,453,327,672,442,679,441
0,287,665,693,459,682,702,462,336,265,225,657,695,703,466,685,703,707,472,342,270,228,657,695,457,331,264,222,198,655,423,674,449,680,447,679,700,461,685,443,685
1,692,450,326,671,432,315,669,697,705,708,473,341,269,665,428,312,251,659,694,702,707,463,336,674,701,706,708,710,468,688,457,686,451,683,441,322,670,444,681,447
1,675,438,318,668,431,302,667,696,704,708,474,341,270,664,429,312,252,663,693,704,707,466,337,673,699,706,709,709,469,688,459,686,452,682,444,322,670,431,679,447
0,290,666,695,463,685,703,468,338,267,226,661,695,703,470,687,702,708,465,338,266,227,660,695,462,335,265,225,198,653,426,676,436,678,449,681,701,466,686,451,683
1,692,454,329,674,439,319,668,697,705,708,465,337,267,668,435,316,254,662,695,703,707,468,338,676,700,707,709,710,473,687,449,683,454,684,448,326,669,434,679,450
1,677,443,327,671,438,319,670,698,704,708,466,338,267,667,435,317,255,662,695,704,707,468,339,676,700,706,708,709,474,687,451,683,455,684,450,326,673,439,679,452
1,675,445,322,670,439,319,670,698,704,707,467,338,267,666,437,318,255,661,695,703,707,470,340,675,700,706,708,710,475,689,455,683,443,683,450,326,672,440,679,440
0,287,664,696,457,682,701,461,335,265,225,658,695,703,463,685,702,708,471,340,268,227,657,695,455,330,262,223,198,650,417,675,443,680,444,680,700,459,684,455,684
0,384,675,699,461,683,702,465,335,266,224,658,695,703,464,685,703,707,472,340,268,226,658,694,456,330,262,224,198,656,420,674,446,681,446,679,701,461,683,443,663
0,384,678,700,464,684,703,465,336,265,225,657,695,703,466,683,703,708,473,342,269,227,662,696,460,333,265,224,199,655,424,674,436,679,446,679,700,462,683,445,682
0,385,679,701,464,704,703,467,338,266,226,658,694,705,468,688,703,708,475,343,271,228,662,696,461,332,263,224,200,652,425,674,436,693,448,682,701,465,683,446,682
0,386,677,701,467,686,704,468,336,267,226,661,697,704,470,685,704,708,464,337,267,225,660,696,463,334,264,224,199,654,426,677,439,678,449,682,702,466,686,449,681
1,693,455,329,674,439,319,668,697,705,707,464,337,267,668,435,316,254,662,695,703,707,467,338,676,701,707,709,710,473,687,449,684,454,685,448,325,670,434,679,449
1,676,443,323,671,437,318,673,697,705,707,466,336,267,667,437,317,255,662,694,703,707,468,339,677,701,706,710,710,473,687,450,683,455,686,449,327,674,438,679,451
1,677,445,322,671,439,318,670,698,704,707,467,338,267,667,437,318,254,661,695,703,707,470,340,675,700,707,708,709,474,690,454,683,456,684,451,326,673,439,679,439
1,675,445,322,669,440,319,670,697,704,708,468,339,267,666,439,317,256,661,695,703,707,471,341,678,700,707,709,710,475,689,455,683,444,683,451,327,672,441,679,440
0,286,664,696,457,682,701,462,334,265,224,658,694,703,464,685,702,708,471,340,269,227,657,695,456,330,263,222,198,656,422,674,445,680,445,679,700,461,684,437,682
0,384,678,700,464,684,703,465,336,266,225,658,695,703,466,684,703,708,472,341,269,227,662,696,459,332,264,223,199,655,424,674,433,679,445,679,700,462,684,444,682
0,385,678,700,464,687,704,467,336,267,225,658,691,703,468,688,703,707,474,342,269,227,662,695,460,333,264,224,200,655,426,674,434,679,448,682,701,464,684,445,682
0,386,678,700,466,687,704,468,338,267,226,657,694,704,469,686,703,707,464,337,267,225,661,696,461,334,264,224,199,654,426,674,436,678,448,682,701,465,687,450,682
1,694,454,331,674,439,319,667,697,706,708,464,336,266,668,434,316,255,663,696,703,707,467,337,672,711,706,711,709,472,688,449,684,453,682,445,323,669,435,679,449
0,290,666,697,453,683,702,458,332,264,224,660,695,704,460,685,703,708,467,338,267,226,660,695,452,328,261,222,198,652,427,676,441,678,439,680,701,456,685,451,681
0,380,676,700,458,685,681,460,333,264,224,660,695,704,460,685,703,708,468,339,268,226,659,695,453,329,261,223,198,652,416,675,441,678,439,680,700,457,685,453,685
0,383,676,700,459,684,702,462,334,266,224,659,694,704,462,684,703,707,469,340,268,226,658,695,456,329,263,222,199,651,416,674,442,680,443,680,701,448,683,454,684
0,384,675,700,461,684,703,463,335,265,225,659,695,704,464,684,703,707,471,340,269,227,658,695,456,330,262,223,199,651,418,675,444,681,445,680,701,460,684,455,684
1,692,450,326,671,445,321,670,698,705,710,471,340,268,666,442,321,257,660,695,703,707,463,336,674,700,706,709,710,466,688,457,683,446,683,453,328,671,443,682,446
0,289,668,697,461,686,702,465,336,265,225,657,693,703,465,687,703,707,474,342,270,229,662,696,460,335,266,224,199,655,424,674,434,679,447,682,701,463,684,445,682
0,386,678,701,466,686,701,467,337,267,227,657,695,704,468,687,704,713,464,337,266,226,661,697,462,332,264,224,199,654,426,673,435,678,450,682,701,464,686,449,682
0,388,678,700,467,686,703,469,338,267,226,661,695,704,470,687,703,708,465,338,267,226,660,695,462,335,266,225,201,654,427,676,440,679,450,682,701,466,686,451,682
1,693,455,329,674,439,319,665,697,705,708,465,337,267,668,435,316,254,662,696,703,707,468,338,677,701,707,709,710,472,687,449,684,454,685,449,325,669,434,679,450
1,676,444,322,671,437,318,671,697,705,708,466,338,268,669,436,317,253,662,695,703,707,469,339,676,700,706,706,710,474,690,453,693,455,684,449,326,672,440,679,452
0,291,665,697,455,683,702,460,333,264,223,659,694,703,462,684,702,707,469,339,268,226,659,695,454,329,262,222,198,651,416,674,442,681,443,680,703,458,684,453,684
1,693,459,332,673,443,321,670,698,705,708,469,339,268,667,439,320,254,660,695,704,707,472,339,675,700,706,708,711,477,690,455,683,445,683,451,327,673,441,678,441
1,674,447,323,670,441,320,669,697,705,707,470,340,268,666,440,319,255,660,694,704,707,473,342,674,700,706,708,710,467,688,456,682,446,682,452,327,672,443,681,445
1,675,435,317,668,431,320,668,697,704,707,473,341,268,666,440,320,256,660,695,704,707,464,335,673,699,706,709,709,468,688,457,685,449,682,454,328,671,445,681,446
0,289,668,697,462,685,702,466,337,266,225,656,694,703,467,687,703,707,463,336,267,225,660,695,461,333,264,222,198,654,425,673,435,677,460,681,701,463,687,449,683
1,694,453,330,670,435,316,668,698,704,707,463,335,266,663,430,313,252,662,695,703,707,466,337,672,699,706,709,710,470,687,447,684,452,681,444,323,669,432,679,447
1,677,442,321,671,436,317,666,697,704,707,464,336,267,668,435,316,253,662,695,703,706,467,338,677,700,706,710,709,472,686,449,684,453,685,447,326,669,434,679,449
1,677,444,321,671,437,318,670,697,704,708,466,337,267,668,435,317,254,662,695,703,707,469,339,676,701,706,709,709,473,687,449,683,454,684,449,326,673,438,679,451
1,677,445,321,670,438,318,669,698,704,707,467,347,267,667,439,318,254,661,695,703,705,470,339,675,700,706,708,708,475,690,454,683,456,683,450,327,673,440,679,439
0,286,664,695,456,682,702,461,333,265,224,658,694,703,463,684,703,707,470,340,268,226,657,694,455,329,261,222,199,650,416,674,443,680,443,679,700,459,684,454,684
0,384,675,698,461,683,703,463,335,265,224,658,694,702,464,684,702,707,470,340,268,226,658,694,456,330,262,223,200,655,423,673,444,680,445,679,700,460,684,442,682
1,692,447,326,671,444,321,666,697,704,708,471,340,270,665,441,320,256,659,694,703,707,463,336,674,699,707,709,710,467,688,457,686,449,682,455,329,671,443,682,446
0,290,668,696,461,685,702,466,337,266,225,657,692,703,468,687,703,708,474,342,270,228,661,696,460,333,264,224,199,654,425,673,435,678,447,682,700,463,683,445,681
1,691,451,327,670,433,316,667,696,705,707,459,335,267,663,428,314,251,663,695,704,706,465,335,673,700,706,708,710,470,687,459,685,452,682,444,323,670,430,679,447
0,289,666,697,452,683,702,468,338,267,225,661,695,703,458,685,703,708,465,337,267,225,660,695,450,327,260,222,198,653,427,676,440,678,437,680,701,466,686,451,681
0,379,675,699,456,684,702,459,332,265,225,660,695,704,460,684,703,707,467,339,266,226,660,695,451,327,261,222,198,652,428,677,441,678,438,680,700,455,684,452,680
1,691,455,330,673,441,319,671,698,705,708,467,338,267,667,437,317,254,662,695,703,707,470,335,675,700,707,709,710,474,690,454,683,456,685,450,328,673,440,679,438
0,286,664,696,456,682,702,460,333,264,224,658,694,703,463,684,702,708,470,339,268,226,659,695,454,329,262,222,199,651,417,674,442,681,445,680,700,458,684,454,684
1,692,459,331,673,444,322,670,698,705,707,469,340,267,666,438,319,255,661,694,703,707,472,341,674,701,707,708,710,477,688,454,683,445,682,452,328,672,442,678,441
1,675,434,316,668,441,319,669,696,704,707,470,340,268,666,441,319,256,660,694,703,707,462,335,674,699,706,709,709,466,688,456,686,449,682,453,328,673,443,681,446
0,283,668,697,461,685,702,463,336,265,226,668,694,703,467,687,703,708,472,342,269,228,661,695,460,333,255,223,199,655,425,674,435,678,447,682,701,463,684,445,681
0,384,678,700,466,686,703,467,338,267,225,657,694,704,468,687,703,708,463,336,266,225,660,696,462,333,264,224,199,654,426,673,435,678,448,682,700,464,686,450,682
0,387,678,700,467,686,703,469,339,267,225,661,695,703,470,686,703,707,465,336,267,225,660,695,462,334,264,223,200,653,427,677,440,678,450,681,702,466,686,451,682
1,693,454,329,673,439,319,671,698,705,707,465,336,266,668,435,317,253,662,695,704,707,467,338,676,700,706,708,710,472,674,449,684,453,684,449,326,668,434,679,448
1,677,444,321,671,438,317,670,697,705,707,466,338,267,667,436,316,254,661,695,703,707,469,339,676,700,706,709,709,474,689,453,684,456,684,450,326,673,438,679,440
1,675,444,322,671,439,321,670,697,705,707,467,339,268,666,439,317,255,661,695,704,707,471,340,675,700,707,708,710,475,690,454,684,443,683,450,327,671,440,679,439
0,286,664,696,456,682,701,461,333,265,223,658,694,703,464,682,703,707,470,340,268,226,658,695,455,330,262,223,198,650,417,674,444,680,443,679,700,459,684,455,684
0,384,674,699,461,683,702,464,335,266,224,658,694,703,465,684,703,707,471,340,269,227,656,694,457,331,263,223,198,655,423,673,445,680,444,679,701,459,684,444,682
0,384,678,703,463,686,703,466,337,266,225,658,694,703,466,687,704,708,473,342,269,227,662,696,460,332,263,223,199,655,424,674,434,679,446,678,700,462,683,445,681
1,691,451,327,662,432,316,668,697,705,707,473,342,268,664,429,313,251,663,695,704,706,464,337,673,700,706,708,710,469,688,460,686,451,681,443,322,675,430,679,446
1,677,440,320,668,431,314,666,697,704,707,463,335,266,663,429,313,252,662,695,703,706,466,337,672,699,706,708,710,470,673,447,682,451,682,440,322,669,432,682,447
0,289,666,697,452,683,703,468,338,267,225,661,694,703,459,685,703,707,465,337,266,225,658,695,451,327,261,222,197,652,428,676,441,678,437,680,700,466,686,451,681
1,693,455,329,674,438,319,671,699,705,706,466,335,266,667,436,317,254,662,694,704,707,469,339,676,700,707,708,708,473,687,449,684,453,683,448,323,673,438,679,450
1,677,445,322,671,439,318,670,697,705,707,467,338,267,666,438,317,254,661,694,703,707,470,339,675,700,706,709,710,474,689,454,683,443,683,449,325,673,439,678,439
0,286,662,696,456,681,702,461,334,264,223,659,694,703,463,684,702,708,468,340,268,227,657,695,454,329,262,222,199,650,417,674,443,680,444,680,704,459,683,455,683
0,384,674,699,461,684,703,463,335,265,224,658,694,703,465,684,702,707,471,341,268,228,657,694,456,330,263,223,199,656,422,674,445,680,443,679,700,460,683,443,682
0,384,678,700,463,683,702,458,336,265,227,658,694,703,467,683,703,708,473,341,269,229,662,696,459,332,264,224,199,655,424,674,433,678,445,678,700,461,684,444,682
0,385,678,700,465,686,703,466,337,266,225,657,694,703,467,686,703,708,475,341,270,227,661,695,460,332,264,217,199,654,426,676,435,677,444,682,702,465,684,445,682
1,694,453,329,671,434,316,667,697,705,708,463,335,265,664,429,313,251,663,696,704,707,466,337,672,700,706,708,709,469,687,449,684,451,682,443,322,669,432,679,447
0,291,667,698,451,683,701,468,338,267,225,660,693,704,459,685,703,707,465,337,267,225,666,695,450,326,260,222,197,653,427,676,440,678,436,679,701,467,686,450,682
1,692,454,329,673,440,319,671,698,705,707,465,337,267,667,435,317,253,662,695,704,707,468,339,676,701,706,709,709,473,686,449,683,454,684,449,325,673,438,680,450
1,676,445,322,671,438,317,670,697,705,707,467,337,266,666,436,317,254,661,694,703,707,469,339,676,700,706,708,710,474,690,453,684,455,684,451,326,673,439,679,438
1,675,445,322,670,439,319,669,697,704,707,467,338,267,685,437,318,254,660,694,703,706,471,340,675,700,706,709,709,475,689,454,683,443,684,450,327,670,440,678,440
0,286,664,696,457,682,701,461,334,265,224,659,694,703,464,684,703,707,471,340,268,226,657,694,455,329,262,222,198,655,422,674,445,681,445,679,700,459,683,442,682
1,691,448,325,672,445,320,669,697,704,707,471,340,268,666,440,319,256,659,695,703,706,462,335,673,700,705,708,709,466,687,457,686,450,682,454,328,670,443,681,445
1,674,436,317,668,429,312,667,700,704,707,472,341,269,664,428,312,251,658,694,703,706,462,336,673,700,706,709,709,468,687,458,685,450,682,442,321,669,444,681,446
1,671,437,317,668,430,314,666,696,703,708,473,342,270,664,429,313,251,663,694,703,706,465,337,673,700,706,708,709,469,687,459,686,452,681,444,322,669,431,679,447
0,289,666,696,452,683,701,467,338,268,226,660,694,703,458,685,703,707,465,338,267,224,660,695,459,333,262,224,199,654,427,673,442,678,450,681,700,465,685,450,681
0,378,676,700,456,684,702,457,331,264,223,660,694,703,457,685,702,707,467,338,267,226,659,694,449,327,261,221,198,652,428,676,441,678,437,679,700,456,684,451,681
1,692,455,330,673,441,319,671,698,705,707,466,337,266,667,436,317,254,661,695,704,706,469,338,676,700,706,709,709,474,689,453,684,455,684,450,325,673,439,679,438
0,285,665,696,455,681,702,455,332,263,223,659,694,703,462,684,703,707,468,339,267,225,658,695,454,328,260,222,198,651,415,674,442,680,443,679,700,458,684,445,684
1,692,459,331,672,444,321,670,697,705,708,469,339,268,666,439,318,255,661,695,703,707,471,340,675,700,706,708,710,477,689,456,683,445,682,452,327,672,441,678,440
0,286,667,697,458,682,701,462,334,263,224,657,694,703,465,683,702,706,471,340,268,227,661,696,458,331,262,222,197,656,423,674,447,680,445,679,700,459,683,444,682
0,384,678,700,464,686,703,466,337,265,225,657,694,703,467,686,703,707,474,341,269,227,662,696,460,332,263,223,199,654,423,674,434,678,446,682,701,463,683,445,681
1,691,451,328,670,433,314,666,697,704,708,473,342,269,665,429,312,252,663,695,704,706,464,336,672,700,706,709,709,469,687,458,685,451,684,443,322,670,430,679,446
1,677,438,321,667,432,313,666,696,704,706,462,335,265,663,429,314,252,662,694,703,707,465,336,673,699,705,707,710,470,686,446,683,451,681,444,322,669,432,679,447
0,289,666,696,452,683,701,469,338,266,225,660,694,704,459,685,704,705,465,337,267,225,659,695,451,327,260,221,197,652,428,676,440,678,437,680,700,467,685,451,681
0,379,676,700,456,684,702,459,332,263,224,659,695,703,460,685,703,707,467,337,267,226,659,695,452,327,261,222,198,651,413,675,440,677,438,679,700,456,685,451,681
1,680,455,330,673,442,320,671,698,704,708,467,338,266,667,430,316,254,661,695,703,706,470,339,676,700,706,708,710,474,689,454,685,443,683,449,327,672,440,678,441
1,675,445,322,669,440,319,670,697,704,707,468,338,267,665,438,318,254,661,694,703,706,471,340,675,700,706,709,710,476,689,455,683,445,682,451,326,671,440,679,440
0,285,663,696,456,681,702,462,333,266,222,658,694,703,464,684,702,706,471,341,268,227,656,694,455,330,262,223,198,655,422,674,445,680,446,679,700,460,683,443,682
0,384,678,700,464,684,703,464,337,265,224,657,697,703,465,683,703,706,472,340,268,225,662,695,457,332,263,223,199,655,424,674,434,678,445,678,700,462,683,444,681
0,384,679,700,465,686,703,466,337,266,225,657,694,704,467,686,703,707,462,335,266,225,660,695,460,332,263,224,199,654,425,673,434,679,447,682,701,464,686,449,682
1,694,454,331,670,434,315,668,697,704,707,464,336,266,664,429,313,250,662,694,703,707,466,336,673,700,706,707,709,470,687,447,684,451,677,443,322,670,432,679,447
1,677,442,320,672,435,316,666,696,704,707,463,335,264,667,434,316,252,662,695,691,706,466,335,676,699,706,708,710,471,687,448,684,452,684,447,325,669,434,677,449
0,290,665,696,453,683,701,458,331,263,223,660,694,703,458,684,703,706,466,337,267,225,659,695,452,328,261,222,198,652,428,676,442,678,438,679,700,455,684,451,680
0,379,675,699,457,685,703,459,332,264,225,659,694,702,461,685,702,708,468,339,267,226,658,695,453,329,261,222,198,651,414,675,442,677,439,679,700,456,684,451,684
1,692,458,332,673,444,320,670,698,705,707,468,338,268,666,438,318,254,660,694,703,707,470,340,674,700,706,708,709,476,689,453,683,453,682,451,326,672,441,679,440
0,286,663,695,457,681,702,462,332,264,224,658,694,703,465,684,702,707,470,340,268,226,657,694,456,330,262,222,198,655,421,674,445,680,444,679,700,459,683,442,682
1,691,447,324,671,443,321,661,697,704,707,470,340,267,665,441,319,256,660,695,703,707,462,334,673,701,706,707,709,467,688,456,686,450,682,454,328,672,443,681,445
0,288,667,697,461,685,703,466,336,266,223,657,694,702,467,687,702,706,474,342,269,227,662,696,459,332,261,223,199,654,424,673,435,678,450,682,701,463,683,446,682
1,691,450,327,670,433,315,667,697,704,707,462,334,266,663,429,312,251,662,695,703,707,464,337,672,699,706,710,709,469,687,459,686,452,681,443,322,669,431,679,446
0,290,668,697,451,684,702,468,336,267,224,660,695,704,457,685,703,707,465,336,265,225,660,696,450,327,260,222,197,653,427,676,439,678,435,680,702,466,685,451,681
1,692,453,329,673,439,319,671,698,705,707,465,336,267,667,435,317,253,662,695,703,707,468,338,676,701,706,709,709,470,686,449,683,454,684,448,325,691,437,678,450
0,290,665,697,454,682,702,459,332,263,223,659,694,704,461,685,703,707,467,338,267,225,659,695,453,328,261,222,197,651,414,675,441,677,438,679,700,456,684,452,683
1,692,457,329,673,441,319,671,697,704,708,468,338,267,667,437,319,256,661,695,703,707,470,339,675,700,707,708,710,475,689,454,683,445,682,450,326,672,440,679,439
1,674,446,322,669,440,319,669,697,704,707,468,338,267,665,438,318,255,660,694,703,707,473,341,674,700,706,708,709,476,689,456,684,444,683,452,327,671,436,678,440
1,674,434,316,668,441,318,668,696,704,707,470,339,268,665,440,318,255,659,694,702,707,461,334,673,700,706,708,709,466,687,455,685,448,682,453,328,671,442,681,445
1,674,435,317,668,429,312,667,696,703,707,472,339,280,664,427,312,251,658,694,703,706,461,336,672,700,706,708,709,468,687,457,686,450,681,442,320,669,442,681,445
0,288,667,696,462,685,701,466,336,265,225,655,694,703,467,686,703,707,462,335,265,224,660,696,461,332,264,223,199,654,425,673,435,677,447,681,700,464,687,449,681
0,386,677,700,467,686,703,468,338,267,225,661,695,702,469,686,703,707,465,337,266,225,659,695,462,334,264,223,199,653,426,677,439,678,452,682,701,465,686,450,683
0,378,675,699,455,684,702,457,331,263,224,660,695,703,459,685,703,707,466,337,266,225,659,696,452,326,260,222,198,652,428,676,441,678,438,679,701,466,685,452,681
1,692,456,330,673,440,319,671,697,705,707,466,337,266,667,435,316,254,661,695,703,707,469,338,675,699,706,708,710,472,689,452,684,455,684,448,326,673,437,679,437
0,285,664,695,454,682,701,459,332,264,223,658,694,702,462,684,702,707,468,338,267,226,658,694,454,328,261,221,198,651,414,674,442,680,442,678,700,457,683,453,684
1,692,458,333,678,443,320,670,698,704,708,469,338,267,666,439,317,254,660,694,703,706,472,340,675,700,706,709,709,476,689,455,683,444,681,451,326,672,441,678,440
0,285,663,695,457,681,702,463,334,265,224,658,693,703,464,674,702,707,471,340,267,226,656,695,455,329,262,222,199,655,422,674,444,680,445,678,708,460,683,443,682
0,383,678,700,463,686,703,465,336,265,224,657,696,703,466,687,703,707,473,341,268,227,662,696,459,332,263,221,198,655,424,673,433,678,445,679,700,461,683,444,682
1,691,450,325,671,432,314,667,697,704,707,473,341,269,664,428,312,251,663,695,703,707,463,336,673,699,706,707,710,471,687,458,685,451,681,443,321,670,430,679,446
1,677,440,319,667,430,313,666,696,702,707,461,334,265,663,428,312,252,661,694,701,707,466,336,671,699,706,708,707,469,687,447,684,452,682,444,322,669,431,679,447
1,677,442,316,670,435,316,667,696,704,707,463,336,266,667,434,315,252,662,694,703,706,467,336,669,700,706,709,709,470,686,448,683,452,684,448,325,669,434,678,448
1,676,443,321,670,437,316,670,697,704,707,465,336,266,667,435,316,253,661,695,703,707,468,338,675,700,706,708,707,472,686,450,682,454,684,449,325,672,438,679,450
1,676,445,326,670,438,318,670,696,704,707,467,337,266,665,436,316,254,660,694,702,707,470,339,675,699,706,708,709,474,689,453,683,443,682,449,325,672,439,678,438
0,286,664,695,456,680,701,460,333,263,223,658,693,702,462,683,702,707,469,338,267,231,658,695,456,329,261,221,198,650,417,674,441,679,442,678,699,458,683,454,684
1,691,459,332,673,444,321,670,697,704,707,470,339,267,666,439,318,254,660,694,703,706,472,340,674,699,706,708,709,466,687,455,682,445,681,451,326,672,442,682,444
1,674,434,316,668,442,316,668,696,704,707,470,338,268,665,440,319,255,659,694,702,706,461,335,673,699,706,708,709,465,687,456,685,449,682,453,327,671,443,681,444
1,674,435,317,667,429,313,666,696,704,706,471,341,268,665,427,312,250,658,693,690,706,463,334,666,700,706,709,709,467,687,458,685,450,680,442,321,669,443,680,446
1,677,440,319,667,430,313,666,695,703,707,461,335,265,663,428,313,252,662,694,703,705,469,335,672,699,706,706,709,469,687,446,683,451,681,446,322,669,432,678,445
0,289,665,696,451,682,701,467,337,266,224,660,694,703,458,685,703,707,465,336,266,225,659,694,450,326,260,221,197,652,426,676,439,677,437,679,700,466,684,450,681
1,691,454,329,674,440,319,671,697,705,707,465,337,266,663,435,315,254,660,696,703,706,467,344,676,700,706,708,709,472,686,450,683,454,684,448,324,673,437,679,450
1,676,443,321,670,438,317,670,698,704,703,466,336,267,665,436,316,253,660,694,703,706,469,339,675,700,705,708,709,474,689,452,683,455,683,450,326,672,439,678,438
1,675,444,321,669,439,318,669,697,704,707,467,338,267,665,437,317,254,660,698,702,706,470,338,674,700,706,708,709,475,688,454,682,443,683,450,326,672,440,678,439
1,674,446,323,669,440,319,669,696,703,707,469,339,268,665,438,317,254,660,694,702,706,471,340,674,700,705,707,709,464,688,454,682,444,682,451,326,671,441,681,443
1,674,434,315,668,441,319,667,696,703,707,470,339,267,664,439,318,255,659,694,702,706,461,336,672,699,706,707,709,466,686,450,685,448,681,453,327,670,442,680,444
0,288,667,696,460,684,702,465,335,265,224,656,694,703,466,686,702,707,473,341,269,226,661,695,459,331,262,222,199,654,423,673,433,678,446,681,700,462,682,443,681
0,384,677,700,465,686,702,466,337,266,224,656,694,702,468,686,703,707,463,336,265,225,660,695,460,332,263,223,198,653,425,673,434,677,447,681,701,463,686,448,681
0,386,677,700,454,684,702,468,337,268,223,660,694,703,457,685,702,707,464,336,265,225,660,694,461,333,263,224,199,652,427,676,439,678,449,681,700,466,685,450,681
0,390,675,699,455,684,702,457,333,263,223,660,694,704,459,685,703,708,464,337,267,226,659,695,452,327,260,222,205,650,428,675,440,678,437,680,700,454,682,450,681
1,692,455,329,673,439,318,671,697,704,707,466,337,265,668,436,316,253,661,695,702,707,469,338,675,700,705,708,709,473,689,452,683,454,683,449,325,673,438,678,437
0,284,670,696,455,681,702,460,332,263,223,658,694,702,462,684,703,707,468,342,267,224,658,694,453,328,261,222,198,650,415,674,442,680,442,679,700,458,684,453,683
1,692,460,329,671,443,321,670,695,704,707,468,340,267,666,438,318,253,660,694,702,707,472,339,675,699,707,707,709,476,689,455,680,444,682,451,326,671,441,678,440
0,286,667,696,458,681,701,462,335,264,224,658,694,703,464,683,702,706,470,340,268,227,657,696,458,330,262,223,198,655,422,674,450,679,445,678,700,459,682,444,681
1,692,448,325,670,431,314,668,697,704,707,471,340,268,664,427,311,250,658,694,702,706,462,335,672,699,705,708,709,466,687,457,685,449,681,441,320,669,442,681,445
0,288,667,696,462,685,702,465,335,264,225,655,693,703,467,686,703,707,463,336,265,225,660,695,459,332,264,222,198,653,424,672,434,678,447,680,700,463,686,448,681
0,386,677,700,465,686,703,467,338,266,224,661,694,703,470,687,703,707,477,337,265,224,659,695,460,333,263,224,199,653,426,677,439,679,449,681,700,465,685,450,681
1,692,453,328,673,438,318,666,696,704,707,464,336,265,667,434,315,253,662,694,702,707,466,338,675,700,706,708,709,471,685,448,683,452,684,448,324,669,432,678,448
1,676,443,320,670,437,317,670,697,703,707,465,336,266,666,434,316,253,661,694,703,706,467,338,675,700,706,708,709,472,686,449,682,454,683,449,325,673,438,678,450
0,289,664,696,455,682,701,459,333,263,222,659,695,703,461,684,702,707,468,339,268,224,657,694,454,326,261,221,197,650,415,674,441,680,442,679,700,456,683,452,683
1,692,458,330,672,442,321,670,697,704,707,468,338,267,666,438,319,254,660,693,703,706,471,351,675,699,706,708,709,476,688,453,681,444,682,450,325,672,441,678,440
0,286,663,695,457,681,701,461,334,264,223,657,693,703,464,684,702,707,470,339,268,225,657,694,455,330,262,222,200,655,422,673,444,680,445,679,700,460,683,442,682
0,383,678,700,464,681,702,463,336,264,223,657,694,704,465,684,703,707,472,340,268,227,662,694,458,331,263,223,198,654,423,674,433,678,445,678,700,460,682,444,681
0,384,677,700,464,686,702,466,336,266,224,656,693,702,466,687,703,707,462,335,266,224,660,695,459,332,260,222,197,654,425,672,435,679,447,681,700,464,682,446,681
0,385,677,699,465,686,702,467,337,266,224,661,695,702,469,687,703,707,464,335,266,225,659,695,461,333,263,223,199,653,426,676,438,678,448,682,700,465,686,449,681
1,692,453,328,673,438,319,666,697,704,707,463,336,266,667,433,315,253,662,694,703,706,466,337,676,700,706,708,709,471,687,447,683,452,684,447,325,669,433,678,448
1,676,442,320,671,436,317,668,697,704,707,467,336,266,667,436,315,253,661,695,703,706,467,338,675,700,706,709,709,471,686,449,683,456,684,448,325,673,437,679,452
0,290,665,696,454,682,701,458,331,263,223,658,694,703,461,684,703,706,468,337,267,225,658,694,453,327,260,221,198,651,415,675,441,676,440,680,698,456,684,451,684
0,382,675,699,458,683,702,461,333,264,223,659,694,703,462,684,702,707,469,339,267,224,657,694,455,329,261,221,197,650,416,674,442,679,442,679,700,458,683,453,683
0,382,674,699,459,683,702,461,334,265,225,658,694,703,463,684,702,707,470,340,268,226,657,694,455,329,261,222,197,655,421,674,444,680,444,679,700,459,681,442,682
1,692,447,325,671,444,323,668,697,704,707,471,339,273,665,440,318,255,659,694,703,707,461,335,673,701,706,708,709,466,687,456,685,449,682,454,327,671,442,681,445
1,674,435,316,667,428,311,666,696,703,706,475,339,267,664,427,311,250,657,693,702,706,463,335,672,699,705,708,709,468,687,457,685,450,681,442,321,670,443,680,446
0,288,667,696,462,684,702,466,337,264,225,655,693,702,467,686,703,707,463,335,265,224,659,695,461,333,264,222,199,653,425,672,435,677,447,681,701,464,686,448,681
0,386,677,699,455,684,701,468,338,267,225,661,693,703,457,685,702,707,465,335,266,224,660,695,450,323,259,221,197,652,425,675,438,677,435,679,700,464,686,451,681
0,378,676,699,456,684,702,457,331,263,223,659,694,703,459,686,702,708,465,336,267,224,659,695,451,326,260,222,197,651,427,676,440,678,438,679,699,455,684,450,681
0,378,675,699,457,683,702,459,332,263,223,659,694,703,460,684,703,703,467,337,267,225,659,694,452,327,260,221,197,651,415,674,440,677,438,679,700,456,684,452,684
1,692,458,330,672,441,320,670,697,705,708,467,337,267,660,437,317,253,660,694,703,707,469,339,674,700,706,708,709,474,690,454,683,444,682,450,325,672,439,678,439
0,286,663,696,456,682,701,461,333,264,224,657,694,703,462,684,702,707,470,339,267,225,657,694,455,328,263,222,197,650,417,674,443,679,442,679,699,459,683,457,685
0,383,679,700,462,683,703,463,335,264,224,657,694,703,464,684,702,707,471,340,268,226,661,695,457,331,262,223,198,655,423,674,432,677,444,679,700,460,681,443,681
0,383,678,700,464,686,702,465,336,265,224,657,694,702,466,686,703,707,473,341,269,226,661,696,459,332,263,222,198,654,424,673,433,678,446,681,700,462,683,444,681
0,385,677,700,465,687,703,466,337,266,223,656,694,701,467,686,703,707,463,336,265,225,660,694,461,330,263,223,198,653,425,673,434,678,447,681,701,464,686,448,682
1,693,454,328,670,434,316,666,697,704,707,462,335,265,663,428,312,251,662,695,704,706,465,336,672,699,705,709,709,469,687,447,684,451,681,443,322,668,432,678,447
0,289,665,696,451,683,701,456,329,262,222,660,694,704,458,684,702,707,465,336,266,225,659,695,450,327,260,221,197,652,427,676,440,677,437,680,700,466,685,451,681
1,691,454,328,672,438,319,671,698,705,707,465,338,265,668,435,316,254,661,694,703,707,468,337,675,699,706,708,709,473,689,452,684,454,684,449,325,673,437,678,437
0,285,664,696,454,682,701,459,331,263,223,659,694,703,461,684,703,707,468,338,268,225,658,694,453,329,261,222,197,650,415,674,441,680,442,679,693,457,684,453,684
1,691,458,331,672,442,320,670,697,705,707,468,339,267,666,438,317,254,659,694,703,707,471,339,674,699,706,708,709,476,689,455,682,444,682,450,326,672,440,678,440
0,285,663,696,457,682,702,461,334,263,224,657,695,702,464,692,704,707,470,339,268,225,656,694,456,327,261,221,198,654,436,673,445,680,445,678,699,459,683,443,682
1,692,448,325,670,430,314,668,697,704,708,471,340,268,664,426,311,250,658,688,703,706,463,335,672,699,706,708,709,466,687,456,685,449,682,454,328,671,443,681,446
0,289,667,696,460,684,706,465,335,266,224,656,693,703,467,686,703,707,463,335,265,224,660,695,459,332,263,223,198,653,425,673,435,678,447,681,700,463,686,448,682
1,694,453,328,669,434,315,667,696,704,706,462,334,266,663,427,310,250,662,690,702,706,465,335,671,699,706,709,709,469,686,446,683,450,681,444,321,668,431,678,447
0,289,666,696,451,682,701,468,337,265,224,660,694,703,457,685,703,707,465,336,267,225,659,694,450,327,261,221,196,652,427,676,438,677,436,680,700,465,685,450,681
0,377,675,699,456,684,702,457,331,263,223,659,694,703,460,685,703,707,467,338,266,225,659,695,452,327,260,221,197,651,428,676,441,677,438,680,700,455,683,451,681
1,692,456,329,673,440,320,671,698,705,707,465,337,265,667,436,316,253,661,694,703,706,465,339,675,700,705,708,709,473,689,453,683,442,683,449,325,672,438,678,438
1,674,445,321,669,438,319,668,697,703,707,465,338,266,666,437,317,252,660,694,703,706,470,339,674,699,706,708,709,474,679,454,683,442,682,450,324,671,439,678,439
0,285,664,695,456,681,701,458,333,263,223,657,694,703,463,684,702,707,470,339,267,226,656,693,455,329,260,222,198,654,422,673,444,679,444,679,700,459,683,442,682
1,691,447,325,670,444,321,669,697,705,707,470,339,268,665,440,318,254,660,694,703,707,461,334,673,699,705,708,709,466,687,455,685,448,682,453,327,670,442,680,445
0,288,667,696,460,685,701,464,335,265,223,656,697,703,467,685,703,707,472,342,268,225,661,695,459,331,262,223,198,653,432,673,434,677,446,681,701,462,683,445,681
0,384,677,700,465,686,703,467,336,266,224,660,695,703,468,686,704,707,463,335,265,224,660,695,460,333,264,223,199,653,425,677,439,678,448,682,701,464,685,449,682
0,376,676,699,454,684,702,467,337,266,223,661,695,703,458,684,702,707,464,336,266,224,659,695,450,326,260,221,197,652,426,675,438,678,436,680,700,465,685,450,681
1,691,454,328,673,440,317,671,698,703,707,465,336,266,667,434,314,252,662,695,703,707,467,337,675,700,706,708,709,471,686,448,683,454,684,448,325,673,437,679,450
0,290,665,696,454,682,701,458,331,262,223,659,694,703,459,685,702,706,467,337,266,225,658,695,452,327,261,222,198,651,414,675,442,676,437,689,700,456,685,451,683
1,691,457,330,672,441,320,670,697,704,707,467,338,266,666,437,317,256,660,694,702,706,470,339,675,700,706,708,709,474,689,454,683,444,682,450,325,672,439,678,439
0,285,663,696,456,682,701,460,333,263,222,658,694,702,462,683,702,707,469,339,267,225,657,695,455,329,260,222,197,655,421,674,444,679,444,679,699,459,683,441,682
1,691,447,325,672,443,321,669,697,704,707,470,339,266,665,439,317,254,659,694,703,706,461,334,673,699,706,707,709,465,688,455,685,448,681,453,327,671,415,681,444
1,674,435,316,667,428,312,667,696,703,707,471,339,268,665,427,311,250,658,693,702,707,462,334,672,700,707,708,709,467,687,456,685,450,682,441,320,669,442,680,446
0,287,667,697,461,684,701,465,336,265,224,655,694,702,467,686,704,707,463,334,264,224,660,695,460,332,263,222,198,653,425,673,435,677,445,682,700,463,686,448,681
0,386,676,700,454,684,704,462,349,266,224,660,694,702,470,686,704,707,464,337,266,225,659,695,461,333,263,220,198,653,426,676,438,677,449,682,701,464,685,450,682
1,692,454,328,673,438,318,670,697,705,708,468,336,266,667,434,316,252,661,695,703,706,466,337,676,701,705,707,709,472,686,448,683,452,684,446,323,673,435,678,449
0,290,665,696,454,682,700,458,331,262,222,659,694,703,460,684,702,707,467,337,266,224,658,695,452,327,261,222,197,651,414,674,440,676,438,678,700,455,684,451,683
1,692,457,331,672,442,320,670,697,703,706,467,337,267,665,437,316,254,660,694,702,706,470,339,675,700,707,708,709,474,689,453,683,442,682,450,325,672,439,678,438
1,674,445,321,670,440,319,668,697,704,707,467,338,273,665,441,317,254,659,694,702,706,471,338,674,699,706,708,709,476,687,455,682,446,681,451,325,671,439,678,440
1,674,433,315,668,440,318,668,697,704,706,469,338,266,663,439,318,254,659,693,704,706,471,340,674,700,706,708,709,465,687,455,681,444,681,452,327,671,441,680,443
0,287,668,697,460,685,702,464,334,265,225,656,693,702,466,686,703,707,473,340,268,227,661,695,458,331,262,221,198,654,423,673,433,678,445,681,700,462,682,444,681
1,691,449,324,668,431,314,667,696,703,706,473,340,268,664,400,314,249,663,694,702,706,464,335,672,699,706,708,708,468,687,458,685,450,681,442,321,669,430,679,445
1,677,440,319,667,430,312,665,695,703,706,475,335,264,661,428,311,250,661,694,703,706,464,336,671,699,705,708,709,468,685,446,683,451,680,443,320,669,431,679,446
1,676,441,319,671,435,316,665,695,703,707,463,335,265,667,433,315,252,661,694,703,706,466,336,675,700,705,708,710,470,686,447,683,452,684,447,324,668,434,678,449
0,290,665,695,452,682,701,457,330,263,223,658,694,703,459,684,702,707,466,336,266,225,659,694,451,327,260,221,197,651,430,676,441,677,437,679,699,455,683,450,680
0,378,674,699,456,683,701,458,332,263,222,658,694,703,460,684,702,707,467,338,265,224,657,694,452,328,260,221,197,650,415,674,441,680,442,679,699,456,683,452,684
1,692,457,331,672,442,320,670,697,704,707,468,342,266,665,438,317,254,660,695,703,706,470,339,674,699,706,708,707,475,689,454,682,443,682,450,325,671,440,677,439
0,285,663,696,456,681,700,461,333,264,223,657,694,702,463,683,702,707,470,339,267,225,656,694,455,329,261,222,197,655,421,674,444,679,444,679,700,460,683,442,681
1,690,448,324,670,444,321,668,697,704,707,470,340,267,664,440,319,254,659,693,702,706,462,334,673,699,706,708,709,466,687,456,685,448,682,452,327,670,442,681,445
0,288,667,696,460,685,701,465,335,266,224,656,693,703,466,686,703,707,459,335,265,222,660,694,459,331,262,222,199,654,424,673,434,677,446,681,699,462,683,445,681
0,384,674,699,466,686,702,467,337,265,224,661,695,703,470,686,703,707,463,335,266,223,660,695,461,332,265,222,198,653,425,676,438,678,448,681,702,464,685,448,681
1,692,452,327,673,437,318,667,696,704,707,461,335,265,667,433,314,252,662,694,702,706,466,336,676,700,704,708,709,470,686,447,683,452,684,447,324,670,432,678,448
0,287,665,695,452,682,701,456,331,262,222,659,694,703,459,684,702,706,466,336,266,224,659,694,450,326,260,222,197,651,427,675,442,677,437,679,700,453,683,450,680
1,691,456,330,672,438,318,670,697,705,706,466,336,265,667,436,317,253,661,694,703,706,468,338,675,700,705,708,709,473,688,451,683,455,683,449,324,672,439,678,437
1,674,444,320,670,440,316,669,696,704,706,467,337,273,666,437,316,254,659,693,703,707,469,339,674,699,706,708,709,475,689,454,682,443,682,451,325,672,439,678,439
1,674,445,321,669,440,318,668,694,704,706,468,338,267,665,438,317,254,660,694,703,706,471,339,674,700,707,708,709,464,686,454,682,444,681,451,325,672,440,681,444
0,286,667,697,458,681,701,462,333,264,223,656,693,702,464,683,702,706,471,339,267,225,661,695,457,330,262,222,196,654,422,673,432,678,444,678,699,461,683,442,681
0,383,677,699,462,685,703,464,335,265,223,656,693,702,467,686,703,706,472,341,268,227,661,694,458,331,263,222,197,653,425,673,433,677,445,681,700,462,682,444,680
0,384,677,700,464,685,702,467,336,266,224,655,693,702,467,686,703,708,462,335,264,225,659,694,460,332,262,223,199,654,423,672,435,677,447,681,700,463,687,448,681
1,694,454,328,673,437,317,667,697,704,707,462,335,265,667,433,314,252,662,694,703,706,465,336,675,700,705,708,709,470,686,447,683,451,684,446,324,668,435,679,447
0,292,666,696,451,682,701,456,330,263,222,659,693,703,458,684,702,706,462,336,265,224,658,694,450,326,259,221,197,652,427,675,441,677,437,679,700,454,684,449,680
1,691,455,328,672,439,318,670,697,703,707,466,336,267,666,436,316,253,661,694,703,706,468,339,675,700,706,709,709,473,689,452,682,455,683,449,325,672,437,678,437
0,285,663,696,454,682,701,459,332,262,222,657,693,698,460,684,702,707,467,337,266,224,657,695,453,329,260,221,198,651,415,673,440,680,425,680,698,456,683,452,683
0,382,675,699,459,683,702,461,331,264,223,657,694,703,463,683,702,707,469,338,267,225,657,694,455,328,261,222,197,650,417,673,443,679,444,679,697,458,683,454,683
0,383,678,699,462,683,702,458,334,264,223,660,694,703,464,683,702,707,471,339,268,225,662,695,457,330,262,222,198,655,422,673,431,678,444,679,699,460,683,442,681
1,690,448,325,670,430,314,667,696,703,706,470,337,268,666,427,311,249,658,694,702,706,462,335,672,699,706,707,709,467,691,456,685,449,682,441,320,668,442,680,445
1,673,436,317,667,429,312,666,695,702,706,471,340,268,659,428,311,249,662,694,703,706,463,335,670,700,706,707,709,468,687,457,685,451,681,442,320,669,430,677,445
0,288,666,696,462,684,701,467,336,265,224,660,694,703,469,686,702,707,464,335,265,223,659,694,460,332,263,222,198,653,426,676,437,678,450,681,700,464,686,449,682
1,692,453,328,673,438,317,671,697,704,707,463,336,265,667,433,315,252,661,695,703,706,466,337,676,699,706,708,709,471,686,448,683,452,683,447,324,670,433,678,448
0,289,665,696,452,682,701,457,330,261,221,658,694,702,459,684,702,706,466,337,265,225,658,694,451,324,261,221,196,650,413,675,439,677,448,679,699,455,683,450,684
1,692,456,329,672,440,319,671,697,704,707,466,337,266,665,436,314,253,660,695,703,707,469,339,674,700,706,708,709,474,689,453,681,442,683,449,325,672,438,678,438
0,285,663,694,454,681,701,459,332,263,223,658,694,702,460,685,702,707,468,338,267,225,657,694,454,328,260,221,197,648,416,673,414,680,442,675,699,457,683,454,683
1,692,460,342,671,443,320,669,697,704,706,470,338,267,665,439,317,254,660,694,702,706,473,339,674,700,705,708,709,464,687,455,682,445,682,452,326,671,441,681,443
1,674,434,315,667,427,311,666,695,703,707,470,337,266,665,426,310,250,658,702,703,706,451,334,671,698,705,708,709,465,687,455,686,449,681,453,327,671,443,680,445
0,287,667,697,460,684,701,464,335,261,224,656,693,702,466,686,702,711,461,334,263,223,660,695,459,331,263,223,198,652,425,664,433,677,445,681,700,464,686,448,682
1,693,453,327,669,433,315,667,696,703,707,461,334,264,663,428,312,251,662,694,702,706,464,335,672,699,705,707,709,469,686,446,683,451,681,442,321,668,430,678,447
0,288,665,696,451,682,702,468,335,265,223,658,694,703,458,685,702,706,463,335,265,224,659,694,449,326,259,221,196,652,426,676,439,677,436,679,699,465,685,450,681
0,377,674,698,466,684,702,457,331,261,223,660,694,703,460,683,702,708,465,336,266,224,659,694,452,326,259,221,197,652,429,676,440,677,437,679,700,455,684,450,680
1,691,455,328,672,440,318,671,697,704,707,466,336,266,666,435,316,254,661,694,702,707,468,339,675,700,705,708,709,473,688,453,682,441,682,449,324,672,438,680,438
0,284,663,695,454,681,701,459,332,262,223,658,694,702,461,684,702,707,468,338,266,226,657,694,454,327,261,221,197,650,415,674,442,679,442,679,700,457,683,453,682
0,382,674,699,460,682,701,461,333,264,223,657,694,702,464,683,702,707,469,338,267,224,658,694,455,329,261,221,197,655,421,674,444,680,444,679,700,459,683,441,682
0,382,678,700,461,682,702,463,335,265,224,657,694,702,465,683,702,706,471,340,268,224,661,695,458,330,262,224,198,652,423,673,431,678,452,678,699,459,681,442,681
1,691,448,325,670,431,314,667,697,704,706,471,340,267,670,427,311,250,658,694,703,707,463,334,672,698,705,707,709,467,686,457,685,450,681,442,320,669,442,680,445
1,678,440,319,667,430,312,666,696,703,706,460,334,265,669,427,312,250,662,694,702,706,463,335,672,699,706,708,708,468,686,445,683,450,681,442,321,669,430,678,445
0,288,665,693,449,683,701,467,333,266,223,660,694,702,457,684,702,706,462,336,266,224,659,694,448,325,258,221,196,652,425,677,438,678,452,680,700,465,685,450,680
1,691,453,328,673,438,317,671,697,704,707,464,336,265,666,434,315,252,661,694,703,707,467,337,675,700,706,708,709,471,686,448,683,452,684,448,325,673,437,678,449
1,676,443,320,671,437,316,669,697,704,707,465,336,265,667,435,316,252,661,694,702,706,468,338,675,700,705,708,709,472,689,452,682,454,683,449,325,672,438,678,437
0,287,663,695,455,682,701,458,330,263,223,658,693,703,460,683,702,707,468,338,266,226,657,694,453,327,260,219,197,650,416,673,441,680,442,678,700,456,683,457,682
0,382,675,699,459,681,702,461,333,264,223,657,694,702,462,683,702,706,469,336,268,224,657,694,455,328,261,220,197,655,421,673,445,679,443,679,699,457,682,442,681
1,691,446,325,670,443,320,669,697,704,704,469,338,267,664,439,318,254,659,694,702,706,461,333,673,699,705,708,709,465,687,455,685,448,681,452,326,670,442,681,444
1,674,435,317,667,428,311,667,696,703,707,471,339,267,664,426,310,250,658,693,702,705,461,334,672,699,705,708,709,466,687,456,685,449,681,440,321,670,442,680,445
1,673,436,317,666,428,312,665,696,703,706,471,339,268,663,427,311,250,661,694,701,706,464,335,671,699,706,707,708,468,686,458,684,450,681,443,321,668,429,678,446
1,676,439,319,671,433,315,666,695,703,707,461,334,264,662,428,312,250,661,694,702,706,464,336,671,698,705,708,708,469,686,446,683,451,680,442,321,668,431,677,446
1,675,441,320,670,434,315,670,697,703,707,463,335,262,666,432,315,252,660,694,702,706,466,336,674,699,706,707,708,470,686,447,682,452,683,447,324,673,436,678,448
0,289,664,695,452,681,701,457,330,262,223,663,693,702,459,684,702,707,465,337,266,224,658,694,452,325,259,220,204,651,414,674,440,677,437,678,699,454,683,449,684
0,380,675,699,457,683,702,459,332,263,222,658,694,702,461,684,702,706,467,337,266,225,658,694,452,327,261,221,196,650,415,674,441,679,441,679,700,456,683,452,683
0,381,675,699,458,682,701,461,333,263,222,658,693,702,461,681,703,707,468,340,266,226,656,694,454,328,260,222,197,650,416,673,442,679,443,679,697,458,683,453,683
0,382,678,700,461,683,701,462,334,265,223,657,694,703,464,683,702,707,470,339,268,225,655,694,456,329,262,221,198,654,422,673,446,679,444,679,700,459,682,442,681
1,691,447,324,670,430,313,667,696,702,707,470,339,267,664,426,310,249,658,693,702,706,466,334,673,699,705,708,709,464,686,456,685,449,681,440,319,670,442,680,446
1,673,435,316,667,429,311,667,696,704,706,473,338,268,664,427,311,249,662,694,702,706,463,335,672,699,706,708,708,467,686,458,686,450,682,441,320,669,429,678,445
1,676,439,318,668,430,313,666,695,705,707,461,334,264,663,427,311,250,661,694,702,706,464,335,671,699,705,708,709,468,687,445,684,450,680,443,322,668,431,678,446
0,288,665,696,451,682,701,467,336,264,224,660,694,703,458,684,701,706,464,336,265,224,658,694,449,325,259,220,197,652,426,675,439,677,436,679,699,464,685,450,681
1,692,453,328,672,439,317,670,697,695,707,464,334,264,666,435,314,252,661,694,702,706,466,338,675,699,704,708,709,472,685,448,682,453,683,449,323,672,436,678,451
0,289,665,695,453,682,701,458,331,262,221,658,694,702,460,683,701,706,466,345,265,224,657,694,452,327,260,221,196,651,414,674,440,679,441,679,699,455,684,452,683
1,691,457,330,672,441,320,670,697,701,707,467,337,266,665,436,316,253,660,694,702,706,470,339,674,699,706,708,709,476,689,452,682,443,682,450,325,671,439,678,439
0,285,663,696,455,681,701,459,333,263,223,657,690,702,463,683,702,706,469,340,268,224,657,694,454,328,261,221,198,654,420,673,443,679,444,678,698,457,682,441,682
0,382,677,700,462,682,701,463,334,264,223,657,694,703,464,683,702,706,471,340,267,226,660,695,457,330,262,222,198,654,423,673,433,680,444,678,699,459,682,443,689
0,384,677,699,461,686,701,466,335,263,223,656,693,702,466,686,703,707,461,334,264,224,660,695,458,331,262,222,197,653,423,673,433,677,445,681,700,462,682,444,680
0,384,679,699,465,685,702,467,336,265,224,660,695,703,468,686,703,707,463,332,265,224,660,695,459,330,262,223,198,653,426,677,436,677,437,681,699,463,682,448,681
1,692,448,327,670,437,317,667,696,703,707,462,334,265,667,433,314,255,662,694,702,706,465,336,676,699,706,707,709,470,686,446,683,451,684,446,323,668,431,678,447
1,676,442,319,670,435,315,669,697,703,706,464,335,265,666,433,314,252,661,693,702,705,467,337,675,699,705,708,709,470,685,448,683,452,683,448,324,672,436,679,449
0,288,664,695,453,679,701,457,333,262,223,658,694,702,461,683,702,706,466,336,266,224,657,694,451,327,259,220,196,649,414,673,441,675,437,678,700,455,683,451,682
1,691,456,330,672,441,319,670,697,704,707,467,337,265,665,434,316,253,660,693,703,707,471,338,674,699,706,707,709,488,689,454,682,443,682,449,325,671,439,677,439
1,673,444,321,668,439,317,668,696,704,707,467,337,266,665,437,317,253,659,694,702,705,471,339,673,699,705,707,709,463,687,453,680,443,681,450,325,671,440,681,442
0,286,667,695,458,681,701,462,333,263,223,657,693,702,463,683,701,706,470,340,266,225,660,694,457,330,261,232,197,653,423,673,428,678,442,678,699,460,681,442,681
0,382,677,700,462,685,703,464,335,265,222,656,693,702,464,687,702,707,473,340,268,225,661,695,459,330,261,222,198,653,422,673,433,677,445,681,699,461,682,444,681
0,384,677,699,464,685,702,466,335,265,224,656,694,705,467,686,702,706,462,334,264,223,660,695,459,331,262,222,198,653,424,673,434,677,446,681,699,463,686,448,681
0,386,668,699,453,683,702,467,336,264,225,660,695,691,456,685,702,706,464,336,265,224,659,694,448,325,258,219,196,652,425,676,439,677,435,679,699,464,685,448,680
0,376,675,699,455,683,702,456,329,262,221,659,695,703,458,684,702,707,465,334,265,224,659,693,450,326,260,220,198,651,427,675,441,677,436,679,700,453,683,449,681
1,691,454,328,672,439,318,670,697,704,706,465,336,265,666,435,315,252,661,695,703,706,468,337,675,700,706,707,709,472,689,451,683,454,684,448,325,672,437,678,436
0,283,664,695,453,681,700,458,332,262,221,657,694,701,461,684,702,706,467,336,266,225,657,694,452,327,260,221,196,650,415,673,441,679,441,679,700,456,683,452,683
1,691,458,330,672,442,319,670,697,704,707,469,337,266,665,438,316,254,659,694,701,707,469,340,673,700,706,707,709,475,688,454,681,444,682,449,325,671,440,677,439
1,673,432,314,668,439,317,668,696,703,707,468,338,266,664,439,317,253,659,694,702,706,460,333,672,699,705,708,709,465,687,455,685,448,681,452,326,671,441,674,443
0,286,667,696,459,684,702,463,334,263,223,656,693,701,465,686,702,705,472,339,268,226,661,694,458,330,262,222,197,654,422,673,433,677,444,681,700,462,682,443,680
1,690,449,323,669,430,313,666,697,703,706,471,340,266,664,427,312,249,662,695,702,706,463,334,672,698,705,706,709,468,685,457,685,450,681,442,320,669,430,678,445
1,676,439,318,667,430,312,665,695,703,707,461,333,264,662,427,311,249,661,693,702,704,465,335,671,699,699,707,709,469,686,445,683,450,680,441,321,667,430,678,446
0,288,665,696,451,683,701,455,329,262,221,659,694,703,457,684,701,706,464,335,265,224,658,694,449,325,259,220,196,652,426,675,439,677,436,679,700,465,685,450,680
0,378,674,698,456,683,703,457,330,262,223,658,694,703,459,684,702,706,466,335,266,225,658,695,450,326,259,220,197,651,412,674,440,676,436,679,699,454,684,451,686
1,692,456,329,672,440,317,670,697,703,706,465,336,266,666,436,316,252,660,680,702,706,466,337,674,699,706,707,708,474,688,453,682,430,682,449,324,671,438,676,438
1,674,444,321,669,439,317,668,696,701,706,467,337,265,665,437,316,253,659,694,702,706,470,338,674,699,705,708,708,474,688,454,682,443,681,450,325,671,439,678,438
1,673,445,322,669,440,318,667,696,703,707,466,337,266,665,438,318,253,659,696,702,707,471,339,674,697,705,707,708,458,687,454,681,443,681,450,326,670,441,681,443
0,287,666,696,458,685,702,463,333,264,222,656,693,702,464,686,703,706,469,340,280,225,660,696,457,328,261,221,197,653,422,673,432,679,443,678,699,460,681,443,681
0,383,677,699,463,685,702,463,335,265,223,656,693,702,466,686,704,706,461,334,264,223,660,694,459,331,262,221,198,653,424,673,433,677,445,680,700,462,686,447,682
0,385,677,699,463,685,702,467,336,265,223,660,694,702,467,686,702,707,462,335,265,224,659,694,459,331,262,222,197,653,425,676,437,677,447,681,700,464,685,448,681
1,692,452,327,673,436,317,666,696,703,707,462,334,264,667,433,315,251,662,694,703,706,464,335,675,699,705,707,708,469,684,447,682,451,684,446,324,668,434,678,447
0,288,664,696,452,682,701,456,330,262,221,659,693,702,459,684,702,706,465,336,265,224,658,694,449,325,259,220,196,651,424,675,440,677,437,679,700,454,683,450,680
1,691,455,327,672,439,318,669,697,704,707,464,336,265,666,435,316,252,660,694,702,706,468,337,674,699,705,708,709,472,688,452,682,454,683,449,324,672,438,678,437
0,284,663,695,454,681,701,460,331,262,223,657,693,701,461,683,702,708,467,337,268,224,657,694,453,327,260,229,197,650,415,673,441,679,442,679,699,456,683,452,683
0,381,674,697,459,682,701,461,333,263,223,657,693,701,462,683,702,706,469,338,267,225,656,694,454,328,260,221,197,654,420,674,443,679,444,676,699,458,683,441,681
0,382,677,700,461,683,702,463,333,264,223,656,693,702,464,683,701,707,470,339,267,225,661,694,457,330,261,221,197,654,422,673,431,678,444,678,699,459,683,442,681
1,691,447,325,669,430,313,667,696,704,707,471,338,268,664,428,309,249,658,694,701,706,461,334,673,699,705,708,708,467,687,456,682,448,681,440,319,662,442,680,445
0,288,666,696,460,684,701,465,335,265,223,660,694,703,467,686,702,704,462,335,264,224,660,694,459,331,262,222,197,652,424,677,436,678,446,681,700,463,685,448,681
0,375,675,699,454,683,702,466,336,265,224,660,694,703,457,685,702,707,463,335,265,223,659,695,448,325,259,220,196,652,425,675,438,677,435,680,700,464,685,449,680
1,692,453,327,673,438,314,671,696,704,707,463,336,265,667,433,315,253,663,695,702,706,466,338,675,702,706,708,709,472,686,447,683,462,683,447,325,673,436,678,449
1,676,442,320,670,436,315,669,696,703,706,464,336,265,666,435,314,252,660,694,702,705,468,337,675,699,706,707,708,472,688,452,682,454,684,449,324,672,435,678,437
0,284,663,695,453,681,701,458,330,262,222,657,693,702,461,685,702,704,467,337,266,224,657,694,452,327,260,220,194,648,415,673,441,679,442,678,699,456,682,452,682
1,691,458,330,672,442,320,669,697,704,707,468,336,266,666,438,317,253,659,694,701,706,471,339,673,699,706,707,709,464,687,453,682,443,681,450,324,671,439,681,441
0,286,667,696,457,681,701,461,332,262,221,656,693,702,463,682,702,706,470,338,267,220,661,695,456,329,262,221,198,654,421,673,431,678,443,678,697,459,683,442,681
1,690,449,323,669,430,313,667,696,703,707,470,338,266,667,427,310,249,657,693,702,706,462,334,672,699,705,708,708,466,686,456,685,448,681,440,320,669,442,680,444
1,672,435,316,667,429,312,665,694,703,706,472,339,267,663,428,311,248,668,694,702,706,462,334,672,699,705,708,709,467,686,457,684,450,681,442,320,669,429,677,445
1,676,439,317,670,432,314,666,695,702,706,461,333,263,663,429,311,250,661,694,702,705,465,335,671,698,705,707,708,467,685,437,683,450,680,442,322,668,432,678,446
0,288,665,695,450,682,701,455,329,261,221,659,693,702,457,684,701,706,464,335,265,223,659,694,448,328,259,220,196,651,426,675,439,677,436,679,699,453,683,448,680
0,377,673,699,455,683,703,455,330,263,222,660,694,702,458,684,702,706,466,335,264,224,658,694,451,326,259,220,196,650,413,674,438,676,437,679,699,454,683,450,683
0,379,675,699,457,684,703,458,331,263,223,659,691,703,460,684,702,707,467,337,265,224,658,694,452,328,258,222,197,650,414,674,440,679,440,679,699,456,682,450,683
0,381,674,698,458,683,701,460,332,263,223,658,693,702,463,683,702,706,468,337,266,224,657,694,452,327,259,220,197,650,415,673,441,679,442,679,700,457,683,452,683
1,692,446,323,670,443,320,669,697,703,707,468,337,267,665,438,318,252,659,694,702,705,471,339,673,699,704,707,709,464,689,454,682,443,682,452,324,671,441,680,443
0,287,667,696,459,684,702,463,334,264,224,656,693,703,464,686,703,706,472,339,268,225,661,697,458,330,262,221,198,655,421,673,432,677,443,680,700,460,683,443,681
0,384,677,699,464,685,702,465,335,264,224,656,693,703,466,686,702,707,461,334,264,223,660,695,457,329,262,223,198,652,422,673,433,677,445,681,700,462,686,448,681
0,385,677,699,465,685,702,466,336,265,223,660,694,703,468,687,702,707,462,335,264,223,659,694,460,331,262,222,197,652,425,676,437,678,448,681,700,464,685,449,680
1,692,453,326,673,438,316,666,696,704,707,463,333,264,667,433,313,251,661,694,703,706,472,336,675,700,705,708,709,470,686,447,682,452,684,446,322,668,432,678,448
0,288,664,696,452,681,701,456,329,266,222,658,693,702,456,684,695,706,463,336,265,222,658,694,450,326,259,221,198,639,426,675,440,677,437,679,699,456,683,449,680
0,377,674,697,456,682,701,458,331,261,222,658,694,703,460,684,702,706,466,336,265,224,657,694,452,324,260,220,196,650,414,674,440,679,441,679,699,455,683,451,684
0,380,675,699,457,683,702,459,331,262,223,657,694,703,462,683,702,706,467,337,266,225,657,694,453,327,260,220,197,650,416,674,442,680,442,678,700,457,683,452,683
0,381,671,699,459,684,701,461,333,263,223,657,694,702,462,683,702,708,469,338,267,224,657,694,455,328,260,221,196,655,420,674,444,679,443,679,699,454,683,442,681
1,688,446,323,670,443,320,668,696,704,707,470,338,266,665,439,316,253,659,691,702,706,461,333,672,699,705,708,710,465,686,455,685,448,681,452,326,665,442,680,443
0,287,666,696,459,685,701,464,334,264,222,656,693,702,465,686,702,707,461,334,264,223,660,694,458,330,262,221,197,653,423,673,433,677,445,681,700,462,682,444,680
0,383,677,699,464,687,703,466,340,265,224,660,695,703,468,686,703,706,463,334,265,224,660,694,459,331,262,223,196,652,424,676,438,678,447,680,700,463,684,448,681
0,376,676,699,453,684,701,468,336,265,223,660,694,703,456,685,702,707,464,334,264,224,659,695,449,325,259,221,196,651,425,676,438,677,435,679,699,465,688,449,681
1,691,453,327,673,438,317,671,697,704,707,463,335,265,667,436,314,252,661,695,702,706,466,336,675,699,705,707,709,471,685,448,682,452,683,444,324,672,436,679,449
1,692,443,319,670,437,317,668,696,703,706,464,336,265,666,435,315,252,661,693,702,706,467,337,675,699,706,708,709,472,688,452,682,454,683,448,324,672,437,678,437
1,674,443,320,669,436,316,668,695,703,706,465,336,266,665,436,318,252,660,694,702,705,468,337,674,699,706,707,709,475,688,453,683,442,681,448,339,672,439,677,437
0,284,663,694,455,681,700,459,332,266,222,657,693,702,461,682,701,706,468,338,265,225,656,692,454,329,261,221,195,654,420,675,443,679,443,678,699,458,682,441,681
0,381,677,699,461,682,702,462,333,263,222,657,693,702,464,683,701,706,471,339,267,225,661,695,456,330,261,222,197,654,422,673,431,678,443,678,699,459,682,442,681
1,690,448,325,670,430,313,667,696,703,707,470,338,267,663,427,310,249,657,693,703,706,462,334,680,699,706,707,709,466,686,456,684,448,681,440,304,669,441,680,445
1,673,436,316,666,429,311,665,695,703,706,471,339,267,663,428,311,251,662,694,702,706,464,335,671,699,705,708,708,467,686,457,684,450,681,444,320,669,429,679,445
1,676,440,318,670,434,314,666,696,703,706,463,333,264,665,431,311,251,661,694,702,705,464,335,675,699,705,707,708,468,686,445,683,450,683,445,323,668,431,678,446
1,679,441,318,670,435,315,669,696,703,706,463,334,264,666,433,314,251,661,693,702,706,466,335,674,699,704,708,708,470,686,447,683,452,683,447,323,672,436,678,448
1,675,442,320,670,435,316,668,696,702,707,464,335,264,666,434,315,251,660,693,702,705,467,334,675,700,705,707,709,472,688,451,682,454,683,448,324,672,437,677,437
1,674,442,320,668,437,316,668,696,702,706,465,336,265,665,436,315,251,659,693,702,686,468,338,674,698,705,707,708,473,688,452,682,440,682,448,323,671,438,677,437
1,673,444,320,668,439,317,667,695,702,706,467,336,266,664,437,316,252,658,693,702,706,470,338,673,699,705,707,709,474,687,453,681,443,680,450,324,670,439,676,439
0,284,667,695,456,681,700,461,331,262,221,656,692,702,463,682,701,706,469,339,267,223,661,694,455,329,261,221,197,654,421,672,431,677,442,677,698,458,682,441,680
0,382,677,698,461,685,701,463,333,264,220,657,692,702,463,685,701,706,471,340,267,225,660,694,457,331,261,221,197,653,422,673,432,677,444,681,701,460,682,442,680
1,690,448,325,669,431,313,667,695,704,707,471,338,266,663,427,311,249,661,694,702,706,462,335,671,699,705,708,710,468,686,457,684,449,680,442,320,667,430,678,444
1,676,439,317,666,429,312,665,695,703,706,460,333,263,663,427,311,249,661,693,701,705,463,335,671,698,705,707,709,468,685,445,683,450,680,442,320,668,430,678,446
1,676,440,320,670,433,315,669,696,703,706,462,334,262,667,431,314,251,661,693,702,705,465,336,675,699,705,707,708,470,685,445,682,451,683,446,323,668,432,678,448
0,288,664,695,451,681,701,455,330,261,223,657,693,702,458,685,701,706,465,335,264,224,657,693,451,324,259,220,197,652,412,674,438,676,437,678,699,454,683,450,683
0,379,674,700,456,682,701,457,330,261,222,657,693,702,460,683,702,706,466,336,265,224,656,693,452,327,259,219,196,650,416,673,440,679,440,678,699,454,683,451,683
0,382,674,698,457,682,701,459,332,263,222,658,694,702,461,683,702,706,468,337,267,224,657,694,453,327,260,220,196,651,415,673,441,679,442,678,699,457,682,453,683
0,382,674,699,459,682,701,461,332,263,222,657,693,702,463,683,702,706,469,338,266,224,656,693,454,328,260,221,197,654,421,673,443,679,443,678,699,459,682,441,681
1,691,446,323,668,429,312,668,696,703,706,470,338,266,664,426,310,250,658,693,703,705,461,335,672,699,707,707,709,464,686,455,684,447,682,453,326,671,441,680,445
0,287,666,696,460,683,700,464,334,264,223,656,693,702,465,685,702,707,460,334,263,223,659,694,458,330,261,223,197,650,422,672,431,677,444,680,700,462,672,446,681
0,384,676,699,465,686,700,466,336,264,223,660,694,702,467,685,703,707,462,334,265,222,660,694,459,330,262,222,197,652,424,676,437,677,447,680,700,463,684,448,681
1,690,452,326,672,438,317,667,696,703,707,462,334,264,666,432,314,251,661,694,702,705,466,336,675,699,706,707,708,469,686,446,683,451,685,445,323,668,432,677,447
1,675,441,319,670,436,316,669,696,704,707,463,335,264,666,433,313,251,661,694,702,705,466,336,675,699,705,706,708,470,685,448,682,453,683,447,323,672,435,678,448
0,288,664,696,453,681,698,457,330,261,222,657,693,702,460,684,701,706,465,335,265,223,658,694,452,326,260,219,196,650,413,673,439,676,438,678,699,454,682,450,682
1,691,455,329,672,440,318,669,697,704,706,466,336,265,665,436,315,252,659,693,702,706,469,338,674,699,705,705,709,473,688,453,682,442,681,449,323,671,438,677,438
0,285,663,694,455,681,701,460,331,263,222,657,693,702,462,683,701,706,468,338,266,224,656,693,454,327,260,220,197,654,421,673,443,679,443,678,699,458,683,440,681
0,381,677,699,461,691,701,462,334,263,223,656,695,701,463,683,701,705,471,338,266,225,661,695,458,329,262,221,196,653,421,672,432,677,443,678,699,458,682,441,681
1,690,448,323,669,430,312,667,696,704,706,470,338,266,664,426,309,249,656,693,701,705,461,334,673,699,704,707,708,465,686,456,684,449,681,441,319,669,441,680,445
1,676,438,318,667,429,311,666,695,702,706,459,332,263,662,426,310,249,662,694,702,706,463,334,670,695,705,707,708,467,686,444,683,449,680,441,320,668,429,677,444
0,286,666,695,449,681,701,466,335,264,223,659,693,702,457,684,701,705,463,334,264,223,659,694,448,324,259,219,196,651,425,675,438,676,434,679,699,463,684,448,680
1,691,452,327,672,437,316,670,696,703,707,465,335,263,666,433,315,251,661,693,702,706,466,336,675,699,705,707,709,469,685,447,693,452,683,446,323,671,437,678,448
0,288,665,695,452,681,700,457,329,261,221,658,693,702,459,683,702,706,466,336,265,223,658,694,451,326,259,220,196,649,413,673,439,676,436,678,699,454,682,450,683
1,691,455,328,672,440,318,669,697,704,707,465,336,265,665,436,316,252,660,694,703,705,468,338,674,699,705,707,708,473,688,452,682,442,681,448,323,671,438,677,437
1,673,443,319,668,438,316,667,696,704,706,467,336,265,665,437,312,252,659,693,701,706,470,339,674,699,704,707,708,463,687,453,682,443,681,451,325,671,438,681,441
1,674,432,314,667,439,317,667,696,703,704,467,337,265,663,439,318,254,659,693,701,705,459,332,671,698,705,707,708,464,687,454,684,447,681,451,325,670,440,681,441
1,673,434,314,666,426,310,666,695,702,705,469,338,266,663,425,310,249,657,692,701,705,460,333,671,698,705,707,708,465,686,455,685,448,680,440,319,668,441,679,444
1,673,435,315,666,428,311,665,695,701,707,471,339,267,662,424,310,249,663,693,702,704,462,334,671,698,705,707,708,466,686,457,684,449,680,441,320,668,429,678,444
1,675,439,318,666,430,312,664,695,702,705,460,334,263,661,428,310,249,660,693,701,705,463,333,671,698,704,707,709,469,685,446,682,450,680,443,320,668,429,677,446
1,676,440,318,670,434,314,669,695,702,705,462,334,264,666,432,314,251,661,694,701,706,465,335,674,699,705,707,709,470,686,446,682,451,683,445,322,672,435,678,448
0,288,664,695,451,681,701,456,330,261,221,658,693,701,458,684,701,705,465,335,264,224,657,693,450,325,259,220,196,650,412,673,438,676,436,678,699,454,682,449,682
0,380,674,698,456,682,701,457,330,261,222,657,693,702,459,683,701,705,465,337,265,224,657,693,453,326,259,221,196,654,413,673,440,679,440,678,700,456,681,451,682
1,691,457,329,671,441,323,669,696,704,706,467,336,266,665,436,315,252,659,696,702,706,469,338,674,699,706,707,708,474,687,453,681,443,681,450,324,677,438,677,438
0,285,666,696,456,681,700,460,332,262,222,656,693,702,463,683,701,706,469,337,266,224,655,694,454,327,260,220,196,654,420,673,444,678,443,677,699,458,682,441,680
0,380,677,698,460,685,701,463,333,263,222,656,693,702,464,686,702,696,471,339,267,224,659,694,457,328,261,220,197,653,422,672,431,677,444,681,700,460,683,442,680
1,690,447,323,669,431,313,666,696,703,706,471,338,267,663,426,310,249,662,691,702,705,462,333,671,698,705,705,708,466,686,456,685,448,681,441,319,669,428,677,444
1,675,438,317,666,429,309,665,695,704,706,460,332,262,662,427,310,249,661,694,702,705,463,335,670,698,704,708,708,467,685,444,683,450,680,442,320,668,429,677,445
1,675,439,318,670,434,314,665,695,703,706,462,333,265,667,431,314,250,661,692,702,707,465,335,675,699,705,707,708,469,685,446,682,451,683,449,321,668,431,677,447
0,288,664,695,450,681,701,455,328,260,220,657,693,701,456,683,702,706,464,335,265,223,657,693,449,324,259,220,196,651,426,674,440,676,435,679,699,453,682,450,679
1,690,455,327,672,439,317,670,697,703,706,465,335,265,666,435,315,251,660,693,702,704,468,337,674,699,705,706,708,472,687,452,682,441,682,447,323,672,437,676,436
1,674,443,320,669,437,317,668,696,703,706,465,336,263,665,436,315,252,659,693,702,705,469,338,673,699,705,707,709,473,688,453,681,442,681,448,324,670,438,677,438
0,284,663,695,455,680,700,459,330,262,221,659,693,701,462,682,701,706,469,338,266,224,656,693,455,326,259,220,197,653,420,672,443,679,443,677,699,456,682,440,680
0,382,677,699,460,682,701,462,333,263,222,656,693,702,464,682,701,706,470,338,266,224,659,694,456,329,260,221,197,654,421,673,431,677,443,677,699,459,682,442,681
1,690,445,323,669,430,311,667,695,702,707,470,338,267,663,426,308,249,661,694,701,706,461,333,672,698,704,707,709,466,686,456,684,448,680,440,319,668,441,679,444
1,676,438,318,666,429,312,665,695,703,705,460,333,263,661,426,310,249,661,694,701,706,463,335,671,699,702,707,714,467,686,445,683,449,680,441,319,668,429,677,445
1,676,440,317,670,433,314,665,695,703,705,460,333,263,666,431,313,251,660,694,702,705,464,335,674,699,704,707,708,468,685,445,682,450,683,445,322,667,431,677,446
0,287,664,695,450,681,700,454,327,260,220,658,693,700,457,683,702,706,463,334,265,224,657,694,449,325,259,220,196,649,425,674,439,676,436,678,699,451,683,449,679
0,376,674,698,455,682,701,457,326,261,225,658,694,702,459,683,702,706,465,336,265,224,658,692,451,324,258,219,196,650,413,673,438,675,436,677,701,454,683,450,682
1,691,455,328,671,440,318,669,696,703,706,466,336,265,665,436,315,252,659,693,702,706,468,339,673,699,705,708,708,473,688,452,682,442,681,449,323,671,438,677,436
0,284,662,676,455,680,701,459,330,262,220,656,693,701,462,682,701,706,468,337,266,224,656,693,453,326,259,219,197,654,419,674,442,679,442,678,699,458,683,439,681
0,381,677,699,460,682,701,461,333,263,222,656,692,699,463,683,701,706,469,338,266,224,660,692,456,329,260,221,198,653,422,673,430,677,442,677,700,459,681,441,681
0,382,677,700,463,685,702,463,335,263,223,656,693,702,464,686,702,706,471,339,267,224,660,695,457,330,261,221,196,653,423,673,431,677,444,681,699,460,682,442,680
0,394,676,700,464,685,702,465,335,264,223,656,693,702,466,685,703,706,460,333,264,223,659,694,459,329,262,216,197,652,424,672,433,677,446,681,700,462,684,446,681
1,693,452,326,673,436,316,666,696,703,706,461,333,264,667,431,313,251,662,694,701,706,464,335,674,699,705,707,708,468,686,445,683,450,684,444,322,668,430,677,445
0,287,665,696,449,682,701,455,328,260,221,658,687,702,456,682,701,706,464,334,264,224,658,694,449,325,258,220,196,650,425,675,439,677,436,678,699,452,683,449,680
0,377,674,708,454,683,701,457,329,261,221,659,693,702,459,683,703,708,465,336,264,222,657,693,454,326,259,219,197,650,413,673,439,676,437,678,700,454,683,450,683
1,691,455,328,672,440,318,669,697,704,707,465,336,264,665,435,315,252,660,694,701,705,467,337,673,699,706,707,708,473,689,452,682,441,681,448,323,672,437,677,437
0,284,663,695,454,680,700,459,331,261,222,657,692,702,461,683,701,707,468,337,266,223,657,691,453,326,260,219,197,648,421,672,441,678,442,678,699,456,682,452,683
0,381,677,698,459,682,702,460,333,263,221,656,693,702,463,682,702,707,470,338,266,223,661,697,456,328,261,221,196,654,421,673,430,677,442,677,698,465,683,440,682
0,382,676,699,461,685,702,463,334,263,222,656,694,701,464,686,702,706,471,339,267,224,661,694,456,329,261,221,197,653,422,673,431,677,444,681,700,461,682,442,680
1,691,448,324,669,430,312,666,695,704,706,471,337,267,663,426,310,249,661,694,700,706,461,334,671,699,705,707,708,467,686,456,684,449,681,441,318,669,429,678,444
1,676,438,317,666,430,311,665,695,703,706,460,333,263,662,427,310,249,661,694,702,706,463,334,674,698,705,707,708,468,686,445,683,449,680,441,320,668,430,677,445
0,287,654,695,448,682,702,454,321,261,222,658,693,702,456,684,702,706,464,335,264,223,658,693,449,325,259,219,196,651,426,675,437,677,435,679,699,464,684,446,680
1,691,453,326,672,438,317,670,697,704,706,463,335,264,666,433,314,251,660,694,703,705,466,335,674,699,705,707,709,471,688,451,682,453,683,448,323,672,436,678,436
1,674,442,315,669,436,315,668,695,703,705,464,335,265,664,434,316,252,661,694,702,706,467,337,674,699,705,707,707,472,688,451,682,441,684,448,323,671,437,677,436
1,674,443,319,668,437,316,666,694,703,707,466,335,265,664,436,314,253,659,693,701,705,469,337,673,698,705,708,708,473,686,453,682,442,682,448,323,671,438,676,437
0,283,662,695,455,680,700,459,332,262,221,656,693,702,462,683,701,706,468,337,266,224,656,695,454,327,264,221,196,653,420,672,443,678,443,677,699,458,682,440,681
1,690,446,323,669,429,312,666,695,703,705,468,337,265,663,425,309,249,657,693,702,705,460,334,671,698,705,707,708,466,686,455,684,448,681,451,325,669,441,680,444
0,286,666,695,459,683,701,463,334,263,222,656,693,701,465,685,702,706,460,333,263,223,659,694,458,330,261,221,197,653,422,672,432,677,444,681,699,461,685,446,681
0,384,675,699,463,686,702,466,334,264,222,660,693,702,467,685,702,706,461,333,264,223,659,695,459,330,261,221,197,652,424,675,437,677,446,681,699,462,685,447,681
1,692,451,326,671,436,318,667,697,703,706,462,333,265,666,432,313,251,661,694,705,706,464,335,674,699,705,707,709,469,686,453,682,451,684,446,322,668,432,657,446
1,675,441,318,670,434,314,669,696,703,706,463,334,264,666,433,314,251,660,694,702,705,466,336,674,699,705,707,709,470,685,447,682,452,683,446,323,672,436,677,448
1,675,442,319,669,436,315,668,696,703,706,464,335,264,665,434,314,251,660,694,705,706,467,336,674,698,705,706,708,471,688,451,682,453,683,448,323,671,437,676,436
0,284,662,695,453,680,700,458,331,261,222,656,693,702,460,682,701,705,467,336,265,238,656,693,452,325,257,220,196,649,414,673,440,679,443,678,699,456,682,451,682
0,381,673,697,458,682,700,460,331,263,221,657,693,702,462,683,702,704,468,337,265,224,656,693,453,327,260,220,196,654,419,674,442,679,442,677,699,458,682,440,681
0,381,677,699,459,682,701,462,333,261,221,656,693,702,463,682,701,706,470,337,267,225,661,695,456,328,259,214,195,653,421,673,430,677,443,678,699,459,682,441,680
0,382,677,699,461,685,702,464,334,263,222,656,693,702,465,684,702,706,471,339,267,224,660,694,457,329,261,221,196,654,422,672,432,677,443,681,699,461,682,443,680
0,382,675,698,464,685,702,465,332,264,223,661,694,702,467,685,703,707,460,333,263,222,659,694,459,330,261,221,196,652,423,672,433,675,445,680,700,462,685,447,680
1,692,453,326,672,434,316,666,696,703,705,460,333,263,666,431,314,250,661,694,702,704,463,334,675,700,705,707,707,469,686,448,683,450,683,445,322,668,430,678,447
1,675,440,318,670,435,314,670,696,703,706,462,334,264,666,432,313,251,661,694,702,705,465,333,675,699,705,707,708,469,685,446,684,451,683,446,323,671,435,678,448
1,675,442,319,668,436,314,668,696,704,706,463,338,264,665,433,314,252,660,694,701,705,466,336,674,699,705,707,708,471,687,450,682,453,683,447,323,672,437,677,436
1,674,442,319,668,437,315,668,695,702,704,465,335,265,664,435,315,251,659,694,701,706,468,335,674,698,705,704,708,474,688,452,682,442,681,448,323,670,437,677,437
1,673,444,320,668,438,319,667,695,702,706,466,336,265,664,436,316,252,659,693,701,706,469,337,673,698,705,707,708,462,687,452,681,443,680,449,323,670,438,676,438
1,672,433,313,669,438,317,667,694,703,706,467,337,264,664,437,316,251,658,694,703,706,459,332,672,698,704,706,708,462,686,453,684,446,681,450,325,669,440,679,442
1,672,432,315,666,425,309,666,694,702,706,468,338,266,663,425,309,248,657,692,702,705,460,332,671,697,705,706,708,464,685,455,683,446,680,438,318,669,441,680,444
1,672,434,315,666,427,310,665,695,702,705,470,338,266,662,426,309,249,661,693,701,706,461,333,671,698,705,707,708,466,685,456,684,449,680,440,319,668,428,677,444
1,675,437,317,665,428,310,664,695,702,706,460,332,263,662,428,310,248,660,694,701,706,463,334,670,698,704,706,708,468,685,445,682,449,679,442,319,667,429,677,445
1,675,439,318,669,433,313,669,696,702,705,461,334,265,666,432,313,251,660,693,702,705,465,336,673,699,705,707,708,469,685,448,681,451,683,446,322,672,440,679,447
1,675,440,318,669,435,314,669,695,702,705,463,334,264,665,433,314,252,659,693,701,705,466,335,674,699,705,707,708,470,688,450,682,452,682,447,323,672,436,677,435
0,282,664,695,451,680,699,456,329,260,221,657,693,701,460,683,701,706,466,336,260,223,656,692,452,326,259,220,196,649,413,672,439,678,440,678,698,454,682,450,682
0,380,674,698,457,682,700,461,331,259,221,657,693,701,461,683,700,705,467,337,266,223,656,693,453,327,259,220,196,649,413,673,441,678,442,678,699,456,682,463,682
0,381,677,699,459,682,701,461,332,262,222,656,693,702,462,682,701,706,468,337,265,224,656,693,453,327,259,220,196,654,420,672,443,679,443,678,699,458,682,440,681
1,691,446,322,669,429,312,666,695,703,706,468,336,266,664,426,309,249,657,693,701,706,459,333,671,698,705,709,708,465,686,454,683,447,681,439,318,669,440,679,443
1,673,434,315,677,427,310,668,695,702,705,470,338,266,663,426,309,250,661,694,702,706,461,332,671,698,705,707,708,466,686,455,684,449,680,441,320,669,428,678,443
1,676,438,316,666,428,311,664,695,702,705,459,332,262,662,426,312,248,660,693,701,705,462,334,671,698,704,707,708,467,685,444,682,449,680,441,320,667,429,678,445
1,676,439,317,670,433,314,664,695,700,706,461,332,263,666,432,314,250,661,693,702,705,464,334,674,699,705,707,708,468,685,446,682,450,683,445,324,667,431,677,448
0,287,664,695,450,681,700,455,328,260,221,658,692,702,457,683,701,706,464,334,264,222,657,693,449,325,258,219,195,650,426,674,439,676,435,678,699,452,683,449,679
0,376,674,698,455,682,700,457,330,261,221,658,693,702,459,683,701,706,466,336,265,224,657,693,451,325,259,223,196,650,413,673,439,679,440,678,699,454,682,450,682
1,690,455,328,671,440,318,678,696,704,706,466,336,265,664,436,316,252,659,694,701,706,469,337,674,699,706,707,708,473,687,453,682,441,681,448,323,670,445,677,437
1,673,444,320,668,438,316,667,695,703,705,466,336,265,664,437,316,252,658,693,701,705,470,336,672,698,704,707,708,463,686,453,681,443,681,450,324,670,440,680,441
1,673,433,313,666,439,317,667,694,702,704,468,337,266,664,438,317,252,658,692,701,711,460,332,671,698,704,706,708,464,686,454,684,446,681,451,325,669,441,679,443
1,672,433,314,666,426,309,665,695,702,705,469,338,267,661,426,310,248,660,693,702,705,460,331,671,698,704,706,708,465,685,455,683,446,680,439,318,669,440,679,443
0,287,665,695,459,683,701,464,334,263,222,659,693,701,466,685,702,705,461,333,263,223,658,693,458,330,261,221,196,652,423,675,436,677,446,680,699,462,684,446,680
1,691,451,325,672,435,315,665,695,702,706,461,333,264,666,431,312,250,661,694,701,706,463,334,674,698,704,707,708,469,685,446,682,450,683,444,321,668,430,677,444
1,675,440,318,669,434,313,668,696,703,706,461,334,263,665,433,314,251,660,693,701,705,465,335,674,698,708,706,708,469,685,447,681,451,682,446,322,671,434,677,448
0,288,664,694,451,681,700,455,329,261,220,657,693,701,458,682,701,706,465,335,264,223,656,693,450,325,258,219,195,649,411,673,438,675,436,678,698,453,682,450,682
1,690,452,327,671,439,318,669,696,704,706,465,336,265,664,435,316,252,660,693,701,705,468,337,674,698,704,707,707,472,688,450,682,441,681,448,323,670,437,676,437
0,283,662,694,454,680,700,458,330,261,221,656,693,701,461,682,701,706,468,336,265,224,655,693,453,327,259,220,196,653,419,673,439,679,442,677,698,456,681,439,681
0,382,676,699,460,682,683,461,333,263,221,656,692,703,463,682,701,706,469,337,267,224,660,694,455,328,260,221,196,653,420,673,431,677,441,677,699,458,682,440,680
1,690,446,323,669,430,312,666,695,702,705,469,338,266,662,425,309,248,656,692,702,706,460,333,671,698,705,706,703,465,686,456,683,448,679,439,317,668,441,680,444
1,672,435,314,666,428,310,665,694,702,705,471,338,266,663,426,310,248,661,693,702,705,462,333,671,698,705,707,708,466,685,456,684,449,680,440,319,665,429,677,444
0,286,665,695,449,681,700,463,334,265,222,658,693,701,455,683,701,706,461,335,264,224,658,694,447,323,257,219,196,651,424,675,436,677,437,678,698,461,684,447,680
0,375,674,698,453,682,701,455,328,260,221,658,693,702,457,683,701,706,463,334,263,223,658,693,448,325,258,219,195,650,425,674,438,676,435,678,699,452,683,447,680
1,691,453,326,671,438,321,670,697,703,706,464,334,264,665,434,314,252,660,693,702,705,465,335,674,699,705,707,708,470,688,450,682,453,683,447,322,671,436,677,435
0,270,662,695,452,680,700,457,329,261,221,655,693,701,459,682,701,705,465,337,264,223,657,693,451,327,256,220,196,649,413,673,439,678,454,678,698,455,681,450,681
1,690,456,328,671,440,318,668,696,703,705,466,336,264,664,436,315,252,659,693,701,705,469,337,673,698,704,707,708,473,688,453,681,442,681,449,324,670,439,676,438
0,284,667,695,456,680,699,459,331,262,222,655,691,703,462,682,701,705,469,337,265,224,660,694,455,327,260,221,196,653,420,672,430,677,442,677,698,457,682,441,681
1,691,445,323,669,429,311,667,696,703,706,468,337,266,663,425,309,248,657,692,701,705,460,332,672,698,706,707,708,465,686,454,684,446,681,439,319,668,440,679,444
1,673,434,315,666,428,310,665,694,702,706,471,338,266,663,426,309,250,661,694,702,706,461,333,671,698,704,706,708,466,685,456,684,448,680,440,318,668,428,678,443
0,286,666,695,460,682,701,465,334,263,222,659,693,702,467,684,702,705,461,334,264,222,658,694,460,330,261,221,195,652,424,676,437,676,447,679,700,463,685,447,679
1,691,451,326,671,436,316,666,695,702,706,461,333,263,666,432,313,250,660,693,702,706,464,334,674,699,704,707,708,469,685,446,682,450,683,445,322,667,431,677,446
0,286,664,694,450,680,701,454,329,259,221,658,694,701,457,682,701,706,464,334,265,223,657,693,449,325,259,219,197,650,412,673,438,676,436,677,699,452,684,448,683
0,378,674,698,455,682,701,457,330,261,222,657,693,702,459,683,702,706,465,336,264,223,657,693,451,325,258,219,196,649,413,673,439,679,439,678,699,454,682,450,682
1,691,456,328,672,441,318,668,697,709,706,466,336,264,665,435,310,252,659,692,693,705,469,336,673,698,705,707,708,474,688,452,682,442,680,448,323,671,438,676,437
1,673,444,320,670,438,317,667,695,702,706,465,336,265,664,437,315,252,659,693,701,705,470,337,672,698,705,691,709,463,686,453,679,443,680,450,323,670,439,680,442
0,285,665,695,456,683,701,461,332,263,222,655,692,701,463,682,701,706,470,338,266,225,660,694,456,328,262,221,196,653,421,672,432,676,443,677,697,458,681,441,680
1,689,447,323,668,430,312,668,695,703,706,469,339,266,664,425,309,248,662,693,702,705,461,334,671,698,704,706,707,465,685,455,683,448,681,440,318,668,427,677,443
0,286,665,695,459,683,700,463,334,263,222,659,694,702,466,685,702,706,461,333,263,222,659,693,459,333,261,221,196,652,423,675,436,677,446,680,699,462,685,447,680
0,374,675,699,452,683,700,467,334,264,222,659,693,703,456,684,701,706,462,335,264,222,658,694,447,325,258,219,195,651,424,675,437,676,434,679,698,464,684,448,680
0,375,673,698,454,682,700,456,329,261,220,658,693,702,457,683,701,706,462,334,264,223,657,694,449,325,256,218,194,650,427,662,439,677,436,677,697,452,682,449,679
0,376,674,697,455,682,701,457,325,261,221,657,693,702,459,683,701,706,465,335,264,223,657,693,450,324,259,219,195,650,413,673,438,675,436,678,699,454,682,450,682
0,378,673,698,456,682,701,458,330,261,221,655,693,701,461,683,701,707,466,335,265,223,657,694,452,327,259,220,196,649,414,672,439,678,440,678,699,455,682,441,682
0,380,673,698,458,682,701,460,331,262,222,656,693,702,461,683,701,706,468,337,265,224,656,693,453,327,259,220,191,654,420,673,442,678,443,678,699,457,682,440,682
0,380,677,699,460,682,701,461,332,263,221,656,693,700,463,682,701,707,469,338,266,224,660,694,455,328,260,220,196,654,421,673,430,678,441,677,699,458,682,441,680
1,690,447,323,669,429,312,666,697,703,706,470,338,266,663,425,309,248,657,692,701,705,460,333,671,698,704,707,708,465,685,455,685,448,680,440,319,669,441,679,444
0,286,666,695,459,683,701,466,334,265,223,659,693,702,466,685,702,706,460,333,264,222,659,694,458,330,260,221,196,652,423,672,433,676,445,680,699,462,685,447,680
1,693,453,326,673,436,316,666,696,703,706,460,333,262,667,430,313,250,661,691,702,705,464,335,675,699,705,707,708,467,685,445,682,449,684,445,321,666,430,677,446
0,287,664,695,450,681,700,454,328,260,220,658,693,702,457,684,702,706,463,334,264,222,657,693,448,323,258,219,195,650,425,675,438,677,435,678,699,452,682,447,680
0,376,673,698,454,682,701,457,329,262,219,658,692,703,457,684,701,706,464,337,264,224,657,693,450,326,258,221,195,650,412,674,439,676,436,678,699,454,680,449,683
1,691,455,327,672,439,318,669,697,704,706,465,335,264,665,434,314,251,660,694,701,705,468,336,674,699,705,707,708,472,688,451,682,441,681,448,323,671,437,677,436
0,284,660,695,453,680,698,459,330,261,221,656,692,701,462,683,701,706,467,337,265,223,656,693,453,326,260,220,196,653,419,673,442,679,442,678,699,456,682,452,682
0,381,677,699,460,682,701,461,332,263,222,656,693,701,462,683,702,706,469,337,265,224,661,695,456,329,260,219,196,653,420,672,430,677,442,676,699,457,682,440,680
0,382,676,699,461,685,701,463,334,263,221,655,693,702,463,686,702,706,469,338,267,224,660,695,456,329,260,220,197,653,422,672,431,677,443,681,699,460,681,443,680
1,690,447,325,668,431,312,649,695,702,706,471,338,267,663,427,310,249,661,694,702,705,461,335,671,696,704,707,708,466,685,455,683,447,679,440,319,668,429,677,443
1,675,438,317,666,427,311,664,695,702,705,460,332,262,662,427,310,249,661,693,702,706,463,334,671,698,705,707,708,468,685,444,682,449,679,445,320,668,429,677,444
0,287,664,695,449,681,700,452,328,260,220,658,693,701,456,683,701,705,463,334,263,222,658,694,438,324,263,219,195,651,425,675,438,676,435,678,699,452,683,448,680
0,375,674,698,453,682,701,456,329,261,220,658,692,702,458,683,701,706,463,335,265,223,657,694,450,325,258,219,195,650,412,673,438,676,435,678,698,454,682,449,683
1,690,454,327,672,439,317,669,696,703,706,465,334,264,664,434,314,249,659,693,702,706,467,337,674,699,704,707,709,472,688,452,681,441,691,448,324,671,436,677,435
1,673,443,321,668,437,315,668,695,703,705,466,335,264,664,436,315,252,659,693,702,705,469,337,673,699,705,707,708,473,688,452,681,442,681,449,323,670,438,677,438
0,283,667,695,454,680,700,460,331,261,222,656,693,702,462,682,701,705,468,336,265,222,656,693,452,326,259,219,196,653,419,673,443,678,443,678,699,457,682,439,680
1,690,445,322,669,428,311,666,696,702,706,468,337,265,663,424,309,247,657,693,701,705,460,332,672,695,705,707,708,465,686,454,684,448,681,438,318,669,440,679,442
0,284,664,695,458,683,700,462,333,263,222,655,693,702,465,685,701,706,460,332,262,222,659,693,457,329,260,221,197,652,422,672,432,676,444,680,699,461,684,445,680
1,693,451,326,669,432,312,666,696,703,706,459,332,263,660,426,310,249,660,693,702,705,463,334,671,698,705,707,708,467,685,445,683,448,680,441,319,668,428,678,444
1,675,439,317,670,432,314,664,695,704,705,460,332,262,666,431,313,250,661,693,702,705,464,334,674,698,705,707,708,468,685,445,682,450,683,445,322,667,430,677,446
0,286,663,695,450,681,700,455,328,260,220,658,693,701,457,683,702,714,464,334,261,222,657,693,450,324,258,219,195,650,426,674,438,676,436,678,698,452,682,440,679
1,690,453,327,671,438,316,669,696,703,706,464,334,264,665,434,314,251,659,693,702,705,467,336,673,699,705,707,708,471,688,451,681,444,681,447,322,671,436,677,436
1,673,442,318,668,437,315,668,695,702,707,465,335,265,664,435,314,252,659,694,701,705,467,336,673,698,704,707,708,472,687,452,681,441,680,448,322,671,437,677,438
1,674,443,320,667,438,315,667,695,702,705,466,336,264,664,437,315,251,658,693,701,705,469,337,672,698,703,706,707,462,686,453,680,442,683,449,324,670,439,680,441
1,672,432,313,667,439,316,666,695,702,705,467,337,264,663,437,316,252,658,692,701,705,460,333,672,697,705,707,708,464,686,453,685,446,680,451,325,669,441,679,443
0,286,666,695,457,683,701,462,333,263,222,655,693,701,463,685,699,705,459,331,263,222,659,693,456,329,260,220,197,652,421,672,431,676,443,680,698,460,681,442,680
0,382,676,698,462,685,701,465,333,264,222,660,693,702,466,685,702,705,460,333,262,222,659,694,457,330,261,221,196,653,423,675,435,677,445,680,716,463,686,446,681
0,374,674,698,451,683,701,465,335,264,223,659,693,701,456,683,702,706,462,333,264,222,658,694,447,323,257,217,195,651,424,675,437,676,434,678,698,463,684,447,680
1,691,453,326,672,437,315,669,697,703,706,463,333,263,666,432,313,250,661,693,707,705,466,336,675,698,705,707,711,469,685,446,682,451,683,446,322,671,434,677,447
1,675,442,320,668,429,315,667,695,702,706,463,334,264,666,433,314,251,659,693,701,705,466,336,673,699,704,707,708,470,688,451,681,452,682,447,322,670,435,677,435
1,673,442,318,668,435,315,668,695,702,705,465,334,265,665,434,314,252,659,693,701,705,467,336,673,698,705,707,707,472,688,452,682,440,681,447,323,670,437,677,436
0,284,661,694,453,680,700,458,330,260,220,656,693,701,460,682,701,706,467,337,265,223,655,693,454,326,258,220,196,653,418,673,441,678,442,677,699,456,682,438,680
0,380,676,698,459,682,700,460,332,262,221,655,693,701,462,682,701,706,468,337,265,224,660,694,455,327,260,220,196,653,419,672,430,677,442,677,698,458,681,441,680
1,690,446,324,668,429,310,666,695,703,706,468,337,266,664,425,308,249,656,692,700,704,459,333,672,699,704,706,708,465,685,455,684,447,681,439,317,667,435,679,442
0,286,668,695,459,683,700,463,333,263,222,655,692,701,465,685,701,706,460,332,263,222,659,693,458,329,260,220,196,652,423,672,432,676,444,680,698,461,685,446,680
1,693,451,325,673,435,315,666,695,702,706,460,332,262,666,430,312,250,661,692,702,707,463,334,675,698,706,707,708,467,685,443,683,449,679,440,319,667,430,677,445
1,674,439,317,669,433,313,668,696,700,705,462,333,263,666,432,312,250,660,693,702,705,464,334,674,698,705,707,708,469,685,445,681,450,682,445,322,671,434,677,447
1,675,439,318,669,435,314,668,695,702,705,463,334,263,665,434,313,251,659,693,701,705,465,335,674,699,704,707,707,471,687,449,673,452,683,447,322,671,435,677,434
1,673,441,318,668,436,315,668,695,702,705,464,335,264,664,434,314,251,659,694,701,705,467,335,673,698,704,706,707,471,688,451,682,440,680,447,323,670,436,677,436
0,283,663,694,453,679,699,456,331,261,221,658,694,701,460,682,701,705,468,336,263,223,655,693,452,325,256,220,196,648,413,671,441,678,441,678,699,456,682,451,682
0,380,676,700,459,681,701,460,331,262,221,656,692,702,462,682,701,705,468,337,265,223,660,694,454,327,259,220,196,653,420,672,429,677,441,677,698,457,682,440,680
0,379,676,698,462,686,701,463,332,263,222,656,692,701,463,686,702,706,470,337,266,223,660,694,456,329,260,220,196,652,421,671,431,676,443,679,701,459,681,441,680
1,689,447,323,668,430,311,666,695,702,706,470,338,265,663,425,309,248,661,693,701,705,461,333,671,698,704,706,708,466,686,455,684,448,680,440,319,668,428,677,443
0,285,665,695,459,683,701,464,334,264,223,659,693,701,466,684,701,706,461,331,262,222,658,694,458,328,260,220,195,648,424,675,436,676,446,680,699,462,685,446,680
0,375,674,698,452,682,700,466,335,264,222,659,693,701,456,684,701,705,462,333,263,224,658,692,447,324,257,218,195,651,424,674,437,676,434,678,699,463,684,448,679
0,375,673,698,452,683,701,455,329,262,219,658,693,703,461,683,701,706,463,334,261,222,657,693,449,323,257,220,195,651,411,673,436,676,434,678,698,454,682,450,682
1,691,454,327,672,438,316,669,696,703,706,464,334,263,665,434,314,251,660,693,702,705,467,336,674,698,705,707,708,471,687,451,682,439,681,446,322,671,436,677,436
1,673,442,319,668,436,316,668,695,702,705,466,335,264,663,435,315,252,658,692,701,705,468,336,674,694,709,707,708,472,686,451,682,442,681,448,323,651,438,677,438
1,673,444,319,668,438,316,667,695,702,705,466,335,264,664,436,315,252,658,692,701,705,469,337,672,697,704,707,708,462,686,452,680,441,680,450,324,670,438,679,441
0,285,666,696,456,684,700,461,332,262,222,652,692,701,462,682,700,705,470,336,264,223,659,693,455,327,258,220,196,653,420,672,429,677,442,677,698,457,681,441,679
1,689,446,322,668,429,312,665,695,702,705,470,337,265,663,425,309,248,661,693,701,705,460,333,671,699,704,706,708,464,686,455,684,447,679,439,318,668,427,677,442
1,677,437,316,666,428,311,665,695,702,705,458,331,261,662,426,309,247,661,693,712,705,462,332,671,699,704,706,706,466,685,443,682,448,680,440,319,668,429,677,445
1,675,438,318,670,432,313,664,695,701,706,460,333,262,666,430,313,251,661,693,703,705,463,334,674,698,704,707,708,468,684,445,681,449,682,444,318,667,430,677,445
1,675,440,318,669,434,314,668,695,702,705,461,333,263,665,432,313,250,661,693,700,705,465,334,674,698,703,707,707,469,684,446,681,451,682,445,322,671,434,677,445
0,287,663,695,452,680,700,455,327,261,220,656,692,701,458,683,701,706,465,333,264,223,656,694,450,324,258,218,196,648,412,672,439,675,435,677,698,452,684,450,682
0,379,673,698,456,681,701,458,329,261,220,657,693,702,459,683,700,705,466,335,264,223,656,692,451,325,259,220,195,648,413,672,439,679,440,677,699,455,681,451,682
0,380,673,698,457,682,701,459,332,260,221,655,692,701,460,683,701,705,467,336,265,222,655,692,452,327,258,220,195,653,420,673,442,679,442,677,698,456,682,439,682
1,690,445,321,669,441,318,667,697,703,706,467,338,265,664,437,315,252,658,692,701,705,459,331,672,698,704,706,708,463,686,453,684,446,680,451,324,670,440,679,442
0,287,666,695,459,683,700,462,333,262,222,654,692,701,463,685,701,705,470,337,267,223,659,694,455,329,260,220,195,653,420,672,430,677,442,680,699,460,681,442,679
1,692,450,325,669,430,312,666,695,702,705,459,331,263,662,425,309,248,661,693,702,705,461,333,670,698,704,707,707,468,685,456,683,449,680,440,319,668,428,677,443
1,675,437,310,670,432,312,676,694,702,705,462,330,262,667,430,311,250,660,694,701,705,462,333,674,699,703,707,708,477,684,444,682,449,682,445,320,667,429,679,444
1,674,439,318,669,433,314,668,695,702,705,461,333,263,664,431,312,250,660,693,701,705,464,334,673,698,704,706,708,469,684,445,681,450,684,445,322,671,434,677,446
0,286,664,695,450,680,700,454,328,259,221,657,692,700,458,673,702,705,465,334,264,222,657,693,452,324,257,219,193,650,411,672,438,675,435,677,698,452,682,448,682
0,378,673,698,455,682,700,457,330,261,220,657,692,701,459,683,701,705,465,335,264,222,656,693,450,325,257,219,195,649,413,672,439,678,439,679,699,455,682,450,682
0,380,674,697,457,682,700,459,329,263,219,656,691,701,462,683,701,705,465,335,264,223,656,693,452,325,258,220,195,654,417,672,442,679,441,678,699,456,681,452,682
1,690,444,322,673,441,318,667,698,702,705,467,335,264,663,437,316,252,658,692,701,705,458,331,672,698,704,707,707,462,686,455,684,445,681,450,324,670,440,679,442
0,284,666,695,458,683,701,461,332,261,221,655,692,702,464,685,700,705,470,337,265,222,660,693,456,328,261,220,196,652,421,672,430,677,443,680,699,460,682,441,681
1,690,447,323,668,429,312,666,695,702,706,470,337,266,662,425,309,248,661,694,701,705,461,333,670,694,704,706,708,466,685,455,684,448,680,439,318,668,428,677,443
0,285,662,695,459,683,700,465,333,263,221,659,693,701,466,686,701,706,460,333,261,222,659,693,457,330,261,220,196,651,423,675,437,676,445,679,699,462,684,447,680
0,374,674,698,452,682,701,454,327,260,220,661,693,700,456,683,701,705,462,333,263,221,657,694,448,323,258,218,195,650,424,674,437,676,432,678,698,451,682,447,679
0,374,674,698,454,683,701,455,329,261,220,657,693,701,457,683,701,706,464,329,263,222,656,693,448,324,258,219,195,650,411,674,438,676,435,678,699,453,682,448,682
1,690,454,326,670,439,316,669,696,704,706,464,335,262,665,434,314,251,659,692,701,705,466,335,673,698,704,707,708,471,688,451,681,440,680,448,322,670,436,676,436
0,284,662,695,452,680,699,457,330,262,220,656,692,701,460,683,701,706,466,336,264,223,655,693,451,326,257,219,196,649,413,672,438,678,440,677,698,456,682,447,681
1,690,444,322,670,441,318,668,695,703,705,466,336,265,664,437,315,253,658,693,701,705,469,337,673,698,705,706,708,462,686,452,681,443,680,467,324,669,439,680,441
0,285,666,696,457,683,700,461,332,262,221,655,693,701,463,685,701,705,470,337,266,223,660,694,456,328,260,219,195,652,420,672,430,676,442,680,700,459,681,443,680
1,690,446,323,668,429,311,665,695,703,705,469,338,265,663,426,309,247,661,693,701,697,460,334,670,698,704,706,707,465,685,455,683,448,680,439,317,667,427,678,442
1,675,437,316,665,427,310,664,694,702,706,459,331,262,661,426,308,248,660,693,701,705,461,332,671,697,704,706,707,466,684,444,682,448,679,440,318,667,428,675,443
0,285,664,695,448,681,700,465,334,262,222,658,693,701,456,683,701,705,462,332,263,221,658,693,447,322,257,218,195,650,424,675,437,676,434,677,698,462,684,448,679
0,375,674,698,453,682,701,455,328,260,220,659,693,702,457,683,699,705,463,334,263,223,657,693,449,324,258,218,194,650,425,675,438,676,436,678,698,452,683,448,679
1,690,453,327,671,438,317,668,696,703,706,463,334,263,665,435,314,250,659,693,701,705,465,335,673,699,705,707,709,471,688,450,682,440,681,446,323,671,432,677,435
0,282,662,694,452,680,700,458,329,260,220,657,692,702,459,682,702,705,467,335,264,222,656,693,451,325,258,219,195,649,413,672,439,678,440,678,699,455,681,451,682
0,381,673,697,458,682,700,458,331,259,220,657,693,701,461,682,701,706,464,336,266,222,655,693,453,326,259,219,195,653,419,673,442,678,440,677,699,456,682,439,680
1,689,445,322,669,441,318,667,695,703,706,468,336,264,664,437,315,252,658,693,701,705,459,331,672,698,704,706,708,463,686,453,684,446,682,451,325,670,440,679,442
1,673,433,315,667,426,308,665,695,702,706,469,336,265,663,424,309,247,656,692,702,704,460,332,670,698,704,707,710,464,685,454,682,447,679,439,318,667,440,679,444
1,676,437,316,666,428,310,665,694,702,705,458,330,261,661,425,309,248,660,693,700,705,462,332,670,698,703,707,708,466,685,443,681,447,680,440,318,667,428,676,444
0,285,665,694,448,680,700,464,333,264,222,659,693,701,455,683,701,705,461,332,263,221,658,693,447,322,257,217,195,650,424,675,436,676,433,677,699,462,684,447,680
1,691,451,325,671,436,315,669,695,701,706,462,333,263,665,432,312,251,660,693,701,705,464,334,674,698,704,707,708,469,685,446,681,450,682,445,322,671,434,677,446
1,675,441,318,669,435,314,667,695,702,705,463,334,265,664,432,313,250,659,693,701,706,466,337,673,699,704,707,708,471,687,453,682,453,682,447,321,671,435,677,435
1,673,441,318,668,434,315,667,695,702,705,464,334,263,664,435,314,251,659,692,701,705,467,336,673,698,704,706,708,472,687,451,681,439,680,447,322,670,437,676,436
1,672,443,319,668,437,315,667,695,702,705,465,336,263,664,435,316,251,657,692,701,704,468,337,672,697,704,706,708,461,686,451,681,442,680,448,322,669,438,679,439
0,285,666,695,455,680,699,460,330,261,220,655,692,701,461,682,700,705,468,337,262,223,660,694,454,327,259,220,195,652,419,672,429,677,441,676,698,457,681,440,679
1,687,445,322,668,427,310,665,695,702,705,470,336,266,662,424,307,247,656,692,701,705,458,332,671,697,702,706,708,464,685,455,684,447,679,439,317,668,439,679,442
1,672,433,314,665,426,309,664,694,702,705,469,337,264,662,425,309,248,661,693,701,705,461,333,671,697,704,706,708,465,685,456,683,448,680,439,319,667,428,677,443
0,285,664,695,447,681,700,464,333,263,222,659,692,701,457,683,701,705,461,331,266,223,658,692,446,323,256,217,194,651,425,674,436,676,446,679,699,461,684,448,680
0,374,674,698,452,682,700,454,326,259,220,658,693,701,456,683,700,705,461,333,263,222,657,693,447,324,257,219,194,650,425,674,437,676,434,678,698,451,682,447,679
0,376,674,698,454,682,700,455,328,260,220,657,692,701,458,682,701,705,463,334,263,222,657,693,449,336,258,219,194,649,410,673,437,675,435,678,698,453,681,448,682
0,378,674,698,455,682,700,457,329,260,221,657,693,701,459,683,701,705,466,334,264,223,657,693,450,325,258,219,195,649,413,672,439,678,439,677,698,454,682,450,685
0,379,673,698,456,682,700,458,331,261,221,656,693,701,461,682,701,705,467,336,264,221,656,693,452,325,259,218,195,648,414,673,441,678,440,677,699,455,682,452,682
0,380,673,699,459,681,701,460,330,261,222,656,693,702,462,682,707,705,460,337,265,224,660,694,454,327,259,219,195,653,419,673,429,677,441,676,698,457,682,440,680
1,689,445,322,669,428,310,667,695,703,706,468,336,265,663,424,308,248,659,692,701,705,459,332,671,698,704,706,707,464,685,453,684,446,681,438,318,669,440,679,442
0,285,666,695,458,684,700,462,333,261,222,654,692,701,465,685,701,706,458,331,262,221,659,694,457,327,260,220,196,652,422,671,432,676,444,680,699,460,684,446,680
1,691,450,325,668,431,312,665,695,702,705,459,331,262,661,426,309,248,660,693,701,705,462,334,670,697,704,706,707,466,685,444,682,448,679,440,319,667,429,676,444
1,675,439,316,669,423,313,667,695,702,705,460,332,263,665,431,312,250,663,693,701,705,463,334,674,698,704,711,708,468,684,445,682,450,682,445,321,667,429,676,446
0,286,663,694,450,680,699,454,327,260,219,658,692,701,457,683,701,705,463,334,263,222,657,693,448,324,257,218,194,650,411,673,437,675,434,677,698,451,682,448,682
1,690,453,327,671,438,316,669,696,702,706,463,335,263,664,434,314,249,659,692,701,705,467,334,673,697,704,706,707,470,687,449,681,429,681,445,322,670,439,676,436
0,282,662,694,452,680,700,457,329,260,220,656,692,701,459,685,700,705,466,335,264,223,655,693,451,325,258,219,194,648,413,671,439,679,440,678,698,455,681,451,681
1,690,456,328,670,441,317,668,696,702,706,466,335,263,664,437,314,251,657,693,701,706,469,336,672,698,704,706,707,462,685,452,680,441,680,448,323,669,438,679,441
1,672,431,313,666,424,308,665,694,702,705,467,336,264,663,437,316,251,657,692,701,704,458,331,671,698,704,706,708,463,686,453,684,446,679,451,324,669,441,679,441
1,672,433,313,666,425,309,665,695,702,705,469,337,264,662,424,308,247,660,692,701,705,459,331,670,697,704,705,708,465,685,454,683,447,679,438,318,668,427,677,442
0,285,665,694,458,682,699,463,333,262,222,659,692,701,465,685,703,706,460,332,262,221,658,693,457,329,260,221,196,651,423,675,435,677,445,679,699,461,684,446,679
0,375,674,698,451,682,700,467,333,264,222,659,687,701,455,683,701,705,461,332,262,222,659,694,446,323,257,218,197,651,423,674,437,675,433,678,698,462,684,447,679
0,374,674,697,453,682,700,454,328,260,221,658,692,701,456,683,701,705,462,333,263,222,657,693,448,323,258,218,194,650,425,674,438,676,435,678,699,451,682,447,679
1,689,452,325,671,437,316,668,695,702,705,462,333,263,665,433,312,250,659,693,701,705,466,336,674,699,704,706,707,470,687,450,682,452,682,447,322,671,435,677,435
0,283,662,694,453,680,701,456,329,259,219,656,692,701,460,682,701,705,466,336,265,222,656,692,450,324,257,219,194,648,413,672,439,678,439,677,698,454,681,451,681
0,379,673,697,457,681,701,459,330,261,220,656,692,701,460,682,701,706,467,336,264,223,655,692,452,326,258,219,195,653,418,672,441,678,441,677,699,456,683,439,681
0,379,675,699,459,681,701,459,332,241,221,656,692,701,465,681,701,707,468,336,264,221,660,694,455,336,259,219,195,654,420,672,430,677,440,677,699,457,682,441,679
0,381,676,698,460,685,701,463,333,262,221,656,693,701,463,685,701,705,470,338,265,222,660,694,456,328,260,220,196,652,421,672,431,677,443,680,699,460,681,442,680
0,381,677,699,462,682,702,464,332,263,221,660,693,702,464,686,701,707,460,332,262,222,659,693,456,329,260,218,194,651,423,671,432,676,443,679,698,461,685,447,678
1,692,451,325,672,435,315,665,695,702,706,460,332,262,666,430,312,249,660,693,701,705,463,333,675,698,705,707,707,467,685,444,681,449,683,444,321,668,429,678,445
0,286,664,695,449,681,700,454,326,258,221,657,692,701,455,683,701,705,463,333,263,222,657,693,448,322,257,218,195,649,426,674,437,676,435,674,698,450,682,447,678
0,375,673,698,454,682,701,455,328,260,220,657,693,701,457,683,700,706,464,334,264,222,657,693,449,324,258,219,195,650,411,672,437,675,436,677,698,452,682,448,681
1,690,454,327,671,438,315,669,695,702,706,464,335,263,664,434,314,251,659,693,701,705,466,336,673,698,705,704,709,471,687,450,681,440,680,445,322,670,437,677,433
1,673,442,319,668,437,315,667,695,703,706,465,333,264,664,435,315,251,658,693,701,705,468,336,673,698,705,706,707,461,686,451,681,441,680,448,322,670,437,676,437
0,282,665,695,454,680,699,459,330,262,220,655,692,701,460,681,700,704,468,336,264,223,659,693,454,327,259,220,196,653,419,672,429,677,441,676,698,457,681,439,680
0,383,676,699,459,684,701,461,333,261,222,656,692,701,462,685,701,706,470,338,265,224,659,693,456,329,259,220,194,652,421,671,430,677,442,681,698,460,681,437,680
1,689,446,322,668,429,311,666,695,702,705,470,337,265,662,425,309,248,661,693,702,705,461,332,670,697,704,706,707,465,686,455,683,448,680,439,318,667,428,677,443
1,675,437,315,665,427,310,664,695,701,705,459,337,261,661,426,308,247,660,693,701,705,462,333,669,697,704,706,708,466,685,444,682,448,679,441,318,667,428,677,444
0,285,664,694,448,681,700,453,326,259,219,657,693,701,455,683,700,705,461,333,263,221,657,693,447,323,257,218,194,650,424,674,437,675,434,678,699,451,682,446,679
1,689,451,325,671,436,315,669,696,703,706,463,333,263,665,432,312,250,639,693,701,705,465,335,674,699,708,705,708,469,689,449,681,451,683,446,321,671,435,678,433
0,281,662,694,451,680,700,455,328,260,220,656,692,701,458,683,700,705,463,336,264,222,656,693,450,324,255,218,195,649,412,672,438,679,439,678,698,453,682,450,681
0,376,673,698,457,681,701,457,330,260,221,657,692,701,459,682,701,705,466,335,265,221,653,691,452,324,258,218,195,648,414,672,439,679,441,678,699,455,682,451,682
0,380,673,698,457,681,700,460,331,260,221,656,692,701,461,682,701,705,467,336,264,223,655,692,452,326,260,219,199,653,419,673,441,678,442,677,698,457,681,439,680
0,380,676,697,459,684,701,461,332,262,221,656,692,701,458,685,702,705,467,337,265,224,661,693,455,327,259,220,195,653,421,672,431,674,443,682,699,459,681,440,680
0,381,676,698,461,684,701,463,333,263,221,655,693,701,464,685,702,706,460,331,262,220,659,693,457,329,260,219,195,652,422,672,431,676,443,680,700,460,684,445,679
0,382,675,698,463,684,702,464,333,263,222,659,693,701,466,685,701,710,460,332,262,222,658,694,457,329,260,219,196,651,423,675,436,676,445,678,699,461,684,447,679
0,373,674,698,452,682,700,466,334,263,221,659,693,702,455,683,701,706,462,332,263,223,657,693,447,323,256,219,195,651,423,674,436,676,433,679,698,462,684,447,679
1,690,451,325,671,436,315,669,696,704,706,462,333,262,665,431,313,250,660,693,701,705,464,334,674,698,704,707,708,469,684,446,682,450,682,445,322,671,434,677,447
1,674,442,318,669,435,314,668,696,703,705,464,334,264,664,432,313,251,658,692,701,704,466,335,673,698,704,707,707,471,687,450,682,440,680,446,321,670,435,677,439
1,673,441,316,668,436,314,667,694,702,705,464,334,263,664,434,314,251,658,692,701,705,467,335,673,698,704,706,707,472,687,451,681,440,681,447,322,670,437,676,436
0,283,661,694,455,680,699,458,329,260,220,656,692,700,461,682,701,705,467,335,264,222,656,693,452,327,259,219,194,653,417,673,441,678,441,674,698,456,681,439,680
0,379,676,698,459,681,700,460,331,262,221,655,694,701,462,682,701,705,469,337,265,223,659,693,455,327,260,219,195,652,419,672,429,677,441,675,698,457,681,440,680
1,689,445,321,668,428,310,665,695,703,705,468,337,265,662,424,308,246,656,693,700,705,460,332,671,698,704,706,709,464,685,454,684,447,680,438,315,668,441,678,442
0,285,665,695,458,682,700,463,332,263,221,660,692,701,465,685,701,705,460,332,262,221,658,693,460,329,260,220,194,652,422,675,435,676,445,681,699,461,684,446,679
1,691,451,324,671,435,314,666,695,702,705,460,331,262,665,425,311,252,660,693,701,705,462,334,674,699,704,706,707,467,684,444,681,449,682,443,320,667,428,677,444
0,286,664,694,449,680,699,453,327,259,219,658,692,701,455,682,701,706,462,333,263,222,657,693,448,323,258,218,195,650,424,674,437,675,433,678,698,451,682,447,679
1,690,452,325,671,437,316,668,696,703,706,462,334,263,664,433,313,250,659,694,701,705,465,334,673,698,704,707,708,470,687,450,681,452,681,446,321,669,435,677,434
1,673,441,319,668,436,314,667,696,703,705,464,334,263,664,434,312,250,659,693,701,704,466,335,672,698,704,706,707,471,687,451,681,440,681,447,322,670,436,676,435
1,672,443,319,667,437,315,666,695,702,705,465,335,264,664,436,317,251,658,689,700,704,468,336,672,698,704,707,707,460,685,451,680,440,680,447,323,670,437,679,440
0,284,666,695,456,680,700,458,331,261,221,655,692,700,461,681,700,705,468,336,264,222,660,693,454,328,259,219,195,652,419,672,429,676,441,677,698,456,681,439,680
1,689,445,322,669,427,310,666,695,702,705,468,336,264,663,424,308,247,656,692,700,705,458,330,671,701,704,706,708,465,685,454,684,446,680,438,317,668,439,678,443
0,285,664,694,457,683,699,463,332,262,220,654,692,700,464,685,701,704,459,332,260,222,658,693,457,326,257,220,196,652,422,671,431,676,443,679,698,460,683,444,680
0,383,676,698,453,683,701,464,333,262,221,659,692,701,454,682,701,705,461,332,262,221,658,694,446,322,256,218,195,650,422,674,434,677,446,679,698,462,684,446,680
1,689,451,324,672,434,314,670,695,702,716,461,332,262,665,430,313,249,661,693,701,705,463,334,673,698,704,706,707,467,684,445,681,450,683,447,321,671,433,677,447
1,675,440,317,669,434,314,668,695,702,705,462,333,262,665,432,312,250,659,693,703,705,465,335,673,697,704,706,707,469,687,449,681,451,682,445,321,670,435,677,435
1,673,440,318,668,436,314,667,694,702,704,464,333,264,664,433,322,251,658,693,701,703,466,335,672,697,704,706,707,471,687,450,680,439,681,446,322,669,437,676,436
1,673,442,318,667,436,314,667,695,702,705,465,334,263,663,435,314,250,658,692,700,704,468,336,672,698,704,706,707,472,687,451,681,440,679,447,322,669,437,676,437
1,671,430,311,666,437,315,666,695,693,704,465,336,263,662,435,314,250,658,693,701,704,458,330,672,697,703,706,707,461,685,452,684,444,680,449,324,669,439,679,440
1,672,431,310,665,425,308,665,694,702,705,467,335,264,662,423,307,247,656,691,700,704,458,331,670,697,703,706,707,463,684,453,683,446,679,437,317,668,439,679,441
0,285,665,694,456,683,700,462,332,258,220,654,690,700,464,684,702,705,459,331,262,219,659,693,457,329,259,221,196,651,421,671,432,676,442,679,698,460,684,444,670
1,691,450,325,666,430,312,664,695,701,705,458,331,262,661,425,309,247,660,692,701,704,461,333,669,697,704,706,707,466,684,443,680,448,678,439,318,667,428,676,443
1,674,438,315,670,432,313,664,694,702,704,460,332,262,666,430,311,250,659,692,701,705,463,334,673,698,704,706,707,467,684,444,684,448,682,443,320,667,430,676,445
0,285,664,694,449,680,699,454,327,259,219,657,692,701,456,682,700,705,462,333,262,222,657,692,448,323,256,218,194,649,410,673,445,675,433,670,697,451,682,448,683
0,377,674,697,454,681,698,456,329,260,220,656,692,701,458,682,699,705,464,334,263,222,656,693,450,324,257,218,194,648,411,672,437,678,438,676,698,453,682,449,681
1,690,454,327,670,439,316,667,696,703,706,465,334,264,664,435,312,250,658,693,701,705,467,336,672,697,704,706,708,472,687,450,681,439,680,447,323,670,437,675,437
1,672,442,319,669,437,315,666,695,702,705,465,334,263,663,436,314,251,658,692,701,704,469,336,672,695,703,706,707,461,685,452,680,441,680,448,323,669,438,679,440
1,673,431,311,665,424,307,665,694,702,704,467,335,264,662,436,315,244,657,692,701,705,459,330,670,697,704,706,707,462,685,453,683,444,679,450,323,669,439,679,442
0,284,665,694,457,683,700,462,332,262,221,654,691,701,463,684,701,705,458,330,261,220,658,693,455,327,260,219,195,652,421,671,430,676,443,679,698,459,684,444,680
1,691,449,324,667,428,312,665,696,701,705,457,329,261,661,425,308,246,660,693,701,704,461,332,670,698,704,707,707,466,685,442,681,446,679,439,317,667,426,676,443
0,285,664,694,447,681,699,459,333,263,221,658,692,701,452,682,701,705,461,332,262,222,657,693,446,322,256,218,194,650,423,674,436,675,433,678,698,462,684,447,678
0,375,673,697,452,682,700,455,327,259,220,657,693,701,456,682,700,705,462,333,262,221,656,692,449,323,256,218,193,649,424,674,437,675,434,678,697,450,681,447,678
1,689,452,325,671,437,315,668,695,702,705,462,334,263,664,433,313,249,660,693,700,705,465,334,673,698,704,707,708,470,687,449,681,452,682,446,321,670,436,676,434
1,673,441,317,667,435,314,667,695,702,705,463,334,263,664,434,314,250,658,692,702,704,467,335,673,697,704,706,707,471,687,450,681,439,681,446,322,670,436,676,436
0,282,662,694,453,679,698,457,329,262,219,654,692,701,460,697,700,705,466,335,264,222,655,692,453,325,258,219,194,653,418,672,440,678,440,676,698,456,681,439,681
1,689,444,320,668,440,317,667,695,702,705,467,335,264,663,436,315,251,657,692,701,704,458,330,671,698,704,705,707,462,685,452,683,445,680,450,323,669,439,680,441
0,283,666,695,457,687,700,468,334,261,221,654,692,701,463,684,701,704,469,337,266,223,659,692,455,327,260,220,194,651,420,671,430,676,442,679,698,458,681,441,679
0,381,675,698,461,684,701,463,333,262,221,660,693,702,464,687,701,705,458,331,262,221,658,693,456,328,259,221,195,651,422,671,432,675,443,679,698,461,684,445,680
1,691,451,324,670,435,314,666,694,703,705,459,332,261,662,429,310,249,661,692,700,704,462,334,674,699,704,705,707,467,685,443,681,448,682,443,320,667,428,676,444
1,674,438,316,668,435,312,668,692,702,705,460,332,262,665,430,312,249,659,692,701,704,463,333,674,698,704,705,707,468,683,444,681,449,682,444,321,671,433,676,447
0,286,663,695,450,680,700,454,327,259,220,656,693,701,457,682,700,705,463,334,262,222,656,692,449,323,256,217,194,649,411,672,437,675,435,677,698,451,681,448,681
1,688,453,326,671,436,316,668,695,702,705,464,335,263,664,434,314,250,659,693,700,705,466,333,673,698,704,706,707,471,687,451,681,440,680,446,321,668,435,676,435
1,672,441,318,667,436,314,666,695,701,705,464,334,263,663,435,314,249,658,692,701,704,467,335,672,697,705,706,707,472,686,451,680,441,680,447,322,669,437,675,437
0,282,666,693,454,676,699,458,330,261,220,655,690,699,461,681,700,704,467,335,265,222,659,693,454,326,260,218,195,653,418,672,429,676,440,676,698,457,681,440,679
1,689,444,321,667,426,309,665,695,702,705,467,336,264,662,423,307,247,656,692,700,705,458,330,670,697,704,706,707,463,685,453,683,446,679,437,316,668,439,679,442
0,284,665,695,457,683,700,462,332,262,220,652,692,701,463,684,701,705,459,331,260,221,658,690,456,332,259,214,195,651,421,671,431,676,443,679,698,460,683,445,679
1,692,450,324,668,431,312,665,695,702,705,459,331,261,660,426,309,247,660,691,701,705,462,332,669,697,703,706,707,466,685,443,681,448,679,439,318,667,428,677,443
0,285,663,694,448,680,699,452,326,258,220,657,692,701,455,682,700,705,462,332,262,221,657,692,447,322,256,217,194,649,424,674,436,675,433,677,698,462,683,447,679
0,384,673,698,452,682,700,455,327,259,219,657,692,701,456,682,700,705,462,332,262,223,656,693,448,324,257,218,193,649,410,672,436,675,433,678,697,451,682,448,681
1,690,453,326,671,438,316,669,695,702,705,463,333,263,664,433,314,250,659,692,701,705,466,335,673,698,704,706,708,470,687,449,681,439,680,446,321,670,436,676,435
0,282,661,693,452,679,699,456,329,259,219,656,691,700,458,681,701,705,466,335,262,222,656,692,451,325,258,218,195,649,413,672,439,677,439,676,698,455,681,450,682
1,689,456,328,670,440,317,668,695,702,706,466,335,264,663,436,314,251,658,692,701,704,468,336,672,697,704,707,707,462,685,452,680,442,680,449,322,669,438,678,440
1,673,431,312,665,424,307,664,695,701,704,467,336,264,661,423,307,246,655,692,692,704,457,331,682,697,705,706,707,463,685,454,683,454,680,437,316,668,439,678,441
1,671,432,313,665,425,308,664,693,701,705,468,336,264,662,424,308,247,660,692,701,704,460,331,670,697,704,705,707,464,684,454,683,447,679,438,317,667,427,676,442
1,674,436,315,666,427,309,664,693,702,705,457,329,260,661,425,309,247,661,693,701,704,461,332,669,697,704,706,707,465,684,442,683,446,679,439,318,667,427,676,442
0,285,663,694,447,681,699,464,333,262,220,658,692,701,454,682,701,705,461,332,262,221,657,693,446,323,257,218,195,649,423,674,435,675,433,677,697,462,683,446,679
1,690,451,325,672,435,315,669,695,701,705,461,332,262,665,431,312,250,659,692,701,705,464,332,673,698,704,705,707,468,684,445,680,450,681,445,321,670,434,677,446
0,287,663,683,450,679,699,456,328,260,220,656,692,700,456,682,700,705,464,333,263,222,656,692,448,322,257,218,202,648,411,672,438,678,438,677,698,453,682,449,681
0,378,673,697,455,681,700,457,328,260,220,656,692,701,459,682,701,704,465,335,263,222,656,692,450,325,257,223,193,648,412,672,438,678,439,677,698,454,681,450,682
1,690,454,328,669,439,316,667,695,703,705,466,333,264,663,435,313,250,658,692,701,705,468,336,671,697,704,706,707,461,686,451,680,441,679,448,322,667,437,679,440
1,671,431,312,666,437,315,666,695,702,705,466,335,264,662,436,315,251,657,692,700,704,458,330,670,697,704,706,707,462,684,452,683,444,680,450,324,669,439,679,441
0,284,665,695,457,682,700,461,332,261,221,654,691,700,463,684,701,705,470,337,265,222,655,693,455,327,259,218,195,651,420,671,430,675,442,679,698,459,680,441,680
1,691,449,324,668,429,311,665,694,702,705,457,329,261,661,424,308,247,660,693,701,705,460,332,670,697,704,706,707,466,684,442,682,446,679,439,317,667,428,677,442
1,675,437,316,669,431,312,664,694,701,704,459,331,261,665,429,311,247,660,692,701,704,462,332,674,698,704,706,708,467,684,443,681,448,682,443,320,667,429,677,444
0,286,663,694,448,680,690,453,326,259,218,659,693,700,455,683,697,705,461,332,262,222,656,692,447,322,256,218,193,649,423,674,436,675,433,677,697,450,681,447,678
0,374,673,698,452,682,700,455,327,260,219,657,692,701,456,682,701,705,463,333,263,222,656,692,448,324,257,218,194,648,410,673,436,675,435,677,699,452,681,448,681
0,378,672,697,454,682,699,456,327,260,209,656,692,701,458,682,700,704,465,334,263,222,656,692,450,325,255,218,194,648,412,683,438,678,439,678,697,453,681,449,681
0,379,673,697,457,681,700,458,327,260,221,656,693,701,460,682,700,705,466,336,264,221,656,692,452,325,258,219,194,653,417,672,440,678,440,676,698,455,681,438,680
1,689,443,320,669,440,317,667,695,702,706,467,336,264,663,436,314,251,657,692,701,705,457,330,671,698,703,706,707,462,685,452,683,445,680,450,323,669,439,679,441
0,285,665,695,456,682,699,461,330,257,221,654,691,697,461,685,700,705,469,336,264,224,658,693,458,327,259,219,195,652,420,671,430,676,443,679,699,459,680,441,679
0,380,676,698,461,684,701,463,333,262,221,655,692,700,464,684,701,705,459,331,262,220,658,692,456,328,259,219,195,651,422,672,431,676,443,681,698,460,684,446,680
0,381,675,698,451,680,701,464,333,262,222,658,693,701,453,683,701,705,461,330,263,221,658,693,445,322,256,218,193,651,422,674,435,676,446,679,698,461,682,446,679
1,691,449,324,671,435,314,669,695,702,705,461,332,263,664,431,312,250,660,692,701,705,464,333,673,698,704,706,707,461,684,446,682,448,683,445,320,671,433,677,443
0,286,663,694,449,680,700,454,327,258,219,656,692,701,457,682,701,705,463,333,263,221,656,692,448,323,256,217,194,649,411,672,436,675,434,677,698,452,681,447,681
0,376,672,697,454,682,699,456,325,259,220,656,692,701,458,681,701,705,465,334,263,220,656,691,450,323,257,218,197,649,412,673,438,678,438,677,699,453,681,449,682
1,690,454,326,670,437,316,668,695,703,705,454,333,263,664,434,313,250,658,693,701,704,468,335,672,698,704,706,708,472,687,451,681,440,680,444,322,669,437,676,436
0,282,665,694,454,679,699,458,329,260,220,656,692,701,460,682,700,705,467,336,264,222,659,693,453,326,258,219,195,652,419,672,428,676,440,676,697,456,681,439,679
0,380,676,698,449,684,700,461,332,263,221,654,693,700,461,685,701,705,470,336,265,222,659,693,455,326,258,218,195,652,420,671,429,676,440,680,699,458,681,440,680
0,380,676,698,460,684,701,463,332,262,221,654,692,701,464,685,700,705,459,331,261,221,658,693,455,328,259,219,195,651,421,671,431,675,443,680,699,459,684,444,680
1,692,449,324,668,431,311,665,695,702,705,458,329,262,661,426,307,248,660,693,701,704,461,332,669,699,704,706,707,466,684,443,682,448,679,439,318,667,427,676,443
0,284,664,694,448,680,699,464,333,263,221,658,692,701,455,683,700,705,461,332,261,221,657,693,446,323,256,218,193,650,423,674,436,675,433,677,698,462,684,447,679
0,373,673,697,453,682,700,454,327,259,220,657,692,702,456,682,701,705,462,333,263,213,656,692,448,323,256,217,194,649,410,672,436,675,433,677,698,451,682,447,678
0,375,673,697,461,682,701,456,327,259,219,657,693,702,457,682,701,706,463,334,262,207,656,693,450,325,257,218,192,648,412,673,438,679,433,678,698,453,681,449,682
1,690,454,326,671,438,316,668,696,702,705,464,334,263,664,434,313,250,659,693,701,704,467,335,673,698,704,709,708,471,687,451,680,440,680,447,322,669,437,676,436
0,277,661,694,454,679,699,457,330,257,219,655,692,701,460,682,700,705,466,336,264,217,655,693,452,325,258,218,194,651,418,672,441,677,441,677,697,456,681,439,679
1,689,444,321,669,440,317,667,695,702,705,467,334,263,663,437,315,251,657,692,701,704,458,330,670,698,704,706,707,462,685,453,683,445,680,450,325,669,439,679,441
1,672,432,312,667,425,308,664,694,702,705,464,336,264,662,424,307,246,660,693,701,704,459,331,670,697,704,707,707,460,684,454,682,447,679,438,317,668,426,678,441
1,675,435,315,666,425,309,664,694,702,704,458,330,261,662,425,307,246,660,693,701,704,461,332,670,697,703,705,708,465,685,442,682,447,679,438,317,668,427,677,442
0,284,664,694,447,681,699,463,332,262,221,658,693,700,454,684,700,705,461,332,261,221,657,692,446,322,256,217,193,650,423,673,436,676,433,677,698,462,683,446,679
1,691,450,325,671,435,314,669,697,703,705,461,332,261,665,431,311,250,659,693,701,704,463,333,673,698,704,707,707,468,684,444,680,449,682,445,320,671,433,677,445
0,286,663,694,450,680,699,454,327,260,219,657,692,700,457,681,700,705,463,333,263,220,656,692,448,323,257,218,194,648,411,672,437,674,435,677,698,452,682,448,681
0,376,673,696,454,681,701,455,329,259,220,657,692,701,458,682,700,704,465,333,264,222,656,692,449,324,258,218,193,648,413,671,438,678,440,677,698,453,681,449,681
0,378,672,697,456,681,700,458,329,260,220,656,692,701,459,682,701,705,466,335,263,222,655,692,451,325,257,218,194,653,417,672,441,678,440,677,698,455,681,438,680
0,379,674,698,440,680,700,460,331,260,219,655,692,701,461,682,700,706,468,336,264,223,660,693,453,326,258,219,195,652,419,672,428,677,439,676,697,456,681,439,680
1,689,445,321,668,427,310,665,695,702,705,468,336,264,662,423,308,246,656,692,700,705,459,331,670,697,703,706,707,463,685,454,683,446,680,438,317,667,439,679,442
0,284,665,694,457,683,700,462,332,261,220,660,693,701,464,684,701,705,459,331,262,220,658,693,457,328,260,219,195,652,421,671,432,676,443,680,699,460,684,445,679
1,692,450,325,672,434,313,665,695,702,705,459,330,262,665,430,310,248,657,693,701,705,461,332,674,697,704,707,707,466,684,443,681,448,683,442,320,667,428,677,445
1,675,438,316,669,432,312,668,695,702,705,460,331,262,665,429,312,249,659,693,701,705,463,333,673,698,703,706,707,467,684,445,681,449,682,444,320,671,432,677,445
1,674,441,316,668,432,313,667,695,702,705,461,332,263,664,431,312,248,659,692,700,705,465,334,674,698,704,706,707,469,687,446,681,450,682,445,322,670,435,677,434
0,281,661,693,450,679,699,456,328,259,219,656,691,700,457,682,700,704,464,333,262,221,655,692,449,324,256,218,194,648,411,672,438,678,438,677,698,453,681,449,681
0,377,671,697,455,681,700,457,328,260,220,656,692,702,458,682,700,706,465,346,264,222,655,691,451,324,258,219,193,648,413,671,439,678,439,677,698,443,681,449,681
0,379,676,698,458,681,700,459,330,260,220,655,692,701,461,681,700,705,467,336,264,222,660,693,453,326,258,219,195,652,416,672,429,676,442,677,698,456,681,439,679
0,379,675,697,459,684,701,461,331,262,221,656,692,704,462,686,701,705,469,336,265,222,659,694,454,327,259,219,195,652,420,672,429,676,441,680,698,458,680,439,680
0,382,675,698,461,683,701,463,332,262,220,654,692,700,464,684,700,705,459,331,261,221,658,693,456,327,259,220,195,651,421,671,430,676,443,679,698,460,684,444,680
0,382,675,698,464,684,700,468,332,262,221,658,694,702,464,684,700,706,459,331,261,226,658,693,457,328,259,219,195,650,422,674,432,676,446,680,699,461,684,446,680
1,690,447,325,672,434,314,669,696,703,705,460,331,261,666,430,311,249,660,693,701,705,462,333,674,698,706,706,707,467,685,444,681,449,682,443,320,670,430,676,444
1,674,440,316,669,432,313,668,695,701,705,461,334,261,664,431,311,248,659,692,701,704,464,333,673,698,689,706,707,469,687,448,679,451,682,445,331,670,434,677,433
0,281,662,693,450,679,699,455,326,259,218,656,692,700,456,682,701,705,464,335,262,221,656,693,449,324,257,218,193,649,411,672,437,678,438,678,698,453,681,449,682
0,378,673,697,455,681,700,457,328,260,219,656,693,701,458,682,700,705,465,335,263,222,655,692,451,324,257,219,194,648,410,672,438,678,439,677,698,455,681,450,682
1,689,456,327,675,440,317,668,695,701,705,466,335,264,663,435,314,250,658,691,701,704,469,335,671,698,685,706,707,462,686,451,680,441,680,448,321,668,438,679,440
0,284,666,695,455,682,700,460,331,261,220,654,692,700,461,685,701,705,468,336,264,222,660,693,455,326,258,219,195,652,419,672,429,673,441,679,698,457,682,440,679
1,690,445,322,668,428,310,665,694,702,702,468,335,264,661,442,308,248,661,693,701,705,460,331,670,696,704,705,707,461,685,454,682,446,680,439,317,668,427,677,442
0,284,665,694,458,683,700,462,332,262,220,659,692,701,465,684,701,705,459,331,261,220,658,693,457,328,259,219,195,651,422,674,434,676,444,679,699,461,683,445,679
0,373,674,697,451,682,700,465,334,261,222,658,693,701,455,683,701,703,461,331,262,220,657,693,446,321,256,217,194,649,423,673,435,675,432,678,698,462,683,446,679
1,690,450,324,671,436,314,669,695,702,706,461,332,261,664,431,311,249,659,692,700,705,464,333,674,698,703,706,707,468,684,445,681,450,682,445,321,671,433,676,446
1,674,440,318,668,434,313,667,695,701,705,462,332,262,664,433,313,250,658,692,700,704,465,334,672,698,695,706,707,470,686,449,681,438,680,445,321,670,431,676,434
1,672,441,315,668,434,313,667,694,702,705,464,333,262,663,434,313,250,658,692,700,704,465,335,672,698,704,704,707,470,684,450,680,439,680,446,322,669,436,675,435
0,279,661,693,452,679,699,458,328,260,220,655,692,700,459,681,700,704,465,335,264,222,655,690,450,324,257,218,194,653,417,673,440,677,440,676,697,455,680,438,680
1,688,443,321,668,440,316,667,695,702,706,467,335,263,662,437,315,252,657,692,700,704,457,330,652,697,703,706,707,462,684,452,683,445,679,450,322,668,438,678,440
1,672,432,312,665,425,308,664,694,701,704,467,335,263,662,423,307,246,655,691,701,704,458,330,670,697,703,706,707,463,685,453,683,446,679,437,317,667,439,678,442
0,285,666,694,457,682,700,462,332,261,221,659,692,700,464,684,701,705,458,331,261,221,658,692,457,327,258,204,194,649,421,674,434,676,444,679,698,460,684,445,679
1,691,448,321,672,433,313,665,695,701,705,459,329,261,665,432,310,249,660,693,701,705,461,332,674,698,704,706,707,467,684,443,681,448,681,443,320,667,428,676,443
1,674,441,316,668,432,315,668,695,702,705,459,331,261,665,430,311,249,660,692,700,704,463,332,672,698,704,706,707,466,684,444,680,449,682,443,320,670,434,676,446
0,287,662,693,451,680,700,454,327,258,220,656,691,702,456,681,699,704,463,333,263,221,656,692,448,323,256,216,194,649,411,672,436,674,434,676,698,451,681,447,671
1,689,453,326,670,437,315,668,696,702,705,463,335,262,663,433,313,250,658,692,701,704,466,334,673,698,703,706,707,470,686,450,681,439,681,444,321,670,435,676,435
1,670,441,317,666,436,323,667,694,701,702,464,333,261,662,434,313,249,657,692,699,704,467,336,671,697,702,707,707,461,686,449,680,440,679,447,321,670,437,679,439
1,672,430,315,666,436,314,665,694,701,705,466,334,263,662,435,314,250,657,691,700,704,457,329,671,697,703,706,707,461,684,451,684,444,680,449,323,670,438,679,440
0,283,665,694,457,682,699,460,330,259,220,653,691,700,462,683,700,705,469,335,264,221,658,691,453,326,258,218,194,652,420,674,429,675,442,678,698,457,681,439,678
0,380,675,698,460,683,700,462,332,262,220,654,692,701,463,684,701,706,458,331,261,220,657,692,456,328,259,219,194,651,420,671,431,675,443,679,698,460,683,445,679
1,692,449,324,672,433,314,663,695,702,704,459,330,261,665,429,311,248,660,692,701,705,461,332,669,697,703,706,708,466,685,443,681,447,679,439,318,666,427,675,443
0,285,663,694,448,680,699,452,325,258,218,657,692,701,454,681,700,705,461,331,260,220,657,693,445,322,256,216,193,649,423,673,436,675,433,677,697,450,681,445,679
1,689,450,324,670,436,314,668,695,703,705,461,332,263,664,431,312,249,659,693,701,704,464,334,673,698,704,706,707,469,687,448,681,451,682,445,321,670,434,676,434
1,673,440,315,667,434,313,667,694,701,712,462,333,261,664,433,312,249,658,691,700,705,464,334,671,698,701,706,707,471,687,449,680,436,680,445,321,670,435,676,434
0,281,661,693,451,679,699,456,328,259,220,655,692,700,458,681,700,705,465,334,263,221,655,692,450,324,257,218,194,648,412,672,439,677,439,676,695,454,681,450,681
0,378,676,697,456,681,700,459,330,249,221,654,692,700,460,682,700,705,463,333,263,221,659,692,453,325,258,216,194,653,417,673,441,678,440,672,698,455,681,438,680
1,689,444,320,668,427,309,666,695,701,704,467,335,265,662,423,307,246,656,692,700,704,458,330,670,697,704,706,707,462,685,453,683,445,680,437,316,667,438,678,441
0,284,664,695,456,683,700,461,331,262,219,655,691,700,462,684,699,705,458,330,260,220,659,692,456,327,259,219,193,650,424,668,430,675,443,679,699,459,684,445,679
1,691,449,324,667,429,311,665,694,701,704,458,330,260,661,424,308,247,661,692,701,704,460,332,670,697,704,706,709,465,684,442,681,447,679,439,317,667,427,676,443
0,285,663,694,447,679,699,463,333,261,221,658,692,700,454,682,701,704,461,332,262,223,657,692,444,321,256,217,193,651,423,673,436,675,432,678,698,461,683,445,679
1,690,450,324,671,435,314,669,695,702,706,461,330,261,665,431,312,248,659,692,700,704,464,333,673,698,703,707,707,468,687,447,681,450,682,445,320,670,433,676,446
0,285,663,693,449,680,699,454,326,259,218,656,692,700,456,681,697,705,462,333,263,221,656,692,448,324,255,218,193,649,411,672,436,678,437,677,696,452,682,449,681
0,378,673,697,455,678,700,457,328,259,220,655,692,701,459,681,701,701,465,333,263,222,655,692,450,324,257,218,194,648,412,672,438,678,439,676,698,455,681,449,681
1,688,455,326,670,439,316,666,695,701,705,465,334,263,662,436,314,251,658,691,699,704,468,336,672,696,704,705,707,460,685,451,680,441,679,447,322,669,437,678,440
0,284,665,695,455,679,699,459,329,260,219,654,691,700,461,681,700,705,467,336,263,223,658,693,453,326,258,218,195,652,419,672,428,676,440,677,698,457,680,439,678
1,689,447,320,667,428,312,665,694,702,705,468,336,264,662,424,307,246,660,692,701,704,459,330,670,697,704,706,706,463,685,453,683,446,678,438,317,667,426,678,441
1,674,435,315,665,426,309,664,694,701,705,456,329,260,660,424,307,245,660,692,702,702,460,331,670,697,702,706,707,465,684,441,681,446,679,438,318,667,427,676,443
0,284,663,694,447,680,699,463,329,262,221,658,692,701,454,682,700,705,460,331,261,220,657,693,446,322,256,217,194,650,422,674,435,675,432,677,698,460,683,446,679
0,372,673,698,451,681,700,454,325,259,220,657,693,700,454,682,700,705,461,332,261,221,657,692,447,323,255,218,194,650,424,674,436,676,434,677,698,451,682,447,679
0,374,673,697,454,681,700,455,327,259,219,657,692,701,457,682,700,705,463,333,262,221,656,692,448,323,257,218,194,649,410,673,437,675,434,677,697,452,682,448,682
0,376,672,695,454,681,700,455,328,258,219,657,694,701,458,681,700,704,464,333,264,221,656,694,450,323,258,218,194,647,411,671,438,677,437,677,698,454,681,434,682
0,378,672,697,456,681,699,457,329,260,219,656,692,700,460,682,700,705,466,334,263,222,655,692,451,324,257,218,194,653,417,672,440,678,441,677,698,455,681,438,680
0,378,676,697,457,681,700,459,329,260,221,655,692,701,460,682,700,705,466,336,264,221,660,693,454,326,259,218,194,652,405,672,428,676,441,676,697,456,681,440,679
0,379,675,698,459,684,700,461,332,261,220,654,692,701,462,684,701,705,469,336,264,223,659,693,455,326,259,219,195,652,420,671,430,676,442,679,698,458,680,441,679
1,691,448,324,667,429,311,666,695,703,705,457,329,259,661,424,308,245,661,692,701,704,461,331,670,697,703,706,705,464,685,455,683,447,680,438,317,666,427,677,442
0,284,664,694,446,680,699,463,332,261,220,658,693,701,453,682,700,705,460,332,262,221,658,693,445,321,255,217,193,650,423,674,435,675,432,677,696,461,683,446,679
0,373,673,698,450,682,700,453,327,259,218,658,693,701,453,682,701,705,461,333,261,217,650,692,446,322,256,216,194,650,423,675,437,671,433,677,698,450,681,446,679
0,374,673,697,452,681,700,454,327,259,219,657,695,701,456,682,700,705,463,333,262,221,656,693,449,323,256,218,192,649,410,672,436,675,434,676,698,451,681,447,681
0,375,673,697,455,681,700,457,329,260,220,657,693,702,457,683,700,705,465,333,263,220,656,692,449,324,257,218,194,648,412,672,438,676,438,677,698,453,681,450,683
1,690,454,326,670,437,316,667,695,703,705,464,333,263,664,434,313,250,658,692,701,705,467,335,672,697,704,706,707,472,687,451,680,440,680,448,322,669,437,675,436
1,672,429,310,664,437,314,666,693,702,705,464,334,263,663,435,314,251,657,692,701,705,457,330,671,697,703,706,707,462,685,451,683,445,680,449,324,669,438,678,440
1,672,431,312,665,424,308,664,694,702,705,467,334,263,662,423,307,245,656,692,700,704,458,329,670,697,704,707,706,462,685,452,683,445,679,437,316,667,438,680,441
1,671,433,311,665,425,308,664,694,702,704,467,335,264,662,423,308,247,660,693,700,704,459,330,669,699,703,707,707,464,684,454,683,447,679,438,318,667,427,677,442
1,675,436,315,664,427,309,663,693,701,704,457,329,261,659,424,308,247,659,692,700,704,461,331,669,697,703,705,707,465,684,442,681,446,679,439,317,668,427,676,443
0,284,663,694,447,680,699,452,325,267,219,658,692,701,455,682,700,705,460,331,261,221,656,692,445,323,255,218,193,650,420,673,436,675,432,678,698,462,683,446,678
1,689,450,324,670,435,314,668,695,702,705,461,332,260,664,431,311,249,659,692,701,704,463,333,673,699,703,706,707,469,687,448,681,450,681,445,320,671,434,676,433
1,673,439,316,668,434,312,668,695,701,705,462,332,262,663,432,313,248,658,691,700,704,464,334,672,698,703,706,707,469,687,448,681,438,680,445,321,669,434,676,434
1,672,440,317,667,435,313,667,694,702,704,463,333,260,663,433,315,250,657,691,702,704,467,335,671,697,703,705,707,470,686,450,680,439,680,446,322,669,436,675,436
1,672,442,318,666,438,313,667,694,701,705,465,333,263,663,436,313,250,656,691,699,709,468,336,671,697,704,706,706,461,685,450,679,441,679,448,321,669,437,678,439
1,671,430,310,665,423,307,664,694,701,704,466,334,264,662,422,306,245,656,691,700,704,457,330,670,697,703,705,706,462,684,452,682,444,679,437,316,668,438,678,441
1,671,431,312,665,425,308,663,693,701,705,468,335,264,662,423,307,246,660,693,700,704,459,330,669,696,703,705,706,462,684,454,682,446,679,438,316,667,426,677,440
1,675,438,314,665,426,309,663,695,700,704,456,329,260,661,423,308,247,659,692,700,704,460,331,669,696,703,706,707,464,684,441,681,446,678,438,317,666,426,676,442
1,674,437,315,668,431,311,664,694,701,704,458,330,261,664,429,310,249,659,692,700,704,462,332,673,697,703,705,706,466,684,443,681,449,681,443,319,667,428,676,443
1,674,438,316,668,432,311,667,694,701,704,460,331,261,664,430,311,248,659,692,700,707,463,332,672,698,703,705,707,467,683,445,681,449,681,443,319,669,433,675,445
0,286,663,693,438,680,698,453,327,258,219,656,691,700,451,681,699,705,462,332,265,220,655,691,448,323,256,217,194,648,411,672,436,677,437,676,697,452,681,448,681
1,689,453,325,670,437,315,667,695,701,704,463,333,262,664,432,313,250,658,692,700,705,466,335,673,697,704,705,707,470,686,449,680,439,680,446,319,669,435,675,433
1,672,441,318,666,436,314,666,694,701,704,464,333,262,662,434,313,250,657,691,700,704,468,335,671,697,703,705,706,460,685,451,680,440,679,447,321,666,437,679,439
0,283,665,694,454,679,699,458,329,259,219,654,691,700,461,684,699,705,466,334,264,220,659,692,453,326,258,218,194,652,419,672,428,675,440,676,697,456,679,439,679
1,691,444,319,672,427,309,664,694,701,704,467,335,264,662,423,307,245,655,691,700,704,458,330,670,696,703,705,707,463,685,452,683,446,679,437,317,666,439,677,442
1,674,435,315,665,426,308,664,693,701,704,457,329,259,660,424,306,245,659,691,700,704,459,331,670,698,703,705,705,466,684,441,686,445,678,438,316,666,427,676,442
0,284,663,694,446,680,699,463,332,261,220,658,692,701,453,682,700,705,459,331,261,221,657,692,444,322,255,216,193,650,422,673,435,675,431,677,697,461,683,445,677
1,690,449,323,671,434,313,668,695,702,705,460,331,261,666,430,310,249,659,692,700,704,463,333,673,697,703,705,706,467,684,444,681,449,681,444,320,670,433,676,445
1,674,440,315,668,433,312,667,694,701,705,461,332,261,664,431,312,249,658,692,700,704,464,332,674,698,703,705,707,469,687,448,680,450,681,445,321,670,434,676,433
1,672,440,316,667,431,313,667,694,701,704,462,332,261,663,432,312,249,658,691,700,704,465,334,672,697,703,706,707,470,686,449,680,439,679,446,320,668,435,675,435
1,672,441,317,667,436,313,665,694,701,704,465,334,262,662,434,313,251,658,691,700,704,467,335,672,696,703,706,706,459,685,449,679,440,679,446,321,669,437,679,439
0,283,665,693,453,679,699,458,329,259,220,655,691,700,460,681,700,704,467,335,263,222,659,692,452,326,258,218,195,652,418,671,428,676,439,675,697,455,680,438,679
1,688,443,321,667,426,309,664,695,700,705,466,334,263,662,423,307,245,656,691,700,700,458,330,671,697,703,705,707,462,684,451,683,445,679,436,316,667,438,677,441
0,283,664,693,456,682,701,461,331,260,220,653,691,701,463,684,700,704,458,330,260,220,658,692,455,327,258,219,194,651,421,670,430,675,443,679,697,459,683,444,677
0,383,674,698,450,682,699,463,332,260,220,658,689,701,454,682,701,704,460,331,260,221,657,692,457,328,256,219,193,649,422,674,435,675,444,679,698,461,683,445,679
1,693,449,323,671,434,313,668,695,702,705,460,331,261,665,429,310,249,659,692,700,704,462,332,673,697,703,706,707,467,683,444,681,448,681,443,319,670,432,676,445
0,285,662,693,449,678,699,452,326,258,220,654,692,701,456,681,700,704,462,331,262,220,656,692,447,321,256,217,194,648,411,671,436,675,434,676,697,450,681,447,681
0,376,673,697,453,680,700,455,328,259,219,656,692,701,456,682,700,705,463,333,262,221,655,692,449,323,256,217,194,648,411,671,437,677,438,677,697,453,681,448,681
0,377,672,697,455,680,700,457,329,260,218,656,691,700,459,682,699,705,464,335,262,222,654,692,449,324,256,218,194,647,412,672,439,678,439,677,697,454,681,450,681
0,379,676,698,457,681,700,459,330,260,219,655,692,701,460,681,700,705,467,334,263,222,660,694,452,325,258,218,195,652,418,672,441,678,440,676,698,456,681,438,680
0,379,674,697,459,683,701,459,331,261,221,656,692,701,462,684,701,714,468,336,264,221,660,692,454,326,259,218,195,651,420,672,429,676,441,679,698,456,681,439,680
0,380,676,697,460,684,701,462,332,261,220,654,691,700,462,684,701,704,458,330,259,220,660,693,456,327,259,218,194,652,420,671,430,675,442,679,699,459,684,444,679
1,692,449,324,667,430,311,664,694,702,704,458,330,260,660,424,307,244,660,692,700,704,460,335,670,697,703,706,707,464,694,442,681,446,678,439,316,667,427,676,442
1,674,437,315,667,431,311,663,693,701,705,458,330,261,665,429,310,249,660,692,700,703,462,332,673,697,704,706,707,466,684,443,681,448,681,443,320,667,428,677,444
0,285,662,694,447,680,700,453,327,258,219,657,692,700,455,679,700,704,462,331,263,221,656,692,448,322,256,217,194,648,410,672,436,674,434,677,698,451,682,446,678
1,689,451,324,669,437,314,668,695,701,705,462,332,261,664,432,312,248,659,692,701,704,466,333,673,697,704,705,707,469,687,448,681,438,680,445,320,670,435,676,434
0,281,662,694,450,679,700,454,325,260,218,656,691,700,457,681,700,705,465,334,263,222,655,702,450,324,257,217,194,647,412,671,438,678,439,677,697,453,680,449,681
1,693,454,327,669,439,316,667,695,702,705,462,334,263,663,435,313,250,657,692,700,704,468,335,671,696,703,706,707,460,685,451,679,440,679,447,321,668,437,679,438
1,672,430,312,666,437,315,665,695,701,705,466,335,263,662,435,314,250,657,691,701,703,457,329,670,697,703,706,707,461,684,451,683,444,679,449,323,668,439,678,441
1,672,432,312,665,424,307,664,694,701,704,466,335,263,661,423,307,246,660,692,700,704,458,330,669,697,703,705,707,462,683,453,683,445,679,436,315,667,425,677,440
0,283,664,694,457,682,699,462,330,260,220,660,692,701,463,684,700,705,457,330,260,219,657,693,456,328,259,220,195,651,421,674,433,676,443,679,697,459,683,442,679
1,692,448,323,671,433,312,664,694,701,705,458,330,261,665,429,311,248,659,692,703,704,461,332,673,698,703,708,707,465,683,443,681,447,682,442,318,666,428,677,443
0,284,663,694,447,680,699,452,325,257,219,656,691,700,454,681,700,704,461,332,262,220,656,692,446,322,252,218,193,649,423,673,437,675,433,679,697,450,681,446,678
0,373,672,697,454,681,700,454,327,258,220,656,692,700,456,681,699,704,463,334,262,221,656,692,447,321,257,217,194,648,411,672,438,675,434,676,697,451,681,449,681
1,690,453,326,670,437,315,665,695,702,704,463,333,262,664,433,312,249,658,692,700,705,466,334,672,698,704,705,707,470,687,449,681,439,680,445,321,669,435,676,435
1,673,441,317,666,435,313,666,694,700,704,464,334,263,662,434,313,249,657,692,699,705,466,336,671,697,704,706,706,460,684,449,680,439,679,445,321,669,437,679,438
0,283,665,694,454,679,699,457,329,260,220,654,691,699,460,681,699,704,467,333,263,221,659,692,453,325,258,217,194,652,418,671,427,676,440,675,697,456,680,438,679
0,379,663,698,459,683,696,459,330,260,220,654,691,700,463,684,701,705,469,335,264,222,659,693,454,326,260,218,194,650,420,670,428,676,441,679,698,457,680,438,679
1,688,445,321,667,428,310,665,694,701,705,456,329,260,661,423,307,245,660,692,700,704,459,330,669,697,702,706,707,464,684,454,682,446,679,438,317,667,425,676,441
1,674,437,314,667,430,311,663,693,701,704,457,329,260,665,428,310,249,660,692,701,704,461,332,673,698,703,705,706,465,684,443,681,448,682,441,316,666,427,675,443
1,674,437,315,668,432,311,668,695,702,704,459,330,261,664,429,310,248,659,692,700,705,462,332,672,697,704,705,706,466,683,444,680,449,697,443,317,670,432,677,445
1,673,439,317,668,432,312,667,694,701,705,461,331,262,664,431,311,249,659,691,700,704,463,332,672,697,704,705,707,468,687,447,681,450,681,445,321,670,434,675,433
1,672,438,317,667,434,313,666,694,701,705,463,332,255,663,432,312,249,658,692,700,704,464,333,673,697,703,705,707,479,685,448,681,438,679,444,322,669,435,675,434
0,280,660,693,450,679,699,456,328,259,218,655,691,700,458,681,699,705,464,334,262,221,654,691,449,324,256,217,194,647,412,672,438,676,439,677,697,454,680,450,681
0,378,675,698,457,681,699,459,329,259,219,655,691,700,460,681,699,705,467,334,262,221,659,692,452,325,257,218,192,651,418,672,434,676,439,676,697,456,681,438,678
0,378,675,700,458,683,700,460,330,261,220,654,691,700,462,684,701,705,468,335,264,221,658,693,454,326,258,218,194,652,423,671,429,676,441,679,698,457,680,449,679
1,688,445,320,667,426,309,664,694,701,704,468,336,263,661,424,309,246,660,692,700,704,459,330,670,697,703,706,707,463,684,454,681,446,679,437,316,666,425,676,441
1,674,436,314,664,426,306,662,694,700,704,457,330,259,660,424,308,246,659,693,700,704,461,331,670,697,704,705,706,463,684,442,681,446,679,439,317,667,427,678,441
0,283,663,694,446,680,701,451,325,258,218,657,691,700,454,682,700,703,460,332,261,220,656,692,445,322,255,217,193,649,422,673,435,675,432,676,697,461,683,446,678
1,689,450,329,670,436,314,668,696,702,704,461,332,261,664,431,311,249,659,693,700,705,463,333,673,697,703,705,707,468,687,448,680,428,681,444,320,670,433,677,433
1,672,439,316,667,433,313,666,694,701,705,462,332,262,663,432,311,249,658,692,700,704,464,333,671,697,704,705,706,469,686,449,680,438,680,445,320,670,434,675,434
1,671,440,318,666,434,312,666,694,701,704,463,333,261,663,432,313,249,657,692,700,704,466,334,672,697,703,705,707,471,686,450,680,438,679,445,321,668,436,675,434
1,672,441,317,666,436,315,666,694,700,704,465,333,263,663,434,313,250,657,691,700,703,467,336,671,697,703,705,707,460,685,451,679,440,679,446,320,669,437,678,440
1,671,430,311,665,423,306,665,693,700,704,466,333,262,662,422,306,245,655,691,700,704,457,329,670,696,703,705,707,461,684,451,682,444,679,449,322,668,438,678,440
1,672,431,312,664,425,307,663,692,701,703,467,334,263,661,423,306,246,660,692,700,704,458,331,670,696,703,705,707,458,684,452,682,446,679,437,310,667,425,676,441
1,674,435,314,664,425,308,663,693,700,705,456,328,260,660,423,307,245,658,691,700,704,460,330,668,696,703,705,706,464,684,441,680,446,678,438,316,666,426,675,441
1,674,435,315,668,431,311,662,693,701,704,457,330,259,666,428,309,241,659,692,700,703,461,332,672,697,703,705,707,465,683,443,680,447,682,441,319,666,428,676,444
0,284,663,693,447,679,698,452,326,258,218,656,691,700,454,681,699,704,461,331,261,220,656,691,446,321,255,218,193,648,424,673,436,675,433,676,698,450,681,446,678
1,689,451,324,670,436,314,668,695,700,705,462,332,261,663,431,312,249,658,692,700,704,464,333,672,697,703,706,707,469,686,448,680,437,679,444,320,669,434,676,433
1,671,440,315,666,434,313,666,694,701,704,458,332,262,663,432,312,248,657,691,700,703,465,335,671,697,703,706,706,470,685,449,680,440,679,447,320,661,433,675,434
0,281,660,692,451,679,698,456,328,259,219,654,691,700,458,681,699,704,465,334,263,221,654,692,451,324,257,217,194,652,417,672,439,677,439,676,697,453,680,437,679
0,378,675,697,458,679,699,467,329,259,220,654,692,700,460,680,699,705,467,335,264,221,659,691,446,325,258,218,194,652,419,671,426,675,439,676,697,455,680,439,679
1,688,443,320,667,426,309,665,694,701,704,467,335,263,661,423,307,246,655,691,700,704,458,329,670,697,703,705,707,462,684,453,682,445,679,437,316,667,439,678,442
1,675,435,314,664,426,307,663,694,701,701,456,328,259,660,422,306,246,659,692,700,704,459,330,669,696,703,705,706,463,684,441,681,446,678,438,316,667,425,676,441
0,284,663,693,445,679,699,463,332,262,219,657,692,700,452,681,704,704,459,330,260,220,656,692,444,321,255,210,193,650,422,672,434,675,431,677,698,461,683,443,678
0,372,672,696,450,681,699,452,325,258,218,655,692,700,454,682,700,705,461,331,261,220,656,692,446,322,255,217,193,648,422,673,436,675,433,676,697,449,681,446,678
1,689,450,323,669,435,313,668,695,702,704,462,332,261,664,431,312,248,660,692,700,704,464,333,673,698,703,705,707,467,685,447,680,450,681,443,321,670,434,676,433
0,280,661,693,449,679,699,454,327,258,219,656,690,700,457,681,700,704,463,333,262,221,655,692,449,323,256,217,193,648,411,671,437,677,438,677,697,453,681,451,681
0,378,672,697,452,680,700,459,329,259,220,655,691,700,458,681,700,704,464,333,262,221,654,692,450,324,272,218,194,653,416,672,438,678,439,676,698,454,681,436,679
1,688,443,319,668,439,316,667,695,701,705,466,334,262,662,435,311,250,656,691,700,704,456,328,670,697,703,706,706,461,685,450,683,444,680,448,325,668,437,678,440
1,671,430,311,665,424,307,664,693,701,704,466,340,262,662,422,306,246,656,690,699,704,457,329,670,696,704,705,706,462,684,452,682,444,679,436,316,667,438,678,441
0,283,664,693,456,682,699,460,331,260,219,653,691,700,462,684,700,704,457,328,261,220,658,692,455,326,259,218,193,651,421,672,431,676,443,679,698,459,683,442,679
1,691,448,324,671,433,313,664,694,701,705,458,329,260,665,428,310,248,661,692,701,704,460,331,669,696,703,705,707,465,684,442,680,447,678,439,316,667,425,676,442
0,283,663,694,446,680,699,453,325,258,218,656,692,700,454,682,700,704,457,331,261,221,656,692,445,322,254,213,192,649,422,674,436,675,432,676,697,450,681,445,679
1,689,450,323,670,436,314,669,694,702,705,460,331,261,664,431,311,248,659,692,700,704,463,333,673,698,704,705,706,471,687,446,680,450,681,444,320,670,433,676,433
0,281,661,693,449,679,699,453,327,259,221,655,691,700,456,682,700,706,463,331,263,221,656,692,448,322,256,216,193,648,410,671,441,677,437,677,698,452,681,448,681
1,689,453,325,670,437,315,668,694,702,705,463,333,261,663,433,312,249,658,692,700,703,466,335,671,697,702,706,708,471,686,450,681,439,680,446,320,670,436,675,435
0,281,665,694,452,678,699,457,327,259,218,655,691,700,459,681,700,704,466,334,262,222,659,692,452,325,257,218,193,652,417,672,440,677,441,676,697,455,684,438,679
0,379,674,697,456,684,700,460,330,260,221,654,691,701,461,684,700,704,468,336,264,223,658,692,454,326,259,217,194,639,419,671,428,676,440,679,698,457,680,439,681
1,688,444,320,668,427,309,665,694,701,704,468,335,263,661,423,307,245,660,692,700,704,459,329,671,696,703,706,707,463,684,453,682,446,679,437,316,667,426,676,440
1,673,434,314,664,440,309,665,693,701,704,457,329,258,660,423,307,245,660,692,700,704,460,331,670,696,703,705,707,463,684,440,681,445,678,438,317,666,427,676,442
1,674,437,314,668,431,311,663,693,700,704,458,329,260,664,429,310,247,659,692,700,704,461,332,672,697,703,706,707,466,684,443,682,447,681,443,320,666,428,676,444
1,673,438,316,668,432,312,667,694,701,704,460,330,261,664,430,310,248,658,692,700,704,462,332,672,697,702,706,706,469,683,444,680,449,680,443,319,670,432,676,445
1,674,439,316,667,434,313,667,694,701,704,461,331,262,664,431,310,247,658,691,699,704,464,334,671,697,703,705,706,468,686,448,680,437,679,444,320,670,433,675,434
0,281,661,693,451,679,699,455,327,258,218,654,691,700,457,681,699,704,465,333,260,220,654,692,449,323,256,217,193,647,411,671,437,677,438,677,697,453,680,448,680
1,689,454,326,669,438,316,666,695,701,705,465,333,262,662,433,313,247,657,693,699,704,467,335,671,696,703,705,707,460,685,449,678,440,679,448,322,669,453,678,439
1,672,429,311,665,434,314,665,694,701,704,465,334,263,662,435,314,250,656,691,699,704,456,329,670,697,703,706,706,461,684,451,683,443,679,449,322,668,438,678,440
1,671,430,312,664,423,307,663,693,701,704,466,334,263,660,423,307,225,659,691,699,704,458,329,669,697,703,705,706,463,684,453,682,445,678,437,315,667,424,676,440
0,282,663,694,456,681,699,462,331,260,220,657,692,700,463,683,700,705,458,330,260,219,657,692,455,327,258,218,194,651,421,674,433,676,443,679,698,460,683,445,679
0,372,673,696,450,681,700,463,332,261,220,658,692,700,453,681,700,704,459,330,261,219,657,692,445,320,255,216,193,649,422,673,434,675,431,677,697,460,683,445,678
1,688,450,323,670,434,313,669,695,701,706,459,330,261,664,429,311,248,660,692,700,703,463,331,672,697,703,705,707,466,684,440,675,448,681,443,319,670,433,676,445
0,285,662,693,448,679,699,453,326,258,218,655,692,700,456,681,699,704,462,332,261,222,655,692,447,322,255,217,193,648,410,671,435,674,433,676,697,451,680,447,680
0,377,672,697,453,682,699,455,328,259,219,656,691,701,457,681,699,705,463,332,262,221,655,692,449,323,256,217,194,647,409,671,432,677,433,676,697,453,680,449,680
1,689,454,326,669,437,315,667,695,701,704,464,333,262,663,434,313,249,657,692,700,704,466,335,671,697,703,705,707,459,684,449,680,439,679,446,321,668,436,679,438
0,281,665,694,453,678,699,451,328,269,220,655,691,700,460,680,700,703,468,335,263,221,659,692,453,325,257,216,194,652,417,671,428,675,440,676,697,455,680,437,679
1,688,444,319,667,426,308,665,694,701,704,466,334,262,662,422,306,245,655,692,700,704,458,330,670,697,702,705,706,462,684,452,682,444,679,436,315,667,438,678,441
0,283,664,694,456,681,699,461,331,259,219,653,690,700,462,683,700,705,456,329,260,220,657,692,455,326,258,218,194,651,420,670,430,675,442,679,697,459,683,444,679
0,381,675,697,449,677,700,463,332,260,226,658,692,701,453,682,700,705,458,331,261,220,657,692,443,321,254,218,193,650,421,672,433,674,431,676,698,460,683,445,679
0,372,673,697,450,681,700,453,326,258,218,657,692,700,454,682,700,705,460,331,261,223,656,692,446,322,255,217,193,649,423,673,436,675,433,677,697,449,681,445,678
0,373,672,696,452,680,701,454,328,258,219,657,692,700,456,682,701,704,461,332,262,220,656,691,447,323,256,216,194,649,409,671,436,674,433,676,697,451,681,446,681
0,376,673,697,453,681,700,455,327,258,219,656,692,700,457,682,700,705,463,333,262,220,653,692,449,323,256,217,193,648,411,668,437,678,437,677,697,452,681,448,681
0,377,672,697,454,679,700,456,326,259,218,655,691,700,464,683,700,704,465,333,232,219,655,692,450,325,255,218,194,647,412,671,438,678,439,680,697,454,681,450,679
0,378,676,698,457,680,700,458,329,259,219,655,691,700,460,681,699,704,466,334,263,222,660,692,452,328,257,218,194,652,417,672,426,675,439,676,697,455,679,438,679
1,689,443,320,668,426,308,665,694,701,705,466,335,262,663,422,306,245,656,688,700,704,457,328,671,696,703,706,706,462,685,452,683,444,679,436,315,667,438,677,440
0,283,664,694,456,682,699,461,330,260,219,654,691,700,462,684,700,704,457,332,274,219,659,690,454,324,258,219,195,650,420,670,429,675,440,678,698,459,683,443,679
0,381,674,697,461,683,700,463,331,261,220,659,692,701,464,684,700,705,459,330,261,220,657,692,456,327,258,217,194,650,421,674,434,676,444,678,698,459,683,445,679
1,689,448,323,671,433,313,669,695,701,705,460,332,261,666,430,310,247,659,692,700,704,461,332,673,697,703,707,707,466,683,442,680,447,681,442,319,666,429,676,444
0,284,662,693,448,680,699,452,325,258,218,656,692,700,455,681,700,704,461,332,261,221,656,692,447,322,256,217,193,649,409,672,435,675,433,676,697,450,681,445,681
0,376,672,696,452,681,699,455,326,258,219,657,691,700,457,682,700,701,463,332,262,220,656,692,449,322,255,216,194,648,410,668,437,679,437,677,697,448,681,448,681
0,376,673,696,454,680,700,456,328,258,218,655,691,700,458,681,700,705,464,333,262,221,655,691,450,324,257,217,194,647,412,671,438,677,439,677,698,454,681,449,680
0,392,672,698,456,680,699,458,328,260,219,655,691,700,459,681,700,705,466,334,262,221,654,692,451,324,257,218,194,652,418,671,440,678,439,676,698,455,680,438,678
0,378,675,697,458,684,700,461,330,260,219,655,692,701,460,684,700,705,468,334,263,222,659,693,454,325,257,217,193,651,418,671,428,675,440,676,697,456,679,439,679
1,689,444,320,668,424,309,665,692,701,705,467,335,263,662,423,307,246,660,693,701,704,458,329,670,697,704,705,707,463,685,457,683,446,679,437,316,667,425,676,440
0,282,664,694,458,679,700,461,331,261,220,658,692,700,464,683,706,704,458,331,261,220,657,692,456,326,257,218,196,650,421,674,433,675,444,679,697,460,683,444,679
1,690,448,323,671,433,312,665,695,701,704,458,330,260,665,428,310,248,660,692,700,704,461,331,674,697,704,705,707,466,683,442,680,447,681,442,319,666,428,676,443
0,285,663,693,447,680,698,452,326,256,218,657,692,700,455,682,700,704,461,332,261,219,655,692,445,322,256,216,193,648,423,673,436,674,432,677,697,450,681,446,677
0,373,672,696,452,680,699,454,326,258,218,656,692,697,456,682,700,705,462,332,261,220,655,692,447,323,256,220,193,648,409,672,436,678,437,676,697,452,681,448,681
0,376,672,697,454,679,699,456,329,259,219,656,691,700,457,681,700,704,464,333,263,220,655,692,449,323,256,217,192,648,411,672,438,677,438,676,697,453,681,448,681
1,690,455,327,670,438,316,667,695,702,705,464,328,261,666,433,314,250,658,692,700,704,467,335,672,697,704,705,707,459,685,449,680,439,679,446,321,668,437,677,438
0,283,665,694,454,679,699,458,328,259,219,654,691,700,460,685,699,704,467,334,262,221,659,693,452,325,257,218,194,651,418,671,428,676,440,676,697,456,680,438,678
1,688,444,320,667,427,308,665,692,701,705,467,334,263,661,423,306,245,654,691,700,704,457,330,670,697,703,706,706,463,685,452,682,445,679,437,316,667,429,678,440
1,675,435,314,664,425,308,663,693,701,705,453,328,260,660,422,307,246,659,692,700,705,459,330,669,697,703,705,707,463,684,440,681,446,678,438,316,667,427,676,441
0,283,651,694,445,679,698,463,331,261,220,657,692,700,453,682,701,704,459,329,261,218,653,694,445,320,255,215,193,650,421,673,435,675,431,675,698,460,683,444,679
1,689,449,324,671,434,313,669,695,702,705,459,331,261,665,429,311,247,659,691,701,704,461,331,673,697,703,705,707,466,683,443,680,454,680,443,319,669,433,678,445
0,286,663,693,448,680,698,453,325,258,217,656,691,700,455,682,700,704,462,332,261,220,655,692,447,322,253,217,193,648,409,672,435,674,433,676,697,450,681,446,681
0,377,672,698,452,680,699,456,326,258,219,656,691,701,457,682,698,704,462,333,263,220,655,692,448,322,256,218,194,647,410,672,437,677,437,677,697,452,681,448,681
0,377,672,697,455,680,700,457,328,259,219,655,692,700,458,681,700,703,465,333,262,221,654,692,450,323,256,217,193,652,416,671,439,678,439,676,697,454,680,437,679
0,377,675,697,458,681,700,458,330,259,219,654,691,700,460,681,700,705,466,334,264,221,659,693,452,324,257,218,194,651,418,671,428,676,439,675,697,456,680,435,679
0,378,675,697,458,684,700,460,330,258,219,655,692,701,461,684,701,705,468,336,264,221,658,693,454,326,258,218,193,651,419,672,428,675,441,679,698,457,680,438,679
0,379,674,697,460,684,700,462,331,260,220,654,692,700,462,684,700,705,458,330,259,220,657,692,455,326,257,219,193,651,420,670,429,675,442,679,698,458,684,443,680
1,692,451,323,670,432,312,665,694,702,704,458,328,261,660,425,307,245,659,691,700,705,460,332,669,696,703,705,707,465,684,442,681,446,678,439,316,667,429,676,446
1,674,437,314,667,431,311,667,694,701,704,459,330,260,664,429,310,248,659,692,701,704,462,332,673,698,704,705,707,466,683,443,680,448,681,443,319,670,432,676,444
1,672,438,316,668,431,311,666,695,702,705,461,331,260,664,425,310,247,659,691,700,704,462,332,673,697,703,706,706,468,686,447,680,449,681,444,320,670,433,676,432
1,672,439,316,667,433,312,666,694,701,704,463,332,261,663,432,312,248,658,692,700,704,464,333,672,697,703,706,707,469,686,449,680,437,680,444,320,668,434,676,433
0,292,662,693,450,679,698,455,327,259,218,655,690,700,460,673,699,704,464,333,261,221,654,692,449,322,255,217,194,647,412,668,438,676,438,676,697,454,680,449,680
0,377,675,697,457,680,699,457,329,259,219,656,692,700,459,680,700,704,466,333,263,221,654,690,451,324,257,219,194,652,418,671,440,687,440,676,698,454,680,437,679
0,378,674,697,458,684,700,459,330,261,220,654,691,700,461,684,700,704,467,335,264,221,658,692,454,325,258,219,194,652,419,671,428,676,440,679,698,457,680,440,679
0,379,674,697,460,681,700,460,331,260,220,653,691,700,462,684,701,695,457,329,260,220,658,692,454,324,258,218,194,652,420,661,429,674,442,678,698,458,683,442,679
0,381,675,697,461,683,700,463,331,261,220,659,692,700,464,684,700,705,458,330,260,220,656,692,456,327,258,218,194,650,421,675,434,675,443,678,698,460,683,444,679
0,372,673,697,447,681,699,463,332,260,220,657,692,700,454,682,700,705,460,331,262,219,656,693,446,320,255,216,193,650,422,673,434,676,432,677,698,461,683,445,678
1,689,450,323,671,434,313,668,695,702,705,460,331,261,664,430,311,249,659,692,700,704,462,332,673,697,703,706,707,467,683,444,679,449,681,444,320,670,432,676,445
0,285,662,694,449,679,699,455,327,258,219,657,693,700,456,682,700,704,463,331,262,220,655,692,447,322,257,216,192,648,410,674,437,678,436,677,698,452,680,447,682
1,689,453,325,669,437,315,667,695,702,704,463,332,261,663,433,312,249,658,691,700,703,466,333,672,697,703,706,707,469,686,449,666,438,680,445,321,669,435,675,434
0,281,661,693,451,679,698,457,328,258,219,654,691,700,458,681,700,704,465,334,263,221,654,691,450,324,256,217,194,652,417,671,439,677,440,676,697,454,680,437,679
1,689,442,320,667,439,315,666,695,702,705,466,334,262,662,435,314,249,656,691,700,703,457,327,670,697,704,706,705,461,685,451,682,443,679,448,322,668,438,678,440
1,671,429,311,665,424,307,664,693,700,704,466,334,263,661,425,306,244,660,692,700,704,458,329,670,696,703,705,706,462,684,452,683,445,678,436,316,667,438,677,441
1,674,435,315,664,426,308,663,693,701,704,457,328,260,660,423,306,245,659,692,700,704,459,328,667,697,704,704,706,464,683,441,681,444,678,438,317,666,426,675,441
1,674,436,317,668,429,310,663,693,702,704,457,328,260,664,428,309,247,659,691,700,704,461,331,673,697,703,705,706,465,684,442,680,446,681,441,319,666,428,675,443
1,674,437,315,667,431,310,667,694,701,703,459,329,260,664,429,310,248,658,691,700,705,462,333,672,697,700,705,706,467,683,444,680,448,681,443,319,670,432,676,444
1,674,438,316,667,433,312,668,693,701,704,460,331,261,664,431,310,249,657,692,699,703,463,333,672,696,703,704,706,468,686,447,679,451,680,444,319,669,433,675,435
1,671,439,315,667,433,312,666,693,700,704,462,331,261,663,432,311,248,657,691,700,704,465,333,671,697,703,705,706,469,685,448,680,438,679,444,320,669,434,675,434
0,280,660,693,450,679,699,455,327,259,218,654,691,700,458,680,699,704,464,333,262,221,653,691,449,323,256,217,191,652,416,671,438,677,438,675,698,454,680,436,679
0,377,675,697,457,680,699,458,328,259,219,654,693,700,459,680,699,704,467,334,263,220,659,692,453,325,258,217,194,651,418,671,427,675,439,675,697,455,680,437,679
1,688,443,320,666,426,308,665,693,701,704,466,334,264,661,422,306,245,656,691,700,704,457,329,669,696,703,705,706,462,684,450,682,445,678,436,315,667,438,677,441
0,283,663,693,455,681,699,461,328,261,218,653,691,700,462,684,701,706,457,330,259,219,657,692,455,326,256,218,192,651,419,670,429,675,442,679,697,458,682,444,679
0,381,674,697,449,681,700,463,331,261,226,657,692,700,452,682,700,704,458,330,261,220,656,692,444,320,255,216,193,650,420,673,434,675,431,677,697,460,682,444,678
1,690,448,322,670,433,313,668,695,701,705,458,330,260,664,428,311,248,659,692,700,703,462,331,674,698,703,705,706,465,683,443,680,448,682,442,319,670,432,676,444
1,674,439,315,668,432,311,667,694,700,705,460,331,261,664,431,311,249,658,691,700,704,462,333,672,696,704,705,707,467,686,447,681,449,681,444,320,669,431,675,432
0,279,661,693,448,679,698,454,326,258,218,655,692,700,456,681,699,704,462,332,261,220,653,691,446,322,255,217,193,647,410,671,436,677,437,676,697,452,681,447,681
0,377,671,696,453,680,699,457,328,259,219,655,690,700,457,681,699,704,464,332,261,223,655,691,448,324,255,237,192,647,411,671,438,677,438,676,697,453,680,449,680
0,378,675,696,457,684,699,458,329,259,219,654,691,700,459,681,700,705,466,334,266,221,659,692,452,324,256,218,193,652,416,672,427,676,439,676,697,455,680,438,679
1,687,443,320,667,425,308,665,694,701,705,466,334,263,662,421,306,245,655,691,696,703,456,328,670,696,703,705,707,461,684,451,682,444,679,436,315,667,438,678,440
1,670,431,313,664,424,307,664,693,700,704,467,334,261,661,423,306,243,660,692,700,704,456,336,669,697,704,704,706,462,684,463,682,446,679,437,316,667,432,676,441
1,674,435,314,664,426,310,660,693,700,704,456,328,259,660,424,305,245,659,693,700,704,459,330,669,698,703,705,707,464,684,441,680,446,678,438,316,666,425,676,442
0,283,663,693,445,680,698,450,323,258,218,657,692,700,453,682,699,705,459,331,260,220,656,692,445,321,254,216,192,649,422,672,435,675,431,677,697,460,683,446,678
1,689,449,323,670,434,313,668,694,701,704,460,331,262,664,430,310,248,658,692,701,704,462,332,672,697,704,705,706,467,688,446,681,449,682,443,320,670,434,676,432
0,279,661,693,449,679,700,453,326,258,218,655,691,700,456,681,700,704,462,332,261,220,655,691,448,323,255,217,193,648,410,671,436,678,436,677,697,451,680,447,680
1,689,452,324,669,437,314,667,694,701,709,462,333,260,663,433,312,248,658,692,700,704,466,333,671,697,703,705,706,469,686,449,679,438,679,445,321,668,435,675,435
0,280,660,692,450,678,699,456,327,258,219,652,691,700,459,681,700,704,465,332,262,221,653,691,451,323,255,217,193,652,417,671,440,677,440,676,697,455,680,437,679
1,686,442,319,668,425,308,665,694,701,704,465,333,262,662,421,306,245,655,692,699,703,456,328,670,697,703,705,707,461,684,451,683,444,679,449,322,668,438,678,441
1,672,428,312,664,424,306,663,693,701,704,467,334,262,660,423,305,246,659,691,700,711,457,330,670,700,703,705,705,462,685,453,682,445,678,437,315,667,424,676,439
1,674,436,313,664,425,307,663,692,700,704,458,328,260,660,424,307,246,659,692,700,704,458,331,668,696,702,705,706,464,684,441,682,446,678,439,315,665,425,676,442
1,673,436,314,670,430,310,663,693,700,704,457,329,259,664,428,310,247,659,691,700,704,461,331,672,697,703,705,706,465,683,442,680,446,681,442,318,666,427,676,442
1,673,438,314,668,431,311,668,694,701,704,458,330,261,664,428,309,248,657,691,699,724,461,331,672,696,702,705,706,466,682,445,680,448,681,443,320,670,433,675,445
0,284,661,693,448,679,699,453,326,257,218,655,691,700,454,680,700,704,462,331,261,220,655,691,448,322,255,217,193,648,409,671,435,675,433,675,698,450,681,447,681
0,376,672,696,453,679,699,455,327,259,218,655,691,700,456,681,700,704,463,333,262,220,654,691,448,323,255,217,193,647,411,671,436,677,437,676,697,452,680,448,680
1,690,453,326,670,438,315,666,694,703,705,464,333,262,662,434,313,249,657,691,701,703,464,334,671,697,703,705,707,459,685,449,679,440,679,446,321,669,436,678,438
0,282,665,693,453,679,698,460,328,259,218,653,691,700,460,681,700,704,467,334,263,221,659,692,453,322,257,218,194,652,418,670,427,674,437,675,698,456,680,438,679
0,378,674,697,458,682,700,460,330,260,219,654,691,701,461,684,700,704,468,335,263,227,658,692,454,325,258,217,191,652,419,671,428,677,441,679,697,458,679,439,678
0,379,674,697,460,683,699,461,331,260,219,658,692,701,463,683,700,704,459,330,260,221,657,695,456,328,259,219,194,650,420,673,434,675,443,679,698,459,683,443,679
1,690,448,322,671,432,312,664,692,701,704,457,329,260,664,428,309,248,660,691,700,704,460,330,673,697,703,705,707,466,683,442,683,445,682,441,318,667,427,675,442
0,283,663,694,446,679,699,451,325,257,217,656,691,699,453,682,702,704,460,331,260,220,656,691,445,321,255,216,192,649,422,673,435,675,432,676,697,449,681,447,677
0,372,671,692,451,680,700,454,327,258,220,656,691,700,455,681,699,704,461,331,261,219,655,690,446,323,255,217,193,647,410,671,434,674,431,676,697,447,681,446,681
0,376,672,696,454,680,700,454,327,258,218,656,691,700,456,681,700,703,463,332,261,219,656,691,448,322,257,216,193,647,411,671,436,677,438,676,698,457,680,448,680
0,378,672,696,454,680,699,456,328,258,218,655,691,700,458,680,699,705,465,333,262,220,655,692,449,323,256,217,193,652,416,672,439,677,439,676,697,454,680,436,679
0,377,677,697,457,680,700,457,328,257,219,654,691,700,459,681,700,704,465,333,263,221,660,693,452,325,256,217,194,653,417,671,426,675,440,676,696,453,680,437,679
0,378,674,697,458,683,700,461,330,260,218,656,691,700,461,684,701,704,468,335,263,221,658,693,453,325,258,218,193,651,418,671,428,675,441,678,698,457,680,439,679
0,379,674,697,459,683,700,462,330,260,219,654,691,700,461,683,701,705,457,329,259,219,657,692,454,326,257,218,194,651,419,671,429,675,442,678,698,458,683,443,679
0,380,674,697,449,681,699,462,330,260,219,658,692,700,464,684,700,704,458,330,259,220,658,692,457,328,259,218,194,649,421,674,433,675,443,678,697,460,684,444,678
0,372,673,697,450,681,700,452,325,257,217,657,691,700,453,682,700,705,460,331,261,220,656,692,446,321,255,216,193,649,422,673,435,675,433,677,698,449,681,444,678
1,689,450,323,670,434,315,668,706,702,704,460,331,260,664,430,310,248,659,692,700,704,463,332,673,697,703,705,706,467,686,446,681,449,681,444,320,670,433,675,432
1,670,438,316,668,433,311,666,694,701,704,466,331,262,664,432,311,251,658,691,700,704,464,332,672,697,704,705,706,469,686,448,680,437,679,444,320,670,434,675,433
1,671,440,316,667,434,312,666,693,701,704,462,332,261,663,433,311,249,656,691,700,704,465,333,671,697,703,705,706,470,686,449,679,438,679,445,320,669,435,675,434
1,671,428,310,665,435,313,665,693,700,704,463,332,261,662,433,313,249,656,697,699,704,466,334,670,697,703,705,706,459,684,450,679,439,679,446,321,668,436,678,438
1,671,429,309,662,422,306,663,693,700,704,466,333,261,662,420,305,244,655,691,699,705,456,329,670,696,703,705,705,461,684,451,682,444,678,435,315,667,437,678,437
1,671,430,311,662,424,307,663,693,699,704,466,334,262,661,422,306,245,660,692,700,703,458,329,669,696,703,705,707,462,684,453,682,445,679,437,315,666,424,676,439
1,674,435,313,664,425,307,659,693,700,704,456,316,259,658,424,306,245,659,691,699,704,460,329,669,696,702,705,706,464,684,440,679,445,678,437,316,666,425,675,441
1,673,436,315,668,421,310,663,693,700,703,456,329,260,664,429,309,246,657,691,700,704,461,330,673,697,703,705,706,464,683,441,680,446,681,441,319,666,427,675,442
0,284,662,693,446,679,699,452,324,257,217,656,691,700,454,681,699,705,460,331,261,220,655,691,445,321,255,217,193,648,423,672,435,674,432,676,696,449,681,445,677
0,372,671,697,452,680,699,454,325,257,216,656,691,700,457,682,699,704,462,333,263,220,655,692,447,322,254,216,194,647,411,671,436,677,435,676,697,452,681,446,681
1,689,452,324,670,436,315,667,694,701,704,462,332,261,663,434,311,249,658,691,700,703,464,333,671,697,704,706,705,470,685,449,680,438,679,445,321,669,434,675,434
0,280,660,692,451,678,698,456,327,258,218,654,691,700,458,681,699,704,465,333,262,220,654,691,450,323,256,217,193,653,416,671,439,677,439,676,697,453,680,437,679
0,377,674,697,457,680,699,458,329,259,219,654,692,699,460,680,699,704,465,333,262,220,659,692,453,323,256,218,193,651,417,672,427,675,439,675,696,454,679,438,679
1,688,444,319,667,426,308,664,694,701,704,466,334,262,662,422,306,244,660,692,700,704,457,329,669,697,703,704,706,462,683,453,682,446,679,437,319,666,438,677,440
1,675,434,314,664,425,308,663,693,700,703,456,328,259,660,423,306,245,659,692,699,703,459,330,670,696,703,705,706,463,683,440,681,445,678,437,316,666,425,676,441
0,288,663,693,451,679,698,461,332,261,220,657,692,700,452,681,700,704,459,329,259,220,656,692,444,320,254,216,203,650,421,674,433,673,431,676,696,459,682,445,678
1,689,449,322,670,433,313,668,695,702,705,458,329,260,664,429,310,248,658,692,700,704,462,332,672,697,703,705,707,466,683,443,679,447,680,443,319,670,432,676,444
0,284,662,693,448,679,699,452,325,257,218,655,691,700,455,682,700,704,462,332,261,221,655,693,447,322,255,216,193,648,410,671,435,673,433,675,696,450,680,446,680
1,689,452,324,669,436,314,667,695,701,705,462,332,259,663,429,313,248,657,691,700,703,465,334,671,697,703,705,706,469,686,448,681,438,679,443,319,669,434,675,433
1,671,440,316,666,435,312,665,694,701,704,463,332,261,662,433,312,248,656,691,700,704,466,334,670,697,703,705,705,458,684,449,679,439,679,447,320,668,435,678,438
0,281,665,694,452,678,698,456,328,258,219,654,690,699,458,680,699,703,466,334,262,221,658,692,452,324,257,217,194,651,417,671,426,675,443,675,697,455,680,438,678
1,689,443,319,667,425,308,665,693,701,704,466,333,263,661,421,299,247,655,690,700,703,456,329,669,697,703,704,706,462,679,451,682,444,679,437,315,667,438,676,439
1,671,431,311,664,424,307,663,692,700,704,467,333,262,660,423,307,245,659,691,700,704,458,330,669,696,703,706,706,463,684,453,682,445,676,437,316,666,424,675,440
0,283,663,694,445,680,698,461,330,260,220,656,692,700,451,681,699,702,459,329,260,216,656,692,443,320,254,215,192,649,420,672,433,675,430,677,697,459,682,444,678
1,689,448,323,670,433,313,666,695,701,704,458,330,260,664,428,308,246,659,691,700,702,462,330,672,697,704,704,706,466,683,441,680,447,681,442,319,670,431,676,443
1,674,438,315,667,432,311,666,694,701,703,460,330,259,663,430,310,248,658,692,699,703,462,332,672,698,703,705,706,467,686,447,680,449,680,444,320,669,433,675,431
1,671,437,316,667,432,312,666,694,724,704,461,330,260,663,431,310,249,657,691,699,703,464,333,671,696,703,705,707,468,686,448,680,437,679,444,319,669,433,675,433
1,672,439,317,666,434,312,666,693,700,704,461,332,260,663,432,312,250,657,691,701,703,465,334,672,696,703,705,705,470,685,450,679,438,679,445,321,668,435,674,435
1,671,428,309,665,434,313,665,694,700,704,463,332,261,662,433,312,248,656,690,700,703,455,332,670,696,703,705,706,460,684,450,682,442,679,447,321,668,436,678,439
0,281,665,694,453,682,698,458,328,259,218,654,690,700,460,683,700,705,467,335,262,221,658,691,453,325,257,218,193,651,418,672,427,676,439,676,697,456,680,437,678
0,378,674,697,458,682,699,460,331,260,219,653,691,699,461,683,700,704,457,329,260,219,657,693,453,326,254,218,194,636,419,669,428,674,441,679,697,457,684,442,678
0,380,672,697,460,683,700,462,331,260,220,657,691,700,463,683,700,704,459,329,260,219,656,692,456,326,258,218,193,650,421,673,433,675,443,678,698,459,682,444,679
1,689,447,323,670,433,314,668,695,702,704,460,330,258,664,428,309,247,659,692,700,704,460,331,672,697,704,705,705,466,683,442,680,448,681,441,323,666,428,676,442
1,673,437,315,668,432,311,666,693,700,705,459,330,260,664,429,310,247,658,691,700,703,462,332,672,697,703,705,707,466,686,446,681,449,681,443,319,670,434,676,432
0,280,661,693,448,679,698,451,326,257,217,656,691,700,455,680,699,704,462,331,262,219,654,691,447,322,255,216,193,647,409,671,435,677,436,676,697,450,680,447,680
0,376,672,696,454,680,699,455,327,257,216,655,691,700,457,681,699,704,463,333,261,220,654,691,449,314,255,216,193,647,409,670,437,677,438,676,697,452,680,448,680
0,377,672,696,455,679,699,456,327,259,218,655,691,700,458,681,699,704,465,333,262,221,654,691,450,323,256,217,193,652,416,671,436,677,438,676,697,454,680,436,679
1,688,441,318,667,424,307,664,693,701,705,465,333,261,661,421,305,245,655,696,700,703,456,328,669,695,702,705,706,460,684,451,682,443,679,448,321,668,438,678,439
1,671,430,313,664,423,306,663,693,700,704,465,333,262,661,422,306,244,659,692,699,703,457,329,669,696,698,705,705,461,684,452,682,445,679,437,315,667,424,676,438
1,674,434,313,664,425,307,662,692,700,704,455,328,258,660,423,306,244,659,691,700,703,459,330,668,696,703,706,706,463,683,440,680,444,678,437,316,667,425,676,440
0,283,663,693,444,679,699,462,330,260,218,656,692,699,452,681,700,704,459,330,260,219,656,692,444,318,255,215,193,648,421,673,434,674,431,676,697,459,682,445,678
0,372,672,696,450,680,698,452,325,258,218,656,691,700,453,681,699,704,460,331,261,219,656,691,445,321,254,216,193,649,423,672,435,674,432,676,697,449,681,445,677
1,689,449,324,669,435,313,667,694,701,704,460,331,261,663,428,310,248,658,692,699,704,463,332,672,697,703,705,706,468,684,447,680,450,680,444,319,669,433,675,432
0,280,661,693,449,678,698,454,326,257,218,655,690,700,456,666,699,704,462,326,260,221,654,692,448,323,255,216,192,647,409,671,437,677,436,676,697,451,679,447,681
1,688,453,325,669,437,315,666,694,701,704,463,332,261,662,433,312,249,656,691,699,704,466,334,671,696,703,705,706,459,684,449,679,439,679,446,320,668,435,678,437
0,282,665,694,453,678,698,457,328,258,217,653,690,699,459,680,699,704,466,333,262,219,658,692,452,324,256,218,193,651,417,671,426,675,439,675,697,454,680,437,678
1,688,443,319,667,425,308,664,695,701,704,466,332,261,661,420,306,243,656,690,699,703,457,328,669,696,703,705,707,461,684,451,682,444,678,436,315,665,437,677,440
1,674,434,313,664,425,307,663,693,700,704,455,327,259,660,423,306,245,659,691,699,703,458,330,669,696,702,705,706,463,684,440,680,445,678,437,315,666,425,675,440
1,673,432,313,668,429,309,663,692,700,704,458,328,259,664,427,308,247,659,692,700,704,459,330,673,697,703,705,706,464,683,442,680,440,680,441,317,666,426,676,440
0,284,662,693,445,679,698,451,324,257,217,656,691,699,453,681,699,704,459,330,260,219,654,691,445,321,254,217,192,648,422,672,435,674,431,676,696,449,681,444,677
1,688,449,322,669,434,314,668,694,701,704,459,331,260,663,430,310,247,658,691,700,703,463,332,672,697,702,705,706,467,686,446,680,449,680,443,319,669,432,676,432
0,277,661,691,449,678,698,453,325,257,215,654,691,700,456,680,699,704,463,332,261,220,654,691,448,323,254,217,191,647,410,671,437,677,436,676,696,451,680,446,680
0,376,671,696,454,680,699,456,327,258,218,655,691,700,457,681,700,704,464,333,261,220,654,691,449,323,256,216,193,652,415,671,438,677,438,676,697,453,680,435,679
0,377,675,697,455,680,699,457,328,259,219,655,691,700,459,680,699,704,465,333,262,205,658,693,452,324,256,218,189,652,416,671,427,675,438,676,696,454,680,437,679
0,378,674,696,457,683,700,460,330,260,220,654,690,700,461,684,700,704,466,334,262,221,658,692,452,326,256,218,192,651,418,671,428,675,440,678,697,457,680,437,678
1,688,444,319,666,427,309,664,694,701,704,467,334,263,661,423,306,245,659,692,700,704,458,329,669,696,703,705,706,462,684,452,682,445,678,437,315,666,425,676,440
0,281,663,693,445,680,698,461,320,258,219,657,691,700,463,683,700,704,458,329,260,218,657,692,454,327,258,217,194,649,420,673,433,675,443,678,697,458,682,444,679
0,371,672,696,450,680,699,451,324,257,217,657,691,700,453,681,699,704,460,331,260,220,656,691,444,320,254,216,192,649,422,673,434,674,431,677,697,448,681,445,677
1,689,449,323,670,427,312,668,695,701,704,452,329,260,662,430,311,248,658,692,700,704,462,332,673,697,703,706,706,467,686,446,680,448,681,444,318,669,432,676,431
1,672,438,316,666,433,312,666,694,701,704,460,332,260,662,431,310,248,657,691,699,704,464,332,672,697,703,705,706,468,686,447,680,437,679,444,319,667,433,675,433
1,671,439,316,666,434,312,666,693,701,704,462,332,261,662,432,311,248,657,691,699,703,465,333,671,697,703,706,706,470,685,449,679,438,678,445,320,668,435,675,434
1,670,426,308,661,434,315,666,693,700,704,463,332,260,662,433,313,249,656,691,699,703,467,333,671,697,702,705,706,460,684,448,679,439,677,446,309,668,436,678,438
1,671,429,310,664,422,305,663,693,700,704,464,333,261,661,421,305,244,655,691,699,703,457,328,670,696,702,705,705,460,684,450,682,438,678,435,315,667,437,677,440
0,282,664,693,454,681,699,460,329,259,218,652,690,700,460,683,700,704,456,328,258,218,658,691,453,326,257,227,193,650,418,670,428,674,440,678,697,455,682,443,678
0,379,673,696,459,682,699,462,330,260,219,657,691,700,463,683,700,704,457,328,258,218,658,692,456,326,258,217,195,650,420,674,433,675,442,677,697,459,665,443,678
0,371,672,696,449,680,699,463,331,260,220,657,692,700,452,682,699,704,459,329,260,219,656,692,444,320,253,216,192,649,421,672,434,675,431,676,697,460,682,445,678
1,689,453,322,670,433,313,668,694,701,704,459,330,259,664,428,310,246,659,691,700,704,463,331,673,697,703,708,706,467,683,443,679,448,681,442,319,669,432,676,445
0,285,661,693,448,678,698,451,325,257,218,655,691,700,455,680,699,703,461,332,261,220,654,692,447,322,255,217,192,648,409,671,435,677,435,676,697,450,680,446,681
0,375,671,694,453,680,699,455,327,258,218,655,691,700,457,681,699,704,463,332,261,220,655,692,448,322,255,216,192,647,410,670,436,677,437,676,697,452,680,448,680
0,376,672,697,454,680,699,457,327,258,218,654,691,701,458,680,699,704,465,333,260,220,653,690,449,323,256,216,194,652,416,671,438,677,439,676,696,454,677,436,679
1,688,442,318,667,438,315,666,694,701,704,465,333,262,662,435,312,249,656,690,700,703,455,327,670,696,703,705,706,460,684,452,682,443,681,448,321,667,437,678,439
1,671,430,311,665,423,306,663,693,700,704,466,333,262,662,422,306,244,659,693,699,703,457,329,669,697,703,705,706,462,684,451,682,444,678,436,316,666,438,678,440
1,674,435,313,664,425,307,663,693,700,703,455,328,259,659,422,306,244,658,691,700,703,458,329,668,696,702,706,706,463,684,440,680,444,678,436,315,666,424,675,450
0,283,663,693,445,679,698,463,330,259,219,657,691,700,452,682,701,704,458,329,259,219,655,692,443,320,253,215,191,649,420,673,433,675,430,676,697,459,682,444,678
0,371,651,697,448,680,699,451,331,256,217,656,691,700,454,681,699,704,459,327,260,219,656,692,445,322,254,216,193,649,424,673,434,675,431,676,697,449,680,445,677
0,372,672,696,451,680,698,452,325,257,218,655,691,700,455,680,700,704,461,331,261,219,655,691,447,321,255,214,193,648,409,671,435,674,433,676,697,450,680,446,681
1,688,452,324,670,437,313,666,693,701,704,461,331,266,661,432,312,248,657,691,700,703,465,333,672,697,704,705,706,469,686,448,680,437,679,444,324,669,433,675,434
0,279,660,692,450,680,698,455,327,258,218,655,691,699,457,680,699,704,464,332,262,217,654,691,449,323,256,216,193,652,416,672,438,677,438,676,697,453,680,435,679
0,377,675,697,456,679,699,456,327,258,218,654,691,700,459,681,714,704,465,333,261,220,659,693,452,324,256,217,193,651,417,671,426,675,438,675,697,454,679,438,678
0,377,674,698,459,683,700,459,330,259,219,654,691,700,461,694,702,704,467,335,263,220,657,692,453,325,256,217,193,651,418,671,428,675,440,679,697,456,680,439,680
1,688,443,319,666,427,309,664,693,701,704,467,334,262,661,423,306,244,659,692,700,703,459,329,669,696,703,705,706,462,683,452,682,445,679,437,315,668,425,676,440
0,282,664,692,445,679,699,460,331,259,220,657,704,702,452,681,700,705,448,329,261,218,656,692,443,319,254,215,190,650,420,673,433,674,430,676,697,458,682,443,678
1,688,448,322,670,433,312,668,697,702,703,458,329,260,665,429,311,247,659,692,700,704,461,333,669,697,703,704,706,465,683,443,680,447,681,442,318,670,431,675,444
0,283,662,693,447,680,699,452,325,257,218,655,691,699,454,681,699,704,462,331,260,220,655,692,446,321,254,217,192,647,409,671,434,673,432,676,697,450,680,445,681
0,374,671,696,452,680,699,454,326,258,218,655,691,700,456,681,699,704,462,332,261,220,655,691,447,322,255,216,192,647,413,671,436,677,436,676,697,446,680,447,681
1,689,453,325,669,436,314,666,694,701,705,463,332,261,662,433,312,247,657,692,700,704,465,333,671,696,703,705,707,469,686,449,680,438,679,445,320,669,435,675,433
1,671,428,309,665,435,313,664,694,700,703,463,333,260,662,433,313,248,656,691,700,703,455,327,670,696,703,705,705,458,684,449,682,442,679,446,321,668,436,678,438
1,671,429,310,664,422,305,663,693,700,703,465,333,262,661,421,305,244,655,691,700,703,456,328,670,696,702,705,706,461,683,451,682,443,678,435,314,667,436,677,439
1,670,430,311,664,424,305,663,693,700,704,466,333,263,661,422,305,244,658,691,699,703,458,329,669,696,704,705,706,461,684,452,682,444,678,435,315,666,424,676,440
1,674,434,313,664,425,307,662,692,700,704,456,327,258,659,423,306,245,658,691,700,703,459,329,668,696,702,705,706,464,683,440,680,445,678,437,316,666,426,676,441
1,673,436,313,667,429,310,667,694,700,704,457,329,259,664,427,309,247,659,691,699,703,460,330,671,696,709,704,706,465,683,441,680,446,681,446,318,665,427,675,442
1,672,437,314,668,431,313,666,694,700,704,459,329,259,664,429,306,246,658,691,699,703,462,331,671,696,703,705,706,466,686,445,680,448,681,443,319,669,433,675,431
0,278,660,692,448,679,697,451,325,257,217,655,690,699,455,681,699,704,462,332,261,219,655,691,447,321,255,216,192,647,409,671,435,677,436,676,696,451,680,447,680
1,689,452,324,669,436,313,667,694,701,704,462,331,261,663,432,311,248,657,690,699,703,464,333,671,697,703,705,706,470,685,448,679,438,680,445,320,669,435,675,433
1,670,440,316,666,433,313,665,693,698,704,463,332,261,662,433,312,248,656,691,700,703,466,334,671,695,702,705,706,458,683,449,679,439,678,446,320,668,436,677,438
0,282,664,694,452,681,699,459,328,259,218,653,690,699,459,683,700,704,465,332,261,221,658,692,453,324,256,215,193,650,417,670,427,675,440,673,697,455,679,438,678
0,378,674,696,457,683,700,460,329,259,219,653,691,698,461,683,697,704,456,328,259,219,657,692,453,325,253,217,193,650,419,670,428,675,441,677,697,455,682,439,679
1,691,447,321,666,427,309,664,693,701,704,455,327,259,660,423,306,246,659,692,703,703,458,330,668,696,702,705,706,463,683,440,680,445,677,437,315,666,425,675,439
1,673,434,314,668,430,310,663,693,700,703,458,328,259,663,428,309,247,659,692,699,703,459,330,672,690,702,705,705,465,683,441,679,446,680,440,319,666,426,675,444
1,673,436,314,667,430,310,666,693,700,704,458,330,259,663,429,310,247,658,691,699,703,461,331,671,696,702,705,705,466,683,441,679,447,680,443,319,668,431,675,444
0,283,662,693,447,678,699,452,325,256,217,656,688,701,454,658,698,703,461,330,260,218,654,691,446,321,254,215,193,647,407,671,435,674,433,675,696,449,680,446,680
0,375,671,696,452,680,699,455,327,257,218,654,691,699,456,681,699,703,463,332,261,220,655,691,448,323,256,217,192,645,410,670,435,677,437,676,696,452,680,449,680
1,689,454,324,668,437,314,666,693,701,704,463,332,261,662,433,312,248,657,691,700,704,465,333,671,697,703,705,706,459,684,448,677,439,679,445,320,668,435,678,437
1,671,428,309,664,435,313,664,691,702,703,464,333,262,661,434,312,249,655,690,699,704,455,328,669,696,702,705,706,459,684,451,681,442,678,469,322,667,436,678,438
1,670,429,310,664,423,306,663,693,700,704,465,333,261,661,421,305,244,654,690,699,703,457,328,669,696,702,704,706,461,683,451,681,443,678,435,314,666,437,677,440
1,674,434,313,664,424,306,663,693,700,704,454,327,258,660,422,307,244,659,691,699,703,458,329,668,696,702,704,706,462,683,439,681,444,678,436,315,666,424,675,440
1,674,435,313,668,427,308,663,693,700,704,456,328,258,655,425,308,245,659,691,699,704,460,330,672,696,702,704,706,466,683,441,680,445,673,441,318,666,427,675,442
0,283,663,693,446,679,698,450,324,256,217,655,691,699,452,681,699,703,459,330,260,219,655,691,444,320,254,215,192,648,422,672,434,674,431,678,696,447,680,444,677
0,372,670,696,450,680,699,452,325,256,219,656,691,700,454,680,693,704,461,331,261,220,655,692,446,321,255,215,191,648,408,671,435,673,432,674,697,449,680,446,680
1,689,452,323,669,435,313,666,694,701,705,460,331,261,662,431,311,248,658,691,698,703,464,332,672,696,703,704,706,468,686,447,679,437,679,444,318,668,433,675,432
1,671,438,315,666,433,312,665,693,700,703,462,331,260,662,432,311,248,656,691,700,704,465,333,670,697,702,704,706,458,684,448,679,438,678,445,319,668,435,678,437
1,670,427,309,665,435,312,664,693,700,703,463,332,262,662,433,312,249,657,691,699,703,455,327,669,696,703,705,706,459,683,449,682,442,678,447,321,667,436,677,438
1,670,429,310,665,422,306,663,696,700,703,464,334,262,661,421,305,243,654,690,699,703,457,328,669,696,702,705,706,461,682,451,682,442,678,435,314,667,438,676,439
0,282,665,693,455,681,699,459,329,259,218,652,690,699,461,683,699,704,456,328,259,219,657,691,453,325,257,217,193,650,419,670,428,674,440,678,698,458,683,442,678
1,690,447,321,666,429,309,665,694,700,704,456,327,259,659,423,306,245,660,691,699,703,459,330,668,697,703,705,706,464,683,440,680,446,688,437,314,665,425,675,441
0,283,662,693,445,680,698,450,323,256,217,656,691,699,452,681,699,704,459,330,259,219,656,692,443,320,254,216,192,650,421,673,437,674,431,675,697,448,679,443,677
0,372,671,696,450,681,700,452,325,257,217,655,691,700,453,681,699,704,460,331,260,219,655,690,445,320,255,216,192,648,408,671,434,673,433,675,697,449,680,445,681
1,689,451,324,670,435,313,667,694,700,704,460,331,260,663,430,306,245,657,691,699,703,464,332,671,696,703,705,706,468,686,447,679,436,679,443,319,668,433,675,432
0,279,660,692,449,678,698,452,325,257,217,655,691,699,457,680,699,704,463,333,262,218,656,691,449,322,255,218,192,647,410,662,435,676,437,675,697,451,680,449,679
0,377,675,697,455,680,698,456,327,258,218,654,694,700,458,680,699,704,464,333,261,220,653,691,450,323,255,217,192,651,416,671,439,677,439,675,697,454,680,437,679
1,688,442,318,667,424,307,664,694,700,704,464,333,262,661,420,305,244,655,692,699,703,455,328,669,696,702,705,706,460,684,451,682,443,679,435,314,666,437,677,439
0,282,664,693,454,682,698,459,329,259,219,653,690,700,461,683,700,704,457,328,259,218,657,692,453,324,257,217,193,650,418,670,428,675,440,679,697,457,683,442,678
0,379,674,696,460,683,699,461,330,260,219,658,692,700,463,683,700,704,457,328,259,219,656,692,455,325,257,217,193,650,420,673,433,675,443,678,697,458,683,443,678
0,371,672,696,449,680,699,462,331,259,218,657,691,700,452,677,700,704,459,329,260,219,656,692,445,320,254,214,192,649,420,673,434,674,432,676,697,458,682,444,678
1,688,448,322,671,432,311,668,694,701,704,458,329,260,664,429,309,248,658,691,700,704,460,331,672,697,703,705,706,466,683,443,679,447,681,443,318,670,431,676,444
1,673,438,315,667,432,311,666,693,700,704,460,330,260,663,430,310,248,657,691,699,704,462,332,672,697,703,705,706,467,686,446,680,436,679,443,318,669,433,675,432
0,279,660,693,449,678,698,454,325,257,215,654,691,700,456,680,699,703,463,336,260,219,654,690,447,322,255,216,193,647,410,670,436,674,436,675,697,452,681,448,680
1,690,453,325,668,438,314,666,694,701,704,464,332,261,662,433,312,249,657,691,700,704,465,334,671,697,703,705,705,459,684,449,679,439,678,446,320,669,436,678,438
1,671,428,309,664,435,313,664,693,700,704,464,332,262,661,434,314,248,655,691,699,703,455,327,669,696,702,705,706,460,684,449,682,442,678,447,321,667,437,677,438
1,670,429,310,664,422,305,663,694,702,707,465,333,261,661,422,304,243,659,691,699,703,457,327,668,696,703,705,706,461,684,451,681,444,678,436,314,666,437,677,440
0,283,663,691,455,680,699,459,330,259,219,657,691,700,461,683,699,703,457,328,258,219,654,692,454,327,256,217,193,650,419,673,432,675,442,678,696,458,682,442,678
0,370,672,696,448,681,699,462,330,260,219,656,692,699,451,681,699,704,458,329,259,218,656,691,444,319,253,215,192,649,420,672,433,674,430,676,696,459,682,444,677
1,688,446,321,670,433,312,667,694,701,704,457,330,261,663,429,309,247,659,692,700,703,461,331,671,699,702,705,706,465,683,442,680,447,679,442,319,669,431,674,443
0,283,662,693,447,679,698,451,324,257,217,656,691,699,454,679,699,705,460,331,262,220,655,691,446,320,254,215,192,648,408,671,434,674,431,676,697,450,680,445,680
1,689,451,323,669,435,313,667,694,701,704,461,331,260,662,431,311,248,656,691,699,703,464,332,671,696,703,705,705,468,686,448,679,437,679,444,319,669,435,675,433
1,671,440,315,667,414,314,665,693,700,705,463,331,258,662,432,312,249,657,691,700,703,465,333,671,696,703,705,706,458,684,448,679,438,679,444,320,668,435,678,437
1,669,429,310,664,434,312,664,693,701,703,463,332,262,661,433,311,250,656,690,700,703,455,326,669,696,702,705,706,458,683,450,682,443,678,447,321,665,437,678,446
0,283,664,693,454,681,698,458,328,259,218,653,690,699,460,683,699,704,467,334,262,221,657,692,453,324,256,217,193,650,418,670,427,674,439,678,697,456,679,438,678
1,688,443,318,666,425,308,664,693,700,704,467,332,261,661,422,306,245,659,691,699,703,458,329,669,697,703,704,705,462,683,452,681,445,678,437,315,666,425,677,439
1,674,434,313,668,429,309,663,692,700,703,456,327,259,664,426,308,247,659,691,699,703,459,331,672,697,702,704,706,464,682,441,680,445,681,439,312,666,426,675,441
0,283,662,692,445,679,698,450,323,256,217,655,688,699,452,681,699,703,459,329,260,219,655,691,444,320,254,216,192,648,421,672,434,674,431,678,696,448,680,443,676
1,689,450,322,669,433,313,667,694,701,704,459,329,259,663,432,302,246,658,691,699,704,462,332,672,697,702,705,706,467,686,446,679,448,680,443,319,669,432,675,431
1,672,438,315,666,432,311,666,693,700,703,460,330,260,663,430,310,246,657,691,699,703,463,332,671,709,703,705,706,468,685,447,679,437,678,443,319,669,433,674,431
0,279,660,692,449,678,698,454,326,257,217,654,690,699,456,680,699,703,463,332,261,220,653,691,448,322,255,217,193,645,410,670,437,694,437,675,696,452,680,449,680
0,376,657,697,456,679,697,455,327,259,220,654,691,700,458,679,698,704,465,332,262,220,658,692,451,323,257,218,192,651,416,671,426,675,438,675,696,454,679,436,678
1,688,441,318,666,424,307,664,692,700,703,465,333,262,661,421,301,244,655,690,700,703,456,328,669,695,702,705,706,460,684,451,682,443,679,435,316,666,436,674,439
1,670,430,310,664,423,306,663,693,700,703,465,333,262,660,421,306,244,659,691,700,703,457,328,669,696,703,705,706,461,683,452,681,444,678,436,315,666,424,675,439
1,673,434,312,664,424,307,661,693,700,703,456,326,258,659,421,306,243,658,692,699,704,459,329,669,695,703,705,706,463,683,441,680,445,677,437,315,666,424,675,440
1,673,435,313,667,429,308,666,694,702,703,457,329,259,663,430,308,247,658,691,700,703,461,330,672,696,702,705,706,465,682,441,680,446,681,441,317,664,427,675,441
1,673,436,314,667,431,309,666,693,700,704,458,329,260,663,429,309,248,658,690,699,703,461,331,672,697,702,705,706,465,686,445,680,448,680,443,318,669,431,675,430
0,278,661,692,446,679,698,461,326,256,217,655,691,699,455,680,698,702,460,331,258,220,654,690,446,321,254,216,193,647,409,671,434,677,435,676,695,452,679,445,679
1,688,452,323,668,436,314,666,694,701,704,461,331,260,662,432,311,248,656,691,699,703,464,332,671,696,702,705,706,468,685,448,679,437,679,445,318,668,433,675,433
0,279,660,692,450,677,697,455,328,258,218,653,691,699,457,680,699,703,465,333,261,219,653,690,450,322,256,217,193,651,415,671,438,676,438,675,697,453,680,436,678
1,687,441,317,667,424,308,664,692,700,703,464,333,261,661,420,305,245,653,690,699,703,455,326,669,696,703,705,706,459,684,450,682,450,678,449,321,667,423,678,439
0,282,664,693,453,681,697,458,329,259,218,653,690,699,460,683,699,703,456,328,259,218,657,691,453,324,257,218,193,650,418,671,428,674,440,678,697,456,682,441,678
0,379,674,693,459,683,700,460,330,259,220,657,692,700,463,683,700,704,457,327,259,219,656,691,455,325,257,218,193,650,420,673,432,675,442,678,698,458,682,443,678
0,370,672,696,448,682,700,462,331,261,218,657,691,700,452,681,699,704,458,329,260,219,656,692,448,320,253,214,192,649,420,673,432,674,430,677,697,459,682,444,676
0,371,672,696,449,680,699,451,324,257,217,656,691,699,453,681,699,704,460,330,260,220,655,691,445,319,254,215,190,648,422,672,435,674,431,676,697,448,680,445,677
0,372,671,696,451,680,715,453,325,255,218,656,691,699,455,680,700,704,462,331,261,219,655,691,447,321,253,216,192,647,409,671,434,670,433,676,697,449,680,446,680
1,665,448,321,669,436,313,667,694,700,705,460,331,261,663,432,311,248,657,691,700,704,464,332,672,696,703,705,706,468,685,447,679,436,679,444,318,668,433,674,433
1,670,439,316,666,434,311,665,693,701,703,462,331,261,662,432,312,248,656,691,699,703,465,333,671,696,703,704,706,458,684,448,678,438,678,444,320,666,435,678,437
1,672,427,309,664,435,312,665,693,700,703,464,331,261,661,434,311,249,656,691,699,703,455,326,669,696,704,705,706,460,684,450,682,442,678,447,320,668,436,677,438
0,282,664,693,453,681,699,459,329,259,218,653,690,699,460,683,699,704,466,335,263,220,657,692,452,325,248,218,193,651,417,670,426,674,439,678,697,456,679,440,678
0,378,673,697,459,682,698,461,330,259,219,657,691,700,462,683,700,704,455,328,259,218,656,692,454,325,257,217,193,650,419,670,429,674,441,678,697,458,682,442,678
1,690,447,323,670,432,311,665,692,701,704,456,328,258,664,426,308,247,659,691,699,704,460,329,673,696,701,705,708,464,683,440,680,446,681,439,318,665,426,675,441
0,283,662,693,445,679,698,450,324,255,216,656,691,700,452,681,699,703,459,329,259,219,656,691,444,320,253,216,192,648,423,671,434,675,432,677,695,446,681,443,677
0,372,672,696,450,680,699,452,325,257,217,655,694,700,454,681,699,703,460,331,260,219,655,691,445,320,254,216,192,648,409,671,434,673,432,676,696,450,680,445,680
0,375,671,696,452,680,697,454,325,258,217,655,690,700,456,681,700,706,460,330,260,219,654,691,447,322,255,217,191,646,409,671,435,676,436,677,697,452,680,448,680
0,376,671,696,453,680,699,455,326,257,218,655,691,700,457,678,699,704,464,332,261,220,654,692,442,322,255,216,194,651,415,671,438,677,438,676,697,453,680,435,678
0,376,675,696,456,679,699,456,328,258,218,655,691,700,459,680,699,703,465,333,262,220,659,692,451,324,256,216,193,651,417,671,426,675,438,675,697,453,680,436,678
0,377,674,697,457,680,699,459,329,258,218,654,691,700,459,680,699,705,466,335,262,221,658,692,455,325,258,216,192,651,418,672,428,672,439,678,697,455,679,437,678
0,378,674,697,458,683,700,461,330,259,218,653,691,700,461,683,700,700,456,328,259,218,657,692,454,325,257,217,192,651,419,670,429,675,441,678,698,457,683,442,679
1,691,448,322,667,428,309,664,693,701,704,456,327,257,659,423,306,246,658,691,700,704,459,329,668,696,702,705,706,461,683,441,680,445,678,438,315,666,425,675,439
1,674,436,313,667,429,310,667,694,701,704,457,329,259,664,427,309,246,658,692,700,703,461,330,671,697,703,705,706,465,683,442,680,446,681,441,317,670,430,676,443
0,282,661,693,446,680,699,452,324,254,202,655,691,699,454,681,699,703,460,330,261,219,655,691,446,320,254,214,192,648,408,671,434,673,431,675,696,449,680,445,681
0,374,672,696,451,680,699,454,326,257,218,655,696,700,456,681,699,703,462,330,261,218,654,691,446,321,255,216,192,647,408,671,435,677,436,676,697,452,680,446,679
0,376,672,696,453,680,698,455,326,257,217,655,691,688,456,681,699,704,463,332,261,220,654,691,448,322,255,217,192,647,410,671,437,677,437,676,696,452,680,448,680
1,688,441,317,667,438,313,666,694,701,704,464,331,261,661,433,313,249,657,691,699,703,465,333,671,698,702,705,706,459,684,448,689,439,678,446,319,667,435,678,438
1,671,428,309,665,421,305,666,693,700,704,464,332,260,661,420,304,243,655,690,699,703,456,327,669,696,702,705,706,459,683,450,682,443,679,434,314,666,436,677,439
1,669,429,310,665,423,305,663,693,701,703,466,332,260,661,422,305,243,659,691,699,703,457,330,669,696,703,705,706,462,683,451,681,444,679,435,314,666,424,676,439
1,673,434,312,663,425,307,662,692,700,704,455,327,259,659,422,305,244,658,691,695,703,458,329,668,696,703,704,705,463,683,440,680,444,677,437,315,662,425,675,441
0,283,662,693,443,679,697,461,330,259,219,657,691,699,451,682,699,703,458,330,260,219,655,691,442,320,253,216,191,649,421,673,433,674,430,676,696,459,682,444,678
0,371,671,696,449,680,699,452,324,256,217,656,691,700,454,692,698,704,460,330,257,219,655,691,444,321,254,215,190,647,421,672,435,673,431,675,697,449,680,443,677
1,688,450,322,668,434,313,667,694,700,704,460,330,259,663,430,310,247,658,691,699,704,463,332,672,696,703,705,705,467,686,447,680,436,679,442,318,669,433,675,432
1,671,439,315,645,433,311,665,693,700,703,461,331,260,662,431,311,248,657,691,700,703,465,333,671,696,703,704,706,468,685,449,679,436,679,445,320,668,433,674,433
0,279,659,692,450,678,698,454,325,258,217,654,690,699,457,680,699,703,464,332,261,220,653,691,449,323,255,216,192,652,416,671,438,677,438,676,696,453,679,436,678
1,687,439,318,667,437,313,666,694,696,704,467,331,261,661,434,312,249,656,691,699,703,454,327,669,696,703,704,705,459,684,450,680,443,680,446,321,667,436,677,439
0,281,664,693,453,681,698,458,328,259,219,653,690,699,460,683,700,704,455,327,258,218,658,692,452,325,256,218,194,650,418,670,427,675,439,678,697,456,679,438,678
0,378,676,697,457,683,700,461,333,260,218,659,692,700,462,684,699,704,457,328,259,219,657,691,454,325,256,217,193,649,419,674,432,675,441,678,697,459,683,443,678
1,689,447,319,670,431,311,663,693,701,703,456,324,259,663,427,309,247,659,691,699,703,459,330,672,696,703,705,705,463,683,441,680,446,681,441,317,676,426,675,441
1,673,436,314,667,430,310,667,694,700,704,458,329,259,663,428,309,243,658,692,700,703,463,330,672,696,704,705,706,466,682,444,679,447,680,442,318,669,431,675,443
1,673,438,315,666,430,311,663,693,699,702,460,325,259,663,430,310,247,657,691,699,703,461,331,671,697,702,704,706,467,686,446,679,449,680,443,318,668,429,674,431
0,278,660,692,448,678,698,453,325,257,217,654,690,699,455,680,698,703,462,331,261,219,654,691,447,322,254,216,195,647,410,671,436,676,436,677,696,451,680,447,680
1,688,452,324,669,436,314,666,694,701,702,462,331,260,662,432,311,247,656,691,699,703,464,330,671,696,703,705,705,458,684,448,679,438,678,445,319,668,434,677,437
1,671,427,309,665,434,312,665,692,701,704,463,331,261,661,432,311,248,656,691,700,703,454,326,668,696,702,704,706,460,683,449,682,442,678,447,319,668,436,677,438
0,282,664,693,453,679,699,458,328,259,218,653,690,699,459,683,699,704,467,334,262,220,658,692,452,324,256,217,192,651,417,668,427,675,439,678,697,456,679,438,678
1,687,443,319,667,426,308,664,693,700,703,466,333,262,660,422,304,244,658,691,699,703,457,328,669,696,703,705,712,462,683,452,682,444,670,437,314,666,426,674,439
1,673,434,312,668,428,309,662,692,700,703,456,327,258,647,426,307,245,658,691,699,703,460,329,671,696,702,705,706,462,682,440,680,445,681,440,317,666,425,675,440
1,673,436,314,667,429,310,666,694,700,704,457,329,259,664,427,309,246,658,691,699,703,460,331,672,697,702,704,705,465,683,442,680,446,681,441,318,670,430,675,443
0,283,661,694,446,680,699,451,324,245,221,655,691,699,453,680,699,704,461,331,261,219,655,691,445,321,255,215,192,648,408,671,432,673,431,676,697,472,678,444,679
0,374,671,695,451,679,699,453,325,257,227,655,691,699,455,679,699,703,461,331,260,219,654,691,446,321,254,216,192,647,409,671,435,677,436,676,696,450,680,446,680
0,375,659,696,452,680,699,455,327,266,218,654,690,699,457,680,699,704,463,332,260,218,655,691,448,321,254,217,192,646,407,671,437,676,438,676,696,452,680,448,680
0,376,675,696,455,680,698,456,327,258,217,654,691,700,458,680,699,704,464,333,261,220,658,692,450,324,255,217,193,651,416,675,426,675,437,675,696,453,679,436,679
0,376,674,696,456,683,699,459,328,259,218,656,690,700,459,664,697,704,466,334,262,220,657,691,452,324,256,217,191,651,417,670,426,674,439,678,697,455,679,438,678
0,377,673,696,459,682,700,460,330,258,220,652,690,699,460,682,700,704,456,327,259,219,656,692,453,325,258,217,194,650,418,670,428,675,439,678,697,456,683,442,678
1,691,447,322,666,428,309,663,693,701,704,456,328,258,660,424,305,245,659,691,699,703,458,329,669,695,707,705,706,463,683,440,680,444,678,437,316,666,425,675,441
1,675,435,313,669,429,310,663,693,700,704,457,329,258,663,427,307,244,658,692,700,703,460,330,672,696,702,705,706,464,683,441,680,446,680,442,317,666,427,675,442
1,673,435,321,667,430,310,667,693,700,705,458,328,259,663,429,309,258,658,691,699,702,460,331,671,697,702,706,706,465,685,445,679,448,680,443,318,665,432,675,431
1,671,437,314,666,432,310,666,693,699,704,459,330,259,663,430,310,247,657,691,699,703,462,331,671,696,702,704,705,467,685,446,680,436,679,443,319,668,432,671,433
0,277,660,692,448,656,698,452,315,256,217,654,691,698,456,679,700,703,462,332,262,220,654,691,447,322,255,215,193,647,409,670,436,675,437,676,697,452,680,447,679
0,376,670,696,454,679,698,455,327,258,217,654,690,700,457,680,699,704,464,335,262,219,653,691,449,322,255,216,192,651,415,671,438,677,439,675,696,453,680,436,678
1,688,439,317,667,424,305,664,693,701,703,464,333,261,660,424,304,244,654,691,699,702,455,327,669,696,702,704,706,460,683,450,682,443,678,448,320,667,436,676,438
0,281,663,694,452,681,699,459,326,258,217,652,691,699,460,683,699,703,454,328,259,218,657,692,422,323,257,217,193,650,418,670,428,675,440,678,696,455,682,441,678
0,379,673,696,459,682,699,461,330,259,220,657,691,699,462,683,700,704,457,328,259,218,657,692,454,325,257,217,193,650,419,673,432,675,442,677,697,458,683,442,679
1,689,446,320,670,429,311,663,693,700,704,458,329,251,664,427,308,245,658,691,700,703,459,329,673,697,702,703,706,464,683,440,679,445,681,440,317,665,427,675,442
1,673,436,314,667,430,310,666,693,700,703,458,329,259,663,428,309,247,658,691,699,703,461,330,672,697,703,704,706,465,682,443,679,447,680,441,318,669,431,675,443
0,283,661,692,446,678,698,452,324,256,217,655,690,700,454,680,698,703,460,331,260,220,654,691,444,321,254,216,192,647,408,671,434,673,432,675,696,450,680,445,679
1,689,451,323,669,435,313,667,691,699,703,461,331,261,662,429,309,247,656,689,700,703,457,332,671,696,702,704,705,468,685,448,681,437,679,444,318,668,432,675,433
1,671,440,315,665,434,311,665,693,701,703,462,331,260,662,432,311,247,656,691,699,703,465,333,670,696,702,704,706,458,683,448,679,438,678,445,320,667,436,677,437
1,671,427,323,664,434,313,664,692,700,699,463,331,260,661,434,311,247,655,690,699,703,455,327,669,695,703,705,706,459,683,449,682,441,678,447,320,667,436,677,438
1,670,429,310,664,422,305,662,692,700,703,465,332,261,660,421,305,244,654,690,698,703,456,327,669,695,701,704,706,460,683,450,682,443,678,435,314,666,436,677,439
1,674,440,313,663,424,306,664,692,693,703,454,327,259,659,421,305,246,658,691,699,702,458,328,668,695,702,705,706,461,683,453,681,444,678,436,313,666,423,675,440
0,282,662,692,443,679,698,459,329,259,218,656,691,699,451,681,699,703,457,329,262,219,656,691,443,318,253,214,191,648,420,673,433,676,430,676,696,454,683,438,678
1,688,447,321,670,432,311,667,694,699,704,457,329,259,663,428,308,246,658,691,699,703,460,330,672,697,702,704,706,464,682,441,680,445,680,441,318,669,431,675,443
0,283,662,692,446,678,697,450,323,255,216,655,691,699,453,680,698,701,459,332,260,219,654,691,445,320,256,216,192,647,408,671,434,672,432,675,697,449,680,445,680
1,688,450,323,669,435,312,666,693,700,704,460,330,260,662,430,310,247,657,690,699,703,463,332,671,696,703,705,705,468,685,447,679,436,679,443,318,669,433,675,432
1,671,439,316,666,434,312,665,692,700,703,461,330,260,662,431,310,248,656,690,699,703,464,332,671,696,702,704,706,457,684,446,680,438,678,444,319,668,435,674,434
1,670,427,308,664,434,309,664,693,700,703,463,331,260,661,433,311,248,656,690,699,703,454,327,669,696,702,704,706,458,683,449,681,441,679,446,319,667,435,677,437
1,670,429,309,663,421,305,662,687,700,703,463,333,261,661,420,305,243,653,689,699,689,454,328,668,697,702,704,705,461,683,450,681,443,677,434,314,666,436,677,439
0,282,662,693,454,680,700,459,328,259,218,652,690,699,460,683,699,703,455,328,258,219,656,691,453,324,255,217,192,650,419,670,429,674,439,677,697,457,681,441,678
0,379,673,696,459,681,700,461,331,260,218,657,691,700,462,682,700,703,457,328,259,218,656,691,454,325,256,217,193,649,419,673,432,674,442,677,697,458,682,443,677
1,688,446,320,670,430,311,667,694,700,704,456,329,258,664,429,309,247,658,693,699,703,459,330,672,697,702,704,704,465,682,442,680,446,681,440,317,670,430,676,443
0,283,662,693,446,678,697,451,323,256,216,655,690,699,453,680,700,704,460,330,261,219,654,690,445,320,254,215,192,647,407,671,433,673,431,676,696,449,680,445,683
1,689,451,321,669,427,312,668,702,700,703,460,329,260,664,429,309,247,656,691,699,703,463,330,671,696,702,704,706,467,686,447,679,435,678,442,317,668,432,675,432
1,671,438,314,666,433,311,665,693,700,703,461,330,260,662,431,310,248,655,691,699,703,463,333,671,696,702,704,706,468,685,453,679,437,679,444,318,668,434,674,433
1,670,426,308,664,434,311,665,693,700,703,461,331,260,661,433,310,248,655,690,699,703,465,333,670,696,702,705,705,458,683,448,678,438,677,445,319,667,435,677,437
0,283,663,693,452,681,697,458,327,258,217,653,690,701,458,684,699,704,466,334,262,219,657,691,452,324,255,216,193,651,417,670,427,675,438,678,697,454,679,437,678
0,377,673,696,457,682,699,460,329,259,218,652,687,699,460,683,699,703,455,327,258,217,656,691,453,324,256,216,193,650,419,671,428,674,440,677,697,457,682,441,678
1,690,446,321,666,427,308,663,692,700,703,455,327,258,659,421,305,245,659,691,699,703,459,328,668,695,703,704,705,462,682,439,680,443,678,435,315,666,425,674,440
1,673,434,312,667,428,309,662,692,700,704,456,327,259,664,427,308,246,658,691,699,703,459,329,672,696,702,704,706,464,683,441,679,445,680,440,317,665,428,674,441
1,673,435,314,672,430,310,666,693,697,703,458,329,260,663,428,308,246,658,690,699,703,462,330,671,696,703,704,705,465,682,442,679,447,680,442,318,669,431,675,443
1,672,437,314,667,432,311,666,693,700,704,459,329,260,662,430,310,246,657,691,698,702,461,331,671,696,703,704,705,466,685,446,679,434,678,442,317,668,433,676,433
1,671,438,314,666,432,310,665,693,700,703,460,330,259,662,431,310,247,664,690,699,703,463,332,671,696,702,704,705,468,685,447,679,437,677,443,318,668,433,674,433
1,669,439,314,665,435,311,664,694,700,703,461,331,259,662,431,311,247,655,691,699,702,465,332,670,696,702,704,706,458,684,448,677,437,678,445,319,666,435,677,437
1,671,427,308,664,434,312,664,692,700,703,463,332,260,661,433,312,248,656,690,699,703,454,326,669,696,703,703,706,459,683,449,682,441,678,446,318,667,436,676,438
1,670,429,311,664,421,303,662,691,699,703,466,332,261,660,421,304,243,658,691,699,702,455,327,668,695,702,704,705,460,683,450,681,443,678,435,314,666,436,676,439
0,282,662,693,455,680,698,460,328,259,217,656,691,699,461,682,698,702,455,328,259,218,656,691,453,325,257,214,192,649,419,673,430,676,442,678,697,457,682,442,678
0,369,672,695,447,677,698,461,330,259,218,657,691,699,451,681,699,703,458,328,259,218,656,691,443,319,253,215,192,648,419,672,432,675,429,675,696,458,681,444,677
1,688,447,321,669,432,311,667,694,700,704,471,329,258,662,428,310,246,658,690,699,702,460,330,672,697,702,704,706,464,682,443,679,446,680,442,318,669,430,675,446
0,283,661,693,446,679,699,451,325,257,217,655,690,695,453,680,699,703,461,331,260,220,653,691,445,320,254,213,192,647,408,675,433,672,431,675,697,448,680,445,680
0,374,671,696,452,679,698,453,325,256,217,655,690,700,455,680,699,703,462,331,260,219,654,691,447,316,254,216,192,646,409,669,435,676,433,675,696,450,679,446,680
0,375,670,695,453,680,699,455,325,258,219,654,690,699,458,687,701,704,465,332,260,220,653,691,448,322,253,216,193,651,413,671,437,677,438,675,696,453,679,435,678
1,687,440,317,667,437,314,666,693,701,704,463,332,261,661,433,312,248,656,690,699,704,454,326,670,696,702,705,706,459,684,449,681,442,678,446,319,668,435,678,437
0,282,664,693,453,681,698,458,328,258,218,653,690,699,460,683,699,703,466,334,261,219,657,691,452,323,257,216,194,650,418,670,427,675,439,676,697,456,680,438,678
1,687,444,319,652,425,308,664,693,700,704,465,332,261,660,422,307,244,659,690,699,703,457,327,668,696,702,705,706,461,684,451,680,445,678,435,314,664,424,675,437
1,673,434,312,668,428,309,663,692,700,703,455,327,258,664,426,307,246,659,691,699,706,458,329,672,697,702,704,706,463,683,440,679,445,677,437,315,665,425,675,440
1,673,434,313,667,429,309,666,693,700,704,457,327,258,663,427,308,248,658,691,698,703,458,330,671,696,702,704,705,465,682,442,678,446,680,441,317,670,430,675,442
1,672,436,314,667,430,310,666,693,700,703,458,329,259,663,429,309,246,657,691,699,703,461,331,671,696,702,704,705,465,685,445,680,448,679,443,318,669,431,674,430
0,278,660,692,450,679,697,451,324,255,216,655,690,699,455,680,699,703,461,331,260,219,654,691,446,321,254,216,192,646,408,670,435,676,435,675,696,450,680,446,680
0,375,671,695,452,679,698,454,326,258,218,656,690,699,456,680,699,704,463,331,261,219,653,691,448,321,255,216,192,646,410,670,436,675,437,675,696,451,679,447,679
1,688,440,317,667,437,313,665,695,700,704,463,331,260,661,433,311,248,656,691,699,703,454,326,669,696,702,704,705,458,685,448,682,441,678,446,320,667,436,678,438
1,670,427,310,665,421,305,663,692,701,703,464,333,259,661,420,304,244,654,690,698,703,455,328,669,695,702,704,705,460,684,453,681,442,677,434,313,666,436,677,438
1,669,429,310,664,421,305,662,692,699,703,465,333,261,660,420,304,244,659,691,699,702,455,328,669,696,702,704,705,461,683,451,680,444,678,436,313,665,423,675,439
0,281,663,692,455,680,698,460,330,258,218,656,691,699,462,683,699,703,456,328,258,218,655,691,454,325,257,217,193,649,419,673,432,673,441,677,697,458,682,442,678
0,344,673,693,448,680,698,462,331,259,219,656,691,699,451,681,699,702,458,329,259,217,655,692,444,319,252,214,191,648,420,672,434,674,430,676,696,457,681,443,677
1,689,448,321,669,433,312,667,694,700,704,458,329,259,663,428,309,247,657,690,701,703,460,330,672,695,702,704,706,465,686,445,680,448,680,440,320,669,432,675,430
0,278,660,692,446,678,697,453,324,257,216,655,690,699,454,680,699,704,460,331,259,219,654,691,447,321,254,215,191,647,408,670,434,677,435,676,696,450,680,446,680
0,374,671,695,451,679,699,454,325,256,217,655,692,699,455,679,699,709,461,332,261,218,653,691,448,322,253,215,194,646,408,670,435,676,436,676,697,452,679,447,680
1,688,453,324,668,437,314,666,694,701,703,463,331,259,661,432,311,247,656,690,699,703,465,333,670,696,702,704,706,459,683,448,678,439,678,445,319,667,434,677,436
0,281,664,693,453,681,698,453,327,258,218,652,690,699,458,679,698,704,464,335,261,219,658,691,451,323,255,216,192,650,417,669,426,674,438,674,696,454,679,436,678
0,376,674,696,457,682,700,459,329,259,219,653,690,699,459,682,699,703,455,325,258,217,656,686,452,324,256,216,193,646,418,670,430,674,440,677,697,456,683,441,677
0,379,673,696,458,682,699,461,329,260,218,657,691,700,462,683,699,704,456,327,258,218,656,691,454,325,257,217,193,650,419,673,431,675,442,678,697,457,682,442,678
1,689,446,320,669,431,310,662,694,700,704,456,328,261,665,428,309,246,658,691,699,703,459,330,672,696,709,705,706,469,683,440,679,445,680,441,317,665,426,674,441
1,673,435,313,666,430,310,667,693,702,703,458,328,258,663,429,307,246,657,692,699,704,460,330,672,696,702,704,705,465,682,442,679,446,681,441,317,669,430,675,442
1,673,437,313,667,431,310,666,691,700,703,459,329,259,662,429,309,246,657,690,699,701,462,331,671,696,700,704,706,466,685,445,679,448,680,443,318,669,432,674,431
0,277,661,692,455,676,698,452,325,257,217,654,689,699,456,680,699,704,462,330,260,219,654,691,448,321,254,215,192,645,411,671,436,676,437,675,697,450,679,446,679
1,688,452,323,668,436,313,663,693,700,703,462,331,260,661,432,310,247,656,691,699,703,465,333,670,696,702,704,705,458,684,448,679,439,678,445,319,668,434,677,437
1,671,427,309,664,445,311,664,693,700,703,463,332,260,661,433,311,248,655,690,699,703,454,326,669,696,702,704,705,459,683,449,681,441,678,446,321,667,436,677,438
1,670,429,309,664,422,304,663,692,699,703,465,331,261,660,420,304,244,653,690,698,703,451,328,661,695,702,704,705,460,683,450,681,443,677,436,313,666,437,676,437
1,668,433,311,663,423,306,662,691,700,703,454,326,257,660,421,304,244,658,691,698,703,457,328,668,696,702,704,705,461,683,451,681,444,678,436,315,665,425,675,439
0,281,662,692,443,679,698,463,329,258,218,655,691,699,451,680,699,703,458,328,259,217,655,690,442,318,253,213,192,648,419,673,427,674,429,676,696,458,682,442,677
0,370,671,695,448,680,698,450,323,255,216,656,690,699,452,681,699,703,458,328,261,219,655,691,444,319,254,215,192,647,420,671,433,674,431,675,696,447,680,442,677
0,372,671,696,450,680,698,452,325,256,217,655,691,700,453,681,699,704,459,330,260,219,654,691,445,319,253,216,192,647,407,671,434,673,431,674,696,449,680,445,680
0,374,670,695,451,679,698,453,324,257,218,655,691,699,454,680,699,704,461,332,260,218,654,691,446,321,254,217,191,647,409,670,435,676,435,676,696,450,680,446,680
0,375,671,695,452,679,698,455,326,257,217,654,691,699,457,680,699,704,463,331,261,218,654,690,448,322,255,216,192,651,414,671,437,676,437,676,696,452,679,448,680
1,688,441,317,668,435,314,665,696,701,705,464,332,255,662,434,312,248,656,690,699,702,454,326,669,696,703,705,707,458,684,448,681,442,674,446,319,667,436,677,438
0,281,664,693,453,681,699,458,328,259,218,653,691,699,458,682,699,704,465,334,260,221,658,691,452,323,256,217,193,650,416,670,427,675,440,679,696,455,679,437,677
0,377,674,696,457,682,699,459,329,259,218,653,690,699,460,683,699,704,455,327,258,218,656,692,453,322,256,217,193,650,418,670,429,675,440,677,697,457,682,442,680
0,378,672,696,458,702,700,461,329,259,219,657,691,699,462,683,699,704,457,327,266,219,655,692,456,326,256,216,193,649,418,673,430,674,443,678,697,459,681,443,678
1,689,447,321,670,431,311,667,694,701,704,457,328,259,664,427,311,246,658,691,700,703,460,330,672,697,703,705,706,464,682,441,680,445,680,441,317,670,430,675,442
0,286,662,693,445,679,698,450,323,257,214,655,690,699,453,681,699,704,460,328,259,217,655,691,445,320,254,215,192,647,407,671,434,673,431,675,697,448,680,444,680
0,374,671,696,451,679,698,453,325,257,216,655,690,699,454,680,699,703,461,330,260,219,654,691,446,320,254,214,192,647,408,671,435,676,436,668,697,450,680,445,681
1,689,451,323,669,436,313,666,694,700,704,461,331,260,662,431,310,247,657,690,699,703,464,332,671,696,703,705,705,468,685,448,679,437,679,444,319,668,433,674,433
0,279,664,693,451,688,698,455,325,257,217,653,691,700,457,680,699,704,464,332,260,220,653,690,449,322,255,215,191,650,417,670,438,676,439,675,698,453,679,436,678
0,376,674,697,456,682,699,458,328,258,218,653,690,699,459,683,700,704,465,333,262,220,658,692,452,323,256,216,192,651,417,671,427,675,439,678,697,455,679,437,678
0,377,674,696,457,683,699,459,328,260,219,652,692,699,460,680,699,704,456,326,259,218,656,691,452,324,257,217,194,646,419,670,428,674,440,678,695,456,682,441,678
1,690,446,320,667,427,309,663,693,700,704,455,327,257,659,421,306,244,658,691,699,703,459,328,669,696,702,704,706,462,683,439,680,444,678,436,315,666,424,675,440
0,282,662,693,443,679,698,462,329,260,218,656,691,699,451,681,698,703,457,329,259,218,655,691,443,319,253,215,192,648,420,672,433,674,430,676,696,459,682,443,677
1,689,448,321,669,432,312,667,694,701,704,458,330,261,664,429,309,245,657,691,699,707,461,330,680,696,702,704,706,469,682,442,680,446,680,442,318,670,431,675,443
0,283,661,692,447,678,699,451,324,255,217,655,691,699,454,680,699,703,461,330,260,219,655,691,445,320,255,215,192,647,408,670,434,677,435,676,697,450,680,445,680
0,373,672,696,452,680,699,452,326,257,217,655,683,699,456,680,700,703,462,325,261,218,653,690,448,320,255,215,191,646,409,670,436,676,436,675,696,451,680,447,680
0,376,671,695,453,679,699,455,327,257,217,654,685,699,456,680,700,702,467,331,260,219,653,683,448,322,256,216,191,651,415,670,438,676,438,675,696,452,679,434,678
0,376,673,697,455,679,698,457,328,258,217,654,690,699,458,680,699,704,465,332,261,220,658,692,451,323,256,217,192,651,416,671,426,675,438,675,697,454,679,437,678
0,377,674,696,457,683,699,457,327,259,218,653,691,700,460,691,700,704,455,328,259,218,656,691,452,326,256,217,191,650,418,670,427,676,440,678,696,456,679,439,678
1,690,446,320,666,427,308,664,693,700,704,454,327,258,660,422,305,244,658,691,699,703,458,328,669,696,702,705,706,462,683,439,680,444,677,436,314,666,424,675,440
1,673,434,312,667,428,308,663,691,701,703,456,336,258,664,426,308,246,658,691,699,703,459,329,672,697,702,705,706,463,683,440,679,444,681,440,317,665,426,675,441
0,282,662,692,445,679,698,449,323,255,216,655,691,699,452,681,697,703,459,329,258,218,655,691,444,318,253,214,192,648,421,672,434,674,431,675,697,448,680,443,676
0,371,671,696,450,680,698,452,321,256,216,655,691,699,454,680,699,704,460,330,259,219,655,691,446,320,253,215,192,647,408,671,434,673,431,675,697,449,679,445,680
1,689,449,322,668,435,312,666,694,701,704,462,331,260,662,431,310,247,657,691,699,703,460,331,671,696,702,704,706,468,686,448,679,437,678,443,317,670,433,675,432
0,278,660,692,449,678,697,454,325,257,217,654,691,699,456,681,699,704,463,331,260,219,653,691,446,322,255,215,192,651,415,671,438,676,437,675,696,452,679,435,678
0,375,675,696,456,679,699,457,328,257,217,653,690,700,459,680,699,703,465,333,260,220,658,692,450,323,255,217,192,651,416,670,426,675,438,675,696,451,679,436,678
0,376,674,696,457,683,699,459,328,259,218,653,690,699,459,683,700,703,466,332,262,219,658,694,452,324,256,216,192,650,417,670,427,673,441,678,697,456,679,437,679
0,377,673,696,458,682,700,460,329,259,218,653,691,699,460,683,700,704,455,327,258,218,656,692,453,325,256,216,192,650,418,670,428,674,441,677,697,457,682,441,678
0,378,674,696,447,681,698,461,329,259,218,659,691,700,451,681,699,704,457,328,258,218,656,691,442,319,252,216,190,649,420,666,432,675,440,678,696,458,682,443,678
1,688,447,321,669,432,311,668,694,700,704,457,328,259,663,427,309,246,659,691,699,703,460,329,672,697,702,705,706,465,683,443,679,446,681,443,317,669,429,675,442
1,671,436,313,668,430,310,666,693,700,703,458,328,259,663,428,309,246,658,690,699,703,461,331,672,696,703,704,706,466,685,445,680,452,680,442,318,669,431,675,431
0,277,660,698,447,678,698,451,324,256,216,655,690,699,454,680,699,703,462,330,260,218,654,691,446,320,254,215,193,646,408,670,434,677,435,676,696,451,680,447,681
0,375,671,696,452,678,698,454,325,257,217,654,689,699,456,680,699,704,462,331,260,219,653,691,448,321,254,216,192,646,410,670,436,676,436,675,697,451,680,447,680
0,376,675,696,454,679,698,455,326,258,218,653,691,700,457,680,699,703,463,332,261,220,659,692,450,322,253,216,193,651,416,671,425,675,438,675,696,452,680,435,678
0,376,674,696,457,682,699,457,327,259,216,652,690,699,459,683,700,703,465,333,261,222,658,692,452,324,256,217,191,651,417,670,427,675,439,678,697,455,678,437,678
0,377,674,696,457,682,700,459,329,258,218,654,691,699,461,683,700,704,455,327,259,218,657,692,453,324,254,218,192,651,418,670,428,674,440,678,697,456,691,441,678
1,691,446,320,667,426,310,663,693,700,704,454,326,258,660,423,305,242,658,692,699,703,457,329,668,695,702,704,707,462,683,439,680,444,677,435,314,665,425,675,440
0,281,662,693,444,679,698,461,329,259,218,656,691,699,451,681,699,704,458,328,259,218,656,691,443,319,253,215,191,648,420,673,432,674,430,676,695,459,682,444,678
0,371,671,699,449,680,699,452,324,256,216,655,691,699,453,685,699,704,459,329,260,219,652,691,445,320,253,215,191,648,407,657,433,674,431,676,696,448,680,444,680
0,374,672,696,451,678,698,454,324,248,217,655,691,700,454,681,699,704,460,331,258,218,654,691,446,321,254,215,191,647,407,671,434,677,436,676,697,450,680,445,680
1,688,451,323,669,435,313,666,694,700,704,461,331,260,662,431,310,247,657,691,701,703,463,333,671,696,703,705,706,468,685,448,679,437,679,438,319,668,434,674,433
1,671,439,316,666,434,311,665,693,700,701,461,329,257,661,432,311,248,656,690,700,703,465,333,670,695,702,704,706,457,684,448,679,437,679,445,318,667,434,678,437
1,671,428,309,664,421,304,663,692,700,703,463,332,260,661,434,312,248,656,691,699,703,455,326,669,696,703,704,706,459,684,449,681,442,678,447,321,667,437,676,438
1,671,430,309,664,422,304,663,693,700,703,464,331,261,661,421,305,244,659,691,699,703,457,328,668,696,702,704,706,460,683,451,681,443,677,435,314,666,423,675,437
0,281,662,693,454,681,698,460,328,258,217,657,690,699,462,683,700,703,456,328,259,218,656,691,454,324,254,217,192,649,418,673,432,674,441,678,696,455,683,442,678
0,369,671,696,448,680,699,461,330,259,218,656,691,699,451,681,699,704,457,328,259,218,656,691,443,319,253,214,191,648,420,672,433,674,430,676,696,458,682,443,677
0,370,671,696,448,680,699,451,324,256,217,656,691,699,451,681,699,703,459,330,260,217,655,691,444,319,253,215,192,649,421,671,434,674,431,675,696,448,681,444,678
0,371,671,697,450,680,699,452,324,257,217,655,691,699,454,681,699,703,460,330,260,219,655,691,445,320,254,216,192,648,408,671,434,673,431,676,696,449,680,445,681
1,689,451,317,668,435,313,668,694,701,704,461,329,260,662,431,310,248,656,691,699,703,463,333,672,697,703,705,706,468,685,447,679,436,678,443,319,668,433,674,433
1,671,439,317,665,434,312,665,693,700,704,462,331,262,662,431,309,248,656,691,699,704,456,321,669,696,702,705,705,458,685,462,680,438,678,444,319,668,434,677,436
0,280,664,694,451,678,693,456,326,257,217,653,690,699,458,680,699,703,465,331,261,219,657,691,451,323,255,216,192,650,416,670,425,674,437,674,696,453,678,436,681
1,688,443,318,666,424,306,663,694,701,704,464,333,260,660,419,304,244,654,690,699,702,457,326,668,695,702,705,705,460,684,451,682,443,679,435,314,666,437,677,439
1,673,433,312,664,423,306,662,692,700,703,454,326,257,660,420,304,244,658,691,699,703,457,328,669,696,702,704,706,462,683,452,681,444,678,436,314,665,424,675,439
1,673,433,311,666,427,308,662,692,700,703,456,327,258,664,425,307,246,659,691,699,703,458,328,672,696,702,704,706,463,683,440,679,445,681,440,316,665,425,675,441
1,672,434,314,667,429,309,666,693,700,703,457,327,258,664,426,308,246,658,691,699,702,460,330,672,696,702,704,705,465,682,441,686,445,680,441,317,669,430,675,443
1,672,437,314,667,430,310,665,693,700,703,458,329,259,663,428,309,246,657,690,699,702,461,330,671,696,702,704,705,466,685,445,679,447,680,442,318,669,431,675,431
1,671,437,313,666,432,310,665,693,699,703,459,331,259,662,430,339,255,657,691,699,702,462,330,671,695,702,704,705,467,685,446,679,436,678,442,318,667,432,674,433
1,670,438,314,665,432,311,665,693,700,700,461,330,261,661,431,310,246,656,690,699,702,464,331,670,696,702,704,705,457,684,447,678,436,678,444,318,667,434,673,433
0,279,663,693,451,677,697,455,325,257,217,653,690,698,456,679,698,703,463,331,260,220,657,691,450,323,255,216,191,651,416,670,425,675,437,674,696,453,679,437,678
0,376,673,696,456,682,699,458,327,259,217,653,691,699,471,683,700,703,466,333,261,219,658,691,451,325,257,216,193,650,417,669,426,674,438,677,696,455,679,438,678
0,377,673,696,458,682,699,459,329,258,218,652,690,699,460,683,699,704,455,326,258,217,657,691,453,324,256,216,192,650,418,669,427,674,440,678,696,455,682,441,677
0,378,673,696,460,682,699,461,332,258,220,657,691,699,461,683,699,704,456,328,258,218,656,692,454,325,256,216,192,648,420,673,430,674,443,677,697,458,682,443,677
1,688,446,320,669,432,311,667,694,700,704,457,327,258,663,427,308,246,658,691,700,703,460,329,675,696,702,704,706,465,683,440,680,446,681,440,315,665,426,675,441
1,673,436,313,667,430,310,666,694,700,703,457,328,259,663,429,308,246,658,690,699,702,461,330,671,696,702,705,706,465,687,445,680,448,680,442,317,669,431,675,430
1,672,437,313,666,431,309,666,692,700,703,458,328,259,662,429,309,246,656,688,698,703,462,330,670,696,702,704,704,467,685,447,680,435,678,442,317,667,432,674,431
1,671,438,314,666,432,311,665,692,700,703,461,330,259,662,431,310,247,656,690,700,703,464,332,670,696,702,704,705,468,685,447,679,437,678,443,318,667,434,674,432
0,278,659,692,448,677,697,454,326,256,218,653,690,699,456,680,699,703,463,332,260,219,653,690,449,321,255,216,192,654,414,669,437,675,437,675,696,452,679,435,678
1,687,442,317,666,423,306,664,691,700,703,463,331,260,661,420,304,243,657,689,698,703,455,327,668,695,702,704,706,459,683,449,681,442,678,434,313,665,436,677,438
1,671,427,310,664,422,304,663,692,699,703,465,332,261,660,421,304,243,658,691,699,702,455,327,669,695,702,705,705,460,681,451,681,443,677,435,313,666,423,675,438
0,281,663,692,454,681,698,459,329,258,218,657,690,699,462,682,699,704,456,328,259,218,656,691,453,324,256,217,193,650,419,673,432,674,439,677,695,457,681,442,678
1,688,446,320,670,431,314,663,694,700,704,456,327,258,662,426,308,245,658,691,700,703,459,329,672,696,702,704,706,463,682,440,680,445,679,440,317,665,426,674,441
1,673,437,311,667,429,308,666,693,700,703,457,328,258,663,427,309,244,658,690,699,700,461,331,671,725,702,704,705,466,682,442,679,446,679,442,317,669,430,675,443
0,282,661,692,447,678,697,450,323,256,216,654,690,699,452,680,699,703,460,330,259,218,654,690,445,320,253,215,191,644,408,670,433,676,434,675,696,449,679,444,680
0,375,670,696,452,679,698,457,324,256,215,654,690,699,455,680,698,703,462,331,260,218,654,690,447,321,253,215,192,646,410,670,436,676,435,675,696,451,679,446,679
1,688,452,324,669,436,313,658,693,700,704,463,330,260,661,431,310,246,655,691,699,703,464,332,670,696,701,704,706,457,683,447,679,437,678,445,318,667,434,677,436
0,280,664,693,452,677,698,455,326,257,217,653,690,699,458,679,699,703,465,332,261,219,658,691,451,323,256,216,192,650,416,670,426,674,438,675,696,453,678,436,677
0,376,673,697,455,682,699,459,329,259,218,653,690,700,459,682,699,704,466,333,262,220,657,691,453,323,256,216,192,649,417,669,428,674,439,678,697,455,678,437,677
0,375,673,696,458,682,699,460,329,259,218,658,691,701,461,682,699,703,456,327,258,218,656,691,453,324,256,217,192,649,418,673,431,674,441,677,696,457,682,441,678
0,369,671,696,446,680,698,460,329,259,217,657,691,699,450,681,699,703,461,328,258,217,656,691,442,319,252,214,191,648,418,673,432,675,429,676,696,458,681,444,677
1,688,447,320,669,432,311,668,693,702,701,459,328,259,663,428,308,247,659,690,700,703,461,330,672,696,702,705,705,465,683,445,679,446,680,441,316,669,433,676,443
0,283,661,692,444,679,698,450,323,255,216,654,690,699,463,680,699,703,460,332,259,217,654,691,445,320,253,215,191,647,407,671,434,673,431,675,696,448,680,444,680
1,688,450,321,669,434,312,666,694,700,704,459,329,262,662,430,310,247,657,691,698,703,462,332,671,693,702,704,705,466,684,446,679,436,678,443,317,668,433,674,432
1,670,438,315,665,433,311,665,693,700,703,462,330,259,662,431,310,247,657,690,699,703,464,332,670,696,702,704,705,458,683,447,679,437,678,444,318,668,434,677,436
0,280,664,693,451,677,697,455,326,257,217,653,690,699,457,679,698,703,464,331,260,219,657,691,449,323,255,216,191,651,415,670,424,675,437,675,695,452,679,436,678
0,376,673,696,456,682,699,458,328,258,217,653,690,699,459,683,699,704,466,333,260,220,657,691,451,324,255,217,192,651,417,670,427,674,439,678,696,456,679,438,677
1,687,442,318,666,425,307,662,693,700,704,466,338,261,660,421,304,243,659,691,699,702,457,327,669,695,702,704,705,461,683,451,681,444,678,435,314,666,423,675,439
1,674,433,312,668,428,308,662,692,699,703,456,326,257,664,425,307,245,659,691,699,703,458,328,670,695,702,704,705,462,683,440,680,444,677,436,314,664,424,674,409
0,282,661,693,444,678,697,449,322,255,216,655,690,699,451,680,698,703,457,328,259,218,655,689,443,319,253,214,191,648,420,672,433,674,429,676,696,446,680,443,677
0,371,671,694,474,680,698,451,323,255,216,656,690,700,452,680,699,703,459,330,259,218,654,691,444,320,253,215,191,647,407,671,433,673,430,675,696,449,680,444,680
0,373,671,696,449,678,698,453,325,257,216,655,691,699,453,680,698,704,459,330,260,219,654,691,445,330,254,216,190,647,407,670,435,678,434,675,697,450,679,446,680
0,374,671,696,452,680,699,454,326,256,217,654,691,699,456,680,699,703,462,331,260,218,650,690,447,322,254,215,192,646,409,670,433,676,436,675,696,451,680,447,680
1,688,440,317,668,435,312,665,693,700,703,462,331,259,663,432,311,248,656,690,699,704,454,326,670,696,703,705,706,458,683,448,681,441,679,446,320,667,434,677,437
1,670,426,309,664,421,304,663,692,700,704,463,332,260,660,419,304,243,655,690,698,702,454,326,669,695,701,704,706,459,684,449,682,441,678,433,313,666,435,676,438
0,281,663,693,453,681,698,458,327,258,217,652,690,699,460,683,699,704,454,327,257,217,657,691,452,324,255,216,192,649,418,669,427,674,439,677,696,457,682,441,678
1,690,446,321,666,426,306,662,692,700,702,455,325,258,659,421,306,243,658,691,699,702,459,328,668,689,702,705,705,462,682,444,680,444,677,436,314,665,424,674,438
1,673,434,312,669,428,308,662,692,699,702,456,326,258,663,427,308,249,658,691,699,703,460,329,672,696,702,704,705,464,682,440,679,445,680,440,316,666,425,675,440
0,281,662,692,445,679,697,450,323,255,216,655,690,699,452,681,698,703,459,329,258,218,655,690,444,319,253,215,191,647,406,669,433,673,430,675,696,448,680,444,680
1,687,448,322,669,434,313,667,694,701,704,450,331,258,663,429,317,246,658,690,699,703,461,340,670,696,702,704,705,466,684,445,679,437,678,441,318,668,431,674,432
0,278,660,691,448,678,697,452,324,256,216,654,690,699,455,680,698,704,462,330,260,219,654,690,447,321,254,215,191,647,409,669,436,675,436,674,696,452,679,447,679
1,688,451,324,668,436,312,666,694,700,703,462,331,260,662,433,310,247,656,691,699,703,465,332,670,695,702,704,705,458,684,447,678,437,677,445,319,667,434,680,437
0,282,664,693,451,683,697,457,326,258,216,653,690,699,457,679,698,703,464,333,262,216,657,691,450,323,256,213,192,650,416,670,425,674,436,674,695,453,677,436,677
1,687,441,318,666,425,307,663,693,700,703,465,332,260,660,420,304,243,658,691,698,703,455,327,668,696,702,704,705,460,683,451,681,443,678,433,314,666,423,674,438
0,280,664,692,453,680,698,459,328,258,218,655,690,698,461,683,699,703,456,328,257,217,656,691,454,324,256,216,192,649,418,673,431,674,441,678,697,457,682,442,678
0,367,672,696,447,681,698,461,331,260,219,656,691,699,449,687,698,704,457,328,257,217,655,691,442,327,252,214,192,648,419,672,432,674,429,676,697,458,682,443,677
1,688,447,320,669,432,311,667,693,700,703,457,328,260,663,427,309,246,657,691,699,703,460,329,672,696,702,704,705,464,682,441,679,446,681,441,317,669,431,675,442
0,283,661,692,447,677,698,452,323,256,215,655,690,699,453,680,698,703,460,330,259,218,654,691,445,318,253,215,191,647,407,670,433,673,431,675,695,448,679,444,680
1,688,450,322,669,434,312,666,694,698,702,460,330,259,662,430,310,247,656,691,699,703,463,332,670,696,702,705,706,467,685,447,679,436,681,443,318,668,432,674,431
1,670,439,314,665,433,311,665,693,702,702,461,330,259,661,431,310,247,656,690,698,702,464,332,670,696,702,704,705,457,683,447,678,437,678,445,318,667,433,677,436
0,280,664,692,451,683,698,454,325,258,217,653,690,699,457,679,698,703,464,332,259,220,657,691,451,323,255,215,192,650,416,670,425,674,437,674,696,453,679,435,678
0,375,671,696,456,682,699,458,327,259,218,653,693,699,459,683,699,703,466,334,262,219,656,691,451,323,255,216,198,650,416,670,426,674,439,677,696,455,678,437,677
1,690,445,320,666,426,307,663,693,700,704,454,325,257,660,421,304,243,658,691,699,703,457,328,668,696,702,704,706,461,683,451,681,444,677,435,314,666,423,675,439
0,283,661,692,442,678,698,459,328,259,217,656,690,699,449,682,699,703,455,327,258,219,655,690,442,318,252,215,191,648,419,673,432,674,428,675,697,457,682,443,677
0,370,671,696,447,679,699,449,323,254,216,656,690,699,451,681,699,703,457,328,257,218,656,691,443,319,266,215,190,648,421,672,432,674,430,676,696,446,680,444,676
0,370,671,695,449,679,698,451,323,257,216,655,690,699,453,680,699,703,459,329,260,218,654,691,444,319,253,215,191,647,407,670,433,673,431,675,696,448,680,444,679
1,688,451,322,668,433,313,666,694,700,704,459,330,259,662,430,309,246,657,690,699,703,463,329,671,696,703,705,705,467,685,446,679,435,678,442,318,668,432,674,432
0,278,659,692,449,677,697,453,325,255,217,653,690,699,455,661,699,703,462,331,260,218,653,691,448,321,254,215,191,646,410,671,436,675,436,674,695,452,678,447,680
0,376,674,696,454,679,698,456,326,257,217,654,691,700,457,680,699,703,464,331,260,219,658,691,450,322,255,215,192,651,416,670,424,677,437,675,696,452,680,435,678
1,687,440,317,666,424,305,663,693,700,703,465,331,268,661,420,303,243,654,690,698,703,454,326,669,696,702,704,705,459,683,449,681,442,678,434,313,666,435,677,438
0,282,663,693,453,680,697,460,328,258,218,652,689,699,460,683,700,704,454,328,255,218,656,691,452,324,255,216,192,649,418,669,427,674,439,678,696,456,682,441,677
1,690,446,321,666,426,308,663,693,700,704,455,326,257,660,422,305,244,658,691,699,703,458,328,668,695,702,704,705,462,683,439,679,444,677,436,313,665,424,675,439
0,282,662,693,444,678,698,448,321,255,215,655,691,698,451,680,698,703,457,328,259,217,655,691,443,318,253,214,191,648,420,672,433,674,430,676,696,458,681,443,677
1,688,446,320,668,432,311,667,693,700,703,457,327,259,662,428,308,247,657,691,699,702,461,329,672,697,702,705,703,465,686,445,680,445,680,441,318,662,430,675,430
1,672,436,313,665,431,310,665,693,700,703,459,329,259,662,429,309,246,657,690,699,702,461,330,670,696,702,705,705,467,685,446,679,426,678,441,317,668,431,674,431
0,278,660,692,447,678,697,453,324,256,216,654,690,699,455,680,699,703,461,330,259,219,653,690,447,321,254,215,191,646,409,668,435,676,436,675,696,451,679,447,679
0,377,670,695,452,679,698,455,324,257,216,653,689,699,456,679,698,704,462,331,259,218,653,691,448,323,255,216,189,651,416,671,436,676,437,676,696,452,678,435,677
0,375,674,696,456,681,699,457,327,258,217,653,690,699,458,683,699,704,465,332,260,219,652,692,451,323,255,217,192,650,416,672,426,675,439,679,697,454,678,436,678
0,376,674,696,457,682,699,458,328,258,218,652,690,699,460,683,699,704,454,326,257,217,656,691,452,324,256,216,192,649,419,670,427,674,439,678,697,456,682,441,678
1,690,445,319,666,426,308,663,693,700,703,455,325,258,658,420,305,243,659,691,700,703,458,327,668,697,702,704,706,462,683,439,680,443,677,435,314,665,424,675,439
0,281,662,692,443,678,698,460,329,258,218,655,691,700,450,680,699,703,457,329,259,218,656,691,443,318,250,214,191,648,419,673,433,673,429,676,697,458,682,443,678
1,688,447,321,669,432,310,668,694,700,704,457,329,258,663,428,308,246,657,691,699,703,460,329,672,696,702,704,705,464,682,441,679,446,680,441,317,668,430,675,443
0,283,662,692,446,678,697,451,326,256,217,654,690,699,453,681,698,703,460,330,259,218,654,691,445,320,253,215,191,647,408,670,433,676,434,676,696,449,680,445,680
1,688,451,323,668,435,311,666,693,700,703,460,329,259,662,430,310,247,658,691,699,702,463,331,670,696,704,705,705,468,686,446,679,436,679,442,319,668,433,674,432
0,278,659,691,449,677,698,454,325,256,216,653,690,698,456,680,698,703,463,331,260,218,653,690,446,321,253,216,190,645,414,670,436,676,439,675,696,452,679,435,677
1,687,440,317,667,436,313,665,693,700,703,463,331,260,661,433,325,247,655,690,699,703,454,325,669,696,702,704,705,458,683,448,682,441,678,446,319,667,435,677,437
1,670,429,309,663,421,302,662,692,700,702,464,332,261,660,419,304,244,654,690,698,701,455,326,668,694,702,704,705,460,683,450,681,442,679,434,313,665,435,676,439
1,673,433,311,664,423,305,662,692,700,704,454,326,256,659,420,304,244,658,690,699,703,457,327,668,695,702,704,706,460,683,438,679,443,677,435,314,665,424,675,439
1,673,434,312,667,428,308,662,692,700,703,455,326,257,663,425,307,245,658,691,699,704,458,328,672,696,702,704,705,463,682,439,679,444,680,439,316,664,425,674,439
1,673,435,312,666,430,309,666,692,700,702,456,326,258,662,427,306,246,666,691,698,702,460,329,671,696,702,705,705,464,682,441,678,445,680,441,317,669,430,674,442
1,672,436,313,660,431,309,666,693,701,703,458,327,258,662,428,308,245,656,690,699,702,460,324,672,696,702,705,696,466,685,444,679,447,680,440,317,668,431,675,429
1,670,437,313,666,431,310,665,692,700,703,459,328,258,661,429,309,246,656,690,698,702,462,331,670,695,707,704,705,467,684,447,679,436,678,443,317,668,432,674,431
1,671,437,313,664,432,311,664,692,699,703,460,330,259,661,431,309,246,656,690,699,702,464,337,670,692,702,704,705,456,683,446,678,437,677,443,318,667,433,677,436
1,670,426,307,664,432,312,664,693,700,703,461,330,260,661,431,310,247,655,690,699,702,453,325,668,695,702,704,705,457,682,448,682,440,678,446,319,666,435,676,437
1,669,428,308,663,421,302,662,692,699,700,463,331,259,660,419,304,242,653,689,698,702,455,326,668,695,700,704,705,461,683,449,679,442,677,433,312,663,435,683,438
1,669,429,309,662,422,304,661,692,699,702,464,332,260,659,420,304,243,658,690,698,702,456,327,668,695,701,704,705,460,682,451,680,443,677,435,313,665,423,675,438
1,672,433,312,668,427,317,661,691,699,703,455,326,256,662,425,306,245,658,690,698,703,457,328,672,696,701,704,705,463,682,439,678,443,676,436,314,664,424,674,439
1,672,427,312,667,428,307,666,692,699,702,456,326,257,661,425,308,245,657,690,698,699,459,328,671,696,702,704,705,463,682,440,679,445,680,438,316,669,429,674,442
0,282,661,692,445,678,697,449,323,255,216,654,690,702,452,680,698,703,459,328,258,217,654,691,443,319,253,214,192,648,406,670,433,672,431,674,695,448,680,444,680
0,373,671,695,450,679,698,452,324,256,216,654,690,699,453,680,697,703,461,329,259,218,653,690,446,321,253,215,192,646,408,670,434,676,434,675,696,449,679,445,679
1,687,451,322,668,435,312,666,694,700,703,460,329,258,662,431,309,248,656,690,699,702,464,331,671,696,702,704,705,468,685,447,678,436,678,443,317,667,433,673,433
0,278,664,692,450,677,700,454,325,257,217,653,690,698,457,679,698,703,464,331,261,218,658,690,450,321,255,214,194,651,415,670,424,674,436,674,695,452,687,435,678
1,687,441,317,666,423,305,663,692,699,703,463,331,261,660,414,304,243,654,690,699,702,454,326,668,695,702,704,705,459,683,449,681,441,677,434,313,666,435,677,438
1,670,428,309,663,422,304,661,692,699,703,464,331,260,659,420,303,243,658,690,698,702,455,327,668,695,701,704,704,452,682,450,680,443,677,435,313,665,423,675,438
1,674,433,313,662,424,307,662,691,697,701,454,325,257,657,418,304,243,657,681,699,702,457,332,667,695,701,704,705,461,682,439,679,444,678,436,313,664,424,674,439
0,281,661,692,444,679,697,460,329,258,218,656,691,699,450,680,698,702,457,328,257,217,655,691,442,318,253,214,191,648,419,672,431,674,429,675,695,457,681,443,676
1,687,447,320,669,432,311,666,694,700,703,457,328,259,663,427,308,246,657,690,699,702,460,329,671,696,702,700,705,464,685,444,679,447,679,441,317,669,430,674,429
1,670,435,313,666,431,309,665,693,700,703,458,328,260,661,428,309,245,657,690,698,702,460,332,670,696,701,704,706,465,684,451,678,434,678,442,317,668,431,674,431
1,670,437,313,665,432,310,665,692,700,703,459,329,259,661,430,309,247,656,690,698,702,462,331,670,695,701,704,705,467,684,446,679,436,678,442,318,667,433,673,432
1,669,437,314,665,434,311,664,692,699,703,461,330,259,661,431,310,247,656,690,698,702,464,331,670,696,702,704,705,457,683,447,677,437,677,444,318,667,434,677,436
1,669,427,308,663,434,311,663,691,699,702,462,331,259,660,432,311,247,654,689,699,700,455,326,669,694,701,703,705,458,683,448,681,441,678,446,319,667,435,676,435
1,670,428,309,662,421,304,661,691,698,702,464,331,260,659,420,304,243,658,690,697,702,455,326,667,695,700,704,705,472,683,449,682,442,677,434,313,665,422,675,438
1,674,432,311,662,423,305,661,692,699,702,453,325,257,659,420,304,243,657,690,699,702,457,327,668,695,701,703,705,460,682,438,679,442,677,435,313,664,423,674,439
0,280,662,691,442,679,696,457,328,257,211,656,691,698,450,680,699,703,455,327,258,219,655,690,442,318,252,214,191,648,419,672,432,673,428,675,695,457,680,442,676
0,368,671,695,448,679,698,449,323,254,216,655,690,698,452,679,698,703,458,327,258,217,654,690,444,317,252,213,192,646,420,672,433,673,430,674,695,445,680,442,676
1,687,447,321,668,432,311,667,693,700,703,458,328,258,662,428,308,245,656,690,696,703,461,330,670,696,701,704,706,465,685,445,679,447,679,442,317,668,431,674,430
0,277,659,691,446,677,697,452,324,256,216,654,690,708,454,679,700,703,460,330,259,218,653,690,445,320,254,215,189,646,408,672,434,676,434,674,696,450,679,447,679
1,688,451,322,667,435,313,666,698,700,703,461,330,260,661,431,308,247,656,690,698,703,463,332,670,696,702,704,705,456,682,447,677,437,677,444,319,667,433,676,436
0,279,663,691,451,677,697,454,325,256,216,652,689,699,457,679,698,702,463,331,260,218,657,691,450,322,255,215,192,650,415,669,424,674,437,674,695,452,678,435,677
1,687,441,317,666,422,306,663,693,699,703,463,331,261,660,420,304,242,654,690,699,702,455,326,668,695,701,704,705,459,683,449,681,441,678,433,312,665,436,676,437
1,673,432,311,663,422,304,660,692,699,703,452,325,256,659,417,305,242,658,691,698,703,456,320,667,695,702,704,705,461,682,450,680,444,678,435,313,665,423,674,438
1,672,432,311,667,427,308,662,692,699,702,454,326,257,663,425,306,245,658,687,698,702,457,327,671,696,701,703,705,462,682,439,679,444,680,438,316,665,425,674,440
0,280,661,692,444,679,698,449,322,255,216,655,690,699,451,680,698,702,457,329,257,218,654,692,442,319,252,215,190,648,419,672,432,673,429,676,696,446,679,442,676
0,370,671,695,449,680,697,451,324,256,215,656,678,699,452,680,698,703,459,330,259,217,653,690,443,319,249,216,190,647,406,671,432,672,429,674,695,447,679,442,679
1,688,449,322,668,433,313,666,693,700,703,458,329,259,662,429,309,246,656,690,699,702,463,330,670,696,702,704,705,466,685,446,679,435,678,442,317,668,431,674,431
1,672,436,314,665,432,311,664,692,699,703,460,330,259,661,430,310,246,656,688,698,702,463,331,670,695,701,704,704,468,685,447,679,436,678,443,317,667,433,674,432
1,681,425,308,664,433,310,662,693,700,703,461,330,258,661,431,310,246,656,687,698,703,453,325,669,698,702,704,706,457,682,448,681,440,678,445,318,666,435,676,437
0,280,663,692,452,680,698,457,327,257,216,653,690,698,458,681,698,703,464,332,260,219,657,690,451,323,255,216,192,649,415,668,424,673,438,677,696,454,678,436,677
1,686,441,317,665,425,306,662,692,699,703,465,331,260,659,420,304,244,658,691,698,703,441,326,668,695,701,703,705,460,682,450,681,443,677,434,313,665,422,674,438
0,281,661,692,454,681,697,459,327,257,218,656,690,699,460,683,699,703,456,328,257,216,656,691,454,324,273,215,191,649,417,672,430,674,440,674,696,456,681,442,677
0,369,672,696,447,679,698,450,322,256,215,655,690,699,451,680,698,703,473,327,259,217,654,690,442,318,251,216,190,647,419,673,451,674,429,675,695,458,681,443,677
0,370,671,695,448,679,698,450,323,255,215,657,690,699,452,680,699,703,458,327,258,218,654,689,444,318,253,214,191,647,406,670,432,672,430,675,695,447,679,443,679
0,372,671,695,451,679,698,452,324,253,216,655,690,698,454,680,698,703,460,329,259,217,654,690,446,319,254,215,191,646,407,670,434,676,434,675,696,449,679,445,679
1,688,451,322,668,435,312,665,693,700,703,459,329,259,662,438,315,246,656,691,699,702,463,330,689,695,701,704,705,467,684,448,679,436,678,443,318,667,433,673,432
1,670,438,314,665,433,311,664,693,699,703,461,330,259,661,432,310,247,655,690,699,702,465,331,670,695,701,704,706,456,683,447,679,437,676,438,319,667,440,678,436
0,279,663,693,452,680,698,456,327,257,218,652,690,699,458,682,699,703,464,332,260,219,657,691,450,322,255,216,191,650,415,670,425,674,437,678,696,453,679,436,677
0,376,674,696,456,681,699,458,325,257,215,652,690,699,459,682,698,703,454,327,257,217,656,691,451,322,256,217,191,649,417,669,427,674,438,678,695,455,682,440,677
1,690,445,319,666,426,307,662,692,700,703,455,325,258,659,421,304,243,657,690,698,704,457,329,668,695,701,705,705,461,682,440,679,443,677,435,313,664,423,674,438
0,281,662,692,443,678,698,460,328,258,217,657,691,699,450,680,698,703,457,328,258,217,654,691,442,317,252,214,190,647,419,673,431,673,429,675,695,457,681,443,677
1,688,446,320,669,434,311,666,694,700,703,457,328,258,662,430,308,247,657,690,698,702,460,329,671,696,702,704,705,464,682,440,679,446,680,440,317,669,430,674,442
0,282,661,692,446,678,698,450,323,256,217,654,690,698,453,679,699,705,460,329,258,217,657,691,445,320,252,214,198,646,407,670,433,676,430,673,696,448,679,444,679
0,374,670,695,451,678,698,452,324,255,216,654,690,699,455,679,699,703,462,329,259,217,654,690,447,320,253,214,191,646,409,669,435,676,435,675,695,449,679,446,679
0,374,670,696,452,678,698,454,325,257,216,653,690,699,456,680,698,703,462,331,259,219,653,690,447,321,254,214,191,651,414,670,437,676,437,675,696,451,679,434,678
1,687,437,317,667,438,312,665,692,700,704,463,330,260,660,433,310,248,655,690,699,702,454,326,669,696,702,704,704,458,683,449,681,441,678,446,319,667,435,676,437
0,281,663,692,452,680,698,457,325,257,217,652,689,698,459,682,698,703,466,332,261,193,657,692,451,324,249,216,192,649,415,670,427,673,439,677,697,455,678,436,677
0,377,673,696,457,681,699,459,328,258,217,657,691,699,460,682,699,703,455,331,257,217,656,689,453,324,255,208,189,649,417,674,430,674,440,677,696,457,681,437,677
1,688,444,319,670,429,309,663,693,700,703,455,326,257,664,425,307,244,658,691,699,702,458,328,672,696,702,704,706,462,682,439,679,444,680,439,316,665,425,674,440
1,673,434,312,666,428,309,666,694,700,703,456,327,257,663,426,307,244,658,690,698,702,459,328,671,696,702,703,705,464,682,441,679,446,679,440,316,668,429,675,442
1,672,435,312,667,430,309,665,693,701,703,457,328,257,662,426,307,245,657,690,691,702,461,330,670,695,701,704,705,465,685,445,679,447,680,442,319,668,431,674,430
1,670,436,313,665,431,309,665,692,699,703,459,328,258,662,429,308,246,656,689,699,702,462,330,670,695,701,704,705,467,684,446,675,435,678,442,317,667,432,674,430
0,276,659,690,448,677,697,453,324,255,215,653,690,698,454,679,698,702,462,330,259,218,653,690,447,320,253,215,191,651,413,670,436,677,436,675,695,450,679,433,678
0,374,673,695,453,678,697,455,325,257,217,653,691,695,458,679,698,702,464,331,259,218,657,691,450,322,254,214,191,650,414,670,425,674,436,674,696,452,686,435,677
1,687,440,316,666,424,305,663,693,700,703,464,331,260,660,419,304,243,653,690,698,703,454,326,668,695,701,704,705,458,682,440,681,442,677,433,312,666,434,676,438
0,280,662,692,453,680,698,458,328,257,217,651,689,698,460,683,698,702,455,326,256,217,655,691,452,323,255,216,192,649,417,669,427,673,439,677,696,456,681,440,678
0,378,672,695,446,680,697,459,328,259,218,656,690,699,450,680,698,702,456,326,258,217,655,691,441,317,251,213,192,648,418,672,430,673,441,677,697,457,682,442,677
0,369,671,695,447,680,698,449,322,255,215,656,690,699,450,680,698,702,457,330,258,217,655,690,443,317,253,215,191,647,433,672,433,674,429,675,697,446,680,442,677
1,688,446,320,669,432,311,666,694,700,704,458,328,258,663,428,308,245,657,690,699,702,460,329,671,696,702,705,705,465,686,443,680,447,680,442,316,666,431,674,429
0,277,659,692,446,677,697,450,323,255,215,654,689,699,453,679,698,703,460,329,258,219,654,690,445,320,253,214,191,646,408,670,434,676,434,674,696,449,679,445,679
0,374,670,695,450,679,698,453,324,255,216,654,690,699,455,680,698,702,460,330,259,218,653,691,446,319,254,216,190,646,409,669,437,675,436,675,695,451,679,446,679
0,375,674,694,454,679,698,455,325,257,216,653,690,699,456,680,699,702,462,331,258,220,658,691,449,322,253,215,191,651,413,671,434,676,437,675,696,452,678,436,677
1,687,440,317,666,422,306,664,693,699,703,463,331,260,660,419,304,242,654,690,698,703,454,326,669,695,700,704,706,458,683,449,681,442,679,433,313,666,435,677,438
1,670,428,308,663,421,305,662,691,699,702,464,332,260,659,420,303,243,658,690,699,702,455,326,669,695,701,704,705,460,683,450,681,443,678,434,313,665,420,675,438
1,672,431,311,662,423,306,661,692,700,702,453,325,256,660,421,305,241,658,690,698,702,457,328,668,695,701,704,705,461,681,437,679,443,676,434,312,665,423,674,437
1,672,434,312,667,427,308,661,692,699,702,454,326,257,662,426,307,245,657,691,698,702,458,328,671,696,702,704,705,462,682,440,679,445,684,440,315,665,425,674,450
1,673,435,313,666,430,308,665,693,700,702,457,327,258,662,427,307,245,657,690,698,702,459,329,671,695,702,704,705,464,685,444,679,446,679,441,316,668,429,674,442
0,281,660,692,446,677,697,451,323,256,214,654,690,699,453,680,697,702,459,330,257,218,653,690,444,320,253,214,187,646,407,669,444,676,433,675,696,449,679,444,680
1,688,450,322,668,434,311,666,693,703,703,460,329,259,662,430,309,246,656,690,699,702,463,331,670,696,701,704,705,466,684,447,678,436,678,443,316,667,432,673,431
0,277,659,691,448,677,697,453,324,256,216,653,689,699,456,681,698,703,462,330,260,222,652,690,446,320,253,215,191,650,413,670,436,675,438,674,696,451,678,434,678
1,687,437,315,667,432,313,664,694,700,704,462,331,259,661,432,310,247,655,689,699,702,454,326,668,695,701,704,705,458,683,448,681,440,678,446,319,666,435,676,436
0,279,663,693,453,680,698,457,326,257,219,651,690,698,459,682,699,703,454,324,257,215,656,691,451,322,256,215,192,648,417,669,426,674,439,677,698,455,681,439,677
1,690,445,319,665,425,306,662,692,700,703,454,319,256,659,420,304,242,658,690,698,703,456,335,668,696,699,703,705,461,682,439,679,443,676,435,313,665,423,674,439
1,673,433,312,666,427,307,662,692,699,703,455,326,257,663,425,307,245,657,691,699,702,458,328,671,696,701,704,705,462,682,439,676,444,680,439,316,665,425,674,439
0,280,661,692,443,678,697,450,322,255,215,654,690,698,450,680,698,702,458,328,258,217,654,690,443,318,252,214,193,647,420,671,433,674,429,675,696,447,679,443,676
0,371,670,695,448,678,698,451,321,255,215,654,681,699,452,680,698,702,459,330,258,217,654,690,443,319,253,215,191,646,406,670,433,672,431,674,696,448,677,444,685
0,373,670,695,450,679,698,451,323,256,216,654,690,699,454,681,698,700,460,330,260,217,653,690,445,320,253,215,191,646,408,670,434,676,435,675,696,450,679,446,678
0,374,671,695,452,678,698,454,325,256,217,654,690,699,455,679,698,703,462,330,260,218,653,690,447,320,253,214,191,650,413,670,437,676,437,675,696,450,679,434,678
1,687,440,316,667,436,312,665,693,699,703,463,331,259,661,432,311,247,655,690,699,703,453,325,669,695,702,704,705,457,683,448,681,440,678,446,318,667,435,677,437
0,281,663,692,452,680,698,456,326,257,218,652,689,698,455,682,698,703,464,332,260,219,657,691,452,322,253,217,191,649,416,670,427,674,438,677,697,455,679,436,677
1,690,444,319,666,425,307,662,692,700,703,453,325,257,659,420,304,243,658,690,702,702,456,327,667,695,701,704,704,460,682,450,680,443,677,434,313,667,422,675,438
0,281,661,692,443,679,697,459,328,258,217,656,690,699,448,680,698,702,456,327,257,217,655,691,441,317,251,214,190,648,418,673,431,674,428,675,696,457,682,442,677
1,688,445,320,669,432,310,666,694,700,703,456,327,258,663,427,301,244,658,690,699,702,459,328,670,695,702,704,705,464,683,441,679,445,680,440,315,669,429,675,442
0,282,661,691,440,678,697,450,322,254,215,654,690,698,451,680,698,703,459,328,258,217,654,690,444,319,253,213,190,647,406,670,432,672,430,675,695,447,679,445,679
0,373,671,695,450,679,698,452,324,255,215,654,690,699,454,680,699,703,460,330,259,218,653,690,445,319,253,214,191,646,408,669,434,676,435,675,696,449,679,445,679
1,688,450,323,668,436,312,665,693,700,703,461,333,258,662,428,310,247,656,690,699,702,463,331,670,695,702,704,701,468,684,447,678,436,678,443,317,667,433,674,432
1,669,425,307,663,432,310,664,693,699,703,462,329,258,661,432,311,246,655,689,700,702,452,324,669,695,702,703,705,456,682,447,681,441,678,445,318,666,433,677,438
1,670,427,308,663,420,303,662,691,699,703,462,330,260,660,419,303,242,653,689,698,703,454,326,668,695,701,704,705,459,683,448,680,442,677,433,312,666,435,677,438
0,280,662,692,453,680,698,458,326,258,217,652,690,697,458,682,699,703,454,326,257,217,656,691,452,323,255,216,190,649,417,669,426,674,438,676,696,456,681,440,677
1,690,445,320,665,426,307,663,692,698,703,454,326,256,659,421,305,243,658,690,698,702,457,327,671,695,701,704,702,461,682,438,679,444,676,436,305,664,423,674,439
1,672,433,311,666,428,308,666,693,699,702,455,326,257,663,429,307,244,657,690,698,702,458,328,672,696,701,704,705,464,682,440,679,444,680,440,316,665,425,674,440
1,672,438,311,666,429,308,665,692,700,703,456,330,257,662,427,307,245,655,690,700,702,460,328,671,695,701,704,705,464,685,444,679,446,680,441,316,668,430,674,429
0,277,660,691,446,677,693,450,323,256,215,654,689,697,453,679,697,703,459,329,257,218,654,691,445,319,253,214,190,646,409,670,434,675,434,675,695,448,679,444,679
1,688,450,322,668,434,311,665,693,700,703,460,329,258,661,431,309,247,657,690,699,702,463,330,670,696,702,704,705,467,684,446,677,436,678,443,317,669,433,672,432
1,670,438,314,665,433,310,664,692,699,702,461,330,259,660,431,310,246,655,690,698,702,464,331,669,695,704,704,705,456,682,447,678,436,677,444,318,667,434,677,435
0,279,665,692,451,680,697,456,325,257,216,653,690,695,456,682,699,703,464,331,260,220,657,691,450,322,255,216,191,649,417,669,424,674,437,673,695,453,678,435,677
0,375,672,695,455,682,698,457,326,257,217,652,689,699,458,682,698,703,454,326,256,217,655,691,451,323,255,215,191,650,417,669,426,674,442,667,696,456,683,440,678
1,690,445,319,666,426,307,662,692,700,703,454,325,257,658,420,304,242,658,690,698,702,456,327,668,695,700,704,705,461,682,438,679,443,676,431,313,665,422,675,439
0,280,662,692,443,678,697,468,328,258,218,656,690,698,449,680,698,702,456,327,257,217,655,691,441,317,252,214,191,648,420,672,432,673,424,675,696,457,681,442,677
1,687,445,318,668,431,311,667,694,700,703,456,327,257,660,427,308,246,657,690,698,702,460,329,671,695,701,703,705,464,681,440,679,445,679,441,316,670,430,674,441
0,282,660,691,446,678,697,450,323,254,216,654,690,698,453,678,698,702,459,329,258,217,654,690,444,320,252,213,190,646,407,669,433,675,434,684,695,448,679,443,679
1,687,449,321,670,434,311,665,693,700,703,459,329,259,661,429,308,246,658,690,699,702,463,331,670,695,701,704,705,466,684,446,678,435,677,442,317,667,432,674,431
0,277,658,691,448,687,697,452,324,254,217,653,688,698,455,679,698,702,462,331,259,218,652,690,447,321,253,215,189,651,414,670,426,676,436,675,696,451,679,434,678
0,375,673,696,455,678,698,456,326,256,217,653,689,697,456,678,698,703,463,331,257,217,656,690,450,322,254,215,190,650,415,669,424,674,436,675,696,454,678,436,679
0,375,673,696,456,683,699,457,327,257,217,653,690,698,459,683,699,703,465,332,261,219,657,691,450,323,254,215,192,650,415,669,426,673,438,677,696,455,678,437,676
0,376,674,696,457,682,698,459,327,258,218,656,691,699,461,682,699,703,455,327,258,217,656,691,453,324,256,215,192,649,417,673,430,673,440,677,696,456,682,441,677
0,369,672,695,446,679,698,460,330,257,217,657,691,699,450,681,699,703,457,328,259,216,655,691,441,318,251,212,192,648,419,673,432,673,428,675,696,457,681,442,677
0,369,671,696,447,679,698,449,322,255,215,656,690,698,451,680,699,702,457,327,258,217,655,691,443,317,253,215,185,648,420,671,433,673,429,676,695,445,680,442,676
0,370,671,695,449,679,698,451,323,255,215,655,690,699,452,680,698,703,459,329,259,217,654,691,444,319,253,214,190,647,407,670,433,672,430,675,696,447,679,444,680
0,373,671,695,450,679,697,451,324,256,216,654,690,699,453,679,699,709,459,329,259,218,653,690,445,320,254,215,190,646,408,670,434,676,434,675,696,450,677,445,680
1,688,450,322,668,435,312,665,701,701,703,461,330,259,661,431,308,246,656,690,698,703,465,331,670,696,701,704,705,456,683,446,678,437,679,444,317,668,433,678,435
0,279,664,693,450,677,697,454,325,256,216,652,690,698,457,679,698,703,463,331,260,218,657,691,449,322,254,215,191,650,414,670,424,674,436,674,695,452,679,434,678
0,374,673,696,455,682,699,458,327,256,217,652,690,698,458,683,700,703,465,332,260,218,657,691,451,322,255,215,191,650,416,670,426,672,438,677,696,454,679,436,677
0,376,673,696,455,681,698,457,327,257,216,652,691,698,460,682,699,703,454,325,256,217,654,692,453,324,254,215,192,649,418,669,427,674,439,677,697,455,682,440,677
0,377,672,695,446,680,698,460,327,257,217,656,691,699,449,681,699,704,456,326,258,217,655,691,454,323,255,216,192,648,418,673,431,674,441,676,689,457,682,441,678
0,369,672,695,447,680,699,449,322,257,215,655,692,699,450,680,698,703,457,328,258,217,655,691,442,318,252,214,190,647,419,672,432,673,429,675,696,446,680,443,678
1,688,446,319,669,432,309,666,694,699,704,457,328,258,663,427,308,245,657,691,699,703,459,329,671,694,702,705,706,464,685,445,679,446,680,441,316,673,430,675,429
1,671,436,313,664,430,306,666,675,700,703,458,329,258,662,429,308,246,657,690,699,702,461,330,672,695,702,704,704,466,685,445,679,435,667,441,316,668,432,674,431
1,670,437,313,665,432,310,665,692,700,703,460,330,258,660,431,309,246,655,690,698,702,463,331,669,694,701,704,705,468,685,447,677,437,677,442,318,667,431,673,432
1,670,425,306,663,432,310,664,692,699,702,461,330,259,661,431,310,246,655,690,698,702,452,325,669,695,700,703,705,456,683,447,678,437,677,444,317,666,434,676,436
1,669,426,308,664,420,303,662,691,699,703,463,330,259,659,418,304,242,653,689,698,702,453,325,668,695,701,704,705,458,683,448,681,441,678,434,312,665,433,676,437
1,669,428,309,663,421,303,662,691,699,702,463,331,258,660,420,303,242,658,690,699,702,456,327,668,695,701,704,704,439,682,450,681,442,677,433,313,665,422,675,438
0,280,662,691,453,679,698,458,327,257,217,656,691,699,460,682,699,702,455,326,256,217,655,691,453,323,255,216,190,649,418,672,430,674,440,675,696,456,680,441,677
0,369,671,695,446,680,698,460,329,258,217,656,691,699,450,680,698,702,456,327,257,217,655,691,442,317,252,213,190,648,419,672,432,673,428,674,696,457,681,442,667
0,373,671,695,447,679,698,450,322,255,215,655,690,699,451,680,701,703,458,328,258,217,653,690,443,319,252,214,190,647,406,671,432,673,429,675,695,446,679,443,676
0,370,671,695,450,679,699,451,323,255,216,654,691,698,453,678,698,702,460,328,257,217,653,690,445,319,253,215,190,647,407,670,434,676,434,676,696,449,679,444,680
0,373,670,695,450,679,697,453,324,256,215,654,689,698,455,680,699,702,460,330,258,216,653,691,445,320,253,216,189,646,409,670,434,675,435,675,696,451,679,446,680
1,688,451,322,668,436,313,665,693,700,703,461,330,259,661,431,310,246,655,690,698,702,464,331,670,695,702,704,705,457,684,447,678,436,678,443,317,667,433,677,435
1,670,427,307,663,433,311,663,688,699,703,462,330,259,660,432,311,247,655,690,698,702,454,325,669,696,702,704,706,458,683,448,681,441,678,446,319,667,435,677,437
0,281,664,692,453,680,697,457,328,255,216,652,689,698,458,682,699,703,453,326,255,216,656,691,450,322,259,216,190,649,417,669,426,673,438,676,696,454,682,439,677
1,689,442,319,666,426,307,662,692,700,703,454,326,256,659,420,303,242,658,690,699,702,456,326,667,695,701,704,704,461,683,435,679,442,677,434,312,664,423,674,438
0,280,662,692,442,678,691,459,328,257,217,656,690,699,450,680,698,703,456,326,257,216,654,691,442,317,252,215,191,647,420,671,431,673,428,675,695,456,681,442,677
1,688,446,320,669,432,310,666,693,700,703,456,327,258,663,427,307,245,657,690,699,702,459,328,670,696,702,704,705,463,682,440,679,445,679,440,316,668,429,674,442
0,281,661,692,445,678,697,449,322,256,215,655,690,698,452,680,698,702,459,328,258,218,653,690,444,319,252,215,189,646,406,670,432,672,430,675,695,447,679,444,679
0,373,672,695,450,679,698,453,324,255,216,655,690,699,455,679,698,703,461,320,259,217,653,690,447,318,252,215,192,646,407,670,434,677,435,675,695,449,679,445,679
1,688,450,322,667,412,313,665,693,700,702,461,329,259,661,431,310,247,656,691,698,702,464,331,670,697,702,704,705,455,683,447,678,437,677,443,318,669,433,678,435
0,279,663,693,451,677,697,454,325,256,216,652,690,698,457,679,698,702,463,331,259,218,657,691,448,322,254,215,191,651,415,670,424,674,436,674,695,451,678,434,678
0,375,674,695,455,682,699,456,327,256,218,652,690,699,458,682,698,702,465,331,261,219,657,692,450,323,254,215,192,652,416,669,426,674,438,677,696,454,678,436,678
1,689,441,317,667,425,307,663,692,700,703,454,325,257,659,421,303,241,659,691,698,703,455,326,668,695,701,704,705,460,683,450,681,443,677,435,313,665,423,675,439
0,280,662,692,442,679,697,457,328,258,217,655,690,698,449,680,699,703,456,326,257,217,656,690,440,317,251,213,190,648,419,672,431,674,423,675,694,456,681,441,677
0,369,671,695,447,680,698,449,322,254,215,655,690,705,451,680,699,702,457,328,258,217,654,691,443,318,252,214,190,647,419,672,432,674,429,675,696,446,680,442,676
1,688,446,320,668,432,311,667,693,699,703,458,328,257,662,427,308,245,657,690,698,702,460,330,671,695,702,704,705,465,685,444,679,447,679,442,316,666,430,674,430
1,671,437,313,665,430,308,666,693,700,703,459,330,258,662,429,309,245,653,690,699,702,460,328,670,695,701,704,706,466,685,445,679,435,678,441,316,667,430,674,430
1,669,437,313,665,431,309,665,692,699,702,460,325,259,660,430,308,245,656,690,698,702,464,331,668,695,701,704,701,467,684,446,678,436,678,442,318,667,432,673,431
0,277,663,692,449,677,697,454,325,256,221,652,689,699,456,679,698,702,462,330,259,218,657,691,449,321,254,215,191,650,414,670,424,674,436,674,695,451,678,434,678
0,375,673,695,457,682,698,456,326,257,217,652,690,699,458,682,700,703,465,331,260,217,657,691,451,323,255,215,192,650,412,669,425,674,438,677,696,454,678,436,677
1,684,441,316,665,424,306,662,692,699,703,464,334,261,660,419,301,242,659,691,699,697,453,326,668,695,701,704,705,458,682,450,680,442,677,434,313,681,422,674,437
1,672,432,311,663,422,305,661,692,698,703,453,325,256,658,420,304,241,657,690,698,702,456,327,668,694,701,704,704,462,683,438,677,443,676,435,313,664,423,674,439
0,280,661,692,442,678,697,448,321,254,215,655,690,698,447,680,698,703,456,327,258,217,654,690,442,317,251,214,191,648,418,672,432,673,428,675,695,457,681,443,676
0,369,670,695,447,679,697,450,323,254,215,655,689,698,452,681,699,703,457,328,257,216,654,684,443,319,253,214,190,647,406,670,432,673,429,675,695,447,679,443,679
0,372,670,695,449,679,698,451,323,255,213,661,690,698,453,680,699,703,459,328,258,217,653,690,444,318,252,215,190,646,407,670,432,675,434,675,695,447,679,444,680
1,687,450,322,668,434,311,666,693,700,703,460,329,258,661,430,309,244,656,691,698,702,463,331,670,696,707,703,705,467,684,447,679,437,678,443,316,668,432,673,432
1,669,438,310,664,432,310,664,692,699,702,461,330,258,661,431,310,245,655,689,699,702,464,331,669,696,702,704,705,456,679,446,678,437,677,444,318,667,434,676,436
0,280,662,692,451,680,698,455,326,255,216,651,690,698,457,682,700,702,464,332,259,217,657,690,450,322,254,216,192,649,415,670,425,674,437,674,695,453,678,436,677
1,686,441,318,666,424,305,663,692,699,703,464,332,260,660,419,303,243,658,691,699,702,454,327,668,695,701,704,704,459,682,450,681,442,677,433,312,665,422,675,437
1,673,432,310,662,423,304,661,691,699,702,453,324,256,658,420,304,242,658,690,699,702,456,328,667,695,701,703,705,461,683,438,679,442,676,434,313,665,423,674,438
1,673,434,311,666,428,307,662,692,699,702,454,326,256,663,425,306,244,657,690,699,702,458,327,671,696,701,704,705,463,682,439,679,444,680,438,315,664,425,675,440
1,672,434,312,666,429,309,666,693,699,703,456,327,257,662,427,305,244,656,690,698,703,457,328,670,695,700,704,705,462,681,441,678,445,679,440,317,668,428,674,442
1,672,436,313,665,430,308,666,693,699,702,458,328,258,661,428,308,246,656,690,699,702,460,330,670,696,701,704,704,465,684,444,679,434,678,441,317,667,430,673,430
0,276,659,691,446,677,693,450,323,255,216,653,690,698,454,679,697,702,460,329,259,217,653,690,446,319,253,214,190,645,408,669,435,675,434,674,695,448,679,445,679
0,374,669,695,451,676,698,453,325,256,217,653,690,699,455,679,698,703,460,330,259,217,653,690,448,320,253,214,192,651,413,669,436,675,436,675,696,451,679,434,678
0,374,673,696,454,678,698,455,326,256,216,652,690,698,457,679,698,701,463,331,264,217,659,691,449,322,254,215,192,650,416,669,425,674,437,674,695,452,678,425,677
0,375,673,696,455,681,698,457,326,257,217,652,690,699,458,682,699,703,465,332,260,219,657,691,451,324,255,215,191,649,416,669,425,674,438,677,696,454,678,436,677
1,690,445,319,666,425,306,663,692,700,703,454,325,256,659,420,303,242,657,690,699,702,455,326,667,695,700,704,705,460,682,438,679,442,677,435,312,665,423,674,438
0,278,661,692,442,679,698,458,328,257,218,656,690,700,450,680,698,703,456,327,258,217,657,691,441,310,252,213,191,648,418,674,430,673,427,675,696,457,681,442,676
0,369,671,695,445,679,698,449,321,254,216,655,690,699,451,680,699,702,457,327,257,217,655,690,443,318,251,214,191,647,420,672,433,674,430,675,696,446,679,442,676
0,369,670,695,448,679,698,450,323,254,216,655,690,698,452,680,698,703,458,328,258,217,654,691,444,319,252,213,191,647,406,670,433,673,429,675,696,447,679,443,679
1,687,450,322,668,434,310,666,693,700,702,461,328,259,662,429,309,245,656,690,699,702,462,330,670,695,701,704,705,465,684,445,679,436,678,441,317,668,432,676,431
0,277,659,691,447,677,697,453,324,256,215,653,690,698,455,679,698,702,461,329,260,218,652,690,447,320,253,215,191,648,412,672,436,675,436,675,696,451,679,430,678
1,687,439,316,666,435,312,664,692,700,703,462,330,259,661,432,310,247,655,690,699,702,453,325,669,695,701,705,705,457,684,447,681,440,677,445,319,667,435,676,436
1,670,427,308,662,421,303,662,692,699,703,463,330,259,659,419,303,242,654,689,698,702,454,325,668,695,701,704,705,458,683,449,681,441,677,433,312,666,435,676,437
1,669,428,308,662,422,303,661,691,698,702,463,330,261,659,419,304,242,659,690,699,702,455,326,667,695,701,703,705,461,682,450,680,443,677,435,313,665,422,679,437
1,673,430,311,667,426,307,662,692,699,702,454,326,257,663,440,306,243,657,690,698,702,457,327,667,695,700,704,704,461,682,438,678,442,676,436,313,664,423,674,440
1,672,433,311,666,428,307,665,693,699,702,455,326,257,663,426,307,244,657,690,698,702,458,328,670,696,702,703,705,463,681,440,678,444,679,439,316,669,428,674,441
1,672,435,312,666,429,308,665,693,699,703,456,327,258,663,417,308,245,656,689,697,702,459,328,670,696,701,703,705,464,685,443,679,446,679,440,316,668,430,674,429
1,670,436,312,665,429,308,667,692,700,702,458,329,257,661,428,309,245,656,690,698,701,461,329,670,695,700,704,705,466,684,445,678,434,678,441,316,668,431,673,430
1,670,437,312,664,431,309,664,692,699,702,459,328,258,661,429,309,246,656,689,698,702,462,330,669,694,700,703,705,467,684,447,678,436,677,443,317,666,432,673,431
0,277,663,692,449,677,697,453,324,256,216,653,689,698,455,679,698,702,463,330,259,218,657,690,448,321,254,214,191,650,414,669,437,675,436,675,695,451,678,434,677
0,374,673,695,454,682,698,456,326,257,217,652,689,698,457,682,697,703,465,332,261,217,656,690,451,319,254,215,192,650,415,669,425,673,436,677,695,453,678,435,677
1,686,441,317,665,423,305,662,692,699,703,465,331,260,659,420,303,242,658,690,699,703,456,327,668,695,701,704,704,460,682,450,680,442,677,434,313,666,420,674,438
0,280,662,690,453,679,698,458,327,257,218,656,690,699,460,682,698,703,455,326,257,216,655,690,453,323,255,215,191,648,418,672,430,673,440,677,696,457,682,441,677
0,367,671,695,446,679,697,461,328,256,217,655,691,699,453,680,699,702,458,327,259,220,654,690,442,316,252,213,190,647,419,671,432,674,428,676,696,458,681,441,677
1,686,446,320,668,431,310,666,693,700,675,456,328,257,663,427,307,244,657,690,691,702,459,327,671,696,702,703,706,464,685,443,686,446,680,441,316,668,430,674,442
1,672,436,313,666,430,309,665,692,699,703,457,327,258,661,428,308,246,656,689,698,702,461,329,670,696,701,703,705,465,684,445,679,434,678,441,316,667,431,674,430
1,670,436,312,665,431,309,665,690,700,703,459,327,258,661,429,308,246,656,689,698,702,462,329,669,695,700,704,704,467,684,446,674,435,678,442,317,667,432,673,431
0,277,660,691,448,676,697,452,325,256,216,652,689,697,455,679,697,703,462,331,258,218,651,689,447,320,252,214,192,650,413,670,436,675,437,674,695,450,679,434,677
0,374,673,695,453,677,698,455,325,256,216,652,690,699,457,679,698,702,463,330,259,218,657,690,449,322,254,215,191,650,415,669,424,676,436,671,694,452,678,435,677
1,686,440,316,665,423,303,663,692,699,702,463,331,259,660,419,304,242,658,691,698,701,455,326,668,696,701,703,705,459,682,449,681,442,678,433,313,665,422,675,437
1,673,432,311,663,422,305,661,691,699,702,452,324,257,658,420,303,243,657,690,698,702,456,327,668,695,700,704,704,460,682,438,678,441,677,434,312,664,422,675,439
1,672,433,310,666,427,307,660,692,699,702,454,326,257,664,425,306,244,657,690,698,702,460,327,671,696,701,704,705,461,682,438,679,443,680,438,315,665,424,674,440
0,281,661,691,443,678,697,449,321,254,214,654,689,698,450,680,699,702,457,327,257,217,654,690,442,317,252,214,190,647,419,672,432,673,429,675,695,447,679,442,676
1,688,447,320,660,433,312,667,693,700,702,458,329,258,662,428,308,246,657,691,698,702,461,328,670,696,701,704,705,465,684,445,679,446,680,441,316,668,430,674,430
1,670,436,312,663,431,309,664,692,699,702,458,329,258,661,429,308,245,656,690,699,702,462,330,670,695,701,704,701,465,684,446,678,435,678,442,315,667,430,673,430
1,670,438,313,665,432,310,664,692,699,702,459,329,258,661,430,309,246,655,689,702,702,463,331,670,697,701,704,704,456,683,446,677,436,677,444,317,666,432,677,435
1,669,425,307,662,432,310,663,692,700,702,461,330,258,659,431,309,246,654,690,698,701,453,325,668,694,701,704,704,458,683,447,681,439,677,445,318,666,434,676,436
0,279,663,692,451,680,698,456,326,257,215,652,689,698,457,682,698,703,464,331,260,218,656,690,450,321,255,215,191,649,416,669,425,672,438,677,696,454,677,436,676
1,689,444,318,666,424,306,663,692,699,703,464,331,260,659,420,303,243,658,690,698,701,455,326,667,695,702,704,705,460,683,450,680,442,677,434,313,667,422,675,437
0,280,661,691,441,678,697,459,327,257,216,654,689,698,448,680,698,702,456,328,256,217,655,691,440,316,252,214,190,648,418,672,431,673,428,676,696,456,680,441,677
1,687,445,319,660,432,310,667,693,700,702,455,326,257,662,425,306,246,656,691,698,702,458,328,671,695,702,704,705,463,682,441,678,444,679,439,315,668,429,674,442
1,672,435,312,666,430,309,665,692,699,702,457,327,258,662,427,307,244,657,689,698,702,459,328,670,695,702,704,705,464,685,442,678,446,679,441,317,668,430,673,429
1,671,436,309,665,427,310,664,692,699,702,454,327,258,661,428,308,245,656,689,698,702,460,330,669,695,701,704,704,465,683,445,678,434,677,441,316,667,431,673,430
1,669,437,313,665,432,310,664,692,699,702,461,329,258,661,429,310,245,654,689,698,702,469,329,669,694,701,702,705,466,684,446,678,435,678,442,317,667,432,674,431
1,669,424,302,661,432,310,663,692,699,701,461,329,259,660,431,309,246,654,690,697,701,452,324,668,695,701,704,706,456,683,447,681,440,678,444,318,666,433,677,435
1,670,426,308,663,420,300,661,691,698,702,462,329,259,659,418,303,242,653,689,697,702,453,325,668,695,701,703,705,458,682,448,680,441,677,432,312,665,434,675,436
0,280,662,691,452,679,698,458,326,257,217,651,689,698,458,682,698,702,455,325,257,217,656,690,450,322,255,217,192,648,416,669,427,673,438,676,694,454,681,439,677
0,377,672,695,457,680,698,459,328,255,217,656,690,699,461,682,698,702,455,326,257,216,655,690,452,323,256,215,194,648,417,672,431,673,440,677,696,456,681,440,676
1,687,445,318,669,429,309,666,693,699,703,454,326,249,663,425,306,245,657,690,698,702,458,327,670,696,701,704,704,462,682,439,679,444,679,438,315,663,424,674,440
0,282,661,692,444,678,697,449,321,254,214,647,690,698,452,679,698,702,457,341,257,217,652,690,444,319,252,213,190,645,406,669,432,671,429,674,695,446,679,442,680
1,687,448,320,668,432,311,666,693,700,703,458,328,258,662,428,308,244,656,690,698,702,461,329,670,694,701,703,705,465,693,445,678,434,678,441,319,667,431,674,430
0,277,657,693,444,677,697,451,321,254,215,653,688,698,454,680,696,703,460,330,260,217,652,690,446,320,252,214,191,645,408,669,435,676,435,675,695,449,679,445,678
1,687,450,322,667,436,311,665,693,700,703,461,329,259,660,431,310,246,654,690,698,702,464,331,667,695,700,704,704,456,682,446,677,436,677,444,319,666,433,677,435
0,279,663,692,451,681,698,455,326,256,216,652,689,698,457,682,698,703,464,331,259,218,655,691,450,322,254,215,192,649,415,669,425,674,437,673,695,452,678,435,677
1,686,440,316,665,424,306,662,693,699,700,464,331,258,659,419,304,242,658,690,698,702,454,329,667,695,701,705,705,458,682,448,680,441,678,433,312,665,421,670,437
1,672,431,310,663,422,304,661,692,699,702,453,324,257,659,419,304,243,658,690,697,702,456,327,668,695,701,703,705,461,681,437,679,442,676,434,313,665,422,676,439
0,280,661,691,442,678,697,458,328,257,217,655,689,698,449,680,698,702,455,327,257,217,654,690,441,317,251,214,190,647,418,672,431,673,428,675,695,456,681,442,676
0,370,671,695,446,679,698,449,321,255,215,656,690,698,447,679,698,701,457,327,258,217,654,690,443,318,251,214,190,647,420,670,432,673,429,675,695,446,679,443,676
0,369,670,695,448,679,698,450,323,255,215,654,690,698,452,680,698,702,459,328,258,218,654,690,444,319,252,215,190,646,406,670,433,675,433,675,695,448,679,444,680
0,372,670,695,450,678,699,452,324,255,215,654,690,698,454,680,698,702,460,329,258,217,653,690,446,320,253,214,190,646,408,669,434,676,434,674,696,449,679,445,679
0,373,670,695,451,679,697,454,321,255,216,653,690,699,455,679,698,703,461,329,259,218,653,689,447,319,253,214,191,650,414,669,436,676,436,674,689,450,679,434,678
0,374,672,695,453,679,698,455,325,257,216,653,690,699,456,679,698,703,460,331,259,218,657,691,449,322,254,215,191,650,415,670,424,674,436,674,695,449,679,435,677
0,375,672,696,455,682,697,457,326,256,216,652,689,699,458,681,698,703,465,332,260,218,657,691,450,322,255,216,190,654,416,669,426,674,438,677,696,454,678,436,677
1,690,444,316,665,425,306,663,693,699,703,453,324,257,659,420,304,242,658,690,699,703,456,326,675,695,701,703,705,459,682,437,679,442,677,434,312,664,422,674,438
0,280,662,692,441,678,697,458,327,257,216,655,690,698,449,680,698,702,456,326,257,217,655,690,441,317,252,213,190,648,418,672,431,673,428,675,696,457,681,441,677
0,368,671,695,446,679,698,448,321,255,215,655,690,699,451,680,698,703,458,335,258,217,655,690,442,316,251,214,190,647,420,675,435,673,432,675,696,444,680,442,676
1,687,446,320,668,432,310,666,693,700,703,457,327,257,662,427,308,245,656,690,699,703,460,330,671,696,699,704,705,464,685,444,679,446,680,441,316,668,433,674,429
0,277,659,691,446,678,697,425,322,254,216,654,689,699,453,679,697,702,460,330,257,218,654,690,445,319,252,214,190,646,407,669,433,676,433,675,696,449,677,445,679
0,374,670,695,451,680,698,453,324,256,215,654,690,699,450,679,698,703,462,329,258,218,653,690,447,320,253,214,191,651,413,671,436,675,435,674,695,450,678,433,677
1,687,439,315,667,435,313,662,693,700,702,461,330,259,661,431,310,247,655,690,702,702,452,324,669,695,700,704,705,457,683,447,681,440,677,445,318,667,434,676,436
1,670,427,306,663,424,304,662,692,699,702,462,330,259,659,419,303,242,654,689,693,702,454,325,668,695,702,703,706,459,683,448,681,441,678,434,312,665,435,675,437
1,669,428,307,662,423,304,661,692,699,702,464,331,259,659,420,303,242,658,690,698,702,456,326,667,695,701,703,705,460,682,450,680,442,678,434,312,664,423,674,437
0,280,661,692,438,678,696,458,337,258,216,655,690,699,448,681,698,703,455,326,257,219,655,689,453,323,255,217,191,648,418,673,431,674,441,674,694,456,681,441,677
0,368,670,695,446,679,698,449,321,254,215,655,690,698,451,680,698,707,456,328,257,217,654,690,442,318,251,213,190,648,419,672,432,673,429,675,696,446,679,442,677
0,369,671,695,448,679,698,450,322,254,216,654,690,699,453,680,698,702,457,328,258,217,655,690,443,319,252,214,190,646,407,670,432,672,429,675,696,447,680,442,679
1,687,448,320,668,433,310,665,694,700,703,458,330,257,662,429,312,245,656,690,699,700,461,329,670,695,702,704,705,466,684,445,679,433,679,442,316,668,441,673,430
1,670,437,313,665,431,311,665,692,699,703,460,329,256,661,430,308,246,656,691,699,701,458,330,669,695,701,704,706,460,684,446,678,435,678,441,317,667,432,670,432
1,669,425,307,663,432,308,663,692,700,699,460,329,258,660,432,310,246,656,689,698,702,452,324,669,696,700,703,705,457,683,446,678,437,677,444,317,667,433,676,436
1,670,426,307,663,419,302,662,692,699,703,461,329,258,659,418,303,242,653,689,698,702,453,324,668,695,700,703,705,458,682,448,680,441,678,434,313,665,434,676,437
0,280,662,692,452,680,697,458,326,256,216,651,689,698,458,681,698,702,452,325,257,216,656,690,451,322,254,215,192,648,416,669,425,673,437,676,696,454,681,439,677
1,689,445,319,665,423,307,662,688,699,702,454,329,257,658,420,304,242,658,690,699,702,457,327,667,695,701,704,704,461,682,438,679,443,676,434,312,664,423,674,436
0,280,661,692,443,678,696,459,327,257,216,655,691,698,449,680,698,700,456,326,257,217,655,690,441,317,252,214,190,647,419,671,432,673,428,675,695,457,680,442,677
0,369,671,694,447,688,698,449,322,254,215,654,690,698,451,681,698,703,457,327,258,217,654,690,443,318,252,213,190,647,420,671,432,673,429,675,696,446,679,443,676
0,370,670,695,448,679,698,450,322,255,215,654,690,699,452,680,698,702,460,328,261,217,653,691,444,319,251,214,191,645,406,670,433,676,432,675,696,447,680,444,679
1,687,450,321,667,434,311,666,693,699,703,459,328,257,662,429,308,246,656,690,698,702,462,330,670,695,702,704,705,466,684,445,678,435,677,442,317,668,432,674,431
1,670,437,313,665,431,310,664,692,699,702,461,329,258,661,431,309,245,656,689,699,703,463,331,670,695,701,703,705,457,683,446,678,436,677,443,318,666,433,676,434
1,669,426,307,663,433,310,663,692,699,702,461,330,259,660,432,309,247,654,690,698,702,453,325,668,695,701,704,704,457,682,447,680,440,677,445,318,666,434,676,436
1,670,427,308,662,419,305,661,691,699,702,462,331,260,659,419,303,241,658,689,698,702,455,325,668,695,701,704,705,458,682,440,681,441,677,433,311,665,435,676,437
0,280,662,692,453,679,697,459,327,256,217,656,690,698,460,682,698,702,454,326,257,217,655,690,452,323,254,216,191,648,417,672,430,674,439,677,696,456,681,440,676
1,688,444,318,669,427,310,662,692,700,702,454,325,256,663,424,306,250,657,690,699,702,458,327,671,696,700,704,705,462,682,439,679,443,679,439,314,664,424,674,439
1,672,434,311,666,428,307,665,692,699,702,455,326,256,661,429,306,244,656,690,699,702,459,328,671,696,700,704,705,463,681,440,676,445,672,441,315,668,429,674,441
1,672,435,312,666,429,308,665,691,699,702,456,327,257,661,427,307,245,656,691,698,702,460,329,670,696,701,704,704,464,684,444,679,446,679,441,316,668,431,670,429
0,277,659,691,444,677,697,451,322,256,216,653,688,698,453,679,698,702,460,329,258,217,653,690,445,319,252,214,190,645,407,669,433,675,434,675,695,448,678,445,679
1,687,450,322,667,435,312,665,693,700,703,460,329,258,660,430,309,245,655,690,698,701,462,330,669,695,699,703,705,455,683,446,678,436,677,443,317,667,432,676,435
1,670,425,306,663,432,309,664,691,698,703,461,330,259,659,430,309,245,654,689,698,702,453,324,668,695,701,704,705,457,683,447,681,446,677,444,318,666,435,676,437
0,280,662,692,451,679,698,456,326,256,216,652,688,698,457,681,698,703,464,331,259,217,656,690,451,322,254,215,191,650,415,668,424,674,437,677,696,453,678,435,677
0,374,673,696,456,680,698,457,327,257,216,651,689,698,459,682,698,703,454,325,257,217,655,691,452,324,254,215,191,648,419,669,426,673,439,676,698,455,681,440,677
0,377,672,695,445,680,698,459,328,257,218,656,691,698,448,680,699,702,456,327,257,217,655,690,439,316,251,213,189,648,417,672,430,673,426,675,695,456,680,442,677
1,688,445,319,669,430,309,667,693,699,703,455,326,257,662,426,306,244,657,690,698,702,457,328,671,695,701,704,705,462,681,439,679,444,679,439,316,668,429,674,441
1,670,435,312,666,428,308,665,692,699,702,456,327,257,662,425,307,244,657,690,698,702,459,329,670,696,701,704,705,464,685,444,679,446,679,441,316,668,429,673,428
1,670,435,313,665,430,309,664,692,699,702,458,327,257,661,427,308,245,656,690,698,702,460,329,670,696,701,703,705,465,684,444,679,434,677,441,316,667,430,673,430
0,277,659,691,446,677,696,452,323,268,216,653,690,698,454,678,698,702,461,332,258,217,652,689,446,319,253,214,190,645,408,669,435,675,435,674,695,449,679,445,678
1,688,438,315,666,436,312,664,693,700,702,461,330,259,659,431,310,246,654,690,698,703,452,324,669,694,700,704,705,457,682,447,681,439,678,444,317,667,434,677,436
0,279,663,692,451,680,697,455,325,256,216,652,689,698,456,682,699,702,464,331,259,218,656,690,450,321,254,216,191,649,415,669,426,673,437,677,696,452,681,435,677
0,375,672,695,457,681,698,457,327,256,218,651,689,698,459,682,702,702,454,325,257,216,655,691,451,321,255,215,191,650,416,668,426,673,438,676,696,455,681,440,677
1,689,445,319,666,425,307,662,692,700,702,452,325,255,659,420,304,243,655,689,698,702,457,326,667,695,713,703,705,460,682,438,679,443,677,434,316,664,422,673,438
0,280,661,692,443,678,697,447,321,253,215,655,689,699,449,680,698,702,456,327,257,217,654,690,441,317,251,213,190,647,419,672,431,673,428,675,695,457,680,442,676
1,687,446,319,668,430,310,666,693,701,703,456,326,258,661,426,307,245,656,690,699,701,458,328,670,695,701,704,704,464,675,443,679,446,679,441,318,668,428,674,428
0,276,659,691,445,677,697,450,322,255,214,653,690,698,452,680,698,702,459,328,257,217,653,690,444,339,252,214,191,646,406,669,433,675,433,675,696,448,678,444,676
1,687,450,321,667,434,311,665,693,699,703,459,329,259,660,430,308,246,655,689,698,701,463,331,669,695,701,704,705,466,684,445,678,436,678,442,316,667,432,673,431
0,275,658,690,448,676,698,453,325,255,215,654,690,698,455,680,698,702,462,330,259,218,652,690,445,321,254,215,191,651,414,669,436,677,436,674,695,449,679,433,677
1,686,439,315,665,422,304,663,692,699,703,462,330,259,660,418,303,242,653,690,698,702,453,325,668,695,701,703,705,458,682,447,681,440,677,445,318,666,435,676,437
0,279,663,693,453,680,697,456,325,256,218,652,689,698,458,682,698,704,453,324,257,217,656,685,449,322,254,214,190,649,416,669,425,673,439,677,696,454,681,439,677
1,689,444,321,665,425,306,662,692,699,702,452,325,256,658,421,303,241,658,691,698,701,455,327,668,695,701,703,705,460,682,438,679,442,676,434,311,664,423,674,437
1,672,433,310,666,427,307,661,691,699,702,454,325,254,662,425,306,244,657,690,699,702,457,328,671,696,701,703,704,464,681,439,680,443,679,439,315,664,424,674,439
0,281,660,691,444,678,696,448,322,253,215,656,690,698,450,679,697,702,457,326,257,217,654,690,442,318,252,212,191,647,420,672,433,672,429,675,695,445,679,442,675
0,369,670,695,448,682,698,450,322,254,216,653,690,698,452,679,698,703,458,328,258,216,654,689,443,319,253,213,191,646,406,670,433,676,433,675,696,448,680,443,679
0,373,670,695,450,679,697,452,323,255,215,654,690,699,453,680,698,703,459,329,258,217,653,690,445,319,253,214,190,646,407,669,434,676,434,675,696,449,679,445,679
0,374,670,696,449,680,698,453,325,254,219,653,690,698,455,679,697,704,461,329,257,217,653,691,447,320,251,214,190,651,413,670,436,676,436,675,696,451,679,433,678
0,374,673,696,453,678,698,455,325,256,216,652,690,699,456,677,698,704,463,331,259,217,657,691,449,322,254,215,191,650,416,669,425,674,432,673,695,451,679,434,677
1,687,440,315,666,423,306,663,692,699,702,463,331,259,660,419,304,242,653,689,698,702,454,325,668,694,701,704,705,458,682,449,681,441,677,433,312,666,435,676,438
1,672,432,310,663,422,305,663,692,699,702,452,324,256,659,412,304,242,658,690,698,701,455,326,667,695,701,704,705,460,682,436,679,442,676,434,314,665,423,675,438
0,280,662,691,439,678,697,458,327,257,216,656,690,698,448,682,698,702,455,326,257,216,655,690,441,317,251,213,190,647,418,672,431,673,427,675,695,456,680,442,676
1,687,446,318,668,430,309,667,694,699,703,456,327,257,663,426,307,244,657,690,698,702,458,327,670,696,702,704,705,463,682,439,678,444,680,439,315,668,428,675,441
0,281,661,690,444,678,697,449,322,255,214,654,689,698,452,682,698,703,458,327,258,217,654,690,444,319,252,213,189,646,406,670,431,671,429,674,695,447,679,443,679
1,687,448,321,667,433,311,665,693,700,703,458,328,258,662,429,308,246,654,687,698,702,461,329,670,695,701,704,705,465,684,445,678,435,678,441,316,667,431,674,430
0,276,659,691,446,677,696,452,324,255,216,653,690,698,454,678,711,702,460,329,258,218,653,690,446,319,253,215,191,651,413,670,435,675,435,674,696,450,679,433,677
1,687,438,315,666,435,311,665,693,700,703,461,330,258,661,431,310,246,657,708,698,704,451,323,669,695,701,704,705,456,682,447,681,439,677,444,318,666,433,676,436
1,669,426,307,662,420,303,662,692,700,702,462,330,259,659,418,303,242,653,689,698,702,453,325,668,693,701,703,705,457,682,448,680,441,677,433,311,665,434,676,437
1,669,428,308,663,421,304,662,692,699,703,464,331,259,658,418,304,242,658,689,698,702,455,328,666,696,700,704,704,460,681,450,680,442,676,433,312,664,422,674,438
0,280,661,691,441,678,697,458,327,257,217,655,690,698,460,681,698,702,455,326,257,216,655,690,452,323,254,216,192,648,417,673,430,673,437,676,696,456,681,440,677
0,368,670,694,446,679,697,467,321,253,215,655,690,699,449,680,698,703,456,326,257,216,654,690,442,317,252,213,190,647,419,672,432,673,429,675,695,444,679,441,676
0,369,668,695,447,679,697,448,322,254,214,654,706,698,452,681,698,702,458,328,258,217,653,690,443,319,252,213,189,647,405,668,430,672,429,675,695,445,679,443,679
0,372,670,695,449,678,698,451,323,255,215,654,690,698,452,679,698,702,459,327,258,217,654,690,444,319,253,214,190,646,407,670,434,676,433,675,696,448,679,444,679
1,687,448,322,667,434,312,666,694,700,702,459,328,259,661,430,308,246,655,690,699,702,462,330,669,696,702,704,705,466,684,446,678,435,678,442,316,667,432,673,431
0,277,663,691,449,677,697,453,323,255,216,652,689,698,455,679,698,702,462,331,259,218,653,689,447,320,253,214,192,650,414,670,437,675,436,674,696,452,678,433,676
1,686,439,315,666,421,305,663,692,700,703,462,330,259,660,418,303,242,653,689,698,702,453,324,669,695,701,704,705,458,682,448,682,441,677,432,311,666,434,677,436
0,280,663,692,453,680,698,457,326,255,215,651,687,698,457,682,698,703,454,325,256,216,656,690,451,323,254,215,191,649,416,669,426,673,438,677,696,455,681,439,677
1,690,444,319,665,426,306,662,692,699,703,453,327,257,658,419,305,251,657,689,698,701,457,326,668,695,702,703,705,462,683,438,679,442,677,435,315,664,423,674,446
0,280,661,692,442,678,697,459,327,257,216,655,690,699,449,680,698,703,455,326,257,217,655,690,442,317,251,213,190,647,419,672,431,673,427,675,694,457,680,442,676
1,686,445,320,668,431,309,666,693,699,702,455,326,257,662,427,307,245,657,690,697,702,459,329,670,696,701,704,715,463,681,442,678,445,679,440,316,668,428,674,441
1,672,436,312,666,430,308,665,692,700,703,457,327,257,669,427,307,244,656,689,698,702,460,329,669,695,704,704,705,456,684,444,663,434,678,440,316,668,430,673,429
1,670,436,312,665,430,309,664,692,699,702,458,328,258,661,429,308,245,655,690,698,702,461,329,670,695,701,704,704,466,684,445,678,435,677,442,316,666,431,673,431
0,277,658,691,447,677,697,451,323,254,216,653,689,698,455,678,697,702,461,329,259,218,652,689,447,319,251,213,192,649,413,670,436,675,436,674,695,450,679,433,677
1,684,437,315,665,435,312,664,693,699,703,462,330,258,660,432,311,246,655,689,698,702,453,324,668,695,701,703,705,457,682,428,681,440,678,445,317,666,431,676,437
0,279,663,692,451,680,697,456,326,257,215,651,689,699,457,682,699,703,453,325,255,216,655,690,450,321,254,215,191,649,415,669,425,673,437,677,696,453,678,436,677
0,376,673,695,456,681,697,458,327,257,216,657,690,698,458,682,699,703,454,326,256,216,656,691,452,322,255,215,192,647,415,672,429,674,438,677,695,455,681,439,676
0,367,671,695,445,679,697,459,328,257,216,656,690,699,449,680,698,702,456,327,256,216,654,691,440,317,251,213,190,647,418,672,431,674,427,675,696,456,680,441,676
1,685,445,319,668,430,309,667,693,699,703,456,326,256,663,426,307,243,657,690,698,702,458,328,671,696,701,704,705,464,682,440,679,444,679,439,315,668,429,674,440
1,671,435,310,666,429,308,665,693,699,702,456,327,256,662,426,306,244,655,690,698,702,461,329,670,695,701,704,705,464,684,443,678,445,679,441,316,668,430,673,429
0,276,659,691,445,677,697,451,322,254,215,653,689,698,452,679,697,702,460,328,258,217,653,689,444,319,252,214,190,645,407,669,433,675,434,674,695,448,679,444,678
0,373,669,695,449,678,697,452,324,255,214,653,690,699,454,679,697,702,461,330,257,217,652,690,446,320,252,214,189,651,413,670,435,676,435,674,695,450,678,433,677
1,687,438,315,666,435,311,664,692,700,702,462,329,259,661,431,310,246,655,690,698,702,452,324,668,695,702,704,704,457,683,447,681,440,677,444,317,666,433,676,436
1,669,427,307,663,419,303,661,692,698,702,462,330,259,665,418,303,241,653,689,698,701,453,325,668,695,701,703,705,458,682,448,680,440,677,432,312,665,434,676,437
1,669,427,306,662,420,303,661,692,699,702,462,331,259,659,419,304,241,657,690,699,701,455,326,668,695,701,692,704,460,682,449,680,446,677,433,312,664,421,674,437
1,672,432,310,667,426,306,661,691,699,702,453,324,256,663,424,305,243,658,690,698,702,456,326,671,696,701,704,704,461,682,436,678,442,679,437,314,664,423,673,438
0,280,660,689,442,677,697,447,320,253,213,654,689,698,449,679,698,702,456,327,257,216,652,691,440,317,251,214,190,647,419,671,430,673,428,675,695,445,679,442,676
1,687,445,320,667,432,309,666,693,700,702,457,327,257,661,427,307,244,656,690,698,702,459,328,671,695,702,703,704,462,685,443,679,446,679,440,316,669,430,675,429
0,276,660,691,445,677,696,450,322,255,215,653,689,698,452,679,697,702,459,330,258,217,653,689,445,319,252,214,190,645,407,669,433,675,433,674,695,449,679,444,679
1,687,449,331,667,434,311,665,693,700,702,459,328,260,661,429,308,246,656,691,699,699,461,329,670,695,701,704,704,466,685,446,678,435,677,442,317,667,432,673,431
1,669,424,306,663,432,309,663,692,697,702,460,329,258,660,430,309,246,655,689,698,702,451,324,668,695,701,703,704,456,682,446,681,435,677,444,317,666,433,676,436
0,279,663,692,450,680,697,455,325,256,216,651,689,698,457,682,698,703,464,331,260,217,656,690,450,321,253,214,190,650,414,669,425,673,436,677,695,452,678,433,676
0,374,673,695,454,681,698,457,328,259,215,652,689,698,458,681,698,703,453,325,256,216,656,691,451,322,254,237,192,649,416,656,425,673,438,677,695,453,680,439,676
0,376,672,695,457,681,698,459,328,257,216,656,690,699,460,681,699,702,455,325,257,216,655,690,452,323,255,215,191,648,417,672,430,673,440,677,696,456,681,440,677
0,369,671,695,446,679,698,451,321,254,214,656,688,699,449,680,698,702,455,325,256,219,644,691,441,320,252,213,190,647,419,672,431,673,428,675,695,457,680,442,676
0,369,671,695,447,679,698,449,321,254,215,655,690,699,451,679,698,702,456,327,258,218,654,690,441,318,252,213,186,646,404,671,431,672,429,675,695,445,679,443,679
1,687,447,320,667,432,312,666,694,700,703,458,327,258,662,428,307,245,656,690,698,702,460,329,670,695,701,704,705,465,684,444,679,433,678,441,316,668,430,672,429
0,276,659,691,446,684,697,451,323,255,215,653,689,699,454,678,697,703,459,329,260,216,652,690,445,319,253,214,190,645,407,669,426,675,435,675,695,452,679,445,679
0,374,670,694,451,678,697,453,324,255,216,653,689,699,455,679,698,703,461,330,260,217,652,690,446,320,253,214,190,650,413,670,436,675,437,674,695,450,678,433,677
0,374,673,696,454,682,698,456,324,256,215,653,690,698,458,682,698,703,464,331,259,218,656,691,450,321,254,214,191,649,415,669,424,674,437,674,696,452,678,435,677
1,686,441,316,665,423,305,662,693,699,702,463,331,260,660,419,303,242,660,690,700,701,454,326,669,695,700,704,705,459,682,449,680,441,677,433,313,665,421,674,436
1,673,431,310,663,422,304,660,691,699,703,452,324,256,658,419,304,242,657,690,698,702,455,326,667,695,701,703,704,460,682,437,679,442,676,434,312,664,423,674,437
1,672,432,310,667,427,306,662,691,699,703,454,326,256,662,424,305,243,657,690,699,702,457,327,671,695,701,704,705,461,681,438,678,444,680,439,315,664,424,673,439
0,281,661,692,443,677,696,448,320,253,214,662,689,698,449,679,698,702,457,326,257,217,654,690,442,317,252,213,190,647,419,671,432,672,429,674,695,445,679,442,676
1,687,447,319,668,432,310,665,693,699,703,457,327,257,661,427,307,244,656,690,698,702,460,329,669,695,701,704,704,465,684,444,679,446,679,441,316,668,430,674,429
1,670,436,312,665,430,308,664,693,699,702,459,327,257,661,428,308,244,656,689,699,701,461,329,664,695,702,703,704,466,684,446,678,435,678,441,316,666,432,673,431
1,670,437,313,667,431,309,664,692,699,702,459,328,257,659,430,309,245,655,690,698,702,464,331,669,695,702,703,704,455,682,445,677,435,676,442,317,666,433,676,424
0,279,663,692,450,676,696,453,324,255,215,652,689,698,456,679,697,702,462,330,258,218,656,691,449,321,253,215,191,650,414,669,424,673,436,673,695,451,678,434,677
0,375,672,694,454,681,698,458,327,256,217,653,689,698,457,681,698,699,464,331,259,218,657,692,449,322,254,214,191,648,415,670,425,674,436,678,696,453,678,436,677
0,376,672,695,456,681,698,457,327,257,216,656,690,699,459,682,698,702,454,325,256,223,654,691,451,323,254,215,190,648,416,672,429,674,439,676,696,455,681,440,677
1,688,447,317,669,429,308,662,692,699,702,453,325,255,663,424,306,243,658,690,699,702,457,326,672,696,701,704,705,461,682,438,679,442,679,438,314,664,424,674,439
1,672,433,311,665,427,308,665,692,699,703,453,326,256,662,425,309,245,657,690,698,701,457,328,671,695,700,703,705,462,681,440,678,443,680,440,316,668,429,675,441
0,281,661,691,444,677,697,449,322,254,214,654,689,698,451,679,697,702,458,327,257,216,653,689,443,318,252,214,190,647,405,669,431,674,435,674,695,446,679,442,679
1,688,448,320,667,432,310,665,693,699,702,458,329,258,661,428,308,245,656,690,698,703,461,329,670,695,701,703,704,466,684,444,678,434,677,441,315,667,431,673,430
0,277,658,691,446,676,696,451,325,252,216,653,690,698,451,679,697,701,460,328,258,218,653,690,447,319,253,213,190,650,412,669,435,675,435,674,695,449,678,433,677
1,687,438,315,666,434,312,664,692,700,703,461,329,258,660,431,309,246,654,689,698,702,452,324,668,695,701,703,705,456,682,447,681,439,677,444,317,666,433,677,436
0,279,662,692,450,680,697,455,325,256,216,652,689,698,457,681,698,702,464,331,259,217,656,690,450,321,254,214,190,649,415,669,425,673,437,677,696,453,678,435,677
1,686,440,316,666,423,305,663,691,699,702,464,333,259,659,419,304,243,658,690,698,702,455,326,668,694,701,704,704,458,682,450,680,442,678,433,312,664,421,674,437
1,672,431,310,667,425,306,661,691,699,702,453,324,256,658,419,304,242,657,689,698,701,456,326,667,695,701,703,704,460,683,437,678,442,676,434,313,664,422,674,438
0,280,660,691,441,678,696,448,320,254,213,654,690,697,449,679,698,702,456,326,257,217,654,690,439,317,251,213,190,647,418,672,431,673,428,674,695,444,679,441,676
DONE