0.5563,596,589,595,626,614,604,615,627,636,635,613,598,601,630,616,606,594,622,634,635,632,605,603,630,635,632,625,632,616,633,612,619,607,632,618,606,617,606,631,617,606,596,621,634,636,613,620,608,632,635
0.1383,463,646,676,551,662,679,557,498,470,457,636,675,684,557,664,679,690,558,502,475,451,642,675,550,497,465,444,438,638,531,649,537,662,541,659,677,556,669,547,661,679,690,558,501,475,642,534,662,543,493
0.8099,624,531,503,640,548,504,649,670,677,678,571,523,505,644,551,506,491,643,666,674,680,568,525,649,670,679,684,685,580,659,561,664,561,657,561,512,652,553,654,558,510,494,643,666,675,568,664,561,657,673
0.5316,611,615,613,622,607,610,629,627,623,621,614,618,614,620,608,610,616,624,622,620,627,620,616,620,619,626,633,629,613,618,612,630,618,620,607,610,629,617,619,607,610,615,624,622,620,613,631,618,619,619
0.9442,665,514,433,651,497,421,649,683,695,699,538,452,402,648,493,419,380,640,681,693,698,541,454,657,688,697,701,702,548,681,525,672,527,668,511,432,654,512,663,506,427,384,642,680,691,532,672,526,667,692
0.8461,662,556,493,655,540,496,646,671,685,688,567,516,474,651,537,494,477,635,673,682,685,571,502,657,679,685,684,686,561,669,556,660,548,666,547,501,647,538,663,545,499,480,636,673,682,562,661,548,661,680
0.1655,504,642,676,555,661,677,562,508,485,475,638,666,681,560,662,678,680,568,515,492,482,635,672,553,508,489,464,457,639,536,650,543,656,542,656,674,560,662,548,659,676,680,567,514,491,644,541,656,543,502
0.8032,620,538,506,643,556,510,641,668,676,678,573,523,504,645,558,512,492,644,667,674,675,572,527,651,669,675,681,684,577,660,564,657,556,657,566,519,645,547,653,563,516,494,647,667,675,571,657,556,657,672
0.0885,453,656,684,542,666,689,538,466,429,411,640,678,689,546,667,693,695,547,474,437,400,646,679,538,470,418,398,386,634,510,656,511,661,525,659,686,534,668,532,663,688,695,546,473,435,646,506,660,525,460
0.0431,337,640,681,523,667,691,525,432,377,339,643,683,694,535,672,694,701,537,443,379,345,644,683,526,427,372,340,320,631,485,662,500,664,512,665,690,523,671,519,668,692,699,536,441,379,652,495,664,512,417
0.5562,579,590,590,609,599,603,624,625,622,630,613,610,602,615,604,606,607,620,621,629,638,616,604,617,627,636,635,630,604,626,613,629,609,618,605,607,627,608,616,605,607,608,621,621,629,613,629,609,618,628
0.5213,598,603,599,614,615,617,618,612,619,626,621,613,602,616,617,618,612,610,618,625,627,616,604,616,625,627,622,615,612,624,621,620,606,617,617,618,619,605,617,616,618,612,611,618,625,623,620,607,617,625
0.5077,588,596,605,617,620,615,610,614,620,625,617,609,611,620,626,616,608,614,620,625,620,610,611,620,625,620,613,615,618,624,617,612,612,620,622,617,612,611,620,623,617,609,613,620,625,618,612,612,620,625
0.0962,441,646,679,536,664,684,546,472,434,414,637,677,688,543,667,686,694,545,475,438,417,640,677,535,468,433,401,391,636,510,652,522,663,525,660,682,544,671,532,664,684,693,545,474,438,643,519,663,526,462
0.8033,617,529,502,638,551,505,647,667,674,675,570,527,506,642,554,507,494,641,665,672,676,567,526,648,668,675,682,684,579,657,560,662,561,655,564,514,651,551,652,561,512,496,642,666,672,567,663,561,655,670
0.9633,676,512,420,653,502,412,654,686,696,701,529,433,376,647,498,409,358,642,681,695,700,532,435,657,689,698,702,704,543,677,509,672,514,668,515,422,658,500,664,510,417,364,644,682,695,523,673,514,668,693
0.7616,653,571,541,636,555,531,642,660,665,674,578,547,533,633,553,530,522,634,655,670,674,583,548,639,666,673,674,672,577,660,571,653,576,645,561,534,643,569,641,557,532,524,635,655,669,575,654,576,644,668
0.9841,672,506,404,650,481,386,649,686,697,702,527,420,353,643,476,382,326,636,682,695,701,530,422,657,693,700,704,706,539,682,512,673,513,669,497,398,654,496,663,491,393,334,638,683,696,521,673,511,669,694
0.3727,576,619,637,597,639,642,596,581,580,583,628,635,641,598,639,643,641,597,586,586,582,622,637,595,589,583,571,569,631,596,631,589,629,594,637,642,595,631,594,637,642,640,597,586,586,629,589,629,592,587
0.1399,450,637,671,546,658,676,553,495,467,454,634,670,683,554,661,678,687,554,498,472,454,637,673,546,493,465,440,433,636,526,648,534,663,539,656,676,552,667,544,659,678,686,554,497,471,641,530,660,539,489
0.1074,391,639,673,539,660,682,539,475,442,427,635,675,685,549,663,685,692,550,484,451,417,644,676,541,480,433,415,407,634,518,651,515,659,530,657,681,537,666,536,660,682,701,549,482,450,642,511,658,530,472
0.5365,569,592,601,612,597,602,624,626,622,617,608,612,612,618,602,605,610,623,622,617,623,615,614,619,616,623,631,629,612,615,608,627,617,619,603,604,626,616,619,603,604,609,623,622,617,608,627,616,620,617
0.0829,428,647,679,535,665,686,540,466,415,394,642,677,688,542,667,688,693,542,465,421,418,642,677,533,458,417,396,384,627,504,658,517,659,520,660,684,537,665,527,663,686,692,549,463,420,649,512,659,521,449
0.9133,638,510,441,643,503,442,643,675,689,694,546,472,426,643,505,444,414,636,677,688,692,549,471,654,683,691,694,695,554,675,535,666,534,665,522,455,649,520,660,516,451,419,638,678,686,541,666,534,649,687
0.8194,654,555,506,649,549,512,640,673,678,681,574,520,490,646,546,510,485,637,666,676,679,570,514,653,672,678,679,683,564,662,563,654,554,660,555,516,641,545,657,551,514,489,637,668,676,570,654,553,660,675
0.1594,494,643,674,554,658,675,559,506,480,468,634,668,675,549,660,676,683,559,507,485,469,635,670,546,504,480,455,449,636,533,646,539,658,543,654,673,555,664,549,657,674,681,557,506,484,640,536,658,543,499
0.5659,570,580,591,620,598,588,621,634,632,629,601,598,604,625,602,590,594,628,631,629,626,605,604,627,628,626,632,639,615,626,599,626,609,629,605,592,625,608,627,604,592,594,629,632,629,601,626,609,628,629
0.6930,631,574,565,631,570,554,639,652,654,654,584,565,560,632,572,555,552,633,646,650,659,590,571,635,646,658,663,662,596,639,578,647,589,640,576,557,641,584,638,575,556,553,634,647,649,582,648,588,639,647
0.8660,658,538,488,642,532,479,647,673,680,688,555,496,470,639,530,477,455,637,668,683,688,557,500,646,678,686,688,688,561,666,541,662,546,656,542,486,649,538,652,538,483,458,639,668,684,549,663,548,657,682
0.3895,578,623,630,595,636,643,605,584,578,581,629,636,634,596,637,643,642,598,584,585,586,626,632,595,588,589,585,575,621,594,632,599,624,592,634,642,604,627,593,635,643,641,598,584,584,631,600,624,592,586
0.3234,535,616,639,581,641,649,588,562,558,559,630,643,649,587,644,651,651,588,571,564,565,626,643,583,570,567,552,545,634,580,634,580,633,579,641,648,588,636,581,643,651,650,589,569,564,642,578,633,579,567
0.2958,510,617,649,580,641,650,579,557,551,552,628,646,660,586,645,653,656,583,563,558,545,627,665,583,565,548,535,536,634,578,634,571,643,578,641,651,580,649,580,643,653,655,583,563,558,631,568,645,579,563
0.8450,633,522,481,642,543,481,648,672,679,681,560,504,477,644,545,483,461,641,670,677,680,555,502,649,673,678,686,688,566,661,549,664,546,659,554,491,652,537,655,550,487,465,641,669,678,556,666,547,659,675
0.3014,544,639,653,589,636,655,584,567,555,536,630,653,658,590,637,655,658,593,567,543,541,637,652,587,550,545,544,547,627,564,636,574,641,581,632,653,583,644,585,634,654,663,593,567,543,632,573,641,582,548
0.3747,541,618,632,587,628,645,602,586,570,569,632,641,641,593,631,644,646,602,578,570,575,630,638,590,578,577,581,578,619,585,636,598,631,588,628,645,603,633,589,629,646,647,603,579,572,634,597,629,588,576
0.9856,660,489,390,647,473,378,647,684,696,701,524,414,345,641,471,375,318,635,680,694,700,527,415,655,689,699,704,705,537,681,509,672,507,668,493,391,652,489,662,486,387,325,638,683,695,516,672,508,667,693
0.7153,640,575,546,643,575,558,631,650,663,665,593,557,538,641,573,557,540,628,655,660,661,586,551,646,658,661,660,661,583,650,587,641,573,650,578,561,633,568,649,577,559,541,629,656,661,589,641,572,650,660
0.3463,552,619,642,591,637,643,588,572,570,574,625,637,648,595,638,643,644,591,579,578,565,621,643,591,583,568,556,558,631,592,630,580,637,588,635,643,580,639,591,637,644,644,591,578,579,627,579,636,588,581
0.8847,641,512,460,644,528,458,649,676,684,687,551,483,449,644,528,458,432,641,672,681,685,545,480,652,677,684,694,692,557,665,538,668,535,661,541,469,654,523,657,536,466,436,643,674,683,548,669,535,661,681
0.5444,603,604,609,617,599,599,623,628,625,618,606,607,610,620,600,599,604,623,623,618,622,611,612,619,616,623,632,630,611,615,604,624,615,621,601,600,623,614,620,601,599,604,623,623,617,605,625,615,620,618
0.6723,629,581,569,625,576,563,634,645,646,651,590,574,567,625,577,564,562,626,640,649,658,596,576,629,646,657,657,655,590,639,584,642,591,634,582,567,635,588,631,580,565,563,629,641,648,588,643,592,633,647
0.3427,554,625,637,584,641,650,599,572,560,560,631,643,643,588,643,650,651,593,570,566,567,629,635,585,571,570,569,553,621,578,635,592,630,581,640,649,599,632,583,641,650,651,592,570,565,631,592,631,581,569
0.2641,509,621,648,567,646,659,579,541,531,529,632,651,658,574,650,660,662,578,547,538,536,628,643,569,546,539,528,515,636,562,640,570,637,563,645,658,579,642,566,648,659,662,577,546,537,636,571,636,563,543
0.2110,475,622,660,558,650,664,563,523,506,506,631,657,673,566,653,666,669,566,528,513,504,629,664,560,526,512,487,485,635,548,643,548,653,554,650,664,563,658,559,652,667,670,565,528,512,636,547,654,556,523
0.9530,644,484,404,646,497,407,651,682,692,696,536,440,384,646,498,409,362,642,679,691,694,538,441,657,686,694,699,701,538,673,520,667,507,666,514,421,646,491,661,509,417,367,643,680,692,531,668,507,666,689
0.5916,613,596,597,623,592,586,628,635,634,630,599,594,597,623,592,585,589,627,631,628,633,598,600,625,627,633,640,641,607,622,597,633,610,627,595,586,629,605,626,594,587,588,627,632,627,598,633,607,627,628
0.2886,530,633,650,577,640,659,584,565,539,532,636,653,657,580,641,660,663,594,555,539,537,635,651,578,548,541,540,544,624,563,644,575,639,572,637,658,583,643,575,639,659,662,594,556,539,639,573,639,573,545
0.4571,567,604,611,597,619,628,611,600,596,600,624,624,620,602,621,631,627,606,599,603,607,620,619,602,603,608,605,598,612,604,626,611,628,601,620,630,613,617,600,621,630,627,606,598,601,626,610,616,600,602
0.3808,557,612,626,590,634,639,597,577,577,580,626,633,634,595,638,641,639,594,583,582,586,622,630,592,586,587,576,567,624,592,630,592,622,589,635,640,597,627,591,636,641,639,593,583,583,628,592,622,590,585
0.8682,641,524,471,646,528,480,638,673,681,685,561,484,455,645,529,480,440,642,671,680,683,553,490,653,676,684,684,690,555,665,550,656,531,661,539,487,642,520,655,536,484,444,643,672,681,558,657,532,660,679
0.6971,625,573,558,636,581,547,631,653,656,656,582,559,552,634,580,548,542,635,650,647,652,585,563,639,650,651,659,663,594,643,577,639,578,642,585,551,633,573,640,583,550,543,639,650,653,582,641,578,642,651
0.3235,536,633,648,592,632,648,586,572,564,549,625,649,653,595,634,648,658,595,575,555,549,634,648,592,561,551,552,555,626,573,631,577,638,587,631,645,584,642,590,633,647,657,594,575,556,627,575,638,588,559
0.1298,436,638,669,548,658,678,548,492,460,434,639,670,679,559,661,680,685,558,496,455,439,639,670,550,480,452,437,432,626,517,653,530,653,539,655,677,547,659,543,657,678,684,558,496,452,646,527,650,540,474
0.5613,583,586,584,608,595,599,620,621,622,628,609,603,593,613,599,602,600,616,619,627,635,611,597,615,627,635,631,627,602,625,609,625,603,617,601,602,623,601,616,600,602,599,617,620,629,609,626,602,616,627
0.0384,400,646,683,511,668,693,528,427,368,334,636,678,692,518,671,691,696,535,435,375,340,637,680,508,416,365,331,322,632,473,658,500,659,490,662,687,525,667,500,666,689,695,533,433,373,645,494,659,493,404
0.1517,411,617,662,539,653,672,550,494,469,457,633,663,679,552,659,675,678,561,503,477,466,631,669,544,495,474,445,439,635,526,645,533,653,535,653,672,549,659,538,656,674,677,559,502,476,640,529,653,534,488
0.1355,408,629,666,540,654,673,552,489,461,448,630,670,680,551,659,675,686,552,495,467,441,636,670,543,490,453,434,428,632,524,645,531,657,535,654,673,550,664,531,656,675,685,551,494,466,637,528,657,535,485
0.1434,410,633,666,548,652,677,546,493,469,448,632,669,679,556,656,678,692,557,502,468,445,641,670,551,491,452,444,438,630,525,648,525,653,540,651,675,545,659,546,653,677,684,556,501,469,640,523,653,539,486
0.3691,521,613,629,587,624,641,597,586,571,565,628,641,651,594,628,643,649,604,580,569,571,630,639,592,573,572,576,577,619,581,632,593,631,589,626,642,597,633,591,626,642,647,604,581,569,629,592,631,590,571
0.0244,366,645,706,517,672,692,521,419,354,314,638,680,691,526,674,694,699,533,425,359,318,638,680,516,414,353,313,289,624,459,655,490,658,500,666,691,519,668,518,670,692,698,531,423,359,648,487,660,502,404
0.2889,483,610,636,566,643,654,583,545,538,539,631,647,651,576,648,657,657,579,554,546,543,629,645,573,553,548,541,525,631,566,638,574,632,569,652,655,585,636,570,645,656,657,579,553,546,635,575,633,567,549
0.7284,614,549,532,636,571,546,625,653,662,663,588,547,533,639,568,549,525,630,654,660,661,577,547,643,658,650,658,665,582,649,583,640,571,649,576,553,630,565,647,575,552,527,630,656,660,586,640,571,648,659
0.7295,629,564,541,638,575,538,633,657,661,663,579,545,535,636,574,537,525,637,654,659,659,578,549,641,656,657,664,669,586,647,573,643,568,646,580,541,634,562,643,577,539,526,637,655,659,577,643,568,647,657
0.8630,653,526,480,644,535,473,648,672,680,682,556,494,464,641,532,472,448,638,669,677,684,550,493,648,672,683,687,688,562,661,544,664,540,657,544,479,651,530,653,541,476,451,640,669,679,551,665,540,657,676
0.9997,677,497,386,651,487,377,650,686,697,701,516,400,325,643,480,372,303,637,682,695,700,516,399,656,689,699,703,705,528,675,494,670,496,668,500,387,654,481,662,494,383,311,639,682,695,506,673,497,667,693
0.5357,614,609,603,610,604,608,620,618,615,621,613,610,604,609,604,608,607,614,613,619,627,617,605,610,619,627,626,621,602,616,612,621,607,611,597,608,620,606,609,604,607,608,616,612,620,612,622,607,611,619
0.1931,488,633,659,551,654,669,571,511,493,484,634,660,666,557,657,670,674,563,518,498,491,632,658,558,516,498,495,470,632,534,644,556,641,549,653,668,572,647,554,655,670,673,563,518,499,640,552,642,550,511
0.9202,641,507,434,648,507,440,640,677,690,691,545,462,414,647,508,442,400,636,673,684,690,545,460,655,682,689,691,696,542,670,532,661,527,666,524,452,645,513,661,519,448,406,638,675,687,540,663,527,666,685
0.8323,651,546,500,646,545,495,641,669,676,679,564,505,481,641,543,494,466,640,666,673,676,561,508,649,670,675,690,684,565,660,554,655,542,655,552,500,642,532,651,548,498,469,641,666,674,561,656,542,655,672
0.5493,598,596,603,619,600,592,619,628,627,622,602,600,605,620,601,593,597,623,624,621,620,606,606,621,620,619,626,632,611,617,599,621,610,622,603,593,620,609,621,602,593,597,622,625,621,600,621,610,623,621
0.8191,649,543,507,637,539,499,642,665,672,675,559,514,496,634,539,497,483,635,661,670,678,562,518,642,665,677,679,679,574,655,547,653,555,649,548,505,645,548,647,544,501,485,636,662,669,555,657,556,650,668
0.0632,434,649,671,530,669,688,533,452,395,368,639,676,687,534,671,689,694,542,450,401,373,637,676,525,440,394,369,354,625,476,652,504,655,510,664,685,530,663,519,667,687,692,542,449,400,646,502,656,512,434
0.3732,522,602,619,584,633,639,596,572,570,572,626,635,633,592,638,642,641,591,578,575,581,623,630,590,581,583,574,563,620,587,629,593,622,587,636,642,597,625,589,636,642,641,591,578,577,628,592,623,587,580
0.9577,654,505,412,648,492,409,643,680,691,696,533,440,375,647,489,407,362,642,676,689,694,537,435,657,686,692,696,700,531,673,518,665,515,669,508,420,648,501,664,504,417,367,636,678,690,528,667,515,668,689
0.0782,458,650,680,530,663,683,538,457,412,389,633,676,686,534,665,684,693,536,458,415,395,636,674,524,448,410,376,362,631,495,648,511,661,513,657,681,535,671,521,661,682,691,535,456,414,639,507,660,515,442
0.6945,588,548,543,626,569,543,634,650,653,652,581,558,553,632,574,547,543,632,648,650,652,582,562,636,647,651,660,661,596,640,576,645,581,640,579,550,641,573,638,578,549,544,633,648,651,580,645,581,639,649
0.3593,554,629,639,591,625,642,594,585,570,559,626,643,644,594,627,642,650,603,578,562,564,630,641,592,567,565,568,574,620,576,631,587,632,588,625,641,593,635,590,625,642,650,603,578,562,629,587,632,589,566
0.1618,453,633,663,546,659,675,558,510,468,458,637,666,674,554,662,676,679,569,501,476,473,636,664,547,497,474,465,462,624,527,649,540,649,537,652,672,555,654,542,655,673,679,567,500,476,643,537,648,537,491
0.6896,604,565,540,624,569,558,627,640,650,658,591,568,547,629,572,560,554,622,644,655,657,593,558,631,652,656,654,651,587,648,580,638,576,635,577,563,631,571,634,575,563,555,622,645,655,590,638,576,635,654
0.5536,601,590,590,620,609,600,612,619,627,631,609,595,593,621,610,601,592,613,625,630,627,602,595,622,630,628,622,622,609,627,608,616,600,623,611,602,609,598,622,610,602,592,606,625,631,608,616,599,622,628
0.7826,632,556,516,641,556,519,634,662,669,670,574,524,509,639,557,519,495,638,660,670,660,569,529,646,663,668,665,677,574,654,565,647,554,650,564,524,636,547,647,562,522,498,639,661,667,572,647,554,650,665
0.6371,613,579,575,627,585,566,629,643,644,642,592,577,575,629,573,566,566,630,639,640,639,591,580,630,637,638,646,650,604,631,585,636,591,633,589,568,630,589,632,589,567,566,631,639,640,587,635,592,633,639
0.6036,612,590,590,619,585,581,628,634,633,630,595,590,591,622,586,581,583,624,629,626,636,601,596,619,626,635,643,640,602,621,592,634,604,626,588,583,630,602,625,587,582,584,625,631,628,595,634,604,625,627
0.3571,549,622,634,582,629,646,599,579,560,561,631,640,641,585,631,646,647,598,568,565,567,628,637,585,571,569,573,568,615,579,636,592,629,581,628,646,598,631,582,629,646,647,598,570,566,632,590,630,581,569
0.4847,577,603,602,601,614,620,611,603,603,608,618,615,610,606,616,621,617,605,604,609,614,614,608,605,610,615,608,601,609,610,620,611,608,604,616,620,612,608,605,616,621,618,604,603,609,620,611,609,604,609
0.9933,662,492,383,652,477,374,644,683,697,700,521,405,333,646,474,372,306,632,679,692,699,524,408,659,689,700,702,703,520,676,503,668,503,671,496,387,648,488,666,488,383,315,635,680,693,514,669,504,670,693
0.2896,542,629,655,580,642,651,577,552,546,546,625,645,660,582,642,651,655,579,557,551,537,623,653,577,559,542,528,528,630,573,632,565,643,573,639,650,575,647,576,641,650,654,578,557,550,629,564,643,573,557
0.4208,536,604,626,602,618,622,597,594,596,587,611,625,636,607,620,622,630,598,600,589,580,622,633,607,592,582,585,590,621,596,616,595,629,605,620,622,598,630,609,623,623,630,605,601,590,612,593,630,606,592
0.0799,414,642,675,533,659,682,531,456,415,383,639,674,685,540,661,685,691,542,465,410,387,639,675,532,447,407,385,371,628,495,650,503,655,518,653,681,528,664,525,657,684,690,540,464,410,640,499,656,520,442
0.3919,520,606,622,584,621,637,602,586,571,572,627,635,635,591,626,640,641,602,579,575,577,625,632,590,579,580,584,579,614,586,631,598,625,587,624,639,603,628,588,624,639,641,602,580,576,629,598,626,588,577
0.3274,530,618,634,578,641,649,592,561,547,554,629,642,644,584,644,650,651,587,563,558,559,627,639,581,565,561,560,548,621,572,635,586,619,576,641,649,593,632,577,642,650,650,588,563,557,632,586,629,577,562
0.0750,401,636,675,519,662,683,539,451,407,386,634,672,686,529,665,685,690,543,459,414,390,633,675,519,445,404,386,359,633,492,650,516,655,504,658,681,539,663,513,661,683,688,540,458,412,644,511,656,506,437
0.9093,628,503,439,643,510,449,639,674,684,687,549,464,424,644,512,451,406,641,674,683,688,545,468,653,678,686,690,693,545,667,537,661,518,661,526,460,645,505,656,521,456,409,643,674,684,545,662,518,661,681
0.6254,613,582,579,627,590,569,626,642,642,640,590,579,577,627,590,570,569,629,637,637,636,592,585,629,636,634,642,649,606,631,586,631,593,632,593,570,627,585,631,591,570,570,630,638,637,588,632,593,632,637
0.7803,638,548,522,635,546,515,641,659,665,665,570,531,517,634,546,515,504,634,658,660,671,570,534,639,656,670,672,674,583,647,562,653,564,648,556,520,643,557,643,553,518,505,635,656,662,568,654,564,647,660
0.8677,660,536,483,640,528,473,644,671,677,686,549,489,462,636,523,472,446,634,665,679,683,552,493,644,676,682,684,684,558,664,535,658,541,653,536,479,646,533,650,532,476,449,636,666,680,554,660,542,652,677
0.2115,526,638,659,560,655,668,572,524,499,492,635,661,665,573,657,669,671,572,523,505,498,632,656,558,520,504,501,487,626,536,643,556,641,551,652,667,570,646,553,653,667,671,571,521,503,638,554,641,552,514
0.2057,462,620,654,550,649,664,567,515,499,493,632,656,665,559,653,666,669,566,523,505,499,629,657,553,518,504,492,477,634,540,641,553,642,545,648,664,567,647,550,651,665,669,566,522,505,636,552,642,545,513
0.7999,618,531,500,638,548,514,631,663,670,672,572,516,498,640,549,515,485,638,662,669,670,564,520,645,665,669,671,678,569,655,565,647,548,653,558,521,635,539,648,555,519,488,640,662,669,571,647,549,652,667
0.7035,623,565,550,633,575,542,634,652,655,655,579,554,547,632,575,541,537,633,647,652,650,578,558,635,648,650,659,663,591,641,572,643,576,641,580,545,631,569,638,578,543,538,633,649,652,576,638,575,640,650
0.3841,552,625,636,596,622,635,596,595,580,568,619,639,641,599,623,635,645,604,586,570,570,629,638,597,574,571,574,580,620,582,623,589,630,594,621,634,595,632,596,622,634,644,603,587,571,620,589,630,594,574
0.2915,513,624,644,572,636,655,582,562,539,531,634,650,654,579,636,657,659,591,553,538,537,634,647,575,547,543,540,542,620,562,641,576,636,570,634,655,582,639,574,638,657,659,592,553,539,637,572,636,571,545
0.0722,390,637,673,526,665,684,534,456,400,377,636,673,684,536,669,686,691,546,454,398,383,636,673,527,445,402,379,366,627,480,651,508,653,514,661,683,532,662,521,666,684,690,544,454,407,645,506,654,514,437
0.4211,535,593,610,591,625,628,597,584,586,591,619,623,623,598,629,631,628,596,591,594,595,616,621,596,595,595,586,579,618,599,626,597,615,594,628,631,600,617,596,629,631,628,595,591,593,622,597,615,594,594
0.7014,612,557,543,633,576,552,623,648,656,656,588,551,545,636,578,554,535,631,650,655,654,579,555,640,651,653,651,660,586,644,583,633,571,652,582,558,625,566,640,580,556,535,631,651,654,586,634,571,643,653
0.8986,652,526,458,646,521,446,642,674,681,686,545,471,432,642,518,446,415,640,671,681,684,548,474,651,677,682,694,692,549,664,532,660,522,659,530,456,644,510,654,526,453,418,640,672,682,542,662,523,659,679
0.7266,635,565,546,633,562,536,638,654,656,656,578,549,541,631,562,535,529,632,650,653,660,578,553,635,649,659,665,665,590,641,571,648,575,641,576,540,641,569,638,566,538,532,633,650,654,575,649,575,642,651
0.7186,638,571,554,628,564,543,635,650,653,657,578,555,544,627,562,541,537,629,644,654,663,583,561,631,649,662,662,662,583,642,571,644,581,637,568,546,637,577,634,566,544,538,629,645,654,575,644,583,636,652
0.9114,658,522,455,645,502,439,642,673,686,690,540,467,428,640,500,437,407,632,672,685,688,543,469,649,678,687,690,691,547,671,529,661,531,660,515,448,645,518,654,512,443,411,634,673,684,534,662,530,659,682
0.1418,485,641,669,540,658,675,559,487,460,447,634,663,674,545,660,676,679,555,494,465,453,631,664,537,484,461,452,428,633,517,646,538,646,525,653,672,555,653,531,655,674,678,553,493,465,640,537,647,526,478
0.6994,598,547,537,630,573,552,619,646,656,656,588,550,542,638,576,554,533,629,650,653,653,579,555,639,651,653,650,659,586,644,584,632,570,642,581,559,625,566,640,579,555,535,627,649,654,586,633,574,644,653
0.4408,565,607,624,609,619,617,599,599,603,595,610,619,628,611,620,618,622,605,606,596,587,614,626,610,598,588,589,594,621,601,612,597,622,609,619,618,599,623,611,620,618,623,605,606,597,611,597,622,610,598
0.0353,384,646,680,517,663,688,517,422,367,334,630,675,688,524,665,689,695,527,430,374,332,638,678,515,421,360,327,305,626,479,650,485,657,499,658,685,513,666,508,661,687,694,525,429,373,640,477,658,499,411
0.2112,435,619,651,556,643,665,563,527,502,486,636,660,667,567,648,668,672,574,527,499,492,635,659,565,514,499,494,493,625,539,647,550,644,555,643,666,563,649,558,645,667,671,573,526,499,641,548,644,555,510
0.2476,480,620,646,561,649,661,577,540,516,512,633,656,658,569,652,663,665,579,535,522,518,631,651,564,534,523,521,514,622,546,641,565,638,557,648,661,577,642,561,650,662,665,580,534,521,637,565,638,558,530
0.5531,582,583,580,612,601,600,613,614,622,630,610,598,588,616,607,602,594,609,621,629,628,604,590,617,629,628,624,619,602,626,610,618,595,618,605,604,616,594,618,605,604,596,609,621,630,611,618,595,618,629
0.6171,605,573,571,628,595,580,615,632,643,642,599,574,573,629,597,581,566,619,638,640,638,589,579,632,638,637,633,642,598,634,595,621,589,635,599,583,616,587,634,598,582,568,619,639,640,598,622,589,635,639
0.9176,652,519,447,647,514,441,642,675,685,689,545,461,418,643,511,440,399,640,673,683,687,544,464,652,679,686,692,693,544,667,532,660,516,661,524,451,645,503,656,519,449,403,641,673,684,541,663,517,660,681
0.0301,422,655,685,518,665,690,514,418,358,322,630,676,690,521,666,689,696,525,424,364,320,638,679,512,414,352,315,292,625,475,651,481,658,496,658,685,510,666,504,662,688,695,523,423,362,639,474,658,496,404
0.3975,515,604,621,586,616,631,599,590,578,571,622,635,634,595,620,635,640,604,584,575,578,626,632,594,579,579,583,584,615,584,626,596,626,592,619,633,600,628,593,620,635,641,604,585,575,623,596,626,592,577
0.0971,417,638,671,532,663,682,540,471,421,401,637,671,681,540,667,683,688,550,467,427,405,636,670,531,458,422,404,395,625,490,650,515,652,518,659,680,538,659,526,663,682,687,549,465,426,643,513,652,520,452
0.3284,505,606,628,572,636,645,587,556,551,553,627,640,641,580,641,649,649,582,564,559,561,624,636,578,564,563,554,541,626,574,633,581,625,573,638,647,589,628,575,639,648,648,582,563,558,630,581,625,577,563
0.9248,645,508,433,646,505,436,638,676,686,690,542,456,408,645,504,436,393,634,672,684,688,541,456,654,681,688,690,695,539,668,529,660,523,664,520,447,645,511,660,515,443,399,636,674,684,537,661,524,665,684
0.3889,563,616,635,600,627,629,593,584,586,581,615,628,639,602,628,630,634,596,590,584,572,617,635,599,587,573,571,574,624,593,619,586,630,597,626,629,591,632,598,626,629,634,596,590,584,617,586,630,597,586
0.1406,437,637,668,546,652,674,543,488,462,446,631,666,677,552,655,676,682,553,496,466,439,638,668,546,489,451,438,432,630,523,645,521,651,535,649,673,541,657,541,651,674,682,552,496,467,637,518,651,536,484
0.8386,631,523,486,633,528,484,640,665,672,676,552,502,480,634,531,486,467,634,661,671,679,557,507,642,667,678,680,681,568,656,541,656,548,650,542,495,645,540,647,538,491,470,635,663,672,549,657,549,650,669
0.0783,441,647,677,532,667,685,535,457,404,380,636,673,683,535,668,686,691,544,455,410,385,635,672,526,447,404,383,370,624,481,650,507,652,512,659,681,531,661,520,665,684,689,543,453,409,645,505,654,514,439
0.8723,626,518,454,637,513,463,636,664,679,683,551,491,446,638,515,466,445,628,668,679,682,555,480,647,674,680,683,683,556,666,541,657,533,656,528,475,642,522,652,524,472,449,634,669,679,547,657,534,656,676
0.8396,652,541,490,646,535,494,635,670,677,679,564,501,470,642,533,493,461,635,665,673,677,558,499,649,670,677,678,684,557,660,553,651,544,657,544,499,638,534,654,541,497,465,636,665,674,559,651,543,657,674
0.4131,566,612,628,602,624,625,595,590,592,589,613,622,633,605,624,626,627,599,596,591,580,614,628,603,593,581,578,583,623,598,616,590,624,601,623,625,594,627,602,624,625,628,599,595,592,615,589,625,601,594
0.4905,563,596,612,609,605,605,607,614,611,604,604,612,620,614,608,606,612,616,612,605,602,611,620,613,605,602,608,614,614,606,608,608,619,613,608,606,609,618,613,609,606,612,615,612,605,605,610,618,613,606
0.0624,407,645,678,526,662,685,523,440,394,359,638,675,686,535,666,686,693,535,449,391,363,637,675,524,433,386,359,344,625,486,657,500,656,512,656,682,522,663,518,659,684,688,534,449,391,646,495,656,512,424
0.1315,394,626,662,535,659,676,547,490,446,431,635,667,676,545,656,679,682,558,484,453,438,635,666,538,478,450,436,432,621,503,647,527,649,527,657,675,546,656,533,660,677,682,558,484,452,642,525,649,528,472
0.1432,415,624,659,541,657,675,556,487,457,443,634,665,673,551,661,676,680,555,492,464,451,634,663,544,488,462,452,431,629,512,646,535,645,533,655,673,553,653,539,658,675,679,554,492,463,641,533,646,534,481
0.5468,568,575,583,613,606,598,607,615,623,627,607,594,592,618,610,601,592,611,622,627,623,600,595,619,626,623,618,619,606,625,605,613,599,620,608,602,610,597,620,610,602,592,610,622,628,608,613,599,620,627
0.1687,474,633,665,549,650,667,555,504,481,471,621,656,674,555,653,669,676,556,508,487,471,631,664,548,505,479,459,454,630,533,640,536,652,541,649,666,553,659,546,651,668,676,555,507,486,634,534,653,542,501
0.9326,638,488,419,642,504,421,647,677,686,690,539,452,404,642,506,425,384,637,673,684,691,530,447,650,680,690,693,695,541,667,524,668,516,662,522,436,652,503,657,517,431,390,640,674,685,534,670,517,661,683
0.2777,537,638,652,579,636,657,577,555,540,522,631,653,657,582,637,657,662,586,554,529,526,633,650,577,537,531,528,531,623,555,640,566,639,572,632,655,575,643,575,634,656,661,584,553,529,634,564,639,572,537
0.3141,511,617,636,570,633,650,587,563,542,539,632,646,647,577,636,651,654,591,555,548,549,629,641,574,556,551,552,548,617,567,637,581,632,569,633,651,588,635,571,634,651,653,590,555,548,634,579,632,572,553
0.6369,603,576,559,618,580,576,640,630,638,648,599,580,563,621,582,576,571,616,633,646,645,597,571,623,644,644,643,639,592,640,595,631,584,627,586,579,625,582,626,585,578,572,617,633,646,597,631,584,627,644
0.0204,393,645,682,504,666,689,521,413,348,307,633,677,691,512,669,690,695,529,421,355,312,630,678,500,401,340,302,273,628,463,652,490,657,483,660,685,517,665,492,664,688,695,528,420,353,642,485,657,484,389
0.5694,555,565,577,617,600,586,610,623,631,629,599,587,589,624,602,589,583,619,630,629,625,596,594,626,627,625,624,630,607,624,598,615,597,627,604,591,613,596,626,604,590,584,618,630,629,600,616,597,627,629
0.3751,540,617,636,597,625,631,589,581,581,570,614,634,643,602,627,632,641,597,588,564,564,624,639,600,578,565,567,571,622,585,619,583,632,596,625,630,588,635,598,625,631,640,597,588,574,617,582,632,596,577
0.9024,651,510,441,641,511,444,644,674,682,685,536,465,428,638,509,445,413,636,670,680,687,541,468,647,675,686,689,690,552,661,521,662,526,655,523,455,649,516,653,521,452,417,637,671,680,532,663,527,657,677
0.3894,568,623,630,588,624,640,602,586,571,572,628,635,634,590,625,641,640,600,577,574,577,625,631,588,578,579,583,578,613,584,630,598,624,585,622,638,602,627,586,623,639,640,601,578,574,627,597,624,585,577
0.1709,460,622,659,548,656,671,561,503,475,464,634,661,668,556,658,672,676,562,505,481,471,632,660,549,501,480,472,456,627,521,644,543,643,540,653,670,559,650,545,656,672,675,562,504,480,639,541,643,540,496
0.8239,623,530,483,640,535,497,629,662,674,676,565,511,478,642,537,501,477,630,663,672,674,564,504,649,669,674,675,679,559,659,555,650,546,656,547,506,639,537,653,543,504,480,632,664,672,561,650,545,656,672
0.0177,408,649,684,508,667,690,519,412,344,301,630,677,691,513,668,690,697,517,410,345,302,630,678,501,398,335,288,265,625,463,650,507,663,489,662,686,517,671,498,665,688,696,516,409,344,640,483,662,490,390
0.6700,574,547,548,622,574,550,627,645,647,646,582,564,560,628,577,553,551,630,642,644,643,584,568,631,641,642,651,655,597,635,577,637,583,636,584,556,631,579,634,582,555,552,631,642,644,580,638,582,635,643
0.8647,656,530,478,640,523,470,645,669,677,679,554,492,462,638,522,469,448,635,665,673,682,549,491,644,668,681,684,685,561,657,542,663,539,654,533,477,647,529,650,530,475,449,636,666,673,550,662,539,654,671
0.7736,649,560,534,632,551,520,628,657,661,668,568,534,523,628,549,519,509,629,651,664,669,572,539,635,660,669,670,669,571,650,558,649,567,641,556,524,639,562,639,555,522,511,630,652,664,564,650,568,642,662
0.3051,541,625,648,575,644,652,589,555,541,540,630,644,647,578,645,654,654,583,554,547,547,627,641,574,554,549,550,535,620,563,635,580,629,569,642,651,589,634,572,643,653,654,583,553,546,632,579,629,570,553
0.4706,564,592,602,600,618,616,602,597,602,608,615,611,611,605,621,619,613,601,603,609,606,609,609,605,610,606,599,595,613,611,616,602,613,604,621,619,603,608,604,621,619,614,601,603,609,616,602,607,604,609
0.6014,595,574,575,624,597,581,614,630,638,636,597,579,578,627,598,582,572,621,636,635,632,591,584,629,634,631,630,637,602,630,595,619,590,631,601,584,615,587,630,600,583,572,621,636,635,597,619,590,631,634
0.0437,403,650,681,518,663,685,516,426,374,343,629,670,687,524,662,686,694,527,434,379,340,639,677,514,425,367,336,316,626,480,648,485,657,500,657,682,512,666,508,661,684,693,525,432,379,638,478,656,500,415
0.0610,332,630,671,519,657,683,521,437,392,359,630,672,685,531,661,685,692,534,448,393,362,638,675,522,435,385,358,343,626,487,649,493,655,508,655,682,520,663,516,658,684,691,532,446,394,639,488,655,509,426
0.2726,469,614,641,564,636,655,576,552,527,520,632,651,655,574,640,659,661,587,544,529,527,631,649,570,539,531,528,531,620,556,642,568,636,564,636,657,577,641,567,638,658,661,588,545,528,637,566,637,565,536
0.0290,353,637,677,514,667,688,519,419,356,317,634,676,688,524,671,690,696,530,424,361,322,634,677,514,413,354,317,294,622,457,651,489,655,498,663,686,518,665,508,667,689,694,530,423,360,644,486,657,500,403
0.7737,606,537,502,635,547,522,629,658,667,669,575,532,505,643,551,525,507,626,658,665,667,573,524,645,663,667,667,670,568,654,567,644,556,639,559,530,634,549,649,557,528,510,627,659,666,572,645,556,652,664
0.0691,436,644,678,521,662,682,532,447,400,375,632,672,686,527,663,683,690,529,449,403,378,631,673,517,439,398,364,350,630,488,648,505,659,507,658,680,529,667,515,661,682,689,529,447,402,639,500,659,508,433
0.8787,620,497,450,638,521,454,637,669,679,682,546,479,447,640,525,456,430,637,668,678,680,550,483,649,673,678,687,688,552,661,535,659,527,656,536,465,643,515,651,532,461,433,639,669,678,543,659,528,656,675
0.9504,665,503,419,646,501,413,648,679,688,692,536,441,385,642,498,410,365,637,675,686,693,526,434,650,681,691,693,697,537,668,519,668,512,662,515,422,651,496,657,510,418,369,638,676,686,530,669,512,662,685
0.3947,574,626,632,592,622,636,601,589,575,572,623,635,635,592,622,636,640,602,581,575,578,628,630,591,578,578,583,581,613,584,627,596,625,588,620,635,600,626,589,621,635,639,602,581,574,625,595,625,589,575
0.3021,519,618,607,571,643,651,589,555,540,539,629,645,647,577,644,653,653,584,553,546,545,627,641,574,553,549,551,538,619,562,635,581,631,568,640,652,590,634,571,642,653,654,584,552,545,633,579,631,569,551
0.4966,571,591,595,602,613,611,606,600,606,613,614,608,604,607,616,614,609,602,608,614,613,607,604,608,614,613,606,601,608,615,614,607,603,607,616,615,607,603,608,616,615,609,603,608,614,615,608,603,607,614
0.0056,364,642,682,499,667,690,515,400,327,279,631,677,692,513,669,691,698,511,399,327,278,629,678,495,386,316,270,240,625,455,651,483,662,483,661,687,514,672,492,666,690,697,511,398,325,640,477,663,484,377
0.6538,567,553,554,622,580,556,621,643,644,644,584,567,564,628,585,558,556,629,640,642,639,587,572,631,639,639,645,652,598,634,580,630,583,635,588,562,624,580,632,587,561,557,631,641,642,584,631,584,634,641
0.5540,591,593,601,614,593,578,619,625,623,619,599,599,604,617,595,592,595,620,622,618,620,604,606,618,616,619,626,630,607,614,598,622,609,619,596,591,619,608,618,596,592,596,620,622,618,598,622,608,619,617
0.7454,637,559,539,628,554,529,638,653,656,662,572,543,534,628,555,530,521,629,648,657,666,577,548,633,653,665,666,653,578,645,563,647,572,639,562,534,638,567,636,559,532,523,630,649,657,569,647,573,639,655
0.1613,480,639,664,547,658,673,558,506,468,458,634,663,671,553,660,674,678,565,499,473,463,634,662,546,495,472,463,457,624,516,644,538,644,536,654,671,555,651,541,656,672,677,565,499,474,640,537,645,536,489
0.5344,570,583,582,607,604,604,609,608,616,624,611,600,592,612,607,606,599,606,615,624,622,605,594,613,623,623,617,612,603,622,610,613,597,613,608,607,612,596,613,607,607,599,606,615,624,611,614,597,614,624
0.4462,566,597,614,601,621,621,595,593,597,600,614,605,620,605,622,622,616,600,601,602,595,608,618,604,603,595,585,589,619,606,616,591,614,602,621,621,594,615,603,622,621,616,600,600,603,615,591,615,602,603
0.9779,655,495,395,648,485,390,641,679,691,696,529,418,351,643,482,388,327,638,678,690,695,528,419,655,685,695,698,700,526,671,511,665,493,665,500,401,646,476,659,494,396,333,640,678,690,522,666,494,664,688
0.9820,670,494,393,649,488,386,648,683,692,696,529,417,349,642,483,382,324,636,676,691,696,515,410,651,685,695,698,701,528,671,510,670,500,665,502,397,652,483,660,497,392,330,638,678,690,521,671,500,665,688
0.8976,666,529,465,643,519,455,644,672,681,688,540,471,436,637,512,451,420,634,667,680,686,542,473,645,676,684,687,688,556,663,524,660,530,655,527,460,647,519,651,522,456,423,635,668,681,534,661,530,655,678
0.0726,442,649,677,530,666,684,533,454,400,375,636,672,683,533,668,685,690,543,452,404,380,634,670,525,444,400,377,363,625,478,650,505,652,510,657,681,530,660,518,663,683,689,540,450,403,643,502,653,512,435
0.6476,586,563,548,621,578,572,620,630,641,648,597,573,556,626,582,575,564,615,636,646,646,593,563,629,644,645,647,640,587,639,594,629,578,632,585,577,622,576,630,584,576,565,616,636,647,596,630,578,632,646
0.8224,641,537,495,643,540,504,631,665,673,677,568,505,481,641,540,503,470,633,662,670,673,558,507,647,667,672,673,680,561,657,558,647,547,655,549,510,635,540,652,547,508,473,634,662,671,564,648,547,654,670
0.1237,467,644,672,539,656,674,546,481,449,434,628,668,678,543,658,674,684,545,483,454,430,633,667,535,478,443,420,413,631,513,642,522,671,527,651,671,543,662,533,656,673,684,544,483,453,634,520,655,527,473
0.8720,627,503,457,635,522,459,642,668,677,678,550,485,453,638,526,462,437,635,666,675,682,544,483,645,670,682,685,686,556,659,538,661,534,655,539,472,647,524,651,535,468,441,637,667,676,546,662,535,654,677
0.1393,480,645,670,553,655,676,547,491,465,436,637,666,675,556,655,676,682,556,498,455,440,635,666,548,479,453,439,434,625,515,650,527,649,539,649,673,543,655,544,651,675,681,554,499,454,642,522,649,540,474
0.6284,593,576,565,611,576,573,623,630,632,639,594,586,572,615,580,575,578,618,627,638,645,602,579,618,636,644,643,640,588,632,591,631,590,621,584,577,626,587,619,582,576,579,619,627,638,593,631,590,623,637
0.6417,616,580,559,624,582,576,622,629,640,648,598,577,559,625,584,577,567,615,635,646,645,595,566,625,643,644,642,637,591,639,595,628,579,628,585,579,623,576,626,584,578,567,614,635,646,597,629,579,628,645
0.8232,641,538,494,643,540,503,632,665,673,675,566,507,481,640,539,502,472,631,662,670,673,559,506,647,668,672,673,680,561,657,557,648,546,655,549,509,635,539,652,545,507,474,633,663,671,563,648,546,654,669
0.4621,576,604,617,611,616,613,600,601,607,600,608,613,621,613,617,614,615,605,609,602,594,608,619,612,603,594,592,598,619,605,610,597,621,610,617,613,599,618,611,617,614,615,605,608,602,609,597,617,610,602
0.0420,386,645,679,516,661,686,515,423,369,338,629,673,687,522,664,687,693,525,431,376,336,627,676,516,422,363,322,310,624,479,650,484,656,498,656,683,512,665,506,660,685,692,525,430,375,638,477,657,500,412
0.8540,625,513,472,632,522,473,640,666,673,677,547,492,469,634,525,476,454,633,662,672,680,550,497,642,668,679,682,682,565,656,535,656,542,651,536,484,645,534,647,533,480,458,634,663,673,544,658,542,651,671
0.4335,580,616,620,593,619,631,608,594,580,590,624,627,624,594,620,634,629,602,587,589,594,620,622,592,590,594,596,590,608,593,624,605,617,591,617,629,608,618,591,618,629,629,602,586,588,623,605,617,590,589
0.7895,631,553,501,635,541,512,632,652,667,672,569,532,495,633,541,512,504,625,658,667,670,576,518,640,665,668,670,669,569,656,561,647,552,648,550,518,635,544,644,547,515,506,626,659,667,566,648,552,647,666
0.6673,622,571,556,633,581,566,621,639,650,651,594,562,553,634,581,565,548,621,645,648,647,582,561,636,646,646,645,648,587,640,589,629,578,640,585,569,614,573,638,583,569,550,621,645,648,592,629,578,639,648
0.7826,633,548,515,638,575,515,632,660,666,668,568,522,498,636,555,514,494,636,658,664,665,565,533,642,661,664,668,674,572,651,562,645,551,648,562,520,634,544,645,560,518,496,636,654,663,568,646,552,647,662
0.1743,482,643,665,556,649,667,551,505,485,472,628,662,671,560,650,667,678,560,513,489,463,637,663,554,507,471,463,459,627,533,640,532,647,543,644,665,547,653,550,647,666,676,558,511,489,632,528,647,545,502
0.1036,394,632,669,535,654,678,534,467,434,402,637,670,680,545,657,680,686,546,478,428,408,637,669,537,459,424,406,398,626,501,652,514,652,525,650,676,533,659,531,653,679,685,544,476,428,643,510,652,527,452
0.4949,556,592,598,594,602,611,612,606,599,604,612,614,609,599,606,616,615,608,600,605,612,616,610,601,606,612,614,608,602,606,614,614,609,601,608,614,614,610,601,607,614,616,609,600,605,613,614,610,600,605
0.9039,650,530,447,641,503,443,638,670,683,687,541,471,425,639,502,442,414,630,670,681,686,545,433,647,676,684,687,687,548,669,530,658,527,658,516,453,643,515,653,511,449,418,631,671,681,536,660,526,658,679
0.0006,397,650,686,499,646,691,514,397,321,271,630,678,692,505,669,692,698,524,403,333,275,631,679,493,381,311,262,231,624,450,651,480,656,474,660,687,509,665,483,664,690,697,522,403,326,641,474,656,475,368
0.7164,584,538,529,628,569,538,624,651,655,656,579,545,536,633,574,542,534,634,650,654,654,576,549,638,651,653,656,662,583,643,575,635,567,642,579,545,627,562,639,577,545,528,634,650,654,580,636,566,641,652
0.9349,659,502,427,644,506,421,647,677,686,690,537,449,401,642,504,420,380,638,673,684,691,527,444,650,679,690,692,695,539,666,521,667,515,661,519,431,650,500,656,514,428,384,639,674,684,532,668,514,661,683
0.3724,564,628,638,592,622,638,593,585,573,560,622,639,640,594,622,637,645,603,580,563,565,631,636,591,568,565,572,576,618,576,626,586,629,589,619,635,592,630,589,620,636,645,600,580,563,623,586,628,588,563
0.6219,606,583,572,609,580,575,625,631,629,637,595,587,576,613,583,576,579,619,624,634,644,600,582,618,632,644,641,639,589,626,591,629,593,620,586,578,627,590,619,585,578,580,620,626,635,593,631,593,621,633
0.8771,650,530,467,641,514,462,638,666,680,694,549,487,447,638,512,461,439,628,667,678,682,552,482,647,673,681,683,683,553,666,537,656,536,656,525,470,641,524,652,521,467,443,630,669,678,544,657,536,656,676
0.3634,564,615,631,586,634,639,586,569,567,571,622,632,636,589,634,639,638,588,575,573,571,617,631,585,577,573,561,556,624,585,626,581,623,582,631,638,587,627,584,632,638,638,587,575,574,624,581,622,582,576
0.3303,517,608,638,581,631,639,579,563,559,561,619,634,648,587,634,641,643,584,569,566,552,618,642,584,572,555,545,547,627,583,626,569,635,581,632,640,579,637,583,634,641,643,583,568,567,622,570,635,581,571
0.6882,600,554,548,626,572,544,630,647,650,649,579,557,552,628,574,546,542,630,644,646,647,579,561,632,644,646,655,657,593,632,573,639,578,636,579,549,633,574,635,577,548,543,631,645,647,577,640,578,637,646
0.2026,494,639,661,566,642,668,559,521,506,478,637,661,667,570,645,668,672,568,529,491,483,634,659,564,507,490,484,482,624,532,642,541,644,556,638,666,556,650,561,641,667,672,567,529,491,636,540,644,557,502
0.2022,452,624,653,550,647,665,561,524,490,480,634,659,665,559,650,667,671,573,516,493,487,633,657,555,510,494,489,488,621,535,644,548,642,547,645,665,561,648,551,647,666,670,572,516,494,639,546,643,547,506
0.5960,587,579,570,610,587,587,619,621,627,635,603,590,578,615,590,590,585,612,624,634,637,602,583,617,632,636,633,629,595,629,601,625,591,619,593,591,621,588,618,592,590,586,613,624,634,603,625,590,619,632
0.6043,605,580,571,622,593,585,616,625,635,640,602,581,573,624,594,586,574,614,631,637,636,594,578,625,635,635,632,632,595,632,599,621,587,628,597,588,618,584,627,596,588,575,614,631,637,601,622,587,628,638
0.1114,453,636,672,532,657,675,541,472,439,421,630,666,679,539,659,677,683,540,474,442,426,630,669,530,468,439,408,400,631,507,644,518,655,521,653,674,538,663,527,656,676,683,539,474,442,636,514,656,521,463
0.4791,534,586,606,605,606,603,602,607,608,602,603,611,619,611,611,606,612,611,610,603,596,609,618,611,604,596,600,607,615,605,604,603,617,611,611,606,604,617,612,612,607,612,611,610,603,604,603,616,612,604
0.9860,656,480,380,644,482,379,647,681,691,695,527,413,343,641,480,378,317,635,677,689,696,515,406,652,684,694,698,701,526,671,509,670,498,664,501,393,652,482,659,496,389,325,637,678,691,521,671,499,665,688
0.1730,502,643,665,554,653,671,557,512,479,463,636,662,670,557,653,671,676,566,506,479,469,633,661,550,498,477,469,467,623,527,646,540,646,541,648,668,554,651,546,650,670,674,565,507,478,640,537,645,542,492
0.9695,645,485,394,640,473,384,640,677,689,694,521,421,359,637,472,385,335,630,675,688,693,524,423,649,683,692,696,698,533,675,508,665,508,662,493,400,647,492,656,487,395,342,633,676,689,516,666,508,661,686
0.4002,577,613,623,593,629,631,595,579,580,584,620,625,625,594,629,632,630,594,585,587,586,615,623,593,589,587,577,570,620,594,623,591,618,589,628,632,595,618,590,630,632,630,592,584,586,621,590,616,589,587
0.8518,635,524,475,641,529,486,634,667,675,679,562,490,462,640,530,488,448,638,666,674,677,551,493,648,670,676,679,684,555,659,550,651,531,654,540,493,637,520,650,536,490,450,639,666,675,558,652,531,654,672
0.4107,560,614,633,603,621,622,593,589,592,582,610,625,636,605,622,622,630,600,596,585,573,617,633,603,587,575,577,583,620,593,612,590,629,602,621,621,594,631,604,621,622,629,600,596,585,611,592,625,602,587
0.1483,442,636,665,548,648,673,544,492,468,442,631,664,674,554,651,675,680,554,501,461,444,636,665,548,484,456,443,439,626,518,645,524,648,538,646,672,542,655,543,648,674,679,553,500,461,637,520,648,538,479
0.4905,557,596,601,596,602,608,613,607,601,601,611,617,611,602,606,612,618,610,602,602,608,617,612,603,603,608,614,608,605,603,611,615,612,603,605,612,615,612,603,606,612,618,611,603,602,612,615,612,603,602
0.4949,585,600,599,599,608,616,611,604,602,608,616,612,606,603,610,617,613,605,602,608,616,612,606,603,608,616,611,604,604,608,617,611,606,603,610,618,612,606,603,609,618,613,605,603,608,618,612,606,602,608
0.0658,408,639,676,514,662,683,533,440,392,367,632,672,685,522,663,684,690,536,448,399,372,632,674,512,433,390,367,341,630,483,649,507,654,497,657,680,530,662,505,660,682,689,536,448,398,642,503,654,498,424
0.7156,591,540,528,629,567,543,621,648,656,658,583,543,534,634,571,546,525,629,650,654,655,574,548,638,652,654,653,660,582,644,578,633,565,643,576,550,625,560,640,574,549,526,631,651,655,582,634,565,642,653
0.8934,649,525,461,645,522,450,640,671,680,683,544,472,436,640,519,449,419,638,669,679,681,547,475,649,674,679,688,689,548,663,535,658,522,656,531,458,642,510,652,526,455,422,638,670,679,541,660,522,656,676
0.6332,615,582,578,623,579,567,630,639,639,636,589,577,577,622,579,567,567,625,633,633,639,591,582,624,631,638,646,646,598,626,585,635,593,628,583,569,630,590,627,582,568,568,626,634,633,587,636,593,629,633
0.7100,633,568,554,625,562,543,633,647,649,654,577,555,549,624,562,543,539,626,643,650,660,583,561,628,647,659,659,658,581,639,570,642,581,634,568,546,634,577,631,565,545,540,627,643,651,575,643,581,634,649
0.3249,542,623,637,576,638,648,592,562,547,546,628,641,643,579,640,649,650,587,557,553,553,625,638,576,559,556,558,546,617,566,633,584,628,571,637,648,592,631,574,638,649,650,586,557,552,631,584,628,572,557
0.9888,653,484,378,649,473,372,642,680,692,696,517,405,333,645,471,371,309,630,676,690,695,520,406,657,686,695,698,701,517,673,501,666,500,669,492,386,647,484,665,487,382,317,633,678,691,512,667,500,668,690
0.2505,533,628,657,567,645,657,565,534,522,519,626,646,660,569,645,657,658,567,537,529,520,622,654,564,537,525,503,503,632,556,634,552,643,559,641,654,564,645,561,643,656,657,572,539,528,629,551,640,557,534
0.7801,612,537,511,633,556,508,633,658,664,665,565,523,508,635,558,511,497,634,656,662,663,568,528,641,659,662,670,672,573,649,558,647,553,648,566,517,635,546,643,561,515,498,635,657,663,565,647,553,646,661
0.3623,547,625,638,593,623,635,589,579,573,560,618,638,642,596,625,636,645,596,581,564,559,627,638,593,569,561,563,568,620,577,622,581,630,590,622,634,588,633,592,623,635,645,596,581,565,619,580,630,590,567
0.9284,651,503,432,639,503,428,643,674,683,690,530,449,406,637,502,428,389,634,670,684,689,533,453,646,680,687,691,692,546,667,514,662,518,657,517,439,647,506,653,513,436,395,636,672,685,524,663,519,658,683
0.3545,560,623,634,582,634,644,597,572,558,560,627,637,638,584,634,644,645,591,566,563,566,624,633,581,568,567,570,559,614,574,631,590,625,577,631,643,597,627,579,632,644,644,591,566,563,629,590,625,577,566
0.8454,635,531,474,642,527,483,635,662,676,678,557,506,463,642,527,484,468,628,665,673,677,562,493,649,670,677,678,678,552,660,547,652,539,658,538,492,639,529,653,535,489,470,629,665,674,553,652,538,657,674
0.1435,484,636,670,541,655,672,546,487,460,448,630,660,677,545,656,672,676,554,494,466,454,626,666,537,485,463,433,427,631,519,642,521,649,526,650,669,546,655,531,652,671,675,553,493,466,636,524,649,526,479
0.7346,597,542,525,629,565,527,627,652,657,658,573,540,529,633,568,530,518,632,651,656,655,574,544,638,652,655,661,666,581,644,566,640,564,642,575,535,631,558,640,573,533,520,634,652,656,572,641,564,643,655
0.3366,536,629,642,590,628,640,583,570,564,550,619,642,647,592,629,641,651,591,575,556,548,630,641,590,562,551,552,555,626,572,624,574,633,586,626,639,582,637,588,627,639,650,590,575,556,621,573,633,586,560
0.9089,648,508,445,638,508,441,643,672,681,688,535,461,424,635,508,442,408,634,668,682,687,538,465,645,678,685,689,690,551,663,519,660,525,656,522,451,647,514,651,519,448,415,636,669,681,529,662,525,655,680
0.4462,585,614,617,594,617,629,608,595,586,591,622,623,620,595,618,629,626,602,589,592,597,618,618,594,594,597,599,591,607,595,623,605,614,592,615,632,608,616,593,616,629,626,602,589,593,623,606,614,593,593
0.1867,473,627,655,544,651,666,565,503,484,475,631,657,664,551,654,668,672,559,511,490,481,629,656,545,504,488,483,460,633,530,642,550,640,535,649,665,565,644,540,650,667,670,557,511,489,637,546,639,544,504
0.7227,605,545,527,632,564,544,622,647,657,659,584,542,530,635,567,546,523,626,650,656,656,573,544,640,653,656,654,660,579,645,579,635,567,645,573,550,626,562,643,570,549,525,627,651,656,583,635,567,644,656
0.1155,457,646,672,535,656,675,543,475,442,426,629,668,679,541,658,675,690,542,478,446,423,633,668,533,472,437,412,405,629,511,643,520,655,524,651,672,540,662,530,655,674,684,541,477,446,634,517,655,524,467
0.2542,456,620,647,569,635,653,565,538,530,514,624,654,660,578,640,655,666,576,547,524,509,635,654,574,535,514,511,512,623,554,633,553,650,567,635,653,565,645,571,637,654,665,575,546,524,627,551,641,567,532
0.1063,407,634,668,540,655,677,536,471,439,407,637,669,679,547,659,679,685,547,480,431,412,636,669,539,461,428,410,402,625,502,651,516,651,529,650,676,534,659,533,653,677,684,546,480,431,643,512,652,528,455
0.7862,617,537,512,625,535,506,633,654,660,672,565,528,511,628,538,509,501,627,652,667,670,570,531,634,663,669,670,670,567,658,558,648,563,641,547,517,638,556,638,544,514,503,628,652,667,562,649,563,640,665
0.4469,584,608,610,597,621,626,603,587,590,596,627,619,614,599,623,626,623,595,593,597,601,614,612,598,598,602,592,583,611,600,621,602,608,596,622,626,602,609,597,622,626,622,596,593,597,620,600,610,596,597
0.8340,635,532,484,642,534,494,632,665,673,676,564,501,473,640,534,494,464,633,663,672,674,557,501,648,668,674,675,681,557,658,553,649,543,656,545,500,631,535,651,541,499,469,631,638,672,559,649,543,655,671
0.4375,570,606,623,607,619,618,596,595,598,595,611,617,626,607,620,619,620,601,602,596,587,611,624,606,595,586,585,589,620,601,612,593,620,605,619,617,595,648,605,619,620,620,600,600,596,611,592,620,607,600
0.0027,356,646,683,501,665,689,499,388,315,266,626,676,691,509,667,691,698,514,397,321,271,635,680,499,384,308,265,232,622,455,649,467,658,481,658,687,498,667,490,662,689,697,511,396,320,637,456,658,481,372
0.1055,356,625,664,532,652,677,533,466,434,401,636,668,679,545,657,679,685,544,478,428,408,647,669,536,459,424,407,397,625,500,652,514,652,525,650,676,533,658,532,653,678,685,544,476,428,644,510,652,526,451
0.0430,330,631,673,513,664,685,520,427,366,332,634,675,686,525,669,688,692,531,430,372,338,634,675,515,420,365,333,313,621,460,650,490,654,499,662,684,517,663,508,666,687,693,530,429,371,644,489,655,501,410
0.8754,624,514,450,635,509,459,635,664,678,683,548,487,443,637,511,462,439,628,667,678,683,552,480,647,673,691,683,682,554,666,538,656,533,656,525,470,641,522,651,521,467,443,629,669,681,544,657,533,655,676
0.9658,666,508,410,652,499,399,642,679,690,694,528,428,363,644,484,396,346,631,675,688,693,530,424,655,684,692,696,698,526,671,511,663,508,667,505,409,645,493,661,497,405,353,633,678,688,521,664,509,667,687
0.2619,529,629,656,572,642,653,570,540,531,529,623,648,661,574,642,653,660,572,545,537,520,625,653,569,545,524,511,512,627,562,631,557,644,564,639,651,567,648,564,641,652,658,571,544,535,626,554,643,564,543
0.1524,425,632,663,544,648,669,542,491,468,457,627,664,674,553,652,671,680,552,500,475,445,636,665,547,496,456,444,440,627,527,641,523,649,536,647,668,541,656,542,649,669,679,552,499,475,633,519,649,536,491
0.6809,601,559,555,620,563,550,630,643,645,644,580,562,560,623,566,553,550,626,639,642,651,585,570,627,639,650,655,653,590,632,573,639,585,632,572,555,633,581,629,570,553,551,627,640,642,578,640,585,631,640
0.1605,472,637,664,544,654,672,553,504,463,451,635,664,672,550,656,673,678,563,495,469,458,633,662,542,490,467,457,454,621,522,647,538,646,532,649,669,550,651,537,652,671,676,561,493,468,640,532,646,535,485
0.0507,350,631,672,517,664,684,525,434,375,344,633,673,685,528,668,687,692,536,437,382,351,633,674,519,427,375,345,327,622,467,649,497,653,504,661,682,523,661,512,664,685,691,536,437,381,642,493,654,506,418
0.8013,610,528,490,636,540,509,629,659,669,672,569,517,490,639,543,511,487,629,659,667,670,565,513,645,664,669,670,674,562,656,560,646,550,653,552,517,634,542,650,549,515,490,630,660,668,566,647,549,653,667
0.9011,655,523,456,644,517,458,642,672,682,685,551,467,428,641,513,454,410,639,670,680,683,543,469,650,676,683,688,690,544,664,537,659,517,657,526,463,642,505,653,521,459,413,639,671,681,545,659,518,658,678
0.6229,610,581,578,624,587,568,624,638,638,635,588,577,577,623,586,568,568,626,634,634,632,590,582,625,631,631,639,644,603,626,583,629,592,629,589,569,625,589,627,589,569,568,626,634,634,587,629,591,629,633
0.1948,486,637,661,563,644,668,556,516,501,473,636,660,668,568,645,669,673,566,525,486,478,635,659,562,503,486,479,477,624,529,647,542,645,554,640,666,555,650,559,641,667,672,564,524,484,641,539,645,555,499
0.9458,644,491,412,637,496,413,642,675,685,692,525,436,386,636,495,414,369,633,672,686,691,529,439,647,681,690,693,694,539,668,509,663,513,658,512,425,648,501,656,508,422,374,635,673,687,521,664,513,658,684
0.6561,627,585,560,622,577,569,624,633,641,650,593,575,559,621,576,568,563,616,634,648,648,594,565,624,645,647,646,642,586,641,588,632,580,628,580,570,625,576,626,579,569,563,617,635,648,591,631,580,627,646
0.1436,469,633,667,537,655,672,552,485,457,444,630,661,674,543,655,673,677,553,492,465,451,629,665,535,483,460,444,426,630,516,644,532,647,524,650,670,551,653,530,653,671,676,551,491,463,637,531,647,524,476
0.1608,428,619,659,540,648,666,548,497,473,463,627,658,673,551,653,668,675,551,501,479,466,628,664,544,497,475,444,445,628,527,640,531,651,536,648,666,549,658,545,651,667,674,550,500,479,633,528,652,536,494
0.3623,502,606,631,591,623,629,584,574,576,565,613,633,643,599,627,632,641,593,585,569,557,623,639,597,574,559,561,565,622,582,618,580,632,593,625,630,584,634,596,626,632,641,593,583,570,614,577,632,592,572
0.1151,423,637,668,540,651,677,536,475,444,412,630,667,677,546,654,678,684,547,482,436,418,636,668,539,464,433,416,409,625,504,645,513,649,528,647,675,533,657,533,649,677,683,546,482,435,637,508,650,527,457
0.0458,338,632,672,515,659,684,519,427,373,337,634,674,686,529,663,686,692,530,437,374,341,634,675,519,422,370,338,318,622,479,653,494,655,505,657,682,516,663,513,661,685,697,530,436,374,643,488,655,506,413
0.8878,627,508,451,636,504,447,636,666,680,685,542,477,442,637,506,452,427,628,669,679,683,547,479,647,675,680,685,685,551,667,533,658,535,657,520,462,642,523,652,516,459,431,630,669,679,539,658,535,655,680
0.3625,565,617,630,585,634,639,589,568,566,569,623,631,635,587,634,639,637,587,574,573,572,617,630,585,576,573,562,555,623,584,626,582,621,581,632,638,589,624,583,633,639,638,587,572,572,624,582,621,581,574
0.2114,477,621,657,554,646,660,558,520,502,496,626,653,667,561,649,662,666,560,523,507,498,622,659,555,521,504,481,480,629,543,638,543,648,550,644,660,557,654,554,646,661,665,561,522,507,631,541,648,550,518
0.6825,591,551,547,625,572,543,628,633,649,648,578,557,551,628,575,546,542,630,643,646,644,579,561,632,643,643,652,657,593,636,571,638,577,636,581,549,631,573,635,579,548,544,631,644,646,577,638,578,636,645
0.1726,477,640,664,558,646,671,551,506,489,462,632,659,670,562,647,672,676,560,515,477,464,635,662,556,496,474,464,461,625,526,651,532,646,546,641,668,549,652,552,644,670,675,560,514,477,637,531,646,546,492
0.1816,440,636,656,548,647,667,555,513,481,466,634,660,668,557,652,669,673,566,510,482,473,634,660,552,500,481,473,472,623,529,646,541,646,543,645,667,555,649,548,648,668,673,566,510,482,640,538,645,544,496
0.3130,502,611,632,570,639,648,588,556,542,541,627,642,645,577,643,651,651,583,554,548,548,625,639,572,555,551,553,539,619,563,633,581,628,570,640,649,589,632,572,642,650,651,584,554,548,631,580,628,569,552
0.9798,651,489,388,648,478,384,641,679,691,695,521,415,347,645,476,383,327,631,675,688,694,524,414,656,685,693,697,700,520,672,505,665,504,668,497,397,646,488,662,491,393,335,634,677,689,515,665,504,668,689
0.6066,613,582,578,627,597,581,613,630,639,637,597,576,576,626,598,580,568,619,635,635,632,589,581,628,638,632,629,636,600,629,594,618,587,630,599,582,613,585,629,599,582,568,619,635,635,596,618,587,630,634
0.2202,487,635,659,563,643,656,564,526,512,507,622,656,664,568,645,657,668,566,531,517,491,630,656,562,529,496,491,490,627,551,632,549,646,556,641,654,562,651,560,643,656,667,565,533,517,626,547,646,556,527
0.4212,530,604,623,595,611,621,597,593,588,577,612,627,631,601,614,623,632,607,594,581,581,621,629,600,583,582,586,592,615,587,615,595,623,598,613,622,598,625,599,614,623,632,606,593,581,613,594,624,599,583
0.7539,631,553,533,626,551,524,634,652,656,662,569,538,529,626,551,525,517,628,648,658,666,573,545,632,654,665,666,666,575,645,560,648,570,638,559,529,637,564,636,555,528,519,628,649,658,565,647,570,638,656
0.6873,628,580,552,625,567,554,627,640,645,655,586,569,548,622,567,554,555,621,639,652,654,592,559,626,649,653,653,650,581,644,581,636,577,631,572,557,629,572,628,569,556,556,622,638,652,584,636,578,630,650
0.6055,609,583,570,620,591,587,617,623,634,640,603,583,571,621,591,587,576,611,629,638,637,596,576,623,636,636,632,630,594,633,600,622,585,625,594,589,617,583,624,594,588,576,612,629,638,601,622,585,626,637
0.8613,644,526,473,643,527,480,634,668,676,679,558,485,455,640,525,480,440,637,666,675,678,549,488,648,671,677,679,685,552,660,547,650,528,655,537,486,636,517,651,532,483,443,638,667,676,554,652,528,655,673
0.5456,591,592,598,618,601,589,610,622,625,621,596,594,597,618,603,593,591,618,623,620,614,599,600,619,619,614,618,625,611,617,595,613,603,620,604,590,611,602,620,603,590,591,618,623,619,596,604,603,620,619
0.1555,457,638,665,550,648,672,546,495,472,451,632,663,673,556,651,675,679,555,503,469,449,636,665,550,490,459,448,443,626,523,643,525,647,539,644,669,543,654,545,647,670,678,555,504,469,635,521,647,539,485
0.6573,599,565,561,615,570,560,627,637,639,642,585,579,568,619,573,562,562,622,634,640,648,591,576,622,636,648,649,648,589,630,581,635,590,627,577,564,630,587,626,576,564,563,623,634,639,584,637,588,627,638
0.7744,638,556,521,630,543,517,633,652,660,670,569,534,513,628,542,516,508,625,651,665,667,573,532,634,662,666,668,667,568,656,562,646,562,641,551,522,634,555,638,547,519,510,626,650,665,565,646,562,640,663
0.6888,626,573,545,631,573,560,624,638,649,655,591,562,542,631,571,560,547,619,643,651,652,586,552,633,649,651,650,649,580,643,585,633,570,639,577,562,627,566,636,574,561,567,619,643,652,587,634,570,638,651
0.9991,665,492,379,651,474,366,642,681,693,698,504,399,323,645,469,364,296,629,676,690,696,520,400,656,686,695,698,701,516,673,499,679,499,668,491,379,646,483,663,485,374,304,630,678,691,511,667,499,668,690
0.1554,483,642,669,548,653,667,551,497,471,461,626,664,674,552,653,668,680,551,499,476,451,632,664,543,496,461,445,440,628,527,638,531,652,535,647,666,549,658,542,650,668,679,550,498,475,631,528,650,536,491
0.7572,606,534,517,626,548,516,636,655,659,660,569,534,521,631,553,520,510,631,651,656,662,567,536,636,653,661,668,667,581,643,561,649,564,643,561,524,640,557,639,558,522,511,632,652,656,567,651,564,642,655
0.7245,639,568,548,627,559,538,634,649,652,655,575,550,544,625,558,537,533,627,644,650,661,579,555,630,648,660,661,660,581,659,566,637,577,635,564,541,636,572,633,562,539,533,627,645,651,571,644,577,635,649
0.9953,666,490,381,645,465,362,643,679,691,697,513,399,327,637,459,358,297,630,676,689,696,515,401,650,685,694,698,700,527,676,497,667,496,664,482,377,647,479,657,476,371,306,632,677,691,506,667,495,662,688
0.0916,458,644,674,524,660,680,541,457,417,396,633,668,679,528,661,680,685,541,464,423,402,631,668,519,450,416,399,375,632,493,648,516,648,505,655,676,536,655,512,658,678,684,538,463,422,640,512,648,506,442
0.2656,473,602,641,561,638,651,565,536,527,525,624,643,656,571,643,653,655,574,544,534,530,621,649,566,543,534,513,511,629,559,633,557,636,559,639,652,567,644,563,641,653,654,573,544,534,629,556,636,560,539
0.5368,563,580,592,614,601,591,607,617,622,618,598,596,600,618,604,594,593,614,621,618,612,600,602,619,617,612,614,620,612,614,598,610,604,619,605,595,608,603,619,605,594,594,614,622,618,599,610,603,619,617
0.5140,575,594,607,609,600,598,611,618,614,608,601,605,612,613,602,599,604,617,613,608,607,607,613,613,608,607,613,620,610,607,601,611,614,613,602,599,611,615,613,602,600,604,617,612,608,602,612,612,613,608
0.5319,589,599,600,606,596,598,619,617,613,610,603,607,604,609,597,599,605,615,612,610,616,610,606,610,609,616,624,620,603,608,602,621,609,610,597,599,620,608,610,597,600,605,615,612,610,603,621,609,610,609
0.8132,639,543,506,632,530,495,635,658,666,675,559,516,496,630,530,495,483,628,655,670,673,563,519,636,666,672,674,674,561,660,551,651,556,644,539,503,639,548,641,536,500,485,629,655,671,556,651,556,645,668
0.3772,568,616,623,586,633,637,594,570,569,571,622,630,629,590,634,638,637,587,576,575,579,618,624,588,579,580,572,559,616,583,626,589,616,584,629,636,594,619,585,633,638,636,586,575,574,624,589,616,584,577
0.7982,627,536,500,638,544,514,629,659,668,669,571,515,492,638,545,513,484,630,658,666,668,562,515,644,667,668,668,674,564,654,562,643,551,652,553,521,632,544,648,550,518,488,630,659,667,568,644,551,651,665
0.3988,558,611,630,598,624,626,590,583,585,582,613,624,635,600,625,626,630,595,590,584,572,614,630,598,587,574,571,575,622,593,616,585,626,596,623,626,590,628,598,624,626,630,595,590,584,614,584,625,595,586
0.1971,462,632,659,558,643,662,553,514,499,483,626,658,667,565,646,664,673,564,522,498,478,635,659,559,514,485,478,476,626,539,637,537,645,551,641,661,552,650,555,643,662,672,562,522,498,630,534,645,551,509
0.4822,556,599,607,598,601,609,609,607,600,595,609,618,616,603,605,612,619,611,602,596,601,617,616,604,597,601,608,607,608,598,610,610,615,603,604,611,610,615,604,605,612,619,610,603,596,610,609,615,604,596
0.5009,581,601,601,597,604,612,612,606,600,606,612,613,607,600,606,612,613,607,600,606,612,613,607,600,606,612,613,608,600,606,613,613,608,601,606,612,614,608,601,606,612,614,608,600,606,613,613,608,600,606
0.1021,431,635,667,533,661,678,542,462,426,407,633,667,681,541,663,680,684,545,470,432,412,632,666,533,463,427,412,390,626,493,646,518,647,520,656,676,540,655,527,659,678,683,544,469,432,640,517,648,522,455
0.6293,580,559,557,623,585,574,614,629,641,641,596,571,565,627,589,577,562,616,636,640,639,588,567,630,638,638,635,638,592,634,593,623,583,633,592,579,617,581,631,592,578,563,617,636,640,595,623,583,633,639
0.9108,651,516,445,645,511,446,640,673,682,686,546,459,417,641,509,444,400,638,671,681,685,541,462,651,677,684,689,691,541,664,533,660,514,659,521,455,643,500,654,516,452,402,639,671,681,542,661,514,658,679
0.9936,652,485,379,648,480,372,648,683,693,697,522,404,330,641,475,370,305,635,678,690,695,510,397,652,686,695,698,700,520,672,504,670,492,665,495,384,651,475,659,489,379,310,637,678,690,516,672,493,665,690
0.2990,544,637,648,581,632,652,581,562,546,531,629,647,651,582,631,651,656,588,558,537,535,630,645,579,544,538,538,543,620,559,635,570,634,574,628,648,577,638,576,629,650,656,587,558,535,631,568,615,574,541
0.2881,501,618,639,564,638,653,580,554,529,527,630,647,650,571,642,655,656,585,544,536,534,627,644,567,544,536,538,534,616,559,637,572,633,561,635,652,580,636,564,637,653,656,585,543,535,633,570,633,562,540
0.0840,396,632,668,527,661,680,535,453,408,387,633,669,679,536,665,682,686,541,458,415,392,633,668,527,451,409,390,372,625,483,647,510,648,513,656,678,533,657,522,661,681,685,541,458,415,641,507,647,515,442
0.4662,541,583,600,597,615,614,595,594,598,605,612,610,612,604,620,618,612,599,601,607,601,607,611,602,608,602,593,593,614,611,615,598,609,602,619,617,600,610,602,619,618,613,600,601,606,614,597,609,604,607
0.5159,572,586,598,614,606,599,604,611,619,614,603,598,604,618,609,601,598,610,619,614,608,601,605,618,615,609,607,612,613,614,603,605,605,618,609,601,605,605,618,609,602,598,610,619,615,603,605,605,619,615
0.7623,622,542,520,632,555,514,638,657,661,662,567,532,518,632,556,516,506,632,653,658,661,565,533,637,655,659,669,669,579,645,559,651,561,644,563,520,640,554,641,561,518,507,633,654,659,564,651,560,643,656
0.4846,586,610,614,604,603,609,610,610,603,596,608,616,616,605,603,610,617,612,604,597,601,615,616,605,597,601,608,609,609,597,608,609,615,605,598,610,610,615,606,603,610,617,612,604,596,608,609,615,606,595
0.5507,594,596,590,602,594,597,617,617,612,618,603,604,596,605,596,597,601,612,611,617,625,610,598,608,615,625,626,622,595,614,602,620,602,609,597,598,619,601,608,596,597,602,613,611,617,603,621,602,609,617
0.0647,409,640,673,524,663,683,530,444,391,364,641,671,682,531,666,684,689,539,447,397,371,631,669,522,437,393,366,350,623,474,648,502,651,508,659,680,527,659,515,662,683,689,539,445,395,642,499,651,509,428
0.3439,505,597,625,575,630,639,581,560,558,560,621,633,639,584,635,641,640,584,568,565,564,618,633,581,567,565,552,547,626,579,627,577,624,577,633,641,584,627,579,634,641,640,584,568,565,624,576,624,577,567
0.7762,618,538,511,634,554,518,628,658,664,666,571,522,507,636,555,520,496,634,656,662,663,565,526,641,658,662,665,672,571,649,564,642,552,647,562,525,631,544,644,559,523,497,636,657,662,569,643,552,647,661
0.6658,613,570,560,627,577,552,628,644,645,644,581,562,559,626,578,553,551,628,640,642,641,582,568,629,639,640,648,652,596,632,576,635,582,634,583,556,629,578,632,581,554,552,629,639,642,580,629,582,633,641
0.4030,560,620,628,595,615,627,596,593,581,569,617,633,634,597,616,628,639,605,587,572,575,625,631,596,575,576,579,586,615,581,618,591,625,593,614,627,595,626,594,614,627,639,605,587,572,617,591,624,594,574
0.8396,644,529,488,631,528,482,638,663,669,679,551,500,479,631,529,483,464,631,658,673,677,555,506,638,670,676,678,678,558,658,539,653,547,647,540,490,642,538,643,536,488,467,632,659,675,547,655,547,647,672
0.1835,494,635,659,552,654,669,562,508,480,471,633,659,666,556,656,669,673,562,507,485,476,630,657,550,503,484,478,463,625,523,641,544,640,540,651,667,560,647,545,653,668,672,562,506,485,637,543,641,540,499
0.3990,534,597,615,585,625,629,590,576,576,580,618,624,627,592,629,632,629,590,583,584,583,614,623,591,591,584,574,568,620,592,622,588,616,588,627,631,594,619,589,629,632,630,590,583,584,620,588,617,588,585
0.3180,518,611,639,577,632,641,576,557,553,555,620,636,649,584,636,643,645,580,564,561,548,618,642,580,566,550,538,540,626,577,626,568,635,577,633,641,576,638,579,634,642,644,580,563,560,623,567,635,576,564
0.6336,587,564,565,621,582,561,622,637,640,638,585,572,571,624,585,563,563,626,635,635,634,587,578,627,634,633,640,647,601,628,581,628,588,630,588,565,624,585,629,587,564,563,627,636,636,584,630,588,630,635
0.4573,567,609,617,601,605,615,604,604,597,587,609,620,623,603,607,615,623,610,599,588,592,617,621,603,591,592,598,602,612,593,611,603,619,602,607,615,604,620,603,607,615,623,610,600,590,610,605,619,602,590
0.0015,358,644,682,505,663,689,505,389,316,266,632,678,691,513,666,690,697,516,398,322,271,632,678,502,386,312,264,231,618,458,654,475,658,486,658,686,501,666,494,661,688,696,516,397,321,643,467,657,484,375
0.1676,404,617,652,540,653,668,556,500,469,458,632,660,668,552,657,672,675,561,500,476,465,631,659,546,496,475,466,453,625,517,643,539,642,535,652,669,556,649,534,654,671,675,560,498,474,638,536,643,537,491
0.2325,471,613,646,553,644,658,567,522,509,505,628,649,658,562,648,660,662,567,530,516,512,625,650,556,528,517,507,491,631,545,637,557,635,549,643,658,568,640,552,645,659,661,558,530,515,632,554,636,550,523
0.4627,546,586,606,601,614,613,595,596,601,601,609,609,616,607,617,615,611,600,604,603,596,605,615,606,605,596,590,595,619,607,612,596,613,606,618,616,596,614,606,618,615,611,599,603,604,611,594,613,605,604
0.7000,608,554,544,628,571,538,630,649,651,651,576,552,546,629,573,540,535,631,645,649,647,574,555,632,645,646,655,659,588,638,570,636,572,638,577,542,629,568,635,576,541,545,631,647,649,574,637,572,638,647
0.6095,604,582,584,618,581,573,626,634,633,630,592,583,585,619,582,574,578,623,629,627,633,592,589,621,623,632,640,640,598,620,588,630,598,624,585,576,626,596,616,584,574,576,623,630,628,590,630,598,624,626
0.7502,637,558,538,627,552,526,634,652,656,661,570,540,531,623,552,526,519,627,646,657,665,574,546,631,653,663,665,664,572,645,560,646,571,637,559,531,636,565,634,557,530,520,628,648,658,566,643,571,637,656
0.8522,650,537,486,638,520,475,637,664,674,680,552,498,468,635,517,474,457,628,662,675,678,556,498,642,671,677,679,680,555,663,543,654,544,651,529,482,640,534,647,526,479,458,628,662,675,547,655,542,650,672
0.1650,491,635,663,543,653,670,559,495,472,462,631,658,669,547,655,670,673,555,502,474,468,629,659,540,494,475,466,445,631,523,642,543,643,530,649,666,557,649,535,652,669,672,554,501,477,636,540,643,530,488
0.5527,564,570,582,615,601,592,604,616,625,624,602,589,591,619,604,595,587,604,624,624,619,594,594,621,623,619,614,620,606,621,601,609,598,621,607,595,607,596,621,607,595,585,612,624,624,602,608,597,621,624
0.1390,448,635,667,541,651,668,548,488,460,448,628,665,676,547,654,670,681,548,492,465,434,632,665,539,487,445,432,427,628,521,643,526,652,531,648,668,545,658,537,651,669,681,547,490,464,631,523,652,532,482
0.8484,624,510,471,633,524,472,640,665,672,674,553,495,469,635,527,475,454,634,662,670,678,549,496,642,665,679,678,681,562,655,542,658,541,651,539,483,645,531,647,536,480,457,635,663,670,550,659,541,651,669
0.4270,577,619,624,594,615,627,605,594,584,580,619,628,627,595,615,627,632,604,587,582,586,621,624,594,584,586,592,589,610,588,620,601,619,592,614,627,603,621,592,614,626,632,604,587,582,619,600,620,593,583
0.5915,600,586,576,609,587,587,618,621,623,631,601,593,580,612,589,588,587,613,620,630,636,603,585,613,628,635,633,628,592,625,602,624,593,616,591,589,621,590,615,590,589,587,614,620,630,600,624,593,616,630
0.6508,613,575,556,625,580,575,619,630,642,647,598,572,556,626,581,575,561,615,636,645,644,590,564,628,643,644,642,639,587,638,594,627,577,632,585,578,622,574,630,583,577,562,615,636,645,595,628,578,632,644
0.4323,567,598,617,599,621,621,591,589,592,596,613,614,622,602,622,622,618,596,595,597,589,607,619,600,599,590,580,584,620,603,615,589,615,599,621,621,592,616,599,622,622,617,596,595,598,614,588,615,598,598
0.1594,448,631,663,544,650,666,550,496,472,463,625,664,673,552,652,668,679,551,500,478,452,632,663,544,497,462,448,443,627,528,638,533,650,538,647,665,549,657,542,649,667,678,551,500,478,631,529,650,537,494
0.1151,390,631,665,534,651,675,534,471,441,419,630,666,679,544,655,678,684,544,480,443,416,637,668,537,471,431,414,407,626,510,646,506,650,525,648,675,533,657,531,648,677,682,543,480,443,637,504,650,525,464
0.4424,537,600,612,590,608,620,604,597,587,583,614,625,623,598,613,622,629,605,592,586,590,620,622,597,588,591,597,594,610,590,617,604,618,596,611,622,606,619,595,611,622,628,606,592,586,616,604,619,596,587
0.1124,428,635,667,532,660,678,542,477,430,412,634,666,677,542,663,679,683,552,472,436,417,634,666,532,466,433,416,410,625,494,646,518,648,520,657,674,539,655,527,659,678,682,551,471,436,640,516,649,521,458
0.7129,600,553,526,628,561,547,624,640,653,657,585,554,531,631,565,549,537,619,644,655,655,583,543,637,652,655,654,652,575,645,579,636,565,641,571,553,629,562,639,569,552,539,620,647,656,582,637,565,640,655
0.1191,462,637,671,532,656,674,540,474,441,426,630,662,678,538,654,675,679,549,481,448,431,626,668,530,470,442,412,405,630,508,644,518,649,517,651,672,539,657,524,654,673,679,547,480,447,638,516,650,518,463
0.2783,466,609,643,567,634,618,570,544,536,534,619,645,657,577,641,648,657,575,572,543,523,624,651,573,551,527,519,521,626,566,628,560,641,569,634,647,571,645,571,637,648,655,574,551,542,624,559,642,569,549
0.7528,611,542,523,627,552,520,636,653,657,658,569,536,523,631,555,522,513,631,650,654,660,568,539,635,652,659,667,667,583,642,563,649,565,642,563,527,640,559,639,560,524,515,631,651,655,567,650,565,642,654
0.6174,618,588,582,617,580,575,626,632,632,632,592,584,582,617,580,574,576,620,627,630,638,597,587,619,627,637,642,639,594,622,588,632,597,621,583,575,627,594,620,582,575,576,621,628,630,589,632,596,622,629
0.5562,602,596,589,605,594,597,616,617,614,621,606,601,592,607,595,597,597,611,612,620,629,608,594,608,619,628,625,621,595,617,604,619,599,609,597,598,618,597,609,596,598,599,611,612,620,605,620,599,609,618
0.4198,567,606,612,590,626,628,598,580,582,587,619,622,619,594,627,629,627,592,587,589,593,617,616,592,590,594,585,575,614,595,622,596,611,590,625,629,599,612,591,625,629,627,591,586,589,621,595,611,592,590
0.3486,533,606,631,581,631,638,580,564,561,564,620,630,640,586,634,640,639,586,571,569,563,615,635,583,573,564,550,550,627,582,625,574,626,579,631,638,581,628,582,632,639,638,588,572,569,622,574,626,579,571
0.0159,354,635,678,500,663,688,517,408,341,298,627,675,689,511,666,687,695,514,408,342,300,628,676,499,396,333,290,264,624,461,649,487,660,487,659,685,515,669,496,663,687,694,514,407,342,638,481,660,488,393
0.6074,559,561,571,613,581,569,621,632,632,630,590,582,582,620,586,573,574,623,629,628,629,593,587,623,627,629,637,640,602,622,588,628,596,624,589,575,624,594,624,588,574,576,624,630,629,590,628,596,625,627
0.0478,408,646,678,522,661,685,519,429,379,340,635,674,686,527,663,685,691,529,438,377,346,636,675,518,422,372,341,323,622,478,656,494,654,504,656,682,516,662,511,659,683,690,528,436,375,644,488,655,505,413
0.4647,542,592,601,588,608,619,607,598,590,595,617,617,614,597,613,622,621,604,592,596,601,616,614,595,598,602,604,579,604,599,618,608,612,595,613,621,610,612,595,612,621,621,605,593,596,618,607,615,594,597
0.3496,541,612,625,579,635,641,590,561,558,560,624,634,634,585,637,643,642,582,567,564,567,620,629,582,569,569,563,547,618,576,629,584,620,578,634,641,590,622,580,636,642,642,583,567,564,626,584,620,579,568
0.0159,354,637,679,498,663,687,516,405,340,296,629,675,689,508,667,689,695,526,414,346,301,631,676,496,394,332,291,263,625,459,649,485,654,480,659,685,514,664,488,662,687,694,525,414,345,640,482,656,480,382
0.9221,622,491,423,638,501,434,638,672,682,687,541,452,406,641,502,430,387,637,672,683,686,538,454,651,678,685,690,691,538,665,529,660,509,659,517,445,643,495,654,513,443,392,638,673,666,533,662,511,659,679
0.9194,662,510,440,644,512,432,646,675,684,684,540,458,414,640,509,430,394,634,670,680,688,531,452,648,676,687,690,691,542,664,524,664,518,659,523,440,648,505,654,520,437,398,637,671,681,533,666,518,658,679
0.4307,579,621,626,598,613,624,603,598,588,580,615,628,628,599,612,624,632,607,591,581,585,622,625,598,584,586,591,593,612,588,618,599,621,596,611,623,602,622,596,612,623,632,606,591,581,616,599,620,596,582
0.4313,558,607,615,585,616,628,605,591,579,583,621,626,624,591,618,630,629,601,584,585,590,620,621,590,587,591,594,587,607,589,623,603,616,588,617,629,606,618,589,617,629,629,601,583,585,622,603,617,588,586
0.6670,611,572,547,621,571,563,623,634,643,651,591,570,549,623,574,564,556,615,637,649,649,590,559,626,646,646,647,644,585,641,587,632,575,630,577,566,625,571,628,576,565,558,616,637,649,589,632,575,629,648
0.9669,661,503,404,649,486,397,641,678,689,693,525,426,360,643,482,394,345,630,674,687,692,528,423,653,683,692,695,698,524,670,509,662,508,666,501,408,645,492,661,496,404,351,632,675,687,520,664,508,665,687
0.6953,627,568,550,632,579,549,624,649,653,652,582,551,544,631,578,547,535,631,646,649,649,578,555,635,646,648,650,659,585,639,576,632,570,638,583,551,627,565,636,581,550,535,631,646,650,580,633,570,638,648
0.6997,618,560,548,628,569,541,632,648,651,650,577,553,546,628,550,541,537,629,644,647,648,577,556,631,644,647,656,659,590,636,570,641,575,637,575,544,634,570,634,573,543,537,630,645,647,574,642,575,636,646
0.8746,657,525,470,639,518,460,642,669,676,680,538,479,449,635,516,460,434,632,664,674,682,543,482,643,669,681,684,684,557,657,527,658,532,652,528,468,645,523,648,525,465,437,634,665,674,535,658,532,652,672
0.8249,650,544,504,632,536,494,638,662,666,676,556,509,489,628,533,492,475,631,655,671,675,559,514,635,667,674,675,675,558,656,544,652,552,643,543,498,640,544,640,540,495,478,630,655,672,551,653,552,643,670
0.3637,561,617,627,583,635,640,593,567,561,563,624,633,632,586,636,641,640,586,570,568,570,620,627,583,572,572,568,556,615,578,629,587,620,580,633,639,593,623,581,634,640,640,586,570,566,625,587,620,579,570
0.2213,486,618,651,552,645,659,563,519,503,499,627,652,662,559,648,661,663,565,526,510,506,624,653,554,521,510,493,483,630,543,637,550,639,546,643,659,563,644,550,645,659,663,565,525,510,632,548,639,546,517
0.8888,629,509,450,639,515,460,637,669,678,682,551,470,435,639,516,462,419,637,667,678,680,544,473,648,674,687,684,687,546,661,540,656,520,654,528,470,642,507,651,524,468,422,638,669,679,549,657,520,656,675
0.0935,449,649,676,533,657,679,528,456,420,403,627,668,680,535,658,679,686,536,464,427,390,637,670,527,458,409,390,379,626,501,644,500,653,515,651,675,524,659,522,654,677,686,535,463,426,635,496,651,515,450
0.3520,500,609,629,580,618,637,585,575,563,549,621,641,642,590,623,639,647,596,573,555,556,628,638,587,560,557,557,564,618,570,628,581,629,584,620,639,586,631,585,621,639,647,595,574,554,624,581,630,584,558
0.8101,632,537,505,627,536,499,637,658,664,674,558,515,499,628,537,499,485,629,654,669,672,562,522,635,665,670,674,673,563,655,547,651,555,643,546,505,639,550,640,543,504,487,630,655,669,554,651,556,643,667
0.5906,613,591,577,613,590,591,617,620,627,634,603,591,577,613,590,590,584,611,621,632,634,601,581,615,630,634,632,626,594,627,601,622,590,617,592,591,618,587,616,592,590,585,611,622,632,602,622,589,617,630
0.7305,625,557,528,636,560,544,625,647,660,660,583,543,524,635,562,544,523,622,651,657,657,576,538,640,654,657,656,658,574,646,577,636,563,645,568,547,628,557,643,566,546,526,623,652,657,580,637,563,646,656
0.7006,621,561,545,632,576,548,622,648,653,653,582,548,542,631,576,548,532,629,647,650,650,576,553,636,647,649,649,658,583,640,577,631,568,639,580,552,624,563,637,578,550,532,630,647,650,580,632,568,639,648
0.2780,512,630,651,577,636,647,569,545,539,530,619,648,656,580,637,648,659,576,553,537,520,631,651,576,546,523,521,522,625,561,627,556,639,571,633,645,567,643,575,635,647,658,576,553,538,622,555,638,570,544
0.8717,641,514,463,635,516,460,640,667,675,678,549,484,453,635,515,461,437,633,664,672,682,544,483,643,666,681,683,684,556,658,537,659,534,653,529,470,645,523,648,525,467,440,634,665,673,546,661,535,652,673
0.8889,661,527,468,639,518,457,642,669,677,685,540,475,442,633,514,455,426,631,664,679,683,543,477,642,675,682,684,685,550,662,525,657,532,652,527,463,644,521,648,524,460,430,633,665,680,535,658,532,651,678
0.3528,558,621,632,581,635,643,593,566,557,558,624,636,636,583,636,643,643,587,565,562,568,622,632,580,568,566,565,552,616,572,630,586,622,576,633,642,592,626,578,634,643,642,587,565,564,627,586,622,576,565
0.3873,543,602,619,584,627,632,589,572,573,576,619,625,628,590,630,633,632,588,579,580,579,615,625,589,583,580,569,563,619,587,623,586,617,585,629,633,590,619,586,630,634,632,588,579,579,621,586,618,585,582
0.0956,420,632,670,523,655,675,534,461,422,402,629,667,680,533,659,670,684,534,463,426,408,629,669,523,455,424,391,380,629,498,644,511,656,514,653,675,533,662,520,657,677,683,533,462,426,635,506,659,514,450
0.1887,420,625,656,551,644,660,548,506,490,485,622,659,668,560,648,662,674,559,516,500,471,636,661,554,516,478,470,468,627,541,634,531,646,546,643,659,548,650,551,646,660,673,558,515,501,628,529,645,542,512
0.2917,481,617,640,575,628,662,574,554,545,526,623,647,652,583,631,650,658,585,558,533,529,630,647,581,542,533,532,536,622,557,630,565,636,575,628,648,574,640,578,630,649,657,584,559,535,628,563,635,575,540
0.5911,594,584,579,608,584,582,622,625,623,627,596,594,586,610,586,584,588,617,620,626,628,603,591,613,625,633,635,628,594,620,594,627,598,617,588,586,623,596,615,588,586,588,618,621,626,596,626,598,616,621
0.5334,597,596,591,605,600,605,612,610,611,618,610,603,595,606,602,606,602,608,610,618,618,607,596,607,617,622,620,614,600,615,609,617,599,608,602,601,614,598,607,602,605,602,608,610,617,609,615,599,608,617
0.7279,622,559,528,636,561,544,626,644,659,660,583,547,525,635,562,545,528,621,651,656,658,578,539,640,654,658,656,657,574,646,576,637,563,646,564,548,629,557,643,566,546,530,622,648,657,580,637,563,643,656
0.9453,659,507,421,647,496,416,640,676,686,691,532,436,382,642,492,413,362,638,674,685,689,531,437,652,681,689,692,695,530,667,518,660,500,661,507,424,642,485,656,502,420,367,639,675,685,528,661,501,661,683
0.8726,652,533,474,644,529,461,639,669,677,680,547,481,450,638,525,459,433,635,666,675,677,550,484,646,671,676,684,685,551,659,534,655,527,654,536,467,640,516,652,532,463,436,636,666,675,541,657,527,653,673
0.1516,476,644,668,551,649,673,545,494,470,445,630,663,673,554,650,674,678,554,501,464,446,635,664,548,485,456,444,440,625,518,644,522,647,537,644,671,541,653,543,646,672,678,552,500,464,636,520,647,538,481
0.0290,331,634,674,509,660,684,512,412,354,311,634,675,687,521,664,687,694,524,419,356,317,633,676,511,408,349,312,289,620,470,653,486,656,497,656,683,509,664,504,660,685,693,523,421,355,647,479,656,498,398
0.4839,548,587,594,592,605,615,606,599,596,602,616,613,607,600,610,618,611,603,599,603,609,612,608,600,603,610,607,600,604,604,618,609,607,599,611,619,609,606,599,610,619,615,603,598,603,617,609,607,599,603
0.3532,545,610,626,579,632,639,587,563,560,562,621,632,634,584,634,640,639,583,569,567,570,618,629,581,571,571,560,550,622,579,626,581,620,577,632,639,588,623,579,632,640,640,583,569,567,624,581,620,578,569
0.6231,592,565,564,624,590,574,613,630,640,639,594,570,569,627,593,575,562,619,637,638,636,586,575,630,635,635,632,639,594,630,591,619,583,632,596,577,613,579,630,596,577,562,620,637,638,594,619,583,632,637
0.7788,631,547,516,635,557,509,633,658,664,665,564,523,507,634,557,508,495,633,655,661,662,566,526,639,657,661,669,671,572,648,555,646,552,645,564,514,635,544,643,561,512,497,634,656,661,562,647,553,645,659
0.5229,587,598,606,611,597,597,612,618,614,608,601,603,609,612,598,597,602,616,614,608,610,606,610,612,607,610,616,620,607,605,599,614,612,613,599,597,612,611,613,599,598,602,616,614,609,601,614,612,612,608
0.1637,464,635,662,549,650,670,550,503,474,451,635,662,671,556,652,671,676,559,503,469,457,633,661,551,487,466,456,454,622,520,646,532,646,540,646,669,548,651,545,648,670,676,559,503,468,640,530,645,541,484
0.4971,562,591,595,595,604,622,609,603,599,605,613,612,606,601,608,615,612,604,601,606,614,611,606,601,604,613,610,604,601,603,614,610,605,601,608,615,611,606,601,609,615,612,605,600,606,614,611,606,600,605
0.3995,557,606,617,586,627,631,594,574,575,579,619,625,624,591,630,633,630,589,580,582,585,618,621,588,584,585,576,567,617,590,623,590,614,586,628,632,595,617,587,629,632,631,588,581,581,622,590,614,586,583
0.5187,574,581,593,610,607,601,600,608,616,617,605,594,599,614,610,602,594,607,616,617,612,597,600,615,617,612,605,610,609,616,605,603,602,614,611,603,601,602,614,611,603,594,608,615,617,606,602,602,615,617
0.3563,529,611,637,589,626,632,584,571,569,565,614,632,645,593,629,633,640,589,578,569,555,618,640,590,573,557,554,558,623,583,619,577,633,587,627,632,584,637,589,628,633,640,588,577,569,616,576,634,588,573
0.7909,623,533,506,631,542,503,638,658,664,665,563,521,504,632,545,504,492,632,655,661,667,560,523,638,657,666,672,672,574,647,554,652,555,645,553,510,641,547,642,551,508,494,633,656,661,561,653,555,645,660
0.8258,652,542,502,635,534,491,639,662,668,674,553,506,486,631,531,490,473,631,657,668,675,557,510,638,664,674,676,677,566,653,541,655,548,646,541,496,641,541,643,539,494,476,632,659,667,549,653,550,646,666
0.8946,658,524,463,640,504,446,639,669,679,685,540,472,437,635,500,444,417,630,663,679,684,542,475,644,675,682,685,686,546,667,529,658,532,653,515,454,643,520,649,511,450,421,632,667,680,534,654,531,653,678
0.2451,524,629,649,559,646,658,574,527,514,511,628,649,654,562,647,659,660,567,533,520,517,625,646,558,529,521,515,496,629,548,637,562,632,550,643,656,573,636,554,644,659,659,567,532,517,633,560,632,550,526
0.7118,603,545,531,630,567,546,621,645,655,656,584,544,534,633,569,548,526,624,648,652,653,573,546,637,650,653,651,657,579,642,579,631,568,642,575,553,625,564,640,573,552,528,624,649,653,583,633,569,642,652
0.5605,591,587,591,618,599,586,610,623,627,623,596,589,592,619,600,587,586,617,625,619,617,597,595,621,622,617,620,627,609,619,594,612,599,622,601,588,611,598,621,601,588,586,617,625,623,596,613,596,622,622
0.7140,618,555,541,627,562,534,634,649,652,652,574,548,540,628,563,535,530,629,645,648,644,574,551,631,646,652,662,661,589,638,568,645,573,636,570,539,637,567,635,567,537,531,630,646,649,573,646,573,637,647
0.8033,647,545,512,633,539,502,638,659,664,669,558,518,500,630,538,501,487,630,655,664,672,561,523,636,659,671,673,673,570,649,547,650,554,644,545,507,640,548,641,543,504,490,631,655,663,554,652,554,644,662
0.5187,600,604,599,601,601,607,612,609,606,611,610,609,602,602,602,607,607,609,604,610,618,610,602,603,609,618,617,610,599,609,622,616,604,603,602,607,614,604,603,602,605,607,608,605,610,609,615,604,603,610
0.8312,638,541,482,642,531,490,634,658,673,676,560,512,471,635,527,489,476,625,662,670,674,563,498,641,666,673,674,673,560,659,550,650,539,651,538,496,637,530,647,534,494,478,625,663,671,556,650,540,650,669
0.9494,662,510,419,649,494,410,639,676,687,691,529,437,378,643,489,407,362,630,673,685,690,532,434,653,682,690,692,695,528,668,516,661,512,664,507,422,643,498,660,502,417,370,632,673,688,524,661,512,664,684
0.9313,661,518,436,647,505,432,640,675,684,688,540,446,399,641,500,429,380,638,672,682,686,536,449,650,678,685,691,693,536,665,526,660,507,659,514,440,643,492,654,509,436,385,638,672,682,536,661,507,659,680
0.4048,562,617,631,599,618,624,593,589,586,576,611,627,633,601,619,624,632,601,591,578,572,621,631,599,581,573,577,582,617,587,614,588,625,597,617,623,593,628,598,617,622,632,598,591,578,611,584,624,597,580
0.5199,579,597,601,604,595,600,616,615,609,606,605,608,607,617,598,601,608,613,609,606,612,610,607,608,605,611,619,615,604,604,603,617,609,608,598,601,616,608,608,597,601,608,613,609,605,603,617,609,609,605
0.9143,652,511,444,638,492,420,640,671,680,687,534,457,418,633,492,428,397,631,666,681,686,536,461,644,677,675,688,689,541,669,522,660,524,655,508,440,644,512,650,503,436,402,633,668,682,529,660,523,654,680
0.3473,560,619,629,582,636,642,590,559,556,558,624,634,635,584,637,652,642,583,565,563,566,620,631,581,567,557,560,547,617,573,628,584,620,576,634,642,590,624,579,636,643,643,583,565,562,627,583,621,577,565
0.8854,638,517,456,642,515,460,634,670,678,683,547,476,436,641,514,460,427,631,666,677,680,547,475,649,673,679,681,687,544,662,536,653,530,659,528,473,638,518,655,524,467,433,633,667,677,543,653,529,658,676
0.6547,615,575,564,629,585,561,619,641,645,644,586,573,560,627,585,561,552,630,639,641,639,584,569,630,640,638,641,648,593,633,582,626,579,633,589,563,620,575,632,587,562,552,627,640,643,584,627,579,634,640
0.2798,514,631,649,578,633,647,570,548,543,528,620,650,655,583,634,648,660,579,555,535,521,632,649,578,544,524,523,525,623,571,627,558,637,572,632,646,568,642,575,633,647,658,577,555,536,623,557,638,573,542
0.5922,589,579,582,611,580,578,623,628,627,625,593,588,588,615,583,580,583,619,623,623,630,599,593,617,621,630,631,634,597,613,590,628,601,619,585,581,626,599,618,584,580,582,620,624,623,592,628,600,619,621
0.7284,629,564,541,622,552,535,630,647,649,659,575,550,536,621,552,535,530,624,641,655,660,580,550,626,651,659,660,658,572,643,567,641,573,632,565,541,634,568,630,562,539,534,625,642,655,572,642,574,632,653
0.5197,596,598,592,605,604,609,610,604,609,615,612,605,596,605,606,609,603,603,608,615,618,607,597,606,614,618,614,607,601,614,612,611,599,608,606,610,610,598,607,606,610,603,603,608,616,612,611,598,606,614
0.3830,550,605,623,586,627,633,587,572,572,576,619,624,631,590,630,634,631,589,579,580,576,613,627,588,582,578,565,563,622,589,622,583,589,584,627,632,588,621,587,629,633,631,588,579,579,621,583,619,585,581
0.2193,477,621,654,555,643,657,559,520,505,502,624,652,665,563,646,660,665,562,524,511,497,625,657,558,524,503,485,484,628,546,635,545,646,551,642,657,558,652,555,644,658,664,562,525,511,628,543,646,552,521
0.8668,627,505,459,635,526,459,641,667,675,678,547,484,453,637,530,462,437,635,665,673,678,541,482,644,669,677,683,684,553,657,536,660,532,653,539,470,646,522,649,536,467,441,636,666,674,544,661,532,651,672
0.9757,671,497,400,646,487,391,647,680,690,695,515,412,351,638,482,387,331,634,674,687,693,516,414,649,683,692,695,697,528,670,495,665,498,662,501,401,650,484,657,495,396,338,636,676,687,508,666,499,661,685
0.5267,604,606,600,602,600,603,622,613,606,612,607,608,602,602,599,603,606,610,606,611,619,611,602,604,610,618,620,615,598,609,605,617,604,606,600,603,615,603,604,599,603,607,610,607,611,606,617,604,604,611
0.9857,659,488,384,642,467,369,641,679,690,695,515,405,337,636,463,367,309,629,674,688,694,517,407,648,686,693,696,699,528,674,500,665,500,662,485,383,646,483,656,479,378,317,631,676,689,509,666,499,661,686
0.1404,483,638,669,542,655,672,550,482,454,440,630,661,675,541,656,673,677,551,489,459,446,628,664,533,480,456,439,421,631,513,642,530,646,521,649,666,547,653,527,652,671,676,549,488,459,636,528,646,522,473
0.0669,363,627,669,512,656,678,527,442,396,366,628,671,683,524,661,681,689,527,444,401,376,631,671,515,436,395,361,346,627,486,645,502,657,504,655,678,526,665,512,658,679,689,526,444,399,636,498,657,505,430
0.4622,522,586,610,600,606,606,598,601,601,594,603,613,622,608,611,609,616,607,604,596,589,612,622,608,597,589,594,599,614,599,605,598,619,606,611,609,600,620,608,612,610,616,607,604,597,605,598,619,607,597
0.1467,449,636,664,548,647,672,544,491,468,437,636,664,674,554,650,674,679,553,500,457,443,634,664,547,479,454,442,437,624,513,643,522,647,537,643,670,541,654,542,646,672,678,553,499,456,635,519,646,537,473
0.9436,641,489,412,637,494,413,642,674,684,690,524,437,388,636,495,415,372,632,671,684,690,528,440,645,680,688,692,692,538,666,508,662,513,657,512,426,646,500,653,508,423,377,634,671,685,520,662,513,657,683
0.5471,609,599,590,609,599,604,614,613,615,622,610,600,590,609,598,603,597,607,612,620,627,606,592,609,620,625,621,616,598,618,607,616,596,610,600,603,614,595,610,600,603,597,607,613,635,608,617,596,610,627
0.5398,589,587,587,611,604,600,607,609,617,624,606,595,590,613,607,601,593,606,616,623,620,600,593,614,623,620,614,613,603,621,606,610,596,614,607,602,608,595,614,607,602,593,606,616,623,606,610,593,615,623
0.1585,469,630,664,542,650,667,547,494,469,460,627,659,673,548,652,669,674,548,497,474,464,627,663,541,494,473,445,440,628,524,639,528,651,533,648,666,546,657,538,651,666,673,548,497,474,632,525,651,534,490
0.1330,397,631,663,535,650,669,535,477,450,439,625,665,677,544,654,671,681,545,486,459,427,636,667,538,483,440,423,420,627,518,640,514,649,527,647,667,533,656,533,650,669,681,544,486,458,631,509,649,527,476
0.4655,533,593,608,596,600,610,603,605,597,588,607,618,620,604,604,613,620,610,600,589,594,615,619,603,592,594,599,604,611,593,609,603,617,603,606,613,605,618,603,606,612,620,610,600,591,609,602,617,603,592
0.3373,533,619,634,576,627,645,588,570,552,548,628,640,642,581,630,647,645,592,562,553,554,625,637,578,559,556,559,557,614,569,634,582,628,574,627,645,588,631,577,628,646,647,592,562,553,630,581,628,575,557
0.7991,628,543,501,631,534,503,632,654,665,672,563,524,496,630,535,504,494,624,655,667,670,568,517,637,663,669,671,669,564,657,556,647,553,645,544,510,635,546,641,541,508,496,626,655,667,560,647,553,644,665
0.7422,633,561,525,638,559,538,627,648,661,663,580,541,518,636,558,537,520,622,653,659,660,576,533,641,656,659,659,660,571,648,573,638,559,647,564,532,628,553,643,562,540,522,623,653,658,574,639,560,646,658
0.8301,642,536,491,641,537,498,632,664,672,674,565,499,475,638,536,497,462,635,662,669,672,554,502,645,666,671,673,676,558,656,555,647,535,651,544,503,634,526,647,541,501,463,637,663,670,561,647,535,651,668
0.3077,528,627,647,583,633,641,574,556,552,545,616,641,651,586,633,641,652,581,563,552,533,626,647,582,558,536,535,537,624,570,622,568,637,577,630,639,576,641,580,633,640,650,580,563,551,618,566,637,577,556
0.5015,558,592,605,603,597,601,608,612,607,600,603,609,613,608,600,604,610,613,608,600,603,610,613,608,601,604,610,606,608,600,603,609,613,608,602,604,610,613,608,600,603,609,613,608,601,603,610,614,608,601
0.5526,594,595,593,605,592,594,618,618,615,616,602,603,596,608,593,594,600,613,613,615,622,608,599,608,614,622,626,623,598,612,600,621,603,610,595,596,619,601,610,594,595,600,614,612,614,600,620,603,610,606
0.2663,511,623,644,564,645,656,579,540,521,517,629,646,652,568,648,657,659,577,537,526,524,627,645,564,536,528,527,514,619,547,636,567,632,558,643,656,578,636,561,646,656,659,576,537,526,633,566,633,558,533
0.3665,533,601,621,579,628,635,587,566,564,567,621,630,632,585,633,638,637,586,573,572,573,616,627,583,572,576,564,555,621,583,625,583,619,579,630,637,588,621,582,631,637,636,585,573,571,623,583,619,578,573
0.4883,563,585,600,606,611,607,596,602,608,609,607,602,608,610,614,609,603,604,609,610,603,600,608,610,609,603,596,602,613,610,608,597,607,610,616,609,598,608,609,614,609,604,602,609,615,607,597,608,610,609
0.7888,624,540,508,635,553,501,634,658,665,666,560,517,501,635,554,500,489,634,656,662,662,564,522,641,660,662,674,673,570,648,552,647,549,646,561,508,636,541,643,558,506,490,634,663,662,559,649,549,646,661
0.4404,567,612,623,601,610,617,600,602,594,584,609,622,626,602,611,617,625,609,596,586,586,617,624,601,587,586,591,598,613,591,611,597,621,600,610,617,599,622,601,610,617,625,608,596,586,610,597,620,601,587
0.1787,465,632,661,552,647,667,553,510,480,463,633,660,668,558,650,669,674,563,509,477,467,633,659,551,496,474,468,467,622,525,645,538,644,542,644,666,552,647,547,646,667,673,562,508,477,638,535,644,544,491
0.9498,642,489,409,639,479,399,639,674,686,691,522,432,381,637,479,400,359,629,673,684,690,527,435,647,680,689,687,694,535,671,512,662,512,660,497,414,645,497,655,491,410,364,632,673,686,520,662,512,659,683
0.3940,575,614,622,589,630,633,594,574,575,579,620,626,626,590,630,633,631,588,580,581,583,615,622,588,583,584,574,565,617,589,622,590,614,584,628,631,593,617,586,629,633,631,588,580,580,623,589,613,585,581
0.7004,609,549,538,630,571,550,619,644,653,654,584,547,540,633,573,551,530,623,646,651,651,572,551,636,648,649,659,655,581,641,579,629,571,641,578,555,622,566,639,576,554,531,624,647,651,581,630,570,641,650
0.6540,608,571,563,626,582,557,621,642,644,643,583,565,562,626,582,557,554,627,639,639,638,585,570,629,637,637,643,646,594,632,578,628,580,632,586,559,622,578,630,585,559,554,628,640,640,582,627,581,632,638
0.5676,591,587,594,613,589,584,618,626,624,619,595,593,597,615,590,585,588,620,621,618,620,599,599,617,619,620,627,630,604,613,593,622,604,618,592,586,620,603,617,592,585,588,620,622,618,594,622,604,619,618
0.3828,551,617,628,586,619,634,594,584,568,564,622,634,635,590,621,635,639,601,577,565,570,623,629,587,571,571,574,575,613,577,625,591,624,585,618,639,594,626,587,620,635,640,599,576,566,623,589,624,585,569
0.9695,653,487,395,642,471,382,641,676,688,693,518,417,357,637,469,382,332,629,673,686,692,520,419,648,682,691,695,696,530,675,504,664,504,661,489,396,645,488,656,484,392,341,631,675,687,512,664,504,660,686
0.2140,515,633,654,551,649,662,568,514,498,492,630,656,659,555,650,664,665,562,520,504,498,627,652,551,515,503,497,476,631,537,639,554,635,541,644,660,566,640,545,649,661,664,560,520,505,634,552,636,542,511
0.2060,464,613,654,548,644,660,554,512,496,490,626,650,665,558,648,662,663,564,518,504,500,622,658,551,516,505,477,474,630,538,636,545,643,543,643,659,555,648,547,646,662,664,562,520,503,631,539,643,543,511
0.8085,596,526,492,644,543,494,633,660,667,669,560,509,488,636,545,496,476,634,659,666,667,560,513,642,662,666,674,676,565,652,551,648,544,648,553,502,636,534,645,550,501,478,635,660,667,558,649,543,648,664
0.7336,629,556,537,630,558,528,636,652,656,655,572,541,532,629,558,527,521,630,647,652,657,571,544,633,648,656,663,648,584,640,564,646,568,639,566,532,637,562,636,562,530,522,630,649,652,569,648,568,639,650
0.7159,637,567,551,626,559,539,632,647,650,652,574,551,545,624,558,539,534,625,642,648,659,578,557,628,644,658,659,657,581,636,566,641,577,634,564,542,634,572,632,562,540,535,626,642,648,571,642,577,633,646
0.5344,600,600,594,602,598,602,614,612,609,616,607,605,596,604,599,603,602,609,607,617,622,609,598,604,614,622,620,615,596,613,606,616,601,606,599,603,615,600,605,599,603,600,609,607,614,607,616,600,606,614
0.5380,590,590,584,608,602,602,610,607,614,622,609,599,589,610,603,603,596,603,613,621,622,603,591,610,621,622,617,610,600,619,608,613,593,612,604,604,611,593,610,603,604,597,603,613,621,609,613,593,611,621
0.0633,411,636,674,514,659,681,528,439,391,366,630,669,684,521,662,682,687,536,447,398,371,629,672,511,431,388,359,340,628,482,647,503,652,496,655,678,526,660,504,658,680,687,535,446,397,639,500,652,498,423
0.7145,586,540,529,626,567,534,622,648,653,654,575,544,535,630,571,537,526,631,648,651,651,575,548,635,649,650,655,662,582,640,570,635,566,639,577,541,627,560,637,575,540,527,632,648,652,575,638,565,642,650
0.8250,642,532,493,636,538,487,640,663,670,671,556,505,483,635,537,486,469,633,659,667,673,552,505,641,662,671,677,677,565,652,546,656,545,649,548,492,643,536,645,545,490,472,634,660,667,553,656,546,648,665
0.0116,399,652,684,508,664,690,506,396,326,279,633,677,689,513,665,689,696,516,404,331,284,633,677,502,391,322,277,247,619,459,654,473,657,487,657,685,502,665,495,661,687,694,515,402,330,643,469,657,487,379
0.3545,496,603,622,572,626,640,592,570,554,555,625,636,636,580,631,644,643,591,564,561,562,623,632,578,565,565,568,560,611,572,630,588,625,574,629,643,594,627,576,630,643,644,591,564,561,628,587,625,574,564
0.7480,620,556,516,628,551,530,627,644,659,663,576,544,514,629,552,531,522,619,650,659,661,579,530,634,656,661,660,658,574,651,569,641,557,641,559,536,631,554,638,556,534,525,621,651,660,574,641,559,640,658
0.5191,591,591,595,611,610,604,603,607,615,618,607,597,597,613,611,604,596,605,613,618,614,600,599,613,618,613,607,609,608,617,606,605,601,613,611,604,605,600,614,612,604,596,605,614,618,606,605,600,613,618
0.1570,461,631,664,543,649,666,549,495,471,461,626,661,673,550,652,667,676,549,499,476,457,630,663,542,496,467,446,441,628,525,638,530,650,534,647,665,547,657,539,650,667,676,548,505,475,631,527,650,535,491
0.9862,641,464,366,641,476,373,645,679,690,695,522,409,339,640,477,375,314,634,677,688,695,510,402,651,683,694,697,699,522,670,505,669,494,663,497,389,651,477,658,491,386,320,637,677,689,517,670,495,663,687
0.6262,625,589,583,619,578,571,626,634,634,633,589,580,580,618,577,570,571,621,629,628,637,593,585,620,627,637,642,641,594,621,584,632,595,624,580,571,628,593,622,580,570,571,621,629,630,586,632,596,623,629
0.1032,437,639,669,530,662,678,537,470,422,403,634,667,679,536,663,679,684,547,465,428,409,639,667,529,459,424,407,399,621,488,647,513,648,516,656,676,534,656,522,660,678,683,546,464,427,641,511,649,517,451
0.3747,521,599,616,578,630,635,592,567,564,567,622,630,622,587,634,639,638,586,572,572,576,618,625,585,575,577,570,559,615,580,618,587,618,581,632,637,593,619,583,633,638,637,586,572,572,625,588,618,582,574
0.0653,394,633,673,511,659,681,532,440,390,364,631,669,684,520,663,682,687,535,447,397,372,629,673,511,430,387,365,339,628,486,647,506,652,497,655,678,530,660,504,659,681,687,534,445,397,639,503,653,497,422
0.5888,559,560,571,616,591,577,610,626,632,630,593,579,581,623,596,571,573,619,630,629,627,592,585,624,628,626,626,633,602,624,592,616,591,626,598,582,613,589,625,598,581,575,619,630,630,594,617,591,626,628
0.7389,622,549,530,629,560,524,636,653,657,657,569,539,529,630,560,524,517,631,647,655,656,569,541,635,650,654,665,664,581,641,562,648,566,640,567,529,639,559,637,565,527,518,632,650,653,567,648,566,640,652
0.8330,652,538,495,636,530,485,640,662,670,673,550,501,479,633,528,484,466,631,659,667,677,553,504,640,663,675,678,678,567,652,537,654,544,647,538,490,642,537,644,534,488,468,633,660,667,545,654,544,647,665
0.3873,562,619,627,583,622,638,599,581,565,567,625,631,632,584,623,638,638,596,571,571,573,622,628,583,574,575,580,572,608,581,629,594,621,580,620,637,598,623,581,621,638,637,596,573,571,626,595,621,581,572
0.6872,612,567,543,622,564,554,624,636,646,649,586,564,542,624,567,554,549,617,639,651,651,588,553,627,648,651,650,646,581,644,581,637,572,631,572,558,627,567,629,570,557,551,618,639,652,584,634,571,631,650
0.7388,629,556,526,636,560,540,625,649,660,661,582,539,520,635,560,540,518,623,651,657,659,573,535,640,655,658,657,662,572,647,575,638,561,646,566,544,628,555,643,564,543,521,624,652,658,579,637,561,645,656
0.7421,627,554,529,634,565,531,627,654,659,660,575,534,522,633,563,531,511,633,652,656,657,569,538,638,653,656,659,667,576,644,568,637,558,643,569,535,628,551,640,567,533,512,634,652,656,573,638,558,642,655
0.7271,623,555,537,630,564,529,634,651,655,655,571,542,534,629,564,529,522,631,647,652,653,570,545,633,648,651,661,662,583,639,564,644,567,639,570,533,635,562,637,568,531,522,630,648,652,569,645,568,639,650
0.6174,614,583,583,617,577,571,627,633,632,629,588,580,582,618,577,571,573,621,628,626,635,594,588,620,625,634,642,640,595,619,584,631,597,623,580,573,627,595,622,580,570,575,622,629,627,587,632,596,623,625
0.9807,662,489,388,640,484,382,645,679,689,695,514,407,341,636,480,376,321,631,675,688,693,516,408,649,683,692,696,698,528,669,494,665,497,661,500,395,648,483,656,495,390,328,634,677,689,507,666,498,660,687
0.8283,652,548,494,638,528,491,635,659,672,676,557,510,477,634,525,488,473,625,660,671,674,561,503,640,666,673,674,674,559,659,547,650,544,649,536,494,638,535,645,532,492,476,627,661,671,553,650,545,649,669
0.8563,650,537,475,644,525,478,634,666,676,679,554,494,454,639,523,477,452,629,664,674,678,555,486,647,670,676,678,681,548,659,542,650,534,657,537,484,636,525,652,531,481,456,630,664,674,549,651,535,656,673
0.6523,616,571,562,629,587,563,617,638,645,644,585,560,558,628,586,563,551,624,640,642,640,582,566,630,639,640,639,647,591,633,583,624,578,633,590,565,618,573,632,588,564,551,624,640,642,586,625,577,633,640
0.3168,521,622,644,584,630,638,575,558,555,546,615,640,649,587,632,640,650,583,566,551,536,626,644,584,558,539,539,541,622,570,622,565,635,567,628,637,574,639,581,629,639,649,582,566,551,618,564,635,579,555
0.7811,629,538,512,629,538,507,636,656,662,662,564,525,509,630,540,508,496,630,653,657,668,563,526,636,653,666,670,670,576,643,556,650,558,642,548,513,640,551,640,545,510,498,631,653,657,562,651,558,642,656
0.4533,581,614,616,594,611,621,604,598,588,589,615,622,619,595,612,620,624,603,590,590,595,617,618,595,592,595,602,595,605,594,617,607,614,593,610,621,609,615,594,610,620,625,604,590,589,615,607,614,593,590
0.3335,531,613,629,574,636,644,589,560,549,550,625,638,638,580,639,645,646,584,560,556,557,622,633,577,562,559,558,546,617,569,630,583,624,572,634,644,589,627,574,636,644,645,584,560,555,628,582,624,572,559
0.5926,589,574,568,616,591,585,612,620,630,635,601,582,574,620,595,587,576,611,627,634,632,594,579,621,632,631,628,627,594,629,599,617,587,623,597,589,615,584,622,595,589,577,610,626,633,601,618,583,625,634
0.8458,640,529,482,640,529,488,633,665,673,676,560,490,465,638,530,487,451,637,671,671,673,551,494,646,668,673,676,681,555,657,550,649,531,652,540,494,635,520,648,536,493,453,637,664,672,558,650,531,651,669
0.5338,583,592,600,614,600,590,609,620,620,616,596,577,601,615,601,590,595,616,618,614,609,600,602,616,614,608,615,621,606,612,593,611,605,617,602,591,609,604,617,601,591,594,616,619,615,594,611,605,617,615
0.5247,577,594,602,606,594,597,613,616,612,606,601,604,607,610,596,597,602,615,612,606,609,606,609,610,606,615,617,619,605,605,600,614,610,611,596,598,613,610,611,597,598,602,615,612,606,598,615,610,611,606
0.7141,627,563,547,621,559,540,631,646,649,655,575,552,545,623,560,540,535,625,641,650,658,577,557,626,646,658,658,656,577,639,567,640,578,631,565,543,633,573,630,563,542,536,625,641,650,572,641,578,631,648
0.1720,479,634,660,547,655,669,556,503,470,460,632,659,667,552,657,671,673,561,499,476,466,630,658,545,496,475,467,457,623,516,642,538,641,535,651,667,555,647,540,654,669,673,561,499,475,637,537,642,536,491
0.8537,625,525,466,639,521,477,633,662,674,678,553,498,456,642,523,468,458,627,664,673,676,558,486,648,669,676,678,679,548,659,543,650,535,657,535,486,638,526,652,531,483,463,629,664,673,550,651,535,656,673
0.3063,540,620,644,577,635,644,574,552,547,549,620,638,649,579,636,645,645,577,557,554,543,617,642,576,559,547,531,532,626,572,627,564,634,571,633,643,572,638,574,635,644,645,576,557,553,623,564,635,572,558
0.6600,590,560,555,622,577,550,621,641,644,643,579,563,559,625,579,551,550,628,638,640,638,584,568,629,638,636,645,651,594,632,575,630,579,632,583,554,623,575,630,582,553,550,628,640,641,578,630,579,632,639
0.3754,543,622,632,591,619,632,589,582,573,560,616,637,638,594,620,632,642,597,580,564,562,625,634,592,569,564,566,572,617,576,619,583,625,589,618,630,588,630,591,619,631,641,597,581,565,617,582,627,589,568
0.1851,463,630,657,546,646,666,554,514,482,467,633,659,667,557,649,667,672,565,510,482,473,632,658,552,500,481,474,472,622,528,645,540,643,544,643,666,553,648,548,645,667,671,564,511,482,638,537,643,544,495
0.4497,550,596,604,588,612,622,603,591,586,591,618,619,615,594,617,625,622,599,589,593,599,614,614,594,593,598,597,589,606,595,620,603,611,593,615,625,606,612,593,616,625,623,599,589,592,620,603,611,592,593
0.6976,614,563,537,629,567,554,623,638,651,654,588,557,537,631,569,556,541,618,644,651,651,583,548,636,649,651,650,649,578,642,582,633,568,639,572,559,626,563,637,572,558,543,618,644,652,585,633,568,638,651
0.4713,577,594,608,605,615,611,596,598,603,605,609,604,612,606,613,613,606,601,604,606,599,603,611,606,606,599,591,596,615,608,610,595,609,606,615,612,593,609,606,616,612,606,601,604,606,610,595,609,606,607
0.7798,622,542,513,634,555,507,632,657,663,664,563,522,506,634,555,508,494,633,655,661,661,565,525,639,657,660,669,671,572,647,555,645,551,645,563,513,634,544,641,561,512,496,634,655,660,561,646,552,644,658
0.2283,501,636,656,569,639,659,561,528,518,496,625,655,662,573,640,659,667,569,537,508,496,633,655,568,521,501,497,497,623,543,635,546,641,560,635,657,558,646,564,638,658,666,569,536,508,629,543,640,560,518
0.9417,645,491,413,638,494,413,642,674,684,690,523,436,387,636,494,413,371,632,670,684,689,526,438,645,680,688,691,693,538,666,508,662,511,658,510,425,646,498,653,505,422,376,635,672,685,518,663,511,657,683
0.5155,604,604,599,602,604,609,612,608,605,610,611,607,600,603,603,609,607,606,604,610,617,609,601,603,610,618,615,609,599,609,611,613,603,603,603,609,612,602,603,603,609,607,606,604,610,611,613,602,603,610
0.1523,459,629,661,535,653,670,556,486,460,448,630,660,669,541,656,671,676,551,493,466,454,629,660,534,484,463,454,429,631,516,643,536,642,523,649,668,553,649,529,652,670,674,549,492,465,637,534,642,524,478
0.4703,543,580,600,599,613,611,593,595,601,604,609,604,612,605,616,614,607,601,603,605,599,602,611,605,606,599,589,595,614,608,611,593,608,604,616,614,594,609,605,616,614,607,600,603,606,610,593,609,604,606
0.1881,463,629,659,549,645,661,555,508,488,482,624,659,668,557,648,662,673,556,512,495,471,629,659,550,511,478,466,463,627,536,635,538,648,543,644,660,554,653,548,646,661,672,557,512,494,629,535,648,545,508
0.8017,616,522,496,630,538,495,637,659,664,666,561,515,497,632,541,498,484,632,656,662,669,557,516,639,658,668,673,674,570,648,551,653,551,646,551,504,642,544,643,548,502,486,633,657,663,557,654,551,646,661
0.4050,567,620,626,591,616,629,599,590,577,572,619,630,630,593,616,630,636,601,583,571,577,622,627,591,577,578,582,583,611,582,621,595,621,589,614,628,598,623,590,615,629,635,601,583,574,620,594,622,590,576
0.9154,647,507,442,637,493,429,638,670,681,687,533,457,418,635,491,429,397,633,668,681,685,536,461,645,676,684,688,688,541,669,522,659,524,656,508,440,643,511,651,503,435,401,631,668,681,528,660,524,654,679
0.4306,582,611,614,593,625,627,598,582,584,586,618,620,617,595,626,627,624,592,588,591,594,613,614,593,592,594,586,577,612,595,619,595,608,591,623,626,598,611,592,623,627,624,592,588,591,618,595,609,591,591
0.9810,654,488,386,645,476,379,639,678,690,694,519,410,341,642,474,377,319,628,674,687,691,522,410,654,684,692,696,699,519,670,503,663,502,666,494,392,645,486,661,489,387,329,630,675,688,514,664,502,666,687
0.5481,596,592,596,618,601,590,608,619,624,620,596,592,596,618,601,590,589,615,622,619,613,597,598,619,618,614,615,622,610,616,595,610,600,620,602,590,608,599,619,602,590,588,615,622,620,597,610,600,620,619
0.5623,585,585,592,610,590,584,616,629,623,618,594,592,596,615,592,585,588,619,621,618,618,598,598,616,616,618,624,629,604,613,592,618,603,618,594,585,616,601,618,593,584,588,619,621,618,594,619,603,618,618
0.0140,377,645,681,507,662,687,507,397,331,285,633,676,688,515,665,688,695,517,406,335,290,633,677,503,394,326,284,257,619,460,654,477,656,488,657,684,503,665,496,660,686,694,516,405,335,643,471,657,489,383
0.3845,508,599,616,575,620,634,597,578,564,567,623,629,630,585,625,638,637,594,572,572,574,620,627,584,575,576,580,570,610,579,627,594,620,580,624,637,599,621,582,625,637,637,588,571,572,626,594,620,580,574
0.0815,403,634,669,512,657,679,555,446,403,381,632,669,678,534,663,681,687,537,455,410,387,630,668,525,447,405,384,359,623,480,647,508,647,512,658,678,531,655,520,660,680,685,536,455,410,640,505,648,513,438
0.3006,486,600,634,567,634,644,571,546,540,542,622,637,648,575,638,648,647,577,554,549,544,617,641,572,553,547,529,526,627,568,625,564,630,566,635,646,573,634,569,633,646,647,577,554,548,625,563,630,567,551
0.8833,633,512,453,639,517,459,638,669,674,680,548,472,438,638,518,459,421,636,667,675,679,545,475,647,672,678,685,686,547,661,537,657,521,655,529,467,642,509,650,525,464,425,638,667,676,546,658,521,655,674
0.8591,651,525,475,639,530,467,643,668,675,677,550,488,460,637,528,466,443,634,664,672,678,543,487,643,668,676,685,682,556,656,537,659,535,653,540,474,645,524,648,536,471,446,635,664,672,545,660,535,652,670
0.6221,619,585,590,617,579,572,626,633,633,632,589,573,580,620,578,572,572,621,629,629,637,594,586,619,626,636,642,639,593,621,584,631,595,622,580,573,621,593,622,580,572,573,621,628,629,587,631,595,622,627
0.7115,627,567,545,621,557,541,629,644,646,656,577,556,543,621,557,541,539,622,638,653,658,583,556,625,650,657,657,655,574,644,572,639,575,629,562,545,631,570,627,562,543,539,623,638,652,575,639,575,630,650
0.5585,602,591,580,609,596,598,613,611,619,627,608,595,583,611,597,599,592,605,616,625,626,602,586,612,623,626,622,617,597,622,606,616,591,612,599,600,613,590,611,597,600,586,606,616,626,608,616,591,612,624
0.2235,499,622,654,553,645,659,561,518,503,498,626,649,661,559,647,660,662,564,525,510,500,623,652,554,521,511,491,482,629,543,636,548,639,545,642,657,560,643,549,644,659,662,564,524,509,631,546,639,546,517
0.2557,473,612,647,563,637,650,565,535,526,524,621,646,659,571,641,652,658,569,541,533,514,624,652,566,542,519,507,507,627,561,630,554,642,561,637,649,564,647,564,639,651,655,568,541,532,625,550,642,568,539
0.5208,556,583,599,607,597,594,608,618,614,609,597,602,608,612,601,595,601,617,614,609,606,604,608,613,609,605,612,620,610,608,598,608,610,613,601,596,609,609,613,604,596,600,616,615,609,598,610,609,613,609
0.4914,577,603,600,601,596,606,610,609,603,597,606,614,613,605,601,607,615,611,604,597,602,613,613,605,598,603,609,609,606,598,606,610,612,605,601,607,610,612,605,601,607,614,610,604,598,606,610,612,605,598
0.9811,658,485,384,642,475,370,642,678,688,694,514,405,340,636,480,379,319,631,674,688,693,515,407,647,683,692,696,698,526,668,494,664,498,660,494,394,648,483,655,495,390,328,633,675,689,507,666,498,660,686
0.7296,636,571,532,629,557,539,628,644,655,661,578,552,525,627,555,537,531,619,647,657,659,582,538,631,654,657,658,656,574,649,572,653,563,638,561,541,630,557,635,558,539,533,617,646,657,575,637,562,636,656
0.5760,601,583,580,618,599,591,610,618,628,630,602,585,582,619,600,591,582,610,625,629,627,594,584,619,628,626,622,623,598,626,601,613,589,621,601,592,611,588,621,601,592,580,610,624,629,601,614,589,620,630
0.7201,618,554,538,631,570,537,624,650,655,656,577,541,532,631,569,529,522,632,648,653,652,573,546,637,649,651,652,662,580,641,571,635,564,641,575,542,625,558,638,573,541,524,631,648,653,576,634,563,640,651
0.9343,657,499,424,643,502,418,645,675,685,688,534,445,395,640,499,417,376,635,671,682,688,523,440,647,677,688,690,692,535,664,518,665,510,659,515,427,648,496,654,510,423,382,635,672,681,527,665,511,659,680
0.1813,497,643,663,560,644,669,553,509,492,463,634,660,668,564,646,669,674,561,517,478,468,633,659,558,496,478,469,466,623,522,645,536,644,549,640,666,550,650,554,642,667,672,560,518,477,639,533,644,550,491
0.4211,537,601,613,581,613,626,603,589,575,578,619,625,624,588,617,629,629,599,581,581,585,619,621,588,586,586,592,583,607,588,622,601,617,587,615,628,605,619,587,615,627,630,600,582,573,621,601,616,587,583
0.2646,503,619,641,563,643,654,579,535,520,517,627,647,650,569,646,656,658,572,537,527,524,625,645,565,537,529,528,511,621,549,635,568,631,558,643,654,578,635,562,644,656,657,572,546,526,632,568,632,559,534
0.3585,527,601,623,578,628,635,583,564,563,565,619,628,634,584,632,638,635,584,571,569,568,615,629,582,574,570,557,552,623,581,624,579,621,579,630,636,584,624,580,630,638,637,584,571,569,622,578,621,579,572
0.5726,580,573,577,617,596,583,608,622,629,628,596,583,584,621,599,582,579,616,628,627,619,592,589,622,625,622,619,627,603,623,595,615,592,625,602,587,610,591,624,600,586,579,615,628,627,595,613,592,625,626
0.6624,605,565,558,623,576,551,610,643,644,642,576,564,560,626,578,553,552,626,638,640,639,581,566,628,637,638,646,651,595,631,575,633,580,631,582,555,628,578,630,580,554,552,627,639,640,578,633,581,632,639
0.5417,594,596,599,610,592,592,617,620,628,611,598,600,604,611,591,592,597,616,614,609,616,604,604,612,608,616,623,624,604,607,598,619,607,613,593,593,617,604,612,592,593,597,616,615,609,599,621,607,613,609
0.2835,518,624,643,566,635,653,578,553,528,523,629,647,651,571,637,654,657,584,543,532,529,627,644,568,541,533,533,532,616,556,637,568,632,561,633,652,576,636,566,634,653,655,587,543,530,632,566,632,562,538
0.6225,596,576,561,613,579,577,618,624,631,641,597,582,567,615,581,576,574,613,629,638,640,596,572,618,635,638,637,634,589,633,594,626,584,621,585,579,621,582,619,583,579,574,613,626,638,595,626,593,620,640
0.5697,597,583,579,617,598,593,611,616,625,630,606,588,582,617,599,593,582,608,622,629,626,596,584,617,627,626,622,621,597,625,602,614,590,619,600,594,611,588,618,600,594,583,608,622,630,603,615,590,619,629
0.5365,584,584,592,616,604,595,604,613,623,619,601,592,596,619,606,596,590,609,622,620,614,596,598,620,618,614,610,617,609,616,601,606,599,619,607,597,604,599,618,605,596,590,610,620,619,601,606,599,619,618
0.1910,467,635,660,553,645,661,549,508,491,483,622,659,668,559,647,662,673,558,516,498,469,637,660,554,515,477,470,468,626,540,635,531,645,545,642,659,547,650,549,644,660,672,557,515,499,627,528,645,545,510
0.9176,633,491,428,635,499,430,641,671,679,683,538,458,417,637,502,432,397,634,669,683,686,531,455,645,674,685,688,689,544,660,525,662,521,656,518,442,646,507,653,514,439,402,635,670,679,534,663,520,656,677
0.0313,420,650,681,517,663,687,514,413,355,313,633,674,686,521,663,686,693,524,421,355,316,633,675,512,407,347,312,289,619,468,653,485,655,495,656,682,509,663,503,655,684,692,521,420,353,642,478,654,501,397
0.3052,480,604,629,564,637,647,585,550,536,535,626,641,644,574,643,648,651,579,550,543,543,624,638,571,551,546,547,533,616,559,632,577,626,565,639,648,586,631,569,641,649,651,580,550,542,630,576,627,566,547
0.5980,588,573,567,615,590,585,612,620,630,636,601,581,572,620,593,587,576,610,617,635,632,594,577,622,633,633,629,628,594,629,598,619,585,624,595,588,615,580,622,594,588,576,610,627,634,600,619,585,623,634
0.8157,634,536,493,638,540,502,630,662,670,672,565,503,481,637,539,500,468,635,660,667,669,555,506,644,663,670,670,677,560,654,556,645,537,650,547,508,635,528,646,544,492,471,637,671,668,562,646,538,650,666
0.4625,569,605,618,606,612,608,598,601,603,596,603,613,621,608,613,608,616,605,601,597,587,610,615,608,598,588,592,598,615,601,606,602,617,607,612,608,598,618,607,612,608,614,604,605,597,603,597,618,607,598
0.5889,588,580,586,613,582,578,622,628,627,623,593,586,590,617,584,578,581,620,624,622,627,597,593,618,619,626,634,634,600,616,588,626,600,620,587,579,623,599,619,585,579,582,620,625,622,591,626,600,616,621
0.9665,662,495,403,642,490,396,645,678,692,693,517,428,360,637,486,394,342,632,673,687,691,520,420,647,682,690,694,695,532,667,499,663,502,660,503,407,648,488,654,498,403,348,634,674,686,511,666,502,659,685
0.0911,453,644,672,532,662,681,537,465,414,394,634,668,678,535,665,680,686,547,460,419,398,632,668,525,452,415,395,386,625,484,646,510,648,513,656,677,532,655,521,659,678,684,545,458,418,640,508,648,514,445
0.4780,546,583,594,595,615,613,600,593,599,605,618,609,606,601,617,615,610,597,601,606,605,607,605,602,607,606,598,593,609,607,613,601,604,601,617,616,602,604,601,616,617,611,597,600,606,613,601,603,601,606
0.1998,482,622,664,550,646,662,554,510,492,485,626,651,667,556,649,663,665,555,514,498,490,623,659,550,512,498,471,468,629,537,636,538,648,543,644,660,553,653,548,647,662,665,555,513,497,630,535,648,544,509
0.7395,599,542,524,629,561,520,627,651,656,656,567,536,525,630,564,522,514,631,649,654,653,571,541,636,650,653,661,665,578,642,562,640,561,640,570,528,631,555,638,568,527,516,632,650,654,567,641,561,641,653
0.0023,384,651,684,502,664,689,499,386,312,263,624,675,689,507,665,690,696,511,394,319,268,633,677,497,382,310,261,228,619,453,647,464,657,479,658,685,496,666,489,661,687,695,510,393,317,635,456,656,480,370
0.0102,269,627,674,506,659,685,503,393,324,278,632,675,689,513,664,688,695,516,403,330,283,632,677,501,391,322,277,247,618,459,654,476,657,487,657,684,502,665,495,660,686,694,516,402,329,643,469,657,487,379
0.3307,488,601,625,569,632,643,589,560,546,546,626,638,640,578,637,646,647,585,558,553,554,623,635,575,559,556,558,547,615,566,631,583,625,570,634,645,591,628,573,635,646,647,586,557,552,629,584,626,571,557
0.9925,653,479,370,648,468,363,641,679,691,695,513,397,323,643,466,363,300,628,676,689,689,516,399,655,686,694,698,700,513,672,496,665,496,667,487,379,645,480,662,482,374,307,631,676,689,507,666,496,667,689
0.6479,620,573,561,630,587,566,616,635,645,644,591,561,558,628,585,567,550,621,640,642,640,581,566,631,639,640,636,643,590,634,586,623,580,634,589,570,616,576,633,588,569,551,619,640,642,590,622,579,634,641
0.8356,637,533,487,639,537,480,637,664,671,674,553,496,472,636,536,481,458,634,661,669,672,554,500,643,666,670,679,679,559,654,543,653,535,651,545,487,639,525,646,541,485,460,635,662,670,551,655,535,650,667
0.1739,482,642,664,555,646,668,549,504,470,464,628,660,669,558,647,668,675,557,511,480,461,635,661,552,498,470,461,458,624,527,639,529,644,542,641,665,545,651,548,644,667,674,556,510,480,632,525,645,543,493
0.3808,522,607,622,581,616,632,596,582,568,562,620,633,634,588,619,635,639,598,576,566,568,623,630,587,570,570,574,574,612,577,624,589,623,585,618,634,594,625,586,618,634,639,598,577,566,622,589,622,585,569
0.2771,503,619,641,563,643,653,580,545,524,527,628,647,650,569,645,656,657,579,540,530,528,626,644,565,539,532,531,522,617,550,635,569,631,559,641,654,578,636,562,642,654,657,579,539,530,632,568,632,560,536
0.7420,614,551,516,632,553,533,626,644,658,661,577,543,515,634,555,534,522,619,650,658,659,577,531,639,656,659,659,657,569,648,570,638,558,644,562,538,630,551,641,560,537,525,620,651,659,574,639,558,644,658
0.6489,614,567,559,629,585,567,614,635,645,644,592,560,558,629,585,568,550,618,640,642,640,580,565,631,640,640,636,644,580,633,588,623,580,635,589,571,617,575,633,587,569,552,618,639,642,590,623,579,635,641
0.9640,657,501,407,646,489,403,640,676,687,692,529,424,364,641,486,400,343,635,686,685,690,528,427,651,682,689,694,696,526,668,513,661,495,661,502,411,643,478,655,497,406,349,637,675,686,523,663,495,661,684
0.5506,597,594,599,614,594,588,615,623,620,615,596,596,600,615,594,588,592,618,618,614,615,600,602,615,613,615,621,627,605,611,594,617,605,616,595,589,615,604,616,595,588,592,618,619,614,595,617,605,616,615
0.6382,614,577,573,616,574,565,626,634,634,635,586,576,573,617,574,566,567,621,629,633,641,592,580,620,630,641,644,641,590,624,582,632,592,623,578,568,627,590,621,577,567,567,621,630,633,585,632,592,623,630
0.2237,499,629,651,555,649,662,568,529,499,494,631,653,658,560,651,663,665,573,521,505,500,629,651,555,518,505,502,497,619,534,639,552,636,546,646,660,567,642,551,650,662,665,572,521,505,636,552,637,547,515
0.0687,373,630,668,508,658,679,528,439,391,367,632,669,681,519,662,683,686,533,446,399,373,631,669,509,431,389,367,342,629,480,648,504,648,494,655,678,526,657,516,660,681,687,533,446,398,640,500,649,509,430
0.3209,490,597,630,569,631,641,573,552,548,550,620,633,644,579,636,643,643,581,561,557,552,616,638,576,561,553,537,536,626,573,627,567,628,571,633,642,575,631,573,634,643,642,580,560,556,624,567,628,571,559
0.2448,477,617,649,562,638,651,564,530,520,518,622,648,661,569,642,653,661,568,536,528,507,625,653,563,538,512,501,501,626,556,630,552,643,559,638,651,563,648,562,640,653,660,567,536,527,625,549,643,559,535
0.2655,473,622,646,571,631,649,565,542,533,517,621,650,656,578,636,651,662,575,550,524,514,632,650,574,537,518,515,517,623,554,629,554,638,568,633,649,565,642,572,635,650,662,575,550,527,625,552,638,568,534
0.9669,650,483,393,638,486,391,644,677,687,693,516,417,359,637,484,392,341,633,673,686,692,518,419,648,681,691,694,696,531,668,497,664,501,660,502,406,648,488,655,498,402,347,635,675,687,510,665,502,659,685
0.3613,560,623,632,580,630,642,597,573,558,559,625,635,636,582,630,642,642,592,565,564,565,622,631,578,567,566,569,561,611,573,629,589,623,575,627,641,595,626,577,628,641,641,591,565,563,627,589,623,575,566
0.3626,537,607,620,580,632,638,589,563,561,563,622,631,630,586,635,640,639,582,569,567,571,618,625,583,572,572,565,551,616,577,627,584,617,579,632,638,590,621,581,635,639,638,583,569,567,624,585,618,579,570
0.2717,506,617,642,563,638,651,568,536,529,527,623,642,653,569,642,652,652,573,545,536,533,620,646,565,543,536,517,513,627,559,631,558,633,559,638,650,569,637,562,639,651,652,572,544,535,627,557,633,559,540
0.5248,560,579,592,611,602,594,603,612,618,614,599,596,601,616,612,596,595,610,618,614,608,599,603,617,614,608,608,614,612,613,599,605,603,617,606,597,605,603,617,606,597,595,611,618,615,600,606,604,617,614
0.8452,637,521,478,636,532,474,640,665,672,675,552,495,469,634,533,475,454,633,661,669,675,547,494,642,666,674,679,680,559,654,540,657,539,651,544,482,644,529,647,540,479,457,634,662,670,548,658,538,651,668
0.4981,592,608,610,604,600,606,612,611,605,600,606,612,611,605,600,605,612,610,605,600,605,612,611,605,600,605,612,611,605,600,605,612,611,605,600,605,612,611,605,600,605,612,611,605,599,605,612,611,605,599
0.5990,605,587,577,607,582,581,619,624,623,630,596,591,580,610,584,582,585,616,618,628,637,603,585,611,626,637,635,631,588,623,594,625,593,614,586,583,621,591,612,585,583,587,619,619,628,601,625,593,613,627
0.0928,430,637,669,531,660,679,537,456,413,394,632,667,677,536,663,680,684,541,461,420,399,631,667,528,453,415,397,377,624,486,645,512,647,515,656,676,534,655,522,659,678,684,540,458,419,640,509,647,516,446
0.2785,483,603,636,562,636,648,566,539,531,530,623,640,650,571,641,650,651,574,547,539,538,620,644,567,547,541,522,516,628,561,631,561,631,561,637,648,570,635,564,639,650,651,573,546,538,627,560,631,561,543
0.7472,609,541,520,631,560,525,625,653,658,660,573,531,519,632,562,528,509,633,652,656,657,569,536,638,653,655,659,667,575,645,566,638,557,642,568,532,628,551,640,566,530,510,633,652,657,571,639,557,643,655
0.3715,544,618,636,594,622,630,586,577,576,565,613,632,640,597,624,627,639,593,583,569,559,621,637,595,573,560,562,567,619,580,617,579,629,592,621,628,585,632,594,622,629,638,593,583,568,614,578,629,591,572
0.3067,512,621,639,576,626,646,578,561,547,531,626,645,648,582,629,648,653,587,559,538,537,628,643,579,545,540,540,544,619,559,633,570,633,574,625,643,578,636,577,627,646,653,587,562,538,629,568,633,575,543
0.3788,533,609,623,577,620,637,596,578,561,563,625,633,633,583,624,639,639,594,569,567,570,621,629,581,571,571,576,569,609,579,630,592,621,578,622,638,597,624,579,625,639,638,595,570,567,626,592,622,579,569
0.8156,631,540,491,634,529,495,632,654,668,673,560,517,483,633,530,496,484,624,658,668,671,565,507,640,664,670,672,671,561,657,551,648,546,648,541,503,636,537,644,536,500,487,626,659,668,554,648,546,647,666
0.2248,515,627,654,556,646,659,564,520,505,501,627,649,660,560,647,660,662,565,526,511,508,624,652,554,523,512,495,485,629,543,636,550,637,546,651,657,563,642,550,645,658,661,565,526,511,631,548,637,546,518
0.4154,529,591,617,593,618,620,588,584,586,586,611,618,627,600,622,623,623,594,591,588,579,609,625,598,591,579,573,578,620,596,614,585,621,597,621,622,590,622,598,622,633,624,595,591,589,613,585,620,597,590
0.8979,641,502,445,638,516,442,642,670,679,682,541,468,430,638,516,446,413,635,667,677,682,534,465,646,672,680,686,687,547,660,527,662,523,657,529,453,646,511,654,525,449,417,636,668,677,537,663,523,655,675
0.1138,464,646,672,542,652,677,536,473,443,410,636,667,677,545,653,677,682,545,481,433,415,635,667,537,462,430,414,407,624,502,650,515,649,526,646,674,531,656,532,649,676,681,544,480,433,642,511,651,526,455
0.3874,518,603,619,577,617,635,596,580,565,565,625,632,632,585,622,638,638,596,572,570,572,621,626,584,573,574,578,572,610,580,627,593,619,581,620,636,597,623,583,621,636,637,596,570,570,625,593,622,581,572
0.9351,648,502,426,640,487,414,638,672,684,689,529,444,398,637,485,414,377,628,670,683,687,531,447,646,677,685,689,690,538,670,516,660,519,658,502,426,643,505,653,498,422,383,631,672,683,524,661,519,658,682
0.8999,658,529,452,646,511,450,636,672,681,685,543,473,422,641,507,448,419,632,667,679,682,546,463,650,675,682,684,689,538,663,529,657,524,660,521,457,639,512,656,517,453,424,633,668,679,537,656,523,659,678
0.3532,553,614,636,587,629,635,581,568,566,568,616,629,641,589,630,635,636,585,573,572,559,614,635,586,576,561,551,554,624,584,634,573,628,583,627,634,580,632,586,629,635,636,586,573,572,618,572,629,583,575
0.0628,384,640,673,517,657,680,517,435,390,366,627,670,682,525,659,681,689,527,443,397,361,636,672,516,436,382,356,342,625,486,644,488,653,503,653,677,514,661,511,656,680,688,527,442,398,635,489,653,503,427
0.0754,347,628,667,521,652,678,521,444,404,370,627,668,680,531,656,681,687,534,453,399,376,634,670,524,438,395,373,360,623,487,645,496,654,505,649,677,520,659,518,652,679,686,532,453,400,637,491,651,511,430
0.5541,566,583,583,600,589,591,616,617,613,617,599,602,594,606,593,594,599,613,612,616,624,609,597,608,616,624,628,624,595,615,599,621,601,609,594,594,619,600,609,594,594,600,613,611,616,600,622,602,610,615
0.8448,642,535,482,635,520,477,635,660,673,677,552,500,468,634,519,477,461,626,661,672,676,556,497,641,668,674,676,677,555,660,543,652,542,650,531,485,638,532,646,527,482,463,628,661,673,547,652,542,650,671
0.2737,534,624,645,565,640,652,573,537,528,533,626,643,650,568,643,653,654,572,541,534,533,622,643,564,541,536,522,511,629,557,633,562,631,557,638,651,572,636,559,640,652,653,571,542,534,629,561,631,558,538
0.4249,539,591,614,593,618,619,588,586,589,590,611,615,623,600,620,622,619,595,594,593,585,607,622,599,595,585,577,581,620,598,614,587,617,597,621,621,590,619,598,620,620,620,595,594,591,613,586,617,597,594
0.2550,485,626,650,568,637,649,562,535,527,520,621,650,658,573,639,649,661,572,544,530,507,630,652,570,539,512,509,509,625,557,625,549,639,563,635,647,561,644,566,637,649,660,571,543,530,621,548,640,563,537
0.3079,493,617,638,577,625,644,576,559,549,532,621,644,649,584,629,646,654,585,562,539,536,629,644,580,546,539,539,542,620,560,628,567,633,576,626,644,576,637,579,627,646,654,584,562,540,624,566,634,577,545
0.8032,631,537,506,628,536,500,635,639,662,670,557,516,501,628,537,502,488,628,652,665,671,562,522,634,661,670,672,672,564,650,547,648,554,642,546,507,639,549,639,543,505,490,629,653,665,554,649,556,642,663
0.3366,548,621,631,577,636,645,591,562,549,550,619,637,639,580,637,646,646,584,560,556,557,622,634,576,561,558,560,547,615,568,630,583,624,572,635,644,590,627,574,635,638,645,584,559,555,628,583,624,572,558
0.4644,562,592,601,596,617,616,598,591,606,602,613,610,609,600,620,618,612,596,597,603,602,608,609,600,604,601,593,589,610,605,614,598,606,599,619,618,600,606,599,620,620,614,596,597,602,614,598,605,598,603
0.7222,615,549,530,631,574,539,622,649,656,657,579,537,529,632,567,541,519,629,649,654,654,570,543,637,650,653,653,660,578,642,573,633,561,641,571,540,624,555,639,569,543,521,630,650,654,579,633,562,641,652
0.5889,594,582,583,619,592,574,614,631,631,628,589,582,583,620,592,571,576,622,628,627,622,593,587,622,625,621,629,636,605,621,585,619,596,624,594,575,618,591,623,594,574,575,621,628,627,587,619,593,624,615
0.0721,415,644,674,525,656,681,522,443,400,373,628,669,681,530,657,683,688,532,452,401,372,636,672,522,441,391,368,355,624,490,646,494,652,509,651,678,519,660,516,654,680,686,531,450,410,636,489,651,508,433
0.8993,631,499,442,633,507,442,639,669,677,684,534,464,429,634,508,444,413,632,665,680,684,538,468,643,675,683,687,686,549,663,520,658,524,653,522,454,644,515,649,518,451,417,633,666,680,530,659,526,652,678
0.3460,555,622,633,579,634,644,593,567,554,555,625,636,637,581,635,644,644,587,563,559,560,622,630,578,564,563,564,552,614,570,629,586,623,574,631,642,593,626,576,632,644,643,587,562,558,627,585,623,574,562
0.7659,624,547,509,636,548,523,627,649,664,665,572,534,505,637,550,525,509,622,654,662,663,572,523,642,659,663,662,663,566,650,565,641,554,649,557,529,631,547,647,555,527,512,623,656,662,571,642,557,649,661
0.9823,664,497,392,649,479,380,641,679,690,694,520,408,340,642,474,378,316,636,676,688,693,521,410,654,684,692,696,698,518,669,503,663,485,663,492,390,644,467,658,486,384,321,638,677,688,514,664,486,662,687
0.5058,585,601,608,611,606,598,604,610,614,608,599,603,608,612,606,599,602,610,613,608,600,603,608,614,607,601,604,610,612,607,600,603,609,612,606,599,603,608,612,606,598,602,609,614,608,599,604,608,613,608
0.4953,567,596,608,604,599,602,607,612,606,599,602,608,614,607,601,603,609,613,607,600,601,609,614,608,600,601,607,613,609,601,603,607,614,607,602,600,607,614,607,602,603,608,619,607,600,602,606,614,608,599
0.1491,455,635,662,546,650,671,545,496,465,440,641,663,671,553,662,672,677,556,497,460,447,633,661,545,482,457,446,442,622,515,647,529,646,536,645,670,542,651,541,651,671,676,554,498,459,639,524,645,537,477
0.5099,564,588,590,595,600,606,609,605,603,608,610,607,600,601,603,609,607,605,602,609,617,609,601,601,608,616,613,607,600,608,610,612,602,602,604,610,612,603,602,604,610,607,605,602,609,611,613,603,602,609
0.2192,490,625,649,549,645,660,567,514,498,492,628,651,659,557,649,662,665,562,527,505,500,626,650,550,517,505,498,478,631,538,637,553,635,542,644,659,567,640,545,646,660,663,561,520,505,633,551,634,542,513
0.1569,436,617,659,536,648,666,544,490,466,455,627,655,672,545,652,668,671,554,499,474,464,624,663,539,491,471,442,438,629,521,640,527,646,528,647,665,543,652,530,649,667,670,554,498,473,634,524,646,529,485
0.3518,496,600,632,583,624,630,581,568,567,562,613,632,644,591,628,633,640,586,575,567,552,617,639,589,572,555,551,555,622,580,619,575,634,586,626,632,582,636,588,627,633,640,586,574,567,617,574,634,587,571
0.1143,415,636,667,535,650,676,532,470,439,419,629,665,676,541,654,677,683,543,478,442,414,636,667,535,470,428,412,405,626,509,645,509,649,523,647,674,532,656,530,650,676,682,542,478,442,635,505,649,524,464
0.9172,635,494,432,635,501,432,640,671,680,687,529,453,414,635,503,433,398,632,668,682,686,533,458,644,677,685,688,689,546,664,514,660,519,655,517,444,645,509,651,514,440,405,635,669,682,525,661,520,654,680
0.1421,475,640,666,541,659,674,549,496,453,438,632,663,672,544,659,673,678,559,486,457,443,631,661,538,481,455,442,440,622,505,643,527,644,527,652,670,544,651,532,656,672,677,557,485,456,638,525,644,527,474
0.6708,601,560,538,622,570,561,620,632,644,650,590,566,544,626,573,563,551,615,638,648,647,587,554,630,646,647,646,642,580,640,585,630,571,633,578,566,624,567,632,576,564,554,615,638,648,589,631,571,633,647
0.6397,610,572,561,627,586,569,614,632,643,642,592,564,560,627,586,571,554,617,637,641,639,582,567,631,639,638,635,641,589,633,589,621,580,634,590,573,616,576,633,589,572,556,617,639,640,591,620,580,634,640
0.6242,593,573,569,624,587,567,616,635,639,637,587,571,569,624,588,567,561,624,634,634,632,587,576,627,633,632,635,643,597,627,584,622,584,629,591,569,617,582,627,589,568,562,624,634,635,587,622,585,629,634
0.0433,402,647,678,515,659,684,513,423,370,341,627,671,684,520,661,685,692,524,430,376,336,635,674,511,422,362,332,312,622,478,647,482,653,496,656,683,509,663,505,657,683,690,522,428,375,636,476,653,496,409
0.5918,571,571,576,606,579,577,621,625,623,623,592,589,587,612,583,581,584,617,621,622,630,599,592,615,621,629,635,634,596,616,591,627,598,617,586,579,624,598,617,585,582,585,617,621,622,593,627,599,618,621
0.0684,414,641,673,522,663,682,527,446,390,366,634,670,682,529,666,683,688,537,445,397,371,631,669,519,435,391,366,353,622,472,648,500,650,505,659,679,524,658,514,662,682,687,536,445,396,642,497,653,506,428
0.6188,578,565,554,613,581,579,616,621,631,641,600,579,562,617,584,582,572,610,626,640,638,594,569,620,637,637,635,630,591,634,597,623,580,622,588,584,619,576,620,587,583,573,610,628,639,598,624,580,622,638
0.5120,583,588,595,608,610,604,601,605,613,616,606,598,600,611,612,604,597,604,612,610,611,600,600,611,615,611,604,606,608,613,607,603,601,609,611,606,602,600,611,612,605,597,604,611,616,606,602,601,611,616
0.4844,565,592,606,609,609,604,600,604,610,604,602,605,612,612,611,606,606,605,611,604,597,603,611,612,605,597,596,602,616,606,604,598,610,612,610,607,600,610,612,612,606,607,606,611,606,604,599,610,611,606
0.9052,646,502,441,639,515,439,643,672,680,683,541,464,426,637,515,439,406,635,667,677,685,532,460,646,672,684,687,688,545,660,527,662,522,656,527,448,647,509,651,523,444,410,636,669,678,536,663,521,656,676
0.3970,569,623,630,592,616,630,596,588,577,568,618,632,632,594,616,629,637,601,583,570,572,622,630,588,573,573,578,581,612,579,621,591,623,589,614,627,595,623,590,615,629,637,601,582,570,618,590,623,589,572
0.8138,633,537,503,628,526,492,633,656,663,673,556,513,495,627,527,492,479,626,652,669,672,561,517,634,665,671,671,671,556,657,547,649,555,642,537,499,637,547,639,533,497,483,628,652,671,553,650,556,641,667
0.5152,597,598,591,604,606,609,609,603,617,614,611,604,595,606,606,609,603,600,607,613,617,606,596,605,613,616,611,605,601,613,611,609,597,605,606,609,608,597,605,607,609,602,601,607,613,611,609,598,605,614
0.7525,623,548,519,635,555,535,625,650,660,662,580,532,514,635,556,535,511,624,652,658,660,569,529,640,656,658,658,663,570,647,573,637,559,646,565,540,628,552,643,561,539,512,625,652,658,577,638,558,646,658
0.6228,605,573,571,624,589,570,615,633,638,637,589,572,570,624,590,569,562,622,634,635,632,588,576,626,633,631,634,640,598,628,586,619,584,630,592,572,616,581,628,592,571,563,622,634,634,588,621,584,629,628
0.9687,658,484,392,643,486,381,645,678,688,692,525,420,355,640,484,387,335,634,674,686,693,513,413,650,681,691,695,695,525,666,517,667,497,659,503,401,650,482,657,496,396,337,636,675,686,519,668,499,662,684
0.1307,476,645,670,548,652,674,540,482,456,424,634,665,674,550,652,675,680,550,490,445,428,634,665,542,470,442,427,422,623,506,648,519,647,530,645,672,536,653,538,648,673,678,547,489,444,639,519,647,532,464
0.5449,570,585,585,597,591,595,614,613,608,615,604,602,595,602,595,598,601,610,607,614,622,608,597,617,613,622,623,617,593,611,602,617,601,605,597,599,617,599,602,596,598,601,610,607,614,603,618,600,604,614
0.9713,657,493,396,641,473,382,640,675,688,693,519,416,357,635,469,381,332,628,672,686,691,521,420,647,680,690,694,695,530,672,504,663,506,660,489,396,644,490,654,484,392,338,630,674,687,512,663,504,659,684
0.4388,580,605,615,597,622,622,593,587,590,596,614,618,617,598,622,623,618,595,593,596,592,608,615,598,598,593,583,581,615,601,616,591,611,595,620,621,594,611,596,621,622,618,594,591,597,615,591,610,595,597
0.5269,572,582,593,613,603,595,603,612,620,616,599,594,599,617,605,596,594,609,619,615,610,598,601,618,615,610,608,615,609,614,599,605,602,619,603,596,602,601,617,606,595,593,605,620,616,600,605,601,618,616
0.7957,627,533,504,633,546,498,638,659,665,666,560,519,498,633,547,499,477,632,655,661,664,555,517,638,657,663,671,672,568,647,550,653,550,646,556,505,640,543,641,552,502,488,632,656,662,556,653,551,645,660
0.9461,666,503,420,643,495,411,645,676,685,689,521,430,380,637,491,408,364,633,671,683,689,522,433,647,677,688,691,692,535,664,503,662,507,658,506,420,647,494,653,502,416,369,635,671,683,515,663,512,658,680
0.9341,664,511,432,638,502,422,642,674,683,689,527,442,388,635,497,421,378,631,669,682,688,529,445,644,678,686,689,691,537,665,510,660,515,655,513,431,645,502,651,509,427,382,634,670,683,521,662,515,655,681
0.9233,662,517,440,642,495,426,638,670,684,687,532,453,407,636,489,424,389,628,666,680,686,535,452,645,676,684,687,688,540,669,520,659,521,657,505,434,641,507,652,501,431,394,630,670,681,527,659,520,656,679
0.3628,562,614,628,583,630,636,585,566,564,567,619,627,643,586,631,637,635,585,571,570,569,614,629,582,575,570,558,553,622,582,624,580,619,578,629,635,584,623,581,630,636,635,584,571,570,621,578,620,579,572
0.1278,435,627,664,530,651,670,539,476,445,431,626,662,675,539,655,671,679,537,479,450,437,627,665,531,473,449,417,412,628,510,641,519,652,522,648,669,538,659,529,652,671,678,539,479,450,632,516,652,523,470
0.0821,360,631,668,519,653,676,520,444,405,385,626,668,680,529,657,679,686,530,458,412,377,636,671,525,447,397,375,362,624,497,643,494,652,509,651,674,518,660,516,654,677,685,531,453,411,634,483,651,509,439
0.7803,615,529,508,625,536,506,634,656,660,660,559,522,509,629,539,509,498,634,651,657,667,564,528,634,651,667,668,668,575,642,554,649,559,641,548,514,638,551,639,546,513,500,630,652,656,562,650,559,642,654
0.4370,577,614,618,591,612,624,606,593,582,583,617,623,621,593,613,624,627,601,586,585,590,617,619,591,586,590,596,589,606,591,619,604,615,585,612,623,606,615,591,614,623,627,601,585,585,617,604,616,589,586
0.9265,649,508,432,639,489,420,638,670,684,674,530,450,406,636,488,419,385,627,669,681,686,534,453,646,676,685,688,689,539,669,520,659,521,657,505,431,642,508,652,500,428,388,630,670,682,525,660,522,657,680
0.5634,606,589,583,615,600,594,609,614,622,629,603,589,583,615,601,594,585,606,619,627,624,597,586,616,626,623,619,618,598,624,602,612,590,618,602,597,610,590,615,601,595,586,608,620,628,604,613,591,618,627
0.2758,513,616,647,568,637,647,568,543,534,533,620,641,655,573,640,650,651,570,546,539,525,619,648,568,548,531,512,516,626,563,628,556,639,564,635,647,566,638,567,637,648,651,571,549,539,621,555,639,564,545
0.8467,623,513,471,635,532,471,640,664,672,674,550,493,467,635,533,473,452,632,662,670,672,545,492,642,665,670,679,680,557,653,539,658,536,651,544,480,644,527,647,541,477,455,634,661,670,546,658,536,652,668
0.8453,650,530,486,636,525,477,640,664,671,671,553,496,471,633,523,476,456,632,660,668,677,548,496,640,664,666,679,679,561,652,541,656,540,649,535,483,643,531,645,533,480,458,632,661,668,549,657,540,649,666
0.1612,485,640,664,548,653,670,550,502,468,451,633,661,669,551,650,670,675,559,498,468,456,632,660,544,488,466,456,453,620,520,645,532,644,535,646,668,547,650,540,649,669,674,559,500,467,639,529,643,536,483
0.9102,634,502,439,636,493,430,637,668,681,685,534,459,420,636,493,431,401,628,669,680,684,537,463,645,675,683,686,687,541,667,523,657,527,655,509,442,641,514,652,505,438,405,629,669,679,529,658,523,656,678
0.7711,639,556,514,638,550,524,629,652,664,666,573,530,504,637,549,523,505,623,655,661,663,570,522,642,659,663,663,664,565,650,564,640,552,648,556,527,630,545,645,553,526,507,623,655,662,569,641,552,648,661
0.8286,642,534,489,640,536,496,630,663,671,673,564,497,473,637,534,495,461,635,662,670,672,553,500,644,665,671,672,679,556,654,553,646,534,651,543,502,633,524,646,539,499,462,636,661,669,560,646,534,650,667
0.1756,478,641,664,551,647,663,545,499,480,474,623,661,669,554,648,663,676,554,506,488,458,636,661,550,505,467,457,452,626,532,635,534,647,540,642,660,550,654,545,646,649,674,553,506,486,627,531,648,540,501
0.2842,476,616,640,572,628,647,570,549,540,521,622,647,652,580,632,650,657,580,556,530,524,630,646,577,538,528,526,528,620,554,629,560,636,571,628,647,570,638,575,630,648,657,579,555,530,624,558,635,572,536
0.5290,575,594,594,599,594,598,614,612,607,609,603,608,602,604,595,600,607,611,606,609,615,611,603,605,608,615,620,616,598,606,602,617,604,606,597,600,617,604,606,597,600,607,611,607,609,603,617,605,606,608
0.8319,639,536,489,633,523,484,634,659,669,674,553,504,477,632,522,483,468,625,658,670,674,558,502,639,666,673,675,674,556,660,544,650,546,647,533,489,637,536,643,529,487,470,627,658,671,550,651,546,646,669
0.1042,454,638,671,524,657,676,541,461,424,406,632,665,677,529,658,677,681,541,468,430,411,629,666,520,455,423,409,385,629,496,644,518,647,503,652,670,539,654,514,655,675,680,540,466,429,636,516,647,508,448
0.2589,467,603,642,559,637,648,562,532,523,521,622,642,657,568,642,658,653,566,538,531,522,619,649,564,540,527,507,507,627,557,631,552,640,559,637,650,563,644,562,643,651,652,566,539,530,626,550,636,560,537
0.9867,645,483,378,644,475,372,637,677,689,694,519,406,336,640,474,372,312,635,676,688,692,522,408,652,683,692,696,698,519,669,504,661,486,662,492,388,643,468,656,486,384,317,636,677,688,515,664,486,662,686
0.0376,424,652,681,516,661,686,512,416,362,330,627,672,685,518,661,686,691,521,424,358,325,634,674,509,414,354,321,300,621,473,646,479,655,494,654,681,507,663,502,657,683,691,520,423,366,637,472,653,494,404
0.9559,635,477,399,636,486,401,641,674,684,690,518,425,372,635,488,402,355,631,671,685,690,522,427,646,680,688,692,694,534,666,501,662,505,658,506,415,635,492,654,501,411,361,634,672,686,513,664,506,658,683
0.7834,645,557,518,631,539,511,632,652,661,669,565,529,506,627,538,510,502,624,650,664,667,569,527,633,660,666,667,666,564,654,557,645,557,640,546,516,634,549,636,543,514,503,624,651,664,561,645,557,640,663
0.6965,625,569,541,630,568,555,623,637,650,654,587,557,536,629,567,555,540,617,642,651,651,582,547,633,648,650,649,648,576,642,581,634,566,637,572,557,625,562,635,571,556,542,616,642,651,584,632,563,637,650
0.7231,624,554,532,633,565,541,621,648,656,657,580,537,528,632,565,542,518,628,649,653,654,569,541,637,650,653,651,659,576,642,574,631,564,642,571,545,622,560,640,569,544,519,625,648,653,578,632,564,642,652
0.6228,602,576,571,623,587,565,616,636,637,635,585,572,572,623,587,565,564,625,633,633,629,588,575,625,631,629,634,643,599,626,582,622,585,627,591,567,617,582,626,588,567,564,624,633,633,585,622,586,627,632
0.5573,588,587,594,611,589,584,615,623,621,616,595,593,597,613,591,586,589,618,619,615,617,599,599,614,614,616,623,627,603,611,593,619,604,616,593,586,616,603,615,592,586,589,618,602,616,593,619,604,616,615
0.6221,610,582,576,613,577,570,623,631,630,631,588,580,577,614,577,571,573,619,625,629,638,595,582,617,626,637,641,638,590,621,585,629,592,620,580,572,626,591,619,579,571,573,619,626,629,587,630,593,620,627
0.4267,567,608,615,587,617,628,602,588,578,581,620,623,622,590,619,629,628,596,581,584,588,616,619,588,586,589,590,582,606,589,622,599,614,586,617,629,602,615,587,618,629,627,596,582,583,622,599,614,586,585
0.5304,582,587,583,605,601,602,607,604,612,619,607,598,590,608,604,604,596,601,611,619,618,601,592,609,618,618,613,607,599,616,607,610,593,609,606,605,609,593,609,604,605,597,601,610,619,608,610,593,609,619
0.9299,649,504,425,645,498,424,635,673,683,687,534,441,394,641,495,423,369,629,668,681,685,531,444,651,677,686,686,692,531,665,520,656,515,661,511,431,640,510,656,506,431,383,633,670,682,530,658,514,660,681
0.6708,618,570,557,628,579,550,621,643,646,645,580,558,552,627,578,550,543,628,641,643,641,580,562,631,639,640,645,653,589,633,575,628,574,631,581,553,621,570,631,580,551,544,628,640,643,577,629,574,633,641
0.8243,640,529,491,634,535,484,639,662,668,670,554,503,481,633,534,484,468,631,658,665,672,550,503,639,661,671,675,676,564,649,544,655,543,647,545,491,642,535,643,541,489,471,633,659,666,552,655,544,647,664
0.8718,655,527,473,637,519,462,639,667,674,679,540,479,451,633,515,460,438,630,662,674,680,543,482,640,669,679,681,682,556,657,526,655,532,650,527,468,642,523,646,524,466,439,632,663,674,535,656,532,649,671
0.4500,582,610,612,591,614,624,606,593,585,589,619,619,616,594,614,625,622,599,587,590,596,614,614,592,592,596,598,590,603,593,620,603,611,589,613,625,605,612,591,613,620,622,600,587,590,619,602,611,591,591
0.8479,637,532,469,641,522,478,633,659,673,677,551,501,456,627,521,478,461,624,663,672,675,557,486,647,669,675,676,676,547,658,541,663,534,656,533,486,637,523,647,526,481,463,625,663,672,547,650,533,651,670
0.9852,665,498,389,649,476,375,639,678,689,694,517,404,334,641,473,371,312,627,674,687,693,519,404,653,683,692,696,698,516,670,500,662,499,665,490,387,643,484,660,485,382,320,629,674,688,511,663,499,665,687
0.8780,653,529,469,640,523,462,638,668,676,678,548,475,443,637,520,460,427,634,664,674,676,545,486,645,670,676,683,684,547,657,535,654,521,652,530,470,641,510,648,526,466,430,635,665,674,545,656,522,653,672
0.7221,627,557,539,628,560,530,635,649,652,653,571,543,534,626,560,530,522,629,645,648,653,570,546,631,645,651,660,660,584,637,564,643,568,636,566,533,635,563,634,564,531,525,628,645,648,569,645,568,636,647
0.5113,589,605,604,603,597,601,613,611,606,602,603,609,606,604,597,602,608,610,606,602,607,610,608,605,602,608,615,612,602,601,603,613,608,605,597,601,613,607,606,597,602,608,610,606,601,603,614,608,605,602
0.4037,552,609,619,581,620,633,600,582,569,572,634,628,626,585,621,634,633,595,575,575,579,618,623,584,577,579,583,575,607,581,625,596,617,581,620,633,600,619,582,621,634,633,595,574,575,623,596,617,581,577
0.8385,634,533,475,635,522,481,632,656,672,675,554,504,464,634,521,482,467,622,661,670,673,559,491,641,666,672,674,673,557,659,545,649,537,650,532,490,635,527,646,530,487,471,625,662,671,550,650,537,650,668
0.8609,649,531,472,642,524,476,632,667,675,678,553,485,451,638,521,474,442,631,662,673,676,549,483,646,669,675,677,683,547,658,542,649,533,655,533,482,634,523,651,529,479,446,631,664,673,548,650,533,655,672
0.0935,453,642,673,525,656,676,534,457,418,398,627,668,679,530,657,676,685,532,459,421,401,630,667,521,452,416,386,374,626,496,642,509,653,512,651,673,530,661,518,654,675,684,531,458,420,634,504,654,512,446
0.0822,350,629,667,516,652,678,520,444,405,386,628,668,679,529,656,680,686,532,454,413,378,635,670,522,448,396,375,362,624,494,646,494,651,508,650,677,519,659,516,653,678,685,531,454,413,637,490,651,509,440
0.5589,563,578,585,604,585,585,620,620,617,614,596,596,596,610,588,588,593,615,615,613,620,603,599,611,612,620,630,625,599,609,595,623,603,614,588,589,621,602,612,589,589,593,615,616,613,595,622,603,614,612
0.5143,586,599,596,597,599,605,611,608,601,608,608,608,602,600,600,605,607,607,601,608,615,610,602,600,607,619,615,610,598,607,607,614,604,600,600,605,613,603,601,599,605,607,608,601,608,607,613,603,601,607
0.8428,639,528,477,636,521,480,633,659,673,676,554,503,464,634,521,480,464,624,662,671,674,557,493,641,666,673,675,675,556,659,544,650,538,651,532,487,636,528,647,529,484,465,626,663,672,549,650,538,652,670
0.5241,594,590,593,610,609,602,597,606,614,619,606,596,595,611,610,595,595,604,613,618,613,598,596,611,618,614,607,609,604,617,605,605,596,612,609,603,603,597,611,611,603,596,604,613,618,606,606,597,612,618
0.4975,569,588,602,609,607,601,600,605,613,607,603,602,607,613,610,604,601,606,613,608,601,601,607,614,609,601,599,605,614,609,603,599,606,612,611,603,599,607,612,610,603,601,605,613,608,602,599,607,612,608
0.7892,625,533,504,632,546,500,637,658,663,674,559,517,500,631,547,500,487,630,654,661,663,557,519,637,656,662,661,668,569,646,551,651,552,645,556,506,640,544,642,553,504,490,631,655,661,559,652,552,644,659
0.7919,647,547,515,631,539,505,637,657,662,664,557,519,503,629,537,504,492,629,652,658,670,561,523,632,655,668,670,670,572,644,547,648,555,642,545,509,638,548,639,543,506,493,629,653,659,554,649,554,642,657
0.5799,609,596,586,605,588,587,619,620,617,624,598,599,586,606,588,587,591,625,613,622,630,605,589,607,621,630,630,625,590,617,595,622,596,609,590,588,619,594,611,589,588,592,614,615,622,597,622,597,610,621
0.2650,512,622,641,563,643,654,577,534,519,516,627,646,649,568,646,655,657,570,536,526,524,623,642,564,536,528,527,509,620,547,634,566,628,557,642,655,577,634,561,643,654,657,571,536,526,631,566,630,557,532
0.7722,616,538,506,634,547,521,626,651,662,664,573,525,503,635,549,524,500,624,654,661,663,566,522,640,658,666,663,666,566,649,565,639,553,648,557,529,629,547,645,555,527,504,625,654,661,570,640,553,648,660
0.2095,500,628,659,555,644,659,557,516,499,495,624,652,665,560,646,659,665,558,519,505,491,625,656,552,519,497,479,477,627,541,634,540,646,547,641,657,555,652,551,644,658,664,557,519,504,628,538,646,547,515
0.3321,493,610,635,583,625,634,576,561,559,549,613,637,645,590,628,637,646,585,571,555,541,624,641,587,561,544,545,548,621,572,620,569,631,579,626,635,576,635,585,627,635,646,584,570,555,616,567,632,583,559
0.0174,349,640,677,503,661,685,504,399,334,289,633,675,687,512,664,687,693,516,408,339,295,633,675,503,394,330,289,262,619,460,653,477,656,487,656,683,502,664,496,658,685,693,515,406,337,635,463,654,486,382
0.7050,595,549,538,614,557,541,626,641,643,650,576,556,546,619,561,543,541,622,637,648,656,582,557,623,645,654,655,653,576,637,570,637,577,628,567,547,630,573,626,565,546,542,623,637,648,574,638,577,629,646
0.5724,604,588,579,609,592,594,614,614,619,627,604,593,581,609,593,594,588,607,616,625,629,601,585,611,624,628,626,620,594,622,603,618,591,612,594,595,615,589,611,593,595,589,608,616,625,603,618,590,612,624
0.5123,582,589,593,605,610,605,603,602,609,616,607,600,597,608,612,606,599,602,609,616,611,601,598,608,615,612,606,604,604,615,607,604,599,608,611,606,604,598,608,611,606,599,602,609,617,608,604,598,608,617
0.7211,615,551,533,631,567,538,621,650,654,655,578,539,531,631,568,539,521,629,648,652,652,571,544,635,649,651,652,661,578,640,571,632,561,640,573,543,624,556,637,571,541,522,630,648,652,576,633,561,638,651
0.4596,565,602,618,604,610,607,598,600,601,594,605,612,621,606,611,608,614,605,603,595,587,609,620,606,596,588,592,598,614,598,604,596,617,605,610,607,598,618,605,610,607,614,605,603,594,603,596,617,605,597
0.9708,657,486,392,642,484,389,644,677,687,691,526,420,356,638,481,388,335,632,673,684,691,514,414,648,679,690,694,696,527,665,509,665,499,661,500,401,648,484,655,494,398,341,634,674,686,520,667,499,660,683
0.8136,653,548,510,632,537,497,636,659,664,673,555,511,493,627,534,495,480,628,653,667,672,559,516,634,663,671,672,672,561,652,543,648,551,642,543,501,638,544,638,540,499,481,628,654,667,551,650,551,641,665
0.2475,517,627,648,561,646,657,575,532,512,508,628,648,653,564,647,658,660,570,530,518,514,625,645,560,528,519,517,503,619,542,635,562,632,552,643,655,572,637,556,645,657,659,570,529,517,632,560,632,554,525
0.8148,621,532,485,636,533,498,629,656,668,671,562,512,479,637,535,499,480,625,658,668,669,562,504,643,664,668,670,672,555,654,553,645,543,651,544,506,633,534,649,541,504,483,625,659,667,558,646,542,652,666
0.0451,419,644,677,509,661,682,521,425,369,338,628,672,684,515,662,683,690,518,425,371,340,628,672,504,415,365,328,309,625,471,645,492,656,493,655,680,518,666,501,659,682,690,517,427,370,637,487,656,494,407
0.4760,522,580,603,600,601,600,598,602,604,597,599,608,615,608,605,604,609,606,606,599,590,606,616,608,600,591,596,602,613,601,601,599,613,607,612,603,599,614,608,608,604,609,606,606,600,600,598,593,608,600
0.7262,617,550,535,625,552,529,632,648,651,651,572,544,535,625,554,530,523,627,645,648,656,571,547,630,644,655,661,660,583,635,565,643,569,636,561,534,635,564,633,558,532,525,629,645,648,570,644,570,635,647
0.6147,617,588,578,612,580,576,622,629,628,631,591,591,577,612,580,574,574,617,623,628,637,596,582,614,626,636,638,635,589,622,587,627,592,617,582,577,624,590,616,584,575,577,617,623,628,589,628,592,618,626
0.4558,576,603,607,592,613,621,604,591,588,593,617,616,612,595,614,622,619,597,591,594,600,612,610,594,591,602,597,589,604,597,618,604,608,593,613,621,604,611,593,614,622,619,598,590,594,618,602,608,592,595
0.3276,533,610,630,572,633,641,581,553,548,550,621,634,638,577,636,643,643,578,559,555,558,618,632,574,560,560,546,536,623,542,627,573,622,569,632,641,581,627,571,634,643,642,578,559,555,624,573,624,569,557
0.2185,475,616,653,551,639,656,556,517,501,497,624,649,664,559,645,659,661,558,522,507,500,621,656,554,521,505,482,474,627,542,633,541,646,548,641,656,554,650,552,643,658,661,556,521,507,628,539,646,547,517
0.5314,552,578,591,609,597,587,605,616,617,612,593,595,600,614,600,589,593,613,617,613,606,599,602,614,612,606,610,618,608,611,592,608,603,616,600,590,607,603,615,600,583,593,619,622,614,593,608,603,615,613
0.4988,569,596,606,604,598,600,607,611,606,599,601,608,612,606,599,602,605,613,606,599,599,608,612,606,600,601,613,612,607,600,567,608,612,607,600,602,607,612,607,600,600,608,613,607,600,601,608,613,607,599
0.6177,607,582,575,611,577,572,622,629,628,631,590,582,577,613,579,573,574,617,618,628,637,596,582,616,627,637,639,635,589,621,586,628,592,618,582,574,625,590,617,580,574,575,619,624,629,588,629,593,618,627
0.2643,512,624,643,562,644,655,577,539,518,515,628,646,651,566,646,656,657,575,535,524,522,626,644,562,534,525,526,514,618,546,634,565,635,555,642,639,576,635,559,644,655,657,574,534,524,632,564,631,555,531
0.0591,372,630,672,505,658,680,526,432,383,356,630,669,683,516,662,682,687,531,441,390,363,627,672,506,424,380,356,330,629,476,646,500,651,490,654,678,523,659,499,658,680,686,529,439,387,647,497,650,491,415
0.7682,585,526,502,630,540,521,623,653,661,662,572,521,507,634,553,524,496,632,654,659,661,562,525,638,656,659,659,668,569,646,566,637,548,646,558,529,626,540,641,555,527,495,632,654,660,571,636,550,645,658
0.8452,641,533,483,639,534,474,636,664,672,674,550,492,466,636,532,473,451,634,662,669,672,552,495,643,665,671,679,679,556,654,539,652,534,650,540,481,639,522,646,538,478,453,627,662,669,547,653,532,649,667
0.3637,547,623,635,590,621,633,585,576,569,556,614,635,639,592,621,633,643,593,577,560,556,624,636,589,564,558,560,565,617,573,619,578,627,586,619,631,584,630,588,620,631,641,593,577,560,616,578,627,587,563
0.6770,614,565,557,617,564,551,627,638,640,643,579,563,559,618,566,552,551,621,634,640,650,585,568,622,637,649,650,649,583,630,574,635,583,627,570,555,629,580,625,569,554,552,623,635,640,578,636,584,627,638
0.5573,602,594,585,604,592,594,613,615,614,621,604,598,589,606,593,595,594,608,611,620,627,604,590,607,619,627,624,619,592,617,602,617,595,609,594,596,615,593,608,593,595,595,609,611,619,602,618,595,608,619
0.5887,599,581,570,614,590,588,613,617,626,634,602,584,572,616,591,589,579,607,623,633,631,595,577,617,631,630,626,623,593,628,600,617,584,620,594,591,615,582,618,593,590,579,607,623,634,602,618,584,618,632
0.5108,580,586,595,609,608,602,598,605,612,614,604,595,599,611,609,603,594,603,612,614,609,596,602,611,613,609,600,606,607,613,604,599,601,612,610,603,599,600,611,610,603,594,604,612,614,604,598,601,611,614
0.0195,372,638,677,499,661,685,516,405,338,294,626,674,687,508,664,686,694,512,404,339,296,625,674,496,392,330,286,260,621,458,646,484,658,484,657,682,513,667,493,660,685,692,510,403,338,636,478,658,485,384
0.4317,507,590,612,592,606,609,594,595,589,580,607,620,626,601,611,623,625,604,593,584,581,615,624,600,585,582,586,592,613,588,610,593,621,599,611,616,596,622,599,611,616,624,604,595,583,608,593,621,599,585
0.0007,350,642,680,499,661,687,500,384,310,261,631,676,689,508,664,688,695,512,393,317,266,631,676,497,381,308,260,227,616,453,653,471,656,480,656,684,497,664,490,660,686,694,510,392,316,642,464,656,481,370
0.4376,526,590,604,582,611,624,601,587,580,584,619,621,618,590,616,627,625,598,584,587,592,615,616,590,588,593,593,585,605,591,621,601,612,588,615,626,603,613,589,616,627,625,598,585,587,621,601,613,588,588
0.1271,437,629,661,526,654,672,546,471,441,426,630,662,671,533,656,673,678,544,479,447,432,628,661,526,469,442,430,407,630,505,643,526,643,514,650,670,544,650,519,653,672,677,543,479,447,637,523,643,514,462
0.5687,565,564,572,614,597,587,604,616,626,627,599,582,582,618,601,589,577,609,624,627,623,588,585,620,625,623,618,622,599,623,598,610,591,622,604,591,608,590,621,603,590,579,610,624,627,599,611,591,622,627
0.5552,583,582,589,615,597,585,608,620,624,620,595,588,592,618,599,586,585,615,622,620,615,595,594,619,619,614,617,624,608,616,593,611,597,620,600,587,608,596,619,600,586,585,615,623,620,594,611,597,620,620
0.4115,545,610,626,594,614,621,592,589,585,574,610,626,632,599,616,622,630,600,590,577,573,618,629,598,580,574,577,582,615,585,612,587,624,595,614,620,591,626,597,615,621,630,600,590,578,610,587,624,596,579
0.4373,556,609,616,591,608,619,600,595,582,580,613,624,621,596,612,620,629,598,589,582,586,620,622,595,584,586,592,592,609,587,615,599,617,594,608,619,601,618,595,609,620,629,604,590,582,614,599,617,594,583
0.7692,628,548,519,625,539,513,630,651,655,667,566,531,514,626,539,514,508,624,647,663,665,570,533,630,659,664,667,664,564,652,558,644,562,637,547,520,634,555,633,545,518,509,625,647,663,561,644,562,636,662
0.8578,649,535,470,644,521,474,634,660,675,678,551,495,451,634,515,471,452,624,663,673,676,556,482,642,668,675,677,676,581,661,540,652,532,652,528,479,637,521,647,523,475,454,624,664,674,545,651,527,650,671
0.6758,621,566,549,630,576,559,618,638,649,649,589,555,539,630,576,560,541,618,642,645,646,578,555,633,644,644,643,647,582,637,583,626,572,636,580,562,619,568,634,579,561,542,619,642,646,587,628,573,637,645
0.3908,548,607,629,594,622,625,586,578,580,576,610,624,634,596,623,626,629,591,585,580,568,613,629,594,583,569,565,569,619,588,614,580,625,591,622,625,586,627,593,623,625,628,591,584,580,613,579,624,592,581
0.6640,597,564,555,620,570,550,626,640,642,640,580,562,559,623,572,551,549,625,635,638,640,581,567,626,635,640,648,649,594,629,575,635,581,630,578,553,629,577,628,576,552,550,626,638,639,578,635,581,629,637
0.7026,629,565,551,623,559,541,631,645,647,647,574,552,548,622,559,541,537,626,640,644,653,578,558,626,641,653,655,654,581,632,566,639,576,632,564,544,632,573,629,562,543,538,626,640,644,571,640,577,631,642
0.3488,544,619,631,575,629,643,591,568,550,551,625,636,637,577,631,643,644,589,560,556,557,621,633,574,561,559,563,555,611,567,629,584,623,570,628,642,591,626,573,629,642,643,588,559,555,627,583,624,572,560
0.9567,648,493,401,638,477,396,638,673,685,690,523,429,370,635,475,395,352,627,671,683,689,525,427,645,679,687,691,692,533,670,509,661,508,658,495,409,643,493,653,489,404,358,629,672,685,517,659,508,657,683
0.6846,626,567,548,632,574,558,619,638,650,651,588,553,542,631,573,558,539,619,643,647,647,577,552,634,645,646,645,648,581,638,582,627,570,638,577,560,621,566,635,576,560,540,619,643,647,585,628,570,638,647
0.7943,632,541,505,636,547,505,630,658,665,667,564,512,494,634,547,505,482,633,656,662,665,559,516,640,659,663,668,672,565,645,555,644,544,646,554,511,631,536,642,551,509,484,634,656,663,561,644,544,646,661
0.8046,638,536,502,634,543,493,638,659,666,667,557,510,492,632,543,493,479,631,656,662,667,554,511,638,658,665,673,673,566,648,547,652,547,646,551,499,641,539,642,548,497,480,632,656,662,554,653,547,646,661
0.8170,650,540,502,633,532,491,637,660,666,668,551,506,487,630,530,489,474,629,655,663,672,554,509,636,659,671,673,674,567,648,539,650,547,644,539,496,639,539,641,536,494,476,631,656,663,547,651,547,644,661
0.4468,577,610,614,589,612,623,605,593,582,586,617,620,618,590,612,623,624,600,585,588,592,615,615,589,589,593,596,589,602,592,618,603,612,588,611,622,605,614,589,611,622,624,600,584,587,616,603,612,588,587
0.8642,639,531,463,637,511,464,634,661,676,679,546,488,449,634,511,465,444,624,663,672,678,551,481,642,669,675,678,679,551,661,537,652,533,652,525,473,638,521,647,520,469,448,625,665,674,542,652,533,651,672
0.9356,660,516,426,646,497,421,637,674,684,687,531,449,389,642,491,426,382,629,671,681,685,532,440,650,678,685,688,692,529,666,517,657,512,661,508,428,639,500,657,503,426,385,631,670,682,525,658,513,661,681
0.2554,523,625,654,566,639,650,565,534,523,523,621,644,659,569,640,651,656,566,538,530,512,621,651,564,540,520,505,506,625,557,629,552,642,558,637,649,562,646,563,638,650,655,566,538,530,624,550,642,559,537
0.3121,491,613,637,579,626,638,572,555,552,540,617,641,649,586,630,639,650,581,564,547,534,626,644,582,554,536,536,539,621,582,624,564,633,578,627,638,571,637,580,629,638,650,580,563,547,617,561,633,577,552
0.4176,541,608,619,589,608,621,595,592,582,571,613,628,627,595,611,622,633,603,587,576,578,621,625,594,578,578,583,587,614,581,616,594,620,592,609,621,597,622,593,609,623,632,604,586,574,614,592,620,592,577
0.1951,465,627,653,544,646,663,556,517,479,471,631,656,664,554,650,665,669,567,507,485,477,630,655,545,502,485,477,478,618,529,640,542,640,539,643,663,555,645,543,646,664,668,566,507,485,636,540,640,540,498
0.9248,637,498,425,636,488,421,636,669,682,686,530,450,405,635,488,422,389,627,670,681,685,534,452,644,675,684,687,688,538,667,519,658,521,656,504,433,641,506,652,500,429,393,629,670,681,526,658,520,655,679
0.0920,453,640,674,522,657,676,539,454,415,394,630,665,680,526,658,677,682,539,461,420,399,628,669,517,448,412,397,371,628,492,645,515,650,503,651,673,536,657,510,654,675,681,537,459,420,637,512,650,504,439
0.6642,578,547,544,622,578,554,615,638,644,644,583,557,552,627,582,557,544,625,640,642,641,579,561,630,640,640,641,641,587,633,580,625,573,633,586,560,618,569,632,585,556,545,624,640,643,582,625,574,633,641
0.0356,397,647,678,510,660,684,508,413,358,325,627,671,684,515,661,685,691,518,421,364,323,635,674,506,412,352,318,298,622,470,647,476,654,490,654,681,504,663,499,657,683,690,517,420,363,636,469,654,491,402
0.4424,523,595,610,590,603,614,597,597,588,579,609,622,623,599,607,617,626,606,593,581,585,617,621,586,583,586,591,595,610,586,611,597,618,596,606,616,599,619,598,606,616,625,606,593,581,610,596,618,597,582
0.2274,485,626,650,553,641,660,563,532,499,491,631,653,659,560,644,661,665,575,521,502,496,629,651,555,516,502,499,502,618,538,641,551,637,548,639,659,562,642,551,641,660,664,573,522,502,635,549,637,549,512
0.1588,431,622,655,538,652,668,553,491,461,450,628,659,666,548,656,670,674,555,493,467,456,629,658,541,489,466,457,443,623,511,641,534,640,531,650,668,551,647,536,653,669,673,555,492,467,636,532,641,531,483
0.8439,622,521,467,638,522,479,630,661,673,675,555,498,460,639,525,481,460,628,661,671,674,556,490,646,668,673,675,678,549,655,544,648,536,654,536,489,638,526,651,533,487,463,628,662,672,551,649,535,654,669
0.3924,561,608,626,593,623,618,585,578,582,581,613,622,631,595,625,626,626,589,583,582,573,609,626,592,585,573,564,569,621,592,615,579,621,590,623,626,585,623,591,623,625,626,589,583,583,614,579,621,591,585
0.9698,650,475,384,641,482,385,644,677,687,691,522,418,355,653,482,386,332,635,673,685,691,511,411,649,680,691,694,696,523,667,506,667,495,661,500,399,649,481,656,494,395,339,636,675,687,517,668,496,660,684
0.8471,652,530,484,637,524,474,640,665,672,672,553,494,467,633,521,472,445,631,660,668,677,546,493,640,663,676,679,679,559,652,534,655,538,649,533,483,642,528,645,530,477,454,632,661,668,547,657,538,649,666
0.0618,432,646,676,525,659,681,521,436,389,354,633,671,682,529,661,682,687,530,444,386,358,632,670,520,428,381,354,339,619,482,650,496,651,507,654,678,517,659,514,656,680,687,530,442,386,641,491,651,508,419
0.0825,355,623,663,520,658,677,530,456,404,382,631,667,678,531,662,679,685,542,454,410,388,631,667,526,445,406,385,376,628,479,645,505,647,509,656,676,539,655,517,659,678,684,542,453,409,639,503,648,511,438
0.5310,557,574,579,603,602,598,604,604,612,620,604,595,591,609,605,601,594,603,612,621,617,599,592,610,620,617,612,609,601,619,606,608,594,610,606,602,607,593,610,606,602,595,603,611,620,606,608,595,610,620
0.2953,518,612,642,569,634,645,569,546,540,541,620,638,650,576,636,643,647,571,551,547,536,617,643,572,554,539,523,525,625,567,626,560,635,567,634,643,570,639,570,635,644,646,572,551,547,623,558,635,567,552
0.5448,561,577,589,610,594,584,607,618,619,615,592,592,597,615,598,586,590,615,618,615,609,598,599,615,614,609,614,622,608,613,591,610,601,617,599,586,608,600,616,599,586,590,615,618,615,592,610,601,617,615
0.5350,578,590,599,607,591,592,612,618,614,608,597,599,604,610,593,592,598,615,613,608,612,603,605,610,607,611,618,620,604,605,597,614,606,612,594,593,613,607,611,592,593,597,615,613,608,597,615,608,611,608
0.9165,653,508,440,637,504,433,640,671,679,686,530,452,413,633,501,424,397,631,666,681,685,532,456,642,676,684,686,688,544,663,514,658,519,653,516,442,644,507,649,512,439,401,633,667,681,524,659,519,653,679
0.1117,459,642,668,533,659,676,540,475,428,410,632,665,674,537,660,676,681,549,469,433,415,631,664,530,462,429,414,407,623,491,644,515,645,517,654,673,536,653,523,656,675,680,549,468,432,638,514,646,518,455
0.1507,412,618,655,528,649,667,551,482,456,444,628,658,668,540,654,669,673,549,491,464,452,627,659,532,482,460,451,428,629,514,643,534,642,521,647,667,551,648,527,650,668,673,548,490,463,635,533,642,522,476
0.0388,334,628,671,499,660,682,517,416,359,325,627,670,685,511,663,685,691,514,418,362,328,628,672,501,406,355,316,295,624,467,646,490,658,489,656,681,515,666,498,660,683,689,514,417,361,636,483,657,490,401
0.4417,509,584,610,597,610,607,592,592,596,588,602,614,623,606,614,611,618,600,600,591,584,609,621,605,592,582,584,589,615,595,606,592,619,603,614,612,594,619,604,614,612,600,598,601,591,606,591,619,603,592
0.2694,492,624,646,573,631,650,566,541,535,514,621,649,654,578,633,651,659,576,549,522,515,631,648,575,534,519,518,525,620,552,629,555,636,569,629,649,566,641,572,623,650,660,575,550,524,624,562,636,569,530
0.1711,441,626,656,545,646,666,548,503,473,454,632,659,667,553,650,669,673,559,504,463,460,631,659,548,490,468,460,457,621,520,644,533,643,546,643,664,548,646,544,647,667,673,559,505,470,638,530,643,539,485
0.8385,625,523,481,629,517,477,630,658,670,675,551,501,475,630,519,479,463,625,657,670,674,556,503,638,666,673,675,675,554,659,542,650,545,646,531,486,637,536,642,527,484,446,626,659,671,547,650,545,646,669
0.0513,421,643,677,508,662,682,525,428,376,347,631,670,685,514,663,683,688,529,436,380,351,629,671,503,416,371,344,318,627,472,647,497,650,497,655,678,521,658,497,659,680,688,527,433,380,639,492,651,489,408
0.3500,495,590,623,575,625,633,574,561,559,563,616,626,637,585,630,636,634,581,556,570,559,612,632,583,573,562,547,550,624,583,628,570,623,578,628,635,577,626,580,629,635,634,583,570,569,633,570,624,577,570
0.7494,609,542,520,629,559,517,627,652,658,658,566,530,518,630,561,519,508,631,650,655,656,572,535,636,652,655,662,666,574,642,558,640,556,641,569,523,630,549,637,564,521,508,631,651,655,564,640,555,641,653
0.0919,437,644,672,532,654,678,524,454,418,395,629,667,678,534,655,679,684,535,462,422,390,634,669,527,454,408,388,377,624,498,645,499,650,513,648,675,522,657,520,650,677,684,534,461,422,635,494,650,513,447
0.7576,610,536,519,622,543,516,631,650,671,659,563,532,522,625,546,519,510,625,647,655,664,569,537,630,652,663,664,664,573,642,555,643,564,636,554,523,635,559,634,551,522,512,627,647,655,561,645,565,636,653
0.8353,647,538,493,634,521,480,634,660,669,674,551,501,478,630,519,479,463,626,657,671,674,555,504,637,667,673,675,675,554,659,542,651,547,645,530,486,637,538,642,527,484,467,627,657,672,546,651,546,645,669
0.0353,411,644,679,502,663,684,519,416,359,324,630,672,685,509,664,685,690,525,423,364,328,629,672,498,405,353,321,294,626,464,648,490,653,482,652,680,515,659,490,660,683,689,523,422,363,639,485,651,482,395
0.5062,540,568,586,602,605,600,595,602,609,612,604,594,599,609,610,603,594,603,610,613,608,596,600,610,613,607,601,604,612,612,605,599,601,610,610,604,600,601,610,611,604,596,603,610,613,605,600,600,610,614
0.8474,634,525,476,637,530,473,636,664,671,675,551,489,462,636,529,474,447,633,662,670,672,550,492,643,666,671,679,681,553,655,540,653,530,650,539,482,638,520,646,535,478,450,634,663,670,548,654,530,650,668
0.5448,592,593,600,612,593,589,612,621,618,612,595,596,601,612,594,589,593,616,616,612,612,600,603,613,610,612,618,623,605,609,594,614,605,614,595,589,613,604,613,595,589,594,617,616,612,595,614,605,614,612
0.9396,656,500,421,639,495,415,642,673,683,689,522,436,388,635,493,413,373,631,669,683,687,525,438,644,678,687,690,691,537,664,505,660,509,656,508,425,645,497,651,503,422,377,633,670,684,517,661,510,656,681
0.4253,577,613,617,588,618,629,603,588,578,581,624,623,621,589,618,629,627,596,581,583,587,616,618,587,584,588,590,582,605,587,622,599,613,585,616,628,602,615,586,617,628,627,596,581,582,621,599,614,585,584
0.7301,618,556,521,630,555,536,625,641,654,659,578,547,519,631,557,537,528,617,646,656,656,578,533,635,653,657,656,653,569,645,571,636,558,633,561,540,627,550,634,558,538,529,617,646,656,574,637,558,636,654
0.1875,493,627,662,546,648,663,551,503,483,475,626,653,667,551,649,664,667,558,510,490,482,622,658,544,504,488,464,457,628,530,637,535,642,534,644,661,550,648,539,646,663,665,556,509,489,631,533,642,535,499
0.6014,569,563,568,614,595,570,610,628,632,630,589,576,576,621,591,573,569,620,629,629,624,589,581,623,628,626,627,636,599,623,586,617,588,625,594,574,613,585,624,592,574,569,619,630,630,589,617,588,625,628
0.9415,652,492,413,642,498,409,644,675,684,687,530,438,385,638,495,408,366,634,671,682,689,520,433,647,676,687,691,692,532,664,515,664,506,658,511,420,647,493,653,507,417,371,635,672,683,525,665,507,658,680
0.2777,532,632,649,573,632,655,572,550,532,516,630,648,652,574,634,654,659,581,547,524,521,628,645,571,533,525,523,527,617,550,636,561,633,564,629,652,570,638,568,631,653,657,580,546,522,633,560,634,565,529
0.9869,649,476,374,639,460,362,639,677,688,693,511,399,333,635,458,362,305,628,675,686,693,512,402,648,682,689,695,697,523,673,495,664,495,660,480,378,644,478,655,473,373,312,631,675,687,504,665,495,660,685
0.3053,545,623,635,573,640,648,582,543,537,537,624,639,640,574,641,648,648,573,550,543,543,617,634,571,550,547,540,524,618,560,630,572,624,565,637,646,581,628,568,638,648,648,574,549,546,627,572,624,566,548
0.7819,618,534,501,635,546,517,625,656,663,666,571,518,497,635,546,519,490,625,654,662,663,562,517,641,659,663,663,668,563,648,562,640,550,648,554,524,628,543,645,551,521,494,627,654,662,567,640,551,647,661
0.9664,660,501,404,647,487,395,639,676,686,691,525,418,359,639,481,391,336,635,671,686,690,525,421,651,681,689,694,695,523,667,510,661,491,660,498,405,643,474,658,493,401,341,636,674,686,516,662,491,659,683
0.5330,591,595,603,611,597,591,610,619,616,610,595,598,603,612,597,591,595,615,615,610,607,600,604,612,609,608,614,621,607,608,594,610,605,613,597,591,609,605,612,598,591,595,616,615,609,595,611,606,613,610
0.6645,616,569,564,619,568,554,627,637,638,638,580,564,563,619,566,554,553,622,633,635,645,585,572,623,633,644,649,647,587,626,574,634,585,626,570,557,629,582,625,569,556,554,622,634,636,578,635,585,627,634
0.4272,566,610,616,585,615,627,602,590,576,579,619,624,622,589,617,628,628,597,580,581,586,616,619,586,583,586,590,582,604,586,621,600,614,585,615,627,601,615,593,614,627,628,598,580,581,619,600,614,584,583
0.2473,495,619,641,558,643,655,573,526,512,508,627,647,651,565,646,657,658,566,530,518,515,624,645,560,530,520,517,498,621,542,634,561,630,553,642,654,572,635,557,644,656,658,561,542,518,630,561,631,553,526
0.0525,364,629,671,503,658,679,525,427,375,346,629,669,683,514,662,682,687,530,435,382,352,628,672,506,419,373,346,320,626,474,646,499,651,489,654,678,522,659,497,658,680,686,530,435,381,638,494,651,490,409
0.6057,561,556,563,615,586,570,610,627,633,631,589,573,573,622,591,573,567,619,630,630,628,588,579,624,629,627,628,635,597,625,587,617,586,629,594,576,612,583,625,593,575,566,619,631,632,589,617,586,626,630
0.6398,601,568,565,621,577,557,623,637,638,636,582,569,566,621,579,558,558,623,633,634,634,584,572,624,631,633,642,646,597,626,577,631,585,628,582,560,624,582,626,581,559,558,624,634,635,580,630,584,628,633
0.5943,604,585,586,613,580,576,622,627,625,622,590,586,586,614,580,577,579,617,622,621,628,596,591,615,618,627,635,633,596,614,587,627,598,618,583,579,623,597,616,582,577,580,618,623,620,589,627,599,618,619
0.9990,661,480,369,642,475,364,643,679,690,695,506,389,314,635,471,362,293,629,674,688,694,508,391,648,682,692,696,698,520,668,485,664,488,660,492,377,647,475,656,487,373,301,632,677,689,499,666,489,660,689
0.1173,466,641,667,536,659,675,543,470,432,414,632,664,673,539,660,676,680,547,471,437,419,629,662,531,465,434,418,403,624,494,643,518,644,519,653,672,539,651,525,656,674,678,544,470,436,636,517,644,520,458
0.8465,618,517,466,637,522,480,629,661,671,675,554,494,459,638,524,482,456,628,661,670,673,554,489,645,666,672,674,678,549,657,544,647,536,654,535,489,634,526,647,533,486,460,629,662,671,551,648,535,654,669
0.1197,467,638,670,531,652,671,538,472,439,423,626,664,676,536,654,672,679,537,474,443,428,627,665,528,467,440,409,402,626,507,640,516,652,519,649,669,535,659,525,652,671,679,536,473,442,632,512,651,519,463
0.1800,414,623,655,545,642,661,543,499,481,472,622,658,667,554,646,660,673,554,508,487,460,634,660,549,505,469,460,457,624,532,635,526,644,540,641,660,542,650,545,644,661,672,553,507,488,627,523,647,540,501
0.8424,629,516,476,630,520,475,637,662,668,670,544,493,470,631,522,476,456,629,658,665,675,548,497,638,661,674,676,677,561,649,532,652,538,647,533,483,641,531,643,529,481,460,631,658,666,549,655,541,647,664
0.7644,640,556,530,625,548,519,632,650,654,662,565,533,521,623,547,519,510,624,645,659,664,569,538,628,654,663,664,663,567,646,556,642,566,635,554,524,634,560,632,552,521,511,625,646,659,562,644,566,635,656
0.0011,379,646,682,505,668,689,506,388,313,263,629,675,689,511,669,689,695,515,396,318,266,628,676,500,383,309,260,226,614,434,647,470,653,482,660,685,501,663,493,665,665,694,515,394,317,640,466,654,484,371
0.8524,612,512,459,636,518,474,629,662,673,676,552,492,454,640,521,476,452,627,662,671,674,553,485,646,667,674,675,679,546,658,541,648,533,655,533,484,635,524,651,529,482,457,628,662,672,548,649,533,654,671
0.1424,480,635,667,538,651,669,543,484,456,444,625,660,673,542,652,669,675,542,487,460,449,625,663,534,482,459,430,423,627,515,638,522,650,526,646,666,540,656,532,650,667,674,541,485,460,631,518,650,527,477
0.3743,500,600,627,589,618,623,581,574,576,565,608,628,638,596,622,627,635,591,583,569,557,618,634,595,574,559,561,564,618,582,614,577,628,591,620,625,583,630,593,621,626,634,590,584,569,611,576,628,592,570
0.2008,465,636,654,558,637,664,553,514,501,473,628,655,663,566,640,665,669,563,525,486,479,632,656,561,501,485,479,478,623,528,637,537,640,552,635,662,552,646,557,638,664,669,563,523,490,632,533,640,551,499
0.4725,553,595,603,590,602,612,607,599,590,592,611,617,613,596,606,615,617,603,592,594,599,614,612,595,594,600,603,600,601,596,612,607,609,597,605,614,609,608,595,605,614,617,604,593,594,610,608,610,594,594
0.9636,653,492,402,640,474,389,639,674,686,691,519,421,365,635,470,387,339,627,672,684,690,521,423,645,680,688,692,692,529,670,505,662,506,659,490,400,643,490,654,484,396,347,629,673,685,513,662,505,657,682
0.8946,656,530,451,646,510,450,635,670,679,682,541,474,423,640,506,448,422,629,666,677,680,544,463,649,674,680,682,686,536,662,528,653,522,658,519,457,638,508,654,515,453,424,630,668,677,536,654,522,658,677
0.7420,632,549,528,634,561,531,624,653,657,659,575,531,518,632,560,530,508,631,650,655,655,566,534,636,652,655,655,664,572,643,567,634,554,641,565,535,624,548,638,563,532,509,631,651,654,572,635,556,641,653
0.7194,619,553,536,628,564,528,630,648,652,653,570,541,533,628,565,528,523,629,645,650,649,569,544,632,646,647,655,659,581,637,563,639,567,636,570,532,631,561,635,569,531,523,629,646,650,565,640,566,637,647
0.9601,657,490,403,642,490,399,643,676,688,689,527,427,369,636,486,396,347,632,671,683,690,517,421,646,678,688,692,693,529,664,511,664,502,659,505,409,647,480,654,500,404,353,634,672,684,521,666,503,659,682
0.9957,672,490,380,645,480,371,644,679,690,695,507,392,320,635,472,365,299,630,674,688,693,509,393,648,682,692,696,698,520,667,485,664,489,660,492,381,648,474,655,488,376,308,632,675,688,508,665,490,660,686
0.8690,655,533,476,638,512,463,635,662,675,680,544,485,453,633,508,460,438,625,662,674,678,547,485,641,669,676,678,679,548,661,534,653,536,651,521,468,637,525,646,516,465,443,627,662,674,538,653,535,649,672
0.7420,633,559,523,636,556,535,625,645,659,661,577,538,514,633,554,534,517,619,650,656,657,573,530,639,654,657,657,657,568,645,569,636,556,645,561,538,627,550,642,557,536,520,620,651,657,573,637,556,644,656
0.1516,474,631,665,538,650,667,543,486,461,449,626,657,672,543,652,668,672,543,489,465,455,623,672,535,485,464,435,430,627,517,637,523,648,527,647,665,540,656,533,649,667,672,542,489,464,631,520,650,528,481
0.2324,444,614,646,556,636,649,560,525,512,507,618,650,660,566,641,652,663,564,532,518,492,626,652,560,530,498,492,493,624,550,627,548,642,555,637,649,560,646,559,639,651,663,563,531,518,622,546,642,555,527
0.2581,468,619,644,568,631,651,563,537,528,507,622,649,655,575,634,653,661,573,546,517,509,630,648,572,528,512,511,512,620,546,631,551,636,566,630,651,563,641,569,632,652,661,572,546,517,626,550,637,566,525
0.5005,564,595,599,595,597,603,610,606,599,599,605,612,607,600,600,606,612,606,600,600,606,612,607,601,600,606,613,607,600,600,606,613,608,601,600,606,612,607,601,600,606,613,608,601,600,606,612,608,601,600
0.8961,646,515,456,637,499,442,636,666,678,683,536,468,435,634,498,441,415,627,665,677,682,540,474,642,672,680,683,684,543,665,525,656,529,652,512,451,640,517,648,508,447,418,629,666,677,532,656,529,652,675
0.6512,620,576,553,625,578,571,618,629,642,646,595,567,552,624,577,571,556,613,634,643,641,586,559,626,641,642,639,643,582,635,590,626,573,630,581,574,620,570,628,579,572,557,613,634,643,593,626,573,630,642
0.1585,476,628,664,539,649,666,544,490,466,456,626,655,671,546,652,667,670,545,493,470,462,623,663,537,490,469,441,436,627,520,638,525,649,529,646,664,542,656,535,648,666,669,543,493,470,631,522,649,531,485
0.2030,433,617,651,549,641,655,554,510,496,491,620,655,665,558,643,658,669,557,517,504,476,627,656,553,517,483,474,472,625,540,632,540,644,546,640,656,553,650,551,642,657,668,556,517,502,626,538,645,546,514
0.3817,510,605,623,586,614,625,586,580,574,562,612,631,635,593,618,628,637,596,580,566,562,621,633,592,570,563,567,572,616,577,616,582,625,589,616,627,587,627,590,617,627,637,595,582,566,613,576,625,589,571
0.5218,578,595,596,601,593,598,614,612,607,606,602,607,602,603,598,599,605,609,606,606,613,609,603,605,606,611,618,615,599,603,602,616,605,605,596,600,615,605,605,596,599,606,610,606,605,602,617,606,606,605
0.6075,604,584,570,608,581,579,618,623,624,632,595,595,573,611,582,580,580,612,631,630,636,599,579,612,629,636,633,630,588,623,593,623,588,615,584,583,606,586,614,583,581,580,613,620,631,594,623,587,615,629
0.6013,603,579,566,616,586,585,614,620,629,636,601,580,568,617,589,585,574,608,624,634,634,593,573,619,632,632,629,629,589,629,598,619,581,621,593,586,614,580,620,590,586,575,608,624,635,600,619,582,621,634
0.1403,460,628,665,533,651,667,540,479,452,438,627,657,674,539,653,670,673,549,487,458,446,623,663,532,478,455,425,419,628,512,639,519,645,520,647,667,537,653,526,650,668,680,547,486,458,634,517,646,521,471
0.1507,406,621,658,535,646,663,544,488,462,452,623,662,671,545,651,666,678,546,492,468,444,630,662,537,489,454,438,432,625,522,647,526,649,530,645,664,544,656,536,648,665,677,546,491,468,629,522,649,532,484
0.0425,334,633,672,506,656,682,509,416,362,331,625,670,683,517,660,684,690,519,420,370,328,635,673,510,416,357,324,305,621,474,646,470,653,493,653,681,506,662,502,656,682,689,519,423,369,635,471,652,494,408
0.1254,376,622,659,534,648,671,534,474,445,415,633,664,673,545,654,674,679,546,484,438,421,632,664,539,465,435,420,415,622,504,647,521,647,529,647,671,535,653,534,650,673,678,546,484,437,640,513,650,530,458
0.0040,295,630,674,498,665,687,504,390,316,269,623,674,688,510,669,689,695,515,397,322,274,630,675,500,385,314,267,236,616,436,648,470,654,483,661,685,501,663,492,665,687,694,513,399,322,641,467,654,485,375
0.2687,461,603,632,553,637,650,572,530,521,519,625,643,647,563,642,652,654,568,538,529,526,622,640,560,536,529,523,505,624,552,633,564,627,553,638,651,574,632,556,640,652,654,567,537,528,629,563,628,554,533
0.6066,582,562,564,620,590,577,608,623,635,634,594,572,570,622,593,579,565,612,631,632,630,586,576,624,631,630,626,631,594,627,592,615,584,627,595,581,611,582,626,595,580,566,612,630,633,594,615,585,627,634
0.9465,652,503,416,644,493,413,638,674,684,688,532,432,379,640,490,411,360,634,671,684,687,528,435,650,678,686,691,693,528,665,518,659,498,659,505,423,641,483,653,500,420,364,636,672,683,526,661,499,658,680
0.3709,551,622,635,592,620,630,586,577,573,561,612,632,638,594,621,630,639,593,580,562,558,621,635,592,568,559,562,566,617,576,616,578,626,589,617,628,584,629,590,620,629,638,592,579,564,614,577,626,588,567
0.4330,551,607,615,589,607,619,598,593,584,578,612,624,623,595,610,621,628,603,588,580,584,619,620,594,581,584,590,590,608,585,615,597,617,592,608,620,600,618,593,609,620,629,603,588,578,613,597,617,592,581
0.0582,386,636,672,515,662,683,521,433,376,348,631,670,682,523,665,683,689,531,434,383,353,631,669,515,425,376,349,333,619,458,646,492,650,500,657,679,518,658,507,661,681,688,530,433,381,640,490,651,500,416
0.9275,630,492,412,641,490,420,635,668,682,686,530,449,393,634,487,419,385,625,668,680,684,533,442,644,675,684,687,687,539,667,517,658,511,656,502,430,641,498,650,498,425,390,627,669,681,525,658,513,655,679
0.3962,568,606,622,590,625,628,586,575,577,580,616,619,626,591,625,628,625,590,582,585,578,609,622,590,585,578,566,567,619,592,618,581,616,587,623,627,585,618,587,624,627,625,588,581,582,616,580,615,586,584
0.0627,394,634,670,510,656,679,524,435,386,359,625,669,682,520,660,680,688,523,436,388,363,627,669,510,427,384,348,333,624,480,643,499,655,500,653,676,522,662,507,657,679,688,522,436,387,634,493,655,500,421
0.8786,618,492,444,632,516,447,639,666,674,677,542,474,441,635,520,453,424,632,664,673,679,536,473,642,668,678,682,683,548,656,529,658,526,652,533,460,645,515,648,529,457,427,634,661,674,536,660,526,652,672
0.1933,497,638,660,558,643,666,554,513,494,470,633,657,663,561,643,666,670,562,518,483,474,631,656,556,500,481,474,474,621,526,642,539,642,548,637,663,551,646,552,640,664,669,561,517,481,637,535,641,548,495
0.6541,597,567,554,610,565,559,621,631,632,641,585,574,561,614,569,562,562,616,626,638,646,592,568,616,635,644,644,641,580,631,582,630,582,620,573,564,624,579,618,570,562,563,616,627,638,584,630,583,612,636
0.7503,630,559,516,629,547,526,626,644,657,662,572,541,511,627,547,527,517,619,648,659,660,577,527,632,655,659,659,657,570,649,566,639,556,638,555,531,629,549,636,552,529,521,619,649,659,569,639,555,638,656
0.9610,659,501,404,647,484,396,638,676,686,690,523,425,360,641,480,393,346,628,671,684,689,526,421,651,681,688,691,694,520,667,506,659,505,663,498,406,642,490,658,493,403,352,630,665,684,517,661,505,663,684
0.2928,533,622,648,574,635,644,570,546,541,541,620,639,653,577,635,644,649,573,552,547,530,618,646,572,555,533,522,524,624,568,625,559,638,568,632,642,569,641,571,633,644,648,573,551,548,621,558,638,568,553
0.6251,582,563,565,615,577,560,620,634,634,632,583,572,572,620,580,563,564,622,630,630,630,586,577,621,628,630,638,641,598,622,580,627,588,625,584,565,622,585,623,583,565,564,623,631,630,582,627,587,625,629
0.9917,664,483,377,643,477,371,644,679,689,694,506,395,325,636,472,368,305,630,673,688,693,508,395,648,682,691,695,697,519,667,486,664,489,660,492,383,648,474,655,487,378,312,633,675,688,500,666,489,660,686
0.3079,541,626,640,570,636,649,583,558,534,533,626,641,645,571,633,649,650,584,546,540,538,624,638,567,547,542,543,539,612,560,633,573,628,562,629,647,580,631,564,630,648,650,584,545,539,629,572,628,562,544
0.0393,361,632,671,511,662,684,518,422,361,327,629,671,682,520,664,680,690,528,423,367,333,630,670,512,415,361,329,308,619,458,646,489,650,496,658,680,515,659,505,662,683,689,528,425,366,639,485,651,498,406
0.3009,482,598,630,563,632,643,571,543,537,537,621,636,645,572,637,646,646,574,551,546,544,617,638,569,550,547,530,522,626,562,628,563,627,563,633,644,573,631,566,635,645,645,574,551,544,625,563,627,563,548
0.3544,515,600,629,581,624,630,578,565,564,565,614,626,640,588,628,633,635,584,572,569,556,614,635,585,573,558,550,552,621,582,619,572,628,582,625,631,579,633,584,627,633,635,583,572,570,616,571,628,582,573
0.5253,562,583,596,606,596,590,607,616,614,608,595,599,604,611,599,592,597,614,613,608,604,600,605,612,608,604,611,618,607,607,595,608,606,612,600,592,607,605,612,599,592,597,614,614,609,595,608,606,612,608
0.5558,590,590,594,608,586,587,617,619,617,611,595,596,596,609,587,588,593,614,614,610,617,601,599,611,610,617,625,624,600,608,594,620,604,613,589,589,618,602,612,588,588,587,615,616,611,595,619,603,612,610
0.0784,410,638,671,519,656,678,525,447,398,372,632,669,679,528,658,679,685,535,446,401,376,631,668,520,438,395,375,361,619,487,648,502,650,507,651,676,522,657,514,654,677,684,534,448,400,640,497,650,509,430
0.5459,564,577,575,599,593,598,608,607,612,619,607,596,587,606,597,600,594,604,610,619,622,603,589,607,618,622,619,612,596,617,607,614,593,608,598,602,612,592,607,598,602,595,605,611,619,607,614,593,608,618
0.2256,497,621,650,552,644,657,562,517,501,498,625,647,657,556,646,658,660,563,524,509,505,623,650,552,520,510,494,482,628,541,635,549,634,544,641,656,561,640,548,643,657,660,562,523,509,629,548,636,544,516
0.3300,503,601,632,576,627,635,574,558,555,557,617,631,644,583,631,637,640,579,564,563,548,615,638,580,568,551,539,543,624,579,621,567,631,576,628,637,576,635,579,630,637,640,578,564,562,619,566,631,577,566
0.4575,542,594,613,600,607,607,595,598,598,590,601,612,622,606,610,608,615,604,601,593,586,609,620,604,594,585,600,596,613,596,603,595,617,604,610,607,597,618,605,610,608,615,604,602,593,603,595,617,603,594
0.8279,641,529,489,632,522,482,638,661,667,668,547,499,479,631,524,482,465,630,657,664,675,551,502,637,659,673,665,675,564,648,544,653,543,646,534,488,642,534,642,533,489,467,632,658,664,551,654,544,646,661
0.7182,636,567,546,622,558,537,630,645,646,653,572,550,540,620,557,537,532,622,639,650,657,578,552,624,646,657,656,655,573,637,565,639,573,630,562,540,631,568,621,560,538,533,623,640,650,570,639,574,629,648
0.0816,428,639,671,525,660,679,530,452,400,377,631,667,677,530,663,681,685,540,447,406,383,631,667,521,442,399,380,369,622,477,645,503,647,508,656,676,527,655,515,659,678,685,540,449,405,639,501,648,509,435
0.5866,568,565,564,611,590,584,609,616,625,631,599,581,574,617,593,586,577,608,623,632,628,592,579,619,629,627,624,623,594,626,598,616,585,621,596,588,612,584,619,595,589,577,608,623,630,599,615,585,620,629
0.9708,655,494,396,645,481,389,637,675,686,691,522,414,353,639,478,387,329,635,673,685,690,522,416,652,681,690,695,695,520,667,506,661,488,660,495,399,643,470,655,489,395,334,636,674,686,516,662,488,660,683
0.2901,527,630,649,577,633,643,568,547,541,533,615,644,652,579,633,643,654,575,554,539,521,627,647,576,546,524,522,525,622,562,623,556,635,569,630,641,566,640,572,632,641,653,574,553,540,619,554,636,570,545
0.2613,476,620,643,568,629,651,565,539,528,505,622,649,654,575,633,653,660,574,545,517,510,630,648,571,527,515,513,513,620,545,632,553,635,565,629,651,564,640,568,631,658,660,574,545,517,626,551,635,565,525
0.3359,512,611,629,570,623,643,584,565,547,541,626,637,640,577,627,646,645,589,559,549,550,623,636,575,555,552,555,553,612,566,631,579,626,572,624,650,585,628,573,626,644,646,589,558,549,629,577,626,572,553
0.7819,623,544,505,626,536,508,629,650,660,668,564,528,501,627,537,509,501,622,651,663,665,569,521,633,659,664,665,664,563,653,556,643,554,641,545,514,632,539,637,544,513,502,623,650,662,560,644,554,639,661
0.9217,656,516,432,645,499,431,636,673,682,685,533,454,399,641,495,427,392,629,668,680,684,536,446,650,676,684,686,690,530,664,520,656,515,660,510,437,640,502,656,506,434,399,631,669,680,528,656,514,659,679
0.0396,423,645,678,507,661,683,519,421,364,330,627,672,684,512,662,683,690,515,421,366,333,628,671,502,410,360,321,303,623,468,644,490,657,491,656,679,516,666,498,659,682,689,515,419,365,635,484,657,491,404
0.6947,577,538,533,620,565,538,625,645,647,647,572,549,542,626,570,537,532,620,642,644,642,575,554,630,643,642,651,655,585,635,568,632,569,634,574,540,625,564,632,573,538,533,627,643,645,570,633,569,633,643
0.2962,517,626,643,577,627,645,573,553,561,526,620,645,650,581,630,646,655,581,557,535,529,628,644,578,541,532,530,533,618,556,627,561,632,572,628,644,570,636,576,627,645,654,581,557,534,622,560,632,573,538
0.5237,574,588,593,598,597,597,613,610,604,605,602,607,601,602,596,600,607,610,605,606,613,610,603,603,605,612,618,613,598,604,602,616,604,604,597,600,615,604,604,596,600,607,609,605,607,602,615,603,604,606
0.7467,626,557,523,624,547,525,627,645,654,662,571,542,519,624,546,526,521,620,645,658,660,575,533,629,655,659,659,658,567,649,564,640,561,635,553,530,630,556,632,541,529,522,622,639,659,568,640,562,634,657
0.9316,656,512,425,646,494,422,637,673,683,686,531,447,391,641,492,420,383,630,670,680,685,534,440,650,677,684,687,690,527,665,516,657,512,661,508,431,640,500,656,502,427,387,630,670,681,525,658,512,661,681
0.1307,477,636,669,534,653,670,539,477,446,432,626,658,674,538,653,671,675,538,479,450,437,624,664,529,473,449,419,413,627,510,640,517,651,521,647,668,536,658,526,650,670,674,537,478,450,632,514,651,522,469
0.2862,464,606,639,567,629,639,569,544,536,532,613,642,652,576,634,643,653,574,551,540,521,622,645,572,548,523,520,521,623,563,623,559,637,568,631,642,569,642,571,633,643,653,573,551,541,619,557,637,570,546
0.1200,407,632,664,532,648,673,533,470,441,417,628,664,674,541,651,675,680,542,480,440,416,633,665,534,467,430,414,409,623,505,644,509,648,523,645,672,531,654,529,648,674,679,541,478,440,635,504,648,524,461
0.8961,632,500,443,631,506,443,638,667,675,683,533,465,429,632,507,445,415,630,663,677,682,537,468,641,673,681,684,685,549,661,519,655,525,650,521,455,643,514,647,517,451,419,632,665,679,529,658,525,651,676
0.6250,620,588,569,614,579,574,620,627,629,638,593,581,567,612,578,573,573,614,624,636,641,596,573,616,632,639,637,633,585,629,589,626,583,617,581,575,620,581,616,579,574,573,614,624,635,591,624,584,617,633
0.3439,547,611,627,576,632,638,583,557,553,555,621,632,634,579,633,640,640,579,563,560,563,617,629,576,564,564,554,541,620,574,626,578,619,572,631,638,583,622,573,632,639,639,578,562,559,624,577,619,571,562
0.9552,645,490,403,644,486,402,636,673,684,689,526,425,369,641,484,402,349,635,673,684,688,525,429,650,680,687,690,693,524,668,511,658,508,662,502,415,641,494,658,497,411,355,630,671,683,516,659,507,662,683
0.9980,667,497,380,648,474,364,639,678,690,695,515,395,318,639,466,359,292,632,675,688,694,518,397,653,684,693,697,699,514,670,497,662,479,662,485,373,641,460,656,479,368,299,635,676,689,508,663,480,662,686
0.2061,500,639,659,562,641,662,554,516,502,483,625,656,663,564,641,661,669,562,524,494,479,632,656,559,510,487,479,479,622,534,635,536,640,550,636,658,551,646,554,638,660,668,561,523,495,628,533,640,551,506
0.0860,380,631,666,525,654,676,524,450,412,378,635,668,678,535,660,679,684,536,460,408,384,633,668,527,441,401,381,370,620,489,649,503,650,515,651,675,523,657,521,653,677,684,534,459,405,642,498,649,515,434
0.7461,605,543,519,619,542,523,626,645,651,668,570,542,523,623,546,525,520,621,644,661,660,574,538,628,655,659,660,659,568,650,563,640,564,634,553,529,631,558,631,551,527,521,622,644,659,565,641,564,635,657
0.7368,630,562,524,633,556,535,624,645,656,660,577,544,517,631,556,537,524,618,648,655,657,576,532,636,653,656,656,654,568,645,570,636,557,642,562,540,627,552,639,560,538,527,618,648,656,574,636,557,642,655
0.8919,650,517,453,643,512,454,632,669,678,681,545,464,429,638,511,453,411,630,665,676,679,538,466,647,672,678,680,686,539,661,532,651,524,657,523,462,636,514,653,519,459,417,631,666,677,539,652,525,657,675
0.1806,488,635,662,550,646,662,552,504,484,476,623,658,667,554,647,662,672,552,509,490,467,627,658,546,506,475,460,458,625,533,634,534,647,540,642,659,549,652,544,644,661,671,552,507,484,627,531,646,540,502
0.4382,526,596,616,593,608,612,594,596,590,581,606,618,625,600,610,614,622,603,594,585,581,614,623,600,585,581,586,593,612,589,609,593,619,598,610,615,595,621,599,610,615,622,604,595,584,607,592,620,598,585
0.7693,632,544,520,626,542,510,633,652,657,660,561,527,515,625,543,513,503,626,648,657,665,565,532,631,653,664,666,666,571,643,552,644,560,638,550,518,636,554,635,547,516,504,627,648,656,557,646,560,638,654
0.7341,632,563,535,623,549,530,628,645,650,659,572,546,529,621,549,530,524,620,641,656,658,577,542,626,652,658,658,657,569,646,564,638,567,632,555,533,630,561,629,553,532,526,622,641,656,569,639,567,631,654
0.2103,498,629,650,548,646,660,566,509,492,486,628,652,657,552,649,662,665,558,515,499,492,626,649,546,510,497,493,470,629,533,637,551,633,544,645,659,566,638,548,647,661,664,557,514,498,632,550,633,545,509
0.8957,631,504,440,639,507,449,632,668,678,681,542,464,424,639,507,449,411,629,665,676,680,541,463,647,673,679,681,686,538,661,530,652,524,657,521,459,636,512,653,517,455,416,631,667,676,537,653,523,657,676
0.3522,546,615,639,587,627,633,580,567,565,562,613,630,642,589,627,632,637,584,569,566,552,615,637,585,575,554,549,552,621,580,618,572,630,582,625,631,579,633,585,626,632,637,583,572,567,615,571,630,582,570
0.5360,565,582,595,606,592,588,608,619,615,610,594,596,602,611,595,589,594,615,614,610,609,600,603,612,609,608,615,622,605,608,593,611,605,613,597,589,610,605,611,596,590,595,616,615,610,594,611,605,613,609
0.7385,631,554,537,624,549,525,632,649,652,654,566,539,530,623,552,526,520,625,644,650,661,571,544,629,646,660,661,660,576,637,558,642,568,634,556,530,634,563,632,554,528,520,626,644,650,564,643,567,634,648
0.7267,631,564,538,622,551,533,627,644,647,657,572,548,533,620,551,533,529,620,639,654,657,578,546,624,650,656,657,655,570,644,570,638,569,630,557,536,630,564,627,555,535,530,622,639,653,570,638,569,630,651
0.0994,442,637,666,531,659,676,538,456,418,400,630,665,673,536,660,677,682,538,463,424,405,629,663,528,456,420,404,379,622,487,643,513,644,514,654,675,535,652,522,656,675,681,538,462,424,637,510,645,515,448
0.1035,380,619,663,517,652,672,535,459,422,404,628,662,677,528,656,675,679,541,467,431,412,627,667,520,455,424,401,387,628,496,642,514,648,507,650,671,534,656,514,653,673,679,540,467,430,634,512,648,509,448
0.9114,624,495,428,637,502,438,635,667,679,682,540,454,412,639,504,440,395,635,668,678,682,535,456,647,674,681,687,688,536,661,528,656,509,656,517,450,641,496,651,513,446,399,636,669,678,537,658,509,655,676
0.2406,508,636,655,568,637,653,560,529,520,506,621,652,659,570,638,653,664,568,537,516,499,632,652,566,528,504,500,501,622,548,629,545,639,559,634,651,557,643,562,636,652,663,567,536,516,623,543,638,559,525
0.3723,521,610,625,581,615,631,587,579,565,555,618,634,635,588,619,634,641,597,574,559,561,623,632,586,563,562,566,571,612,571,623,583,624,583,616,632,588,627,585,617,632,641,597,574,559,620,582,624,583,561
0.9524,649,491,408,637,475,397,639,673,683,689,520,428,377,634,474,396,354,629,668,683,688,522,431,643,678,687,691,691,530,670,507,661,508,656,506,418,645,494,650,502,414,366,632,669,684,515,661,507,655,681
0.6219,618,585,565,616,582,578,617,623,631,640,597,579,563,615,581,578,570,609,626,638,637,593,568,617,635,636,635,630,587,633,593,623,580,620,584,579,617,577,618,583,579,571,610,625,638,594,623,580,620,636
0.8360,639,532,480,639,529,487,630,662,671,674,557,497,465,635,529,487,459,627,660,668,672,554,493,643,665,671,672,677,551,655,546,646,537,653,538,494,633,528,648,535,491,463,628,660,669,553,646,538,652,668
0.7950,636,543,507,637,548,506,629,658,664,666,563,512,493,634,546,505,482,633,655,662,663,559,515,640,659,662,667,672,563,644,554,642,543,646,553,511,630,535,641,549,509,482,633,656,661,562,642,542,645,660
0.2041,489,637,658,559,641,658,552,514,499,487,622,656,664,562,642,659,669,560,522,500,478,632,655,556,516,484,478,477,624,539,632,534,646,548,638,655,548,647,552,640,656,668,558,521,500,625,531,641,548,511
0.8479,631,515,473,630,518,470,637,662,669,673,541,488,464,631,519,471,451,629,658,666,676,546,493,638,662,675,678,676,559,666,529,652,536,647,531,479,641,528,643,527,476,454,631,659,666,538,654,536,647,664
0.1198,456,640,668,532,654,673,537,476,430,414,633,664,673,536,655,674,679,548,470,436,419,631,663,528,462,433,418,413,618,503,646,517,645,517,648,671,535,652,525,651,672,679,546,471,436,639,513,645,519,457
0.9616,637,481,394,636,471,385,636,672,685,689,517,416,365,634,471,387,340,626,671,662,689,523,424,645,679,688,691,693,529,669,506,661,504,658,490,401,643,490,652,483,395,343,628,672,686,513,662,505,657,682
0.7323,632,560,529,635,561,544,622,645,657,658,582,539,521,632,559,542,520,620,649,654,655,570,535,637,652,654,652,656,570,643,571,633,559,642,565,544,624,554,640,563,542,521,621,649,654,578,634,559,642,653
0.7925,634,540,504,636,546,506,628,658,664,666,564,510,492,633,544,506,480,631,655,663,664,557,513,638,658,663,666,672,563,648,555,642,542,645,551,512,630,534,642,550,510,482,633,656,662,562,642,542,645,660
0.1920,482,638,661,554,644,660,547,506,489,482,622,657,665,557,645,660,671,556,513,492,467,633,658,551,510,473,467,464,624,535,633,528,642,543,639,657,545,648,547,642,659,670,555,513,494,625,526,643,543,505
0.3542,509,610,627,579,615,632,583,573,561,547,618,636,639,586,617,634,644,593,571,554,553,625,633,584,557,554,556,562,615,566,633,578,626,581,617,633,585,629,583,617,634,644,592,572,552,618,576,622,581,555
0.7854,626,540,514,624,538,505,631,653,656,666,559,524,509,624,540,507,496,625,648,661,666,563,527,630,658,665,666,667,562,647,549,645,557,637,548,512,635,552,635,546,510,497,626,648,662,555,646,558,637,658
0.0819,431,640,670,525,660,679,530,452,400,376,630,666,677,530,662,680,685,539,450,406,382,630,666,522,442,401,380,366,621,477,644,503,646,508,655,676,527,654,515,658,678,683,538,449,405,639,501,647,509,434
0.1598,413,613,654,530,647,664,548,485,463,450,627,656,668,541,652,667,672,550,494,469,458,625,659,534,486,466,451,434,628,517,639,531,642,523,646,665,549,648,530,648,666,671,550,493,468,633,530,641,524,480
0.6895,589,544,536,624,572,546,616,641,646,648,580,548,542,627,575,548,532,624,642,645,644,574,552,631,643,644,645,652,582,635,575,627,567,635,579,552,621,562,633,578,551,534,626,643,646,579,627,567,635,644
0.1911,475,637,660,553,643,660,547,505,489,481,621,657,666,557,645,660,671,555,513,495,467,633,658,551,511,475,467,465,624,536,633,528,643,542,640,657,544,648,547,642,658,671,555,512,495,626,526,643,542,507
0.8480,623,509,469,630,517,468,637,662,669,671,550,491,465,632,519,470,451,630,659,666,676,545,491,639,661,675,677,678,558,650,538,655,537,648,530,478,641,528,644,529,475,453,631,660,667,547,656,537,648,665
0.5588,608,600,591,605,590,591,616,617,613,617,598,600,592,604,590,590,597,611,610,615,623,607,594,607,614,623,625,621,593,611,596,620,598,607,591,591,617,597,607,590,591,597,613,611,615,597,620,597,608,615
0.3052,523,617,634,568,638,648,583,549,535,534,624,640,642,572,640,648,649,577,547,540,541,622,636,569,549,543,544,530,615,557,630,574,625,563,637,647,583,629,566,638,648,649,577,547,540,628,575,626,564,545
0.9696,646,486,388,645,476,385,637,675,686,690,518,416,351,641,475,384,333,628,672,684,690,521,413,652,680,690,692,695,517,668,503,660,501,665,494,398,643,485,658,489,394,340,630,674,686,513,661,501,664,685
0.5429,597,587,591,618,602,592,603,613,623,620,599,588,591,618,602,592,585,609,621,618,614,593,593,620,617,613,609,616,604,615,598,605,595,617,603,593,603,596,617,603,593,585,609,619,618,598,605,595,618,618
0.6485,597,563,560,621,578,552,621,638,640,638,579,563,562,622,578,553,550,624,634,636,634,580,567,625,634,633,641,647,594,628,575,629,581,629,583,556,622,577,627,581,554,552,625,635,636,577,626,579,628,635
0.5576,588,587,594,609,586,584,615,621,618,612,594,592,597,610,586,585,589,615,616,612,617,598,599,612,611,616,624,626,601,608,592,618,604,613,588,586,616,602,613,588,586,589,616,617,612,593,618,604,615,612
0.0615,406,641,673,521,657,679,518,435,388,352,632,670,681,528,659,682,687,529,443,386,356,632,669,519,425,371,353,337,619,480,649,495,651,507,653,678,516,657,514,656,679,686,529,443,383,640,490,650,507,418
0.3621,506,598,617,572,625,636,590,566,556,557,621,630,631,580,630,639,637,585,566,562,565,617,627,579,568,567,567,555,611,572,625,585,618,574,627,637,591,621,576,628,638,638,586,565,562,624,586,625,575,566
0.4191,550,596,609,586,621,623,592,577,578,583,615,618,618,591,627,625,623,588,583,586,586,610,615,590,588,587,578,571,613,592,618,589,610,587,623,625,592,612,588,623,625,623,589,583,586,616,588,610,587,587
0.3581,529,601,627,578,625,631,577,565,563,568,615,625,636,586,627,633,633,582,571,572,561,610,631,583,574,562,549,553,622,583,620,571,625,581,626,632,578,627,583,627,633,632,582,571,570,617,570,625,581,574
0.0025,336,633,676,490,660,686,494,379,306,259,623,673,687,501,664,688,694,505,390,315,263,623,673,489,375,304,255,224,619,448,646,477,658,477,656,683,507,667,486,661,685,693,504,387,312,635,471,657,472,368
0.6915,576,539,538,617,556,538,628,640,644,644,575,554,548,623,561,541,538,624,638,640,647,576,558,626,637,646,654,652,587,630,570,639,576,631,567,544,632,571,629,566,544,540,625,639,641,574,640,577,631,639
0.8869,654,519,460,636,512,451,639,667,675,682,535,469,436,631,510,449,421,629,662,677,681,538,472,640,672,680,682,683,549,660,520,655,526,650,523,458,642,516,646,519,455,425,631,663,677,530,656,527,649,675
0.3880,565,614,623,582,625,635,596,574,565,568,621,628,628,584,626,635,634,590,570,570,577,617,623,582,573,575,575,565,609,578,624,590,616,578,623,634,595,618,580,624,634,634,589,571,570,622,590,616,578,572
0.1042,416,629,664,518,654,674,538,457,420,403,629,663,675,526,658,675,680,539,465,428,408,627,665,518,453,421,406,382,628,494,643,516,645,504,650,672,536,652,511,653,673,679,537,464,427,636,513,645,505,445
0.9956,637,469,362,642,466,360,637,676,688,695,512,394,321,640,465,360,296,634,676,688,693,514,397,652,683,692,696,698,512,669,495,662,477,662,484,374,643,461,656,478,370,302,636,676,688,507,664,478,662,686
0.2909,528,624,647,576,633,642,572,548,542,537,616,641,652,578,633,642,651,575,553,543,524,620,645,574,550,526,524,525,622,565,623,561,636,569,630,640,570,640,572,632,641,650,574,552,544,618,559,636,570,550
0.9757,644,471,378,639,479,381,643,676,686,690,522,414,350,637,481,382,327,632,673,685,691,510,407,648,680,690,693,695,522,665,505,665,494,660,499,395,648,479,655,492,391,333,634,673,686,517,667,497,659,683
0.7454,644,561,538,626,550,524,632,649,653,657,566,537,528,623,548,523,515,624,644,652,661,570,542,628,649,660,661,661,572,639,557,641,566,633,555,527,633,561,632,553,525,517,625,644,652,562,642,568,634,651
0.4811,585,603,603,594,606,616,606,597,592,598,614,611,606,596,608,617,613,600,593,598,605,610,606,595,599,604,603,596,599,599,614,605,604,594,606,615,607,605,594,607,616,613,600,593,598,613,605,604,595,599
0.1081,427,630,664,519,654,674,539,459,424,404,629,663,674,527,657,675,679,539,467,430,411,628,663,518,455,425,409,386,628,495,643,517,644,505,654,675,536,650,511,653,673,677,537,466,430,636,514,644,506,447
0.7745,602,524,499,630,545,518,621,652,660,663,571,515,500,633,548,520,489,626,652,645,660,559,518,638,656,660,659,667,565,647,562,636,551,646,556,526,625,537,649,554,524,492,627,653,660,569,637,552,645,658
0.8692,645,527,469,640,524,462,636,665,674,676,546,478,447,636,521,461,432,633,663,673,675,545,482,644,667,673,680,682,548,661,534,652,523,651,532,468,638,512,647,528,466,435,633,664,672,542,655,523,650,669
0.2232,499,635,656,564,638,657,555,521,508,491,623,652,660,567,639,658,666,564,530,502,488,631,653,562,517,494,489,489,621,540,633,540,638,555,634,655,553,644,558,636,656,665,563,530,502,627,537,639,555,513
0.6043,587,573,573,607,578,572,620,626,624,625,588,582,580,611,579,573,576,616,621,624,632,595,585,613,622,631,636,633,590,618,585,626,594,617,581,575,623,592,615,580,575,577,616,613,624,588,626,593,617,622
0.5675,601,590,582,603,588,590,614,615,614,619,599,595,585,605,589,591,591,609,611,619,628,603,588,606,618,627,625,621,590,616,598,617,593,608,584,591,617,593,607,590,590,592,609,611,619,599,616,593,608,619
0.5830,596,581,570,611,590,589,611,613,622,631,602,585,573,613,591,590,581,604,619,630,629,595,577,614,629,628,625,619,591,626,600,620,584,617,593,592,613,582,615,592,591,581,605,619,630,603,616,583,617,629
0.0134,372,640,678,493,661,684,514,398,330,285,625,673,686,502,664,686,692,520,405,335,288,625,673,491,384,320,279,249,621,451,647,481,653,472,655,680,506,661,482,658,684,691,519,404,335,637,473,652,473,372
0.5217,532,567,585,605,597,589,600,609,615,610,594,594,599,613,602,592,593,610,615,611,605,597,601,614,611,605,605,614,609,610,596,603,601,614,603,594,603,601,615,603,593,593,609,615,613,596,603,602,614,612
0.5203,571,589,602,606,595,592,607,615,611,606,597,600,608,609,597,594,599,613,611,605,604,602,608,609,605,604,610,617,606,603,597,609,608,610,598,596,607,608,610,598,593,599,614,611,606,596,609,608,610,606
0.5279,584,596,597,602,592,595,615,612,608,606,600,604,601,604,593,597,603,610,607,605,611,607,603,604,604,612,619,616,600,603,599,616,604,606,594,597,616,604,606,594,597,603,609,608,605,600,618,605,606,605
0.7951,633,543,508,626,531,500,631,653,659,669,558,519,501,625,531,501,491,623,648,664,667,562,522,640,661,666,667,667,560,655,551,644,556,638,540,506,634,548,635,536,504,492,624,649,665,555,646,556,638,663
0.0215,395,644,678,510,665,686,512,404,339,297,629,673,685,516,667,687,692,519,410,344,302,628,672,506,399,336,296,266,615,446,646,480,651,490,658,682,508,660,498,662,685,691,519,409,343,638,476,650,491,388
0.2187,441,604,645,545,640,655,554,513,497,493,624,647,660,556,645,659,660,562,521,505,501,620,651,550,517,506,483,478,628,539,634,542,637,542,640,655,556,642,546,642,659,659,561,520,505,628,541,639,540,512
0.8397,619,516,472,634,530,477,632,661,669,672,553,490,464,635,531,479,451,632,660,668,671,550,494,642,664,670,675,678,554,653,543,649,530,648,540,487,636,520,644,536,484,453,634,661,669,551,650,531,648,666
0.5206,583,595,604,608,598,593,608,615,612,606,596,600,606,609,598,594,599,614,611,611,604,601,606,609,605,604,610,618,606,605,595,608,608,611,597,594,607,607,610,598,593,598,615,612,606,596,608,608,610,606
0.2676,502,625,645,567,631,654,568,544,527,510,629,648,652,572,633,655,658,578,543,519,523,628,646,569,529,520,518,521,618,546,636,558,634,563,629,652,567,638,566,630,653,657,577,543,518,631,556,634,563,526
0.0052,321,635,675,498,664,686,502,388,315,268,630,674,687,509,669,688,694,514,396,322,273,629,675,499,384,312,266,236,616,435,647,470,653,481,660,684,500,663,491,664,687,693,513,395,321,640,465,654,484,373
0.3967,515,590,607,578,622,628,591,570,569,573,617,623,621,587,627,631,629,586,576,576,581,614,618,585,580,583,575,564,611,584,621,588,611,583,625,630,593,614,584,626,631,629,586,576,577,619,588,612,583,578
0.3507,530,602,626,577,627,634,578,560,558,561,617,626,635,582,631,636,635,582,568,566,562,612,630,579,566,563,550,547,624,578,622,573,621,575,628,635,579,623,577,629,636,635,581,567,565,620,572,621,575,567
0.4171,536,594,617,593,616,617,587,583,586,583,607,616,626,599,618,619,621,594,591,586,576,607,627,597,588,577,573,577,617,593,611,584,619,595,617,619,588,620,597,618,619,620,593,592,587,609,584,619,595,588
0.9398,646,486,410,639,495,410,643,674,683,686,529,438,388,638,495,410,369,633,670,681,687,520,434,646,675,686,689,691,531,662,514,663,506,658,511,421,647,493,653,507,417,373,634,670,681,524,665,507,657,679
0.6983,635,571,553,624,559,541,630,643,645,645,574,552,547,621,558,540,537,623,638,641,651,577,558,624,638,650,654,653,582,631,566,637,576,630,563,544,631,572,628,561,542,538,624,638,641,570,638,576,630,640
0.2109,490,630,652,544,649,663,560,523,487,480,630,654,660,553,647,662,666,570,511,493,486,628,652,548,508,493,488,488,616,532,640,546,637,540,641,660,558,642,544,643,661,665,569,510,492,634,543,637,540,504
0.0698,367,628,666,517,659,679,525,439,388,363,630,667,679,527,663,681,686,533,444,395,369,629,668,518,434,389,366,347,620,471,642,499,647,505,655,677,523,656,512,659,680,685,533,442,394,638,496,648,506,426
0.0400,319,623,669,496,657,680,518,417,361,328,627,669,684,509,662,683,689,526,426,368,333,627,672,499,408,356,327,300,624,466,647,492,651,483,655,679,517,659,491,657,681,688,525,425,367,637,487,651,484,398
0.8265,604,512,475,632,531,487,629,659,667,670,557,496,474,635,536,491,461,634,659,666,668,552,500,641,662,667,672,676,556,652,549,646,534,648,544,497,633,527,644,540,495,463,634,659,667,556,647,534,648,665
0.8990,652,509,446,640,514,439,641,670,678,681,538,463,425,636,512,438,406,633,666,675,681,530,460,644,671,680,684,686,542,658,524,660,520,654,525,445,646,507,650,521,444,410,634,666,676,534,662,519,653,673
0.3414,549,626,637,583,621,638,583,571,558,544,620,639,641,585,621,638,646,591,567,548,549,625,636,580,554,551,552,558,615,564,624,575,627,579,618,636,581,630,581,619,636,645,590,568,548,622,575,627,579,553
0.3050,505,615,634,562,629,647,579,555,532,530,626,642,644,570,631,649,650,583,546,536,537,624,639,567,545,539,541,538,613,558,634,571,628,562,629,647,579,631,565,629,648,651,584,546,536,630,570,628,563,542
0.0292,349,634,673,507,663,684,513,411,346,309,629,671,684,516,666,686,691,524,416,353,314,629,672,507,405,345,309,287,616,450,647,482,650,491,659,682,510,659,500,662,684,691,523,414,352,639,479,653,493,395
0.1106,371,615,661,517,651,671,538,461,427,410,628,662,676,529,656,674,678,541,473,435,417,627,666,522,459,429,413,392,628,498,642,519,648,507,647,671,538,655,515,652,672,676,534,469,434,634,516,648,509,452
0.3694,502,591,622,581,621,634,579,568,568,569,612,623,635,589,626,630,631,585,576,573,562,611,630,587,578,563,555,559,621,585,617,574,625,584,624,629,579,627,586,624,630,634,585,576,574,615,573,625,584,577
0.7603,612,534,514,627,552,511,634,654,658,658,562,527,517,629,554,513,503,629,650,654,656,561,529,633,651,655,666,665,574,642,555,647,557,640,562,517,641,550,638,559,515,505,630,651,655,560,647,556,640,653
0.7419,636,556,533,627,548,524,633,650,654,653,564,535,525,625,547,522,515,626,645,649,658,568,540,630,644,657,661,661,578,635,561,643,565,637,554,525,634,559,633,550,524,516,627,645,647,566,644,565,636,648
0.1421,468,639,663,539,651,671,543,488,450,433,632,661,670,543,653,671,676,553,485,452,438,630,660,537,476,450,438,434,618,511,644,524,644,527,647,665,540,650,532,649,670,675,551,485,450,637,521,644,528,469
0.6220,585,568,555,608,575,573,615,622,628,637,594,579,564,613,579,575,572,610,623,635,637,594,571,622,632,637,635,631,586,630,591,624,581,619,582,577,619,580,617,581,577,573,612,624,635,594,624,581,618,633
0.4751,576,594,600,598,614,612,597,592,597,604,609,606,605,600,615,613,607,596,598,605,603,603,604,600,605,601,595,591,607,606,610,597,603,600,616,612,598,603,600,616,613,608,596,599,605,609,598,602,599,606
0.1162,437,630,666,526,651,670,534,465,434,417,626,662,676,533,655,672,679,535,469,438,424,624,665,530,464,436,404,398,627,503,640,513,651,516,649,669,533,659,523,651,672,678,534,468,437,632,510,651,521,459
0.4664,524,584,606,598,604,602,595,598,599,593,599,610,618,605,609,605,613,602,602,596,586,606,614,605,596,586,592,597,612,598,601,595,615,605,608,605,597,616,605,609,605,612,605,603,595,601,595,615,605,597
0.5761,583,580,588,610,580,579,617,623,621,615,592,589,592,612,584,581,584,616,625,615,621,597,595,613,614,620,628,629,599,610,590,622,602,616,586,582,619,600,614,585,581,585,617,619,616,592,622,602,617,616
0.9865,661,484,379,641,479,375,640,678,688,693,508,398,330,634,475,372,310,630,673,687,692,510,400,647,681,691,695,696,522,667,488,663,492,659,494,387,646,476,654,489,382,318,632,674,692,502,665,488,659,684
0.8172,648,547,499,634,528,492,632,656,666,672,555,511,483,629,525,490,478,623,655,667,669,560,507,636,663,668,670,671,557,656,547,646,546,644,535,497,635,537,640,532,494,480,624,656,667,552,648,548,643,665
0.2425,517,625,647,556,643,655,566,522,509,506,625,646,654,558,644,656,657,564,528,515,513,620,646,554,525,517,504,490,627,545,634,554,631,547,640,653,564,636,550,641,654,656,563,528,516,629,553,631,547,520
0.7451,605,536,516,629,555,527,621,651,657,658,572,531,515,631,558,529,505,629,649,655,656,565,532,636,651,654,655,663,571,643,566,634,552,641,563,532,623,546,638,561,531,505,630,650,656,572,635,553,641,653
0.7668,626,541,516,630,554,508,634,654,659,660,563,524,510,630,555,507,498,630,652,656,656,564,527,636,653,655,664,667,571,643,553,642,552,642,561,513,631,544,638,559,510,499,630,650,656,558,643,551,641,654
0.8912,650,512,453,637,511,445,640,669,676,679,542,469,434,635,510,446,415,632,664,673,681,534,466,644,669,681,683,684,546,656,528,658,524,652,523,456,644,512,648,519,452,419,633,666,674,536,660,525,652,672
0.9775,668,494,393,643,483,384,643,677,687,693,510,405,342,634,478,379,322,630,672,686,691,513,407,647,681,690,694,700,525,666,491,662,494,664,497,391,646,480,653,492,389,328,632,673,686,504,668,495,657,683
0.9890,668,491,383,643,463,361,640,678,689,693,509,397,326,634,456,357,298,626,673,686,692,511,397,646,681,691,694,696,521,672,493,663,493,659,481,373,643,475,653,472,368,305,629,673,687,502,663,493,658,684
0.9799,666,498,393,649,477,380,639,676,687,692,515,409,331,641,470,377,322,627,672,685,691,517,407,652,682,690,693,695,514,668,498,661,498,664,490,390,642,482,659,485,385,327,629,673,686,509,662,497,663,685
0.6106,611,575,571,623,593,576,609,625,636,634,591,570,569,623,592,575,562,615,631,631,629,583,574,625,630,629,625,632,593,626,589,617,581,627,595,576,609,578,625,594,576,562,615,631,632,591,614,581,627,630
0.9516,651,500,412,643,491,401,637,672,684,688,525,430,374,638,487,399,354,633,671,682,686,527,431,648,678,685,691,692,526,663,511,658,496,658,503,413,640,480,652,498,409,358,634,671,682,522,660,496,657,680
0.4944,583,602,610,604,598,601,605,610,604,597,600,607,611,605,599,601,607,610,605,597,599,606,611,605,597,598,605,610,606,598,600,606,610,605,599,601,605,612,605,599,600,607,610,605,597,600,605,611,605,598
0.8293,640,531,491,630,527,483,634,659,665,672,548,500,479,628,527,483,466,627,654,667,673,552,504,635,662,671,674,674,559,651,536,649,543,643,537,490,638,536,640,534,487,469,629,655,667,545,650,544,643,664
0.9182,657,509,442,640,491,424,637,668,681,685,529,448,410,635,487,422,389,627,668,679,683,532,454,644,674,682,685,687,537,666,517,657,520,655,503,433,640,506,650,498,429,394,629,669,679,523,657,519,653,677
0.9746,664,499,395,648,477,383,640,676,687,691,517,412,345,641,472,380,327,627,672,685,690,518,410,652,681,690,692,695,514,668,500,661,498,664,491,393,642,486,659,486,388,333,629,673,685,510,661,498,663,685
0.0630,440,640,675,514,658,679,523,436,388,362,627,666,681,518,659,680,684,520,436,390,364,625,669,507,427,381,350,335,624,478,644,496,648,493,651,675,519,656,500,655,678,683,531,441,392,635,492,648,494,418
0.4285,509,583,611,594,610,610,588,587,592,583,603,615,624,603,615,613,619,596,596,574,577,607,622,602,589,577,577,583,615,593,607,588,619,600,614,613,590,620,602,615,614,619,596,596,587,605,587,618,596,588
0.2894,496,622,642,575,628,644,568,547,542,523,618,645,650,580,629,646,656,577,555,531,522,628,644,577,540,526,527,527,619,554,626,558,633,571,626,643,567,637,575,629,644,655,577,555,532,621,556,633,571,538
0.7374,619,547,531,620,547,524,630,646,650,654,566,538,530,622,549,525,519,624,642,650,660,570,544,627,647,659,661,659,573,638,557,640,568,634,556,530,632,563,630,554,528,520,624,643,650,563,641,568,633,648
0.7751,636,552,518,626,538,512,629,650,656,666,563,529,508,624,537,511,503,622,646,660,664,568,527,629,658,663,664,663,562,652,556,642,557,637,545,516,632,551,634,542,514,504,623,647,662,560,643,558,635,660
0.1188,456,635,664,524,654,672,542,465,433,417,629,662,671,530,656,673,678,540,472,439,423,627,660,522,462,434,421,408,628,499,642,521,642,509,649,669,539,649,515,652,671,676,539,471,438,635,518,638,510,455
0.4323,527,580,604,589,614,615,585,583,586,592,608,608,617,596,618,618,613,593,591,594,586,602,615,596,596,587,576,579,615,599,612,586,611,593,617,612,588,611,594,618,618,614,588,591,594,612,585,610,593,596
0.8198,624,528,484,634,538,486,632,659,667,669,554,499,477,633,537,487,465,632,657,665,667,553,503,643,661,667,673,675,558,650,545,647,536,647,546,493,635,527,643,542,491,464,633,658,666,552,648,536,647,664
0.0168,397,649,681,505,661,685,502,396,331,290,623,672,685,508,662,686,692,511,403,337,291,632,674,498,393,326,286,258,619,459,644,466,652,477,654,681,497,662,490,657,683,691,510,402,336,633,461,652,482,381
0.5669,560,572,579,600,581,582,616,618,615,615,594,593,590,608,585,585,589,613,614,613,621,601,593,609,613,622,629,624,596,610,592,621,599,611,587,586,619,597,611,587,585,590,614,614,614,594,621,599,611,614
0.6553,614,577,557,612,568,559,621,631,633,642,585,571,557,613,568,559,561,616,626,639,645,591,566,617,636,645,644,641,579,632,581,630,580,622,572,562,624,577,618,571,561,562,616,627,640,583,630,579,620,638
0.7707,631,553,508,635,544,518,626,647,661,664,568,532,498,633,545,518,507,618,651,659,661,572,517,638,657,661,662,660,566,650,561,640,549,642,550,521,629,533,638,547,519,510,619,652,660,564,640,548,641,658
0.1419,471,630,666,533,651,668,542,481,453,440,626,657,658,538,653,669,672,548,479,459,445,624,663,531,479,457,431,421,626,511,639,522,645,520,646,665,540,651,525,648,668,671,546,487,458,632,521,644,520,472
0.5150,543,573,589,606,599,591,599,607,613,608,596,595,600,612,603,594,594,607,614,609,602,598,602,612,609,604,603,610,609,609,597,602,602,613,603,596,601,602,613,604,596,595,608,615,610,600,602,602,614,609
0.6253,595,569,569,616,576,562,621,632,634,631,583,572,573,619,578,562,563,621,629,625,630,583,577,620,626,629,622,640,596,621,579,627,588,624,582,564,622,585,623,581,563,564,621,630,629,582,627,585,624,628
0.3681,545,619,630,582,618,634,588,578,563,554,622,635,636,586,619,634,641,603,571,557,559,622,631,583,562,560,563,568,612,569,623,582,623,580,616,632,587,625,582,617,633,640,595,571,557,620,581,624,581,560
0.1234,421,629,661,528,655,673,538,479,436,416,631,662,672,537,659,673,678,549,471,439,422,630,662,529,465,436,421,416,619,493,642,517,644,517,652,669,536,651,523,655,673,678,548,470,438,637,515,644,518,459
0.3564,513,598,616,573,629,635,585,557,555,557,620,630,628,581,634,638,637,579,564,562,564,617,624,579,566,566,559,549,614,572,624,581,616,574,631,637,586,619,576,631,638,637,580,564,561,622,580,617,575,565
0.7982,622,531,493,634,539,508,625,656,665,667,566,510,487,634,539,508,480,626,655,662,665,558,509,641,660,664,664,670,558,650,557,640,546,649,548,514,629,538,646,546,512,484,627,656,663,563,641,546,648,662
0.6539,610,568,559,625,582,557,616,637,642,641,582,561,556,624,582,557,548,624,636,638,635,580,564,627,636,635,638,646,589,629,578,623,576,630,585,560,617,571,628,584,558,549,624,637,638,581,624,576,630,637
0.1152,439,640,668,533,650,673,529,466,436,421,626,664,674,537,652,674,680,538,474,444,409,634,665,530,471,423,409,401,623,509,640,505,647,519,645,671,526,654,523,648,672,680,537,473,441,632,501,648,519,463
0.4464,532,597,609,588,602,613,599,595,587,580,609,622,621,596,606,616,625,603,590,582,586,618,619,595,583,585,592,593,607,586,611,598,615,594,605,615,600,616,595,605,615,625,605,591,582,610,598,615,595,583
0.3917,543,608,619,577,619,633,597,578,563,567,621,628,628,582,621,635,634,593,569,569,572,618,624,580,573,573,579,570,605,577,625,593,617,577,618,633,597,620,578,619,634,634,593,569,569,623,593,618,577,571
0.3904,545,603,614,580,625,631,591,569,567,570,618,624,623,586,628,632,635,585,574,574,578,614,619,584,577,579,574,561,610,581,622,588,612,581,626,632,592,615,582,626,632,631,585,573,573,620,588,613,581,574
0.6151,592,567,561,618,586,576,610,623,634,636,594,571,566,621,588,578,564,611,629,634,632,586,570,623,633,632,628,631,589,628,591,616,581,626,591,580,613,579,619,589,578,564,611,630,635,594,616,581,625,633
0.9181,648,508,434,642,503,435,637,670,680,684,538,448,404,639,500,434,386,634,668,679,682,533,450,647,674,681,687,689,533,662,525,656,504,656,513,442,640,491,650,508,439,389,634,669,678,533,658,505,656,677
0.1119,454,645,670,534,652,673,528,464,432,417,626,664,675,536,658,673,682,538,471,440,406,634,666,529,467,421,405,397,624,507,640,503,648,517,645,669,525,655,523,649,671,680,537,470,439,631,498,647,517,459
0.0517,335,628,668,511,654,679,522,423,375,338,632,671,681,522,658,682,687,524,433,375,345,633,671,514,418,369,340,323,620,474,650,488,652,500,651,678,511,659,507,654,680,687,522,433,373,640,484,649,500,410
0.6057,578,573,566,601,577,573,617,622,620,628,592,585,575,607,581,577,580,613,617,626,636,598,581,609,625,636,634,630,584,620,588,624,589,613,584,578,621,588,612,582,577,580,613,618,625,591,624,590,613,625
0.5981,603,582,567,609,584,583,614,616,624,632,598,584,570,611,585,584,578,607,620,631,632,595,575,613,629,632,630,624,590,626,596,620,590,616,587,586,616,581,615,586,585,577,609,620,631,598,620,584,615,630
0.9074,648,516,438,642,503,439,634,670,679,682,537,462,413,640,500,438,407,629,666,671,682,540,454,648,674,680,683,687,532,662,523,654,518,659,515,448,636,506,653,511,445,411,631,667,678,532,654,519,658,678
0.4047,562,606,625,595,620,622,586,581,582,582,610,618,627,596,621,622,623,590,587,584,573,609,623,594,587,574,568,572,618,591,613,581,619,592,617,621,585,620,593,620,622,621,590,586,584,611,579,619,592,586
0.1662,443,631,659,544,643,663,538,492,472,463,623,659,667,551,646,664,674,549,501,480,451,633,660,544,499,461,449,446,623,527,635,521,643,535,641,661,538,650,540,644,662,673,549,500,480,629,518,644,535,494
0.4013,525,600,618,585,608,622,590,587,576,564,613,634,630,594,612,625,634,601,575,568,570,621,626,591,570,572,576,581,611,576,616,588,620,593,610,623,592,623,590,611,625,635,601,582,567,612,587,609,589,570
0.4355,554,602,611,584,609,622,603,590,579,580,622,627,620,590,612,623,625,599,582,583,587,615,616,591,585,588,594,588,603,588,617,603,613,580,610,621,604,614,588,611,622,625,599,583,583,616,602,613,588,584
0.6215,601,577,561,611,577,574,616,622,629,638,593,580,564,613,579,574,571,610,625,636,637,594,570,615,633,636,635,630,587,630,591,623,581,618,582,577,618,578,616,581,576,571,610,624,636,592,623,581,618,634
0.8657,643,528,464,641,519,469,632,664,675,677,549,487,445,638,516,467,443,627,662,672,675,549,478,646,669,675,676,680,543,657,530,648,529,655,529,476,635,519,650,525,472,448,628,663,672,544,650,529,654,671
0.6927,620,561,545,629,575,548,619,643,649,648,579,547,541,627,574,547,530,626,642,646,645,573,551,631,643,644,644,653,581,636,574,627,565,635,578,550,619,561,633,576,549,532,626,643,646,578,627,566,635,644
0.4443,557,602,620,601,610,609,593,594,595,587,602,613,623,603,611,609,617,600,598,589,580,609,621,603,590,580,585,590,613,594,604,591,617,601,611,608,593,619,602,611,609,616,600,598,589,603,590,618,601,590
0.6156,591,572,575,612,572,567,622,629,629,624,587,578,579,615,575,568,570,618,625,623,630,590,584,617,620,629,638,637,594,615,583,629,594,620,578,569,624,590,619,578,569,571,619,625,624,586,630,593,620,622
0.4894,581,603,603,594,601,608,609,602,595,597,608,612,608,596,602,609,614,604,595,597,603,612,608,597,597,603,608,602,599,599,608,609,607,596,602,609,610,607,596,602,609,618,604,596,597,607,609,605,597,598
0.6279,604,577,559,611,575,571,617,624,630,638,592,578,562,613,576,571,569,611,625,637,638,593,568,616,634,638,636,633,584,630,589,625,580,619,580,573,619,577,617,578,573,570,611,624,636,590,624,580,619,634
0.8443,640,533,474,640,524,480,630,660,672,674,553,497,458,637,522,480,458,625,660,669,672,555,487,644,666,672,673,676,547,655,542,647,533,653,533,487,633,524,649,530,484,462,626,661,670,549,647,533,652,669
0.7631,630,547,517,634,554,522,624,654,659,661,571,522,507,632,553,522,496,631,651,657,658,562,526,637,654,656,658,667,567,644,563,635,548,642,558,526,625,542,639,556,524,498,632,652,658,568,636,549,642,655
0.5904,593,578,580,617,588,571,613,629,628,625,586,579,581,617,588,571,573,620,625,624,619,586,585,619,622,618,625,634,598,617,582,618,591,621,590,572,614,590,620,590,571,574,620,625,624,584,616,590,620,624
0.1272,441,637,665,538,648,672,533,474,447,419,627,662,673,543,649,673,678,543,483,441,421,632,663,536,466,434,420,414,622,505,641,512,645,525,643,670,532,653,530,645,672,678,542,482,441,634,506,646,525,461
0.6119,583,570,567,605,574,570,618,625,624,628,588,582,575,610,577,572,575,611,620,626,635,595,580,612,624,634,636,634,587,619,586,625,590,615,580,574,622,588,615,579,573,575,615,622,626,587,626,591,615,624
0.6024,605,584,569,609,582,580,615,619,623,632,596,585,572,610,582,581,578,609,619,629,633,597,576,612,627,633,632,626,587,625,593,621,585,615,585,582,617,583,612,590,581,579,610,619,629,595,621,586,614,628
0.6317,606,571,556,620,580,573,614,624,635,639,595,570,557,621,581,574,561,610,630,638,635,587,564,623,636,637,634,632,585,633,591,621,576,626,584,576,616,572,625,583,577,562,611,630,638,595,622,576,626,638
0.2544,508,617,650,560,638,650,560,529,517,516,623,641,657,565,640,652,653,563,533,524,516,618,649,560,535,520,500,500,625,552,629,548,639,555,637,649,559,644,558,638,651,652,562,532,524,624,546,639,555,531
0.4205,523,593,617,595,611,611,588,586,589,581,602,617,627,601,615,613,621,596,593,583,572,609,625,600,586,572,575,582,615,590,605,586,621,599,614,613,590,622,600,615,613,621,595,593,585,605,586,621,599,585
0.6332,593,566,567,614,570,560,624,633,634,631,585,571,570,617,573,561,562,621,629,628,633,586,578,620,626,633,643,641,594,620,579,630,588,623,578,562,626,585,622,576,578,564,621,629,629,583,631,588,622,628
0.7240,631,561,544,621,554,533,630,645,648,652,570,546,540,620,555,533,528,622,639,649,656,574,552,625,645,656,656,656,574,636,562,638,572,631,559,536,631,569,628,557,534,529,622,640,648,567,639,573,630,647
0.7432,631,561,527,623,547,527,627,645,651,660,569,542,521,621,546,528,521,619,642,656,659,575,536,627,653,658,658,655,567,648,563,640,562,633,553,530,628,555,630,553,529,522,620,643,657,567,639,562,629,655
0.1270,457,634,664,526,652,671,546,468,439,424,628,660,672,532,654,672,676,542,478,445,430,627,661,523,467,441,430,405,628,503,641,524,642,511,648,668,543,649,518,651,670,675,542,476,444,634,521,649,512,460
0.2701,472,601,639,558,633,646,561,532,524,524,620,638,652,567,638,649,647,565,539,531,524,616,646,562,537,528,507,509,625,556,628,551,636,558,636,647,562,641,561,637,648,649,565,539,532,624,549,636,558,537
0.0041,326,630,674,490,659,684,508,391,317,269,623,673,686,501,664,687,693,506,390,318,270,622,673,489,377,308,262,231,618,449,645,478,657,477,656,682,507,667,486,660,685,692,504,390,318,634,471,657,478,370
0.6456,565,549,554,612,566,553,624,634,635,633,581,567,566,619,571,557,556,621,631,631,635,583,572,621,629,635,644,644,592,623,577,632,585,625,576,559,627,582,623,575,559,557,622,632,632,580,632,585,625,631
0.9070,655,510,444,636,505,437,639,669,677,684,530,455,418,632,502,435,402,630,664,678,683,531,458,641,674,682,684,685,545,661,515,656,519,651,516,445,643,508,647,512,442,406,631,665,679,524,658,518,651,676
0.5146,600,601,596,599,600,606,609,605,602,608,608,604,597,599,600,606,603,603,602,607,615,606,598,600,607,614,612,610,596,606,608,611,599,600,600,606,609,599,599,600,607,604,603,600,607,608,610,599,600,607
0.5660,591,581,574,609,593,591,609,610,619,627,602,588,578,611,595,593,584,603,616,623,624,596,581,612,624,624,620,615,593,623,601,613,586,614,596,594,610,584,613,596,594,585,603,616,627,602,613,586,614,627
0.9130,646,507,436,642,502,438,632,669,679,683,535,451,409,638,501,436,391,628,666,677,681,532,453,647,674,681,682,688,533,661,524,651,518,658,515,446,635,506,654,511,443,396,629,667,678,532,652,517,658,677
0.9205,655,515,439,643,505,430,638,671,680,683,535,449,405,637,500,428,387,633,668,678,681,534,451,646,674,681,687,689,534,661,521,656,506,652,515,438,639,493,650,509,435,390,635,668,678,531,658,508,654,676
0.6357,611,574,570,619,574,560,625,634,635,633,582,569,568,619,575,559,559,621,630,630,633,584,574,621,628,633,641,642,594,621,578,629,587,624,587,562,624,582,622,577,561,559,622,631,630,581,630,586,624,629
0.3087,526,622,639,573,627,647,577,558,540,529,626,642,645,575,629,648,651,587,553,536,535,624,639,574,543,538,538,544,614,556,631,567,628,568,625,645,576,633,570,626,646,650,585,552,535,628,567,629,568,541
0.0215,341,634,674,502,663,684,508,403,335,296,630,672,685,513,667,686,692,518,407,342,300,627,672,503,396,334,286,268,616,443,646,477,651,487,659,682,505,660,496,663,685,690,517,406,341,639,473,652,489,386
0.7073,589,546,521,623,557,541,619,635,647,653,580,550,528,627,561,546,535,614,641,651,651,580,540,632,648,651,650,647,572,641,574,632,562,636,567,549,625,556,634,565,552,538,616,642,651,578,632,560,636,650
0.0324,400,640,677,501,660,682,517,412,355,317,627,670,684,508,662,683,689,524,420,358,321,626,672,497,401,348,312,286,623,462,644,488,655,480,654,679,514,659,487,658,681,688,523,420,358,636,483,650,481,391
0.8199,602,512,477,630,533,484,630,657,666,668,554,499,476,634,536,487,463,633,658,665,667,553,502,641,661,666,672,675,558,650,545,647,535,647,545,494,634,526,643,542,491,466,633,658,665,552,648,535,646,663
0.7806,634,541,512,630,544,503,636,654,660,661,560,520,503,629,544,503,491,628,649,657,663,557,520,634,653,661,671,668,571,643,551,648,552,642,553,508,638,545,638,550,506,493,629,652,657,556,649,552,642,655
0.1002,446,642,670,534,653,676,529,460,427,392,633,666,676,539,655,676,682,538,468,418,398,631,665,530,449,414,396,387,620,493,647,507,647,518,647,672,526,654,523,651,674,681,537,468,417,639,502,648,519,442
0.8902,627,501,446,630,495,439,633,664,673,681,535,467,434,629,496,441,415,627,662,676,680,538,471,639,671,679,681,682,541,664,524,654,527,649,511,451,639,516,644,506,447,419,628,662,676,530,655,527,648,674
0.6847,625,573,542,622,566,555,621,632,644,651,585,560,537,621,565,554,545,612,637,647,647,583,548,625,643,646,646,642,579,640,579,629,565,629,570,557,622,560,627,568,555,547,612,637,647,582,629,565,628,645
0.8492,641,528,474,640,524,480,629,664,671,675,554,487,457,636,523,478,447,628,660,669,672,548,486,644,666,672,673,679,547,655,542,646,533,653,533,486,632,525,649,530,483,451,630,661,670,549,647,534,652,668
0.0943,451,640,670,524,654,674,532,457,418,400,625,666,677,529,655,674,683,535,458,422,401,628,666,520,451,416,386,376,624,495,640,507,651,510,649,670,529,659,517,652,672,682,530,457,421,632,503,652,511,446
0.5938,559,562,571,609,579,568,614,626,626,622,586,580,582,615,584,572,574,619,624,622,622,590,585,617,621,621,629,634,599,616,584,621,593,619,586,573,618,591,619,586,573,574,620,624,622,586,621,594,620,621
0.2070,483,631,654,557,639,662,554,516,497,475,631,655,662,562,641,663,667,564,521,486,480,630,653,556,503,487,481,481,619,528,641,540,639,549,636,661,552,644,553,637,660,666,563,521,487,636,537,639,550,498
0.5006,561,589,593,590,598,605,607,601,594,601,607,609,602,595,601,608,608,602,596,601,607,608,603,596,601,608,609,603,596,602,607,609,603,595,601,608,609,603,596,601,608,609,604,595,604,608,609,603,595,601
0.3284,530,611,627,572,634,641,583,550,544,545,622,634,635,576,635,643,643,576,555,551,552,618,630,573,557,555,551,535,615,564,626,576,619,568,633,642,583,624,571,635,642,643,575,555,550,624,575,619,570,555
0.8743,632,515,454,638,514,463,630,665,674,677,547,478,440,638,514,463,432,629,662,672,676,545,475,646,669,676,677,683,542,657,535,646,528,654,527,472,635,517,651,524,467,437,631,663,673,543,650,528,652,672
0.0036,389,645,681,508,663,687,509,390,313,262,625,673,687,500,664,687,693,503,386,311,262,624,673,487,373,301,254,225,618,445,646,475,658,474,657,683,504,667,483,661,685,692,502,385,312,635,469,656,475,364
0.2270,416,614,645,555,633,651,552,519,508,497,619,650,660,565,639,655,665,569,529,508,488,631,653,560,521,494,489,488,629,542,630,539,638,553,634,652,552,636,556,636,653,665,562,528,509,624,536,639,553,517
0.8417,630,516,477,629,519,473,635,660,667,670,543,491,468,629,521,475,456,628,657,665,675,547,496,637,661,673,676,676,562,649,532,650,538,645,531,482,639,530,642,529,479,458,630,658,665,540,652,538,645,663
0.8611,650,528,479,632,521,468,636,662,669,678,542,485,459,627,519,467,445,626,657,672,671,545,489,634,665,675,677,678,546,656,529,651,537,644,530,475,639,528,640,526,471,446,635,657,673,538,652,536,643,671
0.7106,629,569,534,623,558,542,624,637,648,655,578,553,528,621,557,541,536,615,640,651,652,581,541,627,649,651,651,649,575,643,573,633,563,631,563,545,625,557,629,560,544,537,616,639,652,575,633,567,631,650
0.8576,643,529,468,639,521,474,630,664,673,675,550,487,450,635,519,473,446,626,661,671,673,549,482,644,667,673,674,679,543,656,538,647,531,653,525,481,633,521,650,527,477,450,628,661,671,545,648,531,652,670
0.3202,536,615,641,577,630,637,572,556,550,551,616,632,646,580,631,639,642,576,552,556,541,615,640,576,562,543,534,535,622,573,621,564,632,572,628,636,572,635,574,630,637,641,576,558,557,619,561,631,572,559
0.7667,610,531,509,626,548,505,634,653,658,658,560,524,509,629,550,508,498,628,650,655,657,559,526,634,650,656,665,666,572,641,553,647,554,640,558,514,638,548,637,556,512,500,630,650,655,558,645,555,640,654
0.9427,663,500,419,641,492,410,642,673,682,686,518,430,380,635,488,405,365,631,665,679,687,520,432,643,675,685,689,691,532,661,501,660,504,655,504,419,645,493,650,500,415,368,633,669,681,512,660,505,654,678
0.3116,539,625,638,567,630,644,581,559,535,533,626,640,642,572,631,649,649,584,547,539,538,622,637,569,546,541,544,543,612,559,632,572,626,563,627,640,579,629,565,628,646,650,583,548,539,628,571,626,563,543
0.3392,520,606,622,571,632,640,585,555,547,548,622,632,634,577,632,641,644,579,542,554,556,618,628,575,560,558,555,542,613,566,626,579,619,569,631,640,586,622,573,633,641,641,579,558,554,625,579,620,568,558
0.4700,558,587,598,593,612,612,594,590,593,601,610,605,606,600,617,613,608,594,597,603,598,600,605,599,603,599,591,589,608,605,610,595,603,598,615,613,596,603,598,615,613,608,594,596,602,610,594,603,598,602
0.6054,589,567,568,619,588,572,609,631,632,630,589,571,571,621,590,573,564,616,629,629,627,585,576,623,628,626,625,632,595,623,587,614,582,625,593,575,610,581,623,592,574,564,616,630,630,589,615,583,625,629
0.9584,654,483,396,640,484,394,643,675,684,686,524,423,366,637,485,394,345,633,671,683,689,513,418,647,678,688,691,692,524,664,507,664,498,659,502,406,647,483,654,497,401,350,634,672,683,518,666,498,658,681
0.0543,430,648,677,518,656,681,514,426,376,339,624,668,681,520,657,681,687,523,433,373,343,632,669,512,417,368,339,322,619,474,643,484,650,497,649,678,509,659,505,652,679,686,522,431,373,633,476,650,498,408
0.2448,448,611,639,551,635,654,564,535,506,498,628,648,652,561,639,657,659,575,526,509,504,626,647,556,521,510,508,509,615,541,637,554,633,550,635,655,563,638,553,637,656,659,575,526,509,632,552,634,551,518
0.7397,611,552,518,621,546,527,624,641,660,659,571,546,519,623,548,528,526,618,643,655,657,576,534,628,652,656,658,655,569,647,565,637,560,634,554,533,628,554,631,553,531,526,619,644,656,569,637,560,634,655
0.6405,611,572,556,623,580,571,615,627,639,641,593,567,555,623,580,571,556,614,633,639,638,585,562,625,637,637,635,635,585,632,589,621,575,629,584,573,616,571,627,582,573,558,612,632,639,592,622,574,628,639
0.7779,627,540,508,631,548,514,624,655,661,663,568,515,499,632,548,514,488,631,653,659,660,559,519,637,656,659,661,669,564,646,559,637,545,643,555,519,627,537,639,557,517,489,632,653,659,565,639,545,643,657
0.9555,657,489,404,642,489,398,643,675,684,688,524,426,370,637,487,396,349,633,671,682,687,513,421,647,677,686,690,692,525,664,508,664,499,659,503,408,647,484,654,498,404,355,634,671,682,519,665,500,658,680
0.8253,647,534,493,633,527,484,637,660,666,671,554,502,480,630,527,483,465,629,655,662,672,549,503,636,658,671,674,674,562,647,543,651,542,644,536,489,638,533,641,534,487,468,630,656,663,550,653,542,644,661
0.0008,388,648,681,501,661,686,499,383,309,260,629,674,688,506,662,687,694,510,391,314,264,628,674,495,379,305,256,224,614,451,651,468,654,479,654,682,495,662,488,657,684,692,508,389,314,640,461,654,480,367
0.3425,489,597,618,567,628,638,586,558,547,548,621,633,634,577,633,641,641,581,558,554,556,618,629,574,560,558,558,546,611,566,626,581,620,570,630,639,588,623,572,631,640,641,582,558,554,624,580,620,570,557
0.8360,628,528,472,637,524,483,629,658,670,673,554,500,462,636,525,483,464,625,659,668,671,556,491,644,665,671,672,674,548,654,544,645,534,652,536,491,633,526,649,532,487,468,625,660,668,549,646,534,651,667
0.7815,634,543,509,635,548,515,626,656,662,664,568,514,497,633,547,513,485,632,654,659,661,558,517,638,657,660,662,670,563,647,559,637,543,644,553,519,627,536,641,550,516,487,632,653,660,565,638,543,644,658
0.3630,538,615,635,589,622,626,579,569,570,561,608,629,639,592,623,627,639,587,577,566,550,615,634,589,569,549,554,558,617,577,612,575,629,586,621,625,581,631,588,622,626,635,586,577,565,608,574,629,586,572
0.4557,546,597,610,595,602,609,598,600,592,584,604,615,618,600,604,611,618,606,595,586,587,612,618,601,587,588,594,599,608,589,606,597,615,598,604,610,599,617,599,604,610,617,606,596,586,605,597,615,600,587
0.5549,589,591,587,602,587,589,615,616,611,613,597,598,592,604,589,590,596,611,610,613,620,603,595,606,611,619,624,620,593,608,596,618,599,608,590,590,617,598,607,590,590,596,611,615,613,596,619,599,608,612
0.5815,599,585,574,606,585,585,613,616,618,626,598,589,577,607,589,586,584,607,615,624,630,599,581,609,623,630,627,622,589,620,596,619,589,611,588,588,615,587,610,587,586,585,608,615,623,599,617,588,610,623
0.5591,592,582,577,609,596,593,607,609,617,625,603,589,581,610,597,594,585,602,615,624,622,596,583,609,624,621,617,613,595,621,600,611,588,613,597,595,608,586,614,598,595,585,603,615,625,602,610,587,613,624
0.5601,585,575,581,615,599,587,602,614,623,622,596,582,585,616,600,588,578,609,621,622,617,589,587,618,621,617,612,618,600,618,595,606,591,619,601,589,604,590,618,601,589,579,609,622,622,596,608,590,624,621
0.4844,560,591,606,605,605,598,598,602,606,600,599,604,612,608,605,601,605,604,607,600,592,602,613,608,601,593,596,602,611,602,599,598,610,607,606,600,598,610,608,607,600,605,605,607,600,599,598,609,607,601
0.1687,453,632,659,548,643,666,543,497,478,456,626,657,667,554,644,667,672,553,506,471,456,631,659,548,490,464,455,451,623,522,638,524,642,539,639,664,540,648,544,641,665,671,552,505,472,631,520,642,538,487
0.4686,546,595,602,589,600,610,605,598,590,588,608,616,613,596,603,612,618,604,592,590,595,613,610,595,591,595,602,598,602,592,610,605,610,595,603,611,606,611,595,603,611,619,603,593,589,608,605,610,596,590
0.1413,442,629,659,534,654,670,544,489,447,433,629,660,668,541,656,672,675,554,482,454,440,629,658,534,475,452,440,434,619,501,641,524,641,523,650,668,542,647,529,652,670,675,554,481,453,636,522,642,523,471
0.2908,490,604,629,559,634,644,574,537,530,530,622,638,642,567,638,648,639,570,544,537,538,618,635,563,544,540,531,517,623,557,629,565,624,558,634,646,574,627,561,636,647,648,569,545,537,626,565,624,558,542
0.7875,607,528,498,629,542,513,622,656,662,664,568,511,494,634,546,514,482,632,654,661,663,556,514,639,658,662,661,669,559,648,560,637,549,636,553,521,627,541,643,550,518,484,628,653,661,566,638,549,646,660
0.2244,496,629,655,559,639,653,558,522,508,505,619,650,660,562,641,653,663,561,526,516,490,625,652,557,527,496,487,486,623,549,629,543,641,550,636,652,554,646,554,639,652,662,560,525,513,623,542,641,551,523
0.7297,601,538,525,622,550,523,630,647,651,650,568,538,529,625,554,525,518,626,643,648,653,567,541,630,643,652,660,659,582,635,559,643,565,635,561,530,634,559,632,558,527,520,626,645,647,566,644,565,636,644
0.2621,515,633,646,565,633,655,568,541,521,507,629,648,653,568,635,656,659,577,537,516,513,629,646,564,526,508,514,517,616,545,637,556,633,558,633,654,566,637,556,632,654,657,577,537,516,633,554,633,558,522
0.0778,378,629,666,516,658,677,524,447,393,370,630,667,678,527,662,680,675,536,446,400,375,629,667,519,437,395,373,361,620,473,644,499,647,503,656,676,524,655,511,659,678,684,535,444,400,639,497,648,505,429
0.8197,612,552,474,634,527,489,628,653,668,671,555,511,471,636,528,490,478,622,658,666,669,562,497,643,663,660,670,669,550,653,547,645,538,651,538,498,632,529,648,535,494,483,623,659,667,552,646,536,651,667
0.2989,537,615,640,571,634,643,567,545,539,540,619,632,646,573,635,644,643,575,552,546,540,615,639,569,552,542,524,524,623,565,626,559,628,564,631,642,568,631,566,629,644,643,575,551,545,622,558,628,564,549
0.5980,575,567,571,615,586,569,610,627,631,628,586,576,576,619,589,572,569,618,627,626,622,588,581,621,625,622,626,633,599,621,584,615,587,623,592,573,611,585,621,591,573,569,618,627,626,586,616,587,623,626
0.7003,612,555,544,623,561,536,630,643,647,646,573,550,544,624,563,537,533,625,640,642,646,574,553,626,639,645,655,654,587,631,567,640,572,631,567,540,632,567,630,565,540,533,625,640,643,570,640,572,632,641
0.7192,633,561,545,622,554,533,629,644,647,649,569,546,534,621,553,533,528,622,639,646,657,574,551,625,643,655,657,655,577,634,562,639,571,630,559,537,631,567,628,557,535,528,623,641,646,566,639,572,631,644
0.2575,511,625,644,558,644,655,571,537,512,508,627,646,651,563,644,656,658,574,528,517,514,624,645,557,528,518,517,511,615,540,634,559,631,551,640,654,570,635,553,641,655,657,573,528,516,630,558,631,551,524
0.5951,584,571,561,609,585,584,611,620,624,633,600,583,568,613,587,586,577,604,620,632,630,593,573,611,630,630,626,622,590,628,598,617,581,616,589,588,614,578,615,588,588,577,605,620,632,600,617,580,615,631
0.0784,419,633,671,513,655,676,527,441,398,375,627,665,680,520,658,678,683,534,450,404,380,626,669,511,435,396,367,350,626,483,642,503,649,496,650,673,525,656,503,655,676,682,533,448,403,635,499,651,497,426
0.5386,543,567,582,607,595,584,602,612,618,614,594,590,593,614,599,589,587,610,618,614,609,594,596,615,614,609,611,616,608,612,593,606,598,616,601,589,604,597,615,600,589,587,610,618,614,595,606,598,616,614
0.7326,615,546,529,625,555,523,632,648,651,652,568,538,529,626,556,524,517,626,645,648,653,566,541,630,645,651,660,660,581,636,560,643,564,637,563,528,634,558,633,560,526,519,628,645,648,565,644,564,636,647
0.8370,649,532,488,632,525,479,636,660,667,671,545,494,472,629,523,477,458,628,656,666,676,548,498,636,661,673,675,675,561,649,532,650,540,645,533,484,639,531,641,530,483,462,629,656,665,540,651,539,644,663
0.1275,459,638,665,533,657,673,540,481,436,420,632,662,671,538,658,674,678,550,473,442,425,629,661,530,467,438,425,419,618,493,642,518,643,518,651,670,537,650,524,654,672,677,549,472,441,636,516,649,518,461
0.0887,368,623,660,520,656,675,531,445,405,385,629,665,674,531,660,678,682,533,454,412,390,628,663,522,446,408,389,366,620,479,643,507,644,509,653,674,529,652,517,657,676,682,534,448,411,638,503,645,510,439
0.6458,578,550,546,621,577,564,611,628,641,641,591,561,554,626,580,567,552,613,636,639,637,581,562,629,636,637,634,637,585,631,586,620,576,632,584,569,614,572,631,583,569,552,613,637,639,589,621,575,630,638
0.6120,596,571,569,620,587,568,610,629,634,632,587,570,570,621,588,568,562,618,630,631,627,585,576,623,628,627,628,636,595,624,583,617,582,625,590,570,612,580,624,589,570,562,618,630,631,586,617,583,625,630
0.7980,630,532,500,631,541,494,636,657,663,664,556,511,494,630,541,495,481,629,653,660,664,553,512,636,655,662,670,670,564,645,546,655,547,643,550,500,638,539,644,548,497,483,630,654,660,553,651,548,643,658
0.2082,498,635,656,560,638,662,555,519,500,477,631,655,661,563,640,663,666,564,522,489,481,629,653,558,505,489,483,483,619,528,641,541,639,550,635,660,552,644,554,637,661,666,563,522,488,635,538,639,551,500
0.2037,447,618,648,542,647,661,557,518,481,474,629,654,660,551,651,663,667,567,506,488,481,627,652,546,504,488,482,482,616,521,638,542,637,536,642,659,555,641,541,644,661,665,567,506,488,633,545,637,537,500
0.7716,613,543,501,625,538,513,626,645,659,664,566,533,501,627,540,515,508,618,650,659,662,572,519,633,655,660,661,661,565,650,560,640,551,642,548,521,629,544,636,546,518,511,620,650,660,563,641,551,639,658
0.0983,445,634,670,521,654,674,535,457,418,400,627,663,677,526,656,675,680,538,463,424,404,629,666,518,451,418,397,377,626,493,642,512,647,504,649,671,533,655,510,652,673,679,537,462,424,634,510,649,504,443
0.1616,411,614,654,534,643,661,543,491,466,458,622,657,668,545,648,664,671,545,495,473,457,625,660,538,492,466,444,439,624,522,635,526,647,531,644,662,543,653,536,646,664,671,545,494,473,629,522,647,531,487
0.8511,618,502,462,631,525,463,637,663,670,672,546,486,458,632,528,465,444,630,660,668,673,540,486,640,663,671,678,678,552,653,534,655,531,648,541,473,643,499,645,536,471,447,632,661,668,542,656,532,649,666
0.5433,599,597,598,607,588,590,615,616,613,608,596,598,598,607,588,590,596,612,611,607,614,602,600,608,606,613,621,620,599,604,594,616,603,609,589,591,615,602,609,589,590,595,612,611,607,594,616,603,609,606
0.4761,572,601,603,589,603,612,606,598,588,593,610,613,609,592,604,613,614,602,589,594,600,611,608,591,595,600,604,597,597,585,610,606,598,592,604,613,607,607,592,604,613,615,602,592,593,610,606,607,593,594
0.2222,484,621,646,551,646,658,567,515,496,490,626,649,655,558,648,660,662,561,518,502,501,624,647,552,516,502,500,482,620,530,635,550,632,545,643,657,565,637,549,645,658,661,562,517,501,631,551,632,545,511
0.3317,511,600,626,569,628,637,575,552,548,550,618,630,637,576,632,640,639,577,559,555,555,614,631,574,561,557,542,529,624,572,624,569,622,569,629,638,577,636,572,631,639,639,577,559,555,622,569,621,569,558
0.8024,618,527,492,632,540,500,626,657,664,665,562,506,486,632,541,501,475,631,656,662,663,555,510,639,659,663,667,672,560,649,553,642,538,645,551,508,630,531,642,546,505,477,633,657,663,560,642,539,645,661
0.6700,611,564,555,622,572,547,624,641,642,641,576,558,554,623,572,547,544,624,636,638,638,577,561,626,635,636,645,649,590,629,571,631,575,630,576,548,625,572,629,575,547,544,624,636,638,575,632,576,629,636
0.1704,473,636,660,554,642,667,544,498,480,450,632,659,667,556,643,668,672,555,506,466,455,631,660,550,488,465,456,451,620,516,644,528,641,545,637,664,542,648,545,641,663,671,553,506,465,632,521,642,540,480
0.7651,613,537,517,619,541,513,629,649,652,661,561,529,517,622,544,514,505,623,644,654,662,566,534,627,653,662,663,662,564,644,552,641,563,634,551,519,632,558,632,548,518,507,624,645,658,559,643,564,634,656
0.9494,659,501,418,640,479,398,637,672,684,688,527,429,375,634,474,395,353,625,669,681,687,523,430,643,676,685,689,690,529,668,507,659,508,656,492,406,641,494,651,488,404,358,628,670,682,514,659,507,655,680
0.0514,427,642,676,508,659,680,524,425,371,344,627,668,682,512,660,682,686,527,434,379,349,626,670,501,412,370,343,316,625,470,645,495,649,486,652,677,519,657,491,657,679,686,525,432,377,636,490,650,487,407
0.1978,425,606,649,541,640,656,548,504,489,482,621,650,665,552,645,659,663,552,510,492,482,622,657,546,509,489,467,465,625,534,632,536,645,540,641,657,548,650,545,643,658,663,552,510,494,626,532,645,541,506
0.3292,486,608,633,578,623,631,572,557,555,545,611,635,644,585,627,634,645,581,566,552,536,622,640,583,558,540,541,543,619,568,617,564,630,579,624,632,572,634,580,626,634,644,580,566,553,613,563,631,578,557
0.2604,479,620,641,566,628,650,563,535,526,503,622,647,653,573,631,652,658,573,543,514,510,628,646,562,524,514,513,513,618,541,629,552,633,563,626,652,563,638,566,630,651,658,572,543,515,624,549,635,563,523
0.4040,535,602,615,578,611,626,596,582,569,569,617,626,626,586,615,628,638,595,576,572,575,617,622,583,575,577,579,576,606,581,620,593,617,581,613,627,596,619,583,614,627,632,596,576,572,619,592,617,583,574
0.5038,577,591,591,595,602,608,605,599,599,605,610,604,598,599,603,610,604,599,599,605,611,606,599,600,606,612,607,601,598,605,612,607,599,606,605,610,607,599,599,604,610,605,600,599,605,611,607,599,599,605
0.1839,470,627,655,538,646,662,554,496,475,467,626,652,664,546,649,662,666,553,502,482,474,624,653,538,497,480,468,450,627,525,636,539,638,526,642,661,553,643,534,646,662,667,553,502,483,631,536,638,529,491
0.4530,535,579,602,595,610,609,588,589,594,598,605,606,614,601,614,612,608,595,596,596,588,601,612,601,598,589,581,587,616,600,607,588,610,599,614,612,590,610,600,614,612,609,595,596,597,607,588,611,599,598
0.9230,641,490,422,638,501,419,642,671,681,683,531,447,401,637,500,420,382,633,667,678,682,522,442,645,673,675,686,688,534,661,516,662,509,657,514,430,646,496,651,510,427,386,635,667,678,525,657,506,654,676
0.7195,629,559,542,625,555,532,631,645,650,649,572,545,536,624,554,531,524,624,640,645,652,571,548,627,640,651,657,656,581,632,564,641,568,635,559,534,632,563,630,557,533,526,625,641,644,568,641,568,633,643
0.7810,641,547,519,626,540,508,632,652,657,664,559,523,508,624,539,507,496,624,647,659,665,563,527,630,655,664,666,664,564,645,548,644,558,636,547,513,634,551,633,545,510,494,625,648,659,554,645,557,637,657
0.7332,631,564,530,623,550,532,625,642,652,658,572,548,524,622,550,531,528,618,641,655,656,578,539,626,652,652,655,654,568,646,566,636,564,631,557,535,629,557,627,554,532,529,619,640,655,569,636,563,631,653
0.9831,661,491,384,646,472,374,638,677,687,692,514,403,336,640,468,370,313,626,672,684,690,515,402,651,681,688,693,695,514,668,496,661,496,663,487,385,642,479,658,482,382,322,628,673,686,507,662,495,663,685
0.7205,628,556,535,626,565,539,619,645,653,654,577,536,527,629,564,538,518,626,646,650,649,567,540,634,647,649,648,656,574,639,571,628,558,638,569,542,620,552,635,567,541,517,625,646,651,575,628,557,637,649
0.6174,596,573,571,619,585,561,614,632,633,632,581,572,571,619,584,561,562,622,629,629,627,583,576,621,627,623,631,640,596,622,578,619,584,624,587,563,615,581,622,585,563,562,622,630,630,582,619,583,624,628
0.2770,505,626,645,572,630,647,566,543,535,515,620,646,651,577,630,648,656,576,549,524,516,628,645,574,534,521,519,521,618,550,626,555,633,568,626,645,565,637,571,628,647,656,574,550,524,621,553,632,568,530
0.3353,512,611,629,570,621,642,581,566,547,540,620,637,639,577,624,638,645,589,558,546,548,622,634,575,552,549,551,552,611,563,629,576,626,571,621,641,582,627,573,622,642,645,588,558,546,625,575,625,569,551
0.4073,543,602,611,580,618,628,596,578,569,573,619,623,622,585,621,630,628,590,575,576,579,614,619,583,578,580,581,571,606,581,621,592,613,581,619,629,597,615,582,619,630,626,591,574,575,620,592,613,580,576
0.1828,462,621,652,538,627,662,556,495,475,466,626,653,662,544,649,664,667,552,503,481,474,624,653,538,496,480,471,451,627,524,637,541,636,528,644,661,555,642,533,646,662,666,551,502,481,631,539,637,529,491
0.3002,489,600,634,565,628,640,566,544,537,538,618,632,647,573,634,642,642,569,550,544,537,615,639,569,551,541,523,524,624,564,625,557,632,565,631,641,566,635,568,633,643,642,570,550,545,620,556,628,563,549
0.3293,498,605,634,577,624,632,574,558,554,550,611,633,645,584,628,634,633,578,564,554,538,617,640,580,561,541,538,542,620,571,618,569,632,577,626,633,575,636,579,627,633,643,579,556,555,615,566,632,577,556
0.3419,507,614,631,581,618,633,578,566,559,545,612,638,640,586,622,634,634,587,569,551,547,625,636,584,557,548,549,554,616,566,619,571,627,581,620,633,578,630,583,621,634,646,587,570,551,615,570,627,582,555
0.7669,624,542,520,623,540,513,631,649,654,659,560,527,516,624,543,514,504,624,646,655,663,564,533,628,652,662,663,663,569,642,551,642,560,635,540,518,634,555,633,546,516,506,625,646,655,557,643,560,636,653
0.7992,638,547,507,628,531,496,630,652,660,669,558,517,496,625,529,499,488,622,649,664,667,563,516,631,662,666,668,666,558,654,549,644,552,639,539,504,633,544,636,535,502,490,623,651,664,555,645,552,638,660
0.8426,644,540,477,640,525,486,631,658,672,672,552,502,461,637,522,480,465,624,660,669,672,558,487,644,665,671,673,672,545,655,540,647,534,652,533,487,634,523,649,529,484,467,623,660,669,548,648,532,652,668
0.9129,654,512,440,644,503,438,632,669,679,683,537,451,409,639,500,435,390,627,665,676,681,532,452,646,672,680,681,687,532,661,523,651,527,657,515,445,635,505,653,510,443,395,629,666,677,532,655,518,657,676
0.0886,446,640,672,522,654,675,531,452,411,390,623,665,677,527,655,674,684,528,454,417,387,626,666,517,445,404,377,366,623,491,639,505,651,507,649,671,527,659,514,652,672,683,527,452,413,631,501,652,508,440
0.7712,598,522,504,623,540,505,632,652,657,658,560,523,509,627,545,507,497,627,649,654,660,559,526,632,650,658,671,665,573,640,552,647,555,640,553,512,636,548,637,550,511,499,628,649,654,558,647,555,639,653
0.2003,493,635,658,555,641,662,554,516,491,470,631,655,662,559,642,663,668,564,516,485,478,629,653,553,501,485,478,478,618,527,641,539,638,546,637,661,551,643,550,639,662,666,561,516,485,635,537,639,546,497
0.8705,628,511,464,629,504,455,632,661,671,678,540,482,454,629,504,456,434,625,658,673,676,543,485,637,668,675,678,678,545,661,531,652,535,647,518,465,637,525,643,514,462,439,627,659,674,536,653,535,645,671
0.6409,617,577,547,620,577,571,616,623,636,641,593,570,552,620,577,571,560,607,629,640,640,588,559,622,638,638,636,632,581,633,589,623,573,625,580,573,618,569,623,579,572,561,609,629,640,591,624,572,625,639
0.1181,450,629,665,525,650,670,535,466,435,418,625,653,674,531,654,671,675,541,473,440,425,624,664,523,462,435,408,398,627,502,640,516,645,510,647,668,533,653,517,652,670,675,541,474,441,633,512,646,512,456
0.1056,374,620,661,518,649,670,531,459,423,403,624,665,676,530,654,672,690,532,463,429,405,628,664,522,457,419,394,386,624,498,639,509,653,513,648,669,530,658,520,651,671,681,531,461,428,630,506,651,514,452
0.7306,590,532,521,621,551,521,631,647,667,650,566,538,528,625,554,525,517,625,644,648,652,567,541,629,645,649,660,659,581,635,561,643,564,636,562,528,634,558,635,560,526,518,627,645,648,564,644,564,635,647
0.1162,451,640,667,540,652,673,532,469,438,409,632,664,674,542,652,673,679,542,477,429,411,632,664,535,458,425,410,403,620,499,646,511,646,523,646,671,529,652,529,648,672,679,541,477,429,638,508,646,524,451
0.2981,483,607,630,560,634,646,577,550,528,528,625,640,643,568,636,649,650,580,544,535,535,622,638,563,543,537,540,532,611,552,631,570,625,559,633,647,578,631,559,634,649,650,580,542,535,628,569,627,560,541
0.1748,446,620,650,540,648,664,556,490,468,460,627,654,661,549,653,666,669,550,498,476,467,626,652,543,496,475,468,443,627,516,638,538,635,534,647,663,554,642,539,649,665,669,549,498,475,633,536,635,534,490
0.0908,382,621,665,513,652,673,529,450,411,393,627,663,678,524,657,675,680,537,458,425,398,626,667,515,445,411,386,369,626,490,642,507,647,501,658,672,528,655,508,652,674,679,536,457,417,635,505,648,502,437
0.8412,610,510,443,632,526,476,631,660,668,672,551,489,463,634,529,477,451,632,659,667,669,549,492,642,663,668,675,677,553,652,543,648,529,648,538,486,635,519,644,535,483,453,631,660,668,550,649,530,648,665
0.6721,614,563,554,622,568,546,626,639,642,639,575,558,554,622,569,547,544,624,636,638,640,577,561,624,633,639,647,649,590,628,570,634,577,629,572,549,627,574,627,572,548,545,623,636,638,573,631,576,629,636
0.5742,600,590,588,609,582,581,618,621,618,616,591,590,589,609,583,581,585,613,616,615,622,598,592,611,613,621,629,625,594,610,589,622,599,612,585,582,619,597,612,584,581,585,613,616,615,590,622,599,613,614
0.0303,376,640,675,506,664,684,511,407,343,307,629,671,684,514,666,685,691,520,413,351,311,630,672,504,402,343,305,285,616,447,646,479,651,480,658,680,507,659,496,663,683,688,519,411,350,639,475,651,489,392
0.2475,453,604,634,552,640,652,569,523,509,505,625,645,649,563,644,655,656,564,528,516,512,622,642,558,527,517,515,495,619,541,632,559,628,551,641,653,570,632,555,642,654,657,563,527,514,629,560,630,552,522
0.5692,573,568,571,611,595,585,604,614,623,626,598,581,579,615,597,586,577,606,620,625,622,591,582,617,624,622,617,619,595,620,597,610,588,618,599,589,607,586,617,598,589,578,606,620,625,598,610,587,617,625
0.4019,544,600,621,592,619,620,585,578,580,578,608,618,629,595,620,622,623,590,585,581,570,618,625,593,584,571,565,570,618,588,611,580,619,592,618,620,585,622,592,619,621,623,589,584,581,610,579,620,591,583
0.9825,649,468,371,639,474,372,643,677,687,691,516,406,337,636,473,372,312,632,673,685,691,505,399,648,680,690,694,695,517,666,501,666,490,661,493,385,647,473,655,487,381,320,634,674,685,512,667,490,660,684
0.1750,492,640,662,547,643,667,548,497,483,454,631,659,666,557,644,666,672,556,508,469,458,630,657,550,516,467,459,456,620,517,643,529,642,543,638,664,543,648,547,640,666,671,554,509,469,637,526,642,543,483
0.7290,607,547,530,615,551,530,625,642,644,654,569,544,532,617,552,532,527,620,636,651,656,575,545,622,648,655,657,655,567,640,562,637,569,627,559,537,629,564,625,558,535,528,621,638,651,568,638,569,627,649
0.5370,594,591,584,602,598,601,608,596,608,616,606,597,587,603,601,602,598,601,607,615,618,602,589,604,614,617,614,607,595,613,606,610,593,605,599,603,609,592,605,599,602,595,601,607,615,607,610,591,605,614
0.4936,573,587,595,600,609,605,596,596,624,609,606,600,600,603,612,608,601,598,602,609,604,599,600,603,610,604,596,596,605,610,607,597,601,603,612,608,597,599,603,612,608,601,597,602,609,607,598,599,603,609
0.5516,577,577,584,613,597,585,602,614,622,618,594,585,589,616,598,586,582,610,620,617,612,591,591,617,617,613,611,617,603,615,593,605,594,618,600,588,603,592,617,600,588,582,610,621,618,594,606,594,618,617
0.0663,401,642,673,515,654,679,513,431,385,361,626,668,679,521,656,679,686,524,438,392,356,633,669,512,431,379,352,342,620,482,643,493,650,499,649,675,510,658,508,653,677,685,522,439,394,633,479,650,499,423
0.0689,337,625,665,513,651,677,516,434,393,357,632,668,680,526,656,679,685,527,444,388,363,632,669,518,429,384,359,345,620,480,649,494,651,505,648,676,514,657,511,651,678,685,527,444,388,640,488,650,505,420
0.3510,497,601,621,569,620,637,586,567,549,548,624,634,634,576,623,641,641,588,559,553,556,628,630,574,558,557,560,556,609,568,628,582,622,570,621,640,587,625,571,622,640,641,588,559,553,626,581,622,571,557
0.7371,616,554,519,621,548,529,623,641,651,658,572,546,519,624,550,531,526,617,643,655,657,578,534,628,652,656,656,654,570,646,566,636,559,634,556,534,627,553,631,554,532,528,618,644,655,570,636,559,633,653
0.9257,654,512,426,644,497,424,635,671,681,685,531,449,395,640,492,419,387,628,667,679,683,534,442,648,676,683,685,690,527,663,517,654,512,659,508,432,638,499,654,503,429,391,631,668,679,525,655,512,658,679
0.2518,523,623,653,562,638,649,562,532,519,517,620,643,658,564,639,650,654,563,534,525,512,618,642,560,535,516,500,500,624,552,628,547,640,553,635,648,559,645,559,637,650,654,562,534,524,623,546,640,555,532
0.0184,330,637,675,496,658,683,497,392,330,286,623,671,685,507,661,685,691,508,402,334,289,632,674,496,390,333,284,258,619,456,644,465,653,480,654,681,495,662,489,658,683,691,508,400,333,634,457,653,480,379
0.4484,520,589,606,589,599,610,596,596,589,578,604,618,619,597,603,613,621,604,591,581,584,614,618,596,582,585,590,595,609,585,608,596,615,596,602,612,598,616,596,603,613,621,604,589,581,606,596,615,596,582
0.4248,554,606,614,583,610,623,601,588,575,576,615,621,621,588,613,625,627,596,580,578,583,616,619,587,580,583,589,583,604,584,617,598,613,585,610,624,601,615,586,611,623,627,597,579,578,616,597,614,584,579
0.4895,574,593,594,593,605,612,603,595,595,601,611,607,602,598,606,613,609,597,596,601,608,606,601,597,602,609,602,595,599,602,612,604,601,597,606,614,604,600,596,605,614,609,597,596,601,612,604,601,597,601
0.9069,643,514,424,641,501,438,633,670,679,682,536,462,410,639,499,437,407,628,666,677,681,539,452,648,673,680,682,687,532,661,522,652,516,657,514,446,637,505,653,510,443,411,631,666,677,530,654,517,657,676
0.9045,653,516,447,642,509,446,635,669,678,682,541,456,416,637,505,444,399,634,666,676,680,535,445,646,672,679,675,686,536,661,527,653,508,654,517,452,636,495,649,512,448,401,636,667,676,536,653,508,654,674
0.9518,660,492,408,642,491,401,644,674,683,687,526,428,373,636,487,399,353,632,669,681,685,513,422,646,675,684,689,692,525,663,508,663,499,658,504,410,647,485,653,498,406,358,634,671,682,519,665,500,657,680
0.6950,625,565,551,623,558,539,629,642,645,642,575,552,546,621,558,539,536,622,638,639,647,575,556,624,636,645,653,652,584,628,568,638,576,629,564,542,631,570,627,562,541,537,623,638,641,574,638,574,629,638
0.1657,474,634,659,543,648,666,546,499,466,448,630,658,666,547,649,667,671,556,495,465,454,625,656,541,486,464,458,451,617,516,643,529,640,532,643,664,544,646,537,646,666,670,555,495,464,636,527,640,533,480
0.6307,587,568,554,608,570,568,616,622,627,637,588,577,560,612,575,570,567,603,623,635,638,593,568,614,632,637,636,632,583,629,587,624,580,618,578,572,619,576,616,577,571,569,611,624,637,589,624,580,617,633
0.2764,520,616,639,560,647,648,570,533,524,523,622,640,646,565,638,649,653,567,540,532,530,618,623,560,539,533,520,508,626,554,629,560,626,554,635,647,569,631,557,637,648,650,567,539,530,625,559,626,554,535
0.0263,342,650,673,494,658,691,511,404,342,303,624,671,684,506,662,684,691,508,405,343,307,625,671,494,393,335,294,269,621,457,644,481,656,483,654,680,509,665,491,659,682,690,508,405,343,635,476,656,483,386
0.8911,612,482,431,631,508,437,638,667,676,678,535,464,427,634,513,440,411,632,664,673,675,539,467,644,669,674,683,684,541,657,524,653,515,652,524,448,637,503,647,519,447,413,634,665,674,532,654,514,651,672
0.6462,613,573,569,618,570,557,626,635,635,631,582,567,567,618,568,558,557,620,630,630,636,583,575,620,627,644,644,642,590,622,577,632,585,624,574,559,626,582,622,573,558,557,620,631,630,580,633,585,625,629
0.2781,517,625,646,564,631,651,571,549,524,515,627,645,649,568,633,653,655,581,539,523,520,625,643,564,532,524,523,526,614,548,634,561,631,559,629,650,570,634,561,631,652,654,581,540,523,630,559,631,559,529
0.7288,611,554,525,618,548,531,623,640,647,658,572,548,525,621,550,532,529,617,640,654,655,578,540,625,650,654,655,653,569,645,567,636,564,631,557,536,628,558,629,554,535,530,619,640,654,570,637,564,630,653
0.8599,645,532,464,641,517,470,632,661,674,676,544,490,446,637,516,468,450,625,661,671,675,553,478,645,668,674,676,677,542,657,536,649,528,654,528,476,635,518,650,524,473,454,624,662,671,542,649,528,653,671
0.5603,596,581,584,616,599,588,602,614,623,623,597,582,584,616,599,587,578,609,621,621,617,589,587,617,621,616,611,618,599,616,595,605,590,618,600,589,603,589,617,600,588,578,608,621,621,597,605,590,618,619
0.1877,462,628,656,547,642,657,550,503,484,477,619,656,666,553,645,659,671,552,508,491,462,627,657,546,506,471,461,459,623,533,631,533,644,539,640,656,549,650,544,643,658,670,551,507,489,624,531,644,539,502
0.6232,574,560,565,610,571,562,620,629,630,627,584,570,577,616,575,564,565,619,626,625,630,587,579,618,623,629,638,638,593,617,580,627,589,621,578,566,623,587,620,578,565,565,620,627,626,583,628,590,622,625
0.0747,420,640,670,526,656,677,521,443,404,367,631,667,678,533,657,679,684,531,454,397,373,630,667,522,434,393,370,357,619,484,647,498,649,510,650,675,519,656,516,653,677,683,530,451,396,639,493,648,510,426
0.1357,390,618,655,527,652,669,541,484,438,426,629,660,669,539,657,672,676,552,478,447,432,628,659,531,472,445,432,426,620,498,642,521,641,521,650,669,540,649,527,653,670,675,551,477,446,636,519,642,522,466
0.1003,378,620,661,512,652,672,534,452,415,397,628,663,674,523,656,675,680,532,460,422,402,627,664,515,448,415,400,376,627,490,642,513,644,502,650,672,533,651,508,653,674,678,535,460,422,635,510,644,502,441
0.3282,488,592,626,569,626,635,569,552,548,551,616,627,640,579,631,638,637,575,559,556,548,611,635,575,562,551,534,536,623,573,622,563,625,570,629,632,570,627,572,630,637,636,578,559,557,620,562,625,570,560
0.2745,481,612,642,565,632,642,565,538,530,526,616,642,654,571,635,645,654,569,544,534,514,621,647,567,543,518,512,513,622,560,624,555,637,563,631,643,565,641,566,633,644,653,569,544,535,619,553,637,563,542
0.0937,387,632,666,522,649,675,522,449,413,392,627,664,677,531,652,677,673,532,459,418,387,633,667,523,451,405,385,373,621,495,643,497,648,511,647,673,520,656,518,650,676,682,532,458,419,634,492,647,511,445
0.5901,572,571,573,603,576,574,617,621,619,620,590,583,583,609,581,578,581,614,617,619,627,597,587,611,618,627,632,629,594,614,588,623,595,613,583,580,620,593,613,582,578,581,614,618,620,590,624,595,613,618
0.7816,632,546,512,625,534,506,629,650,657,666,561,524,504,624,533,505,498,621,647,662,664,565,523,629,658,663,664,663,561,652,553,643,556,637,542,511,632,548,634,539,509,498,622,647,662,557,641,562,636,661
0.4036,568,607,615,583,625,628,591,571,572,576,616,621,619,586,626,629,626,585,578,578,582,611,615,585,580,583,573,563,612,585,619,588,609,581,624,628,591,611,582,624,628,626,584,576,578,617,586,609,582,579
0.6669,600,553,544,625,574,556,612,634,645,645,585,551,546,626,576,558,538,617,639,642,641,575,556,630,640,640,638,644,582,634,581,622,572,634,581,561,616,567,632,579,560,541,617,639,643,584,623,571,634,642
0.9301,650,506,426,639,498,421,636,671,680,685,533,440,392,637,495,419,374,633,669,679,683,530,442,647,675,683,688,690,530,661,519,657,501,655,509,431,639,486,650,504,427,377,634,669,680,529,658,502,657,677
0.7537,632,549,526,623,550,515,633,652,656,656,564,530,517,627,549,515,505,627,647,651,656,562,532,631,648,656,663,663,576,638,556,645,558,638,557,519,634,552,635,554,517,507,628,647,652,561,646,559,638,650
0.5692,603,592,588,607,584,583,617,620,617,616,593,592,589,607,585,583,587,613,614,615,622,600,593,609,613,621,628,624,594,610,591,621,597,611,585,584,618,596,610,585,584,587,613,606,614,587,621,598,611,620
0.1038,428,634,665,525,657,675,533,465,417,396,631,664,674,532,660,676,680,544,460,422,404,629,664,524,453,418,402,395,619,484,643,508,644,511,653,672,530,652,518,656,674,680,542,459,421,637,507,645,511,447
0.7091,595,549,521,622,557,542,621,634,648,653,579,551,527,626,560,545,535,613,640,650,651,579,538,630,651,650,650,646,575,642,574,631,560,633,565,547,623,556,629,562,545,537,615,640,650,577,632,560,632,647
0.2728,522,616,644,560,636,648,564,521,525,524,620,638,650,567,638,649,650,570,541,533,528,617,643,562,553,531,511,509,625,556,628,553,630,556,634,646,564,634,559,635,647,649,568,541,532,624,552,630,555,536
0.0958,396,626,664,518,651,672,529,454,417,398,624,666,676,528,655,674,682,529,457,420,399,627,665,520,450,414,386,375,624,495,647,507,651,509,648,670,529,658,516,652,674,673,529,456,426,631,502,652,510,446
0.6162,564,555,563,610,574,558,617,624,630,627,583,573,573,616,578,564,565,620,627,626,627,586,579,619,624,626,634,638,595,619,579,624,588,622,582,566,620,585,620,580,565,566,620,628,627,582,625,588,623,626
0.7798,638,545,516,627,539,507,633,653,657,660,557,521,508,625,538,507,496,625,648,655,666,561,526,630,651,663,666,665,569,642,547,644,556,636,546,512,634,550,635,544,510,498,627,648,655,553,645,556,638,653
0.7811,638,549,517,624,534,505,631,651,655,667,560,524,506,623,533,505,497,622,646,662,664,565,526,628,658,664,665,665,560,651,552,643,557,635,562,511,632,550,632,538,509,498,623,646,662,556,644,557,635,661
0.6566,617,574,548,617,572,564,618,626,638,645,589,567,546,617,571,564,556,609,631,643,643,586,554,620,640,641,640,636,582,636,585,626,571,624,575,566,619,567,621,574,565,556,611,633,643,586,626,571,624,641
0.6129,602,570,564,620,587,574,608,622,634,635,593,573,565,621,588,576,562,610,629,633,631,584,571,622,631,630,627,630,589,626,590,615,575,624,589,578,611,578,624,590,577,563,611,629,633,592,616,580,625,632
0.7455,620,545,521,630,558,521,624,652,656,658,568,528,516,629,558,521,504,629,648,654,653,564,532,634,650,653,657,663,571,641,561,635,553,639,564,526,625,547,635,562,524,506,630,649,653,566,636,553,639,651
0.7204,619,552,536,626,559,528,631,647,650,649,568,541,533,625,559,528,517,625,643,646,649,568,544,629,642,648,658,657,582,634,561,642,566,634,565,531,633,561,632,563,530,523,626,643,646,566,642,566,634,645
0.2338,502,631,651,563,635,659,560,528,511,490,630,651,657,566,636,659,663,569,530,501,495,628,649,561,513,501,497,498,618,535,639,547,636,555,631,657,557,641,558,633,658,662,568,530,501,634,545,636,555,510
0.6027,589,577,568,602,576,574,616,621,619,626,591,586,575,606,579,575,581,611,615,625,634,599,580,608,622,634,632,629,584,620,589,623,589,611,583,579,619,586,609,582,578,582,612,615,625,590,623,589,610,624
0.8106,635,543,490,632,528,494,629,651,666,669,557,515,479,630,527,494,483,620,655,664,667,562,503,636,660,667,668,667,558,653,549,644,542,644,537,500,632,533,640,534,496,485,621,655,664,552,644,542,644,663
0.7975,637,540,498,637,540,508,626,655,664,667,565,511,486,634,538,507,481,624,668,661,664,558,507,640,659,663,664,668,556,649,555,639,544,647,547,512,628,536,644,544,510,485,624,656,662,562,640,545,648,661
0.1018,451,638,669,524,653,672,531,457,420,401,625,666,676,528,654,673,682,530,458,423,406,628,664,519,453,421,388,379,624,495,639,507,651,510,648,669,528,658,517,651,671,681,528,458,423,631,504,651,510,447
0.7483,592,527,513,622,549,515,631,649,653,654,563,530,518,626,553,516,507,627,646,651,653,562,534,631,647,651,662,662,575,639,556,644,558,637,561,520,659,552,635,559,520,509,628,647,651,561,645,559,638,650
0.8847,654,518,459,635,509,450,638,666,674,676,533,467,435,631,507,448,420,630,661,671,679,536,470,640,666,678,681,681,549,654,518,654,523,649,520,457,642,513,645,516,456,424,630,662,671,528,656,524,649,669
0.9379,660,504,422,637,496,414,640,672,680,687,521,435,387,630,491,414,370,628,665,680,685,523,436,640,675,683,687,688,535,662,504,657,508,653,508,422,647,495,648,510,419,374,630,667,681,515,658,504,652,678
0.4841,592,601,599,597,608,612,602,593,594,600,611,607,602,597,608,613,608,596,595,601,606,606,601,597,601,606,600,592,601,602,611,607,600,596,608,613,602,600,597,608,613,608,595,595,600,611,602,599,596,601
0.9553,650,496,402,644,482,398,636,673,683,687,521,427,364,639,480,397,353,627,669,681,686,524,423,651,678,686,689,692,519,661,506,657,504,661,498,410,640,489,656,492,406,358,628,670,682,516,658,504,661,682
0.8886,651,522,457,641,515,458,634,666,676,678,546,465,426,636,510,456,413,633,664,674,677,537,468,644,670,675,681,684,539,658,534,651,513,651,521,462,636,502,648,517,459,415,635,665,674,541,653,513,651,671
0.0503,418,648,677,513,658,681,509,419,369,340,625,668,682,516,658,682,687,519,427,374,335,632,670,507,418,361,331,313,620,474,643,478,651,490,651,678,504,659,500,654,680,687,517,425,373,632,471,650,492,408
0.7516,603,530,515,620,539,514,629,647,652,652,560,530,520,624,543,517,509,624,645,648,659,564,535,628,645,657,661,660,575,636,552,641,560,635,551,522,634,555,633,548,520,511,625,646,648,563,644,561,636,647
0.4097,561,612,618,582,614,627,598,583,570,571,617,624,623,585,614,628,630,595,575,574,577,616,621,583,576,578,583,576,604,581,620,594,615,580,613,627,598,617,582,613,627,629,595,575,573,618,594,615,581,575
0.7125,614,560,530,619,554,539,622,637,646,655,576,553,529,620,555,540,537,616,638,652,652,581,542,624,649,651,651,648,573,643,571,633,564,630,561,543,625,558,627,559,542,538,617,639,651,574,634,564,630,650
0.8253,639,536,484,638,530,491,628,657,668,671,557,503,469,636,528,490,468,624,657,666,669,555,495,642,663,668,669,672,551,652,547,643,537,650,538,497,632,528,647,535,494,471,625,658,666,553,645,537,650,666
0.3266,538,613,638,577,629,636,573,554,551,555,615,630,643,580,630,637,639,576,560,560,545,613,637,576,565,547,535,538,622,574,621,564,629,572,628,635,571,632,575,628,637,637,576,560,558,618,561,629,573,562
0.5560,564,574,584,608,590,575,606,620,619,614,589,587,592,613,593,581,584,615,618,615,610,593,593,613,613,609,616,623,604,612,588,612,597,615,594,581,609,597,615,594,581,584,617,618,615,589,611,597,615,616
0.4384,551,606,616,591,603,614,595,595,586,575,606,620,622,596,604,615,623,603,590,577,580,616,620,596,579,582,586,592,608,582,609,593,616,594,607,615,596,617,594,605,615,624,603,590,578,608,593,616,594,579
0.2910,508,618,637,567,629,645,573,552,528,522,626,642,646,568,631,650,652,582,543,530,529,623,640,566,538,535,532,532,612,553,633,567,629,560,628,648,574,632,563,629,649,651,581,542,530,629,564,628,561,535
0.3389,517,607,623,570,631,640,586,556,548,546,621,633,634,576,633,641,641,580,557,553,554,619,629,586,558,556,556,544,611,564,626,580,619,568,631,640,586,622,571,631,641,641,580,557,553,622,579,617,568,556
0.1826,456,618,652,536,645,662,553,495,474,467,625,652,663,545,648,664,666,552,503,482,474,623,651,538,496,480,467,450,628,524,637,538,637,528,643,660,553,643,533,645,662,665,557,502,482,631,537,638,529,491
0.8373,616,513,471,632,526,485,627,660,669,672,557,489,464,634,528,487,452,633,659,667,669,547,493,642,663,669,671,677,550,653,548,644,529,649,537,494,631,518,644,533,493,453,634,660,667,555,645,528,648,665
0.4057,552,610,628,597,615,617,586,582,585,576,604,620,631,599,617,617,626,593,589,579,566,612,629,598,580,567,570,575,615,585,607,581,623,595,615,616,586,625,596,616,616,625,593,590,578,605,582,624,596,580
0.1670,445,629,643,546,641,666,542,494,475,448,626,657,666,552,644,668,673,552,503,466,451,631,659,547,486,461,451,447,619,516,639,523,642,537,638,665,540,648,542,640,666,672,551,503,466,632,519,642,537,481
0.0148,312,631,672,497,657,683,500,391,324,278,629,672,685,509,661,685,692,512,400,329,284,629,673,499,387,320,277,250,615,456,650,473,653,484,653,681,498,661,492,656,683,691,512,400,328,640,466,653,484,377
0.5529,559,573,573,596,588,593,608,608,609,616,602,595,586,603,593,596,592,604,608,617,623,602,588,604,615,622,619,613,592,614,602,614,593,606,594,596,611,591,605,594,596,593,605,608,616,603,614,592,606,616
0.3837,550,604,617,580,625,630,586,566,566,569,616,622,625,584,627,630,629,583,572,573,574,611,621,582,576,574,565,556,616,582,620,581,613,578,625,629,586,615,580,626,631,629,582,572,572,618,580,613,578,574
0.6838,601,550,539,625,572,549,614,638,646,646,581,547,541,627,573,550,532,622,641,644,643,572,552,631,641,643,641,649,580,634,576,623,565,634,577,553,617,560,631,575,552,534,623,641,645,580,625,565,634,643
0.1270,444,634,665,532,648,666,538,475,445,430,621,663,673,538,651,668,679,539,478,449,417,627,662,530,473,429,416,409,624,510,635,517,648,521,645,664,537,655,527,648,667,679,537,477,448,629,513,648,522,468
0.2264,439,617,646,558,633,655,553,521,510,487,622,651,657,567,637,657,664,564,531,500,488,630,652,561,513,493,490,490,619,536,633,540,637,555,632,654,553,642,558,634,656,663,564,531,501,627,537,638,555,512
0.5966,585,575,573,604,577,573,617,622,621,624,590,585,580,608,580,576,579,613,617,622,630,596,584,611,620,629,632,629,590,616,586,623,592,613,582,577,620,591,613,579,577,579,614,618,622,589,616,592,613,621
0.2888,517,619,637,563,640,649,579,544,526,524,625,641,645,567,641,650,651,575,540,532,530,621,639,563,540,533,535,521,614,549,631,569,626,557,637,648,578,630,560,639,649,651,575,540,531,627,567,626,558,538
0.1570,438,620,654,529,647,665,551,483,458,448,626,656,665,539,651,667,671,547,492,466,455,625,656,532,483,462,456,429,627,514,638,534,637,520,645,664,551,645,525,649,665,670,547,490,466,633,532,627,524,479
0.3599,507,591,621,576,622,629,574,561,561,565,613,622,634,584,627,632,630,580,568,569,559,608,629,582,573,561,547,550,620,581,618,569,623,578,625,632,575,626,582,626,632,630,583,570,568,617,568,620,577,571
0.7556,608,539,515,627,555,513,627,651,655,657,563,526,513,629,556,514,502,628,648,651,654,567,530,634,650,653,660,664,572,642,555,638,553,639,564,519,628,546,644,561,517,503,631,649,653,562,639,553,639,652
0.8625,647,519,469,635,521,463,638,661,671,673,546,483,455,632,521,462,439,630,660,667,677,540,482,639,663,671,678,679,553,652,533,655,531,648,531,470,642,520,644,527,465,442,631,661,669,541,656,530,648,667
0.9702,666,494,397,642,485,389,644,675,686,691,511,410,350,634,480,384,330,630,671,684,688,513,412,645,679,688,691,693,525,665,492,660,494,664,497,398,646,482,651,492,393,337,632,672,685,504,662,496,656,682
0.9354,658,509,430,640,484,411,638,670,682,687,523,438,392,634,478,406,370,626,668,679,684,526,440,643,674,683,686,688,532,666,504,658,512,655,496,419,641,498,650,491,415,376,628,667,680,517,658,510,655,678
0.8916,654,526,449,643,507,449,635,664,676,680,538,471,422,638,504,446,420,623,663,674,678,542,461,647,671,677,680,681,534,660,525,651,520,656,517,455,636,508,652,513,452,423,626,664,675,533,652,520,656,674
0.0392,414,641,676,503,660,682,516,415,357,321,626,668,683,508,661,682,687,524,421,364,326,624,671,496,404,350,311,292,622,463,644,484,649,480,653,678,511,658,489,657,680,685,523,421,362,635,482,649,482,394
0.5422,538,564,580,606,592,582,602,613,617,613,591,587,592,613,597,585,586,611,617,614,608,594,595,614,613,608,611,618,606,611,590,606,597,615,598,586,604,596,615,598,586,586,611,617,614,592,606,597,615,614
0.9449,649,488,408,638,494,406,641,672,682,686,527,436,382,635,493,405,363,631,668,679,686,518,429,644,674,685,688,690,527,661,512,662,504,656,508,417,646,490,651,504,413,367,633,670,680,522,663,504,656,678
0.6335,622,583,574,615,572,564,623,631,630,631,584,574,570,613,571,564,564,617,625,629,638,589,577,617,626,636,640,638,586,620,579,628,588,619,574,565,624,586,618,573,565,565,617,626,628,581,629,588,619,626
0.0254,380,641,680,506,663,684,509,405,340,300,629,671,683,513,666,686,691,519,409,333,305,628,671,503,399,337,299,276,615,444,645,476,650,487,658,681,505,659,495,661,684,690,518,412,344,638,473,651,489,388
0.9169,623,493,417,638,492,426,633,665,678,682,530,454,401,639,494,428,396,624,664,698,682,534,447,647,673,681,683,684,527,661,517,654,512,659,509,438,639,501,654,504,435,401,625,667,678,525,655,513,658,677
0.0447,421,641,676,505,659,680,519,421,365,333,626,668,682,510,660,680,686,526,427,370,338,625,670,499,410,360,327,304,623,467,645,492,650,483,652,677,519,657,492,656,679,685,524,426,370,635,487,650,484,399
0.5990,554,556,564,612,585,568,607,625,629,626,586,574,574,618,589,571,567,617,626,625,622,586,575,621,625,622,621,633,598,620,583,613,586,622,591,572,610,583,621,588,572,568,616,627,627,586,614,587,623,625
0.9242,649,495,425,637,503,420,641,671,680,683,531,447,402,635,501,420,383,631,666,677,685,525,443,644,672,683,686,688,535,660,517,660,511,654,515,430,645,497,650,512,426,386,633,668,677,527,661,510,654,675
0.1542,480,640,663,549,646,669,543,491,467,440,631,660,669,551,647,669,674,551,499,457,443,630,659,544,479,455,440,439,619,512,644,525,642,537,641,665,539,647,540,644,667,673,549,497,456,636,521,643,536,472
0.2222,450,612,643,545,644,658,561,524,492,486,627,651,656,554,648,660,663,568,514,498,492,626,649,549,512,498,495,491,615,527,636,547,633,541,643,659,560,639,546,646,659,662,568,514,498,632,546,635,541,508
0.2151,458,614,642,548,644,658,562,507,490,486,626,650,654,555,647,660,662,556,514,498,492,623,646,551,512,498,495,471,622,529,634,550,631,543,643,657,564,635,547,644,659,662,555,514,497,630,549,630,543,509
0.8869,628,505,442,637,506,451,630,667,675,679,542,466,427,636,507,452,416,628,663,673,677,539,465,646,670,678,678,684,537,658,530,650,523,655,520,460,635,512,651,517,457,421,630,664,674,537,651,523,655,673
0.9200,654,513,436,642,503,433,636,669,679,683,537,447,403,638,499,432,385,633,668,677,682,532,449,646,673,680,687,688,532,660,524,656,504,654,512,441,639,491,649,508,438,386,634,668,678,533,657,504,654,676
0.7478,629,550,527,628,553,517,633,650,654,654,565,531,520,626,552,517,508,625,646,650,654,563,533,630,647,653,660,661,576,637,556,644,559,636,559,521,635,553,634,557,519,509,627,647,651,561,645,559,637,649
0.3364,539,623,635,578,621,639,581,569,552,539,621,635,640,580,622,639,645,589,562,544,545,623,635,578,550,547,548,554,613,561,626,573,626,574,619,637,579,629,576,620,639,645,588,561,543,623,572,626,574,549
0.4942,567,592,595,589,598,606,606,600,593,598,607,608,603,594,602,608,609,601,594,599,606,608,603,594,599,605,607,601,595,600,607,608,603,594,601,608,608,604,594,601,607,609,603,594,599,608,607,603,594,599
0.4788,573,593,594,593,608,612,600,591,593,599,610,610,600,597,610,613,608,593,595,600,604,606,600,597,601,604,598,590,601,601,611,600,599,596,605,613,601,599,588,609,613,609,594,594,600,611,601,602,596,600
0.0599,396,633,671,505,656,678,524,429,381,353,626,666,685,515,659,679,685,529,437,387,358,626,669,505,421,377,353,327,624,474,643,499,649,489,651,676,522,657,497,654,677,683,528,437,385,635,496,649,491,412
0.4739,525,574,598,598,605,602,591,595,602,597,600,603,611,606,609,605,605,599,603,599,592,600,609,605,599,591,588,595,613,601,605,592,608,605,610,606,594,609,605,610,624,605,600,604,599,602,592,608,605,600
0.8534,634,512,466,633,526,464,637,662,669,672,545,486,458,632,527,464,444,631,659,666,672,540,485,639,661,671,677,679,552,651,533,654,531,648,538,472,641,522,644,534,470,446,631,660,667,541,656,531,647,666
0.0031,389,649,681,499,664,686,497,381,307,258,629,674,687,503,663,687,693,507,388,311,261,629,674,492,375,302,254,221,614,448,650,466,654,477,654,681,492,662,485,658,684,692,505,386,311,640,458,653,477,365
0.5916,569,571,567,597,578,577,614,617,615,623,593,589,578,604,583,580,584,608,613,622,631,600,583,606,620,630,630,626,585,616,590,621,590,608,585,581,617,588,607,584,581,586,611,613,622,592,623,591,608,620
0.4829,579,595,595,595,607,612,601,592,595,600,611,607,600,597,608,613,608,596,595,601,601,605,599,596,600,605,600,592,601,601,611,601,599,596,608,613,603,599,596,608,613,608,595,595,601,612,602,599,596,601
0.0314,374,635,674,497,658,681,513,409,351,315,626,669,683,505,661,682,689,522,418,357,319,626,671,494,399,344,312,284,623,460,645,486,650,478,653,678,512,659,486,657,681,688,521,417,356,636,482,650,479,390
0.5931,554,554,563,612,586,571,606,622,629,627,588,574,575,619,590,575,567,615,627,626,623,586,579,621,625,622,622,629,596,620,586,612,585,623,594,577,608,583,622,593,576,568,615,628,627,590,612,585,623,626
0.0550,400,642,674,513,655,680,511,422,377,350,626,668,681,518,657,680,687,521,432,383,346,633,670,510,425,369,342,325,621,478,644,481,651,495,650,677,508,658,503,654,679,686,519,433,383,633,476,649,496,408
0.9894,639,459,358,636,468,363,640,676,687,692,502,390,328,634,468,365,302,630,673,686,691,505,393,647,681,690,694,695,517,666,482,663,486,658,489,380,651,471,654,483,375,309,632,674,687,496,664,487,659,684
0.0043,392,648,680,505,660,686,501,387,315,266,629,674,686,506,661,685,694,510,393,319,270,628,674,496,381,309,271,236,614,453,650,470,653,480,653,681,496,661,488,657,683,691,509,392,318,639,462,652,481,371
0.8282,609,517,471,627,516,479,628,653,667,671,551,503,470,630,520,481,466,621,657,667,670,539,497,637,663,669,671,671,554,656,543,646,539,645,530,488,633,531,641,527,486,477,623,658,668,547,647,540,645,664
0.5079,588,591,594,604,609,603,599,600,606,613,605,597,595,605,609,604,596,597,606,612,607,598,596,605,613,608,601,600,602,612,605,600,596,605,610,605,601,596,604,609,604,597,598,605,612,605,600,595,604,612
0.9451,648,496,411,642,489,408,636,672,682,687,527,428,375,637,486,406,355,633,670,681,686,525,430,648,676,684,691,691,524,663,514,657,494,657,501,417,640,478,652,497,414,360,635,670,681,522,659,495,656,679
0.4135,558,610,626,596,614,616,588,585,583,576,604,619,629,599,615,615,624,595,590,579,569,612,627,597,582,570,573,579,613,586,607,583,622,596,613,615,587,623,596,614,615,623,595,590,579,605,583,622,596,580
0.2942,504,620,639,572,624,644,570,551,540,520,618,642,647,577,626,645,652,580,553,528,526,626,642,574,536,529,528,531,616,550,626,560,630,569,622,643,569,634,572,623,643,652,579,553,527,621,559,630,569,533
0.9110,640,499,434,632,501,431,636,667,676,683,527,452,413,630,500,431,397,628,663,677,682,530,455,639,673,681,684,685,539,660,512,656,517,650,515,441,641,507,646,511,438,402,630,664,678,522,657,518,650,675
0.6198,616,584,565,612,578,574,617,622,628,637,593,578,563,612,578,574,570,609,622,634,636,592,569,614,631,636,634,629,584,627,589,622,580,617,580,576,615,577,617,579,574,571,609,622,634,591,622,580,603,632
0.5716,594,579,574,611,590,588,606,612,620,627,599,583,577,612,595,589,579,604,618,625,622,592,580,614,624,623,618,616,592,621,597,610,586,616,597,590,607,584,614,596,590,580,604,618,626,599,611,585,616,625
0.5339,579,579,587,612,600,591,600,609,619,615,597,587,591,615,602,592,584,606,618,615,610,592,593,611,614,610,606,612,604,612,596,602,595,615,603,593,600,595,614,601,592,585,606,616,614,597,602,595,615,615
0.3006,504,619,641,575,628,638,567,547,543,535,612,639,649,579,630,639,649,574,558,542,524,623,643,575,549,527,526,528,619,562,619,556,632,570,627,637,566,636,573,628,637,647,573,555,542,615,554,632,571,547
0.2906,486,616,637,571,622,644,568,549,539,520,618,639,647,577,627,643,653,579,552,528,524,626,642,574,536,527,526,529,616,551,626,558,630,569,623,644,568,634,571,625,644,652,578,552,528,621,557,630,569,534
0.4225,541,602,611,581,608,622,598,586,574,574,614,623,622,588,612,624,626,597,579,575,580,616,619,586,577,579,586,581,604,579,616,595,614,584,610,623,598,615,586,610,623,627,597,580,576,615,594,614,585,577
0.5014,576,594,591,595,601,608,604,598,597,602,610,604,598,597,603,610,605,598,597,603,610,604,598,597,612,611,606,598,597,603,611,605,599,597,603,611,606,598,597,603,610,605,599,598,603,611,606,599,597,603
0.2244,490,619,646,548,642,655,562,513,500,494,625,647,655,554,644,657,658,559,521,506,502,622,647,548,517,520,495,480,626,537,632,549,632,540,640,654,560,637,544,642,656,659,558,520,505,629,547,632,541,514
0.9215,631,486,423,645,497,427,632,669,678,683,534,445,401,637,496,430,381,634,667,677,682,530,448,647,673,681,684,687,532,661,521,653,503,655,510,438,636,489,650,506,435,386,635,668,678,530,654,502,655,676
0.9490,657,493,411,642,493,403,643,674,683,687,525,431,377,637,489,401,355,631,670,680,685,526,432,647,676,684,681,691,526,662,508,657,496,656,504,411,640,481,651,498,408,361,633,670,681,518,658,498,657,678
0.5774,599,586,590,611,582,578,616,623,621,616,590,586,590,612,582,577,580,615,618,615,620,594,592,613,614,619,627,627,592,610,587,620,598,615,585,578,617,596,614,584,578,581,616,618,615,588,624,598,615,615
0.0296,384,642,675,510,658,682,506,405,347,305,615,671,683,514,659,683,689,517,414,348,310,629,672,504,400,341,303,281,615,463,645,478,652,490,652,679,505,659,497,656,681,688,516,413,347,639,473,651,491,390
0.3517,495,596,617,567,625,636,587,560,549,550,621,632,632,576,630,639,638,583,559,556,558,617,627,574,561,560,561,549,610,563,625,582,618,569,627,638,588,621,572,629,638,639,583,559,556,623,582,619,570,560
0.7438,613,547,513,631,550,529,622,641,657,658,573,536,511,632,552,531,515,617,649,655,656,571,527,637,652,655,656,655,565,644,566,634,554,643,558,535,625,548,640,556,533,518,617,649,655,571,635,554,643,654
0.9460,656,501,415,644,489,408,635,672,682,687,526,427,374,638,485,406,355,634,670,681,685,524,430,648,677,685,688,691,523,663,511,656,492,657,500,417,638,478,652,495,412,359,635,670,681,521,657,493,657,680
0.2951,523,622,645,575,630,638,571,547,541,536,612,639,650,577,632,640,649,573,553,542,523,619,643,573,550,526,523,525,620,564,620,559,634,569,628,637,569,638,572,630,639,648,572,552,542,616,558,634,569,548
0.4172,529,600,616,589,607,616,590,589,582,571,607,622,626,595,610,618,627,599,586,574,573,615,624,592,576,573,578,584,611,581,610,588,619,592,609,617,590,621,593,610,618,627,599,587,574,608,587,619,592,576
0.3952,541,609,620,581,612,627,592,581,567,563,617,628,628,585,615,629,637,595,573,566,563,618,624,585,570,570,575,574,607,576,620,589,618,581,613,627,592,620,583,614,628,644,595,574,566,617,588,618,582,569
0.2694,496,616,637,557,640,651,573,537,516,513,625,641,648,563,643,653,655,573,532,522,519,623,641,559,532,525,523,513,616,544,632,562,628,553,639,651,573,633,556,641,652,654,573,532,519,629,561,629,553,528
0.5290,569,579,580,601,600,599,603,601,607,616,605,595,588,605,602,601,594,599,607,616,614,599,590,605,615,614,609,604,598,614,604,606,591,607,603,602,605,591,606,603,602,595,599,608,615,604,606,591,606,615
0.3425,531,602,629,576,626,634,572,557,555,558,616,625,637,580,629,635,633,580,565,563,555,610,630,578,567,558,541,546,623,577,620,566,621,574,627,634,573,625,576,628,634,632,581,565,563,617,564,622,573,556
0.1522,429,625,658,535,645,662,542,485,460,449,623,660,670,543,649,665,675,543,489,466,440,627,659,536,486,449,434,429,623,518,634,523,647,528,643,662,541,654,533,646,663,675,542,488,465,628,520,647,529,482
0.4873,536,584,601,597,595,598,601,606,601,594,599,605,614,604,599,602,607,609,603,595,595,606,612,604,595,595,602,607,606,596,600,601,612,604,600,602,602,611,603,600,601,608,609,604,595,600,602,612,603,595
0.1689,459,630,657,545,644,665,545,499,473,450,630,657,666,550,646,667,671,555,502,467,456,629,656,546,487,464,456,453,618,516,642,529,641,538,640,663,543,646,542,642,666,671,554,502,466,637,527,641,538,482
0.4238,536,595,606,579,612,623,597,583,573,578,617,620,618,586,616,626,624,593,579,580,586,614,615,585,582,585,587,579,603,585,619,595,610,583,614,626,599,612,594,615,626,625,594,578,580,618,596,614,587,584
0.9965,654,475,362,645,462,353,638,677,688,693,506,387,311,640,459,352,286,625,672,686,692,508,389,652,683,691,695,697,505,669,488,661,489,665,480,368,643,473,659,474,364,294,628,673,687,500,663,489,664,686
0.7970,641,540,498,637,541,512,624,657,663,666,567,506,486,633,545,510,478,625,653,662,663,554,508,639,658,663,663,671,558,647,557,638,545,647,547,514,627,537,644,545,512,479,627,654,662,562,639,545,646,661
0.6117,599,574,572,619,586,567,611,628,632,630,584,571,571,619,586,567,563,619,628,628,625,585,577,621,626,624,627,636,596,622,582,617,584,623,589,569,612,581,622,588,568,564,618,628,628,584,616,583,623,627
0.0956,424,639,669,526,650,675,523,452,417,398,627,664,676,531,652,677,682,533,460,423,390,632,666,524,455,406,388,378,621,498,642,497,647,511,645,673,519,655,518,648,674,681,531,459,423,633,492,647,511,448
0.1262,386,622,657,533,645,670,532,473,446,415,631,662,671,544,651,672,677,544,484,437,421,630,662,537,464,430,420,414,620,502,643,515,644,528,644,669,531,651,533,647,671,676,543,484,437,637,512,644,528,457
0.2387,454,612,640,547,642,655,564,528,500,495,627,647,653,557,647,658,660,569,520,506,502,625,646,552,519,507,505,499,615,533,635,552,632,545,643,655,564,637,548,645,657,660,570,520,505,631,551,632,546,515
0.7417,609,546,510,627,548,527,622,640,654,658,572,540,510,629,550,529,519,615,645,655,657,574,526,630,651,655,655,653,569,646,566,636,553,636,555,533,626,547,633,552,531,521,615,646,655,569,636,553,636,653
0.6021,601,572,569,620,591,577,607,621,632,632,593,571,569,620,591,577,564,610,627,630,620,585,574,622,628,627,624,627,590,624,590,613,582,623,595,578,608,580,619,592,574,566,610,627,630,593,614,582,623,628
0.8946,643,513,447,640,510,445,635,667,676,680,540,460,423,635,508,445,405,633,665,673,678,538,463,644,669,677,683,673,538,658,527,653,511,652,525,454,638,499,647,516,450,409,634,665,675,536,655,511,652,672
0.2599,512,632,649,572,633,648,562,536,528,513,618,647,651,569,633,648,659,570,543,521,507,628,648,569,531,511,508,509,619,548,627,548,634,563,628,646,561,640,566,631,647,658,569,543,521,621,547,634,562,529
0.9212,641,494,425,634,496,423,638,668,677,683,523,441,404,632,493,423,387,629,663,678,683,526,448,640,673,682,684,686,539,659,508,656,512,652,511,435,642,501,647,506,431,393,630,666,677,518,658,512,652,675
0.0771,434,642,671,520,660,679,525,447,393,369,630,666,677,524,662,679,684,534,443,398,373,630,666,516,436,393,371,358,617,470,644,497,646,502,655,676,522,655,509,658,678,682,533,441,397,638,496,647,503,427
0.4770,544,582,588,589,606,610,598,587,592,598,609,607,600,596,611,614,609,592,594,600,603,605,601,596,599,603,596,589,602,601,611,600,599,595,610,613,600,599,594,610,628,609,594,595,599,612,599,599,595,599
0.7104,611,550,529,628,562,544,618,640,651,652,580,540,527,629,563,544,524,618,644,649,649,570,540,634,647,658,648,652,573,638,580,628,562,639,568,549,621,557,636,573,548,525,619,645,649,579,629,562,638,648
0.3747,542,607,628,587,621,626,580,570,571,568,609,623,633,590,622,626,630,584,570,571,559,610,629,587,575,561,555,559,619,582,614,574,624,584,621,625,580,626,587,622,626,629,585,576,572,612,573,624,585,575
0.1009,404,635,666,524,650,673,523,453,419,404,626,663,675,531,652,674,689,533,462,427,393,632,666,524,457,409,391,381,622,500,641,498,647,512,645,671,520,654,518,649,673,680,532,461,427,631,493,647,512,450
0.5488,559,577,600,615,582,585,614,614,611,607,594,596,595,611,587,588,594,611,610,606,614,601,598,607,606,614,622,620,597,604,593,617,601,608,588,589,615,600,608,588,589,593,612,612,607,594,617,602,608,607
0.8382,639,528,488,627,516,475,633,658,664,674,546,496,475,626,514,474,458,624,652,668,672,550,502,632,664,671,673,673,549,653,534,648,543,641,534,486,637,535,638,531,484,464,627,653,670,543,649,543,640,667
0.2013,496,628,651,550,648,661,566,505,485,478,626,651,657,553,649,662,665,556,509,491,483,624,649,548,506,491,486,466,621,524,635,545,633,539,644,659,560,638,544,647,661,664,556,508,490,631,544,633,540,502
0.2370,472,608,642,548,638,652,559,518,505,502,622,643,654,557,642,654,656,562,526,514,510,619,647,552,523,514,495,487,625,543,631,548,633,545,637,652,559,638,548,640,653,655,562,526,512,627,546,633,545,520
0.3888,517,591,619,585,617,620,581,573,575,574,608,619,628,592,621,624,627,587,580,577,566,608,626,589,580,567,561,565,618,587,613,577,621,588,619,622,582,623,589,620,624,625,587,580,577,611,576,621,588,580
0.3801,521,606,627,588,615,623,581,574,574,563,608,626,635,594,619,624,633,591,581,567,557,617,631,592,570,558,560,566,615,577,611,576,622,589,617,623,582,627,591,618,623,633,590,581,567,610,569,625,590,570
0.7446,622,545,526,622,544,520,630,647,651,651,562,534,524,623,545,521,513,624,643,648,658,566,539,628,644,657,660,660,576,635,554,641,563,634,552,525,633,558,631,550,523,515,625,644,648,560,642,563,633,646
0.4815,580,603,604,590,602,611,606,599,589,594,609,611,607,592,603,611,613,602,589,594,600,610,607,591,595,600,604,598,598,596,609,606,605,593,602,610,607,606,593,602,610,613,601,591,594,608,606,606,592,595
0.7132,616,561,529,620,554,539,622,637,646,654,577,545,528,621,555,540,536,615,639,651,652,581,540,625,647,651,650,649,572,643,571,633,563,630,561,544,625,557,628,558,542,537,616,639,651,574,632,566,630,650
0.1130,446,632,664,522,653,671,538,461,426,408,627,660,675,527,654,672,677,539,468,433,415,623,665,520,456,426,409,388,626,497,638,521,647,507,648,669,536,653,513,651,671,676,538,467,432,633,514,646,507,450
0.6212,567,553,557,616,583,564,608,627,634,633,585,566,564,621,591,567,558,617,631,632,630,579,571,603,629,629,628,636,592,625,583,616,579,625,589,569,611,577,624,588,568,558,618,631,633,585,616,579,627,631
0.8445,636,517,473,633,531,469,637,662,669,671,546,489,463,632,532,468,448,629,660,666,670,541,489,639,661,669,676,677,553,652,535,654,532,647,541,476,641,523,644,539,473,450,631,659,667,543,655,533,647,665
0.9627,665,495,403,642,486,394,642,677,684,688,512,414,358,634,480,390,340,628,670,682,689,513,416,645,676,687,691,692,526,662,492,660,496,657,497,403,645,484,652,493,399,346,632,666,682,518,663,499,657,679
0.5327,599,601,596,598,594,598,612,610,604,606,601,602,596,599,594,597,601,606,603,607,614,606,598,600,606,614,617,612,593,605,600,613,599,601,593,598,613,599,601,593,597,590,630,603,607,600,613,599,601,606
0.4692,574,597,599,592,609,615,600,590,589,595,612,610,605,594,610,616,612,594,591,595,602,608,604,593,596,603,596,588,601,597,613,600,602,593,609,616,600,602,592,609,616,613,594,590,595,612,599,602,593,596
0.4653,564,590,602,594,614,610,594,587,589,599,609,606,606,600,615,613,608,593,595,599,597,602,605,597,601,597,589,586,608,602,610,593,602,596,615,613,598,603,596,615,615,608,593,594,599,610,593,603,596,600
0.5907,584,569,572,617,590,576,605,621,628,627,591,574,575,619,591,578,567,613,626,626,622,585,579,621,624,622,620,627,596,621,588,610,585,623,595,579,607,583,622,594,578,568,614,627,626,591,611,584,623,625
0.5250,571,585,596,607,596,588,603,612,612,607,593,595,600,609,597,589,593,611,611,608,602,598,601,610,607,602,608,614,606,606,592,605,603,610,598,590,604,603,611,599,588,593,610,612,607,591,604,603,611,607
0.8576,638,515,470,632,515,464,637,662,670,671,547,486,458,631,515,464,441,629,658,665,676,542,485,637,661,675,677,678,554,649,534,653,532,647,528,472,640,522,643,524,469,445,630,659,667,543,655,532,646,665
0.3176,540,624,638,569,628,644,579,558,537,533,625,639,642,572,628,646,647,584,550,539,539,623,636,569,546,542,543,542,611,558,631,571,626,564,624,644,578,628,567,626,645,646,584,549,539,628,570,626,565,543
0.4938,568,589,591,592,601,611,603,595,595,601,612,606,600,596,605,612,607,597,596,601,608,606,600,596,601,609,603,597,598,602,611,604,600,596,605,612,604,600,596,605,612,607,598,595,601,610,604,599,596,602
0.4504,562,593,602,591,615,615,592,584,587,593,610,610,609,594,617,617,612,590,590,595,593,604,607,593,595,593,585,580,608,598,612,591,604,592,617,617,594,605,593,617,617,616,590,590,594,611,591,603,592,595
0.4536,553,588,606,597,612,610,588,589,594,594,605,605,613,600,613,611,608,594,596,596,588,600,611,599,597,589,581,586,615,600,607,587,609,599,613,611,589,610,600,614,611,608,594,596,596,606,587,609,598,597
0.6438,591,559,557,618,575,551,619,635,637,636,577,562,560,620,578,553,552,622,633,633,631,579,567,623,631,629,638,644,592,625,573,625,580,627,581,555,620,576,625,581,554,552,624,633,634,575,624,578,626,632
0.2452,495,628,649,567,632,653,560,530,520,497,622,649,655,571,634,654,661,569,538,507,499,628,648,567,519,505,502,503,618,539,631,547,635,564,629,651,557,640,563,631,653,660,568,534,508,625,543,635,560,517
0.8914,636,503,446,630,505,444,636,665,673,680,531,463,431,629,506,445,415,628,661,675,680,534,467,638,670,678,682,682,544,658,517,654,523,650,520,453,640,513,644,515,450,418,629,662,676,527,656,524,647,674
0.8317,646,539,489,632,520,480,631,656,666,673,550,500,472,629,518,478,464,622,655,667,671,554,499,635,663,670,672,671,545,656,540,648,541,644,528,485,634,532,640,525,483,466,624,656,668,545,647,542,644,666
0.2574,522,622,643,556,639,651,567,524,513,512,623,642,649,560,641,652,653,564,532,521,519,619,641,555,529,524,511,495,626,547,631,556,628,549,637,650,566,632,552,638,651,653,562,531,520,626,554,628,548,526
0.5429,563,569,581,609,597,588,598,609,618,617,596,585,588,613,600,590,582,606,618,617,613,590,590,614,616,611,607,612,601,613,596,602,592,615,601,592,600,592,615,601,592,582,606,617,617,598,602,592,615,616
0.2620,490,619,646,565,632,644,563,534,525,519,615,645,655,570,635,645,654,567,539,527,504,622,648,565,537,509,505,507,621,554,623,551,638,559,632,642,562,642,562,633,645,656,566,539,529,617,548,637,560,535
0.1412,414,628,659,537,643,668,535,480,456,432,626,659,669,546,647,670,675,545,489,451,432,631,661,539,476,443,431,426,621,510,640,514,643,528,640,667,533,650,533,643,669,674,545,491,452,632,510,644,529,470
0.3573,506,604,623,572,616,634,584,571,555,549,620,632,634,580,620,637,639,590,563,554,556,620,630,578,559,558,561,561,610,568,625,581,622,575,618,635,586,625,576,620,636,640,591,565,554,622,580,622,575,558
0.4415,558,598,605,584,611,621,599,585,580,584,615,617,613,589,614,623,622,613,580,585,591,611,611,588,587,591,590,582,603,589,631,598,608,587,613,622,600,609,587,613,624,621,594,584,585,613,597,608,586,587
0.8941,640,515,436,641,505,446,632,663,676,679,537,470,422,638,503,446,420,626,664,674,679,542,460,646,671,678,680,682,533,659,525,651,517,656,515,455,635,508,652,513,452,423,626,665,674,533,652,519,655,675
0.2917,534,616,642,568,634,649,566,541,534,534,618,633,647,571,635,644,643,574,546,540,533,613,641,566,547,537,518,518,623,562,625,555,632,562,631,642,564,641,565,633,643,643,567,546,541,621,553,629,561,545
0.0673,374,627,667,510,653,673,523,436,389,366,624,667,679,519,656,676,685,523,438,394,362,625,669,510,431,384,354,341,622,481,641,498,652,500,650,672,521,660,508,653,675,685,522,438,394,631,493,652,500,425
0.6685,575,545,546,613,560,544,625,637,637,636,576,558,555,619,565,547,546,621,634,635,640,578,562,622,632,639,648,646,588,625,571,634,578,627,570,550,628,574,625,569,549,546,622,634,635,575,636,579,627,634
0.3462,540,620,631,576,621,638,584,570,553,545,622,636,637,579,622,639,642,589,562,550,551,621,632,577,555,553,556,558,611,565,626,577,624,574,619,637,583,626,575,620,638,642,590,561,549,623,576,623,574,553
0.3960,538,603,614,576,617,630,594,574,564,566,618,623,624,582,622,632,631,589,570,570,574,615,621,580,574,575,576,567,606,578,621,590,614,577,619,631,595,616,579,620,632,631,589,570,570,620,590,612,577,572
0.2347,484,616,641,547,641,654,565,515,501,497,624,646,652,554,644,656,659,559,522,508,504,622,644,549,519,508,499,483,627,539,633,552,629,541,639,653,565,634,545,641,655,657,558,522,508,629,552,629,541,515
0.2284,469,607,646,548,638,652,553,516,503,499,621,643,658,557,642,655,655,562,525,510,506,617,650,552,521,510,484,484,625,542,630,540,636,544,637,652,552,641,548,639,654,654,561,524,510,626,540,636,544,517
0.2005,440,616,650,546,639,654,551,508,492,487,619,653,663,555,641,656,666,551,514,499,474,625,654,549,513,483,470,469,623,537,630,536,643,543,638,654,552,648,547,641,656,666,553,513,499,624,534,643,543,510
0.3579,500,606,626,582,616,628,579,570,565,552,611,632,637,589,619,630,640,589,573,557,551,621,634,587,562,553,555,559,615,570,616,573,626,583,618,628,580,629,586,619,629,640,588,574,557,613,581,626,584,560
0.2336,476,622,647,556,635,657,559,528,506,490,629,650,656,563,637,659,661,569,527,500,496,627,649,558,514,502,498,498,616,535,638,548,635,552,633,657,558,640,555,635,658,661,569,527,500,634,546,635,552,511
0.9689,643,477,385,636,464,375,637,673,685,689,511,409,349,633,462,374,324,626,671,683,689,514,412,645,678,688,691,693,524,669,498,661,498,658,482,390,642,481,653,477,385,332,628,672,684,506,661,497,657,682
0.9749,665,497,394,648,475,381,639,675,684,690,514,410,342,640,470,377,324,625,671,684,689,516,408,652,680,688,692,693,512,667,498,659,496,663,489,391,641,481,658,483,387,330,627,671,684,508,658,496,656,682
0.0037,391,646,680,492,662,685,506,386,310,261,624,673,686,496,664,687,693,514,393,316,264,625,673,483,370,299,251,220,618,442,646,471,650,465,655,684,501,659,475,659,684,692,513,391,314,636,466,651,466,357
0.1085,349,614,658,516,650,667,530,460,426,410,623,664,675,526,652,671,680,532,464,431,408,627,664,522,458,421,395,397,624,498,639,508,650,513,636,668,530,656,520,650,670,680,530,464,430,629,506,650,513,453
0.9191,626,479,416,634,501,420,638,669,678,681,531,450,404,635,504,423,386,631,666,676,683,524,445,647,671,683,686,687,535,658,517,660,513,654,517,433,643,498,649,512,430,391,633,667,677,527,661,511,653,674
0.2729,526,631,646,569,632,654,569,546,527,511,628,646,650,571,631,653,656,577,542,519,516,626,644,567,530,520,519,522,616,546,636,558,631,558,628,652,566,635,564,628,653,655,578,543,520,630,556,630,562,526
0.2527,477,615,639,552,640,653,568,534,508,503,626,646,650,559,644,656,658,572,526,513,510,624,642,555,525,514,513,508,614,537,634,557,631,548,640,653,568,636,551,642,650,658,573,525,513,630,552,630,549,522
0.3128,505,604,625,566,633,642,578,542,537,536,620,635,637,573,637,645,645,571,549,535,545,618,631,570,552,548,541,526,615,560,628,570,619,564,633,643,579,623,567,635,644,644,570,549,543,624,570,624,565,549
0.3882,531,594,616,580,620,626,580,569,568,572,612,618,626,587,625,628,625,585,576,577,571,608,622,585,579,572,562,559,624,586,616,577,615,581,622,627,582,618,583,623,628,625,585,575,577,615,576,615,581,578
0.3739,523,598,625,585,619,624,579,569,570,568,609,623,634,589,623,626,630,586,577,571,559,610,630,587,575,561,556,560,618,582,614,574,624,585,621,626,580,627,586,621,626,628,585,577,572,612,573,624,586,575
0.5755,574,573,581,610,584,575,612,623,622,618,588,585,588,613,587,574,579,616,619,617,616,592,590,614,615,616,623,629,600,613,586,616,596,616,589,577,613,594,615,588,577,579,617,620,618,587,617,596,617,616
0.3462,534,618,632,579,619,636,581,572,555,544,619,636,638,583,620,637,643,592,565,549,549,622,634,580,554,551,554,560,612,564,624,576,625,576,617,635,581,628,578,618,636,643,592,565,548,623,574,625,577,552
0.9410,645,491,415,635,477,402,637,670,680,686,520,434,385,631,476,403,365,626,666,680,685,524,436,641,675,684,687,689,530,667,508,658,509,653,493,415,641,495,647,488,411,370,628,666,681,515,658,508,652,678
0.7489,635,563,520,628,548,527,624,642,655,660,571,540,510,625,546,525,518,616,645,655,659,574,527,630,652,656,657,654,568,646,564,636,556,636,553,530,626,547,633,551,527,520,617,646,656,567,637,554,635,654
0.1056,445,633,669,520,653,672,534,457,420,403,626,662,676,526,655,674,678,538,464,427,408,625,665,520,452,420,400,381,626,494,641,512,646,504,648,670,532,653,510,651,672,677,536,463,426,633,509,647,505,444
0.3022,473,598,635,566,627,637,567,546,541,542,614,634,649,576,631,640,644,573,553,549,532,615,643,572,556,535,525,527,621,569,622,559,635,568,628,638,568,640,571,630,639,644,572,553,549,618,559,634,569,555
0.6234,580,562,564,614,575,559,617,631,632,629,581,571,569,617,578,562,563,620,628,627,627,584,576,620,625,627,634,638,596,620,578,624,586,623,582,563,619,583,621,581,563,563,621,628,628,580,624,586,622,627
0.4444,564,610,614,592,603,614,598,595,587,579,608,621,620,595,604,614,624,602,590,580,584,615,618,594,582,585,590,592,606,584,609,596,614,594,604,614,598,615,595,604,614,623,603,590,580,608,595,614,593,581
0.6228,603,578,565,605,575,569,618,624,623,631,588,581,569,607,576,570,573,613,619,629,638,596,575,609,626,637,636,633,581,621,584,624,586,613,579,572,620,583,611,578,571,573,614,618,628,586,624,586,612,628
0.6455,610,574,553,614,572,567,617,625,633,643,590,571,552,615,573,567,560,609,627,640,640,588,561,617,637,639,637,634,582,634,586,624,573,621,576,568,618,570,619,574,567,561,610,627,640,587,624,574,620,640
0.4684,572,592,601,596,612,611,593,590,595,602,607,604,605,599,614,611,606,594,596,602,597,603,606,599,604,597,589,588,608,605,609,593,602,597,613,611,594,603,598,614,612,606,594,596,602,610,593,602,597,604
DONE
