experiment,pioreactor_unit,timestamp,normalized_od_reading,timestamp_localtime,hours_since_experiment_created
Pulse experiments,pioreactor01,2026-08-31T17:55:14.756Z,0.709226857327,2026-08-31 23:40:14.756,1519.559722222222
Pulse experiments,pioreactor01,2026-08-31T17:55:19.737Z,0.709943757473,2026-08-31 23:40:19.737,1519.561111111111
Pulse experiments,pioreactor01,2026-08-31T17:55:24.737Z,0.71027616499,2026-08-31 23:40:24.737,1519.5625
Pulse experiments,pioreactor01,2026-08-31T17:55:29.746Z,0.709745534996,2026-08-31 23:40:29.746,1519.563888888889
Pulse experiments,pioreactor01,2026-08-31T17:55:34.744Z,0.709483819774,2026-08-31 23:40:34.744,1519.565277777778
Pulse experiments,pioreactor01,2026-08-31T17:55:39.743Z,0.709000834205,2026-08-31 23:40:39.743,1519.566666666667
Pulse experiments,pioreactor01,2026-08-31T17:55:44.739Z,0.708948898404,2026-08-31 23:40:44.739,1519.568055555555
Pulse experiments,pioreactor01,2026-08-31T17:55:49.740Z,0.709367710897,2026-08-31 23:40:49.740,1519.569444444444
Pulse experiments,pioreactor01,2026-08-31T17:55:54.737Z,0.709376186334,2026-08-31 23:40:54.737,1519.570833333333
Pulse experiments,pioreactor01,2026-08-31T17:55:59.737Z,0.709595803632,2026-08-31 23:40:59.737,1519.572222222222
Pulse experiments,pioreactor01,2026-08-31T17:56:09.739Z,0.710088006689,2026-08-31 23:41:09.739,1519.575
Pulse experiments,pioreactor01,2026-08-31T17:56:14.739Z,0.710369447628,2026-08-31 23:41:14.739,1519.576388888889
Pulse experiments,pioreactor01,2026-08-31T17:56:19.748Z,0.71039085724,2026-08-31 23:41:19.748,1519.577777777778
Pulse experiments,pioreactor01,2026-08-31T17:56:24.740Z,0.710600824197,2026-08-31 23:41:24.740,1519.579166666667
Pulse experiments,pioreactor01,2026-08-31T17:56:29.737Z,0.710738350101,2026-08-31 23:41:29.737,1519.580555555556
Pulse experiments,pioreactor01,2026-08-31T17:56:34.780Z,0.711153333066,2026-08-31 23:41:34.780,1519.581944444444
Pulse experiments,pioreactor01,2026-08-31T17:56:39.740Z,0.711548200776,2026-08-31 23:41:39.740,1519.583333333333
Pulse experiments,pioreactor01,2026-08-31T17:56:44.742Z,0.711819751093,2026-08-31 23:41:44.742,1519.584722222222
Pulse experiments,pioreactor01,2026-08-31T17:56:49.766Z,0.712124635016,2026-08-31 23:41:49.766,1519.586111111111
Pulse experiments,pioreactor01,2026-08-31T17:56:54.756Z,0.712469183812,2026-08-31 23:41:54.756,1519.5875
Pulse experiments,pioreactor01,2026-08-31T17:56:59.749Z,0.712632058615,2026-08-31 23:41:59.749,1519.588888888889
Pulse experiments,pioreactor01,2026-08-31T17:57:04.736Z,0.712786198853,2026-08-31 23:42:04.736,1519.590277777778
Pulse experiments,pioreactor01,2026-08-31T17:57:09.734Z,0.713095110523,2026-08-31 23:42:09.734,1519.591666666667
Pulse experiments,pioreactor01,2026-08-31T17:57:14.740Z,0.713278631341,2026-08-31 23:42:14.740,1519.593055555556
Pulse experiments,pioreactor01,2026-08-31T17:57:19.737Z,0.71333477317,2026-08-31 23:42:19.737,1519.594444444444
Pulse experiments,pioreactor01,2026-08-31T17:57:24.749Z,0.713455192251,2026-08-31 23:42:24.749,1519.595833333333
Pulse experiments,pioreactor01,2026-08-31T17:57:29.735Z,0.713792539852,2026-08-31 23:42:29.735,1519.597222222222
Pulse experiments,pioreactor01,2026-08-31T17:57:34.734Z,0.713995079663,2026-08-31 23:42:34.734,1519.598611111111
Pulse experiments,pioreactor01,2026-08-31T17:57:39.734Z,0.714118936139,2026-08-31 23:42:39.734,1519.6
Pulse experiments,pioreactor01,2026-08-31T17:57:44.747Z,0.714176682366,2026-08-31 23:42:44.747,1519.601388888889
Pulse experiments,pioreactor01,2026-08-31T17:57:49.743Z,0.714226556166,2026-08-31 23:42:49.743,1519.602777777778
Pulse experiments,pioreactor01,2026-08-31T17:57:54.737Z,0.714249488596,2026-08-31 23:42:54.737,1519.604166666667
Pulse experiments,pioreactor01,2026-08-31T17:57:59.761Z,0.71430382941,2026-08-31 23:42:59.761,1519.605555555556
Pulse experiments,pioreactor01,2026-08-31T17:58:04.740Z,0.714294923668,2026-08-31 23:43:04.740,1519.606944444444
Pulse experiments,pioreactor01,2026-08-31T17:58:09.740Z,0.714380081603,2026-08-31 23:43:09.740,1519.608333333333
Pulse experiments,pioreactor01,2026-08-31T17:58:14.734Z,0.714467029865,2026-08-31 23:43:14.734,1519.609722222222
Pulse experiments,pioreactor01,2026-08-31T17:58:19.738Z,0.714605707551,2026-08-31 23:43:19.738,1519.611111111111
Pulse experiments,pioreactor01,2026-08-31T17:58:24.741Z,0.714597207907,2026-08-31 23:43:24.741,1519.6125
Pulse experiments,pioreactor01,2026-08-31T17:58:29.734Z,0.714548828156,2026-08-31 23:43:29.734,1519.613888888889
Pulse experiments,pioreactor01,2026-08-31T17:58:34.737Z,0.714546314719,2026-08-31 23:43:34.737,1519.615277777778
Pulse experiments,pioreactor01,2026-08-31T17:58:39.741Z,0.714480314208,2026-08-31 23:43:39.741,1519.616666666667
Pulse experiments,pioreactor01,2026-08-31T17:58:44.736Z,0.714587232897,2026-08-31 23:43:44.736,1519.618055555556
Pulse experiments,pioreactor01,2026-08-31T17:58:49.735Z,0.714744982023,2026-08-31 23:43:49.735,1519.619444444445
Pulse experiments,pioreactor01,2026-08-31T17:58:54.736Z,0.714936734545,2026-08-31 23:43:54.736,1519.620833333333
Pulse experiments,pioreactor01,2026-08-31T17:58:59.736Z,0.715261904276,2026-08-31 23:43:59.736,1519.622222222222
Pulse experiments,pioreactor01,2026-08-31T17:59:04.735Z,0.715449491526,2026-08-31 23:44:04.735,1519.623611111111
Pulse experiments,pioreactor01,2026-08-31T17:59:09.735Z,0.715548875523,2026-08-31 23:44:09.735,1519.625
Pulse experiments,pioreactor01,2026-08-31T17:59:14.743Z,0.715653146739,2026-08-31 23:44:14.743,1519.626388888889
Pulse experiments,pioreactor01,2026-08-31T17:59:19.736Z,0.715708664184,2026-08-31 23:44:19.736,1519.627777777778
Pulse experiments,pioreactor01,2026-08-31T17:59:24.737Z,0.715777759345,2026-08-31 23:44:24.737,1519.629166666667
Pulse experiments,pioreactor01,2026-08-31T17:59:29.736Z,0.7159640229,2026-08-31 23:44:29.736,1519.630555555555
Pulse experiments,pioreactor01,2026-08-31T17:59:34.739Z,0.716106705752,2026-08-31 23:44:34.739,1519.631944444444
Pulse experiments,pioreactor01,2026-08-31T17:59:39.739Z,0.71615540633,2026-08-31 23:44:39.739,1519.633333333333
Pulse experiments,pioreactor01,2026-08-31T17:59:44.765Z,0.716250058754,2026-08-31 23:44:44.765,1519.634722222222
Pulse experiments,pioreactor01,2026-08-31T17:59:49.743Z,0.716410850296,2026-08-31 23:44:49.743,1519.636111111111
Pulse experiments,pioreactor01,2026-08-31T17:59:54.735Z,0.716536363032,2026-08-31 23:44:54.735,1519.6375
Pulse experiments,pioreactor01,2026-08-31T17:59:59.745Z,0.716716261266,2026-08-31 23:44:59.745,1519.638888888889
Pulse experiments,pioreactor01,2026-08-31T18:00:04.739Z,0.716950143624,2026-08-31 23:45:04.739,1519.640277777778
Pulse experiments,pioreactor01,2026-08-31T18:00:09.740Z,0.717139846335,2026-08-31 23:45:09.740,1519.641666666667
Pulse experiments,pioreactor01,2026-08-31T18:00:14.738Z,0.717198509442,2026-08-31 23:45:14.738,1519.643055555556
Pulse experiments,pioreactor01,2026-08-31T18:00:19.737Z,0.717342445862,2026-08-31 23:45:19.737,1519.644444444444
Pulse experiments,pioreactor01,2026-08-31T18:00:29.742Z,0.717569842586,2026-08-31 23:45:29.742,1519.647222222222
Pulse experiments,pioreactor01,2026-08-31T18:00:34.738Z,0.717803054428,2026-08-31 23:45:34.738,1519.648611111111
Pulse experiments,pioreactor01,2026-08-31T18:00:39.736Z,0.718041129053,2026-08-31 23:45:39.736,1519.65
Pulse experiments,pioreactor01,2026-08-31T18:00:44.739Z,0.718196513245,2026-08-31 23:45:44.739,1519.651388888889
Pulse experiments,pioreactor01,2026-08-31T18:00:54.748Z,0.718377759659,2026-08-31 23:45:54.748,1519.654166666667
Pulse experiments,pioreactor01,2026-08-31T18:00:59.739Z,0.718469701846,2026-08-31 23:45:59.739,1519.655555555556
Pulse experiments,pioreactor01,2026-08-31T18:01:04.734Z,0.718632838362,2026-08-31 23:46:04.734,1519.656944444444
Pulse experiments,pioreactor01,2026-08-31T18:01:09.735Z,0.718845294939,2026-08-31 23:46:09.735,1519.658333333333
Pulse experiments,pioreactor01,2026-08-31T18:01:14.740Z,0.71899403342,2026-08-31 23:46:14.740,1519.659722222222
Pulse experiments,pioreactor01,2026-08-31T18:01:19.743Z,0.719027492708,2026-08-31 23:46:19.743,1519.661111111111
Pulse experiments,pioreactor01,2026-08-31T18:01:24.738Z,0.719028922441,2026-08-31 23:46:24.738,1519.6625
Pulse experiments,pioreactor01,2026-08-31T18:01:29.739Z,0.719021585355,2026-08-31 23:46:29.739,1519.663888888889
Pulse experiments,pioreactor01,2026-08-31T18:01:34.741Z,0.719073520005,2026-08-31 23:46:34.741,1519.665277777778
Pulse experiments,pioreactor01,2026-08-31T18:01:39.736Z,0.719268287273,2026-08-31 23:46:39.736,1519.666666666667
Pulse experiments,pioreactor01,2026-08-31T18:01:44.740Z,0.719302976741,2026-08-31 23:46:44.740,1519.668055555556
Pulse experiments,pioreactor01,2026-08-31T18:01:49.735Z,0.719476956401,2026-08-31 23:46:49.735,1519.669444444444
Pulse experiments,pioreactor01,2026-08-31T18:01:54.746Z,0.719731954576,2026-08-31 23:46:54.746,1519.670833333333
Pulse experiments,pioreactor01,2026-08-31T18:01:59.736Z,0.719951039608,2026-08-31 23:46:59.736,1519.672222222222
Pulse experiments,pioreactor01,2026-08-31T18:02:04.740Z,0.720157597877,2026-08-31 23:47:04.740,1519.673611111111
Pulse experiments,pioreactor01,2026-08-31T18:02:09.742Z,0.72025553922,2026-08-31 23:47:09.742,1519.675
Pulse experiments,pioreactor01,2026-08-31T18:02:14.735Z,0.720380178764,2026-08-31 23:47:14.735,1519.676388888889
Pulse experiments,pioreactor01,2026-08-31T18:02:19.740Z,0.720525788427,2026-08-31 23:47:19.740,1519.677777777778
Pulse experiments,pioreactor01,2026-08-31T18:02:24.739Z,0.720681608664,2026-08-31 23:47:24.739,1519.679166666667
Pulse experiments,pioreactor01,2026-08-31T18:02:29.739Z,0.720830805433,2026-08-31 23:47:29.739,1519.680555555556
Pulse experiments,pioreactor01,2026-08-31T18:02:34.738Z,0.721041550609,2026-08-31 23:47:34.738,1519.681944444445
Pulse experiments,pioreactor01,2026-08-31T18:02:44.734Z,0.721252078773,2026-08-31 23:47:44.734,1519.684722222222
Pulse experiments,pioreactor01,2026-08-31T18:02:49.734Z,0.721442562146,2026-08-31 23:47:49.734,1519.686111111111
Pulse experiments,pioreactor01,2026-08-31T18:02:54.737Z,0.721526829378,2026-08-31 23:47:54.737,1519.6875
Pulse experiments,pioreactor01,2026-08-31T18:02:59.753Z,0.721607044561,2026-08-31 23:47:59.753,1519.688888888889
Pulse experiments,pioreactor01,2026-08-31T18:03:04.735Z,0.721852451164,2026-08-31 23:48:04.735,1519.690277777778
Pulse experiments,pioreactor01,2026-08-31T18:03:09.736Z,0.721929406111,2026-08-31 23:48:09.736,1519.691666666667
Pulse experiments,pioreactor01,2026-08-31T18:03:14.739Z,0.722023335667,2026-08-31 23:48:14.739,1519.693055555555
Pulse experiments,pioreactor01,2026-08-31T18:03:19.738Z,0.722227920081,2026-08-31 23:48:19.738,1519.694444444444
Pulse experiments,pioreactor01,2026-08-31T18:03:29.738Z,0.722453127065,2026-08-31 23:48:29.738,1519.697222222222
Pulse experiments,pioreactor01,2026-08-31T18:03:34.737Z,0.72259181094,2026-08-31 23:48:34.737,1519.698611111111
Pulse experiments,pioreactor01,2026-08-31T18:03:39.738Z,0.722753681879,2026-08-31 23:48:39.738,1519.7
Pulse experiments,pioreactor01,2026-08-31T18:03:44.735Z,0.723036796749,2026-08-31 23:48:44.735,1519.701388888889
Pulse experiments,pioreactor01,2026-08-31T18:03:49.737Z,0.723347153163,2026-08-31 23:48:49.737,1519.702777777778
Pulse experiments,pioreactor01,2026-08-31T18:03:54.738Z,0.723579760601,2026-08-31 23:48:54.738,1519.704166666667
Pulse experiments,pioreactor01,2026-08-31T18:03:59.735Z,0.723749545449,2026-08-31 23:48:59.735,1519.705555555556
Pulse experiments,pioreactor01,2026-08-31T18:04:04.735Z,0.723930129588,2026-08-31 23:49:04.735,1519.706944444444
Pulse experiments,pioreactor01,2026-08-31T18:04:09.744Z,0.723994355251,2026-08-31 23:49:09.744,1519.708333333333
Pulse experiments,pioreactor01,2026-08-31T18:04:14.735Z,0.72398175573,2026-08-31 23:49:14.735,1519.709722222222
Pulse experiments,pioreactor01,2026-08-31T18:04:19.738Z,0.72401186519,2026-08-31 23:49:19.738,1519.711111111111
Pulse experiments,pioreactor01,2026-08-31T18:04:24.735Z,0.724192830322,2026-08-31 23:49:24.735,1519.7125
Pulse experiments,pioreactor01,2026-08-31T18:04:29.740Z,0.724269411919,2026-08-31 23:49:29.740,1519.713888888889
Pulse experiments,pioreactor01,2026-08-31T18:04:34.735Z,0.724478592313,2026-08-31 23:49:34.735,1519.715277777778
Pulse experiments,pioreactor01,2026-08-31T18:04:39.734Z,0.724545312871,2026-08-31 23:49:39.734,1519.716666666667
Pulse experiments,pioreactor01,2026-08-31T18:04:44.748Z,0.724587482587,2026-08-31 23:49:44.748,1519.718055555556
Pulse experiments,pioreactor01,2026-08-31T18:04:49.743Z,0.724540212907,2026-08-31 23:49:49.743,1519.719444444444
Pulse experiments,pioreactor01,2026-08-31T18:04:54.735Z,0.724473736913,2026-08-31 23:49:54.735,1519.720833333333
Pulse experiments,pioreactor01,2026-08-31T18:04:59.764Z,0.724524431571,2026-08-31 23:49:59.764,1519.722222222222
Pulse experiments,pioreactor01,2026-08-31T18:05:04.734Z,0.724630554497,2026-08-31 23:50:04.734,1519.723611111111
Pulse experiments,pioreactor01,2026-08-31T18:05:09.738Z,0.724781363159,2026-08-31 23:50:09.738,1519.725
Pulse experiments,pioreactor01,2026-08-31T18:05:14.735Z,0.724850444433,2026-08-31 23:50:14.735,1519.726388888889
Pulse experiments,pioreactor01,2026-08-31T18:05:19.745Z,0.724949101278,2026-08-31 23:50:19.745,1519.727777777778
Pulse experiments,pioreactor01,2026-08-31T18:05:24.739Z,0.72498474863,2026-08-31 23:50:24.739,1519.729166666667
Pulse experiments,pioreactor01,2026-08-31T18:05:29.738Z,0.725139904376,2026-08-31 23:50:29.738,1519.730555555556
Pulse experiments,pioreactor01,2026-08-31T18:05:34.759Z,0.725198269894,2026-08-31 23:50:34.759,1519.731944444444
Pulse experiments,pioreactor01,2026-08-31T18:05:39.736Z,0.725290856387,2026-08-31 23:50:39.736,1519.733333333333
Pulse experiments,pioreactor01,2026-08-31T18:05:44.737Z,0.725425518744,2026-08-31 23:50:44.737,1519.734722222222
Pulse experiments,pioreactor01,2026-08-31T18:05:49.735Z,0.725624970994,2026-08-31 23:50:49.735,1519.736111111111
Pulse experiments,pioreactor01,2026-08-31T18:05:54.745Z,0.725787881091,2026-08-31 23:50:54.745,1519.7375
Pulse experiments,pioreactor01,2026-08-31T18:05:59.737Z,0.725969631396,2026-08-31 23:50:59.737,1519.738888888889
Pulse experiments,pioreactor01,2026-08-31T18:06:04.735Z,0.726153010298,2026-08-31 23:51:04.735,1519.740277777778
Pulse experiments,pioreactor01,2026-08-31T18:06:09.735Z,0.726261307503,2026-08-31 23:51:09.735,1519.741666666667
Pulse experiments,pioreactor01,2026-08-31T18:06:14.749Z,0.726337010525,2026-08-31 23:51:14.749,1519.743055555556
Pulse experiments,pioreactor01,2026-08-31T18:06:24.736Z,0.726496287147,2026-08-31 23:51:24.736,1519.745833333333
Pulse experiments,pioreactor01,2026-08-31T18:06:29.735Z,0.726600712842,2026-08-31 23:51:29.735,1519.747222222222
Pulse experiments,pioreactor01,2026-08-31T18:06:34.742Z,0.726667707787,2026-08-31 23:51:34.742,1519.748611111111
Pulse experiments,pioreactor01,2026-08-31T18:06:39.736Z,0.726714268585,2026-08-31 23:51:39.736,1519.75
Pulse experiments,pioreactor01,2026-08-31T18:06:44.738Z,0.726901345257,2026-08-31 23:51:44.738,1519.751388888889
Pulse experiments,pioreactor01,2026-08-31T18:06:49.749Z,0.727135272418,2026-08-31 23:51:49.749,1519.752777777778
Pulse experiments,pioreactor01,2026-08-31T18:06:54.736Z,0.727304415929,2026-08-31 23:51:54.736,1519.754166666667
Pulse experiments,pioreactor01,2026-08-31T18:06:59.735Z,0.727480436539,2026-08-31 23:51:59.735,1519.755555555555
Pulse experiments,pioreactor01,2026-08-31T18:07:04.749Z,0.727684644819,2026-08-31 23:52:04.749,1519.756944444444
Pulse experiments,pioreactor01,2026-08-31T18:07:09.742Z,0.727903592442,2026-08-31 23:52:09.742,1519.758333333333
Pulse experiments,pioreactor01,2026-08-31T18:07:14.735Z,0.72813683703,2026-08-31 23:52:14.735,1519.759722222222
Pulse experiments,pioreactor01,2026-08-31T18:07:19.750Z,0.728342553585,2026-08-31 23:52:19.750,1519.761111111111
Pulse experiments,pioreactor01,2026-08-31T18:07:24.737Z,0.728475588428,2026-08-31 23:52:24.737,1519.7625
Pulse experiments,pioreactor01,2026-08-31T18:07:29.740Z,0.728721878408,2026-08-31 23:52:29.740,1519.763888888889
Pulse experiments,pioreactor01,2026-08-31T18:07:34.736Z,0.728978100417,2026-08-31 23:52:34.736,1519.765277777778
Pulse experiments,pioreactor01,2026-08-31T18:07:44.739Z,0.729236290067,2026-08-31 23:52:44.739,1519.768055555556
Pulse experiments,pioreactor01,2026-08-31T18:07:49.751Z,0.729406953992,2026-08-31 23:52:49.751,1519.769444444444
Pulse experiments,pioreactor01,2026-08-31T18:07:54.739Z,0.729581534122,2026-08-31 23:52:54.739,1519.770833333333
Pulse experiments,pioreactor01,2026-08-31T18:07:59.737Z,0.729781001964,2026-08-31 23:52:59.737,1519.772222222222
Pulse experiments,pioreactor01,2026-08-31T18:08:04.742Z,0.72990574389,2026-08-31 23:53:04.742,1519.773611111111
Pulse experiments,pioreactor01,2026-08-31T18:08:09.743Z,0.729890807409,2026-08-31 23:53:09.743,1519.775
Pulse experiments,pioreactor01,2026-08-31T18:08:14.735Z,0.729987202378,2026-08-31 23:53:14.735,1519.776388888889
Pulse experiments,pioreactor01,2026-08-31T18:08:19.736Z,0.730182415252,2026-08-31 23:53:19.736,1519.777777777778
Pulse experiments,pioreactor01,2026-08-31T18:08:24.741Z,0.730345821612,2026-08-31 23:53:24.741,1519.779166666667
Pulse experiments,pioreactor01,2026-08-31T18:08:29.739Z,0.730473815983,2026-08-31 23:53:29.739,1519.780555555556
Pulse experiments,pioreactor01,2026-08-31T18:08:39.741Z,0.730758720031,2026-08-31 23:53:39.741,1519.783333333333
Pulse experiments,pioreactor01,2026-08-31T18:08:44.744Z,0.730892620908,2026-08-31 23:53:44.744,1519.784722222222
Pulse experiments,pioreactor01,2026-08-31T18:08:49.735Z,0.731128472516,2026-08-31 23:53:49.735,1519.786111111111
Pulse experiments,pioreactor01,2026-08-31T18:08:54.749Z,0.731307405845,2026-08-31 23:53:54.749,1519.7875
Pulse experiments,pioreactor01,2026-08-31T18:08:59.737Z,0.731486341809,2026-08-31 23:53:59.737,1519.788888888889
Pulse experiments,pioreactor01,2026-08-31T18:09:04.740Z,0.731792219792,2026-08-31 23:54:04.740,1519.790277777778
Pulse experiments,pioreactor01,2026-08-31T18:09:09.735Z,0.732045718346,2026-08-31 23:54:09.735,1519.791666666667
Pulse experiments,pioreactor01,2026-08-31T18:09:14.735Z,0.732275391753,2026-08-31 23:54:14.735,1519.793055555556
Pulse experiments,pioreactor01,2026-08-31T18:09:19.753Z,0.732521296491,2026-08-31 23:54:19.753,1519.794444444444
Pulse experiments,pioreactor01,2026-08-31T18:09:24.740Z,0.7326226123,2026-08-31 23:54:24.740,1519.795833333333
Pulse experiments,pioreactor01,2026-08-31T18:09:29.734Z,0.732826218641,2026-08-31 23:54:29.734,1519.797222222222
Pulse experiments,pioreactor01,2026-08-31T18:09:34.735Z,0.733163904339,2026-08-31 23:54:34.735,1519.798611111111
Pulse experiments,pioreactor01,2026-08-31T18:09:39.738Z,0.733408628322,2026-08-31 23:54:39.738,1519.8
Pulse experiments,pioreactor01,2026-08-31T18:09:44.735Z,0.733647401732,2026-08-31 23:54:44.735,1519.801388888889
Pulse experiments,pioreactor01,2026-08-31T18:09:49.735Z,0.733873908564,2026-08-31 23:54:49.735,1519.802777777778
Pulse experiments,pioreactor01,2026-08-31T18:09:54.734Z,0.734075382799,2026-08-31 23:54:54.734,1519.804166666667
Pulse experiments,pioreactor01,2026-08-31T18:09:59.741Z,0.73427181476,2026-08-31 23:54:59.741,1519.805555555556
Pulse experiments,pioreactor01,2026-08-31T18:10:04.735Z,0.73447529648,2026-08-31 23:55:04.735,1519.806944444445
Pulse experiments,pioreactor01,2026-08-31T18:10:09.735Z,0.734629149078,2026-08-31 23:55:09.735,1519.808333333333
Pulse experiments,pioreactor01,2026-08-31T18:10:14.740Z,0.734799298736,2026-08-31 23:55:14.740,1519.809722222222
Pulse experiments,pioreactor01,2026-08-31T18:10:19.737Z,0.734990002686,2026-08-31 23:55:19.737,1519.811111111111
Pulse experiments,pioreactor01,2026-08-31T18:10:24.736Z,0.735169089806,2026-08-31 23:55:24.736,1519.8125
Pulse experiments,pioreactor01,2026-08-31T18:10:29.743Z,0.73536187892,2026-08-31 23:55:29.743,1519.813888888889
Pulse experiments,pioreactor01,2026-08-31T18:10:34.737Z,0.73551071001,2026-08-31 23:55:34.737,1519.815277777778
Pulse experiments,pioreactor01,2026-08-31T18:10:39.736Z,0.735706453034,2026-08-31 23:55:39.736,1519.816666666667
Pulse experiments,pioreactor01,2026-08-31T18:10:44.741Z,0.735925994608,2026-08-31 23:55:44.741,1519.818055555555
Pulse experiments,pioreactor01,2026-08-31T18:10:49.750Z,0.736015653222,2026-08-31 23:55:49.750,1519.819444444444
Pulse experiments,pioreactor01,2026-08-31T18:10:54.746Z,0.736242182199,2026-08-31 23:55:54.746,1519.820833333333
Pulse experiments,pioreactor01,2026-08-31T18:11:00.099Z,0.736335938467,2026-08-31 23:56:00.099,1519.8225
Pulse experiments,pioreactor01,2026-08-31T18:11:04.735Z,0.736500203093,2026-08-31 23:56:04.735,1519.823611111111
Pulse experiments,pioreactor01,2026-08-31T18:11:09.736Z,0.736717720754,2026-08-31 23:56:09.736,1519.825
Pulse experiments,pioreactor01,2026-08-31T18:11:14.753Z,0.736935006499,2026-08-31 23:56:14.753,1519.826388888889
Pulse experiments,pioreactor01,2026-08-31T18:11:19.740Z,0.737151957914,2026-08-31 23:56:19.740,1519.827777777778
Pulse experiments,pioreactor01,2026-08-31T18:11:24.739Z,0.737274268094,2026-08-31 23:56:24.739,1519.829166666667
Pulse experiments,pioreactor01,2026-08-31T18:11:29.740Z,0.737445163086,2026-08-31 23:56:29.740,1519.830555555556
Pulse experiments,pioreactor01,2026-08-31T18:11:34.735Z,0.73760707952,2026-08-31 23:56:34.735,1519.831944444444
Pulse experiments,pioreactor01,2026-08-31T18:11:39.735Z,0.737736566648,2026-08-31 23:56:39.735,1519.833333333333
Pulse experiments,pioreactor01,2026-08-31T18:11:44.739Z,0.737874425708,2026-08-31 23:56:44.739,1519.834722222222
Pulse experiments,pioreactor01,2026-08-31T18:11:49.735Z,0.738012873556,2026-08-31 23:56:49.735,1519.836111111111
Pulse experiments,pioreactor01,2026-08-31T18:11:54.736Z,0.738144049658,2026-08-31 23:56:54.736,1519.8375
Pulse experiments,pioreactor01,2026-08-31T18:11:59.741Z,0.738261608958,2026-08-31 23:56:59.741,1519.838888888889
Pulse experiments,pioreactor01,2026-08-31T18:12:04.739Z,0.738395470164,2026-08-31 23:57:04.739,1519.840277777778
Pulse experiments,pioreactor01,2026-08-31T18:12:09.744Z,0.738526173659,2026-08-31 23:57:09.744,1519.841666666667
Pulse experiments,pioreactor01,2026-08-31T18:12:14.735Z,0.738672513616,2026-08-31 23:57:14.735,1519.843055555556
Pulse experiments,pioreactor01,2026-08-31T18:12:19.744Z,0.738791852333,2026-08-31 23:57:19.744,1519.844444444444
Pulse experiments,pioreactor01,2026-08-31T18:12:24.741Z,0.73887088579,2026-08-31 23:57:24.741,1519.845833333333
Pulse experiments,pioreactor01,2026-08-31T18:12:29.742Z,0.739043362305,2026-08-31 23:57:29.742,1519.847222222222
Pulse experiments,pioreactor01,2026-08-31T18:12:34.736Z,0.739242359149,2026-08-31 23:57:34.736,1519.848611111111
Pulse experiments,pioreactor01,2026-08-31T18:12:46.381Z,0.738988652193,2026-08-31 23:57:46.381,1519.851944444444
Pulse experiments,pioreactor01,2026-08-31T18:12:49.754Z,0.738644041041,2026-08-31 23:57:49.754,1519.852777777778
Pulse experiments,pioreactor01,2026-08-31T18:12:54.756Z,0.738233537535,2026-08-31 23:57:54.756,1519.854166666667
Pulse experiments,pioreactor01,2026-08-31T18:12:59.742Z,0.738327286543,2026-08-31 23:57:59.742,1519.855555555556
Pulse experiments,pioreactor01,2026-08-31T18:13:04.738Z,0.738523758812,2026-08-31 23:58:04.738,1519.856944444444
Pulse experiments,pioreactor01,2026-08-31T18:13:09.743Z,0.738714449613,2026-08-31 23:58:09.743,1519.858333333333
Pulse experiments,pioreactor01,2026-08-31T18:13:14.756Z,0.738974864373,2026-08-31 23:58:14.756,1519.859722222222
Pulse experiments,pioreactor01,2026-08-31T18:13:19.744Z,0.739290467215,2026-08-31 23:58:19.744,1519.861111111111
Pulse experiments,pioreactor01,2026-08-31T18:13:24.736Z,0.739643137493,2026-08-31 23:58:24.736,1519.8625
Pulse experiments,pioreactor01,2026-08-31T18:13:29.736Z,0.739945914501,2026-08-31 23:58:29.736,1519.863888888889
Pulse experiments,pioreactor01,2026-08-31T18:13:34.740Z,0.740240481882,2026-08-31 23:58:34.740,1519.865277777778
Pulse experiments,pioreactor01,2026-08-31T18:13:39.745Z,0.740485262207,2026-08-31 23:58:39.745,1519.866666666667
Pulse experiments,pioreactor01,2026-08-31T18:13:44.745Z,0.740670376491,2026-08-31 23:58:44.745,1519.868055555556
Pulse experiments,pioreactor01,2026-08-31T18:13:49.743Z,0.740762435821,2026-08-31 23:58:49.743,1519.869444444445
Pulse experiments,pioreactor01,2026-08-31T18:13:54.736Z,0.740795964906,2026-08-31 23:58:54.736,1519.870833333333
Pulse experiments,pioreactor01,2026-08-31T18:13:59.736Z,0.740896604827,2026-08-31 23:58:59.736,1519.872222222222
Pulse experiments,pioreactor01,2026-08-31T18:14:04.736Z,0.740962559619,2026-08-31 23:59:04.736,1519.873611111111
Pulse experiments,pioreactor01,2026-08-31T18:14:09.739Z,0.741012448929,2026-08-31 23:59:09.739,1519.875
Pulse experiments,pioreactor01,2026-08-31T18:14:14.735Z,0.740962133,2026-08-31 23:59:14.735,1519.876388888889
Pulse experiments,pioreactor01,2026-08-31T18:14:19.741Z,0.740935287682,2026-08-31 23:59:19.741,1519.877777777778
Pulse experiments,pioreactor01,2026-08-31T18:14:29.742Z,0.741125158859,2026-08-31 23:59:29.742,1519.880555555555
Pulse experiments,pioreactor01,2026-08-31T18:14:34.734Z,0.741104432224,2026-08-31 23:59:34.734,1519.881944444444
Pulse experiments,pioreactor01,2026-08-31T18:14:39.735Z,0.741093959733,2026-08-31 23:59:39.735,1519.883333333333
Pulse experiments,pioreactor01,2026-08-31T18:14:44.745Z,0.741052170516,2026-08-31 23:59:44.745,1519.884722222222
Pulse experiments,pioreactor01,2026-08-31T18:14:49.739Z,0.741071998502,2026-08-31 23:59:49.739,1519.886111111111
Pulse experiments,pioreactor01,2026-08-31T18:14:54.739Z,0.741127610416,2026-08-31 23:59:54.739,1519.8875
Pulse experiments,pioreactor01,2026-08-31T18:14:59.742Z,0.741159746026,2026-08-31 23:59:59.742,1519.888888888889
Pulse experiments,pioreactor01,2026-08-31T18:15:04.738Z,0.741142914228,2026-09-01 00:00:04.738,1519.890277777778
Pulse experiments,pioreactor01,2026-08-31T18:15:09.738Z,0.741171755555,2026-09-01 00:00:09.738,1519.891666666667
Pulse experiments,pioreactor01,2026-08-31T18:15:14.734Z,0.741208363023,2026-09-01 00:00:14.734,1519.893055555556
Pulse experiments,pioreactor01,2026-08-31T18:15:19.736Z,0.741293262398,2026-09-01 00:00:19.736,1519.894444444444
Pulse experiments,pioreactor01,2026-08-31T18:15:24.742Z,0.741385736354,2026-09-01 00:00:24.742,1519.895833333333
Pulse experiments,pioreactor01,2026-08-31T18:15:29.736Z,0.741464703736,2026-09-01 00:00:29.736,1519.897222222222
Pulse experiments,pioreactor01,2026-08-31T18:15:34.740Z,0.741519084147,2026-09-01 00:00:34.740,1519.898611111111
Pulse experiments,pioreactor01,2026-08-31T18:15:39.734Z,0.741578867303,2026-09-01 00:00:39.734,1519.9
Pulse experiments,pioreactor01,2026-08-31T18:15:44.736Z,0.741596285368,2026-09-01 00:00:44.736,1519.901388888889
Pulse experiments,pioreactor01,2026-08-31T18:15:49.742Z,0.741643531413,2026-09-01 00:00:49.742,1519.902777777778
Pulse experiments,pioreactor01,2026-08-31T18:15:54.737Z,0.741735568499,2026-09-01 00:00:54.737,1519.904166666667
Pulse experiments,pioreactor01,2026-08-31T18:15:59.740Z,0.741723948093,2026-09-01 00:00:59.740,1519.905555555556
Pulse experiments,pioreactor01,2026-08-31T18:16:04.735Z,0.74165771064,2026-09-01 00:01:04.735,1519.906944444444
Pulse experiments,pioreactor01,2026-08-31T18:16:14.737Z,0.741802682859,2026-09-01 00:01:14.737,1519.909722222222
Pulse experiments,pioreactor01,2026-08-31T18:16:19.735Z,0.741847949832,2026-09-01 00:01:19.735,1519.911111111111
Pulse experiments,pioreactor01,2026-08-31T18:16:24.742Z,0.741887036625,2026-09-01 00:01:24.742,1519.9125
Pulse experiments,pioreactor01,2026-08-31T18:16:29.742Z,0.741906760638,2026-09-01 00:01:29.742,1519.913888888889
Pulse experiments,pioreactor01,2026-08-31T18:16:34.734Z,0.741988395845,2026-09-01 00:01:34.734,1519.915277777778
Pulse experiments,pioreactor01,2026-08-31T18:16:39.739Z,0.742002622225,2026-09-01 00:01:39.739,1519.916666666667
Pulse experiments,pioreactor01,2026-08-31T18:16:44.744Z,0.741982525843,2026-09-01 00:01:44.744,1519.918055555556
Pulse experiments,pioreactor01,2026-08-31T18:16:49.741Z,0.741926552405,2026-09-01 00:01:49.741,1519.919444444444
Pulse experiments,pioreactor01,2026-08-31T18:16:54.735Z,0.741951553186,2026-09-01 00:01:54.735,1519.920833333333
Pulse experiments,pioreactor01,2026-08-31T18:16:59.738Z,0.741948888557,2026-09-01 00:01:59.738,1519.922222222222
Pulse experiments,pioreactor01,2026-08-31T18:17:04.759Z,0.741972438068,2026-09-01 00:02:04.759,1519.923611111111
Pulse experiments,pioreactor01,2026-08-31T18:17:09.739Z,0.742010719595,2026-09-01 00:02:09.739,1519.925
Pulse experiments,pioreactor01,2026-08-31T18:17:14.736Z,0.742067943967,2026-09-01 00:02:14.736,1519.926388888889
Pulse experiments,pioreactor01,2026-08-31T18:17:19.736Z,0.742070740826,2026-09-01 00:02:19.736,1519.927777777778
Pulse experiments,pioreactor01,2026-08-31T18:17:24.736Z,0.742082999837,2026-09-01 00:02:24.736,1519.929166666667
Pulse experiments,pioreactor01,2026-08-31T18:17:29.746Z,0.742067953994,2026-09-01 00:02:29.746,1519.930555555556
Pulse experiments,pioreactor01,2026-08-31T18:17:34.740Z,0.742052106098,2026-09-01 00:02:34.740,1519.931944444445
Pulse experiments,pioreactor01,2026-08-31T18:17:39.737Z,0.742023607076,2026-09-01 00:02:39.737,1519.933333333333
Pulse experiments,pioreactor01,2026-08-31T18:17:44.739Z,0.742026710979,2026-09-01 00:02:44.739,1519.934722222222
Pulse experiments,pioreactor01,2026-08-31T18:17:49.741Z,0.742103643831,2026-09-01 00:02:49.741,1519.936111111111
Pulse experiments,pioreactor01,2026-08-31T18:17:54.740Z,0.742171640646,2026-09-01 00:02:54.740,1519.9375
Pulse experiments,pioreactor01,2026-08-31T18:17:59.737Z,0.742183486584,2026-09-01 00:02:59.737,1519.938888888889
Pulse experiments,pioreactor01,2026-08-31T18:18:04.736Z,0.74221831192,2026-09-01 00:03:04.736,1519.940277777778
Pulse experiments,pioreactor01,2026-08-31T18:18:09.737Z,0.742244988331,2026-09-01 00:03:09.737,1519.941666666667
Pulse experiments,pioreactor01,2026-08-31T18:18:14.738Z,0.742291817479,2026-09-01 00:03:14.738,1519.943055555555
Pulse experiments,pioreactor01,2026-08-31T18:18:19.742Z,0.742349453527,2026-09-01 00:03:19.742,1519.944444444444
Pulse experiments,pioreactor01,2026-08-31T18:18:24.738Z,0.742400461501,2026-09-01 00:03:24.738,1519.945833333333
Pulse experiments,pioreactor01,2026-08-31T18:18:29.746Z,0.742432120159,2026-09-01 00:03:29.746,1519.947222222222
Pulse experiments,pioreactor01,2026-08-31T18:18:34.759Z,0.742532288712,2026-09-01 00:03:34.759,1519.948611111111
Pulse experiments,pioreactor01,2026-08-31T18:18:39.743Z,0.742599542023,2026-09-01 00:03:39.743,1519.95
Pulse experiments,pioreactor01,2026-08-31T18:18:44.733Z,0.742649465052,2026-09-01 00:03:44.733,1519.951388888889
Pulse experiments,pioreactor01,2026-08-31T18:18:49.738Z,0.742665019085,2026-09-01 00:03:49.738,1519.952777777778
Pulse experiments,pioreactor01,2026-08-31T18:18:54.735Z,0.742737785342,2026-09-01 00:03:54.735,1519.954166666667
Pulse experiments,pioreactor01,2026-08-31T18:18:59.737Z,0.742803016111,2026-09-01 00:03:59.737,1519.955555555556
Pulse experiments,pioreactor01,2026-08-31T18:19:04.740Z,0.742893752167,2026-09-01 00:04:04.740,1519.956944444444
Pulse experiments,pioreactor01,2026-08-31T18:19:09.745Z,0.742965752998,2026-09-01 00:04:09.745,1519.958333333333
Pulse experiments,pioreactor01,2026-08-31T18:19:14.737Z,0.742986688349,2026-09-01 00:04:14.737,1519.959722222222
Pulse experiments,pioreactor01,2026-08-31T18:19:19.738Z,0.743050243162,2026-09-01 00:04:19.738,1519.961111111111
Pulse experiments,pioreactor01,2026-08-31T18:19:24.745Z,0.743131212582,2026-09-01 00:04:24.745,1519.9625
Pulse experiments,pioreactor01,2026-08-31T18:19:29.740Z,0.743179647653,2026-09-01 00:04:29.740,1519.963888888889
Pulse experiments,pioreactor01,2026-08-31T18:19:34.735Z,0.743171701942,2026-09-01 00:04:34.735,1519.965277777778
Pulse experiments,pioreactor01,2026-08-31T18:19:39.735Z,0.74325824196,2026-09-01 00:04:39.735,1519.966666666667
Pulse experiments,pioreactor01,2026-08-31T18:19:44.738Z,0.743259839599,2026-09-01 00:04:44.738,1519.968055555556
Pulse experiments,pioreactor01,2026-08-31T18:19:49.744Z,0.743299708098,2026-09-01 00:04:49.744,1519.969444444444
Pulse experiments,pioreactor01,2026-08-31T18:19:54.740Z,0.743416328469,2026-09-01 00:04:54.740,1519.970833333333
Pulse experiments,pioreactor01,2026-08-31T18:19:59.739Z,0.743370240121,2026-09-01 00:04:59.739,1519.972222222222
Pulse experiments,pioreactor01,2026-08-31T18:20:04.737Z,0.74343054542,2026-09-01 00:05:04.737,1519.973611111111
Pulse experiments,pioreactor01,2026-08-31T18:20:09.736Z,0.743558415213,2026-09-01 00:05:09.736,1519.975
Pulse experiments,pioreactor01,2026-08-31T18:20:14.735Z,0.743627044358,2026-09-01 00:05:14.735,1519.976388888889
Pulse experiments,pioreactor01,2026-08-31T18:20:19.736Z,0.7436698261,2026-09-01 00:05:19.736,1519.977777777778
Pulse experiments,pioreactor01,2026-08-31T18:20:24.758Z,0.743697259366,2026-09-01 00:05:24.758,1519.979166666667
Pulse experiments,pioreactor01,2026-08-31T18:20:29.734Z,0.743714554643,2026-09-01 00:05:29.734,1519.980555555556
Pulse experiments,pioreactor01,2026-08-31T18:20:34.754Z,0.743707709568,2026-09-01 00:05:34.754,1519.981944444444
Pulse experiments,pioreactor01,2026-08-31T18:20:39.748Z,0.743769458724,2026-09-01 00:05:39.748,1519.983333333333
Pulse experiments,pioreactor01,2026-08-31T18:20:44.741Z,0.74380353336,2026-09-01 00:05:44.741,1519.984722222222
Pulse experiments,pioreactor01,2026-08-31T18:20:49.736Z,0.743795272736,2026-09-01 00:05:49.736,1519.986111111111
Pulse experiments,pioreactor01,2026-08-31T18:20:54.741Z,0.743809109093,2026-09-01 00:05:54.741,1519.9875
Pulse experiments,pioreactor01,2026-08-31T18:20:59.739Z,0.743788523608,2026-09-01 00:05:59.739,1519.988888888889
Pulse experiments,pioreactor01,2026-08-31T18:21:04.733Z,0.743855326033,2026-09-01 00:06:04.733,1519.990277777778
Pulse experiments,pioreactor01,2026-08-31T18:21:09.736Z,0.743854107104,2026-09-01 00:06:09.736,1519.991666666667
Pulse experiments,pioreactor01,2026-08-31T18:21:14.749Z,0.74389040573,2026-09-01 00:06:14.749,1519.993055555556
Pulse experiments,pioreactor01,2026-08-31T18:21:19.736Z,0.743870805131,2026-09-01 00:06:19.736,1519.994444444445
Pulse experiments,pioreactor01,2026-08-31T18:21:24.765Z,0.743898511397,2026-09-01 00:06:24.765,1519.995833333333
Pulse experiments,pioreactor01,2026-08-31T18:21:29.741Z,0.743878061085,2026-09-01 00:06:29.741,1519.997222222222
Pulse experiments,pioreactor01,2026-08-31T18:21:34.735Z,0.743867826897,2026-09-01 00:06:34.735,1519.998611111111
Pulse experiments,pioreactor01,2026-08-31T18:21:39.735Z,0.743869112597,2026-09-01 00:06:39.735,1520.0
Pulse experiments,pioreactor01,2026-08-31T18:21:44.752Z,0.743981849333,2026-09-01 00:06:44.752,1520.001388888889
Pulse experiments,pioreactor01,2026-08-31T18:21:49.742Z,0.744108920525,2026-09-01 00:06:49.742,1520.002777777778
Pulse experiments,pioreactor01,2026-08-31T18:21:54.736Z,0.74421219701,2026-09-01 00:06:54.736,1520.004166666667
Pulse experiments,pioreactor01,2026-08-31T18:21:59.735Z,0.744293302942,2026-09-01 00:06:59.735,1520.005555555555
Pulse experiments,pioreactor01,2026-08-31T18:22:04.735Z,0.744311886999,2026-09-01 00:07:04.735,1520.006944444444
Pulse experiments,pioreactor01,2026-08-31T18:22:09.739Z,0.744357701388,2026-09-01 00:07:09.739,1520.008333333333
Pulse experiments,pioreactor01,2026-08-31T18:22:14.737Z,0.744416609145,2026-09-01 00:07:14.737,1520.009722222222
Pulse experiments,pioreactor01,2026-08-31T18:22:19.734Z,0.744436061397,2026-09-01 00:07:19.734,1520.011111111111
Pulse experiments,pioreactor01,2026-08-31T18:22:24.736Z,0.744452951638,2026-09-01 00:07:24.736,1520.0125
Pulse experiments,pioreactor01,2026-08-31T18:22:29.739Z,0.74455671901,2026-09-01 00:07:29.739,1520.013888888889
Pulse experiments,pioreactor01,2026-08-31T18:22:34.738Z,0.744641198381,2026-09-01 00:07:34.738,1520.015277777778
Pulse experiments,pioreactor01,2026-08-31T18:22:39.739Z,0.744619779306,2026-09-01 00:07:39.739,1520.016666666667
Pulse experiments,pioreactor01,2026-08-31T18:22:44.745Z,0.744638340782,2026-09-01 00:07:44.745,1520.018055555556
Pulse experiments,pioreactor01,2026-08-31T18:22:49.735Z,0.744688185367,2026-09-01 00:07:49.735,1520.019444444444
Pulse experiments,pioreactor01,2026-08-31T18:22:54.739Z,0.744712508068,2026-09-01 00:07:54.739,1520.020833333333
Pulse experiments,pioreactor01,2026-08-31T18:22:59.735Z,0.744741417803,2026-09-01 00:07:59.735,1520.022222222222
Pulse experiments,pioreactor01,2026-08-31T18:23:04.740Z,0.744840581014,2026-09-01 00:08:04.740,1520.023611111111
Pulse experiments,pioreactor01,2026-08-31T18:23:09.740Z,0.745010729307,2026-09-01 00:08:09.740,1520.025
Pulse experiments,pioreactor01,2026-08-31T18:23:14.737Z,0.745093882887,2026-09-01 00:08:14.737,1520.026388888889
Pulse experiments,pioreactor01,2026-08-31T18:23:19.738Z,0.745211442612,2026-09-01 00:08:19.738,1520.027777777778
Pulse experiments,pioreactor01,2026-08-31T18:23:24.758Z,0.745318683012,2026-09-01 00:08:24.758,1520.029166666667
Pulse experiments,pioreactor01,2026-08-31T18:23:29.736Z,0.745365650089,2026-09-01 00:08:29.736,1520.030555555556
Pulse experiments,pioreactor01,2026-08-31T18:23:34.740Z,0.745435850458,2026-09-01 00:08:34.740,1520.031944444444
Pulse experiments,pioreactor01,2026-08-31T18:23:39.739Z,0.745509563783,2026-09-01 00:08:39.739,1520.033333333333
Pulse experiments,pioreactor01,2026-08-31T18:23:44.734Z,0.74559312932,2026-09-01 00:08:44.734,1520.034722222222
Pulse experiments,pioreactor01,2026-08-31T18:23:49.737Z,0.745616998176,2026-09-01 00:08:49.737,1520.036111111111
Pulse experiments,pioreactor01,2026-08-31T18:23:54.734Z,0.74564246027,2026-09-01 00:08:54.734,1520.0375
Pulse experiments,pioreactor01,2026-08-31T18:23:59.756Z,0.745682879931,2026-09-01 00:08:59.756,1520.038888888889
Pulse experiments,pioreactor01,2026-08-31T18:24:04.740Z,0.745746057537,2026-09-01 00:09:04.740,1520.040277777778
Pulse experiments,pioreactor01,2026-08-31T18:24:09.739Z,0.745798441579,2026-09-01 00:09:09.739,1520.041666666667
Pulse experiments,pioreactor01,2026-08-31T18:24:14.735Z,0.745889651021,2026-09-01 00:09:14.735,1520.043055555556
Pulse experiments,pioreactor01,2026-08-31T18:24:19.739Z,0.746001643339,2026-09-01 00:09:19.739,1520.044444444444
Pulse experiments,pioreactor01,2026-08-31T18:24:24.738Z,0.746116595156,2026-09-01 00:09:24.738,1520.045833333333
Pulse experiments,pioreactor01,2026-08-31T18:24:29.736Z,0.746186515189,2026-09-01 00:09:29.736,1520.047222222222
Pulse experiments,pioreactor01,2026-08-31T18:24:34.736Z,0.746286771891,2026-09-01 00:09:34.736,1520.048611111111
Pulse experiments,pioreactor01,2026-08-31T18:24:39.743Z,0.746401852132,2026-09-01 00:09:39.743,1520.05
Pulse experiments,pioreactor01,2026-08-31T18:24:44.738Z,0.746469554641,2026-09-01 00:09:44.738,1520.051388888889
Pulse experiments,pioreactor01,2026-08-31T18:24:49.738Z,0.746562704275,2026-09-01 00:09:49.738,1520.052777777778
Pulse experiments,pioreactor01,2026-08-31T18:24:54.734Z,0.746656053585,2026-09-01 00:09:54.734,1520.054166666667
Pulse experiments,pioreactor01,2026-08-31T18:24:59.738Z,0.746752399147,2026-09-01 00:09:59.738,1520.055555555556
Pulse experiments,pioreactor01,2026-08-31T18:25:04.735Z,0.746828045048,2026-09-01 00:10:04.735,1520.056944444445
Pulse experiments,pioreactor01,2026-08-31T18:25:09.737Z,0.746914011452,2026-09-01 00:10:09.737,1520.058333333333
Pulse experiments,pioreactor01,2026-08-31T18:25:19.739Z,0.747064793724,2026-09-01 00:10:19.739,1520.061111111111
Pulse experiments,pioreactor01,2026-08-31T18:25:24.736Z,0.747083222326,2026-09-01 00:10:24.736,1520.0625
Pulse experiments,pioreactor01,2026-08-31T18:25:29.735Z,0.74715262089,2026-09-01 00:10:29.735,1520.063888888889
Pulse experiments,pioreactor01,2026-08-31T18:25:34.744Z,0.747274977315,2026-09-01 00:10:34.744,1520.065277777778
Pulse experiments,pioreactor01,2026-08-31T18:25:39.739Z,0.747392141599,2026-09-01 00:10:39.739,1520.066666666667
Pulse experiments,pioreactor01,2026-08-31T18:25:44.738Z,0.747502969732,2026-09-01 00:10:44.738,1520.068055555555
Pulse experiments,pioreactor01,2026-08-31T18:25:49.742Z,0.747549490777,2026-09-01 00:10:49.742,1520.069444444444
Pulse experiments,pioreactor01,2026-08-31T18:25:54.740Z,0.747617037901,2026-09-01 00:10:54.740,1520.070833333333
Pulse experiments,pioreactor01,2026-08-31T18:25:59.734Z,0.747668254501,2026-09-01 00:10:59.734,1520.072222222222
Pulse experiments,pioreactor01,2026-08-31T18:26:04.736Z,0.747761537303,2026-09-01 00:11:04.736,1520.073611111111
Pulse experiments,pioreactor01,2026-08-31T18:26:09.751Z,0.747831147723,2026-09-01 00:11:09.751,1520.075
Pulse experiments,pioreactor01,2026-08-31T18:26:14.741Z,0.747903070019,2026-09-01 00:11:14.741,1520.076388888889
Pulse experiments,pioreactor01,2026-08-31T18:26:19.736Z,0.748073905776,2026-09-01 00:11:19.736,1520.077777777778
Pulse experiments,pioreactor01,2026-08-31T18:26:24.735Z,0.748225524788,2026-09-01 00:11:24.735,1520.079166666667
Pulse experiments,pioreactor01,2026-08-31T18:26:34.734Z,0.748458684087,2026-09-01 00:11:34.734,1520.081944444444
Pulse experiments,pioreactor01,2026-08-31T18:26:39.736Z,0.748549758905,2026-09-01 00:11:39.736,1520.083333333333
Pulse experiments,pioreactor01,2026-08-31T18:26:44.739Z,0.748644195584,2026-09-01 00:11:44.739,1520.084722222222
Pulse experiments,pioreactor01,2026-08-31T18:26:49.737Z,0.748724052797,2026-09-01 00:11:49.737,1520.086111111111
Pulse experiments,pioreactor01,2026-08-31T18:26:54.744Z,0.748778132547,2026-09-01 00:11:54.744,1520.0875
Pulse experiments,pioreactor01,2026-08-31T18:26:59.735Z,0.748797770505,2026-09-01 00:11:59.735,1520.088888888889
Pulse experiments,pioreactor01,2026-08-31T18:27:04.743Z,0.748876346458,2026-09-01 00:12:04.743,1520.090277777778
Pulse experiments,pioreactor01,2026-08-31T18:27:09.739Z,0.748923080893,2026-09-01 00:12:09.739,1520.091666666667
Pulse experiments,pioreactor01,2026-08-31T18:27:14.752Z,0.74902552799,2026-09-01 00:12:14.752,1520.093055555556
Pulse experiments,pioreactor01,2026-08-31T18:27:19.738Z,0.749050382836,2026-09-01 00:12:19.738,1520.094444444444
Pulse experiments,pioreactor01,2026-08-31T18:27:24.736Z,0.749157786586,2026-09-01 00:12:24.736,1520.095833333333
Pulse experiments,pioreactor01,2026-08-31T18:27:29.736Z,0.749246158441,2026-09-01 00:12:29.736,1520.097222222222
Pulse experiments,pioreactor01,2026-08-31T18:27:34.754Z,0.749354327031,2026-09-01 00:12:34.754,1520.098611111111
Pulse experiments,pioreactor01,2026-08-31T18:27:39.739Z,0.749433198897,2026-09-01 00:12:39.739,1520.1
Pulse experiments,pioreactor01,2026-08-31T18:27:44.739Z,0.749564794094,2026-09-01 00:12:44.739,1520.101388888889
Pulse experiments,pioreactor01,2026-08-31T18:27:49.738Z,0.749623500062,2026-09-01 00:12:49.738,1520.102777777778
Pulse experiments,pioreactor01,2026-08-31T18:27:54.736Z,0.749659504224,2026-09-01 00:12:54.736,1520.104166666667
Pulse experiments,pioreactor01,2026-08-31T18:27:59.734Z,0.749739488343,2026-09-01 00:12:59.734,1520.105555555556
Pulse experiments,pioreactor01,2026-08-31T18:28:04.740Z,0.749797492767,2026-09-01 00:13:04.740,1520.106944444444
Pulse experiments,pioreactor01,2026-08-31T18:28:09.744Z,0.749892903518,2026-09-01 00:13:09.744,1520.108333333333
Pulse experiments,pioreactor01,2026-08-31T18:28:14.734Z,0.749991030898,2026-09-01 00:13:14.734,1520.109722222222
Pulse experiments,pioreactor01,2026-08-31T18:28:19.741Z,0.750095722708,2026-09-01 00:13:19.741,1520.111111111111
Pulse experiments,pioreactor01,2026-08-31T18:28:24.741Z,0.750141502039,2026-09-01 00:13:24.741,1520.1125
Pulse experiments,pioreactor01,2026-08-31T18:28:29.734Z,0.750197293874,2026-09-01 00:13:29.734,1520.113888888889
Pulse experiments,pioreactor01,2026-08-31T18:28:34.734Z,0.750260317222,2026-09-01 00:13:34.734,1520.115277777778
Pulse experiments,pioreactor01,2026-08-31T18:28:39.739Z,0.750356786814,2026-09-01 00:13:39.739,1520.116666666667
Pulse experiments,pioreactor01,2026-08-31T18:28:44.738Z,0.750431989988,2026-09-01 00:13:44.738,1520.118055555556
Pulse experiments,pioreactor01,2026-08-31T18:28:54.738Z,0.750611770676,2026-09-01 00:13:54.738,1520.120833333333
Pulse experiments,pioreactor01,2026-08-31T18:28:59.741Z,0.750717367004,2026-09-01 00:13:59.741,1520.122222222222
Pulse experiments,pioreactor01,2026-08-31T18:29:04.735Z,0.750853632274,2026-09-01 00:14:04.735,1520.123611111111
Pulse experiments,pioreactor01,2026-08-31T18:29:09.742Z,0.75099094862,2026-09-01 00:14:09.742,1520.125
Pulse experiments,pioreactor01,2026-08-31T18:29:14.738Z,0.751107489116,2026-09-01 00:14:14.738,1520.126388888889
Pulse experiments,pioreactor01,2026-08-31T18:29:19.734Z,0.751204727238,2026-09-01 00:14:19.734,1520.127777777778
Pulse experiments,pioreactor01,2026-08-31T18:29:24.735Z,0.751275265785,2026-09-01 00:14:24.735,1520.129166666667
Pulse experiments,pioreactor01,2026-08-31T18:29:29.738Z,0.751336042219,2026-09-01 00:14:29.738,1520.130555555555
Pulse experiments,pioreactor01,2026-08-31T18:29:34.735Z,0.751418996984,2026-09-01 00:14:34.735,1520.131944444444
Pulse experiments,pioreactor01,2026-08-31T18:29:39.739Z,0.751524391411,2026-09-01 00:14:39.739,1520.133333333333
Pulse experiments,pioreactor01,2026-08-31T18:29:44.740Z,0.751567608878,2026-09-01 00:14:44.740,1520.134722222222
Pulse experiments,pioreactor01,2026-08-31T18:29:49.756Z,0.751678495217,2026-09-01 00:14:49.756,1520.136111111111
Pulse experiments,pioreactor01,2026-08-31T18:29:54.734Z,0.751801485921,2026-09-01 00:14:54.734,1520.1375
Pulse experiments,pioreactor01,2026-08-31T18:29:59.742Z,0.751908995727,2026-09-01 00:14:59.742,1520.138888888889
Pulse experiments,pioreactor01,2026-08-31T18:30:04.747Z,0.751986849142,2026-09-01 00:15:04.747,1520.140277777778
Pulse experiments,pioreactor01,2026-08-31T18:30:09.740Z,0.752107635596,2026-09-01 00:15:09.740,1520.141666666667
Pulse experiments,pioreactor01,2026-08-31T18:30:14.735Z,0.752167983217,2026-09-01 00:15:14.735,1520.143055555556
Pulse experiments,pioreactor01,2026-08-31T18:30:19.740Z,0.752202430888,2026-09-01 00:15:19.740,1520.144444444444
Pulse experiments,pioreactor01,2026-08-31T18:30:24.738Z,0.752288054723,2026-09-01 00:15:24.738,1520.145833333333
Pulse experiments,pioreactor01,2026-08-31T18:30:29.734Z,0.752353828273,2026-09-01 00:15:29.734,1520.147222222222
Pulse experiments,pioreactor01,2026-08-31T18:30:39.734Z,0.752587844646,2026-09-01 00:15:39.734,1520.15
Pulse experiments,pioreactor01,2026-08-31T18:30:44.742Z,0.752719867116,2026-09-01 00:15:44.742,1520.151388888889
Pulse experiments,pioreactor01,2026-08-31T18:30:49.746Z,0.752857397967,2026-09-01 00:15:49.746,1520.152777777778
Pulse experiments,pioreactor01,2026-08-31T18:30:54.755Z,0.75300915552,2026-09-01 00:15:54.755,1520.154166666667
Pulse experiments,pioreactor01,2026-08-31T18:30:59.735Z,0.75311316017,2026-09-01 00:15:59.735,1520.155555555556
Pulse experiments,pioreactor01,2026-08-31T18:31:04.741Z,0.753201165202,2026-09-01 00:16:04.741,1520.156944444444
Pulse experiments,pioreactor01,2026-08-31T18:31:09.742Z,0.753285354769,2026-09-01 00:16:09.742,1520.158333333333
Pulse experiments,pioreactor01,2026-08-31T18:31:14.755Z,0.753376011519,2026-09-01 00:16:14.755,1520.159722222222
Pulse experiments,pioreactor01,2026-08-31T18:31:19.735Z,0.753475604533,2026-09-01 00:16:19.735,1520.161111111111
Pulse experiments,pioreactor01,2026-08-31T18:31:24.747Z,0.753587899531,2026-09-01 00:16:24.747,1520.1625
Pulse experiments,pioreactor01,2026-08-31T18:31:29.735Z,0.75368096214,2026-09-01 00:16:29.735,1520.163888888889
Pulse experiments,pioreactor01,2026-08-31T18:31:34.742Z,0.753723119786,2026-09-01 00:16:34.742,1520.165277777778
Pulse experiments,pioreactor01,2026-08-31T18:31:39.737Z,0.753775964366,2026-09-01 00:16:39.737,1520.166666666667
Pulse experiments,pioreactor01,2026-08-31T18:31:44.735Z,0.753893165223,2026-09-01 00:16:44.735,1520.168055555556
Pulse experiments,pioreactor01,2026-08-31T18:31:49.741Z,0.754003535017,2026-09-01 00:16:49.741,1520.169444444444
Pulse experiments,pioreactor01,2026-08-31T18:31:54.744Z,0.754080937527,2026-09-01 00:16:54.744,1520.170833333333
Pulse experiments,pioreactor01,2026-08-31T18:31:59.735Z,0.75418592204,2026-09-01 00:16:59.735,1520.172222222222
Pulse experiments,pioreactor01,2026-08-31T18:32:09.748Z,0.754358029609,2026-09-01 00:17:09.748,1520.175
Pulse experiments,pioreactor01,2026-08-31T18:32:14.739Z,0.754438882883,2026-09-01 00:17:14.739,1520.176388888889
Pulse experiments,pioreactor01,2026-08-31T18:32:20.120Z,0.754433172139,2026-09-01 00:17:20.120,1520.178055555556
Pulse experiments,pioreactor01,2026-08-31T18:32:24.741Z,0.754482243028,2026-09-01 00:17:24.741,1520.179166666667
Pulse experiments,pioreactor01,2026-08-31T18:32:29.738Z,0.754617341277,2026-09-01 00:17:29.738,1520.180555555556
Pulse experiments,pioreactor01,2026-08-31T18:32:34.741Z,0.754733554407,2026-09-01 00:17:34.741,1520.181944444445
Pulse experiments,pioreactor01,2026-08-31T18:32:39.735Z,0.754824134055,2026-09-01 00:17:39.735,1520.183333333333
Pulse experiments,pioreactor01,2026-08-31T18:32:44.762Z,0.754885762356,2026-09-01 00:17:44.762,1520.184722222222
Pulse experiments,pioreactor01,2026-08-31T18:32:49.735Z,0.755023068707,2026-09-01 00:17:49.735,1520.186111111111
Pulse experiments,pioreactor01,2026-08-31T18:32:54.754Z,0.755174969008,2026-09-01 00:17:54.754,1520.1875
Pulse experiments,pioreactor01,2026-08-31T18:32:59.737Z,0.755315439143,2026-09-01 00:17:59.737,1520.188888888889
Pulse experiments,pioreactor01,2026-08-31T18:33:04.740Z,0.755415234522,2026-09-01 00:18:04.740,1520.190277777778
Pulse experiments,pioreactor01,2026-08-31T18:33:09.735Z,0.75555167165,2026-09-01 00:18:09.735,1520.191666666667
Pulse experiments,pioreactor01,2026-08-31T18:33:14.739Z,0.755745230681,2026-09-01 00:18:14.739,1520.193055555555
Pulse experiments,pioreactor01,2026-08-31T18:33:19.741Z,0.755894250018,2026-09-01 00:18:19.741,1520.194444444444
Pulse experiments,pioreactor01,2026-08-31T18:33:24.744Z,0.755977370453,2026-09-01 00:18:24.744,1520.195833333333
Pulse experiments,pioreactor01,2026-08-31T18:33:29.735Z,0.756036798641,2026-09-01 00:18:29.735,1520.197222222222
Pulse experiments,pioreactor01,2026-08-31T18:33:34.735Z,0.756128738909,2026-09-01 00:18:34.735,1520.198611111111
Pulse experiments,pioreactor01,2026-08-31T18:33:39.741Z,0.756245827007,2026-09-01 00:18:39.741,1520.2
Pulse experiments,pioreactor01,2026-08-31T18:33:44.736Z,0.756375932976,2026-09-01 00:18:44.736,1520.201388888889
Pulse experiments,pioreactor01,2026-08-31T18:33:49.760Z,0.756479518737,2026-09-01 00:18:49.760,1520.202777777778
Pulse experiments,pioreactor01,2026-08-31T18:33:54.736Z,0.756956871317,2026-09-01 00:18:54.736,1520.204166666667
Pulse experiments,pioreactor01,2026-08-31T18:33:59.736Z,0.754058814282,2026-09-01 00:18:59.736,1520.205555555556
Pulse experiments,pioreactor01,2026-08-31T18:34:04.733Z,0.754933375765,2026-09-01 00:19:04.733,1520.206944444444
Pulse experiments,pioreactor01,2026-08-31T18:34:09.735Z,0.755297528935,2026-09-01 00:19:09.735,1520.208333333333
Pulse experiments,pioreactor01,2026-08-31T18:34:14.763Z,0.755922275116,2026-09-01 00:19:14.763,1520.209722222222
Pulse experiments,pioreactor01,2026-08-31T18:34:19.742Z,0.755906732583,2026-09-01 00:19:19.742,1520.211111111111
Pulse experiments,pioreactor01,2026-08-31T18:34:24.738Z,0.755778908478,2026-09-01 00:19:24.738,1520.2125
Pulse experiments,pioreactor01,2026-08-31T18:34:29.734Z,0.755532434385,2026-09-01 00:19:29.734,1520.213888888889
Pulse experiments,pioreactor01,2026-08-31T18:34:34.741Z,0.755106853331,2026-09-01 00:19:34.741,1520.215277777778
Pulse experiments,pioreactor01,2026-08-31T18:34:39.735Z,0.754583778714,2026-09-01 00:19:39.735,1520.216666666667
Pulse experiments,pioreactor01,2026-08-31T18:34:44.734Z,0.754497338437,2026-09-01 00:19:44.734,1520.218055555556
Pulse experiments,pioreactor01,2026-08-31T18:34:49.739Z,0.754520515685,2026-09-01 00:19:49.739,1520.219444444444
Pulse experiments,pioreactor01,2026-08-31T18:34:54.738Z,0.754611279081,2026-09-01 00:19:54.738,1520.220833333333
Pulse experiments,pioreactor01,2026-08-31T18:34:59.737Z,0.754740288889,2026-09-01 00:19:59.737,1520.222222222222
Pulse experiments,pioreactor01,2026-08-31T18:35:04.734Z,0.75488849143,2026-09-01 00:20:04.734,1520.223611111111
Pulse experiments,pioreactor01,2026-08-31T18:35:09.736Z,0.755097036544,2026-09-01 00:20:09.736,1520.225
Pulse experiments,pioreactor01,2026-08-31T18:35:14.740Z,0.755151597933,2026-09-01 00:20:14.740,1520.226388888889
Pulse experiments,pioreactor01,2026-08-31T18:35:19.739Z,0.755285302528,2026-09-01 00:20:19.739,1520.227777777778
Pulse experiments,pioreactor01,2026-08-31T18:35:24.735Z,0.75573362382,2026-09-01 00:20:24.735,1520.229166666667
Pulse experiments,pioreactor01,2026-08-31T18:35:29.735Z,0.756016453701,2026-09-01 00:20:29.735,1520.230555555556
Pulse experiments,pioreactor01,2026-08-31T18:35:34.738Z,0.756269307239,2026-09-01 00:20:34.738,1520.231944444444
Pulse experiments,pioreactor01,2026-08-31T18:35:39.744Z,0.756383689449,2026-09-01 00:20:39.744,1520.233333333333
Pulse experiments,pioreactor01,2026-08-31T18:35:44.743Z,0.756539850893,2026-09-01 00:20:44.743,1520.234722222222
Pulse experiments,pioreactor01,2026-08-31T18:35:49.735Z,0.756701928445,2026-09-01 00:20:49.735,1520.236111111111
Pulse experiments,pioreactor01,2026-08-31T18:35:54.738Z,0.756727265751,2026-09-01 00:20:54.738,1520.2375
Pulse experiments,pioreactor01,2026-08-31T18:35:59.734Z,0.756914500488,2026-09-01 00:20:59.734,1520.238888888889
Pulse experiments,pioreactor01,2026-08-31T18:36:04.741Z,0.757106042556,2026-09-01 00:21:04.741,1520.240277777778
Pulse experiments,pioreactor01,2026-08-31T18:36:09.737Z,0.757366257795,2026-09-01 00:21:09.737,1520.241666666667
Pulse experiments,pioreactor01,2026-08-31T18:36:14.735Z,0.757558811904,2026-09-01 00:21:14.735,1520.243055555556
Pulse experiments,pioreactor01,2026-08-31T18:36:19.740Z,0.757634894928,2026-09-01 00:21:19.740,1520.244444444445
Pulse experiments,pioreactor01,2026-08-31T18:36:24.734Z,0.757741368724,2026-09-01 00:21:24.734,1520.245833333333
Pulse experiments,pioreactor01,2026-08-31T18:36:29.738Z,0.757861913853,2026-09-01 00:21:29.738,1520.247222222222
Pulse experiments,pioreactor01,2026-08-31T18:36:34.739Z,0.757886956268,2026-09-01 00:21:34.739,1520.248611111111
Pulse experiments,pioreactor01,2026-08-31T18:36:39.736Z,0.757943295799,2026-09-01 00:21:39.736,1520.25
Pulse experiments,pioreactor01,2026-08-31T18:36:44.746Z,0.758071425608,2026-09-01 00:21:44.746,1520.251388888889
Pulse experiments,pioreactor01,2026-08-31T18:36:49.738Z,0.758142590474,2026-09-01 00:21:49.738,1520.252777777778
Pulse experiments,pioreactor01,2026-08-31T18:36:54.733Z,0.758284642039,2026-09-01 00:21:54.733,1520.254166666667
Pulse experiments,pioreactor01,2026-08-31T18:36:59.736Z,0.758466384705,2026-09-01 00:21:59.736,1520.255555555555
Pulse experiments,pioreactor01,2026-08-31T18:37:04.739Z,0.758598450697,2026-09-01 00:22:04.739,1520.256944444444
Pulse experiments,pioreactor01,2026-08-31T18:37:09.741Z,0.75877421299,2026-09-01 00:22:09.741,1520.258333333333
Pulse experiments,pioreactor01,2026-08-31T18:37:14.738Z,0.758919125161,2026-09-01 00:22:14.738,1520.259722222222
Pulse experiments,pioreactor01,2026-08-31T18:37:19.765Z,0.758909641107,2026-09-01 00:22:19.765,1520.261111111111
Pulse experiments,pioreactor01,2026-08-31T18:37:24.736Z,0.758912457334,2026-09-01 00:22:24.736,1520.2625
Pulse experiments,pioreactor01,2026-08-31T18:37:29.734Z,0.758962229027,2026-09-01 00:22:29.734,1520.263888888889
Pulse experiments,pioreactor01,2026-08-31T18:37:34.759Z,0.759102256183,2026-09-01 00:22:34.759,1520.265277777778
Pulse experiments,pioreactor01,2026-08-31T18:37:39.737Z,0.75922942894,2026-09-01 00:22:39.737,1520.266666666667
Pulse experiments,pioreactor01,2026-08-31T18:37:44.739Z,0.759384750614,2026-09-01 00:22:44.739,1520.268055555556
Pulse experiments,pioreactor01,2026-08-31T18:37:49.737Z,0.759567317533,2026-09-01 00:22:49.737,1520.269444444444
Pulse experiments,pioreactor01,2026-08-31T18:37:54.754Z,0.759650318015,2026-09-01 00:22:54.754,1520.270833333333
Pulse experiments,pioreactor01,2026-08-31T18:37:59.739Z,0.759752715119,2026-09-01 00:22:59.739,1520.272222222222
Pulse experiments,pioreactor01,2026-08-31T18:38:04.734Z,0.759858267767,2026-09-01 00:23:04.734,1520.273611111111
Pulse experiments,pioreactor01,2026-08-31T18:38:09.734Z,0.75995528913,2026-09-01 00:23:09.734,1520.275
Pulse experiments,pioreactor01,2026-08-31T18:38:14.743Z,0.760052812926,2026-09-01 00:23:14.743,1520.276388888889
Pulse experiments,pioreactor01,2026-08-31T18:38:19.741Z,0.760135230096,2026-09-01 00:23:19.741,1520.277777777778
Pulse experiments,pioreactor01,2026-08-31T18:38:24.735Z,0.760264111097,2026-09-01 00:23:24.735,1520.279166666667
Pulse experiments,pioreactor01,2026-08-31T18:38:29.738Z,0.760400980853,2026-09-01 00:23:29.738,1520.280555555556
Pulse experiments,pioreactor01,2026-08-31T18:38:34.734Z,0.760558320715,2026-09-01 00:23:34.734,1520.281944444444
Pulse experiments,pioreactor01,2026-08-31T18:38:39.743Z,0.760645048975,2026-09-01 00:23:39.743,1520.283333333333
Pulse experiments,pioreactor01,2026-08-31T18:38:44.736Z,0.760759802241,2026-09-01 00:23:44.736,1520.284722222222
Pulse experiments,pioreactor01,2026-08-31T18:38:49.736Z,0.760859160392,2026-09-01 00:23:49.736,1520.286111111111
Pulse experiments,pioreactor01,2026-08-31T18:38:54.738Z,0.76098179641,2026-09-01 00:23:54.738,1520.2875
Pulse experiments,pioreactor01,2026-08-31T18:38:59.738Z,0.761144916145,2026-09-01 00:23:59.738,1520.288888888889
Pulse experiments,pioreactor01,2026-08-31T18:39:04.734Z,0.761276205764,2026-09-01 00:24:04.734,1520.290277777778
Pulse experiments,pioreactor01,2026-08-31T18:39:09.741Z,0.761368115644,2026-09-01 00:24:09.741,1520.291666666667
Pulse experiments,pioreactor01,2026-08-31T18:39:14.735Z,0.761521442476,2026-09-01 00:24:14.735,1520.293055555556
Pulse experiments,pioreactor01,2026-08-31T18:39:19.737Z,0.761593257279,2026-09-01 00:24:19.737,1520.294444444444
Pulse experiments,pioreactor01,2026-08-31T18:39:24.735Z,0.761692957572,2026-09-01 00:24:24.735,1520.295833333333
Pulse experiments,pioreactor01,2026-08-31T18:39:29.742Z,0.761842124297,2026-09-01 00:24:29.742,1520.297222222222
Pulse experiments,pioreactor01,2026-08-31T18:39:34.740Z,0.761922736548,2026-09-01 00:24:34.740,1520.298611111111
Pulse experiments,pioreactor01,2026-08-31T18:39:44.741Z,0.762043961112,2026-09-01 00:24:44.741,1520.301388888889
Pulse experiments,pioreactor01,2026-08-31T18:39:49.735Z,0.762213715194,2026-09-01 00:24:49.735,1520.302777777778
Pulse experiments,pioreactor01,2026-08-31T18:39:54.734Z,0.762414429797,2026-09-01 00:24:54.734,1520.304166666667
Pulse experiments,pioreactor01,2026-08-31T18:39:59.742Z,0.762566940463,2026-09-01 00:24:59.742,1520.305555555556
Pulse experiments,pioreactor01,2026-08-31T18:40:04.734Z,0.762688416481,2026-09-01 00:25:04.734,1520.306944444445
Pulse experiments,pioreactor01,2026-08-31T18:40:09.734Z,0.762821924327,2026-09-01 00:25:09.734,1520.308333333333
Pulse experiments,pioreactor01,2026-08-31T18:40:14.734Z,0.762974041164,2026-09-01 00:25:14.734,1520.309722222222
Pulse experiments,pioreactor01,2026-08-31T18:40:19.738Z,0.763150723057,2026-09-01 00:25:19.738,1520.311111111111
Pulse experiments,pioreactor01,2026-08-31T18:40:24.735Z,0.763282767831,2026-09-01 00:25:24.735,1520.3125
Pulse experiments,pioreactor01,2026-08-31T18:40:29.741Z,0.763414929628,2026-09-01 00:25:29.741,1520.313888888889
Pulse experiments,pioreactor01,2026-08-31T18:40:34.755Z,0.76359821695,2026-09-01 00:25:34.755,1520.315277777778
Pulse experiments,pioreactor01,2026-08-31T18:40:39.739Z,0.763764785898,2026-09-01 00:25:39.739,1520.316666666667
Pulse experiments,pioreactor01,2026-08-31T18:40:44.741Z,0.763887146722,2026-09-01 00:25:44.741,1520.318055555555
Pulse experiments,pioreactor01,2026-08-31T18:40:49.751Z,0.763976203957,2026-09-01 00:25:49.751,1520.319444444444
Pulse experiments,pioreactor01,2026-08-31T18:40:54.739Z,0.764033122128,2026-09-01 00:25:54.739,1520.320833333333
Pulse experiments,pioreactor01,2026-08-31T18:40:59.745Z,0.764143177703,2026-09-01 00:25:59.745,1520.322222222222
Pulse experiments,pioreactor01,2026-08-31T18:41:04.742Z,0.764217384044,2026-09-01 00:26:04.742,1520.323611111111
Pulse experiments,pioreactor01,2026-08-31T18:41:09.734Z,0.764298072462,2026-09-01 00:26:09.734,1520.325
Pulse experiments,pioreactor01,2026-08-31T18:41:14.736Z,0.764373678174,2026-09-01 00:26:14.736,1520.326388888889
Pulse experiments,pioreactor01,2026-08-31T18:41:19.736Z,0.764494241783,2026-09-01 00:26:19.736,1520.327777777778
Pulse experiments,pioreactor01,2026-08-31T18:41:24.735Z,0.764662412935,2026-09-01 00:26:24.735,1520.329166666667
Pulse experiments,pioreactor01,2026-08-31T18:41:29.741Z,0.764855464749,2026-09-01 00:26:29.741,1520.330555555556
Pulse experiments,pioreactor01,2026-08-31T18:41:34.734Z,0.765017752032,2026-09-01 00:26:34.734,1520.331944444444
Pulse experiments,pioreactor01,2026-08-31T18:41:39.736Z,0.765137123908,2026-09-01 00:26:39.736,1520.333333333333
Pulse experiments,pioreactor01,2026-08-31T18:41:44.738Z,0.76524515812,2026-09-01 00:26:44.738,1520.334722222222
Pulse experiments,pioreactor01,2026-08-31T18:41:49.734Z,0.765412327835,2026-09-01 00:26:49.734,1520.336111111111
Pulse experiments,pioreactor01,2026-08-31T18:41:54.742Z,0.765562642768,2026-09-01 00:26:54.742,1520.3375
Pulse experiments,pioreactor01,2026-08-31T18:41:59.734Z,0.76585215669,2026-09-01 00:26:59.734,1520.338888888889
Pulse experiments,pioreactor01,2026-08-31T18:42:04.754Z,0.766109669723,2026-09-01 00:27:04.754,1520.340277777778
Pulse experiments,pioreactor01,2026-08-31T18:42:09.745Z,0.766345354709,2026-09-01 00:27:09.745,1520.341666666667
Pulse experiments,pioreactor01,2026-08-31T18:42:14.735Z,0.766555644396,2026-09-01 00:27:14.735,1520.343055555556
Pulse experiments,pioreactor01,2026-08-31T18:42:19.744Z,0.766778127878,2026-09-01 00:27:19.744,1520.344444444444
Pulse experiments,pioreactor01,2026-08-31T18:42:24.736Z,0.766895148711,2026-09-01 00:27:24.736,1520.345833333333
Pulse experiments,pioreactor01,2026-08-31T18:42:29.760Z,0.766997806301,2026-09-01 00:27:29.760,1520.347222222222
Pulse experiments,pioreactor01,2026-08-31T18:42:34.737Z,0.767072496664,2026-09-01 00:27:34.737,1520.348611111111
Pulse experiments,pioreactor01,2026-08-31T18:42:39.742Z,0.767151241059,2026-09-01 00:27:39.742,1520.35
Pulse experiments,pioreactor01,2026-08-31T18:42:44.734Z,0.767275721196,2026-09-01 00:27:44.734,1520.351388888889
Pulse experiments,pioreactor01,2026-08-31T18:42:49.735Z,0.767432373565,2026-09-01 00:27:49.735,1520.352777777778
Pulse experiments,pioreactor01,2026-08-31T18:42:54.742Z,0.767527769308,2026-09-01 00:27:54.742,1520.354166666667
Pulse experiments,pioreactor01,2026-08-31T18:42:59.741Z,0.767643953328,2026-09-01 00:27:59.741,1520.355555555556
Pulse experiments,pioreactor01,2026-08-31T18:43:04.734Z,0.767807311756,2026-09-01 00:28:04.734,1520.356944444444
Pulse experiments,pioreactor01,2026-08-31T18:43:09.734Z,0.76797310648,2026-09-01 00:28:09.734,1520.358333333333
Pulse experiments,pioreactor01,2026-08-31T18:43:14.736Z,0.768117238325,2026-09-01 00:28:14.736,1520.359722222222
Pulse experiments,pioreactor01,2026-08-31T18:43:19.735Z,0.768295161822,2026-09-01 00:28:19.735,1520.361111111111
Pulse experiments,pioreactor01,2026-08-31T18:43:24.750Z,0.768457943908,2026-09-01 00:28:24.750,1520.3625
Pulse experiments,pioreactor01,2026-08-31T18:43:29.740Z,0.768598208277,2026-09-01 00:28:29.740,1520.363888888889
Pulse experiments,pioreactor01,2026-08-31T18:43:34.734Z,0.768805970204,2026-09-01 00:28:34.734,1520.365277777778
Pulse experiments,pioreactor01,2026-08-31T18:43:39.740Z,0.768959875683,2026-09-01 00:28:39.740,1520.366666666667
Pulse experiments,pioreactor01,2026-08-31T18:43:44.741Z,0.76905772656,2026-09-01 00:28:44.741,1520.368055555556
Pulse experiments,pioreactor01,2026-08-31T18:43:54.748Z,0.769314816554,2026-09-01 00:28:54.748,1520.370833333333
Pulse experiments,pioreactor01,2026-08-31T18:43:59.756Z,0.769488375664,2026-09-01 00:28:59.756,1520.372222222222
Pulse experiments,pioreactor01,2026-08-31T18:44:04.744Z,0.772077835292,2026-09-01 00:29:04.744,1520.373611111111
Pulse experiments,pioreactor01,2026-08-31T18:44:09.739Z,0.7681117271,2026-09-01 00:29:09.739,1520.375
Pulse experiments,pioreactor01,2026-08-31T18:44:14.735Z,0.767373663771,2026-09-01 00:29:14.735,1520.376388888889
Pulse experiments,pioreactor01,2026-08-31T18:44:19.775Z,0.768669811849,2026-09-01 00:29:19.775,1520.377777777778
Pulse experiments,pioreactor01,2026-08-31T18:44:24.735Z,0.769245571549,2026-09-01 00:29:24.735,1520.379166666667
Pulse experiments,pioreactor01,2026-08-31T18:44:29.739Z,0.768815251764,2026-09-01 00:29:29.739,1520.380555555555
Pulse experiments,pioreactor01,2026-08-31T18:44:34.736Z,0.769099482708,2026-09-01 00:29:34.736,1520.381944444444
Pulse experiments,pioreactor01,2026-08-31T18:44:39.740Z,0.769467715812,2026-09-01 00:29:39.740,1520.383333333333
Pulse experiments,pioreactor01,2026-08-31T18:44:44.737Z,0.769272654577,2026-09-01 00:29:44.737,1520.384722222222
Pulse experiments,pioreactor01,2026-08-31T18:44:49.738Z,0.769376626476,2026-09-01 00:29:49.738,1520.386111111111
Pulse experiments,pioreactor01,2026-08-31T18:44:54.735Z,0.769684623386,2026-09-01 00:29:54.735,1520.3875
Pulse experiments,pioreactor01,2026-08-31T18:44:59.735Z,0.769663096432,2026-09-01 00:29:59.735,1520.388888888889
Pulse experiments,pioreactor01,2026-08-31T18:45:04.741Z,0.769456528941,2026-09-01 00:30:04.741,1520.390277777778
Pulse experiments,pioreactor01,2026-08-31T18:45:09.741Z,0.769356306937,2026-09-01 00:30:09.741,1520.391666666667
Pulse experiments,pioreactor01,2026-08-31T18:45:14.736Z,0.769530649011,2026-09-01 00:30:14.736,1520.393055555556
Pulse experiments,pioreactor01,2026-08-31T18:45:19.741Z,0.769771374475,2026-09-01 00:30:19.741,1520.394444444444
Pulse experiments,pioreactor01,2026-08-31T18:45:24.735Z,0.769937713984,2026-09-01 00:30:24.735,1520.395833333333
Pulse experiments,pioreactor01,2026-08-31T18:45:29.743Z,0.770038185415,2026-09-01 00:30:29.743,1520.397222222222
Pulse experiments,pioreactor01,2026-08-31T18:45:34.738Z,0.77023169602,2026-09-01 00:30:34.738,1520.398611111111
Pulse experiments,pioreactor01,2026-08-31T18:45:39.741Z,0.770500771987,2026-09-01 00:30:39.741,1520.4
Pulse experiments,pioreactor01,2026-08-31T18:45:44.736Z,0.770445672969,2026-09-01 00:30:44.736,1520.401388888889
Pulse experiments,pioreactor01,2026-08-31T18:45:49.735Z,0.770638761951,2026-09-01 00:30:49.735,1520.402777777778
Pulse experiments,pioreactor01,2026-08-31T18:45:54.736Z,0.770934045204,2026-09-01 00:30:54.736,1520.404166666667
Pulse experiments,pioreactor01,2026-08-31T18:45:59.741Z,0.771204202532,2026-09-01 00:30:59.741,1520.405555555556
Pulse experiments,pioreactor01,2026-08-31T18:46:04.759Z,0.771367866558,2026-09-01 00:31:04.759,1520.406944444444
Pulse experiments,pioreactor01,2026-08-31T18:46:09.737Z,0.77146993112,2026-09-01 00:31:09.737,1520.408333333333
Pulse experiments,pioreactor01,2026-08-31T18:46:14.743Z,0.771662200802,2026-09-01 00:31:14.743,1520.409722222222
Pulse experiments,pioreactor01,2026-08-31T18:46:19.740Z,0.771783038537,2026-09-01 00:31:19.740,1520.411111111111
Pulse experiments,pioreactor01,2026-08-31T18:46:24.739Z,0.771827324956,2026-09-01 00:31:24.739,1520.4125
Pulse experiments,pioreactor01,2026-08-31T18:46:29.734Z,0.771800650608,2026-09-01 00:31:29.734,1520.413888888889
Pulse experiments,pioreactor01,2026-08-31T18:46:34.738Z,0.771959173962,2026-09-01 00:31:34.738,1520.415277777778
Pulse experiments,pioreactor01,2026-08-31T18:46:39.734Z,0.772043024626,2026-09-01 00:31:39.734,1520.416666666667
Pulse experiments,pioreactor01,2026-08-31T18:46:44.740Z,0.772167369773,2026-09-01 00:31:44.740,1520.418055555556
Pulse experiments,pioreactor01,2026-08-31T18:46:49.734Z,0.772291057702,2026-09-01 00:31:49.734,1520.419444444444
Pulse experiments,pioreactor01,2026-08-31T18:46:54.737Z,0.772417712202,2026-09-01 00:31:54.737,1520.420833333333
Pulse experiments,pioreactor01,2026-08-31T18:46:59.745Z,0.772508288477,2026-09-01 00:31:59.745,1520.422222222222
Pulse experiments,pioreactor01,2026-08-31T18:47:04.734Z,0.772627730744,2026-09-01 00:32:04.734,1520.423611111111
Pulse experiments,pioreactor01,2026-08-31T18:47:09.740Z,0.772762730876,2026-09-01 00:32:09.740,1520.425
Pulse experiments,pioreactor01,2026-08-31T18:47:14.740Z,0.772936766318,2026-09-01 00:32:14.740,1520.426388888889
Pulse experiments,pioreactor01,2026-08-31T18:47:19.735Z,0.773037323464,2026-09-01 00:32:19.735,1520.427777777778
Pulse experiments,pioreactor01,2026-08-31T18:47:24.740Z,0.773128169233,2026-09-01 00:32:24.740,1520.429166666667
Pulse experiments,pioreactor01,2026-08-31T18:47:29.740Z,0.773290873559,2026-09-01 00:32:29.740,1520.430555555556
Pulse experiments,pioreactor01,2026-08-31T18:47:34.734Z,0.773442503903,2026-09-01 00:32:34.734,1520.431944444445
Pulse experiments,pioreactor01,2026-08-31T18:47:39.734Z,0.77356145177,2026-09-01 00:32:39.734,1520.433333333333
Pulse experiments,pioreactor01,2026-08-31T18:47:44.739Z,0.773696462771,2026-09-01 00:32:44.739,1520.434722222222
Pulse experiments,pioreactor01,2026-08-31T18:47:49.736Z,0.773870979059,2026-09-01 00:32:49.736,1520.436111111111
Pulse experiments,pioreactor01,2026-08-31T18:47:54.736Z,0.773966653697,2026-09-01 00:32:54.736,1520.4375
Pulse experiments,pioreactor01,2026-08-31T18:47:59.741Z,0.774076239196,2026-09-01 00:32:59.741,1520.438888888889
Pulse experiments,pioreactor01,2026-08-31T18:48:04.735Z,0.774208169185,2026-09-01 00:33:04.735,1520.440277777778
Pulse experiments,pioreactor01,2026-08-31T18:48:09.735Z,0.774391398213,2026-09-01 00:33:09.735,1520.441666666667
Pulse experiments,pioreactor01,2026-08-31T18:48:14.751Z,0.774525990561,2026-09-01 00:33:14.751,1520.443055555555
Pulse experiments,pioreactor01,2026-08-31T18:48:19.741Z,0.774625200763,2026-09-01 00:33:19.741,1520.444444444444
Pulse experiments,pioreactor01,2026-08-31T18:48:24.742Z,0.774699126277,2026-09-01 00:33:24.742,1520.445833333333
Pulse experiments,pioreactor01,2026-08-31T18:48:29.736Z,0.774770212697,2026-09-01 00:33:29.736,1520.447222222222
Pulse experiments,pioreactor01,2026-08-31T18:48:34.734Z,0.774880177039,2026-09-01 00:33:34.734,1520.448611111111
Pulse experiments,pioreactor01,2026-08-31T18:48:39.743Z,0.774974379112,2026-09-01 00:33:39.743,1520.45
Pulse experiments,pioreactor01,2026-08-31T18:48:44.740Z,0.775125916291,2026-09-01 00:33:44.740,1520.451388888889
Pulse experiments,pioreactor01,2026-08-31T18:48:49.741Z,0.775238736262,2026-09-01 00:33:49.741,1520.452777777778
Pulse experiments,pioreactor01,2026-08-31T18:48:54.734Z,0.775339691544,2026-09-01 00:33:54.734,1520.454166666667
Pulse experiments,pioreactor01,2026-08-31T18:48:59.735Z,0.775465199336,2026-09-01 00:33:59.735,1520.455555555556
Pulse experiments,pioreactor01,2026-08-31T18:49:04.735Z,0.775636714395,2026-09-01 00:34:04.735,1520.456944444444
Pulse experiments,pioreactor01,2026-08-31T18:49:09.735Z,0.775827568082,2026-09-01 00:34:09.735,1520.458333333333
Pulse experiments,pioreactor01,2026-08-31T18:49:14.740Z,0.776058592238,2026-09-01 00:34:14.740,1520.459722222222
Pulse experiments,pioreactor01,2026-08-31T18:49:19.735Z,0.776178141891,2026-09-01 00:34:19.735,1520.461111111111
Pulse experiments,pioreactor01,2026-08-31T18:49:24.743Z,0.776303800584,2026-09-01 00:34:24.743,1520.4625
Pulse experiments,pioreactor01,2026-08-31T18:49:29.752Z,0.776467765026,2026-09-01 00:34:29.752,1520.463888888889
Pulse experiments,pioreactor01,2026-08-31T18:49:34.736Z,0.77665353732,2026-09-01 00:34:34.736,1520.465277777778
Pulse experiments,pioreactor01,2026-08-31T18:49:39.744Z,0.776820085396,2026-09-01 00:34:39.744,1520.466666666667
Pulse experiments,pioreactor01,2026-08-31T18:49:44.734Z,0.776917070231,2026-09-01 00:34:44.734,1520.468055555556
Pulse experiments,pioreactor01,2026-08-31T18:49:49.741Z,0.777067810644,2026-09-01 00:34:49.741,1520.469444444444
Pulse experiments,pioreactor01,2026-08-31T18:49:54.741Z,0.777213174113,2026-09-01 00:34:54.741,1520.470833333333
Pulse experiments,pioreactor01,2026-08-31T18:49:59.737Z,0.777355585971,2026-09-01 00:34:59.737,1520.472222222222
Pulse experiments,pioreactor01,2026-08-31T18:50:04.740Z,0.777492558065,2026-09-01 00:35:04.740,1520.473611111111
Pulse experiments,pioreactor01,2026-08-31T18:50:09.735Z,0.777617279321,2026-09-01 00:35:09.735,1520.475
Pulse experiments,pioreactor01,2026-08-31T18:50:14.741Z,0.777745038421,2026-09-01 00:35:14.741,1520.476388888889
Pulse experiments,pioreactor01,2026-08-31T18:50:19.736Z,0.777838694495,2026-09-01 00:35:19.736,1520.477777777778
Pulse experiments,pioreactor01,2026-08-31T18:50:24.737Z,0.77798120956,2026-09-01 00:35:24.737,1520.479166666667
Pulse experiments,pioreactor01,2026-08-31T18:50:29.740Z,0.778092176584,2026-09-01 00:35:29.740,1520.480555555556
Pulse experiments,pioreactor01,2026-08-31T18:50:34.737Z,0.778153634279,2026-09-01 00:35:34.737,1520.481944444444
Pulse experiments,pioreactor01,2026-08-31T18:50:39.741Z,0.778266917474,2026-09-01 00:35:39.741,1520.483333333333
Pulse experiments,pioreactor01,2026-08-31T18:50:49.739Z,0.778484045994,2026-09-01 00:35:49.739,1520.486111111111
Pulse experiments,pioreactor01,2026-08-31T18:50:54.741Z,0.778540732468,2026-09-01 00:35:54.741,1520.4875
Pulse experiments,pioreactor01,2026-08-31T18:50:59.738Z,0.778664706065,2026-09-01 00:35:59.738,1520.488888888889
Pulse experiments,pioreactor01,2026-08-31T18:51:04.736Z,0.778759603189,2026-09-01 00:36:04.736,1520.490277777778
Pulse experiments,pioreactor01,2026-08-31T18:51:09.745Z,0.7789681759,2026-09-01 00:36:09.745,1520.491666666667
Pulse experiments,pioreactor01,2026-08-31T18:51:14.735Z,0.779203456093,2026-09-01 00:36:14.735,1520.493055555556
Pulse experiments,pioreactor01,2026-08-31T18:51:19.734Z,0.779368969232,2026-09-01 00:36:19.734,1520.494444444445
Pulse experiments,pioreactor01,2026-08-31T18:51:24.737Z,0.779512690647,2026-09-01 00:36:24.737,1520.495833333333
Pulse experiments,pioreactor01,2026-08-31T18:51:29.736Z,0.779672220464,2026-09-01 00:36:29.736,1520.497222222222
Pulse experiments,pioreactor01,2026-08-31T18:51:34.752Z,0.779789243004,2026-09-01 00:36:34.752,1520.498611111111
Pulse experiments,pioreactor01,2026-08-31T18:51:39.740Z,0.779879807123,2026-09-01 00:36:39.740,1520.5
Pulse experiments,pioreactor01,2026-08-31T18:51:44.736Z,0.779969608265,2026-09-01 00:36:44.736,1520.501388888889
Pulse experiments,pioreactor01,2026-08-31T18:51:49.737Z,0.780122756036,2026-09-01 00:36:49.737,1520.502777777778
Pulse experiments,pioreactor01,2026-08-31T18:51:54.741Z,0.780252248882,2026-09-01 00:36:54.741,1520.504166666667
Pulse experiments,pioreactor01,2026-08-31T18:51:59.738Z,0.780350180486,2026-09-01 00:36:59.738,1520.505555555555
Pulse experiments,pioreactor01,2026-08-31T18:52:04.763Z,0.780452274433,2026-09-01 00:37:04.763,1520.506944444444
Pulse experiments,pioreactor01,2026-08-31T18:52:09.735Z,0.780580571603,2026-09-01 00:37:09.735,1520.508333333333
Pulse experiments,pioreactor01,2026-08-31T18:52:14.742Z,0.780704890587,2026-09-01 00:37:14.742,1520.509722222222
Pulse experiments,pioreactor01,2026-08-31T18:52:19.745Z,0.780843774719,2026-09-01 00:37:19.745,1520.511111111111
Pulse experiments,pioreactor01,2026-08-31T18:52:29.742Z,0.781135120313,2026-09-01 00:37:29.742,1520.513888888889
Pulse experiments,pioreactor01,2026-08-31T18:52:34.735Z,0.781315048446,2026-09-01 00:37:34.735,1520.515277777778
Pulse experiments,pioreactor01,2026-08-31T18:52:39.738Z,0.781373174726,2026-09-01 00:37:39.738,1520.516666666667
Pulse experiments,pioreactor01,2026-08-31T18:52:44.744Z,0.781531507211,2026-09-01 00:37:44.744,1520.518055555556
Pulse experiments,pioreactor01,2026-08-31T18:52:49.736Z,0.78169955846,2026-09-01 00:37:49.736,1520.519444444444
Pulse experiments,pioreactor01,2026-08-31T18:52:54.737Z,0.781893619152,2026-09-01 00:37:54.737,1520.520833333333
Pulse experiments,pioreactor01,2026-08-31T18:52:59.739Z,0.782010763076,2026-09-01 00:37:59.739,1520.522222222222
Pulse experiments,pioreactor01,2026-08-31T18:53:04.736Z,0.782162145809,2026-09-01 00:38:04.736,1520.523611111111
Pulse experiments,pioreactor01,2026-08-31T18:53:09.745Z,0.782283152577,2026-09-01 00:38:09.745,1520.525
Pulse experiments,pioreactor01,2026-08-31T18:53:14.736Z,0.782394957277,2026-09-01 00:38:14.736,1520.526388888889
Pulse experiments,pioreactor01,2026-08-31T18:53:19.735Z,0.78250847703,2026-09-01 00:38:19.735,1520.527777777778
Pulse experiments,pioreactor01,2026-08-31T18:53:24.751Z,0.782677033393,2026-09-01 00:38:24.751,1520.529166666667
Pulse experiments,pioreactor01,2026-08-31T18:53:29.753Z,0.782859748174,2026-09-01 00:38:29.753,1520.530555555556
Pulse experiments,pioreactor01,2026-08-31T18:53:34.737Z,0.783044534315,2026-09-01 00:38:34.737,1520.531944444444
Pulse experiments,pioreactor01,2026-08-31T18:53:39.734Z,0.78325349309,2026-09-01 00:38:39.734,1520.533333333333
Pulse experiments,pioreactor01,2026-08-31T18:53:44.735Z,0.783382507718,2026-09-01 00:38:44.735,1520.534722222222
Pulse experiments,pioreactor01,2026-08-31T18:53:49.740Z,0.783498264912,2026-09-01 00:38:49.740,1520.536111111111
Pulse experiments,pioreactor01,2026-08-31T18:53:54.742Z,0.783630599788,2026-09-01 00:38:54.742,1520.5375
Pulse experiments,pioreactor01,2026-08-31T18:53:59.742Z,0.783730188923,2026-09-01 00:38:59.742,1520.538888888889
Pulse experiments,pioreactor01,2026-08-31T18:54:04.738Z,0.783830768992,2026-09-01 00:39:04.738,1520.540277777778
Pulse experiments,pioreactor01,2026-08-31T18:54:09.739Z,0.784039263579,2026-09-01 00:39:09.739,1520.541666666667
Pulse experiments,pioreactor01,2026-08-31T18:54:14.738Z,0.78423023989,2026-09-01 00:39:14.738,1520.543055555556
Pulse experiments,pioreactor01,2026-08-31T18:54:19.752Z,0.78520037832,2026-09-01 00:39:19.752,1520.544444444444
Pulse experiments,pioreactor01,2026-08-31T18:54:24.734Z,0.777029580105,2026-09-01 00:39:24.734,1520.545833333333
Pulse experiments,pioreactor01,2026-08-31T18:54:29.788Z,0.768124722766,2026-09-01 00:39:29.788,1520.547222222222
Pulse experiments,pioreactor01,2026-08-31T18:54:34.781Z,0.769756287572,2026-09-01 00:39:34.781,1520.548611111111
Pulse experiments,pioreactor01,2026-08-31T18:54:39.811Z,0.770488102157,2026-09-01 00:39:39.811,1520.55
Pulse experiments,pioreactor01,2026-08-31T18:54:44.735Z,0.77054248086,2026-09-01 00:39:44.735,1520.551388888889
Pulse experiments,pioreactor01,2026-08-31T18:54:49.737Z,0.770857104708,2026-09-01 00:39:49.737,1520.552777777778
Pulse experiments,pioreactor01,2026-08-31T18:54:54.734Z,0.77108104585,2026-09-01 00:39:54.734,1520.554166666667
Pulse experiments,pioreactor01,2026-08-31T18:54:59.741Z,0.770909957548,2026-09-01 00:39:59.741,1520.555555555556
Pulse experiments,pioreactor01,2026-08-31T18:55:04.734Z,0.770829649805,2026-09-01 00:40:04.734,1520.556944444445
Pulse experiments,pioreactor01,2026-08-31T18:55:09.749Z,0.770918796189,2026-09-01 00:40:09.749,1520.558333333333
Pulse experiments,pioreactor01,2026-08-31T18:55:14.736Z,0.770778426317,2026-09-01 00:40:14.736,1520.559722222222
Pulse experiments,pioreactor01,2026-08-31T18:55:19.736Z,0.770899651181,2026-09-01 00:40:19.736,1520.561111111111
Pulse experiments,pioreactor01,2026-08-31T18:55:24.736Z,0.771031850899,2026-09-01 00:40:24.736,1520.5625
Pulse experiments,pioreactor01,2026-08-31T18:55:29.736Z,0.770917009478,2026-09-01 00:40:29.736,1520.563888888889
Pulse experiments,pioreactor01,2026-08-31T18:55:34.740Z,0.771145394745,2026-09-01 00:40:34.740,1520.565277777778
Pulse experiments,pioreactor01,2026-08-31T18:55:39.736Z,0.771224767239,2026-09-01 00:40:39.736,1520.566666666667
Pulse experiments,pioreactor01,2026-08-31T18:55:44.735Z,0.771391063914,2026-09-01 00:40:44.735,1520.568055555555
Pulse experiments,pioreactor01,2026-08-31T18:55:49.734Z,0.771579044196,2026-09-01 00:40:49.734,1520.569444444444
Pulse experiments,pioreactor01,2026-08-31T18:55:54.738Z,0.771840634959,2026-09-01 00:40:54.738,1520.570833333333
Pulse experiments,pioreactor01,2026-08-31T18:55:59.738Z,0.772168483283,2026-09-01 00:40:59.738,1520.572222222222
Pulse experiments,pioreactor01,2026-08-31T18:56:04.735Z,0.77233521865,2026-09-01 00:41:04.735,1520.573611111111
Pulse experiments,pioreactor01,2026-08-31T18:56:09.735Z,0.772567930657,2026-09-01 00:41:09.735,1520.575
Pulse experiments,pioreactor01,2026-08-31T18:56:19.739Z,0.772738835998,2026-09-01 00:41:19.739,1520.577777777778
Pulse experiments,pioreactor01,2026-08-31T18:56:24.739Z,0.773006578152,2026-09-01 00:41:24.739,1520.579166666667
Pulse experiments,pioreactor01,2026-08-31T18:56:29.735Z,0.773213336042,2026-09-01 00:41:29.735,1520.580555555556
Pulse experiments,pioreactor01,2026-08-31T18:56:34.738Z,0.773433785476,2026-09-01 00:41:34.738,1520.581944444444
Pulse experiments,pioreactor01,2026-08-31T18:56:39.735Z,0.773452285964,2026-09-01 00:41:39.735,1520.583333333333
Pulse experiments,pioreactor01,2026-08-31T18:56:44.738Z,0.77360358217,2026-09-01 00:41:44.738,1520.584722222222
Pulse experiments,pioreactor01,2026-08-31T18:56:49.734Z,0.77378176759,2026-09-01 00:41:49.734,1520.586111111111
Pulse experiments,pioreactor01,2026-08-31T18:56:54.734Z,0.773924257805,2026-09-01 00:41:54.734,1520.5875
Pulse experiments,pioreactor01,2026-08-31T18:56:59.737Z,0.77418009396,2026-09-01 00:41:59.737,1520.588888888889
Pulse experiments,pioreactor01,2026-08-31T18:57:04.765Z,0.774392238248,2026-09-01 00:42:04.765,1520.590277777778
Pulse experiments,pioreactor01,2026-08-31T18:57:09.737Z,0.774549715042,2026-09-01 00:42:09.737,1520.591666666667
Pulse experiments,pioreactor01,2026-08-31T18:57:14.739Z,0.7747121576,2026-09-01 00:42:14.739,1520.593055555556
Pulse experiments,pioreactor01,2026-08-31T18:57:19.735Z,0.774867868343,2026-09-01 00:42:19.735,1520.594444444444
Pulse experiments,pioreactor01,2026-08-31T18:57:24.735Z,0.774881119359,2026-09-01 00:42:24.735,1520.595833333333
Pulse experiments,pioreactor01,2026-08-31T18:57:29.738Z,0.774927592038,2026-09-01 00:42:29.738,1520.597222222222
Pulse experiments,pioreactor01,2026-08-31T18:57:34.738Z,0.774913735589,2026-09-01 00:42:34.738,1520.598611111111
Pulse experiments,pioreactor01,2026-08-31T18:57:39.739Z,0.774944317423,2026-09-01 00:42:39.739,1520.6
Pulse experiments,pioreactor01,2026-08-31T18:57:44.735Z,0.774955786245,2026-09-01 00:42:44.735,1520.601388888889
Pulse experiments,pioreactor01,2026-08-31T18:57:49.739Z,0.77508393884,2026-09-01 00:42:49.739,1520.602777777778
Pulse experiments,pioreactor01,2026-08-31T18:57:54.735Z,0.775233773525,2026-09-01 00:42:54.735,1520.604166666667
Pulse experiments,pioreactor01,2026-08-31T18:57:59.737Z,0.775408917959,2026-09-01 00:42:59.737,1520.605555555556
Pulse experiments,pioreactor01,2026-08-31T18:58:04.745Z,0.775513348068,2026-09-01 00:43:04.745,1520.606944444444
Pulse experiments,pioreactor01,2026-08-31T18:58:09.736Z,0.7756415826,2026-09-01 00:43:09.736,1520.608333333333
Pulse experiments,pioreactor01,2026-08-31T18:58:14.741Z,0.775798352994,2026-09-01 00:43:14.741,1520.609722222222
Pulse experiments,pioreactor01,2026-08-31T18:58:19.736Z,0.775927475082,2026-09-01 00:43:19.736,1520.611111111111
Pulse experiments,pioreactor01,2026-08-31T18:58:24.736Z,0.776094037886,2026-09-01 00:43:24.736,1520.6125
Pulse experiments,pioreactor01,2026-08-31T18:58:29.737Z,0.776291196626,2026-09-01 00:43:29.737,1520.613888888889
Pulse experiments,pioreactor01,2026-08-31T18:58:34.750Z,0.776432362081,2026-09-01 00:43:34.750,1520.615277777778
Pulse experiments,pioreactor01,2026-08-31T18:58:39.737Z,0.77655048763,2026-09-01 00:43:39.737,1520.616666666667
Pulse experiments,pioreactor01,2026-08-31T18:58:44.741Z,0.776666791211,2026-09-01 00:43:44.741,1520.618055555556
Pulse experiments,pioreactor01,2026-08-31T18:58:49.734Z,0.776802621456,2026-09-01 00:43:49.734,1520.619444444445
Pulse experiments,pioreactor01,2026-08-31T18:58:54.734Z,0.776946476636,2026-09-01 00:43:54.734,1520.620833333333
Pulse experiments,pioreactor01,2026-08-31T18:58:59.734Z,0.777076842371,2026-09-01 00:43:59.734,1520.622222222222
Pulse experiments,pioreactor01,2026-08-31T18:59:04.737Z,0.777213348149,2026-09-01 00:44:04.737,1520.623611111111
Pulse experiments,pioreactor01,2026-08-31T18:59:09.735Z,0.777338123332,2026-09-01 00:44:09.735,1520.625
Pulse experiments,pioreactor01,2026-08-31T18:59:14.739Z,0.777448916451,2026-09-01 00:44:14.739,1520.626388888889
Pulse experiments,pioreactor01,2026-08-31T18:59:19.736Z,0.777616102712,2026-09-01 00:44:19.736,1520.627777777778
Pulse experiments,pioreactor01,2026-08-31T18:59:24.742Z,0.777795342698,2026-09-01 00:44:24.742,1520.629166666667
Pulse experiments,pioreactor01,2026-08-31T18:59:29.736Z,0.778022659454,2026-09-01 00:44:29.736,1520.630555555555
Pulse experiments,pioreactor01,2026-08-31T18:59:34.734Z,0.778171075367,2026-09-01 00:44:34.734,1520.631944444444
Pulse experiments,pioreactor01,2026-08-31T18:59:39.742Z,0.778305860042,2026-09-01 00:44:39.742,1520.633333333333
Pulse experiments,pioreactor01,2026-08-31T18:59:44.735Z,0.778419979329,2026-09-01 00:44:44.735,1520.634722222222
Pulse experiments,pioreactor01,2026-08-31T18:59:49.734Z,0.778503286851,2026-09-01 00:44:49.734,1520.636111111111
Pulse experiments,pioreactor01,2026-08-31T18:59:54.742Z,0.778573023725,2026-09-01 00:44:54.742,1520.6375
Pulse experiments,pioreactor01,2026-08-31T18:59:59.739Z,0.778783386805,2026-09-01 00:44:59.739,1520.638888888889
Pulse experiments,pioreactor01,2026-08-31T19:00:04.755Z,0.778917808015,2026-09-01 00:45:04.755,1520.640277777778
Pulse experiments,pioreactor01,2026-08-31T19:00:09.735Z,0.779060797347,2026-09-01 00:45:09.735,1520.641666666667
Pulse experiments,pioreactor01,2026-08-31T19:00:14.734Z,0.779187187516,2026-09-01 00:45:14.734,1520.643055555556
Pulse experiments,pioreactor01,2026-08-31T19:00:19.737Z,0.779339909755,2026-09-01 00:45:19.737,1520.644444444444
Pulse experiments,pioreactor01,2026-08-31T19:00:24.740Z,0.779470978788,2026-09-01 00:45:24.740,1520.645833333333
Pulse experiments,pioreactor01,2026-08-31T19:00:29.735Z,0.779663205882,2026-09-01 00:45:29.735,1520.647222222222
Pulse experiments,pioreactor01,2026-08-31T19:00:34.735Z,0.779806068113,2026-09-01 00:45:34.735,1520.648611111111
Pulse experiments,pioreactor01,2026-08-31T19:00:39.738Z,0.779927140051,2026-09-01 00:45:39.738,1520.65
Pulse experiments,pioreactor01,2026-08-31T19:00:44.748Z,0.7800107394,2026-09-01 00:45:44.748,1520.651388888889
Pulse experiments,pioreactor01,2026-08-31T19:00:49.737Z,0.780150378384,2026-09-01 00:45:49.737,1520.652777777778
Pulse experiments,pioreactor01,2026-08-31T19:00:54.754Z,0.780253789767,2026-09-01 00:45:54.754,1520.654166666667
Pulse experiments,pioreactor01,2026-08-31T19:00:59.736Z,0.780390730253,2026-09-01 00:45:59.736,1520.655555555556
Pulse experiments,pioreactor01,2026-08-31T19:01:09.734Z,0.780700404647,2026-09-01 00:46:09.734,1520.658333333333
Pulse experiments,pioreactor01,2026-08-31T19:01:14.740Z,0.780871153509,2026-09-01 00:46:14.740,1520.659722222222
Pulse experiments,pioreactor01,2026-08-31T19:01:19.748Z,0.781001844478,2026-09-01 00:46:19.748,1520.661111111111
Pulse experiments,pioreactor01,2026-08-31T19:01:24.741Z,0.781129936606,2026-09-01 00:46:24.741,1520.6625
Pulse experiments,pioreactor01,2026-08-31T19:01:29.739Z,0.781259138369,2026-09-01 00:46:29.739,1520.663888888889
Pulse experiments,pioreactor01,2026-08-31T19:01:34.737Z,0.781420841388,2026-09-01 00:46:34.737,1520.665277777778
Pulse experiments,pioreactor01,2026-08-31T19:01:39.742Z,0.781524952874,2026-09-01 00:46:39.742,1520.666666666667
Pulse experiments,pioreactor01,2026-08-31T19:01:44.734Z,0.781703420694,2026-09-01 00:46:44.734,1520.668055555556
Pulse experiments,pioreactor01,2026-08-31T19:01:54.735Z,0.781991333311,2026-09-01 00:46:54.735,1520.670833333333
Pulse experiments,pioreactor01,2026-08-31T19:01:59.734Z,0.782119342121,2026-09-01 00:46:59.734,1520.672222222222
Pulse experiments,pioreactor01,2026-08-31T19:02:09.747Z,0.782401262598,2026-09-01 00:47:09.747,1520.675
Pulse experiments,pioreactor01,2026-08-31T19:02:14.734Z,0.782555461276,2026-09-01 00:47:14.734,1520.676388888889
Pulse experiments,pioreactor01,2026-08-31T19:02:19.762Z,0.782403960046,2026-09-01 00:47:19.762,1520.677777777778
Pulse experiments,pioreactor01,2026-08-31T19:02:24.735Z,0.781569730188,2026-09-01 00:47:24.735,1520.679166666667
Pulse experiments,pioreactor01,2026-08-31T19:02:29.736Z,0.781224223767,2026-09-01 00:47:29.736,1520.680555555556
Pulse experiments,pioreactor01,2026-08-31T19:02:34.748Z,0.781205196345,2026-09-01 00:47:34.748,1520.681944444445
Pulse experiments,pioreactor01,2026-08-31T19:02:39.748Z,0.781291725953,2026-09-01 00:47:39.748,1520.683333333333
Pulse experiments,pioreactor01,2026-08-31T19:02:44.739Z,0.781487286813,2026-09-01 00:47:44.739,1520.684722222222
Pulse experiments,pioreactor01,2026-08-31T19:02:49.740Z,0.781604688982,2026-09-01 00:47:49.740,1520.686111111111
Pulse experiments,pioreactor01,2026-08-31T19:02:54.771Z,0.781728837762,2026-09-01 00:47:54.771,1520.6875
Pulse experiments,pioreactor01,2026-08-31T19:02:59.737Z,0.781941938199,2026-09-01 00:47:59.737,1520.688888888889
Pulse experiments,pioreactor01,2026-08-31T19:03:04.750Z,0.782166745152,2026-09-01 00:48:04.750,1520.690277777778
Pulse experiments,pioreactor01,2026-08-31T19:03:09.752Z,0.782352142442,2026-09-01 00:48:09.752,1520.691666666667
Pulse experiments,pioreactor01,2026-08-31T19:03:14.746Z,0.782523695424,2026-09-01 00:48:14.746,1520.693055555555
Pulse experiments,pioreactor01,2026-08-31T19:03:19.734Z,0.78270189466,2026-09-01 00:48:19.734,1520.694444444444
Pulse experiments,pioreactor01,2026-08-31T19:03:24.734Z,0.782824273442,2026-09-01 00:48:24.734,1520.695833333333
Pulse experiments,pioreactor01,2026-08-31T19:03:29.736Z,0.783048331577,2026-09-01 00:48:29.736,1520.697222222222
Pulse experiments,pioreactor01,2026-08-31T19:03:34.743Z,0.783271137801,2026-09-01 00:48:34.743,1520.698611111111
Pulse experiments,pioreactor01,2026-08-31T19:03:39.741Z,0.783451861242,2026-09-01 00:48:39.741,1520.7
Pulse experiments,pioreactor01,2026-08-31T19:03:44.741Z,0.783606145168,2026-09-01 00:48:44.741,1520.701388888889
Pulse experiments,pioreactor01,2026-08-31T19:03:49.760Z,0.783820237807,2026-09-01 00:48:49.760,1520.702777777778
Pulse experiments,pioreactor01,2026-08-31T19:03:54.735Z,0.784054077021,2026-09-01 00:48:54.735,1520.704166666667
Pulse experiments,pioreactor01,2026-08-31T19:03:59.735Z,0.784173711894,2026-09-01 00:48:59.735,1520.705555555556
Pulse experiments,pioreactor01,2026-08-31T19:04:04.740Z,0.784259935205,2026-09-01 00:49:04.740,1520.706944444444
Pulse experiments,pioreactor01,2026-08-31T19:04:09.737Z,0.784396174988,2026-09-01 00:49:09.737,1520.708333333333
Pulse experiments,pioreactor01,2026-08-31T19:04:14.738Z,0.78457022929,2026-09-01 00:49:14.738,1520.709722222222
Pulse experiments,pioreactor01,2026-08-31T19:04:19.740Z,0.784663078022,2026-09-01 00:49:19.740,1520.711111111111
Pulse experiments,pioreactor01,2026-08-31T19:04:24.742Z,0.784796130648,2026-09-01 00:49:24.742,1520.7125
Pulse experiments,pioreactor01,2026-08-31T19:04:29.741Z,0.784925560886,2026-09-01 00:49:29.741,1520.713888888889
Pulse experiments,pioreactor01,2026-08-31T19:04:34.736Z,0.785066482483,2026-09-01 00:49:34.736,1520.715277777778
Pulse experiments,pioreactor01,2026-08-31T19:04:39.736Z,0.785173730185,2026-09-01 00:49:39.736,1520.716666666667
Pulse experiments,pioreactor01,2026-08-31T19:04:44.734Z,0.785239903507,2026-09-01 00:49:44.734,1520.718055555556
Pulse experiments,pioreactor01,2026-08-31T19:04:49.740Z,0.785396847506,2026-09-01 00:49:49.740,1520.719444444444
Pulse experiments,pioreactor01,2026-08-31T19:05:19.736Z,0.786342457144,2026-09-01 00:50:19.736,1520.727777777778
Pulse experiments,pioreactor01,2026-08-31T19:05:24.753Z,0.785021717982,2026-09-01 00:50:24.753,1520.729166666667
Pulse experiments,pioreactor01,2026-08-31T19:05:29.783Z,0.775684881413,2026-09-01 00:50:29.783,1520.730555555556
Pulse experiments,pioreactor01,2026-08-31T19:05:34.738Z,0.776021557407,2026-09-01 00:50:34.738,1520.731944444444
Pulse experiments,pioreactor01,2026-08-31T19:05:39.773Z,0.776138877273,2026-09-01 00:50:39.773,1520.733333333333
Pulse experiments,pioreactor01,2026-08-31T19:05:44.735Z,0.776455676198,2026-09-01 00:50:44.735,1520.734722222222
Pulse experiments,pioreactor01,2026-08-31T19:05:49.734Z,0.776074572916,2026-09-01 00:50:49.734,1520.736111111111
Pulse experiments,pioreactor01,2026-08-31T19:05:54.738Z,0.775714958477,2026-09-01 00:50:54.738,1520.7375
Pulse experiments,pioreactor01,2026-08-31T19:05:59.743Z,0.775787888268,2026-09-01 00:50:59.743,1520.738888888889
Pulse experiments,pioreactor01,2026-08-31T19:06:04.734Z,0.775846393242,2026-09-01 00:51:04.734,1520.740277777778
Pulse experiments,pioreactor01,2026-08-31T19:06:09.736Z,0.776107834018,2026-09-01 00:51:09.736,1520.741666666667
Pulse experiments,pioreactor01,2026-08-31T19:06:14.739Z,0.775943018364,2026-09-01 00:51:14.739,1520.743055555556
Pulse experiments,pioreactor01,2026-08-31T19:06:19.740Z,0.775863854511,2026-09-01 00:51:19.740,1520.744444444445
Pulse experiments,pioreactor01,2026-08-31T19:06:24.736Z,0.775988551118,2026-09-01 00:51:24.736,1520.745833333333
Pulse experiments,pioreactor01,2026-08-31T19:06:29.738Z,0.776085029928,2026-09-01 00:51:29.738,1520.747222222222
Pulse experiments,pioreactor01,2026-08-31T19:06:34.739Z,0.776322267993,2026-09-01 00:51:34.739,1520.748611111111
Pulse experiments,pioreactor01,2026-08-31T19:06:39.740Z,0.77649652046,2026-09-01 00:51:39.740,1520.75
Pulse experiments,pioreactor01,2026-08-31T19:06:44.742Z,0.776691188579,2026-09-01 00:51:44.742,1520.751388888889
Pulse experiments,pioreactor01,2026-08-31T19:06:49.733Z,0.776876803039,2026-09-01 00:51:49.733,1520.752777777778
Pulse experiments,pioreactor01,2026-08-31T19:06:54.742Z,0.776879377998,2026-09-01 00:51:54.742,1520.754166666667
Pulse experiments,pioreactor01,2026-08-31T19:06:59.739Z,0.776937864101,2026-09-01 00:51:59.739,1520.755555555555
Pulse experiments,pioreactor01,2026-08-31T19:07:04.739Z,0.776924405435,2026-09-01 00:52:04.739,1520.756944444444
Pulse experiments,pioreactor01,2026-08-31T19:07:09.744Z,0.776949725232,2026-09-01 00:52:09.744,1520.758333333333
Pulse experiments,pioreactor01,2026-08-31T19:07:14.735Z,0.777076056217,2026-09-01 00:52:14.735,1520.759722222222
Pulse experiments,pioreactor01,2026-08-31T19:07:19.746Z,0.777185192399,2026-09-01 00:52:19.746,1520.761111111111
Pulse experiments,pioreactor01,2026-08-31T19:07:24.735Z,0.777285298269,2026-09-01 00:52:24.735,1520.7625
Pulse experiments,pioreactor01,2026-08-31T19:07:29.734Z,0.777300143142,2026-09-01 00:52:29.734,1520.763888888889
Pulse experiments,pioreactor01,2026-08-31T19:07:34.743Z,0.777336324005,2026-09-01 00:52:34.743,1520.765277777778
Pulse experiments,pioreactor01,2026-08-31T19:07:39.734Z,0.777586219199,2026-09-01 00:52:39.734,1520.766666666667
Pulse experiments,pioreactor01,2026-08-31T19:07:44.742Z,0.777725623553,2026-09-01 00:52:44.742,1520.768055555556
Pulse experiments,pioreactor01,2026-08-31T19:07:49.749Z,0.777946644412,2026-09-01 00:52:49.749,1520.769444444444
Pulse experiments,pioreactor01,2026-08-31T19:07:54.741Z,0.777983345643,2026-09-01 00:52:54.741,1520.770833333333
Pulse experiments,pioreactor01,2026-08-31T19:07:59.744Z,0.778055983463,2026-09-01 00:52:59.744,1520.772222222222
Pulse experiments,pioreactor01,2026-08-31T19:08:04.736Z,0.77814680302,2026-09-01 00:53:04.736,1520.773611111111
Pulse experiments,pioreactor01,2026-08-31T19:08:09.751Z,0.778247052943,2026-09-01 00:53:09.751,1520.775
Pulse experiments,pioreactor01,2026-08-31T19:08:14.740Z,0.77837911723,2026-09-01 00:53:14.740,1520.776388888889
Pulse experiments,pioreactor01,2026-08-31T19:08:19.735Z,0.778605926875,2026-09-01 00:53:19.735,1520.777777777778
Pulse experiments,pioreactor01,2026-08-31T19:08:24.734Z,0.778708079681,2026-09-01 00:53:24.734,1520.779166666667
Pulse experiments,pioreactor01,2026-08-31T19:08:29.735Z,0.778802643984,2026-09-01 00:53:29.735,1520.780555555556
Pulse experiments,pioreactor01,2026-08-31T19:08:34.735Z,0.778996617375,2026-09-01 00:53:34.735,1520.781944444444
Pulse experiments,pioreactor01,2026-08-31T19:08:39.737Z,0.779150181064,2026-09-01 00:53:39.737,1520.783333333333
Pulse experiments,pioreactor01,2026-08-31T19:08:44.736Z,0.779268079517,2026-09-01 00:53:44.736,1520.784722222222
Pulse experiments,pioreactor01,2026-08-31T19:08:49.738Z,0.779451337873,2026-09-01 00:53:49.738,1520.786111111111
Pulse experiments,pioreactor01,2026-08-31T19:08:54.738Z,0.779674426482,2026-09-01 00:53:54.738,1520.7875
Pulse experiments,pioreactor01,2026-08-31T19:08:59.736Z,0.779849791868,2026-09-01 00:53:59.736,1520.788888888889
Pulse experiments,pioreactor01,2026-08-31T19:09:04.763Z,0.779972114989,2026-09-01 00:54:04.763,1520.790277777778
Pulse experiments,pioreactor01,2026-08-31T19:09:09.734Z,0.780056266851,2026-09-01 00:54:09.734,1520.791666666667
Pulse experiments,pioreactor01,2026-08-31T19:09:14.734Z,0.780197589242,2026-09-01 00:54:14.734,1520.793055555556
Pulse experiments,pioreactor01,2026-08-31T19:09:19.735Z,0.780291622851,2026-09-01 00:54:19.735,1520.794444444444
Pulse experiments,pioreactor01,2026-08-31T19:09:24.735Z,0.780434788891,2026-09-01 00:54:24.735,1520.795833333333
Pulse experiments,pioreactor01,2026-08-31T19:09:29.755Z,0.780583178039,2026-09-01 00:54:29.755,1520.797222222222
Pulse experiments,pioreactor01,2026-08-31T19:09:34.742Z,0.780697756841,2026-09-01 00:54:34.742,1520.798611111111
Pulse experiments,pioreactor01,2026-08-31T19:09:39.734Z,0.780844643149,2026-09-01 00:54:39.734,1520.8
Pulse experiments,pioreactor01,2026-08-31T19:09:44.764Z,0.780997194842,2026-09-01 00:54:44.764,1520.801388888889
Pulse experiments,pioreactor01,2026-08-31T19:09:49.738Z,0.781129530339,2026-09-01 00:54:49.738,1520.802777777778
Pulse experiments,pioreactor01,2026-08-31T19:09:54.738Z,0.781326905953,2026-09-01 00:54:54.738,1520.804166666667
Pulse experiments,pioreactor01,2026-08-31T19:09:59.738Z,0.781496539227,2026-09-01 00:54:59.738,1520.805555555556
Pulse experiments,pioreactor01,2026-08-31T19:10:04.742Z,0.781660088259,2026-09-01 00:55:04.742,1520.806944444445
Pulse experiments,pioreactor01,2026-08-31T19:10:09.737Z,0.781841674265,2026-09-01 00:55:09.737,1520.808333333333
Pulse experiments,pioreactor01,2026-08-31T19:10:14.734Z,0.782019232213,2026-09-01 00:55:14.734,1520.809722222222
Pulse experiments,pioreactor01,2026-08-31T19:10:19.734Z,0.782146805917,2026-09-01 00:55:19.734,1520.811111111111
Pulse experiments,pioreactor01,2026-08-31T19:10:24.736Z,0.782221356193,2026-09-01 00:55:24.736,1520.8125
Pulse experiments,pioreactor01,2026-08-31T19:10:34.737Z,0.78239742262,2026-09-01 00:55:34.737,1520.815277777778
Pulse experiments,pioreactor01,2026-08-31T19:10:39.741Z,0.782415686584,2026-09-01 00:55:39.741,1520.816666666667
Pulse experiments,pioreactor01,2026-08-31T19:10:44.734Z,0.782508220897,2026-09-01 00:55:44.734,1520.818055555555
Pulse experiments,pioreactor01,2026-08-31T19:10:49.740Z,0.782660525869,2026-09-01 00:55:49.740,1520.819444444444
Pulse experiments,pioreactor01,2026-08-31T19:10:54.742Z,0.782759895815,2026-09-01 00:55:54.742,1520.820833333333
Pulse experiments,pioreactor01,2026-08-31T19:10:59.736Z,0.782876288958,2026-09-01 00:55:59.736,1520.822222222222
Pulse experiments,pioreactor01,2026-08-31T19:11:04.735Z,0.783017197828,2026-09-01 00:56:04.735,1520.823611111111
Pulse experiments,pioreactor01,2026-08-31T19:11:09.740Z,0.783147433909,2026-09-01 00:56:09.740,1520.825
Pulse experiments,pioreactor01,2026-08-31T19:11:14.734Z,0.783307073384,2026-09-01 00:56:14.734,1520.826388888889
Pulse experiments,pioreactor01,2026-08-31T19:11:19.743Z,0.783464269055,2026-09-01 00:56:19.743,1520.827777777778
Pulse experiments,pioreactor01,2026-08-31T19:11:24.734Z,0.783670458633,2026-09-01 00:56:24.734,1520.829166666667
Pulse experiments,pioreactor01,2026-08-31T19:11:29.738Z,0.783867616763,2026-09-01 00:56:29.738,1520.830555555556
Pulse experiments,pioreactor01,2026-08-31T19:11:34.757Z,0.784096858664,2026-09-01 00:56:34.757,1520.831944444444
Pulse experiments,pioreactor01,2026-08-31T19:11:39.741Z,0.784235979501,2026-09-01 00:56:39.741,1520.833333333333
Pulse experiments,pioreactor01,2026-08-31T19:11:44.735Z,0.78436952127,2026-09-01 00:56:44.735,1520.834722222222
Pulse experiments,pioreactor01,2026-08-31T19:11:49.745Z,0.784484749065,2026-09-01 00:56:49.745,1520.836111111111
Pulse experiments,pioreactor01,2026-08-31T19:11:54.735Z,0.784675310511,2026-09-01 00:56:54.735,1520.8375
Pulse experiments,pioreactor01,2026-08-31T19:11:59.734Z,0.784844154053,2026-09-01 00:56:59.734,1520.838888888889
Pulse experiments,pioreactor01,2026-08-31T19:12:04.740Z,0.785000645754,2026-09-01 00:57:04.740,1520.840277777778
Pulse experiments,pioreactor01,2026-08-31T19:12:09.734Z,0.785131200905,2026-09-01 00:57:09.734,1520.841666666667
Pulse experiments,pioreactor01,2026-08-31T19:12:14.738Z,0.785260013914,2026-09-01 00:57:14.738,1520.843055555556
Pulse experiments,pioreactor01,2026-08-31T19:12:19.740Z,0.785378436541,2026-09-01 00:57:19.740,1520.844444444444
Pulse experiments,pioreactor01,2026-08-31T19:12:24.750Z,0.785500825239,2026-09-01 00:57:24.750,1520.845833333333
Pulse experiments,pioreactor01,2026-08-31T19:12:29.735Z,0.785612334138,2026-09-01 00:57:29.735,1520.847222222222
Pulse experiments,pioreactor01,2026-08-31T19:12:34.746Z,0.785785990216,2026-09-01 00:57:34.746,1520.848611111111
Pulse experiments,pioreactor01,2026-08-31T19:12:39.741Z,0.785976490554,2026-09-01 00:57:39.741,1520.85
Pulse experiments,pioreactor01,2026-08-31T19:12:44.734Z,0.786080757056,2026-09-01 00:57:44.734,1520.851388888889
Pulse experiments,pioreactor01,2026-08-31T19:12:49.737Z,0.786200559892,2026-09-01 00:57:49.737,1520.852777777778
Pulse experiments,pioreactor01,2026-08-31T19:12:54.740Z,0.786337351242,2026-09-01 00:57:54.740,1520.854166666667
Pulse experiments,pioreactor01,2026-08-31T19:12:59.734Z,0.786484508698,2026-09-01 00:57:59.734,1520.855555555556
Pulse experiments,pioreactor01,2026-08-31T19:13:04.750Z,0.786638562781,2026-09-01 00:58:04.750,1520.856944444444
Pulse experiments,pioreactor01,2026-08-31T19:13:09.734Z,0.786801959732,2026-09-01 00:58:09.734,1520.858333333333
Pulse experiments,pioreactor01,2026-08-31T19:14:20.112Z,0.788550618934,2026-09-01 00:59:20.112,1520.878055555556
Pulse experiments,pioreactor01,2026-08-31T19:14:24.735Z,0.789042168796,2026-09-01 00:59:24.735,1520.879166666667
Pulse experiments,pioreactor01,2026-08-31T19:14:29.739Z,0.790505610758,2026-09-01 00:59:29.739,1520.880555555555
Pulse experiments,pioreactor01,2026-08-31T19:14:34.748Z,0.791513768265,2026-09-01 00:59:34.748,1520.881944444444
Pulse experiments,pioreactor01,2026-08-31T19:14:39.736Z,0.792140466279,2026-09-01 00:59:39.736,1520.883333333333
Pulse experiments,pioreactor01,2026-08-31T19:14:44.741Z,0.792630037107,2026-09-01 00:59:44.741,1520.884722222222
Pulse experiments,pioreactor01,2026-08-31T19:14:49.750Z,0.793004693311,2026-09-01 00:59:49.750,1520.886111111111
Pulse experiments,pioreactor01,2026-08-31T19:15:09.742Z,0.80564419602,2026-09-01 01:00:09.742,1520.891666666667
Pulse experiments,pioreactor01,2026-08-31T19:15:14.741Z,0.80070912258,2026-09-01 01:00:14.741,1520.893055555556
Pulse experiments,pioreactor01,2026-08-31T19:15:19.767Z,0.797606461827,2026-09-01 01:00:19.767,1520.894444444444
Pulse experiments,pioreactor01,2026-08-31T19:15:24.741Z,0.79531880788,2026-09-01 01:00:24.741,1520.895833333333
Pulse experiments,pioreactor01,2026-08-31T19:15:29.741Z,0.793370025641,2026-09-01 01:00:29.741,1520.897222222222
Pulse experiments,pioreactor01,2026-08-31T19:15:34.776Z,0.792773666109,2026-09-01 01:00:34.776,1520.898611111111
Pulse experiments,pioreactor01,2026-08-31T19:15:39.736Z,0.792455486271,2026-09-01 01:00:39.736,1520.9
Pulse experiments,pioreactor01,2026-08-31T19:15:44.735Z,0.792581700449,2026-09-01 01:00:44.735,1520.901388888889
Pulse experiments,pioreactor01,2026-08-31T19:15:49.743Z,0.79206057126,2026-09-01 01:00:49.743,1520.902777777778
Pulse experiments,pioreactor01,2026-08-31T19:15:54.745Z,0.791884209957,2026-09-01 01:00:54.745,1520.904166666667
Pulse experiments,pioreactor01,2026-08-31T19:15:59.741Z,0.791730395911,2026-09-01 01:00:59.741,1520.905555555556
Pulse experiments,pioreactor01,2026-08-31T19:16:04.735Z,0.791595432729,2026-09-01 01:01:04.735,1520.906944444444
Pulse experiments,pioreactor01,2026-08-31T19:16:09.736Z,0.791395223643,2026-09-01 01:01:09.736,1520.908333333333
Pulse experiments,pioreactor01,2026-08-31T19:16:14.738Z,0.791203873821,2026-09-01 01:01:14.738,1520.909722222222
Pulse experiments,pioreactor01,2026-08-31T19:16:19.734Z,0.790824097012,2026-09-01 01:01:19.734,1520.911111111111
Pulse experiments,pioreactor01,2026-08-31T19:16:24.738Z,0.790549458406,2026-09-01 01:01:24.738,1520.9125
Pulse experiments,pioreactor01,2026-08-31T19:16:29.740Z,0.790261127741,2026-09-01 01:01:29.740,1520.913888888889
Pulse experiments,pioreactor01,2026-08-31T19:16:34.738Z,0.790195412096,2026-09-01 01:01:34.738,1520.915277777778
Pulse experiments,pioreactor01,2026-08-31T19:16:39.738Z,0.790116409689,2026-09-01 01:01:39.738,1520.916666666667
Pulse experiments,pioreactor01,2026-08-31T19:16:44.739Z,0.790233975902,2026-09-01 01:01:44.739,1520.918055555556
Pulse experiments,pioreactor01,2026-08-31T19:16:49.734Z,0.790475292032,2026-09-01 01:01:49.734,1520.919444444444
Pulse experiments,pioreactor01,2026-08-31T19:16:59.736Z,0.790923096543,2026-09-01 01:01:59.736,1520.922222222222
Pulse experiments,pioreactor01,2026-08-31T19:17:04.741Z,0.791156116919,2026-09-01 01:02:04.741,1520.923611111111
Pulse experiments,pioreactor01,2026-08-31T19:17:09.739Z,0.791316427547,2026-09-01 01:02:09.739,1520.925
Pulse experiments,pioreactor01,2026-08-31T19:17:14.736Z,0.791565035929,2026-09-01 01:02:14.736,1520.926388888889
Pulse experiments,pioreactor01,2026-08-31T19:17:19.755Z,0.791802461916,2026-09-01 01:02:19.755,1520.927777777778
Pulse experiments,pioreactor01,2026-08-31T19:17:24.744Z,0.79195951809,2026-09-01 01:02:24.744,1520.929166666667
Pulse experiments,pioreactor01,2026-08-31T19:17:29.742Z,0.792016153728,2026-09-01 01:02:29.742,1520.930555555556
Pulse experiments,pioreactor01,2026-08-31T19:17:34.742Z,0.7921601689,2026-09-01 01:02:34.742,1520.931944444445
Pulse experiments,pioreactor01,2026-08-31T19:17:39.737Z,0.792314198407,2026-09-01 01:02:39.737,1520.933333333333
Pulse experiments,pioreactor01,2026-08-31T19:17:49.738Z,0.79250103056,2026-09-01 01:02:49.738,1520.936111111111
Pulse experiments,pioreactor01,2026-08-31T19:17:54.754Z,0.792575509264,2026-09-01 01:02:54.754,1520.9375
Pulse experiments,pioreactor01,2026-08-31T19:17:59.734Z,0.792570883529,2026-09-01 01:02:59.734,1520.938888888889
Pulse experiments,pioreactor01,2026-08-31T19:18:04.737Z,0.792572139263,2026-09-01 01:03:04.737,1520.940277777778
Pulse experiments,pioreactor01,2026-08-31T19:18:09.745Z,0.792634815303,2026-09-01 01:03:09.745,1520.941666666667
Pulse experiments,pioreactor01,2026-08-31T19:18:14.734Z,0.792684604932,2026-09-01 01:03:14.734,1520.943055555555
Pulse experiments,pioreactor01,2026-08-31T19:18:19.735Z,0.792732408329,2026-09-01 01:03:19.735,1520.944444444444
Pulse experiments,pioreactor01,2026-08-31T19:18:24.737Z,0.792797771406,2026-09-01 01:03:24.737,1520.945833333333
Pulse experiments,pioreactor01,2026-08-31T19:18:29.735Z,0.792798204309,2026-09-01 01:03:29.735,1520.947222222222
Pulse experiments,pioreactor01,2026-08-31T19:18:34.742Z,0.79294222043,2026-09-01 01:03:34.742,1520.948611111111
Pulse experiments,pioreactor01,2026-08-31T19:18:39.737Z,0.792983441254,2026-09-01 01:03:39.737,1520.95
Pulse experiments,pioreactor01,2026-08-31T19:18:44.735Z,0.793078598573,2026-09-01 01:03:44.735,1520.951388888889
Pulse experiments,pioreactor01,2026-08-31T19:18:49.740Z,0.79319194438,2026-09-01 01:03:49.740,1520.952777777778
Pulse experiments,pioreactor01,2026-08-31T19:18:54.737Z,0.793334402694,2026-09-01 01:03:54.737,1520.954166666667
Pulse experiments,pioreactor01,2026-08-31T19:18:59.739Z,0.793471678979,2026-09-01 01:03:59.739,1520.955555555556
Pulse experiments,pioreactor01,2026-08-31T19:19:04.737Z,0.793628998648,2026-09-01 01:04:04.737,1520.956944444444
Pulse experiments,pioreactor01,2026-08-31T19:19:09.748Z,0.793789678697,2026-09-01 01:04:09.748,1520.958333333333
Pulse experiments,pioreactor01,2026-08-31T19:19:14.740Z,0.793874676622,2026-09-01 01:04:14.740,1520.959722222222
Pulse experiments,pioreactor01,2026-08-31T19:19:19.741Z,0.793949716653,2026-09-01 01:04:19.741,1520.961111111111
Pulse experiments,pioreactor01,2026-08-31T19:19:24.741Z,0.794021440759,2026-09-01 01:04:24.741,1520.9625
Pulse experiments,pioreactor01,2026-08-31T19:19:29.753Z,0.79419437563,2026-09-01 01:04:29.753,1520.963888888889
Pulse experiments,pioreactor01,2026-08-31T19:19:34.744Z,0.794357692736,2026-09-01 01:04:34.744,1520.965277777778
Pulse experiments,pioreactor01,2026-08-31T19:19:39.734Z,0.794473952801,2026-09-01 01:04:39.734,1520.966666666667
Pulse experiments,pioreactor01,2026-08-31T19:19:44.733Z,0.794651635469,2026-09-01 01:04:44.733,1520.968055555556
Pulse experiments,pioreactor01,2026-08-31T19:19:49.736Z,0.794853062012,2026-09-01 01:04:49.736,1520.969444444444
Pulse experiments,pioreactor01,2026-08-31T19:19:54.739Z,0.795079329531,2026-09-01 01:04:54.739,1520.970833333333
Pulse experiments,pioreactor01,2026-08-31T19:19:59.736Z,0.795268630233,2026-09-01 01:04:59.736,1520.972222222222
Pulse experiments,pioreactor01,2026-08-31T19:20:04.745Z,0.795424045689,2026-09-01 01:05:04.745,1520.973611111111
Pulse experiments,pioreactor01,2026-08-31T19:20:09.738Z,0.795613023185,2026-09-01 01:05:09.738,1520.975
Pulse experiments,pioreactor01,2026-08-31T19:20:14.737Z,0.795790107928,2026-09-01 01:05:14.737,1520.976388888889
Pulse experiments,pioreactor01,2026-08-31T19:20:19.735Z,0.795959334715,2026-09-01 01:05:19.735,1520.977777777778
Pulse experiments,pioreactor01,2026-08-31T19:20:24.736Z,0.796081979896,2026-09-01 01:05:24.736,1520.979166666667
Pulse experiments,pioreactor01,2026-08-31T19:20:29.738Z,0.796228533486,2026-09-01 01:05:29.738,1520.980555555556
Pulse experiments,pioreactor01,2026-08-31T19:20:34.739Z,0.796353714038,2026-09-01 01:05:34.739,1520.981944444444
Pulse experiments,pioreactor01,2026-08-31T19:20:39.739Z,0.79655008064,2026-09-01 01:05:39.739,1520.983333333333
Pulse experiments,pioreactor01,2026-08-31T19:20:44.739Z,0.796685786284,2026-09-01 01:05:44.739,1520.984722222222
Pulse experiments,pioreactor01,2026-08-31T19:20:49.736Z,0.796726275642,2026-09-01 01:05:49.736,1520.986111111111
Pulse experiments,pioreactor01,2026-08-31T19:20:54.740Z,0.796905264364,2026-09-01 01:05:54.740,1520.9875
Pulse experiments,pioreactor01,2026-08-31T19:20:59.735Z,0.7971520146,2026-09-01 01:05:59.735,1520.988888888889
Pulse experiments,pioreactor01,2026-08-31T19:21:04.741Z,0.797344638857,2026-09-01 01:06:04.741,1520.990277777778
Pulse experiments,pioreactor01,2026-08-31T19:21:09.739Z,0.797475150435,2026-09-01 01:06:09.739,1520.991666666667
Pulse experiments,pioreactor01,2026-08-31T19:21:14.734Z,0.797593467827,2026-09-01 01:06:14.734,1520.993055555556
Pulse experiments,pioreactor01,2026-08-31T19:21:19.734Z,0.797725975856,2026-09-01 01:06:19.734,1520.994444444445
Pulse experiments,pioreactor01,2026-08-31T19:21:24.735Z,0.797868703121,2026-09-01 01:06:24.735,1520.995833333333
Pulse experiments,pioreactor01,2026-08-31T19:21:29.736Z,0.798006701261,2026-09-01 01:06:29.736,1520.997222222222
Pulse experiments,pioreactor01,2026-08-31T19:21:34.742Z,0.798085301344,2026-09-01 01:06:34.742,1520.998611111111
Pulse experiments,pioreactor01,2026-08-31T19:21:39.739Z,0.798211976519,2026-09-01 01:06:39.739,1521.0
Pulse experiments,pioreactor01,2026-08-31T19:21:44.742Z,0.798351572643,2026-09-01 01:06:44.742,1521.001388888889
Pulse experiments,pioreactor01,2026-08-31T19:21:49.742Z,0.798473582714,2026-09-01 01:06:49.742,1521.002777777778
Pulse experiments,pioreactor01,2026-08-31T19:21:54.740Z,0.7986037497,2026-09-01 01:06:54.740,1521.004166666667
Pulse experiments,pioreactor01,2026-08-31T19:21:59.742Z,0.798775857703,2026-09-01 01:06:59.742,1521.005555555555
Pulse experiments,pioreactor01,2026-08-31T19:22:04.741Z,0.798929064224,2026-09-01 01:07:04.741,1521.006944444444
Pulse experiments,pioreactor01,2026-08-31T19:22:09.743Z,0.799064421869,2026-09-01 01:07:09.743,1521.008333333333
Pulse experiments,pioreactor01,2026-08-31T19:22:14.740Z,0.799237951624,2026-09-01 01:07:14.740,1521.009722222222
Pulse experiments,pioreactor01,2026-08-31T19:22:19.736Z,0.799375528082,2026-09-01 01:07:19.736,1521.011111111111
Pulse experiments,pioreactor01,2026-08-31T19:22:24.738Z,0.799537598308,2026-09-01 01:07:24.738,1521.0125
Pulse experiments,pioreactor01,2026-08-31T19:22:29.737Z,0.799700299246,2026-09-01 01:07:29.737,1521.013888888889
Pulse experiments,pioreactor01,2026-08-31T19:22:34.737Z,0.799794937083,2026-09-01 01:07:34.737,1521.015277777778
Pulse experiments,pioreactor01,2026-08-31T19:22:39.760Z,0.799902959155,2026-09-01 01:07:39.760,1521.016666666667
Pulse experiments,pioreactor01,2026-08-31T19:22:44.742Z,0.799998375373,2026-09-01 01:07:44.742,1521.018055555556
Pulse experiments,pioreactor01,2026-08-31T19:22:49.735Z,0.800104139482,2026-09-01 01:07:49.735,1521.019444444444
Pulse experiments,pioreactor01,2026-08-31T19:22:59.744Z,0.800366711404,2026-09-01 01:07:59.744,1521.022222222222
Pulse experiments,pioreactor01,2026-08-31T19:23:04.739Z,0.800469350558,2026-09-01 01:08:04.739,1521.023611111111
Pulse experiments,pioreactor01,2026-08-31T19:23:09.737Z,0.800599919739,2026-09-01 01:08:09.737,1521.025
Pulse experiments,pioreactor01,2026-08-31T19:23:14.744Z,0.800726840745,2026-09-01 01:08:14.744,1521.026388888889
Pulse experiments,pioreactor01,2026-08-31T19:23:24.739Z,0.800995717909,2026-09-01 01:08:24.739,1521.029166666667
Pulse experiments,pioreactor01,2026-08-31T19:23:29.751Z,0.801075270206,2026-09-01 01:08:29.751,1521.030555555556
Pulse experiments,pioreactor01,2026-08-31T19:23:34.735Z,0.801139287425,2026-09-01 01:08:34.735,1521.031944444444
Pulse experiments,pioreactor01,2026-08-31T19:23:39.749Z,0.801239610572,2026-09-01 01:08:39.749,1521.033333333333
Pulse experiments,pioreactor01,2026-08-31T19:23:44.735Z,0.801344461978,2026-09-01 01:08:44.735,1521.034722222222
Pulse experiments,pioreactor01,2026-08-31T19:23:49.735Z,0.801391418927,2026-09-01 01:08:49.735,1521.036111111111
Pulse experiments,pioreactor01,2026-08-31T19:23:54.736Z,0.801460049779,2026-09-01 01:08:54.736,1521.0375
Pulse experiments,pioreactor01,2026-08-31T19:23:59.738Z,0.801481230969,2026-09-01 01:08:59.738,1521.038888888889
Pulse experiments,pioreactor01,2026-08-31T19:24:04.742Z,0.801504604795,2026-09-01 01:09:04.742,1521.040277777778
Pulse experiments,pioreactor01,2026-08-31T19:24:09.741Z,0.801580313467,2026-09-01 01:09:09.741,1521.041666666667
Pulse experiments,pioreactor01,2026-08-31T19:24:14.746Z,0.801604123924,2026-09-01 01:09:14.746,1521.043055555556
Pulse experiments,pioreactor01,2026-08-31T19:24:24.737Z,0.801867703321,2026-09-01 01:09:24.737,1521.045833333333
Pulse experiments,pioreactor01,2026-08-31T19:24:34.740Z,0.802129025526,2026-09-01 01:09:34.740,1521.048611111111
Pulse experiments,pioreactor01,2026-08-31T19:24:39.740Z,0.802161317872,2026-09-01 01:09:39.740,1521.05
Pulse experiments,pioreactor01,2026-08-31T19:24:44.746Z,0.802315458991,2026-09-01 01:09:44.746,1521.051388888889
Pulse experiments,pioreactor01,2026-08-31T19:24:49.737Z,0.802435737177,2026-09-01 01:09:49.737,1521.052777777778
Pulse experiments,pioreactor01,2026-08-31T19:24:54.746Z,0.802509080998,2026-09-01 01:09:54.746,1521.054166666667
Pulse experiments,pioreactor01,2026-08-31T19:24:59.741Z,0.802607554097,2026-09-01 01:09:59.741,1521.055555555556
Pulse experiments,pioreactor01,2026-08-31T19:25:04.780Z,0.802689274448,2026-09-01 01:10:04.780,1521.056944444445
Pulse experiments,pioreactor01,2026-08-31T19:25:09.734Z,0.802785755373,2026-09-01 01:10:09.734,1521.058333333333
Pulse experiments,pioreactor01,2026-08-31T19:25:14.735Z,0.802944723803,2026-09-01 01:10:14.735,1521.059722222222
Pulse experiments,pioreactor01,2026-08-31T19:25:19.736Z,0.802966383087,2026-09-01 01:10:19.736,1521.061111111111
Pulse experiments,pioreactor01,2026-08-31T19:25:24.757Z,0.798294047673,2026-09-01 01:10:24.757,1521.0625
Pulse experiments,pioreactor01,2026-08-31T19:25:29.740Z,0.792046410501,2026-09-01 01:10:29.740,1521.063888888889
Pulse experiments,pioreactor01,2026-08-31T19:25:39.734Z,0.785547848445,2026-09-01 01:10:39.734,1521.066666666667
Pulse experiments,pioreactor01,2026-08-31T19:25:44.734Z,0.784692701491,2026-09-01 01:10:44.734,1521.068055555555
Pulse experiments,pioreactor01,2026-08-31T19:25:49.734Z,0.784401315077,2026-09-01 01:10:49.734,1521.069444444444
Pulse experiments,pioreactor01,2026-08-31T19:25:54.743Z,0.784500314127,2026-09-01 01:10:54.743,1521.070833333333
Pulse experiments,pioreactor01,2026-08-31T19:25:59.739Z,0.78456316265,2026-09-01 01:10:59.739,1521.072222222222
Pulse experiments,pioreactor01,2026-08-31T19:26:09.735Z,0.784955372049,2026-09-01 01:11:09.735,1521.075
Pulse experiments,pioreactor01,2026-08-31T19:26:14.741Z,0.785307740194,2026-09-01 01:11:14.741,1521.076388888889
Pulse experiments,pioreactor01,2026-08-31T19:26:19.735Z,0.78545771437,2026-09-01 01:11:19.735,1521.077777777778
Pulse experiments,pioreactor01,2026-08-31T19:26:24.734Z,0.785843133876,2026-09-01 01:11:24.734,1521.079166666667
Pulse experiments,pioreactor01,2026-08-31T19:26:29.736Z,0.785745876272,2026-09-01 01:11:29.736,1521.080555555556
Pulse experiments,pioreactor01,2026-08-31T19:26:34.735Z,0.785878667927,2026-09-01 01:11:34.735,1521.081944444444
Pulse experiments,pioreactor01,2026-08-31T19:26:39.734Z,0.786166010892,2026-09-01 01:11:39.734,1521.083333333333
Pulse experiments,pioreactor01,2026-08-31T19:26:49.735Z,0.786618495962,2026-09-01 01:11:49.735,1521.086111111111
Pulse experiments,pioreactor01,2026-08-31T19:26:54.734Z,0.786608012776,2026-09-01 01:11:54.734,1521.0875
Pulse experiments,pioreactor01,2026-08-31T19:26:59.745Z,0.786746044062,2026-09-01 01:11:59.745,1521.088888888889
Pulse experiments,pioreactor01,2026-08-31T19:27:04.742Z,0.786924725492,2026-09-01 01:12:04.742,1521.090277777778
Pulse experiments,pioreactor01,2026-08-31T19:27:09.739Z,0.787147290098,2026-09-01 01:12:09.739,1521.091666666667
Pulse experiments,pioreactor01,2026-08-31T19:27:14.736Z,0.787422985869,2026-09-01 01:12:14.736,1521.093055555556
Pulse experiments,pioreactor01,2026-08-31T19:27:19.734Z,0.787551893621,2026-09-01 01:12:19.734,1521.094444444444
Pulse experiments,pioreactor01,2026-08-31T19:27:24.739Z,0.787605970353,2026-09-01 01:12:24.739,1521.095833333333
Pulse experiments,pioreactor01,2026-08-31T19:27:29.734Z,0.787765089885,2026-09-01 01:12:29.734,1521.097222222222
Pulse experiments,pioreactor01,2026-08-31T19:27:34.736Z,0.787914035972,2026-09-01 01:12:34.736,1521.098611111111
Pulse experiments,pioreactor01,2026-08-31T19:27:39.740Z,0.788099642484,2026-09-01 01:12:39.740,1521.1
Pulse experiments,pioreactor01,2026-08-31T19:27:44.735Z,0.788257190572,2026-09-01 01:12:44.735,1521.101388888889
Pulse experiments,pioreactor01,2026-08-31T19:27:49.736Z,0.788333783076,2026-09-01 01:12:49.736,1521.102777777778
Pulse experiments,pioreactor01,2026-08-31T19:27:54.734Z,0.788439440293,2026-09-01 01:12:54.734,1521.104166666667
Pulse experiments,pioreactor01,2026-08-31T19:27:59.736Z,0.788635598447,2026-09-01 01:12:59.736,1521.105555555556
Pulse experiments,pioreactor01,2026-08-31T19:28:04.739Z,0.788878929456,2026-09-01 01:13:04.739,1521.106944444444
Pulse experiments,pioreactor01,2026-08-31T19:28:09.738Z,0.789066561412,2026-09-01 01:13:09.738,1521.108333333333
Pulse experiments,pioreactor01,2026-08-31T19:28:14.734Z,0.789219669793,2026-09-01 01:13:14.734,1521.109722222222
Pulse experiments,pioreactor01,2026-08-31T19:28:19.744Z,0.789336306245,2026-09-01 01:13:19.744,1521.111111111111
Pulse experiments,pioreactor01,2026-08-31T19:28:24.737Z,0.789368288978,2026-09-01 01:13:24.737,1521.1125
Pulse experiments,pioreactor01,2026-08-31T19:28:29.738Z,0.789456370442,2026-09-01 01:13:29.738,1521.113888888889
Pulse experiments,pioreactor01,2026-08-31T19:28:34.737Z,0.789593328071,2026-09-01 01:13:34.737,1521.115277777778
Pulse experiments,pioreactor01,2026-08-31T19:28:39.734Z,0.78966543791,2026-09-01 01:13:39.734,1521.116666666667
Pulse experiments,pioreactor01,2026-08-31T19:28:44.740Z,0.789697509143,2026-09-01 01:13:44.740,1521.118055555556
Pulse experiments,pioreactor01,2026-08-31T19:28:49.736Z,0.789786534568,2026-09-01 01:13:49.736,1521.119444444445
Pulse experiments,pioreactor01,2026-08-31T19:28:54.738Z,0.789872950397,2026-09-01 01:13:54.738,1521.120833333333
Pulse experiments,pioreactor01,2026-08-31T19:28:59.754Z,0.789982640069,2026-09-01 01:13:59.754,1521.122222222222
Pulse experiments,pioreactor01,2026-08-31T19:29:04.739Z,0.790087293384,2026-09-01 01:14:04.739,1521.123611111111
Pulse experiments,pioreactor01,2026-08-31T19:29:09.741Z,0.790188806574,2026-09-01 01:14:09.741,1521.125
Pulse experiments,pioreactor01,2026-08-31T19:29:14.741Z,0.790237858308,2026-09-01 01:14:14.741,1521.126388888889
Pulse experiments,pioreactor01,2026-08-31T19:29:19.734Z,0.790279757287,2026-09-01 01:14:19.734,1521.127777777778
Pulse experiments,pioreactor01,2026-08-31T19:29:24.735Z,0.79039832335,2026-09-01 01:14:24.735,1521.129166666667
Pulse experiments,pioreactor01,2026-08-31T19:29:29.737Z,0.790522065505,2026-09-01 01:14:29.737,1521.130555555555
Pulse experiments,pioreactor01,2026-08-31T19:29:34.757Z,0.790600360262,2026-09-01 01:14:34.757,1521.131944444444
Pulse experiments,pioreactor01,2026-08-31T19:29:39.734Z,0.790676981947,2026-09-01 01:14:39.734,1521.133333333333
Pulse experiments,pioreactor01,2026-08-31T19:29:44.735Z,0.790778220123,2026-09-01 01:14:44.735,1521.134722222222
Pulse experiments,pioreactor01,2026-08-31T19:29:49.743Z,0.790898637647,2026-09-01 01:14:49.743,1521.136111111111
Pulse experiments,pioreactor01,2026-08-31T19:29:54.734Z,0.7910008846,2026-09-01 01:14:54.734,1521.1375
Pulse experiments,pioreactor01,2026-08-31T19:29:59.748Z,0.790969187518,2026-09-01 01:14:59.748,1521.138888888889
Pulse experiments,pioreactor01,2026-08-31T19:30:29.735Z,0.791708383886,2026-09-01 01:15:29.735,1521.147222222222
Pulse experiments,pioreactor01,2026-08-31T19:30:34.735Z,0.791745813358,2026-09-01 01:15:34.735,1521.148611111111
Pulse experiments,pioreactor01,2026-08-31T19:30:39.734Z,0.791732630885,2026-09-01 01:15:39.734,1521.15
Pulse experiments,pioreactor01,2026-08-31T19:30:44.734Z,0.791775292169,2026-09-01 01:15:44.734,1521.151388888889
Pulse experiments,pioreactor01,2026-08-31T19:30:49.736Z,0.791853738208,2026-09-01 01:15:49.736,1521.152777777778
Pulse experiments,pioreactor01,2026-08-31T19:30:54.742Z,0.791992374592,2026-09-01 01:15:54.742,1521.154166666667
Pulse experiments,pioreactor01,2026-08-31T19:30:59.739Z,0.79209761437,2026-09-01 01:15:59.739,1521.155555555556
Pulse experiments,pioreactor01,2026-08-31T19:31:04.739Z,0.792170477826,2026-09-01 01:16:04.739,1521.156944444444
Pulse experiments,pioreactor01,2026-08-31T19:31:09.736Z,0.792223913958,2026-09-01 01:16:09.736,1521.158333333333
Pulse experiments,pioreactor01,2026-08-31T19:31:14.735Z,0.792281426192,2026-09-01 01:16:14.735,1521.159722222222
Pulse experiments,pioreactor01,2026-08-31T19:31:19.735Z,0.792360833014,2026-09-01 01:16:19.735,1521.161111111111
Pulse experiments,pioreactor01,2026-08-31T19:31:24.735Z,0.792428828967,2026-09-01 01:16:24.735,1521.1625
Pulse experiments,pioreactor01,2026-08-31T19:31:29.735Z,0.792474825632,2026-09-01 01:16:29.735,1521.163888888889
Pulse experiments,pioreactor01,2026-08-31T19:31:34.735Z,0.792481514298,2026-09-01 01:16:34.735,1521.165277777778
Pulse experiments,pioreactor01,2026-08-31T19:31:39.740Z,0.792601812398,2026-09-01 01:16:39.740,1521.166666666667
Pulse experiments,pioreactor01,2026-08-31T19:31:44.735Z,0.792695886595,2026-09-01 01:16:44.735,1521.168055555556
Pulse experiments,pioreactor01,2026-08-31T19:31:49.738Z,0.792675531548,2026-09-01 01:16:49.738,1521.169444444444
Pulse experiments,pioreactor01,2026-08-31T19:31:54.739Z,0.792665559885,2026-09-01 01:16:54.739,1521.170833333333
Pulse experiments,pioreactor01,2026-08-31T19:31:59.734Z,0.792637279954,2026-09-01 01:16:59.734,1521.172222222222
Pulse experiments,pioreactor01,2026-08-31T19:32:04.737Z,0.792722073139,2026-09-01 01:17:04.737,1521.173611111111
Pulse experiments,pioreactor01,2026-08-31T19:32:09.735Z,0.792816939084,2026-09-01 01:17:09.735,1521.175
Pulse experiments,pioreactor01,2026-08-31T19:32:14.736Z,0.79289131796,2026-09-01 01:17:14.736,1521.176388888889
Pulse experiments,pioreactor01,2026-08-31T19:32:19.735Z,0.7929448571,2026-09-01 01:17:19.735,1521.177777777778
Pulse experiments,pioreactor01,2026-08-31T19:32:24.738Z,0.7929369387,2026-09-01 01:17:24.738,1521.179166666667
Pulse experiments,pioreactor01,2026-08-31T19:32:29.742Z,0.793010160944,2026-09-01 01:17:29.742,1521.180555555556
Pulse experiments,pioreactor01,2026-08-31T19:32:34.734Z,0.793113943667,2026-09-01 01:17:34.734,1521.181944444445
Pulse experiments,pioreactor01,2026-08-31T19:32:39.734Z,0.793175001777,2026-09-01 01:17:39.734,1521.183333333333
Pulse experiments,pioreactor01,2026-08-31T19:32:49.760Z,0.793307013155,2026-09-01 01:17:49.760,1521.186111111111
Pulse experiments,pioreactor01,2026-08-31T19:32:54.749Z,0.793397107432,2026-09-01 01:17:54.749,1521.1875
Pulse experiments,pioreactor01,2026-08-31T19:32:59.735Z,0.793449105415,2026-09-01 01:17:59.735,1521.188888888889
Pulse experiments,pioreactor01,2026-08-31T19:33:04.739Z,0.793455290203,2026-09-01 01:18:04.739,1521.190277777778
Pulse experiments,pioreactor01,2026-08-31T19:33:09.737Z,0.793422493668,2026-09-01 01:18:09.737,1521.191666666667
Pulse experiments,pioreactor01,2026-08-31T19:33:14.738Z,0.793448110631,2026-09-01 01:18:14.738,1521.193055555555
Pulse experiments,pioreactor01,2026-08-31T19:33:19.739Z,0.793513476728,2026-09-01 01:18:19.739,1521.194444444444
Pulse experiments,pioreactor01,2026-08-31T19:33:24.738Z,0.793448983609,2026-09-01 01:18:24.738,1521.195833333333
Pulse experiments,pioreactor01,2026-08-31T19:33:29.740Z,0.793390838945,2026-09-01 01:18:29.740,1521.197222222222
Pulse experiments,pioreactor01,2026-08-31T19:33:34.739Z,0.793351523592,2026-09-01 01:18:34.739,1521.198611111111
Pulse experiments,pioreactor01,2026-08-31T19:33:39.737Z,0.793356910305,2026-09-01 01:18:39.737,1521.2
Pulse experiments,pioreactor01,2026-08-31T19:33:44.738Z,0.793324032462,2026-09-01 01:18:44.738,1521.201388888889
Pulse experiments,pioreactor01,2026-08-31T19:33:49.742Z,0.793379335141,2026-09-01 01:18:49.742,1521.202777777778
Pulse experiments,pioreactor01,2026-08-31T19:33:54.738Z,0.793470777622,2026-09-01 01:18:54.738,1521.204166666667
Pulse experiments,pioreactor01,2026-08-31T19:33:59.740Z,0.793468588004,2026-09-01 01:18:59.740,1521.205555555556
Pulse experiments,pioreactor01,2026-08-31T19:34:04.735Z,0.793493124845,2026-09-01 01:19:04.735,1521.206944444444
Pulse experiments,pioreactor01,2026-08-31T19:34:09.741Z,0.793502762278,2026-09-01 01:19:09.741,1521.208333333333
Pulse experiments,pioreactor01,2026-08-31T19:34:14.743Z,0.793489071902,2026-09-01 01:19:14.743,1521.209722222222
Pulse experiments,pioreactor01,2026-08-31T19:34:19.741Z,0.79352794717,2026-09-01 01:19:19.741,1521.211111111111
Pulse experiments,pioreactor01,2026-08-31T19:34:24.741Z,0.793473347448,2026-09-01 01:19:24.741,1521.2125
Pulse experiments,pioreactor01,2026-08-31T19:34:29.739Z,0.793457126896,2026-09-01 01:19:29.739,1521.213888888889
Pulse experiments,pioreactor01,2026-08-31T19:34:34.744Z,0.79347098692,2026-09-01 01:19:34.744,1521.215277777778
Pulse experiments,pioreactor01,2026-08-31T19:34:39.740Z,0.793493157748,2026-09-01 01:19:39.740,1521.216666666667
Pulse experiments,pioreactor01,2026-08-31T19:34:44.740Z,0.793517230233,2026-09-01 01:19:44.740,1521.218055555556
Pulse experiments,pioreactor01,2026-08-31T19:34:49.743Z,0.79358454166,2026-09-01 01:19:49.743,1521.219444444444
Pulse experiments,pioreactor01,2026-08-31T19:34:54.735Z,0.793706188707,2026-09-01 01:19:54.735,1521.220833333333
Pulse experiments,pioreactor01,2026-08-31T19:34:59.739Z,0.793759971101,2026-09-01 01:19:59.739,1521.222222222222
Pulse experiments,pioreactor01,2026-08-31T19:35:09.734Z,0.793918008134,2026-09-01 01:20:09.734,1521.225
Pulse experiments,pioreactor01,2026-08-31T19:35:14.743Z,0.793906271749,2026-09-01 01:20:14.743,1521.226388888889
Pulse experiments,pioreactor01,2026-08-31T19:35:19.738Z,0.793919759888,2026-09-01 01:20:19.738,1521.227777777778
Pulse experiments,pioreactor01,2026-08-31T19:35:24.735Z,0.793978533999,2026-09-01 01:20:24.735,1521.229166666667
Pulse experiments,pioreactor01,2026-08-31T19:35:29.779Z,0.794025741624,2026-09-01 01:20:29.779,1521.230555555556
Pulse experiments,pioreactor01,2026-08-31T19:35:34.741Z,0.793183623767,2026-09-01 01:20:34.741,1521.231944444444
Pulse experiments,pioreactor01,2026-08-31T19:35:39.744Z,0.781870929835,2026-09-01 01:20:39.744,1521.233333333333
Pulse experiments,pioreactor01,2026-08-31T19:35:44.735Z,0.77637861559,2026-09-01 01:20:44.735,1521.234722222222
Pulse experiments,pioreactor01,2026-08-31T19:35:49.786Z,0.775145019612,2026-09-01 01:20:49.786,1521.236111111111
Pulse experiments,pioreactor01,2026-08-31T19:35:54.734Z,0.775044776131,2026-09-01 01:20:54.734,1521.2375
Pulse experiments,pioreactor01,2026-08-31T19:35:59.818Z,0.775150329905,2026-09-01 01:20:59.818,1521.238888888889
Pulse experiments,pioreactor01,2026-08-31T19:36:04.736Z,0.774546897892,2026-09-01 01:21:04.736,1521.240277777778
Pulse experiments,pioreactor01,2026-08-31T19:36:09.755Z,0.77470569122,2026-09-01 01:21:09.755,1521.241666666667
Pulse experiments,pioreactor01,2026-08-31T19:36:14.760Z,0.774702073613,2026-09-01 01:21:14.760,1521.243055555556
Pulse experiments,pioreactor01,2026-08-31T19:36:19.757Z,0.774966582528,2026-09-01 01:21:19.757,1521.244444444445
Pulse experiments,pioreactor01,2026-08-31T19:36:24.736Z,0.775075040648,2026-09-01 01:21:24.736,1521.245833333333
Pulse experiments,pioreactor01,2026-08-31T19:36:29.738Z,0.775029680266,2026-09-01 01:21:29.738,1521.247222222222
Pulse experiments,pioreactor01,2026-08-31T19:36:34.739Z,0.775196264733,2026-09-01 01:21:34.739,1521.248611111111
Pulse experiments,pioreactor01,2026-08-31T19:36:39.737Z,0.775447065688,2026-09-01 01:21:39.737,1521.25
Pulse experiments,pioreactor01,2026-08-31T19:36:44.739Z,0.775703558377,2026-09-01 01:21:44.739,1521.251388888889
Pulse experiments,pioreactor01,2026-08-31T19:36:49.738Z,0.775896455268,2026-09-01 01:21:49.738,1521.252777777778
Pulse experiments,pioreactor01,2026-08-31T19:36:54.739Z,0.77603978392,2026-09-01 01:21:54.739,1521.254166666667
Pulse experiments,pioreactor01,2026-08-31T19:36:59.737Z,0.776211168736,2026-09-01 01:21:59.737,1521.255555555555
Pulse experiments,pioreactor01,2026-08-31T19:37:09.740Z,0.776419774858,2026-09-01 01:22:09.740,1521.258333333333
Pulse experiments,pioreactor01,2026-08-31T19:37:14.743Z,0.776477637224,2026-09-01 01:22:14.743,1521.259722222222
Pulse experiments,pioreactor01,2026-08-31T19:37:19.748Z,0.776590269029,2026-09-01 01:22:19.748,1521.261111111111
Pulse experiments,pioreactor01,2026-08-31T19:37:24.739Z,0.776643040569,2026-09-01 01:22:24.739,1521.2625
Pulse experiments,pioreactor01,2026-08-31T19:37:29.742Z,0.776651028906,2026-09-01 01:22:29.742,1521.263888888889
Pulse experiments,pioreactor01,2026-08-31T19:37:34.739Z,0.776626725368,2026-09-01 01:22:34.739,1521.265277777778
Pulse experiments,pioreactor01,2026-08-31T19:37:39.740Z,0.776694374913,2026-09-01 01:22:39.740,1521.266666666667
Pulse experiments,pioreactor01,2026-08-31T19:37:44.734Z,0.776816958716,2026-09-01 01:22:44.734,1521.268055555556
Pulse experiments,pioreactor01,2026-08-31T19:37:49.739Z,0.777069176063,2026-09-01 01:22:49.739,1521.269444444444
Pulse experiments,pioreactor01,2026-08-31T19:37:59.738Z,0.777253694321,2026-09-01 01:22:59.738,1521.272222222222
Pulse experiments,pioreactor01,2026-08-31T19:38:04.734Z,0.777453201993,2026-09-01 01:23:04.734,1521.273611111111
Pulse experiments,pioreactor01,2026-08-31T19:38:09.735Z,0.777606010045,2026-09-01 01:23:09.735,1521.275
Pulse experiments,pioreactor01,2026-08-31T19:38:14.736Z,0.777781554114,2026-09-01 01:23:14.736,1521.276388888889
Pulse experiments,pioreactor01,2026-08-31T19:38:19.735Z,0.777876005936,2026-09-01 01:23:19.735,1521.277777777778
Pulse experiments,pioreactor01,2026-08-31T19:38:24.734Z,0.778014789207,2026-09-01 01:23:24.734,1521.279166666667
Pulse experiments,pioreactor01,2026-08-31T19:38:29.736Z,0.778198129554,2026-09-01 01:23:29.736,1521.280555555556
Pulse experiments,pioreactor01,2026-08-31T19:38:34.741Z,0.778343959759,2026-09-01 01:23:34.741,1521.281944444444
Pulse experiments,pioreactor01,2026-08-31T19:38:39.744Z,0.778439516285,2026-09-01 01:23:39.744,1521.283333333333
Pulse experiments,pioreactor01,2026-08-31T19:38:44.736Z,0.778518919211,2026-09-01 01:23:44.736,1521.284722222222
Pulse experiments,pioreactor01,2026-08-31T19:38:49.735Z,0.778653591459,2026-09-01 01:23:49.735,1521.286111111111
Pulse experiments,pioreactor01,2026-08-31T19:38:59.737Z,0.778838419644,2026-09-01 01:23:59.737,1521.288888888889
Pulse experiments,pioreactor01,2026-08-31T19:39:04.736Z,0.778989968307,2026-09-01 01:24:04.736,1521.290277777778
Pulse experiments,pioreactor01,2026-08-31T19:39:09.736Z,0.779165034951,2026-09-01 01:24:09.736,1521.291666666667
Pulse experiments,pioreactor01,2026-08-31T19:39:14.737Z,0.779352792266,2026-09-01 01:24:14.737,1521.293055555556
Pulse experiments,pioreactor01,2026-08-31T19:39:19.735Z,0.77948298718,2026-09-01 01:24:19.735,1521.294444444444
Pulse experiments,pioreactor01,2026-08-31T19:39:24.735Z,0.779596753396,2026-09-01 01:24:24.735,1521.295833333333
Pulse experiments,pioreactor01,2026-08-31T19:39:29.744Z,0.77975917559,2026-09-01 01:24:29.744,1521.297222222222
Pulse experiments,pioreactor01,2026-08-31T19:39:34.740Z,0.779882466632,2026-09-01 01:24:34.740,1521.298611111111
Pulse experiments,pioreactor01,2026-08-31T19:39:39.734Z,0.779988857178,2026-09-01 01:24:39.734,1521.3
Pulse experiments,pioreactor01,2026-08-31T19:39:44.735Z,0.780090367689,2026-09-01 01:24:44.735,1521.301388888889
Pulse experiments,pioreactor01,2026-08-31T19:39:49.739Z,0.780097542462,2026-09-01 01:24:49.739,1521.302777777778
Pulse experiments,pioreactor01,2026-08-31T19:39:54.735Z,0.780190718313,2026-09-01 01:24:54.735,1521.304166666667
Pulse experiments,pioreactor01,2026-08-31T19:39:59.743Z,0.780301874239,2026-09-01 01:24:59.743,1521.305555555556
Pulse experiments,pioreactor01,2026-08-31T19:40:04.741Z,0.780460930439,2026-09-01 01:25:04.741,1521.306944444445
Pulse experiments,pioreactor01,2026-08-31T19:40:09.744Z,0.78057149832,2026-09-01 01:25:09.744,1521.308333333333
Pulse experiments,pioreactor01,2026-08-31T19:40:14.737Z,0.780716119628,2026-09-01 01:25:14.737,1521.309722222222
Pulse experiments,pioreactor01,2026-08-31T19:40:19.737Z,0.780794051431,2026-09-01 01:25:19.737,1521.311111111111
Pulse experiments,pioreactor01,2026-08-31T19:40:24.739Z,0.780941222896,2026-09-01 01:25:24.739,1521.3125
Pulse experiments,pioreactor01,2026-08-31T19:40:29.739Z,0.78113778864,2026-09-01 01:25:29.739,1521.313888888889
Pulse experiments,pioreactor01,2026-08-31T19:40:34.756Z,0.781229414048,2026-09-01 01:25:34.756,1521.315277777778
Pulse experiments,pioreactor01,2026-08-31T19:40:39.734Z,0.781383690193,2026-09-01 01:25:39.734,1521.316666666667
Pulse experiments,pioreactor01,2026-08-31T19:40:44.752Z,0.781500571289,2026-09-01 01:25:44.752,1521.318055555555
Pulse experiments,pioreactor01,2026-08-31T19:40:49.755Z,0.781578790865,2026-09-01 01:25:49.755,1521.319444444444
Pulse experiments,pioreactor01,2026-08-31T19:40:54.741Z,0.781693104478,2026-09-01 01:25:54.741,1521.320833333333
Pulse experiments,pioreactor01,2026-08-31T19:40:59.754Z,0.781727311695,2026-09-01 01:25:59.754,1521.322222222222
Pulse experiments,pioreactor01,2026-08-31T19:41:04.740Z,0.781759715491,2026-09-01 01:26:04.740,1521.323611111111
Pulse experiments,pioreactor01,2026-08-31T19:41:09.742Z,0.781891433829,2026-09-01 01:26:09.742,1521.325
Pulse experiments,pioreactor01,2026-08-31T19:41:14.739Z,0.78200963512,2026-09-01 01:26:14.739,1521.326388888889
Pulse experiments,pioreactor01,2026-08-31T19:41:19.735Z,0.782063285416,2026-09-01 01:26:19.735,1521.327777777778
Pulse experiments,pioreactor01,2026-08-31T19:41:24.736Z,0.782188673174,2026-09-01 01:26:24.736,1521.329166666667
Pulse experiments,pioreactor01,2026-08-31T19:41:29.743Z,0.782300553005,2026-09-01 01:26:29.743,1521.330555555556
Pulse experiments,pioreactor01,2026-08-31T19:41:34.736Z,0.782401503567,2026-09-01 01:26:34.736,1521.331944444444
Pulse experiments,pioreactor01,2026-08-31T19:41:39.752Z,0.782508949094,2026-09-01 01:26:39.752,1521.333333333333
Pulse experiments,pioreactor01,2026-08-31T19:41:44.734Z,0.782654438973,2026-09-01 01:26:44.734,1521.334722222222
Pulse experiments,pioreactor01,2026-08-31T19:41:49.743Z,0.782767149995,2026-09-01 01:26:49.743,1521.336111111111
Pulse experiments,pioreactor01,2026-08-31T19:41:59.737Z,0.782951752828,2026-09-01 01:26:59.737,1521.338888888889
Pulse experiments,pioreactor01,2026-08-31T19:42:04.743Z,0.783131961642,2026-09-01 01:27:04.743,1521.340277777778
Pulse experiments,pioreactor01,2026-08-31T19:42:09.736Z,0.783274251033,2026-09-01 01:27:09.736,1521.341666666667
Pulse experiments,pioreactor01,2026-08-31T19:42:14.752Z,0.783346441931,2026-09-01 01:27:14.752,1521.343055555556
Pulse experiments,pioreactor01,2026-08-31T19:42:19.734Z,0.783440273592,2026-09-01 01:27:19.734,1521.344444444444
Pulse experiments,pioreactor01,2026-08-31T19:42:24.742Z,0.783530733323,2026-09-01 01:27:24.742,1521.345833333333
Pulse experiments,pioreactor01,2026-08-31T19:42:29.738Z,0.783660943669,2026-09-01 01:27:29.738,1521.347222222222
Pulse experiments,pioreactor01,2026-08-31T19:42:34.740Z,0.783794184673,2026-09-01 01:27:34.740,1521.348611111111
Pulse experiments,pioreactor01,2026-08-31T19:42:39.739Z,0.783923777607,2026-09-01 01:27:39.739,1521.35
Pulse experiments,pioreactor01,2026-08-31T19:42:44.736Z,0.784018120955,2026-09-01 01:27:44.736,1521.351388888889
Pulse experiments,pioreactor01,2026-08-31T19:42:49.736Z,0.784106772843,2026-09-01 01:27:49.736,1521.352777777778
Pulse experiments,pioreactor01,2026-08-31T19:42:54.734Z,0.784168767908,2026-09-01 01:27:54.734,1521.354166666667
Pulse experiments,pioreactor01,2026-08-31T19:42:59.736Z,0.784240285681,2026-09-01 01:27:59.736,1521.355555555556
Pulse experiments,pioreactor01,2026-08-31T19:43:04.739Z,0.78435252707,2026-09-01 01:28:04.739,1521.356944444444
Pulse experiments,pioreactor01,2026-08-31T19:43:09.734Z,0.784501025246,2026-09-01 01:28:09.734,1521.358333333333
Pulse experiments,pioreactor01,2026-08-31T19:43:14.740Z,0.784553271818,2026-09-01 01:28:14.740,1521.359722222222
Pulse experiments,pioreactor01,2026-08-31T19:43:19.734Z,0.784600237192,2026-09-01 01:28:19.734,1521.361111111111
Pulse experiments,pioreactor01,2026-08-31T19:43:24.739Z,0.784672489965,2026-09-01 01:28:24.739,1521.3625
Pulse experiments,pioreactor01,2026-08-31T19:43:29.740Z,0.784760560838,2026-09-01 01:28:29.740,1521.363888888889
Pulse experiments,pioreactor01,2026-08-31T19:43:34.734Z,0.784802861841,2026-09-01 01:28:34.734,1521.365277777778
Pulse experiments,pioreactor01,2026-08-31T19:43:39.741Z,0.784921658406,2026-09-01 01:28:39.741,1521.366666666667
Pulse experiments,pioreactor01,2026-08-31T19:43:44.742Z,0.785017839344,2026-09-01 01:28:44.742,1521.368055555556
Pulse experiments,pioreactor01,2026-08-31T19:43:49.737Z,0.785154861567,2026-09-01 01:28:49.737,1521.369444444445
Pulse experiments,pioreactor01,2026-08-31T19:43:54.736Z,0.785217376125,2026-09-01 01:28:54.736,1521.370833333333
Pulse experiments,pioreactor01,2026-08-31T19:43:59.736Z,0.785312538778,2026-09-01 01:28:59.736,1521.372222222222
Pulse experiments,pioreactor01,2026-08-31T19:44:04.747Z,0.785434441654,2026-09-01 01:29:04.747,1521.373611111111
Pulse experiments,pioreactor01,2026-08-31T19:44:09.734Z,0.785518626545,2026-09-01 01:29:09.734,1521.375
Pulse experiments,pioreactor01,2026-08-31T19:44:14.734Z,0.785631559706,2026-09-01 01:29:14.734,1521.376388888889
Pulse experiments,pioreactor01,2026-08-31T19:44:19.735Z,0.782482480874,2026-09-01 01:29:19.735,1521.377777777778
Pulse experiments,pioreactor01,2026-08-31T19:44:24.779Z,0.775186128787,2026-09-01 01:29:24.779,1521.379166666667
Pulse experiments,pioreactor01,2026-08-31T19:44:29.738Z,0.775039134449,2026-09-01 01:29:29.738,1521.380555555555
Pulse experiments,pioreactor01,2026-08-31T19:44:34.740Z,0.774429733844,2026-09-01 01:29:34.740,1521.381944444444
Pulse experiments,pioreactor01,2026-08-31T19:44:39.739Z,0.773620597486,2026-09-01 01:29:39.739,1521.383333333333
Pulse experiments,pioreactor01,2026-08-31T19:44:44.736Z,0.773320881224,2026-09-01 01:29:44.736,1521.384722222222
Pulse experiments,pioreactor01,2026-08-31T19:44:49.739Z,0.773446874701,2026-09-01 01:29:49.739,1521.386111111111
Pulse experiments,pioreactor01,2026-08-31T19:44:54.735Z,0.773481349058,2026-09-01 01:29:54.735,1521.3875
Pulse experiments,pioreactor01,2026-08-31T19:44:59.741Z,0.773960374233,2026-09-01 01:29:59.741,1521.388888888889
Pulse experiments,pioreactor01,2026-08-31T19:45:04.735Z,0.774135001692,2026-09-01 01:30:04.735,1521.390277777778
Pulse experiments,pioreactor01,2026-08-31T19:45:09.734Z,0.774361716264,2026-09-01 01:30:09.734,1521.391666666667
Pulse experiments,pioreactor01,2026-08-31T19:45:14.736Z,0.774591611806,2026-09-01 01:30:14.736,1521.393055555556
Pulse experiments,pioreactor01,2026-08-31T19:45:19.741Z,0.774734249745,2026-09-01 01:30:19.741,1521.394444444444
Pulse experiments,pioreactor01,2026-08-31T19:45:24.737Z,0.774908009838,2026-09-01 01:30:24.737,1521.395833333333
Pulse experiments,pioreactor01,2026-08-31T19:45:29.740Z,0.775187142985,2026-09-01 01:30:29.740,1521.397222222222
Pulse experiments,pioreactor01,2026-08-31T19:45:34.736Z,0.775411555751,2026-09-01 01:30:34.736,1521.398611111111
Pulse experiments,pioreactor01,2026-08-31T19:45:44.738Z,0.77582659579,2026-09-01 01:30:44.738,1521.401388888889
Pulse experiments,pioreactor01,2026-08-31T19:45:49.743Z,0.776140094322,2026-09-01 01:30:49.743,1521.402777777778
Pulse experiments,pioreactor01,2026-08-31T19:45:54.734Z,0.776362428074,2026-09-01 01:30:54.734,1521.404166666667
Pulse experiments,pioreactor01,2026-08-31T19:45:59.739Z,0.776493617485,2026-09-01 01:30:59.739,1521.405555555556
Pulse experiments,pioreactor01,2026-08-31T19:46:04.735Z,0.776647258847,2026-09-01 01:31:04.735,1521.406944444444
Pulse experiments,pioreactor01,2026-08-31T19:46:09.734Z,0.776676457619,2026-09-01 01:31:09.734,1521.408333333333
Pulse experiments,pioreactor01,2026-08-31T19:46:14.740Z,0.776738092401,2026-09-01 01:31:14.740,1521.409722222222
Pulse experiments,pioreactor01,2026-08-31T19:46:19.737Z,0.776917297806,2026-09-01 01:31:19.737,1521.411111111111
Pulse experiments,pioreactor01,2026-08-31T19:46:24.743Z,0.777153263518,2026-09-01 01:31:24.743,1521.4125
Pulse experiments,pioreactor01,2026-08-31T19:46:29.735Z,0.777409081336,2026-09-01 01:31:29.735,1521.413888888889
Pulse experiments,pioreactor01,2026-08-31T19:46:34.734Z,0.777580167422,2026-09-01 01:31:34.734,1521.415277777778
Pulse experiments,pioreactor01,2026-08-31T19:46:39.740Z,0.777680188825,2026-09-01 01:31:39.740,1521.416666666667
Pulse experiments,pioreactor01,2026-08-31T19:46:44.734Z,0.777907939027,2026-09-01 01:31:44.734,1521.418055555556
Pulse experiments,pioreactor01,2026-08-31T19:46:49.735Z,0.778106510464,2026-09-01 01:31:49.735,1521.419444444444
Pulse experiments,pioreactor01,2026-08-31T19:46:54.740Z,0.778197611728,2026-09-01 01:31:54.740,1521.420833333333
Pulse experiments,pioreactor01,2026-08-31T19:46:59.737Z,0.778378095179,2026-09-01 01:31:59.737,1521.422222222222
Pulse experiments,pioreactor01,2026-08-31T19:47:04.735Z,0.778629058778,2026-09-01 01:32:04.735,1521.423611111111
Pulse experiments,pioreactor01,2026-08-31T19:47:14.736Z,0.778860969588,2026-09-01 01:32:14.736,1521.426388888889
Pulse experiments,pioreactor01,2026-08-31T19:47:19.740Z,0.77896369538,2026-09-01 01:32:19.740,1521.427777777778
Pulse experiments,pioreactor01,2026-08-31T19:47:24.736Z,0.779106277029,2026-09-01 01:32:24.736,1521.429166666667
Pulse experiments,pioreactor01,2026-08-31T19:47:34.765Z,0.779332470457,2026-09-01 01:32:34.765,1521.431944444445
Pulse experiments,pioreactor01,2026-08-31T19:47:39.743Z,0.77953686941,2026-09-01 01:32:39.743,1521.433333333333
Pulse experiments,pioreactor01,2026-08-31T19:47:44.738Z,0.779709480912,2026-09-01 01:32:44.738,1521.434722222222
Pulse experiments,pioreactor01,2026-08-31T19:47:49.742Z,0.779888246495,2026-09-01 01:32:49.742,1521.436111111111
Pulse experiments,pioreactor01,2026-08-31T19:47:54.734Z,0.7801306405,2026-09-01 01:32:54.734,1521.4375
Pulse experiments,pioreactor01,2026-08-31T19:47:59.737Z,0.780327658345,2026-09-01 01:32:59.737,1521.438888888889
Pulse experiments,pioreactor01,2026-08-31T19:48:04.744Z,0.780545176819,2026-09-01 01:33:04.744,1521.440277777778
Pulse experiments,pioreactor01,2026-08-31T19:48:09.738Z,0.780654902195,2026-09-01 01:33:09.738,1521.441666666667
Pulse experiments,pioreactor01,2026-08-31T19:48:14.743Z,0.780792988233,2026-09-01 01:33:14.743,1521.443055555555
Pulse experiments,pioreactor01,2026-08-31T19:48:19.737Z,0.780930002552,2026-09-01 01:33:19.737,1521.444444444444
Pulse experiments,pioreactor01,2026-08-31T19:48:24.734Z,0.78110919872,2026-09-01 01:33:24.734,1521.445833333333
Pulse experiments,pioreactor01,2026-08-31T19:48:29.734Z,0.781243671798,2026-09-01 01:33:29.734,1521.447222222222
Pulse experiments,pioreactor01,2026-08-31T19:48:34.736Z,0.781378361145,2026-09-01 01:33:34.736,1521.448611111111
Pulse experiments,pioreactor01,2026-08-31T19:48:39.734Z,0.78147659272,2026-09-01 01:33:39.734,1521.45
Pulse experiments,pioreactor01,2026-08-31T19:48:44.734Z,0.78166325742,2026-09-01 01:33:44.734,1521.451388888889
Pulse experiments,pioreactor01,2026-08-31T19:48:49.743Z,0.781823574809,2026-09-01 01:33:49.743,1521.452777777778
Pulse experiments,pioreactor01,2026-08-31T19:48:54.749Z,0.782000166264,2026-09-01 01:33:54.749,1521.454166666667
Pulse experiments,pioreactor01,2026-08-31T19:48:59.742Z,0.782132692301,2026-09-01 01:33:59.742,1521.455555555556
Pulse experiments,pioreactor01,2026-08-31T19:49:04.743Z,0.782284849251,2026-09-01 01:34:04.743,1521.456944444444
Pulse experiments,pioreactor01,2026-08-31T19:49:09.737Z,0.782373459836,2026-09-01 01:34:09.737,1521.458333333333
Pulse experiments,pioreactor01,2026-08-31T19:49:14.735Z,0.782508237086,2026-09-01 01:34:14.735,1521.459722222222
Pulse experiments,pioreactor01,2026-08-31T19:49:19.741Z,0.782680543883,2026-09-01 01:34:19.741,1521.461111111111
Pulse experiments,pioreactor01,2026-08-31T19:49:24.734Z,0.782834594266,2026-09-01 01:34:24.734,1521.4625
Pulse experiments,pioreactor01,2026-08-31T19:49:29.735Z,0.782926459415,2026-09-01 01:34:29.735,1521.463888888889
Pulse experiments,pioreactor01,2026-08-31T19:49:34.743Z,0.783053264457,2026-09-01 01:34:34.743,1521.465277777778
Pulse experiments,pioreactor01,2026-08-31T19:49:39.733Z,0.783225073974,2026-09-01 01:34:39.733,1521.466666666667
Pulse experiments,pioreactor01,2026-08-31T19:49:44.737Z,0.783342760726,2026-09-01 01:34:44.737,1521.468055555556
Pulse experiments,pioreactor01,2026-08-31T19:49:49.740Z,0.783493718221,2026-09-01 01:34:49.740,1521.469444444444
Pulse experiments,pioreactor01,2026-08-31T19:49:54.733Z,0.783671495257,2026-09-01 01:34:54.733,1521.470833333333
Pulse experiments,pioreactor01,2026-08-31T19:49:59.736Z,0.783825617412,2026-09-01 01:34:59.736,1521.472222222222
Pulse experiments,pioreactor01,2026-08-31T19:50:04.742Z,0.784012707856,2026-09-01 01:35:04.742,1521.473611111111
Pulse experiments,pioreactor01,2026-08-31T19:50:09.742Z,0.78423327008,2026-09-01 01:35:09.742,1521.475
Pulse experiments,pioreactor01,2026-08-31T19:50:14.735Z,0.784386473055,2026-09-01 01:35:14.735,1521.476388888889
Pulse experiments,pioreactor01,2026-08-31T19:50:19.756Z,0.784471217968,2026-09-01 01:35:19.756,1521.477777777778
Pulse experiments,pioreactor01,2026-08-31T19:50:24.737Z,0.784548181477,2026-09-01 01:35:24.737,1521.479166666667
Pulse experiments,pioreactor01,2026-08-31T19:50:29.739Z,0.784645963803,2026-09-01 01:35:29.739,1521.480555555556
Pulse experiments,pioreactor01,2026-08-31T19:50:34.747Z,0.784770518242,2026-09-01 01:35:34.747,1521.481944444444
Pulse experiments,pioreactor01,2026-08-31T19:50:39.739Z,0.784887506147,2026-09-01 01:35:39.739,1521.483333333333
Pulse experiments,pioreactor01,2026-08-31T19:50:44.754Z,0.78506296909,2026-09-01 01:35:44.754,1521.484722222222
Pulse experiments,pioreactor01,2026-08-31T19:50:49.739Z,0.785203777581,2026-09-01 01:35:49.739,1521.486111111111
Pulse experiments,pioreactor01,2026-08-31T19:50:54.751Z,0.785374219065,2026-09-01 01:35:54.751,1521.4875
Pulse experiments,pioreactor01,2026-08-31T19:50:59.736Z,0.785506350281,2026-09-01 01:35:59.736,1521.488888888889
Pulse experiments,pioreactor01,2026-08-31T19:51:04.743Z,0.785632600865,2026-09-01 01:36:04.743,1521.490277777778
Pulse experiments,pioreactor01,2026-08-31T19:51:09.737Z,0.785842705881,2026-09-01 01:36:09.737,1521.491666666667
Pulse experiments,pioreactor01,2026-08-31T19:51:14.742Z,0.786015278071,2026-09-01 01:36:14.742,1521.493055555556
Pulse experiments,pioreactor01,2026-08-31T19:51:19.742Z,0.786174178092,2026-09-01 01:36:19.742,1521.494444444445
Pulse experiments,pioreactor01,2026-08-31T19:51:24.735Z,0.786318570164,2026-09-01 01:36:24.735,1521.495833333333
Pulse experiments,pioreactor01,2026-08-31T19:51:29.739Z,0.786479664694,2026-09-01 01:36:29.739,1521.497222222222
Pulse experiments,pioreactor01,2026-08-31T19:51:34.745Z,0.786652846224,2026-09-01 01:36:34.745,1521.498611111111
Pulse experiments,pioreactor01,2026-08-31T19:51:39.738Z,0.786832967813,2026-09-01 01:36:39.738,1521.5
Pulse experiments,pioreactor01,2026-08-31T19:51:44.735Z,0.786920094824,2026-09-01 01:36:44.735,1521.501388888889
Pulse experiments,pioreactor01,2026-08-31T19:51:49.738Z,0.787004718474,2026-09-01 01:36:49.738,1521.502777777778
Pulse experiments,pioreactor01,2026-08-31T19:51:54.735Z,0.787117403131,2026-09-01 01:36:54.735,1521.504166666667
Pulse experiments,pioreactor01,2026-08-31T19:51:59.737Z,0.787224631102,2026-09-01 01:36:59.737,1521.505555555555
Pulse experiments,pioreactor01,2026-08-31T19:52:04.739Z,0.787338179878,2026-09-01 01:37:04.739,1521.506944444444
Pulse experiments,pioreactor01,2026-08-31T19:52:09.737Z,0.787483215812,2026-09-01 01:37:09.737,1521.508333333333
Pulse experiments,pioreactor01,2026-08-31T19:52:14.741Z,0.787590326771,2026-09-01 01:37:14.741,1521.509722222222
Pulse experiments,pioreactor01,2026-08-31T19:52:24.735Z,0.787811759253,2026-09-01 01:37:24.735,1521.5125
Pulse experiments,pioreactor01,2026-08-31T19:52:29.735Z,0.787969023981,2026-09-01 01:37:29.735,1521.513888888889
Pulse experiments,pioreactor01,2026-08-31T19:52:34.740Z,0.788135072204,2026-09-01 01:37:34.740,1521.515277777778
Pulse experiments,pioreactor01,2026-08-31T19:52:39.733Z,0.788239853829,2026-09-01 01:37:39.733,1521.516666666667
Pulse experiments,pioreactor01,2026-08-31T19:52:44.734Z,0.788300529509,2026-09-01 01:37:44.734,1521.518055555556
Pulse experiments,pioreactor01,2026-08-31T19:52:49.740Z,0.788439468422,2026-09-01 01:37:49.740,1521.519444444444
Pulse experiments,pioreactor01,2026-08-31T19:52:54.739Z,0.788600686678,2026-09-01 01:37:54.739,1521.520833333333
Pulse experiments,pioreactor01,2026-08-31T19:52:59.734Z,0.788766123673,2026-09-01 01:37:59.734,1521.522222222222
Pulse experiments,pioreactor01,2026-08-31T19:53:04.752Z,0.788891675815,2026-09-01 01:38:04.752,1521.523611111111
Pulse experiments,pioreactor01,2026-08-31T19:53:09.742Z,0.789061187671,2026-09-01 01:38:09.742,1521.525
Pulse experiments,pioreactor01,2026-08-31T19:53:19.740Z,0.789419520494,2026-09-01 01:38:19.740,1521.527777777778
Pulse experiments,pioreactor01,2026-08-31T19:53:24.735Z,0.789587840212,2026-09-01 01:38:24.735,1521.529166666667
Pulse experiments,pioreactor01,2026-08-31T19:53:29.755Z,0.789706792436,2026-09-01 01:38:29.755,1521.530555555556
Pulse experiments,pioreactor01,2026-08-31T19:53:34.735Z,0.789835812382,2026-09-01 01:38:34.735,1521.531944444444
Pulse experiments,pioreactor01,2026-08-31T19:53:39.741Z,0.789879015447,2026-09-01 01:38:39.741,1521.533333333333
Pulse experiments,pioreactor01,2026-08-31T19:53:44.736Z,0.78998812804,2026-09-01 01:38:44.736,1521.534722222222
Pulse experiments,pioreactor01,2026-08-31T19:53:49.737Z,0.790135047471,2026-09-01 01:38:49.737,1521.536111111111
Pulse experiments,pioreactor01,2026-08-31T19:53:54.735Z,0.790268747111,2026-09-01 01:38:54.735,1521.5375
Pulse experiments,pioreactor01,2026-08-31T19:53:59.735Z,0.790373096451,2026-09-01 01:38:59.735,1521.538888888889
Pulse experiments,pioreactor01,2026-08-31T19:54:04.739Z,0.790444065791,2026-09-01 01:39:04.739,1521.540277777778
Pulse experiments,pioreactor01,2026-08-31T19:54:09.734Z,0.790595266542,2026-09-01 01:39:09.734,1521.541666666667
Pulse experiments,pioreactor01,2026-08-31T19:54:14.763Z,0.790716124577,2026-09-01 01:39:14.763,1521.543055555556
Pulse experiments,pioreactor01,2026-08-31T19:54:19.738Z,0.790833524872,2026-09-01 01:39:19.738,1521.544444444444
Pulse experiments,pioreactor01,2026-08-31T19:54:24.735Z,0.790990742015,2026-09-01 01:39:24.735,1521.545833333333
Pulse experiments,pioreactor01,2026-08-31T19:54:29.745Z,0.789621733804,2026-09-01 01:39:29.745,1521.547222222222
Pulse experiments,pioreactor01,2026-08-31T19:54:34.740Z,0.787248969843,2026-09-01 01:39:34.740,1521.548611111111
Pulse experiments,pioreactor01,2026-08-31T19:54:44.755Z,0.781623512301,2026-09-01 01:39:44.755,1521.551388888889
Pulse experiments,pioreactor01,2026-08-31T19:54:49.741Z,0.782206819659,2026-09-01 01:39:49.741,1521.552777777778
Pulse experiments,pioreactor01,2026-08-31T19:54:54.801Z,0.782245499124,2026-09-01 01:39:54.801,1521.554166666667
Pulse experiments,pioreactor01,2026-08-31T19:54:59.743Z,0.782737376303,2026-09-01 01:39:59.743,1521.555555555556
Pulse experiments,pioreactor01,2026-08-31T19:55:04.739Z,0.783607506029,2026-09-01 01:40:04.739,1521.556944444445
Pulse experiments,pioreactor01,2026-08-31T19:55:09.736Z,0.783983252852,2026-09-01 01:40:09.736,1521.558333333333
Pulse experiments,pioreactor01,2026-08-31T19:55:14.740Z,0.784117093612,2026-09-01 01:40:14.740,1521.559722222222
Pulse experiments,pioreactor01,2026-08-31T19:55:19.734Z,0.784526955535,2026-09-01 01:40:19.734,1521.561111111111
Pulse experiments,pioreactor01,2026-08-31T19:55:24.739Z,0.784535428659,2026-09-01 01:40:24.739,1521.5625
Pulse experiments,pioreactor01,2026-08-31T19:55:29.737Z,0.784498351811,2026-09-01 01:40:29.737,1521.563888888889
Pulse experiments,pioreactor01,2026-08-31T19:55:34.739Z,0.784703524224,2026-09-01 01:40:34.739,1521.565277777778
Pulse experiments,pioreactor01,2026-08-31T19:55:39.739Z,0.785129642729,2026-09-01 01:40:39.739,1521.566666666667
Pulse experiments,pioreactor01,2026-08-31T19:55:44.739Z,0.785435993143,2026-09-01 01:40:44.739,1521.568055555555
Pulse experiments,pioreactor01,2026-08-31T19:55:49.735Z,0.785628092113,2026-09-01 01:40:49.735,1521.569444444444
Pulse experiments,pioreactor01,2026-08-31T19:55:54.746Z,0.785655865197,2026-09-01 01:40:54.746,1521.570833333333
Pulse experiments,pioreactor01,2026-08-31T19:55:59.735Z,0.785538463484,2026-09-01 01:40:59.735,1521.572222222222
Pulse experiments,pioreactor01,2026-08-31T19:56:04.740Z,0.785655644477,2026-09-01 01:41:04.740,1521.573611111111
Pulse experiments,pioreactor01,2026-08-31T19:56:09.734Z,0.785769245618,2026-09-01 01:41:09.734,1521.575
Pulse experiments,pioreactor01,2026-08-31T19:56:14.735Z,0.786040977938,2026-09-01 01:41:14.735,1521.576388888889
Pulse experiments,pioreactor01,2026-08-31T19:56:19.741Z,0.78629037972,2026-09-01 01:41:19.741,1521.577777777778
Pulse experiments,pioreactor01,2026-08-31T19:56:24.741Z,0.786304947469,2026-09-01 01:41:24.741,1521.579166666667
Pulse experiments,pioreactor01,2026-08-31T19:56:29.748Z,0.786415000959,2026-09-01 01:41:29.748,1521.580555555556
Pulse experiments,pioreactor01,2026-08-31T19:56:34.741Z,0.786455400961,2026-09-01 01:41:34.741,1521.581944444444
Pulse experiments,pioreactor01,2026-08-31T19:56:39.735Z,0.786688916155,2026-09-01 01:41:39.735,1521.583333333333
Pulse experiments,pioreactor01,2026-08-31T19:56:44.735Z,0.786862979823,2026-09-01 01:41:44.735,1521.584722222222
Pulse experiments,pioreactor01,2026-08-31T19:56:54.735Z,0.787153944642,2026-09-01 01:41:54.735,1521.5875
Pulse experiments,pioreactor01,2026-08-31T19:56:59.736Z,0.787186377153,2026-09-01 01:41:59.736,1521.588888888889
Pulse experiments,pioreactor01,2026-08-31T19:57:04.734Z,0.787317342275,2026-09-01 01:42:04.734,1521.590277777778
Pulse experiments,pioreactor01,2026-08-31T19:57:09.737Z,0.787481565693,2026-09-01 01:42:09.737,1521.591666666667
Pulse experiments,pioreactor01,2026-08-31T19:57:14.745Z,0.787752283031,2026-09-01 01:42:14.745,1521.593055555556
Pulse experiments,pioreactor01,2026-08-31T19:57:19.738Z,0.788004370551,2026-09-01 01:42:19.738,1521.594444444444
Pulse experiments,pioreactor01,2026-08-31T19:57:29.736Z,0.788334243142,2026-09-01 01:42:29.736,1521.597222222222
Pulse experiments,pioreactor01,2026-08-31T19:57:34.735Z,0.788470539885,2026-09-01 01:42:34.735,1521.598611111111
Pulse experiments,pioreactor01,2026-08-31T19:57:39.750Z,0.788655146518,2026-09-01 01:42:39.750,1521.6
Pulse experiments,pioreactor01,2026-08-31T19:57:44.734Z,0.788689054647,2026-09-01 01:42:44.734,1521.601388888889
Pulse experiments,pioreactor01,2026-08-31T19:57:49.735Z,0.788828865364,2026-09-01 01:42:49.735,1521.602777777778
Pulse experiments,pioreactor01,2026-08-31T19:57:54.737Z,0.788962880085,2026-09-01 01:42:54.737,1521.604166666667
Pulse experiments,pioreactor01,2026-08-31T19:57:59.735Z,0.789091174073,2026-09-01 01:42:59.735,1521.605555555556
Pulse experiments,pioreactor01,2026-08-31T19:58:09.734Z,0.789306348299,2026-09-01 01:43:09.734,1521.608333333333
Pulse experiments,pioreactor01,2026-08-31T19:58:14.734Z,0.789417683294,2026-09-01 01:43:14.734,1521.609722222222
Pulse experiments,pioreactor01,2026-08-31T19:58:19.739Z,0.789510102418,2026-09-01 01:43:19.739,1521.611111111111
Pulse experiments,pioreactor01,2026-08-31T19:58:24.738Z,0.789619281459,2026-09-01 01:43:24.738,1521.6125
Pulse experiments,pioreactor01,2026-08-31T19:58:29.735Z,0.789729247163,2026-09-01 01:43:29.735,1521.613888888889
Pulse experiments,pioreactor01,2026-08-31T19:58:34.734Z,0.789906787751,2026-09-01 01:43:34.734,1521.615277777778
Pulse experiments,pioreactor01,2026-08-31T19:58:39.734Z,0.790111525435,2026-09-01 01:43:39.734,1521.616666666667
Pulse experiments,pioreactor01,2026-08-31T19:58:44.734Z,0.79027872475,2026-09-01 01:43:44.734,1521.618055555556
Pulse experiments,pioreactor01,2026-08-31T19:58:49.739Z,0.790468497304,2026-09-01 01:43:49.739,1521.619444444445
Pulse experiments,pioreactor01,2026-08-31T19:58:54.739Z,0.790633549841,2026-09-01 01:43:54.739,1521.620833333333
Pulse experiments,pioreactor01,2026-08-31T19:58:59.739Z,0.790768514794,2026-09-01 01:43:59.739,1521.622222222222
Pulse experiments,pioreactor01,2026-08-31T19:59:04.738Z,0.790910684201,2026-09-01 01:44:04.738,1521.623611111111
Pulse experiments,pioreactor01,2026-08-31T19:59:09.736Z,0.791055273233,2026-09-01 01:44:09.736,1521.625
Pulse experiments,pioreactor01,2026-08-31T19:59:14.735Z,0.791175349462,2026-09-01 01:44:14.735,1521.626388888889
Pulse experiments,pioreactor01,2026-08-31T19:59:19.738Z,0.791294132961,2026-09-01 01:44:19.738,1521.627777777778
Pulse experiments,pioreactor01,2026-08-31T19:59:24.753Z,0.791455355101,2026-09-01 01:44:24.753,1521.629166666667
Pulse experiments,pioreactor01,2026-08-31T19:59:29.740Z,0.791587355436,2026-09-01 01:44:29.740,1521.630555555555
Pulse experiments,pioreactor01,2026-08-31T19:59:34.741Z,0.791682921695,2026-09-01 01:44:34.741,1521.631944444444
Pulse experiments,pioreactor01,2026-08-31T19:59:39.757Z,0.791809291646,2026-09-01 01:44:39.757,1521.633333333333
Pulse experiments,pioreactor01,2026-08-31T19:59:44.739Z,0.791916081198,2026-09-01 01:44:44.739,1521.634722222222
Pulse experiments,pioreactor01,2026-08-31T19:59:49.735Z,0.79204417288,2026-09-01 01:44:49.735,1521.636111111111
Pulse experiments,pioreactor01,2026-08-31T19:59:54.734Z,0.79215788131,2026-09-01 01:44:54.734,1521.6375
Pulse experiments,pioreactor01,2026-08-31T19:59:59.740Z,0.792206333039,2026-09-01 01:44:59.740,1521.638888888889
Pulse experiments,pioreactor01,2026-08-31T20:00:04.753Z,0.792389199751,2026-09-01 01:45:04.753,1521.640277777778
Pulse experiments,pioreactor01,2026-08-31T20:00:09.756Z,0.792531433152,2026-09-01 01:45:09.756,1521.641666666667
Pulse experiments,pioreactor01,2026-08-31T20:00:14.738Z,0.792644598144,2026-09-01 01:45:14.738,1521.643055555556
Pulse experiments,pioreactor01,2026-08-31T20:00:19.743Z,0.792773878189,2026-09-01 01:45:19.743,1521.644444444444
Pulse experiments,pioreactor01,2026-08-31T20:00:24.736Z,0.792884178998,2026-09-01 01:45:24.736,1521.645833333333
Pulse experiments,pioreactor01,2026-08-31T20:00:29.735Z,0.793036342855,2026-09-01 01:45:29.735,1521.647222222222
Pulse experiments,pioreactor01,2026-08-31T20:00:34.746Z,0.793188796526,2026-09-01 01:45:34.746,1521.648611111111
Pulse experiments,pioreactor01,2026-08-31T20:00:39.742Z,0.79332084865,2026-09-01 01:45:39.742,1521.65
Pulse experiments,pioreactor01,2026-08-31T20:00:44.740Z,0.793523992645,2026-09-01 01:45:44.740,1521.651388888889
Pulse experiments,pioreactor01,2026-08-31T20:00:49.737Z,0.793708706988,2026-09-01 01:45:49.737,1521.652777777778
Pulse experiments,pioreactor01,2026-08-31T20:00:54.734Z,0.793853445117,2026-09-01 01:45:54.734,1521.654166666667
Pulse experiments,pioreactor01,2026-08-31T20:00:59.740Z,0.794016877882,2026-09-01 01:45:59.740,1521.655555555556
Pulse experiments,pioreactor01,2026-08-31T20:01:04.740Z,0.794149925648,2026-09-01 01:46:04.740,1521.656944444444
Pulse experiments,pioreactor01,2026-08-31T20:01:09.734Z,0.79429229156,2026-09-01 01:46:09.734,1521.658333333333
Pulse experiments,pioreactor01,2026-08-31T20:01:14.736Z,0.794498759572,2026-09-01 01:46:14.736,1521.659722222222
Pulse experiments,pioreactor01,2026-08-31T20:01:19.738Z,0.794631321355,2026-09-01 01:46:19.738,1521.661111111111
Pulse experiments,pioreactor01,2026-08-31T20:01:24.734Z,0.794763471595,2026-09-01 01:46:24.734,1521.6625
Pulse experiments,pioreactor01,2026-08-31T20:01:29.738Z,0.794873483143,2026-09-01 01:46:29.738,1521.663888888889
Pulse experiments,pioreactor01,2026-08-31T20:01:34.737Z,0.794986497164,2026-09-01 01:46:34.737,1521.665277777778
Pulse experiments,pioreactor01,2026-08-31T20:01:39.745Z,0.795132102039,2026-09-01 01:46:39.745,1521.666666666667
Pulse experiments,pioreactor01,2026-08-31T20:01:44.744Z,0.795250535753,2026-09-01 01:46:44.744,1521.668055555556
Pulse experiments,pioreactor01,2026-08-31T20:01:49.736Z,0.795367501147,2026-09-01 01:46:49.736,1521.669444444444
Pulse experiments,pioreactor01,2026-08-31T20:01:54.736Z,0.795477430767,2026-09-01 01:46:54.736,1521.670833333333
Pulse experiments,pioreactor01,2026-08-31T20:01:59.744Z,0.795626319029,2026-09-01 01:46:59.744,1521.672222222222
Pulse experiments,pioreactor01,2026-08-31T20:02:04.734Z,0.795792653784,2026-09-01 01:47:04.734,1521.673611111111
Pulse experiments,pioreactor01,2026-08-31T20:02:09.740Z,0.795956237753,2026-09-01 01:47:09.740,1521.675
Pulse experiments,pioreactor01,2026-08-31T20:02:14.742Z,0.796080190408,2026-09-01 01:47:14.742,1521.676388888889
Pulse experiments,pioreactor01,2026-08-31T20:02:19.734Z,0.796208648999,2026-09-01 01:47:19.734,1521.677777777778
Pulse experiments,pioreactor01,2026-08-31T20:02:24.738Z,0.796340450531,2026-09-01 01:47:24.738,1521.679166666667
Pulse experiments,pioreactor01,2026-08-31T20:02:29.737Z,0.796533580562,2026-09-01 01:47:29.737,1521.680555555556
Pulse experiments,pioreactor01,2026-08-31T20:02:34.735Z,0.796758171223,2026-09-01 01:47:34.735,1521.681944444445
Pulse experiments,pioreactor01,2026-08-31T20:02:39.741Z,0.796905845484,2026-09-01 01:47:39.741,1521.683333333333
Pulse experiments,pioreactor01,2026-08-31T20:02:44.738Z,0.797050622999,2026-09-01 01:47:44.738,1521.684722222222
Pulse experiments,pioreactor01,2026-08-31T20:02:49.739Z,0.797189136072,2026-09-01 01:47:49.739,1521.686111111111
Pulse experiments,pioreactor01,2026-08-31T20:02:54.742Z,0.797333167175,2026-09-01 01:47:54.742,1521.6875
Pulse experiments,pioreactor01,2026-08-31T20:02:59.742Z,0.797407566403,2026-09-01 01:47:59.742,1521.688888888889
Pulse experiments,pioreactor01,2026-08-31T20:03:04.734Z,0.797549653189,2026-09-01 01:48:04.734,1521.690277777778
Pulse experiments,pioreactor01,2026-08-31T20:03:09.737Z,0.797637325921,2026-09-01 01:48:09.737,1521.691666666667
Pulse experiments,pioreactor01,2026-08-31T20:03:14.736Z,0.797820380278,2026-09-01 01:48:14.736,1521.693055555555
Pulse experiments,pioreactor01,2026-08-31T20:03:19.740Z,0.797980164301,2026-09-01 01:48:19.740,1521.694444444444
Pulse experiments,pioreactor01,2026-08-31T20:03:24.737Z,0.798092923205,2026-09-01 01:48:24.737,1521.695833333333
Pulse experiments,pioreactor01,2026-08-31T20:03:29.744Z,0.798213497164,2026-09-01 01:48:29.744,1521.697222222222
Pulse experiments,pioreactor01,2026-08-31T20:03:34.735Z,0.7983192193,2026-09-01 01:48:34.735,1521.698611111111
Pulse experiments,pioreactor01,2026-08-31T20:03:39.734Z,0.798486463316,2026-09-01 01:48:39.734,1521.7
Pulse experiments,pioreactor01,2026-08-31T20:03:44.753Z,0.798604046407,2026-09-01 01:48:44.753,1521.701388888889
Pulse experiments,pioreactor01,2026-08-31T20:03:49.734Z,0.798707926577,2026-09-01 01:48:49.734,1521.702777777778
Pulse experiments,pioreactor01,2026-08-31T20:03:54.735Z,0.798816091438,2026-09-01 01:48:54.735,1521.704166666667
Pulse experiments,pioreactor01,2026-08-31T20:03:59.740Z,0.798890533081,2026-09-01 01:48:59.740,1521.705555555556
Pulse experiments,pioreactor01,2026-08-31T20:04:04.741Z,0.798961281316,2026-09-01 01:49:04.741,1521.706944444444
Pulse experiments,pioreactor01,2026-08-31T20:04:09.738Z,0.79904972023,2026-09-01 01:49:09.738,1521.708333333333
Pulse experiments,pioreactor01,2026-08-31T20:04:14.745Z,0.799170287907,2026-09-01 01:49:14.745,1521.709722222222
Pulse experiments,pioreactor01,2026-08-31T20:04:19.750Z,0.799320880812,2026-09-01 01:49:19.750,1521.711111111111
Pulse experiments,pioreactor01,2026-08-31T20:04:24.749Z,0.799480183976,2026-09-01 01:49:24.749,1521.7125
Pulse experiments,pioreactor01,2026-08-31T20:04:29.734Z,0.799685474533,2026-09-01 01:49:29.734,1521.713888888889
Pulse experiments,pioreactor01,2026-08-31T20:04:34.754Z,0.799818951264,2026-09-01 01:49:34.754,1521.715277777778
Pulse experiments,pioreactor01,2026-08-31T20:04:39.739Z,0.799940655764,2026-09-01 01:49:39.739,1521.716666666667
Pulse experiments,pioreactor01,2026-08-31T20:04:44.816Z,0.800051258038,2026-09-01 01:49:44.816,1521.718055555556
Pulse experiments,pioreactor01,2026-08-31T20:04:49.737Z,0.787717160592,2026-09-01 01:49:49.737,1521.719444444444
Pulse experiments,pioreactor01,2026-08-31T20:04:54.734Z,0.784213509853,2026-09-01 01:49:54.734,1521.720833333333
Pulse experiments,pioreactor01,2026-08-31T20:04:59.742Z,0.783348592296,2026-09-01 01:49:59.742,1521.722222222222
Pulse experiments,pioreactor01,2026-08-31T20:05:04.743Z,0.783710368059,2026-09-01 01:50:04.743,1521.723611111111
Pulse experiments,pioreactor01,2026-08-31T20:05:09.738Z,0.783963625797,2026-09-01 01:50:09.738,1521.725
Pulse experiments,pioreactor01,2026-08-31T20:05:14.735Z,0.784064873079,2026-09-01 01:50:14.735,1521.726388888889
Pulse experiments,pioreactor01,2026-08-31T20:05:19.790Z,0.784100544676,2026-09-01 01:50:19.790,1521.727777777778
Pulse experiments,pioreactor01,2026-08-31T20:05:24.735Z,0.784072415966,2026-09-01 01:50:24.735,1521.729166666667
Pulse experiments,pioreactor01,2026-08-31T20:05:29.755Z,0.784682033416,2026-09-01 01:50:29.755,1521.730555555556
Pulse experiments,pioreactor01,2026-08-31T20:05:34.737Z,0.785131521546,2026-09-01 01:50:34.737,1521.731944444444
Pulse experiments,pioreactor01,2026-08-31T20:05:39.734Z,0.78529809609,2026-09-01 01:50:39.734,1521.733333333333
Pulse experiments,pioreactor01,2026-08-31T20:05:44.735Z,0.785310357913,2026-09-01 01:50:44.735,1521.734722222222
Pulse experiments,pioreactor01,2026-08-31T20:05:54.734Z,0.785508645398,2026-09-01 01:50:54.734,1521.7375
Pulse experiments,pioreactor01,2026-08-31T20:05:59.742Z,0.785613838462,2026-09-01 01:50:59.742,1521.738888888889
Pulse experiments,pioreactor01,2026-08-31T20:06:04.741Z,0.785762962784,2026-09-01 01:51:04.741,1521.740277777778
Pulse experiments,pioreactor01,2026-08-31T20:06:09.754Z,0.785774241632,2026-09-01 01:51:09.754,1521.741666666667
Pulse experiments,pioreactor01,2026-08-31T20:06:14.736Z,0.785986595316,2026-09-01 01:51:14.736,1521.743055555556
Pulse experiments,pioreactor01,2026-08-31T20:06:19.742Z,0.786137875071,2026-09-01 01:51:19.742,1521.744444444445
Pulse experiments,pioreactor01,2026-08-31T20:06:24.740Z,0.786334400991,2026-09-01 01:51:24.740,1521.745833333333
Pulse experiments,pioreactor01,2026-08-31T20:06:29.738Z,0.786520587447,2026-09-01 01:51:29.738,1521.747222222222
Pulse experiments,pioreactor01,2026-08-31T20:06:34.739Z,0.786693413352,2026-09-01 01:51:34.739,1521.748611111111
Pulse experiments,pioreactor01,2026-08-31T20:06:39.734Z,0.786763540589,2026-09-01 01:51:39.734,1521.75
Pulse experiments,pioreactor01,2026-08-31T20:06:44.747Z,0.786802881762,2026-09-01 01:51:44.747,1521.751388888889
Pulse experiments,pioreactor01,2026-08-31T20:06:49.740Z,0.786814177954,2026-09-01 01:51:49.740,1521.752777777778
Pulse experiments,pioreactor01,2026-08-31T20:06:54.734Z,0.786904342046,2026-09-01 01:51:54.734,1521.754166666667
Pulse experiments,pioreactor01,2026-08-31T20:06:59.741Z,0.787006240396,2026-09-01 01:51:59.741,1521.755555555555
Pulse experiments,pioreactor01,2026-08-31T20:07:04.734Z,0.787120473276,2026-09-01 01:52:04.734,1521.756944444444
Pulse experiments,pioreactor01,2026-08-31T20:07:09.734Z,0.787214529939,2026-09-01 01:52:09.734,1521.758333333333
Pulse experiments,pioreactor01,2026-08-31T20:07:14.736Z,0.787357250247,2026-09-01 01:52:14.736,1521.759722222222
Pulse experiments,pioreactor01,2026-08-31T20:07:19.743Z,0.787432600511,2026-09-01 01:52:19.743,1521.761111111111
Pulse experiments,pioreactor01,2026-08-31T20:07:24.735Z,0.787426079192,2026-09-01 01:52:24.735,1521.7625
Pulse experiments,pioreactor01,2026-08-31T20:07:34.734Z,0.78764357696,2026-09-01 01:52:34.734,1521.765277777778
Pulse experiments,pioreactor01,2026-08-31T20:07:44.751Z,0.787889714011,2026-09-01 01:52:44.751,1521.768055555556
Pulse experiments,pioreactor01,2026-08-31T20:07:49.748Z,0.788025017085,2026-09-01 01:52:49.748,1521.769444444444
Pulse experiments,pioreactor01,2026-08-31T20:07:54.742Z,0.788216566714,2026-09-01 01:52:54.742,1521.770833333333
Pulse experiments,pioreactor01,2026-08-31T20:07:59.736Z,0.788457627741,2026-09-01 01:52:59.736,1521.772222222222
Pulse experiments,pioreactor01,2026-08-31T20:08:04.744Z,0.78869309293,2026-09-01 01:53:04.744,1521.773611111111
Pulse experiments,pioreactor01,2026-08-31T20:08:09.744Z,0.788904106686,2026-09-01 01:53:09.744,1521.775
Pulse experiments,pioreactor01,2026-08-31T20:08:14.738Z,0.78915353909,2026-09-01 01:53:14.738,1521.776388888889
Pulse experiments,pioreactor01,2026-08-31T20:08:19.743Z,0.789327215747,2026-09-01 01:53:19.743,1521.777777777778
Pulse experiments,pioreactor01,2026-08-31T20:08:24.741Z,0.789484255423,2026-09-01 01:53:24.741,1521.779166666667
Pulse experiments,pioreactor01,2026-08-31T20:08:29.735Z,0.789662214868,2026-09-01 01:53:29.735,1521.780555555556
Pulse experiments,pioreactor01,2026-08-31T20:08:34.752Z,0.789804815749,2026-09-01 01:53:34.752,1521.781944444444
Pulse experiments,pioreactor01,2026-08-31T20:08:39.742Z,0.78992474629,2026-09-01 01:53:39.742,1521.783333333333
Pulse experiments,pioreactor01,2026-08-31T20:08:44.737Z,0.790132741691,2026-09-01 01:53:44.737,1521.784722222222
Pulse experiments,pioreactor01,2026-08-31T20:08:49.737Z,0.79034932615,2026-09-01 01:53:49.737,1521.786111111111
Pulse experiments,pioreactor01,2026-08-31T20:08:54.735Z,0.790566686883,2026-09-01 01:53:54.735,1521.7875
Pulse experiments,pioreactor01,2026-08-31T20:08:59.735Z,0.790796654545,2026-09-01 01:53:59.735,1521.788888888889
Pulse experiments,pioreactor01,2026-08-31T20:09:04.735Z,0.790991987693,2026-09-01 01:54:04.735,1521.790277777778
Pulse experiments,pioreactor01,2026-08-31T20:09:09.753Z,0.791173819049,2026-09-01 01:54:09.753,1521.791666666667
Pulse experiments,pioreactor01,2026-08-31T20:09:14.737Z,0.791337767829,2026-09-01 01:54:14.737,1521.793055555556
Pulse experiments,pioreactor01,2026-08-31T20:09:19.735Z,0.791530528602,2026-09-01 01:54:19.735,1521.794444444444
Pulse experiments,pioreactor01,2026-08-31T20:09:24.740Z,0.791671361954,2026-09-01 01:54:24.740,1521.795833333333
Pulse experiments,pioreactor01,2026-08-31T20:09:29.737Z,0.791858451036,2026-09-01 01:54:29.737,1521.797222222222
Pulse experiments,pioreactor01,2026-08-31T20:09:34.735Z,0.792042875461,2026-09-01 01:54:34.735,1521.798611111111
Pulse experiments,pioreactor01,2026-08-31T20:09:39.739Z,0.792183802733,2026-09-01 01:54:39.739,1521.8
Pulse experiments,pioreactor01,2026-08-31T20:09:44.737Z,0.792361027621,2026-09-01 01:54:44.737,1521.801388888889
Pulse experiments,pioreactor01,2026-08-31T20:09:49.739Z,0.792575151806,2026-09-01 01:54:49.739,1521.802777777778
Pulse experiments,pioreactor01,2026-08-31T20:09:54.740Z,0.792787502564,2026-09-01 01:54:54.740,1521.804166666667
Pulse experiments,pioreactor01,2026-08-31T20:09:59.736Z,0.792927811485,2026-09-01 01:54:59.736,1521.805555555556
Pulse experiments,pioreactor01,2026-08-31T20:10:04.744Z,0.793052532093,2026-09-01 01:55:04.744,1521.806944444445
Pulse experiments,pioreactor01,2026-08-31T20:10:09.735Z,0.793155574681,2026-09-01 01:55:09.735,1521.808333333333
Pulse experiments,pioreactor01,2026-08-31T20:10:14.740Z,0.793281452273,2026-09-01 01:55:14.740,1521.809722222222
Pulse experiments,pioreactor01,2026-08-31T20:10:19.738Z,0.79347071632,2026-09-01 01:55:19.738,1521.811111111111
Pulse experiments,pioreactor01,2026-08-31T20:10:24.733Z,0.793594001064,2026-09-01 01:55:24.733,1521.8125
Pulse experiments,pioreactor01,2026-08-31T20:10:29.735Z,0.793735112216,2026-09-01 01:55:29.735,1521.813888888889
Pulse experiments,pioreactor01,2026-08-31T20:10:34.735Z,0.793895027744,2026-09-01 01:55:34.735,1521.815277777778
Pulse experiments,pioreactor01,2026-08-31T20:10:39.744Z,0.794059434754,2026-09-01 01:55:39.744,1521.816666666667
Pulse experiments,pioreactor01,2026-08-31T20:10:44.738Z,0.794169822837,2026-09-01 01:55:44.738,1521.818055555555
Pulse experiments,pioreactor01,2026-08-31T20:10:49.735Z,0.79425526468,2026-09-01 01:55:49.735,1521.819444444444
Pulse experiments,pioreactor01,2026-08-31T20:10:54.741Z,0.794303959535,2026-09-01 01:55:54.741,1521.820833333333
Pulse experiments,pioreactor01,2026-08-31T20:10:59.740Z,0.794277618134,2026-09-01 01:55:59.740,1521.822222222222
Pulse experiments,pioreactor01,2026-08-31T20:11:04.734Z,0.79433472469,2026-09-01 01:56:04.734,1521.823611111111
Pulse experiments,pioreactor01,2026-08-31T20:11:09.736Z,0.79446254344,2026-09-01 01:56:09.736,1521.825
Pulse experiments,pioreactor01,2026-08-31T20:11:14.744Z,0.794568785702,2026-09-01 01:56:14.744,1521.826388888889
Pulse experiments,pioreactor01,2026-08-31T20:11:19.739Z,0.794693470493,2026-09-01 01:56:19.739,1521.827777777778
Pulse experiments,pioreactor01,2026-08-31T20:11:24.736Z,0.794860033197,2026-09-01 01:56:24.736,1521.829166666667
Pulse experiments,pioreactor01,2026-08-31T20:11:29.753Z,0.795019723964,2026-09-01 01:56:29.753,1521.830555555556
Pulse experiments,pioreactor01,2026-08-31T20:11:34.740Z,0.795193828968,2026-09-01 01:56:34.740,1521.831944444444
Pulse experiments,pioreactor01,2026-08-31T20:11:39.735Z,0.795360951574,2026-09-01 01:56:39.735,1521.833333333333
Pulse experiments,pioreactor01,2026-08-31T20:11:44.736Z,0.795507026159,2026-09-01 01:56:44.736,1521.834722222222
Pulse experiments,pioreactor01,2026-08-31T20:11:49.740Z,0.795692877908,2026-09-01 01:56:49.740,1521.836111111111
Pulse experiments,pioreactor01,2026-08-31T20:11:54.735Z,0.795817131349,2026-09-01 01:56:54.735,1521.8375
Pulse experiments,pioreactor01,2026-08-31T20:11:59.736Z,0.795940552482,2026-09-01 01:56:59.736,1521.838888888889
Pulse experiments,pioreactor01,2026-08-31T20:12:04.742Z,0.79608216553,2026-09-01 01:57:04.742,1521.840277777778
Pulse experiments,pioreactor01,2026-08-31T20:12:09.737Z,0.796098750452,2026-09-01 01:57:09.737,1521.841666666667
Pulse experiments,pioreactor01,2026-08-31T20:12:14.742Z,0.796170336783,2026-09-01 01:57:14.742,1521.843055555556
Pulse experiments,pioreactor01,2026-08-31T20:12:19.735Z,0.796240212726,2026-09-01 01:57:19.735,1521.844444444444
Pulse experiments,pioreactor01,2026-08-31T20:12:24.739Z,0.796461726075,2026-09-01 01:57:24.739,1521.845833333333
Pulse experiments,pioreactor01,2026-08-31T20:12:29.737Z,0.796628164888,2026-09-01 01:57:29.737,1521.847222222222
Pulse experiments,pioreactor01,2026-08-31T20:12:34.736Z,0.796792769765,2026-09-01 01:57:34.736,1521.848611111111
Pulse experiments,pioreactor01,2026-08-31T20:12:39.753Z,0.796964184271,2026-09-01 01:57:39.753,1521.85
Pulse experiments,pioreactor01,2026-08-31T20:12:44.738Z,0.797161554315,2026-09-01 01:57:44.738,1521.851388888889
Pulse experiments,pioreactor01,2026-08-31T20:12:49.734Z,0.797329677086,2026-09-01 01:57:49.734,1521.852777777778
Pulse experiments,pioreactor01,2026-08-31T20:12:54.735Z,0.797497340322,2026-09-01 01:57:54.735,1521.854166666667
Pulse experiments,pioreactor01,2026-08-31T20:12:59.752Z,0.797665018382,2026-09-01 01:57:59.752,1521.855555555556
Pulse experiments,pioreactor01,2026-08-31T20:13:04.737Z,0.79781710757,2026-09-01 01:58:04.737,1521.856944444444
Pulse experiments,pioreactor01,2026-08-31T20:13:09.735Z,0.798015627903,2026-09-01 01:58:09.735,1521.858333333333
Pulse experiments,pioreactor01,2026-08-31T20:13:14.759Z,0.798127382832,2026-09-01 01:58:14.759,1521.859722222222
Pulse experiments,pioreactor01,2026-08-31T20:13:19.738Z,0.798250299537,2026-09-01 01:58:19.738,1521.861111111111
Pulse experiments,pioreactor01,2026-08-31T20:13:29.735Z,0.798483909053,2026-09-01 01:58:29.735,1521.863888888889
Pulse experiments,pioreactor01,2026-08-31T20:13:34.749Z,0.798627292865,2026-09-01 01:58:34.749,1521.865277777778
Pulse experiments,pioreactor01,2026-08-31T20:13:39.739Z,0.798759435754,2026-09-01 01:58:39.739,1521.866666666667
Pulse experiments,pioreactor01,2026-08-31T20:13:44.737Z,0.798871301664,2026-09-01 01:58:44.737,1521.868055555556
Pulse experiments,pioreactor01,2026-08-31T20:13:49.735Z,0.798994526042,2026-09-01 01:58:49.735,1521.869444444445
Pulse experiments,pioreactor01,2026-08-31T20:13:54.743Z,0.799094012928,2026-09-01 01:58:54.743,1521.870833333333
Pulse experiments,pioreactor01,2026-08-31T20:13:59.738Z,0.799217038082,2026-09-01 01:58:59.738,1521.872222222222
Pulse experiments,pioreactor01,2026-08-31T20:14:04.734Z,0.799336878951,2026-09-01 01:59:04.734,1521.873611111111
Pulse experiments,pioreactor01,2026-08-31T20:14:09.734Z,0.799467011541,2026-09-01 01:59:09.734,1521.875
Pulse experiments,pioreactor01,2026-08-31T20:14:14.741Z,0.799520506129,2026-09-01 01:59:14.741,1521.876388888889
Pulse experiments,pioreactor01,2026-08-31T20:14:19.743Z,0.799614310687,2026-09-01 01:59:19.743,1521.877777777778
Pulse experiments,pioreactor01,2026-08-31T20:14:24.742Z,0.799754522432,2026-09-01 01:59:24.742,1521.879166666667
Pulse experiments,pioreactor01,2026-08-31T20:14:29.734Z,0.799914776712,2026-09-01 01:59:29.734,1521.880555555555
Pulse experiments,pioreactor01,2026-08-31T20:14:34.733Z,0.79999454728,2026-09-01 01:59:34.733,1521.881944444444
Pulse experiments,pioreactor01,2026-08-31T20:14:39.734Z,0.800107537772,2026-09-01 01:59:39.734,1521.883333333333
Pulse experiments,pioreactor01,2026-08-31T20:14:44.738Z,0.800237044057,2026-09-01 01:59:44.738,1521.884722222222
Pulse experiments,pioreactor01,2026-08-31T20:14:49.739Z,0.800351340742,2026-09-01 01:59:49.739,1521.886111111111
Pulse experiments,pioreactor01,2026-08-31T20:14:54.735Z,0.802246433723,2026-09-01 01:59:54.735,1521.8875
Pulse experiments,pioreactor01,2026-08-31T20:14:59.793Z,0.791276023982,2026-09-01 01:59:59.793,1521.888888888889
Pulse experiments,pioreactor01,2026-08-31T20:15:04.751Z,0.781655311492,2026-09-01 02:00:04.751,1521.890277777778
Pulse experiments,pioreactor01,2026-08-31T20:15:09.744Z,0.774850172219,2026-09-01 02:00:09.744,1521.891666666667
Pulse experiments,pioreactor01,2026-08-31T20:15:14.734Z,0.774504385823,2026-09-01 02:00:14.734,1521.893055555556
Pulse experiments,pioreactor01,2026-08-31T20:15:19.774Z,0.773668052371,2026-09-01 02:00:19.774,1521.894444444444
Pulse experiments,pioreactor01,2026-08-31T20:15:24.734Z,0.7731005996,2026-09-01 02:00:24.734,1521.895833333333
Pulse experiments,pioreactor01,2026-08-31T20:15:29.738Z,0.773351827019,2026-09-01 02:00:29.738,1521.897222222222
Pulse experiments,pioreactor01,2026-08-31T20:15:34.734Z,0.774064538914,2026-09-01 02:00:34.734,1521.898611111111
Pulse experiments,pioreactor01,2026-08-31T20:15:39.763Z,0.774405968345,2026-09-01 02:00:39.763,1521.9
Pulse experiments,pioreactor01,2026-08-31T20:15:44.735Z,0.774487377582,2026-09-01 02:00:44.735,1521.901388888889
Pulse experiments,pioreactor01,2026-08-31T20:15:49.769Z,0.774757239551,2026-09-01 02:00:49.769,1521.902777777778
Pulse experiments,pioreactor01,2026-08-31T20:15:54.734Z,0.774893999477,2026-09-01 02:00:54.734,1521.904166666667
Pulse experiments,pioreactor01,2026-08-31T20:15:59.743Z,0.775142244229,2026-09-01 02:00:59.743,1521.905555555556
Pulse experiments,pioreactor01,2026-08-31T20:16:04.735Z,0.7753222365,2026-09-01 02:01:04.735,1521.906944444444
Pulse experiments,pioreactor01,2026-08-31T20:16:09.734Z,0.775545274633,2026-09-01 02:01:09.734,1521.908333333333
Pulse experiments,pioreactor01,2026-08-31T20:16:14.742Z,0.775660296895,2026-09-01 02:01:14.742,1521.909722222222
Pulse experiments,pioreactor01,2026-08-31T20:16:19.749Z,0.775846769254,2026-09-01 02:01:19.749,1521.911111111111
Pulse experiments,pioreactor01,2026-08-31T20:16:24.738Z,0.776118807205,2026-09-01 02:01:24.738,1521.9125
Pulse experiments,pioreactor01,2026-08-31T20:16:29.740Z,0.776212796414,2026-09-01 02:01:29.740,1521.913888888889
Pulse experiments,pioreactor01,2026-08-31T20:16:34.739Z,0.776390208044,2026-09-01 02:01:34.739,1521.915277777778
Pulse experiments,pioreactor01,2026-08-31T20:16:39.734Z,0.776595598636,2026-09-01 02:01:39.734,1521.916666666667
Pulse experiments,pioreactor01,2026-08-31T20:16:44.741Z,0.776675382251,2026-09-01 02:01:44.741,1521.918055555556
Pulse experiments,pioreactor01,2026-08-31T20:16:49.739Z,0.776831651194,2026-09-01 02:01:49.739,1521.919444444444
Pulse experiments,pioreactor01,2026-08-31T20:16:54.738Z,0.776948377154,2026-09-01 02:01:54.738,1521.920833333333
Pulse experiments,pioreactor01,2026-08-31T20:16:59.746Z,0.777115590592,2026-09-01 02:01:59.746,1521.922222222222
Pulse experiments,pioreactor01,2026-08-31T20:17:04.737Z,0.777187708757,2026-09-01 02:02:04.737,1521.923611111111
Pulse experiments,pioreactor01,2026-08-31T20:17:09.736Z,0.777410423822,2026-09-01 02:02:09.736,1521.925
Pulse experiments,pioreactor01,2026-08-31T20:17:14.754Z,0.77763036069,2026-09-01 02:02:14.754,1521.926388888889
Pulse experiments,pioreactor01,2026-08-31T20:17:19.734Z,0.777815029439,2026-09-01 02:02:19.734,1521.927777777778
Pulse experiments,pioreactor01,2026-08-31T20:17:24.743Z,0.77799172993,2026-09-01 02:02:24.743,1521.929166666667
Pulse experiments,pioreactor01,2026-08-31T20:17:29.736Z,0.778085530043,2026-09-01 02:02:29.736,1521.930555555556
Pulse experiments,pioreactor01,2026-08-31T20:17:34.740Z,0.77809497431,2026-09-01 02:02:34.740,1521.931944444445
Pulse experiments,pioreactor01,2026-08-31T20:17:39.739Z,0.77819839901,2026-09-01 02:02:39.739,1521.933333333333
Pulse experiments,pioreactor01,2026-08-31T20:17:44.734Z,0.778319286872,2026-09-01 02:02:44.734,1521.934722222222
Pulse experiments,pioreactor01,2026-08-31T20:17:49.738Z,0.77855388969,2026-09-01 02:02:49.738,1521.936111111111
Pulse experiments,pioreactor01,2026-08-31T20:17:54.740Z,0.778714365864,2026-09-01 02:02:54.740,1521.9375
Pulse experiments,pioreactor01,2026-08-31T20:17:59.734Z,0.778894202499,2026-09-01 02:02:59.734,1521.938888888889
Pulse experiments,pioreactor01,2026-08-31T20:18:04.734Z,0.779063556336,2026-09-01 02:03:04.734,1521.940277777778
Pulse experiments,pioreactor01,2026-08-31T20:18:09.734Z,0.779156016736,2026-09-01 02:03:09.734,1521.941666666667
Pulse experiments,pioreactor01,2026-08-31T20:18:14.736Z,0.779280181189,2026-09-01 02:03:14.736,1521.943055555555
Pulse experiments,pioreactor01,2026-08-31T20:18:19.742Z,0.7794243733,2026-09-01 02:03:19.742,1521.944444444444
Pulse experiments,pioreactor01,2026-08-31T20:18:24.751Z,0.779554054976,2026-09-01 02:03:24.751,1521.945833333333
Pulse experiments,pioreactor01,2026-08-31T20:18:29.736Z,0.779676277547,2026-09-01 02:03:29.736,1521.947222222222
Pulse experiments,pioreactor01,2026-08-31T20:18:34.759Z,0.779794902844,2026-09-01 02:03:34.759,1521.948611111111
Pulse experiments,pioreactor01,2026-08-31T20:18:39.753Z,0.779919752545,2026-09-01 02:03:39.753,1521.95
Pulse experiments,pioreactor01,2026-08-31T20:18:44.738Z,0.7800284578,2026-09-01 02:03:44.738,1521.951388888889
Pulse experiments,pioreactor01,2026-08-31T20:18:49.741Z,0.780143968249,2026-09-01 02:03:49.741,1521.952777777778
Pulse experiments,pioreactor01,2026-08-31T20:18:54.736Z,0.780244287557,2026-09-01 02:03:54.736,1521.954166666667
Pulse experiments,pioreactor01,2026-08-31T20:18:59.734Z,0.780343511446,2026-09-01 02:03:59.734,1521.955555555556
Pulse experiments,pioreactor01,2026-08-31T20:19:04.738Z,0.780418366503,2026-09-01 02:04:04.738,1521.956944444444
Pulse experiments,pioreactor01,2026-08-31T20:19:09.740Z,0.780483098041,2026-09-01 02:04:09.740,1521.958333333333
Pulse experiments,pioreactor01,2026-08-31T20:19:14.734Z,0.780562457004,2026-09-01 02:04:14.734,1521.959722222222
Pulse experiments,pioreactor01,2026-08-31T20:19:19.734Z,0.780695766947,2026-09-01 02:04:19.734,1521.961111111111
Pulse experiments,pioreactor01,2026-08-31T20:19:24.737Z,0.780875725054,2026-09-01 02:04:24.737,1521.9625
Pulse experiments,pioreactor01,2026-08-31T20:19:29.734Z,0.781047431901,2026-09-01 02:04:29.734,1521.963888888889
Pulse experiments,pioreactor01,2026-08-31T20:19:34.741Z,0.781183938726,2026-09-01 02:04:34.741,1521.965277777778
Pulse experiments,pioreactor01,2026-08-31T20:19:39.745Z,0.781348503869,2026-09-01 02:04:39.745,1521.966666666667
Pulse experiments,pioreactor01,2026-08-31T20:19:44.737Z,0.78147469007,2026-09-01 02:04:44.737,1521.968055555556
Pulse experiments,pioreactor01,2026-08-31T20:19:49.734Z,0.781664296521,2026-09-01 02:04:49.734,1521.969444444444
Pulse experiments,pioreactor01,2026-08-31T20:19:54.736Z,0.78187769177,2026-09-01 02:04:54.736,1521.970833333333
Pulse experiments,pioreactor01,2026-08-31T20:19:59.745Z,0.782100139355,2026-09-01 02:04:59.745,1521.972222222222
Pulse experiments,pioreactor01,2026-08-31T20:20:04.734Z,0.782250747379,2026-09-01 02:05:04.734,1521.973611111111
Pulse experiments,pioreactor01,2026-08-31T20:20:09.738Z,0.782417479407,2026-09-01 02:05:09.738,1521.975
Pulse experiments,pioreactor01,2026-08-31T20:20:14.734Z,0.78253365732,2026-09-01 02:05:14.734,1521.976388888889
Pulse experiments,pioreactor01,2026-08-31T20:20:19.735Z,0.782629035432,2026-09-01 02:05:19.735,1521.977777777778
Pulse experiments,pioreactor01,2026-08-31T20:20:29.734Z,0.782854345678,2026-09-01 02:05:29.734,1521.980555555556
Pulse experiments,pioreactor01,2026-08-31T20:20:34.738Z,0.783019179454,2026-09-01 02:05:34.738,1521.981944444444
Pulse experiments,pioreactor01,2026-08-31T20:20:39.736Z,0.7831502281,2026-09-01 02:05:39.736,1521.983333333333
Pulse experiments,pioreactor01,2026-08-31T20:20:44.735Z,0.783294747275,2026-09-01 02:05:44.735,1521.984722222222
Pulse experiments,pioreactor01,2026-08-31T20:20:49.734Z,0.783486921447,2026-09-01 02:05:49.734,1521.986111111111
Pulse experiments,pioreactor01,2026-08-31T20:20:54.737Z,0.783688008848,2026-09-01 02:05:54.737,1521.9875
Pulse experiments,pioreactor01,2026-08-31T20:20:59.761Z,0.783847254597,2026-09-01 02:05:59.761,1521.988888888889
Pulse experiments,pioreactor01,2026-08-31T20:21:04.737Z,0.784008291077,2026-09-01 02:06:04.737,1521.990277777778
Pulse experiments,pioreactor01,2026-08-31T20:21:09.734Z,0.78415430939,2026-09-01 02:06:09.734,1521.991666666667
Pulse experiments,pioreactor01,2026-08-31T20:21:14.738Z,0.784359973592,2026-09-01 02:06:14.738,1521.993055555556
Pulse experiments,pioreactor01,2026-08-31T20:21:19.739Z,0.78446264871,2026-09-01 02:06:19.739,1521.994444444445
Pulse experiments,pioreactor01,2026-08-31T20:21:24.736Z,0.784656065221,2026-09-01 02:06:24.736,1521.995833333333
Pulse experiments,pioreactor01,2026-08-31T20:21:29.743Z,0.784801276263,2026-09-01 02:06:29.743,1521.997222222222
Pulse experiments,pioreactor01,2026-08-31T20:21:34.738Z,0.784983670248,2026-09-01 02:06:34.738,1521.998611111111
Pulse experiments,pioreactor01,2026-08-31T20:21:44.736Z,0.785299774093,2026-09-01 02:06:44.736,1522.001388888889
Pulse experiments,pioreactor01,2026-08-31T20:21:49.738Z,0.785499600676,2026-09-01 02:06:49.738,1522.002777777778
Pulse experiments,pioreactor01,2026-08-31T20:21:54.734Z,0.785630766598,2026-09-01 02:06:54.734,1522.004166666667
Pulse experiments,pioreactor01,2026-08-31T20:21:59.735Z,0.785798121636,2026-09-01 02:06:59.735,1522.005555555555
Pulse experiments,pioreactor01,2026-08-31T20:22:04.743Z,0.785914296068,2026-09-01 02:07:04.743,1522.006944444444
Pulse experiments,pioreactor01,2026-08-31T20:22:09.742Z,0.785999413944,2026-09-01 02:07:09.742,1522.008333333333
Pulse experiments,pioreactor01,2026-08-31T20:22:14.734Z,0.786079735021,2026-09-01 02:07:14.734,1522.009722222222
Pulse experiments,pioreactor01,2026-08-31T20:22:19.737Z,0.786200184914,2026-09-01 02:07:19.737,1522.011111111111
Pulse experiments,pioreactor01,2026-08-31T20:22:24.742Z,0.786440310125,2026-09-01 02:07:24.742,1522.0125
Pulse experiments,pioreactor01,2026-08-31T20:22:29.735Z,0.78665605099,2026-09-01 02:07:29.735,1522.013888888889
Pulse experiments,pioreactor01,2026-08-31T20:22:34.743Z,0.786880043723,2026-09-01 02:07:34.743,1522.015277777778
Pulse experiments,pioreactor01,2026-08-31T20:22:39.735Z,0.787044037469,2026-09-01 02:07:39.735,1522.016666666667
Pulse experiments,pioreactor01,2026-08-31T20:22:44.740Z,0.787203519165,2026-09-01 02:07:44.740,1522.018055555556
Pulse experiments,pioreactor01,2026-08-31T20:22:49.735Z,0.787440860046,2026-09-01 02:07:49.735,1522.019444444444
Pulse experiments,pioreactor01,2026-08-31T20:22:54.740Z,0.787671957149,2026-09-01 02:07:54.740,1522.020833333333
Pulse experiments,pioreactor01,2026-08-31T20:22:59.738Z,0.787794987083,2026-09-01 02:07:59.738,1522.022222222222
Pulse experiments,pioreactor01,2026-08-31T20:23:04.737Z,0.787979467017,2026-09-01 02:08:04.737,1522.023611111111
Pulse experiments,pioreactor01,2026-08-31T20:23:09.745Z,0.788110981392,2026-09-01 02:08:09.745,1522.025
Pulse experiments,pioreactor01,2026-08-31T20:23:14.741Z,0.788259507491,2026-09-01 02:08:14.741,1522.026388888889
Pulse experiments,pioreactor01,2026-08-31T20:23:19.735Z,0.788359581186,2026-09-01 02:08:19.735,1522.027777777778
Pulse experiments,pioreactor01,2026-08-31T20:23:24.736Z,0.78844249209,2026-09-01 02:08:24.736,1522.029166666667
Pulse experiments,pioreactor01,2026-08-31T20:23:29.736Z,0.788634546125,2026-09-01 02:08:29.736,1522.030555555556
Pulse experiments,pioreactor01,2026-08-31T20:23:34.735Z,0.788839140613,2026-09-01 02:08:34.735,1522.031944444444
Pulse experiments,pioreactor01,2026-08-31T20:23:39.736Z,0.78896853218,2026-09-01 02:08:39.736,1522.033333333333
Pulse experiments,pioreactor01,2026-08-31T20:23:44.734Z,0.789142616286,2026-09-01 02:08:44.734,1522.034722222222
Pulse experiments,pioreactor01,2026-08-31T20:23:49.737Z,0.789358104446,2026-09-01 02:08:49.737,1522.036111111111
Pulse experiments,pioreactor01,2026-08-31T20:23:54.735Z,0.789455531808,2026-09-01 02:08:54.735,1522.0375
Pulse experiments,pioreactor01,2026-08-31T20:23:59.741Z,0.789580696166,2026-09-01 02:08:59.741,1522.038888888889
Pulse experiments,pioreactor01,2026-08-31T20:24:04.742Z,0.789765019096,2026-09-01 02:09:04.742,1522.040277777778
Pulse experiments,pioreactor01,2026-08-31T20:24:09.741Z,0.789967713957,2026-09-01 02:09:09.741,1522.041666666667
Pulse experiments,pioreactor01,2026-08-31T20:24:14.747Z,0.790123971083,2026-09-01 02:09:14.747,1522.043055555556
Pulse experiments,pioreactor01,2026-08-31T20:24:19.741Z,0.790302619483,2026-09-01 02:09:19.741,1522.044444444444
Pulse experiments,pioreactor01,2026-08-31T20:24:24.744Z,0.790528530857,2026-09-01 02:09:24.744,1522.045833333333
Pulse experiments,pioreactor01,2026-08-31T20:24:29.734Z,0.79073023153,2026-09-01 02:09:29.734,1522.047222222222
Pulse experiments,pioreactor01,2026-08-31T20:24:34.734Z,0.790907373512,2026-09-01 02:09:34.734,1522.048611111111
Pulse experiments,pioreactor01,2026-08-31T20:24:39.735Z,0.79106374037,2026-09-01 02:09:39.735,1522.05
Pulse experiments,pioreactor01,2026-08-31T20:24:44.739Z,0.791214507195,2026-09-01 02:09:44.739,1522.051388888889
Pulse experiments,pioreactor01,2026-08-31T20:24:49.741Z,0.791361370229,2026-09-01 02:09:49.741,1522.052777777778
Pulse experiments,pioreactor01,2026-08-31T20:24:54.739Z,0.791557052548,2026-09-01 02:09:54.739,1522.054166666667
Pulse experiments,pioreactor01,2026-08-31T20:24:59.735Z,0.791728361859,2026-09-01 02:09:59.735,1522.055555555556
Pulse experiments,pioreactor01,2026-08-31T20:25:04.750Z,0.79186806365,2026-09-01 02:10:04.750,1522.056944444445
Pulse experiments,pioreactor01,2026-08-31T20:25:09.735Z,0.792001960223,2026-09-01 02:10:09.735,1522.058333333333
Pulse experiments,pioreactor01,2026-08-31T20:25:14.742Z,0.78968417536,2026-09-01 02:10:14.742,1522.059722222222
Pulse experiments,pioreactor01,2026-08-31T20:25:19.755Z,0.774920799026,2026-09-01 02:10:19.755,1522.061111111111
Pulse experiments,pioreactor01,2026-08-31T20:25:24.737Z,0.7677311967,2026-09-01 02:10:24.737,1522.0625
Pulse experiments,pioreactor01,2026-08-31T20:25:29.735Z,0.767386694284,2026-09-01 02:10:29.735,1522.063888888889
Pulse experiments,pioreactor01,2026-08-31T20:25:34.764Z,0.767504800165,2026-09-01 02:10:34.764,1522.065277777778
Pulse experiments,pioreactor01,2026-08-31T20:25:39.739Z,0.76748944004,2026-09-01 02:10:39.739,1522.066666666667
Pulse experiments,pioreactor01,2026-08-31T20:25:44.768Z,0.767760498878,2026-09-01 02:10:44.768,1522.068055555555
Pulse experiments,pioreactor01,2026-08-31T20:25:49.744Z,0.768090055529,2026-09-01 02:10:49.744,1522.069444444444
Pulse experiments,pioreactor01,2026-08-31T20:25:54.739Z,0.768004948935,2026-09-01 02:10:54.739,1522.070833333333
Pulse experiments,pioreactor01,2026-08-31T20:25:59.734Z,0.767918353714,2026-09-01 02:10:59.734,1522.072222222222
Pulse experiments,pioreactor01,2026-08-31T20:26:04.741Z,0.767887683712,2026-09-01 02:11:04.741,1522.073611111111
Pulse experiments,pioreactor01,2026-08-31T20:26:14.741Z,0.768138555181,2026-09-01 02:11:14.741,1522.076388888889
Pulse experiments,pioreactor01,2026-08-31T20:26:19.734Z,0.768316461694,2026-09-01 02:11:19.734,1522.077777777778
Pulse experiments,pioreactor01,2026-08-31T20:26:24.745Z,0.768474377025,2026-09-01 02:11:24.745,1522.079166666667
Pulse experiments,pioreactor01,2026-08-31T20:26:29.736Z,0.768596859425,2026-09-01 02:11:29.736,1522.080555555556
Pulse experiments,pioreactor01,2026-08-31T20:26:34.741Z,0.768817912174,2026-09-01 02:11:34.741,1522.081944444444
Pulse experiments,pioreactor01,2026-08-31T20:26:39.734Z,0.768977171165,2026-09-01 02:11:39.734,1522.083333333333
Pulse experiments,pioreactor01,2026-08-31T20:26:44.743Z,0.769129228381,2026-09-01 02:11:44.743,1522.084722222222
Pulse experiments,pioreactor01,2026-08-31T20:26:49.735Z,0.769229222802,2026-09-01 02:11:49.735,1522.086111111111
Pulse experiments,pioreactor01,2026-08-31T20:26:54.736Z,0.769300279024,2026-09-01 02:11:54.736,1522.0875
Pulse experiments,pioreactor01,2026-08-31T20:26:59.736Z,0.769516297664,2026-09-01 02:11:59.736,1522.088888888889
Pulse experiments,pioreactor01,2026-08-31T20:27:04.743Z,0.769636241714,2026-09-01 02:12:04.743,1522.090277777778
Pulse experiments,pioreactor01,2026-08-31T20:27:09.734Z,0.76975566806,2026-09-01 02:12:09.734,1522.091666666667
Pulse experiments,pioreactor01,2026-08-31T20:27:14.736Z,0.769941346103,2026-09-01 02:12:14.736,1522.093055555556
Pulse experiments,pioreactor01,2026-08-31T20:27:19.734Z,0.770107004427,2026-09-01 02:12:19.734,1522.094444444444
Pulse experiments,pioreactor01,2026-08-31T20:27:24.737Z,0.770306590045,2026-09-01 02:12:24.737,1522.095833333333
Pulse experiments,pioreactor01,2026-08-31T20:27:29.741Z,0.77046179569,2026-09-01 02:12:29.741,1522.097222222222
Pulse experiments,pioreactor01,2026-08-31T20:27:34.739Z,0.770638596354,2026-09-01 02:12:34.739,1522.098611111111
Pulse experiments,pioreactor01,2026-08-31T20:27:39.736Z,0.770835331361,2026-09-01 02:12:39.736,1522.1
Pulse experiments,pioreactor01,2026-08-31T20:27:44.740Z,0.771026505406,2026-09-01 02:12:44.740,1522.101388888889
Pulse experiments,pioreactor01,2026-08-31T20:27:49.745Z,0.771128285224,2026-09-01 02:12:49.745,1522.102777777778
Pulse experiments,pioreactor01,2026-08-31T20:27:54.747Z,0.771253865988,2026-09-01 02:12:54.747,1522.104166666667
Pulse experiments,pioreactor01,2026-08-31T20:27:59.741Z,0.771396933634,2026-09-01 02:12:59.741,1522.105555555556
Pulse experiments,pioreactor01,2026-08-31T20:28:04.741Z,0.771601768841,2026-09-01 02:13:04.741,1522.106944444444
Pulse experiments,pioreactor01,2026-08-31T20:28:09.735Z,0.771771461539,2026-09-01 02:13:09.735,1522.108333333333
Pulse experiments,pioreactor01,2026-08-31T20:28:14.756Z,0.771848404745,2026-09-01 02:13:14.756,1522.109722222222
Pulse experiments,pioreactor01,2026-08-31T20:28:19.734Z,0.771924371482,2026-09-01 02:13:19.734,1522.111111111111
Pulse experiments,pioreactor01,2026-08-31T20:28:24.737Z,0.772027723069,2026-09-01 02:13:24.737,1522.1125
Pulse experiments,pioreactor01,2026-08-31T20:28:29.738Z,0.7721749562,2026-09-01 02:13:29.738,1522.113888888889
Pulse experiments,pioreactor01,2026-08-31T20:28:34.734Z,0.772349928351,2026-09-01 02:13:34.734,1522.115277777778
Pulse experiments,pioreactor01,2026-08-31T20:28:39.740Z,0.772470933905,2026-09-01 02:13:39.740,1522.116666666667
Pulse experiments,pioreactor01,2026-08-31T20:28:44.740Z,0.772561768631,2026-09-01 02:13:44.740,1522.118055555556
Pulse experiments,pioreactor01,2026-08-31T20:28:49.734Z,0.772700241227,2026-09-01 02:13:49.734,1522.119444444445
Pulse experiments,pioreactor01,2026-08-31T20:28:54.735Z,0.772882643429,2026-09-01 02:13:54.735,1522.120833333333
Pulse experiments,pioreactor01,2026-08-31T20:28:59.735Z,0.773067081867,2026-09-01 02:13:59.735,1522.122222222222
Pulse experiments,pioreactor01,2026-08-31T20:29:04.736Z,0.773244734176,2026-09-01 02:14:04.736,1522.123611111111
Pulse experiments,pioreactor01,2026-08-31T20:29:09.742Z,0.773327107034,2026-09-01 02:14:09.742,1522.125
Pulse experiments,pioreactor01,2026-08-31T20:29:14.742Z,0.773429734501,2026-09-01 02:14:14.742,1522.126388888889
Pulse experiments,pioreactor01,2026-08-31T20:29:19.737Z,0.773577519997,2026-09-01 02:14:19.737,1522.127777777778
Pulse experiments,pioreactor01,2026-08-31T20:29:24.736Z,0.773742883642,2026-09-01 02:14:24.736,1522.129166666667
Pulse experiments,pioreactor01,2026-08-31T20:29:29.734Z,0.773903912142,2026-09-01 02:14:29.734,1522.130555555555
Pulse experiments,pioreactor01,2026-08-31T20:29:44.740Z,0.774284024543,2026-09-01 02:14:44.740,1522.134722222222
Pulse experiments,pioreactor01,2026-08-31T20:29:49.735Z,0.774411878081,2026-09-01 02:14:49.735,1522.136111111111
Pulse experiments,pioreactor01,2026-08-31T20:29:54.746Z,0.774505006929,2026-09-01 02:14:54.746,1522.1375
Pulse experiments,pioreactor01,2026-08-31T20:29:59.734Z,0.774537713809,2026-09-01 02:14:59.734,1522.138888888889
Pulse experiments,pioreactor01,2026-08-31T20:30:04.739Z,0.774620697567,2026-09-01 02:15:04.739,1522.140277777778
Pulse experiments,pioreactor01,2026-08-31T20:30:09.738Z,0.774685839084,2026-09-01 02:15:09.738,1522.141666666667
Pulse experiments,pioreactor01,2026-08-31T20:30:14.737Z,0.774843754615,2026-09-01 02:15:14.737,1522.143055555556
Pulse experiments,pioreactor01,2026-08-31T20:30:19.738Z,0.775023503851,2026-09-01 02:15:19.738,1522.144444444444
Pulse experiments,pioreactor01,2026-08-31T20:30:24.735Z,0.77520640711,2026-09-01 02:15:24.735,1522.145833333333
Pulse experiments,pioreactor01,2026-08-31T20:30:29.737Z,0.775350371027,2026-09-01 02:15:29.737,1522.147222222222
Pulse experiments,pioreactor01,2026-08-31T20:30:34.750Z,0.775507431704,2026-09-01 02:15:34.750,1522.148611111111
Pulse experiments,pioreactor01,2026-08-31T20:30:39.738Z,0.775592929225,2026-09-01 02:15:39.738,1522.15
Pulse experiments,pioreactor01,2026-08-31T20:30:44.738Z,0.775714865987,2026-09-01 02:15:44.738,1522.151388888889
Pulse experiments,pioreactor01,2026-08-31T20:30:49.735Z,0.775840106596,2026-09-01 02:15:49.735,1522.152777777778
Pulse experiments,pioreactor01,2026-08-31T20:30:54.736Z,0.775944128132,2026-09-01 02:15:54.736,1522.154166666667
Pulse experiments,pioreactor01,2026-08-31T20:30:59.741Z,0.776092931137,2026-09-01 02:15:59.741,1522.155555555556
Pulse experiments,pioreactor01,2026-08-31T20:31:04.738Z,0.776241560757,2026-09-01 02:16:04.738,1522.156944444444
Pulse experiments,pioreactor01,2026-08-31T20:31:09.740Z,0.776375452263,2026-09-01 02:16:09.740,1522.158333333333
Pulse experiments,pioreactor01,2026-08-31T20:31:14.734Z,0.776566681265,2026-09-01 02:16:14.734,1522.159722222222
Pulse experiments,pioreactor01,2026-08-31T20:31:19.742Z,0.776710626678,2026-09-01 02:16:19.742,1522.161111111111
Pulse experiments,pioreactor01,2026-08-31T20:31:24.733Z,0.776890899148,2026-09-01 02:16:24.733,1522.1625
Pulse experiments,pioreactor01,2026-08-31T20:31:29.738Z,0.777023962574,2026-09-01 02:16:29.738,1522.163888888889
Pulse experiments,pioreactor01,2026-08-31T20:31:34.741Z,0.777163459649,2026-09-01 02:16:34.741,1522.165277777778
Pulse experiments,pioreactor01,2026-08-31T20:31:39.743Z,0.777259523743,2026-09-01 02:16:39.743,1522.166666666667
Pulse experiments,pioreactor01,2026-08-31T20:31:44.739Z,0.777390268943,2026-09-01 02:16:44.739,1522.168055555556
Pulse experiments,pioreactor01,2026-08-31T20:31:49.739Z,0.777513103776,2026-09-01 02:16:49.739,1522.169444444444
Pulse experiments,pioreactor01,2026-08-31T20:31:54.735Z,0.777716389602,2026-09-01 02:16:54.735,1522.170833333333
Pulse experiments,pioreactor01,2026-08-31T20:31:59.734Z,0.777885825493,2026-09-01 02:16:59.734,1522.172222222222
Pulse experiments,pioreactor01,2026-08-31T20:32:04.735Z,0.778059137183,2026-09-01 02:17:04.735,1522.173611111111
Pulse experiments,pioreactor01,2026-08-31T20:32:09.735Z,0.778236864485,2026-09-01 02:17:09.735,1522.175
Pulse experiments,pioreactor01,2026-08-31T20:32:14.740Z,0.778459629517,2026-09-01 02:17:14.740,1522.176388888889
Pulse experiments,pioreactor01,2026-08-31T20:32:19.741Z,0.778611183222,2026-09-01 02:17:19.741,1522.177777777778
Pulse experiments,pioreactor01,2026-08-31T20:32:24.735Z,0.77873817781,2026-09-01 02:17:24.735,1522.179166666667
Pulse experiments,pioreactor01,2026-08-31T20:32:29.740Z,0.778881627099,2026-09-01 02:17:29.740,1522.180555555556
Pulse experiments,pioreactor01,2026-08-31T20:32:34.734Z,0.779025726174,2026-09-01 02:17:34.734,1522.181944444445
Pulse experiments,pioreactor01,2026-08-31T20:32:39.736Z,0.779210414995,2026-09-01 02:17:39.736,1522.183333333333
Pulse experiments,pioreactor01,2026-08-31T20:32:44.745Z,0.77940252478,2026-09-01 02:17:44.745,1522.184722222222
Pulse experiments,pioreactor01,2026-08-31T20:32:49.743Z,0.779572498738,2026-09-01 02:17:49.743,1522.186111111111
Pulse experiments,pioreactor01,2026-08-31T20:32:54.739Z,0.779693894191,2026-09-01 02:17:54.739,1522.1875
Pulse experiments,pioreactor01,2026-08-31T20:32:59.735Z,0.779811785771,2026-09-01 02:17:59.735,1522.188888888889
Pulse experiments,pioreactor01,2026-08-31T20:33:04.737Z,0.779926192169,2026-09-01 02:18:04.737,1522.190277777778
Pulse experiments,pioreactor01,2026-08-31T20:33:09.734Z,0.780068044805,2026-09-01 02:18:09.734,1522.191666666667
Pulse experiments,pioreactor01,2026-08-31T20:33:14.743Z,0.780270187269,2026-09-01 02:18:14.743,1522.193055555555
Pulse experiments,pioreactor01,2026-08-31T20:33:19.734Z,0.780358932737,2026-09-01 02:18:19.734,1522.194444444444
Pulse experiments,pioreactor01,2026-08-31T20:33:24.740Z,0.780463466877,2026-09-01 02:18:24.740,1522.195833333333
Pulse experiments,pioreactor01,2026-08-31T20:33:29.738Z,0.780592581072,2026-09-01 02:18:29.738,1522.197222222222
Pulse experiments,pioreactor01,2026-08-31T20:33:34.740Z,0.780758521742,2026-09-01 02:18:34.740,1522.198611111111
Pulse experiments,pioreactor01,2026-08-31T20:33:39.737Z,0.780959877077,2026-09-01 02:18:39.737,1522.2
Pulse experiments,pioreactor01,2026-08-31T20:33:44.736Z,0.781119428749,2026-09-01 02:18:44.736,1522.201388888889
Pulse experiments,pioreactor01,2026-08-31T20:33:49.742Z,0.781251428339,2026-09-01 02:18:49.742,1522.202777777778
Pulse experiments,pioreactor01,2026-08-31T20:33:54.742Z,0.781445645393,2026-09-01 02:18:54.742,1522.204166666667
Pulse experiments,pioreactor01,2026-08-31T20:33:59.739Z,0.781603748486,2026-09-01 02:18:59.739,1522.205555555556
Pulse experiments,pioreactor01,2026-08-31T20:34:04.734Z,0.78175682341,2026-09-01 02:19:04.734,1522.206944444444
Pulse experiments,pioreactor01,2026-08-31T20:34:09.735Z,0.781909862869,2026-09-01 02:19:09.735,1522.208333333333
Pulse experiments,pioreactor01,2026-08-31T20:34:14.734Z,0.782078286644,2026-09-01 02:19:14.734,1522.209722222222
Pulse experiments,pioreactor01,2026-08-31T20:34:19.755Z,0.782224074581,2026-09-01 02:19:19.755,1522.211111111111
Pulse experiments,pioreactor01,2026-08-31T20:34:24.741Z,0.782368782825,2026-09-01 02:19:24.741,1522.2125
Pulse experiments,pioreactor01,2026-08-31T20:34:29.735Z,0.78256561827,2026-09-01 02:19:29.735,1522.213888888889
Pulse experiments,pioreactor01,2026-08-31T20:34:34.752Z,0.782764290447,2026-09-01 02:19:34.752,1522.215277777778
Pulse experiments,pioreactor01,2026-08-31T20:34:39.739Z,0.782911094598,2026-09-01 02:19:39.739,1522.216666666667
Pulse experiments,pioreactor01,2026-08-31T20:34:44.734Z,0.783059716816,2026-09-01 02:19:44.734,1522.218055555556
Pulse experiments,pioreactor01,2026-08-31T20:34:49.752Z,0.783197325097,2026-09-01 02:19:49.752,1522.219444444444
Pulse experiments,pioreactor01,2026-08-31T20:34:54.740Z,0.783296451174,2026-09-01 02:19:54.740,1522.220833333333
Pulse experiments,pioreactor01,2026-08-31T20:34:59.734Z,0.783467985366,2026-09-01 02:19:59.734,1522.222222222222
Pulse experiments,pioreactor01,2026-08-31T20:35:04.770Z,0.783592778606,2026-09-01 02:20:04.770,1522.223611111111
Pulse experiments,pioreactor01,2026-08-31T20:35:09.735Z,0.783737487439,2026-09-01 02:20:09.735,1522.225
Pulse experiments,pioreactor01,2026-08-31T20:35:14.739Z,0.783787069189,2026-09-01 02:20:14.739,1522.226388888889
Pulse experiments,pioreactor01,2026-08-31T20:35:19.734Z,0.783914397075,2026-09-01 02:20:19.734,1522.227777777778
Pulse experiments,pioreactor01,2026-08-31T20:35:24.750Z,0.785578577579,2026-09-01 02:20:24.750,1522.229166666667
Pulse experiments,pioreactor01,2026-08-31T20:35:29.790Z,0.785197390081,2026-09-01 02:20:29.790,1522.230555555556
Pulse experiments,pioreactor01,2026-08-31T20:35:34.766Z,0.780011212986,2026-09-01 02:20:34.766,1522.231944444444
Pulse experiments,pioreactor01,2026-08-31T20:35:39.735Z,0.779774038646,2026-09-01 02:20:39.735,1522.233333333333
Pulse experiments,pioreactor01,2026-08-31T20:35:44.766Z,0.778157552535,2026-09-01 02:20:44.766,1522.234722222222
Pulse experiments,pioreactor01,2026-08-31T20:35:54.767Z,0.77777569017,2026-09-01 02:20:54.767,1522.2375
Pulse experiments,pioreactor01,2026-08-31T20:35:59.734Z,0.777370062718,2026-09-01 02:20:59.734,1522.238888888889
Pulse experiments,pioreactor01,2026-08-31T20:36:04.739Z,0.777445991961,2026-09-01 02:21:04.739,1522.240277777778
Pulse experiments,pioreactor01,2026-08-31T20:36:09.736Z,0.777431451162,2026-09-01 02:21:09.736,1522.241666666667
Pulse experiments,pioreactor01,2026-08-31T20:36:19.740Z,0.777929384686,2026-09-01 02:21:19.740,1522.244444444445
Pulse experiments,pioreactor01,2026-08-31T20:36:24.734Z,0.777776855368,2026-09-01 02:21:24.734,1522.245833333333
Pulse experiments,pioreactor01,2026-08-31T20:36:29.739Z,0.777951253852,2026-09-01 02:21:29.739,1522.247222222222
Pulse experiments,pioreactor01,2026-08-31T20:36:34.736Z,0.777975410593,2026-09-01 02:21:34.736,1522.248611111111
Pulse experiments,pioreactor01,2026-08-31T20:36:39.733Z,0.777917912213,2026-09-01 02:21:39.733,1522.25
Pulse experiments,pioreactor01,2026-08-31T20:36:44.740Z,0.777955851927,2026-09-01 02:21:44.740,1522.251388888889
Pulse experiments,pioreactor01,2026-08-31T20:36:49.735Z,0.777995181516,2026-09-01 02:21:49.735,1522.252777777778
Pulse experiments,pioreactor01,2026-08-31T20:36:54.736Z,0.778181604045,2026-09-01 02:21:54.736,1522.254166666667
Pulse experiments,pioreactor01,2026-08-31T20:36:59.734Z,0.778393583892,2026-09-01 02:21:59.734,1522.255555555555
Pulse experiments,pioreactor01,2026-08-31T20:37:04.739Z,0.77858948457,2026-09-01 02:22:04.739,1522.256944444444
Pulse experiments,pioreactor01,2026-08-31T20:37:09.741Z,0.778711504075,2026-09-01 02:22:09.741,1522.258333333333
Pulse experiments,pioreactor01,2026-08-31T20:37:14.740Z,0.778880900625,2026-09-01 02:22:14.740,1522.259722222222
Pulse experiments,pioreactor01,2026-08-31T20:37:19.735Z,0.779098781649,2026-09-01 02:22:19.735,1522.261111111111
Pulse experiments,pioreactor01,2026-08-31T20:37:24.735Z,0.779321003368,2026-09-01 02:22:24.735,1522.2625
Pulse experiments,pioreactor01,2026-08-31T20:37:29.739Z,0.779393769275,2026-09-01 02:22:29.739,1522.263888888889
Pulse experiments,pioreactor01,2026-08-31T20:37:34.734Z,0.779587151485,2026-09-01 02:22:34.734,1522.265277777778
Pulse experiments,pioreactor01,2026-08-31T20:37:39.736Z,0.779727342837,2026-09-01 02:22:39.736,1522.266666666667
Pulse experiments,pioreactor01,2026-08-31T20:37:44.734Z,0.779863797679,2026-09-01 02:22:44.734,1522.268055555556
Pulse experiments,pioreactor01,2026-08-31T20:37:49.741Z,0.779964967245,2026-09-01 02:22:49.741,1522.269444444444
Pulse experiments,pioreactor01,2026-08-31T20:37:54.743Z,0.780115452319,2026-09-01 02:22:54.743,1522.270833333333
Pulse experiments,pioreactor01,2026-08-31T20:37:59.735Z,0.780264939862,2026-09-01 02:22:59.735,1522.272222222222
Pulse experiments,pioreactor01,2026-08-31T20:38:04.757Z,0.780468204245,2026-09-01 02:23:04.757,1522.273611111111
Pulse experiments,pioreactor01,2026-08-31T20:38:09.746Z,0.780638674242,2026-09-01 02:23:09.746,1522.275
Pulse experiments,pioreactor01,2026-08-31T20:38:14.742Z,0.780812460586,2026-09-01 02:23:14.742,1522.276388888889
Pulse experiments,pioreactor01,2026-08-31T20:38:19.736Z,0.781042678456,2026-09-01 02:23:19.736,1522.277777777778
Pulse experiments,pioreactor01,2026-08-31T20:38:24.745Z,0.781216857791,2026-09-01 02:23:24.745,1522.279166666667
Pulse experiments,pioreactor01,2026-08-31T20:38:29.735Z,0.781395923418,2026-09-01 02:23:29.735,1522.280555555556
Pulse experiments,pioreactor01,2026-08-31T20:38:34.736Z,0.781477067456,2026-09-01 02:23:34.736,1522.281944444444
Pulse experiments,pioreactor01,2026-08-31T20:38:39.736Z,0.781594748604,2026-09-01 02:23:39.736,1522.283333333333
Pulse experiments,pioreactor01,2026-08-31T20:38:44.735Z,0.781720184953,2026-09-01 02:23:44.735,1522.284722222222
Pulse experiments,pioreactor01,2026-08-31T20:38:49.739Z,0.781830934709,2026-09-01 02:23:49.739,1522.286111111111
Pulse experiments,pioreactor01,2026-08-31T20:38:54.737Z,0.781978386749,2026-09-01 02:23:54.737,1522.2875
Pulse experiments,pioreactor01,2026-08-31T20:38:59.739Z,0.782154780432,2026-09-01 02:23:59.739,1522.288888888889
Pulse experiments,pioreactor01,2026-08-31T20:39:04.742Z,0.78231314154,2026-09-01 02:24:04.742,1522.290277777778
Pulse experiments,pioreactor01,2026-08-31T20:39:09.734Z,0.782414085927,2026-09-01 02:24:09.734,1522.291666666667
Pulse experiments,pioreactor01,2026-08-31T20:39:14.740Z,0.782582656173,2026-09-01 02:24:14.740,1522.293055555556
Pulse experiments,pioreactor01,2026-08-31T20:39:19.738Z,0.782704040784,2026-09-01 02:24:19.738,1522.294444444444
Pulse experiments,pioreactor01,2026-08-31T20:39:24.739Z,0.782847540359,2026-09-01 02:24:24.739,1522.295833333333
Pulse experiments,pioreactor01,2026-08-31T20:39:29.751Z,0.783026862835,2026-09-01 02:24:29.751,1522.297222222222
Pulse experiments,pioreactor01,2026-08-31T20:39:34.736Z,0.78322643747,2026-09-01 02:24:34.736,1522.298611111111
Pulse experiments,pioreactor01,2026-08-31T20:39:39.734Z,0.783367912915,2026-09-01 02:24:39.734,1522.3
Pulse experiments,pioreactor01,2026-08-31T20:39:44.737Z,0.783497959441,2026-09-01 02:24:44.737,1522.301388888889
Pulse experiments,pioreactor01,2026-08-31T20:39:49.736Z,0.783624095306,2026-09-01 02:24:49.736,1522.302777777778
Pulse experiments,pioreactor01,2026-08-31T20:39:54.736Z,0.78376824767,2026-09-01 02:24:54.736,1522.304166666667
Pulse experiments,pioreactor01,2026-08-31T20:39:59.734Z,0.783930918691,2026-09-01 02:24:59.734,1522.305555555556
Pulse experiments,pioreactor01,2026-08-31T20:40:04.734Z,0.784039417014,2026-09-01 02:25:04.734,1522.306944444445
Pulse experiments,pioreactor01,2026-08-31T20:40:09.754Z,0.784181190596,2026-09-01 02:25:09.754,1522.308333333333
Pulse experiments,pioreactor01,2026-08-31T20:40:14.735Z,0.784299589055,2026-09-01 02:25:14.735,1522.309722222222
Pulse experiments,pioreactor01,2026-08-31T20:40:19.735Z,0.784409919704,2026-09-01 02:25:19.735,1522.311111111111
Pulse experiments,pioreactor01,2026-08-31T20:40:24.740Z,0.784538486383,2026-09-01 02:25:24.740,1522.3125
Pulse experiments,pioreactor01,2026-08-31T20:40:29.742Z,0.784695130813,2026-09-01 02:25:29.742,1522.313888888889
Pulse experiments,pioreactor01,2026-08-31T20:40:34.735Z,0.784800128733,2026-09-01 02:25:34.735,1522.315277777778
Pulse experiments,pioreactor01,2026-08-31T20:40:39.736Z,0.784859960247,2026-09-01 02:25:39.736,1522.316666666667
Pulse experiments,pioreactor01,2026-08-31T20:40:44.756Z,0.784926089285,2026-09-01 02:25:44.756,1522.318055555555
Pulse experiments,pioreactor01,2026-08-31T20:40:49.740Z,0.785047411929,2026-09-01 02:25:49.740,1522.319444444444
Pulse experiments,pioreactor01,2026-08-31T20:40:54.735Z,0.785188402487,2026-09-01 02:25:54.735,1522.320833333333
Pulse experiments,pioreactor01,2026-08-31T20:40:59.737Z,0.785319713876,2026-09-01 02:25:59.737,1522.322222222222
Pulse experiments,pioreactor01,2026-08-31T20:41:04.741Z,0.785438287175,2026-09-01 02:26:04.741,1522.323611111111
Pulse experiments,pioreactor01,2026-08-31T20:41:09.741Z,0.785529101428,2026-09-01 02:26:09.741,1522.325
Pulse experiments,pioreactor01,2026-08-31T20:41:14.736Z,0.785684916844,2026-09-01 02:26:14.736,1522.326388888889
Pulse experiments,pioreactor01,2026-08-31T20:41:19.735Z,0.78584601531,2026-09-01 02:26:19.735,1522.327777777778
Pulse experiments,pioreactor01,2026-08-31T20:41:24.743Z,0.785979737796,2026-09-01 02:26:24.743,1522.329166666667
Pulse experiments,pioreactor01,2026-08-31T20:41:29.735Z,0.786149717959,2026-09-01 02:26:29.735,1522.330555555556
Pulse experiments,pioreactor01,2026-08-31T20:41:34.741Z,0.786255915477,2026-09-01 02:26:34.741,1522.331944444444
Pulse experiments,pioreactor01,2026-08-31T20:41:39.739Z,0.78643666316,2026-09-01 02:26:39.739,1522.333333333333
Pulse experiments,pioreactor01,2026-08-31T20:41:44.735Z,0.786569713638,2026-09-01 02:26:44.735,1522.334722222222
Pulse experiments,pioreactor01,2026-08-31T20:41:49.738Z,0.786708470826,2026-09-01 02:26:49.738,1522.336111111111
Pulse experiments,pioreactor01,2026-08-31T20:41:54.737Z,0.786894828355,2026-09-01 02:26:54.737,1522.3375
Pulse experiments,pioreactor01,2026-08-31T20:41:59.736Z,0.7871138324,2026-09-01 02:26:59.736,1522.338888888889
Pulse experiments,pioreactor01,2026-08-31T20:42:04.742Z,0.787280587435,2026-09-01 02:27:04.742,1522.340277777778
Pulse experiments,pioreactor01,2026-08-31T20:42:09.739Z,0.787493960853,2026-09-01 02:27:09.739,1522.341666666667
Pulse experiments,pioreactor01,2026-08-31T20:42:14.735Z,0.78765116921,2026-09-01 02:27:14.735,1522.343055555556
Pulse experiments,pioreactor01,2026-08-31T20:42:19.737Z,0.787822843501,2026-09-01 02:27:19.737,1522.344444444444
Pulse experiments,pioreactor01,2026-08-31T20:42:24.738Z,0.787995324105,2026-09-01 02:27:24.738,1522.345833333333
Pulse experiments,pioreactor01,2026-08-31T20:42:29.734Z,0.788171518964,2026-09-01 02:27:29.734,1522.347222222222
Pulse experiments,pioreactor01,2026-08-31T20:42:34.734Z,0.788302405748,2026-09-01 02:27:34.734,1522.348611111111
Pulse experiments,pioreactor01,2026-08-31T20:42:39.741Z,0.788503863183,2026-09-01 02:27:39.741,1522.35
Pulse experiments,pioreactor01,2026-08-31T20:42:44.742Z,0.788607843106,2026-09-01 02:27:44.742,1522.351388888889
Pulse experiments,pioreactor01,2026-08-31T20:42:49.741Z,0.788707443992,2026-09-01 02:27:49.741,1522.352777777778
Pulse experiments,pioreactor01,2026-08-31T20:42:54.744Z,0.788863742142,2026-09-01 02:27:54.744,1522.354166666667
Pulse experiments,pioreactor01,2026-08-31T20:42:59.741Z,0.789042499865,2026-09-01 02:27:59.741,1522.355555555556
Pulse experiments,pioreactor01,2026-08-31T20:43:04.736Z,0.789148024141,2026-09-01 02:28:04.736,1522.356944444444
Pulse experiments,pioreactor01,2026-08-31T20:43:09.745Z,0.78929705136,2026-09-01 02:28:09.745,1522.358333333333
Pulse experiments,pioreactor01,2026-08-31T20:43:14.733Z,0.789437742366,2026-09-01 02:28:14.733,1522.359722222222
Pulse experiments,pioreactor01,2026-08-31T20:43:19.739Z,0.78954121534,2026-09-01 02:28:19.739,1522.361111111111
Pulse experiments,pioreactor01,2026-08-31T20:43:24.735Z,0.789621175961,2026-09-01 02:28:24.735,1522.3625
Pulse experiments,pioreactor01,2026-08-31T20:43:29.734Z,0.789744467972,2026-09-01 02:28:29.734,1522.363888888889
Pulse experiments,pioreactor01,2026-08-31T20:43:34.741Z,0.789893124599,2026-09-01 02:28:34.741,1522.365277777778
Pulse experiments,pioreactor01,2026-08-31T20:43:39.734Z,0.789943583641,2026-09-01 02:28:39.734,1522.366666666667
Pulse experiments,pioreactor01,2026-08-31T20:43:44.735Z,0.790009274943,2026-09-01 02:28:44.735,1522.368055555556
Pulse experiments,pioreactor01,2026-08-31T20:43:49.736Z,0.790104806539,2026-09-01 02:28:49.736,1522.369444444445
Pulse experiments,pioreactor01,2026-08-31T20:43:54.742Z,0.790196075022,2026-09-01 02:28:54.742,1522.370833333333
Pulse experiments,pioreactor01,2026-08-31T20:43:59.737Z,0.790341747279,2026-09-01 02:28:59.737,1522.372222222222
Pulse experiments,pioreactor01,2026-08-31T20:44:04.734Z,0.790478794709,2026-09-01 02:29:04.734,1522.373611111111
Pulse experiments,pioreactor01,2026-08-31T20:44:09.743Z,0.790612897974,2026-09-01 02:29:09.743,1522.375
Pulse experiments,pioreactor01,2026-08-31T20:44:14.738Z,0.790723126536,2026-09-01 02:29:14.738,1522.376388888889
Pulse experiments,pioreactor01,2026-08-31T20:44:19.739Z,0.790789972605,2026-09-01 02:29:19.739,1522.377777777778
Pulse experiments,pioreactor01,2026-08-31T20:44:24.750Z,0.790919133281,2026-09-01 02:29:24.750,1522.379166666667
Pulse experiments,pioreactor01,2026-08-31T20:44:29.734Z,0.790945061169,2026-09-01 02:29:29.734,1522.380555555555
Pulse experiments,pioreactor01,2026-08-31T20:44:34.735Z,0.791027486169,2026-09-01 02:29:34.735,1522.381944444444
Pulse experiments,pioreactor01,2026-08-31T20:44:39.739Z,0.791144586698,2026-09-01 02:29:39.739,1522.383333333333
Pulse experiments,pioreactor01,2026-08-31T20:44:44.735Z,0.791227221322,2026-09-01 02:29:44.735,1522.384722222222
Pulse experiments,pioreactor01,2026-08-31T20:44:49.734Z,0.791333403331,2026-09-01 02:29:49.734,1522.386111111111
Pulse experiments,pioreactor01,2026-08-31T20:44:54.745Z,0.791444182831,2026-09-01 02:29:54.745,1522.3875
Pulse experiments,pioreactor01,2026-08-31T20:44:59.738Z,0.791572107078,2026-09-01 02:29:59.738,1522.388888888889
Pulse experiments,pioreactor01,2026-08-31T20:45:04.762Z,0.791748692746,2026-09-01 02:30:04.762,1522.390277777778
Pulse experiments,pioreactor01,2026-08-31T20:45:14.739Z,0.791961137254,2026-09-01 02:30:14.739,1522.393055555556
Pulse experiments,pioreactor01,2026-08-31T20:45:19.734Z,0.79202607553,2026-09-01 02:30:19.734,1522.394444444444
Pulse experiments,pioreactor01,2026-08-31T20:45:24.734Z,0.792035259574,2026-09-01 02:30:24.734,1522.395833333333
Pulse experiments,pioreactor01,2026-08-31T20:45:29.735Z,0.792133583306,2026-09-01 02:30:29.735,1522.397222222222
Pulse experiments,pioreactor01,2026-08-31T20:45:34.758Z,0.79226256597,2026-09-01 02:30:34.758,1522.398611111111
Pulse experiments,pioreactor01,2026-08-31T20:45:39.740Z,0.792344899671,2026-09-01 02:30:39.740,1522.4
Pulse experiments,pioreactor01,2026-08-31T20:45:44.771Z,0.791334745361,2026-09-01 02:30:44.771,1522.401388888889
Pulse experiments,pioreactor01,2026-08-31T20:45:49.735Z,0.790434998713,2026-09-01 02:30:49.735,1522.402777777778
Pulse experiments,pioreactor01,2026-08-31T20:45:54.765Z,0.789330348127,2026-09-01 02:30:54.765,1522.404166666667
Pulse experiments,pioreactor01,2026-08-31T20:45:59.734Z,0.788633569525,2026-09-01 02:30:59.734,1522.405555555556
Pulse experiments,pioreactor01,2026-08-31T20:46:04.736Z,0.788058505403,2026-09-01 02:31:04.736,1522.406944444444
Pulse experiments,pioreactor01,2026-08-31T20:46:09.754Z,0.788439363835,2026-09-01 02:31:09.754,1522.408333333333
Pulse experiments,pioreactor01,2026-08-31T20:46:14.735Z,0.788900859822,2026-09-01 02:31:14.735,1522.409722222222
Pulse experiments,pioreactor01,2026-08-31T20:46:19.735Z,0.788885339947,2026-09-01 02:31:19.735,1522.411111111111
Pulse experiments,pioreactor01,2026-08-31T20:46:24.738Z,0.788823536582,2026-09-01 02:31:24.738,1522.4125
Pulse experiments,pioreactor01,2026-08-31T20:46:29.739Z,0.788870322749,2026-09-01 02:31:29.739,1522.413888888889
Pulse experiments,pioreactor01,2026-08-31T20:46:34.742Z,0.789012409931,2026-09-01 02:31:34.742,1522.415277777778
Pulse experiments,pioreactor01,2026-08-31T20:46:39.737Z,0.789433382532,2026-09-01 02:31:39.737,1522.416666666667
Pulse experiments,pioreactor01,2026-08-31T20:46:44.736Z,0.789752485474,2026-09-01 02:31:44.736,1522.418055555556
Pulse experiments,pioreactor01,2026-08-31T20:46:49.736Z,0.789983446688,2026-09-01 02:31:49.736,1522.419444444444
Pulse experiments,pioreactor01,2026-08-31T20:46:54.741Z,0.790002157373,2026-09-01 02:31:54.741,1522.420833333333
Pulse experiments,pioreactor01,2026-08-31T20:46:59.735Z,0.790030299113,2026-09-01 02:31:59.735,1522.422222222222
Pulse experiments,pioreactor01,2026-08-31T20:47:04.750Z,0.790170129327,2026-09-01 02:32:04.750,1522.423611111111
Pulse experiments,pioreactor01,2026-08-31T20:47:09.744Z,0.790287727457,2026-09-01 02:32:09.744,1522.425
Pulse experiments,pioreactor01,2026-08-31T20:47:14.734Z,0.790355275617,2026-09-01 02:32:14.734,1522.426388888889
Pulse experiments,pioreactor01,2026-08-31T20:47:19.737Z,0.790476951435,2026-09-01 02:32:19.737,1522.427777777778
Pulse experiments,pioreactor01,2026-08-31T20:47:24.739Z,0.790658288756,2026-09-01 02:32:24.739,1522.429166666667
Pulse experiments,pioreactor01,2026-08-31T20:47:29.738Z,0.790817318751,2026-09-01 02:32:29.738,1522.430555555556
Pulse experiments,pioreactor01,2026-08-31T20:47:34.735Z,0.790900583022,2026-09-01 02:32:34.735,1522.431944444445
Pulse experiments,pioreactor01,2026-08-31T20:47:39.740Z,0.791091290128,2026-09-01 02:32:39.740,1522.433333333333
Pulse experiments,pioreactor01,2026-08-31T20:47:44.735Z,0.791278248975,2026-09-01 02:32:44.735,1522.434722222222
Pulse experiments,pioreactor01,2026-08-31T20:47:49.738Z,0.791475193578,2026-09-01 02:32:49.738,1522.436111111111
Pulse experiments,pioreactor01,2026-08-31T20:47:54.737Z,0.791651264459,2026-09-01 02:32:54.737,1522.4375
Pulse experiments,pioreactor01,2026-08-31T20:47:59.742Z,0.791854732224,2026-09-01 02:32:59.742,1522.438888888889
Pulse experiments,pioreactor01,2026-08-31T20:48:04.734Z,0.791984919992,2026-09-01 02:33:04.734,1522.440277777778
Pulse experiments,pioreactor01,2026-08-31T20:48:09.739Z,0.79212103517,2026-09-01 02:33:09.739,1522.441666666667
Pulse experiments,pioreactor01,2026-08-31T20:48:14.741Z,0.792271919121,2026-09-01 02:33:14.741,1522.443055555555
Pulse experiments,pioreactor01,2026-08-31T20:48:19.739Z,0.792437032436,2026-09-01 02:33:19.739,1522.444444444444
Pulse experiments,pioreactor01,2026-08-31T20:48:24.735Z,0.792612357653,2026-09-01 02:33:24.735,1522.445833333333
Pulse experiments,pioreactor01,2026-08-31T20:48:29.735Z,0.792794158701,2026-09-01 02:33:29.735,1522.447222222222
Pulse experiments,pioreactor01,2026-08-31T20:48:34.739Z,0.793010470625,2026-09-01 02:33:34.739,1522.448611111111
Pulse experiments,pioreactor01,2026-08-31T20:48:39.742Z,0.793132649087,2026-09-01 02:33:39.742,1522.45
Pulse experiments,pioreactor01,2026-08-31T20:48:44.737Z,0.793252937229,2026-09-01 02:33:44.737,1522.451388888889
Pulse experiments,pioreactor01,2026-08-31T20:48:49.735Z,0.793434071382,2026-09-01 02:33:49.735,1522.452777777778
Pulse experiments,pioreactor01,2026-08-31T20:48:54.736Z,0.793631402065,2026-09-01 02:33:54.736,1522.454166666667
Pulse experiments,pioreactor01,2026-08-31T20:48:59.749Z,0.793776370032,2026-09-01 02:33:59.749,1522.455555555556
Pulse experiments,pioreactor01,2026-08-31T20:49:04.734Z,0.793916101634,2026-09-01 02:34:04.734,1522.456944444444
Pulse experiments,pioreactor01,2026-08-31T20:49:09.736Z,0.794073831181,2026-09-01 02:34:09.736,1522.458333333333
Pulse experiments,pioreactor01,2026-08-31T20:49:14.740Z,0.794248880547,2026-09-01 02:34:14.740,1522.459722222222
Pulse experiments,pioreactor01,2026-08-31T20:49:19.735Z,0.794422741714,2026-09-01 02:34:19.735,1522.461111111111
Pulse experiments,pioreactor01,2026-08-31T20:49:24.741Z,0.794613077623,2026-09-01 02:34:24.741,1522.4625
Pulse experiments,pioreactor01,2026-08-31T20:49:29.735Z,0.79478613598,2026-09-01 02:34:29.735,1522.463888888889
Pulse experiments,pioreactor01,2026-08-31T20:49:34.739Z,0.794936737376,2026-09-01 02:34:34.739,1522.465277777778
Pulse experiments,pioreactor01,2026-08-31T20:49:39.736Z,0.795108762858,2026-09-01 02:34:39.736,1522.466666666667
Pulse experiments,pioreactor01,2026-08-31T20:49:44.736Z,0.795297423577,2026-09-01 02:34:44.736,1522.468055555556
Pulse experiments,pioreactor01,2026-08-31T20:49:49.739Z,0.795449895664,2026-09-01 02:34:49.739,1522.469444444444
Pulse experiments,pioreactor01,2026-08-31T20:49:54.734Z,0.7955947434,2026-09-01 02:34:54.734,1522.470833333333
Pulse experiments,pioreactor01,2026-08-31T20:49:59.734Z,0.795690491755,2026-09-01 02:34:59.734,1522.472222222222
Pulse experiments,pioreactor01,2026-08-31T20:50:04.737Z,0.795774168152,2026-09-01 02:35:04.737,1522.473611111111
Pulse experiments,pioreactor01,2026-08-31T20:50:09.734Z,0.79588796891,2026-09-01 02:35:09.734,1522.475
Pulse experiments,pioreactor01,2026-08-31T20:50:14.738Z,0.79602805225,2026-09-01 02:35:14.738,1522.476388888889
Pulse experiments,pioreactor01,2026-08-31T20:50:19.734Z,0.796127213081,2026-09-01 02:35:19.734,1522.477777777778
Pulse experiments,pioreactor01,2026-08-31T20:50:24.738Z,0.796273562965,2026-09-01 02:35:24.738,1522.479166666667
Pulse experiments,pioreactor01,2026-08-31T20:50:29.736Z,0.796399856209,2026-09-01 02:35:29.736,1522.480555555556
Pulse experiments,pioreactor01,2026-08-31T20:50:34.741Z,0.796559146978,2026-09-01 02:35:34.741,1522.481944444444
Pulse experiments,pioreactor01,2026-08-31T20:50:39.749Z,0.796715320722,2026-09-01 02:35:39.749,1522.483333333333
Pulse experiments,pioreactor01,2026-08-31T20:50:44.735Z,0.796870638103,2026-09-01 02:35:44.735,1522.484722222222
Pulse experiments,pioreactor01,2026-08-31T20:50:49.744Z,0.797040689419,2026-09-01 02:35:49.744,1522.486111111111
Pulse experiments,pioreactor01,2026-08-31T20:50:54.734Z,0.797178456234,2026-09-01 02:35:54.734,1522.4875
Pulse experiments,pioreactor01,2026-08-31T20:50:59.742Z,0.797393448076,2026-09-01 02:35:59.742,1522.488888888889
Pulse experiments,pioreactor01,2026-08-31T20:51:04.737Z,0.797587929795,2026-09-01 02:36:04.737,1522.490277777778
Pulse experiments,pioreactor01,2026-08-31T20:51:09.739Z,0.797752515979,2026-09-01 02:36:09.739,1522.491666666667
Pulse experiments,pioreactor01,2026-08-31T20:51:14.735Z,0.797847217576,2026-09-01 02:36:14.735,1522.493055555556
Pulse experiments,pioreactor01,2026-08-31T20:51:19.735Z,0.797919898788,2026-09-01 02:36:19.735,1522.494444444445
Pulse experiments,pioreactor01,2026-08-31T20:51:24.739Z,0.798084562263,2026-09-01 02:36:24.739,1522.495833333333
Pulse experiments,pioreactor01,2026-08-31T20:51:29.736Z,0.798206315184,2026-09-01 02:36:29.736,1522.497222222222
Pulse experiments,pioreactor01,2026-08-31T20:51:34.739Z,0.798356904263,2026-09-01 02:36:34.739,1522.498611111111
Pulse experiments,pioreactor01,2026-08-31T20:51:39.743Z,0.798504658709,2026-09-01 02:36:39.743,1522.5
Pulse experiments,pioreactor01,2026-08-31T20:51:44.739Z,0.798629706476,2026-09-01 02:36:44.739,1522.501388888889
Pulse experiments,pioreactor01,2026-08-31T20:51:49.740Z,0.798721825634,2026-09-01 02:36:49.740,1522.502777777778
Pulse experiments,pioreactor01,2026-08-31T20:51:54.742Z,0.798808609407,2026-09-01 02:36:54.742,1522.504166666667
Pulse experiments,pioreactor01,2026-08-31T20:51:59.742Z,0.79893472768,2026-09-01 02:36:59.742,1522.505555555555
Pulse experiments,pioreactor01,2026-08-31T20:52:04.737Z,0.799018202466,2026-09-01 02:37:04.737,1522.506944444444
Pulse experiments,pioreactor01,2026-08-31T20:52:09.738Z,0.799146687143,2026-09-01 02:37:09.738,1522.508333333333
Pulse experiments,pioreactor01,2026-08-31T20:52:14.735Z,0.799276014103,2026-09-01 02:37:14.735,1522.509722222222
Pulse experiments,pioreactor01,2026-08-31T20:52:19.737Z,0.799387886706,2026-09-01 02:37:19.737,1522.511111111111
Pulse experiments,pioreactor01,2026-08-31T20:52:24.735Z,0.799467733119,2026-09-01 02:37:24.735,1522.5125
Pulse experiments,pioreactor01,2026-08-31T20:52:29.744Z,0.799559019272,2026-09-01 02:37:29.744,1522.513888888889
Pulse experiments,pioreactor01,2026-08-31T20:52:34.737Z,0.799679999657,2026-09-01 02:37:34.737,1522.515277777778
Pulse experiments,pioreactor01,2026-08-31T20:52:39.734Z,0.799847149742,2026-09-01 02:37:39.734,1522.516666666667
Pulse experiments,pioreactor01,2026-08-31T20:52:44.736Z,0.800005684964,2026-09-01 02:37:44.736,1522.518055555556
Pulse experiments,pioreactor01,2026-08-31T20:52:49.738Z,0.800104798793,2026-09-01 02:37:49.738,1522.519444444444
Pulse experiments,pioreactor01,2026-08-31T20:52:54.737Z,0.800211586826,2026-09-01 02:37:54.737,1522.520833333333
Pulse experiments,pioreactor01,2026-08-31T20:52:59.737Z,0.800325883627,2026-09-01 02:37:59.737,1522.522222222222
Pulse experiments,pioreactor01,2026-08-31T20:53:04.735Z,0.800467414129,2026-09-01 02:38:04.735,1522.523611111111
Pulse experiments,pioreactor01,2026-08-31T20:53:09.737Z,0.800604544777,2026-09-01 02:38:09.737,1522.525
Pulse experiments,pioreactor01,2026-08-31T20:53:14.754Z,0.800686266961,2026-09-01 02:38:14.754,1522.526388888889
Pulse experiments,pioreactor01,2026-08-31T20:53:19.736Z,0.800790133739,2026-09-01 02:38:19.736,1522.527777777778
Pulse experiments,pioreactor01,2026-08-31T20:53:24.735Z,0.800872211957,2026-09-01 02:38:24.735,1522.529166666667
Pulse experiments,pioreactor01,2026-08-31T20:53:29.737Z,0.800968407476,2026-09-01 02:38:29.737,1522.530555555556
Pulse experiments,pioreactor01,2026-08-31T20:53:34.762Z,0.801042420725,2026-09-01 02:38:34.762,1522.531944444444
Pulse experiments,pioreactor01,2026-08-31T20:53:39.735Z,0.801157574635,2026-09-01 02:38:39.735,1522.533333333333
Pulse experiments,pioreactor01,2026-08-31T20:53:44.738Z,0.801258700727,2026-09-01 02:38:44.738,1522.534722222222
Pulse experiments,pioreactor01,2026-08-31T20:53:49.739Z,0.801378330963,2026-09-01 02:38:49.739,1522.536111111111
Pulse experiments,pioreactor01,2026-08-31T20:53:54.748Z,0.801497199474,2026-09-01 02:38:54.748,1522.5375
Pulse experiments,pioreactor01,2026-08-31T20:53:59.734Z,0.801623442208,2026-09-01 02:38:59.734,1522.538888888889
Pulse experiments,pioreactor01,2026-08-31T20:54:04.736Z,0.801757317059,2026-09-01 02:39:04.736,1522.540277777778
Pulse experiments,pioreactor01,2026-08-31T20:54:09.736Z,0.80190858166,2026-09-01 02:39:09.736,1522.541666666667
Pulse experiments,pioreactor01,2026-08-31T20:54:14.740Z,0.802003103273,2026-09-01 02:39:14.740,1522.543055555556
Pulse experiments,pioreactor01,2026-08-31T20:54:19.743Z,0.802092511988,2026-09-01 02:39:19.743,1522.544444444444
Pulse experiments,pioreactor01,2026-08-31T20:54:24.736Z,0.802219595362,2026-09-01 02:39:24.736,1522.545833333333
Pulse experiments,pioreactor01,2026-08-31T20:54:29.734Z,0.802351297482,2026-09-01 02:39:29.734,1522.547222222222
Pulse experiments,pioreactor01,2026-08-31T20:54:34.739Z,0.802368073207,2026-09-01 02:39:34.739,1522.548611111111
Pulse experiments,pioreactor01,2026-08-31T20:54:39.735Z,0.80243755867,2026-09-01 02:39:39.735,1522.55
Pulse experiments,pioreactor01,2026-08-31T20:54:44.741Z,0.802515332831,2026-09-01 02:39:44.741,1522.551388888889
Pulse experiments,pioreactor01,2026-08-31T20:54:49.737Z,0.802622339683,2026-09-01 02:39:49.737,1522.552777777778
Pulse experiments,pioreactor01,2026-08-31T20:54:54.737Z,0.802715725538,2026-09-01 02:39:54.737,1522.554166666667
Pulse experiments,pioreactor01,2026-08-31T20:54:59.736Z,0.80281841775,2026-09-01 02:39:59.736,1522.555555555556
Pulse experiments,pioreactor01,2026-08-31T20:55:04.736Z,0.802956155064,2026-09-01 02:40:04.736,1522.556944444445
Pulse experiments,pioreactor01,2026-08-31T20:55:09.742Z,0.803051486494,2026-09-01 02:40:09.742,1522.558333333333
Pulse experiments,pioreactor01,2026-08-31T20:55:14.746Z,0.803139995102,2026-09-01 02:40:14.746,1522.559722222222
Pulse experiments,pioreactor01,2026-08-31T20:55:19.736Z,0.803218386419,2026-09-01 02:40:19.736,1522.561111111111
Pulse experiments,pioreactor01,2026-08-31T20:55:24.736Z,0.803332782953,2026-09-01 02:40:24.736,1522.5625
Pulse experiments,pioreactor01,2026-08-31T20:55:29.752Z,0.80344228178,2026-09-01 02:40:29.752,1522.563888888889
Pulse experiments,pioreactor01,2026-08-31T20:55:34.735Z,0.803540415705,2026-09-01 02:40:34.735,1522.565277777778
Pulse experiments,pioreactor01,2026-08-31T20:55:39.751Z,0.803634258658,2026-09-01 02:40:39.751,1522.566666666667
Pulse experiments,pioreactor01,2026-08-31T20:55:44.736Z,0.803667138205,2026-09-01 02:40:44.736,1522.568055555555
Pulse experiments,pioreactor01,2026-08-31T20:55:49.739Z,0.800995973203,2026-09-01 02:40:49.739,1522.569444444444
Pulse experiments,pioreactor01,2026-08-31T20:55:54.735Z,0.797896819252,2026-09-01 02:40:54.735,1522.570833333333
Pulse experiments,pioreactor01,2026-08-31T20:55:59.739Z,0.792189547708,2026-09-01 02:40:59.739,1522.572222222222
Pulse experiments,pioreactor01,2026-08-31T20:56:04.772Z,0.790660731678,2026-09-01 02:41:04.772,1522.573611111111
Pulse experiments,pioreactor01,2026-08-31T20:56:09.741Z,0.790358475125,2026-09-01 02:41:09.741,1522.575
Pulse experiments,pioreactor01,2026-08-31T20:56:14.748Z,0.790431716921,2026-09-01 02:41:14.748,1522.576388888889
Pulse experiments,pioreactor01,2026-08-31T20:56:19.740Z,0.790135161308,2026-09-01 02:41:19.740,1522.577777777778
Pulse experiments,pioreactor01,2026-08-31T20:56:24.736Z,0.790385885852,2026-09-01 02:41:24.736,1522.579166666667
Pulse experiments,pioreactor01,2026-08-31T20:56:29.738Z,0.790537329803,2026-09-01 02:41:29.738,1522.580555555556
Pulse experiments,pioreactor01,2026-08-31T20:56:34.761Z,0.790842851435,2026-09-01 02:41:34.761,1522.581944444444
Pulse experiments,pioreactor01,2026-08-31T20:56:39.743Z,0.791067857796,2026-09-01 02:41:39.743,1522.583333333333
Pulse experiments,pioreactor01,2026-08-31T20:56:44.739Z,0.791400233959,2026-09-01 02:41:44.739,1522.584722222222
Pulse experiments,pioreactor01,2026-08-31T20:56:49.736Z,0.791547876152,2026-09-01 02:41:49.736,1522.586111111111
Pulse experiments,pioreactor01,2026-08-31T20:56:54.746Z,0.791718022793,2026-09-01 02:41:54.746,1522.5875
Pulse experiments,pioreactor01,2026-08-31T20:56:59.740Z,0.791907660639,2026-09-01 02:41:59.740,1522.588888888889
Pulse experiments,pioreactor01,2026-08-31T20:57:04.740Z,0.792027555356,2026-09-01 02:42:04.740,1522.590277777778
Pulse experiments,pioreactor01,2026-08-31T20:57:09.745Z,0.792116115558,2026-09-01 02:42:09.745,1522.591666666667
Pulse experiments,pioreactor01,2026-08-31T20:57:14.736Z,0.792109156451,2026-09-01 02:42:14.736,1522.593055555556
Pulse experiments,pioreactor01,2026-08-31T20:57:19.736Z,0.792112760564,2026-09-01 02:42:19.736,1522.594444444444
Pulse experiments,pioreactor01,2026-08-31T20:57:24.760Z,0.792144855851,2026-09-01 02:42:24.760,1522.595833333333
Pulse experiments,pioreactor01,2026-08-31T20:57:29.735Z,0.792183205659,2026-09-01 02:42:29.735,1522.597222222222
Pulse experiments,pioreactor01,2026-08-31T20:57:34.750Z,0.792325002447,2026-09-01 02:42:34.750,1522.598611111111
Pulse experiments,pioreactor01,2026-08-31T20:57:39.734Z,0.792406254514,2026-09-01 02:42:39.734,1522.6
Pulse experiments,pioreactor01,2026-08-31T20:57:44.735Z,0.792431934299,2026-09-01 02:42:44.735,1522.601388888889
Pulse experiments,pioreactor01,2026-08-31T20:57:49.738Z,0.792497171235,2026-09-01 02:42:49.738,1522.602777777778
Pulse experiments,pioreactor01,2026-08-31T20:57:54.734Z,0.792612241183,2026-09-01 02:42:54.734,1522.604166666667
Pulse experiments,pioreactor01,2026-08-31T20:57:59.741Z,0.792699822467,2026-09-01 02:42:59.741,1522.605555555556
Pulse experiments,pioreactor01,2026-08-31T20:58:04.741Z,0.792759681382,2026-09-01 02:43:04.741,1522.606944444444
Pulse experiments,pioreactor01,2026-08-31T20:58:09.735Z,0.79289430561,2026-09-01 02:43:09.735,1522.608333333333
Pulse experiments,pioreactor01,2026-08-31T20:58:14.739Z,0.792957122798,2026-09-01 02:43:14.739,1522.609722222222
Pulse experiments,pioreactor01,2026-08-31T20:58:19.736Z,0.793080765205,2026-09-01 02:43:19.736,1522.611111111111
Pulse experiments,pioreactor01,2026-08-31T20:58:24.735Z,0.793218805268,2026-09-01 02:43:24.735,1522.6125
Pulse experiments,pioreactor01,2026-08-31T20:58:29.743Z,0.793390944672,2026-09-01 02:43:29.743,1522.613888888889
Pulse experiments,pioreactor01,2026-08-31T20:58:34.735Z,0.79350299623,2026-09-01 02:43:34.735,1522.615277777778
Pulse experiments,pioreactor01,2026-08-31T20:58:39.735Z,0.793573472882,2026-09-01 02:43:39.735,1522.616666666667
Pulse experiments,pioreactor01,2026-08-31T20:58:44.740Z,0.793653173706,2026-09-01 02:43:44.740,1522.618055555556
Pulse experiments,pioreactor01,2026-08-31T20:58:49.734Z,0.79376645169,2026-09-01 02:43:49.734,1522.619444444445
Pulse experiments,pioreactor01,2026-08-31T20:58:54.744Z,0.79390843587,2026-09-01 02:43:54.744,1522.620833333333
Pulse experiments,pioreactor01,2026-08-31T20:58:59.743Z,0.794067253323,2026-09-01 02:43:59.743,1522.622222222222
Pulse experiments,pioreactor01,2026-08-31T20:59:04.739Z,0.794199053983,2026-09-01 02:44:04.739,1522.623611111111
Pulse experiments,pioreactor01,2026-08-31T20:59:09.736Z,0.794370376153,2026-09-01 02:44:09.736,1522.625
Pulse experiments,pioreactor01,2026-08-31T20:59:14.737Z,0.794448301771,2026-09-01 02:44:14.737,1522.626388888889
Pulse experiments,pioreactor01,2026-08-31T20:59:19.747Z,0.794469419705,2026-09-01 02:44:19.747,1522.627777777778
Pulse experiments,pioreactor01,2026-08-31T20:59:24.738Z,0.794510845238,2026-09-01 02:44:24.738,1522.629166666667
Pulse experiments,pioreactor01,2026-08-31T20:59:29.734Z,0.794594835822,2026-09-01 02:44:29.734,1522.630555555555
Pulse experiments,pioreactor01,2026-08-31T20:59:34.748Z,0.794757248906,2026-09-01 02:44:34.748,1522.631944444444
Pulse experiments,pioreactor01,2026-08-31T20:59:39.735Z,0.794972196319,2026-09-01 02:44:39.735,1522.633333333333
Pulse experiments,pioreactor01,2026-08-31T20:59:44.738Z,0.795124660254,2026-09-01 02:44:44.738,1522.634722222222
Pulse experiments,pioreactor01,2026-08-31T20:59:49.784Z,0.795238729073,2026-09-01 02:44:49.784,1522.636111111111
Pulse experiments,pioreactor01,2026-08-31T20:59:54.740Z,0.795390133136,2026-09-01 02:44:54.740,1522.6375
Pulse experiments,pioreactor01,2026-08-31T20:59:59.734Z,0.795497531342,2026-09-01 02:44:59.734,1522.638888888889
Pulse experiments,pioreactor01,2026-08-31T21:00:04.744Z,0.795580943429,2026-09-01 02:45:04.744,1522.640277777778
Pulse experiments,pioreactor01,2026-08-31T21:00:09.734Z,0.795687391599,2026-09-01 02:45:09.734,1522.641666666667
Pulse experiments,pioreactor01,2026-08-31T21:00:14.735Z,0.795843209845,2026-09-01 02:45:14.735,1522.643055555556
Pulse experiments,pioreactor01,2026-08-31T21:00:19.740Z,0.795984409741,2026-09-01 02:45:19.740,1522.644444444444
Pulse experiments,pioreactor01,2026-08-31T21:00:24.742Z,0.796185749712,2026-09-01 02:45:24.742,1522.645833333333
Pulse experiments,pioreactor01,2026-08-31T21:00:29.734Z,0.796389071714,2026-09-01 02:45:29.734,1522.647222222222
Pulse experiments,pioreactor01,2026-08-31T21:00:34.736Z,0.796518389606,2026-09-01 02:45:34.736,1522.648611111111
Pulse experiments,pioreactor01,2026-08-31T21:00:39.735Z,0.796656825521,2026-09-01 02:45:39.735,1522.65
Pulse experiments,pioreactor01,2026-08-31T21:00:44.741Z,0.79673321542,2026-09-01 02:45:44.741,1522.651388888889
Pulse experiments,pioreactor01,2026-08-31T21:00:49.741Z,0.796834036314,2026-09-01 02:45:49.741,1522.652777777778
Pulse experiments,pioreactor01,2026-08-31T21:00:54.734Z,0.79690574774,2026-09-01 02:45:54.734,1522.654166666667
Pulse experiments,pioreactor01,2026-08-31T21:00:59.740Z,0.796946667076,2026-09-01 02:45:59.740,1522.655555555556
Pulse experiments,pioreactor01,2026-08-31T21:01:04.734Z,0.796993579581,2026-09-01 02:46:04.734,1522.656944444444
Pulse experiments,pioreactor01,2026-08-31T21:01:09.736Z,0.797095835515,2026-09-01 02:46:09.736,1522.658333333333
Pulse experiments,pioreactor01,2026-08-31T21:01:14.755Z,0.797206604837,2026-09-01 02:46:14.755,1522.659722222222
Pulse experiments,pioreactor01,2026-08-31T21:01:19.734Z,0.797290099572,2026-09-01 02:46:19.734,1522.661111111111
Pulse experiments,pioreactor01,2026-08-31T21:01:29.739Z,0.797529054163,2026-09-01 02:46:29.739,1522.663888888889
Pulse experiments,pioreactor01,2026-08-31T21:01:34.742Z,0.797684256607,2026-09-01 02:46:34.742,1522.665277777778
Pulse experiments,pioreactor01,2026-08-31T21:01:39.740Z,0.797813065235,2026-09-01 02:46:39.740,1522.666666666667
Pulse experiments,pioreactor01,2026-08-31T21:01:44.735Z,0.798000692604,2026-09-01 02:46:44.735,1522.668055555556
Pulse experiments,pioreactor01,2026-08-31T21:01:49.736Z,0.798107817956,2026-09-01 02:46:49.736,1522.669444444444
Pulse experiments,pioreactor01,2026-08-31T21:01:54.734Z,0.798188627252,2026-09-01 02:46:54.734,1522.670833333333
Pulse experiments,pioreactor01,2026-08-31T21:01:59.740Z,0.798249390804,2026-09-01 02:46:59.740,1522.672222222222
Pulse experiments,pioreactor01,2026-08-31T21:02:04.734Z,0.798348054769,2026-09-01 02:47:04.734,1522.673611111111
Pulse experiments,pioreactor01,2026-08-31T21:02:09.734Z,0.79847034925,2026-09-01 02:47:09.734,1522.675
Pulse experiments,pioreactor01,2026-08-31T21:02:14.740Z,0.798605396364,2026-09-01 02:47:14.740,1522.676388888889
Pulse experiments,pioreactor01,2026-08-31T21:02:19.735Z,0.798725379886,2026-09-01 02:47:19.735,1522.677777777778
Pulse experiments,pioreactor01,2026-08-31T21:02:24.741Z,0.798847982127,2026-09-01 02:47:24.741,1522.679166666667
Pulse experiments,pioreactor01,2026-08-31T21:02:29.738Z,0.798938973837,2026-09-01 02:47:29.738,1522.680555555556
Pulse experiments,pioreactor01,2026-08-31T21:02:34.734Z,0.799060940226,2026-09-01 02:47:34.734,1522.681944444445
Pulse experiments,pioreactor01,2026-08-31T21:02:39.742Z,0.799188671352,2026-09-01 02:47:39.742,1522.683333333333
Pulse experiments,pioreactor01,2026-08-31T21:02:44.741Z,0.799240814599,2026-09-01 02:47:44.741,1522.684722222222
Pulse experiments,pioreactor01,2026-08-31T21:02:49.737Z,0.799287664747,2026-09-01 02:47:49.737,1522.686111111111
Pulse experiments,pioreactor01,2026-08-31T21:02:54.737Z,0.799381541438,2026-09-01 02:47:54.737,1522.6875
Pulse experiments,pioreactor01,2026-08-31T21:02:59.740Z,0.799509241806,2026-09-01 02:47:59.740,1522.688888888889
Pulse experiments,pioreactor01,2026-08-31T21:03:04.739Z,0.799592632218,2026-09-01 02:48:04.739,1522.690277777778
Pulse experiments,pioreactor01,2026-08-31T21:03:09.734Z,0.799631385453,2026-09-01 02:48:09.734,1522.691666666667
Pulse experiments,pioreactor01,2026-08-31T21:03:14.737Z,0.799670358203,2026-09-01 02:48:14.737,1522.693055555555
Pulse experiments,pioreactor01,2026-08-31T21:03:19.739Z,0.799726998778,2026-09-01 02:48:19.739,1522.694444444444
Pulse experiments,pioreactor01,2026-08-31T21:03:24.740Z,0.799786169226,2026-09-01 02:48:24.740,1522.695833333333
Pulse experiments,pioreactor01,2026-08-31T21:03:29.735Z,0.799857769233,2026-09-01 02:48:29.735,1522.697222222222
Pulse experiments,pioreactor01,2026-08-31T21:03:34.754Z,0.799859711695,2026-09-01 02:48:34.754,1522.698611111111
Pulse experiments,pioreactor01,2026-08-31T21:03:39.738Z,0.799921021503,2026-09-01 02:48:39.738,1522.7
Pulse experiments,pioreactor01,2026-08-31T21:03:44.739Z,0.799983586455,2026-09-01 02:48:44.739,1522.701388888889
Pulse experiments,pioreactor01,2026-08-31T21:03:49.738Z,0.800068078201,2026-09-01 02:48:49.738,1522.702777777778
Pulse experiments,pioreactor01,2026-08-31T21:03:54.735Z,0.800142350061,2026-09-01 02:48:54.735,1522.704166666667
Pulse experiments,pioreactor01,2026-08-31T21:03:59.735Z,0.800206948976,2026-09-01 02:48:59.735,1522.705555555556
Pulse experiments,pioreactor01,2026-08-31T21:04:04.741Z,0.800290935707,2026-09-01 02:49:04.741,1522.706944444444
Pulse experiments,pioreactor01,2026-08-31T21:04:09.735Z,0.80039994999,2026-09-01 02:49:09.735,1522.708333333333
Pulse experiments,pioreactor01,2026-08-31T21:04:14.736Z,0.800498641552,2026-09-01 02:49:14.736,1522.709722222222
Pulse experiments,pioreactor01,2026-08-31T21:04:19.736Z,0.800576578068,2026-09-01 02:49:19.736,1522.711111111111
Pulse experiments,pioreactor01,2026-08-31T21:04:24.735Z,0.8006409948,2026-09-01 02:49:24.735,1522.7125
Pulse experiments,pioreactor01,2026-08-31T21:04:29.738Z,0.800750636367,2026-09-01 02:49:29.738,1522.713888888889
Pulse experiments,pioreactor01,2026-08-31T21:04:34.740Z,0.800857539406,2026-09-01 02:49:34.740,1522.715277777778
Pulse experiments,pioreactor01,2026-08-31T21:04:39.733Z,0.800933405732,2026-09-01 02:49:39.733,1522.716666666667
Pulse experiments,pioreactor01,2026-08-31T21:04:44.735Z,0.801004254457,2026-09-01 02:49:44.735,1522.718055555556
Pulse experiments,pioreactor01,2026-08-31T21:04:49.734Z,0.80110095525,2026-09-01 02:49:49.734,1522.719444444444
Pulse experiments,pioreactor01,2026-08-31T21:04:54.734Z,0.801165842299,2026-09-01 02:49:54.734,1522.720833333333
Pulse experiments,pioreactor01,2026-08-31T21:04:59.740Z,0.801230138509,2026-09-01 02:49:59.740,1522.722222222222
Pulse experiments,pioreactor01,2026-08-31T21:05:04.754Z,0.801240740226,2026-09-01 02:50:04.754,1522.723611111111
Pulse experiments,pioreactor01,2026-08-31T21:05:09.743Z,0.801283588473,2026-09-01 02:50:09.743,1522.725
Pulse experiments,pioreactor01,2026-08-31T21:05:14.735Z,0.801341160655,2026-09-01 02:50:14.735,1522.726388888889
Pulse experiments,pioreactor01,2026-08-31T21:05:19.735Z,0.801405914068,2026-09-01 02:50:19.735,1522.727777777778
Pulse experiments,pioreactor01,2026-08-31T21:05:24.741Z,0.801469226698,2026-09-01 02:50:24.741,1522.729166666667
Pulse experiments,pioreactor01,2026-08-31T21:05:29.735Z,0.801502644334,2026-09-01 02:50:29.735,1522.730555555556
Pulse experiments,pioreactor01,2026-08-31T21:05:34.734Z,0.801521257254,2026-09-01 02:50:34.734,1522.731944444444
Pulse experiments,pioreactor01,2026-08-31T21:05:39.741Z,0.801590873631,2026-09-01 02:50:39.741,1522.733333333333
Pulse experiments,pioreactor01,2026-08-31T21:05:44.735Z,0.801698632513,2026-09-01 02:50:44.735,1522.734722222222
Pulse experiments,pioreactor01,2026-08-31T21:05:49.736Z,0.801802098588,2026-09-01 02:50:49.736,1522.736111111111
Pulse experiments,pioreactor01,2026-08-31T21:05:54.741Z,0.801835223515,2026-09-01 02:50:54.741,1522.7375
Pulse experiments,pioreactor01,2026-08-31T21:05:59.738Z,0.79901173348,2026-09-01 02:50:59.738,1522.738888888889
Pulse experiments,pioreactor01,2026-08-31T21:06:04.741Z,0.786775998316,2026-09-01 02:51:04.741,1522.740277777778
Pulse experiments,pioreactor01,2026-08-31T21:06:09.795Z,0.785121279889,2026-09-01 02:51:09.795,1522.741666666667
Pulse experiments,pioreactor01,2026-08-31T21:06:14.734Z,0.783783365101,2026-09-01 02:51:14.734,1522.743055555556
Pulse experiments,pioreactor01,2026-08-31T21:06:19.736Z,0.783666863988,2026-09-01 02:51:19.736,1522.744444444445
Pulse experiments,pioreactor01,2026-08-31T21:06:24.740Z,0.783877135822,2026-09-01 02:51:24.740,1522.745833333333
Pulse experiments,pioreactor01,2026-08-31T21:06:29.761Z,0.783635495429,2026-09-01 02:51:29.761,1522.747222222222
Pulse experiments,pioreactor01,2026-08-31T21:06:34.737Z,0.783647467746,2026-09-01 02:51:34.737,1522.748611111111
Pulse experiments,pioreactor01,2026-08-31T21:06:39.757Z,0.783745126464,2026-09-01 02:51:39.757,1522.75
Pulse experiments,pioreactor01,2026-08-31T21:06:44.734Z,0.784206797656,2026-09-01 02:51:44.734,1522.751388888889
Pulse experiments,pioreactor01,2026-08-31T21:06:49.739Z,0.78450037576,2026-09-01 02:51:49.739,1522.752777777778
Pulse experiments,pioreactor01,2026-08-31T21:06:54.745Z,0.784867858426,2026-09-01 02:51:54.745,1522.754166666667
Pulse experiments,pioreactor01,2026-08-31T21:06:59.745Z,0.785306798473,2026-09-01 02:51:59.745,1522.755555555555
Pulse experiments,pioreactor01,2026-08-31T21:07:04.737Z,0.785582415578,2026-09-01 02:52:04.737,1522.756944444444
Pulse experiments,pioreactor01,2026-08-31T21:07:09.738Z,0.785937288493,2026-09-01 02:52:09.738,1522.758333333333
Pulse experiments,pioreactor01,2026-08-31T21:07:14.763Z,0.785923263911,2026-09-01 02:52:14.763,1522.759722222222
Pulse experiments,pioreactor01,2026-08-31T21:07:19.738Z,0.785953771904,2026-09-01 02:52:19.738,1522.761111111111
Pulse experiments,pioreactor01,2026-08-31T21:07:24.734Z,0.785909783176,2026-09-01 02:52:24.734,1522.7625
Pulse experiments,pioreactor01,2026-08-31T21:07:34.735Z,0.786072328258,2026-09-01 02:52:34.735,1522.765277777778
Pulse experiments,pioreactor01,2026-08-31T21:07:39.735Z,0.786117589249,2026-09-01 02:52:39.735,1522.766666666667
Pulse experiments,pioreactor01,2026-08-31T21:07:44.746Z,0.786176337292,2026-09-01 02:52:44.746,1522.768055555556
Pulse experiments,pioreactor01,2026-08-31T21:07:49.747Z,0.786172588791,2026-09-01 02:52:49.747,1522.769444444444
Pulse experiments,pioreactor01,2026-08-31T21:07:54.734Z,0.786256037565,2026-09-01 02:52:54.734,1522.770833333333
Pulse experiments,pioreactor01,2026-08-31T21:07:59.739Z,0.786385640034,2026-09-01 02:52:59.739,1522.772222222222
Pulse experiments,pioreactor01,2026-08-31T21:08:04.739Z,0.786555193069,2026-09-01 02:53:04.739,1522.773611111111
Pulse experiments,pioreactor01,2026-08-31T21:08:09.735Z,0.786630529896,2026-09-01 02:53:09.735,1522.775
Pulse experiments,pioreactor01,2026-08-31T21:08:14.736Z,0.786775951709,2026-09-01 02:53:14.736,1522.776388888889
Pulse experiments,pioreactor01,2026-08-31T21:08:19.737Z,0.786803192403,2026-09-01 02:53:19.737,1522.777777777778
Pulse experiments,pioreactor01,2026-08-31T21:08:24.734Z,0.786755844519,2026-09-01 02:53:24.734,1522.779166666667
Pulse experiments,pioreactor01,2026-08-31T21:08:29.734Z,0.786802304495,2026-09-01 02:53:29.734,1522.780555555556
Pulse experiments,pioreactor01,2026-08-31T21:08:34.736Z,0.786834899945,2026-09-01 02:53:34.736,1522.781944444444
Pulse experiments,pioreactor01,2026-08-31T21:08:39.735Z,0.786873475734,2026-09-01 02:53:39.735,1522.783333333333
Pulse experiments,pioreactor01,2026-08-31T21:08:44.736Z,0.786887393209,2026-09-01 02:53:44.736,1522.784722222222
Pulse experiments,pioreactor01,2026-08-31T21:08:49.753Z,0.786982030282,2026-09-01 02:53:49.753,1522.786111111111
Pulse experiments,pioreactor01,2026-08-31T21:08:54.734Z,0.787169407616,2026-09-01 02:53:54.734,1522.7875
Pulse experiments,pioreactor01,2026-08-31T21:08:59.734Z,0.787328070673,2026-09-01 02:53:59.734,1522.788888888889
Pulse experiments,pioreactor01,2026-08-31T21:09:04.734Z,0.787464942271,2026-09-01 02:54:04.734,1522.790277777778
Pulse experiments,pioreactor01,2026-08-31T21:09:09.740Z,0.787560955117,2026-09-01 02:54:09.740,1522.791666666667
Pulse experiments,pioreactor01,2026-08-31T21:09:14.734Z,0.787685223988,2026-09-01 02:54:14.734,1522.793055555556
Pulse experiments,pioreactor01,2026-08-31T21:09:19.754Z,0.78784415759,2026-09-01 02:54:19.754,1522.794444444444
Pulse experiments,pioreactor01,2026-08-31T21:09:24.737Z,0.787876022576,2026-09-01 02:54:24.737,1522.795833333333
Pulse experiments,pioreactor01,2026-08-31T21:09:29.734Z,0.78796021443,2026-09-01 02:54:29.734,1522.797222222222
Pulse experiments,pioreactor01,2026-08-31T21:09:34.737Z,0.78798639375,2026-09-01 02:54:34.737,1522.798611111111
Pulse experiments,pioreactor01,2026-08-31T21:09:39.734Z,0.788149246162,2026-09-01 02:54:39.734,1522.8
Pulse experiments,pioreactor01,2026-08-31T21:09:44.739Z,0.788292014298,2026-09-01 02:54:44.739,1522.801388888889
Pulse experiments,pioreactor01,2026-08-31T21:09:49.735Z,0.788441486556,2026-09-01 02:54:49.735,1522.802777777778
Pulse experiments,pioreactor01,2026-08-31T21:09:54.734Z,0.788523579136,2026-09-01 02:54:54.734,1522.804166666667
Pulse experiments,pioreactor01,2026-08-31T21:09:59.738Z,0.788589527061,2026-09-01 02:54:59.738,1522.805555555556
Pulse experiments,pioreactor01,2026-08-31T21:10:04.734Z,0.788725160836,2026-09-01 02:55:04.734,1522.806944444445
Pulse experiments,pioreactor01,2026-08-31T21:10:09.735Z,0.788882270652,2026-09-01 02:55:09.735,1522.808333333333
Pulse experiments,pioreactor01,2026-08-31T21:10:14.734Z,0.789000290942,2026-09-01 02:55:14.734,1522.809722222222
Pulse experiments,pioreactor01,2026-08-31T21:10:19.736Z,0.789125079998,2026-09-01 02:55:19.736,1522.811111111111
Pulse experiments,pioreactor01,2026-08-31T21:10:24.743Z,0.789220147137,2026-09-01 02:55:24.743,1522.8125
Pulse experiments,pioreactor01,2026-08-31T21:10:29.735Z,0.789324107196,2026-09-01 02:55:29.735,1522.813888888889
Pulse experiments,pioreactor01,2026-08-31T21:10:34.738Z,0.789423622599,2026-09-01 02:55:34.738,1522.815277777778
Pulse experiments,pioreactor01,2026-08-31T21:10:39.741Z,0.789524800922,2026-09-01 02:55:39.741,1522.816666666667
Pulse experiments,pioreactor01,2026-08-31T21:10:49.743Z,0.789654535535,2026-09-01 02:55:49.743,1522.819444444444
Pulse experiments,pioreactor01,2026-08-31T21:10:54.740Z,0.789689456391,2026-09-01 02:55:54.740,1522.820833333333
Pulse experiments,pioreactor01,2026-08-31T21:10:59.736Z,0.789774287794,2026-09-01 02:55:59.736,1522.822222222222
Pulse experiments,pioreactor01,2026-08-31T21:11:04.735Z,0.789873647697,2026-09-01 02:56:04.735,1522.823611111111
Pulse experiments,pioreactor01,2026-08-31T21:11:09.737Z,0.789965075056,2026-09-01 02:56:09.737,1522.825
Pulse experiments,pioreactor01,2026-08-31T21:11:14.739Z,0.790096357082,2026-09-01 02:56:14.739,1522.826388888889
Pulse experiments,pioreactor01,2026-08-31T21:11:19.738Z,0.79020559369,2026-09-01 02:56:19.738,1522.827777777778
Pulse experiments,pioreactor01,2026-08-31T21:11:24.738Z,0.79029766904,2026-09-01 02:56:24.738,1522.829166666667
Pulse experiments,pioreactor01,2026-08-31T21:11:29.734Z,0.790353146292,2026-09-01 02:56:29.734,1522.830555555556
Pulse experiments,pioreactor01,2026-08-31T21:11:34.742Z,0.790382224988,2026-09-01 02:56:34.742,1522.831944444444
Pulse experiments,pioreactor01,2026-08-31T21:11:39.734Z,0.790445503999,2026-09-01 02:56:39.734,1522.833333333333
Pulse experiments,pioreactor01,2026-08-31T21:11:44.734Z,0.79052962615,2026-09-01 02:56:44.734,1522.834722222222
Pulse experiments,pioreactor01,2026-08-31T21:11:49.743Z,0.790632010523,2026-09-01 02:56:49.743,1522.836111111111
Pulse experiments,pioreactor01,2026-08-31T21:11:54.735Z,0.790729581993,2026-09-01 02:56:54.735,1522.8375
Pulse experiments,pioreactor01,2026-08-31T21:11:59.734Z,0.790854174712,2026-09-01 02:56:59.734,1522.838888888889
Pulse experiments,pioreactor01,2026-08-31T21:12:04.740Z,0.790947942923,2026-09-01 02:57:04.740,1522.840277777778
Pulse experiments,pioreactor01,2026-08-31T21:12:09.735Z,0.791014997801,2026-09-01 02:57:09.735,1522.841666666667
Pulse experiments,pioreactor01,2026-08-31T21:12:14.736Z,0.791116698033,2026-09-01 02:57:14.736,1522.843055555556
Pulse experiments,pioreactor01,2026-08-31T21:12:19.739Z,0.791213851183,2026-09-01 02:57:19.739,1522.844444444444
Pulse experiments,pioreactor01,2026-08-31T21:12:24.738Z,0.791340965413,2026-09-01 02:57:24.738,1522.845833333333
Pulse experiments,pioreactor01,2026-08-31T21:12:29.739Z,0.791452675151,2026-09-01 02:57:29.739,1522.847222222222
Pulse experiments,pioreactor01,2026-08-31T21:12:34.737Z,0.791518325562,2026-09-01 02:57:34.737,1522.848611111111
Pulse experiments,pioreactor01,2026-08-31T21:12:39.743Z,0.791614050465,2026-09-01 02:57:39.743,1522.85
Pulse experiments,pioreactor01,2026-08-31T21:12:44.739Z,0.791669576356,2026-09-01 02:57:44.739,1522.851388888889
Pulse experiments,pioreactor01,2026-08-31T21:12:49.735Z,0.791753632323,2026-09-01 02:57:49.735,1522.852777777778
Pulse experiments,pioreactor01,2026-08-31T21:12:54.735Z,0.791802971296,2026-09-01 02:57:54.735,1522.854166666667
Pulse experiments,pioreactor01,2026-08-31T21:12:59.739Z,0.791861850417,2026-09-01 02:57:59.739,1522.855555555556
Pulse experiments,pioreactor01,2026-08-31T21:13:04.739Z,0.792006351488,2026-09-01 02:58:04.739,1522.856944444444
Pulse experiments,pioreactor01,2026-08-31T21:13:09.739Z,0.792110826642,2026-09-01 02:58:09.739,1522.858333333333
Pulse experiments,pioreactor01,2026-08-31T21:13:14.737Z,0.792245531868,2026-09-01 02:58:14.737,1522.859722222222
Pulse experiments,pioreactor01,2026-08-31T21:13:19.737Z,0.792362434869,2026-09-01 02:58:19.737,1522.861111111111
Pulse experiments,pioreactor01,2026-08-31T21:13:24.737Z,0.792434651525,2026-09-01 02:58:24.737,1522.8625
Pulse experiments,pioreactor01,2026-08-31T21:13:29.735Z,0.792540155814,2026-09-01 02:58:29.735,1522.863888888889
Pulse experiments,pioreactor01,2026-08-31T21:13:34.736Z,0.792597659277,2026-09-01 02:58:34.736,1522.865277777778
Pulse experiments,pioreactor01,2026-08-31T21:13:39.735Z,0.792646839855,2026-09-01 02:58:39.735,1522.866666666667
Pulse experiments,pioreactor01,2026-08-31T21:13:44.736Z,0.792732175758,2026-09-01 02:58:44.736,1522.868055555556
Pulse experiments,pioreactor01,2026-08-31T21:13:49.735Z,0.792802342079,2026-09-01 02:58:49.735,1522.869444444445
Pulse experiments,pioreactor01,2026-08-31T21:13:54.735Z,0.79292443731,2026-09-01 02:58:54.735,1522.870833333333
Pulse experiments,pioreactor01,2026-08-31T21:13:59.736Z,0.793019784674,2026-09-01 02:58:59.736,1522.872222222222
Pulse experiments,pioreactor01,2026-08-31T21:14:04.738Z,0.793116017891,2026-09-01 02:59:04.738,1522.873611111111
Pulse experiments,pioreactor01,2026-08-31T21:14:09.739Z,0.793256836395,2026-09-01 02:59:09.739,1522.875
Pulse experiments,pioreactor01,2026-08-31T21:14:14.735Z,0.793353053869,2026-09-01 02:59:14.735,1522.876388888889
Pulse experiments,pioreactor01,2026-08-31T21:14:19.734Z,0.793448494603,2026-09-01 02:59:19.734,1522.877777777778
Pulse experiments,pioreactor01,2026-08-31T21:14:24.749Z,0.793585489299,2026-09-01 02:59:24.749,1522.879166666667
Pulse experiments,pioreactor01,2026-08-31T21:14:29.735Z,0.793693520976,2026-09-01 02:59:29.735,1522.880555555555
Pulse experiments,pioreactor01,2026-08-31T21:14:34.734Z,0.793783975421,2026-09-01 02:59:34.734,1522.881944444444
Pulse experiments,pioreactor01,2026-08-31T21:14:39.743Z,0.793848562691,2026-09-01 02:59:39.743,1522.883333333333
Pulse experiments,pioreactor01,2026-08-31T21:14:44.738Z,0.7939204018,2026-09-01 02:59:44.738,1522.884722222222
Pulse experiments,pioreactor01,2026-08-31T21:14:49.743Z,0.793972869757,2026-09-01 02:59:49.743,1522.886111111111
Pulse experiments,pioreactor01,2026-08-31T21:14:54.743Z,0.794087222052,2026-09-01 02:59:54.743,1522.8875
Pulse experiments,pioreactor01,2026-08-31T21:14:59.743Z,0.794223248469,2026-09-01 02:59:59.743,1522.888888888889
Pulse experiments,pioreactor01,2026-08-31T21:15:04.736Z,0.79430482726,2026-09-01 03:00:04.736,1522.890277777778
Pulse experiments,pioreactor01,2026-08-31T21:15:09.755Z,0.794369958146,2026-09-01 03:00:09.755,1522.891666666667
Pulse experiments,pioreactor01,2026-08-31T21:15:14.734Z,0.794449885829,2026-09-01 03:00:14.734,1522.893055555556
Pulse experiments,pioreactor01,2026-08-31T21:15:19.735Z,0.794536133008,2026-09-01 03:00:19.735,1522.894444444444
Pulse experiments,pioreactor01,2026-08-31T21:15:24.752Z,0.794548784823,2026-09-01 03:00:24.752,1522.895833333333
Pulse experiments,pioreactor01,2026-08-31T21:15:29.741Z,0.79460392063,2026-09-01 03:00:29.741,1522.897222222222
Pulse experiments,pioreactor01,2026-08-31T21:15:34.739Z,0.794667651608,2026-09-01 03:00:34.739,1522.898611111111
Pulse experiments,pioreactor01,2026-08-31T21:15:39.734Z,0.794733481087,2026-09-01 03:00:39.734,1522.9
Pulse experiments,pioreactor01,2026-08-31T21:15:44.734Z,0.794818351687,2026-09-01 03:00:44.734,1522.901388888889
Pulse experiments,pioreactor01,2026-08-31T21:15:49.740Z,0.794918473219,2026-09-01 03:00:49.740,1522.902777777778
Pulse experiments,pioreactor01,2026-08-31T21:15:54.736Z,0.795027752761,2026-09-01 03:00:54.736,1522.904166666667
Pulse experiments,pioreactor01,2026-08-31T21:15:59.739Z,0.795089338805,2026-09-01 03:00:59.739,1522.905555555556
Pulse experiments,pioreactor01,2026-08-31T21:16:04.741Z,0.79518418628,2026-09-01 03:01:04.741,1522.906944444444
Pulse experiments,pioreactor01,2026-08-31T21:16:09.735Z,0.795281023554,2026-09-01 03:01:09.735,1522.908333333333
Pulse experiments,pioreactor01,2026-08-31T21:16:14.763Z,0.791812936641,2026-09-01 03:01:14.763,1522.909722222222
Pulse experiments,pioreactor01,2026-08-31T21:16:19.734Z,0.785387966988,2026-09-01 03:01:19.734,1522.911111111111
Pulse experiments,pioreactor01,2026-08-31T21:16:24.735Z,0.785937558858,2026-09-01 03:01:24.735,1522.9125
Pulse experiments,pioreactor01,2026-08-31T21:16:29.743Z,0.783904333229,2026-09-01 03:01:29.743,1522.913888888889
Pulse experiments,pioreactor01,2026-08-31T21:16:34.734Z,0.782122391035,2026-09-01 03:01:34.734,1522.915277777778
Pulse experiments,pioreactor01,2026-08-31T21:16:39.740Z,0.781178975005,2026-09-01 03:01:39.740,1522.916666666667
Pulse experiments,pioreactor01,2026-08-31T21:16:44.737Z,0.78080955963,2026-09-01 03:01:44.737,1522.918055555556
Pulse experiments,pioreactor01,2026-08-31T21:16:49.739Z,0.780451059666,2026-09-01 03:01:49.739,1522.919444444444
Pulse experiments,pioreactor01,2026-08-31T21:16:54.736Z,0.780268597731,2026-09-01 03:01:54.736,1522.920833333333
Pulse experiments,pioreactor01,2026-08-31T21:16:59.749Z,0.780141584109,2026-09-01 03:01:59.749,1522.922222222222
Pulse experiments,pioreactor01,2026-08-31T21:17:04.734Z,0.779887826991,2026-09-01 03:02:04.734,1522.923611111111
Pulse experiments,pioreactor01,2026-08-31T21:17:09.761Z,0.779787704089,2026-09-01 03:02:09.761,1522.925
Pulse experiments,pioreactor01,2026-08-31T21:17:14.738Z,0.779652775121,2026-09-01 03:02:14.738,1522.926388888889
Pulse experiments,pioreactor01,2026-08-31T21:17:19.754Z,0.77957891729,2026-09-01 03:02:19.754,1522.927777777778
Pulse experiments,pioreactor01,2026-08-31T21:17:24.733Z,0.779529247266,2026-09-01 03:02:24.733,1522.929166666667
Pulse experiments,pioreactor01,2026-08-31T21:17:29.745Z,0.779475037617,2026-09-01 03:02:29.745,1522.930555555556
Pulse experiments,pioreactor01,2026-08-31T21:17:34.734Z,0.779656600848,2026-09-01 03:02:34.734,1522.931944444445
Pulse experiments,pioreactor01,2026-08-31T21:17:39.738Z,0.779684208806,2026-09-01 03:02:39.738,1522.933333333333
Pulse experiments,pioreactor01,2026-08-31T21:17:44.745Z,0.779791415961,2026-09-01 03:02:44.745,1522.934722222222
Pulse experiments,pioreactor01,2026-08-31T21:17:49.734Z,0.779848850056,2026-09-01 03:02:49.734,1522.936111111111
Pulse experiments,pioreactor01,2026-08-31T21:17:54.741Z,0.779888503692,2026-09-01 03:02:54.741,1522.9375
Pulse experiments,pioreactor01,2026-08-31T21:17:59.746Z,0.779824600525,2026-09-01 03:02:59.746,1522.938888888889
Pulse experiments,pioreactor01,2026-08-31T21:18:04.737Z,0.779844248622,2026-09-01 03:03:04.737,1522.940277777778
Pulse experiments,pioreactor01,2026-08-31T21:18:09.735Z,0.779803248337,2026-09-01 03:03:09.735,1522.941666666667
Pulse experiments,pioreactor01,2026-08-31T21:18:14.740Z,0.779885915507,2026-09-01 03:03:14.740,1522.943055555555
Pulse experiments,pioreactor01,2026-08-31T21:18:19.740Z,0.779982821676,2026-09-01 03:03:19.740,1522.944444444444
Pulse experiments,pioreactor01,2026-08-31T21:18:24.742Z,0.780079651413,2026-09-01 03:03:24.742,1522.945833333333
Pulse experiments,pioreactor01,2026-08-31T21:18:29.734Z,0.780129216527,2026-09-01 03:03:29.734,1522.947222222222
Pulse experiments,pioreactor01,2026-08-31T21:18:34.740Z,0.780175630448,2026-09-01 03:03:34.740,1522.948611111111
Pulse experiments,pioreactor01,2026-08-31T21:18:39.739Z,0.78019475628,2026-09-01 03:03:39.739,1522.95
Pulse experiments,pioreactor01,2026-08-31T21:18:44.738Z,0.780196995139,2026-09-01 03:03:44.738,1522.951388888889
Pulse experiments,pioreactor01,2026-08-31T21:18:49.739Z,0.780233262496,2026-09-01 03:03:49.739,1522.952777777778
Pulse experiments,pioreactor01,2026-08-31T21:18:54.736Z,0.780331823637,2026-09-01 03:03:54.736,1522.954166666667
Pulse experiments,pioreactor01,2026-08-31T21:18:59.734Z,0.780406488458,2026-09-01 03:03:59.734,1522.955555555556
Pulse experiments,pioreactor01,2026-08-31T21:19:04.740Z,0.780501553702,2026-09-01 03:04:04.740,1522.956944444444
Pulse experiments,pioreactor01,2026-08-31T21:19:09.740Z,0.780645202444,2026-09-01 03:04:09.740,1522.958333333333
Pulse experiments,pioreactor01,2026-08-31T21:19:14.735Z,0.780776034044,2026-09-01 03:04:14.735,1522.959722222222
Pulse experiments,pioreactor01,2026-08-31T21:19:19.735Z,0.780953987868,2026-09-01 03:04:19.735,1522.961111111111
Pulse experiments,pioreactor01,2026-08-31T21:19:24.735Z,0.781063359128,2026-09-01 03:04:24.735,1522.9625
Pulse experiments,pioreactor01,2026-08-31T21:19:29.757Z,0.781126466334,2026-09-01 03:04:29.757,1522.963888888889
Pulse experiments,pioreactor01,2026-08-31T21:19:34.738Z,0.78121722471,2026-09-01 03:04:34.738,1522.965277777778
Pulse experiments,pioreactor01,2026-08-31T21:19:39.742Z,0.781275827493,2026-09-01 03:04:39.742,1522.966666666667
Pulse experiments,pioreactor01,2026-08-31T21:19:44.735Z,0.781361851661,2026-09-01 03:04:44.735,1522.968055555556
Pulse experiments,pioreactor01,2026-08-31T21:19:49.736Z,0.781474976639,2026-09-01 03:04:49.736,1522.969444444444
Pulse experiments,pioreactor01,2026-08-31T21:19:54.743Z,0.781571413426,2026-09-01 03:04:54.743,1522.970833333333
Pulse experiments,pioreactor01,2026-08-31T21:19:59.744Z,0.781615890832,2026-09-01 03:04:59.744,1522.972222222222
Pulse experiments,pioreactor01,2026-08-31T21:20:04.766Z,0.78172766364,2026-09-01 03:05:04.766,1522.973611111111
Pulse experiments,pioreactor01,2026-08-31T21:20:09.748Z,0.781822607153,2026-09-01 03:05:09.748,1522.975
Pulse experiments,pioreactor01,2026-08-31T21:20:14.742Z,0.781878749906,2026-09-01 03:05:14.742,1522.976388888889
Pulse experiments,pioreactor01,2026-08-31T21:20:19.743Z,0.781929463999,2026-09-01 03:05:19.743,1522.977777777778
Pulse experiments,pioreactor01,2026-08-31T21:20:24.736Z,0.782042570216,2026-09-01 03:05:24.736,1522.979166666667
Pulse experiments,pioreactor01,2026-08-31T21:20:29.734Z,0.782088073115,2026-09-01 03:05:29.734,1522.980555555556
Pulse experiments,pioreactor01,2026-08-31T21:20:34.737Z,0.782173652887,2026-09-01 03:05:34.737,1522.981944444444
Pulse experiments,pioreactor01,2026-08-31T21:20:39.757Z,0.782283146286,2026-09-01 03:05:39.757,1522.983333333333
Pulse experiments,pioreactor01,2026-08-31T21:20:44.740Z,0.782346901381,2026-09-01 03:05:44.740,1522.984722222222
Pulse experiments,pioreactor01,2026-08-31T21:20:54.738Z,0.782527783816,2026-09-01 03:05:54.738,1522.9875
Pulse experiments,pioreactor01,2026-08-31T21:20:59.734Z,0.782591215195,2026-09-01 03:05:59.734,1522.988888888889
Pulse experiments,pioreactor01,2026-08-31T21:21:04.734Z,0.782741427421,2026-09-01 03:06:04.734,1522.990277777778
Pulse experiments,pioreactor01,2026-08-31T21:21:09.756Z,0.782884194275,2026-09-01 03:06:09.756,1522.991666666667
Pulse experiments,pioreactor01,2026-08-31T21:21:14.734Z,0.783006594515,2026-09-01 03:06:14.734,1522.993055555556
Pulse experiments,pioreactor01,2026-08-31T21:21:19.735Z,0.783158359611,2026-09-01 03:06:19.735,1522.994444444445
Pulse experiments,pioreactor01,2026-08-31T21:21:24.734Z,0.783303328483,2026-09-01 03:06:24.734,1522.995833333333
Pulse experiments,pioreactor01,2026-08-31T21:21:29.735Z,0.783377147613,2026-09-01 03:06:29.735,1522.997222222222
Pulse experiments,pioreactor01,2026-08-31T21:21:34.755Z,0.783478848362,2026-09-01 03:06:34.755,1522.998611111111
Pulse experiments,pioreactor01,2026-08-31T21:21:39.738Z,0.783607983935,2026-09-01 03:06:39.738,1523.0
Pulse experiments,pioreactor01,2026-08-31T21:21:44.734Z,0.783705785782,2026-09-01 03:06:44.734,1523.001388888889
Pulse experiments,pioreactor01,2026-08-31T21:21:49.737Z,0.783849424548,2026-09-01 03:06:49.737,1523.002777777778
Pulse experiments,pioreactor01,2026-08-31T21:21:54.734Z,0.783989475419,2026-09-01 03:06:54.734,1523.004166666667
Pulse experiments,pioreactor01,2026-08-31T21:21:59.741Z,0.784206136168,2026-09-01 03:06:59.741,1523.005555555555
Pulse experiments,pioreactor01,2026-08-31T21:22:04.745Z,0.784351554414,2026-09-01 03:07:04.745,1523.006944444444
Pulse experiments,pioreactor01,2026-08-31T21:22:09.738Z,0.7844710632,2026-09-01 03:07:09.738,1523.008333333333
Pulse experiments,pioreactor01,2026-08-31T21:22:19.737Z,0.784664268198,2026-09-01 03:07:19.737,1523.011111111111
Pulse experiments,pioreactor01,2026-08-31T21:22:24.742Z,0.784755368013,2026-09-01 03:07:24.742,1523.0125
Pulse experiments,pioreactor01,2026-08-31T21:22:29.748Z,0.784893042423,2026-09-01 03:07:29.748,1523.013888888889
Pulse experiments,pioreactor01,2026-08-31T21:22:34.755Z,0.785000843136,2026-09-01 03:07:34.755,1523.015277777778
Pulse experiments,pioreactor01,2026-08-31T21:22:39.740Z,0.785082274175,2026-09-01 03:07:39.740,1523.016666666667
Pulse experiments,pioreactor01,2026-08-31T21:22:44.745Z,0.785202004609,2026-09-01 03:07:44.745,1523.018055555556
Pulse experiments,pioreactor01,2026-08-31T21:22:54.736Z,0.785409062704,2026-09-01 03:07:54.736,1523.020833333333
Pulse experiments,pioreactor01,2026-08-31T21:22:59.735Z,0.785528475658,2026-09-01 03:07:59.735,1523.022222222222
Pulse experiments,pioreactor01,2026-08-31T21:23:04.735Z,0.785607058074,2026-09-01 03:08:04.735,1523.023611111111
Pulse experiments,pioreactor01,2026-08-31T21:23:09.738Z,0.785715835088,2026-09-01 03:08:09.738,1523.025
Pulse experiments,pioreactor01,2026-08-31T21:23:14.740Z,0.785824482714,2026-09-01 03:08:14.740,1523.026388888889
Pulse experiments,pioreactor01,2026-08-31T21:23:19.736Z,0.785930335995,2026-09-01 03:08:19.736,1523.027777777778
Pulse experiments,pioreactor01,2026-08-31T21:23:24.734Z,0.786020678866,2026-09-01 03:08:24.734,1523.029166666667
Pulse experiments,pioreactor01,2026-08-31T21:23:29.744Z,0.786117413523,2026-09-01 03:08:29.744,1523.030555555556
Pulse experiments,pioreactor01,2026-08-31T21:23:34.735Z,0.786148136416,2026-09-01 03:08:34.735,1523.031944444444
Pulse experiments,pioreactor01,2026-08-31T21:23:39.734Z,0.786184311209,2026-09-01 03:08:39.734,1523.033333333333
Pulse experiments,pioreactor01,2026-08-31T21:23:49.740Z,0.786402629338,2026-09-01 03:08:49.740,1523.036111111111
Pulse experiments,pioreactor01,2026-08-31T21:23:54.735Z,0.786487777222,2026-09-01 03:08:54.735,1523.0375
Pulse experiments,pioreactor01,2026-08-31T21:23:59.738Z,0.786586601954,2026-09-01 03:08:59.738,1523.038888888889
Pulse experiments,pioreactor01,2026-08-31T21:24:04.737Z,0.786679944869,2026-09-01 03:09:04.737,1523.040277777778
Pulse experiments,pioreactor01,2026-08-31T21:24:09.735Z,0.786773922352,2026-09-01 03:09:09.735,1523.041666666667
Pulse experiments,pioreactor01,2026-08-31T21:24:14.735Z,0.78687911614,2026-09-01 03:09:14.735,1523.043055555556
Pulse experiments,pioreactor01,2026-08-31T21:24:19.735Z,0.78701325299,2026-09-01 03:09:19.735,1523.044444444444
Pulse experiments,pioreactor01,2026-08-31T21:24:24.735Z,0.787108154717,2026-09-01 03:09:24.735,1523.045833333333
Pulse experiments,pioreactor01,2026-08-31T21:24:29.750Z,0.78720791138,2026-09-01 03:09:29.750,1523.047222222222
Pulse experiments,pioreactor01,2026-08-31T21:24:34.740Z,0.787331287757,2026-09-01 03:09:34.740,1523.048611111111
Pulse experiments,pioreactor01,2026-08-31T21:24:39.734Z,0.787478975069,2026-09-01 03:09:39.734,1523.05
Pulse experiments,pioreactor01,2026-08-31T21:24:44.735Z,0.787602543251,2026-09-01 03:09:44.735,1523.051388888889
Pulse experiments,pioreactor01,2026-08-31T21:24:49.741Z,0.7876861165,2026-09-01 03:09:49.741,1523.052777777778
Pulse experiments,pioreactor01,2026-08-31T21:24:54.746Z,0.787776829679,2026-09-01 03:09:54.746,1523.054166666667
Pulse experiments,pioreactor01,2026-08-31T21:24:59.742Z,0.787845375437,2026-09-01 03:09:59.742,1523.055555555556
Pulse experiments,pioreactor01,2026-08-31T21:25:04.771Z,0.787943915493,2026-09-01 03:10:04.771,1523.056944444445
Pulse experiments,pioreactor01,2026-08-31T21:25:09.734Z,0.788012809911,2026-09-01 03:10:09.734,1523.058333333333
Pulse experiments,pioreactor01,2026-08-31T21:25:14.736Z,0.788072834796,2026-09-01 03:10:14.736,1523.059722222222
Pulse experiments,pioreactor01,2026-08-31T21:25:19.734Z,0.788132176783,2026-09-01 03:10:19.734,1523.061111111111
Pulse experiments,pioreactor01,2026-08-31T21:25:24.735Z,0.788140913322,2026-09-01 03:10:24.735,1523.0625
Pulse experiments,pioreactor01,2026-08-31T21:25:34.737Z,0.788281568217,2026-09-01 03:10:34.737,1523.065277777778
Pulse experiments,pioreactor01,2026-08-31T21:25:39.740Z,0.78838212053,2026-09-01 03:10:39.740,1523.066666666667
Pulse experiments,pioreactor01,2026-08-31T21:25:44.736Z,0.788459115543,2026-09-01 03:10:44.736,1523.068055555555
Pulse experiments,pioreactor01,2026-08-31T21:25:49.736Z,0.788562305354,2026-09-01 03:10:49.736,1523.069444444444
Pulse experiments,pioreactor01,2026-08-31T21:25:54.734Z,0.788631205036,2026-09-01 03:10:54.734,1523.070833333333
Pulse experiments,pioreactor01,2026-08-31T21:25:59.741Z,0.788730880829,2026-09-01 03:10:59.741,1523.072222222222
Pulse experiments,pioreactor01,2026-08-31T21:26:04.735Z,0.788778629653,2026-09-01 03:11:04.735,1523.073611111111
Pulse experiments,pioreactor01,2026-08-31T21:26:09.742Z,0.788839433712,2026-09-01 03:11:09.742,1523.075
Pulse experiments,pioreactor01,2026-08-31T21:26:14.740Z,0.788959186922,2026-09-01 03:11:14.740,1523.076388888889
Pulse experiments,pioreactor01,2026-08-31T21:26:19.734Z,0.788152498691,2026-09-01 03:11:19.734,1523.077777777778
Pulse experiments,pioreactor01,2026-08-31T21:26:24.735Z,0.787790976704,2026-09-01 03:11:24.735,1523.079166666667
Pulse experiments,pioreactor01,2026-08-31T21:26:29.738Z,0.775509657113,2026-09-01 03:11:29.738,1523.080555555556
Pulse experiments,pioreactor01,2026-08-31T21:26:34.735Z,0.773275030817,2026-09-01 03:11:34.735,1523.081944444444
Pulse experiments,pioreactor01,2026-08-31T21:26:39.742Z,0.77246763209,2026-09-01 03:11:39.742,1523.083333333333
Pulse experiments,pioreactor01,2026-08-31T21:26:44.747Z,0.771643361635,2026-09-01 03:11:44.747,1523.084722222222
Pulse experiments,pioreactor01,2026-08-31T21:26:49.752Z,0.771750082358,2026-09-01 03:11:49.752,1523.086111111111
Pulse experiments,pioreactor01,2026-08-31T21:26:54.746Z,0.771675287493,2026-09-01 03:11:54.746,1523.0875
Pulse experiments,pioreactor01,2026-08-31T21:26:59.734Z,0.771758912463,2026-09-01 03:11:59.734,1523.088888888889
Pulse experiments,pioreactor01,2026-08-31T21:27:09.735Z,0.771611566827,2026-09-01 03:12:09.735,1523.091666666667
Pulse experiments,pioreactor01,2026-08-31T21:27:14.737Z,0.771565160882,2026-09-01 03:12:14.737,1523.093055555556
Pulse experiments,pioreactor01,2026-08-31T21:27:19.736Z,0.771502477095,2026-09-01 03:12:19.736,1523.094444444444
Pulse experiments,pioreactor01,2026-08-31T21:27:24.735Z,0.771461680038,2026-09-01 03:12:24.735,1523.095833333333
Pulse experiments,pioreactor01,2026-08-31T21:27:29.736Z,0.771646917117,2026-09-01 03:12:29.736,1523.097222222222
Pulse experiments,pioreactor01,2026-08-31T21:27:34.739Z,0.771699401779,2026-09-01 03:12:34.739,1523.098611111111
Pulse experiments,pioreactor01,2026-08-31T21:27:39.741Z,0.771764455025,2026-09-01 03:12:39.741,1523.1
Pulse experiments,pioreactor01,2026-08-31T21:27:44.737Z,0.771737779545,2026-09-01 03:12:44.737,1523.101388888889
Pulse experiments,pioreactor01,2026-08-31T21:27:49.735Z,0.771884966086,2026-09-01 03:12:49.735,1523.102777777778
Pulse experiments,pioreactor01,2026-08-31T21:27:54.740Z,0.771926824649,2026-09-01 03:12:54.740,1523.104166666667
Pulse experiments,pioreactor01,2026-08-31T21:27:59.738Z,0.772144615869,2026-09-01 03:12:59.738,1523.105555555556
Pulse experiments,pioreactor01,2026-08-31T21:28:04.741Z,0.772179593429,2026-09-01 03:13:04.741,1523.106944444444
Pulse experiments,pioreactor01,2026-08-31T21:28:09.734Z,0.772312025947,2026-09-01 03:13:09.734,1523.108333333333
Pulse experiments,pioreactor01,2026-08-31T21:28:19.734Z,0.772474229689,2026-09-01 03:13:19.734,1523.111111111111
Pulse experiments,pioreactor01,2026-08-31T21:28:24.745Z,0.772591880173,2026-09-01 03:13:24.745,1523.1125
Pulse experiments,pioreactor01,2026-08-31T21:28:29.743Z,0.772679874344,2026-09-01 03:13:29.743,1523.113888888889
Pulse experiments,pioreactor01,2026-08-31T21:28:34.734Z,0.772695332914,2026-09-01 03:13:34.734,1523.115277777778
Pulse experiments,pioreactor01,2026-08-31T21:28:39.744Z,0.772816475341,2026-09-01 03:13:39.744,1523.116666666667
Pulse experiments,pioreactor01,2026-08-31T21:28:44.734Z,0.772891646707,2026-09-01 03:13:44.734,1523.118055555556
Pulse experiments,pioreactor01,2026-08-31T21:28:49.734Z,0.772937484423,2026-09-01 03:13:49.734,1523.119444444445
Pulse experiments,pioreactor01,2026-08-31T21:28:54.741Z,0.773164228919,2026-09-01 03:13:54.741,1523.120833333333
Pulse experiments,pioreactor01,2026-08-31T21:28:59.737Z,0.773322491775,2026-09-01 03:13:59.737,1523.122222222222
Pulse experiments,pioreactor01,2026-08-31T21:29:04.745Z,0.77344239971,2026-09-01 03:14:04.745,1523.123611111111
Pulse experiments,pioreactor01,2026-08-31T21:29:09.739Z,0.773587373184,2026-09-01 03:14:09.739,1523.125
Pulse experiments,pioreactor01,2026-08-31T21:29:14.734Z,0.773744204178,2026-09-01 03:14:14.734,1523.126388888889
Pulse experiments,pioreactor01,2026-08-31T21:29:19.734Z,0.773898629654,2026-09-01 03:14:19.734,1523.127777777778
Pulse experiments,pioreactor01,2026-08-31T21:29:24.741Z,0.774042525977,2026-09-01 03:14:24.741,1523.129166666667
Pulse experiments,pioreactor01,2026-08-31T21:29:29.735Z,0.774172087396,2026-09-01 03:14:29.735,1523.130555555555
Pulse experiments,pioreactor01,2026-08-31T21:29:34.739Z,0.774259459332,2026-09-01 03:14:34.739,1523.131944444444
Pulse experiments,pioreactor01,2026-08-31T21:29:39.741Z,0.77431358702,2026-09-01 03:14:39.741,1523.133333333333
Pulse experiments,pioreactor01,2026-08-31T21:29:44.736Z,0.774400826715,2026-09-01 03:14:44.736,1523.134722222222
Pulse experiments,pioreactor01,2026-08-31T21:29:49.739Z,0.77448453335,2026-09-01 03:14:49.739,1523.136111111111
Pulse experiments,pioreactor01,2026-08-31T21:29:54.737Z,0.77459537402,2026-09-01 03:14:54.737,1523.1375
Pulse experiments,pioreactor01,2026-08-31T21:29:59.743Z,0.774652628335,2026-09-01 03:14:59.743,1523.138888888889
Pulse experiments,pioreactor01,2026-08-31T21:30:04.739Z,0.774703957498,2026-09-01 03:15:04.739,1523.140277777778
Pulse experiments,pioreactor01,2026-08-31T21:30:09.745Z,0.77477888648,2026-09-01 03:15:09.745,1523.141666666667
Pulse experiments,pioreactor01,2026-08-31T21:30:14.741Z,0.774833766105,2026-09-01 03:15:14.741,1523.143055555556
Pulse experiments,pioreactor01,2026-08-31T21:30:19.736Z,0.774939241046,2026-09-01 03:15:19.736,1523.144444444444
Pulse experiments,pioreactor01,2026-08-31T21:30:24.739Z,0.775045178293,2026-09-01 03:15:24.739,1523.145833333333
Pulse experiments,pioreactor01,2026-08-31T21:30:29.737Z,0.775145891147,2026-09-01 03:15:29.737,1523.147222222222
Pulse experiments,pioreactor01,2026-08-31T21:30:34.734Z,0.775247322657,2026-09-01 03:15:34.734,1523.148611111111
Pulse experiments,pioreactor01,2026-08-31T21:30:39.738Z,0.775339827042,2026-09-01 03:15:39.738,1523.15
Pulse experiments,pioreactor01,2026-08-31T21:30:44.743Z,0.775450211317,2026-09-01 03:15:44.743,1523.151388888889
Pulse experiments,pioreactor01,2026-08-31T21:30:49.741Z,0.775505256854,2026-09-01 03:15:49.741,1523.152777777778
Pulse experiments,pioreactor01,2026-08-31T21:30:54.746Z,0.775509392243,2026-09-01 03:15:54.746,1523.154166666667
Pulse experiments,pioreactor01,2026-08-31T21:30:59.736Z,0.775552749186,2026-09-01 03:15:59.736,1523.155555555556
Pulse experiments,pioreactor01,2026-08-31T21:31:04.740Z,0.775619473151,2026-09-01 03:16:04.740,1523.156944444444
Pulse experiments,pioreactor01,2026-08-31T21:31:09.736Z,0.775666812789,2026-09-01 03:16:09.736,1523.158333333333
Pulse experiments,pioreactor01,2026-08-31T21:31:14.737Z,0.775724658629,2026-09-01 03:16:14.737,1523.159722222222
Pulse experiments,pioreactor01,2026-08-31T21:31:19.741Z,0.775805928802,2026-09-01 03:16:19.741,1523.161111111111
Pulse experiments,pioreactor01,2026-08-31T21:31:24.740Z,0.775868297534,2026-09-01 03:16:24.740,1523.1625
Pulse experiments,pioreactor01,2026-08-31T21:31:29.741Z,0.775962594833,2026-09-01 03:16:29.741,1523.163888888889
Pulse experiments,pioreactor01,2026-08-31T21:31:34.737Z,0.776111978062,2026-09-01 03:16:34.737,1523.165277777778
Pulse experiments,pioreactor01,2026-08-31T21:31:39.736Z,0.776250877537,2026-09-01 03:16:39.736,1523.166666666667
Pulse experiments,pioreactor01,2026-08-31T21:31:44.737Z,0.776398367877,2026-09-01 03:16:44.737,1523.168055555556
Pulse experiments,pioreactor01,2026-08-31T21:31:49.735Z,0.77653312937,2026-09-01 03:16:49.735,1523.169444444444
Pulse experiments,pioreactor01,2026-08-31T21:31:54.739Z,0.776627235998,2026-09-01 03:16:54.739,1523.170833333333
Pulse experiments,pioreactor01,2026-08-31T21:31:59.735Z,0.776698584787,2026-09-01 03:16:59.735,1523.172222222222
Pulse experiments,pioreactor01,2026-08-31T21:32:04.738Z,0.77680546966,2026-09-01 03:17:04.738,1523.173611111111
Pulse experiments,pioreactor01,2026-08-31T21:32:09.753Z,0.776925854293,2026-09-01 03:17:09.753,1523.175
Pulse experiments,pioreactor01,2026-08-31T21:32:14.734Z,0.777039833742,2026-09-01 03:17:14.734,1523.176388888889
Pulse experiments,pioreactor01,2026-08-31T21:32:24.740Z,0.777235632593,2026-09-01 03:17:24.740,1523.179166666667
Pulse experiments,pioreactor01,2026-08-31T21:32:29.734Z,0.777354430209,2026-09-01 03:17:29.734,1523.180555555556
Pulse experiments,pioreactor01,2026-08-31T21:32:34.735Z,0.777491201715,2026-09-01 03:17:34.735,1523.181944444445
Pulse experiments,pioreactor01,2026-08-31T21:32:39.739Z,0.777637164407,2026-09-01 03:17:39.739,1523.183333333333
Pulse experiments,pioreactor01,2026-08-31T21:32:44.734Z,0.777742906285,2026-09-01 03:17:44.734,1523.184722222222
Pulse experiments,pioreactor01,2026-08-31T21:32:49.734Z,0.777852475337,2026-09-01 03:17:49.734,1523.186111111111
Pulse experiments,pioreactor01,2026-08-31T21:32:54.740Z,0.777907967674,2026-09-01 03:17:54.740,1523.1875
Pulse experiments,pioreactor01,2026-08-31T21:32:59.734Z,0.777979433631,2026-09-01 03:17:59.734,1523.188888888889
Pulse experiments,pioreactor01,2026-08-31T21:33:04.734Z,0.778040947971,2026-09-01 03:18:04.734,1523.190277777778
Pulse experiments,pioreactor01,2026-08-31T21:33:09.734Z,0.7781386495,2026-09-01 03:18:09.734,1523.191666666667
Pulse experiments,pioreactor01,2026-08-31T21:33:14.736Z,0.778234687468,2026-09-01 03:18:14.736,1523.193055555555
Pulse experiments,pioreactor01,2026-08-31T21:33:19.744Z,0.778331142461,2026-09-01 03:18:19.744,1523.194444444444
Pulse experiments,pioreactor01,2026-08-31T21:33:24.735Z,0.778416895784,2026-09-01 03:18:24.735,1523.195833333333
Pulse experiments,pioreactor01,2026-08-31T21:33:29.734Z,0.778493889802,2026-09-01 03:18:29.734,1523.197222222222
Pulse experiments,pioreactor01,2026-08-31T21:33:34.739Z,0.778570458995,2026-09-01 03:18:34.739,1523.198611111111
Pulse experiments,pioreactor01,2026-08-31T21:33:39.734Z,0.77864651463,2026-09-01 03:18:39.734,1523.2
Pulse experiments,pioreactor01,2026-08-31T21:33:44.743Z,0.77872866689,2026-09-01 03:18:44.743,1523.201388888889
Pulse experiments,pioreactor01,2026-08-31T21:33:49.733Z,0.778799083475,2026-09-01 03:18:49.733,1523.202777777778
Pulse experiments,pioreactor01,2026-08-31T21:33:54.737Z,0.778860925906,2026-09-01 03:18:54.737,1523.204166666667
Pulse experiments,pioreactor01,2026-08-31T21:33:59.735Z,0.778961086289,2026-09-01 03:18:59.735,1523.205555555556
Pulse experiments,pioreactor01,2026-08-31T21:34:04.738Z,0.779052213749,2026-09-01 03:19:04.738,1523.206944444444
Pulse experiments,pioreactor01,2026-08-31T21:34:09.746Z,0.779129454742,2026-09-01 03:19:09.746,1523.208333333333
Pulse experiments,pioreactor01,2026-08-31T21:34:14.734Z,0.779215862207,2026-09-01 03:19:14.734,1523.209722222222
Pulse experiments,pioreactor01,2026-08-31T21:34:24.739Z,0.779359343358,2026-09-01 03:19:24.739,1523.2125
Pulse experiments,pioreactor01,2026-08-31T21:34:29.739Z,0.779441052531,2026-09-01 03:19:29.739,1523.213888888889
Pulse experiments,pioreactor01,2026-08-31T21:34:34.737Z,0.779499437489,2026-09-01 03:19:34.737,1523.215277777778
Pulse experiments,pioreactor01,2026-08-31T21:34:39.733Z,0.779571901362,2026-09-01 03:19:39.733,1523.216666666667
Pulse experiments,pioreactor01,2026-08-31T21:34:44.738Z,0.779602076881,2026-09-01 03:19:44.738,1523.218055555556
Pulse experiments,pioreactor01,2026-08-31T21:34:49.735Z,0.779663180129,2026-09-01 03:19:49.735,1523.219444444444
Pulse experiments,pioreactor01,2026-08-31T21:34:54.739Z,0.779702727672,2026-09-01 03:19:54.739,1523.220833333333
Pulse experiments,pioreactor01,2026-08-31T21:34:59.734Z,0.779736687043,2026-09-01 03:19:59.734,1523.222222222222
Pulse experiments,pioreactor01,2026-08-31T21:35:09.735Z,0.779918823187,2026-09-01 03:20:09.735,1523.225
Pulse experiments,pioreactor01,2026-08-31T21:35:14.743Z,0.779949034334,2026-09-01 03:20:14.743,1523.226388888889
Pulse experiments,pioreactor01,2026-08-31T21:35:19.734Z,0.779998185244,2026-09-01 03:20:19.734,1523.227777777778
Pulse experiments,pioreactor01,2026-08-31T21:35:24.736Z,0.780086594394,2026-09-01 03:20:24.736,1523.229166666667
Pulse experiments,pioreactor01,2026-08-31T21:35:29.736Z,0.780185877411,2026-09-01 03:20:29.736,1523.230555555556
Pulse experiments,pioreactor01,2026-08-31T21:35:34.734Z,0.780268902142,2026-09-01 03:20:34.734,1523.231944444444
Pulse experiments,pioreactor01,2026-08-31T21:35:39.749Z,0.780339497814,2026-09-01 03:20:39.749,1523.233333333333
Pulse experiments,pioreactor01,2026-08-31T21:35:44.735Z,0.780433859951,2026-09-01 03:20:44.735,1523.234722222222
Pulse experiments,pioreactor01,2026-08-31T21:35:49.733Z,0.780550818301,2026-09-01 03:20:49.733,1523.236111111111
Pulse experiments,pioreactor01,2026-08-31T21:35:54.742Z,0.780660783136,2026-09-01 03:20:54.742,1523.2375
Pulse experiments,pioreactor01,2026-08-31T21:35:59.738Z,0.780734785515,2026-09-01 03:20:59.738,1523.238888888889
Pulse experiments,pioreactor01,2026-08-31T21:36:04.747Z,0.780809476027,2026-09-01 03:21:04.747,1523.240277777778
Pulse experiments,pioreactor01,2026-08-31T21:36:09.736Z,0.780898667243,2026-09-01 03:21:09.736,1523.241666666667
Pulse experiments,pioreactor01,2026-08-31T21:36:14.734Z,0.7809789972,2026-09-01 03:21:14.734,1523.243055555556
Pulse experiments,pioreactor01,2026-08-31T21:36:19.739Z,0.781073356139,2026-09-01 03:21:19.739,1523.244444444445
Pulse experiments,pioreactor01,2026-08-31T21:36:24.742Z,0.781146438168,2026-09-01 03:21:24.742,1523.245833333333
Pulse experiments,pioreactor01,2026-08-31T21:36:29.749Z,0.781200929203,2026-09-01 03:21:29.749,1523.247222222222
Pulse experiments,pioreactor01,2026-08-31T21:36:34.859Z,0.780090708302,2026-09-01 03:21:34.859,1523.248611111111
Pulse experiments,pioreactor01,2026-08-31T21:36:39.734Z,0.765601431085,2026-09-01 03:21:39.734,1523.25
Pulse experiments,pioreactor01,2026-08-31T21:36:44.736Z,0.760938019291,2026-09-01 03:21:44.736,1523.251388888889
Pulse experiments,pioreactor01,2026-08-31T21:36:49.734Z,0.760400451256,2026-09-01 03:21:49.734,1523.252777777778
Pulse experiments,pioreactor01,2026-08-31T21:36:59.739Z,0.759900087178,2026-09-01 03:21:59.739,1523.255555555555
Pulse experiments,pioreactor01,2026-08-31T21:37:04.768Z,0.760049636893,2026-09-01 03:22:04.768,1523.256944444444
Pulse experiments,pioreactor01,2026-08-31T21:37:09.742Z,0.760106510886,2026-09-01 03:22:09.742,1523.258333333333
Pulse experiments,pioreactor01,2026-08-31T21:37:14.741Z,0.760147638795,2026-09-01 03:22:14.741,1523.259722222222
Pulse experiments,pioreactor01,2026-08-31T21:37:19.740Z,0.760209272969,2026-09-01 03:22:19.740,1523.261111111111
Pulse experiments,pioreactor01,2026-08-31T21:37:24.740Z,0.760136276184,2026-09-01 03:22:24.740,1523.2625
Pulse experiments,pioreactor01,2026-08-31T21:37:29.747Z,0.760151232283,2026-09-01 03:22:29.747,1523.263888888889
Pulse experiments,pioreactor01,2026-08-31T21:37:34.738Z,0.760142382631,2026-09-01 03:22:34.738,1523.265277777778
Pulse experiments,pioreactor01,2026-08-31T21:37:39.742Z,0.760123486811,2026-09-01 03:22:39.742,1523.266666666667
Pulse experiments,pioreactor01,2026-08-31T21:37:44.740Z,0.760068708073,2026-09-01 03:22:44.740,1523.268055555556
Pulse experiments,pioreactor01,2026-08-31T21:37:49.734Z,0.759913516206,2026-09-01 03:22:49.734,1523.269444444444
Pulse experiments,pioreactor01,2026-08-31T21:37:54.742Z,0.759964295294,2026-09-01 03:22:54.742,1523.270833333333
Pulse experiments,pioreactor01,2026-08-31T21:37:59.734Z,0.760012412315,2026-09-01 03:22:59.734,1523.272222222222
Pulse experiments,pioreactor01,2026-08-31T21:38:04.742Z,0.760025390902,2026-09-01 03:23:04.742,1523.273611111111
Pulse experiments,pioreactor01,2026-08-31T21:38:09.734Z,0.760069247683,2026-09-01 03:23:09.734,1523.275
Pulse experiments,pioreactor01,2026-08-31T21:38:14.739Z,0.760138837111,2026-09-01 03:23:14.739,1523.276388888889
Pulse experiments,pioreactor01,2026-08-31T21:38:19.747Z,0.760353949423,2026-09-01 03:23:19.747,1523.277777777778
Pulse experiments,pioreactor01,2026-08-31T21:38:24.736Z,0.760491705037,2026-09-01 03:23:24.736,1523.279166666667
Pulse experiments,pioreactor01,2026-08-31T21:38:29.745Z,0.760523372797,2026-09-01 03:23:29.745,1523.280555555556
Pulse experiments,pioreactor01,2026-08-31T21:38:34.736Z,0.760597894761,2026-09-01 03:23:34.736,1523.281944444444
Pulse experiments,pioreactor01,2026-08-31T21:38:39.737Z,0.760623970075,2026-09-01 03:23:39.737,1523.283333333333
Pulse experiments,pioreactor01,2026-08-31T21:38:44.735Z,0.760699084606,2026-09-01 03:23:44.735,1523.284722222222
Pulse experiments,pioreactor01,2026-08-31T21:38:49.736Z,0.760711731709,2026-09-01 03:23:49.736,1523.286111111111
Pulse experiments,pioreactor01,2026-08-31T21:38:54.735Z,0.76077629803,2026-09-01 03:23:54.735,1523.2875
Pulse experiments,pioreactor01,2026-08-31T21:38:59.735Z,0.76087649041,2026-09-01 03:23:59.735,1523.288888888889
Pulse experiments,pioreactor01,2026-08-31T21:39:04.736Z,0.760931726268,2026-09-01 03:24:04.736,1523.290277777778
Pulse experiments,pioreactor01,2026-08-31T21:39:09.734Z,0.760960638451,2026-09-01 03:24:09.734,1523.291666666667
Pulse experiments,pioreactor01,2026-08-31T21:39:14.757Z,0.760994229204,2026-09-01 03:24:14.757,1523.293055555556
Pulse experiments,pioreactor01,2026-08-31T21:39:19.738Z,0.761112059167,2026-09-01 03:24:19.738,1523.294444444444
Pulse experiments,pioreactor01,2026-08-31T21:39:24.739Z,0.761231794999,2026-09-01 03:24:24.739,1523.295833333333
Pulse experiments,pioreactor01,2026-08-31T21:39:29.735Z,0.761371262863,2026-09-01 03:24:29.735,1523.297222222222
Pulse experiments,pioreactor01,2026-08-31T21:39:34.739Z,0.761514412958,2026-09-01 03:24:34.739,1523.298611111111
Pulse experiments,pioreactor01,2026-08-31T21:39:39.739Z,0.761564574954,2026-09-01 03:24:39.739,1523.3
Pulse experiments,pioreactor01,2026-08-31T21:39:44.740Z,0.761617785311,2026-09-01 03:24:44.740,1523.301388888889
Pulse experiments,pioreactor01,2026-08-31T21:39:49.734Z,0.761727563825,2026-09-01 03:24:49.734,1523.302777777778
Pulse experiments,pioreactor01,2026-08-31T21:39:54.735Z,0.761839994235,2026-09-01 03:24:54.735,1523.304166666667
Pulse experiments,pioreactor01,2026-08-31T21:39:59.740Z,0.761894322965,2026-09-01 03:24:59.740,1523.305555555556
Pulse experiments,pioreactor01,2026-08-31T21:40:04.752Z,0.761981037278,2026-09-01 03:25:04.752,1523.306944444445
Pulse experiments,pioreactor01,2026-08-31T21:40:09.737Z,0.76202075131,2026-09-01 03:25:09.737,1523.308333333333
Pulse experiments,pioreactor01,2026-08-31T21:40:14.734Z,0.762159508064,2026-09-01 03:25:14.734,1523.309722222222
Pulse experiments,pioreactor01,2026-08-31T21:40:19.734Z,0.762299511689,2026-09-01 03:25:19.734,1523.311111111111
Pulse experiments,pioreactor01,2026-08-31T21:40:24.741Z,0.762402813658,2026-09-01 03:25:24.741,1523.3125
Pulse experiments,pioreactor01,2026-08-31T21:40:29.735Z,0.762484637667,2026-09-01 03:25:29.735,1523.313888888889
Pulse experiments,pioreactor01,2026-08-31T21:40:34.742Z,0.762557652269,2026-09-01 03:25:34.742,1523.315277777778
Pulse experiments,pioreactor01,2026-08-31T21:40:39.740Z,0.762600051232,2026-09-01 03:25:39.740,1523.316666666667
Pulse experiments,pioreactor01,2026-08-31T21:40:44.742Z,0.762703199866,2026-09-01 03:25:44.742,1523.318055555555
Pulse experiments,pioreactor01,2026-08-31T21:40:49.740Z,0.762758503851,2026-09-01 03:25:49.740,1523.319444444444
Pulse experiments,pioreactor01,2026-08-31T21:40:54.737Z,0.762865075229,2026-09-01 03:25:54.737,1523.320833333333
Pulse experiments,pioreactor01,2026-08-31T21:40:59.742Z,0.762939674343,2026-09-01 03:25:59.742,1523.322222222222
Pulse experiments,pioreactor01,2026-08-31T21:41:04.742Z,0.76297735815,2026-09-01 03:26:04.742,1523.323611111111
Pulse experiments,pioreactor01,2026-08-31T21:41:09.735Z,0.763027435661,2026-09-01 03:26:09.735,1523.325
Pulse experiments,pioreactor01,2026-08-31T21:41:14.737Z,0.763113419714,2026-09-01 03:26:14.737,1523.326388888889
Pulse experiments,pioreactor01,2026-08-31T21:41:19.734Z,0.763156447362,2026-09-01 03:26:19.734,1523.327777777778
Pulse experiments,pioreactor01,2026-08-31T21:41:24.739Z,0.763132044417,2026-09-01 03:26:24.739,1523.329166666667
Pulse experiments,pioreactor01,2026-08-31T21:41:29.734Z,0.76321007395,2026-09-01 03:26:29.734,1523.330555555556
Pulse experiments,pioreactor01,2026-08-31T21:41:34.738Z,0.763263539528,2026-09-01 03:26:34.738,1523.331944444444
Pulse experiments,pioreactor01,2026-08-31T21:41:39.751Z,0.763358493483,2026-09-01 03:26:39.751,1523.333333333333
Pulse experiments,pioreactor01,2026-08-31T21:41:44.738Z,0.763406260257,2026-09-01 03:26:44.738,1523.334722222222
Pulse experiments,pioreactor01,2026-08-31T21:41:49.735Z,0.763475604492,2026-09-01 03:26:49.735,1523.336111111111
Pulse experiments,pioreactor01,2026-08-31T21:41:54.741Z,0.763595380556,2026-09-01 03:26:54.741,1523.3375
Pulse experiments,pioreactor01,2026-08-31T21:41:59.741Z,0.763669159655,2026-09-01 03:26:59.741,1523.338888888889
Pulse experiments,pioreactor01,2026-08-31T21:42:04.744Z,0.763728019409,2026-09-01 03:27:04.744,1523.340277777778
Pulse experiments,pioreactor01,2026-08-31T21:42:09.736Z,0.76378803157,2026-09-01 03:27:09.736,1523.341666666667
Pulse experiments,pioreactor01,2026-08-31T21:42:14.736Z,0.763862352366,2026-09-01 03:27:14.736,1523.343055555556
Pulse experiments,pioreactor01,2026-08-31T21:42:19.737Z,0.763948971703,2026-09-01 03:27:19.737,1523.344444444444
Pulse experiments,pioreactor01,2026-08-31T21:42:24.737Z,0.76400545732,2026-09-01 03:27:24.737,1523.345833333333
Pulse experiments,pioreactor01,2026-08-31T21:42:29.735Z,0.764108995072,2026-09-01 03:27:29.735,1523.347222222222
Pulse experiments,pioreactor01,2026-08-31T21:42:44.735Z,0.764342106248,2026-09-01 03:27:44.735,1523.351388888889
Pulse experiments,pioreactor01,2026-08-31T21:42:49.744Z,0.764394996633,2026-09-01 03:27:49.744,1523.352777777778
Pulse experiments,pioreactor01,2026-08-31T21:42:54.739Z,0.764513683967,2026-09-01 03:27:54.739,1523.354166666667
Pulse experiments,pioreactor01,2026-08-31T21:42:59.734Z,0.764573892005,2026-09-01 03:27:59.734,1523.355555555556
Pulse experiments,pioreactor01,2026-08-31T21:43:04.735Z,0.764645851692,2026-09-01 03:28:04.735,1523.356944444444
Pulse experiments,pioreactor01,2026-08-31T21:43:09.739Z,0.764710129419,2026-09-01 03:28:09.739,1523.358333333333
Pulse experiments,pioreactor01,2026-08-31T21:43:14.737Z,0.764754422381,2026-09-01 03:28:14.737,1523.359722222222
Pulse experiments,pioreactor01,2026-08-31T21:43:19.735Z,0.764758626503,2026-09-01 03:28:19.735,1523.361111111111
Pulse experiments,pioreactor01,2026-08-31T21:43:24.750Z,0.764808606609,2026-09-01 03:28:24.750,1523.3625
Pulse experiments,pioreactor01,2026-08-31T21:43:29.739Z,0.764836376453,2026-09-01 03:28:29.739,1523.363888888889
Pulse experiments,pioreactor01,2026-08-31T21:43:34.745Z,0.764927876967,2026-09-01 03:28:34.745,1523.365277777778
Pulse experiments,pioreactor01,2026-08-31T21:43:39.735Z,0.764964942795,2026-09-01 03:28:39.735,1523.366666666667
Pulse experiments,pioreactor01,2026-08-31T21:43:44.738Z,0.765014549712,2026-09-01 03:28:44.738,1523.368055555556
Pulse experiments,pioreactor01,2026-08-31T21:43:49.744Z,0.76508117908,2026-09-01 03:28:49.744,1523.369444444445
Pulse experiments,pioreactor01,2026-08-31T21:43:54.738Z,0.765140944199,2026-09-01 03:28:54.738,1523.370833333333
Pulse experiments,pioreactor01,2026-08-31T21:43:59.739Z,0.765213406824,2026-09-01 03:28:59.739,1523.372222222222
Pulse experiments,pioreactor01,2026-08-31T21:44:04.741Z,0.765266344213,2026-09-01 03:29:04.741,1523.373611111111
Pulse experiments,pioreactor01,2026-08-31T21:44:09.737Z,0.765312832151,2026-09-01 03:29:09.737,1523.375
Pulse experiments,pioreactor01,2026-08-31T21:44:14.737Z,0.765392770415,2026-09-01 03:29:14.737,1523.376388888889
Pulse experiments,pioreactor01,2026-08-31T21:44:19.735Z,0.765483850894,2026-09-01 03:29:19.735,1523.377777777778
Pulse experiments,pioreactor01,2026-08-31T21:44:24.738Z,0.765509363846,2026-09-01 03:29:24.738,1523.379166666667
Pulse experiments,pioreactor01,2026-08-31T21:44:29.738Z,0.765594301855,2026-09-01 03:29:29.738,1523.380555555555
Pulse experiments,pioreactor01,2026-08-31T21:44:34.738Z,0.765720265793,2026-09-01 03:29:34.738,1523.381944444444
Pulse experiments,pioreactor01,2026-08-31T21:44:39.741Z,0.765821534513,2026-09-01 03:29:39.741,1523.383333333333
Pulse experiments,pioreactor01,2026-08-31T21:44:44.734Z,0.765931841296,2026-09-01 03:29:44.734,1523.384722222222
Pulse experiments,pioreactor01,2026-08-31T21:44:49.741Z,0.766052556114,2026-09-01 03:29:49.741,1523.386111111111
Pulse experiments,pioreactor01,2026-08-31T21:44:54.754Z,0.766173693892,2026-09-01 03:29:54.754,1523.3875
Pulse experiments,pioreactor01,2026-08-31T21:44:59.737Z,0.766322113357,2026-09-01 03:29:59.737,1523.388888888889
Pulse experiments,pioreactor01,2026-08-31T21:45:04.740Z,0.766405738267,2026-09-01 03:30:04.740,1523.390277777778
Pulse experiments,pioreactor01,2026-08-31T21:45:09.755Z,0.766454595016,2026-09-01 03:30:09.755,1523.391666666667
Pulse experiments,pioreactor01,2026-08-31T21:45:14.741Z,0.766515117526,2026-09-01 03:30:14.741,1523.393055555556
Pulse experiments,pioreactor01,2026-08-31T21:45:19.741Z,0.766587730721,2026-09-01 03:30:19.741,1523.394444444444
Pulse experiments,pioreactor01,2026-08-31T21:45:24.736Z,0.766706914301,2026-09-01 03:30:24.736,1523.395833333333
Pulse experiments,pioreactor01,2026-08-31T21:45:29.736Z,0.7667813097,2026-09-01 03:30:29.736,1523.397222222222
Pulse experiments,pioreactor01,2026-08-31T21:45:34.736Z,0.766884207703,2026-09-01 03:30:34.736,1523.398611111111
Pulse experiments,pioreactor01,2026-08-31T21:45:39.740Z,0.766947195495,2026-09-01 03:30:39.740,1523.4
Pulse experiments,pioreactor01,2026-08-31T21:45:44.733Z,0.76702453275,2026-09-01 03:30:44.733,1523.401388888889
Pulse experiments,pioreactor01,2026-08-31T21:45:49.741Z,0.767138174517,2026-09-01 03:30:49.741,1523.402777777778
Pulse experiments,pioreactor01,2026-08-31T21:45:54.736Z,0.767164499453,2026-09-01 03:30:54.736,1523.404166666667
Pulse experiments,pioreactor01,2026-08-31T21:45:59.738Z,0.767204646402,2026-09-01 03:30:59.738,1523.405555555556
Pulse experiments,pioreactor01,2026-08-31T21:46:04.740Z,0.767318150652,2026-09-01 03:31:04.740,1523.406944444444
Pulse experiments,pioreactor01,2026-08-31T21:46:09.734Z,0.767413392231,2026-09-01 03:31:09.734,1523.408333333333
Pulse experiments,pioreactor01,2026-08-31T21:46:14.738Z,0.767522430393,2026-09-01 03:31:14.738,1523.409722222222
Pulse experiments,pioreactor01,2026-08-31T21:46:19.742Z,0.767657736719,2026-09-01 03:31:19.742,1523.411111111111
Pulse experiments,pioreactor01,2026-08-31T21:46:24.734Z,0.767750943367,2026-09-01 03:31:24.734,1523.4125
Pulse experiments,pioreactor01,2026-08-31T21:46:29.742Z,0.76784403685,2026-09-01 03:31:29.742,1523.413888888889
Pulse experiments,pioreactor01,2026-08-31T21:46:34.739Z,0.767952576581,2026-09-01 03:31:34.739,1523.415277777778
Pulse experiments,pioreactor01,2026-08-31T21:46:39.752Z,0.768022191352,2026-09-01 03:31:39.752,1523.416666666667
Pulse experiments,pioreactor01,2026-08-31T21:46:44.738Z,0.768071093768,2026-09-01 03:31:44.738,1523.418055555556
Pulse experiments,pioreactor01,2026-08-31T21:46:49.745Z,0.76812323469,2026-09-01 03:31:49.745,1523.419444444444
Pulse experiments,pioreactor01,2026-08-31T21:46:54.758Z,0.759631225218,2026-09-01 03:31:54.758,1523.420833333333
Pulse experiments,pioreactor01,2026-08-31T21:46:59.734Z,0.755045029831,2026-09-01 03:31:59.734,1523.422222222222
Pulse experiments,pioreactor01,2026-08-31T21:47:04.736Z,0.75549434974,2026-09-01 03:32:04.736,1523.423611111111
Pulse experiments,pioreactor01,2026-08-31T21:47:09.740Z,0.755555188389,2026-09-01 03:32:09.740,1523.425
Pulse experiments,pioreactor01,2026-08-31T21:47:14.733Z,0.755340238594,2026-09-01 03:32:14.733,1523.426388888889
Pulse experiments,pioreactor01,2026-08-31T21:47:24.758Z,0.755200406587,2026-09-01 03:32:24.758,1523.429166666667
Pulse experiments,pioreactor01,2026-08-31T21:47:29.737Z,0.755326775969,2026-09-01 03:32:29.737,1523.430555555556
Pulse experiments,pioreactor01,2026-08-31T21:47:34.752Z,0.755366010159,2026-09-01 03:32:34.752,1523.431944444445
Pulse experiments,pioreactor01,2026-08-31T21:47:39.740Z,0.755360111089,2026-09-01 03:32:39.740,1523.433333333333
Pulse experiments,pioreactor01,2026-08-31T21:47:44.734Z,0.755599938229,2026-09-01 03:32:44.734,1523.434722222222
Pulse experiments,pioreactor01,2026-08-31T21:47:49.737Z,0.75578413778,2026-09-01 03:32:49.737,1523.436111111111
Pulse experiments,pioreactor01,2026-08-31T21:47:54.736Z,0.755847705581,2026-09-01 03:32:54.736,1523.4375
Pulse experiments,pioreactor01,2026-08-31T21:47:59.739Z,0.755967509702,2026-09-01 03:32:59.739,1523.438888888889
Pulse experiments,pioreactor01,2026-08-31T21:48:04.736Z,0.755899670093,2026-09-01 03:33:04.736,1523.440277777778
Pulse experiments,pioreactor01,2026-08-31T21:48:09.738Z,0.75604535204,2026-09-01 03:33:09.738,1523.441666666667
Pulse experiments,pioreactor01,2026-08-31T21:48:14.739Z,0.756158623901,2026-09-01 03:33:14.739,1523.443055555555
Pulse experiments,pioreactor01,2026-08-31T21:48:24.735Z,0.756233324723,2026-09-01 03:33:24.735,1523.445833333333
Pulse experiments,pioreactor01,2026-08-31T21:48:29.745Z,0.756365749716,2026-09-01 03:33:29.745,1523.447222222222
Pulse experiments,pioreactor01,2026-08-31T21:48:34.739Z,0.756383150516,2026-09-01 03:33:34.739,1523.448611111111
Pulse experiments,pioreactor01,2026-08-31T21:48:39.739Z,0.756380982364,2026-09-01 03:33:39.739,1523.45
Pulse experiments,pioreactor01,2026-08-31T21:48:44.738Z,0.756426968416,2026-09-01 03:33:44.738,1523.451388888889
Pulse experiments,pioreactor01,2026-08-31T21:48:49.738Z,0.756559333597,2026-09-01 03:33:49.738,1523.452777777778
Pulse experiments,pioreactor01,2026-08-31T21:48:54.735Z,0.756639731549,2026-09-01 03:33:54.735,1523.454166666667
Pulse experiments,pioreactor01,2026-08-31T21:48:59.735Z,0.756724559857,2026-09-01 03:33:59.735,1523.455555555556
Pulse experiments,pioreactor01,2026-08-31T21:49:05.247Z,0.756825552738,2026-09-01 03:34:05.247,1523.457222222222
Pulse experiments,pioreactor01,2026-08-31T21:49:09.744Z,0.756919774192,2026-09-01 03:34:09.744,1523.458333333333
Pulse experiments,pioreactor01,2026-08-31T21:49:14.740Z,0.757004233898,2026-09-01 03:34:14.740,1523.459722222222
Pulse experiments,pioreactor01,2026-08-31T21:49:19.735Z,0.757080692966,2026-09-01 03:34:19.735,1523.461111111111
Pulse experiments,pioreactor01,2026-08-31T21:49:24.737Z,0.757081576781,2026-09-01 03:34:24.737,1523.4625
Pulse experiments,pioreactor01,2026-08-31T21:49:29.734Z,0.75704159862,2026-09-01 03:34:29.734,1523.463888888889
Pulse experiments,pioreactor01,2026-08-31T21:49:34.737Z,0.757128261529,2026-09-01 03:34:34.737,1523.465277777778
Pulse experiments,pioreactor01,2026-08-31T21:49:39.735Z,0.757177366417,2026-09-01 03:34:39.735,1523.466666666667
Pulse experiments,pioreactor01,2026-08-31T21:49:44.734Z,0.757255257584,2026-09-01 03:34:44.734,1523.468055555556
Pulse experiments,pioreactor01,2026-08-31T21:49:49.734Z,0.757305093038,2026-09-01 03:34:49.734,1523.469444444444
Pulse experiments,pioreactor01,2026-08-31T21:49:54.735Z,0.75738349086,2026-09-01 03:34:54.735,1523.470833333333
Pulse experiments,pioreactor01,2026-08-31T21:49:59.734Z,0.75748861576,2026-09-01 03:34:59.734,1523.472222222222
Pulse experiments,pioreactor01,2026-08-31T21:50:04.740Z,0.757570491694,2026-09-01 03:35:04.740,1523.473611111111
Pulse experiments,pioreactor01,2026-08-31T21:50:09.734Z,0.757699608812,2026-09-01 03:35:09.734,1523.475
Pulse experiments,pioreactor01,2026-08-31T21:50:14.737Z,0.757755165841,2026-09-01 03:35:14.737,1523.476388888889
Pulse experiments,pioreactor01,2026-08-31T21:50:19.740Z,0.757839922703,2026-09-01 03:35:19.740,1523.477777777778
Pulse experiments,pioreactor01,2026-08-31T21:50:24.738Z,0.75794995476,2026-09-01 03:35:24.738,1523.479166666667
Pulse experiments,pioreactor01,2026-08-31T21:50:29.735Z,0.758036986308,2026-09-01 03:35:29.735,1523.480555555556
Pulse experiments,pioreactor01,2026-08-31T21:50:34.741Z,0.758121566778,2026-09-01 03:35:34.741,1523.481944444444
Pulse experiments,pioreactor01,2026-08-31T21:50:39.734Z,0.758214546221,2026-09-01 03:35:39.734,1523.483333333333
Pulse experiments,pioreactor01,2026-08-31T21:50:44.740Z,0.758243411701,2026-09-01 03:35:44.740,1523.484722222222
Pulse experiments,pioreactor01,2026-08-31T21:50:49.735Z,0.758358752574,2026-09-01 03:35:49.735,1523.486111111111
Pulse experiments,pioreactor01,2026-08-31T21:50:54.746Z,0.75844775095,2026-09-01 03:35:54.746,1523.4875
Pulse experiments,pioreactor01,2026-08-31T21:50:59.734Z,0.758549328538,2026-09-01 03:35:59.734,1523.488888888889
Pulse experiments,pioreactor01,2026-08-31T21:51:04.740Z,0.758641084557,2026-09-01 03:36:04.740,1523.490277777778
Pulse experiments,pioreactor01,2026-08-31T21:51:09.734Z,0.758695490912,2026-09-01 03:36:09.734,1523.491666666667
Pulse experiments,pioreactor01,2026-08-31T21:51:14.739Z,0.758792633472,2026-09-01 03:36:14.739,1523.493055555556
Pulse experiments,pioreactor01,2026-08-31T21:51:19.734Z,0.758871951737,2026-09-01 03:36:19.734,1523.494444444445
Pulse experiments,pioreactor01,2026-08-31T21:51:24.739Z,0.758920083957,2026-09-01 03:36:24.739,1523.495833333333
Pulse experiments,pioreactor01,2026-08-31T21:51:29.743Z,0.758976286883,2026-09-01 03:36:29.743,1523.497222222222
Pulse experiments,pioreactor01,2026-08-31T21:51:34.734Z,0.759044868865,2026-09-01 03:36:34.734,1523.498611111111
Pulse experiments,pioreactor01,2026-08-31T21:51:39.735Z,0.759101046381,2026-09-01 03:36:39.735,1523.5
Pulse experiments,pioreactor01,2026-08-31T21:51:44.736Z,0.759143511661,2026-09-01 03:36:44.736,1523.501388888889
Pulse experiments,pioreactor01,2026-08-31T21:51:49.740Z,0.759171787463,2026-09-01 03:36:49.740,1523.502777777778
Pulse experiments,pioreactor01,2026-08-31T21:51:54.748Z,0.7592388071,2026-09-01 03:36:54.748,1523.504166666667
Pulse experiments,pioreactor01,2026-08-31T21:51:59.736Z,0.759298386138,2026-09-01 03:36:59.736,1523.505555555555
Pulse experiments,pioreactor01,2026-08-31T21:52:04.734Z,0.759387512612,2026-09-01 03:37:04.734,1523.506944444444
Pulse experiments,pioreactor01,2026-08-31T21:52:09.736Z,0.759415252607,2026-09-01 03:37:09.736,1523.508333333333
Pulse experiments,pioreactor01,2026-08-31T21:52:19.737Z,0.759583604075,2026-09-01 03:37:19.737,1523.511111111111
Pulse experiments,pioreactor01,2026-08-31T21:52:24.735Z,0.759666619224,2026-09-01 03:37:24.735,1523.5125
Pulse experiments,pioreactor01,2026-08-31T21:52:29.738Z,0.759744293109,2026-09-01 03:37:29.738,1523.513888888889
Pulse experiments,pioreactor01,2026-08-31T21:52:34.740Z,0.759831743097,2026-09-01 03:37:34.740,1523.515277777778
Pulse experiments,pioreactor01,2026-08-31T21:52:39.736Z,0.759870721395,2026-09-01 03:37:39.736,1523.516666666667
Pulse experiments,pioreactor01,2026-08-31T21:52:44.735Z,0.759897363721,2026-09-01 03:37:44.735,1523.518055555556
Pulse experiments,pioreactor01,2026-08-31T21:52:49.755Z,0.75991530922,2026-09-01 03:37:49.755,1523.519444444444
Pulse experiments,pioreactor01,2026-08-31T21:52:54.740Z,0.759994078541,2026-09-01 03:37:54.740,1523.520833333333
Pulse experiments,pioreactor01,2026-08-31T21:52:59.735Z,0.760089040365,2026-09-01 03:37:59.735,1523.522222222222
Pulse experiments,pioreactor01,2026-08-31T21:53:04.739Z,0.760177953153,2026-09-01 03:38:04.739,1523.523611111111
Pulse experiments,pioreactor01,2026-08-31T21:53:09.734Z,0.760261502164,2026-09-01 03:38:09.734,1523.525
Pulse experiments,pioreactor01,2026-08-31T21:53:14.736Z,0.760365513226,2026-09-01 03:38:14.736,1523.526388888889
Pulse experiments,pioreactor01,2026-08-31T21:53:19.739Z,0.760406883447,2026-09-01 03:38:19.739,1523.527777777778
Pulse experiments,pioreactor01,2026-08-31T21:53:24.736Z,0.760432670684,2026-09-01 03:38:24.736,1523.529166666667
Pulse experiments,pioreactor01,2026-08-31T21:53:29.735Z,0.760531423646,2026-09-01 03:38:29.735,1523.530555555556
Pulse experiments,pioreactor01,2026-08-31T21:53:34.739Z,0.760692216874,2026-09-01 03:38:34.739,1523.531944444444
Pulse experiments,pioreactor01,2026-08-31T21:53:39.741Z,0.760755393289,2026-09-01 03:38:39.741,1523.533333333333
Pulse experiments,pioreactor01,2026-08-31T21:53:44.738Z,0.760794669509,2026-09-01 03:38:44.738,1523.534722222222
Pulse experiments,pioreactor01,2026-08-31T21:53:49.735Z,0.760827757226,2026-09-01 03:38:49.735,1523.536111111111
Pulse experiments,pioreactor01,2026-08-31T21:53:54.735Z,0.760846606112,2026-09-01 03:38:54.735,1523.5375
Pulse experiments,pioreactor01,2026-08-31T21:53:59.734Z,0.760882833187,2026-09-01 03:38:59.734,1523.538888888889
Pulse experiments,pioreactor01,2026-08-31T21:54:04.737Z,0.760970964104,2026-09-01 03:39:04.737,1523.540277777778
Pulse experiments,pioreactor01,2026-08-31T21:54:09.738Z,0.761095380664,2026-09-01 03:39:09.738,1523.541666666667
Pulse experiments,pioreactor01,2026-08-31T21:54:14.739Z,0.761162906494,2026-09-01 03:39:14.739,1523.543055555556
Pulse experiments,pioreactor01,2026-08-31T21:54:19.738Z,0.761230758285,2026-09-01 03:39:19.738,1523.544444444444
Pulse experiments,pioreactor01,2026-08-31T21:54:24.735Z,0.761306111883,2026-09-01 03:39:24.735,1523.545833333333
Pulse experiments,pioreactor01,2026-08-31T21:54:29.750Z,0.761369794231,2026-09-01 03:39:29.750,1523.547222222222
Pulse experiments,pioreactor01,2026-08-31T21:54:34.740Z,0.761429228169,2026-09-01 03:39:34.740,1523.548611111111
Pulse experiments,pioreactor01,2026-08-31T21:54:39.734Z,0.761463026869,2026-09-01 03:39:39.734,1523.55
Pulse experiments,pioreactor01,2026-08-31T21:54:44.754Z,0.761525616669,2026-09-01 03:39:44.754,1523.551388888889
Pulse experiments,pioreactor01,2026-08-31T21:54:49.744Z,0.761587798667,2026-09-01 03:39:49.744,1523.552777777778
Pulse experiments,pioreactor01,2026-08-31T21:54:54.734Z,0.761679592098,2026-09-01 03:39:54.734,1523.554166666667
Pulse experiments,pioreactor01,2026-08-31T21:54:59.736Z,0.761734378626,2026-09-01 03:39:59.736,1523.555555555556
Pulse experiments,pioreactor01,2026-08-31T21:55:04.738Z,0.761800631546,2026-09-01 03:40:04.738,1523.556944444445
Pulse experiments,pioreactor01,2026-08-31T21:55:09.740Z,0.761826949877,2026-09-01 03:40:09.740,1523.558333333333
Pulse experiments,pioreactor01,2026-08-31T21:55:14.740Z,0.761906515557,2026-09-01 03:40:14.740,1523.559722222222
Pulse experiments,pioreactor01,2026-08-31T21:55:19.738Z,0.76193860927,2026-09-01 03:40:19.738,1523.561111111111
Pulse experiments,pioreactor01,2026-08-31T21:55:24.737Z,0.761977381522,2026-09-01 03:40:24.737,1523.5625
Pulse experiments,pioreactor01,2026-08-31T21:55:34.738Z,0.762091594429,2026-09-01 03:40:34.738,1523.565277777778
Pulse experiments,pioreactor01,2026-08-31T21:55:39.734Z,0.762147081094,2026-09-01 03:40:39.734,1523.566666666667
Pulse experiments,pioreactor01,2026-08-31T21:55:44.735Z,0.762140127601,2026-09-01 03:40:44.735,1523.568055555555
Pulse experiments,pioreactor01,2026-08-31T21:55:54.739Z,0.762245605331,2026-09-01 03:40:54.739,1523.570833333333
Pulse experiments,pioreactor01,2026-08-31T21:55:59.738Z,0.762257506332,2026-09-01 03:40:59.738,1523.572222222222
Pulse experiments,pioreactor01,2026-08-31T21:56:04.734Z,0.762266049385,2026-09-01 03:41:04.734,1523.573611111111
Pulse experiments,pioreactor01,2026-08-31T21:56:09.735Z,0.762277912024,2026-09-01 03:41:09.735,1523.575
Pulse experiments,pioreactor01,2026-08-31T21:56:14.739Z,0.762263073976,2026-09-01 03:41:14.739,1523.576388888889
Pulse experiments,pioreactor01,2026-08-31T21:56:19.741Z,0.762256792393,2026-09-01 03:41:19.741,1523.577777777778
Pulse experiments,pioreactor01,2026-08-31T21:56:24.739Z,0.762301073937,2026-09-01 03:41:24.739,1523.579166666667
Pulse experiments,pioreactor01,2026-08-31T21:56:29.738Z,0.762332203446,2026-09-01 03:41:29.738,1523.580555555556
Pulse experiments,pioreactor01,2026-08-31T21:56:34.748Z,0.762417164178,2026-09-01 03:41:34.748,1523.581944444444
Pulse experiments,pioreactor01,2026-08-31T21:56:39.736Z,0.762498034059,2026-09-01 03:41:39.736,1523.583333333333
Pulse experiments,pioreactor01,2026-08-31T21:56:44.751Z,0.762563519849,2026-09-01 03:41:44.751,1523.584722222222
Pulse experiments,pioreactor01,2026-08-31T21:56:49.752Z,0.762563580696,2026-09-01 03:41:49.752,1523.586111111111
Pulse experiments,pioreactor01,2026-08-31T21:56:54.745Z,0.76257502543,2026-09-01 03:41:54.745,1523.5875
Pulse experiments,pioreactor01,2026-08-31T21:56:59.744Z,0.761701594484,2026-09-01 03:41:59.744,1523.588888888889
Pulse experiments,pioreactor01,2026-08-31T21:57:04.757Z,0.756839660754,2026-09-01 03:42:04.757,1523.590277777778
Pulse experiments,pioreactor01,2026-08-31T21:57:09.763Z,0.756748891296,2026-09-01 03:42:09.763,1523.591666666667
Pulse experiments,pioreactor01,2026-08-31T21:57:14.735Z,0.756430675224,2026-09-01 03:42:14.735,1523.593055555556
Pulse experiments,pioreactor01,2026-08-31T21:57:19.735Z,0.756701857751,2026-09-01 03:42:19.735,1523.594444444444
Pulse experiments,pioreactor01,2026-08-31T21:57:24.739Z,0.756976804248,2026-09-01 03:42:24.739,1523.595833333333
Pulse experiments,pioreactor01,2026-08-31T21:57:29.736Z,0.757126083849,2026-09-01 03:42:29.736,1523.597222222222
Pulse experiments,pioreactor01,2026-08-31T21:57:34.749Z,0.756904144395,2026-09-01 03:42:34.749,1523.598611111111
Pulse experiments,pioreactor01,2026-08-31T21:57:39.734Z,0.756985893807,2026-09-01 03:42:39.734,1523.6
Pulse experiments,pioreactor01,2026-08-31T21:57:44.740Z,0.7568665022,2026-09-01 03:42:44.740,1523.601388888889
Pulse experiments,pioreactor01,2026-08-31T21:57:49.736Z,0.756721759453,2026-09-01 03:42:49.736,1523.602777777778
Pulse experiments,pioreactor01,2026-08-31T21:57:54.749Z,0.756759373735,2026-09-01 03:42:54.749,1523.604166666667
Pulse experiments,pioreactor01,2026-08-31T21:57:59.736Z,0.756802242857,2026-09-01 03:42:59.736,1523.605555555556
Pulse experiments,pioreactor01,2026-08-31T21:58:04.741Z,0.756924948395,2026-09-01 03:43:04.741,1523.606944444444
Pulse experiments,pioreactor01,2026-08-31T21:58:09.734Z,0.756944259951,2026-09-01 03:43:09.734,1523.608333333333
Pulse experiments,pioreactor01,2026-08-31T21:58:14.738Z,0.757107083259,2026-09-01 03:43:14.738,1523.609722222222
Pulse experiments,pioreactor01,2026-08-31T21:58:19.738Z,0.757053697062,2026-09-01 03:43:19.738,1523.611111111111
Pulse experiments,pioreactor01,2026-08-31T21:58:24.743Z,0.757094290163,2026-09-01 03:43:24.743,1523.6125
Pulse experiments,pioreactor01,2026-08-31T21:58:29.734Z,0.75719691202,2026-09-01 03:43:29.734,1523.613888888889
Pulse experiments,pioreactor01,2026-08-31T21:58:34.748Z,0.757185326798,2026-09-01 03:43:34.748,1523.615277777778
Pulse experiments,pioreactor01,2026-08-31T21:58:39.746Z,0.757223183763,2026-09-01 03:43:39.746,1523.616666666667
Pulse experiments,pioreactor01,2026-08-31T21:58:44.785Z,0.75723658035,2026-09-01 03:43:44.785,1523.618055555556
Pulse experiments,pioreactor01,2026-08-31T21:58:49.740Z,0.757235896258,2026-09-01 03:43:49.740,1523.619444444445
Pulse experiments,pioreactor01,2026-08-31T21:58:54.740Z,0.757363611659,2026-09-01 03:43:54.740,1523.620833333333
Pulse experiments,pioreactor01,2026-08-31T21:58:59.735Z,0.757393981143,2026-09-01 03:43:59.735,1523.622222222222
Pulse experiments,pioreactor01,2026-08-31T21:59:04.740Z,0.757472255604,2026-09-01 03:44:04.740,1523.623611111111
Pulse experiments,pioreactor01,2026-08-31T21:59:09.740Z,0.757531771244,2026-09-01 03:44:09.740,1523.625
Pulse experiments,pioreactor01,2026-08-31T21:59:14.739Z,0.757545029916,2026-09-01 03:44:14.739,1523.626388888889
Pulse experiments,pioreactor01,2026-08-31T21:59:19.735Z,0.757510748456,2026-09-01 03:44:19.735,1523.627777777778
Pulse experiments,pioreactor01,2026-08-31T21:59:24.735Z,0.75750765236,2026-09-01 03:44:24.735,1523.629166666667
Pulse experiments,pioreactor01,2026-08-31T21:59:29.734Z,0.75751660286,2026-09-01 03:44:29.734,1523.630555555555
Pulse experiments,pioreactor01,2026-08-31T21:59:34.739Z,0.757468052947,2026-09-01 03:44:34.739,1523.631944444444
Pulse experiments,pioreactor01,2026-08-31T21:59:39.737Z,0.757515219052,2026-09-01 03:44:39.737,1523.633333333333
Pulse experiments,pioreactor01,2026-08-31T21:59:44.735Z,0.757587442053,2026-09-01 03:44:44.735,1523.634722222222
Pulse experiments,pioreactor01,2026-08-31T21:59:49.734Z,0.757637016849,2026-09-01 03:44:49.734,1523.636111111111
Pulse experiments,pioreactor01,2026-08-31T21:59:54.738Z,0.757701898362,2026-09-01 03:44:54.738,1523.6375
Pulse experiments,pioreactor01,2026-08-31T21:59:59.742Z,0.757743662933,2026-09-01 03:44:59.742,1523.638888888889
Pulse experiments,pioreactor01,2026-08-31T22:00:04.738Z,0.75767778723,2026-09-01 03:45:04.738,1523.640277777778
Pulse experiments,pioreactor01,2026-08-31T22:00:09.736Z,0.757690556624,2026-09-01 03:45:09.736,1523.641666666667
Pulse experiments,pioreactor01,2026-08-31T22:00:14.737Z,0.757718295606,2026-09-01 03:45:14.737,1523.643055555556
Pulse experiments,pioreactor01,2026-08-31T22:00:19.736Z,0.757761169177,2026-09-01 03:45:19.736,1523.644444444444
Pulse experiments,pioreactor01,2026-08-31T22:00:24.735Z,0.757815155631,2026-09-01 03:45:24.735,1523.645833333333
Pulse experiments,pioreactor01,2026-08-31T22:00:29.734Z,0.757887329535,2026-09-01 03:45:29.734,1523.647222222222
Pulse experiments,pioreactor01,2026-08-31T22:00:34.740Z,0.757964135272,2026-09-01 03:45:34.740,1523.648611111111
Pulse experiments,pioreactor01,2026-08-31T22:00:39.737Z,0.757998401331,2026-09-01 03:45:39.737,1523.65
Pulse experiments,pioreactor01,2026-08-31T22:00:44.736Z,0.758044895976,2026-09-01 03:45:44.736,1523.651388888889
Pulse experiments,pioreactor01,2026-08-31T22:00:49.735Z,0.758141199038,2026-09-01 03:45:49.735,1523.652777777778
Pulse experiments,pioreactor01,2026-08-31T22:00:54.762Z,0.758213534652,2026-09-01 03:45:54.762,1523.654166666667
Pulse experiments,pioreactor01,2026-08-31T22:00:59.735Z,0.758254795015,2026-09-01 03:45:59.735,1523.655555555556
Pulse experiments,pioreactor01,2026-08-31T22:01:04.743Z,0.75828530838,2026-09-01 03:46:04.743,1523.656944444444
Pulse experiments,pioreactor01,2026-08-31T22:01:09.734Z,0.758371178153,2026-09-01 03:46:09.734,1523.658333333333
Pulse experiments,pioreactor01,2026-08-31T22:01:14.738Z,0.758452564042,2026-09-01 03:46:14.738,1523.659722222222
Pulse experiments,pioreactor01,2026-08-31T22:01:19.734Z,0.758518894598,2026-09-01 03:46:19.734,1523.661111111111
Pulse experiments,pioreactor01,2026-08-31T22:01:24.736Z,0.758570817911,2026-09-01 03:46:24.736,1523.6625
Pulse experiments,pioreactor01,2026-08-31T22:01:29.737Z,0.758635168428,2026-09-01 03:46:29.737,1523.663888888889
Pulse experiments,pioreactor01,2026-08-31T22:01:34.746Z,0.758712077644,2026-09-01 03:46:34.746,1523.665277777778
Pulse experiments,pioreactor01,2026-08-31T22:01:39.738Z,0.758784122374,2026-09-01 03:46:39.738,1523.666666666667
Pulse experiments,pioreactor01,2026-08-31T22:01:44.734Z,0.75888826597,2026-09-01 03:46:44.734,1523.668055555556
Pulse experiments,pioreactor01,2026-08-31T22:01:49.759Z,0.75899002804,2026-09-01 03:46:49.759,1523.669444444444
Pulse experiments,pioreactor01,2026-08-31T22:01:54.737Z,0.759059976302,2026-09-01 03:46:54.737,1523.670833333333
Pulse experiments,pioreactor01,2026-08-31T22:01:59.739Z,0.759122054108,2026-09-01 03:46:59.739,1523.672222222222
Pulse experiments,pioreactor01,2026-08-31T22:02:04.735Z,0.759176930899,2026-09-01 03:47:04.735,1523.673611111111
Pulse experiments,pioreactor01,2026-08-31T22:02:09.748Z,0.759216191388,2026-09-01 03:47:09.748,1523.675
Pulse experiments,pioreactor01,2026-08-31T22:02:19.737Z,0.759297660737,2026-09-01 03:47:19.737,1523.677777777778
Pulse experiments,pioreactor01,2026-08-31T22:02:24.762Z,0.759272054963,2026-09-01 03:47:24.762,1523.679166666667
Pulse experiments,pioreactor01,2026-08-31T22:02:29.734Z,0.759304452668,2026-09-01 03:47:29.734,1523.680555555556
Pulse experiments,pioreactor01,2026-08-31T22:02:39.743Z,0.759436238668,2026-09-01 03:47:39.743,1523.683333333333
Pulse experiments,pioreactor01,2026-08-31T22:02:44.735Z,0.759449883821,2026-09-01 03:47:44.735,1523.684722222222
Pulse experiments,pioreactor01,2026-08-31T22:02:49.738Z,0.759492735886,2026-09-01 03:47:49.738,1523.686111111111
Pulse experiments,pioreactor01,2026-08-31T22:02:54.735Z,0.759528089849,2026-09-01 03:47:54.735,1523.6875
Pulse experiments,pioreactor01,2026-08-31T22:02:59.734Z,0.759533188375,2026-09-01 03:47:59.734,1523.688888888889
Pulse experiments,pioreactor01,2026-08-31T22:03:04.738Z,0.759522156875,2026-09-01 03:48:04.738,1523.690277777778
Pulse experiments,pioreactor01,2026-08-31T22:03:09.735Z,0.75960007274,2026-09-01 03:48:09.735,1523.691666666667
Pulse experiments,pioreactor01,2026-08-31T22:03:14.733Z,0.75965989679,2026-09-01 03:48:14.733,1523.693055555555
Pulse experiments,pioreactor01,2026-08-31T22:03:19.745Z,0.759708830651,2026-09-01 03:48:19.745,1523.694444444444
Pulse experiments,pioreactor01,2026-08-31T22:03:24.736Z,0.759747832646,2026-09-01 03:48:24.736,1523.695833333333
Pulse experiments,pioreactor01,2026-08-31T22:03:34.735Z,0.759883539616,2026-09-01 03:48:34.735,1523.698611111111
Pulse experiments,pioreactor01,2026-08-31T22:03:39.735Z,0.759932197763,2026-09-01 03:48:39.735,1523.7
Pulse experiments,pioreactor01,2026-08-31T22:03:44.735Z,0.760014922149,2026-09-01 03:48:44.735,1523.701388888889
Pulse experiments,pioreactor01,2026-08-31T22:03:49.736Z,0.760091771607,2026-09-01 03:48:49.736,1523.702777777778
Pulse experiments,pioreactor01,2026-08-31T22:03:54.736Z,0.760160366213,2026-09-01 03:48:54.736,1523.704166666667
Pulse experiments,pioreactor01,2026-08-31T22:03:59.739Z,0.760208207827,2026-09-01 03:48:59.739,1523.705555555556
Pulse experiments,pioreactor01,2026-08-31T22:04:04.735Z,0.760287998769,2026-09-01 03:49:04.735,1523.706944444444
Pulse experiments,pioreactor01,2026-08-31T22:04:09.734Z,0.760344469888,2026-09-01 03:49:09.734,1523.708333333333
Pulse experiments,pioreactor01,2026-08-31T22:04:14.734Z,0.760402252535,2026-09-01 03:49:14.734,1523.709722222222
Pulse experiments,pioreactor01,2026-08-31T22:04:19.737Z,0.760474251509,2026-09-01 03:49:19.737,1523.711111111111
Pulse experiments,pioreactor01,2026-08-31T22:04:24.742Z,0.760499981505,2026-09-01 03:49:24.742,1523.7125
Pulse experiments,pioreactor01,2026-08-31T22:04:29.738Z,0.760486380567,2026-09-01 03:49:29.738,1523.713888888889
Pulse experiments,pioreactor01,2026-08-31T22:04:34.743Z,0.760528075199,2026-09-01 03:49:34.743,1523.715277777778
Pulse experiments,pioreactor01,2026-08-31T22:04:39.735Z,0.760596807418,2026-09-01 03:49:39.735,1523.716666666667
Pulse experiments,pioreactor01,2026-08-31T22:04:44.737Z,0.760670769661,2026-09-01 03:49:44.737,1523.718055555556
Pulse experiments,pioreactor01,2026-08-31T22:04:49.737Z,0.760762482375,2026-09-01 03:49:49.737,1523.719444444444
Pulse experiments,pioreactor01,2026-08-31T22:04:59.745Z,0.760913395069,2026-09-01 03:49:59.745,1523.722222222222
Pulse experiments,pioreactor01,2026-08-31T22:05:04.738Z,0.761025679194,2026-09-01 03:50:04.738,1523.723611111111
Pulse experiments,pioreactor01,2026-08-31T22:05:09.734Z,0.761106778945,2026-09-01 03:50:09.734,1523.725
Pulse experiments,pioreactor01,2026-08-31T22:05:14.739Z,0.761170505172,2026-09-01 03:50:14.739,1523.726388888889
Pulse experiments,pioreactor01,2026-08-31T22:05:19.740Z,0.761200910164,2026-09-01 03:50:19.740,1523.727777777778
Pulse experiments,pioreactor01,2026-08-31T22:05:24.735Z,0.761226268799,2026-09-01 03:50:24.735,1523.729166666667
Pulse experiments,pioreactor01,2026-08-31T22:05:29.739Z,0.761274303231,2026-09-01 03:50:29.739,1523.730555555556
Pulse experiments,pioreactor01,2026-08-31T22:05:34.735Z,0.76138539502,2026-09-01 03:50:34.735,1523.731944444444
Pulse experiments,pioreactor01,2026-08-31T22:05:39.741Z,0.761461432061,2026-09-01 03:50:39.741,1523.733333333333
Pulse experiments,pioreactor01,2026-08-31T22:05:44.734Z,0.76155478675,2026-09-01 03:50:44.734,1523.734722222222
Pulse experiments,pioreactor01,2026-08-31T22:05:49.735Z,0.761661353727,2026-09-01 03:50:49.735,1523.736111111111
Pulse experiments,pioreactor01,2026-08-31T22:05:54.737Z,0.761691003642,2026-09-01 03:50:54.737,1523.7375
Pulse experiments,pioreactor01,2026-08-31T22:05:59.734Z,0.761722084053,2026-09-01 03:50:59.734,1523.738888888889
Pulse experiments,pioreactor01,2026-08-31T22:06:04.740Z,0.761745576955,2026-09-01 03:51:04.740,1523.740277777778
Pulse experiments,pioreactor01,2026-08-31T22:06:09.747Z,0.76174490191,2026-09-01 03:51:09.747,1523.741666666667
Pulse experiments,pioreactor01,2026-08-31T22:06:14.738Z,0.761778599067,2026-09-01 03:51:14.738,1523.743055555556
Pulse experiments,pioreactor01,2026-08-31T22:06:19.741Z,0.761799951313,2026-09-01 03:51:19.741,1523.744444444445
Pulse experiments,pioreactor01,2026-08-31T22:06:24.743Z,0.761855374375,2026-09-01 03:51:24.743,1523.745833333333
Pulse experiments,pioreactor01,2026-08-31T22:06:29.734Z,0.761993742957,2026-09-01 03:51:29.734,1523.747222222222
Pulse experiments,pioreactor01,2026-08-31T22:06:34.736Z,0.762084714733,2026-09-01 03:51:34.736,1523.748611111111
Pulse experiments,pioreactor01,2026-08-31T22:06:39.739Z,0.762168094319,2026-09-01 03:51:39.739,1523.75
Pulse experiments,pioreactor01,2026-08-31T22:06:44.739Z,0.762202867734,2026-09-01 03:51:44.739,1523.751388888889
Pulse experiments,pioreactor01,2026-08-31T22:06:49.734Z,0.762245142544,2026-09-01 03:51:49.734,1523.752777777778
Pulse experiments,pioreactor01,2026-08-31T22:06:54.741Z,0.762331042842,2026-09-01 03:51:54.741,1523.754166666667
Pulse experiments,pioreactor01,2026-08-31T22:06:59.736Z,0.762391494828,2026-09-01 03:51:59.736,1523.755555555555
Pulse experiments,pioreactor01,2026-08-31T22:07:04.735Z,0.762439196891,2026-09-01 03:52:04.735,1523.756944444444
Pulse experiments,pioreactor01,2026-08-31T22:07:09.735Z,0.762495423582,2026-09-01 03:52:09.735,1523.758333333333
Pulse experiments,pioreactor01,2026-08-31T22:07:14.747Z,0.762845720194,2026-09-01 03:52:14.747,1523.759722222222
Pulse experiments,pioreactor01,2026-08-31T22:07:19.737Z,0.754796348178,2026-09-01 03:52:19.737,1523.761111111111
Pulse experiments,pioreactor01,2026-08-31T22:07:24.738Z,0.749607454524,2026-09-01 03:52:24.738,1523.7625
Pulse experiments,pioreactor01,2026-08-31T22:07:29.735Z,0.748927487645,2026-09-01 03:52:29.735,1523.763888888889
Pulse experiments,pioreactor01,2026-08-31T22:07:34.741Z,0.749214319779,2026-09-01 03:52:34.741,1523.765277777778
Pulse experiments,pioreactor01,2026-08-31T22:07:39.734Z,0.749413226948,2026-09-01 03:52:39.734,1523.766666666667
Pulse experiments,pioreactor01,2026-08-31T22:07:44.743Z,0.749808481726,2026-09-01 03:52:44.743,1523.768055555556
Pulse experiments,pioreactor01,2026-08-31T22:07:49.737Z,0.749858848562,2026-09-01 03:52:49.737,1523.769444444444
Pulse experiments,pioreactor01,2026-08-31T22:07:54.737Z,0.749910201082,2026-09-01 03:52:54.737,1523.770833333333
Pulse experiments,pioreactor01,2026-08-31T22:07:59.734Z,0.749909153819,2026-09-01 03:52:59.734,1523.772222222222
Pulse experiments,pioreactor01,2026-08-31T22:08:04.734Z,0.750183983999,2026-09-01 03:53:04.734,1523.773611111111
Pulse experiments,pioreactor01,2026-08-31T22:08:09.734Z,0.750337301582,2026-09-01 03:53:09.734,1523.775
Pulse experiments,pioreactor01,2026-08-31T22:08:14.736Z,0.750456414297,2026-09-01 03:53:14.736,1523.776388888889
Pulse experiments,pioreactor01,2026-08-31T22:08:19.735Z,0.75062102872,2026-09-01 03:53:19.735,1523.777777777778
Pulse experiments,pioreactor01,2026-08-31T22:08:24.735Z,0.750449233833,2026-09-01 03:53:24.735,1523.779166666667
Pulse experiments,pioreactor01,2026-08-31T22:08:29.735Z,0.75046746579,2026-09-01 03:53:29.735,1523.780555555556
Pulse experiments,pioreactor01,2026-08-31T22:08:34.733Z,0.75053526891,2026-09-01 03:53:34.733,1523.781944444444
Pulse experiments,pioreactor01,2026-08-31T22:08:39.739Z,0.750653185689,2026-09-01 03:53:39.739,1523.783333333333
Pulse experiments,pioreactor01,2026-08-31T22:08:44.745Z,0.750746895326,2026-09-01 03:53:44.745,1523.784722222222
Pulse experiments,pioreactor01,2026-08-31T22:08:49.740Z,0.750901183017,2026-09-01 03:53:49.740,1523.786111111111
Pulse experiments,pioreactor01,2026-08-31T22:08:54.740Z,0.751091252299,2026-09-01 03:53:54.740,1523.7875
Pulse experiments,pioreactor01,2026-08-31T22:08:59.737Z,0.75125991286,2026-09-01 03:53:59.737,1523.788888888889
Pulse experiments,pioreactor01,2026-08-31T22:09:04.737Z,0.751468421063,2026-09-01 03:54:04.737,1523.790277777778
Pulse experiments,pioreactor01,2026-08-31T22:09:09.736Z,0.751628005451,2026-09-01 03:54:09.736,1523.791666666667
Pulse experiments,pioreactor01,2026-08-31T22:09:14.741Z,0.751727747792,2026-09-01 03:54:14.741,1523.793055555556
Pulse experiments,pioreactor01,2026-08-31T22:09:19.734Z,0.75184041138,2026-09-01 03:54:19.734,1523.794444444444
Pulse experiments,pioreactor01,2026-08-31T22:09:24.734Z,0.751889720672,2026-09-01 03:54:24.734,1523.795833333333
Pulse experiments,pioreactor01,2026-08-31T22:09:29.734Z,0.751995680023,2026-09-01 03:54:29.734,1523.797222222222
Pulse experiments,pioreactor01,2026-08-31T22:09:34.739Z,0.752026290996,2026-09-01 03:54:34.739,1523.798611111111
Pulse experiments,pioreactor01,2026-08-31T22:09:39.735Z,0.752026987752,2026-09-01 03:54:39.735,1523.8
Pulse experiments,pioreactor01,2026-08-31T22:09:44.739Z,0.752008336033,2026-09-01 03:54:44.739,1523.801388888889
Pulse experiments,pioreactor01,2026-08-31T22:09:49.746Z,0.752049401602,2026-09-01 03:54:49.746,1523.802777777778
Pulse experiments,pioreactor01,2026-08-31T22:09:54.734Z,0.752145372539,2026-09-01 03:54:54.734,1523.804166666667
Pulse experiments,pioreactor01,2026-08-31T22:09:59.739Z,0.752214460039,2026-09-01 03:54:59.739,1523.805555555556
Pulse experiments,pioreactor01,2026-08-31T22:10:04.736Z,0.752260404715,2026-09-01 03:55:04.736,1523.806944444445
Pulse experiments,pioreactor01,2026-08-31T22:10:09.735Z,0.752334921912,2026-09-01 03:55:09.735,1523.808333333333
Pulse experiments,pioreactor01,2026-08-31T22:10:14.738Z,0.7523743387,2026-09-01 03:55:14.738,1523.809722222222
Pulse experiments,pioreactor01,2026-08-31T22:10:19.739Z,0.752436900049,2026-09-01 03:55:19.739,1523.811111111111
Pulse experiments,pioreactor01,2026-08-31T22:10:24.736Z,0.752538189056,2026-09-01 03:55:24.736,1523.8125
Pulse experiments,pioreactor01,2026-08-31T22:10:29.742Z,0.752631679728,2026-09-01 03:55:29.742,1523.813888888889
Pulse experiments,pioreactor01,2026-08-31T22:10:34.736Z,0.752699669783,2026-09-01 03:55:34.736,1523.815277777778
Pulse experiments,pioreactor01,2026-08-31T22:10:39.741Z,0.752745165497,2026-09-01 03:55:39.741,1523.816666666667
Pulse experiments,pioreactor01,2026-08-31T22:10:44.743Z,0.752808152236,2026-09-01 03:55:44.743,1523.818055555555
Pulse experiments,pioreactor01,2026-08-31T22:10:49.739Z,0.752880616551,2026-09-01 03:55:49.739,1523.819444444444
Pulse experiments,pioreactor01,2026-08-31T22:10:54.736Z,0.752953800327,2026-09-01 03:55:54.736,1523.820833333333
Pulse experiments,pioreactor01,2026-08-31T22:10:59.746Z,0.753088424036,2026-09-01 03:55:59.746,1523.822222222222
Pulse experiments,pioreactor01,2026-08-31T22:11:04.737Z,0.753127771737,2026-09-01 03:56:04.737,1523.823611111111
Pulse experiments,pioreactor01,2026-08-31T22:11:09.738Z,0.753210998987,2026-09-01 03:56:09.738,1523.825
Pulse experiments,pioreactor01,2026-08-31T22:11:14.739Z,0.753314677361,2026-09-01 03:56:14.739,1523.826388888889
Pulse experiments,pioreactor01,2026-08-31T22:11:19.741Z,0.753399003575,2026-09-01 03:56:19.741,1523.827777777778
Pulse experiments,pioreactor01,2026-08-31T22:11:24.735Z,0.753546715741,2026-09-01 03:56:24.735,1523.829166666667
Pulse experiments,pioreactor01,2026-08-31T22:11:29.734Z,0.753648538593,2026-09-01 03:56:29.734,1523.830555555556
Pulse experiments,pioreactor01,2026-08-31T22:11:34.735Z,0.753708802808,2026-09-01 03:56:34.735,1523.831944444444
Pulse experiments,pioreactor01,2026-08-31T22:11:39.752Z,0.753727621082,2026-09-01 03:56:39.752,1523.833333333333
Pulse experiments,pioreactor01,2026-08-31T22:11:44.740Z,0.753732349771,2026-09-01 03:56:44.740,1523.834722222222
Pulse experiments,pioreactor01,2026-08-31T22:11:49.735Z,0.753782931127,2026-09-01 03:56:49.735,1523.836111111111
Pulse experiments,pioreactor01,2026-08-31T22:11:54.735Z,0.75383347643,2026-09-01 03:56:54.735,1523.8375
Pulse experiments,pioreactor01,2026-08-31T22:11:59.740Z,0.753882137988,2026-09-01 03:56:59.740,1523.838888888889
Pulse experiments,pioreactor01,2026-08-31T22:12:04.740Z,0.753933315899,2026-09-01 03:57:04.740,1523.840277777778
Pulse experiments,pioreactor01,2026-08-31T22:12:09.739Z,0.753971125773,2026-09-01 03:57:09.739,1523.841666666667
Pulse experiments,pioreactor01,2026-08-31T22:12:14.735Z,0.754015321315,2026-09-01 03:57:14.735,1523.843055555556
Pulse experiments,pioreactor01,2026-08-31T22:12:19.745Z,0.754073186452,2026-09-01 03:57:19.745,1523.844444444444
Pulse experiments,pioreactor01,2026-08-31T22:12:24.736Z,0.754098670253,2026-09-01 03:57:24.736,1523.845833333333
Pulse experiments,pioreactor01,2026-08-31T22:12:29.739Z,0.754100207055,2026-09-01 03:57:29.739,1523.847222222222
Pulse experiments,pioreactor01,2026-08-31T22:12:34.753Z,0.754151952085,2026-09-01 03:57:34.753,1523.848611111111
Pulse experiments,pioreactor01,2026-08-31T22:12:39.735Z,0.754202726504,2026-09-01 03:57:39.735,1523.85
Pulse experiments,pioreactor01,2026-08-31T22:12:44.740Z,0.75425784125,2026-09-01 03:57:44.740,1523.851388888889
Pulse experiments,pioreactor01,2026-08-31T22:12:49.740Z,0.75431701681,2026-09-01 03:57:49.740,1523.852777777778
Pulse experiments,pioreactor01,2026-08-31T22:12:54.735Z,0.754410256946,2026-09-01 03:57:54.735,1523.854166666667
Pulse experiments,pioreactor01,2026-08-31T22:12:59.741Z,0.754500083473,2026-09-01 03:57:59.741,1523.855555555556
Pulse experiments,pioreactor01,2026-08-31T22:13:04.734Z,0.754600267973,2026-09-01 03:58:04.734,1523.856944444444
Pulse experiments,pioreactor01,2026-08-31T22:13:09.737Z,0.754718066317,2026-09-01 03:58:09.737,1523.858333333333
Pulse experiments,pioreactor01,2026-08-31T22:13:14.753Z,0.754800145963,2026-09-01 03:58:14.753,1523.859722222222
Pulse experiments,pioreactor01,2026-08-31T22:13:19.741Z,0.754850694611,2026-09-01 03:58:19.741,1523.861111111111
Pulse experiments,pioreactor01,2026-08-31T22:13:29.735Z,0.75495538859,2026-09-01 03:58:29.735,1523.863888888889
Pulse experiments,pioreactor01,2026-08-31T22:13:34.735Z,0.755008267954,2026-09-01 03:58:34.735,1523.865277777778
Pulse experiments,pioreactor01,2026-08-31T22:13:39.735Z,0.755107895534,2026-09-01 03:58:39.735,1523.866666666667
Pulse experiments,pioreactor01,2026-08-31T22:13:44.743Z,0.755163087153,2026-09-01 03:58:44.743,1523.868055555556
Pulse experiments,pioreactor01,2026-08-31T22:13:49.740Z,0.755227632547,2026-09-01 03:58:49.740,1523.869444444445
Pulse experiments,pioreactor01,2026-08-31T22:13:54.734Z,0.755275230289,2026-09-01 03:58:54.734,1523.870833333333
Pulse experiments,pioreactor01,2026-08-31T22:13:59.737Z,0.755365361898,2026-09-01 03:58:59.737,1523.872222222222
Pulse experiments,pioreactor01,2026-08-31T22:14:04.738Z,0.755459551595,2026-09-01 03:59:04.738,1523.873611111111
Pulse experiments,pioreactor01,2026-08-31T22:14:09.739Z,0.755532591129,2026-09-01 03:59:09.739,1523.875
Pulse experiments,pioreactor01,2026-08-31T22:14:14.734Z,0.755593641008,2026-09-01 03:59:14.734,1523.876388888889
Pulse experiments,pioreactor01,2026-08-31T22:14:19.737Z,0.755661146576,2026-09-01 03:59:19.737,1523.877777777778
Pulse experiments,pioreactor01,2026-08-31T22:14:24.743Z,0.755738525294,2026-09-01 03:59:24.743,1523.879166666667
Pulse experiments,pioreactor01,2026-08-31T22:14:29.752Z,0.755833892935,2026-09-01 03:59:29.752,1523.880555555555
Pulse experiments,pioreactor01,2026-08-31T22:14:34.742Z,0.755935411495,2026-09-01 03:59:34.742,1523.881944444444
Pulse experiments,pioreactor01,2026-08-31T22:14:39.739Z,0.756006923897,2026-09-01 03:59:39.739,1523.883333333333
Pulse experiments,pioreactor01,2026-08-31T22:14:44.736Z,0.756054463222,2026-09-01 03:59:44.736,1523.884722222222
Pulse experiments,pioreactor01,2026-08-31T22:14:49.739Z,0.756065384513,2026-09-01 03:59:49.739,1523.886111111111
Pulse experiments,pioreactor01,2026-08-31T22:14:54.737Z,0.756067834099,2026-09-01 03:59:54.737,1523.8875
Pulse experiments,pioreactor01,2026-08-31T22:15:04.739Z,0.756151425137,2026-09-01 04:00:04.739,1523.890277777778
Pulse experiments,pioreactor01,2026-08-31T22:15:09.744Z,0.756212683854,2026-09-01 04:00:09.744,1523.891666666667
Pulse experiments,pioreactor01,2026-08-31T22:15:14.735Z,0.756294649969,2026-09-01 04:00:14.735,1523.893055555556
Pulse experiments,pioreactor01,2026-08-31T22:15:19.735Z,0.756337421678,2026-09-01 04:00:19.735,1523.894444444444
Pulse experiments,pioreactor01,2026-08-31T22:15:24.739Z,0.756389922246,2026-09-01 04:00:24.739,1523.895833333333
Pulse experiments,pioreactor01,2026-08-31T22:15:29.734Z,0.756474730585,2026-09-01 04:00:29.734,1523.897222222222
Pulse experiments,pioreactor01,2026-08-31T22:15:34.746Z,0.756545086395,2026-09-01 04:00:34.746,1523.898611111111
Pulse experiments,pioreactor01,2026-08-31T22:15:39.734Z,0.756613211759,2026-09-01 04:00:39.734,1523.9
Pulse experiments,pioreactor01,2026-08-31T22:15:44.742Z,0.756660975353,2026-09-01 04:00:44.742,1523.901388888889
Pulse experiments,pioreactor01,2026-08-31T22:15:49.743Z,0.756733963259,2026-09-01 04:00:49.743,1523.902777777778
Pulse experiments,pioreactor01,2026-08-31T22:15:54.747Z,0.756770920497,2026-09-01 04:00:54.747,1523.904166666667
Pulse experiments,pioreactor01,2026-08-31T22:15:59.750Z,0.75681909259,2026-09-01 04:00:59.750,1523.905555555556
Pulse experiments,pioreactor01,2026-08-31T22:16:04.740Z,0.756841389404,2026-09-01 04:01:04.740,1523.906944444444
Pulse experiments,pioreactor01,2026-08-31T22:16:09.738Z,0.756899019566,2026-09-01 04:01:09.738,1523.908333333333
Pulse experiments,pioreactor01,2026-08-31T22:16:14.745Z,0.756946659373,2026-09-01 04:01:14.745,1523.909722222222
Pulse experiments,pioreactor01,2026-08-31T22:16:19.739Z,0.756993122851,2026-09-01 04:01:19.739,1523.911111111111
Pulse experiments,pioreactor01,2026-08-31T22:16:24.737Z,0.757076898134,2026-09-01 04:01:24.737,1523.9125
Pulse experiments,pioreactor01,2026-08-31T22:16:29.740Z,0.757160361741,2026-09-01 04:01:29.740,1523.913888888889
Pulse experiments,pioreactor01,2026-08-31T22:16:34.752Z,0.757222261568,2026-09-01 04:01:34.752,1523.915277777778
Pulse experiments,pioreactor01,2026-08-31T22:16:39.734Z,0.757288112769,2026-09-01 04:01:39.734,1523.916666666667
Pulse experiments,pioreactor01,2026-08-31T22:16:44.734Z,0.757316191326,2026-09-01 04:01:44.734,1523.918055555556
Pulse experiments,pioreactor01,2026-08-31T22:16:49.734Z,0.757341889742,2026-09-01 04:01:49.734,1523.919444444444
Pulse experiments,pioreactor01,2026-08-31T22:16:54.733Z,0.757396406264,2026-09-01 04:01:54.733,1523.920833333333
Pulse experiments,pioreactor01,2026-08-31T22:16:59.734Z,0.757452582682,2026-09-01 04:01:59.734,1523.922222222222
Pulse experiments,pioreactor01,2026-08-31T22:17:04.740Z,0.757528607275,2026-09-01 04:02:04.740,1523.923611111111
Pulse experiments,pioreactor01,2026-08-31T22:17:09.735Z,0.757552403702,2026-09-01 04:02:09.735,1523.925
Pulse experiments,pioreactor01,2026-08-31T22:17:14.734Z,0.757623823842,2026-09-01 04:02:14.734,1523.926388888889
Pulse experiments,pioreactor01,2026-08-31T22:17:19.752Z,0.757689851182,2026-09-01 04:02:19.752,1523.927777777778
Pulse experiments,pioreactor01,2026-08-31T22:17:24.734Z,0.756524697224,2026-09-01 04:02:24.734,1523.929166666667
Pulse experiments,pioreactor01,2026-08-31T22:17:29.750Z,0.742524938615,2026-09-01 04:02:29.750,1523.930555555556
Pulse experiments,pioreactor01,2026-08-31T22:17:34.741Z,0.736920430062,2026-09-01 04:02:34.741,1523.931944444445
Pulse experiments,pioreactor01,2026-08-31T22:17:39.748Z,0.73614607611,2026-09-01 04:02:39.748,1523.933333333333
Pulse experiments,pioreactor01,2026-08-31T22:17:44.781Z,0.735322037285,2026-09-01 04:02:44.781,1523.934722222222
Pulse experiments,pioreactor01,2026-08-31T22:17:49.736Z,0.735219796256,2026-09-01 04:02:49.736,1523.936111111111
Pulse experiments,pioreactor01,2026-08-31T22:17:54.774Z,0.735015356491,2026-09-01 04:02:54.774,1523.9375
Pulse experiments,pioreactor01,2026-08-31T22:17:59.736Z,0.735360497265,2026-09-01 04:02:59.736,1523.938888888889
Pulse experiments,pioreactor01,2026-08-31T22:18:04.746Z,0.735335337733,2026-09-01 04:03:04.746,1523.940277777778
Pulse experiments,pioreactor01,2026-08-31T22:18:09.740Z,0.735193404867,2026-09-01 04:03:09.740,1523.941666666667
Pulse experiments,pioreactor01,2026-08-31T22:18:14.739Z,0.735038153303,2026-09-01 04:03:14.739,1523.943055555555
Pulse experiments,pioreactor01,2026-08-31T22:18:19.734Z,0.735266070762,2026-09-01 04:03:19.734,1523.944444444444
Pulse experiments,pioreactor01,2026-08-31T22:18:24.736Z,0.735264396719,2026-09-01 04:03:24.736,1523.945833333333
Pulse experiments,pioreactor01,2026-08-31T22:18:29.735Z,0.735123851601,2026-09-01 04:03:29.735,1523.947222222222
Pulse experiments,pioreactor01,2026-08-31T22:18:34.735Z,0.735070126936,2026-09-01 04:03:34.735,1523.948611111111
Pulse experiments,pioreactor01,2026-08-31T22:18:39.739Z,0.735052030244,2026-09-01 04:03:39.739,1523.95
Pulse experiments,pioreactor01,2026-08-31T22:18:44.735Z,0.734984238046,2026-09-01 04:03:44.735,1523.951388888889
Pulse experiments,pioreactor01,2026-08-31T22:18:49.735Z,0.735078078872,2026-09-01 04:03:49.735,1523.952777777778
Pulse experiments,pioreactor01,2026-08-31T22:18:54.736Z,0.735147992109,2026-09-01 04:03:54.736,1523.954166666667
Pulse experiments,pioreactor01,2026-08-31T22:18:59.736Z,0.735263388056,2026-09-01 04:03:59.736,1523.955555555556
Pulse experiments,pioreactor01,2026-08-31T22:19:04.736Z,0.735459432309,2026-09-01 04:04:04.736,1523.956944444444
Pulse experiments,pioreactor01,2026-08-31T22:19:09.740Z,0.735539789148,2026-09-01 04:04:09.740,1523.958333333333
Pulse experiments,pioreactor01,2026-08-31T22:19:14.734Z,0.735601296191,2026-09-01 04:04:14.734,1523.959722222222
Pulse experiments,pioreactor01,2026-08-31T22:19:19.734Z,0.735645556006,2026-09-01 04:04:19.734,1523.961111111111
Pulse experiments,pioreactor01,2026-08-31T22:19:24.744Z,0.735769044557,2026-09-01 04:04:24.744,1523.9625
Pulse experiments,pioreactor01,2026-08-31T22:19:29.755Z,0.735899299207,2026-09-01 04:04:29.755,1523.963888888889
Pulse experiments,pioreactor01,2026-08-31T22:19:34.739Z,0.735969100614,2026-09-01 04:04:34.739,1523.965277777778
Pulse experiments,pioreactor01,2026-08-31T22:19:39.740Z,0.735993276564,2026-09-01 04:04:39.740,1523.966666666667
Pulse experiments,pioreactor01,2026-08-31T22:19:44.736Z,0.736010985848,2026-09-01 04:04:44.736,1523.968055555556
Pulse experiments,pioreactor01,2026-08-31T22:19:49.734Z,0.736071650182,2026-09-01 04:04:49.734,1523.969444444444
Pulse experiments,pioreactor01,2026-08-31T22:19:54.735Z,0.736149236059,2026-09-01 04:04:54.735,1523.970833333333
Pulse experiments,pioreactor01,2026-08-31T22:19:59.735Z,0.736226112695,2026-09-01 04:04:59.735,1523.972222222222
Pulse experiments,pioreactor01,2026-08-31T22:20:04.741Z,0.736245477957,2026-09-01 04:05:04.741,1523.973611111111
Pulse experiments,pioreactor01,2026-08-31T22:20:09.736Z,0.73628405102,2026-09-01 04:05:09.736,1523.975
Pulse experiments,pioreactor01,2026-08-31T22:20:14.738Z,0.736343714978,2026-09-01 04:05:14.738,1523.976388888889
Pulse experiments,pioreactor01,2026-08-31T22:20:19.740Z,0.736395003122,2026-09-01 04:05:19.740,1523.977777777778
Pulse experiments,pioreactor01,2026-08-31T22:20:24.736Z,0.736480157695,2026-09-01 04:05:24.736,1523.979166666667
Pulse experiments,pioreactor01,2026-08-31T22:20:29.735Z,0.736563100702,2026-09-01 04:05:29.735,1523.980555555556
Pulse experiments,pioreactor01,2026-08-31T22:20:34.739Z,0.736601524411,2026-09-01 04:05:34.739,1523.981944444444
Pulse experiments,pioreactor01,2026-08-31T22:20:39.734Z,0.736667522908,2026-09-01 04:05:39.734,1523.983333333333
Pulse experiments,pioreactor01,2026-08-31T22:20:44.743Z,0.736815279042,2026-09-01 04:05:44.743,1523.984722222222
Pulse experiments,pioreactor01,2026-08-31T22:20:49.734Z,0.736930497479,2026-09-01 04:05:49.734,1523.986111111111
Pulse experiments,pioreactor01,2026-08-31T22:20:54.744Z,0.737011037038,2026-09-01 04:05:54.744,1523.9875
Pulse experiments,pioreactor01,2026-08-31T22:20:59.742Z,0.737037458686,2026-09-01 04:05:59.742,1523.988888888889
Pulse experiments,pioreactor01,2026-08-31T22:21:04.740Z,0.737126727238,2026-09-01 04:06:04.740,1523.990277777778
Pulse experiments,pioreactor01,2026-08-31T22:21:09.736Z,0.73720807584,2026-09-01 04:06:09.736,1523.991666666667
Pulse experiments,pioreactor01,2026-08-31T22:21:14.736Z,0.737315379591,2026-09-01 04:06:14.736,1523.993055555556
Pulse experiments,pioreactor01,2026-08-31T22:21:19.741Z,0.737392238331,2026-09-01 04:06:19.741,1523.994444444445
Pulse experiments,pioreactor01,2026-08-31T22:21:24.739Z,0.737436231855,2026-09-01 04:06:24.739,1523.995833333333
Pulse experiments,pioreactor01,2026-08-31T22:21:29.741Z,0.73751764194,2026-09-01 04:06:29.741,1523.997222222222
Pulse experiments,pioreactor01,2026-08-31T22:21:34.733Z,0.737553421648,2026-09-01 04:06:34.733,1523.998611111111
Pulse experiments,pioreactor01,2026-08-31T22:21:39.741Z,0.737554203091,2026-09-01 04:06:39.741,1524.0
Pulse experiments,pioreactor01,2026-08-31T22:21:44.738Z,0.737616968684,2026-09-01 04:06:44.738,1524.001388888889
Pulse experiments,pioreactor01,2026-08-31T22:21:49.738Z,0.737716820555,2026-09-01 04:06:49.738,1524.002777777778
Pulse experiments,pioreactor01,2026-08-31T22:21:54.734Z,0.737806299396,2026-09-01 04:06:54.734,1524.004166666667
Pulse experiments,pioreactor01,2026-08-31T22:21:59.734Z,0.737885276888,2026-09-01 04:06:59.734,1524.005555555555
Pulse experiments,pioreactor01,2026-08-31T22:22:04.734Z,0.737954346894,2026-09-01 04:07:04.734,1524.006944444444
Pulse experiments,pioreactor01,2026-08-31T22:22:09.737Z,0.737998881125,2026-09-01 04:07:09.737,1524.008333333333
Pulse experiments,pioreactor01,2026-08-31T22:22:14.734Z,0.738033596247,2026-09-01 04:07:14.734,1524.009722222222
Pulse experiments,pioreactor01,2026-08-31T22:22:19.735Z,0.73809096882,2026-09-01 04:07:19.735,1524.011111111111
Pulse experiments,pioreactor01,2026-08-31T22:22:24.734Z,0.73811034313,2026-09-01 04:07:24.734,1524.0125
Pulse experiments,pioreactor01,2026-08-31T22:22:29.738Z,0.738151946684,2026-09-01 04:07:29.738,1524.013888888889
Pulse experiments,pioreactor01,2026-08-31T22:22:34.734Z,0.738212155607,2026-09-01 04:07:34.734,1524.015277777778
Pulse experiments,pioreactor01,2026-08-31T22:22:39.734Z,0.738298890872,2026-09-01 04:07:39.734,1524.016666666667
Pulse experiments,pioreactor01,2026-08-31T22:22:44.737Z,0.738343823062,2026-09-01 04:07:44.737,1524.018055555556
Pulse experiments,pioreactor01,2026-08-31T22:22:49.735Z,0.738376858607,2026-09-01 04:07:49.735,1524.019444444444
Pulse experiments,pioreactor01,2026-08-31T22:22:59.734Z,0.738486899216,2026-09-01 04:07:59.734,1524.022222222222
Pulse experiments,pioreactor01,2026-08-31T22:23:04.737Z,0.738535481544,2026-09-01 04:08:04.737,1524.023611111111
Pulse experiments,pioreactor01,2026-08-31T22:23:09.734Z,0.738596987371,2026-09-01 04:08:09.734,1524.025
Pulse experiments,pioreactor01,2026-08-31T22:23:14.735Z,0.738609959522,2026-09-01 04:08:14.735,1524.026388888889
Pulse experiments,pioreactor01,2026-08-31T22:23:19.743Z,0.738648740395,2026-09-01 04:08:19.743,1524.027777777778
Pulse experiments,pioreactor01,2026-08-31T22:23:24.739Z,0.738670499262,2026-09-01 04:08:24.739,1524.029166666667
Pulse experiments,pioreactor01,2026-08-31T22:23:29.735Z,0.738744833577,2026-09-01 04:08:29.735,1524.030555555556
Pulse experiments,pioreactor01,2026-08-31T22:23:34.735Z,0.738798941733,2026-09-01 04:08:34.735,1524.031944444444
Pulse experiments,pioreactor01,2026-08-31T22:23:39.734Z,0.73885370388,2026-09-01 04:08:39.734,1524.033333333333
Pulse experiments,pioreactor01,2026-08-31T22:23:44.738Z,0.738900265447,2026-09-01 04:08:44.738,1524.034722222222
Pulse experiments,pioreactor01,2026-08-31T22:23:49.734Z,0.738957200914,2026-09-01 04:08:49.734,1524.036111111111
Pulse experiments,pioreactor01,2026-08-31T22:23:54.741Z,0.739034407802,2026-09-01 04:08:54.741,1524.0375
Pulse experiments,pioreactor01,2026-08-31T22:23:59.735Z,0.739117513349,2026-09-01 04:08:59.735,1524.038888888889
Pulse experiments,pioreactor01,2026-08-31T22:24:04.737Z,0.739184918104,2026-09-01 04:09:04.737,1524.040277777778
Pulse experiments,pioreactor01,2026-08-31T22:24:09.734Z,0.739211995689,2026-09-01 04:09:09.734,1524.041666666667
Pulse experiments,pioreactor01,2026-08-31T22:24:14.740Z,0.739296141488,2026-09-01 04:09:14.740,1524.043055555556
Pulse experiments,pioreactor01,2026-08-31T22:24:19.737Z,0.739345718645,2026-09-01 04:09:19.737,1524.044444444444
Pulse experiments,pioreactor01,2026-08-31T22:24:24.735Z,0.739365181979,2026-09-01 04:09:24.735,1524.045833333333
Pulse experiments,pioreactor01,2026-08-31T22:24:29.742Z,0.739402100873,2026-09-01 04:09:29.742,1524.047222222222
Pulse experiments,pioreactor01,2026-08-31T22:24:34.738Z,0.739444477504,2026-09-01 04:09:34.738,1524.048611111111
Pulse experiments,pioreactor01,2026-08-31T22:24:39.734Z,0.739456090161,2026-09-01 04:09:39.734,1524.05
Pulse experiments,pioreactor01,2026-08-31T22:24:44.752Z,0.739505270381,2026-09-01 04:09:44.752,1524.051388888889
Pulse experiments,pioreactor01,2026-08-31T22:24:49.744Z,0.739514869549,2026-09-01 04:09:49.744,1524.052777777778
Pulse experiments,pioreactor01,2026-08-31T22:24:54.738Z,0.739538178675,2026-09-01 04:09:54.738,1524.054166666667
Pulse experiments,pioreactor01,2026-08-31T22:24:59.735Z,0.739540705804,2026-09-01 04:09:59.735,1524.055555555556
Pulse experiments,pioreactor01,2026-08-31T22:25:04.738Z,0.739578714916,2026-09-01 04:10:04.738,1524.056944444445
Pulse experiments,pioreactor01,2026-08-31T22:25:09.734Z,0.739674132479,2026-09-01 04:10:09.734,1524.058333333333
Pulse experiments,pioreactor01,2026-08-31T22:25:14.735Z,0.739765757059,2026-09-01 04:10:14.735,1524.059722222222
Pulse experiments,pioreactor01,2026-08-31T22:25:19.736Z,0.739805018764,2026-09-01 04:10:19.736,1524.061111111111
Pulse experiments,pioreactor01,2026-08-31T22:25:24.739Z,0.739825520061,2026-09-01 04:10:24.739,1524.0625
Pulse experiments,pioreactor01,2026-08-31T22:25:29.735Z,0.739849593183,2026-09-01 04:10:29.735,1524.063888888889
Pulse experiments,pioreactor01,2026-08-31T22:25:34.754Z,0.739883790993,2026-09-01 04:10:34.754,1524.065277777778
Pulse experiments,pioreactor01,2026-08-31T22:25:39.735Z,0.739936067832,2026-09-01 04:10:39.735,1524.066666666667
Pulse experiments,pioreactor01,2026-08-31T22:25:44.737Z,0.739969797812,2026-09-01 04:10:44.737,1524.068055555555
Pulse experiments,pioreactor01,2026-08-31T22:25:49.739Z,0.740018386611,2026-09-01 04:10:49.739,1524.069444444444
Pulse experiments,pioreactor01,2026-08-31T22:25:54.734Z,0.74010089534,2026-09-01 04:10:54.734,1524.070833333333
Pulse experiments,pioreactor01,2026-08-31T22:25:59.749Z,0.740123790522,2026-09-01 04:10:59.749,1524.072222222222
Pulse experiments,pioreactor01,2026-08-31T22:26:04.772Z,0.740149091839,2026-09-01 04:11:04.772,1524.073611111111
Pulse experiments,pioreactor01,2026-08-31T22:26:09.734Z,0.740203487594,2026-09-01 04:11:09.734,1524.075
Pulse experiments,pioreactor01,2026-08-31T22:26:14.737Z,0.740325163311,2026-09-01 04:11:14.737,1524.076388888889
Pulse experiments,pioreactor01,2026-08-31T22:26:19.746Z,0.740408425064,2026-09-01 04:11:19.746,1524.077777777778
Pulse experiments,pioreactor01,2026-08-31T22:26:24.752Z,0.740494253796,2026-09-01 04:11:24.752,1524.079166666667
Pulse experiments,pioreactor01,2026-08-31T22:26:29.736Z,0.740547258392,2026-09-01 04:11:29.736,1524.080555555556
Pulse experiments,pioreactor01,2026-08-31T22:26:34.736Z,0.74061628594,2026-09-01 04:11:34.736,1524.081944444444
Pulse experiments,pioreactor01,2026-08-31T22:26:39.748Z,0.740661749421,2026-09-01 04:11:39.748,1524.083333333333
Pulse experiments,pioreactor01,2026-08-31T22:26:44.743Z,0.740677750811,2026-09-01 04:11:44.743,1524.084722222222
Pulse experiments,pioreactor01,2026-08-31T22:26:49.735Z,0.740667408357,2026-09-01 04:11:49.735,1524.086111111111
Pulse experiments,pioreactor01,2026-08-31T22:26:54.741Z,0.740725316097,2026-09-01 04:11:54.741,1524.0875
Pulse experiments,pioreactor01,2026-08-31T22:26:59.735Z,0.740749100509,2026-09-01 04:11:59.735,1524.088888888889
Pulse experiments,pioreactor01,2026-08-31T22:27:04.739Z,0.740801966506,2026-09-01 04:12:04.739,1524.090277777778
Pulse experiments,pioreactor01,2026-08-31T22:27:09.738Z,0.740825827636,2026-09-01 04:12:09.738,1524.091666666667
Pulse experiments,pioreactor01,2026-08-31T22:27:14.740Z,0.740844508685,2026-09-01 04:12:14.740,1524.093055555556
Pulse experiments,pioreactor01,2026-08-31T22:27:19.734Z,0.740897173619,2026-09-01 04:12:19.734,1524.094444444444
Pulse experiments,pioreactor01,2026-08-31T22:27:24.743Z,0.740964447591,2026-09-01 04:12:24.743,1524.095833333333
Pulse experiments,pioreactor01,2026-08-31T22:27:29.741Z,0.741037631439,2026-09-01 04:12:29.741,1524.097222222222
Pulse experiments,pioreactor01,2026-08-31T22:27:34.742Z,0.741085694165,2026-09-01 04:12:34.742,1524.098611111111
Pulse experiments,pioreactor01,2026-08-31T22:27:39.740Z,0.741316660823,2026-09-01 04:12:39.740,1524.1
Pulse experiments,pioreactor01,2026-08-31T22:27:44.770Z,0.725937603235,2026-09-01 04:12:44.770,1524.101388888889
Pulse experiments,pioreactor01,2026-08-31T22:27:49.740Z,0.719982880506,2026-09-01 04:12:49.740,1524.102777777778
Pulse experiments,pioreactor01,2026-08-31T22:27:54.773Z,0.717928660643,2026-09-01 04:12:54.773,1524.104166666667
Pulse experiments,pioreactor01,2026-08-31T22:27:59.739Z,0.717015734162,2026-09-01 04:12:59.739,1524.105555555556
Pulse experiments,pioreactor01,2026-08-31T22:28:04.734Z,0.716324961358,2026-09-01 04:13:04.734,1524.106944444444
Pulse experiments,pioreactor01,2026-08-31T22:28:09.741Z,0.7158872238,2026-09-01 04:13:09.741,1524.108333333333
Pulse experiments,pioreactor01,2026-08-31T22:28:14.739Z,0.715754627227,2026-09-01 04:13:14.739,1524.109722222222
Pulse experiments,pioreactor01,2026-08-31T22:28:19.735Z,0.715463586922,2026-09-01 04:13:19.735,1524.111111111111
Pulse experiments,pioreactor01,2026-08-31T22:28:24.735Z,0.715317648924,2026-09-01 04:13:24.735,1524.1125
Pulse experiments,pioreactor01,2026-08-31T22:28:29.734Z,0.715223388538,2026-09-01 04:13:29.734,1524.113888888889
Pulse experiments,pioreactor01,2026-08-31T22:28:39.739Z,0.715077749676,2026-09-01 04:13:39.739,1524.116666666667
Pulse experiments,pioreactor01,2026-08-31T22:28:44.736Z,0.715138120237,2026-09-01 04:13:44.736,1524.118055555556
Pulse experiments,pioreactor01,2026-08-31T22:28:49.735Z,0.715108314455,2026-09-01 04:13:49.735,1524.119444444445
Pulse experiments,pioreactor01,2026-08-31T22:28:54.739Z,0.715033634658,2026-09-01 04:13:54.739,1524.120833333333
Pulse experiments,pioreactor01,2026-08-31T22:28:59.734Z,0.714963648991,2026-09-01 04:13:59.734,1524.122222222222
Pulse experiments,pioreactor01,2026-08-31T22:29:04.741Z,0.715064305078,2026-09-01 04:14:04.741,1524.123611111111
Pulse experiments,pioreactor01,2026-08-31T22:29:09.735Z,0.715124567326,2026-09-01 04:14:09.735,1524.125
Pulse experiments,pioreactor01,2026-08-31T22:29:14.735Z,0.715256302364,2026-09-01 04:14:14.735,1524.126388888889
Pulse experiments,pioreactor01,2026-08-31T22:29:19.741Z,0.715348633572,2026-09-01 04:14:19.741,1524.127777777778
Pulse experiments,pioreactor01,2026-08-31T22:29:24.736Z,0.715407144001,2026-09-01 04:14:24.736,1524.129166666667
Pulse experiments,pioreactor01,2026-08-31T22:29:29.734Z,0.715402227454,2026-09-01 04:14:29.734,1524.130555555555
Pulse experiments,pioreactor01,2026-08-31T22:29:34.738Z,0.715326175835,2026-09-01 04:14:34.738,1524.131944444444
Pulse experiments,pioreactor01,2026-08-31T22:29:39.740Z,0.715396595746,2026-09-01 04:14:39.740,1524.133333333333
Pulse experiments,pioreactor01,2026-08-31T22:29:44.734Z,0.715509453939,2026-09-01 04:14:44.734,1524.134722222222
Pulse experiments,pioreactor01,2026-08-31T22:29:49.740Z,0.715651697132,2026-09-01 04:14:49.740,1524.136111111111
Pulse experiments,pioreactor01,2026-08-31T22:29:54.734Z,0.715753275737,2026-09-01 04:14:54.734,1524.1375
Pulse experiments,pioreactor01,2026-08-31T22:29:59.738Z,0.715749625081,2026-09-01 04:14:59.738,1524.138888888889
Pulse experiments,pioreactor01,2026-08-31T22:30:04.736Z,0.715829619076,2026-09-01 04:15:04.736,1524.140277777778
Pulse experiments,pioreactor01,2026-08-31T22:30:09.734Z,0.715913103348,2026-09-01 04:15:09.734,1524.141666666667
Pulse experiments,pioreactor01,2026-08-31T22:30:14.743Z,0.71597831292,2026-09-01 04:15:14.743,1524.143055555556
Pulse experiments,pioreactor01,2026-08-31T22:30:19.739Z,0.716058470382,2026-09-01 04:15:19.739,1524.144444444444
Pulse experiments,pioreactor01,2026-08-31T22:30:24.752Z,0.716129051217,2026-09-01 04:15:24.752,1524.145833333333
Pulse experiments,pioreactor01,2026-08-31T22:30:29.734Z,0.716187699296,2026-09-01 04:15:29.734,1524.147222222222
Pulse experiments,pioreactor01,2026-08-31T22:30:34.744Z,0.716256237529,2026-09-01 04:15:34.744,1524.148611111111
Pulse experiments,pioreactor01,2026-08-31T22:30:39.736Z,0.716328734794,2026-09-01 04:15:39.736,1524.15
Pulse experiments,pioreactor01,2026-08-31T22:30:44.735Z,0.716352400022,2026-09-01 04:15:44.735,1524.151388888889
Pulse experiments,pioreactor01,2026-08-31T22:30:49.741Z,0.716424205182,2026-09-01 04:15:49.741,1524.152777777778
Pulse experiments,pioreactor01,2026-08-31T22:30:54.741Z,0.716486228492,2026-09-01 04:15:54.741,1524.154166666667
Pulse experiments,pioreactor01,2026-08-31T22:30:59.734Z,0.716514449693,2026-09-01 04:15:59.734,1524.155555555556
Pulse experiments,pioreactor01,2026-08-31T22:31:04.741Z,0.716582271654,2026-09-01 04:16:04.741,1524.156944444444
Pulse experiments,pioreactor01,2026-08-31T22:31:09.753Z,0.716680873916,2026-09-01 04:16:09.753,1524.158333333333
Pulse experiments,pioreactor01,2026-08-31T22:31:14.737Z,0.716708234218,2026-09-01 04:16:14.737,1524.159722222222
Pulse experiments,pioreactor01,2026-08-31T22:31:19.735Z,0.716769723011,2026-09-01 04:16:19.735,1524.161111111111
Pulse experiments,pioreactor01,2026-08-31T22:31:24.741Z,0.716858350264,2026-09-01 04:16:24.741,1524.1625
Pulse experiments,pioreactor01,2026-08-31T22:31:29.740Z,0.716916549935,2026-09-01 04:16:29.740,1524.163888888889
Pulse experiments,pioreactor01,2026-08-31T22:31:34.734Z,0.717010786392,2026-09-01 04:16:34.734,1524.165277777778
Pulse experiments,pioreactor01,2026-08-31T22:31:39.735Z,0.717067164366,2026-09-01 04:16:39.735,1524.166666666667
Pulse experiments,pioreactor01,2026-08-31T22:31:44.740Z,0.717103495601,2026-09-01 04:16:44.740,1524.168055555556
Pulse experiments,pioreactor01,2026-08-31T22:31:49.734Z,0.717193712651,2026-09-01 04:16:49.734,1524.169444444444
Pulse experiments,pioreactor01,2026-08-31T22:31:54.736Z,0.717240865174,2026-09-01 04:16:54.736,1524.170833333333
Pulse experiments,pioreactor01,2026-08-31T22:31:59.738Z,0.717285706368,2026-09-01 04:16:59.738,1524.172222222222
Pulse experiments,pioreactor01,2026-08-31T22:32:04.737Z,0.717342003488,2026-09-01 04:17:04.737,1524.173611111111
Pulse experiments,pioreactor01,2026-08-31T22:32:09.734Z,0.717423748844,2026-09-01 04:17:09.734,1524.175
Pulse experiments,pioreactor01,2026-08-31T22:32:14.738Z,0.71751018069,2026-09-01 04:17:14.738,1524.176388888889
Pulse experiments,pioreactor01,2026-08-31T22:32:19.738Z,0.717553420263,2026-09-01 04:17:19.738,1524.177777777778
Pulse experiments,pioreactor01,2026-08-31T22:32:24.737Z,0.717590791573,2026-09-01 04:17:24.737,1524.179166666667
Pulse experiments,pioreactor01,2026-08-31T22:32:34.735Z,0.717725560954,2026-09-01 04:17:34.735,1524.181944444445
Pulse experiments,pioreactor01,2026-08-31T22:32:39.742Z,0.717789541707,2026-09-01 04:17:39.742,1524.183333333333
Pulse experiments,pioreactor01,2026-08-31T22:32:44.734Z,0.717860931012,2026-09-01 04:17:44.734,1524.184722222222
Pulse experiments,pioreactor01,2026-08-31T22:32:49.746Z,0.717910508858,2026-09-01 04:17:49.746,1524.186111111111
Pulse experiments,pioreactor01,2026-08-31T22:32:54.741Z,0.717955463185,2026-09-01 04:17:54.741,1524.1875
Pulse experiments,pioreactor01,2026-08-31T22:32:59.734Z,0.717993795861,2026-09-01 04:17:59.734,1524.188888888889
Pulse experiments,pioreactor01,2026-08-31T22:33:04.735Z,0.717979423494,2026-09-01 04:18:04.735,1524.190277777778
Pulse experiments,pioreactor01,2026-08-31T22:33:09.737Z,0.717989757526,2026-09-01 04:18:09.737,1524.191666666667
Pulse experiments,pioreactor01,2026-08-31T22:33:14.735Z,0.718021270771,2026-09-01 04:18:14.735,1524.193055555555
Pulse experiments,pioreactor01,2026-08-31T22:33:19.737Z,0.718090516,2026-09-01 04:18:19.737,1524.194444444444
Pulse experiments,pioreactor01,2026-08-31T22:33:24.739Z,0.71813652299,2026-09-01 04:18:24.739,1524.195833333333
Pulse experiments,pioreactor01,2026-08-31T22:33:29.734Z,0.718238240364,2026-09-01 04:18:29.734,1524.197222222222
Pulse experiments,pioreactor01,2026-08-31T22:33:34.741Z,0.71830080099,2026-09-01 04:18:34.741,1524.198611111111
Pulse experiments,pioreactor01,2026-08-31T22:33:39.751Z,0.718358758742,2026-09-01 04:18:39.751,1524.2
Pulse experiments,pioreactor01,2026-08-31T22:33:44.735Z,0.718424816852,2026-09-01 04:18:44.735,1524.201388888889
Pulse experiments,pioreactor01,2026-08-31T22:33:54.738Z,0.718540016136,2026-09-01 04:18:54.738,1524.204166666667
Pulse experiments,pioreactor01,2026-08-31T22:33:59.743Z,0.71859439269,2026-09-01 04:18:59.743,1524.205555555556
Pulse experiments,pioreactor01,2026-08-31T22:34:04.734Z,0.718647792825,2026-09-01 04:19:04.734,1524.206944444444
Pulse experiments,pioreactor01,2026-08-31T22:34:09.734Z,0.718718993747,2026-09-01 04:19:09.734,1524.208333333333
Pulse experiments,pioreactor01,2026-08-31T22:34:14.749Z,0.718780342326,2026-09-01 04:19:14.749,1524.209722222222
Pulse experiments,pioreactor01,2026-08-31T22:34:19.744Z,0.718891361257,2026-09-01 04:19:19.744,1524.211111111111
Pulse experiments,pioreactor01,2026-08-31T22:34:24.735Z,0.718890995433,2026-09-01 04:19:24.735,1524.2125
Pulse experiments,pioreactor01,2026-08-31T22:34:29.736Z,0.718896322376,2026-09-01 04:19:29.736,1524.213888888889
Pulse experiments,pioreactor01,2026-08-31T22:34:34.737Z,0.718970899327,2026-09-01 04:19:34.737,1524.215277777778
Pulse experiments,pioreactor01,2026-08-31T22:34:39.736Z,0.719016724572,2026-09-01 04:19:39.736,1524.216666666667
Pulse experiments,pioreactor01,2026-08-31T22:34:44.742Z,0.719103049274,2026-09-01 04:19:44.742,1524.218055555556
Pulse experiments,pioreactor01,2026-08-31T22:34:49.736Z,0.719147460218,2026-09-01 04:19:49.736,1524.219444444444
Pulse experiments,pioreactor01,2026-08-31T22:34:54.737Z,0.719197675746,2026-09-01 04:19:54.737,1524.220833333333
Pulse experiments,pioreactor01,2026-08-31T22:34:59.745Z,0.719257768028,2026-09-01 04:19:59.745,1524.222222222222
Pulse experiments,pioreactor01,2026-08-31T22:35:04.734Z,0.719310350941,2026-09-01 04:20:04.734,1524.223611111111
Pulse experiments,pioreactor01,2026-08-31T22:35:09.733Z,0.719345915933,2026-09-01 04:20:09.733,1524.225
Pulse experiments,pioreactor01,2026-08-31T22:35:14.739Z,0.71938014746,2026-09-01 04:20:14.739,1524.226388888889
Pulse experiments,pioreactor01,2026-08-31T22:35:19.734Z,0.719435062616,2026-09-01 04:20:19.734,1524.227777777778
Pulse experiments,pioreactor01,2026-08-31T22:35:24.735Z,0.719471123177,2026-09-01 04:20:24.735,1524.229166666667
Pulse experiments,pioreactor01,2026-08-31T22:35:29.734Z,0.719533321073,2026-09-01 04:20:29.734,1524.230555555556
Pulse experiments,pioreactor01,2026-08-31T22:35:34.760Z,0.719563108593,2026-09-01 04:20:34.760,1524.231944444444
Pulse experiments,pioreactor01,2026-08-31T22:35:39.743Z,0.71961863982,2026-09-01 04:20:39.743,1524.233333333333
Pulse experiments,pioreactor01,2026-08-31T22:35:44.733Z,0.719679780833,2026-09-01 04:20:44.733,1524.234722222222
Pulse experiments,pioreactor01,2026-08-31T22:35:49.743Z,0.719735828104,2026-09-01 04:20:49.743,1524.236111111111
Pulse experiments,pioreactor01,2026-08-31T22:35:54.739Z,0.719799982564,2026-09-01 04:20:54.739,1524.2375
Pulse experiments,pioreactor01,2026-08-31T22:35:59.734Z,0.719852766063,2026-09-01 04:20:59.734,1524.238888888889
Pulse experiments,pioreactor01,2026-08-31T22:36:04.735Z,0.719857681859,2026-09-01 04:21:04.735,1524.240277777778
Pulse experiments,pioreactor01,2026-08-31T22:36:09.735Z,0.719903061779,2026-09-01 04:21:09.735,1524.241666666667
Pulse experiments,pioreactor01,2026-08-31T22:36:14.739Z,0.719961560643,2026-09-01 04:21:14.739,1524.243055555556
Pulse experiments,pioreactor01,2026-08-31T22:36:19.740Z,0.720038934199,2026-09-01 04:21:19.740,1524.244444444445
Pulse experiments,pioreactor01,2026-08-31T22:36:24.749Z,0.720072888548,2026-09-01 04:21:24.749,1524.245833333333
Pulse experiments,pioreactor01,2026-08-31T22:36:29.737Z,0.720146191918,2026-09-01 04:21:29.737,1524.247222222222
Pulse experiments,pioreactor01,2026-08-31T22:36:34.735Z,0.720237607089,2026-09-01 04:21:34.735,1524.248611111111
Pulse experiments,pioreactor01,2026-08-31T22:36:39.745Z,0.720351310443,2026-09-01 04:21:39.745,1524.25
Pulse experiments,pioreactor01,2026-08-31T22:36:44.737Z,0.720414310756,2026-09-01 04:21:44.737,1524.251388888889
Pulse experiments,pioreactor01,2026-08-31T22:36:49.737Z,0.720529341798,2026-09-01 04:21:49.737,1524.252777777778
Pulse experiments,pioreactor01,2026-08-31T22:36:54.734Z,0.720591782772,2026-09-01 04:21:54.734,1524.254166666667
Pulse experiments,pioreactor01,2026-08-31T22:36:59.743Z,0.720650631407,2026-09-01 04:21:59.743,1524.255555555555
Pulse experiments,pioreactor01,2026-08-31T22:37:04.740Z,0.720694464753,2026-09-01 04:22:04.740,1524.256944444444
Pulse experiments,pioreactor01,2026-08-31T22:37:09.740Z,0.720743974432,2026-09-01 04:22:09.740,1524.258333333333
Pulse experiments,pioreactor01,2026-08-31T22:37:14.743Z,0.720776578715,2026-09-01 04:22:14.743,1524.259722222222
Pulse experiments,pioreactor01,2026-08-31T22:37:19.753Z,0.720771409955,2026-09-01 04:22:19.753,1524.261111111111
Pulse experiments,pioreactor01,2026-08-31T22:37:24.734Z,0.720804117436,2026-09-01 04:22:24.734,1524.2625
Pulse experiments,pioreactor01,2026-08-31T22:37:29.736Z,0.720854807734,2026-09-01 04:22:29.736,1524.263888888889
Pulse experiments,pioreactor01,2026-08-31T22:37:34.739Z,0.720892441024,2026-09-01 04:22:34.739,1524.265277777778
Pulse experiments,pioreactor01,2026-08-31T22:37:39.736Z,0.720910562384,2026-09-01 04:22:39.736,1524.266666666667
Pulse experiments,pioreactor01,2026-08-31T22:37:44.743Z,0.720951239362,2026-09-01 04:22:44.743,1524.268055555556
Pulse experiments,pioreactor01,2026-08-31T22:37:49.740Z,0.720973355994,2026-09-01 04:22:49.740,1524.269444444444
Pulse experiments,pioreactor01,2026-08-31T22:37:54.734Z,0.722312027136,2026-09-01 04:22:54.734,1524.270833333333
Pulse experiments,pioreactor01,2026-08-31T22:37:59.808Z,0.709847201279,2026-09-01 04:22:59.808,1524.272222222222
Pulse experiments,pioreactor01,2026-08-31T22:38:04.753Z,0.705722831567,2026-09-01 04:23:04.753,1524.273611111111
Pulse experiments,pioreactor01,2026-08-31T22:38:09.777Z,0.705227670705,2026-09-01 04:23:09.777,1524.275
Pulse experiments,pioreactor01,2026-08-31T22:38:14.765Z,0.705142975126,2026-09-01 04:23:14.765,1524.276388888889
Pulse experiments,pioreactor01,2026-08-31T22:38:19.785Z,0.705306649044,2026-09-01 04:23:19.785,1524.277777777778
Pulse experiments,pioreactor01,2026-08-31T22:38:24.738Z,0.704899937233,2026-09-01 04:23:24.738,1524.279166666667
Pulse experiments,pioreactor01,2026-08-31T22:38:29.744Z,0.704908006984,2026-09-01 04:23:29.744,1524.280555555556
Pulse experiments,pioreactor01,2026-08-31T22:38:34.739Z,0.704691007119,2026-09-01 04:23:34.739,1524.281944444444
Pulse experiments,pioreactor01,2026-08-31T22:38:39.735Z,0.704795859535,2026-09-01 04:23:39.735,1524.283333333333
Pulse experiments,pioreactor01,2026-08-31T22:38:44.735Z,0.704882300672,2026-09-01 04:23:44.735,1524.284722222222
Pulse experiments,pioreactor01,2026-08-31T22:38:49.743Z,0.704932099829,2026-09-01 04:23:49.743,1524.286111111111
Pulse experiments,pioreactor01,2026-08-31T22:38:54.735Z,0.704878515462,2026-09-01 04:23:54.735,1524.2875
Pulse experiments,pioreactor01,2026-08-31T22:38:59.736Z,0.705066698809,2026-09-01 04:23:59.736,1524.288888888889
Pulse experiments,pioreactor01,2026-08-31T22:39:04.741Z,0.705069246359,2026-09-01 04:24:04.741,1524.290277777778
Pulse experiments,pioreactor01,2026-08-31T22:39:09.739Z,0.705242518548,2026-09-01 04:24:09.739,1524.291666666667
Pulse experiments,pioreactor01,2026-08-31T22:39:14.736Z,0.705300516963,2026-09-01 04:24:14.736,1524.293055555556
Pulse experiments,pioreactor01,2026-08-31T22:39:19.739Z,0.705222999833,2026-09-01 04:24:19.739,1524.294444444444
Pulse experiments,pioreactor01,2026-08-31T22:39:24.738Z,0.705341671009,2026-09-01 04:24:24.738,1524.295833333333
Pulse experiments,pioreactor01,2026-08-31T22:39:29.742Z,0.705314554659,2026-09-01 04:24:29.742,1524.297222222222
Pulse experiments,pioreactor01,2026-08-31T22:39:34.736Z,0.705290712023,2026-09-01 04:24:34.736,1524.298611111111
Pulse experiments,pioreactor01,2026-08-31T22:39:39.737Z,0.705366357085,2026-09-01 04:24:39.737,1524.3
Pulse experiments,pioreactor01,2026-08-31T22:39:44.754Z,0.705446356088,2026-09-01 04:24:44.754,1524.301388888889
Pulse experiments,pioreactor01,2026-08-31T22:39:54.740Z,0.705485696241,2026-09-01 04:24:54.740,1524.304166666667
Pulse experiments,pioreactor01,2026-08-31T22:39:59.734Z,0.705474280632,2026-09-01 04:24:59.734,1524.305555555556
Pulse experiments,pioreactor01,2026-08-31T22:40:04.738Z,0.705473433281,2026-09-01 04:25:04.738,1524.306944444445
Pulse experiments,pioreactor01,2026-08-31T22:40:09.739Z,0.705549115175,2026-09-01 04:25:09.739,1524.308333333333
Pulse experiments,pioreactor01,2026-08-31T22:40:14.734Z,0.705636582619,2026-09-01 04:25:14.734,1524.309722222222
Pulse experiments,pioreactor01,2026-08-31T22:40:19.734Z,0.705732671334,2026-09-01 04:25:19.734,1524.311111111111
Pulse experiments,pioreactor01,2026-08-31T22:40:24.745Z,0.705856277862,2026-09-01 04:25:24.745,1524.3125
Pulse experiments,pioreactor01,2026-08-31T22:40:29.743Z,0.705869576383,2026-09-01 04:25:29.743,1524.313888888889
Pulse experiments,pioreactor01,2026-08-31T22:40:34.736Z,0.705911553487,2026-09-01 04:25:34.736,1524.315277777778
Pulse experiments,pioreactor01,2026-08-31T22:40:44.737Z,0.706058563094,2026-09-01 04:25:44.737,1524.318055555555
Pulse experiments,pioreactor01,2026-08-31T22:40:54.735Z,0.706150312633,2026-09-01 04:25:54.735,1524.320833333333
Pulse experiments,pioreactor01,2026-08-31T22:40:59.735Z,0.706225401157,2026-09-01 04:25:59.735,1524.322222222222
Pulse experiments,pioreactor01,2026-08-31T22:41:04.740Z,0.706375816641,2026-09-01 04:26:04.740,1524.323611111111
Pulse experiments,pioreactor01,2026-08-31T22:41:09.735Z,0.706494351337,2026-09-01 04:26:09.735,1524.325
Pulse experiments,pioreactor01,2026-08-31T22:41:14.738Z,0.706532965494,2026-09-01 04:26:14.738,1524.326388888889
Pulse experiments,pioreactor01,2026-08-31T22:41:19.735Z,0.706582098978,2026-09-01 04:26:19.735,1524.327777777778
Pulse experiments,pioreactor01,2026-08-31T22:41:24.740Z,0.706673425076,2026-09-01 04:26:24.740,1524.329166666667
Pulse experiments,pioreactor01,2026-08-31T22:41:29.735Z,0.706746729242,2026-09-01 04:26:29.735,1524.330555555556
Pulse experiments,pioreactor01,2026-08-31T22:41:34.733Z,0.706827767151,2026-09-01 04:26:34.733,1524.331944444444
Pulse experiments,pioreactor01,2026-08-31T22:41:39.740Z,0.706832038836,2026-09-01 04:26:39.740,1524.333333333333
Pulse experiments,pioreactor01,2026-08-31T22:41:44.735Z,0.706840763553,2026-09-01 04:26:44.735,1524.334722222222
Pulse experiments,pioreactor01,2026-08-31T22:41:49.736Z,0.706879795999,2026-09-01 04:26:49.736,1524.336111111111
Pulse experiments,pioreactor01,2026-08-31T22:41:54.735Z,0.706897635822,2026-09-01 04:26:54.735,1524.3375
Pulse experiments,pioreactor01,2026-08-31T22:41:59.738Z,0.706982581159,2026-09-01 04:26:59.738,1524.338888888889
Pulse experiments,pioreactor01,2026-08-31T22:42:04.737Z,0.707084656918,2026-09-01 04:27:04.737,1524.340277777778
Pulse experiments,pioreactor01,2026-08-31T22:42:09.735Z,0.70721310405,2026-09-01 04:27:09.735,1524.341666666667
Pulse experiments,pioreactor01,2026-08-31T22:42:14.744Z,0.707276803082,2026-09-01 04:27:14.744,1524.343055555556
Pulse experiments,pioreactor01,2026-08-31T22:42:19.734Z,0.707352937693,2026-09-01 04:27:19.734,1524.344444444444
Pulse experiments,pioreactor01,2026-08-31T22:42:24.735Z,0.70743588917,2026-09-01 04:27:24.735,1524.345833333333
Pulse experiments,pioreactor01,2026-08-31T22:42:29.735Z,0.707482883389,2026-09-01 04:27:29.735,1524.347222222222
Pulse experiments,pioreactor01,2026-08-31T22:42:34.734Z,0.70755858451,2026-09-01 04:27:34.734,1524.348611111111
Pulse experiments,pioreactor01,2026-08-31T22:42:39.734Z,0.70763118512,2026-09-01 04:27:39.734,1524.35
Pulse experiments,pioreactor01,2026-08-31T22:42:44.736Z,0.707670482289,2026-09-01 04:27:44.736,1524.351388888889
Pulse experiments,pioreactor01,2026-08-31T22:42:49.740Z,0.707709772793,2026-09-01 04:27:49.740,1524.352777777778
Pulse experiments,pioreactor01,2026-08-31T22:42:54.740Z,0.707751195876,2026-09-01 04:27:54.740,1524.354166666667
Pulse experiments,pioreactor01,2026-08-31T22:42:59.738Z,0.707843339255,2026-09-01 04:27:59.738,1524.355555555556
Pulse experiments,pioreactor01,2026-08-31T22:43:04.745Z,0.707849692908,2026-09-01 04:28:04.745,1524.356944444444
Pulse experiments,pioreactor01,2026-08-31T22:43:09.738Z,0.707895146736,2026-09-01 04:28:09.738,1524.358333333333
Pulse experiments,pioreactor01,2026-08-31T22:43:14.740Z,0.707972967877,2026-09-01 04:28:14.740,1524.359722222222
Pulse experiments,pioreactor01,2026-08-31T22:43:19.734Z,0.708012665381,2026-09-01 04:28:19.734,1524.361111111111
Pulse experiments,pioreactor01,2026-08-31T22:43:24.735Z,0.708068017082,2026-09-01 04:28:24.735,1524.3625
Pulse experiments,pioreactor01,2026-08-31T22:43:29.734Z,0.708132228299,2026-09-01 04:28:29.734,1524.363888888889
Pulse experiments,pioreactor01,2026-08-31T22:43:34.734Z,0.708176341795,2026-09-01 04:28:34.734,1524.365277777778
Pulse experiments,pioreactor01,2026-08-31T22:43:44.739Z,0.708282369245,2026-09-01 04:28:44.739,1524.368055555556
Pulse experiments,pioreactor01,2026-08-31T22:43:49.739Z,0.708349444773,2026-09-01 04:28:49.739,1524.369444444445
Pulse experiments,pioreactor01,2026-08-31T22:43:54.736Z,0.708400987429,2026-09-01 04:28:54.736,1524.370833333333
Pulse experiments,pioreactor01,2026-08-31T22:43:59.742Z,0.708455168951,2026-09-01 04:28:59.742,1524.372222222222
Pulse experiments,pioreactor01,2026-08-31T22:44:04.738Z,0.708507522597,2026-09-01 04:29:04.738,1524.373611111111
Pulse experiments,pioreactor01,2026-08-31T22:44:09.734Z,0.708536244472,2026-09-01 04:29:09.734,1524.375
Pulse experiments,pioreactor01,2026-08-31T22:44:14.736Z,0.708561761363,2026-09-01 04:29:14.736,1524.376388888889
Pulse experiments,pioreactor01,2026-08-31T22:44:19.735Z,0.708622360839,2026-09-01 04:29:19.735,1524.377777777778
Pulse experiments,pioreactor01,2026-08-31T22:44:24.744Z,0.708691679186,2026-09-01 04:29:24.744,1524.379166666667
Pulse experiments,pioreactor01,2026-08-31T22:44:29.743Z,0.708764805429,2026-09-01 04:29:29.743,1524.380555555555
Pulse experiments,pioreactor01,2026-08-31T22:44:34.740Z,0.708824176042,2026-09-01 04:29:34.740,1524.381944444444
Pulse experiments,pioreactor01,2026-08-31T22:44:39.735Z,0.708858403828,2026-09-01 04:29:39.735,1524.383333333333
Pulse experiments,pioreactor01,2026-08-31T22:44:44.737Z,0.708883590965,2026-09-01 04:29:44.737,1524.384722222222
Pulse experiments,pioreactor01,2026-08-31T22:44:49.742Z,0.708916238655,2026-09-01 04:29:49.742,1524.386111111111
Pulse experiments,pioreactor01,2026-08-31T22:44:54.736Z,0.708958584579,2026-09-01 04:29:54.736,1524.3875
Pulse experiments,pioreactor01,2026-08-31T22:44:59.738Z,0.709028782413,2026-09-01 04:29:59.738,1524.388888888889
Pulse experiments,pioreactor01,2026-08-31T22:45:04.740Z,0.709137227988,2026-09-01 04:30:04.740,1524.390277777778
Pulse experiments,pioreactor01,2026-08-31T22:45:09.741Z,0.709200678395,2026-09-01 04:30:09.741,1524.391666666667
Pulse experiments,pioreactor01,2026-08-31T22:45:14.735Z,0.709304296565,2026-09-01 04:30:14.735,1524.393055555556
Pulse experiments,pioreactor01,2026-08-31T22:45:19.744Z,0.709353778652,2026-09-01 04:30:19.744,1524.394444444444
Pulse experiments,pioreactor01,2026-08-31T22:45:24.738Z,0.709425290912,2026-09-01 04:30:24.738,1524.395833333333
Pulse experiments,pioreactor01,2026-08-31T22:45:29.736Z,0.709485762486,2026-09-01 04:30:29.736,1524.397222222222
Pulse experiments,pioreactor01,2026-08-31T22:45:34.736Z,0.709503412543,2026-09-01 04:30:34.736,1524.398611111111
Pulse experiments,pioreactor01,2026-08-31T22:45:39.735Z,0.709529727382,2026-09-01 04:30:39.735,1524.4
Pulse experiments,pioreactor01,2026-08-31T22:45:44.737Z,0.709578615703,2026-09-01 04:30:44.737,1524.401388888889
Pulse experiments,pioreactor01,2026-08-31T22:45:49.740Z,0.709676279556,2026-09-01 04:30:49.740,1524.402777777778
Pulse experiments,pioreactor01,2026-08-31T22:45:54.735Z,0.709697661355,2026-09-01 04:30:54.735,1524.404166666667
Pulse experiments,pioreactor01,2026-08-31T22:45:59.740Z,0.709755016906,2026-09-01 04:30:59.740,1524.405555555556
Pulse experiments,pioreactor01,2026-08-31T22:46:04.734Z,0.709808315811,2026-09-01 04:31:04.734,1524.406944444444
Pulse experiments,pioreactor01,2026-08-31T22:46:09.737Z,0.709884954626,2026-09-01 04:31:09.737,1524.408333333333
Pulse experiments,pioreactor01,2026-08-31T22:46:14.743Z,0.709913948132,2026-09-01 04:31:14.743,1524.409722222222
Pulse experiments,pioreactor01,2026-08-31T22:46:19.741Z,0.709963248127,2026-09-01 04:31:19.741,1524.411111111111
Pulse experiments,pioreactor01,2026-08-31T22:46:24.734Z,0.710019495302,2026-09-01 04:31:24.734,1524.4125
Pulse experiments,pioreactor01,2026-08-31T22:46:29.736Z,0.710145824655,2026-09-01 04:31:29.736,1524.413888888889
Pulse experiments,pioreactor01,2026-08-31T22:46:34.734Z,0.710172713051,2026-09-01 04:31:34.734,1524.415277777778
Pulse experiments,pioreactor01,2026-08-31T22:46:39.734Z,0.710185721824,2026-09-01 04:31:39.734,1524.416666666667
Pulse experiments,pioreactor01,2026-08-31T22:46:44.741Z,0.710215047191,2026-09-01 04:31:44.741,1524.418055555556
Pulse experiments,pioreactor01,2026-08-31T22:46:49.734Z,0.710247440784,2026-09-01 04:31:49.734,1524.419444444444
Pulse experiments,pioreactor01,2026-08-31T22:46:54.734Z,0.710234690231,2026-09-01 04:31:54.734,1524.420833333333
Pulse experiments,pioreactor01,2026-08-31T22:46:59.735Z,0.710282960929,2026-09-01 04:31:59.735,1524.422222222222
Pulse experiments,pioreactor01,2026-08-31T22:47:04.734Z,0.710355243226,2026-09-01 04:32:04.734,1524.423611111111
Pulse experiments,pioreactor01,2026-08-31T22:47:09.735Z,0.710400608377,2026-09-01 04:32:09.735,1524.425
Pulse experiments,pioreactor01,2026-08-31T22:47:14.734Z,0.710438444442,2026-09-01 04:32:14.734,1524.426388888889
Pulse experiments,pioreactor01,2026-08-31T22:47:19.735Z,0.71049047057,2026-09-01 04:32:19.735,1524.427777777778
Pulse experiments,pioreactor01,2026-08-31T22:47:24.744Z,0.710474483672,2026-09-01 04:32:24.744,1524.429166666667
Pulse experiments,pioreactor01,2026-08-31T22:47:29.735Z,0.710481614603,2026-09-01 04:32:29.735,1524.430555555556
Pulse experiments,pioreactor01,2026-08-31T22:47:34.735Z,0.71054801232,2026-09-01 04:32:34.735,1524.431944444445
Pulse experiments,pioreactor01,2026-08-31T22:47:39.740Z,0.7106608007,2026-09-01 04:32:39.740,1524.433333333333
Pulse experiments,pioreactor01,2026-08-31T22:47:44.734Z,0.71071391841,2026-09-01 04:32:44.734,1524.434722222222
Pulse experiments,pioreactor01,2026-08-31T22:47:49.755Z,0.710812297587,2026-09-01 04:32:49.755,1524.436111111111
Pulse experiments,pioreactor01,2026-08-31T22:47:54.735Z,0.710920454571,2026-09-01 04:32:54.735,1524.4375
Pulse experiments,pioreactor01,2026-08-31T22:47:59.734Z,0.710990839901,2026-09-01 04:32:59.734,1524.438888888889
Pulse experiments,pioreactor01,2026-08-31T22:48:04.739Z,0.711025962451,2026-09-01 04:33:04.739,1524.440277777778
Pulse experiments,pioreactor01,2026-08-31T22:48:09.780Z,0.708686209293,2026-09-01 04:33:09.780,1524.441666666667
Pulse experiments,pioreactor01,2026-08-31T22:48:14.755Z,0.704194130503,2026-09-01 04:33:14.755,1524.443055555555
Pulse experiments,pioreactor01,2026-08-31T22:48:19.735Z,0.703932282008,2026-09-01 04:33:19.735,1524.444444444444
Pulse experiments,pioreactor01,2026-08-31T22:48:24.739Z,0.703853580357,2026-09-01 04:33:24.739,1524.445833333333
Pulse experiments,pioreactor01,2026-08-31T22:48:29.735Z,0.7039377944,2026-09-01 04:33:29.735,1524.447222222222
Pulse experiments,pioreactor01,2026-08-31T22:48:34.744Z,0.70423247331,2026-09-01 04:33:34.744,1524.448611111111
Pulse experiments,pioreactor01,2026-08-31T22:48:39.735Z,0.704043954972,2026-09-01 04:33:39.735,1524.45
Pulse experiments,pioreactor01,2026-08-31T22:48:44.740Z,0.704230322723,2026-09-01 04:33:44.740,1524.451388888889
Pulse experiments,pioreactor01,2026-08-31T22:48:49.748Z,0.704505580345,2026-09-01 04:33:49.748,1524.452777777778
Pulse experiments,pioreactor01,2026-08-31T22:48:54.740Z,0.704490652843,2026-09-01 04:33:54.740,1524.454166666667
Pulse experiments,pioreactor01,2026-08-31T22:48:59.742Z,0.704409797838,2026-09-01 04:33:59.742,1524.455555555556
Pulse experiments,pioreactor01,2026-08-31T22:49:04.742Z,0.70457769328,2026-09-01 04:34:04.742,1524.456944444444
Pulse experiments,pioreactor01,2026-08-31T22:49:19.743Z,0.704594002795,2026-09-01 04:34:19.743,1524.461111111111
Pulse experiments,pioreactor01,2026-08-31T22:49:24.737Z,0.704530523443,2026-09-01 04:34:24.737,1524.4625
Pulse experiments,pioreactor01,2026-08-31T22:49:29.740Z,0.70437354098,2026-09-01 04:34:29.740,1524.463888888889
Pulse experiments,pioreactor01,2026-08-31T22:49:34.739Z,0.704514316972,2026-09-01 04:34:34.739,1524.465277777778
Pulse experiments,pioreactor01,2026-08-31T22:49:39.740Z,0.704685475022,2026-09-01 04:34:39.740,1524.466666666667
Pulse experiments,pioreactor01,2026-08-31T22:49:44.743Z,0.704891110745,2026-09-01 04:34:44.743,1524.468055555556
Pulse experiments,pioreactor01,2026-08-31T22:49:49.735Z,0.704917400508,2026-09-01 04:34:49.735,1524.469444444444
Pulse experiments,pioreactor01,2026-08-31T22:49:59.742Z,0.70508734283,2026-09-01 04:34:59.742,1524.472222222222
Pulse experiments,pioreactor01,2026-08-31T22:50:04.738Z,0.705152002095,2026-09-01 04:35:04.738,1524.473611111111
Pulse experiments,pioreactor01,2026-08-31T22:50:09.737Z,0.705225519238,2026-09-01 04:35:09.737,1524.475
Pulse experiments,pioreactor01,2026-08-31T22:50:14.735Z,0.705263995515,2026-09-01 04:35:14.735,1524.476388888889
Pulse experiments,pioreactor01,2026-08-31T22:50:19.735Z,0.705400822234,2026-09-01 04:35:19.735,1524.477777777778
Pulse experiments,pioreactor01,2026-08-31T22:50:24.736Z,0.705625783898,2026-09-01 04:35:24.736,1524.479166666667
Pulse experiments,pioreactor01,2026-08-31T22:50:29.748Z,0.705700630014,2026-09-01 04:35:29.748,1524.480555555556
Pulse experiments,pioreactor01,2026-08-31T22:50:34.734Z,0.705788706074,2026-09-01 04:35:34.734,1524.481944444444
Pulse experiments,pioreactor01,2026-08-31T22:50:39.743Z,0.705870144452,2026-09-01 04:35:39.743,1524.483333333333
Pulse experiments,pioreactor01,2026-08-31T22:50:44.736Z,0.705884973325,2026-09-01 04:35:44.736,1524.484722222222
Pulse experiments,pioreactor01,2026-08-31T22:50:49.734Z,0.705936213983,2026-09-01 04:35:49.734,1524.486111111111
Pulse experiments,pioreactor01,2026-08-31T22:50:54.752Z,0.705925602035,2026-09-01 04:35:54.752,1524.4875
Pulse experiments,pioreactor01,2026-08-31T22:50:59.734Z,0.705928081549,2026-09-01 04:35:59.734,1524.488888888889
Pulse experiments,pioreactor01,2026-08-31T22:51:04.742Z,0.705890993821,2026-09-01 04:36:04.742,1524.490277777778
Pulse experiments,pioreactor01,2026-08-31T22:51:09.734Z,0.705890545796,2026-09-01 04:36:09.734,1524.491666666667
Pulse experiments,pioreactor01,2026-08-31T22:51:19.936Z,0.70600221854,2026-09-01 04:36:19.936,1524.494444444445
Pulse experiments,pioreactor01,2026-08-31T22:51:24.741Z,0.706093838829,2026-09-01 04:36:24.741,1524.495833333333
Pulse experiments,pioreactor01,2026-08-31T22:51:34.735Z,0.706219080991,2026-09-01 04:36:34.735,1524.498611111111
Pulse experiments,pioreactor01,2026-08-31T22:51:39.743Z,0.706228571187,2026-09-01 04:36:39.743,1524.5
Pulse experiments,pioreactor01,2026-08-31T22:51:44.734Z,0.706256662816,2026-09-01 04:36:44.734,1524.501388888889
Pulse experiments,pioreactor01,2026-08-31T22:51:49.736Z,0.706299724516,2026-09-01 04:36:49.736,1524.502777777778
Pulse experiments,pioreactor01,2026-08-31T22:51:54.738Z,0.70637614864,2026-09-01 04:36:54.738,1524.504166666667
Pulse experiments,pioreactor01,2026-08-31T22:51:59.736Z,0.706455279897,2026-09-01 04:36:59.736,1524.505555555555
Pulse experiments,pioreactor01,2026-08-31T22:52:04.739Z,0.706500605155,2026-09-01 04:37:04.739,1524.506944444444
Pulse experiments,pioreactor01,2026-08-31T22:52:09.734Z,0.706575196151,2026-09-01 04:37:09.734,1524.508333333333
Pulse experiments,pioreactor01,2026-08-31T22:52:14.736Z,0.706637105666,2026-09-01 04:37:14.736,1524.509722222222
Pulse experiments,pioreactor01,2026-08-31T22:52:19.738Z,0.706719751632,2026-09-01 04:37:19.738,1524.511111111111
Pulse experiments,pioreactor01,2026-08-31T22:52:24.738Z,0.706719023504,2026-09-01 04:37:24.738,1524.5125
Pulse experiments,pioreactor01,2026-08-31T22:52:29.736Z,0.70672033704,2026-09-01 04:37:29.736,1524.513888888889
Pulse experiments,pioreactor01,2026-08-31T22:52:34.742Z,0.706753639878,2026-09-01 04:37:34.742,1524.515277777778
Pulse experiments,pioreactor01,2026-08-31T22:52:39.744Z,0.706778794438,2026-09-01 04:37:39.744,1524.516666666667
Pulse experiments,pioreactor01,2026-08-31T22:52:44.741Z,0.706786298216,2026-09-01 04:37:44.741,1524.518055555556
Pulse experiments,pioreactor01,2026-08-31T22:52:49.737Z,0.706819300473,2026-09-01 04:37:49.737,1524.519444444444
Pulse experiments,pioreactor01,2026-08-31T22:52:54.736Z,0.706859641672,2026-09-01 04:37:54.736,1524.520833333333
Pulse experiments,pioreactor01,2026-08-31T22:52:59.739Z,0.706871237783,2026-09-01 04:37:59.739,1524.522222222222
Pulse experiments,pioreactor01,2026-08-31T22:53:04.734Z,0.706880867633,2026-09-01 04:38:04.734,1524.523611111111
Pulse experiments,pioreactor01,2026-08-31T22:53:09.736Z,0.706901309205,2026-09-01 04:38:09.736,1524.525
Pulse experiments,pioreactor01,2026-08-31T22:53:14.740Z,0.706930416001,2026-09-01 04:38:14.740,1524.526388888889
Pulse experiments,pioreactor01,2026-08-31T22:53:19.735Z,0.706991544357,2026-09-01 04:38:19.735,1524.527777777778
Pulse experiments,pioreactor01,2026-08-31T22:53:24.738Z,0.707046046245,2026-09-01 04:38:24.738,1524.529166666667
Pulse experiments,pioreactor01,2026-08-31T22:53:29.741Z,0.707090388852,2026-09-01 04:38:29.741,1524.530555555556
Pulse experiments,pioreactor01,2026-08-31T22:53:34.741Z,0.70714166115,2026-09-01 04:38:34.741,1524.531944444444
Pulse experiments,pioreactor01,2026-08-31T22:53:39.735Z,0.707226304857,2026-09-01 04:38:39.735,1524.533333333333
Pulse experiments,pioreactor01,2026-08-31T22:53:44.735Z,0.707326499191,2026-09-01 04:38:44.735,1524.534722222222
Pulse experiments,pioreactor01,2026-08-31T22:53:49.743Z,0.707409746529,2026-09-01 04:38:49.743,1524.536111111111
Pulse experiments,pioreactor01,2026-08-31T22:53:54.736Z,0.707464894533,2026-09-01 04:38:54.736,1524.5375
Pulse experiments,pioreactor01,2026-08-31T22:53:59.737Z,0.707510001408,2026-09-01 04:38:59.737,1524.538888888889
Pulse experiments,pioreactor01,2026-08-31T22:54:04.753Z,0.707549612693,2026-09-01 04:39:04.753,1524.540277777778
Pulse experiments,pioreactor01,2026-08-31T22:54:09.743Z,0.70755644933,2026-09-01 04:39:09.743,1524.541666666667
Pulse experiments,pioreactor01,2026-08-31T22:54:14.740Z,0.707524676148,2026-09-01 04:39:14.740,1524.543055555556
Pulse experiments,pioreactor01,2026-08-31T22:54:19.742Z,0.70755390295,2026-09-01 04:39:19.742,1524.544444444444
Pulse experiments,pioreactor01,2026-08-31T22:54:24.734Z,0.707601356811,2026-09-01 04:39:24.734,1524.545833333333
Pulse experiments,pioreactor01,2026-08-31T22:54:29.735Z,0.707642730561,2026-09-01 04:39:29.735,1524.547222222222
Pulse experiments,pioreactor01,2026-08-31T22:54:34.734Z,0.707692115385,2026-09-01 04:39:34.734,1524.548611111111
Pulse experiments,pioreactor01,2026-08-31T22:54:39.735Z,0.707730364548,2026-09-01 04:39:39.735,1524.55
Pulse experiments,pioreactor01,2026-08-31T22:54:44.734Z,0.707771374107,2026-09-01 04:39:44.734,1524.551388888889
Pulse experiments,pioreactor01,2026-08-31T22:54:49.741Z,0.707829637414,2026-09-01 04:39:49.741,1524.552777777778
Pulse experiments,pioreactor01,2026-08-31T22:54:54.746Z,0.707893964613,2026-09-01 04:39:54.746,1524.554166666667
Pulse experiments,pioreactor01,2026-08-31T22:54:59.746Z,0.707962587304,2026-09-01 04:39:59.746,1524.555555555556
Pulse experiments,pioreactor01,2026-08-31T22:55:04.759Z,0.708042909915,2026-09-01 04:40:04.759,1524.556944444445
Pulse experiments,pioreactor01,2026-08-31T22:55:09.740Z,0.708138610992,2026-09-01 04:40:09.740,1524.558333333333
Pulse experiments,pioreactor01,2026-08-31T22:55:14.734Z,0.708183304283,2026-09-01 04:40:14.734,1524.559722222222
Pulse experiments,pioreactor01,2026-08-31T22:55:19.736Z,0.708198524722,2026-09-01 04:40:19.736,1524.561111111111
Pulse experiments,pioreactor01,2026-08-31T22:55:24.734Z,0.708262686995,2026-09-01 04:40:24.734,1524.5625
Pulse experiments,pioreactor01,2026-08-31T22:55:29.734Z,0.708340382495,2026-09-01 04:40:29.734,1524.563888888889
Pulse experiments,pioreactor01,2026-08-31T22:55:34.742Z,0.708402389217,2026-09-01 04:40:34.742,1524.565277777778
Pulse experiments,pioreactor01,2026-08-31T22:55:39.735Z,0.708458704592,2026-09-01 04:40:39.735,1524.566666666667
Pulse experiments,pioreactor01,2026-08-31T22:55:44.738Z,0.708532283166,2026-09-01 04:40:44.738,1524.568055555555
Pulse experiments,pioreactor01,2026-08-31T22:55:49.735Z,0.708608266254,2026-09-01 04:40:49.735,1524.569444444444
Pulse experiments,pioreactor01,2026-08-31T22:55:54.738Z,0.708663957892,2026-09-01 04:40:54.738,1524.570833333333
Pulse experiments,pioreactor01,2026-08-31T22:55:59.736Z,0.708741613006,2026-09-01 04:40:59.736,1524.572222222222
Pulse experiments,pioreactor01,2026-08-31T22:56:04.740Z,0.708804610144,2026-09-01 04:41:04.740,1524.573611111111
Pulse experiments,pioreactor01,2026-08-31T22:56:09.735Z,0.70883504139,2026-09-01 04:41:09.735,1524.575
Pulse experiments,pioreactor01,2026-08-31T22:56:14.745Z,0.708882526098,2026-09-01 04:41:14.745,1524.576388888889
Pulse experiments,pioreactor01,2026-08-31T22:56:19.735Z,0.708930172612,2026-09-01 04:41:19.735,1524.577777777778
Pulse experiments,pioreactor01,2026-08-31T22:56:24.740Z,0.708975121252,2026-09-01 04:41:24.740,1524.579166666667
Pulse experiments,pioreactor01,2026-08-31T22:56:29.734Z,0.709017305152,2026-09-01 04:41:29.734,1524.580555555556
Pulse experiments,pioreactor01,2026-08-31T22:56:34.738Z,0.709081645142,2026-09-01 04:41:34.738,1524.581944444444
Pulse experiments,pioreactor01,2026-08-31T22:56:39.739Z,0.709121313707,2026-09-01 04:41:39.739,1524.583333333333
Pulse experiments,pioreactor01,2026-08-31T22:56:44.736Z,0.709199882198,2026-09-01 04:41:44.736,1524.584722222222
Pulse experiments,pioreactor01,2026-08-31T22:56:49.738Z,0.70922569818,2026-09-01 04:41:49.738,1524.586111111111
Pulse experiments,pioreactor01,2026-08-31T22:56:54.737Z,0.709300620326,2026-09-01 04:41:54.737,1524.5875
Pulse experiments,pioreactor01,2026-08-31T22:56:59.744Z,0.709339260897,2026-09-01 04:41:59.744,1524.588888888889
Pulse experiments,pioreactor01,2026-08-31T22:57:04.743Z,0.70936042996,2026-09-01 04:42:04.743,1524.590277777778
Pulse experiments,pioreactor01,2026-08-31T22:57:09.733Z,0.709368325199,2026-09-01 04:42:09.733,1524.591666666667
Pulse experiments,pioreactor01,2026-08-31T22:57:14.738Z,0.709386340902,2026-09-01 04:42:14.738,1524.593055555556
Pulse experiments,pioreactor01,2026-08-31T22:57:19.737Z,0.709463316577,2026-09-01 04:42:19.737,1524.594444444444
Pulse experiments,pioreactor01,2026-08-31T22:57:24.740Z,0.70950026978,2026-09-01 04:42:24.740,1524.595833333333
Pulse experiments,pioreactor01,2026-08-31T22:57:29.736Z,0.709542638834,2026-09-01 04:42:29.736,1524.597222222222
Pulse experiments,pioreactor01,2026-08-31T22:57:34.743Z,0.709570749372,2026-09-01 04:42:34.743,1524.598611111111
Pulse experiments,pioreactor01,2026-08-31T22:57:39.737Z,0.709622615247,2026-09-01 04:42:39.737,1524.6
Pulse experiments,pioreactor01,2026-08-31T22:57:44.734Z,0.709668807799,2026-09-01 04:42:44.734,1524.601388888889
Pulse experiments,pioreactor01,2026-08-31T22:57:49.737Z,0.709737400204,2026-09-01 04:42:49.737,1524.602777777778
Pulse experiments,pioreactor01,2026-08-31T22:57:54.740Z,0.709812631813,2026-09-01 04:42:54.740,1524.604166666667
Pulse experiments,pioreactor01,2026-08-31T22:57:59.738Z,0.709903289348,2026-09-01 04:42:59.738,1524.605555555556
Pulse experiments,pioreactor01,2026-08-31T22:58:04.738Z,0.709941646553,2026-09-01 04:43:04.738,1524.606944444444
Pulse experiments,pioreactor01,2026-08-31T22:58:09.735Z,0.709990773325,2026-09-01 04:43:09.735,1524.608333333333
Pulse experiments,pioreactor01,2026-08-31T22:58:14.734Z,0.710032708708,2026-09-01 04:43:14.734,1524.609722222222
Pulse experiments,pioreactor01,2026-08-31T22:58:19.734Z,0.708378452527,2026-09-01 04:43:19.734,1524.611111111111
Pulse experiments,pioreactor01,2026-08-31T22:58:24.740Z,0.705888222927,2026-09-01 04:43:24.740,1524.6125
Pulse experiments,pioreactor01,2026-08-31T22:58:29.736Z,0.706033841473,2026-09-01 04:43:29.736,1524.613888888889
Pulse experiments,pioreactor01,2026-08-31T22:58:34.735Z,0.705031203166,2026-09-01 04:43:34.735,1524.615277777778
Pulse experiments,pioreactor01,2026-08-31T22:58:39.773Z,0.705144565112,2026-09-01 04:43:39.773,1524.616666666667
Pulse experiments,pioreactor01,2026-08-31T22:58:44.810Z,0.705135909036,2026-09-01 04:43:44.810,1524.618055555556
Pulse experiments,pioreactor01,2026-08-31T22:58:49.735Z,0.704874827875,2026-09-01 04:43:49.735,1524.619444444445
Pulse experiments,pioreactor01,2026-08-31T22:58:54.740Z,0.705359817242,2026-09-01 04:43:54.740,1524.620833333333
Pulse experiments,pioreactor01,2026-08-31T22:59:04.736Z,0.705495705714,2026-09-01 04:44:04.736,1524.623611111111
Pulse experiments,pioreactor01,2026-08-31T22:59:09.736Z,0.705638465196,2026-09-01 04:44:09.736,1524.625
Pulse experiments,pioreactor01,2026-08-31T22:59:14.750Z,0.705650527506,2026-09-01 04:44:14.750,1524.626388888889
Pulse experiments,pioreactor01,2026-08-31T22:59:19.745Z,0.705744598503,2026-09-01 04:44:19.745,1524.627777777778
Pulse experiments,pioreactor01,2026-08-31T22:59:24.735Z,0.705906498817,2026-09-01 04:44:24.735,1524.629166666667
Pulse experiments,pioreactor01,2026-08-31T22:59:29.737Z,0.706152950051,2026-09-01 04:44:29.737,1524.630555555555
Pulse experiments,pioreactor01,2026-08-31T22:59:34.750Z,0.706305263132,2026-09-01 04:44:34.750,1524.631944444444
Pulse experiments,pioreactor01,2026-08-31T22:59:39.763Z,0.706426828478,2026-09-01 04:44:39.763,1524.633333333333
Pulse experiments,pioreactor01,2026-08-31T22:59:44.738Z,0.706569977537,2026-09-01 04:44:44.738,1524.634722222222
Pulse experiments,pioreactor01,2026-08-31T22:59:49.734Z,0.706657413927,2026-09-01 04:44:49.734,1524.636111111111
Pulse experiments,pioreactor01,2026-08-31T22:59:54.738Z,0.706800553988,2026-09-01 04:44:54.738,1524.6375
Pulse experiments,pioreactor01,2026-08-31T22:59:59.756Z,0.706886878181,2026-09-01 04:44:59.756,1524.638888888889
Pulse experiments,pioreactor01,2026-08-31T23:00:04.749Z,0.707001390033,2026-09-01 04:45:04.749,1524.640277777778
Pulse experiments,pioreactor01,2026-08-31T23:00:09.741Z,0.707022878027,2026-09-01 04:45:09.741,1524.641666666667
Pulse experiments,pioreactor01,2026-08-31T23:00:14.737Z,0.707017779094,2026-09-01 04:45:14.737,1524.643055555556
Pulse experiments,pioreactor01,2026-08-31T23:00:19.734Z,0.70715092448,2026-09-01 04:45:19.734,1524.644444444444
Pulse experiments,pioreactor01,2026-08-31T23:00:24.736Z,0.70720855073,2026-09-01 04:45:24.736,1524.645833333333
Pulse experiments,pioreactor01,2026-08-31T23:00:29.735Z,0.707321330261,2026-09-01 04:45:29.735,1524.647222222222
Pulse experiments,pioreactor01,2026-08-31T23:00:34.735Z,0.707330697219,2026-09-01 04:45:34.735,1524.648611111111
Pulse experiments,pioreactor01,2026-08-31T23:00:39.735Z,0.707427574158,2026-09-01 04:45:39.735,1524.65
Pulse experiments,pioreactor01,2026-08-31T23:00:44.745Z,0.707484619943,2026-09-01 04:45:44.745,1524.651388888889
Pulse experiments,pioreactor01,2026-08-31T23:00:49.735Z,0.707538657867,2026-09-01 04:45:49.735,1524.652777777778
Pulse experiments,pioreactor01,2026-08-31T23:00:54.739Z,0.707602408407,2026-09-01 04:45:54.739,1524.654166666667
Pulse experiments,pioreactor01,2026-08-31T23:00:59.735Z,0.70770687923,2026-09-01 04:45:59.735,1524.655555555556
Pulse experiments,pioreactor01,2026-08-31T23:01:04.738Z,0.707794464431,2026-09-01 04:46:04.738,1524.656944444444
Pulse experiments,pioreactor01,2026-08-31T23:01:09.736Z,0.707930047177,2026-09-01 04:46:09.736,1524.658333333333
Pulse experiments,pioreactor01,2026-08-31T23:01:14.741Z,0.708032843882,2026-09-01 04:46:14.741,1524.659722222222
Pulse experiments,pioreactor01,2026-08-31T23:01:19.737Z,0.708122141472,2026-09-01 04:46:19.737,1524.661111111111
Pulse experiments,pioreactor01,2026-08-31T23:01:24.734Z,0.708247325202,2026-09-01 04:46:24.734,1524.6625
Pulse experiments,pioreactor01,2026-08-31T23:01:29.738Z,0.70833295275,2026-09-01 04:46:29.738,1524.663888888889
Pulse experiments,pioreactor01,2026-08-31T23:01:34.744Z,0.708401684721,2026-09-01 04:46:34.744,1524.665277777778
Pulse experiments,pioreactor01,2026-08-31T23:01:39.737Z,0.708441610237,2026-09-01 04:46:39.737,1524.666666666667
Pulse experiments,pioreactor01,2026-08-31T23:01:49.735Z,0.708491057012,2026-09-01 04:46:49.735,1524.669444444444
Pulse experiments,pioreactor01,2026-08-31T23:01:54.735Z,0.708513263343,2026-09-01 04:46:54.735,1524.670833333333
Pulse experiments,pioreactor01,2026-08-31T23:01:59.741Z,0.708484852802,2026-09-01 04:46:59.741,1524.672222222222
Pulse experiments,pioreactor01,2026-08-31T23:02:04.738Z,0.708516032457,2026-09-01 04:47:04.738,1524.673611111111
Pulse experiments,pioreactor01,2026-08-31T23:02:09.735Z,0.708524713231,2026-09-01 04:47:09.735,1524.675
Pulse experiments,pioreactor01,2026-08-31T23:02:14.740Z,0.70855419337,2026-09-01 04:47:14.740,1524.676388888889
Pulse experiments,pioreactor01,2026-08-31T23:02:19.734Z,0.708583598679,2026-09-01 04:47:19.734,1524.677777777778
Pulse experiments,pioreactor01,2026-08-31T23:02:24.753Z,0.70863130666,2026-09-01 04:47:24.753,1524.679166666667
Pulse experiments,pioreactor01,2026-08-31T23:02:29.741Z,0.70869494816,2026-09-01 04:47:29.741,1524.680555555556
Pulse experiments,pioreactor01,2026-08-31T23:02:34.738Z,0.708721148837,2026-09-01 04:47:34.738,1524.681944444445
Pulse experiments,pioreactor01,2026-08-31T23:02:39.735Z,0.708745599308,2026-09-01 04:47:39.735,1524.683333333333
Pulse experiments,pioreactor01,2026-08-31T23:02:44.735Z,0.708730837259,2026-09-01 04:47:44.735,1524.684722222222
Pulse experiments,pioreactor01,2026-08-31T23:02:49.759Z,0.708701756197,2026-09-01 04:47:49.759,1524.686111111111
Pulse experiments,pioreactor01,2026-08-31T23:02:54.742Z,0.708730067721,2026-09-01 04:47:54.742,1524.6875
Pulse experiments,pioreactor01,2026-08-31T23:02:59.739Z,0.708800872842,2026-09-01 04:47:59.739,1524.688888888889
Pulse experiments,pioreactor01,2026-08-31T23:03:04.734Z,0.708868070648,2026-09-01 04:48:04.734,1524.690277777778
Pulse experiments,pioreactor01,2026-08-31T23:03:09.756Z,0.708890764314,2026-09-01 04:48:09.756,1524.691666666667
Pulse experiments,pioreactor01,2026-08-31T23:03:14.742Z,0.708915954963,2026-09-01 04:48:14.742,1524.693055555555
Pulse experiments,pioreactor01,2026-08-31T23:03:19.735Z,0.708939495402,2026-09-01 04:48:19.735,1524.694444444444
Pulse experiments,pioreactor01,2026-08-31T23:03:24.736Z,0.709000102859,2026-09-01 04:48:24.736,1524.695833333333
Pulse experiments,pioreactor01,2026-08-31T23:03:29.752Z,0.709039805388,2026-09-01 04:48:29.752,1524.697222222222
Pulse experiments,pioreactor01,2026-08-31T23:03:34.740Z,0.709093373341,2026-09-01 04:48:34.740,1524.698611111111
Pulse experiments,pioreactor01,2026-08-31T23:03:39.739Z,0.709154130904,2026-09-01 04:48:39.739,1524.7
Pulse experiments,pioreactor01,2026-08-31T23:03:44.733Z,0.709215727681,2026-09-01 04:48:44.733,1524.701388888889
Pulse experiments,pioreactor01,2026-08-31T23:03:49.735Z,0.709241136457,2026-09-01 04:48:49.735,1524.702777777778
Pulse experiments,pioreactor01,2026-08-31T23:03:54.742Z,0.709275064883,2026-09-01 04:48:54.742,1524.704166666667
Pulse experiments,pioreactor01,2026-08-31T23:03:59.743Z,0.709332657587,2026-09-01 04:48:59.743,1524.705555555556
Pulse experiments,pioreactor01,2026-08-31T23:04:04.734Z,0.709429699884,2026-09-01 04:49:04.734,1524.706944444444
Pulse experiments,pioreactor01,2026-08-31T23:04:09.735Z,0.709479459818,2026-09-01 04:49:09.735,1524.708333333333
Pulse experiments,pioreactor01,2026-08-31T23:04:14.735Z,0.709514330724,2026-09-01 04:49:14.735,1524.709722222222
Pulse experiments,pioreactor01,2026-08-31T23:04:19.741Z,0.709548637338,2026-09-01 04:49:19.741,1524.711111111111
Pulse experiments,pioreactor01,2026-08-31T23:04:24.735Z,0.709571772798,2026-09-01 04:49:24.735,1524.7125
Pulse experiments,pioreactor01,2026-08-31T23:04:29.739Z,0.709633343318,2026-09-01 04:49:29.739,1524.713888888889
Pulse experiments,pioreactor01,2026-08-31T23:04:34.738Z,0.709680638213,2026-09-01 04:49:34.738,1524.715277777778
Pulse experiments,pioreactor01,2026-08-31T23:04:39.737Z,0.709755542471,2026-09-01 04:49:39.737,1524.716666666667
Pulse experiments,pioreactor01,2026-08-31T23:04:44.735Z,0.709806449198,2026-09-01 04:49:44.735,1524.718055555556
Pulse experiments,pioreactor01,2026-08-31T23:04:49.735Z,0.709833725164,2026-09-01 04:49:49.735,1524.719444444444
Pulse experiments,pioreactor01,2026-08-31T23:04:54.734Z,0.709874867223,2026-09-01 04:49:54.734,1524.720833333333
Pulse experiments,pioreactor01,2026-08-31T23:04:59.737Z,0.709929885401,2026-09-01 04:49:59.737,1524.722222222222
Pulse experiments,pioreactor01,2026-08-31T23:05:04.743Z,0.709952980169,2026-09-01 04:50:04.743,1524.723611111111
Pulse experiments,pioreactor01,2026-08-31T23:05:09.734Z,0.710007737627,2026-09-01 04:50:09.734,1524.725
Pulse experiments,pioreactor01,2026-08-31T23:05:14.742Z,0.710069537714,2026-09-01 04:50:14.742,1524.726388888889
Pulse experiments,pioreactor01,2026-08-31T23:05:19.738Z,0.710128832808,2026-09-01 04:50:19.738,1524.727777777778
Pulse experiments,pioreactor01,2026-08-31T23:05:24.734Z,0.71017134156,2026-09-01 04:50:24.734,1524.729166666667
Pulse experiments,pioreactor01,2026-08-31T23:05:29.739Z,0.71022010483,2026-09-01 04:50:29.739,1524.730555555556
Pulse experiments,pioreactor01,2026-08-31T23:05:34.737Z,0.71030049079,2026-09-01 04:50:34.737,1524.731944444444
Pulse experiments,pioreactor01,2026-08-31T23:05:39.735Z,0.710345838885,2026-09-01 04:50:39.735,1524.733333333333
Pulse experiments,pioreactor01,2026-08-31T23:05:44.742Z,0.710376700435,2026-09-01 04:50:44.742,1524.734722222222
Pulse experiments,pioreactor01,2026-08-31T23:05:49.737Z,0.71042466223,2026-09-01 04:50:49.737,1524.736111111111
Pulse experiments,pioreactor01,2026-08-31T23:05:54.735Z,0.710474500331,2026-09-01 04:50:54.735,1524.7375
Pulse experiments,pioreactor01,2026-08-31T23:05:59.738Z,0.710483581744,2026-09-01 04:50:59.738,1524.738888888889
Pulse experiments,pioreactor01,2026-08-31T23:06:04.737Z,0.710483887829,2026-09-01 04:51:04.737,1524.740277777778
Pulse experiments,pioreactor01,2026-08-31T23:06:09.738Z,0.710505106745,2026-09-01 04:51:09.738,1524.741666666667
Pulse experiments,pioreactor01,2026-08-31T23:06:14.735Z,0.710551643584,2026-09-01 04:51:14.735,1524.743055555556
Pulse experiments,pioreactor01,2026-08-31T23:06:19.737Z,0.710592363119,2026-09-01 04:51:19.737,1524.744444444445
Pulse experiments,pioreactor01,2026-08-31T23:06:24.755Z,0.710625072752,2026-09-01 04:51:24.755,1524.745833333333
Pulse experiments,pioreactor01,2026-08-31T23:06:29.736Z,0.710587686344,2026-09-01 04:51:29.736,1524.747222222222
Pulse experiments,pioreactor01,2026-08-31T23:06:34.748Z,0.710580378466,2026-09-01 04:51:34.748,1524.748611111111
Pulse experiments,pioreactor01,2026-08-31T23:06:39.735Z,0.710513468269,2026-09-01 04:51:39.735,1524.75
Pulse experiments,pioreactor01,2026-08-31T23:06:44.740Z,0.710419038393,2026-09-01 04:51:44.740,1524.751388888889
Pulse experiments,pioreactor01,2026-08-31T23:06:49.738Z,0.71036711036,2026-09-01 04:51:49.738,1524.752777777778
Pulse experiments,pioreactor01,2026-08-31T23:06:54.736Z,0.710345376818,2026-09-01 04:51:54.736,1524.754166666667
Pulse experiments,pioreactor01,2026-08-31T23:06:59.750Z,0.710254397555,2026-09-01 04:51:59.750,1524.755555555555
Pulse experiments,pioreactor01,2026-08-31T23:07:04.735Z,0.710251579706,2026-09-01 04:52:04.735,1524.756944444444
Pulse experiments,pioreactor01,2026-08-31T23:07:09.734Z,0.710311016052,2026-09-01 04:52:09.734,1524.758333333333
Pulse experiments,pioreactor01,2026-08-31T23:07:14.735Z,0.710336240011,2026-09-01 04:52:14.735,1524.759722222222
Pulse experiments,pioreactor01,2026-08-31T23:07:19.734Z,0.71038326395,2026-09-01 04:52:19.734,1524.761111111111
Pulse experiments,pioreactor01,2026-08-31T23:07:24.737Z,0.710399498976,2026-09-01 04:52:24.737,1524.7625
Pulse experiments,pioreactor01,2026-08-31T23:07:29.756Z,0.710478323488,2026-09-01 04:52:29.756,1524.763888888889
Pulse experiments,pioreactor01,2026-08-31T23:07:34.738Z,0.710387229418,2026-09-01 04:52:34.738,1524.765277777778
Pulse experiments,pioreactor01,2026-08-31T23:07:39.740Z,0.710298541061,2026-09-01 04:52:39.740,1524.766666666667
Pulse experiments,pioreactor01,2026-08-31T23:07:44.735Z,0.710286291425,2026-09-01 04:52:44.735,1524.768055555556
Pulse experiments,pioreactor01,2026-08-31T23:07:49.734Z,0.710336040423,2026-09-01 04:52:49.734,1524.769444444444
Pulse experiments,pioreactor01,2026-08-31T23:07:54.743Z,0.710425961803,2026-09-01 04:52:54.743,1524.770833333333
Pulse experiments,pioreactor01,2026-08-31T23:07:59.737Z,0.71053374142,2026-09-01 04:52:59.737,1524.772222222222
Pulse experiments,pioreactor01,2026-08-31T23:08:04.739Z,0.710615783038,2026-09-01 04:53:04.739,1524.773611111111
Pulse experiments,pioreactor01,2026-08-31T23:08:14.735Z,0.710694224905,2026-09-01 04:53:14.735,1524.776388888889
Pulse experiments,pioreactor01,2026-08-31T23:08:19.741Z,0.710788568988,2026-09-01 04:53:19.741,1524.777777777778
Pulse experiments,pioreactor01,2026-08-31T23:08:24.769Z,0.710907439759,2026-09-01 04:53:24.769,1524.779166666667
Pulse experiments,pioreactor01,2026-08-31T23:08:29.735Z,0.711304245221,2026-09-01 04:53:29.735,1524.780555555556
Pulse experiments,pioreactor01,2026-08-31T23:08:34.738Z,0.700191615379,2026-09-01 04:53:34.738,1524.781944444444
Pulse experiments,pioreactor01,2026-08-31T23:08:39.767Z,0.69574736946,2026-09-01 04:53:39.767,1524.783333333333
Pulse experiments,pioreactor01,2026-08-31T23:08:44.746Z,0.694662272012,2026-09-01 04:53:44.746,1524.784722222222
Pulse experiments,pioreactor01,2026-08-31T23:08:49.765Z,0.694893025061,2026-09-01 04:53:49.765,1524.786111111111
Pulse experiments,pioreactor01,2026-08-31T23:08:54.737Z,0.694453664462,2026-09-01 04:53:54.737,1524.7875
Pulse experiments,pioreactor01,2026-08-31T23:08:59.770Z,0.694386813383,2026-09-01 04:53:59.770,1524.788888888889
Pulse experiments,pioreactor01,2026-08-31T23:09:04.733Z,0.694150655976,2026-09-01 04:54:04.733,1524.790277777778
Pulse experiments,pioreactor01,2026-08-31T23:09:09.743Z,0.694173090139,2026-09-01 04:54:09.743,1524.791666666667
Pulse experiments,pioreactor01,2026-08-31T23:09:14.735Z,0.694114004673,2026-09-01 04:54:14.735,1524.793055555556
Pulse experiments,pioreactor01,2026-08-31T23:09:19.735Z,0.694151365956,2026-09-01 04:54:19.735,1524.794444444444
Pulse experiments,pioreactor01,2026-08-31T23:09:24.744Z,0.694170375023,2026-09-01 04:54:24.744,1524.795833333333
Pulse experiments,pioreactor01,2026-08-31T23:09:29.734Z,0.694110094968,2026-09-01 04:54:29.734,1524.797222222222
Pulse experiments,pioreactor01,2026-08-31T23:09:39.734Z,0.69408734359,2026-09-01 04:54:39.734,1524.8
Pulse experiments,pioreactor01,2026-08-31T23:09:44.740Z,0.694096493936,2026-09-01 04:54:44.740,1524.801388888889
Pulse experiments,pioreactor01,2026-08-31T23:09:49.737Z,0.694203661632,2026-09-01 04:54:49.737,1524.802777777778
Pulse experiments,pioreactor01,2026-08-31T23:09:54.735Z,0.694230790061,2026-09-01 04:54:54.735,1524.804166666667
Pulse experiments,pioreactor01,2026-08-31T23:09:59.754Z,0.694111205031,2026-09-01 04:54:59.754,1524.805555555556
Pulse experiments,pioreactor01,2026-08-31T23:10:04.740Z,0.694059074699,2026-09-01 04:55:04.740,1524.806944444445
Pulse experiments,pioreactor01,2026-08-31T23:10:09.739Z,0.693982680268,2026-09-01 04:55:09.739,1524.808333333333
Pulse experiments,pioreactor01,2026-08-31T23:10:14.739Z,0.69399093597,2026-09-01 04:55:14.739,1524.809722222222
Pulse experiments,pioreactor01,2026-08-31T23:10:19.736Z,0.693962477463,2026-09-01 04:55:19.736,1524.811111111111
Pulse experiments,pioreactor01,2026-08-31T23:10:24.735Z,0.693937140303,2026-09-01 04:55:24.735,1524.8125
Pulse experiments,pioreactor01,2026-08-31T23:10:29.734Z,0.693942599008,2026-09-01 04:55:29.734,1524.813888888889
Pulse experiments,pioreactor01,2026-08-31T23:10:34.734Z,0.693971871767,2026-09-01 04:55:34.734,1524.815277777778
Pulse experiments,pioreactor01,2026-08-31T23:10:39.737Z,0.693969363753,2026-09-01 04:55:39.737,1524.816666666667
Pulse experiments,pioreactor01,2026-08-31T23:10:44.734Z,0.694026200956,2026-09-01 04:55:44.734,1524.818055555555
Pulse experiments,pioreactor01,2026-08-31T23:10:54.734Z,0.694079250451,2026-09-01 04:55:54.734,1524.820833333333
Pulse experiments,pioreactor01,2026-08-31T23:10:59.735Z,0.694160756953,2026-09-01 04:55:59.735,1524.822222222222
Pulse experiments,pioreactor01,2026-08-31T23:11:04.738Z,0.69419628835,2026-09-01 04:56:04.738,1524.823611111111
Pulse experiments,pioreactor01,2026-08-31T23:11:09.734Z,0.694280488217,2026-09-01 04:56:09.734,1524.825
Pulse experiments,pioreactor01,2026-08-31T23:11:14.740Z,0.694310270305,2026-09-01 04:56:14.740,1524.826388888889
Pulse experiments,pioreactor01,2026-08-31T23:11:19.734Z,0.694339827398,2026-09-01 04:56:19.734,1524.827777777778
Pulse experiments,pioreactor01,2026-08-31T23:11:24.734Z,0.694374022391,2026-09-01 04:56:24.734,1524.829166666667
Pulse experiments,pioreactor01,2026-08-31T23:11:29.735Z,0.694439517992,2026-09-01 04:56:29.735,1524.830555555556
Pulse experiments,pioreactor01,2026-08-31T23:11:34.739Z,0.69456637584,2026-09-01 04:56:34.739,1524.831944444444
Pulse experiments,pioreactor01,2026-08-31T23:11:39.735Z,0.694648780304,2026-09-01 04:56:39.735,1524.833333333333
Pulse experiments,pioreactor01,2026-08-31T23:11:44.740Z,0.694671375653,2026-09-01 04:56:44.740,1524.834722222222
Pulse experiments,pioreactor01,2026-08-31T23:11:49.735Z,0.69467532214,2026-09-01 04:56:49.735,1524.836111111111
Pulse experiments,pioreactor01,2026-08-31T23:11:59.738Z,0.69473887233,2026-09-01 04:56:59.738,1524.838888888889
Pulse experiments,pioreactor01,2026-08-31T23:12:04.738Z,0.694765892707,2026-09-01 04:57:04.738,1524.840277777778
Pulse experiments,pioreactor01,2026-08-31T23:12:09.734Z,0.694839865974,2026-09-01 04:57:09.734,1524.841666666667
Pulse experiments,pioreactor01,2026-08-31T23:12:14.735Z,0.69488469593,2026-09-01 04:57:14.735,1524.843055555556
Pulse experiments,pioreactor01,2026-08-31T23:12:19.744Z,0.694981267538,2026-09-01 04:57:19.744,1524.844444444444
Pulse experiments,pioreactor01,2026-08-31T23:12:24.736Z,0.695049100228,2026-09-01 04:57:24.736,1524.845833333333
Pulse experiments,pioreactor01,2026-08-31T23:12:29.739Z,0.69509620833,2026-09-01 04:57:29.739,1524.847222222222
Pulse experiments,pioreactor01,2026-08-31T23:12:34.736Z,0.695101485994,2026-09-01 04:57:34.736,1524.848611111111
Pulse experiments,pioreactor01,2026-08-31T23:12:39.734Z,0.695171593498,2026-09-01 04:57:39.734,1524.85
Pulse experiments,pioreactor01,2026-08-31T23:12:44.753Z,0.695218834634,2026-09-01 04:57:44.753,1524.851388888889
Pulse experiments,pioreactor01,2026-08-31T23:12:49.739Z,0.695282893364,2026-09-01 04:57:49.739,1524.852777777778
Pulse experiments,pioreactor01,2026-08-31T23:12:54.741Z,0.695310764454,2026-09-01 04:57:54.741,1524.854166666667
Pulse experiments,pioreactor01,2026-08-31T23:12:59.735Z,0.69536407997,2026-09-01 04:57:59.735,1524.855555555556
Pulse experiments,pioreactor01,2026-08-31T23:13:04.735Z,0.695384639706,2026-09-01 04:58:04.735,1524.856944444444
Pulse experiments,pioreactor01,2026-08-31T23:13:09.736Z,0.695431954379,2026-09-01 04:58:09.736,1524.858333333333
Pulse experiments,pioreactor01,2026-08-31T23:13:14.741Z,0.695457650761,2026-09-01 04:58:14.741,1524.859722222222
Pulse experiments,pioreactor01,2026-08-31T23:13:19.739Z,0.695497119736,2026-09-01 04:58:19.739,1524.861111111111
Pulse experiments,pioreactor01,2026-08-31T23:13:24.741Z,0.695528015556,2026-09-01 04:58:24.741,1524.8625
Pulse experiments,pioreactor01,2026-08-31T23:13:29.739Z,0.695548654647,2026-09-01 04:58:29.739,1524.863888888889
Pulse experiments,pioreactor01,2026-08-31T23:13:34.735Z,0.69555269319,2026-09-01 04:58:34.735,1524.865277777778
Pulse experiments,pioreactor01,2026-08-31T23:13:39.734Z,0.695514484074,2026-09-01 04:58:39.734,1524.866666666667
Pulse experiments,pioreactor01,2026-08-31T23:13:44.734Z,0.695559216137,2026-09-01 04:58:44.734,1524.868055555556
Pulse experiments,pioreactor01,2026-08-31T23:13:49.747Z,0.695581688328,2026-09-01 04:58:49.747,1524.869444444445
Pulse experiments,pioreactor01,2026-08-31T23:13:54.739Z,0.69566507627,2026-09-01 04:58:54.739,1524.870833333333
Pulse experiments,pioreactor01,2026-08-31T23:13:59.734Z,0.695744349106,2026-09-01 04:58:59.734,1524.872222222222
Pulse experiments,pioreactor01,2026-08-31T23:14:09.736Z,0.695824068588,2026-09-01 04:59:09.736,1524.875
Pulse experiments,pioreactor01,2026-08-31T23:14:14.741Z,0.695879436311,2026-09-01 04:59:14.741,1524.876388888889
Pulse experiments,pioreactor01,2026-08-31T23:14:19.742Z,0.695961986578,2026-09-01 04:59:19.742,1524.877777777778
Pulse experiments,pioreactor01,2026-08-31T23:14:24.735Z,0.696030232005,2026-09-01 04:59:24.735,1524.879166666667
Pulse experiments,pioreactor01,2026-08-31T23:14:29.735Z,0.696095528113,2026-09-01 04:59:29.735,1524.880555555555
Pulse experiments,pioreactor01,2026-08-31T23:14:34.734Z,0.696109686582,2026-09-01 04:59:34.734,1524.881944444444
Pulse experiments,pioreactor01,2026-08-31T23:14:39.755Z,0.696171092334,2026-09-01 04:59:39.755,1524.883333333333
Pulse experiments,pioreactor01,2026-08-31T23:14:44.739Z,0.696261504069,2026-09-01 04:59:44.739,1524.884722222222
Pulse experiments,pioreactor01,2026-08-31T23:14:49.734Z,0.696376985919,2026-09-01 04:59:49.734,1524.886111111111
Pulse experiments,pioreactor01,2026-08-31T23:14:54.739Z,0.696465100815,2026-09-01 04:59:54.739,1524.8875
Pulse experiments,pioreactor01,2026-08-31T23:14:59.735Z,0.696497140081,2026-09-01 04:59:59.735,1524.888888888889
Pulse experiments,pioreactor01,2026-08-31T23:15:04.734Z,0.69658705104,2026-09-01 05:00:04.734,1524.890277777778
Pulse experiments,pioreactor01,2026-08-31T23:15:09.737Z,0.696643260764,2026-09-01 05:00:09.737,1524.891666666667
Pulse experiments,pioreactor01,2026-08-31T23:15:14.735Z,0.696674538252,2026-09-01 05:00:14.735,1524.893055555556
Pulse experiments,pioreactor01,2026-08-31T23:15:19.736Z,0.696698092202,2026-09-01 05:00:19.736,1524.894444444444
Pulse experiments,pioreactor01,2026-08-31T23:15:24.744Z,0.696714081906,2026-09-01 05:00:24.744,1524.895833333333
Pulse experiments,pioreactor01,2026-08-31T23:15:29.734Z,0.6967294578,2026-09-01 05:00:29.734,1524.897222222222
Pulse experiments,pioreactor01,2026-08-31T23:15:34.735Z,0.696762973941,2026-09-01 05:00:34.735,1524.898611111111
Pulse experiments,pioreactor01,2026-08-31T23:15:39.738Z,0.696827118668,2026-09-01 05:00:39.738,1524.9
Pulse experiments,pioreactor01,2026-08-31T23:15:44.735Z,0.696943328952,2026-09-01 05:00:44.735,1524.901388888889
Pulse experiments,pioreactor01,2026-08-31T23:15:49.736Z,0.697039070065,2026-09-01 05:00:49.736,1524.902777777778
Pulse experiments,pioreactor01,2026-08-31T23:15:54.735Z,0.697076188201,2026-09-01 05:00:54.735,1524.904166666667
Pulse experiments,pioreactor01,2026-08-31T23:15:59.736Z,0.697122169526,2026-09-01 05:00:59.736,1524.905555555556
Pulse experiments,pioreactor01,2026-08-31T23:16:04.737Z,0.697115854811,2026-09-01 05:01:04.737,1524.906944444444
Pulse experiments,pioreactor01,2026-08-31T23:16:09.737Z,0.697119530013,2026-09-01 05:01:09.737,1524.908333333333
Pulse experiments,pioreactor01,2026-08-31T23:16:14.742Z,0.697134340168,2026-09-01 05:01:14.742,1524.909722222222
Pulse experiments,pioreactor01,2026-08-31T23:16:19.749Z,0.697179142751,2026-09-01 05:01:19.749,1524.911111111111
Pulse experiments,pioreactor01,2026-08-31T23:16:24.741Z,0.697228529048,2026-09-01 05:01:24.741,1524.9125
Pulse experiments,pioreactor01,2026-08-31T23:16:29.736Z,0.697241814347,2026-09-01 05:01:29.736,1524.913888888889
Pulse experiments,pioreactor01,2026-08-31T23:16:34.755Z,0.697234173312,2026-09-01 05:01:34.755,1524.915277777778
Pulse experiments,pioreactor01,2026-08-31T23:16:39.735Z,0.697278199653,2026-09-01 05:01:39.735,1524.916666666667
Pulse experiments,pioreactor01,2026-08-31T23:16:44.738Z,0.697319729375,2026-09-01 05:01:44.738,1524.918055555556
Pulse experiments,pioreactor01,2026-08-31T23:16:49.739Z,0.69737279381,2026-09-01 05:01:49.739,1524.919444444444
Pulse experiments,pioreactor01,2026-08-31T23:16:54.744Z,0.697404204287,2026-09-01 05:01:54.744,1524.920833333333
Pulse experiments,pioreactor01,2026-08-31T23:16:59.740Z,0.697422575215,2026-09-01 05:01:59.740,1524.922222222222
Pulse experiments,pioreactor01,2026-08-31T23:17:04.734Z,0.697471387706,2026-09-01 05:02:04.734,1524.923611111111
Pulse experiments,pioreactor01,2026-08-31T23:17:09.752Z,0.697500290639,2026-09-01 05:02:09.752,1524.925
Pulse experiments,pioreactor01,2026-08-31T23:17:14.739Z,0.697512348304,2026-09-01 05:02:14.739,1524.926388888889
Pulse experiments,pioreactor01,2026-08-31T23:17:19.738Z,0.697514772668,2026-09-01 05:02:19.738,1524.927777777778
Pulse experiments,pioreactor01,2026-08-31T23:17:24.737Z,0.697578736449,2026-09-01 05:02:24.737,1524.929166666667
Pulse experiments,pioreactor01,2026-08-31T23:17:29.751Z,0.69764178153,2026-09-01 05:02:29.751,1524.930555555556
Pulse experiments,pioreactor01,2026-08-31T23:17:34.742Z,0.697705800227,2026-09-01 05:02:34.742,1524.931944444445
Pulse experiments,pioreactor01,2026-08-31T23:17:39.736Z,0.697787216647,2026-09-01 05:02:39.736,1524.933333333333
Pulse experiments,pioreactor01,2026-08-31T23:17:44.743Z,0.697833654202,2026-09-01 05:02:44.743,1524.934722222222
Pulse experiments,pioreactor01,2026-08-31T23:17:49.733Z,0.69790359638,2026-09-01 05:02:49.733,1524.936111111111
Pulse experiments,pioreactor01,2026-08-31T23:17:54.735Z,0.697952551163,2026-09-01 05:02:54.735,1524.9375
Pulse experiments,pioreactor01,2026-08-31T23:17:59.739Z,0.698036836523,2026-09-01 05:02:59.739,1524.938888888889
Pulse experiments,pioreactor01,2026-08-31T23:18:04.738Z,0.698098477696,2026-09-01 05:03:04.738,1524.940277777778
Pulse experiments,pioreactor01,2026-08-31T23:18:09.734Z,0.698131309552,2026-09-01 05:03:09.734,1524.941666666667
Pulse experiments,pioreactor01,2026-08-31T23:18:14.746Z,0.698179303342,2026-09-01 05:03:14.746,1524.943055555555
Pulse experiments,pioreactor01,2026-08-31T23:18:19.741Z,0.698247270104,2026-09-01 05:03:19.741,1524.944444444444
Pulse experiments,pioreactor01,2026-08-31T23:18:24.736Z,0.698292981691,2026-09-01 05:03:24.736,1524.945833333333
Pulse experiments,pioreactor01,2026-08-31T23:18:29.739Z,0.698309936622,2026-09-01 05:03:29.739,1524.947222222222
Pulse experiments,pioreactor01,2026-08-31T23:18:34.735Z,0.698363087641,2026-09-01 05:03:34.735,1524.948611111111
Pulse experiments,pioreactor01,2026-08-31T23:18:39.741Z,0.698436667083,2026-09-01 05:03:39.741,1524.95
Pulse experiments,pioreactor01,2026-08-31T23:18:44.741Z,0.697710865313,2026-09-01 05:03:44.741,1524.951388888889
Pulse experiments,pioreactor01,2026-08-31T23:18:49.741Z,0.688728135167,2026-09-01 05:03:49.741,1524.952777777778
Pulse experiments,pioreactor01,2026-08-31T23:18:54.734Z,0.683381440608,2026-09-01 05:03:54.734,1524.954166666667
Pulse experiments,pioreactor01,2026-08-31T23:18:59.737Z,0.682295414069,2026-09-01 05:03:59.737,1524.955555555556
Pulse experiments,pioreactor01,2026-08-31T23:19:04.734Z,0.681668812542,2026-09-01 05:04:04.734,1524.956944444444
Pulse experiments,pioreactor01,2026-08-31T23:19:09.738Z,0.680975910074,2026-09-01 05:04:09.738,1524.958333333333
Pulse experiments,pioreactor01,2026-08-31T23:19:14.739Z,0.68067338697,2026-09-01 05:04:14.739,1524.959722222222
Pulse experiments,pioreactor01,2026-08-31T23:19:19.766Z,0.680491834004,2026-09-01 05:04:19.766,1524.961111111111
Pulse experiments,pioreactor01,2026-08-31T23:19:24.751Z,0.680397601445,2026-09-01 05:04:24.751,1524.9625
Pulse experiments,pioreactor01,2026-08-31T23:19:29.741Z,0.680198661462,2026-09-01 05:04:29.741,1524.963888888889
Pulse experiments,pioreactor01,2026-08-31T23:19:34.738Z,0.680148106346,2026-09-01 05:04:34.738,1524.965277777778
Pulse experiments,pioreactor01,2026-08-31T23:19:39.743Z,0.680217180404,2026-09-01 05:04:39.743,1524.966666666667
Pulse experiments,pioreactor01,2026-08-31T23:19:44.737Z,0.680349114318,2026-09-01 05:04:44.737,1524.968055555556
Pulse experiments,pioreactor01,2026-08-31T23:19:49.741Z,0.680491393827,2026-09-01 05:04:49.741,1524.969444444444
Pulse experiments,pioreactor01,2026-08-31T23:19:54.740Z,0.680618530098,2026-09-01 05:04:54.740,1524.970833333333
Pulse experiments,pioreactor01,2026-08-31T23:19:59.735Z,0.680690049996,2026-09-01 05:04:59.735,1524.972222222222
Pulse experiments,pioreactor01,2026-08-31T23:20:04.746Z,0.680745961723,2026-09-01 05:05:04.746,1524.973611111111
Pulse experiments,pioreactor01,2026-08-31T23:20:09.736Z,0.680687742213,2026-09-01 05:05:09.736,1524.975
Pulse experiments,pioreactor01,2026-08-31T23:20:14.740Z,0.680760835369,2026-09-01 05:05:14.740,1524.976388888889
Pulse experiments,pioreactor01,2026-08-31T23:20:19.734Z,0.680877656937,2026-09-01 05:05:19.734,1524.977777777778
Pulse experiments,pioreactor01,2026-08-31T23:20:24.738Z,0.681048204919,2026-09-01 05:05:24.738,1524.979166666667
Pulse experiments,pioreactor01,2026-08-31T23:20:29.746Z,0.681211373169,2026-09-01 05:05:29.746,1524.980555555556
Pulse experiments,pioreactor01,2026-08-31T23:20:34.736Z,0.681241124861,2026-09-01 05:05:34.736,1524.981944444444
Pulse experiments,pioreactor01,2026-08-31T23:20:39.739Z,0.681327092611,2026-09-01 05:05:39.739,1524.983333333333
Pulse experiments,pioreactor01,2026-08-31T23:20:44.733Z,0.681427467529,2026-09-01 05:05:44.733,1524.984722222222
Pulse experiments,pioreactor01,2026-08-31T23:20:49.748Z,0.681512013833,2026-09-01 05:05:49.748,1524.986111111111
Pulse experiments,pioreactor01,2026-08-31T23:20:54.742Z,0.681651541655,2026-09-01 05:05:54.742,1524.9875
Pulse experiments,pioreactor01,2026-08-31T23:20:59.735Z,0.681717691151,2026-09-01 05:05:59.735,1524.988888888889
Pulse experiments,pioreactor01,2026-08-31T23:21:04.740Z,0.681734099354,2026-09-01 05:06:04.740,1524.990277777778
Pulse experiments,pioreactor01,2026-08-31T23:21:09.741Z,0.681802095661,2026-09-01 05:06:09.741,1524.991666666667
Pulse experiments,pioreactor01,2026-08-31T23:21:14.734Z,0.681844940937,2026-09-01 05:06:14.734,1524.993055555556
Pulse experiments,pioreactor01,2026-08-31T23:21:19.737Z,0.681884588447,2026-09-01 05:06:19.737,1524.994444444445
Pulse experiments,pioreactor01,2026-08-31T23:21:24.739Z,0.681939608697,2026-09-01 05:06:24.739,1524.995833333333
Pulse experiments,pioreactor01,2026-08-31T23:21:29.740Z,0.682028687303,2026-09-01 05:06:29.740,1524.997222222222
Pulse experiments,pioreactor01,2026-08-31T23:21:34.735Z,0.682115928108,2026-09-01 05:06:34.735,1524.998611111111
Pulse experiments,pioreactor01,2026-08-31T23:21:39.737Z,0.682085691123,2026-09-01 05:06:39.737,1525.0
Pulse experiments,pioreactor01,2026-08-31T23:21:44.740Z,0.682085992056,2026-09-01 05:06:44.740,1525.001388888889
Pulse experiments,pioreactor01,2026-08-31T23:21:49.735Z,0.682112857447,2026-09-01 05:06:49.735,1525.002777777778
Pulse experiments,pioreactor01,2026-08-31T23:21:54.738Z,0.682144106329,2026-09-01 05:06:54.738,1525.004166666667
Pulse experiments,pioreactor01,2026-08-31T23:21:59.735Z,0.682095216565,2026-09-01 05:06:59.735,1525.005555555555
Pulse experiments,pioreactor01,2026-08-31T23:22:04.740Z,0.682111697777,2026-09-01 05:07:04.740,1525.006944444444
Pulse experiments,pioreactor01,2026-08-31T23:22:09.734Z,0.68212278469,2026-09-01 05:07:09.734,1525.008333333333
Pulse experiments,pioreactor01,2026-08-31T23:22:14.738Z,0.6821590538,2026-09-01 05:07:14.738,1525.009722222222
Pulse experiments,pioreactor01,2026-08-31T23:22:19.734Z,0.682183148552,2026-09-01 05:07:19.734,1525.011111111111
Pulse experiments,pioreactor01,2026-08-31T23:22:24.739Z,0.682203367492,2026-09-01 05:07:24.739,1525.0125
Pulse experiments,pioreactor01,2026-08-31T23:22:29.746Z,0.682194227557,2026-09-01 05:07:29.746,1525.013888888889
Pulse experiments,pioreactor01,2026-08-31T23:22:34.733Z,0.682207794378,2026-09-01 05:07:34.733,1525.015277777778
Pulse experiments,pioreactor01,2026-08-31T23:22:39.737Z,0.68218887261,2026-09-01 05:07:39.737,1525.016666666667
Pulse experiments,pioreactor01,2026-08-31T23:22:44.740Z,0.682152017081,2026-09-01 05:07:44.740,1525.018055555556
Pulse experiments,pioreactor01,2026-08-31T23:22:49.736Z,0.682140158579,2026-09-01 05:07:49.736,1525.019444444444
Pulse experiments,pioreactor01,2026-08-31T23:22:54.735Z,0.682144461179,2026-09-01 05:07:54.735,1525.020833333333
Pulse experiments,pioreactor01,2026-08-31T23:22:59.734Z,0.682208862171,2026-09-01 05:07:59.734,1525.022222222222
Pulse experiments,pioreactor01,2026-08-31T23:23:04.741Z,0.682240094851,2026-09-01 05:08:04.741,1525.023611111111
Pulse experiments,pioreactor01,2026-08-31T23:23:09.735Z,0.682312109922,2026-09-01 05:08:09.735,1525.025
Pulse experiments,pioreactor01,2026-08-31T23:23:14.735Z,0.682373900836,2026-09-01 05:08:14.735,1525.026388888889
Pulse experiments,pioreactor01,2026-08-31T23:23:19.734Z,0.682394121081,2026-09-01 05:08:19.734,1525.027777777778
Pulse experiments,pioreactor01,2026-08-31T23:23:24.743Z,0.682452357567,2026-09-01 05:08:24.743,1525.029166666667
Pulse experiments,pioreactor01,2026-08-31T23:23:29.739Z,0.682535545703,2026-09-01 05:08:29.739,1525.030555555556
Pulse experiments,pioreactor01,2026-08-31T23:23:34.739Z,0.682621320778,2026-09-01 05:08:34.739,1525.031944444444
Pulse experiments,pioreactor01,2026-08-31T23:23:39.735Z,0.682682636802,2026-09-01 05:08:39.735,1525.033333333333
Pulse experiments,pioreactor01,2026-08-31T23:23:44.735Z,0.682704873079,2026-09-01 05:08:44.735,1525.034722222222
Pulse experiments,pioreactor01,2026-08-31T23:23:49.734Z,0.682712536063,2026-09-01 05:08:49.734,1525.036111111111
Pulse experiments,pioreactor01,2026-08-31T23:23:54.753Z,0.682780924123,2026-09-01 05:08:54.753,1525.0375
Pulse experiments,pioreactor01,2026-08-31T23:23:59.734Z,0.682829326208,2026-09-01 05:08:59.734,1525.038888888889
Pulse experiments,pioreactor01,2026-08-31T23:24:04.739Z,0.682879081718,2026-09-01 05:09:04.739,1525.040277777778
Pulse experiments,pioreactor01,2026-08-31T23:24:09.742Z,0.68292505995,2026-09-01 05:09:09.742,1525.041666666667
Pulse experiments,pioreactor01,2026-08-31T23:24:14.736Z,0.6829473394,2026-09-01 05:09:14.736,1525.043055555556
Pulse experiments,pioreactor01,2026-08-31T23:24:19.735Z,0.682955102845,2026-09-01 05:09:19.735,1525.044444444444
Pulse experiments,pioreactor01,2026-08-31T23:24:24.742Z,0.682992689782,2026-09-01 05:09:24.742,1525.045833333333
Pulse experiments,pioreactor01,2026-08-31T23:24:29.738Z,0.683035898903,2026-09-01 05:09:29.738,1525.047222222222
Pulse experiments,pioreactor01,2026-08-31T23:24:34.735Z,0.683060908309,2026-09-01 05:09:34.735,1525.048611111111
Pulse experiments,pioreactor01,2026-08-31T23:24:39.734Z,0.683091876081,2026-09-01 05:09:39.734,1525.05
Pulse experiments,pioreactor01,2026-08-31T23:24:44.734Z,0.683124938132,2026-09-01 05:09:44.734,1525.051388888889
Pulse experiments,pioreactor01,2026-08-31T23:24:49.737Z,0.683171208688,2026-09-01 05:09:49.737,1525.052777777778
Pulse experiments,pioreactor01,2026-08-31T23:24:54.735Z,0.68320541751,2026-09-01 05:09:54.735,1525.054166666667
Pulse experiments,pioreactor01,2026-08-31T23:24:59.733Z,0.683268411448,2026-09-01 05:09:59.733,1525.055555555556
Pulse experiments,pioreactor01,2026-08-31T23:25:04.737Z,0.683322266202,2026-09-01 05:10:04.737,1525.056944444445
Pulse experiments,pioreactor01,2026-08-31T23:25:09.741Z,0.683356067752,2026-09-01 05:10:09.741,1525.058333333333
Pulse experiments,pioreactor01,2026-08-31T23:25:14.738Z,0.683372209995,2026-09-01 05:10:14.738,1525.059722222222
Pulse experiments,pioreactor01,2026-08-31T23:25:19.735Z,0.683407456441,2026-09-01 05:10:19.735,1525.061111111111
Pulse experiments,pioreactor01,2026-08-31T23:25:24.736Z,0.683486181065,2026-09-01 05:10:24.736,1525.0625
Pulse experiments,pioreactor01,2026-08-31T23:25:29.737Z,0.683523571975,2026-09-01 05:10:29.737,1525.063888888889
Pulse experiments,pioreactor01,2026-08-31T23:25:34.743Z,0.683598551809,2026-09-01 05:10:34.743,1525.065277777778
Pulse experiments,pioreactor01,2026-08-31T23:25:39.734Z,0.68365716902,2026-09-01 05:10:39.734,1525.066666666667
Pulse experiments,pioreactor01,2026-08-31T23:25:44.734Z,0.683708254742,2026-09-01 05:10:44.734,1525.068055555555
Pulse experiments,pioreactor01,2026-08-31T23:25:49.739Z,0.683756719887,2026-09-01 05:10:49.739,1525.069444444444
Pulse experiments,pioreactor01,2026-08-31T23:25:54.739Z,0.683833893968,2026-09-01 05:10:54.739,1525.070833333333
Pulse experiments,pioreactor01,2026-08-31T23:25:59.736Z,0.683875774498,2026-09-01 05:10:59.736,1525.072222222222
Pulse experiments,pioreactor01,2026-08-31T23:26:04.735Z,0.68391840545,2026-09-01 05:11:04.735,1525.073611111111
Pulse experiments,pioreactor01,2026-08-31T23:26:09.735Z,0.683945236441,2026-09-01 05:11:09.735,1525.075
Pulse experiments,pioreactor01,2026-08-31T23:26:14.738Z,0.684006627593,2026-09-01 05:11:14.738,1525.076388888889
Pulse experiments,pioreactor01,2026-08-31T23:26:19.738Z,0.684080345397,2026-09-01 05:11:19.738,1525.077777777778
Pulse experiments,pioreactor01,2026-08-31T23:26:24.734Z,0.68413695259,2026-09-01 05:11:24.734,1525.079166666667
Pulse experiments,pioreactor01,2026-08-31T23:26:34.734Z,0.684230459214,2026-09-01 05:11:34.734,1525.081944444444
Pulse experiments,pioreactor01,2026-08-31T23:26:39.734Z,0.684321223312,2026-09-01 05:11:39.734,1525.083333333333
Pulse experiments,pioreactor01,2026-08-31T23:26:44.737Z,0.68435064148,2026-09-01 05:11:44.737,1525.084722222222
Pulse experiments,pioreactor01,2026-08-31T23:26:49.740Z,0.684371766588,2026-09-01 05:11:49.740,1525.086111111111
Pulse experiments,pioreactor01,2026-08-31T23:26:54.737Z,0.68437906238,2026-09-01 05:11:54.737,1525.0875
Pulse experiments,pioreactor01,2026-08-31T23:26:59.738Z,0.684448817534,2026-09-01 05:11:59.738,1525.088888888889
Pulse experiments,pioreactor01,2026-08-31T23:27:04.734Z,0.684512336576,2026-09-01 05:12:04.734,1525.090277777778
Pulse experiments,pioreactor01,2026-08-31T23:27:09.739Z,0.684555486504,2026-09-01 05:12:09.739,1525.091666666667
Pulse experiments,pioreactor01,2026-08-31T23:27:14.743Z,0.684586904766,2026-09-01 05:12:14.743,1525.093055555556
Pulse experiments,pioreactor01,2026-08-31T23:27:19.736Z,0.684613066317,2026-09-01 05:12:19.736,1525.094444444444
Pulse experiments,pioreactor01,2026-08-31T23:27:24.735Z,0.684638777315,2026-09-01 05:12:24.735,1525.095833333333
Pulse experiments,pioreactor01,2026-08-31T23:27:29.737Z,0.684634854152,2026-09-01 05:12:29.737,1525.097222222222
Pulse experiments,pioreactor01,2026-08-31T23:27:34.734Z,0.684648325522,2026-09-01 05:12:34.734,1525.098611111111
Pulse experiments,pioreactor01,2026-08-31T23:27:39.735Z,0.684653411127,2026-09-01 05:12:39.735,1525.1
Pulse experiments,pioreactor01,2026-08-31T23:27:44.737Z,0.684621272787,2026-09-01 05:12:44.737,1525.101388888889
Pulse experiments,pioreactor01,2026-08-31T23:27:49.739Z,0.684595333255,2026-09-01 05:12:49.739,1525.102777777778
Pulse experiments,pioreactor01,2026-08-31T23:27:54.737Z,0.684586999886,2026-09-01 05:12:54.737,1525.104166666667
Pulse experiments,pioreactor01,2026-08-31T23:27:59.734Z,0.684557254105,2026-09-01 05:12:59.734,1525.105555555556
Pulse experiments,pioreactor01,2026-08-31T23:28:04.748Z,0.684572223524,2026-09-01 05:13:04.748,1525.106944444444
Pulse experiments,pioreactor01,2026-08-31T23:28:09.741Z,0.684612749295,2026-09-01 05:13:09.741,1525.108333333333
Pulse experiments,pioreactor01,2026-08-31T23:28:14.735Z,0.684644806638,2026-09-01 05:13:14.735,1525.109722222222
Pulse experiments,pioreactor01,2026-08-31T23:28:19.740Z,0.684683417947,2026-09-01 05:13:19.740,1525.111111111111
Pulse experiments,pioreactor01,2026-08-31T23:28:24.743Z,0.684679405094,2026-09-01 05:13:24.743,1525.1125
Pulse experiments,pioreactor01,2026-08-31T23:28:29.735Z,0.684736744964,2026-09-01 05:13:29.735,1525.113888888889
Pulse experiments,pioreactor01,2026-08-31T23:28:34.735Z,0.68478570663,2026-09-01 05:13:34.735,1525.115277777778
Pulse experiments,pioreactor01,2026-08-31T23:28:39.737Z,0.684826210918,2026-09-01 05:13:39.737,1525.116666666667
Pulse experiments,pioreactor01,2026-08-31T23:28:44.738Z,0.684797041287,2026-09-01 05:13:44.738,1525.118055555556
Pulse experiments,pioreactor01,2026-08-31T23:28:49.734Z,0.684823670773,2026-09-01 05:13:49.734,1525.119444444445
Pulse experiments,pioreactor01,2026-08-31T23:28:54.734Z,0.684891121631,2026-09-01 05:13:54.734,1525.120833333333
Pulse experiments,pioreactor01,2026-08-31T23:28:59.739Z,0.685555817496,2026-09-01 05:13:59.739,1525.122222222222
Pulse experiments,pioreactor01,2026-08-31T23:29:04.773Z,0.672454525134,2026-09-01 05:14:04.773,1525.123611111111
Pulse experiments,pioreactor01,2026-08-31T23:29:09.776Z,0.665636624708,2026-09-01 05:14:09.776,1525.125
Pulse experiments,pioreactor01,2026-08-31T23:29:14.735Z,0.66449461797,2026-09-01 05:14:14.735,1525.126388888889
Pulse experiments,pioreactor01,2026-08-31T23:29:19.736Z,0.664196550546,2026-09-01 05:14:19.736,1525.127777777778
Pulse experiments,pioreactor01,2026-08-31T23:29:24.785Z,0.663995620458,2026-09-01 05:14:24.785,1525.129166666667
Pulse experiments,pioreactor01,2026-08-31T23:29:29.749Z,0.663653415027,2026-09-01 05:14:29.749,1525.130555555555
Pulse experiments,pioreactor01,2026-08-31T23:29:34.741Z,0.66314162327,2026-09-01 05:14:34.741,1525.131944444444
Pulse experiments,pioreactor01,2026-08-31T23:29:39.735Z,0.662846997301,2026-09-01 05:14:39.735,1525.133333333333
Pulse experiments,pioreactor01,2026-08-31T23:29:44.752Z,0.662775583008,2026-09-01 05:14:44.752,1525.134722222222
Pulse experiments,pioreactor01,2026-08-31T23:29:49.733Z,0.662651843098,2026-09-01 05:14:49.733,1525.136111111111
Pulse experiments,pioreactor01,2026-08-31T23:29:54.739Z,0.662809673084,2026-09-01 05:14:54.739,1525.1375
Pulse experiments,pioreactor01,2026-08-31T23:29:59.747Z,0.662819476026,2026-09-01 05:14:59.747,1525.138888888889
Pulse experiments,pioreactor01,2026-08-31T23:30:04.733Z,0.663006223894,2026-09-01 05:15:04.733,1525.140277777778
Pulse experiments,pioreactor01,2026-08-31T23:30:09.740Z,0.663136660903,2026-09-01 05:15:09.740,1525.141666666667
Pulse experiments,pioreactor01,2026-08-31T23:30:14.739Z,0.663167532835,2026-09-01 05:15:14.739,1525.143055555556
Pulse experiments,pioreactor01,2026-08-31T23:30:19.733Z,0.663196040133,2026-09-01 05:15:19.733,1525.144444444444
Pulse experiments,pioreactor01,2026-08-31T23:30:24.734Z,0.663211396788,2026-09-01 05:15:24.734,1525.145833333333
Pulse experiments,pioreactor01,2026-08-31T23:30:29.739Z,0.66321210167,2026-09-01 05:15:29.739,1525.147222222222
Pulse experiments,pioreactor01,2026-08-31T23:30:34.735Z,0.663255642397,2026-09-01 05:15:34.735,1525.148611111111
Pulse experiments,pioreactor01,2026-08-31T23:30:39.737Z,0.66327888465,2026-09-01 05:15:39.737,1525.15
Pulse experiments,pioreactor01,2026-08-31T23:30:44.750Z,0.663372124343,2026-09-01 05:15:44.750,1525.151388888889
Pulse experiments,pioreactor01,2026-08-31T23:30:49.738Z,0.663402524528,2026-09-01 05:15:49.738,1525.152777777778
Pulse experiments,pioreactor01,2026-08-31T23:30:54.735Z,0.663478341576,2026-09-01 05:15:54.735,1525.154166666667
Pulse experiments,pioreactor01,2026-08-31T23:30:59.738Z,0.6635162605,2026-09-01 05:15:59.738,1525.155555555556
Pulse experiments,pioreactor01,2026-08-31T23:31:04.735Z,0.663532355078,2026-09-01 05:16:04.735,1525.156944444444
Pulse experiments,pioreactor01,2026-08-31T23:31:09.737Z,0.663589050368,2026-09-01 05:16:09.737,1525.158333333333
Pulse experiments,pioreactor01,2026-08-31T23:31:14.734Z,0.663617229318,2026-09-01 05:16:14.734,1525.159722222222
Pulse experiments,pioreactor01,2026-08-31T23:31:19.755Z,0.663670426722,2026-09-01 05:16:19.755,1525.161111111111
Pulse experiments,pioreactor01,2026-08-31T23:31:24.736Z,0.663724659844,2026-09-01 05:16:24.736,1525.1625
Pulse experiments,pioreactor01,2026-08-31T23:31:29.740Z,0.663743195378,2026-09-01 05:16:29.740,1525.163888888889
Pulse experiments,pioreactor01,2026-08-31T23:31:34.734Z,0.663742189148,2026-09-01 05:16:34.734,1525.165277777778
Pulse experiments,pioreactor01,2026-08-31T23:31:39.735Z,0.663745789243,2026-09-01 05:16:39.735,1525.166666666667
Pulse experiments,pioreactor01,2026-08-31T23:31:44.739Z,0.663800765182,2026-09-01 05:16:44.739,1525.168055555556
Pulse experiments,pioreactor01,2026-08-31T23:31:49.740Z,0.663838074089,2026-09-01 05:16:49.740,1525.169444444444
Pulse experiments,pioreactor01,2026-08-31T23:31:54.738Z,0.663865453756,2026-09-01 05:16:54.738,1525.170833333333
Pulse experiments,pioreactor01,2026-08-31T23:31:59.735Z,0.663921411702,2026-09-01 05:16:59.735,1525.172222222222
Pulse experiments,pioreactor01,2026-08-31T23:32:04.740Z,0.663957928435,2026-09-01 05:17:04.740,1525.173611111111
Pulse experiments,pioreactor01,2026-08-31T23:32:09.735Z,0.664025757503,2026-09-01 05:17:09.735,1525.175
Pulse experiments,pioreactor01,2026-08-31T23:32:14.735Z,0.664069956186,2026-09-01 05:17:14.735,1525.176388888889
Pulse experiments,pioreactor01,2026-08-31T23:32:19.740Z,0.664098796093,2026-09-01 05:17:19.740,1525.177777777778
Pulse experiments,pioreactor01,2026-08-31T23:32:24.736Z,0.664082102136,2026-09-01 05:17:24.736,1525.179166666667
Pulse experiments,pioreactor01,2026-08-31T23:32:29.734Z,0.664082842368,2026-09-01 05:17:29.734,1525.180555555556
Pulse experiments,pioreactor01,2026-08-31T23:32:34.738Z,0.664129504266,2026-09-01 05:17:34.738,1525.181944444445
Pulse experiments,pioreactor01,2026-08-31T23:32:39.736Z,0.6642066339,2026-09-01 05:17:39.736,1525.183333333333
Pulse experiments,pioreactor01,2026-08-31T23:32:44.741Z,0.664314467477,2026-09-01 05:17:44.741,1525.184722222222
Pulse experiments,pioreactor01,2026-08-31T23:32:49.734Z,0.6643818837,2026-09-01 05:17:49.734,1525.186111111111
Pulse experiments,pioreactor01,2026-08-31T23:32:54.734Z,0.664400144088,2026-09-01 05:17:54.734,1525.1875
Pulse experiments,pioreactor01,2026-08-31T23:32:59.745Z,0.664401183111,2026-09-01 05:17:59.745,1525.188888888889
Pulse experiments,pioreactor01,2026-08-31T23:33:04.738Z,0.664419970057,2026-09-01 05:18:04.738,1525.190277777778
Pulse experiments,pioreactor01,2026-08-31T23:33:09.735Z,0.664455237826,2026-09-01 05:18:09.735,1525.191666666667
Pulse experiments,pioreactor01,2026-08-31T23:33:14.748Z,0.664494899663,2026-09-01 05:18:14.748,1525.193055555555
Pulse experiments,pioreactor01,2026-08-31T23:33:19.741Z,0.664511838935,2026-09-01 05:18:19.741,1525.194444444444
Pulse experiments,pioreactor01,2026-08-31T23:33:24.734Z,0.664586976752,2026-09-01 05:18:24.734,1525.195833333333
Pulse experiments,pioreactor01,2026-08-31T23:33:29.741Z,0.664637166357,2026-09-01 05:18:29.741,1525.197222222222
Pulse experiments,pioreactor01,2026-08-31T23:33:34.735Z,0.664687499758,2026-09-01 05:18:34.735,1525.198611111111
Pulse experiments,pioreactor01,2026-08-31T23:33:39.737Z,0.664727406555,2026-09-01 05:18:39.737,1525.2
Pulse experiments,pioreactor01,2026-08-31T23:33:44.740Z,0.664765589934,2026-09-01 05:18:44.740,1525.201388888889
Pulse experiments,pioreactor01,2026-08-31T23:33:49.737Z,0.664823284257,2026-09-01 05:18:49.737,1525.202777777778
Pulse experiments,pioreactor01,2026-08-31T23:33:54.735Z,0.66486931923,2026-09-01 05:18:54.735,1525.204166666667
Pulse experiments,pioreactor01,2026-08-31T23:33:59.739Z,0.664878993451,2026-09-01 05:18:59.739,1525.205555555556
Pulse experiments,pioreactor01,2026-08-31T23:34:04.738Z,0.664952519647,2026-09-01 05:19:04.738,1525.206944444444
Pulse experiments,pioreactor01,2026-08-31T23:34:09.738Z,0.664989978782,2026-09-01 05:19:09.738,1525.208333333333
Pulse experiments,pioreactor01,2026-08-31T23:34:14.734Z,0.665021234334,2026-09-01 05:19:14.734,1525.209722222222
Pulse experiments,pioreactor01,2026-08-31T23:34:19.735Z,0.665064218161,2026-09-01 05:19:19.735,1525.211111111111
Pulse experiments,pioreactor01,2026-08-31T23:34:24.737Z,0.665136013199,2026-09-01 05:19:24.737,1525.2125
Pulse experiments,pioreactor01,2026-08-31T23:34:29.737Z,0.665167465565,2026-09-01 05:19:29.737,1525.213888888889
Pulse experiments,pioreactor01,2026-08-31T23:34:34.741Z,0.665226803635,2026-09-01 05:19:34.741,1525.215277777778
Pulse experiments,pioreactor01,2026-08-31T23:34:39.739Z,0.665273672999,2026-09-01 05:19:39.739,1525.216666666667
Pulse experiments,pioreactor01,2026-08-31T23:34:44.736Z,0.665307676393,2026-09-01 05:19:44.736,1525.218055555556
Pulse experiments,pioreactor01,2026-08-31T23:34:49.736Z,0.665302862099,2026-09-01 05:19:49.736,1525.219444444444
Pulse experiments,pioreactor01,2026-08-31T23:34:54.741Z,0.665324826385,2026-09-01 05:19:54.741,1525.220833333333
Pulse experiments,pioreactor01,2026-08-31T23:34:59.734Z,0.665367940106,2026-09-01 05:19:59.734,1525.222222222222
Pulse experiments,pioreactor01,2026-08-31T23:35:04.760Z,0.665408041009,2026-09-01 05:20:04.760,1525.223611111111
Pulse experiments,pioreactor01,2026-08-31T23:35:09.737Z,0.665462247438,2026-09-01 05:20:09.737,1525.225
Pulse experiments,pioreactor01,2026-08-31T23:35:14.737Z,0.665543842406,2026-09-01 05:20:14.737,1525.226388888889
Pulse experiments,pioreactor01,2026-08-31T23:35:19.749Z,0.665576824403,2026-09-01 05:20:19.749,1525.227777777778
Pulse experiments,pioreactor01,2026-08-31T23:35:24.743Z,0.665603123357,2026-09-01 05:20:24.743,1525.229166666667
Pulse experiments,pioreactor01,2026-08-31T23:35:29.734Z,0.665662717819,2026-09-01 05:20:29.734,1525.230555555556
Pulse experiments,pioreactor01,2026-08-31T23:35:34.740Z,0.665698034805,2026-09-01 05:20:34.740,1525.231944444444
Pulse experiments,pioreactor01,2026-08-31T23:35:39.734Z,0.665741759654,2026-09-01 05:20:39.734,1525.233333333333
Pulse experiments,pioreactor01,2026-08-31T23:35:44.749Z,0.665785893194,2026-09-01 05:20:44.749,1525.234722222222
Pulse experiments,pioreactor01,2026-08-31T23:35:49.736Z,0.665800324218,2026-09-01 05:20:49.736,1525.236111111111
Pulse experiments,pioreactor01,2026-08-31T23:35:54.736Z,0.665850545775,2026-09-01 05:20:54.736,1525.2375
Pulse experiments,pioreactor01,2026-08-31T23:35:59.741Z,0.665914099421,2026-09-01 05:20:59.741,1525.238888888889
Pulse experiments,pioreactor01,2026-08-31T23:36:04.734Z,0.665942490209,2026-09-01 05:21:04.734,1525.240277777778
Pulse experiments,pioreactor01,2026-08-31T23:36:09.747Z,0.66598128903,2026-09-01 05:21:09.747,1525.241666666667
Pulse experiments,pioreactor01,2026-08-31T23:36:14.744Z,0.666060597239,2026-09-01 05:21:14.744,1525.243055555556
Pulse experiments,pioreactor01,2026-08-31T23:36:19.735Z,0.66609743808,2026-09-01 05:21:19.735,1525.244444444445
Pulse experiments,pioreactor01,2026-08-31T23:36:24.735Z,0.66615184733,2026-09-01 05:21:24.735,1525.245833333333
Pulse experiments,pioreactor01,2026-08-31T23:36:29.746Z,0.66617506009,2026-09-01 05:21:29.746,1525.247222222222
Pulse experiments,pioreactor01,2026-08-31T23:36:34.734Z,0.666225556072,2026-09-01 05:21:34.734,1525.248611111111
Pulse experiments,pioreactor01,2026-08-31T23:36:44.736Z,0.666298654581,2026-09-01 05:21:44.736,1525.251388888889
Pulse experiments,pioreactor01,2026-08-31T23:36:49.742Z,0.666298599573,2026-09-01 05:21:49.742,1525.252777777778
Pulse experiments,pioreactor01,2026-08-31T23:36:54.736Z,0.666355615972,2026-09-01 05:21:54.736,1525.254166666667
Pulse experiments,pioreactor01,2026-08-31T23:36:59.735Z,0.666403742489,2026-09-01 05:21:59.735,1525.255555555555
Pulse experiments,pioreactor01,2026-08-31T23:37:14.739Z,0.666517809328,2026-09-01 05:22:14.739,1525.259722222222
Pulse experiments,pioreactor01,2026-08-31T23:37:19.741Z,0.666577405079,2026-09-01 05:22:19.741,1525.261111111111
Pulse experiments,pioreactor01,2026-08-31T23:37:24.736Z,0.666577849792,2026-09-01 05:22:24.736,1525.2625
Pulse experiments,pioreactor01,2026-08-31T23:37:29.740Z,0.666576732825,2026-09-01 05:22:29.740,1525.263888888889
Pulse experiments,pioreactor01,2026-08-31T23:37:34.739Z,0.666601730207,2026-09-01 05:22:34.739,1525.265277777778
Pulse experiments,pioreactor01,2026-08-31T23:37:39.734Z,0.666608344682,2026-09-01 05:22:39.734,1525.266666666667
Pulse experiments,pioreactor01,2026-08-31T23:37:44.735Z,0.666629890061,2026-09-01 05:22:44.735,1525.268055555556
Pulse experiments,pioreactor01,2026-08-31T23:37:49.736Z,0.666693569409,2026-09-01 05:22:49.736,1525.269444444444
Pulse experiments,pioreactor01,2026-08-31T23:37:54.754Z,0.666741311962,2026-09-01 05:22:54.754,1525.270833333333
Pulse experiments,pioreactor01,2026-08-31T23:37:59.744Z,0.666767054092,2026-09-01 05:22:59.744,1525.272222222222
Pulse experiments,pioreactor01,2026-08-31T23:38:04.739Z,0.666835633986,2026-09-01 05:23:04.739,1525.273611111111
Pulse experiments,pioreactor01,2026-08-31T23:38:09.739Z,0.666883650273,2026-09-01 05:23:09.739,1525.275
Pulse experiments,pioreactor01,2026-08-31T23:38:14.737Z,0.666920669428,2026-09-01 05:23:14.737,1525.276388888889
Pulse experiments,pioreactor01,2026-08-31T23:38:19.742Z,0.66692100396,2026-09-01 05:23:19.742,1525.277777777778
Pulse experiments,pioreactor01,2026-08-31T23:38:24.734Z,0.666939259118,2026-09-01 05:23:24.734,1525.279166666667
Pulse experiments,pioreactor01,2026-08-31T23:38:29.737Z,0.666960521807,2026-09-01 05:23:29.737,1525.280555555556
Pulse experiments,pioreactor01,2026-08-31T23:38:34.740Z,0.666998763059,2026-09-01 05:23:34.740,1525.281944444444
Pulse experiments,pioreactor01,2026-08-31T23:38:39.735Z,0.667037706464,2026-09-01 05:23:39.735,1525.283333333333
Pulse experiments,pioreactor01,2026-08-31T23:38:44.741Z,0.667041885852,2026-09-01 05:23:44.741,1525.284722222222
Pulse experiments,pioreactor01,2026-08-31T23:38:49.736Z,0.667018627417,2026-09-01 05:23:49.736,1525.286111111111
Pulse experiments,pioreactor01,2026-08-31T23:38:54.735Z,0.666995053584,2026-09-01 05:23:54.735,1525.2875
Pulse experiments,pioreactor01,2026-08-31T23:38:59.736Z,0.666993007107,2026-09-01 05:23:59.736,1525.288888888889
Pulse experiments,pioreactor01,2026-08-31T23:39:04.741Z,0.667017515741,2026-09-01 05:24:04.741,1525.290277777778
Pulse experiments,pioreactor01,2026-08-31T23:39:09.747Z,0.667063895692,2026-09-01 05:24:09.747,1525.291666666667
Pulse experiments,pioreactor01,2026-08-31T23:39:15.435Z,0.667160175333,2026-09-01 05:24:15.435,1525.293333333333
Pulse experiments,pioreactor01,2026-08-31T23:39:19.737Z,0.660506507655,2026-09-01 05:24:19.737,1525.294444444444
Pulse experiments,pioreactor01,2026-08-31T23:39:24.759Z,0.653710055191,2026-09-01 05:24:24.759,1525.295833333333
Pulse experiments,pioreactor01,2026-08-31T23:39:29.736Z,0.652261032461,2026-09-01 05:24:29.736,1525.297222222222
Pulse experiments,pioreactor01,2026-08-31T23:39:34.734Z,0.651653617668,2026-09-01 05:24:34.734,1525.298611111111
Pulse experiments,pioreactor01,2026-08-31T23:39:39.737Z,0.651163769999,2026-09-01 05:24:39.737,1525.3
Pulse experiments,pioreactor01,2026-08-31T23:39:44.734Z,0.650786864461,2026-09-01 05:24:44.734,1525.301388888889
Pulse experiments,pioreactor01,2026-08-31T23:39:49.738Z,0.65072041781,2026-09-01 05:24:49.738,1525.302777777778
Pulse experiments,pioreactor01,2026-08-31T23:39:54.733Z,0.65101314478,2026-09-01 05:24:54.733,1525.304166666667
Pulse experiments,pioreactor01,2026-08-31T23:39:59.736Z,0.650819477779,2026-09-01 05:24:59.736,1525.305555555556
Pulse experiments,pioreactor01,2026-08-31T23:40:04.741Z,0.650632434694,2026-09-01 05:25:04.741,1525.306944444445
Pulse experiments,pioreactor01,2026-08-31T23:40:09.739Z,0.650609617509,2026-09-01 05:25:09.739,1525.308333333333
Pulse experiments,pioreactor01,2026-08-31T23:40:14.736Z,0.650448643301,2026-09-01 05:25:14.736,1525.309722222222
Pulse experiments,pioreactor01,2026-08-31T23:40:19.737Z,0.650209737168,2026-09-01 05:25:19.737,1525.311111111111
Pulse experiments,pioreactor01,2026-08-31T23:40:24.735Z,0.650079651465,2026-09-01 05:25:24.735,1525.3125
Pulse experiments,pioreactor01,2026-08-31T23:40:29.740Z,0.650220501425,2026-09-01 05:25:29.740,1525.313888888889
Pulse experiments,pioreactor01,2026-08-31T23:40:34.741Z,0.650110140322,2026-09-01 05:25:34.741,1525.315277777778
Pulse experiments,pioreactor01,2026-08-31T23:40:39.735Z,0.650154866064,2026-09-01 05:25:39.735,1525.316666666667
Pulse experiments,pioreactor01,2026-08-31T23:40:44.741Z,0.650130561146,2026-09-01 05:25:44.741,1525.318055555555
Pulse experiments,pioreactor01,2026-08-31T23:40:49.735Z,0.650145774423,2026-09-01 05:25:49.735,1525.319444444444
Pulse experiments,pioreactor01,2026-08-31T23:40:54.735Z,0.650091172457,2026-09-01 05:25:54.735,1525.320833333333
Pulse experiments,pioreactor01,2026-08-31T23:40:59.736Z,0.650040858181,2026-09-01 05:25:59.736,1525.322222222222
Pulse experiments,pioreactor01,2026-08-31T23:41:04.741Z,0.649992567012,2026-09-01 05:26:04.741,1525.323611111111
Pulse experiments,pioreactor01,2026-08-31T23:41:09.736Z,0.649974618988,2026-09-01 05:26:09.736,1525.325
Pulse experiments,pioreactor01,2026-08-31T23:41:14.738Z,0.649970931718,2026-09-01 05:26:14.738,1525.326388888889
Pulse experiments,pioreactor01,2026-08-31T23:41:19.747Z,0.650017456237,2026-09-01 05:26:19.747,1525.327777777778
Pulse experiments,pioreactor01,2026-08-31T23:41:24.742Z,0.650083214487,2026-09-01 05:26:24.742,1525.329166666667
Pulse experiments,pioreactor01,2026-08-31T23:41:29.734Z,0.65015152997,2026-09-01 05:26:29.734,1525.330555555556
Pulse experiments,pioreactor01,2026-08-31T23:41:34.737Z,0.650221710071,2026-09-01 05:26:34.737,1525.331944444444
Pulse experiments,pioreactor01,2026-08-31T23:41:39.743Z,0.650330555559,2026-09-01 05:26:39.743,1525.333333333333
Pulse experiments,pioreactor01,2026-08-31T23:41:44.755Z,0.650378500461,2026-09-01 05:26:44.755,1525.334722222222
Pulse experiments,pioreactor01,2026-08-31T23:41:49.735Z,0.650412454174,2026-09-01 05:26:49.735,1525.336111111111
Pulse experiments,pioreactor01,2026-08-31T23:41:54.740Z,0.650517341771,2026-09-01 05:26:54.740,1525.3375
Pulse experiments,pioreactor01,2026-08-31T23:41:59.739Z,0.650663332982,2026-09-01 05:26:59.739,1525.338888888889
Pulse experiments,pioreactor01,2026-08-31T23:42:04.740Z,0.65073084434,2026-09-01 05:27:04.740,1525.340277777778
Pulse experiments,pioreactor01,2026-08-31T23:42:09.735Z,0.650832356791,2026-09-01 05:27:09.735,1525.341666666667
Pulse experiments,pioreactor01,2026-08-31T23:42:14.751Z,0.6508361374,2026-09-01 05:27:14.751,1525.343055555556
Pulse experiments,pioreactor01,2026-08-31T23:42:19.734Z,0.650841352245,2026-09-01 05:27:19.734,1525.344444444444
Pulse experiments,pioreactor01,2026-08-31T23:42:24.738Z,0.650878780648,2026-09-01 05:27:24.738,1525.345833333333
Pulse experiments,pioreactor01,2026-08-31T23:42:29.735Z,0.650866217515,2026-09-01 05:27:29.735,1525.347222222222
Pulse experiments,pioreactor01,2026-08-31T23:42:34.741Z,0.650946840991,2026-09-01 05:27:34.741,1525.348611111111
Pulse experiments,pioreactor01,2026-08-31T23:42:39.756Z,0.651007424846,2026-09-01 05:27:39.756,1525.35
Pulse experiments,pioreactor01,2026-08-31T23:42:44.738Z,0.651101170021,2026-09-01 05:27:44.738,1525.351388888889
Pulse experiments,pioreactor01,2026-08-31T23:42:49.735Z,0.651147965772,2026-09-01 05:27:49.735,1525.352777777778
Pulse experiments,pioreactor01,2026-08-31T23:42:54.749Z,0.651214065488,2026-09-01 05:27:54.749,1525.354166666667
Pulse experiments,pioreactor01,2026-08-31T23:42:59.737Z,0.651274806931,2026-09-01 05:27:59.737,1525.355555555556
Pulse experiments,pioreactor01,2026-08-31T23:43:04.734Z,0.651349488168,2026-09-01 05:28:04.734,1525.356944444444
Pulse experiments,pioreactor01,2026-08-31T23:43:09.741Z,0.651420830873,2026-09-01 05:28:09.741,1525.358333333333
Pulse experiments,pioreactor01,2026-08-31T23:43:14.735Z,0.651511025872,2026-09-01 05:28:14.735,1525.359722222222
Pulse experiments,pioreactor01,2026-08-31T23:43:19.735Z,0.651585438439,2026-09-01 05:28:19.735,1525.361111111111
Pulse experiments,pioreactor01,2026-08-31T23:43:24.735Z,0.651661716931,2026-09-01 05:28:24.735,1525.3625
Pulse experiments,pioreactor01,2026-08-31T23:43:29.737Z,0.651733144909,2026-09-01 05:28:29.737,1525.363888888889
Pulse experiments,pioreactor01,2026-08-31T23:43:34.736Z,0.651729524751,2026-09-01 05:28:34.736,1525.365277777778
Pulse experiments,pioreactor01,2026-08-31T23:43:39.737Z,0.651723301146,2026-09-01 05:28:39.737,1525.366666666667
Pulse experiments,pioreactor01,2026-08-31T23:43:44.740Z,0.651730636416,2026-09-01 05:28:44.740,1525.368055555556
Pulse experiments,pioreactor01,2026-08-31T23:43:49.735Z,0.651771790636,2026-09-01 05:28:49.735,1525.369444444445
Pulse experiments,pioreactor01,2026-08-31T23:43:54.734Z,0.651796650435,2026-09-01 05:28:54.734,1525.370833333333
Pulse experiments,pioreactor01,2026-08-31T23:43:59.745Z,0.651836949522,2026-09-01 05:28:59.745,1525.372222222222
Pulse experiments,pioreactor01,2026-08-31T23:44:04.745Z,0.651861849603,2026-09-01 05:29:04.745,1525.373611111111
Pulse experiments,pioreactor01,2026-08-31T23:44:09.734Z,0.651890151817,2026-09-01 05:29:09.734,1525.375
Pulse experiments,pioreactor01,2026-08-31T23:44:14.743Z,0.651929153689,2026-09-01 05:29:14.743,1525.376388888889
Pulse experiments,pioreactor01,2026-08-31T23:44:19.757Z,0.65194647005,2026-09-01 05:29:19.757,1525.377777777778
Pulse experiments,pioreactor01,2026-08-31T23:44:24.758Z,0.651933240768,2026-09-01 05:29:24.758,1525.379166666667
Pulse experiments,pioreactor01,2026-08-31T23:44:29.734Z,0.651920639946,2026-09-01 05:29:29.734,1525.380555555555
Pulse experiments,pioreactor01,2026-08-31T23:44:34.735Z,0.651946336247,2026-09-01 05:29:34.735,1525.381944444444
Pulse experiments,pioreactor01,2026-08-31T23:44:39.733Z,0.651977478306,2026-09-01 05:29:39.733,1525.383333333333
Pulse experiments,pioreactor01,2026-08-31T23:44:44.735Z,0.652000564824,2026-09-01 05:29:44.735,1525.384722222222
Pulse experiments,pioreactor01,2026-08-31T23:44:49.753Z,0.652009548127,2026-09-01 05:29:49.753,1525.386111111111
Pulse experiments,pioreactor01,2026-08-31T23:44:54.736Z,0.652014572631,2026-09-01 05:29:54.736,1525.3875
Pulse experiments,pioreactor01,2026-08-31T23:44:59.737Z,0.652082349997,2026-09-01 05:29:59.737,1525.388888888889
Pulse experiments,pioreactor01,2026-08-31T23:45:04.744Z,0.652138382055,2026-09-01 05:30:04.744,1525.390277777778
Pulse experiments,pioreactor01,2026-08-31T23:45:09.737Z,0.652239683146,2026-09-01 05:30:09.737,1525.391666666667
Pulse experiments,pioreactor01,2026-08-31T23:45:14.737Z,0.652322151991,2026-09-01 05:30:14.737,1525.393055555556
Pulse experiments,pioreactor01,2026-08-31T23:45:19.739Z,0.652405157038,2026-09-01 05:30:19.739,1525.394444444444
Pulse experiments,pioreactor01,2026-08-31T23:45:24.746Z,0.652497195628,2026-09-01 05:30:24.746,1525.395833333333
Pulse experiments,pioreactor01,2026-08-31T23:45:29.738Z,0.652616013877,2026-09-01 05:30:29.738,1525.397222222222
Pulse experiments,pioreactor01,2026-08-31T23:45:34.738Z,0.65270997198,2026-09-01 05:30:34.738,1525.398611111111
Pulse experiments,pioreactor01,2026-08-31T23:45:39.736Z,0.65278833417,2026-09-01 05:30:39.736,1525.4
Pulse experiments,pioreactor01,2026-08-31T23:45:44.735Z,0.652873415299,2026-09-01 05:30:44.735,1525.401388888889
Pulse experiments,pioreactor01,2026-08-31T23:45:49.734Z,0.652907653484,2026-09-01 05:30:49.734,1525.402777777778
Pulse experiments,pioreactor01,2026-08-31T23:45:54.746Z,0.652937509683,2026-09-01 05:30:54.746,1525.404166666667
Pulse experiments,pioreactor01,2026-08-31T23:45:59.743Z,0.652957387892,2026-09-01 05:30:59.743,1525.405555555556
Pulse experiments,pioreactor01,2026-08-31T23:46:04.740Z,0.652980804538,2026-09-01 05:31:04.740,1525.406944444444
Pulse experiments,pioreactor01,2026-08-31T23:46:09.739Z,0.6530039698,2026-09-01 05:31:09.739,1525.408333333333
Pulse experiments,pioreactor01,2026-08-31T23:46:14.739Z,0.653011937839,2026-09-01 05:31:14.739,1525.409722222222
Pulse experiments,pioreactor01,2026-08-31T23:46:19.734Z,0.653062197147,2026-09-01 05:31:19.734,1525.411111111111
Pulse experiments,pioreactor01,2026-08-31T23:46:24.738Z,0.653071570828,2026-09-01 05:31:24.738,1525.4125
Pulse experiments,pioreactor01,2026-08-31T23:46:29.739Z,0.653091762559,2026-09-01 05:31:29.739,1525.413888888889
Pulse experiments,pioreactor01,2026-08-31T23:46:34.735Z,0.653167641667,2026-09-01 05:31:34.735,1525.415277777778
Pulse experiments,pioreactor01,2026-08-31T23:46:39.740Z,0.653210663962,2026-09-01 05:31:39.740,1525.416666666667
Pulse experiments,pioreactor01,2026-08-31T23:46:44.734Z,0.653230981166,2026-09-01 05:31:44.734,1525.418055555556
Pulse experiments,pioreactor01,2026-08-31T23:46:49.735Z,0.653279702813,2026-09-01 05:31:49.735,1525.419444444444
Pulse experiments,pioreactor01,2026-08-31T23:46:54.753Z,0.653262528279,2026-09-01 05:31:54.753,1525.420833333333
Pulse experiments,pioreactor01,2026-08-31T23:46:59.738Z,0.653259810752,2026-09-01 05:31:59.738,1525.422222222222
Pulse experiments,pioreactor01,2026-08-31T23:47:04.736Z,0.653297964654,2026-09-01 05:32:04.736,1525.423611111111
Pulse experiments,pioreactor01,2026-08-31T23:47:09.733Z,0.653330170689,2026-09-01 05:32:09.733,1525.425
Pulse experiments,pioreactor01,2026-08-31T23:47:14.734Z,0.653374994502,2026-09-01 05:32:14.734,1525.426388888889
Pulse experiments,pioreactor01,2026-08-31T23:47:19.739Z,0.653414922776,2026-09-01 05:32:19.739,1525.427777777778
Pulse experiments,pioreactor01,2026-08-31T23:47:24.734Z,0.653472996343,2026-09-01 05:32:24.734,1525.429166666667
Pulse experiments,pioreactor01,2026-08-31T23:47:29.739Z,0.653521232159,2026-09-01 05:32:29.739,1525.430555555556
Pulse experiments,pioreactor01,2026-08-31T23:47:34.738Z,0.653574178794,2026-09-01 05:32:34.738,1525.431944444445
Pulse experiments,pioreactor01,2026-08-31T23:47:39.734Z,0.653611617634,2026-09-01 05:32:39.734,1525.433333333333
Pulse experiments,pioreactor01,2026-08-31T23:47:49.743Z,0.653691316136,2026-09-01 05:32:49.743,1525.436111111111
Pulse experiments,pioreactor01,2026-08-31T23:47:54.735Z,0.653687100179,2026-09-01 05:32:54.735,1525.4375
Pulse experiments,pioreactor01,2026-08-31T23:47:59.745Z,0.653731242379,2026-09-01 05:32:59.745,1525.438888888889
Pulse experiments,pioreactor01,2026-08-31T23:48:04.742Z,0.653772816321,2026-09-01 05:33:04.742,1525.440277777778
Pulse experiments,pioreactor01,2026-08-31T23:48:09.735Z,0.653805538911,2026-09-01 05:33:09.735,1525.441666666667
Pulse experiments,pioreactor01,2026-08-31T23:48:14.733Z,0.653852462685,2026-09-01 05:33:14.733,1525.443055555555
Pulse experiments,pioreactor01,2026-08-31T23:48:19.738Z,0.653892541211,2026-09-01 05:33:19.738,1525.444444444444
Pulse experiments,pioreactor01,2026-08-31T23:48:29.742Z,0.653968309807,2026-09-01 05:33:29.742,1525.447222222222
Pulse experiments,pioreactor01,2026-08-31T23:48:34.737Z,0.654024779719,2026-09-01 05:33:34.737,1525.448611111111
Pulse experiments,pioreactor01,2026-08-31T23:48:39.739Z,0.654080018733,2026-09-01 05:33:39.739,1525.45
Pulse experiments,pioreactor01,2026-08-31T23:48:44.744Z,0.65417605604,2026-09-01 05:33:44.744,1525.451388888889
Pulse experiments,pioreactor01,2026-08-31T23:48:49.753Z,0.654243803569,2026-09-01 05:33:49.753,1525.452777777778
Pulse experiments,pioreactor01,2026-08-31T23:48:54.734Z,0.654280219511,2026-09-01 05:33:54.734,1525.454166666667
Pulse experiments,pioreactor01,2026-08-31T23:48:59.734Z,0.654303064827,2026-09-01 05:33:59.734,1525.455555555556
Pulse experiments,pioreactor01,2026-08-31T23:49:04.758Z,0.654329893022,2026-09-01 05:34:04.758,1525.456944444444
Pulse experiments,pioreactor01,2026-08-31T23:49:09.736Z,0.654363840869,2026-09-01 05:34:09.736,1525.458333333333
Pulse experiments,pioreactor01,2026-08-31T23:49:14.735Z,0.654388417065,2026-09-01 05:34:14.735,1525.459722222222
Pulse experiments,pioreactor01,2026-08-31T23:49:19.738Z,0.654450364918,2026-09-01 05:34:19.738,1525.461111111111
Pulse experiments,pioreactor01,2026-08-31T23:49:24.751Z,0.654495101219,2026-09-01 05:34:24.751,1525.4625
Pulse experiments,pioreactor01,2026-08-31T23:49:29.746Z,0.654542576659,2026-09-01 05:34:29.746,1525.463888888889
Pulse experiments,pioreactor01,2026-08-31T23:49:34.744Z,0.654637569881,2026-09-01 05:34:34.744,1525.465277777778
Pulse experiments,pioreactor01,2026-08-31T23:49:39.735Z,0.649859031432,2026-09-01 05:34:39.735,1525.466666666667
Pulse experiments,pioreactor01,2026-08-31T23:49:49.734Z,0.64662638675,2026-09-01 05:34:49.734,1525.469444444444
Pulse experiments,pioreactor01,2026-08-31T23:49:54.735Z,0.646227781627,2026-09-01 05:34:54.735,1525.470833333333
Pulse experiments,pioreactor01,2026-08-31T23:49:59.742Z,0.64598548764,2026-09-01 05:34:59.742,1525.472222222222
Pulse experiments,pioreactor01,2026-08-31T23:50:04.768Z,0.646034215031,2026-09-01 05:35:04.768,1525.473611111111
Pulse experiments,pioreactor01,2026-08-31T23:50:09.738Z,0.64608584238,2026-09-01 05:35:09.738,1525.475
Pulse experiments,pioreactor01,2026-08-31T23:50:14.744Z,0.646269471528,2026-09-01 05:35:14.744,1525.476388888889
Pulse experiments,pioreactor01,2026-08-31T23:50:19.735Z,0.646126172678,2026-09-01 05:35:19.735,1525.477777777778
Pulse experiments,pioreactor01,2026-08-31T23:50:24.740Z,0.646662665372,2026-09-01 05:35:24.740,1525.479166666667
Pulse experiments,pioreactor01,2026-08-31T23:50:29.736Z,0.646915565499,2026-09-01 05:35:29.736,1525.480555555556
Pulse experiments,pioreactor01,2026-08-31T23:50:34.735Z,0.64698296111,2026-09-01 05:35:34.735,1525.481944444444
Pulse experiments,pioreactor01,2026-08-31T23:50:44.747Z,0.647038547148,2026-09-01 05:35:44.747,1525.484722222222
Pulse experiments,pioreactor01,2026-08-31T23:50:49.735Z,0.647009636753,2026-09-01 05:35:49.735,1525.486111111111
Pulse experiments,pioreactor01,2026-08-31T23:50:54.734Z,0.647069195384,2026-09-01 05:35:54.734,1525.4875
Pulse experiments,pioreactor01,2026-08-31T23:51:09.734Z,0.647071405225,2026-09-01 05:36:09.734,1525.491666666667
Pulse experiments,pioreactor01,2026-08-31T23:51:14.746Z,0.647180904178,2026-09-01 05:36:14.746,1525.493055555556
Pulse experiments,pioreactor01,2026-08-31T23:51:19.736Z,0.647281316762,2026-09-01 05:36:19.736,1525.494444444445
Pulse experiments,pioreactor01,2026-08-31T23:51:24.747Z,0.647278373834,2026-09-01 05:36:24.747,1525.495833333333
Pulse experiments,pioreactor01,2026-08-31T23:51:29.734Z,0.647337112291,2026-09-01 05:36:29.734,1525.497222222222
Pulse experiments,pioreactor01,2026-08-31T23:51:34.739Z,0.647388695286,2026-09-01 05:36:34.739,1525.498611111111
Pulse experiments,pioreactor01,2026-08-31T23:51:39.746Z,0.647415747175,2026-09-01 05:36:39.746,1525.5
Pulse experiments,pioreactor01,2026-08-31T23:51:44.739Z,0.64741422296,2026-09-01 05:36:44.739,1525.501388888889
Pulse experiments,pioreactor01,2026-08-31T23:51:49.751Z,0.64745297703,2026-09-01 05:36:49.751,1525.502777777778
Pulse experiments,pioreactor01,2026-08-31T23:51:54.737Z,0.647464342125,2026-09-01 05:36:54.737,1525.504166666667
Pulse experiments,pioreactor01,2026-08-31T23:51:59.735Z,0.647494513622,2026-09-01 05:36:59.735,1525.505555555555
Pulse experiments,pioreactor01,2026-08-31T23:52:04.742Z,0.647533658294,2026-09-01 05:37:04.742,1525.506944444444
Pulse experiments,pioreactor01,2026-08-31T23:52:09.735Z,0.647558482782,2026-09-01 05:37:09.735,1525.508333333333
Pulse experiments,pioreactor01,2026-08-31T23:52:14.736Z,0.647621717514,2026-09-01 05:37:14.736,1525.509722222222
Pulse experiments,pioreactor01,2026-08-31T23:52:19.736Z,0.64765595939,2026-09-01 05:37:19.736,1525.511111111111
Pulse experiments,pioreactor01,2026-08-31T23:52:24.734Z,0.647669005179,2026-09-01 05:37:24.734,1525.5125
Pulse experiments,pioreactor01,2026-08-31T23:52:29.737Z,0.647724636713,2026-09-01 05:37:29.737,1525.513888888889
Pulse experiments,pioreactor01,2026-08-31T23:52:34.735Z,0.647846024082,2026-09-01 05:37:34.735,1525.515277777778
Pulse experiments,pioreactor01,2026-08-31T23:52:39.735Z,0.647907326293,2026-09-01 05:37:39.735,1525.516666666667
Pulse experiments,pioreactor01,2026-08-31T23:52:44.741Z,0.647959593052,2026-09-01 05:37:44.741,1525.518055555556
Pulse experiments,pioreactor01,2026-08-31T23:52:49.743Z,0.647976637271,2026-09-01 05:37:49.743,1525.519444444444
Pulse experiments,pioreactor01,2026-08-31T23:52:54.734Z,0.647939536871,2026-09-01 05:37:54.734,1525.520833333333
Pulse experiments,pioreactor01,2026-08-31T23:52:59.734Z,0.64792501524,2026-09-01 05:37:59.734,1525.522222222222
Pulse experiments,pioreactor01,2026-08-31T23:53:04.738Z,0.647930438729,2026-09-01 05:38:04.738,1525.523611111111
Pulse experiments,pioreactor01,2026-08-31T23:53:09.737Z,0.647926766935,2026-09-01 05:38:09.737,1525.525
Pulse experiments,pioreactor01,2026-08-31T23:53:14.741Z,0.647924398403,2026-09-01 05:38:14.741,1525.526388888889
Pulse experiments,pioreactor01,2026-08-31T23:53:19.738Z,0.647951228069,2026-09-01 05:38:19.738,1525.527777777778
Pulse experiments,pioreactor01,2026-08-31T23:53:24.735Z,0.647994741355,2026-09-01 05:38:24.735,1525.529166666667
Pulse experiments,pioreactor01,2026-08-31T23:53:29.735Z,0.648054645511,2026-09-01 05:38:29.735,1525.530555555556
Pulse experiments,pioreactor01,2026-08-31T23:53:34.738Z,0.648109197927,2026-09-01 05:38:34.738,1525.531944444444
Pulse experiments,pioreactor01,2026-08-31T23:53:39.740Z,0.648169767467,2026-09-01 05:38:39.740,1525.533333333333
Pulse experiments,pioreactor01,2026-08-31T23:53:44.739Z,0.648252307446,2026-09-01 05:38:44.739,1525.534722222222
Pulse experiments,pioreactor01,2026-08-31T23:53:49.743Z,0.648288263456,2026-09-01 05:38:49.743,1525.536111111111
Pulse experiments,pioreactor01,2026-08-31T23:53:54.739Z,0.648296287162,2026-09-01 05:38:54.739,1525.5375
Pulse experiments,pioreactor01,2026-08-31T23:53:59.736Z,0.648329395396,2026-09-01 05:38:59.736,1525.538888888889
Pulse experiments,pioreactor01,2026-08-31T23:54:04.736Z,0.648364860288,2026-09-01 05:39:04.736,1525.540277777778
Pulse experiments,pioreactor01,2026-08-31T23:54:09.735Z,0.648432500384,2026-09-01 05:39:09.735,1525.541666666667
Pulse experiments,pioreactor01,2026-08-31T23:54:14.740Z,0.648493567254,2026-09-01 05:39:14.740,1525.543055555556
Pulse experiments,pioreactor01,2026-08-31T23:54:19.736Z,0.648541443276,2026-09-01 05:39:19.736,1525.544444444444
Pulse experiments,pioreactor01,2026-08-31T23:54:24.734Z,0.648611059109,2026-09-01 05:39:24.734,1525.545833333333
Pulse experiments,pioreactor01,2026-08-31T23:54:29.748Z,0.648603365205,2026-09-01 05:39:29.748,1525.547222222222
Pulse experiments,pioreactor01,2026-08-31T23:54:34.735Z,0.64864576026,2026-09-01 05:39:34.735,1525.548611111111
Pulse experiments,pioreactor01,2026-08-31T23:54:39.741Z,0.648632573528,2026-09-01 05:39:39.741,1525.55
Pulse experiments,pioreactor01,2026-08-31T23:54:44.739Z,0.648633115179,2026-09-01 05:39:44.739,1525.551388888889
Pulse experiments,pioreactor01,2026-08-31T23:54:49.735Z,0.648633134588,2026-09-01 05:39:49.735,1525.552777777778
Pulse experiments,pioreactor01,2026-08-31T23:54:54.737Z,0.648679584977,2026-09-01 05:39:54.737,1525.554166666667
Pulse experiments,pioreactor01,2026-08-31T23:54:59.738Z,0.648734927467,2026-09-01 05:39:59.738,1525.555555555556
Pulse experiments,pioreactor01,2026-08-31T23:55:04.741Z,0.648738855732,2026-09-01 05:40:04.741,1525.556944444445
Pulse experiments,pioreactor01,2026-08-31T23:55:09.747Z,0.648774607964,2026-09-01 05:40:09.747,1525.558333333333
Pulse experiments,pioreactor01,2026-08-31T23:55:14.739Z,0.648800757699,2026-09-01 05:40:14.739,1525.559722222222
Pulse experiments,pioreactor01,2026-08-31T23:55:19.745Z,0.648831064912,2026-09-01 05:40:19.745,1525.561111111111
Pulse experiments,pioreactor01,2026-08-31T23:55:24.740Z,0.648886328291,2026-09-01 05:40:24.740,1525.5625
Pulse experiments,pioreactor01,2026-08-31T23:55:29.736Z,0.648953790256,2026-09-01 05:40:29.736,1525.563888888889
Pulse experiments,pioreactor01,2026-08-31T23:55:39.753Z,0.649065538718,2026-09-01 05:40:39.753,1525.566666666667
Pulse experiments,pioreactor01,2026-08-31T23:55:44.737Z,0.649144790166,2026-09-01 05:40:44.737,1525.568055555555
Pulse experiments,pioreactor01,2026-08-31T23:55:49.744Z,0.64918000115,2026-09-01 05:40:49.744,1525.569444444444
Pulse experiments,pioreactor01,2026-08-31T23:55:54.734Z,0.649190768378,2026-09-01 05:40:54.734,1525.570833333333
Pulse experiments,pioreactor01,2026-08-31T23:55:59.737Z,0.649236866196,2026-09-01 05:40:59.737,1525.572222222222
Pulse experiments,pioreactor01,2026-08-31T23:56:04.737Z,0.649281082175,2026-09-01 05:41:04.737,1525.573611111111
Pulse experiments,pioreactor01,2026-08-31T23:56:09.736Z,0.649359615874,2026-09-01 05:41:09.736,1525.575
Pulse experiments,pioreactor01,2026-08-31T23:56:14.743Z,0.649431699619,2026-09-01 05:41:14.743,1525.576388888889
Pulse experiments,pioreactor01,2026-08-31T23:56:19.739Z,0.649497057371,2026-09-01 05:41:19.739,1525.577777777778
Pulse experiments,pioreactor01,2026-08-31T23:56:24.734Z,0.649611268932,2026-09-01 05:41:24.734,1525.579166666667
Pulse experiments,pioreactor01,2026-08-31T23:56:29.735Z,0.649693269411,2026-09-01 05:41:29.735,1525.580555555556
Pulse experiments,pioreactor01,2026-08-31T23:56:34.736Z,0.649806923982,2026-09-01 05:41:34.736,1525.581944444444
Pulse experiments,pioreactor01,2026-08-31T23:56:39.739Z,0.649861448473,2026-09-01 05:41:39.739,1525.583333333333
Pulse experiments,pioreactor01,2026-08-31T23:56:44.746Z,0.6499122024,2026-09-01 05:41:44.746,1525.584722222222
Pulse experiments,pioreactor01,2026-08-31T23:56:49.735Z,0.649960206747,2026-09-01 05:41:49.735,1525.586111111111
Pulse experiments,pioreactor01,2026-08-31T23:56:54.733Z,0.650012918718,2026-09-01 05:41:54.733,1525.5875
Pulse experiments,pioreactor01,2026-08-31T23:56:59.734Z,0.650088132608,2026-09-01 05:41:59.734,1525.588888888889
Pulse experiments,pioreactor01,2026-08-31T23:57:04.746Z,0.650146149848,2026-09-01 05:42:04.746,1525.590277777778
Pulse experiments,pioreactor01,2026-08-31T23:57:09.740Z,0.650206858418,2026-09-01 05:42:09.740,1525.591666666667
Pulse experiments,pioreactor01,2026-08-31T23:57:14.736Z,0.650287016069,2026-09-01 05:42:14.736,1525.593055555556
Pulse experiments,pioreactor01,2026-08-31T23:57:19.734Z,0.650362731042,2026-09-01 05:42:19.734,1525.594444444444
Pulse experiments,pioreactor01,2026-08-31T23:57:24.737Z,0.650368046749,2026-09-01 05:42:24.737,1525.595833333333
Pulse experiments,pioreactor01,2026-08-31T23:57:29.734Z,0.650421049307,2026-09-01 05:42:29.734,1525.597222222222
Pulse experiments,pioreactor01,2026-08-31T23:57:34.734Z,0.650443671828,2026-09-01 05:42:34.734,1525.598611111111
Pulse experiments,pioreactor01,2026-08-31T23:57:44.736Z,0.650576354416,2026-09-01 05:42:44.736,1525.601388888889
Pulse experiments,pioreactor01,2026-08-31T23:57:49.735Z,0.650624815248,2026-09-01 05:42:49.735,1525.602777777778
Pulse experiments,pioreactor01,2026-08-31T23:57:54.734Z,0.65064637506,2026-09-01 05:42:54.734,1525.604166666667
Pulse experiments,pioreactor01,2026-08-31T23:58:04.734Z,0.650723548498,2026-09-01 05:43:04.734,1525.606944444444
Pulse experiments,pioreactor01,2026-08-31T23:58:09.735Z,0.650707560405,2026-09-01 05:43:09.735,1525.608333333333
Pulse experiments,pioreactor01,2026-08-31T23:58:14.734Z,0.650741121178,2026-09-01 05:43:14.734,1525.609722222222
Pulse experiments,pioreactor01,2026-08-31T23:58:19.734Z,0.650772982174,2026-09-01 05:43:19.734,1525.611111111111
Pulse experiments,pioreactor01,2026-08-31T23:58:24.739Z,0.650806139021,2026-09-01 05:43:24.739,1525.6125
Pulse experiments,pioreactor01,2026-08-31T23:58:29.734Z,0.650853065993,2026-09-01 05:43:29.734,1525.613888888889
Pulse experiments,pioreactor01,2026-08-31T23:58:34.734Z,0.650878787695,2026-09-01 05:43:34.734,1525.615277777778
Pulse experiments,pioreactor01,2026-08-31T23:58:39.735Z,0.65088314031,2026-09-01 05:43:39.735,1525.616666666667
Pulse experiments,pioreactor01,2026-08-31T23:58:44.743Z,0.650949710593,2026-09-01 05:43:44.743,1525.618055555556
Pulse experiments,pioreactor01,2026-08-31T23:58:49.737Z,0.650995315553,2026-09-01 05:43:49.737,1525.619444444445
Pulse experiments,pioreactor01,2026-08-31T23:58:54.736Z,0.651036748514,2026-09-01 05:43:54.736,1525.620833333333
Pulse experiments,pioreactor01,2026-08-31T23:59:04.737Z,0.651197753205,2026-09-01 05:44:04.737,1525.623611111111
Pulse experiments,pioreactor01,2026-08-31T23:59:09.737Z,0.651237648072,2026-09-01 05:44:09.737,1525.625
Pulse experiments,pioreactor01,2026-08-31T23:59:14.734Z,0.6513028366,2026-09-01 05:44:14.734,1525.626388888889
Pulse experiments,pioreactor01,2026-08-31T23:59:19.735Z,0.651364242683,2026-09-01 05:44:19.735,1525.627777777778
Pulse experiments,pioreactor01,2026-08-31T23:59:24.736Z,0.651457241799,2026-09-01 05:44:24.736,1525.629166666667
Pulse experiments,pioreactor01,2026-08-31T23:59:29.736Z,0.651517156746,2026-09-01 05:44:29.736,1525.630555555555
Pulse experiments,pioreactor01,2026-08-31T23:59:39.737Z,0.651646639343,2026-09-01 05:44:39.737,1525.633333333333
Pulse experiments,pioreactor01,2026-08-31T23:59:44.782Z,0.65178563125,2026-09-01 05:44:44.782,1525.634722222222
Pulse experiments,pioreactor01,2026-08-31T23:59:49.738Z,0.643375627575,2026-09-01 05:44:49.738,1525.636111111111
Pulse experiments,pioreactor01,2026-08-31T23:59:54.737Z,0.638677676586,2026-09-01 05:44:54.737,1525.6375
Pulse experiments,pioreactor01,2026-08-31T23:59:59.734Z,0.63765274997,2026-09-01 05:44:59.734,1525.638888888889
Pulse experiments,pioreactor01,2026-09-01T00:00:04.742Z,0.637567325464,2026-09-01 05:45:04.742,1525.640277777778
Pulse experiments,pioreactor01,2026-09-01T00:00:09.742Z,0.637323151394,2026-09-01 05:45:09.742,1525.641666666667
Pulse experiments,pioreactor01,2026-09-01T00:00:14.734Z,0.637507646685,2026-09-01 05:45:14.734,1525.643055555556
Pulse experiments,pioreactor01,2026-09-01T00:00:19.746Z,0.637582902023,2026-09-01 05:45:19.746,1525.644444444444
Pulse experiments,pioreactor01,2026-09-01T00:00:24.755Z,0.637865713709,2026-09-01 05:45:24.755,1525.645833333333
Pulse experiments,pioreactor01,2026-09-01T00:00:29.735Z,0.638061207596,2026-09-01 05:45:29.735,1525.647222222222
Pulse experiments,pioreactor01,2026-09-01T00:00:34.738Z,0.638171927515,2026-09-01 05:45:34.738,1525.648611111111
Pulse experiments,pioreactor01,2026-09-01T00:00:39.734Z,0.638201626885,2026-09-01 05:45:39.734,1525.65
Pulse experiments,pioreactor01,2026-09-01T00:00:44.734Z,0.638345583218,2026-09-01 05:45:44.734,1525.651388888889
Pulse experiments,pioreactor01,2026-09-01T00:00:49.740Z,0.638381892683,2026-09-01 05:45:49.740,1525.652777777778
Pulse experiments,pioreactor01,2026-09-01T00:00:54.736Z,0.638362414894,2026-09-01 05:45:54.736,1525.654166666667
Pulse experiments,pioreactor01,2026-09-01T00:00:59.742Z,0.6383109483,2026-09-01 05:45:59.742,1525.655555555556
Pulse experiments,pioreactor01,2026-09-01T00:01:04.735Z,0.63831614798,2026-09-01 05:46:04.735,1525.656944444444
Pulse experiments,pioreactor01,2026-09-01T00:01:09.740Z,0.638412563297,2026-09-01 05:46:09.740,1525.658333333333
Pulse experiments,pioreactor01,2026-09-01T00:01:14.737Z,0.638516724098,2026-09-01 05:46:14.737,1525.659722222222
Pulse experiments,pioreactor01,2026-09-01T00:01:19.734Z,0.638567157298,2026-09-01 05:46:19.734,1525.661111111111
Pulse experiments,pioreactor01,2026-09-01T00:01:24.743Z,0.638561921957,2026-09-01 05:46:24.743,1525.6625
Pulse experiments,pioreactor01,2026-09-01T00:01:29.736Z,0.638521831072,2026-09-01 05:46:29.736,1525.663888888889
Pulse experiments,pioreactor01,2026-09-01T00:01:34.756Z,0.638434369573,2026-09-01 05:46:34.756,1525.665277777778
Pulse experiments,pioreactor01,2026-09-01T00:01:39.735Z,0.638539166391,2026-09-01 05:46:39.735,1525.666666666667
Pulse experiments,pioreactor01,2026-09-01T00:01:44.739Z,0.638580867422,2026-09-01 05:46:44.739,1525.668055555556
Pulse experiments,pioreactor01,2026-09-01T00:01:49.744Z,0.638625392127,2026-09-01 05:46:49.744,1525.669444444444
Pulse experiments,pioreactor01,2026-09-01T00:01:54.742Z,0.63873201403,2026-09-01 05:46:54.742,1525.670833333333
Pulse experiments,pioreactor01,2026-09-01T00:01:59.740Z,0.638687465111,2026-09-01 05:46:59.740,1525.672222222222
Pulse experiments,pioreactor01,2026-09-01T00:02:04.734Z,0.638693306877,2026-09-01 05:47:04.734,1525.673611111111
Pulse experiments,pioreactor01,2026-09-01T00:02:09.734Z,0.638752414719,2026-09-01 05:47:09.734,1525.675
Pulse experiments,pioreactor01,2026-09-01T00:02:14.734Z,0.638812489464,2026-09-01 05:47:14.734,1525.676388888889
Pulse experiments,pioreactor01,2026-09-01T00:02:19.739Z,0.638864238581,2026-09-01 05:47:19.739,1525.677777777778
Pulse experiments,pioreactor01,2026-09-01T00:02:24.734Z,0.638901148443,2026-09-01 05:47:24.734,1525.679166666667
Pulse experiments,pioreactor01,2026-09-01T00:02:29.735Z,0.638934029619,2026-09-01 05:47:29.735,1525.680555555556
Pulse experiments,pioreactor01,2026-09-01T00:02:34.737Z,0.639006440919,2026-09-01 05:47:34.737,1525.681944444445
Pulse experiments,pioreactor01,2026-09-01T00:02:39.734Z,0.639062194079,2026-09-01 05:47:39.734,1525.683333333333
Pulse experiments,pioreactor01,2026-09-01T00:02:44.736Z,0.639084270545,2026-09-01 05:47:44.736,1525.684722222222
Pulse experiments,pioreactor01,2026-09-01T00:02:49.735Z,0.63915405267,2026-09-01 05:47:49.735,1525.686111111111
Pulse experiments,pioreactor01,2026-09-01T00:02:54.753Z,0.639197434877,2026-09-01 05:47:54.753,1525.6875
Pulse experiments,pioreactor01,2026-09-01T00:02:59.743Z,0.639280583823,2026-09-01 05:47:59.743,1525.688888888889
Pulse experiments,pioreactor01,2026-09-01T00:03:04.735Z,0.639379192991,2026-09-01 05:48:04.735,1525.690277777778
Pulse experiments,pioreactor01,2026-09-01T00:03:09.734Z,0.639518478679,2026-09-01 05:48:09.734,1525.691666666667
Pulse experiments,pioreactor01,2026-09-01T00:03:14.739Z,0.63961737618,2026-09-01 05:48:14.739,1525.693055555555
Pulse experiments,pioreactor01,2026-09-01T00:03:19.738Z,0.639667360241,2026-09-01 05:48:19.738,1525.694444444444
Pulse experiments,pioreactor01,2026-09-01T00:03:24.740Z,0.639735360826,2026-09-01 05:48:24.740,1525.695833333333
Pulse experiments,pioreactor01,2026-09-01T00:03:29.736Z,0.63980697069,2026-09-01 05:48:29.736,1525.697222222222
Pulse experiments,pioreactor01,2026-09-01T00:03:34.734Z,0.639825535935,2026-09-01 05:48:34.734,1525.698611111111
Pulse experiments,pioreactor01,2026-09-01T00:03:39.737Z,0.639833400835,2026-09-01 05:48:39.737,1525.7
Pulse experiments,pioreactor01,2026-09-01T00:03:44.742Z,0.639911108023,2026-09-01 05:48:44.742,1525.701388888889
Pulse experiments,pioreactor01,2026-09-01T00:03:49.742Z,0.639967940436,2026-09-01 05:48:49.742,1525.702777777778
Pulse experiments,pioreactor01,2026-09-01T00:03:54.738Z,0.640021785678,2026-09-01 05:48:54.738,1525.704166666667
Pulse experiments,pioreactor01,2026-09-01T00:03:59.735Z,0.640067184067,2026-09-01 05:48:59.735,1525.705555555556
Pulse experiments,pioreactor01,2026-09-01T00:04:04.742Z,0.640104025591,2026-09-01 05:49:04.742,1525.706944444444
Pulse experiments,pioreactor01,2026-09-01T00:04:09.734Z,0.640152932771,2026-09-01 05:49:09.734,1525.708333333333
Pulse experiments,pioreactor01,2026-09-01T00:04:14.735Z,0.640191369677,2026-09-01 05:49:14.735,1525.709722222222
Pulse experiments,pioreactor01,2026-09-01T00:04:19.735Z,0.640212221063,2026-09-01 05:49:19.735,1525.711111111111
Pulse experiments,pioreactor01,2026-09-01T00:04:24.736Z,0.640284596271,2026-09-01 05:49:24.736,1525.7125
Pulse experiments,pioreactor01,2026-09-01T00:04:29.739Z,0.640344140028,2026-09-01 05:49:29.739,1525.713888888889
Pulse experiments,pioreactor01,2026-09-01T00:04:34.740Z,0.640399856036,2026-09-01 05:49:34.740,1525.715277777778
Pulse experiments,pioreactor01,2026-09-01T00:04:39.738Z,0.640474378145,2026-09-01 05:49:39.738,1525.716666666667
Pulse experiments,pioreactor01,2026-09-01T00:04:44.734Z,0.640533068469,2026-09-01 05:49:44.734,1525.718055555556
Pulse experiments,pioreactor01,2026-09-01T00:04:49.733Z,0.640609262697,2026-09-01 05:49:49.733,1525.719444444444
Pulse experiments,pioreactor01,2026-09-01T00:04:54.745Z,0.64063637543,2026-09-01 05:49:54.745,1525.720833333333
Pulse experiments,pioreactor01,2026-09-01T00:04:59.743Z,0.640650883089,2026-09-01 05:49:59.743,1525.722222222222
Pulse experiments,pioreactor01,2026-09-01T00:05:04.758Z,0.640734662487,2026-09-01 05:50:04.758,1525.723611111111
Pulse experiments,pioreactor01,2026-09-01T00:05:09.751Z,0.640787024726,2026-09-01 05:50:09.751,1525.725
Pulse experiments,pioreactor01,2026-09-01T00:05:14.738Z,0.640826956205,2026-09-01 05:50:14.738,1525.726388888889
Pulse experiments,pioreactor01,2026-09-01T00:05:19.735Z,0.640866364561,2026-09-01 05:50:19.735,1525.727777777778
Pulse experiments,pioreactor01,2026-09-01T00:05:24.741Z,0.640957131748,2026-09-01 05:50:24.741,1525.729166666667
Pulse experiments,pioreactor01,2026-09-01T00:05:29.739Z,0.641086727017,2026-09-01 05:50:29.739,1525.730555555556
Pulse experiments,pioreactor01,2026-09-01T00:05:34.735Z,0.641157917778,2026-09-01 05:50:34.735,1525.731944444444
Pulse experiments,pioreactor01,2026-09-01T00:05:39.743Z,0.641208956632,2026-09-01 05:50:39.743,1525.733333333333
Pulse experiments,pioreactor01,2026-09-01T00:05:44.735Z,0.641293099632,2026-09-01 05:50:44.735,1525.734722222222
Pulse experiments,pioreactor01,2026-09-01T00:05:49.739Z,0.641385232825,2026-09-01 05:50:49.739,1525.736111111111
Pulse experiments,pioreactor01,2026-09-01T00:05:54.753Z,0.641502233225,2026-09-01 05:50:54.753,1525.7375
Pulse experiments,pioreactor01,2026-09-01T00:05:59.740Z,0.641583449564,2026-09-01 05:50:59.740,1525.738888888889
Pulse experiments,pioreactor01,2026-09-01T00:06:04.738Z,0.641633526569,2026-09-01 05:51:04.738,1525.740277777778
Pulse experiments,pioreactor01,2026-09-01T00:06:09.734Z,0.641655680354,2026-09-01 05:51:09.734,1525.741666666667
Pulse experiments,pioreactor01,2026-09-01T00:06:14.735Z,0.641662081357,2026-09-01 05:51:14.735,1525.743055555556
Pulse experiments,pioreactor01,2026-09-01T00:06:19.738Z,0.641689211125,2026-09-01 05:51:19.738,1525.744444444445
Pulse experiments,pioreactor01,2026-09-01T00:06:24.736Z,0.641733283629,2026-09-01 05:51:24.736,1525.745833333333
Pulse experiments,pioreactor01,2026-09-01T00:06:29.735Z,0.641787600084,2026-09-01 05:51:29.735,1525.747222222222
Pulse experiments,pioreactor01,2026-09-01T00:06:34.736Z,0.641835462346,2026-09-01 05:51:34.736,1525.748611111111
Pulse experiments,pioreactor01,2026-09-01T00:06:39.735Z,0.641900219129,2026-09-01 05:51:39.735,1525.75
Pulse experiments,pioreactor01,2026-09-01T00:06:44.735Z,0.641925428368,2026-09-01 05:51:44.735,1525.751388888889
Pulse experiments,pioreactor01,2026-09-01T00:06:49.736Z,0.641965764477,2026-09-01 05:51:49.736,1525.752777777778
Pulse experiments,pioreactor01,2026-09-01T00:06:54.733Z,0.642005460631,2026-09-01 05:51:54.733,1525.754166666667
Pulse experiments,pioreactor01,2026-09-01T00:06:59.735Z,0.641994021006,2026-09-01 05:51:59.735,1525.755555555555
Pulse experiments,pioreactor01,2026-09-01T00:07:04.743Z,0.642025444094,2026-09-01 05:52:04.743,1525.756944444444
Pulse experiments,pioreactor01,2026-09-01T00:07:09.738Z,0.642092724554,2026-09-01 05:52:09.738,1525.758333333333
Pulse experiments,pioreactor01,2026-09-01T00:07:14.741Z,0.642141667527,2026-09-01 05:52:14.741,1525.759722222222
Pulse experiments,pioreactor01,2026-09-01T00:07:19.740Z,0.642183246353,2026-09-01 05:52:19.740,1525.761111111111
Pulse experiments,pioreactor01,2026-09-01T00:07:24.738Z,0.6422691267,2026-09-01 05:52:24.738,1525.7625
Pulse experiments,pioreactor01,2026-09-01T00:07:29.734Z,0.642328492305,2026-09-01 05:52:29.734,1525.763888888889
Pulse experiments,pioreactor01,2026-09-01T00:07:34.738Z,0.642373659621,2026-09-01 05:52:34.738,1525.765277777778
Pulse experiments,pioreactor01,2026-09-01T00:07:39.734Z,0.642459614946,2026-09-01 05:52:39.734,1525.766666666667
Pulse experiments,pioreactor01,2026-09-01T00:07:44.735Z,0.642484540131,2026-09-01 05:52:44.735,1525.768055555556
Pulse experiments,pioreactor01,2026-09-01T00:07:49.741Z,0.642537713447,2026-09-01 05:52:49.741,1525.769444444444
Pulse experiments,pioreactor01,2026-09-01T00:07:54.734Z,0.642586214364,2026-09-01 05:52:54.734,1525.770833333333
Pulse experiments,pioreactor01,2026-09-01T00:07:59.738Z,0.64261528254,2026-09-01 05:52:59.738,1525.772222222222
Pulse experiments,pioreactor01,2026-09-01T00:08:04.735Z,0.642637399455,2026-09-01 05:53:04.735,1525.773611111111
Pulse experiments,pioreactor01,2026-09-01T00:08:09.736Z,0.642628894671,2026-09-01 05:53:09.736,1525.775
Pulse experiments,pioreactor01,2026-09-01T00:08:14.734Z,0.642662127254,2026-09-01 05:53:14.734,1525.776388888889
Pulse experiments,pioreactor01,2026-09-01T00:08:19.734Z,0.642741652519,2026-09-01 05:53:19.734,1525.777777777778
Pulse experiments,pioreactor01,2026-09-01T00:08:24.738Z,0.642780686315,2026-09-01 05:53:24.738,1525.779166666667
Pulse experiments,pioreactor01,2026-09-01T00:08:29.738Z,0.642811327614,2026-09-01 05:53:29.738,1525.780555555556
Pulse experiments,pioreactor01,2026-09-01T00:08:34.734Z,0.642872646874,2026-09-01 05:53:34.734,1525.781944444444
Pulse experiments,pioreactor01,2026-09-01T00:08:44.735Z,0.642944919565,2026-09-01 05:53:44.735,1525.784722222222
Pulse experiments,pioreactor01,2026-09-01T00:08:49.735Z,0.642977573399,2026-09-01 05:53:49.735,1525.786111111111
Pulse experiments,pioreactor01,2026-09-01T00:08:54.740Z,0.643032126058,2026-09-01 05:53:54.740,1525.7875
Pulse experiments,pioreactor01,2026-09-01T00:08:59.740Z,0.643074713036,2026-09-01 05:53:59.740,1525.788888888889
Pulse experiments,pioreactor01,2026-09-01T00:09:04.739Z,0.64308133563,2026-09-01 05:54:04.739,1525.790277777778
Pulse experiments,pioreactor01,2026-09-01T00:09:09.740Z,0.643087664159,2026-09-01 05:54:09.740,1525.791666666667
Pulse experiments,pioreactor01,2026-09-01T00:09:19.734Z,0.643131106516,2026-09-01 05:54:19.734,1525.794444444444
Pulse experiments,pioreactor01,2026-09-01T00:09:24.747Z,0.643129179894,2026-09-01 05:54:24.747,1525.795833333333
Pulse experiments,pioreactor01,2026-09-01T00:09:34.749Z,0.6431826024,2026-09-01 05:54:34.749,1525.798611111111
Pulse experiments,pioreactor01,2026-09-01T00:09:39.733Z,0.643259631363,2026-09-01 05:54:39.733,1525.8
Pulse experiments,pioreactor01,2026-09-01T00:09:44.747Z,0.643277693787,2026-09-01 05:54:44.747,1525.801388888889
Pulse experiments,pioreactor01,2026-09-01T00:09:49.735Z,0.643299731334,2026-09-01 05:54:49.735,1525.802777777778
Pulse experiments,pioreactor01,2026-09-01T00:09:54.735Z,0.643345042313,2026-09-01 05:54:54.735,1525.804166666667
Pulse experiments,pioreactor01,2026-09-01T00:09:59.773Z,0.640090009711,2026-09-01 05:54:59.773,1525.805555555556
Pulse experiments,pioreactor01,2026-09-01T00:10:04.735Z,0.623071063888,2026-09-01 05:55:04.735,1525.806944444445
Pulse experiments,pioreactor01,2026-09-01T00:10:09.737Z,0.617784127059,2026-09-01 05:55:09.737,1525.808333333333
Pulse experiments,pioreactor01,2026-09-01T00:10:14.738Z,0.617390004043,2026-09-01 05:55:14.738,1525.809722222222
Pulse experiments,pioreactor01,2026-09-01T00:10:19.743Z,0.616664579669,2026-09-01 05:55:19.743,1525.811111111111
Pulse experiments,pioreactor01,2026-09-01T00:10:24.736Z,0.616689669504,2026-09-01 05:55:24.736,1525.8125
Pulse experiments,pioreactor01,2026-09-01T00:10:29.743Z,0.616568154335,2026-09-01 05:55:29.743,1525.813888888889
Pulse experiments,pioreactor01,2026-09-01T00:10:34.740Z,0.616313495174,2026-09-01 05:55:34.740,1525.815277777778
Pulse experiments,pioreactor01,2026-09-01T00:10:39.735Z,0.616277523748,2026-09-01 05:55:39.735,1525.816666666667
Pulse experiments,pioreactor01,2026-09-01T00:10:44.735Z,0.61647853406,2026-09-01 05:55:44.735,1525.818055555555
Pulse experiments,pioreactor01,2026-09-01T00:10:49.747Z,0.616601215653,2026-09-01 05:55:49.747,1525.819444444444
Pulse experiments,pioreactor01,2026-09-01T00:10:54.734Z,0.616524606469,2026-09-01 05:55:54.734,1525.820833333333
Pulse experiments,pioreactor01,2026-09-01T00:10:59.734Z,0.616551426042,2026-09-01 05:55:59.734,1525.822222222222
Pulse experiments,pioreactor01,2026-09-01T00:11:04.737Z,0.616487161626,2026-09-01 05:56:04.737,1525.823611111111
Pulse experiments,pioreactor01,2026-09-01T00:11:09.735Z,0.616464330463,2026-09-01 05:56:09.735,1525.825
Pulse experiments,pioreactor01,2026-09-01T00:11:14.741Z,0.616446166516,2026-09-01 05:56:14.741,1525.826388888889
Pulse experiments,pioreactor01,2026-09-01T00:11:19.735Z,0.616484377694,2026-09-01 05:56:19.735,1525.827777777778
Pulse experiments,pioreactor01,2026-09-01T00:11:24.734Z,0.616460912462,2026-09-01 05:56:24.734,1525.829166666667
Pulse experiments,pioreactor01,2026-09-01T00:11:29.734Z,0.616439814312,2026-09-01 05:56:29.734,1525.830555555556
Pulse experiments,pioreactor01,2026-09-01T00:11:34.737Z,0.616423453078,2026-09-01 05:56:34.737,1525.831944444444
Pulse experiments,pioreactor01,2026-09-01T00:11:39.735Z,0.616356725227,2026-09-01 05:56:39.735,1525.833333333333
Pulse experiments,pioreactor01,2026-09-01T00:11:44.752Z,0.616393537688,2026-09-01 05:56:44.752,1525.834722222222
Pulse experiments,pioreactor01,2026-09-01T00:11:49.737Z,0.616301297799,2026-09-01 05:56:49.737,1525.836111111111
Pulse experiments,pioreactor01,2026-09-01T00:11:54.733Z,0.616227858063,2026-09-01 05:56:54.733,1525.8375
Pulse experiments,pioreactor01,2026-09-01T00:11:59.741Z,0.6162083961,2026-09-01 05:56:59.741,1525.838888888889
Pulse experiments,pioreactor01,2026-09-01T00:12:04.739Z,0.61617979798,2026-09-01 05:57:04.739,1525.840277777778
Pulse experiments,pioreactor01,2026-09-01T00:12:09.741Z,0.616102313542,2026-09-01 05:57:09.741,1525.841666666667
Pulse experiments,pioreactor01,2026-09-01T00:12:14.740Z,0.616139286754,2026-09-01 05:57:14.740,1525.843055555556
Pulse experiments,pioreactor01,2026-09-01T00:12:19.734Z,0.61616233408,2026-09-01 05:57:19.734,1525.844444444444
Pulse experiments,pioreactor01,2026-09-01T00:12:24.742Z,0.616160872192,2026-09-01 05:57:24.742,1525.845833333333
Pulse experiments,pioreactor01,2026-09-01T00:12:34.742Z,0.616232378843,2026-09-01 05:57:34.742,1525.848611111111
Pulse experiments,pioreactor01,2026-09-01T00:12:39.737Z,0.616340235617,2026-09-01 05:57:39.737,1525.85
Pulse experiments,pioreactor01,2026-09-01T00:12:44.735Z,0.61641637843,2026-09-01 05:57:44.735,1525.851388888889
Pulse experiments,pioreactor01,2026-09-01T00:12:49.738Z,0.616467756167,2026-09-01 05:57:49.738,1525.852777777778
Pulse experiments,pioreactor01,2026-09-01T00:12:54.739Z,0.616504831591,2026-09-01 05:57:54.739,1525.854166666667
Pulse experiments,pioreactor01,2026-09-01T00:12:59.742Z,0.616546685523,2026-09-01 05:57:59.742,1525.855555555556
Pulse experiments,pioreactor01,2026-09-01T00:13:04.744Z,0.616618618208,2026-09-01 05:58:04.744,1525.856944444444
Pulse experiments,pioreactor01,2026-09-01T00:13:09.737Z,0.616589985904,2026-09-01 05:58:09.737,1525.858333333333
Pulse experiments,pioreactor01,2026-09-01T00:13:14.734Z,0.616594125391,2026-09-01 05:58:14.734,1525.859722222222
Pulse experiments,pioreactor01,2026-09-01T00:13:19.746Z,0.616626023115,2026-09-01 05:58:19.746,1525.861111111111
Pulse experiments,pioreactor01,2026-09-01T00:13:24.740Z,0.616670992091,2026-09-01 05:58:24.740,1525.8625
Pulse experiments,pioreactor01,2026-09-01T00:13:29.735Z,0.616713221563,2026-09-01 05:58:29.735,1525.863888888889
Pulse experiments,pioreactor01,2026-09-01T00:13:34.740Z,0.616767175685,2026-09-01 05:58:34.740,1525.865277777778
Pulse experiments,pioreactor01,2026-09-01T00:13:39.743Z,0.616818047144,2026-09-01 05:58:39.743,1525.866666666667
Pulse experiments,pioreactor01,2026-09-01T00:13:44.734Z,0.616868850262,2026-09-01 05:58:44.734,1525.868055555556
Pulse experiments,pioreactor01,2026-09-01T00:13:49.735Z,0.616907166457,2026-09-01 05:58:49.735,1525.869444444445
Pulse experiments,pioreactor01,2026-09-01T00:13:59.735Z,0.616984136565,2026-09-01 05:58:59.735,1525.872222222222
Pulse experiments,pioreactor01,2026-09-01T00:14:04.748Z,0.616983254427,2026-09-01 05:59:04.748,1525.873611111111
Pulse experiments,pioreactor01,2026-09-01T00:14:09.739Z,0.616985682334,2026-09-01 05:59:09.739,1525.875
Pulse experiments,pioreactor01,2026-09-01T00:14:14.741Z,0.61698978065,2026-09-01 05:59:14.741,1525.876388888889
Pulse experiments,pioreactor01,2026-09-01T00:14:19.753Z,0.616970775119,2026-09-01 05:59:19.753,1525.877777777778
Pulse experiments,pioreactor01,2026-09-01T00:14:24.740Z,0.617027594679,2026-09-01 05:59:24.740,1525.879166666667
Pulse experiments,pioreactor01,2026-09-01T00:14:29.737Z,0.617085900818,2026-09-01 05:59:29.737,1525.880555555555
Pulse experiments,pioreactor01,2026-09-01T00:14:34.735Z,0.61712218972,2026-09-01 05:59:34.735,1525.881944444444
Pulse experiments,pioreactor01,2026-09-01T00:14:39.734Z,0.617213176269,2026-09-01 05:59:39.734,1525.883333333333
Pulse experiments,pioreactor01,2026-09-01T00:14:44.733Z,0.617296009487,2026-09-01 05:59:44.733,1525.884722222222
Pulse experiments,pioreactor01,2026-09-01T00:14:49.744Z,0.617329352032,2026-09-01 05:59:49.744,1525.886111111111
Pulse experiments,pioreactor01,2026-09-01T00:14:54.743Z,0.617380065941,2026-09-01 05:59:54.743,1525.8875
Pulse experiments,pioreactor01,2026-09-01T00:14:59.741Z,0.617389167876,2026-09-01 05:59:59.741,1525.888888888889
Pulse experiments,pioreactor01,2026-09-01T00:15:04.734Z,0.617367647053,2026-09-01 06:00:04.734,1525.890277777778
Pulse experiments,pioreactor01,2026-09-01T00:15:09.741Z,0.617399506523,2026-09-01 06:00:09.741,1525.891666666667
Pulse experiments,pioreactor01,2026-09-01T00:15:14.754Z,0.61741659971,2026-09-01 06:00:14.754,1525.893055555556
Pulse experiments,pioreactor01,2026-09-01T00:15:19.735Z,0.617447193044,2026-09-01 06:00:19.735,1525.894444444444
Pulse experiments,pioreactor01,2026-09-01T00:15:24.736Z,0.617486671245,2026-09-01 06:00:24.736,1525.895833333333
Pulse experiments,pioreactor01,2026-09-01T00:15:29.742Z,0.617485971944,2026-09-01 06:00:29.742,1525.897222222222
Pulse experiments,pioreactor01,2026-09-01T00:15:34.735Z,0.617528849657,2026-09-01 06:00:34.735,1525.898611111111
Pulse experiments,pioreactor01,2026-09-01T00:15:39.740Z,0.617580316626,2026-09-01 06:00:39.740,1525.9
Pulse experiments,pioreactor01,2026-09-01T00:15:44.744Z,0.617635206385,2026-09-01 06:00:44.744,1525.901388888889
Pulse experiments,pioreactor01,2026-09-01T00:15:50.932Z,0.6174101312,2026-09-01 06:00:50.932,1525.903055555556
Pulse experiments,pioreactor01,2026-09-01T00:15:54.742Z,0.617307172285,2026-09-01 06:00:54.742,1525.904166666667
Pulse experiments,pioreactor01,2026-09-01T00:15:59.733Z,0.617369137487,2026-09-01 06:00:59.733,1525.905555555556
Pulse experiments,pioreactor01,2026-09-01T00:16:04.739Z,0.61747546309,2026-09-01 06:01:04.739,1525.906944444444
Pulse experiments,pioreactor01,2026-09-01T00:16:09.737Z,0.617603040229,2026-09-01 06:01:09.737,1525.908333333333
Pulse experiments,pioreactor01,2026-09-01T00:16:14.736Z,0.617713662172,2026-09-01 06:01:14.736,1525.909722222222
Pulse experiments,pioreactor01,2026-09-01T00:16:19.740Z,0.617791594891,2026-09-01 06:01:19.740,1525.911111111111
Pulse experiments,pioreactor01,2026-09-01T00:16:24.739Z,0.617828060928,2026-09-01 06:01:24.739,1525.9125
Pulse experiments,pioreactor01,2026-09-01T00:16:29.736Z,0.617850940029,2026-09-01 06:01:29.736,1525.913888888889
Pulse experiments,pioreactor01,2026-09-01T00:16:34.739Z,0.617901981656,2026-09-01 06:01:34.739,1525.915277777778
Pulse experiments,pioreactor01,2026-09-01T00:16:39.735Z,0.617958404574,2026-09-01 06:01:39.735,1525.916666666667
Pulse experiments,pioreactor01,2026-09-01T00:16:44.736Z,0.618000091086,2026-09-01 06:01:44.736,1525.918055555556
Pulse experiments,pioreactor01,2026-09-01T00:16:49.738Z,0.618046610535,2026-09-01 06:01:49.738,1525.919444444444
Pulse experiments,pioreactor01,2026-09-01T00:16:54.734Z,0.618079435121,2026-09-01 06:01:54.734,1525.920833333333
Pulse experiments,pioreactor01,2026-09-01T00:16:59.744Z,0.61810195256,2026-09-01 06:01:59.744,1525.922222222222
Pulse experiments,pioreactor01,2026-09-01T00:17:04.736Z,0.618116499599,2026-09-01 06:02:04.736,1525.923611111111
Pulse experiments,pioreactor01,2026-09-01T00:17:09.734Z,0.618111536208,2026-09-01 06:02:09.734,1525.925
Pulse experiments,pioreactor01,2026-09-01T00:17:14.734Z,0.618161174273,2026-09-01 06:02:14.734,1525.926388888889
Pulse experiments,pioreactor01,2026-09-01T00:17:19.743Z,0.618187278821,2026-09-01 06:02:19.743,1525.927777777778
Pulse experiments,pioreactor01,2026-09-01T00:17:24.735Z,0.618223250487,2026-09-01 06:02:24.735,1525.929166666667
Pulse experiments,pioreactor01,2026-09-01T00:17:29.735Z,0.61825203369,2026-09-01 06:02:29.735,1525.930555555556
Pulse experiments,pioreactor01,2026-09-01T00:17:34.735Z,0.618286343379,2026-09-01 06:02:34.735,1525.931944444445
Pulse experiments,pioreactor01,2026-09-01T00:17:39.741Z,0.618320894447,2026-09-01 06:02:39.741,1525.933333333333
Pulse experiments,pioreactor01,2026-09-01T00:17:44.737Z,0.618382090089,2026-09-01 06:02:44.737,1525.934722222222
Pulse experiments,pioreactor01,2026-09-01T00:17:49.734Z,0.618438644643,2026-09-01 06:02:49.734,1525.936111111111
Pulse experiments,pioreactor01,2026-09-01T00:17:54.735Z,0.618503641716,2026-09-01 06:02:54.735,1525.9375
Pulse experiments,pioreactor01,2026-09-01T00:17:59.735Z,0.618565977862,2026-09-01 06:02:59.735,1525.938888888889
Pulse experiments,pioreactor01,2026-09-01T00:18:04.742Z,0.618607080754,2026-09-01 06:03:04.742,1525.940277777778
Pulse experiments,pioreactor01,2026-09-01T00:18:09.742Z,0.618693805089,2026-09-01 06:03:09.742,1525.941666666667
Pulse experiments,pioreactor01,2026-09-01T00:18:14.738Z,0.618763633768,2026-09-01 06:03:14.738,1525.943055555555
Pulse experiments,pioreactor01,2026-09-01T00:18:19.734Z,0.618802589727,2026-09-01 06:03:19.734,1525.944444444444
Pulse experiments,pioreactor01,2026-09-01T00:18:24.756Z,0.618793429553,2026-09-01 06:03:24.756,1525.945833333333
Pulse experiments,pioreactor01,2026-09-01T00:18:29.742Z,0.618825766503,2026-09-01 06:03:29.742,1525.947222222222
Pulse experiments,pioreactor01,2026-09-01T00:18:34.743Z,0.618860041931,2026-09-01 06:03:34.743,1525.948611111111
Pulse experiments,pioreactor01,2026-09-01T00:18:39.745Z,0.618873167684,2026-09-01 06:03:39.745,1525.95
Pulse experiments,pioreactor01,2026-09-01T00:18:49.750Z,0.618952170053,2026-09-01 06:03:49.750,1525.952777777778
Pulse experiments,pioreactor01,2026-09-01T00:18:54.741Z,0.618993190602,2026-09-01 06:03:54.741,1525.954166666667
Pulse experiments,pioreactor01,2026-09-01T00:18:59.740Z,0.619035764838,2026-09-01 06:03:59.740,1525.955555555556
Pulse experiments,pioreactor01,2026-09-01T00:19:04.737Z,0.619066270431,2026-09-01 06:04:04.737,1525.956944444444
Pulse experiments,pioreactor01,2026-09-01T00:19:09.735Z,0.619071882311,2026-09-01 06:04:09.735,1525.958333333333
Pulse experiments,pioreactor01,2026-09-01T00:19:14.741Z,0.6190521252,2026-09-01 06:04:14.741,1525.959722222222
Pulse experiments,pioreactor01,2026-09-01T00:19:19.743Z,0.619079806417,2026-09-01 06:04:19.743,1525.961111111111
Pulse experiments,pioreactor01,2026-09-01T00:19:24.734Z,0.619131413376,2026-09-01 06:04:24.734,1525.9625
Pulse experiments,pioreactor01,2026-09-01T00:19:34.735Z,0.619222791444,2026-09-01 06:04:34.735,1525.965277777778
Pulse experiments,pioreactor01,2026-09-01T00:19:39.735Z,0.619287543605,2026-09-01 06:04:39.735,1525.966666666667
Pulse experiments,pioreactor01,2026-09-01T00:19:44.743Z,0.619350100142,2026-09-01 06:04:44.743,1525.968055555556
Pulse experiments,pioreactor01,2026-09-01T00:19:49.736Z,0.619373394234,2026-09-01 06:04:49.736,1525.969444444444
Pulse experiments,pioreactor01,2026-09-01T00:19:54.734Z,0.619401199232,2026-09-01 06:04:54.734,1525.970833333333
Pulse experiments,pioreactor01,2026-09-01T00:19:59.735Z,0.61950361327,2026-09-01 06:04:59.735,1525.972222222222
Pulse experiments,pioreactor01,2026-09-01T00:20:04.737Z,0.619586084989,2026-09-01 06:05:04.737,1525.973611111111
Pulse experiments,pioreactor01,2026-09-01T00:20:09.760Z,0.620393925988,2026-09-01 06:05:09.760,1525.975
Pulse experiments,pioreactor01,2026-09-01T00:20:14.735Z,0.606591487966,2026-09-01 06:05:14.735,1525.976388888889
Pulse experiments,pioreactor01,2026-09-01T00:20:19.735Z,0.59772814801,2026-09-01 06:05:19.735,1525.977777777778
Pulse experiments,pioreactor01,2026-09-01T00:20:24.736Z,0.596584433001,2026-09-01 06:05:24.736,1525.979166666667
Pulse experiments,pioreactor01,2026-09-01T00:20:29.742Z,0.595480376418,2026-09-01 06:05:29.742,1525.980555555556
Pulse experiments,pioreactor01,2026-09-01T00:20:34.739Z,0.594740031104,2026-09-01 06:05:34.739,1525.981944444444
Pulse experiments,pioreactor01,2026-09-01T00:20:39.763Z,0.594257280388,2026-09-01 06:05:39.763,1525.983333333333
Pulse experiments,pioreactor01,2026-09-01T00:20:44.744Z,0.59381170762,2026-09-01 06:05:44.744,1525.984722222222
Pulse experiments,pioreactor01,2026-09-01T00:20:49.808Z,0.59351006824,2026-09-01 06:05:49.808,1525.986111111111
Pulse experiments,pioreactor01,2026-09-01T00:20:54.738Z,0.593303263944,2026-09-01 06:05:54.738,1525.9875
Pulse experiments,pioreactor01,2026-09-01T00:20:59.735Z,0.593216808325,2026-09-01 06:05:59.735,1525.988888888889
Pulse experiments,pioreactor01,2026-09-01T00:21:04.736Z,0.593076796562,2026-09-01 06:06:04.736,1525.990277777778
Pulse experiments,pioreactor01,2026-09-01T00:21:09.738Z,0.592944323258,2026-09-01 06:06:09.738,1525.991666666667
Pulse experiments,pioreactor01,2026-09-01T00:21:14.734Z,0.592980615179,2026-09-01 06:06:14.734,1525.993055555556
Pulse experiments,pioreactor01,2026-09-01T00:21:19.740Z,0.592948989678,2026-09-01 06:06:19.740,1525.994444444445
Pulse experiments,pioreactor01,2026-09-01T00:21:24.736Z,0.592911785283,2026-09-01 06:06:24.736,1525.995833333333
Pulse experiments,pioreactor01,2026-09-01T00:21:29.738Z,0.592982229898,2026-09-01 06:06:29.738,1525.997222222222
Pulse experiments,pioreactor01,2026-09-01T00:21:34.734Z,0.592950908253,2026-09-01 06:06:34.734,1525.998611111111
Pulse experiments,pioreactor01,2026-09-01T00:21:39.736Z,0.592917441503,2026-09-01 06:06:39.736,1526.0
Pulse experiments,pioreactor01,2026-09-01T00:21:44.739Z,0.592914738874,2026-09-01 06:06:44.739,1526.001388888889
Pulse experiments,pioreactor01,2026-09-01T00:21:49.738Z,0.592925657523,2026-09-01 06:06:49.738,1526.002777777778
Pulse experiments,pioreactor01,2026-09-01T00:21:54.750Z,0.592871419266,2026-09-01 06:06:54.750,1526.004166666667
Pulse experiments,pioreactor01,2026-09-01T00:21:59.737Z,0.592961467816,2026-09-01 06:06:59.737,1526.005555555555
Pulse experiments,pioreactor01,2026-09-01T00:22:04.743Z,0.593043986905,2026-09-01 06:07:04.743,1526.006944444444
Pulse experiments,pioreactor01,2026-09-01T00:22:09.738Z,0.593097749408,2026-09-01 06:07:09.738,1526.008333333333
Pulse experiments,pioreactor01,2026-09-01T00:22:14.736Z,0.593087560452,2026-09-01 06:07:14.736,1526.009722222222
Pulse experiments,pioreactor01,2026-09-01T00:22:19.735Z,0.593084805047,2026-09-01 06:07:19.735,1526.011111111111
Pulse experiments,pioreactor01,2026-09-01T00:22:24.749Z,0.593127711935,2026-09-01 06:07:24.749,1526.0125
Pulse experiments,pioreactor01,2026-09-01T00:22:29.735Z,0.593144419517,2026-09-01 06:07:29.735,1526.013888888889
Pulse experiments,pioreactor01,2026-09-01T00:22:34.735Z,0.593112062146,2026-09-01 06:07:34.735,1526.015277777778
Pulse experiments,pioreactor01,2026-09-01T00:22:39.737Z,0.593102770949,2026-09-01 06:07:39.737,1526.016666666667
Pulse experiments,pioreactor01,2026-09-01T00:22:44.734Z,0.593091372434,2026-09-01 06:07:44.734,1526.018055555556
Pulse experiments,pioreactor01,2026-09-01T00:22:49.735Z,0.593084793098,2026-09-01 06:07:49.735,1526.019444444444
Pulse experiments,pioreactor01,2026-09-01T00:22:54.741Z,0.593052300759,2026-09-01 06:07:54.741,1526.020833333333
Pulse experiments,pioreactor01,2026-09-01T00:22:59.735Z,0.593020171943,2026-09-01 06:07:59.735,1526.022222222222
Pulse experiments,pioreactor01,2026-09-01T00:23:04.746Z,0.593021618501,2026-09-01 06:08:04.746,1526.023611111111
Pulse experiments,pioreactor01,2026-09-01T00:23:09.743Z,0.593037925476,2026-09-01 06:08:09.743,1526.025
Pulse experiments,pioreactor01,2026-09-01T00:23:14.735Z,0.593100952144,2026-09-01 06:08:14.735,1526.026388888889
Pulse experiments,pioreactor01,2026-09-01T00:23:24.736Z,0.593132835528,2026-09-01 06:08:24.736,1526.029166666667
Pulse experiments,pioreactor01,2026-09-01T00:23:29.738Z,0.593210202334,2026-09-01 06:08:29.738,1526.030555555556
Pulse experiments,pioreactor01,2026-09-01T00:23:34.733Z,0.593245885453,2026-09-01 06:08:34.733,1526.031944444444
Pulse experiments,pioreactor01,2026-09-01T00:23:39.742Z,0.59330537176,2026-09-01 06:08:39.742,1526.033333333333
Pulse experiments,pioreactor01,2026-09-01T00:23:44.742Z,0.59331843125,2026-09-01 06:08:44.742,1526.034722222222
Pulse experiments,pioreactor01,2026-09-01T00:23:49.735Z,0.593382804412,2026-09-01 06:08:49.735,1526.036111111111
Pulse experiments,pioreactor01,2026-09-01T00:23:54.742Z,0.593431152728,2026-09-01 06:08:54.742,1526.0375
Pulse experiments,pioreactor01,2026-09-01T00:23:59.742Z,0.593455605109,2026-09-01 06:08:59.742,1526.038888888889
Pulse experiments,pioreactor01,2026-09-01T00:24:04.752Z,0.593482261738,2026-09-01 06:09:04.752,1526.040277777778
Pulse experiments,pioreactor01,2026-09-01T00:24:09.737Z,0.593466603422,2026-09-01 06:09:09.737,1526.041666666667
Pulse experiments,pioreactor01,2026-09-01T00:24:19.746Z,0.59355190974,2026-09-01 06:09:19.746,1526.044444444444
Pulse experiments,pioreactor01,2026-09-01T00:24:24.739Z,0.593578581638,2026-09-01 06:09:24.739,1526.045833333333
Pulse experiments,pioreactor01,2026-09-01T00:24:29.739Z,0.593619870468,2026-09-01 06:09:29.739,1526.047222222222
Pulse experiments,pioreactor01,2026-09-01T00:24:34.734Z,0.593658470561,2026-09-01 06:09:34.734,1526.048611111111
Pulse experiments,pioreactor01,2026-09-01T00:24:39.735Z,0.593722460288,2026-09-01 06:09:39.735,1526.05
Pulse experiments,pioreactor01,2026-09-01T00:24:44.735Z,0.593732392207,2026-09-01 06:09:44.735,1526.051388888889
Pulse experiments,pioreactor01,2026-09-01T00:24:49.738Z,0.593756893201,2026-09-01 06:09:49.738,1526.052777777778
Pulse experiments,pioreactor01,2026-09-01T00:24:54.735Z,0.593799450231,2026-09-01 06:09:54.735,1526.054166666667
Pulse experiments,pioreactor01,2026-09-01T00:25:04.734Z,0.593859572556,2026-09-01 06:10:04.734,1526.056944444445
Pulse experiments,pioreactor01,2026-09-01T00:25:09.752Z,0.593914857193,2026-09-01 06:10:09.752,1526.058333333333
Pulse experiments,pioreactor01,2026-09-01T00:25:14.745Z,0.593964708477,2026-09-01 06:10:14.745,1526.059722222222
Pulse experiments,pioreactor01,2026-09-01T00:25:19.735Z,0.594020448879,2026-09-01 06:10:19.735,1526.061111111111
Pulse experiments,pioreactor01,2026-09-01T00:25:24.739Z,0.59406881494,2026-09-01 06:10:24.739,1526.0625
Pulse experiments,pioreactor01,2026-09-01T00:25:29.734Z,0.59412616257,2026-09-01 06:10:29.734,1526.063888888889
Pulse experiments,pioreactor01,2026-09-01T00:25:34.743Z,0.594183966879,2026-09-01 06:10:34.743,1526.065277777778
Pulse experiments,pioreactor01,2026-09-01T00:25:39.736Z,0.594223482374,2026-09-01 06:10:39.736,1526.066666666667
Pulse experiments,pioreactor01,2026-09-01T00:25:44.738Z,0.594293760097,2026-09-01 06:10:44.738,1526.068055555555
Pulse experiments,pioreactor01,2026-09-01T00:25:49.740Z,0.594330651706,2026-09-01 06:10:49.740,1526.069444444444
Pulse experiments,pioreactor01,2026-09-01T00:25:54.737Z,0.594377107806,2026-09-01 06:10:54.737,1526.070833333333
Pulse experiments,pioreactor01,2026-09-01T00:25:59.744Z,0.594417875293,2026-09-01 06:10:59.744,1526.072222222222
Pulse experiments,pioreactor01,2026-09-01T00:26:04.740Z,0.594468971982,2026-09-01 06:11:04.740,1526.073611111111
Pulse experiments,pioreactor01,2026-09-01T00:26:14.744Z,0.594504376512,2026-09-01 06:11:14.744,1526.076388888889
Pulse experiments,pioreactor01,2026-09-01T00:26:19.735Z,0.594523166535,2026-09-01 06:11:19.735,1526.077777777778
Pulse experiments,pioreactor01,2026-09-01T00:26:24.736Z,0.594562140531,2026-09-01 06:11:24.736,1526.079166666667
Pulse experiments,pioreactor01,2026-09-01T00:26:34.735Z,0.594666650294,2026-09-01 06:11:34.735,1526.081944444444
Pulse experiments,pioreactor01,2026-09-01T00:26:44.754Z,0.594758671452,2026-09-01 06:11:44.754,1526.084722222222
Pulse experiments,pioreactor01,2026-09-01T00:26:49.734Z,0.59479650044,2026-09-01 06:11:49.734,1526.086111111111
Pulse experiments,pioreactor01,2026-09-01T00:26:54.737Z,0.594793910171,2026-09-01 06:11:54.737,1526.0875
Pulse experiments,pioreactor01,2026-09-01T00:26:59.742Z,0.594822354118,2026-09-01 06:11:59.742,1526.088888888889
Pulse experiments,pioreactor01,2026-09-01T00:27:04.735Z,0.594865895661,2026-09-01 06:12:04.735,1526.090277777778
Pulse experiments,pioreactor01,2026-09-01T00:27:09.736Z,0.594953895117,2026-09-01 06:12:09.736,1526.091666666667
Pulse experiments,pioreactor01,2026-09-01T00:27:14.734Z,0.595013481633,2026-09-01 06:12:14.734,1526.093055555556
Pulse experiments,pioreactor01,2026-09-01T00:27:19.736Z,0.595108618536,2026-09-01 06:12:19.736,1526.094444444444
Pulse experiments,pioreactor01,2026-09-01T00:27:24.734Z,0.595094318513,2026-09-01 06:12:24.734,1526.095833333333
Pulse experiments,pioreactor01,2026-09-01T00:27:29.747Z,0.595119562517,2026-09-01 06:12:29.747,1526.097222222222
Pulse experiments,pioreactor01,2026-09-01T00:27:34.744Z,0.595131872378,2026-09-01 06:12:34.744,1526.098611111111
Pulse experiments,pioreactor01,2026-09-01T00:27:39.736Z,0.5951431166,2026-09-01 06:12:39.736,1526.1
Pulse experiments,pioreactor01,2026-09-01T00:27:44.735Z,0.595135056149,2026-09-01 06:12:44.735,1526.101388888889
Pulse experiments,pioreactor01,2026-09-01T00:27:49.741Z,0.59516797327,2026-09-01 06:12:49.741,1526.102777777778
Pulse experiments,pioreactor01,2026-09-01T00:27:54.739Z,0.595168726339,2026-09-01 06:12:54.739,1526.104166666667
Pulse experiments,pioreactor01,2026-09-01T00:27:59.738Z,0.595161723809,2026-09-01 06:12:59.738,1526.105555555556
Pulse experiments,pioreactor01,2026-09-01T00:28:04.737Z,0.595195426892,2026-09-01 06:13:04.737,1526.106944444444
Pulse experiments,pioreactor01,2026-09-01T00:28:09.740Z,0.595227813931,2026-09-01 06:13:09.740,1526.108333333333
Pulse experiments,pioreactor01,2026-09-01T00:28:14.734Z,0.595277381625,2026-09-01 06:13:14.734,1526.109722222222
Pulse experiments,pioreactor01,2026-09-01T00:28:19.738Z,0.595305527072,2026-09-01 06:13:19.738,1526.111111111111
Pulse experiments,pioreactor01,2026-09-01T00:28:24.738Z,0.595293796926,2026-09-01 06:13:24.738,1526.1125
Pulse experiments,pioreactor01,2026-09-01T00:28:29.735Z,0.595320387676,2026-09-01 06:13:29.735,1526.113888888889
Pulse experiments,pioreactor01,2026-09-01T00:28:34.742Z,0.595383491475,2026-09-01 06:13:34.742,1526.115277777778
Pulse experiments,pioreactor01,2026-09-01T00:28:39.735Z,0.595441012634,2026-09-01 06:13:39.735,1526.116666666667
Pulse experiments,pioreactor01,2026-09-01T00:28:44.734Z,0.59549654272,2026-09-01 06:13:44.734,1526.118055555556
Pulse experiments,pioreactor01,2026-09-01T00:28:49.741Z,0.595533506688,2026-09-01 06:13:49.741,1526.119444444445
Pulse experiments,pioreactor01,2026-09-01T00:28:54.739Z,0.595566271402,2026-09-01 06:13:54.739,1526.120833333333
Pulse experiments,pioreactor01,2026-09-01T00:28:59.734Z,0.595594974879,2026-09-01 06:13:59.734,1526.122222222222
Pulse experiments,pioreactor01,2026-09-01T00:29:04.735Z,0.595655538921,2026-09-01 06:14:04.735,1526.123611111111
Pulse experiments,pioreactor01,2026-09-01T00:29:09.738Z,0.595745393655,2026-09-01 06:14:09.738,1526.125
Pulse experiments,pioreactor01,2026-09-01T00:29:14.736Z,0.595843795477,2026-09-01 06:14:14.736,1526.126388888889
Pulse experiments,pioreactor01,2026-09-01T00:29:19.739Z,0.595890343919,2026-09-01 06:14:19.739,1526.127777777778
Pulse experiments,pioreactor01,2026-09-01T00:29:24.735Z,0.595942135221,2026-09-01 06:14:24.735,1526.129166666667
Pulse experiments,pioreactor01,2026-09-01T00:29:29.735Z,0.595967834238,2026-09-01 06:14:29.735,1526.130555555555
Pulse experiments,pioreactor01,2026-09-01T00:29:34.743Z,0.596024055443,2026-09-01 06:14:34.743,1526.131944444444
Pulse experiments,pioreactor01,2026-09-01T00:29:39.747Z,0.596096319268,2026-09-01 06:14:39.747,1526.133333333333
Pulse experiments,pioreactor01,2026-09-01T00:29:44.735Z,0.596127846245,2026-09-01 06:14:44.735,1526.134722222222
Pulse experiments,pioreactor01,2026-09-01T00:29:49.736Z,0.596153134506,2026-09-01 06:14:49.736,1526.136111111111
Pulse experiments,pioreactor01,2026-09-01T00:29:54.746Z,0.596175964894,2026-09-01 06:14:54.746,1526.1375
Pulse experiments,pioreactor01,2026-09-01T00:29:59.735Z,0.596205562791,2026-09-01 06:14:59.735,1526.138888888889
Pulse experiments,pioreactor01,2026-09-01T00:30:04.742Z,0.596218370997,2026-09-01 06:15:04.742,1526.140277777778
Pulse experiments,pioreactor01,2026-09-01T00:30:09.736Z,0.596268614879,2026-09-01 06:15:09.736,1526.141666666667
Pulse experiments,pioreactor01,2026-09-01T00:30:14.741Z,0.596349451144,2026-09-01 06:15:14.741,1526.143055555556
Pulse experiments,pioreactor01,2026-09-01T00:30:19.763Z,0.598305565173,2026-09-01 06:15:19.763,1526.144444444444
Pulse experiments,pioreactor01,2026-09-01T00:30:24.752Z,0.588194133879,2026-09-01 06:15:24.752,1526.145833333333
Pulse experiments,pioreactor01,2026-09-01T00:30:29.743Z,0.581052135944,2026-09-01 06:15:29.743,1526.147222222222
Pulse experiments,pioreactor01,2026-09-01T00:30:34.738Z,0.580314863203,2026-09-01 06:15:34.738,1526.148611111111
Pulse experiments,pioreactor01,2026-09-01T00:30:39.740Z,0.580183436538,2026-09-01 06:15:39.740,1526.15
Pulse experiments,pioreactor01,2026-09-01T00:30:44.763Z,0.580223122995,2026-09-01 06:15:44.763,1526.151388888889
Pulse experiments,pioreactor01,2026-09-01T00:30:49.742Z,0.579947524361,2026-09-01 06:15:49.742,1526.152777777778
Pulse experiments,pioreactor01,2026-09-01T00:30:54.735Z,0.579734486422,2026-09-01 06:15:54.735,1526.154166666667
Pulse experiments,pioreactor01,2026-09-01T00:30:59.737Z,0.579743312918,2026-09-01 06:15:59.737,1526.155555555556
Pulse experiments,pioreactor01,2026-09-01T00:31:04.734Z,0.579706938385,2026-09-01 06:16:04.734,1526.156944444444
Pulse experiments,pioreactor01,2026-09-01T00:31:09.739Z,0.579761277809,2026-09-01 06:16:09.739,1526.158333333333
Pulse experiments,pioreactor01,2026-09-01T00:31:14.740Z,0.579803199985,2026-09-01 06:16:14.740,1526.159722222222
Pulse experiments,pioreactor01,2026-09-01T00:31:19.739Z,0.579906202572,2026-09-01 06:16:19.739,1526.161111111111
Pulse experiments,pioreactor01,2026-09-01T00:31:24.735Z,0.580073077508,2026-09-01 06:16:24.735,1526.1625
Pulse experiments,pioreactor01,2026-09-01T00:31:29.735Z,0.580181962351,2026-09-01 06:16:29.735,1526.163888888889
Pulse experiments,pioreactor01,2026-09-01T00:31:34.737Z,0.5801523618,2026-09-01 06:16:34.737,1526.165277777778
Pulse experiments,pioreactor01,2026-09-01T00:31:39.735Z,0.580127531227,2026-09-01 06:16:39.735,1526.166666666667
Pulse experiments,pioreactor01,2026-09-01T00:31:44.736Z,0.580096462519,2026-09-01 06:16:44.736,1526.168055555556
Pulse experiments,pioreactor01,2026-09-01T00:31:49.740Z,0.580002847639,2026-09-01 06:16:49.740,1526.169444444444
Pulse experiments,pioreactor01,2026-09-01T00:31:54.735Z,0.579896951238,2026-09-01 06:16:54.735,1526.170833333333
Pulse experiments,pioreactor01,2026-09-01T00:31:59.735Z,0.579803189932,2026-09-01 06:16:59.735,1526.172222222222
Pulse experiments,pioreactor01,2026-09-01T00:32:04.766Z,0.579782149593,2026-09-01 06:17:04.766,1526.173611111111
Pulse experiments,pioreactor01,2026-09-01T00:32:09.738Z,0.579802022007,2026-09-01 06:17:09.738,1526.175
Pulse experiments,pioreactor01,2026-09-01T00:32:14.735Z,0.579762357258,2026-09-01 06:17:14.735,1526.176388888889
Pulse experiments,pioreactor01,2026-09-01T00:32:19.736Z,0.579760004944,2026-09-01 06:17:19.736,1526.177777777778
Pulse experiments,pioreactor01,2026-09-01T00:32:24.740Z,0.579769061754,2026-09-01 06:17:24.740,1526.179166666667
Pulse experiments,pioreactor01,2026-09-01T00:32:29.736Z,0.579780221911,2026-09-01 06:17:29.736,1526.180555555556
Pulse experiments,pioreactor01,2026-09-01T00:32:34.736Z,0.579792653697,2026-09-01 06:17:34.736,1526.181944444445
Pulse experiments,pioreactor01,2026-09-01T00:32:39.734Z,0.579792216256,2026-09-01 06:17:39.734,1526.183333333333
Pulse experiments,pioreactor01,2026-09-01T00:32:44.736Z,0.579809940044,2026-09-01 06:17:44.736,1526.184722222222
Pulse experiments,pioreactor01,2026-09-01T00:32:49.736Z,0.579830498613,2026-09-01 06:17:49.736,1526.186111111111
Pulse experiments,pioreactor01,2026-09-01T00:32:54.735Z,0.579822309102,2026-09-01 06:17:54.735,1526.1875
Pulse experiments,pioreactor01,2026-09-01T00:32:59.740Z,0.57979684324,2026-09-01 06:17:59.740,1526.188888888889
Pulse experiments,pioreactor01,2026-09-01T00:33:04.743Z,0.579831432689,2026-09-01 06:18:04.743,1526.190277777778
Pulse experiments,pioreactor01,2026-09-01T00:33:09.734Z,0.579927158282,2026-09-01 06:18:09.734,1526.191666666667
Pulse experiments,pioreactor01,2026-09-01T00:33:14.736Z,0.580002860275,2026-09-01 06:18:14.736,1526.193055555555
Pulse experiments,pioreactor01,2026-09-01T00:33:19.734Z,0.580077971062,2026-09-01 06:18:19.734,1526.194444444444
Pulse experiments,pioreactor01,2026-09-01T00:33:24.741Z,0.58014211367,2026-09-01 06:18:24.741,1526.195833333333
Pulse experiments,pioreactor01,2026-09-01T00:33:29.735Z,0.580193213509,2026-09-01 06:18:29.735,1526.197222222222
Pulse experiments,pioreactor01,2026-09-01T00:33:34.734Z,0.580239869171,2026-09-01 06:18:34.734,1526.198611111111
Pulse experiments,pioreactor01,2026-09-01T00:33:39.740Z,0.580304534523,2026-09-01 06:18:39.740,1526.2
Pulse experiments,pioreactor01,2026-09-01T00:33:49.735Z,0.580420235898,2026-09-01 06:18:49.735,1526.202777777778
Pulse experiments,pioreactor01,2026-09-01T00:33:54.734Z,0.580470934443,2026-09-01 06:18:54.734,1526.204166666667
Pulse experiments,pioreactor01,2026-09-01T00:33:59.739Z,0.580511239959,2026-09-01 06:18:59.739,1526.205555555556
Pulse experiments,pioreactor01,2026-09-01T00:34:04.744Z,0.58051391161,2026-09-01 06:19:04.744,1526.206944444444
Pulse experiments,pioreactor01,2026-09-01T00:34:09.742Z,0.580546155428,2026-09-01 06:19:09.742,1526.208333333333
Pulse experiments,pioreactor01,2026-09-01T00:34:14.743Z,0.580633310285,2026-09-01 06:19:14.743,1526.209722222222
Pulse experiments,pioreactor01,2026-09-01T00:34:19.757Z,0.580691446615,2026-09-01 06:19:19.757,1526.211111111111
Pulse experiments,pioreactor01,2026-09-01T00:34:24.755Z,0.580721018262,2026-09-01 06:19:24.755,1526.2125
Pulse experiments,pioreactor01,2026-09-01T00:34:29.741Z,0.580754371287,2026-09-01 06:19:29.741,1526.213888888889
Pulse experiments,pioreactor01,2026-09-01T00:34:34.738Z,0.580816104929,2026-09-01 06:19:34.738,1526.215277777778
Pulse experiments,pioreactor01,2026-09-01T00:34:39.744Z,0.580862555138,2026-09-01 06:19:39.744,1526.216666666667
Pulse experiments,pioreactor01,2026-09-01T00:34:44.760Z,0.580895234098,2026-09-01 06:19:44.760,1526.218055555556
Pulse experiments,pioreactor01,2026-09-01T00:34:49.735Z,0.580881730847,2026-09-01 06:19:49.735,1526.219444444444
Pulse experiments,pioreactor01,2026-09-01T00:34:54.734Z,0.580929759,2026-09-01 06:19:54.734,1526.220833333333
Pulse experiments,pioreactor01,2026-09-01T00:35:04.739Z,0.581024448999,2026-09-01 06:20:04.739,1526.223611111111
Pulse experiments,pioreactor01,2026-09-01T00:35:09.739Z,0.581037987332,2026-09-01 06:20:09.739,1526.225
Pulse experiments,pioreactor01,2026-09-01T00:35:14.738Z,0.581063734777,2026-09-01 06:20:14.738,1526.226388888889
Pulse experiments,pioreactor01,2026-09-01T00:35:19.738Z,0.581058957351,2026-09-01 06:20:19.738,1526.227777777778
Pulse experiments,pioreactor01,2026-09-01T00:35:24.734Z,0.581057099027,2026-09-01 06:20:24.734,1526.229166666667
Pulse experiments,pioreactor01,2026-09-01T00:35:29.740Z,0.581082910556,2026-09-01 06:20:29.740,1526.230555555556
Pulse experiments,pioreactor01,2026-09-01T00:35:34.735Z,0.581059933384,2026-09-01 06:20:34.735,1526.231944444444
Pulse experiments,pioreactor01,2026-09-01T00:35:39.738Z,0.58103803818,2026-09-01 06:20:39.738,1526.233333333333
Pulse experiments,pioreactor01,2026-09-01T00:35:44.735Z,0.581040987775,2026-09-01 06:20:44.735,1526.234722222222
Pulse experiments,pioreactor01,2026-09-01T00:35:49.738Z,0.581082251984,2026-09-01 06:20:49.738,1526.236111111111
Pulse experiments,pioreactor01,2026-09-01T00:35:54.735Z,0.581133299329,2026-09-01 06:20:54.735,1526.2375
Pulse experiments,pioreactor01,2026-09-01T00:35:59.734Z,0.581133417115,2026-09-01 06:20:59.734,1526.238888888889
Pulse experiments,pioreactor01,2026-09-01T00:36:04.734Z,0.581181865661,2026-09-01 06:21:04.734,1526.240277777778
Pulse experiments,pioreactor01,2026-09-01T00:36:09.756Z,0.58122552294,2026-09-01 06:21:09.756,1526.241666666667
Pulse experiments,pioreactor01,2026-09-01T00:36:14.741Z,0.581272424533,2026-09-01 06:21:14.741,1526.243055555556
Pulse experiments,pioreactor01,2026-09-01T00:36:19.740Z,0.581293606831,2026-09-01 06:21:19.740,1526.244444444445
Pulse experiments,pioreactor01,2026-09-01T00:36:24.741Z,0.581343860449,2026-09-01 06:21:24.741,1526.245833333333
Pulse experiments,pioreactor01,2026-09-01T00:36:34.758Z,0.581415562202,2026-09-01 06:21:34.758,1526.248611111111
Pulse experiments,pioreactor01,2026-09-01T00:36:39.734Z,0.58142216552,2026-09-01 06:21:39.734,1526.25
Pulse experiments,pioreactor01,2026-09-01T00:36:44.736Z,0.581425083804,2026-09-01 06:21:44.736,1526.251388888889
Pulse experiments,pioreactor01,2026-09-01T00:36:49.746Z,0.581435153333,2026-09-01 06:21:49.746,1526.252777777778
Pulse experiments,pioreactor01,2026-09-01T00:36:54.733Z,0.581473193074,2026-09-01 06:21:54.733,1526.254166666667
Pulse experiments,pioreactor01,2026-09-01T00:36:59.735Z,0.581520487041,2026-09-01 06:21:59.735,1526.255555555555
Pulse experiments,pioreactor01,2026-09-01T00:37:04.735Z,0.581576934358,2026-09-01 06:22:04.735,1526.256944444444
Pulse experiments,pioreactor01,2026-09-01T00:37:09.736Z,0.581638375786,2026-09-01 06:22:09.736,1526.258333333333
Pulse experiments,pioreactor01,2026-09-01T00:37:14.736Z,0.581718828165,2026-09-01 06:22:14.736,1526.259722222222
Pulse experiments,pioreactor01,2026-09-01T00:37:19.735Z,0.581805222834,2026-09-01 06:22:19.735,1526.261111111111
Pulse experiments,pioreactor01,2026-09-01T00:37:24.733Z,0.581861977093,2026-09-01 06:22:24.733,1526.2625
Pulse experiments,pioreactor01,2026-09-01T00:37:29.737Z,0.581894992465,2026-09-01 06:22:29.737,1526.263888888889
Pulse experiments,pioreactor01,2026-09-01T00:37:34.740Z,0.581921402479,2026-09-01 06:22:34.740,1526.265277777778
Pulse experiments,pioreactor01,2026-09-01T00:37:39.740Z,0.581943174598,2026-09-01 06:22:39.740,1526.266666666667
Pulse experiments,pioreactor01,2026-09-01T00:37:44.750Z,0.581925493857,2026-09-01 06:22:44.750,1526.268055555556
Pulse experiments,pioreactor01,2026-09-01T00:37:49.754Z,0.581969447685,2026-09-01 06:22:49.754,1526.269444444444
Pulse experiments,pioreactor01,2026-09-01T00:37:54.740Z,0.5820040668,2026-09-01 06:22:54.740,1526.270833333333
Pulse experiments,pioreactor01,2026-09-01T00:37:59.740Z,0.582070288382,2026-09-01 06:22:59.740,1526.272222222222
Pulse experiments,pioreactor01,2026-09-01T00:38:04.738Z,0.582101486742,2026-09-01 06:23:04.738,1526.273611111111
Pulse experiments,pioreactor01,2026-09-01T00:38:09.734Z,0.582129145092,2026-09-01 06:23:09.734,1526.275
Pulse experiments,pioreactor01,2026-09-01T00:38:14.755Z,0.582152856415,2026-09-01 06:23:14.755,1526.276388888889
Pulse experiments,pioreactor01,2026-09-01T00:38:19.739Z,0.582123121376,2026-09-01 06:23:19.739,1526.277777777778
Pulse experiments,pioreactor01,2026-09-01T00:38:24.735Z,0.582148827623,2026-09-01 06:23:24.735,1526.279166666667
Pulse experiments,pioreactor01,2026-09-01T00:38:29.735Z,0.582207091695,2026-09-01 06:23:29.735,1526.280555555556
Pulse experiments,pioreactor01,2026-09-01T00:38:34.734Z,0.582270959273,2026-09-01 06:23:34.734,1526.281944444444
Pulse experiments,pioreactor01,2026-09-01T00:38:39.739Z,0.582258098893,2026-09-01 06:23:39.739,1526.283333333333
Pulse experiments,pioreactor01,2026-09-01T00:38:54.734Z,0.582359527445,2026-09-01 06:23:54.734,1526.2875
Pulse experiments,pioreactor01,2026-09-01T00:38:59.735Z,0.582397156105,2026-09-01 06:23:59.735,1526.288888888889
Pulse experiments,pioreactor01,2026-09-01T00:39:04.734Z,0.582442156862,2026-09-01 06:24:04.734,1526.290277777778
Pulse experiments,pioreactor01,2026-09-01T00:39:09.737Z,0.582491243846,2026-09-01 06:24:09.737,1526.291666666667
Pulse experiments,pioreactor01,2026-09-01T00:39:14.734Z,0.582558124028,2026-09-01 06:24:14.734,1526.293055555556
Pulse experiments,pioreactor01,2026-09-01T00:39:19.741Z,0.582591590855,2026-09-01 06:24:19.741,1526.294444444444
Pulse experiments,pioreactor01,2026-09-01T00:39:24.735Z,0.582580932096,2026-09-01 06:24:24.735,1526.295833333333
Pulse experiments,pioreactor01,2026-09-01T00:39:29.742Z,0.58255218659,2026-09-01 06:24:29.742,1526.297222222222
Pulse experiments,pioreactor01,2026-09-01T00:39:34.739Z,0.582518995165,2026-09-01 06:24:34.739,1526.298611111111
Pulse experiments,pioreactor01,2026-09-01T00:39:39.734Z,0.58251407254,2026-09-01 06:24:39.734,1526.3
Pulse experiments,pioreactor01,2026-09-01T00:39:44.740Z,0.582551864559,2026-09-01 06:24:44.740,1526.301388888889
Pulse experiments,pioreactor01,2026-09-01T00:39:49.734Z,0.582561802263,2026-09-01 06:24:49.734,1526.302777777778
Pulse experiments,pioreactor01,2026-09-01T00:39:54.736Z,0.582578286011,2026-09-01 06:24:54.736,1526.304166666667
Pulse experiments,pioreactor01,2026-09-01T00:39:59.739Z,0.582612486632,2026-09-01 06:24:59.739,1526.305555555556
Pulse experiments,pioreactor01,2026-09-01T00:40:04.735Z,0.582691813042,2026-09-01 06:25:04.735,1526.306944444445
Pulse experiments,pioreactor01,2026-09-01T00:40:09.735Z,0.582739516141,2026-09-01 06:25:09.735,1526.308333333333
Pulse experiments,pioreactor01,2026-09-01T00:40:14.734Z,0.582759528968,2026-09-01 06:25:14.734,1526.309722222222
Pulse experiments,pioreactor01,2026-09-01T00:40:19.747Z,0.58281598589,2026-09-01 06:25:19.747,1526.311111111111
Pulse experiments,pioreactor01,2026-09-01T00:40:24.736Z,0.582854313819,2026-09-01 06:25:24.736,1526.3125
Pulse experiments,pioreactor01,2026-09-01T00:40:29.738Z,0.582907637394,2026-09-01 06:25:29.738,1526.313888888889
Pulse experiments,pioreactor01,2026-09-01T00:40:34.742Z,0.582951523335,2026-09-01 06:25:34.742,1526.315277777778
Pulse experiments,pioreactor01,2026-09-01T00:40:44.736Z,0.583031130945,2026-09-01 06:25:44.736,1526.318055555555
Pulse experiments,pioreactor01,2026-09-01T00:40:49.740Z,0.583107400044,2026-09-01 06:25:49.740,1526.319444444444
Pulse experiments,pioreactor01,2026-09-01T00:40:54.740Z,0.583169114003,2026-09-01 06:25:54.740,1526.320833333333
Pulse experiments,pioreactor01,2026-09-01T00:40:59.739Z,0.583146003472,2026-09-01 06:25:59.739,1526.322222222222
Pulse experiments,pioreactor01,2026-09-01T00:41:04.738Z,0.583154058117,2026-09-01 06:26:04.738,1526.323611111111
Pulse experiments,pioreactor01,2026-09-01T00:41:09.738Z,0.583190965326,2026-09-01 06:26:09.738,1526.325
Pulse experiments,pioreactor01,2026-09-01T00:41:14.749Z,0.583227378092,2026-09-01 06:26:14.749,1526.326388888889
Pulse experiments,pioreactor01,2026-09-01T00:41:19.735Z,0.583267342413,2026-09-01 06:26:19.735,1526.327777777778
Pulse experiments,pioreactor01,2026-09-01T00:41:24.739Z,0.583315035033,2026-09-01 06:26:24.739,1526.329166666667
Pulse experiments,pioreactor01,2026-09-01T00:41:29.741Z,0.583348891367,2026-09-01 06:26:29.741,1526.330555555556
Pulse experiments,pioreactor01,2026-09-01T00:41:34.744Z,0.583402267499,2026-09-01 06:26:34.744,1526.331944444444
Pulse experiments,pioreactor01,2026-09-01T00:41:39.738Z,0.583435919406,2026-09-01 06:26:39.738,1526.333333333333
Pulse experiments,pioreactor01,2026-09-01T00:41:44.735Z,0.583456927706,2026-09-01 06:26:44.735,1526.334722222222
Pulse experiments,pioreactor01,2026-09-01T00:41:49.738Z,0.583492893232,2026-09-01 06:26:49.738,1526.336111111111
Pulse experiments,pioreactor01,2026-09-01T00:41:54.739Z,0.583550961356,2026-09-01 06:26:54.739,1526.3375
Pulse experiments,pioreactor01,2026-09-01T00:41:59.736Z,0.583593860956,2026-09-01 06:26:59.736,1526.338888888889
Pulse experiments,pioreactor01,2026-09-01T00:42:04.734Z,0.583664584071,2026-09-01 06:27:04.734,1526.340277777778
Pulse experiments,pioreactor01,2026-09-01T00:42:09.748Z,0.58371643896,2026-09-01 06:27:09.748,1526.341666666667
Pulse experiments,pioreactor01,2026-09-01T00:42:14.741Z,0.583774233618,2026-09-01 06:27:14.741,1526.343055555556
Pulse experiments,pioreactor01,2026-09-01T00:42:19.736Z,0.583796437392,2026-09-01 06:27:19.736,1526.344444444444
Pulse experiments,pioreactor01,2026-09-01T00:42:24.733Z,0.58382737988,2026-09-01 06:27:24.733,1526.345833333333
Pulse experiments,pioreactor01,2026-09-01T00:42:29.736Z,0.583827984442,2026-09-01 06:27:29.736,1526.347222222222
Pulse experiments,pioreactor01,2026-09-01T00:42:34.738Z,0.583825985714,2026-09-01 06:27:34.738,1526.348611111111
Pulse experiments,pioreactor01,2026-09-01T00:42:39.736Z,0.583812384111,2026-09-01 06:27:39.736,1526.35
Pulse experiments,pioreactor01,2026-09-01T00:42:44.735Z,0.583785399862,2026-09-01 06:27:44.735,1526.351388888889
Pulse experiments,pioreactor01,2026-09-01T00:42:49.740Z,0.583755038607,2026-09-01 06:27:49.740,1526.352777777778
Pulse experiments,pioreactor01,2026-09-01T00:42:54.736Z,0.583759132261,2026-09-01 06:27:54.736,1526.354166666667
Pulse experiments,pioreactor01,2026-09-01T00:42:59.734Z,0.583762248619,2026-09-01 06:27:59.734,1526.355555555556
Pulse experiments,pioreactor01,2026-09-01T00:43:04.736Z,0.583791714158,2026-09-01 06:28:04.736,1526.356944444444
Pulse experiments,pioreactor01,2026-09-01T00:43:09.754Z,0.583792493359,2026-09-01 06:28:09.754,1526.358333333333
Pulse experiments,pioreactor01,2026-09-01T00:43:14.740Z,0.583863007977,2026-09-01 06:28:14.740,1526.359722222222
Pulse experiments,pioreactor01,2026-09-01T00:43:19.740Z,0.583939295495,2026-09-01 06:28:19.740,1526.361111111111
Pulse experiments,pioreactor01,2026-09-01T00:43:24.734Z,0.583970402219,2026-09-01 06:28:24.734,1526.3625
Pulse experiments,pioreactor01,2026-09-01T00:43:29.751Z,0.583988670538,2026-09-01 06:28:29.751,1526.363888888889
Pulse experiments,pioreactor01,2026-09-01T00:43:34.743Z,0.584053124864,2026-09-01 06:28:34.743,1526.365277777778
Pulse experiments,pioreactor01,2026-09-01T00:43:39.734Z,0.584139205703,2026-09-01 06:28:39.734,1526.366666666667
Pulse experiments,pioreactor01,2026-09-01T00:43:44.737Z,0.58417673327,2026-09-01 06:28:44.737,1526.368055555556
Pulse experiments,pioreactor01,2026-09-01T00:43:49.741Z,0.584200504423,2026-09-01 06:28:49.741,1526.369444444445
Pulse experiments,pioreactor01,2026-09-01T00:43:54.735Z,0.584211359815,2026-09-01 06:28:54.735,1526.370833333333
Pulse experiments,pioreactor01,2026-09-01T00:43:59.745Z,0.584242047171,2026-09-01 06:28:59.745,1526.372222222222
Pulse experiments,pioreactor01,2026-09-01T00:44:04.734Z,0.584270579345,2026-09-01 06:29:04.734,1526.373611111111
Pulse experiments,pioreactor01,2026-09-01T00:44:09.737Z,0.584311840273,2026-09-01 06:29:09.737,1526.375
Pulse experiments,pioreactor01,2026-09-01T00:44:14.734Z,0.584348823756,2026-09-01 06:29:14.734,1526.376388888889
Pulse experiments,pioreactor01,2026-09-01T00:44:19.737Z,0.584381157883,2026-09-01 06:29:19.737,1526.377777777778
Pulse experiments,pioreactor01,2026-09-01T00:44:24.739Z,0.584421225093,2026-09-01 06:29:24.739,1526.379166666667
Pulse experiments,pioreactor01,2026-09-01T00:44:29.734Z,0.584445322083,2026-09-01 06:29:29.734,1526.380555555555
Pulse experiments,pioreactor01,2026-09-01T00:44:34.734Z,0.584444639071,2026-09-01 06:29:34.734,1526.381944444444
Pulse experiments,pioreactor01,2026-09-01T00:44:39.738Z,0.584460152254,2026-09-01 06:29:39.738,1526.383333333333
Pulse experiments,pioreactor01,2026-09-01T00:44:44.742Z,0.584496990234,2026-09-01 06:29:44.742,1526.384722222222
Pulse experiments,pioreactor01,2026-09-01T00:44:49.743Z,0.584506325313,2026-09-01 06:29:49.743,1526.386111111111
Pulse experiments,pioreactor01,2026-09-01T00:44:54.739Z,0.584516319578,2026-09-01 06:29:54.739,1526.3875
Pulse experiments,pioreactor01,2026-09-01T00:44:59.735Z,0.584557071593,2026-09-01 06:29:59.735,1526.388888888889
Pulse experiments,pioreactor01,2026-09-01T00:45:04.737Z,0.58456061467,2026-09-01 06:30:04.737,1526.390277777778
Pulse experiments,pioreactor01,2026-09-01T00:45:09.738Z,0.584580512796,2026-09-01 06:30:09.738,1526.391666666667
Pulse experiments,pioreactor01,2026-09-01T00:45:14.737Z,0.58463540077,2026-09-01 06:30:14.737,1526.393055555556
Pulse experiments,pioreactor01,2026-09-01T00:45:19.735Z,0.584693808186,2026-09-01 06:30:19.735,1526.394444444444
Pulse experiments,pioreactor01,2026-09-01T00:45:24.738Z,0.584677933365,2026-09-01 06:30:24.738,1526.395833333333
Pulse experiments,pioreactor01,2026-09-01T00:45:34.743Z,0.584729863843,2026-09-01 06:30:34.743,1526.398611111111
Pulse experiments,pioreactor01,2026-09-01T00:45:39.748Z,0.584746065181,2026-09-01 06:30:39.748,1526.4
Pulse experiments,pioreactor01,2026-09-01T00:45:44.736Z,0.584763881012,2026-09-01 06:30:44.736,1526.401388888889
Pulse experiments,pioreactor01,2026-09-01T00:45:49.734Z,0.584772268829,2026-09-01 06:30:49.734,1526.402777777778
Pulse experiments,pioreactor01,2026-09-01T00:45:54.736Z,0.584811678568,2026-09-01 06:30:54.736,1526.404166666667
Pulse experiments,pioreactor01,2026-09-01T00:45:59.740Z,0.584840236402,2026-09-01 06:30:59.740,1526.405555555556
Pulse experiments,pioreactor01,2026-09-01T00:46:04.737Z,0.584848557733,2026-09-01 06:31:04.737,1526.406944444444
Pulse experiments,pioreactor01,2026-09-01T00:46:09.748Z,0.584841305285,2026-09-01 06:31:09.748,1526.408333333333
Pulse experiments,pioreactor01,2026-09-01T00:46:14.737Z,0.584868410336,2026-09-01 06:31:14.737,1526.409722222222
Pulse experiments,pioreactor01,2026-09-01T00:46:19.737Z,0.584902500044,2026-09-01 06:31:19.737,1526.411111111111
Pulse experiments,pioreactor01,2026-09-01T00:46:24.738Z,0.584854122289,2026-09-01 06:31:24.738,1526.4125
Pulse experiments,pioreactor01,2026-09-01T00:46:29.737Z,0.584879588823,2026-09-01 06:31:29.737,1526.413888888889
Pulse experiments,pioreactor01,2026-09-01T00:46:34.738Z,0.584931855516,2026-09-01 06:31:34.738,1526.415277777778
Pulse experiments,pioreactor01,2026-09-01T00:46:39.738Z,0.584976189767,2026-09-01 06:31:39.738,1526.416666666667
Pulse experiments,pioreactor01,2026-09-01T00:46:44.735Z,0.585015918432,2026-09-01 06:31:44.735,1526.418055555556
Pulse experiments,pioreactor01,2026-09-01T00:46:49.737Z,0.585072855623,2026-09-01 06:31:49.737,1526.419444444444
Pulse experiments,pioreactor01,2026-09-01T00:46:54.734Z,0.585118492771,2026-09-01 06:31:54.734,1526.420833333333
Pulse experiments,pioreactor01,2026-09-01T00:46:59.739Z,0.585175888211,2026-09-01 06:31:59.739,1526.422222222222
Pulse experiments,pioreactor01,2026-09-01T00:47:04.738Z,0.585209245219,2026-09-01 06:32:04.738,1526.423611111111
Pulse experiments,pioreactor01,2026-09-01T00:47:09.734Z,0.585260967029,2026-09-01 06:32:09.734,1526.425
Pulse experiments,pioreactor01,2026-09-01T00:47:19.760Z,0.585314635065,2026-09-01 06:32:19.760,1526.427777777778
Pulse experiments,pioreactor01,2026-09-01T00:47:24.740Z,0.585350916287,2026-09-01 06:32:24.740,1526.429166666667
Pulse experiments,pioreactor01,2026-09-01T00:47:29.741Z,0.58541577245,2026-09-01 06:32:29.741,1526.430555555556
Pulse experiments,pioreactor01,2026-09-01T00:47:34.768Z,0.58544161357,2026-09-01 06:32:34.768,1526.431944444445
Pulse experiments,pioreactor01,2026-09-01T00:47:39.741Z,0.585469733705,2026-09-01 06:32:39.741,1526.433333333333
Pulse experiments,pioreactor01,2026-09-01T00:47:44.738Z,0.585479282949,2026-09-01 06:32:44.738,1526.434722222222
Pulse experiments,pioreactor01,2026-09-01T00:47:49.741Z,0.585478646856,2026-09-01 06:32:49.741,1526.436111111111
Pulse experiments,pioreactor01,2026-09-01T00:47:54.741Z,0.585499352624,2026-09-01 06:32:54.741,1526.4375
Pulse experiments,pioreactor01,2026-09-01T00:47:59.744Z,0.585533414417,2026-09-01 06:32:59.744,1526.438888888889
Pulse experiments,pioreactor01,2026-09-01T00:48:04.734Z,0.585563525231,2026-09-01 06:33:04.734,1526.440277777778
Pulse experiments,pioreactor01,2026-09-01T00:48:09.735Z,0.58557717719,2026-09-01 06:33:09.735,1526.441666666667
Pulse experiments,pioreactor01,2026-09-01T00:48:14.735Z,0.585573673312,2026-09-01 06:33:14.735,1526.443055555555
Pulse experiments,pioreactor01,2026-09-01T00:48:19.739Z,0.585590159153,2026-09-01 06:33:19.739,1526.444444444444
Pulse experiments,pioreactor01,2026-09-01T00:48:24.740Z,0.585593967793,2026-09-01 06:33:24.740,1526.445833333333
Pulse experiments,pioreactor01,2026-09-01T00:48:29.734Z,0.585607409361,2026-09-01 06:33:29.734,1526.447222222222
Pulse experiments,pioreactor01,2026-09-01T00:48:34.740Z,0.585639166614,2026-09-01 06:33:34.740,1526.448611111111
Pulse experiments,pioreactor01,2026-09-01T00:48:39.736Z,0.585636451049,2026-09-01 06:33:39.736,1526.45
Pulse experiments,pioreactor01,2026-09-01T00:48:44.743Z,0.58566473665,2026-09-01 06:33:44.743,1526.451388888889
Pulse experiments,pioreactor01,2026-09-01T00:48:49.734Z,0.585675283213,2026-09-01 06:33:49.734,1526.452777777778
Pulse experiments,pioreactor01,2026-09-01T00:48:54.741Z,0.58567774487,2026-09-01 06:33:54.741,1526.454166666667
Pulse experiments,pioreactor01,2026-09-01T00:48:59.734Z,0.5856861908,2026-09-01 06:33:59.734,1526.455555555556
Pulse experiments,pioreactor01,2026-09-01T00:49:09.738Z,0.585726577279,2026-09-01 06:34:09.738,1526.458333333333
Pulse experiments,pioreactor01,2026-09-01T00:49:14.745Z,0.585751308871,2026-09-01 06:34:14.745,1526.459722222222
Pulse experiments,pioreactor01,2026-09-01T00:49:19.736Z,0.585763495803,2026-09-01 06:34:19.736,1526.461111111111
Pulse experiments,pioreactor01,2026-09-01T00:49:24.738Z,0.585758870113,2026-09-01 06:34:24.738,1526.4625
Pulse experiments,pioreactor01,2026-09-01T00:49:29.734Z,0.585757028832,2026-09-01 06:34:29.734,1526.463888888889
Pulse experiments,pioreactor01,2026-09-01T00:49:34.739Z,0.585739805409,2026-09-01 06:34:34.739,1526.465277777778
Pulse experiments,pioreactor01,2026-09-01T00:49:39.734Z,0.585738825159,2026-09-01 06:34:39.734,1526.466666666667
Pulse experiments,pioreactor01,2026-09-01T00:49:44.742Z,0.585785506831,2026-09-01 06:34:44.742,1526.468055555556
Pulse experiments,pioreactor01,2026-09-01T00:49:49.736Z,0.585833216127,2026-09-01 06:34:49.736,1526.469444444444
Pulse experiments,pioreactor01,2026-09-01T00:49:54.736Z,0.585867702633,2026-09-01 06:34:54.736,1526.470833333333
Pulse experiments,pioreactor01,2026-09-01T00:49:59.741Z,0.585891897878,2026-09-01 06:34:59.741,1526.472222222222
Pulse experiments,pioreactor01,2026-09-01T00:50:04.735Z,0.585894555785,2026-09-01 06:35:04.735,1526.473611111111
Pulse experiments,pioreactor01,2026-09-01T00:50:09.735Z,0.585938702089,2026-09-01 06:35:09.735,1526.475
Pulse experiments,pioreactor01,2026-09-01T00:50:14.734Z,0.585984539342,2026-09-01 06:35:14.734,1526.476388888889
Pulse experiments,pioreactor01,2026-09-01T00:50:19.741Z,0.586014651379,2026-09-01 06:35:19.741,1526.477777777778
Pulse experiments,pioreactor01,2026-09-01T00:50:24.743Z,0.58607979221,2026-09-01 06:35:24.743,1526.479166666667
Pulse experiments,pioreactor01,2026-09-01T00:50:29.734Z,0.586114313625,2026-09-01 06:35:29.734,1526.480555555556
Pulse experiments,pioreactor01,2026-09-01T00:50:39.734Z,0.586154245922,2026-09-01 06:35:39.734,1526.483333333333
Pulse experiments,pioreactor01,2026-09-01T00:50:44.740Z,0.586201332768,2026-09-01 06:35:44.740,1526.484722222222
Pulse experiments,pioreactor01,2026-09-01T00:50:49.735Z,0.586238921241,2026-09-01 06:35:49.735,1526.486111111111
Pulse experiments,pioreactor01,2026-09-01T00:50:54.751Z,0.586227405896,2026-09-01 06:35:54.751,1526.4875
Pulse experiments,pioreactor01,2026-09-01T00:50:59.734Z,0.586232862342,2026-09-01 06:35:59.734,1526.488888888889
Pulse experiments,pioreactor01,2026-09-01T00:51:04.739Z,0.586244222692,2026-09-01 06:36:04.739,1526.490277777778
Pulse experiments,pioreactor01,2026-09-01T00:51:09.744Z,0.586254452927,2026-09-01 06:36:09.744,1526.491666666667
Pulse experiments,pioreactor01,2026-09-01T00:51:14.734Z,0.586284890621,2026-09-01 06:36:14.734,1526.493055555556
Pulse experiments,pioreactor01,2026-09-01T00:51:19.739Z,0.586309497903,2026-09-01 06:36:19.739,1526.494444444445
Pulse experiments,pioreactor01,2026-09-01T00:51:24.736Z,0.586333948826,2026-09-01 06:36:24.736,1526.495833333333
Pulse experiments,pioreactor01,2026-09-01T00:51:29.737Z,0.586346092406,2026-09-01 06:36:29.737,1526.497222222222
Pulse experiments,pioreactor01,2026-09-01T00:51:34.735Z,0.586376999135,2026-09-01 06:36:34.735,1526.498611111111
Pulse experiments,pioreactor01,2026-09-01T00:51:39.737Z,0.586420470277,2026-09-01 06:36:39.737,1526.5
Pulse experiments,pioreactor01,2026-09-01T00:51:44.736Z,0.58645701716,2026-09-01 06:36:44.736,1526.501388888889
Pulse experiments,pioreactor01,2026-09-01T00:51:49.735Z,0.58649547408,2026-09-01 06:36:49.735,1526.502777777778
Pulse experiments,pioreactor01,2026-09-01T00:51:54.736Z,0.586528953555,2026-09-01 06:36:54.736,1526.504166666667
Pulse experiments,pioreactor01,2026-09-01T00:51:59.748Z,0.586570576552,2026-09-01 06:36:59.748,1526.505555555555
Pulse experiments,pioreactor01,2026-09-01T00:52:04.742Z,0.58659002996,2026-09-01 06:37:04.742,1526.506944444444
Pulse experiments,pioreactor01,2026-09-01T00:52:09.736Z,0.586634699751,2026-09-01 06:37:09.736,1526.508333333333
Pulse experiments,pioreactor01,2026-09-01T00:52:14.738Z,0.58663779281,2026-09-01 06:37:14.738,1526.509722222222
Pulse experiments,pioreactor01,2026-09-01T00:52:19.735Z,0.586668262681,2026-09-01 06:37:19.735,1526.511111111111
Pulse experiments,pioreactor01,2026-09-01T00:52:24.756Z,0.586680376839,2026-09-01 06:37:24.756,1526.5125
Pulse experiments,pioreactor01,2026-09-01T00:52:29.743Z,0.586698718302,2026-09-01 06:37:29.743,1526.513888888889
Pulse experiments,pioreactor01,2026-09-01T00:52:34.740Z,0.586708453831,2026-09-01 06:37:34.740,1526.515277777778
Pulse experiments,pioreactor01,2026-09-01T00:52:39.742Z,0.586736328985,2026-09-01 06:37:39.742,1526.516666666667
Pulse experiments,pioreactor01,2026-09-01T00:52:44.738Z,0.58677223327,2026-09-01 06:37:44.738,1526.518055555556
Pulse experiments,pioreactor01,2026-09-01T00:52:49.740Z,0.586820004793,2026-09-01 06:37:49.740,1526.519444444444
Pulse experiments,pioreactor01,2026-09-01T00:52:54.733Z,0.586839162243,2026-09-01 06:37:54.733,1526.520833333333
Pulse experiments,pioreactor01,2026-09-01T00:52:59.735Z,0.586843304437,2026-09-01 06:37:59.735,1526.522222222222
Pulse experiments,pioreactor01,2026-09-01T00:53:04.735Z,0.58688691302,2026-09-01 06:38:04.735,1526.523611111111
Pulse experiments,pioreactor01,2026-09-01T00:53:09.734Z,0.586883162207,2026-09-01 06:38:09.734,1526.525
Pulse experiments,pioreactor01,2026-09-01T00:53:14.740Z,0.586883050925,2026-09-01 06:38:14.740,1526.526388888889
Pulse experiments,pioreactor01,2026-09-01T00:53:19.734Z,0.586879510509,2026-09-01 06:38:19.734,1526.527777777778
Pulse experiments,pioreactor01,2026-09-01T00:53:24.734Z,0.58687353014,2026-09-01 06:38:24.734,1526.529166666667
Pulse experiments,pioreactor01,2026-09-01T00:53:29.740Z,0.586910296386,2026-09-01 06:38:29.740,1526.530555555556
Pulse experiments,pioreactor01,2026-09-01T00:53:34.734Z,0.586964029977,2026-09-01 06:38:34.734,1526.531944444444
Pulse experiments,pioreactor01,2026-09-01T00:53:39.734Z,0.586986847218,2026-09-01 06:38:39.734,1526.533333333333
Pulse experiments,pioreactor01,2026-09-01T00:53:44.737Z,0.587012690637,2026-09-01 06:38:44.737,1526.534722222222
Pulse experiments,pioreactor01,2026-09-01T00:53:49.740Z,0.586997132718,2026-09-01 06:38:49.740,1526.536111111111
Pulse experiments,pioreactor01,2026-09-01T00:53:54.742Z,0.587000811095,2026-09-01 06:38:54.742,1526.5375
Pulse experiments,pioreactor01,2026-09-01T00:53:59.739Z,0.587038662827,2026-09-01 06:38:59.739,1526.538888888889
Pulse experiments,pioreactor01,2026-09-01T00:54:04.739Z,0.587056377778,2026-09-01 06:39:04.739,1526.540277777778
Pulse experiments,pioreactor01,2026-09-01T00:54:09.734Z,0.587093062337,2026-09-01 06:39:09.734,1526.541666666667
Pulse experiments,pioreactor01,2026-09-01T00:54:14.734Z,0.587117077084,2026-09-01 06:39:14.734,1526.543055555556
Pulse experiments,pioreactor01,2026-09-01T00:54:19.750Z,0.587148831619,2026-09-01 06:39:19.750,1526.544444444444
Pulse experiments,pioreactor01,2026-09-01T00:54:24.744Z,0.587161843918,2026-09-01 06:39:24.744,1526.545833333333
Pulse experiments,pioreactor01,2026-09-01T00:54:29.734Z,0.58716645921,2026-09-01 06:39:29.734,1526.547222222222
Pulse experiments,pioreactor01,2026-09-01T00:54:34.735Z,0.587177818905,2026-09-01 06:39:34.735,1526.548611111111
Pulse experiments,pioreactor01,2026-09-01T00:54:39.739Z,0.587214496095,2026-09-01 06:39:39.739,1526.55
Pulse experiments,pioreactor01,2026-09-01T00:54:44.742Z,0.587271965456,2026-09-01 06:39:44.742,1526.551388888889
Pulse experiments,pioreactor01,2026-09-01T00:54:49.734Z,0.587303738292,2026-09-01 06:39:49.734,1526.552777777778
Pulse experiments,pioreactor01,2026-09-01T00:54:54.735Z,0.587332371651,2026-09-01 06:39:54.735,1526.554166666667
Pulse experiments,pioreactor01,2026-09-01T00:54:59.734Z,0.587362400667,2026-09-01 06:39:59.734,1526.555555555556
Pulse experiments,pioreactor01,2026-09-01T00:55:04.747Z,0.587369658144,2026-09-01 06:40:04.747,1526.556944444445
Pulse experiments,pioreactor01,2026-09-01T00:55:09.747Z,0.587357114535,2026-09-01 06:40:09.747,1526.558333333333
Pulse experiments,pioreactor01,2026-09-01T00:55:14.734Z,0.587374689007,2026-09-01 06:40:14.734,1526.559722222222
Pulse experiments,pioreactor01,2026-09-01T00:55:19.738Z,0.587387313604,2026-09-01 06:40:19.738,1526.561111111111
Pulse experiments,pioreactor01,2026-09-01T00:55:24.734Z,0.587414782336,2026-09-01 06:40:24.734,1526.5625
Pulse experiments,pioreactor01,2026-09-01T00:55:29.740Z,0.587415091567,2026-09-01 06:40:29.740,1526.563888888889
Pulse experiments,pioreactor01,2026-09-01T00:55:34.736Z,0.587440198733,2026-09-01 06:40:34.736,1526.565277777778
Pulse experiments,pioreactor01,2026-09-01T00:55:39.736Z,0.587455641163,2026-09-01 06:40:39.736,1526.566666666667
Pulse experiments,pioreactor01,2026-09-01T00:55:44.736Z,0.587465001535,2026-09-01 06:40:44.736,1526.568055555555
Pulse experiments,pioreactor01,2026-09-01T00:55:49.752Z,0.587454170851,2026-09-01 06:40:49.752,1526.569444444444
Pulse experiments,pioreactor01,2026-09-01T00:55:54.736Z,0.587464393787,2026-09-01 06:40:54.736,1526.570833333333
Pulse experiments,pioreactor01,2026-09-01T00:55:59.734Z,0.587481055639,2026-09-01 06:40:59.734,1526.572222222222
Pulse experiments,pioreactor01,2026-09-01T00:56:04.740Z,0.587494359239,2026-09-01 06:41:04.740,1526.573611111111
Pulse experiments,pioreactor01,2026-09-01T00:56:09.741Z,0.587509132007,2026-09-01 06:41:09.741,1526.575
Pulse experiments,pioreactor01,2026-09-01T00:56:14.739Z,0.587516453605,2026-09-01 06:41:14.739,1526.576388888889
Pulse experiments,pioreactor01,2026-09-01T00:56:19.740Z,0.587522536058,2026-09-01 06:41:19.740,1526.577777777778
Pulse experiments,pioreactor01,2026-09-01T00:56:24.736Z,0.587502213975,2026-09-01 06:41:24.736,1526.579166666667
Pulse experiments,pioreactor01,2026-09-01T00:56:29.734Z,0.58749528327,2026-09-01 06:41:29.734,1526.580555555556
Pulse experiments,pioreactor01,2026-09-01T00:56:34.733Z,0.587508288878,2026-09-01 06:41:34.733,1526.581944444444
Pulse experiments,pioreactor01,2026-09-01T00:56:39.738Z,0.587534251117,2026-09-01 06:41:39.738,1526.583333333333
Pulse experiments,pioreactor01,2026-09-01T00:56:44.745Z,0.587558674847,2026-09-01 06:41:44.745,1526.584722222222
Pulse experiments,pioreactor01,2026-09-01T00:56:49.738Z,0.58757456265,2026-09-01 06:41:49.738,1526.586111111111
Pulse experiments,pioreactor01,2026-09-01T00:56:54.741Z,0.587584906151,2026-09-01 06:41:54.741,1526.5875
Pulse experiments,pioreactor01,2026-09-01T00:56:59.736Z,0.587616843719,2026-09-01 06:41:59.736,1526.588888888889
Pulse experiments,pioreactor01,2026-09-01T00:57:04.733Z,0.587671090863,2026-09-01 06:42:04.733,1526.590277777778
Pulse experiments,pioreactor01,2026-09-01T00:57:09.734Z,0.587719477118,2026-09-01 06:42:09.734,1526.591666666667
Pulse experiments,pioreactor01,2026-09-01T00:57:14.742Z,0.587721491295,2026-09-01 06:42:14.742,1526.593055555556
Pulse experiments,pioreactor01,2026-09-01T00:57:19.735Z,0.587742902767,2026-09-01 06:42:19.735,1526.594444444444
Pulse experiments,pioreactor01,2026-09-01T00:57:24.746Z,0.587780423175,2026-09-01 06:42:24.746,1526.595833333333
Pulse experiments,pioreactor01,2026-09-01T00:57:29.734Z,0.587804154342,2026-09-01 06:42:29.734,1526.597222222222
Pulse experiments,pioreactor01,2026-09-01T00:57:34.738Z,0.58781240925,2026-09-01 06:42:34.738,1526.598611111111
Pulse experiments,pioreactor01,2026-09-01T00:57:39.738Z,0.587829089612,2026-09-01 06:42:39.738,1526.6
Pulse experiments,pioreactor01,2026-09-01T00:57:44.735Z,0.587847182386,2026-09-01 06:42:44.735,1526.601388888889
Pulse experiments,pioreactor01,2026-09-01T00:57:49.734Z,0.587872343884,2026-09-01 06:42:49.734,1526.602777777778
Pulse experiments,pioreactor01,2026-09-01T00:57:54.744Z,0.587906697971,2026-09-01 06:42:54.744,1526.604166666667
Pulse experiments,pioreactor01,2026-09-01T00:57:59.739Z,0.587955609395,2026-09-01 06:42:59.739,1526.605555555556
Pulse experiments,pioreactor01,2026-09-01T00:58:04.739Z,0.587991064207,2026-09-01 06:43:04.739,1526.606944444444
Pulse experiments,pioreactor01,2026-09-01T00:58:09.742Z,0.587999275653,2026-09-01 06:43:09.742,1526.608333333333
Pulse experiments,pioreactor01,2026-09-01T00:58:14.741Z,0.588009036358,2026-09-01 06:43:14.741,1526.609722222222
Pulse experiments,pioreactor01,2026-09-01T00:58:19.751Z,0.588022149619,2026-09-01 06:43:19.751,1526.611111111111
Pulse experiments,pioreactor01,2026-09-01T00:58:24.739Z,0.588044357452,2026-09-01 06:43:24.739,1526.6125
Pulse experiments,pioreactor01,2026-09-01T00:58:30.192Z,0.588073497701,2026-09-01 06:43:30.192,1526.614166666667
Pulse experiments,pioreactor01,2026-09-01T00:58:34.740Z,0.588091233887,2026-09-01 06:43:34.740,1526.615277777778
Pulse experiments,pioreactor01,2026-09-01T00:58:39.740Z,0.588084777437,2026-09-01 06:43:39.740,1526.616666666667
Pulse experiments,pioreactor01,2026-09-01T00:58:44.734Z,0.588081368788,2026-09-01 06:43:44.734,1526.618055555556
Pulse experiments,pioreactor01,2026-09-01T00:58:49.736Z,0.588071654901,2026-09-01 06:43:49.736,1526.619444444445
Pulse experiments,pioreactor01,2026-09-01T00:58:54.733Z,0.58804958069,2026-09-01 06:43:54.733,1526.620833333333
Pulse experiments,pioreactor01,2026-09-01T00:58:59.734Z,0.58805163925,2026-09-01 06:43:59.734,1526.622222222222
Pulse experiments,pioreactor01,2026-09-01T00:59:04.735Z,0.588051540296,2026-09-01 06:44:04.735,1526.623611111111
Pulse experiments,pioreactor01,2026-09-01T00:59:09.734Z,0.588071604299,2026-09-01 06:44:09.734,1526.625
Pulse experiments,pioreactor01,2026-09-01T00:59:14.735Z,0.588066511931,2026-09-01 06:44:14.735,1526.626388888889
Pulse experiments,pioreactor01,2026-09-01T00:59:19.735Z,0.588095621567,2026-09-01 06:44:19.735,1526.627777777778
Pulse experiments,pioreactor01,2026-09-01T00:59:29.733Z,0.588120805444,2026-09-01 06:44:29.733,1526.630555555555
Pulse experiments,pioreactor01,2026-09-01T00:59:34.734Z,0.588133066474,2026-09-01 06:44:34.734,1526.631944444444
Pulse experiments,pioreactor01,2026-09-01T00:59:39.735Z,0.588124715306,2026-09-01 06:44:39.735,1526.633333333333
Pulse experiments,pioreactor01,2026-09-01T00:59:44.734Z,0.588115305789,2026-09-01 06:44:44.734,1526.634722222222
Pulse experiments,pioreactor01,2026-09-01T00:59:49.735Z,0.588111065881,2026-09-01 06:44:49.735,1526.636111111111
Pulse experiments,pioreactor01,2026-09-01T00:59:54.733Z,0.588116629093,2026-09-01 06:44:54.733,1526.6375
Pulse experiments,pioreactor01,2026-09-01T00:59:59.742Z,0.588124492198,2026-09-01 06:44:59.742,1526.638888888889
Pulse experiments,pioreactor01,2026-09-01T01:00:04.763Z,0.588128157462,2026-09-01 06:45:04.763,1526.640277777778
Pulse experiments,pioreactor01,2026-09-01T01:00:09.737Z,0.588117754498,2026-09-01 06:45:09.737,1526.641666666667
Pulse experiments,pioreactor01,2026-09-01T01:00:14.742Z,0.588133155461,2026-09-01 06:45:14.742,1526.643055555556
Pulse experiments,pioreactor01,2026-09-01T01:00:19.737Z,0.588143899653,2026-09-01 06:45:19.737,1526.644444444444
Pulse experiments,pioreactor01,2026-09-01T01:00:24.734Z,0.588158114623,2026-09-01 06:45:24.734,1526.645833333333
Pulse experiments,pioreactor01,2026-09-01T01:00:29.742Z,0.588173966736,2026-09-01 06:45:29.742,1526.647222222222
Pulse experiments,pioreactor01,2026-09-01T01:00:34.735Z,0.588176792738,2026-09-01 06:45:34.735,1526.648611111111
Pulse experiments,pioreactor01,2026-09-01T01:00:39.736Z,0.588203146472,2026-09-01 06:45:39.736,1526.65
Pulse experiments,pioreactor01,2026-09-01T01:00:44.739Z,0.588205945436,2026-09-01 06:45:44.739,1526.651388888889
Pulse experiments,pioreactor01,2026-09-01T01:00:49.736Z,0.588193470145,2026-09-01 06:45:49.736,1526.652777777778
Pulse experiments,pioreactor01,2026-09-01T01:00:54.743Z,0.588185191098,2026-09-01 06:45:54.743,1526.654166666667
Pulse experiments,pioreactor01,2026-09-01T01:00:59.735Z,0.588175662189,2026-09-01 06:45:59.735,1526.655555555556
Pulse experiments,pioreactor01,2026-09-01T01:01:04.741Z,0.588173778618,2026-09-01 06:46:04.741,1526.656944444444
Pulse experiments,pioreactor01,2026-09-01T01:01:09.734Z,0.588159807435,2026-09-01 06:46:09.734,1526.658333333333
Pulse experiments,pioreactor01,2026-09-01T01:01:14.740Z,0.588159912434,2026-09-01 06:46:14.740,1526.659722222222
Pulse experiments,pioreactor01,2026-09-01T01:01:19.738Z,0.588159178424,2026-09-01 06:46:19.738,1526.661111111111
Pulse experiments,pioreactor01,2026-09-01T01:01:24.735Z,0.58818117591,2026-09-01 06:46:24.735,1526.6625
Pulse experiments,pioreactor01,2026-09-01T01:01:29.739Z,0.588187025301,2026-09-01 06:46:29.739,1526.663888888889
Pulse experiments,pioreactor01,2026-09-01T01:01:34.739Z,0.588182729861,2026-09-01 06:46:34.739,1526.665277777778
Pulse experiments,pioreactor01,2026-09-01T01:01:39.739Z,0.588201971053,2026-09-01 06:46:39.739,1526.666666666667
Pulse experiments,pioreactor01,2026-09-01T01:01:44.735Z,0.588201438175,2026-09-01 06:46:44.735,1526.668055555556
Pulse experiments,pioreactor01,2026-09-01T01:01:49.735Z,0.588207624246,2026-09-01 06:46:49.735,1526.669444444444
Pulse experiments,pioreactor01,2026-09-01T01:01:54.740Z,0.588203289811,2026-09-01 06:46:54.740,1526.670833333333
Pulse experiments,pioreactor01,2026-09-01T01:01:59.750Z,0.588223730675,2026-09-01 06:46:59.750,1526.672222222222
Pulse experiments,pioreactor01,2026-09-01T01:02:04.734Z,0.58824373188,2026-09-01 06:47:04.734,1526.673611111111
Pulse experiments,pioreactor01,2026-09-01T01:02:09.745Z,0.588265210782,2026-09-01 06:47:09.745,1526.675
Pulse experiments,pioreactor01,2026-09-01T01:02:14.734Z,0.588255662905,2026-09-01 06:47:14.734,1526.676388888889
Pulse experiments,pioreactor01,2026-09-01T01:02:19.738Z,0.588253590016,2026-09-01 06:47:19.738,1526.677777777778
Pulse experiments,pioreactor01,2026-09-01T01:02:24.736Z,0.588268143531,2026-09-01 06:47:24.736,1526.679166666667
Pulse experiments,pioreactor01,2026-09-01T01:02:29.739Z,0.588276655697,2026-09-01 06:47:29.739,1526.680555555556
Pulse experiments,pioreactor01,2026-09-01T01:02:34.735Z,0.58826510032,2026-09-01 06:47:34.735,1526.681944444445
Pulse experiments,pioreactor01,2026-09-01T01:02:39.735Z,0.588276070821,2026-09-01 06:47:39.735,1526.683333333333
Pulse experiments,pioreactor01,2026-09-01T01:02:44.734Z,0.588287226631,2026-09-01 06:47:44.734,1526.684722222222
Pulse experiments,pioreactor01,2026-09-01T01:02:49.734Z,0.588289714001,2026-09-01 06:47:49.734,1526.686111111111
Pulse experiments,pioreactor01,2026-09-01T01:02:54.741Z,0.588297750176,2026-09-01 06:47:54.741,1526.6875
Pulse experiments,pioreactor01,2026-09-01T01:02:59.739Z,0.588298125283,2026-09-01 06:47:59.739,1526.688888888889
Pulse experiments,pioreactor01,2026-09-01T01:03:04.739Z,0.588332290434,2026-09-01 06:48:04.739,1526.690277777778
Pulse experiments,pioreactor01,2026-09-01T01:03:09.736Z,0.588372556391,2026-09-01 06:48:09.736,1526.691666666667
Pulse experiments,pioreactor01,2026-09-01T01:03:14.734Z,0.588387950503,2026-09-01 06:48:14.734,1526.693055555555
Pulse experiments,pioreactor01,2026-09-01T01:03:19.755Z,0.588410289088,2026-09-01 06:48:19.755,1526.694444444444
Pulse experiments,pioreactor01,2026-09-01T01:03:24.752Z,0.588435202237,2026-09-01 06:48:24.752,1526.695833333333
Pulse experiments,pioreactor01,2026-09-01T01:03:29.737Z,0.58843738316,2026-09-01 06:48:29.737,1526.697222222222
Pulse experiments,pioreactor01,2026-09-01T01:03:34.734Z,0.588446716388,2026-09-01 06:48:34.734,1526.698611111111
Pulse experiments,pioreactor01,2026-09-01T01:03:39.750Z,0.588439013343,2026-09-01 06:48:39.750,1526.7
Pulse experiments,pioreactor01,2026-09-01T01:03:44.741Z,0.588467922516,2026-09-01 06:48:44.741,1526.701388888889
Pulse experiments,pioreactor01,2026-09-01T01:03:49.744Z,0.588516845558,2026-09-01 06:48:49.744,1526.702777777778
Pulse experiments,pioreactor01,2026-09-01T01:03:54.740Z,0.58854814971,2026-09-01 06:48:54.740,1526.704166666667
Pulse experiments,pioreactor01,2026-09-01T01:03:59.739Z,0.588567881985,2026-09-01 06:48:59.739,1526.705555555556
Pulse experiments,pioreactor01,2026-09-01T01:04:14.743Z,0.588630123022,2026-09-01 06:49:14.743,1526.709722222222
Pulse experiments,pioreactor01,2026-09-01T01:04:19.735Z,0.588662893326,2026-09-01 06:49:19.735,1526.711111111111
Pulse experiments,pioreactor01,2026-09-01T01:04:24.734Z,0.588716502683,2026-09-01 06:49:24.734,1526.7125
Pulse experiments,pioreactor01,2026-09-01T01:04:29.734Z,0.58875344486,2026-09-01 06:49:29.734,1526.713888888889
Pulse experiments,pioreactor01,2026-09-01T01:04:34.740Z,0.588808617989,2026-09-01 06:49:34.740,1526.715277777778
Pulse experiments,pioreactor01,2026-09-01T01:04:39.734Z,0.58885407094,2026-09-01 06:49:39.734,1526.716666666667
Pulse experiments,pioreactor01,2026-09-01T01:04:44.737Z,0.588900647259,2026-09-01 06:49:44.737,1526.718055555556
Pulse experiments,pioreactor01,2026-09-01T01:04:49.741Z,0.588929880239,2026-09-01 06:49:49.741,1526.719444444444
Pulse experiments,pioreactor01,2026-09-01T01:04:54.741Z,0.588967590566,2026-09-01 06:49:54.741,1526.720833333333
Pulse experiments,pioreactor01,2026-09-01T01:04:59.751Z,0.589001289325,2026-09-01 06:49:59.751,1526.722222222222
Pulse experiments,pioreactor01,2026-09-01T01:05:04.742Z,0.589005925622,2026-09-01 06:50:04.742,1526.723611111111
Pulse experiments,pioreactor01,2026-09-01T01:05:09.742Z,0.588984567195,2026-09-01 06:50:09.742,1526.725
Pulse experiments,pioreactor01,2026-09-01T01:05:14.738Z,0.588970652109,2026-09-01 06:50:14.738,1526.726388888889
Pulse experiments,pioreactor01,2026-09-01T01:05:19.744Z,0.588963716756,2026-09-01 06:50:19.744,1526.727777777778
Pulse experiments,pioreactor01,2026-09-01T01:05:24.748Z,0.588962692003,2026-09-01 06:50:24.748,1526.729166666667
Pulse experiments,pioreactor01,2026-09-01T01:05:29.734Z,0.588952972886,2026-09-01 06:50:29.734,1526.730555555556
Pulse experiments,pioreactor01,2026-09-01T01:05:34.735Z,0.588962131517,2026-09-01 06:50:34.735,1526.731944444444
Pulse experiments,pioreactor01,2026-09-01T01:05:39.735Z,0.588977282051,2026-09-01 06:50:39.735,1526.733333333333
Pulse experiments,pioreactor01,2026-09-01T01:05:44.735Z,0.588980837475,2026-09-01 06:50:44.735,1526.734722222222
Pulse experiments,pioreactor01,2026-09-01T01:05:49.740Z,0.589001560658,2026-09-01 06:50:49.740,1526.736111111111
Pulse experiments,pioreactor01,2026-09-01T01:05:54.737Z,0.589009422747,2026-09-01 06:50:54.737,1526.7375
Pulse experiments,pioreactor01,2026-09-01T01:05:59.734Z,0.589029583432,2026-09-01 06:50:59.734,1526.738888888889
Pulse experiments,pioreactor01,2026-09-01T01:06:04.741Z,0.589015199668,2026-09-01 06:51:04.741,1526.740277777778
Pulse experiments,pioreactor01,2026-09-01T01:06:09.735Z,0.588997944698,2026-09-01 06:51:09.735,1526.741666666667
Pulse experiments,pioreactor01,2026-09-01T01:06:14.736Z,0.588975970745,2026-09-01 06:51:14.736,1526.743055555556
Pulse experiments,pioreactor01,2026-09-01T01:06:19.745Z,0.588987235976,2026-09-01 06:51:19.745,1526.744444444445
Pulse experiments,pioreactor01,2026-09-01T01:06:24.739Z,0.588986064871,2026-09-01 06:51:24.739,1526.745833333333
Pulse experiments,pioreactor01,2026-09-01T01:06:29.733Z,0.588983665789,2026-09-01 06:51:29.733,1526.747222222222
Pulse experiments,pioreactor01,2026-09-01T01:06:34.734Z,0.588979902201,2026-09-01 06:51:34.734,1526.748611111111
Pulse experiments,pioreactor01,2026-09-01T01:06:39.741Z,0.588998232123,2026-09-01 06:51:39.741,1526.75
Pulse experiments,pioreactor01,2026-09-01T01:06:44.738Z,0.58902351239,2026-09-01 06:51:44.738,1526.751388888889
Pulse experiments,pioreactor01,2026-09-01T01:06:49.734Z,0.589027189878,2026-09-01 06:51:49.734,1526.752777777778
Pulse experiments,pioreactor01,2026-09-01T01:06:54.755Z,0.589068561259,2026-09-01 06:51:54.755,1526.754166666667
Pulse experiments,pioreactor01,2026-09-01T01:06:59.744Z,0.589081195601,2026-09-01 06:51:59.744,1526.755555555555
Pulse experiments,pioreactor01,2026-09-01T01:07:04.745Z,0.589066100123,2026-09-01 06:52:04.745,1526.756944444444
Pulse experiments,pioreactor01,2026-09-01T01:07:09.734Z,0.589084186655,2026-09-01 06:52:09.734,1526.758333333333
Pulse experiments,pioreactor01,2026-09-01T01:07:14.739Z,0.589115270505,2026-09-01 06:52:14.739,1526.759722222222
Pulse experiments,pioreactor01,2026-09-01T01:07:19.744Z,0.589150081,2026-09-01 06:52:19.744,1526.761111111111
Pulse experiments,pioreactor01,2026-09-01T01:07:24.744Z,0.589182512468,2026-09-01 06:52:24.744,1526.7625
Pulse experiments,pioreactor01,2026-09-01T01:07:29.738Z,0.589221914001,2026-09-01 06:52:29.738,1526.763888888889
Pulse experiments,pioreactor01,2026-09-01T01:07:34.736Z,0.589239571773,2026-09-01 06:52:34.736,1526.765277777778
Pulse experiments,pioreactor01,2026-09-01T01:07:39.736Z,0.589258448997,2026-09-01 06:52:39.736,1526.766666666667
Pulse experiments,pioreactor01,2026-09-01T01:07:44.735Z,0.589271018194,2026-09-01 06:52:44.735,1526.768055555556
Pulse experiments,pioreactor01,2026-09-01T01:07:49.735Z,0.589284644949,2026-09-01 06:52:49.735,1526.769444444444
Pulse experiments,pioreactor01,2026-09-01T01:07:54.764Z,0.58932361927,2026-09-01 06:52:54.764,1526.770833333333
Pulse experiments,pioreactor01,2026-09-01T01:07:59.737Z,0.589326788257,2026-09-01 06:52:59.737,1526.772222222222
Pulse experiments,pioreactor01,2026-09-01T01:08:04.738Z,0.589330750364,2026-09-01 06:53:04.738,1526.773611111111
Pulse experiments,pioreactor01,2026-09-01T01:08:09.737Z,0.589343747358,2026-09-01 06:53:09.737,1526.775
Pulse experiments,pioreactor01,2026-09-01T01:08:14.738Z,0.589368574897,2026-09-01 06:53:14.738,1526.776388888889
Pulse experiments,pioreactor01,2026-09-01T01:08:24.737Z,0.589394802283,2026-09-01 06:53:24.737,1526.779166666667
Pulse experiments,pioreactor01,2026-09-01T01:08:29.741Z,0.589385505761,2026-09-01 06:53:29.741,1526.780555555556
Pulse experiments,pioreactor01,2026-09-01T01:08:34.739Z,0.589390633303,2026-09-01 06:53:34.739,1526.781944444444
Pulse experiments,pioreactor01,2026-09-01T01:08:39.735Z,0.589398229168,2026-09-01 06:53:39.735,1526.783333333333
Pulse experiments,pioreactor01,2026-09-01T01:08:44.747Z,0.589429537545,2026-09-01 06:53:44.747,1526.784722222222
Pulse experiments,pioreactor01,2026-09-01T01:08:49.735Z,0.589438208965,2026-09-01 06:53:49.735,1526.786111111111
Pulse experiments,pioreactor01,2026-09-01T01:08:54.740Z,0.58943200719,2026-09-01 06:53:54.740,1526.7875
Pulse experiments,pioreactor01,2026-09-01T01:08:59.742Z,0.589438189191,2026-09-01 06:53:59.742,1526.788888888889
Pulse experiments,pioreactor01,2026-09-01T01:09:04.741Z,0.589449574904,2026-09-01 06:54:04.741,1526.790277777778
Pulse experiments,pioreactor01,2026-09-01T01:09:09.737Z,0.589462028266,2026-09-01 06:54:09.737,1526.791666666667
Pulse experiments,pioreactor01,2026-09-01T01:09:14.735Z,0.589472957091,2026-09-01 06:54:14.735,1526.793055555556
Pulse experiments,pioreactor01,2026-09-01T01:09:19.738Z,0.589484441875,2026-09-01 06:54:19.738,1526.794444444444
Pulse experiments,pioreactor01,2026-09-01T01:09:29.747Z,0.589485458713,2026-09-01 06:54:29.747,1526.797222222222
Pulse experiments,pioreactor01,2026-09-01T01:09:34.734Z,0.589498327692,2026-09-01 06:54:34.734,1526.798611111111
Pulse experiments,pioreactor01,2026-09-01T01:09:39.733Z,0.589516062211,2026-09-01 06:54:39.733,1526.8
Pulse experiments,pioreactor01,2026-09-01T01:09:44.735Z,0.589510215073,2026-09-01 06:54:44.735,1526.801388888889
Pulse experiments,pioreactor01,2026-09-01T01:09:49.739Z,0.589515180228,2026-09-01 06:54:49.739,1526.802777777778
Pulse experiments,pioreactor01,2026-09-01T01:09:54.736Z,0.589543385558,2026-09-01 06:54:54.736,1526.804166666667
Pulse experiments,pioreactor01,2026-09-01T01:09:59.734Z,0.589562538213,2026-09-01 06:54:59.734,1526.805555555556
Pulse experiments,pioreactor01,2026-09-01T01:10:04.739Z,0.58957658721,2026-09-01 06:55:04.739,1526.806944444445
Pulse experiments,pioreactor01,2026-09-01T01:10:09.742Z,0.589592169446,2026-09-01 06:55:09.742,1526.808333333333
Pulse experiments,pioreactor01,2026-09-01T01:10:14.737Z,0.589612824121,2026-09-01 06:55:14.737,1526.809722222222
Pulse experiments,pioreactor01,2026-09-01T01:10:19.734Z,0.589636168519,2026-09-01 06:55:19.734,1526.811111111111
Pulse experiments,pioreactor01,2026-09-01T01:10:24.734Z,0.589648456492,2026-09-01 06:55:24.734,1526.8125
Pulse experiments,pioreactor01,2026-09-01T01:10:29.736Z,0.58965487731,2026-09-01 06:55:29.736,1526.813888888889
Pulse experiments,pioreactor01,2026-09-01T01:10:34.740Z,0.589676523494,2026-09-01 06:55:34.740,1526.815277777778
Pulse experiments,pioreactor01,2026-09-01T01:10:39.736Z,0.589673803213,2026-09-01 06:55:39.736,1526.816666666667
Pulse experiments,pioreactor01,2026-09-01T01:10:44.738Z,0.589664346211,2026-09-01 06:55:44.738,1526.818055555555
Pulse experiments,pioreactor01,2026-09-01T01:10:49.740Z,0.589664731042,2026-09-01 06:55:49.740,1526.819444444444
Pulse experiments,pioreactor01,2026-09-01T01:10:54.737Z,0.589691523372,2026-09-01 06:55:54.737,1526.820833333333
Pulse experiments,pioreactor01,2026-09-01T01:10:59.738Z,0.58973285307,2026-09-01 06:55:59.738,1526.822222222222
Pulse experiments,pioreactor01,2026-09-01T01:11:04.743Z,0.589729454121,2026-09-01 06:56:04.743,1526.823611111111
Pulse experiments,pioreactor01,2026-09-01T01:11:09.743Z,0.589732248937,2026-09-01 06:56:09.743,1526.825
Pulse experiments,pioreactor01,2026-09-01T01:11:14.752Z,0.589736535165,2026-09-01 06:56:14.752,1526.826388888889
Pulse experiments,pioreactor01,2026-09-01T01:11:19.740Z,0.589746079343,2026-09-01 06:56:19.740,1526.827777777778
Pulse experiments,pioreactor01,2026-09-01T01:11:24.734Z,0.589756488024,2026-09-01 06:56:24.734,1526.829166666667
Pulse experiments,pioreactor01,2026-09-01T01:11:29.736Z,0.589760709681,2026-09-01 06:56:29.736,1526.830555555556
Pulse experiments,pioreactor01,2026-09-01T01:11:34.733Z,0.589778538235,2026-09-01 06:56:34.733,1526.831944444444
Pulse experiments,pioreactor01,2026-09-01T01:11:39.735Z,0.589799725186,2026-09-01 06:56:39.735,1526.833333333333
Pulse experiments,pioreactor01,2026-09-01T01:11:44.733Z,0.589817027859,2026-09-01 06:56:44.733,1526.834722222222
Pulse experiments,pioreactor01,2026-09-01T01:11:49.733Z,0.589844616011,2026-09-01 06:56:49.733,1526.836111111111
Pulse experiments,pioreactor01,2026-09-01T01:11:54.735Z,0.589871683296,2026-09-01 06:56:54.735,1526.8375
Pulse experiments,pioreactor01,2026-09-01T01:11:59.738Z,0.58988859099,2026-09-01 06:56:59.738,1526.838888888889
Pulse experiments,pioreactor01,2026-09-01T01:12:04.736Z,0.589890891556,2026-09-01 06:57:04.736,1526.840277777778
Pulse experiments,pioreactor01,2026-09-01T01:12:09.734Z,0.58990592565,2026-09-01 06:57:09.734,1526.841666666667
Pulse experiments,pioreactor01,2026-09-01T01:12:14.748Z,0.58991740101,2026-09-01 06:57:14.748,1526.843055555556
Pulse experiments,pioreactor01,2026-09-01T01:12:19.734Z,0.589932307537,2026-09-01 06:57:19.734,1526.844444444444
Pulse experiments,pioreactor01,2026-09-01T01:12:24.736Z,0.589941524159,2026-09-01 06:57:24.736,1526.845833333333
Pulse experiments,pioreactor01,2026-09-01T01:12:29.739Z,0.589966900097,2026-09-01 06:57:29.739,1526.847222222222
Pulse experiments,pioreactor01,2026-09-01T01:12:34.736Z,0.589988371319,2026-09-01 06:57:34.736,1526.848611111111
Pulse experiments,pioreactor01,2026-09-01T01:12:39.739Z,0.589980729713,2026-09-01 06:57:39.739,1526.85
Pulse experiments,pioreactor01,2026-09-01T01:12:44.737Z,0.589982748321,2026-09-01 06:57:44.737,1526.851388888889
Pulse experiments,pioreactor01,2026-09-01T01:12:49.741Z,0.59001152078,2026-09-01 06:57:49.741,1526.852777777778
Pulse experiments,pioreactor01,2026-09-01T01:12:54.735Z,0.590046672295,2026-09-01 06:57:54.735,1526.854166666667
Pulse experiments,pioreactor01,2026-09-01T01:12:59.738Z,0.590057503025,2026-09-01 06:57:59.738,1526.855555555556
Pulse experiments,pioreactor01,2026-09-01T01:13:04.734Z,0.590084141105,2026-09-01 06:58:04.734,1526.856944444444
Pulse experiments,pioreactor01,2026-09-01T01:13:09.734Z,0.590096267759,2026-09-01 06:58:09.734,1526.858333333333
Pulse experiments,pioreactor01,2026-09-01T01:13:14.739Z,0.590107487991,2026-09-01 06:58:14.739,1526.859722222222
Pulse experiments,pioreactor01,2026-09-01T01:13:19.739Z,0.59013592057,2026-09-01 06:58:19.739,1526.861111111111
Pulse experiments,pioreactor01,2026-09-01T01:13:24.738Z,0.59015342563,2026-09-01 06:58:24.738,1526.8625
Pulse experiments,pioreactor01,2026-09-01T01:13:29.740Z,0.590179996861,2026-09-01 06:58:29.740,1526.863888888889
Pulse experiments,pioreactor01,2026-09-01T01:13:34.739Z,0.590181769108,2026-09-01 06:58:34.739,1526.865277777778
Pulse experiments,pioreactor01,2026-09-01T01:13:39.736Z,0.590195746637,2026-09-01 06:58:39.736,1526.866666666667
Pulse experiments,pioreactor01,2026-09-01T01:13:44.737Z,0.590204272847,2026-09-01 06:58:44.737,1526.868055555556
Pulse experiments,pioreactor01,2026-09-01T01:13:49.742Z,0.590222090394,2026-09-01 06:58:49.742,1526.869444444445
Pulse experiments,pioreactor01,2026-09-01T01:13:54.736Z,0.590242693471,2026-09-01 06:58:54.736,1526.870833333333
Pulse experiments,pioreactor01,2026-09-01T01:13:59.734Z,0.590256006562,2026-09-01 06:58:59.734,1526.872222222222
Pulse experiments,pioreactor01,2026-09-01T01:14:04.735Z,0.590300058938,2026-09-01 06:59:04.735,1526.873611111111
Pulse experiments,pioreactor01,2026-09-01T01:14:09.734Z,0.590331862961,2026-09-01 06:59:09.734,1526.875
Pulse experiments,pioreactor01,2026-09-01T01:14:14.754Z,0.590386981304,2026-09-01 06:59:14.754,1526.876388888889
Pulse experiments,pioreactor01,2026-09-01T01:14:19.739Z,0.590420622395,2026-09-01 06:59:19.739,1526.877777777778
Pulse experiments,pioreactor01,2026-09-01T01:14:24.740Z,0.590433484482,2026-09-01 06:59:24.740,1526.879166666667
Pulse experiments,pioreactor01,2026-09-01T01:14:29.737Z,0.590456710447,2026-09-01 06:59:29.737,1526.880555555555
Pulse experiments,pioreactor01,2026-09-01T01:14:34.742Z,0.590457915551,2026-09-01 06:59:34.742,1526.881944444444
Pulse experiments,pioreactor01,2026-09-01T01:14:39.739Z,0.59046611101,2026-09-01 06:59:39.739,1526.883333333333
Pulse experiments,pioreactor01,2026-09-01T01:14:44.735Z,0.590464142927,2026-09-01 06:59:44.735,1526.884722222222
Pulse experiments,pioreactor01,2026-09-01T01:14:49.736Z,0.590487079918,2026-09-01 06:59:49.736,1526.886111111111
Pulse experiments,pioreactor01,2026-09-01T01:14:54.740Z,0.590487600304,2026-09-01 06:59:54.740,1526.8875
Pulse experiments,pioreactor01,2026-09-01T01:14:59.734Z,0.59049376585,2026-09-01 06:59:59.734,1526.888888888889
