experiment,pioreactor_unit,timestamp,normalized_od_reading,timestamp_localtime,hours_since_experiment_created
Pulse experiments,pioreactor01,2026-08-16T17:45:30.568Z,0.750429957313,2026-08-16 23:30:30.568,1159.3975
Pulse experiments,pioreactor01,2026-08-16T17:45:35.565Z,0.750097861401,2026-08-16 23:30:35.565,1159.398888888889
Pulse experiments,pioreactor01,2026-08-16T17:45:40.565Z,0.748834851603,2026-08-16 23:30:40.565,1159.400277777778
Pulse experiments,pioreactor01,2026-08-16T17:45:45.559Z,0.749111807129,2026-08-16 23:30:45.559,1159.401666666667
Pulse experiments,pioreactor01,2026-08-16T17:45:50.561Z,0.749435478288,2026-08-16 23:30:50.561,1159.403055555556
Pulse experiments,pioreactor01,2026-08-16T17:45:55.561Z,0.749622547775,2026-08-16 23:30:55.561,1159.404444444444
Pulse experiments,pioreactor01,2026-08-16T17:46:00.561Z,0.749823029693,2026-08-16 23:31:00.561,1159.405833333333
Pulse experiments,pioreactor01,2026-08-16T17:46:05.559Z,0.749899205281,2026-08-16 23:31:05.559,1159.407222222222
Pulse experiments,pioreactor01,2026-08-16T17:46:10.561Z,0.74993052894,2026-08-16 23:31:10.561,1159.408611111111
Pulse experiments,pioreactor01,2026-08-16T17:46:15.563Z,0.749713531494,2026-08-16 23:31:15.563,1159.41
Pulse experiments,pioreactor01,2026-08-16T17:46:20.560Z,0.749679527692,2026-08-16 23:31:20.560,1159.411388888889
Pulse experiments,pioreactor01,2026-08-16T17:46:25.557Z,0.749946766129,2026-08-16 23:31:25.557,1159.412777777778
Pulse experiments,pioreactor01,2026-08-16T17:46:30.564Z,0.750118778162,2026-08-16 23:31:30.564,1159.414166666667
Pulse experiments,pioreactor01,2026-08-16T17:46:35.557Z,0.750218309046,2026-08-16 23:31:35.557,1159.415555555556
Pulse experiments,pioreactor01,2026-08-16T17:46:40.562Z,0.750218571268,2026-08-16 23:31:40.562,1159.416944444444
Pulse experiments,pioreactor01,2026-08-16T17:46:45.560Z,0.750287166502,2026-08-16 23:31:45.560,1159.418333333333
Pulse experiments,pioreactor01,2026-08-16T17:46:50.564Z,0.750356027332,2026-08-16 23:31:50.564,1159.419722222222
Pulse experiments,pioreactor01,2026-08-16T17:46:55.567Z,0.750363803738,2026-08-16 23:31:55.567,1159.421111111111
Pulse experiments,pioreactor01,2026-08-16T17:47:00.574Z,0.750263412654,2026-08-16 23:32:00.574,1159.4225
Pulse experiments,pioreactor01,2026-08-16T17:47:05.566Z,0.75018766185,2026-08-16 23:32:05.566,1159.423888888889
Pulse experiments,pioreactor01,2026-08-16T17:47:10.561Z,0.750066337797,2026-08-16 23:32:10.561,1159.425277777778
Pulse experiments,pioreactor01,2026-08-16T17:47:15.558Z,0.750061899933,2026-08-16 23:32:15.558,1159.426666666667
Pulse experiments,pioreactor01,2026-08-16T17:47:20.592Z,0.749919531312,2026-08-16 23:32:20.592,1159.428055555556
Pulse experiments,pioreactor01,2026-08-16T17:47:25.569Z,0.749840203247,2026-08-16 23:32:25.569,1159.429444444444
Pulse experiments,pioreactor01,2026-08-16T17:47:30.569Z,0.749732109574,2026-08-16 23:32:30.569,1159.430833333333
Pulse experiments,pioreactor01,2026-08-16T17:47:40.567Z,0.749688964285,2026-08-16 23:32:40.567,1159.433611111111
Pulse experiments,pioreactor01,2026-08-16T17:47:45.608Z,0.74959556881,2026-08-16 23:32:45.608,1159.435
Pulse experiments,pioreactor01,2026-08-16T17:47:50.563Z,0.749541097278,2026-08-16 23:32:50.563,1159.436388888889
Pulse experiments,pioreactor01,2026-08-16T17:47:55.560Z,0.749483376238,2026-08-16 23:32:55.560,1159.437777777778
Pulse experiments,pioreactor01,2026-08-16T17:48:00.577Z,0.749379059265,2026-08-16 23:33:00.577,1159.439166666667
Pulse experiments,pioreactor01,2026-08-16T17:48:05.559Z,0.749267392452,2026-08-16 23:33:05.559,1159.440555555556
Pulse experiments,pioreactor01,2026-08-16T17:48:10.549Z,0.749205272321,2026-08-16 23:33:10.549,1159.441944444445
Pulse experiments,pioreactor01,2026-08-16T17:48:15.551Z,0.749085247816,2026-08-16 23:33:15.551,1159.443333333333
Pulse experiments,pioreactor01,2026-08-16T17:48:20.551Z,0.749028486969,2026-08-16 23:33:20.551,1159.444722222222
Pulse experiments,pioreactor01,2026-08-16T17:48:25.556Z,0.749082664008,2026-08-16 23:33:25.556,1159.446111111111
Pulse experiments,pioreactor01,2026-08-16T17:48:30.552Z,0.749016622143,2026-08-16 23:33:30.552,1159.4475
Pulse experiments,pioreactor01,2026-08-16T17:48:35.549Z,0.748938196808,2026-08-16 23:33:35.549,1159.448888888889
Pulse experiments,pioreactor01,2026-08-16T17:48:40.549Z,0.748853208478,2026-08-16 23:33:40.549,1159.450277777778
Pulse experiments,pioreactor01,2026-08-16T17:48:45.550Z,0.748740522899,2026-08-16 23:33:45.550,1159.451666666667
Pulse experiments,pioreactor01,2026-08-16T17:48:50.550Z,0.748690221597,2026-08-16 23:33:50.550,1159.453055555555
Pulse experiments,pioreactor01,2026-08-16T17:48:55.552Z,0.748657310952,2026-08-16 23:33:55.552,1159.454444444444
Pulse experiments,pioreactor01,2026-08-16T17:49:00.550Z,0.748632621289,2026-08-16 23:34:00.550,1159.455833333333
Pulse experiments,pioreactor01,2026-08-16T17:49:05.551Z,0.748577386534,2026-08-16 23:34:05.551,1159.457222222222
Pulse experiments,pioreactor01,2026-08-16T17:49:10.553Z,0.748508255661,2026-08-16 23:34:10.553,1159.458611111111
Pulse experiments,pioreactor01,2026-08-16T17:49:15.550Z,0.748451225421,2026-08-16 23:34:15.550,1159.46
Pulse experiments,pioreactor01,2026-08-16T17:49:20.550Z,0.748421535376,2026-08-16 23:34:20.550,1159.461388888889
Pulse experiments,pioreactor01,2026-08-16T17:49:25.550Z,0.748425025723,2026-08-16 23:34:25.550,1159.462777777778
Pulse experiments,pioreactor01,2026-08-16T17:49:30.550Z,0.74839079826,2026-08-16 23:34:30.550,1159.464166666667
Pulse experiments,pioreactor01,2026-08-16T17:49:35.549Z,0.748383481293,2026-08-16 23:34:35.549,1159.465555555556
Pulse experiments,pioreactor01,2026-08-16T17:49:45.549Z,0.748269051096,2026-08-16 23:34:45.549,1159.468333333333
Pulse experiments,pioreactor01,2026-08-16T17:49:50.551Z,0.748197425785,2026-08-16 23:34:50.551,1159.469722222222
Pulse experiments,pioreactor01,2026-08-16T17:49:55.549Z,0.748155614555,2026-08-16 23:34:55.549,1159.471111111111
Pulse experiments,pioreactor01,2026-08-16T17:50:00.550Z,0.748116310295,2026-08-16 23:35:00.550,1159.4725
Pulse experiments,pioreactor01,2026-08-16T17:50:05.551Z,0.748049492849,2026-08-16 23:35:05.551,1159.473888888889
Pulse experiments,pioreactor01,2026-08-16T17:50:10.550Z,0.748000190226,2026-08-16 23:35:10.550,1159.475277777778
Pulse experiments,pioreactor01,2026-08-16T17:50:15.560Z,0.747937128386,2026-08-16 23:35:15.560,1159.476666666667
Pulse experiments,pioreactor01,2026-08-16T17:50:20.552Z,0.747902585211,2026-08-16 23:35:20.552,1159.478055555556
Pulse experiments,pioreactor01,2026-08-16T17:50:25.551Z,0.747819932114,2026-08-16 23:35:25.551,1159.479444444444
Pulse experiments,pioreactor01,2026-08-16T17:50:30.550Z,0.747736139807,2026-08-16 23:35:30.550,1159.480833333333
Pulse experiments,pioreactor01,2026-08-16T17:50:35.549Z,0.74768201814,2026-08-16 23:35:35.549,1159.482222222222
Pulse experiments,pioreactor01,2026-08-16T17:50:40.550Z,0.747651027422,2026-08-16 23:35:40.550,1159.483611111111
Pulse experiments,pioreactor01,2026-08-16T17:50:45.552Z,0.74762764665,2026-08-16 23:35:45.552,1159.485
Pulse experiments,pioreactor01,2026-08-16T17:50:50.549Z,0.747597001299,2026-08-16 23:35:50.549,1159.486388888889
Pulse experiments,pioreactor01,2026-08-16T17:50:55.549Z,0.747568188898,2026-08-16 23:35:55.549,1159.487777777778
Pulse experiments,pioreactor01,2026-08-16T17:51:00.552Z,0.747472926164,2026-08-16 23:36:00.552,1159.489166666667
Pulse experiments,pioreactor01,2026-08-16T17:51:05.551Z,0.747388092715,2026-08-16 23:36:05.551,1159.490555555556
Pulse experiments,pioreactor01,2026-08-16T17:51:10.550Z,0.74732813273,2026-08-16 23:36:10.550,1159.491944444444
Pulse experiments,pioreactor01,2026-08-16T17:51:15.551Z,0.747276722519,2026-08-16 23:36:15.551,1159.493333333333
Pulse experiments,pioreactor01,2026-08-16T17:51:20.550Z,0.747213646769,2026-08-16 23:36:20.550,1159.494722222222
Pulse experiments,pioreactor01,2026-08-16T17:51:25.551Z,0.747113794385,2026-08-16 23:36:25.551,1159.496111111111
Pulse experiments,pioreactor01,2026-08-16T17:51:30.551Z,0.747018946205,2026-08-16 23:36:30.551,1159.4975
Pulse experiments,pioreactor01,2026-08-16T17:51:35.551Z,0.746979884734,2026-08-16 23:36:35.551,1159.498888888889
Pulse experiments,pioreactor01,2026-08-16T17:51:40.549Z,0.746892099336,2026-08-16 23:36:40.549,1159.500277777778
Pulse experiments,pioreactor01,2026-08-16T17:51:45.550Z,0.746852451479,2026-08-16 23:36:45.550,1159.501666666667
Pulse experiments,pioreactor01,2026-08-16T17:51:50.552Z,0.746802834158,2026-08-16 23:36:50.552,1159.503055555556
Pulse experiments,pioreactor01,2026-08-16T17:51:55.552Z,0.746723811103,2026-08-16 23:36:55.552,1159.504444444445
Pulse experiments,pioreactor01,2026-08-16T17:52:00.551Z,0.746648669618,2026-08-16 23:37:00.551,1159.505833333333
Pulse experiments,pioreactor01,2026-08-16T17:52:05.552Z,0.74659702758,2026-08-16 23:37:05.552,1159.507222222222
Pulse experiments,pioreactor01,2026-08-16T17:52:10.549Z,0.746541825667,2026-08-16 23:37:10.549,1159.508611111111
Pulse experiments,pioreactor01,2026-08-16T17:52:15.551Z,0.746499026658,2026-08-16 23:37:15.551,1159.51
Pulse experiments,pioreactor01,2026-08-16T17:52:20.551Z,0.74650315191,2026-08-16 23:37:20.551,1159.511388888889
Pulse experiments,pioreactor01,2026-08-16T17:52:25.554Z,0.746426282719,2026-08-16 23:37:25.554,1159.512777777778
Pulse experiments,pioreactor01,2026-08-16T17:52:30.551Z,0.746408548545,2026-08-16 23:37:30.551,1159.514166666667
Pulse experiments,pioreactor01,2026-08-16T17:52:40.550Z,0.746352489758,2026-08-16 23:37:40.550,1159.516944444444
Pulse experiments,pioreactor01,2026-08-16T17:52:45.550Z,0.746309266074,2026-08-16 23:37:45.550,1159.518333333333
Pulse experiments,pioreactor01,2026-08-16T17:52:50.552Z,0.746269677699,2026-08-16 23:37:50.552,1159.519722222222
Pulse experiments,pioreactor01,2026-08-16T17:52:55.550Z,0.746257679904,2026-08-16 23:37:55.550,1159.521111111111
Pulse experiments,pioreactor01,2026-08-16T17:53:05.552Z,0.74616809716,2026-08-16 23:38:05.552,1159.523888888889
Pulse experiments,pioreactor01,2026-08-16T17:53:10.552Z,0.746099924271,2026-08-16 23:38:10.552,1159.525277777778
Pulse experiments,pioreactor01,2026-08-16T17:53:15.551Z,0.746031718638,2026-08-16 23:38:15.551,1159.526666666667
Pulse experiments,pioreactor01,2026-08-16T17:53:20.550Z,0.746036652224,2026-08-16 23:38:20.550,1159.528055555556
Pulse experiments,pioreactor01,2026-08-16T17:53:25.552Z,0.745990546661,2026-08-16 23:38:25.552,1159.529444444444
Pulse experiments,pioreactor01,2026-08-16T17:53:30.550Z,0.74595250016,2026-08-16 23:38:30.550,1159.530833333333
Pulse experiments,pioreactor01,2026-08-16T17:53:35.550Z,0.745912230492,2026-08-16 23:38:35.550,1159.532222222222
Pulse experiments,pioreactor01,2026-08-16T17:53:40.550Z,0.745935464857,2026-08-16 23:38:40.550,1159.533611111111
Pulse experiments,pioreactor01,2026-08-16T17:53:45.550Z,0.745990184169,2026-08-16 23:38:45.550,1159.535
Pulse experiments,pioreactor01,2026-08-16T17:53:50.552Z,0.745925748905,2026-08-16 23:38:50.552,1159.536388888889
Pulse experiments,pioreactor01,2026-08-16T17:53:55.549Z,0.745853463087,2026-08-16 23:38:55.549,1159.537777777778
Pulse experiments,pioreactor01,2026-08-16T17:54:00.549Z,0.745775143723,2026-08-16 23:39:00.549,1159.539166666667
Pulse experiments,pioreactor01,2026-08-16T17:54:05.549Z,0.74572401886,2026-08-16 23:39:05.549,1159.540555555556
Pulse experiments,pioreactor01,2026-08-16T17:54:10.549Z,0.745737841139,2026-08-16 23:39:10.549,1159.541944444444
Pulse experiments,pioreactor01,2026-08-16T17:54:15.551Z,0.745707649701,2026-08-16 23:39:15.551,1159.543333333333
Pulse experiments,pioreactor01,2026-08-16T17:54:20.552Z,0.745710610053,2026-08-16 23:39:20.552,1159.544722222222
Pulse experiments,pioreactor01,2026-08-16T17:54:25.550Z,0.745694328697,2026-08-16 23:39:25.550,1159.546111111111
Pulse experiments,pioreactor01,2026-08-16T17:54:30.549Z,0.745617828161,2026-08-16 23:39:30.549,1159.5475
Pulse experiments,pioreactor01,2026-08-16T17:54:35.551Z,0.745578630251,2026-08-16 23:39:35.551,1159.548888888889
Pulse experiments,pioreactor01,2026-08-16T17:54:40.549Z,0.745544748005,2026-08-16 23:39:40.549,1159.550277777778
Pulse experiments,pioreactor01,2026-08-16T17:54:45.550Z,0.745478362934,2026-08-16 23:39:45.550,1159.551666666667
Pulse experiments,pioreactor01,2026-08-16T17:54:50.549Z,0.745393505682,2026-08-16 23:39:50.549,1159.553055555556
Pulse experiments,pioreactor01,2026-08-16T17:54:55.551Z,0.745346847015,2026-08-16 23:39:55.551,1159.554444444444
Pulse experiments,pioreactor01,2026-08-16T17:55:00.550Z,0.745279295116,2026-08-16 23:40:00.550,1159.555833333333
Pulse experiments,pioreactor01,2026-08-16T17:55:05.551Z,0.74523209897,2026-08-16 23:40:05.551,1159.557222222222
Pulse experiments,pioreactor01,2026-08-16T17:55:10.551Z,0.745234981183,2026-08-16 23:40:10.551,1159.558611111111
Pulse experiments,pioreactor01,2026-08-16T17:55:15.551Z,0.745229577651,2026-08-16 23:40:15.551,1159.56
Pulse experiments,pioreactor01,2026-08-16T17:55:20.551Z,0.745230532191,2026-08-16 23:40:20.551,1159.561388888889
Pulse experiments,pioreactor01,2026-08-16T17:55:25.549Z,0.745157654899,2026-08-16 23:40:25.549,1159.562777777778
Pulse experiments,pioreactor01,2026-08-16T17:55:30.551Z,0.745126614719,2026-08-16 23:40:30.551,1159.564166666667
Pulse experiments,pioreactor01,2026-08-16T17:55:35.551Z,0.745135599204,2026-08-16 23:40:35.551,1159.565555555556
Pulse experiments,pioreactor01,2026-08-16T17:55:40.552Z,0.74509733972,2026-08-16 23:40:40.552,1159.566944444445
Pulse experiments,pioreactor01,2026-08-16T17:55:50.553Z,0.74502669924,2026-08-16 23:40:50.553,1159.569722222222
Pulse experiments,pioreactor01,2026-08-16T17:55:55.550Z,0.745009470645,2026-08-16 23:40:55.550,1159.571111111111
Pulse experiments,pioreactor01,2026-08-16T17:56:05.550Z,0.745019786012,2026-08-16 23:41:05.550,1159.573888888889
Pulse experiments,pioreactor01,2026-08-16T17:56:10.551Z,0.745013900214,2026-08-16 23:41:10.551,1159.575277777778
Pulse experiments,pioreactor01,2026-08-16T17:56:15.551Z,0.74496582398,2026-08-16 23:41:15.551,1159.576666666667
Pulse experiments,pioreactor01,2026-08-16T17:56:20.550Z,0.744910496093,2026-08-16 23:41:20.550,1159.578055555555
Pulse experiments,pioreactor01,2026-08-16T17:56:25.550Z,0.744900001323,2026-08-16 23:41:25.550,1159.579444444444
Pulse experiments,pioreactor01,2026-08-16T17:56:30.551Z,0.744892545107,2026-08-16 23:41:30.551,1159.580833333333
Pulse experiments,pioreactor01,2026-08-16T17:56:35.549Z,0.744862498055,2026-08-16 23:41:35.549,1159.582222222222
Pulse experiments,pioreactor01,2026-08-16T17:56:40.551Z,0.744798579505,2026-08-16 23:41:40.551,1159.583611111111
Pulse experiments,pioreactor01,2026-08-16T17:56:45.549Z,0.744720848015,2026-08-16 23:41:45.549,1159.585
Pulse experiments,pioreactor01,2026-08-16T17:56:50.551Z,0.744770153831,2026-08-16 23:41:50.551,1159.586388888889
Pulse experiments,pioreactor01,2026-08-16T17:56:55.551Z,0.744741108797,2026-08-16 23:41:55.551,1159.587777777778
Pulse experiments,pioreactor01,2026-08-16T17:57:05.552Z,0.744699580763,2026-08-16 23:42:05.552,1159.590555555556
Pulse experiments,pioreactor01,2026-08-16T17:57:10.549Z,0.744743541789,2026-08-16 23:42:10.549,1159.591944444444
Pulse experiments,pioreactor01,2026-08-16T17:57:15.549Z,0.744742956276,2026-08-16 23:42:15.549,1159.593333333333
Pulse experiments,pioreactor01,2026-08-16T17:57:20.551Z,0.744705396493,2026-08-16 23:42:20.551,1159.594722222222
Pulse experiments,pioreactor01,2026-08-16T17:57:25.553Z,0.744612875831,2026-08-16 23:42:25.553,1159.596111111111
Pulse experiments,pioreactor01,2026-08-16T17:57:30.551Z,0.744521694905,2026-08-16 23:42:30.551,1159.5975
Pulse experiments,pioreactor01,2026-08-16T17:57:35.549Z,0.744439780947,2026-08-16 23:42:35.549,1159.598888888889
Pulse experiments,pioreactor01,2026-08-16T17:57:40.549Z,0.744372201763,2026-08-16 23:42:40.549,1159.600277777778
Pulse experiments,pioreactor01,2026-08-16T17:57:45.551Z,0.744321629653,2026-08-16 23:42:45.551,1159.601666666667
Pulse experiments,pioreactor01,2026-08-16T17:57:50.549Z,0.744278780043,2026-08-16 23:42:50.549,1159.603055555556
Pulse experiments,pioreactor01,2026-08-16T17:57:55.550Z,0.744197730538,2026-08-16 23:42:55.550,1159.604444444444
Pulse experiments,pioreactor01,2026-08-16T17:58:00.550Z,0.744136622802,2026-08-16 23:43:00.550,1159.605833333333
Pulse experiments,pioreactor01,2026-08-16T17:58:05.552Z,0.744135216606,2026-08-16 23:43:05.552,1159.607222222222
Pulse experiments,pioreactor01,2026-08-16T17:58:10.550Z,0.744125709457,2026-08-16 23:43:10.550,1159.608611111111
Pulse experiments,pioreactor01,2026-08-16T17:58:15.550Z,0.744095159982,2026-08-16 23:43:15.550,1159.61
Pulse experiments,pioreactor01,2026-08-16T17:58:20.551Z,0.744068269552,2026-08-16 23:43:20.551,1159.611388888889
Pulse experiments,pioreactor01,2026-08-16T17:58:25.550Z,0.744029124165,2026-08-16 23:43:25.550,1159.612777777778
Pulse experiments,pioreactor01,2026-08-16T17:58:30.550Z,0.743953740859,2026-08-16 23:43:30.550,1159.614166666667
Pulse experiments,pioreactor01,2026-08-16T17:58:35.550Z,0.743914846778,2026-08-16 23:43:35.550,1159.615555555556
Pulse experiments,pioreactor01,2026-08-16T17:58:40.550Z,0.743876166861,2026-08-16 23:43:40.550,1159.616944444444
Pulse experiments,pioreactor01,2026-08-16T17:58:45.550Z,0.743880845826,2026-08-16 23:43:45.550,1159.618333333333
Pulse experiments,pioreactor01,2026-08-16T17:58:50.551Z,0.743899192949,2026-08-16 23:43:50.551,1159.619722222222
Pulse experiments,pioreactor01,2026-08-16T17:58:55.551Z,0.743890816476,2026-08-16 23:43:55.551,1159.621111111111
Pulse experiments,pioreactor01,2026-08-16T17:59:00.549Z,0.74385953921,2026-08-16 23:44:00.549,1159.6225
Pulse experiments,pioreactor01,2026-08-16T17:59:05.550Z,0.74381640396,2026-08-16 23:44:05.550,1159.623888888889
Pulse experiments,pioreactor01,2026-08-16T17:59:10.552Z,0.743756785242,2026-08-16 23:44:10.552,1159.625277777778
Pulse experiments,pioreactor01,2026-08-16T17:59:15.550Z,0.743725111307,2026-08-16 23:44:15.550,1159.626666666667
Pulse experiments,pioreactor01,2026-08-16T17:59:20.549Z,0.743737476294,2026-08-16 23:44:20.549,1159.628055555556
Pulse experiments,pioreactor01,2026-08-16T17:59:25.549Z,0.743731357767,2026-08-16 23:44:25.549,1159.629444444445
Pulse experiments,pioreactor01,2026-08-16T17:59:30.552Z,0.743757866398,2026-08-16 23:44:30.552,1159.630833333333
Pulse experiments,pioreactor01,2026-08-16T17:59:35.550Z,0.743778296066,2026-08-16 23:44:35.550,1159.632222222222
Pulse experiments,pioreactor01,2026-08-16T17:59:40.552Z,0.743830651749,2026-08-16 23:44:40.552,1159.633611111111
Pulse experiments,pioreactor01,2026-08-16T17:59:45.552Z,0.743851026263,2026-08-16 23:44:45.552,1159.635
Pulse experiments,pioreactor01,2026-08-16T17:59:55.552Z,0.743770447542,2026-08-16 23:44:55.552,1159.637777777778
Pulse experiments,pioreactor01,2026-08-16T18:00:00.551Z,0.743757620119,2026-08-16 23:45:00.551,1159.639166666667
Pulse experiments,pioreactor01,2026-08-16T18:00:05.550Z,0.743744310407,2026-08-16 23:45:05.550,1159.640555555555
Pulse experiments,pioreactor01,2026-08-16T18:00:10.550Z,0.743717868931,2026-08-16 23:45:10.550,1159.641944444444
Pulse experiments,pioreactor01,2026-08-16T18:00:15.552Z,0.743658629373,2026-08-16 23:45:15.552,1159.643333333333
Pulse experiments,pioreactor01,2026-08-16T18:00:20.551Z,0.743616605926,2026-08-16 23:45:20.551,1159.644722222222
Pulse experiments,pioreactor01,2026-08-16T18:00:25.553Z,0.743615872042,2026-08-16 23:45:25.553,1159.646111111111
Pulse experiments,pioreactor01,2026-08-16T18:00:30.550Z,0.743588665649,2026-08-16 23:45:30.550,1159.6475
Pulse experiments,pioreactor01,2026-08-16T18:00:35.552Z,0.743586243094,2026-08-16 23:45:35.552,1159.648888888889
Pulse experiments,pioreactor01,2026-08-16T18:00:40.549Z,0.743580992412,2026-08-16 23:45:40.549,1159.650277777778
Pulse experiments,pioreactor01,2026-08-16T18:00:45.551Z,0.743583516011,2026-08-16 23:45:45.551,1159.651666666667
Pulse experiments,pioreactor01,2026-08-16T18:00:50.550Z,0.743540179408,2026-08-16 23:45:50.550,1159.653055555556
Pulse experiments,pioreactor01,2026-08-16T18:00:55.554Z,0.743533239816,2026-08-16 23:45:55.554,1159.654444444444
Pulse experiments,pioreactor01,2026-08-16T18:01:00.552Z,0.74345267334,2026-08-16 23:46:00.552,1159.655833333333
Pulse experiments,pioreactor01,2026-08-16T18:01:05.552Z,0.743422495465,2026-08-16 23:46:05.552,1159.657222222222
Pulse experiments,pioreactor01,2026-08-16T18:01:10.550Z,0.743419608794,2026-08-16 23:46:10.550,1159.658611111111
Pulse experiments,pioreactor01,2026-08-16T18:01:15.550Z,0.743417081415,2026-08-16 23:46:15.550,1159.66
Pulse experiments,pioreactor01,2026-08-16T18:01:20.549Z,0.743446397093,2026-08-16 23:46:20.549,1159.661388888889
Pulse experiments,pioreactor01,2026-08-16T18:01:25.551Z,0.743446978173,2026-08-16 23:46:25.551,1159.662777777778
Pulse experiments,pioreactor01,2026-08-16T18:01:30.549Z,0.743475640664,2026-08-16 23:46:30.549,1159.664166666667
Pulse experiments,pioreactor01,2026-08-16T18:01:35.549Z,0.743497866488,2026-08-16 23:46:35.549,1159.665555555556
Pulse experiments,pioreactor01,2026-08-16T18:01:40.551Z,0.743523949096,2026-08-16 23:46:40.551,1159.666944444444
Pulse experiments,pioreactor01,2026-08-16T18:01:45.551Z,0.743528186585,2026-08-16 23:46:45.551,1159.668333333333
Pulse experiments,pioreactor01,2026-08-16T18:01:50.550Z,0.743599522318,2026-08-16 23:46:50.550,1159.669722222222
Pulse experiments,pioreactor01,2026-08-16T18:01:55.552Z,0.743633681897,2026-08-16 23:46:55.552,1159.671111111111
Pulse experiments,pioreactor01,2026-08-16T18:02:00.551Z,0.743677260827,2026-08-16 23:47:00.551,1159.6725
Pulse experiments,pioreactor01,2026-08-16T18:02:05.551Z,0.743734075968,2026-08-16 23:47:05.551,1159.673888888889
Pulse experiments,pioreactor01,2026-08-16T18:02:10.550Z,0.743781321648,2026-08-16 23:47:10.550,1159.675277777778
Pulse experiments,pioreactor01,2026-08-16T18:02:15.550Z,0.743819748689,2026-08-16 23:47:15.550,1159.676666666667
Pulse experiments,pioreactor01,2026-08-16T18:02:20.550Z,0.743877894091,2026-08-16 23:47:20.550,1159.678055555556
Pulse experiments,pioreactor01,2026-08-16T18:02:25.550Z,0.743885804619,2026-08-16 23:47:25.550,1159.679444444444
Pulse experiments,pioreactor01,2026-08-16T18:02:30.550Z,0.743898289703,2026-08-16 23:47:30.550,1159.680833333333
Pulse experiments,pioreactor01,2026-08-16T18:02:35.550Z,0.743929959125,2026-08-16 23:47:35.550,1159.682222222222
Pulse experiments,pioreactor01,2026-08-16T18:02:45.550Z,0.743961161321,2026-08-16 23:47:45.550,1159.685
Pulse experiments,pioreactor01,2026-08-16T18:02:55.553Z,0.743944914713,2026-08-16 23:47:55.553,1159.687777777778
Pulse experiments,pioreactor01,2026-08-16T18:03:00.551Z,0.743944611525,2026-08-16 23:48:00.551,1159.689166666667
Pulse experiments,pioreactor01,2026-08-16T18:03:05.551Z,0.743973814447,2026-08-16 23:48:05.551,1159.690555555556
Pulse experiments,pioreactor01,2026-08-16T18:03:10.549Z,0.743995258393,2026-08-16 23:48:10.549,1159.691944444445
Pulse experiments,pioreactor01,2026-08-16T18:03:15.550Z,0.744030263938,2026-08-16 23:48:15.550,1159.693333333333
Pulse experiments,pioreactor01,2026-08-16T18:03:20.551Z,0.744001211339,2026-08-16 23:48:20.551,1159.694722222222
Pulse experiments,pioreactor01,2026-08-16T18:03:25.553Z,0.744013872543,2026-08-16 23:48:25.553,1159.696111111111
Pulse experiments,pioreactor01,2026-08-16T18:03:30.552Z,0.744044113062,2026-08-16 23:48:30.552,1159.6975
Pulse experiments,pioreactor01,2026-08-16T18:03:35.553Z,0.744051459157,2026-08-16 23:48:35.553,1159.698888888889
Pulse experiments,pioreactor01,2026-08-16T18:03:40.552Z,0.743988498578,2026-08-16 23:48:40.552,1159.700277777778
Pulse experiments,pioreactor01,2026-08-16T18:03:45.550Z,0.74395303484,2026-08-16 23:48:45.550,1159.701666666667
Pulse experiments,pioreactor01,2026-08-16T18:03:50.549Z,0.743959933016,2026-08-16 23:48:50.549,1159.703055555555
Pulse experiments,pioreactor01,2026-08-16T18:03:55.551Z,0.743944689807,2026-08-16 23:48:55.551,1159.704444444444
Pulse experiments,pioreactor01,2026-08-16T18:04:00.550Z,0.74395598142,2026-08-16 23:49:00.550,1159.705833333333
Pulse experiments,pioreactor01,2026-08-16T18:04:05.549Z,0.743984745386,2026-08-16 23:49:05.549,1159.707222222222
Pulse experiments,pioreactor01,2026-08-16T18:04:10.551Z,0.743942423584,2026-08-16 23:49:10.551,1159.708611111111
Pulse experiments,pioreactor01,2026-08-16T18:04:15.552Z,0.743750308612,2026-08-16 23:49:15.552,1159.71
Pulse experiments,pioreactor01,2026-08-16T18:04:20.550Z,0.743527741011,2026-08-16 23:49:20.550,1159.711388888889
Pulse experiments,pioreactor01,2026-08-16T18:04:25.549Z,0.74328607713,2026-08-16 23:49:25.549,1159.712777777778
Pulse experiments,pioreactor01,2026-08-16T18:04:30.549Z,0.743057235522,2026-08-16 23:49:30.549,1159.714166666667
Pulse experiments,pioreactor01,2026-08-16T18:04:35.549Z,0.742789881324,2026-08-16 23:49:35.549,1159.715555555556
Pulse experiments,pioreactor01,2026-08-16T18:04:40.553Z,0.7425850803,2026-08-16 23:49:40.553,1159.716944444444
Pulse experiments,pioreactor01,2026-08-16T18:04:45.550Z,0.742384343997,2026-08-16 23:49:45.550,1159.718333333333
Pulse experiments,pioreactor01,2026-08-16T18:04:50.550Z,0.742149965426,2026-08-16 23:49:50.550,1159.719722222222
Pulse experiments,pioreactor01,2026-08-16T18:04:55.549Z,0.741949691473,2026-08-16 23:49:55.549,1159.721111111111
Pulse experiments,pioreactor01,2026-08-16T18:05:00.549Z,0.741735058414,2026-08-16 23:50:00.549,1159.7225
Pulse experiments,pioreactor01,2026-08-16T18:05:05.550Z,0.741574453866,2026-08-16 23:50:05.550,1159.723888888889
Pulse experiments,pioreactor01,2026-08-16T18:05:10.551Z,0.741424711833,2026-08-16 23:50:10.551,1159.725277777778
Pulse experiments,pioreactor01,2026-08-16T18:05:15.561Z,0.741268086871,2026-08-16 23:50:15.561,1159.726666666667
Pulse experiments,pioreactor01,2026-08-16T18:05:20.551Z,0.741081365644,2026-08-16 23:50:20.551,1159.728055555556
Pulse experiments,pioreactor01,2026-08-16T18:05:25.551Z,0.740890696018,2026-08-16 23:50:25.551,1159.729444444444
Pulse experiments,pioreactor01,2026-08-16T18:05:30.549Z,0.740732882341,2026-08-16 23:50:30.549,1159.730833333333
Pulse experiments,pioreactor01,2026-08-16T18:05:35.550Z,0.740590563315,2026-08-16 23:50:35.550,1159.732222222222
Pulse experiments,pioreactor01,2026-08-16T18:05:40.550Z,0.740462271062,2026-08-16 23:50:40.550,1159.733611111111
Pulse experiments,pioreactor01,2026-08-16T18:05:45.550Z,0.740328820696,2026-08-16 23:50:45.550,1159.735
Pulse experiments,pioreactor01,2026-08-16T18:05:50.550Z,0.740199722834,2026-08-16 23:50:50.550,1159.736388888889
Pulse experiments,pioreactor01,2026-08-16T18:05:55.551Z,0.740083340894,2026-08-16 23:50:55.551,1159.737777777778
Pulse experiments,pioreactor01,2026-08-16T18:06:05.549Z,0.73992889786,2026-08-16 23:51:05.549,1159.740555555556
Pulse experiments,pioreactor01,2026-08-16T18:06:10.550Z,0.739805634136,2026-08-16 23:51:10.550,1159.741944444444
Pulse experiments,pioreactor01,2026-08-16T18:06:15.551Z,0.739706345505,2026-08-16 23:51:15.551,1159.743333333333
Pulse experiments,pioreactor01,2026-08-16T18:06:20.550Z,0.739573980708,2026-08-16 23:51:20.550,1159.744722222222
Pulse experiments,pioreactor01,2026-08-16T18:06:25.550Z,0.739475458322,2026-08-16 23:51:25.550,1159.746111111111
Pulse experiments,pioreactor01,2026-08-16T18:06:30.550Z,0.739377316145,2026-08-16 23:51:30.550,1159.7475
Pulse experiments,pioreactor01,2026-08-16T18:06:35.551Z,0.739279419251,2026-08-16 23:51:35.551,1159.748888888889
Pulse experiments,pioreactor01,2026-08-16T18:06:40.549Z,0.739182242138,2026-08-16 23:51:40.549,1159.750277777778
Pulse experiments,pioreactor01,2026-08-16T18:06:45.551Z,0.739075489972,2026-08-16 23:51:45.551,1159.751666666667
Pulse experiments,pioreactor01,2026-08-16T18:06:50.551Z,0.738974248548,2026-08-16 23:51:50.551,1159.753055555556
Pulse experiments,pioreactor01,2026-08-16T18:06:55.550Z,0.73886769061,2026-08-16 23:51:55.550,1159.754444444445
Pulse experiments,pioreactor01,2026-08-16T18:07:00.550Z,0.738732435531,2026-08-16 23:52:00.550,1159.755833333333
Pulse experiments,pioreactor01,2026-08-16T18:07:05.550Z,0.738614764687,2026-08-16 23:52:05.550,1159.757222222222
Pulse experiments,pioreactor01,2026-08-16T18:07:10.552Z,0.738507806515,2026-08-16 23:52:10.552,1159.758611111111
Pulse experiments,pioreactor01,2026-08-16T18:07:15.551Z,0.738400493708,2026-08-16 23:52:15.551,1159.76
Pulse experiments,pioreactor01,2026-08-16T18:07:20.552Z,0.738307641294,2026-08-16 23:52:20.552,1159.761388888889
Pulse experiments,pioreactor01,2026-08-16T18:07:25.549Z,0.738210547799,2026-08-16 23:52:25.549,1159.762777777778
Pulse experiments,pioreactor01,2026-08-16T18:07:30.550Z,0.738140380966,2026-08-16 23:52:30.550,1159.764166666667
Pulse experiments,pioreactor01,2026-08-16T18:07:35.550Z,0.738036737449,2026-08-16 23:52:35.550,1159.765555555555
Pulse experiments,pioreactor01,2026-08-16T18:07:40.551Z,0.737934713274,2026-08-16 23:52:40.551,1159.766944444444
Pulse experiments,pioreactor01,2026-08-16T18:07:45.550Z,0.737843753854,2026-08-16 23:52:45.550,1159.768333333333
Pulse experiments,pioreactor01,2026-08-16T18:07:50.551Z,0.737771156658,2026-08-16 23:52:50.551,1159.769722222222
Pulse experiments,pioreactor01,2026-08-16T18:07:55.550Z,0.737680652976,2026-08-16 23:52:55.550,1159.771111111111
Pulse experiments,pioreactor01,2026-08-16T18:08:05.551Z,0.737569296849,2026-08-16 23:53:05.551,1159.773888888889
Pulse experiments,pioreactor01,2026-08-16T18:08:10.550Z,0.737501392566,2026-08-16 23:53:10.550,1159.775277777778
Pulse experiments,pioreactor01,2026-08-16T18:08:15.549Z,0.737435588447,2026-08-16 23:53:15.549,1159.776666666667
Pulse experiments,pioreactor01,2026-08-16T18:08:20.551Z,0.73737340106,2026-08-16 23:53:20.551,1159.778055555556
Pulse experiments,pioreactor01,2026-08-16T18:08:25.550Z,0.737301929772,2026-08-16 23:53:25.550,1159.779444444444
Pulse experiments,pioreactor01,2026-08-16T18:08:30.549Z,0.73721747743,2026-08-16 23:53:30.549,1159.780833333333
Pulse experiments,pioreactor01,2026-08-16T18:08:35.552Z,0.7371358843,2026-08-16 23:53:35.552,1159.782222222222
Pulse experiments,pioreactor01,2026-08-16T18:08:40.549Z,0.737075227632,2026-08-16 23:53:40.549,1159.783611111111
Pulse experiments,pioreactor01,2026-08-16T18:08:45.552Z,0.737010995187,2026-08-16 23:53:45.552,1159.785
Pulse experiments,pioreactor01,2026-08-16T18:08:50.550Z,0.736978604117,2026-08-16 23:53:50.550,1159.786388888889
Pulse experiments,pioreactor01,2026-08-16T18:08:55.552Z,0.736943007172,2026-08-16 23:53:55.552,1159.787777777778
Pulse experiments,pioreactor01,2026-08-16T18:09:00.551Z,0.736897887495,2026-08-16 23:54:00.551,1159.789166666667
Pulse experiments,pioreactor01,2026-08-16T18:09:05.552Z,0.736838801916,2026-08-16 23:54:05.552,1159.790555555556
Pulse experiments,pioreactor01,2026-08-16T18:09:10.551Z,0.736768781199,2026-08-16 23:54:10.551,1159.791944444444
Pulse experiments,pioreactor01,2026-08-16T18:09:15.550Z,0.736733086929,2026-08-16 23:54:15.550,1159.793333333333
Pulse experiments,pioreactor01,2026-08-16T18:09:25.549Z,0.736662264645,2026-08-16 23:54:25.549,1159.796111111111
Pulse experiments,pioreactor01,2026-08-16T18:09:30.550Z,0.736641587238,2026-08-16 23:54:30.550,1159.7975
Pulse experiments,pioreactor01,2026-08-16T18:09:35.549Z,0.736629966516,2026-08-16 23:54:35.549,1159.798888888889
Pulse experiments,pioreactor01,2026-08-16T18:09:40.549Z,0.73660805276,2026-08-16 23:54:40.549,1159.800277777778
Pulse experiments,pioreactor01,2026-08-16T18:09:45.550Z,0.736556071622,2026-08-16 23:54:45.550,1159.801666666667
Pulse experiments,pioreactor01,2026-08-16T18:09:50.551Z,0.736494615753,2026-08-16 23:54:50.551,1159.803055555556
Pulse experiments,pioreactor01,2026-08-16T18:09:55.550Z,0.736450703866,2026-08-16 23:54:55.550,1159.804444444444
Pulse experiments,pioreactor01,2026-08-16T18:10:00.551Z,0.736438561342,2026-08-16 23:55:00.551,1159.805833333333
Pulse experiments,pioreactor01,2026-08-16T18:10:05.550Z,0.736426331347,2026-08-16 23:55:05.550,1159.807222222222
Pulse experiments,pioreactor01,2026-08-16T18:10:10.552Z,0.736426657208,2026-08-16 23:55:10.552,1159.808611111111
Pulse experiments,pioreactor01,2026-08-16T18:10:15.549Z,0.736451148887,2026-08-16 23:55:15.549,1159.81
Pulse experiments,pioreactor01,2026-08-16T18:10:20.551Z,0.736422515645,2026-08-16 23:55:20.551,1159.811388888889
Pulse experiments,pioreactor01,2026-08-16T18:10:25.549Z,0.736381066035,2026-08-16 23:55:25.549,1159.812777777778
Pulse experiments,pioreactor01,2026-08-16T18:10:30.549Z,0.736367589377,2026-08-16 23:55:30.549,1159.814166666667
Pulse experiments,pioreactor01,2026-08-16T18:10:35.550Z,0.73635913309,2026-08-16 23:55:35.550,1159.815555555556
Pulse experiments,pioreactor01,2026-08-16T18:10:40.549Z,0.736327971111,2026-08-16 23:55:40.549,1159.816944444445
Pulse experiments,pioreactor01,2026-08-16T18:10:45.549Z,0.736298324646,2026-08-16 23:55:45.549,1159.818333333333
Pulse experiments,pioreactor01,2026-08-16T18:10:50.551Z,0.736254907514,2026-08-16 23:55:50.551,1159.819722222222
Pulse experiments,pioreactor01,2026-08-16T18:10:55.554Z,0.736209546574,2026-08-16 23:55:55.554,1159.821111111111
Pulse experiments,pioreactor01,2026-08-16T18:11:00.552Z,0.736175359024,2026-08-16 23:56:00.552,1159.8225
Pulse experiments,pioreactor01,2026-08-16T18:11:05.551Z,0.736122212101,2026-08-16 23:56:05.551,1159.823888888889
Pulse experiments,pioreactor01,2026-08-16T18:11:10.551Z,0.736079355077,2026-08-16 23:56:10.551,1159.825277777778
Pulse experiments,pioreactor01,2026-08-16T18:11:15.550Z,0.736027258962,2026-08-16 23:56:15.550,1159.826666666667
Pulse experiments,pioreactor01,2026-08-16T18:11:20.551Z,0.736026723069,2026-08-16 23:56:20.551,1159.828055555555
Pulse experiments,pioreactor01,2026-08-16T18:11:25.549Z,0.736008819911,2026-08-16 23:56:25.549,1159.829444444444
Pulse experiments,pioreactor01,2026-08-16T18:11:35.551Z,0.735953730384,2026-08-16 23:56:35.551,1159.832222222222
Pulse experiments,pioreactor01,2026-08-16T18:11:40.549Z,0.735945722454,2026-08-16 23:56:40.549,1159.833611111111
Pulse experiments,pioreactor01,2026-08-16T18:11:45.551Z,0.73593119941,2026-08-16 23:56:45.551,1159.835
Pulse experiments,pioreactor01,2026-08-16T18:11:50.551Z,0.735901456424,2026-08-16 23:56:50.551,1159.836388888889
Pulse experiments,pioreactor01,2026-08-16T18:11:55.548Z,0.735872800632,2026-08-16 23:56:55.548,1159.837777777778
Pulse experiments,pioreactor01,2026-08-16T18:12:00.550Z,0.735840893436,2026-08-16 23:57:00.550,1159.839166666667
Pulse experiments,pioreactor01,2026-08-16T18:12:05.549Z,0.735808375494,2026-08-16 23:57:05.549,1159.840555555556
Pulse experiments,pioreactor01,2026-08-16T18:12:10.551Z,0.7358086572,2026-08-16 23:57:10.551,1159.841944444444
Pulse experiments,pioreactor01,2026-08-16T18:12:15.551Z,0.735805433937,2026-08-16 23:57:15.551,1159.843333333333
Pulse experiments,pioreactor01,2026-08-16T18:12:25.550Z,0.735764526816,2026-08-16 23:57:25.550,1159.846111111111
Pulse experiments,pioreactor01,2026-08-16T18:12:30.553Z,0.735780733214,2026-08-16 23:57:30.553,1159.8475
Pulse experiments,pioreactor01,2026-08-16T18:12:35.549Z,0.735793137978,2026-08-16 23:57:35.549,1159.848888888889
Pulse experiments,pioreactor01,2026-08-16T18:12:40.552Z,0.735776460756,2026-08-16 23:57:40.552,1159.850277777778
Pulse experiments,pioreactor01,2026-08-16T18:12:45.553Z,0.735803251045,2026-08-16 23:57:45.553,1159.851666666667
Pulse experiments,pioreactor01,2026-08-16T18:12:50.549Z,0.735776434036,2026-08-16 23:57:50.549,1159.853055555556
Pulse experiments,pioreactor01,2026-08-16T18:12:55.550Z,0.735757087577,2026-08-16 23:57:55.550,1159.854444444444
Pulse experiments,pioreactor01,2026-08-16T18:13:00.551Z,0.735749926432,2026-08-16 23:58:00.551,1159.855833333333
Pulse experiments,pioreactor01,2026-08-16T18:13:05.552Z,0.735753496807,2026-08-16 23:58:05.552,1159.857222222222
Pulse experiments,pioreactor01,2026-08-16T18:13:15.550Z,0.735724022849,2026-08-16 23:58:15.550,1159.86
Pulse experiments,pioreactor01,2026-08-16T18:13:20.549Z,0.735754870638,2026-08-16 23:58:20.549,1159.861388888889
Pulse experiments,pioreactor01,2026-08-16T18:13:30.549Z,0.735700210224,2026-08-16 23:58:30.549,1159.864166666667
Pulse experiments,pioreactor01,2026-08-16T18:13:35.554Z,0.735730117636,2026-08-16 23:58:35.554,1159.865555555556
Pulse experiments,pioreactor01,2026-08-16T18:13:40.549Z,0.73573487293,2026-08-16 23:58:40.549,1159.866944444444
Pulse experiments,pioreactor01,2026-08-16T18:13:45.552Z,0.735743044247,2026-08-16 23:58:45.552,1159.868333333333
Pulse experiments,pioreactor01,2026-08-16T18:13:50.551Z,0.735730258832,2026-08-16 23:58:50.551,1159.869722222222
Pulse experiments,pioreactor01,2026-08-16T18:13:55.550Z,0.735711081505,2026-08-16 23:58:55.550,1159.871111111111
Pulse experiments,pioreactor01,2026-08-16T18:14:05.549Z,0.735675044669,2026-08-16 23:59:05.549,1159.873888888889
Pulse experiments,pioreactor01,2026-08-16T18:14:10.551Z,0.735680098532,2026-08-16 23:59:10.551,1159.875277777778
Pulse experiments,pioreactor01,2026-08-16T18:14:15.550Z,0.735672084629,2026-08-16 23:59:15.550,1159.876666666667
Pulse experiments,pioreactor01,2026-08-16T18:14:20.551Z,0.7356876046,2026-08-16 23:59:20.551,1159.878055555556
Pulse experiments,pioreactor01,2026-08-16T18:14:25.551Z,0.735699433641,2026-08-16 23:59:25.551,1159.879444444445
Pulse experiments,pioreactor01,2026-08-16T18:14:30.551Z,0.735708593044,2026-08-16 23:59:30.551,1159.880833333333
Pulse experiments,pioreactor01,2026-08-16T18:14:35.552Z,0.735711702113,2026-08-16 23:59:35.552,1159.882222222222
Pulse experiments,pioreactor01,2026-08-16T18:14:40.553Z,0.735723606154,2026-08-16 23:59:40.553,1159.883611111111
Pulse experiments,pioreactor01,2026-08-16T18:14:45.550Z,0.735743713697,2026-08-16 23:59:45.550,1159.885
Pulse experiments,pioreactor01,2026-08-16T18:14:50.551Z,0.735765728973,2026-08-16 23:59:50.551,1159.886388888889
Pulse experiments,pioreactor01,2026-08-16T18:14:55.550Z,0.73576966709,2026-08-16 23:59:55.550,1159.887777777778
Pulse experiments,pioreactor01,2026-08-16T18:15:00.550Z,0.735797464977,2026-08-17 00:00:00.550,1159.889166666667
Pulse experiments,pioreactor01,2026-08-16T18:15:05.550Z,0.735837915503,2026-08-17 00:00:05.550,1159.890555555555
Pulse experiments,pioreactor01,2026-08-16T18:15:10.549Z,0.735844733423,2026-08-17 00:00:10.549,1159.891944444444
Pulse experiments,pioreactor01,2026-08-16T18:15:15.549Z,0.735855253947,2026-08-17 00:00:15.549,1159.893333333333
Pulse experiments,pioreactor01,2026-08-16T18:15:20.549Z,0.735882585339,2026-08-17 00:00:20.549,1159.894722222222
Pulse experiments,pioreactor01,2026-08-16T18:15:25.550Z,0.735897837393,2026-08-17 00:00:25.550,1159.896111111111
Pulse experiments,pioreactor01,2026-08-16T18:15:30.553Z,0.735947533402,2026-08-17 00:00:30.553,1159.8975
Pulse experiments,pioreactor01,2026-08-16T18:15:35.552Z,0.736015695296,2026-08-17 00:00:35.552,1159.898888888889
Pulse experiments,pioreactor01,2026-08-16T18:15:40.549Z,0.736066111892,2026-08-17 00:00:40.549,1159.900277777778
Pulse experiments,pioreactor01,2026-08-16T18:15:45.551Z,0.73609098131,2026-08-17 00:00:45.551,1159.901666666667
Pulse experiments,pioreactor01,2026-08-16T18:15:50.554Z,0.73611073607,2026-08-17 00:00:50.554,1159.903055555556
Pulse experiments,pioreactor01,2026-08-16T18:15:55.550Z,0.736126152102,2026-08-17 00:00:55.550,1159.904444444444
Pulse experiments,pioreactor01,2026-08-16T18:16:00.550Z,0.736146803665,2026-08-17 00:01:00.550,1159.905833333333
Pulse experiments,pioreactor01,2026-08-16T18:16:05.552Z,0.736174037797,2026-08-17 00:01:05.552,1159.907222222222
Pulse experiments,pioreactor01,2026-08-16T18:16:10.552Z,0.736199376612,2026-08-17 00:01:10.552,1159.908611111111
Pulse experiments,pioreactor01,2026-08-16T18:16:15.550Z,0.736233439782,2026-08-17 00:01:15.550,1159.91
Pulse experiments,pioreactor01,2026-08-16T18:16:20.550Z,0.736271133362,2026-08-17 00:01:20.550,1159.911388888889
Pulse experiments,pioreactor01,2026-08-16T18:16:25.549Z,0.736332787289,2026-08-17 00:01:25.549,1159.912777777778
Pulse experiments,pioreactor01,2026-08-16T18:16:30.550Z,0.736392823062,2026-08-17 00:01:30.550,1159.914166666667
Pulse experiments,pioreactor01,2026-08-16T18:16:35.551Z,0.736444979421,2026-08-17 00:01:35.551,1159.915555555556
Pulse experiments,pioreactor01,2026-08-16T18:16:40.551Z,0.736470827168,2026-08-17 00:01:40.551,1159.916944444444
Pulse experiments,pioreactor01,2026-08-16T18:16:45.550Z,0.736489307311,2026-08-17 00:01:45.550,1159.918333333333
Pulse experiments,pioreactor01,2026-08-16T18:16:50.551Z,0.736540277548,2026-08-17 00:01:50.551,1159.919722222222
Pulse experiments,pioreactor01,2026-08-16T18:16:55.550Z,0.736577399631,2026-08-17 00:01:55.550,1159.921111111111
Pulse experiments,pioreactor01,2026-08-16T18:17:00.551Z,0.736612344068,2026-08-17 00:02:00.551,1159.9225
Pulse experiments,pioreactor01,2026-08-16T18:17:05.550Z,0.736668964883,2026-08-17 00:02:05.550,1159.923888888889
Pulse experiments,pioreactor01,2026-08-16T18:17:10.550Z,0.736724125602,2026-08-17 00:02:10.550,1159.925277777778
Pulse experiments,pioreactor01,2026-08-16T18:17:15.550Z,0.736756461455,2026-08-17 00:02:15.550,1159.926666666667
Pulse experiments,pioreactor01,2026-08-16T18:17:20.554Z,0.736785682893,2026-08-17 00:02:20.554,1159.928055555556
Pulse experiments,pioreactor01,2026-08-16T18:17:25.551Z,0.736803622675,2026-08-17 00:02:25.551,1159.929444444444
Pulse experiments,pioreactor01,2026-08-16T18:17:30.551Z,0.736827066253,2026-08-17 00:02:30.551,1159.930833333333
Pulse experiments,pioreactor01,2026-08-16T18:17:35.550Z,0.736843473212,2026-08-17 00:02:35.550,1159.932222222222
Pulse experiments,pioreactor01,2026-08-16T18:17:40.551Z,0.736876141927,2026-08-17 00:02:40.551,1159.933611111111
Pulse experiments,pioreactor01,2026-08-16T18:17:45.551Z,0.736922634905,2026-08-17 00:02:45.551,1159.935
Pulse experiments,pioreactor01,2026-08-16T18:17:50.550Z,0.736961193476,2026-08-17 00:02:50.550,1159.936388888889
Pulse experiments,pioreactor01,2026-08-16T18:17:55.550Z,0.736971016565,2026-08-17 00:02:55.550,1159.937777777778
Pulse experiments,pioreactor01,2026-08-16T18:18:00.550Z,0.736992015434,2026-08-17 00:03:00.550,1159.939166666667
Pulse experiments,pioreactor01,2026-08-16T18:18:05.549Z,0.73702354255,2026-08-17 00:03:05.549,1159.940555555556
Pulse experiments,pioreactor01,2026-08-16T18:18:10.550Z,0.737095083171,2026-08-17 00:03:10.550,1159.941944444445
Pulse experiments,pioreactor01,2026-08-16T18:18:15.550Z,0.737136615198,2026-08-17 00:03:15.550,1159.943333333333
Pulse experiments,pioreactor01,2026-08-16T18:18:20.550Z,0.737170746885,2026-08-17 00:03:20.550,1159.944722222222
Pulse experiments,pioreactor01,2026-08-16T18:18:25.550Z,0.737206813657,2026-08-17 00:03:25.550,1159.946111111111
Pulse experiments,pioreactor01,2026-08-16T18:18:30.552Z,0.737270341725,2026-08-17 00:03:30.552,1159.9475
Pulse experiments,pioreactor01,2026-08-16T18:18:35.549Z,0.737319332687,2026-08-17 00:03:35.549,1159.948888888889
Pulse experiments,pioreactor01,2026-08-16T18:18:40.550Z,0.737369080502,2026-08-17 00:03:40.550,1159.950277777778
Pulse experiments,pioreactor01,2026-08-16T18:18:45.552Z,0.737399245005,2026-08-17 00:03:45.552,1159.951666666667
Pulse experiments,pioreactor01,2026-08-16T18:18:50.550Z,0.737440757182,2026-08-17 00:03:50.550,1159.953055555555
Pulse experiments,pioreactor01,2026-08-16T18:18:55.552Z,0.737488414783,2026-08-17 00:03:55.552,1159.954444444444
Pulse experiments,pioreactor01,2026-08-16T18:19:00.549Z,0.737514093185,2026-08-17 00:04:00.549,1159.955833333333
Pulse experiments,pioreactor01,2026-08-16T18:19:05.551Z,0.737561404185,2026-08-17 00:04:05.551,1159.957222222222
Pulse experiments,pioreactor01,2026-08-16T18:19:10.550Z,0.737598889689,2026-08-17 00:04:10.550,1159.958611111111
Pulse experiments,pioreactor01,2026-08-16T18:19:15.551Z,0.737648347824,2026-08-17 00:04:15.551,1159.96
Pulse experiments,pioreactor01,2026-08-16T18:19:20.551Z,0.737660777494,2026-08-17 00:04:20.551,1159.961388888889
Pulse experiments,pioreactor01,2026-08-16T18:19:25.549Z,0.73769126137,2026-08-17 00:04:25.549,1159.962777777778
Pulse experiments,pioreactor01,2026-08-16T18:19:30.552Z,0.737733310158,2026-08-17 00:04:30.552,1159.964166666667
Pulse experiments,pioreactor01,2026-08-16T18:19:35.552Z,0.737788861813,2026-08-17 00:04:35.552,1159.965555555556
Pulse experiments,pioreactor01,2026-08-16T18:19:40.550Z,0.737848576424,2026-08-17 00:04:40.550,1159.966944444444
Pulse experiments,pioreactor01,2026-08-16T18:19:45.551Z,0.73788728129,2026-08-17 00:04:45.551,1159.968333333333
Pulse experiments,pioreactor01,2026-08-16T18:19:50.551Z,0.737964210766,2026-08-17 00:04:50.551,1159.969722222222
Pulse experiments,pioreactor01,2026-08-16T18:19:55.552Z,0.738046791563,2026-08-17 00:04:55.552,1159.971111111111
Pulse experiments,pioreactor01,2026-08-16T18:20:00.550Z,0.738089170263,2026-08-17 00:05:00.550,1159.9725
Pulse experiments,pioreactor01,2026-08-16T18:20:05.550Z,0.738145725682,2026-08-17 00:05:05.550,1159.973888888889
Pulse experiments,pioreactor01,2026-08-16T18:20:10.552Z,0.738170722262,2026-08-17 00:05:10.552,1159.975277777778
Pulse experiments,pioreactor01,2026-08-16T18:20:15.551Z,0.738217585303,2026-08-17 00:05:15.551,1159.976666666667
Pulse experiments,pioreactor01,2026-08-16T18:20:20.551Z,0.738282540033,2026-08-17 00:05:20.551,1159.978055555556
Pulse experiments,pioreactor01,2026-08-16T18:20:30.552Z,0.738299659632,2026-08-17 00:05:30.552,1159.980833333333
Pulse experiments,pioreactor01,2026-08-16T18:20:35.549Z,0.738359890349,2026-08-17 00:05:35.549,1159.982222222222
Pulse experiments,pioreactor01,2026-08-16T18:20:40.551Z,0.738406227501,2026-08-17 00:05:40.551,1159.983611111111
Pulse experiments,pioreactor01,2026-08-16T18:20:45.550Z,0.73845572355,2026-08-17 00:05:45.550,1159.985
Pulse experiments,pioreactor01,2026-08-16T18:20:50.550Z,0.738487396016,2026-08-17 00:05:50.550,1159.986388888889
Pulse experiments,pioreactor01,2026-08-16T18:20:55.551Z,0.738510481216,2026-08-17 00:05:55.551,1159.987777777778
Pulse experiments,pioreactor01,2026-08-16T18:21:00.550Z,0.738539426772,2026-08-17 00:06:00.550,1159.989166666667
Pulse experiments,pioreactor01,2026-08-16T18:21:05.550Z,0.738563654197,2026-08-17 00:06:05.550,1159.990555555556
Pulse experiments,pioreactor01,2026-08-16T18:21:10.551Z,0.738589614628,2026-08-17 00:06:10.551,1159.991944444444
Pulse experiments,pioreactor01,2026-08-16T18:21:15.550Z,0.738615728248,2026-08-17 00:06:15.550,1159.993333333333
Pulse experiments,pioreactor01,2026-08-16T18:21:20.551Z,0.738638870329,2026-08-17 00:06:20.551,1159.994722222222
Pulse experiments,pioreactor01,2026-08-16T18:21:25.550Z,0.738664321206,2026-08-17 00:06:25.550,1159.996111111111
Pulse experiments,pioreactor01,2026-08-16T18:21:30.550Z,0.738700545319,2026-08-17 00:06:30.550,1159.9975
Pulse experiments,pioreactor01,2026-08-16T18:21:35.552Z,0.738729371237,2026-08-17 00:06:35.552,1159.998888888889
Pulse experiments,pioreactor01,2026-08-16T18:21:40.551Z,0.738756517148,2026-08-17 00:06:40.551,1160.000277777778
Pulse experiments,pioreactor01,2026-08-16T18:21:45.550Z,0.738783866677,2026-08-17 00:06:45.550,1160.001666666667
Pulse experiments,pioreactor01,2026-08-16T18:21:50.549Z,0.738831770456,2026-08-17 00:06:50.549,1160.003055555556
Pulse experiments,pioreactor01,2026-08-16T18:21:55.549Z,0.73888563052,2026-08-17 00:06:55.549,1160.004444444445
Pulse experiments,pioreactor01,2026-08-16T18:22:00.552Z,0.738919642729,2026-08-17 00:07:00.552,1160.005833333333
Pulse experiments,pioreactor01,2026-08-16T18:22:05.550Z,0.738993697765,2026-08-17 00:07:05.550,1160.007222222222
Pulse experiments,pioreactor01,2026-08-16T18:22:10.550Z,0.739048247567,2026-08-17 00:07:10.550,1160.008611111111
Pulse experiments,pioreactor01,2026-08-16T18:22:15.551Z,0.739108504971,2026-08-17 00:07:15.551,1160.01
Pulse experiments,pioreactor01,2026-08-16T18:22:20.549Z,0.739160301791,2026-08-17 00:07:20.549,1160.011388888889
Pulse experiments,pioreactor01,2026-08-16T18:22:25.552Z,0.739219059812,2026-08-17 00:07:25.552,1160.012777777778
Pulse experiments,pioreactor01,2026-08-16T18:22:35.550Z,0.739264480592,2026-08-17 00:07:35.550,1160.015555555555
Pulse experiments,pioreactor01,2026-08-16T18:22:40.551Z,0.739332565469,2026-08-17 00:07:40.551,1160.016944444444
Pulse experiments,pioreactor01,2026-08-16T18:22:45.551Z,0.739418998872,2026-08-17 00:07:45.551,1160.018333333333
Pulse experiments,pioreactor01,2026-08-16T18:22:50.551Z,0.739489150498,2026-08-17 00:07:50.551,1160.019722222222
Pulse experiments,pioreactor01,2026-08-16T18:22:55.549Z,0.739546628646,2026-08-17 00:07:55.549,1160.021111111111
Pulse experiments,pioreactor01,2026-08-16T18:23:00.549Z,0.739611156772,2026-08-17 00:08:00.549,1160.0225
Pulse experiments,pioreactor01,2026-08-16T18:23:05.552Z,0.739698784352,2026-08-17 00:08:05.552,1160.023888888889
Pulse experiments,pioreactor01,2026-08-16T18:23:10.549Z,0.73976277574,2026-08-17 00:08:10.549,1160.025277777778
Pulse experiments,pioreactor01,2026-08-16T18:23:15.550Z,0.739818988601,2026-08-17 00:08:15.550,1160.026666666667
Pulse experiments,pioreactor01,2026-08-16T18:23:20.550Z,0.739884372701,2026-08-17 00:08:20.550,1160.028055555556
Pulse experiments,pioreactor01,2026-08-16T18:23:25.549Z,0.739932720929,2026-08-17 00:08:25.549,1160.029444444444
Pulse experiments,pioreactor01,2026-08-16T18:23:30.551Z,0.739995935843,2026-08-17 00:08:30.551,1160.030833333333
Pulse experiments,pioreactor01,2026-08-16T18:23:35.551Z,0.740066965954,2026-08-17 00:08:35.551,1160.032222222222
Pulse experiments,pioreactor01,2026-08-16T18:23:40.549Z,0.740139904931,2026-08-17 00:08:40.549,1160.033611111111
Pulse experiments,pioreactor01,2026-08-16T18:23:45.550Z,0.740194126735,2026-08-17 00:08:45.550,1160.035
Pulse experiments,pioreactor01,2026-08-16T18:23:50.553Z,0.740263946574,2026-08-17 00:08:50.553,1160.036388888889
Pulse experiments,pioreactor01,2026-08-16T18:23:55.550Z,0.740296098373,2026-08-17 00:08:55.550,1160.037777777778
Pulse experiments,pioreactor01,2026-08-16T18:24:00.549Z,0.7403587839,2026-08-17 00:09:00.549,1160.039166666667
Pulse experiments,pioreactor01,2026-08-16T18:24:05.551Z,0.740422418699,2026-08-17 00:09:05.551,1160.040555555556
Pulse experiments,pioreactor01,2026-08-16T18:24:10.551Z,0.740494063563,2026-08-17 00:09:10.551,1160.041944444444
Pulse experiments,pioreactor01,2026-08-16T18:24:15.550Z,0.740561575316,2026-08-17 00:09:15.550,1160.043333333333
Pulse experiments,pioreactor01,2026-08-16T18:24:20.550Z,0.740627055647,2026-08-17 00:09:20.550,1160.044722222222
Pulse experiments,pioreactor01,2026-08-16T18:24:25.552Z,0.740678286333,2026-08-17 00:09:25.552,1160.046111111111
Pulse experiments,pioreactor01,2026-08-16T18:24:30.551Z,0.740722004574,2026-08-17 00:09:30.551,1160.0475
Pulse experiments,pioreactor01,2026-08-16T18:24:35.549Z,0.740775987542,2026-08-17 00:09:35.549,1160.048888888889
Pulse experiments,pioreactor01,2026-08-16T18:24:40.551Z,0.740823626291,2026-08-17 00:09:40.551,1160.050277777778
Pulse experiments,pioreactor01,2026-08-16T18:24:45.550Z,0.740880914772,2026-08-17 00:09:45.550,1160.051666666667
Pulse experiments,pioreactor01,2026-08-16T18:24:50.551Z,0.740955581706,2026-08-17 00:09:50.551,1160.053055555556
Pulse experiments,pioreactor01,2026-08-16T18:24:55.551Z,0.740999952518,2026-08-17 00:09:55.551,1160.054444444444
Pulse experiments,pioreactor01,2026-08-16T18:25:00.553Z,0.74102930494,2026-08-17 00:10:00.553,1160.055833333333
Pulse experiments,pioreactor01,2026-08-16T18:25:05.553Z,0.741069611997,2026-08-17 00:10:05.553,1160.057222222222
Pulse experiments,pioreactor01,2026-08-16T18:25:10.551Z,0.741117696511,2026-08-17 00:10:10.551,1160.058611111111
Pulse experiments,pioreactor01,2026-08-16T18:25:15.556Z,0.741145063882,2026-08-17 00:10:15.556,1160.06
Pulse experiments,pioreactor01,2026-08-16T18:25:20.549Z,0.741178644178,2026-08-17 00:10:20.549,1160.061388888889
Pulse experiments,pioreactor01,2026-08-16T18:25:25.550Z,0.741210569396,2026-08-17 00:10:25.550,1160.062777777778
Pulse experiments,pioreactor01,2026-08-16T18:25:30.550Z,0.741267735649,2026-08-17 00:10:30.550,1160.064166666667
Pulse experiments,pioreactor01,2026-08-16T18:25:35.550Z,0.741317000416,2026-08-17 00:10:35.550,1160.065555555556
Pulse experiments,pioreactor01,2026-08-16T18:25:40.550Z,0.741364936535,2026-08-17 00:10:40.550,1160.066944444445
Pulse experiments,pioreactor01,2026-08-16T18:25:45.551Z,0.741416616562,2026-08-17 00:10:45.551,1160.068333333333
Pulse experiments,pioreactor01,2026-08-16T18:25:50.550Z,0.741446351296,2026-08-17 00:10:50.550,1160.069722222222
Pulse experiments,pioreactor01,2026-08-16T18:25:55.550Z,0.741465900724,2026-08-17 00:10:55.550,1160.071111111111
Pulse experiments,pioreactor01,2026-08-16T18:26:00.551Z,0.741509121867,2026-08-17 00:11:00.551,1160.0725
Pulse experiments,pioreactor01,2026-08-16T18:26:05.549Z,0.741543945322,2026-08-17 00:11:05.549,1160.073888888889
Pulse experiments,pioreactor01,2026-08-16T18:26:10.551Z,0.741569160967,2026-08-17 00:11:10.551,1160.075277777778
Pulse experiments,pioreactor01,2026-08-16T18:26:15.552Z,0.741596621642,2026-08-17 00:11:15.552,1160.076666666667
Pulse experiments,pioreactor01,2026-08-16T18:26:20.549Z,0.741626723135,2026-08-17 00:11:20.549,1160.078055555555
Pulse experiments,pioreactor01,2026-08-16T18:26:25.551Z,0.741657727836,2026-08-17 00:11:25.551,1160.079444444444
Pulse experiments,pioreactor01,2026-08-16T18:26:30.550Z,0.741712247626,2026-08-17 00:11:30.550,1160.080833333333
Pulse experiments,pioreactor01,2026-08-16T18:26:35.550Z,0.741803898841,2026-08-17 00:11:35.550,1160.082222222222
Pulse experiments,pioreactor01,2026-08-16T18:26:40.552Z,0.741897107198,2026-08-17 00:11:40.552,1160.083611111111
Pulse experiments,pioreactor01,2026-08-16T18:26:45.552Z,0.741967243168,2026-08-17 00:11:45.552,1160.085
Pulse experiments,pioreactor01,2026-08-16T18:26:50.550Z,0.742012346472,2026-08-17 00:11:50.550,1160.086388888889
Pulse experiments,pioreactor01,2026-08-16T18:26:55.550Z,0.742079703085,2026-08-17 00:11:55.550,1160.087777777778
Pulse experiments,pioreactor01,2026-08-16T18:27:00.549Z,0.742144337447,2026-08-17 00:12:00.549,1160.089166666667
Pulse experiments,pioreactor01,2026-08-16T18:27:05.551Z,0.742214699711,2026-08-17 00:12:05.551,1160.090555555556
Pulse experiments,pioreactor01,2026-08-16T18:27:10.551Z,0.742270375209,2026-08-17 00:12:10.551,1160.091944444444
Pulse experiments,pioreactor01,2026-08-16T18:27:15.551Z,0.742351895316,2026-08-17 00:12:15.551,1160.093333333333
Pulse experiments,pioreactor01,2026-08-16T18:27:20.550Z,0.742434185532,2026-08-17 00:12:20.550,1160.094722222222
Pulse experiments,pioreactor01,2026-08-16T18:27:25.551Z,0.742490224271,2026-08-17 00:12:25.551,1160.096111111111
Pulse experiments,pioreactor01,2026-08-16T18:27:30.552Z,0.742565929438,2026-08-17 00:12:30.552,1160.0975
Pulse experiments,pioreactor01,2026-08-16T18:27:35.549Z,0.742641988968,2026-08-17 00:12:35.549,1160.098888888889
Pulse experiments,pioreactor01,2026-08-16T18:27:40.549Z,0.742685373711,2026-08-17 00:12:40.549,1160.100277777778
Pulse experiments,pioreactor01,2026-08-16T18:27:45.549Z,0.742726325417,2026-08-17 00:12:45.549,1160.101666666667
Pulse experiments,pioreactor01,2026-08-16T18:27:50.552Z,0.742775038595,2026-08-17 00:12:50.552,1160.103055555556
Pulse experiments,pioreactor01,2026-08-16T18:27:55.550Z,0.742832743871,2026-08-17 00:12:55.550,1160.104444444444
Pulse experiments,pioreactor01,2026-08-16T18:28:00.551Z,0.742899463005,2026-08-17 00:13:00.551,1160.105833333333
Pulse experiments,pioreactor01,2026-08-16T18:28:05.551Z,0.742990105589,2026-08-17 00:13:05.551,1160.107222222222
Pulse experiments,pioreactor01,2026-08-16T18:28:15.550Z,0.743034054021,2026-08-17 00:13:15.550,1160.11
Pulse experiments,pioreactor01,2026-08-16T18:28:20.549Z,0.743070354133,2026-08-17 00:13:20.549,1160.111388888889
Pulse experiments,pioreactor01,2026-08-16T18:28:25.550Z,0.743104654165,2026-08-17 00:13:25.550,1160.112777777778
Pulse experiments,pioreactor01,2026-08-16T18:28:30.550Z,0.743159312096,2026-08-17 00:13:30.550,1160.114166666667
Pulse experiments,pioreactor01,2026-08-16T18:28:35.552Z,0.743235258341,2026-08-17 00:13:35.552,1160.115555555556
Pulse experiments,pioreactor01,2026-08-16T18:28:40.551Z,0.743308397108,2026-08-17 00:13:40.551,1160.116944444444
Pulse experiments,pioreactor01,2026-08-16T18:28:45.550Z,0.743361564975,2026-08-17 00:13:45.550,1160.118333333333
Pulse experiments,pioreactor01,2026-08-16T18:28:50.550Z,0.743413857789,2026-08-17 00:13:50.550,1160.119722222222
Pulse experiments,pioreactor01,2026-08-16T18:28:55.551Z,0.74346995735,2026-08-17 00:13:55.551,1160.121111111111
Pulse experiments,pioreactor01,2026-08-16T18:29:00.550Z,0.743511030722,2026-08-17 00:14:00.550,1160.1225
Pulse experiments,pioreactor01,2026-08-16T18:29:10.551Z,0.743572026954,2026-08-17 00:14:10.551,1160.125277777778
Pulse experiments,pioreactor01,2026-08-16T18:29:15.550Z,0.74363619125,2026-08-17 00:14:15.550,1160.126666666667
Pulse experiments,pioreactor01,2026-08-16T18:29:20.550Z,0.743686759701,2026-08-17 00:14:20.550,1160.128055555556
Pulse experiments,pioreactor01,2026-08-16T18:29:25.550Z,0.743750994093,2026-08-17 00:14:25.550,1160.129444444445
Pulse experiments,pioreactor01,2026-08-16T18:29:30.549Z,0.743781965572,2026-08-17 00:14:30.549,1160.130833333333
Pulse experiments,pioreactor01,2026-08-16T18:29:35.550Z,0.743819366161,2026-08-17 00:14:35.550,1160.132222222222
Pulse experiments,pioreactor01,2026-08-16T18:29:40.553Z,0.743886495442,2026-08-17 00:14:40.553,1160.133611111111
Pulse experiments,pioreactor01,2026-08-16T18:29:45.552Z,0.743938818885,2026-08-17 00:14:45.552,1160.135
Pulse experiments,pioreactor01,2026-08-16T18:29:50.551Z,0.743983465621,2026-08-17 00:14:50.551,1160.136388888889
Pulse experiments,pioreactor01,2026-08-16T18:29:55.551Z,0.744014487601,2026-08-17 00:14:55.551,1160.137777777778
Pulse experiments,pioreactor01,2026-08-16T18:30:00.550Z,0.744030022829,2026-08-17 00:15:00.550,1160.139166666667
Pulse experiments,pioreactor01,2026-08-16T18:30:05.551Z,0.74408132863,2026-08-17 00:15:05.551,1160.140555555555
Pulse experiments,pioreactor01,2026-08-16T18:30:10.549Z,0.74412888708,2026-08-17 00:15:10.549,1160.141944444444
Pulse experiments,pioreactor01,2026-08-16T18:30:15.551Z,0.744189012268,2026-08-17 00:15:15.551,1160.143333333333
Pulse experiments,pioreactor01,2026-08-16T18:30:20.550Z,0.744250691659,2026-08-17 00:15:20.550,1160.144722222222
Pulse experiments,pioreactor01,2026-08-16T18:30:25.552Z,0.744281103989,2026-08-17 00:15:25.552,1160.146111111111
Pulse experiments,pioreactor01,2026-08-16T18:30:30.550Z,0.744329456108,2026-08-17 00:15:30.550,1160.1475
Pulse experiments,pioreactor01,2026-08-16T18:30:40.550Z,0.744354120472,2026-08-17 00:15:40.550,1160.150277777778
Pulse experiments,pioreactor01,2026-08-16T18:30:45.551Z,0.744365010084,2026-08-17 00:15:45.551,1160.151666666667
Pulse experiments,pioreactor01,2026-08-16T18:30:50.553Z,0.744388084636,2026-08-17 00:15:50.553,1160.153055555556
Pulse experiments,pioreactor01,2026-08-16T18:31:05.550Z,0.744464061773,2026-08-17 00:16:05.550,1160.157222222222
Pulse experiments,pioreactor01,2026-08-16T18:31:10.552Z,0.744504330017,2026-08-17 00:16:10.552,1160.158611111111
Pulse experiments,pioreactor01,2026-08-16T18:31:15.549Z,0.744522043887,2026-08-17 00:16:15.549,1160.16
Pulse experiments,pioreactor01,2026-08-16T18:31:20.552Z,0.744548734061,2026-08-17 00:16:20.552,1160.161388888889
Pulse experiments,pioreactor01,2026-08-16T18:31:25.550Z,0.744581308713,2026-08-17 00:16:25.550,1160.162777777778
Pulse experiments,pioreactor01,2026-08-16T18:31:30.551Z,0.744588252141,2026-08-17 00:16:30.551,1160.164166666667
Pulse experiments,pioreactor01,2026-08-16T18:31:35.549Z,0.744603133197,2026-08-17 00:16:35.549,1160.165555555556
Pulse experiments,pioreactor01,2026-08-16T18:31:40.553Z,0.744642865023,2026-08-17 00:16:40.553,1160.166944444444
Pulse experiments,pioreactor01,2026-08-16T18:31:45.550Z,0.744702232834,2026-08-17 00:16:45.550,1160.168333333333
Pulse experiments,pioreactor01,2026-08-16T18:31:50.550Z,0.744744793743,2026-08-17 00:16:50.550,1160.169722222222
Pulse experiments,pioreactor01,2026-08-16T18:31:55.550Z,0.74477889554,2026-08-17 00:16:55.550,1160.171111111111
Pulse experiments,pioreactor01,2026-08-16T18:32:00.552Z,0.744828493033,2026-08-17 00:17:00.552,1160.1725
Pulse experiments,pioreactor01,2026-08-16T18:32:05.549Z,0.744857469154,2026-08-17 00:17:05.549,1160.173888888889
Pulse experiments,pioreactor01,2026-08-16T18:32:10.551Z,0.744888376221,2026-08-17 00:17:10.551,1160.175277777778
Pulse experiments,pioreactor01,2026-08-16T18:32:15.549Z,0.744940683171,2026-08-17 00:17:15.549,1160.176666666667
Pulse experiments,pioreactor01,2026-08-16T18:32:20.553Z,0.744969861267,2026-08-17 00:17:20.553,1160.178055555556
Pulse experiments,pioreactor01,2026-08-16T18:32:25.552Z,0.745016151317,2026-08-17 00:17:25.552,1160.179444444444
Pulse experiments,pioreactor01,2026-08-16T18:32:35.553Z,0.745082754161,2026-08-17 00:17:35.553,1160.182222222222
Pulse experiments,pioreactor01,2026-08-16T18:32:40.552Z,0.745155810032,2026-08-17 00:17:40.552,1160.183611111111
Pulse experiments,pioreactor01,2026-08-16T18:32:45.551Z,0.745186212183,2026-08-17 00:17:45.551,1160.185
Pulse experiments,pioreactor01,2026-08-16T18:32:50.550Z,0.745226662598,2026-08-17 00:17:50.550,1160.186388888889
Pulse experiments,pioreactor01,2026-08-16T18:32:55.550Z,0.745270053748,2026-08-17 00:17:55.550,1160.187777777778
Pulse experiments,pioreactor01,2026-08-16T18:33:00.549Z,0.745331189525,2026-08-17 00:18:00.549,1160.189166666667
Pulse experiments,pioreactor01,2026-08-16T18:33:05.550Z,0.745388090054,2026-08-17 00:18:05.550,1160.190555555556
Pulse experiments,pioreactor01,2026-08-16T18:33:10.552Z,0.745419672274,2026-08-17 00:18:10.552,1160.191944444445
Pulse experiments,pioreactor01,2026-08-16T18:33:15.549Z,0.745462024989,2026-08-17 00:18:15.549,1160.193333333333
Pulse experiments,pioreactor01,2026-08-16T18:33:20.549Z,0.745492497363,2026-08-17 00:18:20.549,1160.194722222222
Pulse experiments,pioreactor01,2026-08-16T18:33:30.551Z,0.745582449401,2026-08-17 00:18:30.551,1160.1975
Pulse experiments,pioreactor01,2026-08-16T18:33:35.553Z,0.745625979651,2026-08-17 00:18:35.553,1160.198888888889
Pulse experiments,pioreactor01,2026-08-16T18:33:40.550Z,0.745639047105,2026-08-17 00:18:40.550,1160.200277777778
Pulse experiments,pioreactor01,2026-08-16T18:33:45.551Z,0.745669660488,2026-08-17 00:18:45.551,1160.201666666667
Pulse experiments,pioreactor01,2026-08-16T18:33:50.549Z,0.745686449134,2026-08-17 00:18:50.549,1160.203055555555
Pulse experiments,pioreactor01,2026-08-16T18:33:55.550Z,0.745704558419,2026-08-17 00:18:55.550,1160.204444444444
Pulse experiments,pioreactor01,2026-08-16T18:34:00.551Z,0.745731120973,2026-08-17 00:19:00.551,1160.205833333333
Pulse experiments,pioreactor01,2026-08-16T18:34:05.550Z,0.745762632003,2026-08-17 00:19:05.550,1160.207222222222
Pulse experiments,pioreactor01,2026-08-16T18:34:10.552Z,0.745804111794,2026-08-17 00:19:10.552,1160.208611111111
Pulse experiments,pioreactor01,2026-08-16T18:34:15.551Z,0.745828961894,2026-08-17 00:19:15.551,1160.21
Pulse experiments,pioreactor01,2026-08-16T18:34:20.550Z,0.745846618064,2026-08-17 00:19:20.550,1160.211388888889
Pulse experiments,pioreactor01,2026-08-16T18:34:25.551Z,0.745872890534,2026-08-17 00:19:25.551,1160.212777777778
Pulse experiments,pioreactor01,2026-08-16T18:34:30.553Z,0.74590355126,2026-08-17 00:19:30.553,1160.214166666667
Pulse experiments,pioreactor01,2026-08-16T18:34:35.550Z,0.745952071386,2026-08-17 00:19:35.550,1160.215555555556
Pulse experiments,pioreactor01,2026-08-16T18:34:40.551Z,0.745973540514,2026-08-17 00:19:40.551,1160.216944444444
Pulse experiments,pioreactor01,2026-08-16T18:34:45.552Z,0.745992788127,2026-08-17 00:19:45.552,1160.218333333333
Pulse experiments,pioreactor01,2026-08-16T18:34:50.551Z,0.74602603523,2026-08-17 00:19:50.551,1160.219722222222
Pulse experiments,pioreactor01,2026-08-16T18:34:55.550Z,0.746049746674,2026-08-17 00:19:55.550,1160.221111111111
Pulse experiments,pioreactor01,2026-08-16T18:35:00.552Z,0.746058660001,2026-08-17 00:20:00.552,1160.2225
Pulse experiments,pioreactor01,2026-08-16T18:35:05.549Z,0.746094454439,2026-08-17 00:20:05.549,1160.223888888889
Pulse experiments,pioreactor01,2026-08-16T18:35:10.551Z,0.746143158164,2026-08-17 00:20:10.551,1160.225277777778
Pulse experiments,pioreactor01,2026-08-16T18:35:15.555Z,0.746167205874,2026-08-17 00:20:15.555,1160.226666666667
Pulse experiments,pioreactor01,2026-08-16T18:35:20.551Z,0.746202920165,2026-08-17 00:20:20.551,1160.228055555556
Pulse experiments,pioreactor01,2026-08-16T18:35:25.551Z,0.746233740427,2026-08-17 00:20:25.551,1160.229444444444
Pulse experiments,pioreactor01,2026-08-16T18:35:30.551Z,0.746269347602,2026-08-17 00:20:30.551,1160.230833333333
Pulse experiments,pioreactor01,2026-08-16T18:35:35.551Z,0.746306962904,2026-08-17 00:20:35.551,1160.232222222222
Pulse experiments,pioreactor01,2026-08-16T18:35:40.551Z,0.746343808323,2026-08-17 00:20:40.551,1160.233611111111
Pulse experiments,pioreactor01,2026-08-16T18:35:45.552Z,0.746377206681,2026-08-17 00:20:45.552,1160.235
Pulse experiments,pioreactor01,2026-08-16T18:35:50.552Z,0.746387625364,2026-08-17 00:20:50.552,1160.236388888889
Pulse experiments,pioreactor01,2026-08-16T18:35:55.552Z,0.746442653783,2026-08-17 00:20:55.552,1160.237777777778
Pulse experiments,pioreactor01,2026-08-16T18:36:00.550Z,0.746495248778,2026-08-17 00:21:00.550,1160.239166666667
Pulse experiments,pioreactor01,2026-08-16T18:36:05.551Z,0.746543106964,2026-08-17 00:21:05.551,1160.240555555556
Pulse experiments,pioreactor01,2026-08-16T18:36:10.553Z,0.746594985466,2026-08-17 00:21:10.553,1160.241944444444
Pulse experiments,pioreactor01,2026-08-16T18:36:15.550Z,0.746609762246,2026-08-17 00:21:15.550,1160.243333333333
Pulse experiments,pioreactor01,2026-08-16T18:36:20.549Z,0.746640913987,2026-08-17 00:21:20.549,1160.244722222222
Pulse experiments,pioreactor01,2026-08-16T18:36:25.550Z,0.746658267661,2026-08-17 00:21:25.550,1160.246111111111
Pulse experiments,pioreactor01,2026-08-16T18:36:30.550Z,0.746689153607,2026-08-17 00:21:30.550,1160.2475
Pulse experiments,pioreactor01,2026-08-16T18:36:35.550Z,0.746710258798,2026-08-17 00:21:35.550,1160.248888888889
Pulse experiments,pioreactor01,2026-08-16T18:36:40.551Z,0.746745734154,2026-08-17 00:21:40.551,1160.250277777778
Pulse experiments,pioreactor01,2026-08-16T18:36:45.550Z,0.746795558422,2026-08-17 00:21:45.550,1160.251666666667
Pulse experiments,pioreactor01,2026-08-16T18:36:50.550Z,0.746803165641,2026-08-17 00:21:50.550,1160.253055555556
Pulse experiments,pioreactor01,2026-08-16T18:36:55.551Z,0.746821808528,2026-08-17 00:21:55.551,1160.254444444445
Pulse experiments,pioreactor01,2026-08-16T18:37:05.550Z,0.746852147685,2026-08-17 00:22:05.550,1160.257222222222
Pulse experiments,pioreactor01,2026-08-16T18:37:10.550Z,0.746880173824,2026-08-17 00:22:10.550,1160.258611111111
Pulse experiments,pioreactor01,2026-08-16T18:37:15.552Z,0.746913943825,2026-08-17 00:22:15.552,1160.26
Pulse experiments,pioreactor01,2026-08-16T18:37:20.551Z,0.746941456675,2026-08-17 00:22:20.551,1160.261388888889
Pulse experiments,pioreactor01,2026-08-16T18:37:30.549Z,0.74699816846,2026-08-17 00:22:30.549,1160.264166666667
Pulse experiments,pioreactor01,2026-08-16T18:37:35.550Z,0.747031555115,2026-08-17 00:22:35.550,1160.265555555555
Pulse experiments,pioreactor01,2026-08-16T18:37:40.555Z,0.747078898703,2026-08-17 00:22:40.555,1160.266944444444
Pulse experiments,pioreactor01,2026-08-16T18:37:45.552Z,0.747126001401,2026-08-17 00:22:45.552,1160.268333333333
Pulse experiments,pioreactor01,2026-08-16T18:37:50.550Z,0.747157640857,2026-08-17 00:22:50.550,1160.269722222222
Pulse experiments,pioreactor01,2026-08-16T18:37:55.549Z,0.747189643999,2026-08-17 00:22:55.549,1160.271111111111
Pulse experiments,pioreactor01,2026-08-16T18:38:05.551Z,0.747235651949,2026-08-17 00:23:05.551,1160.273888888889
Pulse experiments,pioreactor01,2026-08-16T18:38:10.550Z,0.747267276517,2026-08-17 00:23:10.550,1160.275277777778
Pulse experiments,pioreactor01,2026-08-16T18:38:15.549Z,0.747285128376,2026-08-17 00:23:15.549,1160.276666666667
Pulse experiments,pioreactor01,2026-08-16T18:38:20.551Z,0.747290189208,2026-08-17 00:23:20.551,1160.278055555556
Pulse experiments,pioreactor01,2026-08-16T18:38:25.551Z,0.747323692129,2026-08-17 00:23:25.551,1160.279444444444
Pulse experiments,pioreactor01,2026-08-16T18:38:30.552Z,0.747355487215,2026-08-17 00:23:30.552,1160.280833333333
Pulse experiments,pioreactor01,2026-08-16T18:38:35.551Z,0.747393168032,2026-08-17 00:23:35.551,1160.282222222222
Pulse experiments,pioreactor01,2026-08-16T18:38:40.549Z,0.747424050071,2026-08-17 00:23:40.549,1160.283611111111
Pulse experiments,pioreactor01,2026-08-16T18:38:45.553Z,0.747425268665,2026-08-17 00:23:45.553,1160.285
Pulse experiments,pioreactor01,2026-08-16T18:38:50.551Z,0.747439474395,2026-08-17 00:23:50.551,1160.286388888889
Pulse experiments,pioreactor01,2026-08-16T18:38:55.552Z,0.747448274867,2026-08-17 00:23:55.552,1160.287777777778
Pulse experiments,pioreactor01,2026-08-16T18:39:00.551Z,0.747486921573,2026-08-17 00:24:00.551,1160.289166666667
Pulse experiments,pioreactor01,2026-08-16T18:39:05.551Z,0.747526669295,2026-08-17 00:24:05.551,1160.290555555556
Pulse experiments,pioreactor01,2026-08-16T18:39:10.552Z,0.747562899479,2026-08-17 00:24:10.552,1160.291944444444
Pulse experiments,pioreactor01,2026-08-16T18:39:15.550Z,0.7476138656,2026-08-17 00:24:15.550,1160.293333333333
Pulse experiments,pioreactor01,2026-08-16T18:39:20.553Z,0.7476593114,2026-08-17 00:24:20.553,1160.294722222222
Pulse experiments,pioreactor01,2026-08-16T18:39:25.551Z,0.747693938023,2026-08-17 00:24:25.551,1160.296111111111
Pulse experiments,pioreactor01,2026-08-16T18:39:30.552Z,0.747723741221,2026-08-17 00:24:30.552,1160.2975
Pulse experiments,pioreactor01,2026-08-16T18:39:35.551Z,0.747759053067,2026-08-17 00:24:35.551,1160.298888888889
Pulse experiments,pioreactor01,2026-08-16T18:39:40.550Z,0.74779411324,2026-08-17 00:24:40.550,1160.300277777778
Pulse experiments,pioreactor01,2026-08-16T18:39:50.550Z,0.747858770701,2026-08-17 00:24:50.550,1160.303055555556
Pulse experiments,pioreactor01,2026-08-16T18:39:55.550Z,0.747882047869,2026-08-17 00:24:55.550,1160.304444444444
Pulse experiments,pioreactor01,2026-08-16T18:40:05.550Z,0.747935023568,2026-08-17 00:25:05.550,1160.307222222222
Pulse experiments,pioreactor01,2026-08-16T18:40:10.554Z,0.747959482827,2026-08-17 00:25:10.554,1160.308611111111
Pulse experiments,pioreactor01,2026-08-16T18:40:15.551Z,0.747979947309,2026-08-17 00:25:15.551,1160.31
Pulse experiments,pioreactor01,2026-08-16T18:40:20.552Z,0.748007248459,2026-08-17 00:25:20.552,1160.311388888889
Pulse experiments,pioreactor01,2026-08-16T18:40:25.550Z,0.748028852837,2026-08-17 00:25:25.550,1160.312777777778
Pulse experiments,pioreactor01,2026-08-16T18:40:30.550Z,0.748057422884,2026-08-17 00:25:30.550,1160.314166666667
Pulse experiments,pioreactor01,2026-08-16T18:40:35.549Z,0.748103979335,2026-08-17 00:25:35.549,1160.315555555556
Pulse experiments,pioreactor01,2026-08-16T18:40:40.550Z,0.748145564951,2026-08-17 00:25:40.550,1160.316944444445
Pulse experiments,pioreactor01,2026-08-16T18:40:45.550Z,0.748176574148,2026-08-17 00:25:45.550,1160.318333333333
Pulse experiments,pioreactor01,2026-08-16T18:40:50.551Z,0.748215633231,2026-08-17 00:25:50.551,1160.319722222222
Pulse experiments,pioreactor01,2026-08-16T18:40:55.550Z,0.748243699937,2026-08-17 00:25:55.550,1160.321111111111
Pulse experiments,pioreactor01,2026-08-16T18:41:00.552Z,0.748289402695,2026-08-17 00:26:00.552,1160.3225
Pulse experiments,pioreactor01,2026-08-16T18:41:05.555Z,0.748340586713,2026-08-17 00:26:05.555,1160.323888888889
Pulse experiments,pioreactor01,2026-08-16T18:41:15.551Z,0.74843940426,2026-08-17 00:26:15.551,1160.326666666667
Pulse experiments,pioreactor01,2026-08-16T18:41:20.549Z,0.74846977981,2026-08-17 00:26:20.549,1160.328055555555
Pulse experiments,pioreactor01,2026-08-16T18:41:25.553Z,0.748507918478,2026-08-17 00:26:25.553,1160.329444444444
Pulse experiments,pioreactor01,2026-08-16T18:41:30.552Z,0.748559021048,2026-08-17 00:26:30.552,1160.330833333333
Pulse experiments,pioreactor01,2026-08-16T18:41:35.549Z,0.748581724127,2026-08-17 00:26:35.549,1160.332222222222
Pulse experiments,pioreactor01,2026-08-16T18:41:40.550Z,0.748604395167,2026-08-17 00:26:40.550,1160.333611111111
Pulse experiments,pioreactor01,2026-08-16T18:41:45.550Z,0.748633203553,2026-08-17 00:26:45.550,1160.335
Pulse experiments,pioreactor01,2026-08-16T18:41:50.549Z,0.748679935795,2026-08-17 00:26:50.549,1160.336388888889
Pulse experiments,pioreactor01,2026-08-16T18:41:55.549Z,0.74870586174,2026-08-17 00:26:55.549,1160.337777777778
Pulse experiments,pioreactor01,2026-08-16T18:42:00.549Z,0.748729979905,2026-08-17 00:27:00.549,1160.339166666667
Pulse experiments,pioreactor01,2026-08-16T18:42:05.550Z,0.748737071293,2026-08-17 00:27:05.550,1160.340555555556
Pulse experiments,pioreactor01,2026-08-16T18:42:15.550Z,0.748795308916,2026-08-17 00:27:15.550,1160.343333333333
Pulse experiments,pioreactor01,2026-08-16T18:42:20.551Z,0.748821497277,2026-08-17 00:27:20.551,1160.344722222222
Pulse experiments,pioreactor01,2026-08-16T18:42:25.552Z,0.748857384753,2026-08-17 00:27:25.552,1160.346111111111
Pulse experiments,pioreactor01,2026-08-16T18:42:30.552Z,0.748901598474,2026-08-17 00:27:30.552,1160.3475
Pulse experiments,pioreactor01,2026-08-16T18:42:35.551Z,0.748930853091,2026-08-17 00:27:35.551,1160.348888888889
Pulse experiments,pioreactor01,2026-08-16T18:42:40.553Z,0.748968847458,2026-08-17 00:27:40.553,1160.350277777778
Pulse experiments,pioreactor01,2026-08-16T18:42:45.551Z,0.749035363405,2026-08-17 00:27:45.551,1160.351666666667
Pulse experiments,pioreactor01,2026-08-16T18:42:50.550Z,0.749050385186,2026-08-17 00:27:50.550,1160.353055555556
Pulse experiments,pioreactor01,2026-08-16T18:42:55.550Z,0.749070725273,2026-08-17 00:27:55.550,1160.354444444444
Pulse experiments,pioreactor01,2026-08-16T18:43:00.552Z,0.749113612467,2026-08-17 00:28:00.552,1160.355833333333
Pulse experiments,pioreactor01,2026-08-16T18:43:05.551Z,0.749162939179,2026-08-17 00:28:05.551,1160.357222222222
Pulse experiments,pioreactor01,2026-08-16T18:43:10.551Z,0.749196152119,2026-08-17 00:28:10.551,1160.358611111111
Pulse experiments,pioreactor01,2026-08-16T18:43:15.549Z,0.74923213263,2026-08-17 00:28:15.549,1160.36
Pulse experiments,pioreactor01,2026-08-16T18:43:20.552Z,0.749256468361,2026-08-17 00:28:20.552,1160.361388888889
Pulse experiments,pioreactor01,2026-08-16T18:43:25.551Z,0.749273804754,2026-08-17 00:28:25.551,1160.362777777778
Pulse experiments,pioreactor01,2026-08-16T18:43:30.551Z,0.749300671607,2026-08-17 00:28:30.551,1160.364166666667
Pulse experiments,pioreactor01,2026-08-16T18:43:35.552Z,0.749331377581,2026-08-17 00:28:35.552,1160.365555555556
Pulse experiments,pioreactor01,2026-08-16T18:43:40.549Z,0.749362255995,2026-08-17 00:28:40.549,1160.366944444444
Pulse experiments,pioreactor01,2026-08-16T18:43:45.550Z,0.749386943474,2026-08-17 00:28:45.550,1160.368333333333
Pulse experiments,pioreactor01,2026-08-16T18:43:50.548Z,0.749398138101,2026-08-17 00:28:50.548,1160.369722222222
Pulse experiments,pioreactor01,2026-08-16T18:43:55.550Z,0.74940940999,2026-08-17 00:28:55.550,1160.371111111111
Pulse experiments,pioreactor01,2026-08-16T18:44:00.551Z,0.749421478867,2026-08-17 00:29:00.551,1160.3725
Pulse experiments,pioreactor01,2026-08-16T18:44:05.551Z,0.749442348227,2026-08-17 00:29:05.551,1160.373888888889
Pulse experiments,pioreactor01,2026-08-16T18:44:10.549Z,0.749454137739,2026-08-17 00:29:10.549,1160.375277777778
Pulse experiments,pioreactor01,2026-08-16T18:44:15.551Z,0.749479393359,2026-08-17 00:29:15.551,1160.376666666667
Pulse experiments,pioreactor01,2026-08-16T18:44:20.550Z,0.749498002486,2026-08-17 00:29:20.550,1160.378055555556
Pulse experiments,pioreactor01,2026-08-16T18:44:25.549Z,0.749519718623,2026-08-17 00:29:25.549,1160.379444444445
Pulse experiments,pioreactor01,2026-08-16T18:44:30.550Z,0.74951573741,2026-08-17 00:29:30.550,1160.380833333333
Pulse experiments,pioreactor01,2026-08-16T18:44:35.551Z,0.749528706984,2026-08-17 00:29:35.551,1160.382222222222
Pulse experiments,pioreactor01,2026-08-16T18:44:40.550Z,0.749531761409,2026-08-17 00:29:40.550,1160.383611111111
Pulse experiments,pioreactor01,2026-08-16T18:44:50.550Z,0.749585134294,2026-08-17 00:29:50.550,1160.386388888889
Pulse experiments,pioreactor01,2026-08-16T18:44:55.551Z,0.749607009015,2026-08-17 00:29:55.551,1160.387777777778
Pulse experiments,pioreactor01,2026-08-16T18:45:00.551Z,0.749642651635,2026-08-17 00:30:00.551,1160.389166666667
Pulse experiments,pioreactor01,2026-08-16T18:45:05.554Z,0.749661806225,2026-08-17 00:30:05.554,1160.390555555555
Pulse experiments,pioreactor01,2026-08-16T18:45:10.551Z,0.749677370726,2026-08-17 00:30:10.551,1160.391944444444
Pulse experiments,pioreactor01,2026-08-16T18:45:15.553Z,0.749693925055,2026-08-17 00:30:15.553,1160.393333333333
Pulse experiments,pioreactor01,2026-08-16T18:45:20.553Z,0.749718285995,2026-08-17 00:30:20.553,1160.394722222222
Pulse experiments,pioreactor01,2026-08-16T18:45:25.552Z,0.749724152155,2026-08-17 00:30:25.552,1160.396111111111
Pulse experiments,pioreactor01,2026-08-16T18:45:30.551Z,0.74972854517,2026-08-17 00:30:30.551,1160.3975
Pulse experiments,pioreactor01,2026-08-16T18:45:35.552Z,0.749752439523,2026-08-17 00:30:35.552,1160.398888888889
Pulse experiments,pioreactor01,2026-08-16T18:45:40.551Z,0.74977674163,2026-08-17 00:30:40.551,1160.400277777778
Pulse experiments,pioreactor01,2026-08-16T18:45:45.554Z,0.749813131617,2026-08-17 00:30:45.554,1160.401666666667
Pulse experiments,pioreactor01,2026-08-16T18:45:50.550Z,0.749826951651,2026-08-17 00:30:50.550,1160.403055555556
Pulse experiments,pioreactor01,2026-08-16T18:45:55.551Z,0.749848500581,2026-08-17 00:30:55.551,1160.404444444444
Pulse experiments,pioreactor01,2026-08-16T18:46:00.550Z,0.749850814295,2026-08-17 00:31:00.550,1160.405833333333
Pulse experiments,pioreactor01,2026-08-16T18:46:05.552Z,0.749863032142,2026-08-17 00:31:05.552,1160.407222222222
Pulse experiments,pioreactor01,2026-08-16T18:46:10.550Z,0.749890216681,2026-08-17 00:31:10.550,1160.408611111111
Pulse experiments,pioreactor01,2026-08-16T18:46:15.549Z,0.749905492953,2026-08-17 00:31:15.549,1160.41
Pulse experiments,pioreactor01,2026-08-16T18:46:20.552Z,0.749907055301,2026-08-17 00:31:20.552,1160.411388888889
Pulse experiments,pioreactor01,2026-08-16T18:46:25.553Z,0.749918191905,2026-08-17 00:31:25.553,1160.412777777778
Pulse experiments,pioreactor01,2026-08-16T18:46:30.550Z,0.749925656087,2026-08-17 00:31:30.550,1160.414166666667
Pulse experiments,pioreactor01,2026-08-16T18:46:35.550Z,0.749918444876,2026-08-17 00:31:35.550,1160.415555555556
Pulse experiments,pioreactor01,2026-08-16T18:46:40.549Z,0.749933988665,2026-08-17 00:31:40.549,1160.416944444444
Pulse experiments,pioreactor01,2026-08-16T18:46:45.552Z,0.749955795029,2026-08-17 00:31:45.552,1160.418333333333
Pulse experiments,pioreactor01,2026-08-16T18:46:50.551Z,0.749959454222,2026-08-17 00:31:50.551,1160.419722222222
Pulse experiments,pioreactor01,2026-08-16T18:46:55.550Z,0.749977388118,2026-08-17 00:31:55.550,1160.421111111111
Pulse experiments,pioreactor01,2026-08-16T18:47:00.551Z,0.750009356339,2026-08-17 00:32:00.551,1160.4225
Pulse experiments,pioreactor01,2026-08-16T18:47:05.550Z,0.750033325581,2026-08-17 00:32:05.550,1160.423888888889
Pulse experiments,pioreactor01,2026-08-16T18:47:10.550Z,0.750062613687,2026-08-17 00:32:10.550,1160.425277777778
Pulse experiments,pioreactor01,2026-08-16T18:47:20.552Z,0.750114225179,2026-08-17 00:32:20.552,1160.428055555556
Pulse experiments,pioreactor01,2026-08-16T18:47:25.556Z,0.750142911866,2026-08-17 00:32:25.556,1160.429444444444
Pulse experiments,pioreactor01,2026-08-16T18:47:30.608Z,0.73956512896,2026-08-17 00:32:30.608,1160.430833333333
Pulse experiments,pioreactor01,2026-08-16T18:47:35.566Z,0.736830805921,2026-08-17 00:32:35.566,1160.432222222222
Pulse experiments,pioreactor01,2026-08-16T18:47:40.568Z,0.736794541874,2026-08-17 00:32:40.568,1160.433611111111
Pulse experiments,pioreactor01,2026-08-16T18:47:45.560Z,0.736653964907,2026-08-17 00:32:45.560,1160.435
Pulse experiments,pioreactor01,2026-08-16T18:47:50.559Z,0.736270775739,2026-08-17 00:32:50.559,1160.436388888889
Pulse experiments,pioreactor01,2026-08-16T18:47:55.566Z,0.735902565915,2026-08-17 00:32:55.566,1160.437777777778
Pulse experiments,pioreactor01,2026-08-16T18:48:00.560Z,0.73584334238,2026-08-17 00:33:00.560,1160.439166666667
Pulse experiments,pioreactor01,2026-08-16T18:48:05.556Z,0.735706641687,2026-08-17 00:33:05.556,1160.440555555556
Pulse experiments,pioreactor01,2026-08-16T18:48:10.558Z,0.735685079951,2026-08-17 00:33:10.558,1160.441944444445
Pulse experiments,pioreactor01,2026-08-16T18:48:15.575Z,0.735528257827,2026-08-17 00:33:15.575,1160.443333333333
Pulse experiments,pioreactor01,2026-08-16T18:48:20.579Z,0.735402344834,2026-08-17 00:33:20.579,1160.444722222222
Pulse experiments,pioreactor01,2026-08-16T18:48:25.577Z,0.734920117488,2026-08-17 00:33:25.577,1160.446111111111
Pulse experiments,pioreactor01,2026-08-16T18:48:30.561Z,0.734667593603,2026-08-17 00:33:30.561,1160.4475
Pulse experiments,pioreactor01,2026-08-16T18:48:35.557Z,0.734309352552,2026-08-17 00:33:35.557,1160.448888888889
Pulse experiments,pioreactor01,2026-08-16T18:48:40.565Z,0.7345185473,2026-08-17 00:33:40.565,1160.450277777778
Pulse experiments,pioreactor01,2026-08-16T18:48:45.555Z,0.73452735789,2026-08-17 00:33:45.555,1160.451666666667
Pulse experiments,pioreactor01,2026-08-16T18:48:50.557Z,0.734493159643,2026-08-17 00:33:50.557,1160.453055555555
Pulse experiments,pioreactor01,2026-08-16T18:49:00.555Z,0.734687144517,2026-08-17 00:34:00.555,1160.455833333333
Pulse experiments,pioreactor01,2026-08-16T18:49:05.561Z,0.734868887528,2026-08-17 00:34:05.561,1160.457222222222
Pulse experiments,pioreactor01,2026-08-16T18:49:10.565Z,0.735078273701,2026-08-17 00:34:10.565,1160.458611111111
Pulse experiments,pioreactor01,2026-08-16T18:49:15.563Z,0.735261724648,2026-08-17 00:34:15.563,1160.46
Pulse experiments,pioreactor01,2026-08-16T18:49:20.559Z,0.735278186732,2026-08-17 00:34:20.559,1160.461388888889
Pulse experiments,pioreactor01,2026-08-16T18:49:25.558Z,0.735143656393,2026-08-17 00:34:25.558,1160.462777777778
Pulse experiments,pioreactor01,2026-08-16T18:49:30.563Z,0.735174633504,2026-08-17 00:34:30.563,1160.464166666667
Pulse experiments,pioreactor01,2026-08-16T18:49:35.562Z,0.735227646119,2026-08-17 00:34:35.562,1160.465555555556
Pulse experiments,pioreactor01,2026-08-16T18:49:40.565Z,0.735270291131,2026-08-17 00:34:40.565,1160.466944444444
Pulse experiments,pioreactor01,2026-08-16T18:49:45.560Z,0.73530378078,2026-08-17 00:34:45.560,1160.468333333333
Pulse experiments,pioreactor01,2026-08-16T18:49:50.562Z,0.735207643964,2026-08-17 00:34:50.562,1160.469722222222
Pulse experiments,pioreactor01,2026-08-16T18:49:55.559Z,0.73524368775,2026-08-17 00:34:55.559,1160.471111111111
Pulse experiments,pioreactor01,2026-08-16T18:50:00.561Z,0.73523014839,2026-08-17 00:35:00.561,1160.4725
Pulse experiments,pioreactor01,2026-08-16T18:50:05.564Z,0.735262267883,2026-08-17 00:35:05.564,1160.473888888889
Pulse experiments,pioreactor01,2026-08-16T18:50:10.568Z,0.735272595869,2026-08-17 00:35:10.568,1160.475277777778
Pulse experiments,pioreactor01,2026-08-16T18:50:15.560Z,0.735288923945,2026-08-17 00:35:15.560,1160.476666666667
Pulse experiments,pioreactor01,2026-08-16T18:50:20.566Z,0.735315709579,2026-08-17 00:35:20.566,1160.478055555556
Pulse experiments,pioreactor01,2026-08-16T18:50:25.567Z,0.735301499011,2026-08-17 00:35:25.567,1160.479444444444
Pulse experiments,pioreactor01,2026-08-16T18:50:30.564Z,0.73532078437,2026-08-17 00:35:30.564,1160.480833333333
Pulse experiments,pioreactor01,2026-08-16T18:50:35.562Z,0.735363825398,2026-08-17 00:35:35.562,1160.482222222222
Pulse experiments,pioreactor01,2026-08-16T18:50:40.564Z,0.735378229971,2026-08-17 00:35:40.564,1160.483611111111
Pulse experiments,pioreactor01,2026-08-16T18:50:45.560Z,0.735422136063,2026-08-17 00:35:45.560,1160.485
Pulse experiments,pioreactor01,2026-08-16T18:50:50.572Z,0.735419931463,2026-08-17 00:35:50.572,1160.486388888889
Pulse experiments,pioreactor01,2026-08-16T18:50:55.566Z,0.735462783138,2026-08-17 00:35:55.566,1160.487777777778
Pulse experiments,pioreactor01,2026-08-16T18:51:05.559Z,0.735432747554,2026-08-17 00:36:05.559,1160.490555555556
Pulse experiments,pioreactor01,2026-08-16T18:51:10.569Z,0.735406025183,2026-08-17 00:36:10.569,1160.491944444444
Pulse experiments,pioreactor01,2026-08-16T18:51:15.571Z,0.735453072039,2026-08-17 00:36:15.571,1160.493333333333
Pulse experiments,pioreactor01,2026-08-16T18:51:20.557Z,0.735461448583,2026-08-17 00:36:20.557,1160.494722222222
Pulse experiments,pioreactor01,2026-08-16T18:51:25.565Z,0.735488320307,2026-08-17 00:36:25.565,1160.496111111111
Pulse experiments,pioreactor01,2026-08-16T18:51:30.572Z,0.735492914165,2026-08-17 00:36:30.572,1160.4975
Pulse experiments,pioreactor01,2026-08-16T18:51:35.581Z,0.735455108109,2026-08-17 00:36:35.581,1160.498888888889
Pulse experiments,pioreactor01,2026-08-16T18:51:40.562Z,0.735454070784,2026-08-17 00:36:40.562,1160.500277777778
Pulse experiments,pioreactor01,2026-08-16T18:51:45.568Z,0.735488859735,2026-08-17 00:36:45.568,1160.501666666667
Pulse experiments,pioreactor01,2026-08-16T18:51:50.564Z,0.735525701945,2026-08-17 00:36:50.564,1160.503055555556
Pulse experiments,pioreactor01,2026-08-16T18:51:55.559Z,0.735556834773,2026-08-17 00:36:55.559,1160.504444444445
Pulse experiments,pioreactor01,2026-08-16T18:52:00.560Z,0.735569180404,2026-08-17 00:37:00.560,1160.505833333333
Pulse experiments,pioreactor01,2026-08-16T18:52:05.559Z,0.735580004714,2026-08-17 00:37:05.559,1160.507222222222
Pulse experiments,pioreactor01,2026-08-16T18:52:10.565Z,0.735565177373,2026-08-17 00:37:10.565,1160.508611111111
Pulse experiments,pioreactor01,2026-08-16T18:52:15.560Z,0.735641539839,2026-08-17 00:37:15.560,1160.51
Pulse experiments,pioreactor01,2026-08-16T18:52:20.571Z,0.735681487129,2026-08-17 00:37:20.571,1160.511388888889
Pulse experiments,pioreactor01,2026-08-16T18:52:25.571Z,0.735700579008,2026-08-17 00:37:25.571,1160.512777777778
Pulse experiments,pioreactor01,2026-08-16T18:52:30.567Z,0.735726603182,2026-08-17 00:37:30.567,1160.514166666667
Pulse experiments,pioreactor01,2026-08-16T18:52:35.592Z,0.735701119218,2026-08-17 00:37:35.592,1160.515555555555
Pulse experiments,pioreactor01,2026-08-16T18:52:40.621Z,0.735660973066,2026-08-17 00:37:40.621,1160.516944444444
Pulse experiments,pioreactor01,2026-08-16T18:52:45.599Z,0.73562832938,2026-08-17 00:37:45.599,1160.518333333333
Pulse experiments,pioreactor01,2026-08-16T18:52:50.598Z,0.735602073997,2026-08-17 00:37:50.598,1160.519722222222
Pulse experiments,pioreactor01,2026-08-16T18:52:55.576Z,0.735577305335,2026-08-17 00:37:55.576,1160.521111111111
Pulse experiments,pioreactor01,2026-08-16T18:53:00.592Z,0.735604821059,2026-08-17 00:38:00.592,1160.5225
Pulse experiments,pioreactor01,2026-08-16T18:53:05.577Z,0.735624080683,2026-08-17 00:38:05.577,1160.523888888889
Pulse experiments,pioreactor01,2026-08-16T18:53:10.564Z,0.735644995911,2026-08-17 00:38:10.564,1160.525277777778
Pulse experiments,pioreactor01,2026-08-16T18:53:15.564Z,0.735689576304,2026-08-17 00:38:15.564,1160.526666666667
Pulse experiments,pioreactor01,2026-08-16T18:53:20.558Z,0.735702479457,2026-08-17 00:38:20.558,1160.528055555556
Pulse experiments,pioreactor01,2026-08-16T18:53:25.566Z,0.735716705669,2026-08-17 00:38:25.566,1160.529444444444
Pulse experiments,pioreactor01,2026-08-16T18:53:30.558Z,0.73571386972,2026-08-17 00:38:30.558,1160.530833333333
Pulse experiments,pioreactor01,2026-08-16T18:53:35.560Z,0.73569449758,2026-08-17 00:38:35.560,1160.532222222222
Pulse experiments,pioreactor01,2026-08-16T18:53:40.559Z,0.735700456133,2026-08-17 00:38:40.559,1160.533611111111
Pulse experiments,pioreactor01,2026-08-16T18:53:45.563Z,0.735701312038,2026-08-17 00:38:45.563,1160.535
Pulse experiments,pioreactor01,2026-08-16T18:53:50.564Z,0.735701031318,2026-08-17 00:38:50.564,1160.536388888889
Pulse experiments,pioreactor01,2026-08-16T18:53:55.569Z,0.735738203587,2026-08-17 00:38:55.569,1160.537777777778
Pulse experiments,pioreactor01,2026-08-16T18:54:00.569Z,0.73578938296,2026-08-17 00:39:00.569,1160.539166666667
Pulse experiments,pioreactor01,2026-08-16T18:54:05.560Z,0.735825248384,2026-08-17 00:39:05.560,1160.540555555556
Pulse experiments,pioreactor01,2026-08-16T18:54:10.561Z,0.735836552358,2026-08-17 00:39:10.561,1160.541944444444
Pulse experiments,pioreactor01,2026-08-16T18:54:20.575Z,0.735881663558,2026-08-17 00:39:20.575,1160.544722222222
Pulse experiments,pioreactor01,2026-08-16T18:54:25.567Z,0.735878705875,2026-08-17 00:39:25.567,1160.546111111111
Pulse experiments,pioreactor01,2026-08-16T18:54:30.555Z,0.735872921601,2026-08-17 00:39:30.555,1160.5475
Pulse experiments,pioreactor01,2026-08-16T18:54:35.568Z,0.735869186008,2026-08-17 00:39:35.568,1160.548888888889
Pulse experiments,pioreactor01,2026-08-16T18:54:40.568Z,0.735860267071,2026-08-17 00:39:40.568,1160.550277777778
Pulse experiments,pioreactor01,2026-08-16T18:54:45.579Z,0.73588587682,2026-08-17 00:39:45.579,1160.551666666667
Pulse experiments,pioreactor01,2026-08-16T18:54:50.561Z,0.735871991466,2026-08-17 00:39:50.561,1160.553055555556
Pulse experiments,pioreactor01,2026-08-16T18:54:55.568Z,0.735836277002,2026-08-17 00:39:55.568,1160.554444444444
Pulse experiments,pioreactor01,2026-08-16T18:55:00.570Z,0.73583968569,2026-08-17 00:40:00.570,1160.555833333333
Pulse experiments,pioreactor01,2026-08-16T18:55:05.569Z,0.735838647276,2026-08-17 00:40:05.569,1160.557222222222
Pulse experiments,pioreactor01,2026-08-16T18:55:10.572Z,0.735836356233,2026-08-17 00:40:10.572,1160.558611111111
Pulse experiments,pioreactor01,2026-08-16T18:55:15.567Z,0.73581707271,2026-08-17 00:40:15.567,1160.56
Pulse experiments,pioreactor01,2026-08-16T18:55:20.572Z,0.73579874386,2026-08-17 00:40:20.572,1160.561388888889
Pulse experiments,pioreactor01,2026-08-16T18:55:25.564Z,0.735819525297,2026-08-17 00:40:25.564,1160.562777777778
Pulse experiments,pioreactor01,2026-08-16T18:55:30.584Z,0.735818431147,2026-08-17 00:40:30.584,1160.564166666667
Pulse experiments,pioreactor01,2026-08-16T18:55:35.570Z,0.735814499895,2026-08-17 00:40:35.570,1160.565555555556
Pulse experiments,pioreactor01,2026-08-16T18:55:40.560Z,0.735804268519,2026-08-17 00:40:40.560,1160.566944444445
Pulse experiments,pioreactor01,2026-08-16T18:55:45.559Z,0.735831235199,2026-08-17 00:40:45.559,1160.568333333333
Pulse experiments,pioreactor01,2026-08-16T18:55:50.574Z,0.735833102155,2026-08-17 00:40:50.574,1160.569722222222
Pulse experiments,pioreactor01,2026-08-16T18:55:55.561Z,0.735864903256,2026-08-17 00:40:55.561,1160.571111111111
Pulse experiments,pioreactor01,2026-08-16T18:56:00.559Z,0.735923976641,2026-08-17 00:41:00.559,1160.5725
Pulse experiments,pioreactor01,2026-08-16T18:56:05.562Z,0.735930422664,2026-08-17 00:41:05.562,1160.573888888889
Pulse experiments,pioreactor01,2026-08-16T18:56:10.564Z,0.735915453114,2026-08-17 00:41:10.564,1160.575277777778
Pulse experiments,pioreactor01,2026-08-16T18:56:15.564Z,0.735962188206,2026-08-17 00:41:15.564,1160.576666666667
Pulse experiments,pioreactor01,2026-08-16T18:56:20.563Z,0.735965667192,2026-08-17 00:41:20.563,1160.578055555555
Pulse experiments,pioreactor01,2026-08-16T18:56:25.566Z,0.735965686694,2026-08-17 00:41:25.566,1160.579444444444
Pulse experiments,pioreactor01,2026-08-16T18:56:30.563Z,0.735976677255,2026-08-17 00:41:30.563,1160.580833333333
Pulse experiments,pioreactor01,2026-08-16T18:56:35.575Z,0.735981962641,2026-08-17 00:41:35.575,1160.582222222222
Pulse experiments,pioreactor01,2026-08-16T18:56:40.556Z,0.735979473678,2026-08-17 00:41:40.556,1160.583611111111
Pulse experiments,pioreactor01,2026-08-16T18:56:45.565Z,0.735989587835,2026-08-17 00:41:45.565,1160.585
Pulse experiments,pioreactor01,2026-08-16T18:56:50.560Z,0.736005623671,2026-08-17 00:41:50.560,1160.586388888889
Pulse experiments,pioreactor01,2026-08-16T18:56:55.570Z,0.7360311244,2026-08-17 00:41:55.570,1160.587777777778
Pulse experiments,pioreactor01,2026-08-16T18:57:00.556Z,0.736018933628,2026-08-17 00:42:00.556,1160.589166666667
Pulse experiments,pioreactor01,2026-08-16T18:57:05.562Z,0.736043934442,2026-08-17 00:42:05.562,1160.590555555556
Pulse experiments,pioreactor01,2026-08-16T18:57:10.566Z,0.736051523077,2026-08-17 00:42:10.566,1160.591944444444
Pulse experiments,pioreactor01,2026-08-16T18:57:15.565Z,0.736070933198,2026-08-17 00:42:15.565,1160.593333333333
Pulse experiments,pioreactor01,2026-08-16T18:57:20.563Z,0.736105918648,2026-08-17 00:42:20.563,1160.594722222222
Pulse experiments,pioreactor01,2026-08-16T18:57:25.561Z,0.736091175506,2026-08-17 00:42:25.561,1160.596111111111
Pulse experiments,pioreactor01,2026-08-16T18:57:30.565Z,0.736060124407,2026-08-17 00:42:30.565,1160.5975
Pulse experiments,pioreactor01,2026-08-16T18:57:35.562Z,0.736043108284,2026-08-17 00:42:35.562,1160.598888888889
Pulse experiments,pioreactor01,2026-08-16T18:57:40.572Z,0.736039308913,2026-08-17 00:42:40.572,1160.600277777778
Pulse experiments,pioreactor01,2026-08-16T18:57:45.560Z,0.73602485275,2026-08-17 00:42:45.560,1160.601666666667
Pulse experiments,pioreactor01,2026-08-16T18:57:50.561Z,0.735978414689,2026-08-17 00:42:50.561,1160.603055555556
Pulse experiments,pioreactor01,2026-08-16T18:57:55.571Z,0.735973616675,2026-08-17 00:42:55.571,1160.604444444444
Pulse experiments,pioreactor01,2026-08-16T18:58:00.593Z,0.735938305806,2026-08-17 00:43:00.593,1160.605833333333
Pulse experiments,pioreactor01,2026-08-16T18:58:05.599Z,0.735875502185,2026-08-17 00:43:05.599,1160.607222222222
Pulse experiments,pioreactor01,2026-08-16T18:58:10.575Z,0.735857284126,2026-08-17 00:43:10.575,1160.608611111111
Pulse experiments,pioreactor01,2026-08-16T18:58:15.605Z,0.735846993669,2026-08-17 00:43:15.605,1160.61
Pulse experiments,pioreactor01,2026-08-16T18:58:20.582Z,0.735834492561,2026-08-17 00:43:20.582,1160.611388888889
Pulse experiments,pioreactor01,2026-08-16T18:58:25.565Z,0.73582704943,2026-08-17 00:43:25.565,1160.612777777778
Pulse experiments,pioreactor01,2026-08-16T18:58:30.560Z,0.735826279224,2026-08-17 00:43:30.560,1160.614166666667
Pulse experiments,pioreactor01,2026-08-16T18:58:35.566Z,0.735786895458,2026-08-17 00:43:35.566,1160.615555555556
Pulse experiments,pioreactor01,2026-08-16T18:58:40.577Z,0.735712654439,2026-08-17 00:43:40.577,1160.616944444444
Pulse experiments,pioreactor01,2026-08-16T18:58:45.562Z,0.735673230905,2026-08-17 00:43:45.562,1160.618333333333
Pulse experiments,pioreactor01,2026-08-16T18:58:50.556Z,0.735663924812,2026-08-17 00:43:50.556,1160.619722222222
Pulse experiments,pioreactor01,2026-08-16T18:58:55.571Z,0.735650761057,2026-08-17 00:43:55.571,1160.621111111111
Pulse experiments,pioreactor01,2026-08-16T18:59:00.562Z,0.735672032744,2026-08-17 00:44:00.562,1160.6225
Pulse experiments,pioreactor01,2026-08-16T18:59:05.561Z,0.735707817897,2026-08-17 00:44:05.561,1160.623888888889
Pulse experiments,pioreactor01,2026-08-16T18:59:10.566Z,0.735723551942,2026-08-17 00:44:10.566,1160.625277777778
Pulse experiments,pioreactor01,2026-08-16T18:59:15.557Z,0.735729868646,2026-08-17 00:44:15.557,1160.626666666667
Pulse experiments,pioreactor01,2026-08-16T18:59:20.570Z,0.735748140099,2026-08-17 00:44:20.570,1160.628055555556
Pulse experiments,pioreactor01,2026-08-16T18:59:25.560Z,0.735740347183,2026-08-17 00:44:25.560,1160.629444444445
Pulse experiments,pioreactor01,2026-08-16T18:59:30.571Z,0.73573028373,2026-08-17 00:44:30.571,1160.630833333333
Pulse experiments,pioreactor01,2026-08-16T18:59:35.590Z,0.735688950494,2026-08-17 00:44:35.590,1160.632222222222
Pulse experiments,pioreactor01,2026-08-16T18:59:40.597Z,0.735703275202,2026-08-17 00:44:40.597,1160.633611111111
Pulse experiments,pioreactor01,2026-08-16T18:59:45.559Z,0.735706894931,2026-08-17 00:44:45.559,1160.635
Pulse experiments,pioreactor01,2026-08-16T18:59:50.563Z,0.735701157768,2026-08-17 00:44:50.563,1160.636388888889
Pulse experiments,pioreactor01,2026-08-16T18:59:55.567Z,0.735707254718,2026-08-17 00:44:55.567,1160.637777777778
Pulse experiments,pioreactor01,2026-08-16T19:00:00.575Z,0.735658820018,2026-08-17 00:45:00.575,1160.639166666667
Pulse experiments,pioreactor01,2026-08-16T19:00:05.604Z,0.735622618705,2026-08-17 00:45:05.604,1160.640555555555
Pulse experiments,pioreactor01,2026-08-16T19:00:10.562Z,0.735604048322,2026-08-17 00:45:10.562,1160.641944444444
Pulse experiments,pioreactor01,2026-08-16T19:00:15.572Z,0.73559593468,2026-08-17 00:45:15.572,1160.643333333333
Pulse experiments,pioreactor01,2026-08-16T19:00:20.567Z,0.735540022902,2026-08-17 00:45:20.567,1160.644722222222
Pulse experiments,pioreactor01,2026-08-16T19:00:25.563Z,0.735531067038,2026-08-17 00:45:25.563,1160.646111111111
Pulse experiments,pioreactor01,2026-08-16T19:00:30.569Z,0.735555548439,2026-08-17 00:45:30.569,1160.6475
Pulse experiments,pioreactor01,2026-08-16T19:00:35.569Z,0.735555173778,2026-08-17 00:45:35.569,1160.648888888889
Pulse experiments,pioreactor01,2026-08-16T19:00:40.576Z,0.735551059947,2026-08-17 00:45:40.576,1160.650277777778
Pulse experiments,pioreactor01,2026-08-16T19:00:45.564Z,0.735545029987,2026-08-17 00:45:45.564,1160.651666666667
Pulse experiments,pioreactor01,2026-08-16T19:00:50.570Z,0.735548969774,2026-08-17 00:45:50.570,1160.653055555556
Pulse experiments,pioreactor01,2026-08-16T19:00:55.570Z,0.735548593469,2026-08-17 00:45:55.570,1160.654444444444
Pulse experiments,pioreactor01,2026-08-16T19:01:00.576Z,0.73554264642,2026-08-17 00:46:00.576,1160.655833333333
Pulse experiments,pioreactor01,2026-08-16T19:01:05.568Z,0.735481993393,2026-08-17 00:46:05.568,1160.657222222222
Pulse experiments,pioreactor01,2026-08-16T19:01:10.568Z,0.735425622942,2026-08-17 00:46:10.568,1160.658611111111
Pulse experiments,pioreactor01,2026-08-16T19:01:15.573Z,0.735361076621,2026-08-17 00:46:15.573,1160.66
Pulse experiments,pioreactor01,2026-08-16T19:01:20.570Z,0.735302598149,2026-08-17 00:46:20.570,1160.661388888889
Pulse experiments,pioreactor01,2026-08-16T19:01:25.570Z,0.735261213748,2026-08-17 00:46:25.570,1160.662777777778
Pulse experiments,pioreactor01,2026-08-16T19:01:30.583Z,0.735235754498,2026-08-17 00:46:30.583,1160.664166666667
Pulse experiments,pioreactor01,2026-08-16T19:01:35.578Z,0.735178860201,2026-08-17 00:46:35.578,1160.665555555556
Pulse experiments,pioreactor01,2026-08-16T19:01:40.566Z,0.735120300238,2026-08-17 00:46:40.566,1160.666944444444
Pulse experiments,pioreactor01,2026-08-16T19:01:45.567Z,0.735037817995,2026-08-17 00:46:45.567,1160.668333333333
Pulse experiments,pioreactor01,2026-08-16T19:01:50.559Z,0.734962845358,2026-08-17 00:46:50.559,1160.669722222222
Pulse experiments,pioreactor01,2026-08-16T19:01:55.599Z,0.734925185966,2026-08-17 00:46:55.599,1160.671111111111
Pulse experiments,pioreactor01,2026-08-16T19:02:00.587Z,0.734886294505,2026-08-17 00:47:00.587,1160.6725
Pulse experiments,pioreactor01,2026-08-16T19:02:05.558Z,0.734818730103,2026-08-17 00:47:05.558,1160.673888888889
Pulse experiments,pioreactor01,2026-08-16T19:02:10.551Z,0.734790865032,2026-08-17 00:47:10.551,1160.675277777778
Pulse experiments,pioreactor01,2026-08-16T19:02:15.552Z,0.734781604216,2026-08-17 00:47:15.552,1160.676666666667
Pulse experiments,pioreactor01,2026-08-16T19:02:20.551Z,0.734750212394,2026-08-17 00:47:20.551,1160.678055555556
Pulse experiments,pioreactor01,2026-08-16T19:02:25.553Z,0.734746033575,2026-08-17 00:47:25.553,1160.679444444444
Pulse experiments,pioreactor01,2026-08-16T19:02:30.551Z,0.734715104621,2026-08-17 00:47:30.551,1160.680833333333
Pulse experiments,pioreactor01,2026-08-16T19:02:35.550Z,0.734682064323,2026-08-17 00:47:35.550,1160.682222222222
Pulse experiments,pioreactor01,2026-08-16T19:02:40.549Z,0.734649974388,2026-08-17 00:47:40.549,1160.683611111111
Pulse experiments,pioreactor01,2026-08-16T19:02:45.550Z,0.734609531738,2026-08-17 00:47:45.550,1160.685
Pulse experiments,pioreactor01,2026-08-16T19:02:50.553Z,0.734574049947,2026-08-17 00:47:50.553,1160.686388888889
Pulse experiments,pioreactor01,2026-08-16T19:02:55.552Z,0.734522218642,2026-08-17 00:47:55.552,1160.687777777778
Pulse experiments,pioreactor01,2026-08-16T19:03:00.553Z,0.734463643374,2026-08-17 00:48:00.553,1160.689166666667
Pulse experiments,pioreactor01,2026-08-16T19:03:05.552Z,0.73441583615,2026-08-17 00:48:05.552,1160.690555555556
Pulse experiments,pioreactor01,2026-08-16T19:03:10.551Z,0.73435440924,2026-08-17 00:48:10.551,1160.691944444445
Pulse experiments,pioreactor01,2026-08-16T19:03:15.552Z,0.734312866869,2026-08-17 00:48:15.552,1160.693333333333
Pulse experiments,pioreactor01,2026-08-16T19:03:20.550Z,0.734268125784,2026-08-17 00:48:20.550,1160.694722222222
Pulse experiments,pioreactor01,2026-08-16T19:03:25.553Z,0.734207469252,2026-08-17 00:48:25.553,1160.696111111111
Pulse experiments,pioreactor01,2026-08-16T19:03:30.552Z,0.734143205535,2026-08-17 00:48:30.552,1160.6975
Pulse experiments,pioreactor01,2026-08-16T19:03:35.551Z,0.734078695719,2026-08-17 00:48:35.551,1160.698888888889
Pulse experiments,pioreactor01,2026-08-16T19:03:40.551Z,0.734033577602,2026-08-17 00:48:40.551,1160.700277777778
Pulse experiments,pioreactor01,2026-08-16T19:03:45.551Z,0.733940651361,2026-08-17 00:48:45.551,1160.701666666667
Pulse experiments,pioreactor01,2026-08-16T19:03:50.550Z,0.733848522157,2026-08-17 00:48:50.550,1160.703055555555
Pulse experiments,pioreactor01,2026-08-16T19:03:55.550Z,0.73378489631,2026-08-17 00:48:55.550,1160.704444444444
Pulse experiments,pioreactor01,2026-08-16T19:04:00.552Z,0.733687578734,2026-08-17 00:49:00.552,1160.705833333333
Pulse experiments,pioreactor01,2026-08-16T19:04:05.551Z,0.733609159617,2026-08-17 00:49:05.551,1160.707222222222
Pulse experiments,pioreactor01,2026-08-16T19:04:10.553Z,0.733502502118,2026-08-17 00:49:10.553,1160.708611111111
Pulse experiments,pioreactor01,2026-08-16T19:04:15.552Z,0.733383191583,2026-08-17 00:49:15.552,1160.71
Pulse experiments,pioreactor01,2026-08-16T19:04:20.551Z,0.733266446504,2026-08-17 00:49:20.551,1160.711388888889
Pulse experiments,pioreactor01,2026-08-16T19:04:25.550Z,0.733167270572,2026-08-17 00:49:25.550,1160.712777777778
Pulse experiments,pioreactor01,2026-08-16T19:04:30.549Z,0.73306274224,2026-08-17 00:49:30.549,1160.714166666667
Pulse experiments,pioreactor01,2026-08-16T19:04:40.551Z,0.732961470915,2026-08-17 00:49:40.551,1160.716944444444
Pulse experiments,pioreactor01,2026-08-16T19:04:45.550Z,0.73286424455,2026-08-17 00:49:45.550,1160.718333333333
Pulse experiments,pioreactor01,2026-08-16T19:04:50.550Z,0.732774686317,2026-08-17 00:49:50.550,1160.719722222222
Pulse experiments,pioreactor01,2026-08-16T19:04:55.550Z,0.732682295143,2026-08-17 00:49:55.550,1160.721111111111
Pulse experiments,pioreactor01,2026-08-16T19:05:00.550Z,0.732561687518,2026-08-17 00:50:00.550,1160.7225
Pulse experiments,pioreactor01,2026-08-16T19:05:05.549Z,0.732458622731,2026-08-17 00:50:05.549,1160.723888888889
Pulse experiments,pioreactor01,2026-08-16T19:05:10.552Z,0.732357969145,2026-08-17 00:50:10.552,1160.725277777778
Pulse experiments,pioreactor01,2026-08-16T19:05:15.556Z,0.732288763347,2026-08-17 00:50:15.556,1160.726666666667
Pulse experiments,pioreactor01,2026-08-16T19:05:20.553Z,0.73225075667,2026-08-17 00:50:20.553,1160.728055555556
Pulse experiments,pioreactor01,2026-08-16T19:05:25.551Z,0.732185420222,2026-08-17 00:50:25.551,1160.729444444444
Pulse experiments,pioreactor01,2026-08-16T19:05:30.551Z,0.732072204185,2026-08-17 00:50:30.551,1160.730833333333
Pulse experiments,pioreactor01,2026-08-16T19:05:35.550Z,0.731981070605,2026-08-17 00:50:35.550,1160.732222222222
Pulse experiments,pioreactor01,2026-08-16T19:05:40.549Z,0.731883915741,2026-08-17 00:50:40.549,1160.733611111111
Pulse experiments,pioreactor01,2026-08-16T19:05:45.551Z,0.731763861755,2026-08-17 00:50:45.551,1160.735
Pulse experiments,pioreactor01,2026-08-16T19:05:50.552Z,0.731662650872,2026-08-17 00:50:50.552,1160.736388888889
Pulse experiments,pioreactor01,2026-08-16T19:05:55.550Z,0.731543478312,2026-08-17 00:50:55.550,1160.737777777778
Pulse experiments,pioreactor01,2026-08-16T19:06:00.550Z,0.731458984034,2026-08-17 00:51:00.550,1160.739166666667
Pulse experiments,pioreactor01,2026-08-16T19:06:05.551Z,0.731400413884,2026-08-17 00:51:05.551,1160.740555555556
Pulse experiments,pioreactor01,2026-08-16T19:06:10.554Z,0.731346199817,2026-08-17 00:51:10.554,1160.741944444444
Pulse experiments,pioreactor01,2026-08-16T19:06:15.549Z,0.731238408631,2026-08-17 00:51:15.549,1160.743333333333
Pulse experiments,pioreactor01,2026-08-16T19:06:20.552Z,0.73116947895,2026-08-17 00:51:20.552,1160.744722222222
Pulse experiments,pioreactor01,2026-08-16T19:06:25.551Z,0.731098202146,2026-08-17 00:51:25.551,1160.746111111111
Pulse experiments,pioreactor01,2026-08-16T19:06:30.551Z,0.731040010012,2026-08-17 00:51:30.551,1160.7475
Pulse experiments,pioreactor01,2026-08-16T19:06:35.552Z,0.730965977806,2026-08-17 00:51:35.552,1160.748888888889
Pulse experiments,pioreactor01,2026-08-16T19:06:40.550Z,0.73090071528,2026-08-17 00:51:40.550,1160.750277777778
Pulse experiments,pioreactor01,2026-08-16T19:06:45.550Z,0.730816361872,2026-08-17 00:51:45.550,1160.751666666667
Pulse experiments,pioreactor01,2026-08-16T19:06:50.552Z,0.730713835785,2026-08-17 00:51:50.552,1160.753055555556
Pulse experiments,pioreactor01,2026-08-16T19:06:55.551Z,0.73063898511,2026-08-17 00:51:55.551,1160.754444444445
Pulse experiments,pioreactor01,2026-08-16T19:07:00.549Z,0.73056540993,2026-08-17 00:52:00.549,1160.755833333333
Pulse experiments,pioreactor01,2026-08-16T19:07:05.553Z,0.730482619654,2026-08-17 00:52:05.553,1160.757222222222
Pulse experiments,pioreactor01,2026-08-16T19:07:10.549Z,0.730371237897,2026-08-17 00:52:10.549,1160.758611111111
Pulse experiments,pioreactor01,2026-08-16T19:07:15.550Z,0.730284878491,2026-08-17 00:52:15.550,1160.76
Pulse experiments,pioreactor01,2026-08-16T19:07:20.550Z,0.7301783921,2026-08-17 00:52:20.550,1160.761388888889
Pulse experiments,pioreactor01,2026-08-16T19:07:25.550Z,0.730088409231,2026-08-17 00:52:25.550,1160.762777777778
Pulse experiments,pioreactor01,2026-08-16T19:07:30.550Z,0.730021665781,2026-08-17 00:52:30.550,1160.764166666667
Pulse experiments,pioreactor01,2026-08-16T19:07:35.551Z,0.729917500334,2026-08-17 00:52:35.551,1160.765555555555
Pulse experiments,pioreactor01,2026-08-16T19:07:40.550Z,0.729826612263,2026-08-17 00:52:40.550,1160.766944444444
Pulse experiments,pioreactor01,2026-08-16T19:07:45.550Z,0.729745971478,2026-08-17 00:52:45.550,1160.768333333333
Pulse experiments,pioreactor01,2026-08-16T19:07:50.551Z,0.729669433948,2026-08-17 00:52:50.551,1160.769722222222
Pulse experiments,pioreactor01,2026-08-16T19:07:55.551Z,0.729592911111,2026-08-17 00:52:55.551,1160.771111111111
Pulse experiments,pioreactor01,2026-08-16T19:08:00.550Z,0.729501258619,2026-08-17 00:53:00.550,1160.7725
Pulse experiments,pioreactor01,2026-08-16T19:08:05.551Z,0.729441682497,2026-08-17 00:53:05.551,1160.773888888889
Pulse experiments,pioreactor01,2026-08-16T19:08:10.549Z,0.729395139028,2026-08-17 00:53:10.549,1160.775277777778
Pulse experiments,pioreactor01,2026-08-16T19:08:15.552Z,0.729312162203,2026-08-17 00:53:15.552,1160.776666666667
Pulse experiments,pioreactor01,2026-08-16T19:08:20.549Z,0.729227155234,2026-08-17 00:53:20.549,1160.778055555556
Pulse experiments,pioreactor01,2026-08-16T19:08:25.551Z,0.729125567492,2026-08-17 00:53:25.551,1160.779444444444
Pulse experiments,pioreactor01,2026-08-16T19:08:30.550Z,0.729049189961,2026-08-17 00:53:30.550,1160.780833333333
Pulse experiments,pioreactor01,2026-08-16T19:08:35.550Z,0.72900486143,2026-08-17 00:53:35.550,1160.782222222222
Pulse experiments,pioreactor01,2026-08-16T19:08:45.551Z,0.728915977745,2026-08-17 00:53:45.551,1160.785
Pulse experiments,pioreactor01,2026-08-16T19:08:50.550Z,0.728839014539,2026-08-17 00:53:50.550,1160.786388888889
Pulse experiments,pioreactor01,2026-08-16T19:08:55.549Z,0.728769880219,2026-08-17 00:53:55.549,1160.787777777778
Pulse experiments,pioreactor01,2026-08-16T19:09:00.550Z,0.728702828869,2026-08-17 00:54:00.550,1160.789166666667
Pulse experiments,pioreactor01,2026-08-16T19:09:05.551Z,0.728678074982,2026-08-17 00:54:05.551,1160.790555555556
Pulse experiments,pioreactor01,2026-08-16T19:09:10.550Z,0.728660196256,2026-08-17 00:54:10.550,1160.791944444444
Pulse experiments,pioreactor01,2026-08-16T19:09:15.551Z,0.728671186126,2026-08-17 00:54:15.551,1160.793333333333
Pulse experiments,pioreactor01,2026-08-16T19:09:20.552Z,0.728671228829,2026-08-17 00:54:20.552,1160.794722222222
Pulse experiments,pioreactor01,2026-08-16T19:09:25.551Z,0.728684405931,2026-08-17 00:54:25.551,1160.796111111111
Pulse experiments,pioreactor01,2026-08-16T19:09:30.549Z,0.7286369275,2026-08-17 00:54:30.549,1160.7975
Pulse experiments,pioreactor01,2026-08-16T19:09:35.549Z,0.728633623108,2026-08-17 00:54:35.549,1160.798888888889
Pulse experiments,pioreactor01,2026-08-16T19:09:40.549Z,0.728657802065,2026-08-17 00:54:40.549,1160.800277777778
Pulse experiments,pioreactor01,2026-08-16T19:09:45.550Z,0.728652189186,2026-08-17 00:54:45.550,1160.801666666667
Pulse experiments,pioreactor01,2026-08-16T19:09:50.551Z,0.728685452428,2026-08-17 00:54:50.551,1160.803055555556
Pulse experiments,pioreactor01,2026-08-16T19:09:55.550Z,0.728706884631,2026-08-17 00:54:55.550,1160.804444444444
Pulse experiments,pioreactor01,2026-08-16T19:10:00.552Z,0.728699259126,2026-08-17 00:55:00.552,1160.805833333333
Pulse experiments,pioreactor01,2026-08-16T19:10:05.552Z,0.728709100892,2026-08-17 00:55:05.552,1160.807222222222
Pulse experiments,pioreactor01,2026-08-16T19:10:10.551Z,0.72867769476,2026-08-17 00:55:10.551,1160.808611111111
Pulse experiments,pioreactor01,2026-08-16T19:10:15.550Z,0.728695972037,2026-08-17 00:55:15.550,1160.81
Pulse experiments,pioreactor01,2026-08-16T19:10:20.549Z,0.728687109401,2026-08-17 00:55:20.549,1160.811388888889
Pulse experiments,pioreactor01,2026-08-16T19:10:25.551Z,0.72871571814,2026-08-17 00:55:25.551,1160.812777777778
Pulse experiments,pioreactor01,2026-08-16T19:10:30.550Z,0.728692787283,2026-08-17 00:55:30.550,1160.814166666667
Pulse experiments,pioreactor01,2026-08-16T19:10:35.552Z,0.72870593321,2026-08-17 00:55:35.552,1160.815555555556
Pulse experiments,pioreactor01,2026-08-16T19:10:45.552Z,0.728693511082,2026-08-17 00:55:45.552,1160.818333333333
Pulse experiments,pioreactor01,2026-08-16T19:10:50.549Z,0.728710937437,2026-08-17 00:55:50.549,1160.819722222222
Pulse experiments,pioreactor01,2026-08-16T19:10:55.550Z,0.728729145423,2026-08-17 00:55:55.550,1160.821111111111
Pulse experiments,pioreactor01,2026-08-16T19:11:00.551Z,0.728747870741,2026-08-17 00:56:00.551,1160.8225
Pulse experiments,pioreactor01,2026-08-16T19:11:05.551Z,0.728755755612,2026-08-17 00:56:05.551,1160.823888888889
Pulse experiments,pioreactor01,2026-08-16T19:11:10.553Z,0.728778556838,2026-08-17 00:56:10.553,1160.825277777778
Pulse experiments,pioreactor01,2026-08-16T19:11:15.552Z,0.728816521318,2026-08-17 00:56:15.552,1160.826666666667
Pulse experiments,pioreactor01,2026-08-16T19:11:20.550Z,0.728843602586,2026-08-17 00:56:20.550,1160.828055555555
Pulse experiments,pioreactor01,2026-08-16T19:11:25.551Z,0.72887862008,2026-08-17 00:56:25.551,1160.829444444444
Pulse experiments,pioreactor01,2026-08-16T19:11:30.551Z,0.728870682545,2026-08-17 00:56:30.551,1160.830833333333
Pulse experiments,pioreactor01,2026-08-16T19:11:35.551Z,0.72886766502,2026-08-17 00:56:35.551,1160.832222222222
Pulse experiments,pioreactor01,2026-08-16T19:11:40.550Z,0.728853801388,2026-08-17 00:56:40.550,1160.833611111111
Pulse experiments,pioreactor01,2026-08-16T19:11:45.550Z,0.728881992581,2026-08-17 00:56:45.550,1160.835
Pulse experiments,pioreactor01,2026-08-16T19:11:50.550Z,0.728885729305,2026-08-17 00:56:50.550,1160.836388888889
Pulse experiments,pioreactor01,2026-08-16T19:11:55.551Z,0.728898109679,2026-08-17 00:56:55.551,1160.837777777778
Pulse experiments,pioreactor01,2026-08-16T19:12:00.550Z,0.728882622883,2026-08-17 00:57:00.550,1160.839166666667
Pulse experiments,pioreactor01,2026-08-16T19:12:05.551Z,0.728872809355,2026-08-17 00:57:05.551,1160.840555555556
Pulse experiments,pioreactor01,2026-08-16T19:12:10.550Z,0.728881368962,2026-08-17 00:57:10.550,1160.841944444444
Pulse experiments,pioreactor01,2026-08-16T19:12:15.551Z,0.728886636211,2026-08-17 00:57:15.551,1160.843333333333
Pulse experiments,pioreactor01,2026-08-16T19:12:20.549Z,0.72888143885,2026-08-17 00:57:20.549,1160.844722222222
Pulse experiments,pioreactor01,2026-08-16T19:12:25.553Z,0.728882729907,2026-08-17 00:57:25.553,1160.846111111111
Pulse experiments,pioreactor01,2026-08-16T19:12:30.551Z,0.728901230734,2026-08-17 00:57:30.551,1160.8475
Pulse experiments,pioreactor01,2026-08-16T19:12:35.550Z,0.728910216083,2026-08-17 00:57:35.550,1160.848888888889
Pulse experiments,pioreactor01,2026-08-16T19:12:40.551Z,0.728915072443,2026-08-17 00:57:40.551,1160.850277777778
Pulse experiments,pioreactor01,2026-08-16T19:12:45.550Z,0.728930739589,2026-08-17 00:57:45.550,1160.851666666667
Pulse experiments,pioreactor01,2026-08-16T19:12:50.549Z,0.728908948496,2026-08-17 00:57:50.549,1160.853055555556
Pulse experiments,pioreactor01,2026-08-16T19:12:55.551Z,0.72887294573,2026-08-17 00:57:55.551,1160.854444444444
Pulse experiments,pioreactor01,2026-08-16T19:13:00.552Z,0.728863781115,2026-08-17 00:58:00.552,1160.855833333333
Pulse experiments,pioreactor01,2026-08-16T19:13:05.551Z,0.728871582712,2026-08-17 00:58:05.551,1160.857222222222
Pulse experiments,pioreactor01,2026-08-16T19:13:10.551Z,0.72887696402,2026-08-17 00:58:10.551,1160.858611111111
Pulse experiments,pioreactor01,2026-08-16T19:13:15.551Z,0.728880725823,2026-08-17 00:58:15.551,1160.86
Pulse experiments,pioreactor01,2026-08-16T19:13:20.552Z,0.728890178733,2026-08-17 00:58:20.552,1160.861388888889
Pulse experiments,pioreactor01,2026-08-16T19:13:25.555Z,0.728911398205,2026-08-17 00:58:25.555,1160.862777777778
Pulse experiments,pioreactor01,2026-08-16T19:13:30.553Z,0.728941121662,2026-08-17 00:58:30.553,1160.864166666667
Pulse experiments,pioreactor01,2026-08-16T19:13:35.550Z,0.728943344224,2026-08-17 00:58:35.550,1160.865555555556
Pulse experiments,pioreactor01,2026-08-16T19:13:40.549Z,0.728974098261,2026-08-17 00:58:40.549,1160.866944444444
Pulse experiments,pioreactor01,2026-08-16T19:13:45.552Z,0.729017688672,2026-08-17 00:58:45.552,1160.868333333333
Pulse experiments,pioreactor01,2026-08-16T19:13:50.553Z,0.729023143833,2026-08-17 00:58:50.553,1160.869722222222
Pulse experiments,pioreactor01,2026-08-16T19:13:55.551Z,0.729038666978,2026-08-17 00:58:55.551,1160.871111111111
Pulse experiments,pioreactor01,2026-08-16T19:14:00.550Z,0.729051562611,2026-08-17 00:59:00.550,1160.8725
Pulse experiments,pioreactor01,2026-08-16T19:14:05.551Z,0.729059489423,2026-08-17 00:59:05.551,1160.873888888889
Pulse experiments,pioreactor01,2026-08-16T19:14:10.553Z,0.729059629367,2026-08-17 00:59:10.553,1160.875277777778
Pulse experiments,pioreactor01,2026-08-16T19:14:15.552Z,0.72907227813,2026-08-17 00:59:15.552,1160.876666666667
Pulse experiments,pioreactor01,2026-08-16T19:14:20.552Z,0.729066060246,2026-08-17 00:59:20.552,1160.878055555556
Pulse experiments,pioreactor01,2026-08-16T19:14:25.551Z,0.729086315854,2026-08-17 00:59:25.551,1160.879444444445
Pulse experiments,pioreactor01,2026-08-16T19:14:35.549Z,0.729083999928,2026-08-17 00:59:35.549,1160.882222222222
Pulse experiments,pioreactor01,2026-08-16T19:14:40.550Z,0.729081367242,2026-08-17 00:59:40.550,1160.883611111111
Pulse experiments,pioreactor01,2026-08-16T19:14:45.552Z,0.729095068814,2026-08-17 00:59:45.552,1160.885
Pulse experiments,pioreactor01,2026-08-16T19:14:50.551Z,0.729105107056,2026-08-17 00:59:50.551,1160.886388888889
Pulse experiments,pioreactor01,2026-08-16T19:14:55.549Z,0.729084811577,2026-08-17 00:59:55.549,1160.887777777778
Pulse experiments,pioreactor01,2026-08-16T19:15:00.551Z,0.729078664489,2026-08-17 01:00:00.551,1160.889166666667
Pulse experiments,pioreactor01,2026-08-16T19:15:05.550Z,0.729067377454,2026-08-17 01:00:05.550,1160.890555555555
Pulse experiments,pioreactor01,2026-08-16T19:15:10.549Z,0.729082412819,2026-08-17 01:00:10.549,1160.891944444444
Pulse experiments,pioreactor01,2026-08-16T19:15:15.549Z,0.729083277587,2026-08-17 01:00:15.549,1160.893333333333
Pulse experiments,pioreactor01,2026-08-16T19:15:20.552Z,0.729064141157,2026-08-17 01:00:20.552,1160.894722222222
Pulse experiments,pioreactor01,2026-08-16T19:15:25.551Z,0.729050490428,2026-08-17 01:00:25.551,1160.896111111111
Pulse experiments,pioreactor01,2026-08-16T19:15:30.551Z,0.729053806048,2026-08-17 01:00:30.551,1160.8975
Pulse experiments,pioreactor01,2026-08-16T19:15:35.550Z,0.729065383545,2026-08-17 01:00:35.550,1160.898888888889
Pulse experiments,pioreactor01,2026-08-16T19:15:40.551Z,0.729091625799,2026-08-17 01:00:40.551,1160.900277777778
Pulse experiments,pioreactor01,2026-08-16T19:15:45.551Z,0.72910908105,2026-08-17 01:00:45.551,1160.901666666667
Pulse experiments,pioreactor01,2026-08-16T19:15:50.554Z,0.729156683327,2026-08-17 01:00:50.554,1160.903055555556
Pulse experiments,pioreactor01,2026-08-16T19:15:55.550Z,0.729200418879,2026-08-17 01:00:55.550,1160.904444444444
Pulse experiments,pioreactor01,2026-08-16T19:16:00.551Z,0.729210032441,2026-08-17 01:01:00.551,1160.905833333333
Pulse experiments,pioreactor01,2026-08-16T19:16:05.550Z,0.729209089837,2026-08-17 01:01:05.550,1160.907222222222
Pulse experiments,pioreactor01,2026-08-16T19:16:10.549Z,0.729195249117,2026-08-17 01:01:10.549,1160.908611111111
Pulse experiments,pioreactor01,2026-08-16T19:16:15.551Z,0.729202309331,2026-08-17 01:01:15.551,1160.91
Pulse experiments,pioreactor01,2026-08-16T19:16:20.549Z,0.729229002644,2026-08-17 01:01:20.549,1160.911388888889
Pulse experiments,pioreactor01,2026-08-16T19:16:25.550Z,0.729247939207,2026-08-17 01:01:25.550,1160.912777777778
Pulse experiments,pioreactor01,2026-08-16T19:16:30.551Z,0.729274092886,2026-08-17 01:01:30.551,1160.914166666667
Pulse experiments,pioreactor01,2026-08-16T19:16:35.552Z,0.729313352414,2026-08-17 01:01:35.552,1160.915555555556
Pulse experiments,pioreactor01,2026-08-16T19:16:40.552Z,0.729354387574,2026-08-17 01:01:40.552,1160.916944444444
Pulse experiments,pioreactor01,2026-08-16T19:16:45.550Z,0.729367386762,2026-08-17 01:01:45.550,1160.918333333333
Pulse experiments,pioreactor01,2026-08-16T19:16:50.551Z,0.729399929588,2026-08-17 01:01:50.551,1160.919722222222
Pulse experiments,pioreactor01,2026-08-16T19:16:55.549Z,0.729442160897,2026-08-17 01:01:55.549,1160.921111111111
Pulse experiments,pioreactor01,2026-08-16T19:17:00.550Z,0.729466166913,2026-08-17 01:02:00.550,1160.9225
Pulse experiments,pioreactor01,2026-08-16T19:17:05.550Z,0.729476845873,2026-08-17 01:02:05.550,1160.923888888889
Pulse experiments,pioreactor01,2026-08-16T19:17:10.552Z,0.729480401303,2026-08-17 01:02:10.552,1160.925277777778
Pulse experiments,pioreactor01,2026-08-16T19:17:15.551Z,0.729489110632,2026-08-17 01:02:15.551,1160.926666666667
Pulse experiments,pioreactor01,2026-08-16T19:17:20.552Z,0.729498259763,2026-08-17 01:02:20.552,1160.928055555556
Pulse experiments,pioreactor01,2026-08-16T19:17:25.553Z,0.729510954818,2026-08-17 01:02:25.553,1160.929444444444
Pulse experiments,pioreactor01,2026-08-16T19:17:30.553Z,0.729550534571,2026-08-17 01:02:30.553,1160.930833333333
Pulse experiments,pioreactor01,2026-08-16T19:17:35.551Z,0.729582856166,2026-08-17 01:02:35.551,1160.932222222222
Pulse experiments,pioreactor01,2026-08-16T19:17:40.549Z,0.729616626288,2026-08-17 01:02:40.549,1160.933611111111
Pulse experiments,pioreactor01,2026-08-16T19:17:45.552Z,0.729639761721,2026-08-17 01:02:45.552,1160.935
Pulse experiments,pioreactor01,2026-08-16T19:17:50.550Z,0.729681123376,2026-08-17 01:02:50.550,1160.936388888889
Pulse experiments,pioreactor01,2026-08-16T19:17:55.551Z,0.729723511221,2026-08-17 01:02:55.551,1160.937777777778
Pulse experiments,pioreactor01,2026-08-16T19:18:00.551Z,0.729740284261,2026-08-17 01:03:00.551,1160.939166666667
Pulse experiments,pioreactor01,2026-08-16T19:18:05.551Z,0.729766482679,2026-08-17 01:03:05.551,1160.940555555556
Pulse experiments,pioreactor01,2026-08-16T19:18:10.555Z,0.729777487742,2026-08-17 01:03:10.555,1160.941944444445
Pulse experiments,pioreactor01,2026-08-16T19:18:15.550Z,0.729789026941,2026-08-17 01:03:15.550,1160.943333333333
Pulse experiments,pioreactor01,2026-08-16T19:18:20.550Z,0.729791518188,2026-08-17 01:03:20.550,1160.944722222222
Pulse experiments,pioreactor01,2026-08-16T19:18:25.550Z,0.729760584362,2026-08-17 01:03:25.550,1160.946111111111
Pulse experiments,pioreactor01,2026-08-16T19:18:30.551Z,0.729746300696,2026-08-17 01:03:30.551,1160.9475
Pulse experiments,pioreactor01,2026-08-16T19:18:35.550Z,0.729744049107,2026-08-17 01:03:35.550,1160.948888888889
Pulse experiments,pioreactor01,2026-08-16T19:18:40.552Z,0.729761268189,2026-08-17 01:03:40.552,1160.950277777778
Pulse experiments,pioreactor01,2026-08-16T19:18:45.549Z,0.729796349076,2026-08-17 01:03:45.549,1160.951666666667
Pulse experiments,pioreactor01,2026-08-16T19:18:50.550Z,0.72983518975,2026-08-17 01:03:50.550,1160.953055555555
Pulse experiments,pioreactor01,2026-08-16T19:18:55.552Z,0.729864967048,2026-08-17 01:03:55.552,1160.954444444444
Pulse experiments,pioreactor01,2026-08-16T19:19:00.549Z,0.729908253011,2026-08-17 01:04:00.549,1160.955833333333
Pulse experiments,pioreactor01,2026-08-16T19:19:05.551Z,0.729941414617,2026-08-17 01:04:05.551,1160.957222222222
Pulse experiments,pioreactor01,2026-08-16T19:19:10.550Z,0.72996906415,2026-08-17 01:04:10.550,1160.958611111111
Pulse experiments,pioreactor01,2026-08-16T19:19:15.549Z,0.729996000917,2026-08-17 01:04:15.549,1160.96
Pulse experiments,pioreactor01,2026-08-16T19:19:20.551Z,0.730022510095,2026-08-17 01:04:20.551,1160.961388888889
Pulse experiments,pioreactor01,2026-08-16T19:19:25.549Z,0.730030799106,2026-08-17 01:04:25.549,1160.962777777778
Pulse experiments,pioreactor01,2026-08-16T19:19:30.551Z,0.730058391707,2026-08-17 01:04:30.551,1160.964166666667
Pulse experiments,pioreactor01,2026-08-16T19:19:35.550Z,0.730090284011,2026-08-17 01:04:35.550,1160.965555555556
Pulse experiments,pioreactor01,2026-08-16T19:19:40.549Z,0.73014540849,2026-08-17 01:04:40.549,1160.966944444444
Pulse experiments,pioreactor01,2026-08-16T19:19:45.550Z,0.730170987004,2026-08-17 01:04:45.550,1160.968333333333
Pulse experiments,pioreactor01,2026-08-16T19:19:50.552Z,0.730185550469,2026-08-17 01:04:50.552,1160.969722222222
Pulse experiments,pioreactor01,2026-08-16T19:19:55.549Z,0.730210353975,2026-08-17 01:04:55.549,1160.971111111111
Pulse experiments,pioreactor01,2026-08-16T19:20:00.550Z,0.730234777798,2026-08-17 01:05:00.550,1160.9725
Pulse experiments,pioreactor01,2026-08-16T19:20:05.551Z,0.730249644344,2026-08-17 01:05:05.551,1160.973888888889
Pulse experiments,pioreactor01,2026-08-16T19:20:10.551Z,0.730279807046,2026-08-17 01:05:10.551,1160.975277777778
Pulse experiments,pioreactor01,2026-08-16T19:20:20.551Z,0.730293298534,2026-08-17 01:05:20.551,1160.978055555556
Pulse experiments,pioreactor01,2026-08-16T19:20:25.552Z,0.730320324721,2026-08-17 01:05:25.552,1160.979444444444
Pulse experiments,pioreactor01,2026-08-16T19:20:30.550Z,0.730384001244,2026-08-17 01:05:30.550,1160.980833333333
Pulse experiments,pioreactor01,2026-08-16T19:20:35.550Z,0.73040928092,2026-08-17 01:05:35.550,1160.982222222222
Pulse experiments,pioreactor01,2026-08-16T19:20:40.550Z,0.730454786731,2026-08-17 01:05:40.550,1160.983611111111
Pulse experiments,pioreactor01,2026-08-16T19:20:45.550Z,0.730472086571,2026-08-17 01:05:45.550,1160.985
Pulse experiments,pioreactor01,2026-08-16T19:20:50.552Z,0.730491767637,2026-08-17 01:05:50.552,1160.986388888889
Pulse experiments,pioreactor01,2026-08-16T19:20:55.552Z,0.730502137792,2026-08-17 01:05:55.552,1160.987777777778
Pulse experiments,pioreactor01,2026-08-16T19:21:00.550Z,0.730524993402,2026-08-17 01:06:00.550,1160.989166666667
Pulse experiments,pioreactor01,2026-08-16T19:21:05.552Z,0.73052903189,2026-08-17 01:06:05.552,1160.990555555556
Pulse experiments,pioreactor01,2026-08-16T19:21:10.550Z,0.730575199651,2026-08-17 01:06:10.550,1160.991944444444
Pulse experiments,pioreactor01,2026-08-16T19:21:15.552Z,0.730587843244,2026-08-17 01:06:15.552,1160.993333333333
Pulse experiments,pioreactor01,2026-08-16T19:21:20.549Z,0.730627909068,2026-08-17 01:06:20.549,1160.994722222222
Pulse experiments,pioreactor01,2026-08-16T19:21:25.551Z,0.730654729421,2026-08-17 01:06:25.551,1160.996111111111
Pulse experiments,pioreactor01,2026-08-16T19:21:30.552Z,0.730674434195,2026-08-17 01:06:30.552,1160.9975
Pulse experiments,pioreactor01,2026-08-16T19:21:35.551Z,0.730680378311,2026-08-17 01:06:35.551,1160.998888888889
Pulse experiments,pioreactor01,2026-08-16T19:21:40.551Z,0.730666064524,2026-08-17 01:06:40.551,1161.000277777778
Pulse experiments,pioreactor01,2026-08-16T19:21:45.551Z,0.730657702885,2026-08-17 01:06:45.551,1161.001666666667
Pulse experiments,pioreactor01,2026-08-16T19:21:50.553Z,0.730651082217,2026-08-17 01:06:50.553,1161.003055555556
Pulse experiments,pioreactor01,2026-08-16T19:21:55.552Z,0.730643576792,2026-08-17 01:06:55.552,1161.004444444445
Pulse experiments,pioreactor01,2026-08-16T19:22:00.550Z,0.730636933083,2026-08-17 01:07:00.550,1161.005833333333
Pulse experiments,pioreactor01,2026-08-16T19:22:05.549Z,0.730665592361,2026-08-17 01:07:05.549,1161.007222222222
Pulse experiments,pioreactor01,2026-08-16T19:22:10.551Z,0.730674778897,2026-08-17 01:07:10.551,1161.008611111111
Pulse experiments,pioreactor01,2026-08-16T19:22:15.551Z,0.730680802094,2026-08-17 01:07:15.551,1161.01
Pulse experiments,pioreactor01,2026-08-16T19:22:20.549Z,0.73071123587,2026-08-17 01:07:20.549,1161.011388888889
Pulse experiments,pioreactor01,2026-08-16T19:22:25.552Z,0.730766831736,2026-08-17 01:07:25.552,1161.012777777778
Pulse experiments,pioreactor01,2026-08-16T19:22:35.550Z,0.730775743648,2026-08-17 01:07:35.550,1161.015555555555
Pulse experiments,pioreactor01,2026-08-16T19:22:40.553Z,0.730792904165,2026-08-17 01:07:40.553,1161.016944444444
Pulse experiments,pioreactor01,2026-08-16T19:22:45.551Z,0.730824722644,2026-08-17 01:07:45.551,1161.018333333333
Pulse experiments,pioreactor01,2026-08-16T19:22:50.553Z,0.730845132767,2026-08-17 01:07:50.553,1161.019722222222
Pulse experiments,pioreactor01,2026-08-16T19:22:55.552Z,0.730864304891,2026-08-17 01:07:55.552,1161.021111111111
Pulse experiments,pioreactor01,2026-08-16T19:23:00.550Z,0.730868127804,2026-08-17 01:08:00.550,1161.0225
Pulse experiments,pioreactor01,2026-08-16T19:23:05.549Z,0.730885307664,2026-08-17 01:08:05.549,1161.023888888889
Pulse experiments,pioreactor01,2026-08-16T19:23:10.549Z,0.730924504129,2026-08-17 01:08:10.549,1161.025277777778
Pulse experiments,pioreactor01,2026-08-16T19:23:15.549Z,0.730938806843,2026-08-17 01:08:15.549,1161.026666666667
Pulse experiments,pioreactor01,2026-08-16T19:23:20.551Z,0.730940221197,2026-08-17 01:08:20.551,1161.028055555556
Pulse experiments,pioreactor01,2026-08-16T19:23:25.552Z,0.730952752491,2026-08-17 01:08:25.552,1161.029444444444
Pulse experiments,pioreactor01,2026-08-16T19:23:30.551Z,0.730968274782,2026-08-17 01:08:30.551,1161.030833333333
Pulse experiments,pioreactor01,2026-08-16T19:23:35.551Z,0.7309768018,2026-08-17 01:08:35.551,1161.032222222222
Pulse experiments,pioreactor01,2026-08-16T19:23:40.550Z,0.730989754625,2026-08-17 01:08:40.550,1161.033611111111
Pulse experiments,pioreactor01,2026-08-16T19:23:45.550Z,0.730992148174,2026-08-17 01:08:45.550,1161.035
Pulse experiments,pioreactor01,2026-08-16T19:23:50.550Z,0.731001665019,2026-08-17 01:08:50.550,1161.036388888889
Pulse experiments,pioreactor01,2026-08-16T19:23:55.550Z,0.730998890426,2026-08-17 01:08:55.550,1161.037777777778
Pulse experiments,pioreactor01,2026-08-16T19:24:10.551Z,0.731048425162,2026-08-17 01:09:10.551,1161.041944444444
Pulse experiments,pioreactor01,2026-08-16T19:24:15.552Z,0.73106655143,2026-08-17 01:09:15.552,1161.043333333333
Pulse experiments,pioreactor01,2026-08-16T19:24:20.552Z,0.731097952379,2026-08-17 01:09:20.552,1161.044722222222
Pulse experiments,pioreactor01,2026-08-16T19:24:25.550Z,0.731105900511,2026-08-17 01:09:25.550,1161.046111111111
Pulse experiments,pioreactor01,2026-08-16T19:24:30.551Z,0.731096748051,2026-08-17 01:09:30.551,1161.0475
Pulse experiments,pioreactor01,2026-08-16T19:24:35.550Z,0.731123211027,2026-08-17 01:09:35.550,1161.048888888889
Pulse experiments,pioreactor01,2026-08-16T19:24:40.550Z,0.731136994098,2026-08-17 01:09:40.550,1161.050277777778
Pulse experiments,pioreactor01,2026-08-16T19:24:45.549Z,0.731173087298,2026-08-17 01:09:45.549,1161.051666666667
Pulse experiments,pioreactor01,2026-08-16T19:24:50.549Z,0.731175377115,2026-08-17 01:09:50.549,1161.053055555556
Pulse experiments,pioreactor01,2026-08-16T19:24:55.552Z,0.731205293582,2026-08-17 01:09:55.552,1161.054444444444
Pulse experiments,pioreactor01,2026-08-16T19:25:00.550Z,0.731233018075,2026-08-17 01:10:00.550,1161.055833333333
Pulse experiments,pioreactor01,2026-08-16T19:25:05.552Z,0.731256508633,2026-08-17 01:10:05.552,1161.057222222222
Pulse experiments,pioreactor01,2026-08-16T19:25:10.552Z,0.731279437202,2026-08-17 01:10:10.552,1161.058611111111
Pulse experiments,pioreactor01,2026-08-16T19:25:15.554Z,0.731268201581,2026-08-17 01:10:15.554,1161.06
Pulse experiments,pioreactor01,2026-08-16T19:25:20.552Z,0.731251487026,2026-08-17 01:10:20.552,1161.061388888889
Pulse experiments,pioreactor01,2026-08-16T19:25:25.550Z,0.731245734516,2026-08-17 01:10:25.550,1161.062777777778
Pulse experiments,pioreactor01,2026-08-16T19:25:30.552Z,0.731242312379,2026-08-17 01:10:30.552,1161.064166666667
Pulse experiments,pioreactor01,2026-08-16T19:25:35.552Z,0.731253709547,2026-08-17 01:10:35.552,1161.065555555556
Pulse experiments,pioreactor01,2026-08-16T19:25:40.550Z,0.731247556946,2026-08-17 01:10:40.550,1161.066944444445
Pulse experiments,pioreactor01,2026-08-16T19:25:45.550Z,0.731265052952,2026-08-17 01:10:45.550,1161.068333333333
Pulse experiments,pioreactor01,2026-08-16T19:25:50.553Z,0.731283486068,2026-08-17 01:10:50.553,1161.069722222222
Pulse experiments,pioreactor01,2026-08-16T19:25:55.551Z,0.731292457593,2026-08-17 01:10:55.551,1161.071111111111
Pulse experiments,pioreactor01,2026-08-16T19:26:00.550Z,0.731294524136,2026-08-17 01:11:00.550,1161.0725
Pulse experiments,pioreactor01,2026-08-16T19:26:05.550Z,0.731297865438,2026-08-17 01:11:05.550,1161.073888888889
Pulse experiments,pioreactor01,2026-08-16T19:26:10.552Z,0.731295685852,2026-08-17 01:11:10.552,1161.075277777778
Pulse experiments,pioreactor01,2026-08-16T19:26:15.551Z,0.73129134121,2026-08-17 01:11:15.551,1161.076666666667
Pulse experiments,pioreactor01,2026-08-16T19:26:20.548Z,0.731293917386,2026-08-17 01:11:20.548,1161.078055555555
Pulse experiments,pioreactor01,2026-08-16T19:26:25.551Z,0.731302621103,2026-08-17 01:11:25.551,1161.079444444444
Pulse experiments,pioreactor01,2026-08-16T19:26:30.553Z,0.731310079211,2026-08-17 01:11:30.553,1161.080833333333
Pulse experiments,pioreactor01,2026-08-16T19:26:35.555Z,0.731318986118,2026-08-17 01:11:35.555,1161.082222222222
Pulse experiments,pioreactor01,2026-08-16T19:26:40.550Z,0.731334210898,2026-08-17 01:11:40.550,1161.083611111111
Pulse experiments,pioreactor01,2026-08-16T19:26:45.551Z,0.731345696101,2026-08-17 01:11:45.551,1161.085
Pulse experiments,pioreactor01,2026-08-16T19:26:50.550Z,0.731368950762,2026-08-17 01:11:50.550,1161.086388888889
Pulse experiments,pioreactor01,2026-08-16T19:26:55.550Z,0.731385889566,2026-08-17 01:11:55.550,1161.087777777778
Pulse experiments,pioreactor01,2026-08-16T19:27:00.551Z,0.731420280867,2026-08-17 01:12:00.551,1161.089166666667
Pulse experiments,pioreactor01,2026-08-16T19:27:05.549Z,0.731452463143,2026-08-17 01:12:05.549,1161.090555555556
Pulse experiments,pioreactor01,2026-08-16T19:27:10.551Z,0.731470871518,2026-08-17 01:12:10.551,1161.091944444444
Pulse experiments,pioreactor01,2026-08-16T19:27:15.552Z,0.731511897501,2026-08-17 01:12:15.552,1161.093333333333
Pulse experiments,pioreactor01,2026-08-16T19:27:20.552Z,0.731561151147,2026-08-17 01:12:20.552,1161.094722222222
Pulse experiments,pioreactor01,2026-08-16T19:27:25.550Z,0.731589999609,2026-08-17 01:12:25.550,1161.096111111111
Pulse experiments,pioreactor01,2026-08-16T19:27:30.550Z,0.731610794781,2026-08-17 01:12:30.550,1161.0975
Pulse experiments,pioreactor01,2026-08-16T19:27:35.549Z,0.731615141757,2026-08-17 01:12:35.549,1161.098888888889
Pulse experiments,pioreactor01,2026-08-16T19:27:45.550Z,0.731616484221,2026-08-17 01:12:45.550,1161.101666666667
Pulse experiments,pioreactor01,2026-08-16T19:27:50.550Z,0.731601319549,2026-08-17 01:12:50.550,1161.103055555556
Pulse experiments,pioreactor01,2026-08-16T19:27:55.550Z,0.731606479046,2026-08-17 01:12:55.550,1161.104444444444
Pulse experiments,pioreactor01,2026-08-16T19:28:00.552Z,0.731631354191,2026-08-17 01:13:00.552,1161.105833333333
Pulse experiments,pioreactor01,2026-08-16T19:28:05.551Z,0.731653822868,2026-08-17 01:13:05.551,1161.107222222222
Pulse experiments,pioreactor01,2026-08-16T19:28:10.549Z,0.731679758792,2026-08-17 01:13:10.549,1161.108611111111
Pulse experiments,pioreactor01,2026-08-16T19:28:15.553Z,0.731692805811,2026-08-17 01:13:15.553,1161.11
Pulse experiments,pioreactor01,2026-08-16T19:28:20.550Z,0.731705835527,2026-08-17 01:13:20.550,1161.111388888889
Pulse experiments,pioreactor01,2026-08-16T19:28:25.550Z,0.731733266099,2026-08-17 01:13:25.550,1161.112777777778
Pulse experiments,pioreactor01,2026-08-16T19:28:30.550Z,0.7317524897,2026-08-17 01:13:30.550,1161.114166666667
Pulse experiments,pioreactor01,2026-08-16T19:28:35.551Z,0.731761717665,2026-08-17 01:13:35.551,1161.115555555556
Pulse experiments,pioreactor01,2026-08-16T19:28:40.551Z,0.731761658508,2026-08-17 01:13:40.551,1161.116944444444
Pulse experiments,pioreactor01,2026-08-16T19:28:45.549Z,0.731817863938,2026-08-17 01:13:45.549,1161.118333333333
Pulse experiments,pioreactor01,2026-08-16T19:28:50.553Z,0.731828311028,2026-08-17 01:13:50.553,1161.119722222222
Pulse experiments,pioreactor01,2026-08-16T19:28:55.551Z,0.731833707205,2026-08-17 01:13:55.551,1161.121111111111
Pulse experiments,pioreactor01,2026-08-16T19:29:00.549Z,0.731832773665,2026-08-17 01:14:00.549,1161.1225
Pulse experiments,pioreactor01,2026-08-16T19:29:05.549Z,0.731834811853,2026-08-17 01:14:05.549,1161.123888888889
Pulse experiments,pioreactor01,2026-08-16T19:29:10.551Z,0.731860776957,2026-08-17 01:14:10.551,1161.125277777778
Pulse experiments,pioreactor01,2026-08-16T19:29:15.551Z,0.731869435853,2026-08-17 01:14:15.551,1161.126666666667
Pulse experiments,pioreactor01,2026-08-16T19:29:20.551Z,0.731870170005,2026-08-17 01:14:20.551,1161.128055555556
Pulse experiments,pioreactor01,2026-08-16T19:29:25.550Z,0.731895878266,2026-08-17 01:14:25.550,1161.129444444445
Pulse experiments,pioreactor01,2026-08-16T19:29:30.552Z,0.731922946892,2026-08-17 01:14:30.552,1161.130833333333
Pulse experiments,pioreactor01,2026-08-16T19:29:35.549Z,0.731931982297,2026-08-17 01:14:35.549,1161.132222222222
Pulse experiments,pioreactor01,2026-08-16T19:29:40.549Z,0.731921661634,2026-08-17 01:14:40.549,1161.133611111111
Pulse experiments,pioreactor01,2026-08-16T19:29:45.549Z,0.73193139799,2026-08-17 01:14:45.549,1161.135
Pulse experiments,pioreactor01,2026-08-16T19:29:50.549Z,0.731959138797,2026-08-17 01:14:50.549,1161.136388888889
Pulse experiments,pioreactor01,2026-08-16T19:29:55.550Z,0.731971886779,2026-08-17 01:14:55.550,1161.137777777778
Pulse experiments,pioreactor01,2026-08-16T19:30:00.552Z,0.731953024155,2026-08-17 01:15:00.552,1161.139166666667
Pulse experiments,pioreactor01,2026-08-16T19:30:05.551Z,0.731957835914,2026-08-17 01:15:05.551,1161.140555555555
Pulse experiments,pioreactor01,2026-08-16T19:30:10.551Z,0.731985186545,2026-08-17 01:15:10.551,1161.141944444444
Pulse experiments,pioreactor01,2026-08-16T19:30:15.551Z,0.732014267505,2026-08-17 01:15:15.551,1161.143333333333
Pulse experiments,pioreactor01,2026-08-16T19:30:20.550Z,0.73203422197,2026-08-17 01:15:20.550,1161.144722222222
Pulse experiments,pioreactor01,2026-08-16T19:30:25.549Z,0.732072031218,2026-08-17 01:15:25.549,1161.146111111111
Pulse experiments,pioreactor01,2026-08-16T19:30:30.550Z,0.732100915403,2026-08-17 01:15:30.550,1161.1475
Pulse experiments,pioreactor01,2026-08-16T19:30:35.549Z,0.732124760638,2026-08-17 01:15:35.549,1161.148888888889
Pulse experiments,pioreactor01,2026-08-16T19:30:40.550Z,0.732121219443,2026-08-17 01:15:40.550,1161.150277777778
Pulse experiments,pioreactor01,2026-08-16T19:30:45.549Z,0.732117354896,2026-08-17 01:15:45.549,1161.151666666667
Pulse experiments,pioreactor01,2026-08-16T19:30:50.549Z,0.732106830841,2026-08-17 01:15:50.549,1161.153055555556
Pulse experiments,pioreactor01,2026-08-16T19:30:55.551Z,0.732114987772,2026-08-17 01:15:55.551,1161.154444444444
Pulse experiments,pioreactor01,2026-08-16T19:31:00.551Z,0.732128842346,2026-08-17 01:16:00.551,1161.155833333333
Pulse experiments,pioreactor01,2026-08-16T19:31:05.550Z,0.732132475348,2026-08-17 01:16:05.550,1161.157222222222
Pulse experiments,pioreactor01,2026-08-16T19:31:10.554Z,0.732143262129,2026-08-17 01:16:10.554,1161.158611111111
Pulse experiments,pioreactor01,2026-08-16T19:31:15.550Z,0.73216154829,2026-08-17 01:16:15.550,1161.16
Pulse experiments,pioreactor01,2026-08-16T19:31:20.551Z,0.732177479088,2026-08-17 01:16:20.551,1161.161388888889
Pulse experiments,pioreactor01,2026-08-16T19:31:25.551Z,0.732198182633,2026-08-17 01:16:25.551,1161.162777777778
Pulse experiments,pioreactor01,2026-08-16T19:31:30.550Z,0.732222639964,2026-08-17 01:16:30.550,1161.164166666667
Pulse experiments,pioreactor01,2026-08-16T19:31:35.550Z,0.73225140879,2026-08-17 01:16:35.550,1161.165555555556
Pulse experiments,pioreactor01,2026-08-16T19:31:40.550Z,0.732283362138,2026-08-17 01:16:40.550,1161.166944444444
Pulse experiments,pioreactor01,2026-08-16T19:31:45.550Z,0.732333858289,2026-08-17 01:16:45.550,1161.168333333333
Pulse experiments,pioreactor01,2026-08-16T19:31:50.554Z,0.732374616261,2026-08-17 01:16:50.554,1161.169722222222
Pulse experiments,pioreactor01,2026-08-16T19:31:55.551Z,0.73238235755,2026-08-17 01:16:55.551,1161.171111111111
Pulse experiments,pioreactor01,2026-08-16T19:32:00.552Z,0.732409083039,2026-08-17 01:17:00.552,1161.1725
Pulse experiments,pioreactor01,2026-08-16T19:32:05.549Z,0.732412737786,2026-08-17 01:17:05.549,1161.173888888889
Pulse experiments,pioreactor01,2026-08-16T19:32:10.552Z,0.732437670126,2026-08-17 01:17:10.552,1161.175277777778
Pulse experiments,pioreactor01,2026-08-16T19:32:15.553Z,0.732476602841,2026-08-17 01:17:15.553,1161.176666666667
Pulse experiments,pioreactor01,2026-08-16T19:32:20.551Z,0.732501471504,2026-08-17 01:17:20.551,1161.178055555556
Pulse experiments,pioreactor01,2026-08-16T19:32:25.551Z,0.732541133136,2026-08-17 01:17:25.551,1161.179444444444
Pulse experiments,pioreactor01,2026-08-16T19:32:35.550Z,0.732537627456,2026-08-17 01:17:35.550,1161.182222222222
Pulse experiments,pioreactor01,2026-08-16T19:32:40.550Z,0.73252706194,2026-08-17 01:17:40.550,1161.183611111111
Pulse experiments,pioreactor01,2026-08-16T19:32:45.551Z,0.732515979708,2026-08-17 01:17:45.551,1161.185
Pulse experiments,pioreactor01,2026-08-16T19:32:50.551Z,0.732540367032,2026-08-17 01:17:50.551,1161.186388888889
Pulse experiments,pioreactor01,2026-08-16T19:32:55.550Z,0.732563435439,2026-08-17 01:17:55.550,1161.187777777778
Pulse experiments,pioreactor01,2026-08-16T19:33:00.550Z,0.732609635635,2026-08-17 01:18:00.550,1161.189166666667
Pulse experiments,pioreactor01,2026-08-16T19:33:05.549Z,0.732620084101,2026-08-17 01:18:05.549,1161.190555555556
Pulse experiments,pioreactor01,2026-08-16T19:33:10.551Z,0.732660445847,2026-08-17 01:18:10.551,1161.191944444445
Pulse experiments,pioreactor01,2026-08-16T19:33:15.549Z,0.732704042614,2026-08-17 01:18:15.549,1161.193333333333
Pulse experiments,pioreactor01,2026-08-16T19:33:20.549Z,0.732724450317,2026-08-17 01:18:20.549,1161.194722222222
Pulse experiments,pioreactor01,2026-08-16T19:33:25.550Z,0.732729287012,2026-08-17 01:18:25.550,1161.196111111111
Pulse experiments,pioreactor01,2026-08-16T19:33:35.551Z,0.73276132451,2026-08-17 01:18:35.551,1161.198888888889
Pulse experiments,pioreactor01,2026-08-16T19:33:40.552Z,0.732778838339,2026-08-17 01:18:40.552,1161.200277777778
Pulse experiments,pioreactor01,2026-08-16T19:33:45.551Z,0.732787535826,2026-08-17 01:18:45.551,1161.201666666667
Pulse experiments,pioreactor01,2026-08-16T19:33:50.551Z,0.732809457424,2026-08-17 01:18:50.551,1161.203055555555
Pulse experiments,pioreactor01,2026-08-16T19:33:55.552Z,0.732842172978,2026-08-17 01:18:55.552,1161.204444444444
Pulse experiments,pioreactor01,2026-08-16T19:34:00.550Z,0.73288552719,2026-08-17 01:19:00.550,1161.205833333333
Pulse experiments,pioreactor01,2026-08-16T19:34:05.550Z,0.732906919026,2026-08-17 01:19:05.550,1161.207222222222
Pulse experiments,pioreactor01,2026-08-16T19:34:10.549Z,0.732911699554,2026-08-17 01:19:10.549,1161.208611111111
Pulse experiments,pioreactor01,2026-08-16T19:34:15.551Z,0.732929425894,2026-08-17 01:19:15.551,1161.21
Pulse experiments,pioreactor01,2026-08-16T19:34:20.554Z,0.732950699045,2026-08-17 01:19:20.554,1161.211388888889
Pulse experiments,pioreactor01,2026-08-16T19:34:25.552Z,0.73299038756,2026-08-17 01:19:25.552,1161.212777777778
Pulse experiments,pioreactor01,2026-08-16T19:34:30.550Z,0.733034634282,2026-08-17 01:19:30.550,1161.214166666667
Pulse experiments,pioreactor01,2026-08-16T19:34:35.551Z,0.733073392449,2026-08-17 01:19:35.551,1161.215555555556
Pulse experiments,pioreactor01,2026-08-16T19:34:40.550Z,0.733086598492,2026-08-17 01:19:40.550,1161.216944444444
Pulse experiments,pioreactor01,2026-08-16T19:34:45.549Z,0.733122363209,2026-08-17 01:19:45.549,1161.218333333333
Pulse experiments,pioreactor01,2026-08-16T19:34:50.549Z,0.733169268188,2026-08-17 01:19:50.549,1161.219722222222
Pulse experiments,pioreactor01,2026-08-16T19:34:55.550Z,0.733170157584,2026-08-17 01:19:55.550,1161.221111111111
Pulse experiments,pioreactor01,2026-08-16T19:35:00.551Z,0.733172182589,2026-08-17 01:20:00.551,1161.2225
Pulse experiments,pioreactor01,2026-08-16T19:35:05.552Z,0.733181615394,2026-08-17 01:20:05.552,1161.223888888889
Pulse experiments,pioreactor01,2026-08-16T19:35:10.550Z,0.733193412942,2026-08-17 01:20:10.550,1161.225277777778
Pulse experiments,pioreactor01,2026-08-16T19:35:20.551Z,0.733214054931,2026-08-17 01:20:20.551,1161.228055555556
Pulse experiments,pioreactor01,2026-08-16T19:35:25.549Z,0.733245032902,2026-08-17 01:20:25.549,1161.229444444444
Pulse experiments,pioreactor01,2026-08-16T19:35:30.550Z,0.733274879052,2026-08-17 01:20:30.550,1161.230833333333
Pulse experiments,pioreactor01,2026-08-16T19:35:35.551Z,0.733294745388,2026-08-17 01:20:35.551,1161.232222222222
Pulse experiments,pioreactor01,2026-08-16T19:35:45.551Z,0.733316480884,2026-08-17 01:20:45.551,1161.235
Pulse experiments,pioreactor01,2026-08-16T19:35:50.552Z,0.733315006472,2026-08-17 01:20:50.552,1161.236388888889
Pulse experiments,pioreactor01,2026-08-16T19:35:55.554Z,0.733330940985,2026-08-17 01:20:55.554,1161.237777777778
Pulse experiments,pioreactor01,2026-08-16T19:36:00.553Z,0.733352275787,2026-08-17 01:21:00.553,1161.239166666667
Pulse experiments,pioreactor01,2026-08-16T19:36:05.555Z,0.733395389798,2026-08-17 01:21:05.555,1161.240555555556
Pulse experiments,pioreactor01,2026-08-16T19:36:10.551Z,0.733415221801,2026-08-17 01:21:10.551,1161.241944444444
Pulse experiments,pioreactor01,2026-08-16T19:36:15.552Z,0.733427929961,2026-08-17 01:21:15.552,1161.243333333333
Pulse experiments,pioreactor01,2026-08-16T19:36:20.550Z,0.733433984328,2026-08-17 01:21:20.550,1161.244722222222
Pulse experiments,pioreactor01,2026-08-16T19:36:25.552Z,0.733455927712,2026-08-17 01:21:25.552,1161.246111111111
Pulse experiments,pioreactor01,2026-08-16T19:36:30.552Z,0.733473959308,2026-08-17 01:21:30.552,1161.2475
Pulse experiments,pioreactor01,2026-08-16T19:36:35.549Z,0.733512560423,2026-08-17 01:21:35.549,1161.248888888889
Pulse experiments,pioreactor01,2026-08-16T19:36:40.549Z,0.733537859698,2026-08-17 01:21:40.549,1161.250277777778
Pulse experiments,pioreactor01,2026-08-16T19:36:45.550Z,0.733566962733,2026-08-17 01:21:45.550,1161.251666666667
Pulse experiments,pioreactor01,2026-08-16T19:36:50.550Z,0.733586267358,2026-08-17 01:21:50.550,1161.253055555556
Pulse experiments,pioreactor01,2026-08-16T19:36:55.551Z,0.733623088651,2026-08-17 01:21:55.551,1161.254444444445
Pulse experiments,pioreactor01,2026-08-16T19:37:00.550Z,0.733643739035,2026-08-17 01:22:00.550,1161.255833333333
Pulse experiments,pioreactor01,2026-08-16T19:37:05.551Z,0.733660748999,2026-08-17 01:22:05.551,1161.257222222222
Pulse experiments,pioreactor01,2026-08-16T19:37:15.550Z,0.733678013922,2026-08-17 01:22:15.550,1161.26
Pulse experiments,pioreactor01,2026-08-16T19:37:25.552Z,0.733715817481,2026-08-17 01:22:25.552,1161.262777777778
Pulse experiments,pioreactor01,2026-08-16T19:37:30.552Z,0.733723153952,2026-08-17 01:22:30.552,1161.264166666667
Pulse experiments,pioreactor01,2026-08-16T19:37:35.549Z,0.733749486316,2026-08-17 01:22:35.549,1161.265555555555
Pulse experiments,pioreactor01,2026-08-16T19:37:40.552Z,0.733790862551,2026-08-17 01:22:40.552,1161.266944444444
Pulse experiments,pioreactor01,2026-08-16T19:37:45.553Z,0.733808700051,2026-08-17 01:22:45.553,1161.268333333333
Pulse experiments,pioreactor01,2026-08-16T19:37:50.550Z,0.733817464635,2026-08-17 01:22:50.550,1161.269722222222
Pulse experiments,pioreactor01,2026-08-16T19:37:55.553Z,0.733822430663,2026-08-17 01:22:55.553,1161.271111111111
Pulse experiments,pioreactor01,2026-08-16T19:38:00.550Z,0.733824657392,2026-08-17 01:23:00.550,1161.2725
Pulse experiments,pioreactor01,2026-08-16T19:38:05.551Z,0.733834837419,2026-08-17 01:23:05.551,1161.273888888889
Pulse experiments,pioreactor01,2026-08-16T19:38:10.551Z,0.733838524744,2026-08-17 01:23:10.551,1161.275277777778
Pulse experiments,pioreactor01,2026-08-16T19:38:15.550Z,0.733844042835,2026-08-17 01:23:15.550,1161.276666666667
Pulse experiments,pioreactor01,2026-08-16T19:38:20.552Z,0.733866267277,2026-08-17 01:23:20.552,1161.278055555556
Pulse experiments,pioreactor01,2026-08-16T19:38:25.552Z,0.733872815494,2026-08-17 01:23:25.552,1161.279444444444
Pulse experiments,pioreactor01,2026-08-16T19:38:30.551Z,0.733884354622,2026-08-17 01:23:30.551,1161.280833333333
Pulse experiments,pioreactor01,2026-08-16T19:38:35.551Z,0.733923576322,2026-08-17 01:23:35.551,1161.282222222222
Pulse experiments,pioreactor01,2026-08-16T19:38:40.550Z,0.733942609023,2026-08-17 01:23:40.550,1161.283611111111
Pulse experiments,pioreactor01,2026-08-16T19:38:45.549Z,0.733994896445,2026-08-17 01:23:45.549,1161.285
Pulse experiments,pioreactor01,2026-08-16T19:38:50.550Z,0.73401895359,2026-08-17 01:23:50.550,1161.286388888889
Pulse experiments,pioreactor01,2026-08-16T19:38:55.552Z,0.734039245441,2026-08-17 01:23:55.552,1161.287777777778
Pulse experiments,pioreactor01,2026-08-16T19:39:00.550Z,0.734054210328,2026-08-17 01:24:00.550,1161.289166666667
Pulse experiments,pioreactor01,2026-08-16T19:39:05.550Z,0.73405501162,2026-08-17 01:24:05.550,1161.290555555556
Pulse experiments,pioreactor01,2026-08-16T19:39:10.554Z,0.734069376155,2026-08-17 01:24:10.554,1161.291944444444
Pulse experiments,pioreactor01,2026-08-16T19:39:15.549Z,0.734089046056,2026-08-17 01:24:15.549,1161.293333333333
Pulse experiments,pioreactor01,2026-08-16T19:39:20.552Z,0.734104171639,2026-08-17 01:24:20.552,1161.294722222222
Pulse experiments,pioreactor01,2026-08-16T19:39:25.553Z,0.734138063635,2026-08-17 01:24:25.553,1161.296111111111
Pulse experiments,pioreactor01,2026-08-16T19:39:30.551Z,0.734180260447,2026-08-17 01:24:30.551,1161.2975
Pulse experiments,pioreactor01,2026-08-16T19:39:35.551Z,0.734218835701,2026-08-17 01:24:35.551,1161.298888888889
Pulse experiments,pioreactor01,2026-08-16T19:39:40.548Z,0.734238797569,2026-08-17 01:24:40.548,1161.300277777778
Pulse experiments,pioreactor01,2026-08-16T19:39:45.552Z,0.734246218906,2026-08-17 01:24:45.552,1161.301666666667
Pulse experiments,pioreactor01,2026-08-16T19:39:50.553Z,0.734255220514,2026-08-17 01:24:50.553,1161.303055555556
Pulse experiments,pioreactor01,2026-08-16T19:39:55.550Z,0.734256744042,2026-08-17 01:24:55.550,1161.304444444444
Pulse experiments,pioreactor01,2026-08-16T19:40:00.550Z,0.734277487664,2026-08-17 01:25:00.550,1161.305833333333
Pulse experiments,pioreactor01,2026-08-16T19:40:05.549Z,0.734305609054,2026-08-17 01:25:05.549,1161.307222222222
Pulse experiments,pioreactor01,2026-08-16T19:40:10.551Z,0.734322867373,2026-08-17 01:25:10.551,1161.308611111111
Pulse experiments,pioreactor01,2026-08-16T19:40:15.553Z,0.734338077816,2026-08-17 01:25:15.553,1161.31
Pulse experiments,pioreactor01,2026-08-16T19:40:20.551Z,0.734361823012,2026-08-17 01:25:20.551,1161.311388888889
Pulse experiments,pioreactor01,2026-08-16T19:40:25.552Z,0.734371364067,2026-08-17 01:25:25.552,1161.312777777778
Pulse experiments,pioreactor01,2026-08-16T19:40:30.550Z,0.734414338068,2026-08-17 01:25:30.550,1161.314166666667
Pulse experiments,pioreactor01,2026-08-16T19:40:35.550Z,0.73444359018,2026-08-17 01:25:35.550,1161.315555555556
Pulse experiments,pioreactor01,2026-08-16T19:40:40.550Z,0.734451720755,2026-08-17 01:25:40.550,1161.316944444445
Pulse experiments,pioreactor01,2026-08-16T19:40:45.552Z,0.734460868716,2026-08-17 01:25:45.552,1161.318333333333
Pulse experiments,pioreactor01,2026-08-16T19:40:50.550Z,0.73446273441,2026-08-17 01:25:50.550,1161.319722222222
Pulse experiments,pioreactor01,2026-08-16T19:40:55.552Z,0.73447321358,2026-08-17 01:25:55.552,1161.321111111111
Pulse experiments,pioreactor01,2026-08-16T19:41:05.550Z,0.73450263378,2026-08-17 01:26:05.550,1161.323888888889
Pulse experiments,pioreactor01,2026-08-16T19:41:10.550Z,0.734530318852,2026-08-17 01:26:10.550,1161.325277777778
Pulse experiments,pioreactor01,2026-08-16T19:41:15.549Z,0.734541312026,2026-08-17 01:26:15.549,1161.326666666667
Pulse experiments,pioreactor01,2026-08-16T19:41:20.551Z,0.734561862934,2026-08-17 01:26:20.551,1161.328055555555
Pulse experiments,pioreactor01,2026-08-16T19:41:30.550Z,0.734584559987,2026-08-17 01:26:30.550,1161.330833333333
Pulse experiments,pioreactor01,2026-08-16T19:41:35.550Z,0.734623047137,2026-08-17 01:26:35.550,1161.332222222222
Pulse experiments,pioreactor01,2026-08-16T19:41:40.550Z,0.734658154579,2026-08-17 01:26:40.550,1161.333611111111
Pulse experiments,pioreactor01,2026-08-16T19:41:45.551Z,0.73468329302,2026-08-17 01:26:45.551,1161.335
Pulse experiments,pioreactor01,2026-08-16T19:41:50.551Z,0.734662613025,2026-08-17 01:26:50.551,1161.336388888889
Pulse experiments,pioreactor01,2026-08-16T19:41:55.550Z,0.734661703475,2026-08-17 01:26:55.550,1161.337777777778
Pulse experiments,pioreactor01,2026-08-16T19:42:00.549Z,0.734671187921,2026-08-17 01:27:00.549,1161.339166666667
Pulse experiments,pioreactor01,2026-08-16T19:42:05.550Z,0.7346738529,2026-08-17 01:27:05.550,1161.340555555556
Pulse experiments,pioreactor01,2026-08-16T19:42:10.549Z,0.734696949095,2026-08-17 01:27:10.549,1161.341944444444
Pulse experiments,pioreactor01,2026-08-16T19:42:15.550Z,0.734714480854,2026-08-17 01:27:15.550,1161.343333333333
Pulse experiments,pioreactor01,2026-08-16T19:42:20.550Z,0.734741141601,2026-08-17 01:27:20.550,1161.344722222222
Pulse experiments,pioreactor01,2026-08-16T19:42:25.552Z,0.734752449684,2026-08-17 01:27:25.552,1161.346111111111
Pulse experiments,pioreactor01,2026-08-16T19:42:35.552Z,0.734770339932,2026-08-17 01:27:35.552,1161.348888888889
Pulse experiments,pioreactor01,2026-08-16T19:42:40.551Z,0.734799910263,2026-08-17 01:27:40.551,1161.350277777778
Pulse experiments,pioreactor01,2026-08-16T19:42:45.550Z,0.734827168579,2026-08-17 01:27:45.550,1161.351666666667
Pulse experiments,pioreactor01,2026-08-16T19:42:50.549Z,0.734871174128,2026-08-17 01:27:50.549,1161.353055555556
Pulse experiments,pioreactor01,2026-08-16T19:42:55.552Z,0.734895135589,2026-08-17 01:27:55.552,1161.354444444444
Pulse experiments,pioreactor01,2026-08-16T19:43:00.550Z,0.734929275997,2026-08-17 01:28:00.550,1161.355833333333
Pulse experiments,pioreactor01,2026-08-16T19:43:05.551Z,0.734950140415,2026-08-17 01:28:05.551,1161.357222222222
Pulse experiments,pioreactor01,2026-08-16T19:43:10.550Z,0.734997295774,2026-08-17 01:28:10.550,1161.358611111111
Pulse experiments,pioreactor01,2026-08-16T19:43:20.550Z,0.735023757515,2026-08-17 01:28:20.550,1161.361388888889
Pulse experiments,pioreactor01,2026-08-16T19:43:25.549Z,0.735057139675,2026-08-17 01:28:25.549,1161.362777777778
Pulse experiments,pioreactor01,2026-08-16T19:43:30.549Z,0.735084510316,2026-08-17 01:28:30.549,1161.364166666667
Pulse experiments,pioreactor01,2026-08-16T19:43:35.552Z,0.735120712638,2026-08-17 01:28:35.552,1161.365555555556
Pulse experiments,pioreactor01,2026-08-16T19:43:40.549Z,0.735122062916,2026-08-17 01:28:40.549,1161.366944444444
Pulse experiments,pioreactor01,2026-08-16T19:43:45.551Z,0.735122041802,2026-08-17 01:28:45.551,1161.368333333333
Pulse experiments,pioreactor01,2026-08-16T19:43:50.550Z,0.73511555573,2026-08-17 01:28:50.550,1161.369722222222
Pulse experiments,pioreactor01,2026-08-16T19:43:55.553Z,0.735127148554,2026-08-17 01:28:55.553,1161.371111111111
Pulse experiments,pioreactor01,2026-08-16T19:44:00.549Z,0.735140633907,2026-08-17 01:29:00.549,1161.3725
Pulse experiments,pioreactor01,2026-08-16T19:44:05.553Z,0.735153782235,2026-08-17 01:29:05.553,1161.373888888889
Pulse experiments,pioreactor01,2026-08-16T19:44:10.549Z,0.735173827199,2026-08-17 01:29:10.549,1161.375277777778
Pulse experiments,pioreactor01,2026-08-16T19:44:15.551Z,0.735196341772,2026-08-17 01:29:15.551,1161.376666666667
Pulse experiments,pioreactor01,2026-08-16T19:44:20.550Z,0.735201230528,2026-08-17 01:29:20.550,1161.378055555556
Pulse experiments,pioreactor01,2026-08-16T19:44:25.550Z,0.73521823994,2026-08-17 01:29:25.550,1161.379444444445
Pulse experiments,pioreactor01,2026-08-16T19:44:35.551Z,0.735266557825,2026-08-17 01:29:35.551,1161.382222222222
Pulse experiments,pioreactor01,2026-08-16T19:44:40.550Z,0.735303353502,2026-08-17 01:29:40.550,1161.383611111111
Pulse experiments,pioreactor01,2026-08-16T19:44:45.551Z,0.73533387662,2026-08-17 01:29:45.551,1161.385
Pulse experiments,pioreactor01,2026-08-16T19:44:50.549Z,0.735356363698,2026-08-17 01:29:50.549,1161.386388888889
Pulse experiments,pioreactor01,2026-08-16T19:44:55.549Z,0.735378419705,2026-08-17 01:29:55.549,1161.387777777778
Pulse experiments,pioreactor01,2026-08-16T19:45:00.551Z,0.735394873081,2026-08-17 01:30:00.551,1161.389166666667
Pulse experiments,pioreactor01,2026-08-16T19:45:05.550Z,0.735392616616,2026-08-17 01:30:05.550,1161.390555555555
Pulse experiments,pioreactor01,2026-08-16T19:45:10.552Z,0.735389339922,2026-08-17 01:30:10.552,1161.391944444444
Pulse experiments,pioreactor01,2026-08-16T19:45:15.551Z,0.735414982411,2026-08-17 01:30:15.551,1161.393333333333
Pulse experiments,pioreactor01,2026-08-16T19:45:20.552Z,0.735445720359,2026-08-17 01:30:20.552,1161.394722222222
Pulse experiments,pioreactor01,2026-08-16T19:45:25.549Z,0.735453234957,2026-08-17 01:30:25.549,1161.396111111111
Pulse experiments,pioreactor01,2026-08-16T19:45:35.553Z,0.735480209624,2026-08-17 01:30:35.553,1161.398888888889
Pulse experiments,pioreactor01,2026-08-16T19:45:40.551Z,0.73551764969,2026-08-17 01:30:40.551,1161.400277777778
Pulse experiments,pioreactor01,2026-08-16T19:45:45.550Z,0.735540181805,2026-08-17 01:30:45.550,1161.401666666667
Pulse experiments,pioreactor01,2026-08-16T19:45:55.551Z,0.735545661756,2026-08-17 01:30:55.551,1161.404444444444
Pulse experiments,pioreactor01,2026-08-16T19:46:00.550Z,0.735522681058,2026-08-17 01:31:00.550,1161.405833333333
Pulse experiments,pioreactor01,2026-08-16T19:46:10.549Z,0.73554041843,2026-08-17 01:31:10.549,1161.408611111111
Pulse experiments,pioreactor01,2026-08-16T19:46:15.549Z,0.735543952978,2026-08-17 01:31:15.549,1161.41
Pulse experiments,pioreactor01,2026-08-16T19:46:20.550Z,0.735591304066,2026-08-17 01:31:20.550,1161.411388888889
Pulse experiments,pioreactor01,2026-08-16T19:46:25.552Z,0.73563143816,2026-08-17 01:31:25.552,1161.412777777778
Pulse experiments,pioreactor01,2026-08-16T19:46:30.550Z,0.735641282772,2026-08-17 01:31:30.550,1161.414166666667
Pulse experiments,pioreactor01,2026-08-16T19:46:35.549Z,0.73564922311,2026-08-17 01:31:35.549,1161.415555555556
Pulse experiments,pioreactor01,2026-08-16T19:46:40.551Z,0.735684076701,2026-08-17 01:31:40.551,1161.416944444444
Pulse experiments,pioreactor01,2026-08-16T19:46:45.549Z,0.735715771249,2026-08-17 01:31:45.549,1161.418333333333
Pulse experiments,pioreactor01,2026-08-16T19:46:50.549Z,0.735717382871,2026-08-17 01:31:50.549,1161.419722222222
Pulse experiments,pioreactor01,2026-08-16T19:46:55.551Z,0.735706667473,2026-08-17 01:31:55.551,1161.421111111111
Pulse experiments,pioreactor01,2026-08-16T19:47:00.551Z,0.735717487842,2026-08-17 01:32:00.551,1161.4225
Pulse experiments,pioreactor01,2026-08-16T19:47:05.550Z,0.735729768069,2026-08-17 01:32:05.550,1161.423888888889
Pulse experiments,pioreactor01,2026-08-16T19:47:10.550Z,0.735761207202,2026-08-17 01:32:10.550,1161.425277777778
Pulse experiments,pioreactor01,2026-08-16T19:47:15.549Z,0.735760852706,2026-08-17 01:32:15.549,1161.426666666667
Pulse experiments,pioreactor01,2026-08-16T19:47:20.551Z,0.735799203715,2026-08-17 01:32:20.551,1161.428055555556
Pulse experiments,pioreactor01,2026-08-16T19:47:25.554Z,0.735824360407,2026-08-17 01:32:25.554,1161.429444444444
Pulse experiments,pioreactor01,2026-08-16T19:47:30.552Z,0.735842389413,2026-08-17 01:32:30.552,1161.430833333333
Pulse experiments,pioreactor01,2026-08-16T19:47:35.553Z,0.735848344554,2026-08-17 01:32:35.553,1161.432222222222
Pulse experiments,pioreactor01,2026-08-16T19:47:40.551Z,0.735850244806,2026-08-17 01:32:40.551,1161.433611111111
Pulse experiments,pioreactor01,2026-08-16T19:47:45.550Z,0.735883499816,2026-08-17 01:32:45.550,1161.435
Pulse experiments,pioreactor01,2026-08-16T19:47:50.549Z,0.735895213105,2026-08-17 01:32:50.549,1161.436388888889
Pulse experiments,pioreactor01,2026-08-16T19:47:55.554Z,0.735895582683,2026-08-17 01:32:55.554,1161.437777777778
Pulse experiments,pioreactor01,2026-08-16T19:48:00.551Z,0.735919425991,2026-08-17 01:33:00.551,1161.439166666667
Pulse experiments,pioreactor01,2026-08-16T19:48:05.550Z,0.735955229858,2026-08-17 01:33:05.550,1161.440555555556
Pulse experiments,pioreactor01,2026-08-16T19:48:10.550Z,0.735973592609,2026-08-17 01:33:10.550,1161.441944444445
Pulse experiments,pioreactor01,2026-08-16T19:48:15.553Z,0.735965388654,2026-08-17 01:33:15.553,1161.443333333333
Pulse experiments,pioreactor01,2026-08-16T19:48:20.553Z,0.735973681343,2026-08-17 01:33:20.553,1161.444722222222
Pulse experiments,pioreactor01,2026-08-16T19:48:25.564Z,0.724680993017,2026-08-17 01:33:25.564,1161.446111111111
Pulse experiments,pioreactor01,2026-08-16T19:48:30.567Z,0.717615700668,2026-08-17 01:33:30.567,1161.4475
Pulse experiments,pioreactor01,2026-08-16T19:48:35.584Z,0.715381778827,2026-08-17 01:33:35.584,1161.448888888889
Pulse experiments,pioreactor01,2026-08-16T19:48:40.574Z,0.71473762679,2026-08-17 01:33:40.574,1161.450277777778
Pulse experiments,pioreactor01,2026-08-16T19:48:45.563Z,0.714020841985,2026-08-17 01:33:45.563,1161.451666666667
Pulse experiments,pioreactor01,2026-08-16T19:48:50.559Z,0.713910493322,2026-08-17 01:33:50.559,1161.453055555555
Pulse experiments,pioreactor01,2026-08-16T19:48:55.559Z,0.714122002006,2026-08-17 01:33:55.559,1161.454444444444
Pulse experiments,pioreactor01,2026-08-16T19:49:00.562Z,0.713679438402,2026-08-17 01:34:00.562,1161.455833333333
Pulse experiments,pioreactor01,2026-08-16T19:49:05.561Z,0.713347110483,2026-08-17 01:34:05.561,1161.457222222222
Pulse experiments,pioreactor01,2026-08-16T19:49:10.566Z,0.713649568332,2026-08-17 01:34:10.566,1161.458611111111
Pulse experiments,pioreactor01,2026-08-16T19:49:15.561Z,0.713679333019,2026-08-17 01:34:15.561,1161.46
Pulse experiments,pioreactor01,2026-08-16T19:49:20.610Z,0.713519789358,2026-08-17 01:34:20.610,1161.461388888889
Pulse experiments,pioreactor01,2026-08-16T19:49:25.557Z,0.713641951095,2026-08-17 01:34:25.557,1161.462777777778
Pulse experiments,pioreactor01,2026-08-16T19:49:30.559Z,0.713685283219,2026-08-17 01:34:30.559,1161.464166666667
Pulse experiments,pioreactor01,2026-08-16T19:49:35.557Z,0.713697494369,2026-08-17 01:34:35.557,1161.465555555556
Pulse experiments,pioreactor01,2026-08-16T19:49:40.563Z,0.713733333565,2026-08-17 01:34:40.563,1161.466944444444
Pulse experiments,pioreactor01,2026-08-16T19:49:45.558Z,0.713800437687,2026-08-17 01:34:45.558,1161.468333333333
Pulse experiments,pioreactor01,2026-08-16T19:49:50.559Z,0.713827811795,2026-08-17 01:34:50.559,1161.469722222222
Pulse experiments,pioreactor01,2026-08-16T19:49:55.559Z,0.713845905597,2026-08-17 01:34:55.559,1161.471111111111
Pulse experiments,pioreactor01,2026-08-16T19:50:00.561Z,0.713906217026,2026-08-17 01:35:00.561,1161.4725
Pulse experiments,pioreactor01,2026-08-16T19:50:05.563Z,0.713943581569,2026-08-17 01:35:05.563,1161.473888888889
Pulse experiments,pioreactor01,2026-08-16T19:50:10.556Z,0.713873003462,2026-08-17 01:35:10.556,1161.475277777778
Pulse experiments,pioreactor01,2026-08-16T19:50:15.561Z,0.713763708953,2026-08-17 01:35:15.561,1161.476666666667
Pulse experiments,pioreactor01,2026-08-16T19:50:20.561Z,0.713727114823,2026-08-17 01:35:20.561,1161.478055555556
Pulse experiments,pioreactor01,2026-08-16T19:50:30.557Z,0.713663709787,2026-08-17 01:35:30.557,1161.480833333333
Pulse experiments,pioreactor01,2026-08-16T19:50:35.559Z,0.713579811029,2026-08-17 01:35:35.559,1161.482222222222
Pulse experiments,pioreactor01,2026-08-16T19:50:40.577Z,0.713570052748,2026-08-17 01:35:40.577,1161.483611111111
Pulse experiments,pioreactor01,2026-08-16T19:50:45.560Z,0.713510284843,2026-08-17 01:35:45.560,1161.485
Pulse experiments,pioreactor01,2026-08-16T19:50:50.557Z,0.713418754461,2026-08-17 01:35:50.557,1161.486388888889
Pulse experiments,pioreactor01,2026-08-16T19:50:55.558Z,0.71333566574,2026-08-17 01:35:55.558,1161.487777777778
Pulse experiments,pioreactor01,2026-08-16T19:51:00.557Z,0.713253084707,2026-08-17 01:36:00.557,1161.489166666667
Pulse experiments,pioreactor01,2026-08-16T19:51:05.562Z,0.713245972051,2026-08-17 01:36:05.562,1161.490555555556
Pulse experiments,pioreactor01,2026-08-16T19:51:10.558Z,0.713199826509,2026-08-17 01:36:10.558,1161.491944444444
Pulse experiments,pioreactor01,2026-08-16T19:51:20.558Z,0.713144254944,2026-08-17 01:36:20.558,1161.494722222222
Pulse experiments,pioreactor01,2026-08-16T19:51:30.558Z,0.713110486845,2026-08-17 01:36:30.558,1161.4975
Pulse experiments,pioreactor01,2026-08-16T19:51:35.566Z,0.713043992764,2026-08-17 01:36:35.566,1161.498888888889
Pulse experiments,pioreactor01,2026-08-16T19:51:40.567Z,0.71306411049,2026-08-17 01:36:40.567,1161.500277777778
Pulse experiments,pioreactor01,2026-08-16T19:51:45.568Z,0.713096882172,2026-08-17 01:36:45.568,1161.501666666667
Pulse experiments,pioreactor01,2026-08-16T19:51:50.569Z,0.713088254885,2026-08-17 01:36:50.569,1161.503055555556
Pulse experiments,pioreactor01,2026-08-16T19:51:55.570Z,0.713051072629,2026-08-17 01:36:55.570,1161.504444444445
Pulse experiments,pioreactor01,2026-08-16T19:52:00.561Z,0.713016441915,2026-08-17 01:37:00.561,1161.505833333333
Pulse experiments,pioreactor01,2026-08-16T19:52:05.565Z,0.712996131964,2026-08-17 01:37:05.565,1161.507222222222
Pulse experiments,pioreactor01,2026-08-16T19:52:10.565Z,0.713017295898,2026-08-17 01:37:10.565,1161.508611111111
Pulse experiments,pioreactor01,2026-08-16T19:52:15.562Z,0.713059851078,2026-08-17 01:37:15.562,1161.51
Pulse experiments,pioreactor01,2026-08-16T19:52:20.568Z,0.713054994938,2026-08-17 01:37:20.568,1161.511388888889
Pulse experiments,pioreactor01,2026-08-16T19:52:25.562Z,0.713070590507,2026-08-17 01:37:25.562,1161.512777777778
Pulse experiments,pioreactor01,2026-08-16T19:52:30.576Z,0.713044442758,2026-08-17 01:37:30.576,1161.514166666667
Pulse experiments,pioreactor01,2026-08-16T19:52:35.564Z,0.713011963517,2026-08-17 01:37:35.564,1161.515555555555
Pulse experiments,pioreactor01,2026-08-16T19:52:40.565Z,0.713012312197,2026-08-17 01:37:40.565,1161.516944444444
Pulse experiments,pioreactor01,2026-08-16T19:52:45.567Z,0.71303748603,2026-08-17 01:37:45.567,1161.518333333333
Pulse experiments,pioreactor01,2026-08-16T19:52:50.565Z,0.713026443144,2026-08-17 01:37:50.565,1161.519722222222
Pulse experiments,pioreactor01,2026-08-16T19:52:55.568Z,0.713036515361,2026-08-17 01:37:55.568,1161.521111111111
Pulse experiments,pioreactor01,2026-08-16T19:53:00.563Z,0.713072515965,2026-08-17 01:38:00.563,1161.5225
Pulse experiments,pioreactor01,2026-08-16T19:53:05.562Z,0.713072598021,2026-08-17 01:38:05.562,1161.523888888889
Pulse experiments,pioreactor01,2026-08-16T19:53:10.603Z,0.713083438263,2026-08-17 01:38:10.603,1161.525277777778
Pulse experiments,pioreactor01,2026-08-16T19:53:15.563Z,0.713059874154,2026-08-17 01:38:15.563,1161.526666666667
Pulse experiments,pioreactor01,2026-08-16T19:53:20.563Z,0.713033382495,2026-08-17 01:38:20.563,1161.528055555556
Pulse experiments,pioreactor01,2026-08-16T19:53:25.563Z,0.713005801513,2026-08-17 01:38:25.563,1161.529444444444
Pulse experiments,pioreactor01,2026-08-16T19:53:35.565Z,0.713029179821,2026-08-17 01:38:35.565,1161.532222222222
Pulse experiments,pioreactor01,2026-08-16T19:53:40.562Z,0.71301621791,2026-08-17 01:38:40.562,1161.533611111111
Pulse experiments,pioreactor01,2026-08-16T19:53:45.568Z,0.712985456721,2026-08-17 01:38:45.568,1161.535
Pulse experiments,pioreactor01,2026-08-16T19:53:50.564Z,0.712982889658,2026-08-17 01:38:50.564,1161.536388888889
Pulse experiments,pioreactor01,2026-08-16T19:53:55.558Z,0.713006489993,2026-08-17 01:38:55.558,1161.537777777778
Pulse experiments,pioreactor01,2026-08-16T19:54:00.587Z,0.712982390664,2026-08-17 01:39:00.587,1161.539166666667
Pulse experiments,pioreactor01,2026-08-16T19:54:05.588Z,0.712967691329,2026-08-17 01:39:05.588,1161.540555555556
Pulse experiments,pioreactor01,2026-08-16T19:54:10.563Z,0.712965875814,2026-08-17 01:39:10.563,1161.541944444444
Pulse experiments,pioreactor01,2026-08-16T19:54:15.562Z,0.712950889854,2026-08-17 01:39:15.562,1161.543333333333
Pulse experiments,pioreactor01,2026-08-16T19:54:25.558Z,0.712884458945,2026-08-17 01:39:25.558,1161.546111111111
Pulse experiments,pioreactor01,2026-08-16T19:54:30.566Z,0.712809144467,2026-08-17 01:39:30.566,1161.5475
Pulse experiments,pioreactor01,2026-08-16T19:54:35.567Z,0.712755974024,2026-08-17 01:39:35.567,1161.548888888889
Pulse experiments,pioreactor01,2026-08-16T19:54:40.560Z,0.712738296544,2026-08-17 01:39:40.560,1161.550277777778
Pulse experiments,pioreactor01,2026-08-16T19:54:45.562Z,0.712758241042,2026-08-17 01:39:45.562,1161.551666666667
Pulse experiments,pioreactor01,2026-08-16T19:54:50.572Z,0.712763784726,2026-08-17 01:39:50.572,1161.553055555556
Pulse experiments,pioreactor01,2026-08-16T19:54:55.595Z,0.712732403082,2026-08-17 01:39:55.595,1161.554444444444
Pulse experiments,pioreactor01,2026-08-16T19:55:00.569Z,0.71268054715,2026-08-17 01:40:00.569,1161.555833333333
Pulse experiments,pioreactor01,2026-08-16T19:55:05.569Z,0.712651970584,2026-08-17 01:40:05.569,1161.557222222222
Pulse experiments,pioreactor01,2026-08-16T19:55:10.560Z,0.712627709098,2026-08-17 01:40:10.560,1161.558611111111
Pulse experiments,pioreactor01,2026-08-16T19:55:15.561Z,0.712618275484,2026-08-17 01:40:15.561,1161.56
Pulse experiments,pioreactor01,2026-08-16T19:55:20.562Z,0.712623272139,2026-08-17 01:40:20.562,1161.561388888889
Pulse experiments,pioreactor01,2026-08-16T19:55:25.559Z,0.712621426277,2026-08-17 01:40:25.559,1161.562777777778
Pulse experiments,pioreactor01,2026-08-16T19:55:30.561Z,0.712579997167,2026-08-17 01:40:30.561,1161.564166666667
Pulse experiments,pioreactor01,2026-08-16T19:55:35.559Z,0.712557302424,2026-08-17 01:40:35.559,1161.565555555556
Pulse experiments,pioreactor01,2026-08-16T19:55:40.564Z,0.712556761528,2026-08-17 01:40:40.564,1161.566944444445
Pulse experiments,pioreactor01,2026-08-16T19:55:45.549Z,0.712548224779,2026-08-17 01:40:45.549,1161.568333333333
Pulse experiments,pioreactor01,2026-08-16T19:55:50.551Z,0.712549144842,2026-08-17 01:40:50.551,1161.569722222222
Pulse experiments,pioreactor01,2026-08-16T19:55:55.550Z,0.712538036916,2026-08-17 01:40:55.550,1161.571111111111
Pulse experiments,pioreactor01,2026-08-16T19:56:00.550Z,0.712512317441,2026-08-17 01:41:00.550,1161.5725
Pulse experiments,pioreactor01,2026-08-16T19:56:05.551Z,0.712472775465,2026-08-17 01:41:05.551,1161.573888888889
Pulse experiments,pioreactor01,2026-08-16T19:56:10.552Z,0.712478176927,2026-08-17 01:41:10.552,1161.575277777778
Pulse experiments,pioreactor01,2026-08-16T19:56:15.549Z,0.712460190716,2026-08-17 01:41:15.549,1161.576666666667
Pulse experiments,pioreactor01,2026-08-16T19:56:20.552Z,0.712431880894,2026-08-17 01:41:20.552,1161.578055555555
Pulse experiments,pioreactor01,2026-08-16T19:56:25.550Z,0.712420222002,2026-08-17 01:41:25.550,1161.579444444444
Pulse experiments,pioreactor01,2026-08-16T19:56:30.551Z,0.712367694421,2026-08-17 01:41:30.551,1161.580833333333
Pulse experiments,pioreactor01,2026-08-16T19:56:35.551Z,0.712298698795,2026-08-17 01:41:35.551,1161.582222222222
Pulse experiments,pioreactor01,2026-08-16T19:56:40.550Z,0.712240020264,2026-08-17 01:41:40.550,1161.583611111111
Pulse experiments,pioreactor01,2026-08-16T19:56:45.550Z,0.712229192758,2026-08-17 01:41:45.550,1161.585
Pulse experiments,pioreactor01,2026-08-16T19:56:55.550Z,0.712226417561,2026-08-17 01:41:55.550,1161.587777777778
Pulse experiments,pioreactor01,2026-08-16T19:57:00.552Z,0.712180859412,2026-08-17 01:42:00.552,1161.589166666667
Pulse experiments,pioreactor01,2026-08-16T19:57:05.550Z,0.712096426805,2026-08-17 01:42:05.550,1161.590555555556
Pulse experiments,pioreactor01,2026-08-16T19:57:10.550Z,0.712048406756,2026-08-17 01:42:10.550,1161.591944444444
Pulse experiments,pioreactor01,2026-08-16T19:57:15.551Z,0.711979781847,2026-08-17 01:42:15.551,1161.593333333333
Pulse experiments,pioreactor01,2026-08-16T19:57:20.550Z,0.711885572755,2026-08-17 01:42:20.550,1161.594722222222
Pulse experiments,pioreactor01,2026-08-16T19:57:25.551Z,0.711792402946,2026-08-17 01:42:25.551,1161.596111111111
Pulse experiments,pioreactor01,2026-08-16T19:57:35.552Z,0.711745141698,2026-08-17 01:42:35.552,1161.598888888889
Pulse experiments,pioreactor01,2026-08-16T19:57:40.550Z,0.711654286891,2026-08-17 01:42:40.550,1161.600277777778
Pulse experiments,pioreactor01,2026-08-16T19:57:45.552Z,0.711571798717,2026-08-17 01:42:45.552,1161.601666666667
Pulse experiments,pioreactor01,2026-08-16T19:57:50.552Z,0.711504811301,2026-08-17 01:42:50.552,1161.603055555556
Pulse experiments,pioreactor01,2026-08-16T19:57:55.551Z,0.711411259899,2026-08-17 01:42:55.551,1161.604444444444
Pulse experiments,pioreactor01,2026-08-16T19:58:00.549Z,0.711300331617,2026-08-17 01:43:00.549,1161.605833333333
Pulse experiments,pioreactor01,2026-08-16T19:58:05.550Z,0.711212456772,2026-08-17 01:43:05.550,1161.607222222222
Pulse experiments,pioreactor01,2026-08-16T19:58:10.551Z,0.711159827899,2026-08-17 01:43:10.551,1161.608611111111
Pulse experiments,pioreactor01,2026-08-16T19:58:15.551Z,0.711081476983,2026-08-17 01:43:15.551,1161.61
Pulse experiments,pioreactor01,2026-08-16T19:58:20.549Z,0.710988488221,2026-08-17 01:43:20.549,1161.611388888889
Pulse experiments,pioreactor01,2026-08-16T19:58:25.550Z,0.710884576547,2026-08-17 01:43:25.550,1161.612777777778
Pulse experiments,pioreactor01,2026-08-16T19:58:30.550Z,0.710793028743,2026-08-17 01:43:30.550,1161.614166666667
Pulse experiments,pioreactor01,2026-08-16T19:58:35.550Z,0.710693200993,2026-08-17 01:43:35.550,1161.615555555556
Pulse experiments,pioreactor01,2026-08-16T19:58:40.551Z,0.710606762075,2026-08-17 01:43:40.551,1161.616944444444
Pulse experiments,pioreactor01,2026-08-16T19:58:45.551Z,0.710533832004,2026-08-17 01:43:45.551,1161.618333333333
Pulse experiments,pioreactor01,2026-08-16T19:58:50.550Z,0.710464203584,2026-08-17 01:43:50.550,1161.619722222222
Pulse experiments,pioreactor01,2026-08-16T19:58:55.549Z,0.710392501845,2026-08-17 01:43:55.549,1161.621111111111
Pulse experiments,pioreactor01,2026-08-16T19:59:00.550Z,0.710281369881,2026-08-17 01:44:00.550,1161.6225
Pulse experiments,pioreactor01,2026-08-16T19:59:05.550Z,0.710187717793,2026-08-17 01:44:05.550,1161.623888888889
Pulse experiments,pioreactor01,2026-08-16T19:59:10.556Z,0.710059080028,2026-08-17 01:44:10.556,1161.625277777778
Pulse experiments,pioreactor01,2026-08-16T19:59:15.549Z,0.709939584933,2026-08-17 01:44:15.549,1161.626666666667
Pulse experiments,pioreactor01,2026-08-16T19:59:20.551Z,0.709837413313,2026-08-17 01:44:20.551,1161.628055555556
Pulse experiments,pioreactor01,2026-08-16T19:59:25.551Z,0.709751095573,2026-08-17 01:44:25.551,1161.629444444445
Pulse experiments,pioreactor01,2026-08-16T19:59:30.549Z,0.709687933963,2026-08-17 01:44:30.549,1161.630833333333
Pulse experiments,pioreactor01,2026-08-16T19:59:35.551Z,0.709574825835,2026-08-17 01:44:35.551,1161.632222222222
Pulse experiments,pioreactor01,2026-08-16T19:59:40.549Z,0.709518102963,2026-08-17 01:44:40.549,1161.633611111111
Pulse experiments,pioreactor01,2026-08-16T19:59:45.553Z,0.709426368694,2026-08-17 01:44:45.553,1161.635
Pulse experiments,pioreactor01,2026-08-16T19:59:50.552Z,0.709341151025,2026-08-17 01:44:50.552,1161.636388888889
Pulse experiments,pioreactor01,2026-08-16T19:59:55.550Z,0.709264298309,2026-08-17 01:44:55.550,1161.637777777778
Pulse experiments,pioreactor01,2026-08-16T20:00:00.551Z,0.70919271684,2026-08-17 01:45:00.551,1161.639166666667
Pulse experiments,pioreactor01,2026-08-16T20:00:05.551Z,0.709133050052,2026-08-17 01:45:05.551,1161.640555555555
Pulse experiments,pioreactor01,2026-08-16T20:00:10.553Z,0.709067394799,2026-08-17 01:45:10.553,1161.641944444444
Pulse experiments,pioreactor01,2026-08-16T20:00:15.552Z,0.708975115626,2026-08-17 01:45:15.552,1161.643333333333
Pulse experiments,pioreactor01,2026-08-16T20:00:20.552Z,0.708910085013,2026-08-17 01:45:20.552,1161.644722222222
Pulse experiments,pioreactor01,2026-08-16T20:00:25.550Z,0.70881418773,2026-08-17 01:45:25.550,1161.646111111111
Pulse experiments,pioreactor01,2026-08-16T20:00:30.550Z,0.708686633811,2026-08-17 01:45:30.550,1161.6475
Pulse experiments,pioreactor01,2026-08-16T20:00:35.552Z,0.708555201415,2026-08-17 01:45:35.552,1161.648888888889
Pulse experiments,pioreactor01,2026-08-16T20:00:40.554Z,0.708431978098,2026-08-17 01:45:40.554,1161.650277777778
Pulse experiments,pioreactor01,2026-08-16T20:00:50.551Z,0.708302144055,2026-08-17 01:45:50.551,1161.653055555556
Pulse experiments,pioreactor01,2026-08-16T20:01:00.550Z,0.708211570961,2026-08-17 01:46:00.550,1161.655833333333
Pulse experiments,pioreactor01,2026-08-16T20:01:05.550Z,0.708095529557,2026-08-17 01:46:05.550,1161.657222222222
Pulse experiments,pioreactor01,2026-08-16T20:01:10.550Z,0.707983963036,2026-08-17 01:46:10.550,1161.658611111111
Pulse experiments,pioreactor01,2026-08-16T20:01:15.553Z,0.707855478458,2026-08-17 01:46:15.553,1161.66
Pulse experiments,pioreactor01,2026-08-16T20:01:25.551Z,0.707714098365,2026-08-17 01:46:25.551,1161.662777777778
Pulse experiments,pioreactor01,2026-08-16T20:01:30.550Z,0.707594739511,2026-08-17 01:46:30.550,1161.664166666667
Pulse experiments,pioreactor01,2026-08-16T20:01:35.551Z,0.707515861661,2026-08-17 01:46:35.551,1161.665555555556
Pulse experiments,pioreactor01,2026-08-16T20:01:40.550Z,0.707424546958,2026-08-17 01:46:40.550,1161.666944444444
Pulse experiments,pioreactor01,2026-08-16T20:01:45.553Z,0.707346129035,2026-08-17 01:46:45.553,1161.668333333333
Pulse experiments,pioreactor01,2026-08-16T20:01:50.553Z,0.707250540974,2026-08-17 01:46:50.553,1161.669722222222
Pulse experiments,pioreactor01,2026-08-16T20:01:55.551Z,0.707165088881,2026-08-17 01:46:55.551,1161.671111111111
Pulse experiments,pioreactor01,2026-08-16T20:02:00.551Z,0.707109550248,2026-08-17 01:47:00.551,1161.6725
Pulse experiments,pioreactor01,2026-08-16T20:02:05.553Z,0.707029458374,2026-08-17 01:47:05.553,1161.673888888889
Pulse experiments,pioreactor01,2026-08-16T20:02:10.551Z,0.706948459018,2026-08-17 01:47:10.551,1161.675277777778
Pulse experiments,pioreactor01,2026-08-16T20:02:15.551Z,0.706884623708,2026-08-17 01:47:15.551,1161.676666666667
Pulse experiments,pioreactor01,2026-08-16T20:02:20.551Z,0.706845822614,2026-08-17 01:47:20.551,1161.678055555556
Pulse experiments,pioreactor01,2026-08-16T20:02:25.550Z,0.70682408767,2026-08-17 01:47:25.550,1161.679444444444
Pulse experiments,pioreactor01,2026-08-16T20:02:30.553Z,0.70677892092,2026-08-17 01:47:30.553,1161.680833333333
Pulse experiments,pioreactor01,2026-08-16T20:02:35.551Z,0.706721317375,2026-08-17 01:47:35.551,1161.682222222222
Pulse experiments,pioreactor01,2026-08-16T20:02:40.551Z,0.706662975617,2026-08-17 01:47:40.551,1161.683611111111
Pulse experiments,pioreactor01,2026-08-16T20:02:45.550Z,0.706610442756,2026-08-17 01:47:45.550,1161.685
Pulse experiments,pioreactor01,2026-08-16T20:02:50.553Z,0.706582733648,2026-08-17 01:47:50.553,1161.686388888889
Pulse experiments,pioreactor01,2026-08-16T20:02:55.550Z,0.70654114707,2026-08-17 01:47:55.550,1161.687777777778
Pulse experiments,pioreactor01,2026-08-16T20:03:00.550Z,0.70648725621,2026-08-17 01:48:00.550,1161.689166666667
Pulse experiments,pioreactor01,2026-08-16T20:03:05.552Z,0.706430664986,2026-08-17 01:48:05.552,1161.690555555556
Pulse experiments,pioreactor01,2026-08-16T20:03:10.550Z,0.706402642675,2026-08-17 01:48:10.550,1161.691944444445
Pulse experiments,pioreactor01,2026-08-16T20:03:15.549Z,0.706394189005,2026-08-17 01:48:15.549,1161.693333333333
Pulse experiments,pioreactor01,2026-08-16T20:03:20.551Z,0.706365509641,2026-08-17 01:48:20.551,1161.694722222222
Pulse experiments,pioreactor01,2026-08-16T20:03:25.553Z,0.706298078454,2026-08-17 01:48:25.553,1161.696111111111
Pulse experiments,pioreactor01,2026-08-16T20:03:30.551Z,0.706259361182,2026-08-17 01:48:30.551,1161.6975
Pulse experiments,pioreactor01,2026-08-16T20:03:35.549Z,0.706243277461,2026-08-17 01:48:35.549,1161.698888888889
Pulse experiments,pioreactor01,2026-08-16T20:03:40.550Z,0.706204627888,2026-08-17 01:48:40.550,1161.700277777778
Pulse experiments,pioreactor01,2026-08-16T20:03:45.550Z,0.706158449214,2026-08-17 01:48:45.550,1161.701666666667
Pulse experiments,pioreactor01,2026-08-16T20:03:50.553Z,0.706115429603,2026-08-17 01:48:50.553,1161.703055555555
Pulse experiments,pioreactor01,2026-08-16T20:03:55.552Z,0.706080644385,2026-08-17 01:48:55.552,1161.704444444444
Pulse experiments,pioreactor01,2026-08-16T20:04:00.550Z,0.706039004516,2026-08-17 01:49:00.550,1161.705833333333
Pulse experiments,pioreactor01,2026-08-16T20:04:05.550Z,0.706018626216,2026-08-17 01:49:05.550,1161.707222222222
Pulse experiments,pioreactor01,2026-08-16T20:04:10.552Z,0.705968733038,2026-08-17 01:49:10.552,1161.708611111111
Pulse experiments,pioreactor01,2026-08-16T20:04:15.550Z,0.705946126594,2026-08-17 01:49:15.550,1161.71
Pulse experiments,pioreactor01,2026-08-16T20:04:20.552Z,0.705876468119,2026-08-17 01:49:20.552,1161.711388888889
Pulse experiments,pioreactor01,2026-08-16T20:04:25.553Z,0.705812302787,2026-08-17 01:49:25.553,1161.712777777778
Pulse experiments,pioreactor01,2026-08-16T20:04:30.550Z,0.705752589556,2026-08-17 01:49:30.550,1161.714166666667
Pulse experiments,pioreactor01,2026-08-16T20:04:35.550Z,0.705669813888,2026-08-17 01:49:35.550,1161.715555555556
Pulse experiments,pioreactor01,2026-08-16T20:04:40.550Z,0.705610648871,2026-08-17 01:49:40.550,1161.716944444444
Pulse experiments,pioreactor01,2026-08-16T20:04:45.549Z,0.705574860536,2026-08-17 01:49:45.549,1161.718333333333
Pulse experiments,pioreactor01,2026-08-16T20:04:50.550Z,0.705541189835,2026-08-17 01:49:50.550,1161.719722222222
Pulse experiments,pioreactor01,2026-08-16T20:04:55.551Z,0.705486268875,2026-08-17 01:49:55.551,1161.721111111111
Pulse experiments,pioreactor01,2026-08-16T20:05:00.550Z,0.705406766713,2026-08-17 01:50:00.550,1161.7225
Pulse experiments,pioreactor01,2026-08-16T20:05:05.550Z,0.705334005151,2026-08-17 01:50:05.550,1161.723888888889
Pulse experiments,pioreactor01,2026-08-16T20:05:10.549Z,0.705306447613,2026-08-17 01:50:10.549,1161.725277777778
Pulse experiments,pioreactor01,2026-08-16T20:05:15.551Z,0.70526730894,2026-08-17 01:50:15.551,1161.726666666667
Pulse experiments,pioreactor01,2026-08-16T20:05:20.549Z,0.705224565883,2026-08-17 01:50:20.549,1161.728055555556
Pulse experiments,pioreactor01,2026-08-16T20:05:25.549Z,0.705197111952,2026-08-17 01:50:25.549,1161.729444444444
Pulse experiments,pioreactor01,2026-08-16T20:05:30.550Z,0.705132320391,2026-08-17 01:50:30.550,1161.730833333333
Pulse experiments,pioreactor01,2026-08-16T20:05:35.550Z,0.705074685151,2026-08-17 01:50:35.550,1161.732222222222
Pulse experiments,pioreactor01,2026-08-16T20:05:40.551Z,0.704982994631,2026-08-17 01:50:40.551,1161.733611111111
Pulse experiments,pioreactor01,2026-08-16T20:05:45.552Z,0.704931169759,2026-08-17 01:50:45.552,1161.735
Pulse experiments,pioreactor01,2026-08-16T20:05:50.554Z,0.704886974178,2026-08-17 01:50:50.554,1161.736388888889
Pulse experiments,pioreactor01,2026-08-16T20:05:55.550Z,0.70486030127,2026-08-17 01:50:55.550,1161.737777777778
Pulse experiments,pioreactor01,2026-08-16T20:06:00.550Z,0.704824267259,2026-08-17 01:51:00.550,1161.739166666667
Pulse experiments,pioreactor01,2026-08-16T20:06:05.551Z,0.704771187765,2026-08-17 01:51:05.551,1161.740555555556
Pulse experiments,pioreactor01,2026-08-16T20:06:10.552Z,0.704737042153,2026-08-17 01:51:10.552,1161.741944444444
Pulse experiments,pioreactor01,2026-08-16T20:06:15.549Z,0.704702456949,2026-08-17 01:51:15.549,1161.743333333333
Pulse experiments,pioreactor01,2026-08-16T20:06:20.551Z,0.704675798485,2026-08-17 01:51:20.551,1161.744722222222
Pulse experiments,pioreactor01,2026-08-16T20:06:25.552Z,0.704680018046,2026-08-17 01:51:25.552,1161.746111111111
Pulse experiments,pioreactor01,2026-08-16T20:06:30.553Z,0.704658790295,2026-08-17 01:51:30.553,1161.7475
Pulse experiments,pioreactor01,2026-08-16T20:06:35.550Z,0.704632938414,2026-08-17 01:51:35.550,1161.748888888889
Pulse experiments,pioreactor01,2026-08-16T20:06:40.550Z,0.704586511207,2026-08-17 01:51:40.550,1161.750277777778
Pulse experiments,pioreactor01,2026-08-16T20:06:45.551Z,0.704556854469,2026-08-17 01:51:45.551,1161.751666666667
Pulse experiments,pioreactor01,2026-08-16T20:06:50.552Z,0.704502861248,2026-08-17 01:51:50.552,1161.753055555556
Pulse experiments,pioreactor01,2026-08-16T20:06:55.551Z,0.704487584833,2026-08-17 01:51:55.551,1161.754444444445
Pulse experiments,pioreactor01,2026-08-16T20:07:00.551Z,0.704398189019,2026-08-17 01:52:00.551,1161.755833333333
Pulse experiments,pioreactor01,2026-08-16T20:07:05.550Z,0.704365702974,2026-08-17 01:52:05.550,1161.757222222222
Pulse experiments,pioreactor01,2026-08-16T20:07:15.550Z,0.704278503169,2026-08-17 01:52:15.550,1161.76
Pulse experiments,pioreactor01,2026-08-16T20:07:20.551Z,0.704234581781,2026-08-17 01:52:20.551,1161.761388888889
Pulse experiments,pioreactor01,2026-08-16T20:07:25.551Z,0.704193884031,2026-08-17 01:52:25.551,1161.762777777778
Pulse experiments,pioreactor01,2026-08-16T20:07:30.551Z,0.704113787619,2026-08-17 01:52:30.551,1161.764166666667
Pulse experiments,pioreactor01,2026-08-16T20:07:35.550Z,0.70405393742,2026-08-17 01:52:35.550,1161.765555555555
Pulse experiments,pioreactor01,2026-08-16T20:07:40.552Z,0.703998450214,2026-08-17 01:52:40.552,1161.766944444444
Pulse experiments,pioreactor01,2026-08-16T20:07:45.550Z,0.703953287706,2026-08-17 01:52:45.550,1161.768333333333
Pulse experiments,pioreactor01,2026-08-16T20:07:50.550Z,0.70390062287,2026-08-17 01:52:50.550,1161.769722222222
Pulse experiments,pioreactor01,2026-08-16T20:07:55.550Z,0.703864283327,2026-08-17 01:52:55.550,1161.771111111111
Pulse experiments,pioreactor01,2026-08-16T20:08:05.550Z,0.703775393376,2026-08-17 01:53:05.550,1161.773888888889
Pulse experiments,pioreactor01,2026-08-16T20:08:10.549Z,0.70371872902,2026-08-17 01:53:10.549,1161.775277777778
Pulse experiments,pioreactor01,2026-08-16T20:08:15.551Z,0.703684616137,2026-08-17 01:53:15.551,1161.776666666667
Pulse experiments,pioreactor01,2026-08-16T20:08:20.551Z,0.703616667989,2026-08-17 01:53:20.551,1161.778055555556
Pulse experiments,pioreactor01,2026-08-16T20:08:25.550Z,0.703538711955,2026-08-17 01:53:25.550,1161.779444444444
Pulse experiments,pioreactor01,2026-08-16T20:08:30.550Z,0.703459195217,2026-08-17 01:53:30.550,1161.780833333333
Pulse experiments,pioreactor01,2026-08-16T20:08:35.554Z,0.703392294458,2026-08-17 01:53:35.554,1161.782222222222
Pulse experiments,pioreactor01,2026-08-16T20:08:40.552Z,0.703340500719,2026-08-17 01:53:40.552,1161.783611111111
Pulse experiments,pioreactor01,2026-08-16T20:08:45.550Z,0.70326196194,2026-08-17 01:53:45.550,1161.785
Pulse experiments,pioreactor01,2026-08-16T20:08:50.552Z,0.70320633158,2026-08-17 01:53:50.552,1161.786388888889
Pulse experiments,pioreactor01,2026-08-16T20:08:55.550Z,0.703173715492,2026-08-17 01:53:55.550,1161.787777777778
Pulse experiments,pioreactor01,2026-08-16T20:09:00.552Z,0.703162302421,2026-08-17 01:54:00.552,1161.789166666667
Pulse experiments,pioreactor01,2026-08-16T20:09:05.550Z,0.703117756798,2026-08-17 01:54:05.550,1161.790555555556
Pulse experiments,pioreactor01,2026-08-16T20:09:10.553Z,0.703060226445,2026-08-17 01:54:10.553,1161.791944444444
Pulse experiments,pioreactor01,2026-08-16T20:09:15.550Z,0.703009650415,2026-08-17 01:54:15.550,1161.793333333333
Pulse experiments,pioreactor01,2026-08-16T20:09:25.556Z,0.702951709917,2026-08-17 01:54:25.556,1161.796111111111
Pulse experiments,pioreactor01,2026-08-16T20:09:30.551Z,0.702933379446,2026-08-17 01:54:30.551,1161.7975
Pulse experiments,pioreactor01,2026-08-16T20:09:35.553Z,0.702880336489,2026-08-17 01:54:35.553,1161.798888888889
Pulse experiments,pioreactor01,2026-08-16T20:09:40.549Z,0.702844796143,2026-08-17 01:54:40.549,1161.800277777778
Pulse experiments,pioreactor01,2026-08-16T20:09:45.550Z,0.70281398046,2026-08-17 01:54:45.550,1161.801666666667
Pulse experiments,pioreactor01,2026-08-16T20:09:50.551Z,0.702764549209,2026-08-17 01:54:50.551,1161.803055555556
Pulse experiments,pioreactor01,2026-08-16T20:09:55.551Z,0.70271805377,2026-08-17 01:54:55.551,1161.804444444444
Pulse experiments,pioreactor01,2026-08-16T20:10:00.550Z,0.702667488969,2026-08-17 01:55:00.550,1161.805833333333
Pulse experiments,pioreactor01,2026-08-16T20:10:05.554Z,0.70259939266,2026-08-17 01:55:05.554,1161.807222222222
Pulse experiments,pioreactor01,2026-08-16T20:10:10.549Z,0.702539767613,2026-08-17 01:55:10.549,1161.808611111111
Pulse experiments,pioreactor01,2026-08-16T20:10:15.551Z,0.702472899554,2026-08-17 01:55:15.551,1161.81
Pulse experiments,pioreactor01,2026-08-16T20:10:20.552Z,0.702428333524,2026-08-17 01:55:20.552,1161.811388888889
Pulse experiments,pioreactor01,2026-08-16T20:10:25.549Z,0.702393291726,2026-08-17 01:55:25.549,1161.812777777778
Pulse experiments,pioreactor01,2026-08-16T20:10:30.552Z,0.702350986566,2026-08-17 01:55:30.552,1161.814166666667
Pulse experiments,pioreactor01,2026-08-16T20:10:35.550Z,0.702333956024,2026-08-17 01:55:35.550,1161.815555555556
Pulse experiments,pioreactor01,2026-08-16T20:10:40.552Z,0.702288819924,2026-08-17 01:55:40.552,1161.816944444445
Pulse experiments,pioreactor01,2026-08-16T20:10:45.550Z,0.702264734306,2026-08-17 01:55:45.550,1161.818333333333
Pulse experiments,pioreactor01,2026-08-16T20:10:50.552Z,0.702240369038,2026-08-17 01:55:50.552,1161.819722222222
Pulse experiments,pioreactor01,2026-08-16T20:10:55.552Z,0.702187981964,2026-08-17 01:55:55.552,1161.821111111111
Pulse experiments,pioreactor01,2026-08-16T20:11:00.550Z,0.702153388593,2026-08-17 01:56:00.550,1161.8225
Pulse experiments,pioreactor01,2026-08-16T20:11:05.549Z,0.702097163645,2026-08-17 01:56:05.549,1161.823888888889
Pulse experiments,pioreactor01,2026-08-16T20:11:10.550Z,0.702060174208,2026-08-17 01:56:10.550,1161.825277777778
Pulse experiments,pioreactor01,2026-08-16T20:11:15.550Z,0.702029245065,2026-08-17 01:56:15.550,1161.826666666667
Pulse experiments,pioreactor01,2026-08-16T20:11:20.551Z,0.701989624775,2026-08-17 01:56:20.551,1161.828055555555
Pulse experiments,pioreactor01,2026-08-16T20:11:25.551Z,0.701933525711,2026-08-17 01:56:25.551,1161.829444444444
Pulse experiments,pioreactor01,2026-08-16T20:11:35.550Z,0.701842911399,2026-08-17 01:56:35.550,1161.832222222222
Pulse experiments,pioreactor01,2026-08-16T20:11:40.549Z,0.701809124672,2026-08-17 01:56:40.549,1161.833611111111
Pulse experiments,pioreactor01,2026-08-16T20:11:45.550Z,0.7017640689,2026-08-17 01:56:45.550,1161.835
Pulse experiments,pioreactor01,2026-08-16T20:11:50.550Z,0.701706488403,2026-08-17 01:56:50.550,1161.836388888889
Pulse experiments,pioreactor01,2026-08-16T20:11:55.551Z,0.701685856362,2026-08-17 01:56:55.551,1161.837777777778
Pulse experiments,pioreactor01,2026-08-16T20:12:05.551Z,0.701652889918,2026-08-17 01:57:05.551,1161.840555555556
Pulse experiments,pioreactor01,2026-08-16T20:12:10.550Z,0.701654467618,2026-08-17 01:57:10.550,1161.841944444444
Pulse experiments,pioreactor01,2026-08-16T20:12:15.551Z,0.701651098346,2026-08-17 01:57:15.551,1161.843333333333
Pulse experiments,pioreactor01,2026-08-16T20:12:20.551Z,0.70162653395,2026-08-17 01:57:20.551,1161.844722222222
Pulse experiments,pioreactor01,2026-08-16T20:12:25.552Z,0.701571408324,2026-08-17 01:57:25.552,1161.846111111111
Pulse experiments,pioreactor01,2026-08-16T20:12:30.551Z,0.70150945695,2026-08-17 01:57:30.551,1161.8475
Pulse experiments,pioreactor01,2026-08-16T20:12:35.549Z,0.701487303609,2026-08-17 01:57:35.549,1161.848888888889
Pulse experiments,pioreactor01,2026-08-16T20:12:40.550Z,0.701486373633,2026-08-17 01:57:40.550,1161.850277777778
Pulse experiments,pioreactor01,2026-08-16T20:12:45.550Z,0.701485051535,2026-08-17 01:57:45.550,1161.851666666667
Pulse experiments,pioreactor01,2026-08-16T20:12:50.549Z,0.701497130554,2026-08-17 01:57:50.549,1161.853055555556
Pulse experiments,pioreactor01,2026-08-16T20:12:55.551Z,0.701484372791,2026-08-17 01:57:55.551,1161.854444444444
Pulse experiments,pioreactor01,2026-08-16T20:13:00.550Z,0.701469961263,2026-08-17 01:58:00.550,1161.855833333333
Pulse experiments,pioreactor01,2026-08-16T20:13:05.549Z,0.701442828681,2026-08-17 01:58:05.549,1161.857222222222
Pulse experiments,pioreactor01,2026-08-16T20:13:10.550Z,0.701436703025,2026-08-17 01:58:10.550,1161.858611111111
Pulse experiments,pioreactor01,2026-08-16T20:13:15.552Z,0.701437931912,2026-08-17 01:58:15.552,1161.86
Pulse experiments,pioreactor01,2026-08-16T20:13:20.549Z,0.701445179359,2026-08-17 01:58:20.549,1161.861388888889
Pulse experiments,pioreactor01,2026-08-16T20:13:25.551Z,0.701455022086,2026-08-17 01:58:25.551,1161.862777777778
Pulse experiments,pioreactor01,2026-08-16T20:13:30.550Z,0.701454510807,2026-08-17 01:58:30.550,1161.864166666667
Pulse experiments,pioreactor01,2026-08-16T20:13:35.552Z,0.701418145062,2026-08-17 01:58:35.552,1161.865555555556
Pulse experiments,pioreactor01,2026-08-16T20:13:40.550Z,0.70136761183,2026-08-17 01:58:40.550,1161.866944444444
Pulse experiments,pioreactor01,2026-08-16T20:13:45.550Z,0.701360189169,2026-08-17 01:58:45.550,1161.868333333333
Pulse experiments,pioreactor01,2026-08-16T20:13:50.551Z,0.701347236656,2026-08-17 01:58:50.551,1161.869722222222
Pulse experiments,pioreactor01,2026-08-16T20:13:55.551Z,0.701315299154,2026-08-17 01:58:55.551,1161.871111111111
Pulse experiments,pioreactor01,2026-08-16T20:14:00.550Z,0.701303058012,2026-08-17 01:59:00.550,1161.8725
Pulse experiments,pioreactor01,2026-08-16T20:14:05.551Z,0.701264542479,2026-08-17 01:59:05.551,1161.873888888889
Pulse experiments,pioreactor01,2026-08-16T20:14:10.551Z,0.701250321574,2026-08-17 01:59:10.551,1161.875277777778
Pulse experiments,pioreactor01,2026-08-16T20:14:15.551Z,0.701222251741,2026-08-17 01:59:15.551,1161.876666666667
Pulse experiments,pioreactor01,2026-08-16T20:14:20.549Z,0.701184445372,2026-08-17 01:59:20.549,1161.878055555556
Pulse experiments,pioreactor01,2026-08-16T20:14:25.552Z,0.701154398436,2026-08-17 01:59:25.552,1161.879444444445
Pulse experiments,pioreactor01,2026-08-16T20:14:30.551Z,0.701093866122,2026-08-17 01:59:30.551,1161.880833333333
Pulse experiments,pioreactor01,2026-08-16T20:14:35.551Z,0.701051184669,2026-08-17 01:59:35.551,1161.882222222222
Pulse experiments,pioreactor01,2026-08-16T20:14:40.550Z,0.700996598388,2026-08-17 01:59:40.550,1161.883611111111
Pulse experiments,pioreactor01,2026-08-16T20:14:45.550Z,0.700929478859,2026-08-17 01:59:45.550,1161.885
Pulse experiments,pioreactor01,2026-08-16T20:14:50.550Z,0.700902631177,2026-08-17 01:59:50.550,1161.886388888889
Pulse experiments,pioreactor01,2026-08-16T20:14:55.549Z,0.700882653117,2026-08-17 01:59:55.549,1161.887777777778
Pulse experiments,pioreactor01,2026-08-16T20:15:00.550Z,0.700885060506,2026-08-17 02:00:00.550,1161.889166666667
Pulse experiments,pioreactor01,2026-08-16T20:15:05.552Z,0.700889955846,2026-08-17 02:00:05.552,1161.890555555555
Pulse experiments,pioreactor01,2026-08-16T20:15:10.550Z,0.700903617527,2026-08-17 02:00:10.550,1161.891944444444
Pulse experiments,pioreactor01,2026-08-16T20:15:15.550Z,0.700903110277,2026-08-17 02:00:15.550,1161.893333333333
Pulse experiments,pioreactor01,2026-08-16T20:15:20.551Z,0.700894924488,2026-08-17 02:00:20.551,1161.894722222222
Pulse experiments,pioreactor01,2026-08-16T20:15:25.552Z,0.700898639043,2026-08-17 02:00:25.552,1161.896111111111
Pulse experiments,pioreactor01,2026-08-16T20:15:30.551Z,0.700872336179,2026-08-17 02:00:30.551,1161.8975
Pulse experiments,pioreactor01,2026-08-16T20:15:35.554Z,0.700863325816,2026-08-17 02:00:35.554,1161.898888888889
Pulse experiments,pioreactor01,2026-08-16T20:15:40.550Z,0.700851504811,2026-08-17 02:00:40.550,1161.900277777778
Pulse experiments,pioreactor01,2026-08-16T20:15:45.550Z,0.700866042687,2026-08-17 02:00:45.550,1161.901666666667
Pulse experiments,pioreactor01,2026-08-16T20:15:50.550Z,0.700835988145,2026-08-17 02:00:50.550,1161.903055555556
Pulse experiments,pioreactor01,2026-08-16T20:15:55.549Z,0.700825540662,2026-08-17 02:00:55.549,1161.904444444444
Pulse experiments,pioreactor01,2026-08-16T20:16:00.549Z,0.700821511289,2026-08-17 02:01:00.549,1161.905833333333
Pulse experiments,pioreactor01,2026-08-16T20:16:05.551Z,0.7008185624,2026-08-17 02:01:05.551,1161.907222222222
Pulse experiments,pioreactor01,2026-08-16T20:16:10.551Z,0.700784325848,2026-08-17 02:01:10.551,1161.908611111111
Pulse experiments,pioreactor01,2026-08-16T20:16:15.551Z,0.700755069417,2026-08-17 02:01:15.551,1161.91
Pulse experiments,pioreactor01,2026-08-16T20:16:20.549Z,0.700727528178,2026-08-17 02:01:20.549,1161.911388888889
Pulse experiments,pioreactor01,2026-08-16T20:16:25.549Z,0.700719211301,2026-08-17 02:01:25.549,1161.912777777778
Pulse experiments,pioreactor01,2026-08-16T20:16:30.550Z,0.700694559811,2026-08-17 02:01:30.550,1161.914166666667
Pulse experiments,pioreactor01,2026-08-16T20:16:35.550Z,0.700689758561,2026-08-17 02:01:35.550,1161.915555555556
Pulse experiments,pioreactor01,2026-08-16T20:16:40.549Z,0.700670778232,2026-08-17 02:01:40.549,1161.916944444444
Pulse experiments,pioreactor01,2026-08-16T20:16:45.549Z,0.700667959467,2026-08-17 02:01:45.549,1161.918333333333
Pulse experiments,pioreactor01,2026-08-16T20:16:50.553Z,0.700676716176,2026-08-17 02:01:50.553,1161.919722222222
Pulse experiments,pioreactor01,2026-08-16T20:16:55.550Z,0.700651025454,2026-08-17 02:01:55.550,1161.921111111111
Pulse experiments,pioreactor01,2026-08-16T20:17:00.552Z,0.700655995927,2026-08-17 02:02:00.552,1161.9225
Pulse experiments,pioreactor01,2026-08-16T20:17:05.552Z,0.700653754104,2026-08-17 02:02:05.552,1161.923888888889
Pulse experiments,pioreactor01,2026-08-16T20:17:10.551Z,0.700674480294,2026-08-17 02:02:10.551,1161.925277777778
Pulse experiments,pioreactor01,2026-08-16T20:17:15.550Z,0.700682061515,2026-08-17 02:02:15.550,1161.926666666667
Pulse experiments,pioreactor01,2026-08-16T20:17:20.550Z,0.700700510425,2026-08-17 02:02:20.550,1161.928055555556
Pulse experiments,pioreactor01,2026-08-16T20:17:25.550Z,0.700684081592,2026-08-17 02:02:25.550,1161.929444444444
Pulse experiments,pioreactor01,2026-08-16T20:17:30.549Z,0.700677688951,2026-08-17 02:02:30.549,1161.930833333333
Pulse experiments,pioreactor01,2026-08-16T20:17:40.550Z,0.700637927067,2026-08-17 02:02:40.550,1161.933611111111
Pulse experiments,pioreactor01,2026-08-16T20:17:45.553Z,0.700643215143,2026-08-17 02:02:45.553,1161.935
Pulse experiments,pioreactor01,2026-08-16T20:17:50.552Z,0.700644755311,2026-08-17 02:02:50.552,1161.936388888889
Pulse experiments,pioreactor01,2026-08-16T20:17:55.551Z,0.700649028142,2026-08-17 02:02:55.551,1161.937777777778
Pulse experiments,pioreactor01,2026-08-16T20:18:00.550Z,0.700655194752,2026-08-17 02:03:00.550,1161.939166666667
Pulse experiments,pioreactor01,2026-08-16T20:18:05.551Z,0.700672133975,2026-08-17 02:03:05.551,1161.940555555556
Pulse experiments,pioreactor01,2026-08-16T20:18:10.552Z,0.7006761893,2026-08-17 02:03:10.552,1161.941944444445
Pulse experiments,pioreactor01,2026-08-16T20:18:15.551Z,0.70066972106,2026-08-17 02:03:15.551,1161.943333333333
Pulse experiments,pioreactor01,2026-08-16T20:18:20.552Z,0.700656604975,2026-08-17 02:03:20.552,1161.944722222222
Pulse experiments,pioreactor01,2026-08-16T20:18:25.549Z,0.700630985829,2026-08-17 02:03:25.549,1161.946111111111
Pulse experiments,pioreactor01,2026-08-16T20:18:30.549Z,0.700627298767,2026-08-17 02:03:30.549,1161.9475
Pulse experiments,pioreactor01,2026-08-16T20:18:35.551Z,0.700600391479,2026-08-17 02:03:35.551,1161.948888888889
Pulse experiments,pioreactor01,2026-08-16T20:18:40.550Z,0.700568868626,2026-08-17 02:03:40.550,1161.950277777778
Pulse experiments,pioreactor01,2026-08-16T20:18:45.551Z,0.700545119994,2026-08-17 02:03:45.551,1161.951666666667
Pulse experiments,pioreactor01,2026-08-16T20:18:50.550Z,0.700524165994,2026-08-17 02:03:50.550,1161.953055555555
Pulse experiments,pioreactor01,2026-08-16T20:18:55.550Z,0.700507004792,2026-08-17 02:03:55.550,1161.954444444444
Pulse experiments,pioreactor01,2026-08-16T20:19:00.551Z,0.700494495166,2026-08-17 02:04:00.551,1161.955833333333
Pulse experiments,pioreactor01,2026-08-16T20:19:05.551Z,0.70049290571,2026-08-17 02:04:05.551,1161.957222222222
Pulse experiments,pioreactor01,2026-08-16T20:19:10.550Z,0.700480347188,2026-08-17 02:04:10.550,1161.958611111111
Pulse experiments,pioreactor01,2026-08-16T20:19:15.552Z,0.700456895647,2026-08-17 02:04:15.552,1161.96
Pulse experiments,pioreactor01,2026-08-16T20:19:20.551Z,0.700461309201,2026-08-17 02:04:20.551,1161.961388888889
Pulse experiments,pioreactor01,2026-08-16T20:19:25.552Z,0.700461360431,2026-08-17 02:04:25.552,1161.962777777778
Pulse experiments,pioreactor01,2026-08-16T20:19:30.552Z,0.700459737259,2026-08-17 02:04:30.552,1161.964166666667
Pulse experiments,pioreactor01,2026-08-16T20:19:40.551Z,0.700422036692,2026-08-17 02:04:40.551,1161.966944444444
Pulse experiments,pioreactor01,2026-08-16T20:19:45.550Z,0.7004327999,2026-08-17 02:04:45.550,1161.968333333333
Pulse experiments,pioreactor01,2026-08-16T20:19:50.553Z,0.700441909171,2026-08-17 02:04:50.553,1161.969722222222
Pulse experiments,pioreactor01,2026-08-16T20:19:55.550Z,0.700451764904,2026-08-17 02:04:55.550,1161.971111111111
Pulse experiments,pioreactor01,2026-08-16T20:20:00.550Z,0.700465748292,2026-08-17 02:05:00.550,1161.9725
Pulse experiments,pioreactor01,2026-08-16T20:20:05.550Z,0.700448969424,2026-08-17 02:05:05.550,1161.973888888889
Pulse experiments,pioreactor01,2026-08-16T20:20:10.549Z,0.700475314629,2026-08-17 02:05:10.549,1161.975277777778
Pulse experiments,pioreactor01,2026-08-16T20:20:15.567Z,0.700474725787,2026-08-17 02:05:15.567,1161.976666666667
Pulse experiments,pioreactor01,2026-08-16T20:20:20.551Z,0.700474959365,2026-08-17 02:05:20.551,1161.978055555556
Pulse experiments,pioreactor01,2026-08-16T20:20:25.552Z,0.700464765897,2026-08-17 02:05:25.552,1161.979444444444
Pulse experiments,pioreactor01,2026-08-16T20:20:30.550Z,0.700459029499,2026-08-17 02:05:30.550,1161.980833333333
Pulse experiments,pioreactor01,2026-08-16T20:20:35.550Z,0.700478959355,2026-08-17 02:05:35.550,1161.982222222222
Pulse experiments,pioreactor01,2026-08-16T20:20:40.550Z,0.700496284079,2026-08-17 02:05:40.550,1161.983611111111
Pulse experiments,pioreactor01,2026-08-16T20:20:45.550Z,0.700532872707,2026-08-17 02:05:45.550,1161.985
Pulse experiments,pioreactor01,2026-08-16T20:20:50.550Z,0.700568062736,2026-08-17 02:05:50.550,1161.986388888889
Pulse experiments,pioreactor01,2026-08-16T20:20:55.550Z,0.700602338079,2026-08-17 02:05:55.550,1161.987777777778
Pulse experiments,pioreactor01,2026-08-16T20:21:00.551Z,0.700648040841,2026-08-17 02:06:00.551,1161.989166666667
Pulse experiments,pioreactor01,2026-08-16T20:21:05.551Z,0.700671497924,2026-08-17 02:06:05.551,1161.990555555556
Pulse experiments,pioreactor01,2026-08-16T20:21:10.554Z,0.700674541205,2026-08-17 02:06:10.554,1161.991944444444
Pulse experiments,pioreactor01,2026-08-16T20:21:15.551Z,0.70069652928,2026-08-17 02:06:15.551,1161.993333333333
Pulse experiments,pioreactor01,2026-08-16T20:21:20.549Z,0.700707997316,2026-08-17 02:06:20.549,1161.994722222222
Pulse experiments,pioreactor01,2026-08-16T20:21:25.550Z,0.700705347903,2026-08-17 02:06:25.550,1161.996111111111
Pulse experiments,pioreactor01,2026-08-16T20:21:30.551Z,0.700721927194,2026-08-17 02:06:30.551,1161.9975
Pulse experiments,pioreactor01,2026-08-16T20:21:35.553Z,0.700730954102,2026-08-17 02:06:35.553,1161.998888888889
Pulse experiments,pioreactor01,2026-08-16T20:21:40.551Z,0.700738478041,2026-08-17 02:06:40.551,1162.000277777778
Pulse experiments,pioreactor01,2026-08-16T20:21:45.550Z,0.700758007247,2026-08-17 02:06:45.550,1162.001666666667
Pulse experiments,pioreactor01,2026-08-16T20:21:50.552Z,0.700772717935,2026-08-17 02:06:50.552,1162.003055555556
Pulse experiments,pioreactor01,2026-08-16T20:21:55.552Z,0.700804484129,2026-08-17 02:06:55.552,1162.004444444445
Pulse experiments,pioreactor01,2026-08-16T20:22:00.552Z,0.700797931783,2026-08-17 02:07:00.552,1162.005833333333
Pulse experiments,pioreactor01,2026-08-16T20:22:05.549Z,0.700781871202,2026-08-17 02:07:05.549,1162.007222222222
Pulse experiments,pioreactor01,2026-08-16T20:22:10.550Z,0.700771837677,2026-08-17 02:07:10.550,1162.008611111111
Pulse experiments,pioreactor01,2026-08-16T20:22:15.552Z,0.700770446766,2026-08-17 02:07:15.552,1162.01
Pulse experiments,pioreactor01,2026-08-16T20:22:20.550Z,0.70075528525,2026-08-17 02:07:20.550,1162.011388888889
Pulse experiments,pioreactor01,2026-08-16T20:22:25.551Z,0.700751022813,2026-08-17 02:07:25.551,1162.012777777778
Pulse experiments,pioreactor01,2026-08-16T20:22:30.551Z,0.70073819883,2026-08-17 02:07:30.551,1162.014166666667
Pulse experiments,pioreactor01,2026-08-16T20:22:35.552Z,0.700741857142,2026-08-17 02:07:35.552,1162.015555555555
Pulse experiments,pioreactor01,2026-08-16T20:22:40.552Z,0.700740619692,2026-08-17 02:07:40.552,1162.016944444444
Pulse experiments,pioreactor01,2026-08-16T20:22:50.551Z,0.700728020997,2026-08-17 02:07:50.551,1162.019722222222
Pulse experiments,pioreactor01,2026-08-16T20:22:55.549Z,0.700738885364,2026-08-17 02:07:55.549,1162.021111111111
Pulse experiments,pioreactor01,2026-08-16T20:23:00.552Z,0.700731955755,2026-08-17 02:08:00.552,1162.0225
Pulse experiments,pioreactor01,2026-08-16T20:23:05.553Z,0.700753052758,2026-08-17 02:08:05.553,1162.023888888889
Pulse experiments,pioreactor01,2026-08-16T20:23:10.552Z,0.700772864393,2026-08-17 02:08:10.552,1162.025277777778
Pulse experiments,pioreactor01,2026-08-16T20:23:15.550Z,0.70077461069,2026-08-17 02:08:15.550,1162.026666666667
Pulse experiments,pioreactor01,2026-08-16T20:23:20.550Z,0.700761281497,2026-08-17 02:08:20.550,1162.028055555556
Pulse experiments,pioreactor01,2026-08-16T20:23:25.552Z,0.700760863801,2026-08-17 02:08:25.552,1162.029444444444
Pulse experiments,pioreactor01,2026-08-16T20:23:30.552Z,0.700767672287,2026-08-17 02:08:30.552,1162.030833333333
Pulse experiments,pioreactor01,2026-08-16T20:23:35.550Z,0.700773812649,2026-08-17 02:08:35.550,1162.032222222222
Pulse experiments,pioreactor01,2026-08-16T20:23:40.551Z,0.70080157498,2026-08-17 02:08:40.551,1162.033611111111
Pulse experiments,pioreactor01,2026-08-16T20:23:45.551Z,0.700835906029,2026-08-17 02:08:45.551,1162.035
Pulse experiments,pioreactor01,2026-08-16T20:23:50.550Z,0.700858370584,2026-08-17 02:08:50.550,1162.036388888889
Pulse experiments,pioreactor01,2026-08-16T20:23:55.550Z,0.7008637055,2026-08-17 02:08:55.550,1162.037777777778
Pulse experiments,pioreactor01,2026-08-16T20:24:00.551Z,0.700871768152,2026-08-17 02:09:00.551,1162.039166666667
Pulse experiments,pioreactor01,2026-08-16T20:24:05.551Z,0.700896555893,2026-08-17 02:09:05.551,1162.040555555556
Pulse experiments,pioreactor01,2026-08-16T20:24:10.550Z,0.70091958319,2026-08-17 02:09:10.550,1162.041944444444
Pulse experiments,pioreactor01,2026-08-16T20:24:15.550Z,0.700941038889,2026-08-17 02:09:15.550,1162.043333333333
Pulse experiments,pioreactor01,2026-08-16T20:24:20.551Z,0.700946508694,2026-08-17 02:09:20.551,1162.044722222222
Pulse experiments,pioreactor01,2026-08-16T20:24:25.552Z,0.700939862108,2026-08-17 02:09:25.552,1162.046111111111
Pulse experiments,pioreactor01,2026-08-16T20:24:30.551Z,0.700957667839,2026-08-17 02:09:30.551,1162.0475
Pulse experiments,pioreactor01,2026-08-16T20:24:35.550Z,0.700960220351,2026-08-17 02:09:35.550,1162.048888888889
Pulse experiments,pioreactor01,2026-08-16T20:24:40.553Z,0.70095245989,2026-08-17 02:09:40.553,1162.050277777778
Pulse experiments,pioreactor01,2026-08-16T20:24:45.554Z,0.700941705927,2026-08-17 02:09:45.554,1162.051666666667
Pulse experiments,pioreactor01,2026-08-16T20:24:50.549Z,0.700935900985,2026-08-17 02:09:50.549,1162.053055555556
Pulse experiments,pioreactor01,2026-08-16T20:24:55.550Z,0.700940436337,2026-08-17 02:09:55.550,1162.054444444444
Pulse experiments,pioreactor01,2026-08-16T20:25:00.550Z,0.700951196803,2026-08-17 02:10:00.550,1162.055833333333
Pulse experiments,pioreactor01,2026-08-16T20:25:05.552Z,0.700975383197,2026-08-17 02:10:05.552,1162.057222222222
Pulse experiments,pioreactor01,2026-08-16T20:25:10.549Z,0.700998419911,2026-08-17 02:10:10.549,1162.058611111111
Pulse experiments,pioreactor01,2026-08-16T20:25:15.550Z,0.701025178387,2026-08-17 02:10:15.550,1162.06
Pulse experiments,pioreactor01,2026-08-16T20:25:20.552Z,0.701043119696,2026-08-17 02:10:20.552,1162.061388888889
Pulse experiments,pioreactor01,2026-08-16T20:25:25.552Z,0.701080244531,2026-08-17 02:10:25.552,1162.062777777778
Pulse experiments,pioreactor01,2026-08-16T20:25:30.551Z,0.701090885497,2026-08-17 02:10:30.551,1162.064166666667
Pulse experiments,pioreactor01,2026-08-16T20:25:40.550Z,0.701082486314,2026-08-17 02:10:40.550,1162.066944444445
Pulse experiments,pioreactor01,2026-08-16T20:25:45.552Z,0.701082316696,2026-08-17 02:10:45.552,1162.068333333333
Pulse experiments,pioreactor01,2026-08-16T20:25:50.551Z,0.701067548497,2026-08-17 02:10:50.551,1162.069722222222
Pulse experiments,pioreactor01,2026-08-16T20:25:55.549Z,0.701074003994,2026-08-17 02:10:55.549,1162.071111111111
Pulse experiments,pioreactor01,2026-08-16T20:26:00.550Z,0.70107132659,2026-08-17 02:11:00.550,1162.0725
Pulse experiments,pioreactor01,2026-08-16T20:26:05.551Z,0.701084259187,2026-08-17 02:11:05.551,1162.073888888889
Pulse experiments,pioreactor01,2026-08-16T20:26:10.551Z,0.701107307417,2026-08-17 02:11:10.551,1162.075277777778
Pulse experiments,pioreactor01,2026-08-16T20:26:15.550Z,0.701129022521,2026-08-17 02:11:15.550,1162.076666666667
Pulse experiments,pioreactor01,2026-08-16T20:26:20.550Z,0.701127703055,2026-08-17 02:11:20.550,1162.078055555555
Pulse experiments,pioreactor01,2026-08-16T20:26:25.551Z,0.701163105746,2026-08-17 02:11:25.551,1162.079444444444
Pulse experiments,pioreactor01,2026-08-16T20:26:30.552Z,0.70117507705,2026-08-17 02:11:30.552,1162.080833333333
Pulse experiments,pioreactor01,2026-08-16T20:26:35.551Z,0.701189690681,2026-08-17 02:11:35.551,1162.082222222222
Pulse experiments,pioreactor01,2026-08-16T20:26:40.549Z,0.701237486952,2026-08-17 02:11:40.549,1162.083611111111
Pulse experiments,pioreactor01,2026-08-16T20:26:50.551Z,0.701261836951,2026-08-17 02:11:50.551,1162.086388888889
Pulse experiments,pioreactor01,2026-08-16T20:26:55.549Z,0.701284566136,2026-08-17 02:11:55.549,1162.087777777778
Pulse experiments,pioreactor01,2026-08-16T20:27:00.551Z,0.701277874572,2026-08-17 02:12:00.551,1162.089166666667
Pulse experiments,pioreactor01,2026-08-16T20:27:05.551Z,0.701287444031,2026-08-17 02:12:05.551,1162.090555555556
Pulse experiments,pioreactor01,2026-08-16T20:27:10.550Z,0.701298880824,2026-08-17 02:12:10.550,1162.091944444444
Pulse experiments,pioreactor01,2026-08-16T20:27:15.551Z,0.701310355963,2026-08-17 02:12:15.551,1162.093333333333
Pulse experiments,pioreactor01,2026-08-16T20:27:20.552Z,0.701339106656,2026-08-17 02:12:20.552,1162.094722222222
Pulse experiments,pioreactor01,2026-08-16T20:27:25.550Z,0.701344043216,2026-08-17 02:12:25.550,1162.096111111111
Pulse experiments,pioreactor01,2026-08-16T20:27:30.554Z,0.701356057682,2026-08-17 02:12:30.554,1162.0975
Pulse experiments,pioreactor01,2026-08-16T20:27:35.551Z,0.701393614525,2026-08-17 02:12:35.551,1162.098888888889
Pulse experiments,pioreactor01,2026-08-16T20:27:40.550Z,0.701419126827,2026-08-17 02:12:40.550,1162.100277777778
Pulse experiments,pioreactor01,2026-08-16T20:27:45.550Z,0.701431386231,2026-08-17 02:12:45.550,1162.101666666667
Pulse experiments,pioreactor01,2026-08-16T20:27:50.551Z,0.701430029658,2026-08-17 02:12:50.551,1162.103055555556
Pulse experiments,pioreactor01,2026-08-16T20:27:55.553Z,0.701436581846,2026-08-17 02:12:55.553,1162.104444444444
Pulse experiments,pioreactor01,2026-08-16T20:28:00.550Z,0.701441145591,2026-08-17 02:13:00.550,1162.105833333333
Pulse experiments,pioreactor01,2026-08-16T20:28:05.550Z,0.701437618841,2026-08-17 02:13:05.550,1162.107222222222
Pulse experiments,pioreactor01,2026-08-16T20:28:10.549Z,0.701470147838,2026-08-17 02:13:10.549,1162.108611111111
Pulse experiments,pioreactor01,2026-08-16T20:28:15.550Z,0.701494688446,2026-08-17 02:13:15.550,1162.11
Pulse experiments,pioreactor01,2026-08-16T20:28:20.551Z,0.701522955993,2026-08-17 02:13:20.551,1162.111388888889
Pulse experiments,pioreactor01,2026-08-16T20:28:25.550Z,0.701545683398,2026-08-17 02:13:25.550,1162.112777777778
Pulse experiments,pioreactor01,2026-08-16T20:28:30.552Z,0.70157596459,2026-08-17 02:13:30.552,1162.114166666667
Pulse experiments,pioreactor01,2026-08-16T20:28:35.550Z,0.701595116818,2026-08-17 02:13:35.550,1162.115555555556
Pulse experiments,pioreactor01,2026-08-16T20:28:40.550Z,0.701603934885,2026-08-17 02:13:40.550,1162.116944444444
Pulse experiments,pioreactor01,2026-08-16T20:28:45.550Z,0.701618414585,2026-08-17 02:13:45.550,1162.118333333333
Pulse experiments,pioreactor01,2026-08-16T20:28:50.550Z,0.701624159182,2026-08-17 02:13:50.550,1162.119722222222
Pulse experiments,pioreactor01,2026-08-16T20:28:55.550Z,0.701625250063,2026-08-17 02:13:55.550,1162.121111111111
Pulse experiments,pioreactor01,2026-08-16T20:29:00.551Z,0.70163751358,2026-08-17 02:14:00.551,1162.1225
Pulse experiments,pioreactor01,2026-08-16T20:29:05.552Z,0.701653901786,2026-08-17 02:14:05.552,1162.123888888889
Pulse experiments,pioreactor01,2026-08-16T20:29:10.551Z,0.70166513595,2026-08-17 02:14:10.551,1162.125277777778
Pulse experiments,pioreactor01,2026-08-16T20:29:15.549Z,0.701662078687,2026-08-17 02:14:15.549,1162.126666666667
Pulse experiments,pioreactor01,2026-08-16T20:29:20.551Z,0.701662735604,2026-08-17 02:14:20.551,1162.128055555556
Pulse experiments,pioreactor01,2026-08-16T20:29:25.550Z,0.701680749457,2026-08-17 02:14:25.550,1162.129444444445
Pulse experiments,pioreactor01,2026-08-16T20:29:35.549Z,0.701688102249,2026-08-17 02:14:35.549,1162.132222222222
Pulse experiments,pioreactor01,2026-08-16T20:29:40.551Z,0.701696840927,2026-08-17 02:14:40.551,1162.133611111111
Pulse experiments,pioreactor01,2026-08-16T20:29:45.555Z,0.701715187377,2026-08-17 02:14:45.555,1162.135
Pulse experiments,pioreactor01,2026-08-16T20:29:50.551Z,0.70173960377,2026-08-17 02:14:50.551,1162.136388888889
Pulse experiments,pioreactor01,2026-08-16T20:29:55.550Z,0.701738681682,2026-08-17 02:14:55.550,1162.137777777778
Pulse experiments,pioreactor01,2026-08-16T20:30:00.550Z,0.701746354311,2026-08-17 02:15:00.550,1162.139166666667
Pulse experiments,pioreactor01,2026-08-16T20:30:05.549Z,0.701766789215,2026-08-17 02:15:05.549,1162.140555555555
Pulse experiments,pioreactor01,2026-08-16T20:30:10.549Z,0.701792449314,2026-08-17 02:15:10.549,1162.141944444444
Pulse experiments,pioreactor01,2026-08-16T20:30:15.553Z,0.701847398971,2026-08-17 02:15:15.553,1162.143333333333
Pulse experiments,pioreactor01,2026-08-16T20:30:20.549Z,0.701884621948,2026-08-17 02:15:20.549,1162.144722222222
Pulse experiments,pioreactor01,2026-08-16T20:30:25.551Z,0.701929465743,2026-08-17 02:15:25.551,1162.146111111111
Pulse experiments,pioreactor01,2026-08-16T20:30:30.552Z,0.701948327641,2026-08-17 02:15:30.552,1162.1475
Pulse experiments,pioreactor01,2026-08-16T20:30:35.550Z,0.701975891706,2026-08-17 02:15:35.550,1162.148888888889
Pulse experiments,pioreactor01,2026-08-16T20:30:40.550Z,0.702011110676,2026-08-17 02:15:40.550,1162.150277777778
Pulse experiments,pioreactor01,2026-08-16T20:30:45.549Z,0.702024274324,2026-08-17 02:15:45.549,1162.151666666667
Pulse experiments,pioreactor01,2026-08-16T20:30:50.553Z,0.702029487895,2026-08-17 02:15:50.553,1162.153055555556
Pulse experiments,pioreactor01,2026-08-16T20:30:55.551Z,0.702024999571,2026-08-17 02:15:55.551,1162.154444444444
Pulse experiments,pioreactor01,2026-08-16T20:31:00.550Z,0.702063109202,2026-08-17 02:16:00.550,1162.155833333333
Pulse experiments,pioreactor01,2026-08-16T20:31:05.550Z,0.702067544298,2026-08-17 02:16:05.550,1162.157222222222
Pulse experiments,pioreactor01,2026-08-16T20:31:10.554Z,0.702072172486,2026-08-17 02:16:10.554,1162.158611111111
Pulse experiments,pioreactor01,2026-08-16T20:31:15.552Z,0.702073842234,2026-08-17 02:16:15.552,1162.16
Pulse experiments,pioreactor01,2026-08-16T20:31:20.554Z,0.702086632934,2026-08-17 02:16:20.554,1162.161388888889
Pulse experiments,pioreactor01,2026-08-16T20:31:25.549Z,0.702120465894,2026-08-17 02:16:25.549,1162.162777777778
Pulse experiments,pioreactor01,2026-08-16T20:31:30.551Z,0.702128576465,2026-08-17 02:16:30.551,1162.164166666667
Pulse experiments,pioreactor01,2026-08-16T20:31:35.550Z,0.702114855838,2026-08-17 02:16:35.550,1162.165555555556
Pulse experiments,pioreactor01,2026-08-16T20:31:40.553Z,0.702123633812,2026-08-17 02:16:40.553,1162.166944444444
Pulse experiments,pioreactor01,2026-08-16T20:31:45.550Z,0.702149301869,2026-08-17 02:16:45.550,1162.168333333333
Pulse experiments,pioreactor01,2026-08-16T20:31:50.550Z,0.702195968388,2026-08-17 02:16:50.550,1162.169722222222
Pulse experiments,pioreactor01,2026-08-16T20:31:55.552Z,0.70222663317,2026-08-17 02:16:55.552,1162.171111111111
Pulse experiments,pioreactor01,2026-08-16T20:32:00.549Z,0.702245907647,2026-08-17 02:17:00.549,1162.1725
Pulse experiments,pioreactor01,2026-08-16T20:32:05.549Z,0.702269671501,2026-08-17 02:17:05.549,1162.173888888889
Pulse experiments,pioreactor01,2026-08-16T20:32:10.551Z,0.702279727109,2026-08-17 02:17:10.551,1162.175277777778
Pulse experiments,pioreactor01,2026-08-16T20:32:15.551Z,0.70229499991,2026-08-17 02:17:15.551,1162.176666666667
Pulse experiments,pioreactor01,2026-08-16T20:32:20.553Z,0.702294540499,2026-08-17 02:17:20.553,1162.178055555556
Pulse experiments,pioreactor01,2026-08-16T20:32:30.551Z,0.702294938069,2026-08-17 02:17:30.551,1162.180833333333
Pulse experiments,pioreactor01,2026-08-16T20:32:35.550Z,0.702305289019,2026-08-17 02:17:35.550,1162.182222222222
Pulse experiments,pioreactor01,2026-08-16T20:32:40.551Z,0.702325587979,2026-08-17 02:17:40.551,1162.183611111111
Pulse experiments,pioreactor01,2026-08-16T20:32:45.550Z,0.702338731574,2026-08-17 02:17:45.550,1162.185
Pulse experiments,pioreactor01,2026-08-16T20:32:50.551Z,0.702368782001,2026-08-17 02:17:50.551,1162.186388888889
Pulse experiments,pioreactor01,2026-08-16T20:32:55.552Z,0.702382073444,2026-08-17 02:17:55.552,1162.187777777778
Pulse experiments,pioreactor01,2026-08-16T20:33:00.553Z,0.702403022851,2026-08-17 02:18:00.553,1162.189166666667
Pulse experiments,pioreactor01,2026-08-16T20:33:05.551Z,0.702426664555,2026-08-17 02:18:05.551,1162.190555555556
Pulse experiments,pioreactor01,2026-08-16T20:33:10.549Z,0.702476286745,2026-08-17 02:18:10.549,1162.191944444445
Pulse experiments,pioreactor01,2026-08-16T20:33:20.554Z,0.702493456546,2026-08-17 02:18:20.554,1162.194722222222
Pulse experiments,pioreactor01,2026-08-16T20:33:25.550Z,0.702511967299,2026-08-17 02:18:25.550,1162.196111111111
Pulse experiments,pioreactor01,2026-08-16T20:33:30.550Z,0.702527977648,2026-08-17 02:18:30.550,1162.1975
Pulse experiments,pioreactor01,2026-08-16T20:33:35.550Z,0.702561332548,2026-08-17 02:18:35.550,1162.198888888889
Pulse experiments,pioreactor01,2026-08-16T20:33:40.552Z,0.702578513976,2026-08-17 02:18:40.552,1162.200277777778
Pulse experiments,pioreactor01,2026-08-16T20:33:45.551Z,0.702607445527,2026-08-17 02:18:45.551,1162.201666666667
Pulse experiments,pioreactor01,2026-08-16T20:33:50.551Z,0.702618392587,2026-08-17 02:18:50.551,1162.203055555555
Pulse experiments,pioreactor01,2026-08-16T20:33:55.551Z,0.702628708788,2026-08-17 02:18:55.551,1162.204444444444
Pulse experiments,pioreactor01,2026-08-16T20:34:00.552Z,0.702645334852,2026-08-17 02:19:00.552,1162.205833333333
Pulse experiments,pioreactor01,2026-08-16T20:34:05.551Z,0.702671997035,2026-08-17 02:19:05.551,1162.207222222222
Pulse experiments,pioreactor01,2026-08-16T20:34:10.549Z,0.702709288832,2026-08-17 02:19:10.549,1162.208611111111
Pulse experiments,pioreactor01,2026-08-16T20:34:15.550Z,0.702752746091,2026-08-17 02:19:15.550,1162.21
Pulse experiments,pioreactor01,2026-08-16T20:34:20.551Z,0.702776924661,2026-08-17 02:19:20.551,1162.211388888889
Pulse experiments,pioreactor01,2026-08-16T20:34:25.552Z,0.702809425494,2026-08-17 02:19:25.552,1162.212777777778
Pulse experiments,pioreactor01,2026-08-16T20:34:30.551Z,0.702833923254,2026-08-17 02:19:30.551,1162.214166666667
Pulse experiments,pioreactor01,2026-08-16T20:34:35.549Z,0.702869548831,2026-08-17 02:19:35.549,1162.215555555556
Pulse experiments,pioreactor01,2026-08-16T20:34:40.550Z,0.70287871329,2026-08-17 02:19:40.550,1162.216944444444
Pulse experiments,pioreactor01,2026-08-16T20:34:45.551Z,0.702895119368,2026-08-17 02:19:45.551,1162.218333333333
Pulse experiments,pioreactor01,2026-08-16T20:34:50.551Z,0.702920002142,2026-08-17 02:19:50.551,1162.219722222222
Pulse experiments,pioreactor01,2026-08-16T20:34:55.551Z,0.702945342376,2026-08-17 02:19:55.551,1162.221111111111
Pulse experiments,pioreactor01,2026-08-16T20:35:00.552Z,0.702969276807,2026-08-17 02:20:00.552,1162.2225
Pulse experiments,pioreactor01,2026-08-16T20:35:05.549Z,0.702993463258,2026-08-17 02:20:05.549,1162.223888888889
Pulse experiments,pioreactor01,2026-08-16T20:35:10.551Z,0.703019356234,2026-08-17 02:20:10.551,1162.225277777778
Pulse experiments,pioreactor01,2026-08-16T20:35:15.555Z,0.703055820837,2026-08-17 02:20:15.555,1162.226666666667
Pulse experiments,pioreactor01,2026-08-16T20:35:20.551Z,0.703095557685,2026-08-17 02:20:20.551,1162.228055555556
Pulse experiments,pioreactor01,2026-08-16T20:35:25.551Z,0.703109517486,2026-08-17 02:20:25.551,1162.229444444444
Pulse experiments,pioreactor01,2026-08-16T20:35:30.550Z,0.703134009051,2026-08-17 02:20:30.550,1162.230833333333
Pulse experiments,pioreactor01,2026-08-16T20:35:35.552Z,0.703171901212,2026-08-17 02:20:35.552,1162.232222222222
Pulse experiments,pioreactor01,2026-08-16T20:35:40.552Z,0.703186320399,2026-08-17 02:20:40.552,1162.233611111111
Pulse experiments,pioreactor01,2026-08-16T20:35:45.554Z,0.703220257517,2026-08-17 02:20:45.554,1162.235
Pulse experiments,pioreactor01,2026-08-16T20:35:50.551Z,0.703242193854,2026-08-17 02:20:50.551,1162.236388888889
Pulse experiments,pioreactor01,2026-08-16T20:35:55.552Z,0.703265853162,2026-08-17 02:20:55.552,1162.237777777778
Pulse experiments,pioreactor01,2026-08-16T20:36:00.549Z,0.703293104337,2026-08-17 02:21:00.549,1162.239166666667
Pulse experiments,pioreactor01,2026-08-16T20:36:05.549Z,0.70332817724,2026-08-17 02:21:05.549,1162.240555555556
Pulse experiments,pioreactor01,2026-08-16T20:36:10.549Z,0.703354115835,2026-08-17 02:21:10.549,1162.241944444444
Pulse experiments,pioreactor01,2026-08-16T20:36:15.549Z,0.703395669375,2026-08-17 02:21:15.549,1162.243333333333
Pulse experiments,pioreactor01,2026-08-16T20:36:20.549Z,0.703410790659,2026-08-17 02:21:20.549,1162.244722222222
Pulse experiments,pioreactor01,2026-08-16T20:36:25.551Z,0.703434872625,2026-08-17 02:21:25.551,1162.246111111111
Pulse experiments,pioreactor01,2026-08-16T20:36:30.551Z,0.703455146899,2026-08-17 02:21:30.551,1162.2475
Pulse experiments,pioreactor01,2026-08-16T20:36:35.550Z,0.70344978118,2026-08-17 02:21:35.550,1162.248888888889
Pulse experiments,pioreactor01,2026-08-16T20:36:40.551Z,0.703462903635,2026-08-17 02:21:40.551,1162.250277777778
Pulse experiments,pioreactor01,2026-08-16T20:36:45.550Z,0.703469036372,2026-08-17 02:21:45.550,1162.251666666667
Pulse experiments,pioreactor01,2026-08-16T20:36:50.551Z,0.703479544073,2026-08-17 02:21:50.551,1162.253055555556
Pulse experiments,pioreactor01,2026-08-16T20:36:55.551Z,0.703482390151,2026-08-17 02:21:55.551,1162.254444444445
Pulse experiments,pioreactor01,2026-08-16T20:37:00.550Z,0.703504816078,2026-08-17 02:22:00.550,1162.255833333333
Pulse experiments,pioreactor01,2026-08-16T20:37:05.551Z,0.703538993616,2026-08-17 02:22:05.551,1162.257222222222
Pulse experiments,pioreactor01,2026-08-16T20:37:10.553Z,0.703558036687,2026-08-17 02:22:10.553,1162.258611111111
Pulse experiments,pioreactor01,2026-08-16T20:37:15.552Z,0.703576101242,2026-08-17 02:22:15.552,1162.26
Pulse experiments,pioreactor01,2026-08-16T20:37:20.552Z,0.703593072449,2026-08-17 02:22:20.552,1162.261388888889
Pulse experiments,pioreactor01,2026-08-16T20:37:30.550Z,0.703626549953,2026-08-17 02:22:30.550,1162.264166666667
Pulse experiments,pioreactor01,2026-08-16T20:37:35.550Z,0.70363810877,2026-08-17 02:22:35.550,1162.265555555555
Pulse experiments,pioreactor01,2026-08-16T20:37:40.550Z,0.703654435633,2026-08-17 02:22:40.550,1162.266944444444
Pulse experiments,pioreactor01,2026-08-16T20:37:45.550Z,0.703681919391,2026-08-17 02:22:45.550,1162.268333333333
Pulse experiments,pioreactor01,2026-08-16T20:37:50.550Z,0.703704280185,2026-08-17 02:22:50.550,1162.269722222222
Pulse experiments,pioreactor01,2026-08-16T20:37:55.552Z,0.703717666176,2026-08-17 02:22:55.552,1162.271111111111
Pulse experiments,pioreactor01,2026-08-16T20:38:00.550Z,0.703741405819,2026-08-17 02:23:00.550,1162.2725
Pulse experiments,pioreactor01,2026-08-16T20:38:05.551Z,0.703765131618,2026-08-17 02:23:05.551,1162.273888888889
Pulse experiments,pioreactor01,2026-08-16T20:38:10.550Z,0.703777511146,2026-08-17 02:23:10.550,1162.275277777778
Pulse experiments,pioreactor01,2026-08-16T20:38:15.549Z,0.703797868513,2026-08-17 02:23:15.549,1162.276666666667
Pulse experiments,pioreactor01,2026-08-16T20:38:20.550Z,0.703792026282,2026-08-17 02:23:20.550,1162.278055555556
Pulse experiments,pioreactor01,2026-08-16T20:38:25.550Z,0.703803506984,2026-08-17 02:23:25.550,1162.279444444444
Pulse experiments,pioreactor01,2026-08-16T20:38:30.551Z,0.703837480522,2026-08-17 02:23:30.551,1162.280833333333
Pulse experiments,pioreactor01,2026-08-16T20:38:35.550Z,0.70386409198,2026-08-17 02:23:35.550,1162.282222222222
Pulse experiments,pioreactor01,2026-08-16T20:38:40.552Z,0.703904682105,2026-08-17 02:23:40.552,1162.283611111111
Pulse experiments,pioreactor01,2026-08-16T20:38:45.551Z,0.703931660583,2026-08-17 02:23:45.551,1162.285
Pulse experiments,pioreactor01,2026-08-16T20:38:50.552Z,0.703966020357,2026-08-17 02:23:50.552,1162.286388888889
Pulse experiments,pioreactor01,2026-08-16T20:38:55.550Z,0.703995089285,2026-08-17 02:23:55.550,1162.287777777778
Pulse experiments,pioreactor01,2026-08-16T20:39:00.550Z,0.70401783751,2026-08-17 02:24:00.550,1162.289166666667
Pulse experiments,pioreactor01,2026-08-16T20:39:10.551Z,0.704052357082,2026-08-17 02:24:10.551,1162.291944444444
Pulse experiments,pioreactor01,2026-08-16T20:39:15.549Z,0.704067381538,2026-08-17 02:24:15.549,1162.293333333333
Pulse experiments,pioreactor01,2026-08-16T20:39:20.551Z,0.704074735471,2026-08-17 02:24:20.551,1162.294722222222
Pulse experiments,pioreactor01,2026-08-16T20:39:25.550Z,0.70408349833,2026-08-17 02:24:25.550,1162.296111111111
Pulse experiments,pioreactor01,2026-08-16T20:39:30.550Z,0.70408447755,2026-08-17 02:24:30.550,1162.2975
Pulse experiments,pioreactor01,2026-08-16T20:39:35.550Z,0.704095045792,2026-08-17 02:24:35.550,1162.298888888889
Pulse experiments,pioreactor01,2026-08-16T20:39:40.551Z,0.704101663312,2026-08-17 02:24:40.551,1162.300277777778
Pulse experiments,pioreactor01,2026-08-16T20:39:45.551Z,0.704144072503,2026-08-17 02:24:45.551,1162.301666666667
Pulse experiments,pioreactor01,2026-08-16T20:39:50.551Z,0.704179925426,2026-08-17 02:24:50.551,1162.303055555556
Pulse experiments,pioreactor01,2026-08-16T20:39:55.551Z,0.704210348525,2026-08-17 02:24:55.551,1162.304444444444
Pulse experiments,pioreactor01,2026-08-16T20:40:00.552Z,0.704234727564,2026-08-17 02:25:00.552,1162.305833333333
Pulse experiments,pioreactor01,2026-08-16T20:40:05.550Z,0.704275349056,2026-08-17 02:25:05.550,1162.307222222222
Pulse experiments,pioreactor01,2026-08-16T20:40:10.551Z,0.704292327055,2026-08-17 02:25:10.551,1162.308611111111
Pulse experiments,pioreactor01,2026-08-16T20:40:15.550Z,0.704321916594,2026-08-17 02:25:15.550,1162.31
Pulse experiments,pioreactor01,2026-08-16T20:40:20.551Z,0.704359289521,2026-08-17 02:25:20.551,1162.311388888889
Pulse experiments,pioreactor01,2026-08-16T20:40:25.552Z,0.704375448974,2026-08-17 02:25:25.552,1162.312777777778
Pulse experiments,pioreactor01,2026-08-16T20:40:30.552Z,0.704409696064,2026-08-17 02:25:30.552,1162.314166666667
Pulse experiments,pioreactor01,2026-08-16T20:40:35.551Z,0.704430761098,2026-08-17 02:25:35.551,1162.315555555556
Pulse experiments,pioreactor01,2026-08-16T20:40:40.550Z,0.704436474803,2026-08-17 02:25:40.550,1162.316944444445
Pulse experiments,pioreactor01,2026-08-16T20:40:50.552Z,0.704453893098,2026-08-17 02:25:50.552,1162.319722222222
Pulse experiments,pioreactor01,2026-08-16T20:40:55.552Z,0.704482218021,2026-08-17 02:25:55.552,1162.321111111111
Pulse experiments,pioreactor01,2026-08-16T20:41:00.550Z,0.70450056686,2026-08-17 02:26:00.550,1162.3225
Pulse experiments,pioreactor01,2026-08-16T20:41:05.551Z,0.704512783622,2026-08-17 02:26:05.551,1162.323888888889
Pulse experiments,pioreactor01,2026-08-16T20:41:10.551Z,0.704532572935,2026-08-17 02:26:10.551,1162.325277777778
Pulse experiments,pioreactor01,2026-08-16T20:41:15.551Z,0.704550723074,2026-08-17 02:26:15.551,1162.326666666667
Pulse experiments,pioreactor01,2026-08-16T20:41:20.550Z,0.704560340279,2026-08-17 02:26:20.550,1162.328055555555
Pulse experiments,pioreactor01,2026-08-16T20:41:25.549Z,0.704560192623,2026-08-17 02:26:25.549,1162.329444444444
Pulse experiments,pioreactor01,2026-08-16T20:41:30.551Z,0.704587487124,2026-08-17 02:26:30.551,1162.330833333333
Pulse experiments,pioreactor01,2026-08-16T20:41:35.550Z,0.70459894992,2026-08-17 02:26:35.550,1162.332222222222
Pulse experiments,pioreactor01,2026-08-16T20:41:40.551Z,0.704611729783,2026-08-17 02:26:40.551,1162.333611111111
Pulse experiments,pioreactor01,2026-08-16T20:41:45.552Z,0.70463357177,2026-08-17 02:26:45.552,1162.335
Pulse experiments,pioreactor01,2026-08-16T20:41:50.552Z,0.704648742702,2026-08-17 02:26:50.552,1162.336388888889
Pulse experiments,pioreactor01,2026-08-16T20:41:55.551Z,0.704647514963,2026-08-17 02:26:55.551,1162.337777777778
Pulse experiments,pioreactor01,2026-08-16T20:42:00.551Z,0.704669291526,2026-08-17 02:27:00.551,1162.339166666667
Pulse experiments,pioreactor01,2026-08-16T20:42:05.551Z,0.704695563879,2026-08-17 02:27:05.551,1162.340555555556
Pulse experiments,pioreactor01,2026-08-16T20:42:10.551Z,0.704727229606,2026-08-17 02:27:10.551,1162.341944444444
Pulse experiments,pioreactor01,2026-08-16T20:42:15.551Z,0.704746337319,2026-08-17 02:27:15.551,1162.343333333333
Pulse experiments,pioreactor01,2026-08-16T20:42:20.551Z,0.70478712398,2026-08-17 02:27:20.551,1162.344722222222
Pulse experiments,pioreactor01,2026-08-16T20:42:25.552Z,0.704801303714,2026-08-17 02:27:25.552,1162.346111111111
Pulse experiments,pioreactor01,2026-08-16T20:42:35.550Z,0.704853569558,2026-08-17 02:27:35.550,1162.348888888889
Pulse experiments,pioreactor01,2026-08-16T20:42:40.552Z,0.704884076741,2026-08-17 02:27:40.552,1162.350277777778
Pulse experiments,pioreactor01,2026-08-16T20:42:45.550Z,0.704918074688,2026-08-17 02:27:45.550,1162.351666666667
Pulse experiments,pioreactor01,2026-08-16T20:42:50.549Z,0.704939872287,2026-08-17 02:27:50.549,1162.353055555556
Pulse experiments,pioreactor01,2026-08-16T20:42:55.551Z,0.704974605124,2026-08-17 02:27:55.551,1162.354444444444
Pulse experiments,pioreactor01,2026-08-16T20:43:00.550Z,0.70502342439,2026-08-17 02:28:00.550,1162.355833333333
Pulse experiments,pioreactor01,2026-08-16T20:43:05.550Z,0.705050230565,2026-08-17 02:28:05.550,1162.357222222222
Pulse experiments,pioreactor01,2026-08-16T20:43:10.551Z,0.705065611881,2026-08-17 02:28:10.551,1162.358611111111
Pulse experiments,pioreactor01,2026-08-16T20:43:15.551Z,0.705062768926,2026-08-17 02:28:15.551,1162.36
Pulse experiments,pioreactor01,2026-08-16T20:43:20.553Z,0.705076585069,2026-08-17 02:28:20.553,1162.361388888889
Pulse experiments,pioreactor01,2026-08-16T20:43:25.550Z,0.705089081407,2026-08-17 02:28:25.550,1162.362777777778
Pulse experiments,pioreactor01,2026-08-16T20:43:30.549Z,0.705108288379,2026-08-17 02:28:30.549,1162.364166666667
Pulse experiments,pioreactor01,2026-08-16T20:43:35.550Z,0.705129464815,2026-08-17 02:28:35.550,1162.365555555556
Pulse experiments,pioreactor01,2026-08-16T20:43:40.552Z,0.705169414664,2026-08-17 02:28:40.552,1162.366944444444
Pulse experiments,pioreactor01,2026-08-16T20:43:45.549Z,0.705207945383,2026-08-17 02:28:45.549,1162.368333333333
Pulse experiments,pioreactor01,2026-08-16T20:43:50.550Z,0.705230771233,2026-08-17 02:28:50.550,1162.369722222222
Pulse experiments,pioreactor01,2026-08-16T20:43:55.552Z,0.70523980331,2026-08-17 02:28:55.552,1162.371111111111
Pulse experiments,pioreactor01,2026-08-16T20:44:00.549Z,0.7052651765,2026-08-17 02:29:00.549,1162.3725
Pulse experiments,pioreactor01,2026-08-16T20:44:05.551Z,0.705300863992,2026-08-17 02:29:05.551,1162.373888888889
Pulse experiments,pioreactor01,2026-08-16T20:44:10.552Z,0.705312052147,2026-08-17 02:29:10.552,1162.375277777778
Pulse experiments,pioreactor01,2026-08-16T20:44:15.551Z,0.705335710179,2026-08-17 02:29:15.551,1162.376666666667
Pulse experiments,pioreactor01,2026-08-16T20:44:20.553Z,0.705344220709,2026-08-17 02:29:20.553,1162.378055555556
Pulse experiments,pioreactor01,2026-08-16T20:44:25.550Z,0.705362298796,2026-08-17 02:29:25.550,1162.379444444445
Pulse experiments,pioreactor01,2026-08-16T20:44:30.550Z,0.705395661314,2026-08-17 02:29:30.550,1162.380833333333
Pulse experiments,pioreactor01,2026-08-16T20:44:35.550Z,0.705438241055,2026-08-17 02:29:35.550,1162.382222222222
Pulse experiments,pioreactor01,2026-08-16T20:44:40.551Z,0.705469173343,2026-08-17 02:29:40.551,1162.383611111111
Pulse experiments,pioreactor01,2026-08-16T20:44:45.552Z,0.705484401396,2026-08-17 02:29:45.552,1162.385
Pulse experiments,pioreactor01,2026-08-16T20:44:50.552Z,0.705499500158,2026-08-17 02:29:50.552,1162.386388888889
Pulse experiments,pioreactor01,2026-08-16T20:44:55.549Z,0.705509523414,2026-08-17 02:29:55.549,1162.387777777778
Pulse experiments,pioreactor01,2026-08-16T20:45:05.551Z,0.705535280903,2026-08-17 02:30:05.551,1162.390555555555
Pulse experiments,pioreactor01,2026-08-16T20:45:10.550Z,0.705543597973,2026-08-17 02:30:10.550,1162.391944444444
Pulse experiments,pioreactor01,2026-08-16T20:45:15.560Z,0.705541924254,2026-08-17 02:30:15.560,1162.393333333333
Pulse experiments,pioreactor01,2026-08-16T20:45:20.552Z,0.705539804059,2026-08-17 02:30:20.552,1162.394722222222
Pulse experiments,pioreactor01,2026-08-16T20:45:25.552Z,0.705566417792,2026-08-17 02:30:25.552,1162.396111111111
Pulse experiments,pioreactor01,2026-08-16T20:45:30.550Z,0.705585746934,2026-08-17 02:30:30.550,1162.3975
Pulse experiments,pioreactor01,2026-08-16T20:45:35.549Z,0.705594310075,2026-08-17 02:30:35.549,1162.398888888889
Pulse experiments,pioreactor01,2026-08-16T20:45:40.551Z,0.705619756514,2026-08-17 02:30:40.551,1162.400277777778
Pulse experiments,pioreactor01,2026-08-16T20:45:45.553Z,0.705654319274,2026-08-17 02:30:45.553,1162.401666666667
Pulse experiments,pioreactor01,2026-08-16T20:45:50.552Z,0.705691281567,2026-08-17 02:30:50.552,1162.403055555556
Pulse experiments,pioreactor01,2026-08-16T20:45:55.552Z,0.7057326941,2026-08-17 02:30:55.552,1162.404444444444
Pulse experiments,pioreactor01,2026-08-16T20:46:00.552Z,0.705749691091,2026-08-17 02:31:00.552,1162.405833333333
Pulse experiments,pioreactor01,2026-08-16T20:46:05.552Z,0.705757875958,2026-08-17 02:31:05.552,1162.407222222222
Pulse experiments,pioreactor01,2026-08-16T20:46:10.550Z,0.705793133909,2026-08-17 02:31:10.550,1162.408611111111
Pulse experiments,pioreactor01,2026-08-16T20:46:15.551Z,0.705842535261,2026-08-17 02:31:15.551,1162.41
Pulse experiments,pioreactor01,2026-08-16T20:46:20.550Z,0.705887812321,2026-08-17 02:31:20.550,1162.411388888889
Pulse experiments,pioreactor01,2026-08-16T20:46:25.553Z,0.705917531108,2026-08-17 02:31:25.553,1162.412777777778
Pulse experiments,pioreactor01,2026-08-16T20:46:30.550Z,0.705940230891,2026-08-17 02:31:30.550,1162.414166666667
Pulse experiments,pioreactor01,2026-08-16T20:46:35.550Z,0.705974863768,2026-08-17 02:31:35.550,1162.415555555556
Pulse experiments,pioreactor01,2026-08-16T20:46:40.551Z,0.705992405783,2026-08-17 02:31:40.551,1162.416944444444
Pulse experiments,pioreactor01,2026-08-16T20:46:45.550Z,0.706007041344,2026-08-17 02:31:45.550,1162.418333333333
Pulse experiments,pioreactor01,2026-08-16T20:46:50.549Z,0.706044562763,2026-08-17 02:31:50.549,1162.419722222222
Pulse experiments,pioreactor01,2026-08-16T20:46:55.551Z,0.706071059375,2026-08-17 02:31:55.551,1162.421111111111
Pulse experiments,pioreactor01,2026-08-16T20:47:00.549Z,0.706111938386,2026-08-17 02:32:00.549,1162.4225
Pulse experiments,pioreactor01,2026-08-16T20:47:05.552Z,0.70611211306,2026-08-17 02:32:05.552,1162.423888888889
Pulse experiments,pioreactor01,2026-08-16T20:47:10.550Z,0.70613205854,2026-08-17 02:32:10.550,1162.425277777778
Pulse experiments,pioreactor01,2026-08-16T20:47:15.552Z,0.706143844841,2026-08-17 02:32:15.552,1162.426666666667
Pulse experiments,pioreactor01,2026-08-16T20:47:20.550Z,0.706176146151,2026-08-17 02:32:20.550,1162.428055555556
Pulse experiments,pioreactor01,2026-08-16T20:47:25.550Z,0.706253956904,2026-08-17 02:32:25.550,1162.429444444444
Pulse experiments,pioreactor01,2026-08-16T20:47:30.549Z,0.70629142157,2026-08-17 02:32:30.549,1162.430833333333
Pulse experiments,pioreactor01,2026-08-16T20:47:35.550Z,0.706305030718,2026-08-17 02:32:35.550,1162.432222222222
Pulse experiments,pioreactor01,2026-08-16T20:47:40.550Z,0.706309664407,2026-08-17 02:32:40.550,1162.433611111111
Pulse experiments,pioreactor01,2026-08-16T20:47:45.551Z,0.706335622128,2026-08-17 02:32:45.551,1162.435
Pulse experiments,pioreactor01,2026-08-16T20:47:50.552Z,0.706360226358,2026-08-17 02:32:50.552,1162.436388888889
Pulse experiments,pioreactor01,2026-08-16T20:47:55.551Z,0.706383192356,2026-08-17 02:32:55.551,1162.437777777778
Pulse experiments,pioreactor01,2026-08-16T20:48:00.550Z,0.70642300943,2026-08-17 02:33:00.550,1162.439166666667
Pulse experiments,pioreactor01,2026-08-16T20:48:05.549Z,0.706452832697,2026-08-17 02:33:05.549,1162.440555555556
Pulse experiments,pioreactor01,2026-08-16T20:48:10.550Z,0.706479144794,2026-08-17 02:33:10.550,1162.441944444445
Pulse experiments,pioreactor01,2026-08-16T20:48:15.553Z,0.706498999675,2026-08-17 02:33:15.553,1162.443333333333
Pulse experiments,pioreactor01,2026-08-16T20:48:20.554Z,0.709163902749,2026-08-17 02:33:20.554,1162.444722222222
Pulse experiments,pioreactor01,2026-08-16T20:48:25.565Z,0.69562189437,2026-08-17 02:33:25.565,1162.446111111111
Pulse experiments,pioreactor01,2026-08-16T20:48:30.581Z,0.688395231024,2026-08-17 02:33:30.581,1162.4475
Pulse experiments,pioreactor01,2026-08-16T20:48:35.575Z,0.687318292602,2026-08-17 02:33:35.575,1162.448888888889
Pulse experiments,pioreactor01,2026-08-16T20:48:40.572Z,0.688406924682,2026-08-17 02:33:40.572,1162.450277777778
Pulse experiments,pioreactor01,2026-08-16T20:48:45.561Z,0.687428033851,2026-08-17 02:33:45.561,1162.451666666667
Pulse experiments,pioreactor01,2026-08-16T20:48:50.566Z,0.687129743708,2026-08-17 02:33:50.566,1162.453055555555
Pulse experiments,pioreactor01,2026-08-16T20:48:55.575Z,0.686764517235,2026-08-17 02:33:55.575,1162.454444444444
Pulse experiments,pioreactor01,2026-08-16T20:49:00.557Z,0.686382928618,2026-08-17 02:34:00.557,1162.455833333333
Pulse experiments,pioreactor01,2026-08-16T20:49:10.561Z,0.686155757785,2026-08-17 02:34:10.561,1162.458611111111
Pulse experiments,pioreactor01,2026-08-16T20:49:15.558Z,0.686210366762,2026-08-17 02:34:15.558,1162.46
Pulse experiments,pioreactor01,2026-08-16T20:49:20.560Z,0.686248100809,2026-08-17 02:34:20.560,1162.461388888889
Pulse experiments,pioreactor01,2026-08-16T20:49:25.560Z,0.686017971694,2026-08-17 02:34:25.560,1162.462777777778
Pulse experiments,pioreactor01,2026-08-16T20:49:30.563Z,0.686074080897,2026-08-17 02:34:30.563,1162.464166666667
Pulse experiments,pioreactor01,2026-08-16T20:49:35.555Z,0.686020246072,2026-08-17 02:34:35.555,1162.465555555556
Pulse experiments,pioreactor01,2026-08-16T20:49:40.568Z,0.685896253389,2026-08-17 02:34:40.568,1162.466944444444
Pulse experiments,pioreactor01,2026-08-16T20:49:45.566Z,0.685874930387,2026-08-17 02:34:45.566,1162.468333333333
Pulse experiments,pioreactor01,2026-08-16T20:49:50.564Z,0.685845754532,2026-08-17 02:34:50.564,1162.469722222222
Pulse experiments,pioreactor01,2026-08-16T20:49:55.560Z,0.685784106293,2026-08-17 02:34:55.560,1162.471111111111
Pulse experiments,pioreactor01,2026-08-16T20:50:05.565Z,0.685848384301,2026-08-17 02:35:05.565,1162.473888888889
Pulse experiments,pioreactor01,2026-08-16T20:50:10.561Z,0.685873433479,2026-08-17 02:35:10.561,1162.475277777778
Pulse experiments,pioreactor01,2026-08-16T20:50:15.567Z,0.685890723213,2026-08-17 02:35:15.567,1162.476666666667
Pulse experiments,pioreactor01,2026-08-16T20:50:20.583Z,0.685882627421,2026-08-17 02:35:20.583,1162.478055555556
Pulse experiments,pioreactor01,2026-08-16T20:50:25.561Z,0.685830445468,2026-08-17 02:35:25.561,1162.479444444444
Pulse experiments,pioreactor01,2026-08-16T20:50:30.562Z,0.685826696815,2026-08-17 02:35:30.562,1162.480833333333
Pulse experiments,pioreactor01,2026-08-16T20:50:35.562Z,0.685767615621,2026-08-17 02:35:35.562,1162.482222222222
Pulse experiments,pioreactor01,2026-08-16T20:50:40.560Z,0.685801873504,2026-08-17 02:35:40.560,1162.483611111111
Pulse experiments,pioreactor01,2026-08-16T20:50:45.559Z,0.685718034766,2026-08-17 02:35:45.559,1162.485
Pulse experiments,pioreactor01,2026-08-16T20:50:50.564Z,0.685698199973,2026-08-17 02:35:50.564,1162.486388888889
Pulse experiments,pioreactor01,2026-08-16T20:50:55.560Z,0.685664574839,2026-08-17 02:35:55.560,1162.487777777778
Pulse experiments,pioreactor01,2026-08-16T20:51:00.565Z,0.685595027168,2026-08-17 02:36:00.565,1162.489166666667
Pulse experiments,pioreactor01,2026-08-16T20:51:05.565Z,0.685561979202,2026-08-17 02:36:05.565,1162.490555555556
Pulse experiments,pioreactor01,2026-08-16T20:51:10.565Z,0.685558965184,2026-08-17 02:36:10.565,1162.491944444444
Pulse experiments,pioreactor01,2026-08-16T20:51:15.572Z,0.685533336673,2026-08-17 02:36:15.572,1162.493333333333
Pulse experiments,pioreactor01,2026-08-16T20:51:20.570Z,0.68548384736,2026-08-17 02:36:20.570,1162.494722222222
Pulse experiments,pioreactor01,2026-08-16T20:51:25.570Z,0.68546612111,2026-08-17 02:36:25.570,1162.496111111111
Pulse experiments,pioreactor01,2026-08-16T20:51:30.558Z,0.685467962057,2026-08-17 02:36:30.558,1162.4975
Pulse experiments,pioreactor01,2026-08-16T20:51:35.571Z,0.685471799939,2026-08-17 02:36:35.571,1162.498888888889
Pulse experiments,pioreactor01,2026-08-16T20:51:40.575Z,0.685425978662,2026-08-17 02:36:40.575,1162.500277777778
Pulse experiments,pioreactor01,2026-08-16T20:51:45.574Z,0.685395670042,2026-08-17 02:36:45.574,1162.501666666667
Pulse experiments,pioreactor01,2026-08-16T20:51:50.571Z,0.685351323076,2026-08-17 02:36:50.571,1162.503055555556
Pulse experiments,pioreactor01,2026-08-16T20:51:55.598Z,0.685314255598,2026-08-17 02:36:55.598,1162.504444444445
Pulse experiments,pioreactor01,2026-08-16T20:52:00.565Z,0.685294864737,2026-08-17 02:37:00.565,1162.505833333333
Pulse experiments,pioreactor01,2026-08-16T20:52:05.571Z,0.68527936049,2026-08-17 02:37:05.571,1162.507222222222
Pulse experiments,pioreactor01,2026-08-16T20:52:10.561Z,0.685231739208,2026-08-17 02:37:10.561,1162.508611111111
Pulse experiments,pioreactor01,2026-08-16T20:52:15.563Z,0.685228415807,2026-08-17 02:37:15.563,1162.51
Pulse experiments,pioreactor01,2026-08-16T20:52:20.570Z,0.685211620072,2026-08-17 02:37:20.570,1162.511388888889
Pulse experiments,pioreactor01,2026-08-16T20:52:25.558Z,0.685221984907,2026-08-17 02:37:25.558,1162.512777777778
Pulse experiments,pioreactor01,2026-08-16T20:52:30.566Z,0.685225397662,2026-08-17 02:37:30.566,1162.514166666667
Pulse experiments,pioreactor01,2026-08-16T20:52:35.564Z,0.685249721188,2026-08-17 02:37:35.564,1162.515555555555
Pulse experiments,pioreactor01,2026-08-16T20:52:40.562Z,0.685270297285,2026-08-17 02:37:40.562,1162.516944444444
Pulse experiments,pioreactor01,2026-08-16T20:52:45.567Z,0.685260030325,2026-08-17 02:37:45.567,1162.518333333333
Pulse experiments,pioreactor01,2026-08-16T20:52:50.574Z,0.685243293275,2026-08-17 02:37:50.574,1162.519722222222
Pulse experiments,pioreactor01,2026-08-16T20:52:55.567Z,0.685252876822,2026-08-17 02:37:55.567,1162.521111111111
Pulse experiments,pioreactor01,2026-08-16T20:53:00.565Z,0.685251632798,2026-08-17 02:38:00.565,1162.5225
Pulse experiments,pioreactor01,2026-08-16T20:53:05.594Z,0.685214940216,2026-08-17 02:38:05.594,1162.523888888889
Pulse experiments,pioreactor01,2026-08-16T20:53:10.561Z,0.685221817752,2026-08-17 02:38:10.561,1162.525277777778
Pulse experiments,pioreactor01,2026-08-16T20:53:15.563Z,0.685233529498,2026-08-17 02:38:15.563,1162.526666666667
Pulse experiments,pioreactor01,2026-08-16T20:53:20.563Z,0.685236101599,2026-08-17 02:38:20.563,1162.528055555556
Pulse experiments,pioreactor01,2026-08-16T20:53:25.566Z,0.685210509677,2026-08-17 02:38:25.566,1162.529444444444
Pulse experiments,pioreactor01,2026-08-16T20:53:30.578Z,0.685234069507,2026-08-17 02:38:30.578,1162.530833333333
Pulse experiments,pioreactor01,2026-08-16T20:53:35.559Z,0.68525615514,2026-08-17 02:38:35.559,1162.532222222222
Pulse experiments,pioreactor01,2026-08-16T20:53:40.558Z,0.685299406752,2026-08-17 02:38:40.558,1162.533611111111
Pulse experiments,pioreactor01,2026-08-16T20:53:45.550Z,0.685294740494,2026-08-17 02:38:45.550,1162.535
Pulse experiments,pioreactor01,2026-08-16T20:53:50.551Z,0.685286561627,2026-08-17 02:38:50.551,1162.536388888889
Pulse experiments,pioreactor01,2026-08-16T20:53:55.550Z,0.685262081924,2026-08-17 02:38:55.550,1162.537777777778
Pulse experiments,pioreactor01,2026-08-16T20:54:00.549Z,0.685242182821,2026-08-17 02:39:00.549,1162.539166666667
Pulse experiments,pioreactor01,2026-08-16T20:54:05.551Z,0.685218322571,2026-08-17 02:39:05.551,1162.540555555556
Pulse experiments,pioreactor01,2026-08-16T20:54:10.552Z,0.685193869344,2026-08-17 02:39:10.552,1162.541944444444
Pulse experiments,pioreactor01,2026-08-16T20:54:15.551Z,0.685160148674,2026-08-17 02:39:15.551,1162.543333333333
Pulse experiments,pioreactor01,2026-08-16T20:54:20.550Z,0.685097542463,2026-08-17 02:39:20.550,1162.544722222222
Pulse experiments,pioreactor01,2026-08-16T20:54:25.550Z,0.685040598724,2026-08-17 02:39:25.550,1162.546111111111
Pulse experiments,pioreactor01,2026-08-16T20:54:30.551Z,0.684989004262,2026-08-17 02:39:30.551,1162.5475
Pulse experiments,pioreactor01,2026-08-16T20:54:35.550Z,0.684991479739,2026-08-17 02:39:35.550,1162.548888888889
Pulse experiments,pioreactor01,2026-08-16T20:54:40.553Z,0.685007301395,2026-08-17 02:39:40.553,1162.550277777778
Pulse experiments,pioreactor01,2026-08-16T20:54:45.551Z,0.684998392946,2026-08-17 02:39:45.551,1162.551666666667
Pulse experiments,pioreactor01,2026-08-16T20:54:50.550Z,0.685028061346,2026-08-17 02:39:50.550,1162.553055555556
Pulse experiments,pioreactor01,2026-08-16T20:54:55.549Z,0.685038444325,2026-08-17 02:39:55.549,1162.554444444444
Pulse experiments,pioreactor01,2026-08-16T20:55:00.551Z,0.684991832027,2026-08-17 02:40:00.551,1162.555833333333
Pulse experiments,pioreactor01,2026-08-16T20:55:05.553Z,0.684970415009,2026-08-17 02:40:05.553,1162.557222222222
Pulse experiments,pioreactor01,2026-08-16T20:55:10.550Z,0.684963771016,2026-08-17 02:40:10.550,1162.558611111111
Pulse experiments,pioreactor01,2026-08-16T20:55:15.553Z,0.684942270912,2026-08-17 02:40:15.553,1162.56
Pulse experiments,pioreactor01,2026-08-16T20:55:20.550Z,0.684920755187,2026-08-17 02:40:20.550,1162.561388888889
Pulse experiments,pioreactor01,2026-08-16T20:55:25.551Z,0.6849127558,2026-08-17 02:40:25.551,1162.562777777778
Pulse experiments,pioreactor01,2026-08-16T20:55:30.550Z,0.684911725776,2026-08-17 02:40:30.550,1162.564166666667
Pulse experiments,pioreactor01,2026-08-16T20:55:35.549Z,0.684902794611,2026-08-17 02:40:35.549,1162.565555555556
Pulse experiments,pioreactor01,2026-08-16T20:55:40.550Z,0.68487145138,2026-08-17 02:40:40.550,1162.566944444445
Pulse experiments,pioreactor01,2026-08-16T20:55:45.549Z,0.684878998883,2026-08-17 02:40:45.549,1162.568333333333
Pulse experiments,pioreactor01,2026-08-16T20:55:50.550Z,0.684874805342,2026-08-17 02:40:50.550,1162.569722222222
Pulse experiments,pioreactor01,2026-08-16T20:55:55.551Z,0.684885557846,2026-08-17 02:40:55.551,1162.571111111111
Pulse experiments,pioreactor01,2026-08-16T20:56:00.552Z,0.684863887634,2026-08-17 02:41:00.552,1162.5725
Pulse experiments,pioreactor01,2026-08-16T20:56:05.552Z,0.68485027487,2026-08-17 02:41:05.552,1162.573888888889
Pulse experiments,pioreactor01,2026-08-16T20:56:10.551Z,0.68479672334,2026-08-17 02:41:10.551,1162.575277777778
Pulse experiments,pioreactor01,2026-08-16T20:56:15.550Z,0.684724182122,2026-08-17 02:41:15.550,1162.576666666667
Pulse experiments,pioreactor01,2026-08-16T20:56:20.550Z,0.684683756674,2026-08-17 02:41:20.550,1162.578055555555
Pulse experiments,pioreactor01,2026-08-16T20:56:25.550Z,0.684608184115,2026-08-17 02:41:25.550,1162.579444444444
Pulse experiments,pioreactor01,2026-08-16T20:56:30.550Z,0.684517299719,2026-08-17 02:41:30.550,1162.580833333333
Pulse experiments,pioreactor01,2026-08-16T20:56:35.550Z,0.684491163041,2026-08-17 02:41:35.550,1162.582222222222
Pulse experiments,pioreactor01,2026-08-16T20:56:40.550Z,0.684449947142,2026-08-17 02:41:40.550,1162.583611111111
Pulse experiments,pioreactor01,2026-08-16T20:56:45.551Z,0.684382771179,2026-08-17 02:41:45.551,1162.585
Pulse experiments,pioreactor01,2026-08-16T20:56:50.551Z,0.68433713147,2026-08-17 02:41:50.551,1162.586388888889
Pulse experiments,pioreactor01,2026-08-16T20:56:55.551Z,0.684311409457,2026-08-17 02:41:55.551,1162.587777777778
Pulse experiments,pioreactor01,2026-08-16T20:57:00.550Z,0.684265544032,2026-08-17 02:42:00.550,1162.589166666667
Pulse experiments,pioreactor01,2026-08-16T20:57:05.551Z,0.684161655716,2026-08-17 02:42:05.551,1162.590555555556
Pulse experiments,pioreactor01,2026-08-16T20:57:10.550Z,0.684081512708,2026-08-17 02:42:10.550,1162.591944444444
Pulse experiments,pioreactor01,2026-08-16T20:57:15.552Z,0.683991497011,2026-08-17 02:42:15.552,1162.593333333333
Pulse experiments,pioreactor01,2026-08-16T20:57:25.550Z,0.683917688789,2026-08-17 02:42:25.550,1162.596111111111
Pulse experiments,pioreactor01,2026-08-16T20:57:30.551Z,0.683864430782,2026-08-17 02:42:30.551,1162.5975
Pulse experiments,pioreactor01,2026-08-16T20:57:35.551Z,0.683803605883,2026-08-17 02:42:35.551,1162.598888888889
Pulse experiments,pioreactor01,2026-08-16T20:57:45.552Z,0.683717588084,2026-08-17 02:42:45.552,1162.601666666667
Pulse experiments,pioreactor01,2026-08-16T20:57:50.549Z,0.683628007868,2026-08-17 02:42:50.549,1162.603055555556
Pulse experiments,pioreactor01,2026-08-16T20:58:00.551Z,0.683527166907,2026-08-17 02:43:00.551,1162.605833333333
Pulse experiments,pioreactor01,2026-08-16T20:58:05.550Z,0.683459419397,2026-08-17 02:43:05.550,1162.607222222222
Pulse experiments,pioreactor01,2026-08-16T20:58:10.550Z,0.683371758472,2026-08-17 02:43:10.550,1162.608611111111
Pulse experiments,pioreactor01,2026-08-16T20:58:15.550Z,0.683269701771,2026-08-17 02:43:15.550,1162.61
Pulse experiments,pioreactor01,2026-08-16T20:58:20.550Z,0.683174111645,2026-08-17 02:43:20.550,1162.611388888889
Pulse experiments,pioreactor01,2026-08-16T20:58:25.551Z,0.683051901507,2026-08-17 02:43:25.551,1162.612777777778
Pulse experiments,pioreactor01,2026-08-16T20:58:30.550Z,0.682992969556,2026-08-17 02:43:30.550,1162.614166666667
Pulse experiments,pioreactor01,2026-08-16T20:58:35.553Z,0.682876698493,2026-08-17 02:43:35.553,1162.615555555556
Pulse experiments,pioreactor01,2026-08-16T20:58:40.552Z,0.682749423617,2026-08-17 02:43:40.552,1162.616944444444
Pulse experiments,pioreactor01,2026-08-16T20:58:45.552Z,0.682678025605,2026-08-17 02:43:45.552,1162.618333333333
Pulse experiments,pioreactor01,2026-08-16T20:58:50.550Z,0.682588399139,2026-08-17 02:43:50.550,1162.619722222222
Pulse experiments,pioreactor01,2026-08-16T20:58:55.554Z,0.68248230966,2026-08-17 02:43:55.554,1162.621111111111
Pulse experiments,pioreactor01,2026-08-16T20:59:00.549Z,0.682393082218,2026-08-17 02:44:00.549,1162.6225
Pulse experiments,pioreactor01,2026-08-16T20:59:05.552Z,0.682316329751,2026-08-17 02:44:05.552,1162.623888888889
Pulse experiments,pioreactor01,2026-08-16T20:59:10.553Z,0.682223359544,2026-08-17 02:44:10.553,1162.625277777778
Pulse experiments,pioreactor01,2026-08-16T20:59:15.550Z,0.682152828601,2026-08-17 02:44:15.550,1162.626666666667
Pulse experiments,pioreactor01,2026-08-16T20:59:20.554Z,0.682107907739,2026-08-17 02:44:20.554,1162.628055555556
Pulse experiments,pioreactor01,2026-08-16T20:59:25.551Z,0.682016975714,2026-08-17 02:44:25.551,1162.629444444445
Pulse experiments,pioreactor01,2026-08-16T20:59:30.549Z,0.681964253875,2026-08-17 02:44:30.549,1162.630833333333
Pulse experiments,pioreactor01,2026-08-16T20:59:35.550Z,0.681909169544,2026-08-17 02:44:35.550,1162.632222222222
Pulse experiments,pioreactor01,2026-08-16T20:59:40.551Z,0.681873199887,2026-08-17 02:44:40.551,1162.633611111111
Pulse experiments,pioreactor01,2026-08-16T20:59:45.550Z,0.681763296181,2026-08-17 02:44:45.550,1162.635
Pulse experiments,pioreactor01,2026-08-16T20:59:50.550Z,0.681679014363,2026-08-17 02:44:50.550,1162.636388888889
Pulse experiments,pioreactor01,2026-08-16T20:59:55.552Z,0.681605518919,2026-08-17 02:44:55.552,1162.637777777778
Pulse experiments,pioreactor01,2026-08-16T21:00:00.553Z,0.681514678534,2026-08-17 02:45:00.553,1162.639166666667
Pulse experiments,pioreactor01,2026-08-16T21:00:05.549Z,0.681444798858,2026-08-17 02:45:05.549,1162.640555555555
Pulse experiments,pioreactor01,2026-08-16T21:00:10.551Z,0.681388556562,2026-08-17 02:45:10.551,1162.641944444444
Pulse experiments,pioreactor01,2026-08-16T21:00:15.555Z,0.681330292807,2026-08-17 02:45:15.555,1162.643333333333
Pulse experiments,pioreactor01,2026-08-16T21:00:20.550Z,0.681289840605,2026-08-17 02:45:20.550,1162.644722222222
Pulse experiments,pioreactor01,2026-08-16T21:00:25.551Z,0.681246813722,2026-08-17 02:45:25.551,1162.646111111111
Pulse experiments,pioreactor01,2026-08-16T21:00:30.551Z,0.681209370843,2026-08-17 02:45:30.551,1162.6475
Pulse experiments,pioreactor01,2026-08-16T21:00:35.551Z,0.68117207537,2026-08-17 02:45:35.551,1162.648888888889
Pulse experiments,pioreactor01,2026-08-16T21:00:40.551Z,0.681136406562,2026-08-17 02:45:40.551,1162.650277777778
Pulse experiments,pioreactor01,2026-08-16T21:00:45.550Z,0.681093447317,2026-08-17 02:45:45.550,1162.651666666667
Pulse experiments,pioreactor01,2026-08-16T21:00:50.550Z,0.681062873342,2026-08-17 02:45:50.550,1162.653055555556
Pulse experiments,pioreactor01,2026-08-16T21:00:55.549Z,0.680979602582,2026-08-17 02:45:55.549,1162.654444444444
Pulse experiments,pioreactor01,2026-08-16T21:01:00.551Z,0.680933244203,2026-08-17 02:46:00.551,1162.655833333333
Pulse experiments,pioreactor01,2026-08-16T21:01:05.550Z,0.680877014718,2026-08-17 02:46:05.550,1162.657222222222
Pulse experiments,pioreactor01,2026-08-16T21:01:10.551Z,0.680867099508,2026-08-17 02:46:10.551,1162.658611111111
Pulse experiments,pioreactor01,2026-08-16T21:01:15.554Z,0.680847685229,2026-08-17 02:46:15.554,1162.66
Pulse experiments,pioreactor01,2026-08-16T21:01:20.554Z,0.680802993699,2026-08-17 02:46:20.554,1162.661388888889
Pulse experiments,pioreactor01,2026-08-16T21:01:25.552Z,0.680772103897,2026-08-17 02:46:25.552,1162.662777777778
Pulse experiments,pioreactor01,2026-08-16T21:01:30.550Z,0.680742723186,2026-08-17 02:46:30.550,1162.664166666667
Pulse experiments,pioreactor01,2026-08-16T21:01:35.551Z,0.680727045382,2026-08-17 02:46:35.551,1162.665555555556
Pulse experiments,pioreactor01,2026-08-16T21:01:40.550Z,0.680678708427,2026-08-17 02:46:40.550,1162.666944444444
Pulse experiments,pioreactor01,2026-08-16T21:01:45.548Z,0.680623714127,2026-08-17 02:46:45.548,1162.668333333333
Pulse experiments,pioreactor01,2026-08-16T21:01:50.551Z,0.680561366565,2026-08-17 02:46:50.551,1162.669722222222
Pulse experiments,pioreactor01,2026-08-16T21:01:55.549Z,0.680535226581,2026-08-17 02:46:55.549,1162.671111111111
Pulse experiments,pioreactor01,2026-08-16T21:02:00.552Z,0.680504662694,2026-08-17 02:47:00.552,1162.6725
Pulse experiments,pioreactor01,2026-08-16T21:02:05.550Z,0.680471070879,2026-08-17 02:47:05.550,1162.673888888889
Pulse experiments,pioreactor01,2026-08-16T21:02:10.549Z,0.680416255065,2026-08-17 02:47:10.549,1162.675277777778
Pulse experiments,pioreactor01,2026-08-16T21:02:15.550Z,0.680367320425,2026-08-17 02:47:15.550,1162.676666666667
Pulse experiments,pioreactor01,2026-08-16T21:02:20.551Z,0.68030386012,2026-08-17 02:47:20.551,1162.678055555556
Pulse experiments,pioreactor01,2026-08-16T21:02:25.550Z,0.680281095912,2026-08-17 02:47:25.550,1162.679444444444
Pulse experiments,pioreactor01,2026-08-16T21:02:30.553Z,0.680270479948,2026-08-17 02:47:30.553,1162.680833333333
Pulse experiments,pioreactor01,2026-08-16T21:02:35.550Z,0.680258278694,2026-08-17 02:47:35.550,1162.682222222222
Pulse experiments,pioreactor01,2026-08-16T21:02:40.551Z,0.680250888143,2026-08-17 02:47:40.551,1162.683611111111
Pulse experiments,pioreactor01,2026-08-16T21:02:50.552Z,0.680205097559,2026-08-17 02:47:50.552,1162.686388888889
Pulse experiments,pioreactor01,2026-08-16T21:02:55.550Z,0.680176564234,2026-08-17 02:47:55.550,1162.687777777778
Pulse experiments,pioreactor01,2026-08-16T21:03:00.553Z,0.680147215288,2026-08-17 02:48:00.553,1162.689166666667
Pulse experiments,pioreactor01,2026-08-16T21:03:05.550Z,0.680095903496,2026-08-17 02:48:05.550,1162.690555555556
Pulse experiments,pioreactor01,2026-08-16T21:03:10.553Z,0.680018567048,2026-08-17 02:48:10.553,1162.691944444445
Pulse experiments,pioreactor01,2026-08-16T21:03:15.555Z,0.679976074755,2026-08-17 02:48:15.555,1162.693333333333
Pulse experiments,pioreactor01,2026-08-16T21:03:20.552Z,0.679976608443,2026-08-17 02:48:20.552,1162.694722222222
Pulse experiments,pioreactor01,2026-08-16T21:03:25.550Z,0.679965875275,2026-08-17 02:48:25.550,1162.696111111111
Pulse experiments,pioreactor01,2026-08-16T21:03:30.551Z,0.679911691143,2026-08-17 02:48:30.551,1162.6975
Pulse experiments,pioreactor01,2026-08-16T21:03:35.552Z,0.679841378274,2026-08-17 02:48:35.552,1162.698888888889
Pulse experiments,pioreactor01,2026-08-16T21:03:40.552Z,0.679817411385,2026-08-17 02:48:40.552,1162.700277777778
Pulse experiments,pioreactor01,2026-08-16T21:03:45.554Z,0.679770394855,2026-08-17 02:48:45.554,1162.701666666667
Pulse experiments,pioreactor01,2026-08-16T21:03:50.552Z,0.679708635273,2026-08-17 02:48:50.552,1162.703055555555
Pulse experiments,pioreactor01,2026-08-16T21:03:55.550Z,0.679632138807,2026-08-17 02:48:55.550,1162.704444444444
Pulse experiments,pioreactor01,2026-08-16T21:04:00.549Z,0.679596907767,2026-08-17 02:49:00.549,1162.705833333333
Pulse experiments,pioreactor01,2026-08-16T21:04:05.551Z,0.679565789982,2026-08-17 02:49:05.551,1162.707222222222
Pulse experiments,pioreactor01,2026-08-16T21:04:10.549Z,0.679543045587,2026-08-17 02:49:10.549,1162.708611111111
Pulse experiments,pioreactor01,2026-08-16T21:04:15.551Z,0.679478367533,2026-08-17 02:49:15.551,1162.71
Pulse experiments,pioreactor01,2026-08-16T21:04:20.552Z,0.679418815622,2026-08-17 02:49:20.552,1162.711388888889
Pulse experiments,pioreactor01,2026-08-16T21:04:25.550Z,0.679349643028,2026-08-17 02:49:25.550,1162.712777777778
Pulse experiments,pioreactor01,2026-08-16T21:04:30.549Z,0.679321039844,2026-08-17 02:49:30.549,1162.714166666667
Pulse experiments,pioreactor01,2026-08-16T21:04:35.554Z,0.679279875745,2026-08-17 02:49:35.554,1162.715555555556
Pulse experiments,pioreactor01,2026-08-16T21:04:40.549Z,0.679269447957,2026-08-17 02:49:40.549,1162.716944444444
Pulse experiments,pioreactor01,2026-08-16T21:04:45.551Z,0.679248454999,2026-08-17 02:49:45.551,1162.718333333333
Pulse experiments,pioreactor01,2026-08-16T21:04:50.550Z,0.67921140625,2026-08-17 02:49:50.550,1162.719722222222
Pulse experiments,pioreactor01,2026-08-16T21:04:55.550Z,0.679161310781,2026-08-17 02:49:55.550,1162.721111111111
Pulse experiments,pioreactor01,2026-08-16T21:05:00.551Z,0.679129181884,2026-08-17 02:50:00.551,1162.7225
Pulse experiments,pioreactor01,2026-08-16T21:05:05.550Z,0.679074220535,2026-08-17 02:50:05.550,1162.723888888889
Pulse experiments,pioreactor01,2026-08-16T21:05:10.548Z,0.679041218204,2026-08-17 02:50:10.548,1162.725277777778
Pulse experiments,pioreactor01,2026-08-16T21:05:15.554Z,0.679025457618,2026-08-17 02:50:15.554,1162.726666666667
Pulse experiments,pioreactor01,2026-08-16T21:05:20.550Z,0.679019409085,2026-08-17 02:50:20.550,1162.728055555556
Pulse experiments,pioreactor01,2026-08-16T21:05:25.550Z,0.679021650964,2026-08-17 02:50:25.550,1162.729444444444
Pulse experiments,pioreactor01,2026-08-16T21:05:30.549Z,0.678982261231,2026-08-17 02:50:30.549,1162.730833333333
Pulse experiments,pioreactor01,2026-08-16T21:05:35.552Z,0.678951077343,2026-08-17 02:50:35.552,1162.732222222222
Pulse experiments,pioreactor01,2026-08-16T21:05:40.549Z,0.678926049128,2026-08-17 02:50:40.549,1162.733611111111
Pulse experiments,pioreactor01,2026-08-16T21:05:45.552Z,0.678906191739,2026-08-17 02:50:45.552,1162.735
Pulse experiments,pioreactor01,2026-08-16T21:05:50.549Z,0.67884439816,2026-08-17 02:50:50.549,1162.736388888889
Pulse experiments,pioreactor01,2026-08-16T21:05:55.549Z,0.678770336304,2026-08-17 02:50:55.549,1162.737777777778
Pulse experiments,pioreactor01,2026-08-16T21:06:00.549Z,0.678708093403,2026-08-17 02:51:00.549,1162.739166666667
Pulse experiments,pioreactor01,2026-08-16T21:06:05.551Z,0.678641602271,2026-08-17 02:51:05.551,1162.740555555556
Pulse experiments,pioreactor01,2026-08-16T21:06:10.549Z,0.678567770994,2026-08-17 02:51:10.549,1162.741944444444
Pulse experiments,pioreactor01,2026-08-16T21:06:15.551Z,0.67849794858,2026-08-17 02:51:15.551,1162.743333333333
Pulse experiments,pioreactor01,2026-08-16T21:06:20.549Z,0.678438523957,2026-08-17 02:51:20.549,1162.744722222222
Pulse experiments,pioreactor01,2026-08-16T21:06:25.551Z,0.678344108433,2026-08-17 02:51:25.551,1162.746111111111
Pulse experiments,pioreactor01,2026-08-16T21:06:30.550Z,0.678278570969,2026-08-17 02:51:30.550,1162.7475
Pulse experiments,pioreactor01,2026-08-16T21:06:35.550Z,0.678225228023,2026-08-17 02:51:35.550,1162.748888888889
Pulse experiments,pioreactor01,2026-08-16T21:06:40.552Z,0.678171112017,2026-08-17 02:51:40.552,1162.750277777778
Pulse experiments,pioreactor01,2026-08-16T21:06:45.549Z,0.678108868169,2026-08-17 02:51:45.549,1162.751666666667
Pulse experiments,pioreactor01,2026-08-16T21:06:50.552Z,0.678033647659,2026-08-17 02:51:50.552,1162.753055555556
Pulse experiments,pioreactor01,2026-08-16T21:06:55.553Z,0.677964686172,2026-08-17 02:51:55.553,1162.754444444445
Pulse experiments,pioreactor01,2026-08-16T21:07:00.552Z,0.677883065541,2026-08-17 02:52:00.552,1162.755833333333
Pulse experiments,pioreactor01,2026-08-16T21:07:05.551Z,0.677765948289,2026-08-17 02:52:05.551,1162.757222222222
Pulse experiments,pioreactor01,2026-08-16T21:07:10.550Z,0.677674097103,2026-08-17 02:52:10.550,1162.758611111111
Pulse experiments,pioreactor01,2026-08-16T21:07:15.550Z,0.677617897302,2026-08-17 02:52:15.550,1162.76
Pulse experiments,pioreactor01,2026-08-16T21:07:20.550Z,0.677547414707,2026-08-17 02:52:20.550,1162.761388888889
Pulse experiments,pioreactor01,2026-08-16T21:07:25.549Z,0.677472334551,2026-08-17 02:52:25.549,1162.762777777778
Pulse experiments,pioreactor01,2026-08-16T21:07:30.551Z,0.677410452548,2026-08-17 02:52:30.551,1162.764166666667
Pulse experiments,pioreactor01,2026-08-16T21:07:35.552Z,0.677383023326,2026-08-17 02:52:35.552,1162.765555555555
Pulse experiments,pioreactor01,2026-08-16T21:07:40.552Z,0.677331237006,2026-08-17 02:52:40.552,1162.766944444444
Pulse experiments,pioreactor01,2026-08-16T21:07:45.552Z,0.677276406808,2026-08-17 02:52:45.552,1162.768333333333
Pulse experiments,pioreactor01,2026-08-16T21:07:50.550Z,0.6772498392,2026-08-17 02:52:50.550,1162.769722222222
Pulse experiments,pioreactor01,2026-08-16T21:07:55.550Z,0.677216235441,2026-08-17 02:52:55.550,1162.771111111111
Pulse experiments,pioreactor01,2026-08-16T21:08:05.550Z,0.677103850911,2026-08-17 02:53:05.550,1162.773888888889
Pulse experiments,pioreactor01,2026-08-16T21:08:10.549Z,0.677063678483,2026-08-17 02:53:10.549,1162.775277777778
Pulse experiments,pioreactor01,2026-08-16T21:08:15.551Z,0.677038502412,2026-08-17 02:53:15.551,1162.776666666667
Pulse experiments,pioreactor01,2026-08-16T21:08:20.552Z,0.676996165785,2026-08-17 02:53:20.552,1162.778055555556
Pulse experiments,pioreactor01,2026-08-16T21:08:25.551Z,0.676925584718,2026-08-17 02:53:25.551,1162.779444444444
Pulse experiments,pioreactor01,2026-08-16T21:08:35.553Z,0.676852162547,2026-08-17 02:53:35.553,1162.782222222222
Pulse experiments,pioreactor01,2026-08-16T21:08:40.552Z,0.676823111003,2026-08-17 02:53:40.552,1162.783611111111
Pulse experiments,pioreactor01,2026-08-16T21:08:45.555Z,0.676806655565,2026-08-17 02:53:45.555,1162.785
Pulse experiments,pioreactor01,2026-08-16T21:08:50.551Z,0.676736527531,2026-08-17 02:53:50.551,1162.786388888889
Pulse experiments,pioreactor01,2026-08-16T21:08:55.551Z,0.676686976159,2026-08-17 02:53:55.551,1162.787777777778
Pulse experiments,pioreactor01,2026-08-16T21:09:00.551Z,0.676663388655,2026-08-17 02:54:00.551,1162.789166666667
Pulse experiments,pioreactor01,2026-08-16T21:09:05.551Z,0.676648682729,2026-08-17 02:54:05.551,1162.790555555556
Pulse experiments,pioreactor01,2026-08-16T21:09:10.551Z,0.67662051894,2026-08-17 02:54:10.551,1162.791944444444
Pulse experiments,pioreactor01,2026-08-16T21:09:15.549Z,0.67658273168,2026-08-17 02:54:15.549,1162.793333333333
Pulse experiments,pioreactor01,2026-08-16T21:09:20.552Z,0.676561194698,2026-08-17 02:54:20.552,1162.794722222222
Pulse experiments,pioreactor01,2026-08-16T21:09:25.551Z,0.676530670748,2026-08-17 02:54:25.551,1162.796111111111
Pulse experiments,pioreactor01,2026-08-16T21:09:30.549Z,0.676489818731,2026-08-17 02:54:30.549,1162.7975
Pulse experiments,pioreactor01,2026-08-16T21:09:35.551Z,0.676415253789,2026-08-17 02:54:35.551,1162.798888888889
Pulse experiments,pioreactor01,2026-08-16T21:09:40.549Z,0.676359956302,2026-08-17 02:54:40.549,1162.800277777778
Pulse experiments,pioreactor01,2026-08-16T21:09:45.549Z,0.676285876582,2026-08-17 02:54:45.549,1162.801666666667
Pulse experiments,pioreactor01,2026-08-16T21:09:50.550Z,0.676228338845,2026-08-17 02:54:50.550,1162.803055555556
Pulse experiments,pioreactor01,2026-08-16T21:10:00.552Z,0.676135562963,2026-08-17 02:55:00.552,1162.805833333333
Pulse experiments,pioreactor01,2026-08-16T21:10:05.551Z,0.676103697251,2026-08-17 02:55:05.551,1162.807222222222
Pulse experiments,pioreactor01,2026-08-16T21:10:10.549Z,0.676065380655,2026-08-17 02:55:10.549,1162.808611111111
Pulse experiments,pioreactor01,2026-08-16T21:10:15.551Z,0.676026970951,2026-08-17 02:55:15.551,1162.81
Pulse experiments,pioreactor01,2026-08-16T21:10:20.549Z,0.676005914963,2026-08-17 02:55:20.549,1162.811388888889
Pulse experiments,pioreactor01,2026-08-16T21:10:25.553Z,0.675979710004,2026-08-17 02:55:25.553,1162.812777777778
Pulse experiments,pioreactor01,2026-08-16T21:10:30.550Z,0.675962619017,2026-08-17 02:55:30.550,1162.814166666667
Pulse experiments,pioreactor01,2026-08-16T21:10:35.549Z,0.675947702194,2026-08-17 02:55:35.549,1162.815555555556
Pulse experiments,pioreactor01,2026-08-16T21:10:40.550Z,0.675903692984,2026-08-17 02:55:40.550,1162.816944444445
Pulse experiments,pioreactor01,2026-08-16T21:10:50.550Z,0.675825653838,2026-08-17 02:55:50.550,1162.819722222222
Pulse experiments,pioreactor01,2026-08-16T21:10:55.552Z,0.675779228586,2026-08-17 02:55:55.552,1162.821111111111
Pulse experiments,pioreactor01,2026-08-16T21:11:00.552Z,0.675764436552,2026-08-17 02:56:00.552,1162.8225
Pulse experiments,pioreactor01,2026-08-16T21:11:05.551Z,0.675744806422,2026-08-17 02:56:05.551,1162.823888888889
Pulse experiments,pioreactor01,2026-08-16T21:11:10.552Z,0.675715786232,2026-08-17 02:56:10.552,1162.825277777778
Pulse experiments,pioreactor01,2026-08-16T21:11:15.550Z,0.67570067542,2026-08-17 02:56:15.550,1162.826666666667
Pulse experiments,pioreactor01,2026-08-16T21:11:20.551Z,0.675678531445,2026-08-17 02:56:20.551,1162.828055555555
Pulse experiments,pioreactor01,2026-08-16T21:11:25.550Z,0.675653504889,2026-08-17 02:56:25.550,1162.829444444444
Pulse experiments,pioreactor01,2026-08-16T21:11:30.551Z,0.675630104508,2026-08-17 02:56:30.551,1162.830833333333
Pulse experiments,pioreactor01,2026-08-16T21:11:35.551Z,0.675557303058,2026-08-17 02:56:35.551,1162.832222222222
Pulse experiments,pioreactor01,2026-08-16T21:11:40.550Z,0.67552783525,2026-08-17 02:56:40.550,1162.833611111111
Pulse experiments,pioreactor01,2026-08-16T21:11:45.553Z,0.67552089401,2026-08-17 02:56:45.553,1162.835
Pulse experiments,pioreactor01,2026-08-16T21:11:50.550Z,0.675537503987,2026-08-17 02:56:50.550,1162.836388888889
Pulse experiments,pioreactor01,2026-08-16T21:11:55.551Z,0.67553092535,2026-08-17 02:56:55.551,1162.837777777778
Pulse experiments,pioreactor01,2026-08-16T21:12:00.549Z,0.675528071058,2026-08-17 02:57:00.549,1162.839166666667
Pulse experiments,pioreactor01,2026-08-16T21:12:05.551Z,0.675496661404,2026-08-17 02:57:05.551,1162.840555555556
Pulse experiments,pioreactor01,2026-08-16T21:12:10.549Z,0.675494476962,2026-08-17 02:57:10.549,1162.841944444444
Pulse experiments,pioreactor01,2026-08-16T21:12:15.551Z,0.675498289975,2026-08-17 02:57:15.551,1162.843333333333
Pulse experiments,pioreactor01,2026-08-16T21:12:20.551Z,0.675477831058,2026-08-17 02:57:20.551,1162.844722222222
Pulse experiments,pioreactor01,2026-08-16T21:12:25.550Z,0.675424565632,2026-08-17 02:57:25.550,1162.846111111111
Pulse experiments,pioreactor01,2026-08-16T21:12:30.551Z,0.675381487582,2026-08-17 02:57:30.551,1162.8475
Pulse experiments,pioreactor01,2026-08-16T21:12:35.551Z,0.675385967923,2026-08-17 02:57:35.551,1162.848888888889
Pulse experiments,pioreactor01,2026-08-16T21:12:40.550Z,0.675400515146,2026-08-17 02:57:40.550,1162.850277777778
Pulse experiments,pioreactor01,2026-08-16T21:12:45.550Z,0.675388275535,2026-08-17 02:57:45.550,1162.851666666667
Pulse experiments,pioreactor01,2026-08-16T21:12:50.550Z,0.675392579299,2026-08-17 02:57:50.550,1162.853055555556
Pulse experiments,pioreactor01,2026-08-16T21:12:55.551Z,0.675411927358,2026-08-17 02:57:55.551,1162.854444444444
Pulse experiments,pioreactor01,2026-08-16T21:13:00.551Z,0.675415297034,2026-08-17 02:58:00.551,1162.855833333333
Pulse experiments,pioreactor01,2026-08-16T21:13:05.552Z,0.675432385759,2026-08-17 02:58:05.552,1162.857222222222
Pulse experiments,pioreactor01,2026-08-16T21:13:10.549Z,0.675445404062,2026-08-17 02:58:10.549,1162.858611111111
Pulse experiments,pioreactor01,2026-08-16T21:13:15.549Z,0.675447760293,2026-08-17 02:58:15.549,1162.86
Pulse experiments,pioreactor01,2026-08-16T21:13:20.551Z,0.675445732077,2026-08-17 02:58:20.551,1162.861388888889
Pulse experiments,pioreactor01,2026-08-16T21:13:25.550Z,0.675456060035,2026-08-17 02:58:25.550,1162.862777777778
Pulse experiments,pioreactor01,2026-08-16T21:13:30.551Z,0.675475454215,2026-08-17 02:58:30.551,1162.864166666667
Pulse experiments,pioreactor01,2026-08-16T21:13:35.550Z,0.675476501097,2026-08-17 02:58:35.550,1162.865555555556
Pulse experiments,pioreactor01,2026-08-16T21:13:40.550Z,0.675449013469,2026-08-17 02:58:40.550,1162.866944444444
Pulse experiments,pioreactor01,2026-08-16T21:13:45.550Z,0.675435455367,2026-08-17 02:58:45.550,1162.868333333333
Pulse experiments,pioreactor01,2026-08-16T21:13:50.549Z,0.675441516076,2026-08-17 02:58:50.549,1162.869722222222
Pulse experiments,pioreactor01,2026-08-16T21:13:55.552Z,0.675417095818,2026-08-17 02:58:55.552,1162.871111111111
Pulse experiments,pioreactor01,2026-08-16T21:14:00.550Z,0.675412249971,2026-08-17 02:59:00.550,1162.8725
Pulse experiments,pioreactor01,2026-08-16T21:14:05.549Z,0.675433227977,2026-08-17 02:59:05.549,1162.873888888889
Pulse experiments,pioreactor01,2026-08-16T21:14:10.551Z,0.675450701675,2026-08-17 02:59:10.551,1162.875277777778
Pulse experiments,pioreactor01,2026-08-16T21:14:15.550Z,0.675439518422,2026-08-17 02:59:15.550,1162.876666666667
Pulse experiments,pioreactor01,2026-08-16T21:14:25.550Z,0.675425306007,2026-08-17 02:59:25.550,1162.879444444445
Pulse experiments,pioreactor01,2026-08-16T21:14:30.550Z,0.675436570214,2026-08-17 02:59:30.550,1162.880833333333
Pulse experiments,pioreactor01,2026-08-16T21:14:35.551Z,0.675432663237,2026-08-17 02:59:35.551,1162.882222222222
Pulse experiments,pioreactor01,2026-08-16T21:14:40.549Z,0.675418578361,2026-08-17 02:59:40.549,1162.883611111111
Pulse experiments,pioreactor01,2026-08-16T21:14:45.550Z,0.675433576611,2026-08-17 02:59:45.550,1162.885
Pulse experiments,pioreactor01,2026-08-16T21:14:50.555Z,0.675413756466,2026-08-17 02:59:50.555,1162.886388888889
Pulse experiments,pioreactor01,2026-08-16T21:14:55.550Z,0.675409917755,2026-08-17 02:59:55.550,1162.887777777778
Pulse experiments,pioreactor01,2026-08-16T21:15:00.553Z,0.675387751681,2026-08-17 03:00:00.553,1162.889166666667
Pulse experiments,pioreactor01,2026-08-16T21:15:05.549Z,0.675355529,2026-08-17 03:00:05.549,1162.890555555555
Pulse experiments,pioreactor01,2026-08-16T21:15:10.550Z,0.675324377617,2026-08-17 03:00:10.550,1162.891944444444
Pulse experiments,pioreactor01,2026-08-16T21:15:15.550Z,0.675358902366,2026-08-17 03:00:15.550,1162.893333333333
Pulse experiments,pioreactor01,2026-08-16T21:15:20.551Z,0.67536697803,2026-08-17 03:00:20.551,1162.894722222222
Pulse experiments,pioreactor01,2026-08-16T21:15:25.550Z,0.675362525813,2026-08-17 03:00:25.550,1162.896111111111
Pulse experiments,pioreactor01,2026-08-16T21:15:30.552Z,0.675371062075,2026-08-17 03:00:30.552,1162.8975
Pulse experiments,pioreactor01,2026-08-16T21:15:35.551Z,0.675387883491,2026-08-17 03:00:35.551,1162.898888888889
Pulse experiments,pioreactor01,2026-08-16T21:15:40.551Z,0.675406611576,2026-08-17 03:00:40.551,1162.900277777778
Pulse experiments,pioreactor01,2026-08-16T21:15:45.550Z,0.675408452096,2026-08-17 03:00:45.550,1162.901666666667
Pulse experiments,pioreactor01,2026-08-16T21:15:55.551Z,0.675388578737,2026-08-17 03:00:55.551,1162.904444444444
Pulse experiments,pioreactor01,2026-08-16T21:16:00.550Z,0.675398391535,2026-08-17 03:01:00.550,1162.905833333333
Pulse experiments,pioreactor01,2026-08-16T21:16:05.549Z,0.67540986498,2026-08-17 03:01:05.549,1162.907222222222
Pulse experiments,pioreactor01,2026-08-16T21:16:10.549Z,0.675440677263,2026-08-17 03:01:10.549,1162.908611111111
Pulse experiments,pioreactor01,2026-08-16T21:16:15.549Z,0.675435779117,2026-08-17 03:01:15.549,1162.91
Pulse experiments,pioreactor01,2026-08-16T21:16:20.549Z,0.675465699555,2026-08-17 03:01:20.549,1162.911388888889
Pulse experiments,pioreactor01,2026-08-16T21:16:25.553Z,0.675483283956,2026-08-17 03:01:25.553,1162.912777777778
Pulse experiments,pioreactor01,2026-08-16T21:16:35.551Z,0.675461390088,2026-08-17 03:01:35.551,1162.915555555556
Pulse experiments,pioreactor01,2026-08-16T21:16:40.549Z,0.675467593566,2026-08-17 03:01:40.549,1162.916944444444
Pulse experiments,pioreactor01,2026-08-16T21:16:45.549Z,0.675478763147,2026-08-17 03:01:45.549,1162.918333333333
Pulse experiments,pioreactor01,2026-08-16T21:16:50.550Z,0.675487833486,2026-08-17 03:01:50.550,1162.919722222222
Pulse experiments,pioreactor01,2026-08-16T21:16:55.552Z,0.675531707166,2026-08-17 03:01:55.552,1162.921111111111
Pulse experiments,pioreactor01,2026-08-16T21:17:00.551Z,0.675523640653,2026-08-17 03:02:00.551,1162.9225
Pulse experiments,pioreactor01,2026-08-16T21:17:05.551Z,0.675518429859,2026-08-17 03:02:05.551,1162.923888888889
Pulse experiments,pioreactor01,2026-08-16T21:17:10.550Z,0.675498279568,2026-08-17 03:02:10.550,1162.925277777778
Pulse experiments,pioreactor01,2026-08-16T21:17:15.551Z,0.6755044548,2026-08-17 03:02:15.551,1162.926666666667
Pulse experiments,pioreactor01,2026-08-16T21:17:20.553Z,0.675518900858,2026-08-17 03:02:20.553,1162.928055555556
Pulse experiments,pioreactor01,2026-08-16T21:17:25.551Z,0.675496486887,2026-08-17 03:02:25.551,1162.929444444444
Pulse experiments,pioreactor01,2026-08-16T21:17:30.550Z,0.675496345691,2026-08-17 03:02:30.550,1162.930833333333
Pulse experiments,pioreactor01,2026-08-16T21:17:35.549Z,0.675501453049,2026-08-17 03:02:35.549,1162.932222222222
Pulse experiments,pioreactor01,2026-08-16T21:17:40.551Z,0.675493750415,2026-08-17 03:02:40.551,1162.933611111111
Pulse experiments,pioreactor01,2026-08-16T21:17:45.550Z,0.675490820428,2026-08-17 03:02:45.550,1162.935
Pulse experiments,pioreactor01,2026-08-16T21:17:50.549Z,0.675513676002,2026-08-17 03:02:50.549,1162.936388888889
Pulse experiments,pioreactor01,2026-08-16T21:17:55.552Z,0.675494478482,2026-08-17 03:02:55.552,1162.937777777778
Pulse experiments,pioreactor01,2026-08-16T21:18:00.552Z,0.675497716846,2026-08-17 03:03:00.552,1162.939166666667
Pulse experiments,pioreactor01,2026-08-16T21:18:05.550Z,0.675486562371,2026-08-17 03:03:05.550,1162.940555555556
Pulse experiments,pioreactor01,2026-08-16T21:18:15.549Z,0.675473412667,2026-08-17 03:03:15.549,1162.943333333333
Pulse experiments,pioreactor01,2026-08-16T21:18:20.551Z,0.675486460954,2026-08-17 03:03:20.551,1162.944722222222
Pulse experiments,pioreactor01,2026-08-16T21:18:25.550Z,0.675486511647,2026-08-17 03:03:25.550,1162.946111111111
Pulse experiments,pioreactor01,2026-08-16T21:18:30.550Z,0.675499292368,2026-08-17 03:03:30.550,1162.9475
Pulse experiments,pioreactor01,2026-08-16T21:18:35.551Z,0.675501358491,2026-08-17 03:03:35.551,1162.948888888889
Pulse experiments,pioreactor01,2026-08-16T21:18:40.551Z,0.675487749809,2026-08-17 03:03:40.551,1162.950277777778
Pulse experiments,pioreactor01,2026-08-16T21:18:45.550Z,0.675476491979,2026-08-17 03:03:45.550,1162.951666666667
Pulse experiments,pioreactor01,2026-08-16T21:18:50.549Z,0.675477285419,2026-08-17 03:03:50.549,1162.953055555555
Pulse experiments,pioreactor01,2026-08-16T21:18:55.550Z,0.675494324833,2026-08-17 03:03:55.550,1162.954444444444
Pulse experiments,pioreactor01,2026-08-16T21:19:00.550Z,0.675515801293,2026-08-17 03:04:00.550,1162.955833333333
Pulse experiments,pioreactor01,2026-08-16T21:19:05.550Z,0.67553103629,2026-08-17 03:04:05.550,1162.957222222222
Pulse experiments,pioreactor01,2026-08-16T21:19:15.550Z,0.675530348213,2026-08-17 03:04:15.550,1162.96
Pulse experiments,pioreactor01,2026-08-16T21:19:20.551Z,0.675544594246,2026-08-17 03:04:20.551,1162.961388888889
Pulse experiments,pioreactor01,2026-08-16T21:19:25.549Z,0.675556825826,2026-08-17 03:04:25.549,1162.962777777778
Pulse experiments,pioreactor01,2026-08-16T21:19:30.551Z,0.67555452169,2026-08-17 03:04:30.551,1162.964166666667
Pulse experiments,pioreactor01,2026-08-16T21:19:35.550Z,0.675589655602,2026-08-17 03:04:35.550,1162.965555555556
Pulse experiments,pioreactor01,2026-08-16T21:19:40.550Z,0.675626085323,2026-08-17 03:04:40.550,1162.966944444444
Pulse experiments,pioreactor01,2026-08-16T21:19:45.551Z,0.675655607811,2026-08-17 03:04:45.551,1162.968333333333
Pulse experiments,pioreactor01,2026-08-16T21:19:50.551Z,0.675659576516,2026-08-17 03:04:50.551,1162.969722222222
Pulse experiments,pioreactor01,2026-08-16T21:19:55.554Z,0.675665530368,2026-08-17 03:04:55.554,1162.971111111111
Pulse experiments,pioreactor01,2026-08-16T21:20:00.549Z,0.67567158538,2026-08-17 03:05:00.549,1162.9725
Pulse experiments,pioreactor01,2026-08-16T21:20:05.549Z,0.675695227233,2026-08-17 03:05:05.549,1162.973888888889
Pulse experiments,pioreactor01,2026-08-16T21:20:10.551Z,0.675695752193,2026-08-17 03:05:10.551,1162.975277777778
Pulse experiments,pioreactor01,2026-08-16T21:20:15.559Z,0.675702772373,2026-08-17 03:05:15.559,1162.976666666667
Pulse experiments,pioreactor01,2026-08-16T21:20:20.549Z,0.675706334443,2026-08-17 03:05:20.549,1162.978055555556
Pulse experiments,pioreactor01,2026-08-16T21:20:25.551Z,0.675717339813,2026-08-17 03:05:25.551,1162.979444444444
Pulse experiments,pioreactor01,2026-08-16T21:20:30.551Z,0.675709651524,2026-08-17 03:05:30.551,1162.980833333333
Pulse experiments,pioreactor01,2026-08-16T21:20:35.550Z,0.675678296059,2026-08-17 03:05:35.550,1162.982222222222
Pulse experiments,pioreactor01,2026-08-16T21:20:45.552Z,0.675661877316,2026-08-17 03:05:45.552,1162.985
Pulse experiments,pioreactor01,2026-08-16T21:20:50.552Z,0.675672696317,2026-08-17 03:05:50.552,1162.986388888889
Pulse experiments,pioreactor01,2026-08-16T21:20:55.549Z,0.675707545338,2026-08-17 03:05:55.549,1162.987777777778
Pulse experiments,pioreactor01,2026-08-16T21:21:00.551Z,0.675739274932,2026-08-17 03:06:00.551,1162.989166666667
Pulse experiments,pioreactor01,2026-08-16T21:21:05.551Z,0.675765884621,2026-08-17 03:06:05.551,1162.990555555556
Pulse experiments,pioreactor01,2026-08-16T21:21:10.550Z,0.675807309384,2026-08-17 03:06:10.550,1162.991944444444
Pulse experiments,pioreactor01,2026-08-16T21:21:15.550Z,0.675824787807,2026-08-17 03:06:15.550,1162.993333333333
Pulse experiments,pioreactor01,2026-08-16T21:21:20.553Z,0.675835594872,2026-08-17 03:06:20.553,1162.994722222222
Pulse experiments,pioreactor01,2026-08-16T21:21:25.550Z,0.675856070658,2026-08-17 03:06:25.550,1162.996111111111
Pulse experiments,pioreactor01,2026-08-16T21:21:30.550Z,0.67588343589,2026-08-17 03:06:30.550,1162.9975
Pulse experiments,pioreactor01,2026-08-16T21:21:35.551Z,0.675883942682,2026-08-17 03:06:35.551,1162.998888888889
Pulse experiments,pioreactor01,2026-08-16T21:21:40.551Z,0.675869221243,2026-08-17 03:06:40.551,1163.000277777778
Pulse experiments,pioreactor01,2026-08-16T21:21:45.550Z,0.675865637388,2026-08-17 03:06:45.550,1163.001666666667
Pulse experiments,pioreactor01,2026-08-16T21:21:50.551Z,0.675862698899,2026-08-17 03:06:50.551,1163.003055555556
Pulse experiments,pioreactor01,2026-08-16T21:21:55.550Z,0.675904552281,2026-08-17 03:06:55.550,1163.004444444445
Pulse experiments,pioreactor01,2026-08-16T21:22:00.550Z,0.675911087108,2026-08-17 03:07:00.550,1163.005833333333
Pulse experiments,pioreactor01,2026-08-16T21:22:05.551Z,0.675934374825,2026-08-17 03:07:05.551,1163.007222222222
Pulse experiments,pioreactor01,2026-08-16T21:22:10.549Z,0.675944542663,2026-08-17 03:07:10.549,1163.008611111111
Pulse experiments,pioreactor01,2026-08-16T21:22:15.551Z,0.675951093482,2026-08-17 03:07:15.551,1163.01
Pulse experiments,pioreactor01,2026-08-16T21:22:20.549Z,0.675952774334,2026-08-17 03:07:20.549,1163.011388888889
Pulse experiments,pioreactor01,2026-08-16T21:22:25.552Z,0.675982890239,2026-08-17 03:07:25.552,1163.012777777778
Pulse experiments,pioreactor01,2026-08-16T21:22:30.551Z,0.676033833544,2026-08-17 03:07:30.551,1163.014166666667
Pulse experiments,pioreactor01,2026-08-16T21:22:35.549Z,0.676066449653,2026-08-17 03:07:35.549,1163.015555555555
Pulse experiments,pioreactor01,2026-08-16T21:22:40.550Z,0.67610067956,2026-08-17 03:07:40.550,1163.016944444444
Pulse experiments,pioreactor01,2026-08-16T21:22:45.552Z,0.676121521654,2026-08-17 03:07:45.552,1163.018333333333
Pulse experiments,pioreactor01,2026-08-16T21:22:50.550Z,0.676141705878,2026-08-17 03:07:50.550,1163.019722222222
Pulse experiments,pioreactor01,2026-08-16T21:22:55.549Z,0.676153741979,2026-08-17 03:07:55.549,1163.021111111111
Pulse experiments,pioreactor01,2026-08-16T21:23:00.550Z,0.676181355527,2026-08-17 03:08:00.550,1163.0225
Pulse experiments,pioreactor01,2026-08-16T21:23:05.551Z,0.676209886483,2026-08-17 03:08:05.551,1163.023888888889
Pulse experiments,pioreactor01,2026-08-16T21:23:10.552Z,0.676231068443,2026-08-17 03:08:10.552,1163.025277777778
Pulse experiments,pioreactor01,2026-08-16T21:23:15.550Z,0.676272726155,2026-08-17 03:08:15.550,1163.026666666667
Pulse experiments,pioreactor01,2026-08-16T21:23:20.553Z,0.676286914666,2026-08-17 03:08:20.553,1163.028055555556
Pulse experiments,pioreactor01,2026-08-16T21:23:25.550Z,0.676284791819,2026-08-17 03:08:25.550,1163.029444444444
Pulse experiments,pioreactor01,2026-08-16T21:23:30.551Z,0.676271011597,2026-08-17 03:08:30.551,1163.030833333333
Pulse experiments,pioreactor01,2026-08-16T21:23:35.550Z,0.676285436379,2026-08-17 03:08:35.550,1163.032222222222
Pulse experiments,pioreactor01,2026-08-16T21:23:40.551Z,0.676296325693,2026-08-17 03:08:40.551,1163.033611111111
Pulse experiments,pioreactor01,2026-08-16T21:23:45.549Z,0.676300965156,2026-08-17 03:08:45.549,1163.035
Pulse experiments,pioreactor01,2026-08-16T21:23:50.549Z,0.676299125277,2026-08-17 03:08:50.549,1163.036388888889
Pulse experiments,pioreactor01,2026-08-16T21:23:55.549Z,0.676327386877,2026-08-17 03:08:55.549,1163.037777777778
Pulse experiments,pioreactor01,2026-08-16T21:24:00.549Z,0.676334152839,2026-08-17 03:09:00.549,1163.039166666667
Pulse experiments,pioreactor01,2026-08-16T21:24:05.553Z,0.676380412459,2026-08-17 03:09:05.553,1163.040555555556
Pulse experiments,pioreactor01,2026-08-16T21:24:10.552Z,0.676421312418,2026-08-17 03:09:10.552,1163.041944444444
Pulse experiments,pioreactor01,2026-08-16T21:24:15.550Z,0.676433114978,2026-08-17 03:09:15.550,1163.043333333333
Pulse experiments,pioreactor01,2026-08-16T21:24:25.551Z,0.676441233682,2026-08-17 03:09:25.551,1163.046111111111
Pulse experiments,pioreactor01,2026-08-16T21:24:30.550Z,0.676463253709,2026-08-17 03:09:30.550,1163.0475
Pulse experiments,pioreactor01,2026-08-16T21:24:35.550Z,0.67647781867,2026-08-17 03:09:35.550,1163.048888888889
Pulse experiments,pioreactor01,2026-08-16T21:24:40.551Z,0.67647374605,2026-08-17 03:09:40.551,1163.050277777778
Pulse experiments,pioreactor01,2026-08-16T21:24:45.551Z,0.676477190116,2026-08-17 03:09:45.551,1163.051666666667
Pulse experiments,pioreactor01,2026-08-16T21:24:50.551Z,0.676493319222,2026-08-17 03:09:50.551,1163.053055555556
Pulse experiments,pioreactor01,2026-08-16T21:24:55.553Z,0.67648026956,2026-08-17 03:09:55.553,1163.054444444444
Pulse experiments,pioreactor01,2026-08-16T21:25:00.549Z,0.676484628443,2026-08-17 03:10:00.549,1163.055833333333
Pulse experiments,pioreactor01,2026-08-16T21:25:05.549Z,0.67649727303,2026-08-17 03:10:05.549,1163.057222222222
Pulse experiments,pioreactor01,2026-08-16T21:25:10.551Z,0.676512703785,2026-08-17 03:10:10.551,1163.058611111111
Pulse experiments,pioreactor01,2026-08-16T21:25:15.552Z,0.676525031767,2026-08-17 03:10:15.552,1163.06
Pulse experiments,pioreactor01,2026-08-16T21:25:20.552Z,0.676530839138,2026-08-17 03:10:20.552,1163.061388888889
Pulse experiments,pioreactor01,2026-08-16T21:25:25.549Z,0.676540284036,2026-08-17 03:10:25.549,1163.062777777778
Pulse experiments,pioreactor01,2026-08-16T21:25:30.552Z,0.676564940158,2026-08-17 03:10:30.552,1163.064166666667
Pulse experiments,pioreactor01,2026-08-16T21:25:35.549Z,0.676582936361,2026-08-17 03:10:35.549,1163.065555555556
Pulse experiments,pioreactor01,2026-08-16T21:25:40.550Z,0.67659781154,2026-08-17 03:10:40.550,1163.066944444445
Pulse experiments,pioreactor01,2026-08-16T21:25:45.551Z,0.676610509823,2026-08-17 03:10:45.551,1163.068333333333
Pulse experiments,pioreactor01,2026-08-16T21:25:50.551Z,0.676616640213,2026-08-17 03:10:50.551,1163.069722222222
Pulse experiments,pioreactor01,2026-08-16T21:25:55.549Z,0.676622515816,2026-08-17 03:10:55.549,1163.071111111111
Pulse experiments,pioreactor01,2026-08-16T21:26:00.549Z,0.676656128477,2026-08-17 03:11:00.549,1163.0725
Pulse experiments,pioreactor01,2026-08-16T21:26:05.551Z,0.676667923887,2026-08-17 03:11:05.551,1163.073888888889
Pulse experiments,pioreactor01,2026-08-16T21:26:10.549Z,0.676697769988,2026-08-17 03:11:10.549,1163.075277777778
Pulse experiments,pioreactor01,2026-08-16T21:26:15.549Z,0.676725568946,2026-08-17 03:11:15.549,1163.076666666667
Pulse experiments,pioreactor01,2026-08-16T21:26:20.550Z,0.676746885463,2026-08-17 03:11:20.550,1163.078055555555
Pulse experiments,pioreactor01,2026-08-16T21:26:25.550Z,0.676781036386,2026-08-17 03:11:25.550,1163.079444444444
Pulse experiments,pioreactor01,2026-08-16T21:26:30.549Z,0.676818610375,2026-08-17 03:11:30.549,1163.080833333333
Pulse experiments,pioreactor01,2026-08-16T21:26:35.551Z,0.676862211934,2026-08-17 03:11:35.551,1163.082222222222
Pulse experiments,pioreactor01,2026-08-16T21:26:40.549Z,0.67690005883,2026-08-17 03:11:40.549,1163.083611111111
Pulse experiments,pioreactor01,2026-08-16T21:26:50.551Z,0.676918960989,2026-08-17 03:11:50.551,1163.086388888889
Pulse experiments,pioreactor01,2026-08-16T21:26:55.551Z,0.676939960295,2026-08-17 03:11:55.551,1163.087777777778
Pulse experiments,pioreactor01,2026-08-16T21:27:00.551Z,0.676958441631,2026-08-17 03:12:00.551,1163.089166666667
Pulse experiments,pioreactor01,2026-08-16T21:27:05.550Z,0.676974682129,2026-08-17 03:12:05.550,1163.090555555556
Pulse experiments,pioreactor01,2026-08-16T21:27:10.549Z,0.676987753333,2026-08-17 03:12:10.549,1163.091944444444
Pulse experiments,pioreactor01,2026-08-16T21:27:15.552Z,0.676994386293,2026-08-17 03:12:15.552,1163.093333333333
Pulse experiments,pioreactor01,2026-08-16T21:27:20.549Z,0.676989008858,2026-08-17 03:12:20.549,1163.094722222222
Pulse experiments,pioreactor01,2026-08-16T21:27:25.551Z,0.677006561025,2026-08-17 03:12:25.551,1163.096111111111
Pulse experiments,pioreactor01,2026-08-16T21:27:30.551Z,0.677008704201,2026-08-17 03:12:30.551,1163.0975
Pulse experiments,pioreactor01,2026-08-16T21:27:35.550Z,0.677016705104,2026-08-17 03:12:35.550,1163.098888888889
Pulse experiments,pioreactor01,2026-08-16T21:27:40.551Z,0.677023978006,2026-08-17 03:12:40.551,1163.100277777778
Pulse experiments,pioreactor01,2026-08-16T21:27:45.554Z,0.677048061795,2026-08-17 03:12:45.554,1163.101666666667
Pulse experiments,pioreactor01,2026-08-16T21:27:50.551Z,0.677058504028,2026-08-17 03:12:50.551,1163.103055555556
Pulse experiments,pioreactor01,2026-08-16T21:27:55.553Z,0.677097181282,2026-08-17 03:12:55.553,1163.104444444444
Pulse experiments,pioreactor01,2026-08-16T21:28:00.551Z,0.677130816363,2026-08-17 03:13:00.551,1163.105833333333
Pulse experiments,pioreactor01,2026-08-16T21:28:05.550Z,0.677127363883,2026-08-17 03:13:05.550,1163.107222222222
Pulse experiments,pioreactor01,2026-08-16T21:28:10.550Z,0.677135453369,2026-08-17 03:13:10.550,1163.108611111111
Pulse experiments,pioreactor01,2026-08-16T21:28:15.552Z,0.677134034599,2026-08-17 03:13:15.552,1163.11
Pulse experiments,pioreactor01,2026-08-16T21:28:20.553Z,0.677145159673,2026-08-17 03:13:20.553,1163.111388888889
Pulse experiments,pioreactor01,2026-08-16T21:28:30.551Z,0.677144651729,2026-08-17 03:13:30.551,1163.114166666667
Pulse experiments,pioreactor01,2026-08-16T21:28:35.555Z,0.677153786119,2026-08-17 03:13:35.555,1163.115555555556
Pulse experiments,pioreactor01,2026-08-16T21:28:40.550Z,0.677170636815,2026-08-17 03:13:40.550,1163.116944444444
Pulse experiments,pioreactor01,2026-08-16T21:28:45.552Z,0.677179045992,2026-08-17 03:13:45.552,1163.118333333333
Pulse experiments,pioreactor01,2026-08-16T21:28:50.549Z,0.677188087782,2026-08-17 03:13:50.549,1163.119722222222
Pulse experiments,pioreactor01,2026-08-16T21:29:00.551Z,0.677211647284,2026-08-17 03:14:00.551,1163.1225
Pulse experiments,pioreactor01,2026-08-16T21:29:05.551Z,0.677220431114,2026-08-17 03:14:05.551,1163.123888888889
Pulse experiments,pioreactor01,2026-08-16T21:29:10.551Z,0.677225981544,2026-08-17 03:14:10.551,1163.125277777778
Pulse experiments,pioreactor01,2026-08-16T21:29:15.552Z,0.677230925145,2026-08-17 03:14:15.552,1163.126666666667
Pulse experiments,pioreactor01,2026-08-16T21:29:20.551Z,0.677264934625,2026-08-17 03:14:20.551,1163.128055555556
Pulse experiments,pioreactor01,2026-08-16T21:29:25.550Z,0.677299073493,2026-08-17 03:14:25.550,1163.129444444445
Pulse experiments,pioreactor01,2026-08-16T21:29:30.551Z,0.67731868403,2026-08-17 03:14:30.551,1163.130833333333
Pulse experiments,pioreactor01,2026-08-16T21:29:35.550Z,0.677340818297,2026-08-17 03:14:35.550,1163.132222222222
Pulse experiments,pioreactor01,2026-08-16T21:29:40.549Z,0.677362672619,2026-08-17 03:14:40.549,1163.133611111111
Pulse experiments,pioreactor01,2026-08-16T21:29:45.551Z,0.677412136049,2026-08-17 03:14:45.551,1163.135
Pulse experiments,pioreactor01,2026-08-16T21:29:50.549Z,0.67742042151,2026-08-17 03:14:50.549,1163.136388888889
Pulse experiments,pioreactor01,2026-08-16T21:29:55.552Z,0.677435365627,2026-08-17 03:14:55.552,1163.137777777778
Pulse experiments,pioreactor01,2026-08-16T21:30:00.551Z,0.677465014609,2026-08-17 03:15:00.551,1163.139166666667
Pulse experiments,pioreactor01,2026-08-16T21:30:05.551Z,0.677498330361,2026-08-17 03:15:05.551,1163.140555555555
Pulse experiments,pioreactor01,2026-08-16T21:30:10.551Z,0.677533987889,2026-08-17 03:15:10.551,1163.141944444444
Pulse experiments,pioreactor01,2026-08-16T21:30:15.553Z,0.677538781669,2026-08-17 03:15:15.553,1163.143333333333
Pulse experiments,pioreactor01,2026-08-16T21:30:20.551Z,0.67756234178,2026-08-17 03:15:20.551,1163.144722222222
Pulse experiments,pioreactor01,2026-08-16T21:30:25.550Z,0.677597396557,2026-08-17 03:15:25.550,1163.146111111111
Pulse experiments,pioreactor01,2026-08-16T21:30:30.552Z,0.677622047466,2026-08-17 03:15:30.552,1163.1475
Pulse experiments,pioreactor01,2026-08-16T21:30:35.551Z,0.67767390463,2026-08-17 03:15:35.551,1163.148888888889
Pulse experiments,pioreactor01,2026-08-16T21:30:40.550Z,0.677715575227,2026-08-17 03:15:40.550,1163.150277777778
Pulse experiments,pioreactor01,2026-08-16T21:30:45.551Z,0.677737862232,2026-08-17 03:15:45.551,1163.151666666667
Pulse experiments,pioreactor01,2026-08-16T21:30:50.550Z,0.677727290254,2026-08-17 03:15:50.550,1163.153055555556
Pulse experiments,pioreactor01,2026-08-16T21:30:55.549Z,0.677737082646,2026-08-17 03:15:55.549,1163.154444444444
Pulse experiments,pioreactor01,2026-08-16T21:31:00.552Z,0.677748655261,2026-08-17 03:16:00.552,1163.155833333333
Pulse experiments,pioreactor01,2026-08-16T21:31:05.551Z,0.677790746954,2026-08-17 03:16:05.551,1163.157222222222
Pulse experiments,pioreactor01,2026-08-16T21:31:10.551Z,0.677821278448,2026-08-17 03:16:10.551,1163.158611111111
Pulse experiments,pioreactor01,2026-08-16T21:31:15.549Z,0.677847191812,2026-08-17 03:16:15.549,1163.16
Pulse experiments,pioreactor01,2026-08-16T21:31:20.551Z,0.677887238116,2026-08-17 03:16:20.551,1163.161388888889
Pulse experiments,pioreactor01,2026-08-16T21:31:25.551Z,0.677915041882,2026-08-17 03:16:25.551,1163.162777777778
Pulse experiments,pioreactor01,2026-08-16T21:31:35.551Z,0.677930766912,2026-08-17 03:16:35.551,1163.165555555556
Pulse experiments,pioreactor01,2026-08-16T21:31:40.550Z,0.677960629003,2026-08-17 03:16:40.550,1163.166944444444
Pulse experiments,pioreactor01,2026-08-16T21:31:45.553Z,0.677989334728,2026-08-17 03:16:45.553,1163.168333333333
Pulse experiments,pioreactor01,2026-08-16T21:31:50.549Z,0.678020376297,2026-08-17 03:16:50.549,1163.169722222222
Pulse experiments,pioreactor01,2026-08-16T21:31:55.549Z,0.678047976809,2026-08-17 03:16:55.549,1163.171111111111
Pulse experiments,pioreactor01,2026-08-16T21:32:00.551Z,0.678094090714,2026-08-17 03:17:00.551,1163.1725
Pulse experiments,pioreactor01,2026-08-16T21:32:05.549Z,0.678127823472,2026-08-17 03:17:05.549,1163.173888888889
Pulse experiments,pioreactor01,2026-08-16T21:32:10.553Z,0.678161485693,2026-08-17 03:17:10.553,1163.175277777778
Pulse experiments,pioreactor01,2026-08-16T21:32:15.551Z,0.678165121165,2026-08-17 03:17:15.551,1163.176666666667
Pulse experiments,pioreactor01,2026-08-16T21:32:20.550Z,0.678164369092,2026-08-17 03:17:20.550,1163.178055555556
Pulse experiments,pioreactor01,2026-08-16T21:32:25.550Z,0.678175190099,2026-08-17 03:17:25.550,1163.179444444444
Pulse experiments,pioreactor01,2026-08-16T21:32:30.552Z,0.678188392879,2026-08-17 03:17:30.552,1163.180833333333
Pulse experiments,pioreactor01,2026-08-16T21:32:35.550Z,0.678196020668,2026-08-17 03:17:35.550,1163.182222222222
Pulse experiments,pioreactor01,2026-08-16T21:32:40.551Z,0.678215645926,2026-08-17 03:17:40.551,1163.183611111111
Pulse experiments,pioreactor01,2026-08-16T21:32:45.554Z,0.678261938674,2026-08-17 03:17:45.554,1163.185
Pulse experiments,pioreactor01,2026-08-16T21:32:50.550Z,0.67828728266,2026-08-17 03:17:50.550,1163.186388888889
Pulse experiments,pioreactor01,2026-08-16T21:33:00.551Z,0.678305640703,2026-08-17 03:18:00.551,1163.189166666667
Pulse experiments,pioreactor01,2026-08-16T21:33:05.549Z,0.678342161002,2026-08-17 03:18:05.549,1163.190555555556
Pulse experiments,pioreactor01,2026-08-16T21:33:10.551Z,0.678351087594,2026-08-17 03:18:10.551,1163.191944444445
Pulse experiments,pioreactor01,2026-08-16T21:33:15.553Z,0.678379347915,2026-08-17 03:18:15.553,1163.193333333333
Pulse experiments,pioreactor01,2026-08-16T21:33:20.552Z,0.678403951352,2026-08-17 03:18:20.552,1163.194722222222
Pulse experiments,pioreactor01,2026-08-16T21:33:25.550Z,0.678434649562,2026-08-17 03:18:25.550,1163.196111111111
Pulse experiments,pioreactor01,2026-08-16T21:33:35.550Z,0.678478113485,2026-08-17 03:18:35.550,1163.198888888889
Pulse experiments,pioreactor01,2026-08-16T21:33:40.552Z,0.678528518366,2026-08-17 03:18:40.552,1163.200277777778
Pulse experiments,pioreactor01,2026-08-16T21:33:45.553Z,0.678537177253,2026-08-17 03:18:45.553,1163.201666666667
Pulse experiments,pioreactor01,2026-08-16T21:33:50.550Z,0.678575253171,2026-08-17 03:18:50.550,1163.203055555555
Pulse experiments,pioreactor01,2026-08-16T21:33:55.552Z,0.678598758247,2026-08-17 03:18:55.552,1163.204444444444
Pulse experiments,pioreactor01,2026-08-16T21:34:00.550Z,0.678635502972,2026-08-17 03:19:00.550,1163.205833333333
Pulse experiments,pioreactor01,2026-08-16T21:34:05.551Z,0.678675502913,2026-08-17 03:19:05.551,1163.207222222222
Pulse experiments,pioreactor01,2026-08-16T21:34:10.552Z,0.678703777477,2026-08-17 03:19:10.552,1163.208611111111
Pulse experiments,pioreactor01,2026-08-16T21:34:15.550Z,0.678731725357,2026-08-17 03:19:15.550,1163.21
Pulse experiments,pioreactor01,2026-08-16T21:34:20.550Z,0.678750472396,2026-08-17 03:19:20.550,1163.211388888889
Pulse experiments,pioreactor01,2026-08-16T21:34:25.550Z,0.678785114968,2026-08-17 03:19:25.550,1163.212777777778
Pulse experiments,pioreactor01,2026-08-16T21:34:30.549Z,0.678794091163,2026-08-17 03:19:30.549,1163.214166666667
Pulse experiments,pioreactor01,2026-08-16T21:34:35.550Z,0.678790967406,2026-08-17 03:19:35.550,1163.215555555556
Pulse experiments,pioreactor01,2026-08-16T21:34:45.550Z,0.678803424989,2026-08-17 03:19:45.550,1163.218333333333
Pulse experiments,pioreactor01,2026-08-16T21:34:50.553Z,0.678821720731,2026-08-17 03:19:50.553,1163.219722222222
Pulse experiments,pioreactor01,2026-08-16T21:34:55.551Z,0.67883420179,2026-08-17 03:19:55.551,1163.221111111111
Pulse experiments,pioreactor01,2026-08-16T21:35:00.551Z,0.678848806543,2026-08-17 03:20:00.551,1163.2225
Pulse experiments,pioreactor01,2026-08-16T21:35:05.551Z,0.678864519599,2026-08-17 03:20:05.551,1163.223888888889
Pulse experiments,pioreactor01,2026-08-16T21:35:10.549Z,0.678887948993,2026-08-17 03:20:10.549,1163.225277777778
Pulse experiments,pioreactor01,2026-08-16T21:35:15.564Z,0.678913877904,2026-08-17 03:20:15.564,1163.226666666667
Pulse experiments,pioreactor01,2026-08-16T21:35:20.551Z,0.678939495485,2026-08-17 03:20:20.551,1163.228055555556
Pulse experiments,pioreactor01,2026-08-16T21:35:25.550Z,0.678958606916,2026-08-17 03:20:25.550,1163.229444444444
Pulse experiments,pioreactor01,2026-08-16T21:35:30.551Z,0.678996338795,2026-08-17 03:20:30.551,1163.230833333333
Pulse experiments,pioreactor01,2026-08-16T21:35:35.551Z,0.67902238728,2026-08-17 03:20:35.551,1163.232222222222
Pulse experiments,pioreactor01,2026-08-16T21:35:40.553Z,0.679054214932,2026-08-17 03:20:40.553,1163.233611111111
Pulse experiments,pioreactor01,2026-08-16T21:35:50.550Z,0.679074593145,2026-08-17 03:20:50.550,1163.236388888889
Pulse experiments,pioreactor01,2026-08-16T21:35:55.551Z,0.679101852166,2026-08-17 03:20:55.551,1163.237777777778
Pulse experiments,pioreactor01,2026-08-16T21:36:00.551Z,0.679114011306,2026-08-17 03:21:00.551,1163.239166666667
Pulse experiments,pioreactor01,2026-08-16T21:36:05.552Z,0.679131995176,2026-08-17 03:21:05.552,1163.240555555556
Pulse experiments,pioreactor01,2026-08-16T21:36:10.551Z,0.679162536616,2026-08-17 03:21:10.551,1163.241944444444
Pulse experiments,pioreactor01,2026-08-16T21:36:15.551Z,0.679178751232,2026-08-17 03:21:15.551,1163.243333333333
Pulse experiments,pioreactor01,2026-08-16T21:36:20.552Z,0.67922296308,2026-08-17 03:21:20.552,1163.244722222222
Pulse experiments,pioreactor01,2026-08-16T21:36:25.552Z,0.679222023311,2026-08-17 03:21:25.552,1163.246111111111
Pulse experiments,pioreactor01,2026-08-16T21:36:30.551Z,0.679252010837,2026-08-17 03:21:30.551,1163.2475
Pulse experiments,pioreactor01,2026-08-16T21:36:35.549Z,0.679256312081,2026-08-17 03:21:35.549,1163.248888888889
Pulse experiments,pioreactor01,2026-08-16T21:36:40.552Z,0.679284647534,2026-08-17 03:21:40.552,1163.250277777778
Pulse experiments,pioreactor01,2026-08-16T21:36:45.551Z,0.679311354511,2026-08-17 03:21:45.551,1163.251666666667
Pulse experiments,pioreactor01,2026-08-16T21:36:50.550Z,0.679325649576,2026-08-17 03:21:50.550,1163.253055555556
Pulse experiments,pioreactor01,2026-08-16T21:37:00.551Z,0.679358964915,2026-08-17 03:22:00.551,1163.255833333333
Pulse experiments,pioreactor01,2026-08-16T21:37:05.551Z,0.679408153623,2026-08-17 03:22:05.551,1163.257222222222
Pulse experiments,pioreactor01,2026-08-16T21:37:10.549Z,0.679426365538,2026-08-17 03:22:10.549,1163.258611111111
Pulse experiments,pioreactor01,2026-08-16T21:37:15.551Z,0.679435247786,2026-08-17 03:22:15.551,1163.26
Pulse experiments,pioreactor01,2026-08-16T21:37:20.549Z,0.679471553514,2026-08-17 03:22:20.549,1163.261388888889
Pulse experiments,pioreactor01,2026-08-16T21:37:25.549Z,0.67950121562,2026-08-17 03:22:25.549,1163.262777777778
Pulse experiments,pioreactor01,2026-08-16T21:37:30.551Z,0.679535002517,2026-08-17 03:22:30.551,1163.264166666667
Pulse experiments,pioreactor01,2026-08-16T21:37:35.552Z,0.679561943493,2026-08-17 03:22:35.552,1163.265555555555
Pulse experiments,pioreactor01,2026-08-16T21:37:40.549Z,0.679592723778,2026-08-17 03:22:40.549,1163.266944444444
Pulse experiments,pioreactor01,2026-08-16T21:37:45.552Z,0.679606458478,2026-08-17 03:22:45.552,1163.268333333333
Pulse experiments,pioreactor01,2026-08-16T21:37:50.551Z,0.679606540267,2026-08-17 03:22:50.551,1163.269722222222
Pulse experiments,pioreactor01,2026-08-16T21:37:55.554Z,0.679622401082,2026-08-17 03:22:55.554,1163.271111111111
Pulse experiments,pioreactor01,2026-08-16T21:38:00.551Z,0.679661231199,2026-08-17 03:23:00.551,1163.2725
Pulse experiments,pioreactor01,2026-08-16T21:38:05.549Z,0.679702582889,2026-08-17 03:23:05.549,1163.273888888889
Pulse experiments,pioreactor01,2026-08-16T21:38:10.550Z,0.679734128248,2026-08-17 03:23:10.550,1163.275277777778
Pulse experiments,pioreactor01,2026-08-16T21:38:15.549Z,0.679739527256,2026-08-17 03:23:15.549,1163.276666666667
Pulse experiments,pioreactor01,2026-08-16T21:38:20.552Z,0.679750107529,2026-08-17 03:23:20.552,1163.278055555556
Pulse experiments,pioreactor01,2026-08-16T21:38:25.551Z,0.679746545543,2026-08-17 03:23:25.551,1163.279444444444
Pulse experiments,pioreactor01,2026-08-16T21:38:30.551Z,0.679756992481,2026-08-17 03:23:30.551,1163.280833333333
Pulse experiments,pioreactor01,2026-08-16T21:38:35.551Z,0.679765088093,2026-08-17 03:23:35.551,1163.282222222222
Pulse experiments,pioreactor01,2026-08-16T21:38:40.551Z,0.679803073225,2026-08-17 03:23:40.551,1163.283611111111
Pulse experiments,pioreactor01,2026-08-16T21:38:50.552Z,0.679842301202,2026-08-17 03:23:50.552,1163.286388888889
Pulse experiments,pioreactor01,2026-08-16T21:38:55.550Z,0.67986619973,2026-08-17 03:23:55.550,1163.287777777778
Pulse experiments,pioreactor01,2026-08-16T21:39:00.550Z,0.679871599184,2026-08-17 03:24:00.550,1163.289166666667
Pulse experiments,pioreactor01,2026-08-16T21:39:05.550Z,0.679883370841,2026-08-17 03:24:05.550,1163.290555555556
Pulse experiments,pioreactor01,2026-08-16T21:39:10.552Z,0.679914325349,2026-08-17 03:24:10.552,1163.291944444444
Pulse experiments,pioreactor01,2026-08-16T21:39:15.551Z,0.679945876181,2026-08-17 03:24:15.551,1163.293333333333
Pulse experiments,pioreactor01,2026-08-16T21:39:20.550Z,0.679971254115,2026-08-17 03:24:20.550,1163.294722222222
Pulse experiments,pioreactor01,2026-08-16T21:39:25.551Z,0.680011466982,2026-08-17 03:24:25.551,1163.296111111111
Pulse experiments,pioreactor01,2026-08-16T21:39:30.550Z,0.680046811011,2026-08-17 03:24:30.550,1163.2975
Pulse experiments,pioreactor01,2026-08-16T21:39:35.550Z,0.680070643968,2026-08-17 03:24:35.550,1163.298888888889
Pulse experiments,pioreactor01,2026-08-16T21:39:40.550Z,0.680087352627,2026-08-17 03:24:40.550,1163.300277777778
Pulse experiments,pioreactor01,2026-08-16T21:39:50.551Z,0.680108312152,2026-08-17 03:24:50.551,1163.303055555556
Pulse experiments,pioreactor01,2026-08-16T21:39:55.553Z,0.680099663011,2026-08-17 03:24:55.553,1163.304444444444
Pulse experiments,pioreactor01,2026-08-16T21:40:00.549Z,0.680112772164,2026-08-17 03:25:00.549,1163.305833333333
Pulse experiments,pioreactor01,2026-08-16T21:40:05.551Z,0.680130327728,2026-08-17 03:25:05.551,1163.307222222222
Pulse experiments,pioreactor01,2026-08-16T21:40:10.552Z,0.680132559321,2026-08-17 03:25:10.552,1163.308611111111
Pulse experiments,pioreactor01,2026-08-16T21:40:15.551Z,0.680161422683,2026-08-17 03:25:15.551,1163.31
Pulse experiments,pioreactor01,2026-08-16T21:40:20.552Z,0.680204601359,2026-08-17 03:25:20.552,1163.311388888889
Pulse experiments,pioreactor01,2026-08-16T21:40:25.552Z,0.680226799679,2026-08-17 03:25:25.552,1163.312777777778
Pulse experiments,pioreactor01,2026-08-16T21:40:30.551Z,0.680229125644,2026-08-17 03:25:30.551,1163.314166666667
Pulse experiments,pioreactor01,2026-08-16T21:40:35.552Z,0.680241493745,2026-08-17 03:25:35.552,1163.315555555556
Pulse experiments,pioreactor01,2026-08-16T21:40:40.552Z,0.68026688106,2026-08-17 03:25:40.552,1163.316944444445
Pulse experiments,pioreactor01,2026-08-16T21:40:45.553Z,0.680297147449,2026-08-17 03:25:45.553,1163.318333333333
Pulse experiments,pioreactor01,2026-08-16T21:40:50.550Z,0.68032025687,2026-08-17 03:25:50.550,1163.319722222222
Pulse experiments,pioreactor01,2026-08-16T21:40:55.551Z,0.680328150122,2026-08-17 03:25:55.551,1163.321111111111
Pulse experiments,pioreactor01,2026-08-16T21:41:00.551Z,0.680360467601,2026-08-17 03:26:00.551,1163.3225
Pulse experiments,pioreactor01,2026-08-16T21:41:05.551Z,0.680369329311,2026-08-17 03:26:05.551,1163.323888888889
Pulse experiments,pioreactor01,2026-08-16T21:41:15.551Z,0.680401316913,2026-08-17 03:26:15.551,1163.326666666667
Pulse experiments,pioreactor01,2026-08-16T21:41:20.551Z,0.680407275615,2026-08-17 03:26:20.551,1163.328055555555
Pulse experiments,pioreactor01,2026-08-16T21:41:25.550Z,0.680444851507,2026-08-17 03:26:25.550,1163.329444444444
Pulse experiments,pioreactor01,2026-08-16T21:41:30.551Z,0.680480315526,2026-08-17 03:26:30.551,1163.330833333333
Pulse experiments,pioreactor01,2026-08-16T21:41:35.550Z,0.680499469819,2026-08-17 03:26:35.550,1163.332222222222
Pulse experiments,pioreactor01,2026-08-16T21:41:40.550Z,0.680530090541,2026-08-17 03:26:40.550,1163.333611111111
Pulse experiments,pioreactor01,2026-08-16T21:41:45.551Z,0.680543335673,2026-08-17 03:26:45.551,1163.335
Pulse experiments,pioreactor01,2026-08-16T21:41:55.550Z,0.68056280888,2026-08-17 03:26:55.550,1163.337777777778
Pulse experiments,pioreactor01,2026-08-16T21:42:00.551Z,0.680578920339,2026-08-17 03:27:00.551,1163.339166666667
Pulse experiments,pioreactor01,2026-08-16T21:42:05.550Z,0.680598308293,2026-08-17 03:27:05.550,1163.340555555556
Pulse experiments,pioreactor01,2026-08-16T21:42:10.552Z,0.68060983608,2026-08-17 03:27:10.552,1163.341944444444
Pulse experiments,pioreactor01,2026-08-16T21:42:15.551Z,0.680605884489,2026-08-17 03:27:15.551,1163.343333333333
Pulse experiments,pioreactor01,2026-08-16T21:42:20.550Z,0.680595040958,2026-08-17 03:27:20.550,1163.344722222222
Pulse experiments,pioreactor01,2026-08-16T21:42:25.553Z,0.68060561269,2026-08-17 03:27:25.553,1163.346111111111
Pulse experiments,pioreactor01,2026-08-16T21:42:30.554Z,0.68063346237,2026-08-17 03:27:30.554,1163.3475
Pulse experiments,pioreactor01,2026-08-16T21:42:35.550Z,0.680658479563,2026-08-17 03:27:35.550,1163.348888888889
Pulse experiments,pioreactor01,2026-08-16T21:42:40.549Z,0.680675700419,2026-08-17 03:27:40.549,1163.350277777778
Pulse experiments,pioreactor01,2026-08-16T21:42:45.552Z,0.680686717982,2026-08-17 03:27:45.552,1163.351666666667
Pulse experiments,pioreactor01,2026-08-16T21:42:50.550Z,0.680737100334,2026-08-17 03:27:50.550,1163.353055555556
Pulse experiments,pioreactor01,2026-08-16T21:42:55.550Z,0.680772185373,2026-08-17 03:27:55.550,1163.354444444444
Pulse experiments,pioreactor01,2026-08-16T21:43:00.552Z,0.680800036215,2026-08-17 03:28:00.552,1163.355833333333
Pulse experiments,pioreactor01,2026-08-16T21:43:05.551Z,0.68079564146,2026-08-17 03:28:05.551,1163.357222222222
Pulse experiments,pioreactor01,2026-08-16T21:43:10.550Z,0.680800591597,2026-08-17 03:28:10.550,1163.358611111111
Pulse experiments,pioreactor01,2026-08-16T21:43:15.550Z,0.68079202969,2026-08-17 03:28:15.550,1163.36
Pulse experiments,pioreactor01,2026-08-16T21:43:20.552Z,0.680793738074,2026-08-17 03:28:20.552,1163.361388888889
Pulse experiments,pioreactor01,2026-08-16T21:43:25.551Z,0.680778039417,2026-08-17 03:28:25.551,1163.362777777778
Pulse experiments,pioreactor01,2026-08-16T21:43:30.551Z,0.680763419592,2026-08-17 03:28:30.551,1163.364166666667
Pulse experiments,pioreactor01,2026-08-16T21:43:35.552Z,0.680725904249,2026-08-17 03:28:35.552,1163.365555555556
Pulse experiments,pioreactor01,2026-08-16T21:43:40.552Z,0.680739180428,2026-08-17 03:28:40.552,1163.366944444444
Pulse experiments,pioreactor01,2026-08-16T21:43:45.553Z,0.680757339909,2026-08-17 03:28:45.553,1163.368333333333
Pulse experiments,pioreactor01,2026-08-16T21:43:50.550Z,0.680768860846,2026-08-17 03:28:50.550,1163.369722222222
Pulse experiments,pioreactor01,2026-08-16T21:43:55.550Z,0.680781480841,2026-08-17 03:28:55.550,1163.371111111111
Pulse experiments,pioreactor01,2026-08-16T21:44:00.551Z,0.680769439146,2026-08-17 03:29:00.551,1163.3725
Pulse experiments,pioreactor01,2026-08-16T21:44:05.549Z,0.680767489717,2026-08-17 03:29:05.549,1163.373888888889
Pulse experiments,pioreactor01,2026-08-16T21:44:10.550Z,0.680773869875,2026-08-17 03:29:10.550,1163.375277777778
Pulse experiments,pioreactor01,2026-08-16T21:44:15.551Z,0.680791038905,2026-08-17 03:29:15.551,1163.376666666667
Pulse experiments,pioreactor01,2026-08-16T21:44:20.549Z,0.680813295635,2026-08-17 03:29:20.549,1163.378055555556
Pulse experiments,pioreactor01,2026-08-16T21:44:25.552Z,0.680819557612,2026-08-17 03:29:25.552,1163.379444444445
Pulse experiments,pioreactor01,2026-08-16T21:44:30.550Z,0.680840221653,2026-08-17 03:29:30.550,1163.380833333333
Pulse experiments,pioreactor01,2026-08-16T21:44:35.551Z,0.680833935844,2026-08-17 03:29:35.551,1163.382222222222
Pulse experiments,pioreactor01,2026-08-16T21:44:40.550Z,0.680824929713,2026-08-17 03:29:40.550,1163.383611111111
Pulse experiments,pioreactor01,2026-08-16T21:44:45.549Z,0.680826886149,2026-08-17 03:29:45.549,1163.385
Pulse experiments,pioreactor01,2026-08-16T21:44:50.553Z,0.680859992127,2026-08-17 03:29:50.553,1163.386388888889
Pulse experiments,pioreactor01,2026-08-16T21:44:55.550Z,0.68085561776,2026-08-17 03:29:55.550,1163.387777777778
Pulse experiments,pioreactor01,2026-08-16T21:45:00.551Z,0.680852879691,2026-08-17 03:30:00.551,1163.389166666667
Pulse experiments,pioreactor01,2026-08-16T21:45:05.552Z,0.680856321481,2026-08-17 03:30:05.552,1163.390555555555
Pulse experiments,pioreactor01,2026-08-16T21:45:10.549Z,0.680871146694,2026-08-17 03:30:10.549,1163.391944444444
Pulse experiments,pioreactor01,2026-08-16T21:45:15.553Z,0.680886737788,2026-08-17 03:30:15.553,1163.393333333333
Pulse experiments,pioreactor01,2026-08-16T21:45:20.554Z,0.680900412007,2026-08-17 03:30:20.554,1163.394722222222
Pulse experiments,pioreactor01,2026-08-16T21:45:25.551Z,0.68090467924,2026-08-17 03:30:25.551,1163.396111111111
Pulse experiments,pioreactor01,2026-08-16T21:45:30.550Z,0.680924921855,2026-08-17 03:30:30.550,1163.3975
Pulse experiments,pioreactor01,2026-08-16T21:45:35.551Z,0.68095695075,2026-08-17 03:30:35.551,1163.398888888889
Pulse experiments,pioreactor01,2026-08-16T21:45:40.553Z,0.680965812371,2026-08-17 03:30:40.553,1163.400277777778
Pulse experiments,pioreactor01,2026-08-16T21:45:45.552Z,0.680976587482,2026-08-17 03:30:45.552,1163.401666666667
Pulse experiments,pioreactor01,2026-08-16T21:45:50.553Z,0.680991601562,2026-08-17 03:30:50.553,1163.403055555556
Pulse experiments,pioreactor01,2026-08-16T21:45:55.549Z,0.681004900633,2026-08-17 03:30:55.549,1163.404444444444
Pulse experiments,pioreactor01,2026-08-16T21:46:00.549Z,0.681027523061,2026-08-17 03:31:00.549,1163.405833333333
Pulse experiments,pioreactor01,2026-08-16T21:46:05.549Z,0.681040329115,2026-08-17 03:31:05.549,1163.407222222222
Pulse experiments,pioreactor01,2026-08-16T21:46:10.550Z,0.681051110272,2026-08-17 03:31:10.550,1163.408611111111
Pulse experiments,pioreactor01,2026-08-16T21:46:15.549Z,0.681076862196,2026-08-17 03:31:15.549,1163.41
Pulse experiments,pioreactor01,2026-08-16T21:46:20.552Z,0.681088114279,2026-08-17 03:31:20.552,1163.411388888889
Pulse experiments,pioreactor01,2026-08-16T21:46:25.549Z,0.681098499925,2026-08-17 03:31:25.549,1163.412777777778
Pulse experiments,pioreactor01,2026-08-16T21:46:30.550Z,0.681117435834,2026-08-17 03:31:30.550,1163.414166666667
Pulse experiments,pioreactor01,2026-08-16T21:46:35.550Z,0.681143586324,2026-08-17 03:31:35.550,1163.415555555556
Pulse experiments,pioreactor01,2026-08-16T21:46:40.550Z,0.681147925945,2026-08-17 03:31:40.550,1163.416944444444
Pulse experiments,pioreactor01,2026-08-16T21:46:45.550Z,0.681195771795,2026-08-17 03:31:45.550,1163.418333333333
Pulse experiments,pioreactor01,2026-08-16T21:46:50.552Z,0.681224641448,2026-08-17 03:31:50.552,1163.419722222222
Pulse experiments,pioreactor01,2026-08-16T21:46:55.549Z,0.681256447274,2026-08-17 03:31:55.549,1163.421111111111
Pulse experiments,pioreactor01,2026-08-16T21:47:00.554Z,0.681266024547,2026-08-17 03:32:00.554,1163.4225
Pulse experiments,pioreactor01,2026-08-16T21:47:05.553Z,0.681266323002,2026-08-17 03:32:05.553,1163.423888888889
Pulse experiments,pioreactor01,2026-08-16T21:47:10.551Z,0.681286554479,2026-08-17 03:32:10.551,1163.425277777778
Pulse experiments,pioreactor01,2026-08-16T21:47:15.550Z,0.681298519831,2026-08-17 03:32:15.550,1163.426666666667
Pulse experiments,pioreactor01,2026-08-16T21:47:20.551Z,0.681326932459,2026-08-17 03:32:20.551,1163.428055555556
Pulse experiments,pioreactor01,2026-08-16T21:47:25.550Z,0.681359923163,2026-08-17 03:32:25.550,1163.429444444444
Pulse experiments,pioreactor01,2026-08-16T21:47:30.549Z,0.681383660543,2026-08-17 03:32:30.549,1163.430833333333
Pulse experiments,pioreactor01,2026-08-16T21:47:35.551Z,0.681412739032,2026-08-17 03:32:35.551,1163.432222222222
Pulse experiments,pioreactor01,2026-08-16T21:47:40.551Z,0.681408611033,2026-08-17 03:32:40.551,1163.433611111111
Pulse experiments,pioreactor01,2026-08-16T21:47:45.549Z,0.681430243368,2026-08-17 03:32:45.549,1163.435
Pulse experiments,pioreactor01,2026-08-16T21:47:50.551Z,0.681435055775,2026-08-17 03:32:50.551,1163.436388888889
Pulse experiments,pioreactor01,2026-08-16T21:47:55.549Z,0.681428896967,2026-08-17 03:32:55.549,1163.437777777778
Pulse experiments,pioreactor01,2026-08-16T21:48:00.552Z,0.681454978327,2026-08-17 03:33:00.552,1163.439166666667
Pulse experiments,pioreactor01,2026-08-16T21:48:05.550Z,0.681453360161,2026-08-17 03:33:05.550,1163.440555555556
Pulse experiments,pioreactor01,2026-08-16T21:48:10.550Z,0.681457390189,2026-08-17 03:33:10.550,1163.441944444445
Pulse experiments,pioreactor01,2026-08-16T21:48:15.552Z,0.681453125315,2026-08-17 03:33:15.552,1163.443333333333
Pulse experiments,pioreactor01,2026-08-16T21:48:20.551Z,0.681591616004,2026-08-17 03:33:20.551,1163.444722222222
Pulse experiments,pioreactor01,2026-08-16T21:48:25.559Z,0.667855139074,2026-08-17 03:33:25.559,1163.446111111111
Pulse experiments,pioreactor01,2026-08-16T21:48:30.575Z,0.663428677446,2026-08-17 03:33:30.575,1163.4475
Pulse experiments,pioreactor01,2026-08-16T21:48:35.609Z,0.662454902294,2026-08-17 03:33:35.609,1163.448888888889
Pulse experiments,pioreactor01,2026-08-16T21:48:40.557Z,0.662509857919,2026-08-17 03:33:40.557,1163.450277777778
Pulse experiments,pioreactor01,2026-08-16T21:48:45.564Z,0.663047808692,2026-08-17 03:33:45.564,1163.451666666667
Pulse experiments,pioreactor01,2026-08-16T21:48:50.558Z,0.663331708882,2026-08-17 03:33:50.558,1163.453055555555
Pulse experiments,pioreactor01,2026-08-16T21:48:55.561Z,0.663342513258,2026-08-17 03:33:55.561,1163.454444444444
Pulse experiments,pioreactor01,2026-08-16T21:49:00.562Z,0.662710983782,2026-08-17 03:34:00.562,1163.455833333333
Pulse experiments,pioreactor01,2026-08-16T21:49:05.565Z,0.662440583599,2026-08-17 03:34:05.565,1163.457222222222
Pulse experiments,pioreactor01,2026-08-16T21:49:10.566Z,0.662420697384,2026-08-17 03:34:10.566,1163.458611111111
Pulse experiments,pioreactor01,2026-08-16T21:49:20.559Z,0.662514793327,2026-08-17 03:34:20.559,1163.461388888889
Pulse experiments,pioreactor01,2026-08-16T21:49:25.568Z,0.662196705044,2026-08-17 03:34:25.568,1163.462777777778
Pulse experiments,pioreactor01,2026-08-16T21:49:30.559Z,0.662092002871,2026-08-17 03:34:30.559,1163.464166666667
Pulse experiments,pioreactor01,2026-08-16T21:49:35.570Z,0.662207547945,2026-08-17 03:34:35.570,1163.465555555556
Pulse experiments,pioreactor01,2026-08-16T21:49:40.569Z,0.662324743659,2026-08-17 03:34:40.569,1163.466944444444
Pulse experiments,pioreactor01,2026-08-16T21:49:45.572Z,0.662301847983,2026-08-17 03:34:45.572,1163.468333333333
Pulse experiments,pioreactor01,2026-08-16T21:49:50.570Z,0.662446743674,2026-08-17 03:34:50.570,1163.469722222222
Pulse experiments,pioreactor01,2026-08-16T21:49:55.563Z,0.662521241969,2026-08-17 03:34:55.563,1163.471111111111
Pulse experiments,pioreactor01,2026-08-16T21:50:00.561Z,0.662458931121,2026-08-17 03:35:00.561,1163.4725
Pulse experiments,pioreactor01,2026-08-16T21:50:05.563Z,0.662476984737,2026-08-17 03:35:05.563,1163.473888888889
Pulse experiments,pioreactor01,2026-08-16T21:50:10.579Z,0.662489198972,2026-08-17 03:35:10.579,1163.475277777778
Pulse experiments,pioreactor01,2026-08-16T21:50:15.568Z,0.662515857717,2026-08-17 03:35:15.568,1163.476666666667
Pulse experiments,pioreactor01,2026-08-16T21:50:20.562Z,0.662467941064,2026-08-17 03:35:20.562,1163.478055555556
Pulse experiments,pioreactor01,2026-08-16T21:50:25.558Z,0.662458037733,2026-08-17 03:35:25.558,1163.479444444444
Pulse experiments,pioreactor01,2026-08-16T21:50:30.565Z,0.662462451926,2026-08-17 03:35:30.565,1163.480833333333
Pulse experiments,pioreactor01,2026-08-16T21:50:35.560Z,0.662430986916,2026-08-17 03:35:35.560,1163.482222222222
Pulse experiments,pioreactor01,2026-08-16T21:50:40.566Z,0.662350225467,2026-08-17 03:35:40.566,1163.483611111111
Pulse experiments,pioreactor01,2026-08-16T21:50:45.559Z,0.662254533499,2026-08-17 03:35:45.559,1163.485
Pulse experiments,pioreactor01,2026-08-16T21:50:50.564Z,0.66219102579,2026-08-17 03:35:50.564,1163.486388888889
Pulse experiments,pioreactor01,2026-08-16T21:50:55.562Z,0.662082620959,2026-08-17 03:35:55.562,1163.487777777778
Pulse experiments,pioreactor01,2026-08-16T21:51:00.562Z,0.662057519927,2026-08-17 03:36:00.562,1163.489166666667
Pulse experiments,pioreactor01,2026-08-16T21:51:05.563Z,0.662015128919,2026-08-17 03:36:05.563,1163.490555555556
Pulse experiments,pioreactor01,2026-08-16T21:51:10.565Z,0.661972836052,2026-08-17 03:36:10.565,1163.491944444444
Pulse experiments,pioreactor01,2026-08-16T21:51:15.562Z,0.661964070271,2026-08-17 03:36:15.562,1163.493333333333
Pulse experiments,pioreactor01,2026-08-16T21:51:20.560Z,0.661928133923,2026-08-17 03:36:20.560,1163.494722222222
Pulse experiments,pioreactor01,2026-08-16T21:51:25.560Z,0.661906394876,2026-08-17 03:36:25.560,1163.496111111111
Pulse experiments,pioreactor01,2026-08-16T21:51:30.562Z,0.661944755613,2026-08-17 03:36:30.562,1163.4975
Pulse experiments,pioreactor01,2026-08-16T21:51:35.563Z,0.661978188725,2026-08-17 03:36:35.563,1163.498888888889
Pulse experiments,pioreactor01,2026-08-16T21:51:40.557Z,0.662006049316,2026-08-17 03:36:40.557,1163.500277777778
Pulse experiments,pioreactor01,2026-08-16T21:51:45.566Z,0.662038518158,2026-08-17 03:36:45.566,1163.501666666667
Pulse experiments,pioreactor01,2026-08-16T21:51:50.563Z,0.662064512851,2026-08-17 03:36:50.563,1163.503055555556
Pulse experiments,pioreactor01,2026-08-16T21:51:55.565Z,0.662044793004,2026-08-17 03:36:55.565,1163.504444444445
Pulse experiments,pioreactor01,2026-08-16T21:52:00.558Z,0.662037343757,2026-08-17 03:37:00.558,1163.505833333333
Pulse experiments,pioreactor01,2026-08-16T21:52:05.567Z,0.66210377596,2026-08-17 03:37:05.567,1163.507222222222
Pulse experiments,pioreactor01,2026-08-16T21:52:10.572Z,0.662086474461,2026-08-17 03:37:10.572,1163.508611111111
Pulse experiments,pioreactor01,2026-08-16T21:52:15.563Z,0.662092805423,2026-08-17 03:37:15.563,1163.51
Pulse experiments,pioreactor01,2026-08-16T21:52:20.566Z,0.662095199145,2026-08-17 03:37:20.566,1163.511388888889
Pulse experiments,pioreactor01,2026-08-16T21:52:25.562Z,0.662111424255,2026-08-17 03:37:25.562,1163.512777777778
Pulse experiments,pioreactor01,2026-08-16T21:52:30.568Z,0.662146553034,2026-08-17 03:37:30.568,1163.514166666667
Pulse experiments,pioreactor01,2026-08-16T21:52:40.557Z,0.662166754897,2026-08-17 03:37:40.557,1163.516944444444
Pulse experiments,pioreactor01,2026-08-16T21:52:45.564Z,0.662173371206,2026-08-17 03:37:45.564,1163.518333333333
Pulse experiments,pioreactor01,2026-08-16T21:52:50.564Z,0.662142761875,2026-08-17 03:37:50.564,1163.519722222222
Pulse experiments,pioreactor01,2026-08-16T21:52:55.574Z,0.662127405942,2026-08-17 03:37:55.574,1163.521111111111
Pulse experiments,pioreactor01,2026-08-16T21:53:00.562Z,0.662120272625,2026-08-17 03:38:00.562,1163.5225
Pulse experiments,pioreactor01,2026-08-16T21:53:05.568Z,0.662102363053,2026-08-17 03:38:05.568,1163.523888888889
Pulse experiments,pioreactor01,2026-08-16T21:53:10.558Z,0.662075738637,2026-08-17 03:38:10.558,1163.525277777778
Pulse experiments,pioreactor01,2026-08-16T21:53:15.580Z,0.662086379617,2026-08-17 03:38:15.580,1163.526666666667
Pulse experiments,pioreactor01,2026-08-16T21:53:20.563Z,0.662091496126,2026-08-17 03:38:20.563,1163.528055555556
Pulse experiments,pioreactor01,2026-08-16T21:53:25.560Z,0.662112386729,2026-08-17 03:38:25.560,1163.529444444444
Pulse experiments,pioreactor01,2026-08-16T21:53:30.561Z,0.662146805514,2026-08-17 03:38:30.561,1163.530833333333
Pulse experiments,pioreactor01,2026-08-16T21:53:35.568Z,0.662184701586,2026-08-17 03:38:35.568,1163.532222222222
Pulse experiments,pioreactor01,2026-08-16T21:53:40.564Z,0.662207565727,2026-08-17 03:38:40.564,1163.533611111111
Pulse experiments,pioreactor01,2026-08-16T21:53:45.576Z,0.662232364049,2026-08-17 03:38:45.576,1163.535
Pulse experiments,pioreactor01,2026-08-16T21:53:50.550Z,0.66225700571,2026-08-17 03:38:50.550,1163.536388888889
Pulse experiments,pioreactor01,2026-08-16T21:53:55.550Z,0.662267440402,2026-08-17 03:38:55.550,1163.537777777778
Pulse experiments,pioreactor01,2026-08-16T21:54:05.549Z,0.662326255383,2026-08-17 03:39:05.549,1163.540555555556
Pulse experiments,pioreactor01,2026-08-16T21:54:10.550Z,0.66233828943,2026-08-17 03:39:10.550,1163.541944444444
Pulse experiments,pioreactor01,2026-08-16T21:54:15.549Z,0.662351424435,2026-08-17 03:39:15.549,1163.543333333333
Pulse experiments,pioreactor01,2026-08-16T21:54:20.553Z,0.662341054236,2026-08-17 03:39:20.553,1163.544722222222
Pulse experiments,pioreactor01,2026-08-16T21:54:25.550Z,0.662376781098,2026-08-17 03:39:25.550,1163.546111111111
Pulse experiments,pioreactor01,2026-08-16T21:54:30.551Z,0.662404176027,2026-08-17 03:39:30.551,1163.5475
Pulse experiments,pioreactor01,2026-08-16T21:54:35.549Z,0.662406013632,2026-08-17 03:39:35.549,1163.548888888889
Pulse experiments,pioreactor01,2026-08-16T21:54:40.550Z,0.662411813298,2026-08-17 03:39:40.550,1163.550277777778
Pulse experiments,pioreactor01,2026-08-16T21:54:45.549Z,0.662415459963,2026-08-17 03:39:45.549,1163.551666666667
Pulse experiments,pioreactor01,2026-08-16T21:54:50.552Z,0.66240362431,2026-08-17 03:39:50.552,1163.553055555556
Pulse experiments,pioreactor01,2026-08-16T21:54:55.551Z,0.662382367447,2026-08-17 03:39:55.551,1163.554444444444
Pulse experiments,pioreactor01,2026-08-16T21:55:00.551Z,0.662360226088,2026-08-17 03:40:00.551,1163.555833333333
Pulse experiments,pioreactor01,2026-08-16T21:55:05.551Z,0.66232974044,2026-08-17 03:40:05.551,1163.557222222222
Pulse experiments,pioreactor01,2026-08-16T21:55:10.550Z,0.662304643261,2026-08-17 03:40:10.550,1163.558611111111
Pulse experiments,pioreactor01,2026-08-16T21:55:15.552Z,0.66226321811,2026-08-17 03:40:15.552,1163.56
Pulse experiments,pioreactor01,2026-08-16T21:55:20.550Z,0.662264436838,2026-08-17 03:40:20.550,1163.561388888889
Pulse experiments,pioreactor01,2026-08-16T21:55:25.552Z,0.662241900619,2026-08-17 03:40:25.552,1163.562777777778
Pulse experiments,pioreactor01,2026-08-16T21:55:30.549Z,0.662214055391,2026-08-17 03:40:30.549,1163.564166666667
Pulse experiments,pioreactor01,2026-08-16T21:55:35.550Z,0.662162603882,2026-08-17 03:40:35.550,1163.565555555556
Pulse experiments,pioreactor01,2026-08-16T21:55:40.550Z,0.66212281783,2026-08-17 03:40:40.550,1163.566944444445
Pulse experiments,pioreactor01,2026-08-16T21:55:45.552Z,0.662099296703,2026-08-17 03:40:45.552,1163.568333333333
Pulse experiments,pioreactor01,2026-08-16T21:55:50.550Z,0.662079909383,2026-08-17 03:40:50.550,1163.569722222222
Pulse experiments,pioreactor01,2026-08-16T21:55:55.552Z,0.662010343576,2026-08-17 03:40:55.552,1163.571111111111
Pulse experiments,pioreactor01,2026-08-16T21:56:00.551Z,0.661955922599,2026-08-17 03:41:00.551,1163.5725
Pulse experiments,pioreactor01,2026-08-16T21:56:05.549Z,0.661902559816,2026-08-17 03:41:05.549,1163.573888888889
Pulse experiments,pioreactor01,2026-08-16T21:56:10.551Z,0.66187483883,2026-08-17 03:41:10.551,1163.575277777778
Pulse experiments,pioreactor01,2026-08-16T21:56:15.552Z,0.66177912624,2026-08-17 03:41:15.552,1163.576666666667
Pulse experiments,pioreactor01,2026-08-16T21:56:20.550Z,0.661728582213,2026-08-17 03:41:20.550,1163.578055555555
Pulse experiments,pioreactor01,2026-08-16T21:56:25.552Z,0.661688109894,2026-08-17 03:41:25.552,1163.579444444444
Pulse experiments,pioreactor01,2026-08-16T21:56:30.549Z,0.661705715741,2026-08-17 03:41:30.549,1163.580833333333
Pulse experiments,pioreactor01,2026-08-16T21:56:35.549Z,0.661648538071,2026-08-17 03:41:35.549,1163.582222222222
Pulse experiments,pioreactor01,2026-08-16T21:56:40.549Z,0.661613423333,2026-08-17 03:41:40.549,1163.583611111111
Pulse experiments,pioreactor01,2026-08-16T21:56:45.551Z,0.66159831628,2026-08-17 03:41:45.551,1163.585
Pulse experiments,pioreactor01,2026-08-16T21:56:50.551Z,0.661553059824,2026-08-17 03:41:50.551,1163.586388888889
Pulse experiments,pioreactor01,2026-08-16T21:56:55.550Z,0.661502646863,2026-08-17 03:41:55.550,1163.587777777778
Pulse experiments,pioreactor01,2026-08-16T21:57:00.551Z,0.661457064313,2026-08-17 03:42:00.551,1163.589166666667
Pulse experiments,pioreactor01,2026-08-16T21:57:05.550Z,0.661379716318,2026-08-17 03:42:05.550,1163.590555555556
Pulse experiments,pioreactor01,2026-08-16T21:57:10.549Z,0.661340128461,2026-08-17 03:42:10.549,1163.591944444444
Pulse experiments,pioreactor01,2026-08-16T21:57:15.553Z,0.661258063663,2026-08-17 03:42:15.553,1163.593333333333
Pulse experiments,pioreactor01,2026-08-16T21:57:20.549Z,0.661171051808,2026-08-17 03:42:20.549,1163.594722222222
Pulse experiments,pioreactor01,2026-08-16T21:57:25.553Z,0.661092387469,2026-08-17 03:42:25.553,1163.596111111111
Pulse experiments,pioreactor01,2026-08-16T21:57:30.550Z,0.661028957814,2026-08-17 03:42:30.550,1163.5975
Pulse experiments,pioreactor01,2026-08-16T21:57:35.551Z,0.660988889715,2026-08-17 03:42:35.551,1163.598888888889
Pulse experiments,pioreactor01,2026-08-16T21:57:40.550Z,0.660947989131,2026-08-17 03:42:40.550,1163.600277777778
Pulse experiments,pioreactor01,2026-08-16T21:57:45.550Z,0.660889619459,2026-08-17 03:42:45.550,1163.601666666667
Pulse experiments,pioreactor01,2026-08-16T21:57:55.550Z,0.660776186088,2026-08-17 03:42:55.550,1163.604444444444
Pulse experiments,pioreactor01,2026-08-16T21:58:00.550Z,0.660705772057,2026-08-17 03:43:00.550,1163.605833333333
Pulse experiments,pioreactor01,2026-08-16T21:58:05.549Z,0.660624313788,2026-08-17 03:43:05.549,1163.607222222222
Pulse experiments,pioreactor01,2026-08-16T21:58:10.553Z,0.660568814455,2026-08-17 03:43:10.553,1163.608611111111
Pulse experiments,pioreactor01,2026-08-16T21:58:15.550Z,0.660466562143,2026-08-17 03:43:15.550,1163.61
Pulse experiments,pioreactor01,2026-08-16T21:58:20.549Z,0.660353312026,2026-08-17 03:43:20.549,1163.611388888889
Pulse experiments,pioreactor01,2026-08-16T21:58:30.551Z,0.660282325039,2026-08-17 03:43:30.551,1163.614166666667
Pulse experiments,pioreactor01,2026-08-16T21:58:35.551Z,0.660173416078,2026-08-17 03:43:35.551,1163.615555555556
Pulse experiments,pioreactor01,2026-08-16T21:58:40.551Z,0.66009021926,2026-08-17 03:43:40.551,1163.616944444444
Pulse experiments,pioreactor01,2026-08-16T21:58:45.552Z,0.659993197956,2026-08-17 03:43:45.552,1163.618333333333
Pulse experiments,pioreactor01,2026-08-16T21:58:50.551Z,0.659921311233,2026-08-17 03:43:50.551,1163.619722222222
Pulse experiments,pioreactor01,2026-08-16T21:58:55.550Z,0.659799422032,2026-08-17 03:43:55.550,1163.621111111111
Pulse experiments,pioreactor01,2026-08-16T21:59:00.551Z,0.659738202233,2026-08-17 03:44:00.551,1163.6225
Pulse experiments,pioreactor01,2026-08-16T21:59:05.550Z,0.659665433245,2026-08-17 03:44:05.550,1163.623888888889
Pulse experiments,pioreactor01,2026-08-16T21:59:10.552Z,0.659623533256,2026-08-17 03:44:10.552,1163.625277777778
Pulse experiments,pioreactor01,2026-08-16T21:59:15.552Z,0.659557035428,2026-08-17 03:44:15.552,1163.626666666667
Pulse experiments,pioreactor01,2026-08-16T21:59:20.552Z,0.659474683059,2026-08-17 03:44:20.552,1163.628055555556
Pulse experiments,pioreactor01,2026-08-16T21:59:25.554Z,0.659380281046,2026-08-17 03:44:25.554,1163.629444444445
Pulse experiments,pioreactor01,2026-08-16T21:59:30.550Z,0.659297180513,2026-08-17 03:44:30.550,1163.630833333333
Pulse experiments,pioreactor01,2026-08-16T21:59:35.551Z,0.659234795053,2026-08-17 03:44:35.551,1163.632222222222
Pulse experiments,pioreactor01,2026-08-16T21:59:40.550Z,0.659178852136,2026-08-17 03:44:40.550,1163.633611111111
Pulse experiments,pioreactor01,2026-08-16T21:59:45.549Z,0.659134609473,2026-08-17 03:44:45.549,1163.635
Pulse experiments,pioreactor01,2026-08-16T21:59:50.549Z,0.659069834786,2026-08-17 03:44:50.549,1163.636388888889
Pulse experiments,pioreactor01,2026-08-16T21:59:55.549Z,0.659009359677,2026-08-17 03:44:55.549,1163.637777777778
Pulse experiments,pioreactor01,2026-08-16T22:00:00.550Z,0.658951807352,2026-08-17 03:45:00.550,1163.639166666667
Pulse experiments,pioreactor01,2026-08-16T22:00:05.550Z,0.658919097941,2026-08-17 03:45:05.550,1163.640555555555
Pulse experiments,pioreactor01,2026-08-16T22:00:10.550Z,0.658858380952,2026-08-17 03:45:10.550,1163.641944444444
Pulse experiments,pioreactor01,2026-08-16T22:00:15.553Z,0.658798914805,2026-08-17 03:45:15.553,1163.643333333333
Pulse experiments,pioreactor01,2026-08-16T22:00:20.550Z,0.658746507302,2026-08-17 03:45:20.550,1163.644722222222
Pulse experiments,pioreactor01,2026-08-16T22:00:25.551Z,0.658715350686,2026-08-17 03:45:25.551,1163.646111111111
Pulse experiments,pioreactor01,2026-08-16T22:00:30.550Z,0.658668131575,2026-08-17 03:45:30.550,1163.6475
Pulse experiments,pioreactor01,2026-08-16T22:00:35.552Z,0.658582842288,2026-08-17 03:45:35.552,1163.648888888889
Pulse experiments,pioreactor01,2026-08-16T22:00:40.552Z,0.658541297077,2026-08-17 03:45:40.552,1163.650277777778
Pulse experiments,pioreactor01,2026-08-16T22:00:45.551Z,0.6584952194,2026-08-17 03:45:45.551,1163.651666666667
Pulse experiments,pioreactor01,2026-08-16T22:00:50.550Z,0.658442634852,2026-08-17 03:45:50.550,1163.653055555556
Pulse experiments,pioreactor01,2026-08-16T22:00:55.549Z,0.658472525597,2026-08-17 03:45:55.549,1163.654444444444
Pulse experiments,pioreactor01,2026-08-16T22:01:00.551Z,0.658495475174,2026-08-17 03:46:00.551,1163.655833333333
Pulse experiments,pioreactor01,2026-08-16T22:01:05.551Z,0.658458023996,2026-08-17 03:46:05.551,1163.657222222222
Pulse experiments,pioreactor01,2026-08-16T22:01:10.551Z,0.658457291489,2026-08-17 03:46:10.551,1163.658611111111
Pulse experiments,pioreactor01,2026-08-16T22:01:15.551Z,0.658390947521,2026-08-17 03:46:15.551,1163.66
Pulse experiments,pioreactor01,2026-08-16T22:01:20.553Z,0.658331497373,2026-08-17 03:46:20.553,1163.661388888889
Pulse experiments,pioreactor01,2026-08-16T22:01:25.552Z,0.658285574777,2026-08-17 03:46:25.552,1163.662777777778
Pulse experiments,pioreactor01,2026-08-16T22:01:30.554Z,0.658221516087,2026-08-17 03:46:30.554,1163.664166666667
Pulse experiments,pioreactor01,2026-08-16T22:01:35.550Z,0.65809959321,2026-08-17 03:46:35.550,1163.665555555556
Pulse experiments,pioreactor01,2026-08-16T22:01:40.551Z,0.658003689001,2026-08-17 03:46:40.551,1163.666944444444
Pulse experiments,pioreactor01,2026-08-16T22:01:45.552Z,0.657926768897,2026-08-17 03:46:45.552,1163.668333333333
Pulse experiments,pioreactor01,2026-08-16T22:01:50.550Z,0.657852699157,2026-08-17 03:46:50.550,1163.669722222222
Pulse experiments,pioreactor01,2026-08-16T22:01:55.551Z,0.657810234007,2026-08-17 03:46:55.551,1163.671111111111
Pulse experiments,pioreactor01,2026-08-16T22:02:00.550Z,0.657748322561,2026-08-17 03:47:00.550,1163.6725
Pulse experiments,pioreactor01,2026-08-16T22:02:05.549Z,0.65769505201,2026-08-17 03:47:05.549,1163.673888888889
Pulse experiments,pioreactor01,2026-08-16T22:02:10.550Z,0.657624027599,2026-08-17 03:47:10.550,1163.675277777778
Pulse experiments,pioreactor01,2026-08-16T22:02:15.551Z,0.657552562316,2026-08-17 03:47:15.551,1163.676666666667
Pulse experiments,pioreactor01,2026-08-16T22:02:20.551Z,0.657478832582,2026-08-17 03:47:20.551,1163.678055555556
Pulse experiments,pioreactor01,2026-08-16T22:02:25.551Z,0.65745524561,2026-08-17 03:47:25.551,1163.679444444444
Pulse experiments,pioreactor01,2026-08-16T22:02:30.552Z,0.657438671675,2026-08-17 03:47:30.552,1163.680833333333
Pulse experiments,pioreactor01,2026-08-16T22:02:35.550Z,0.657415171519,2026-08-17 03:47:35.550,1163.682222222222
Pulse experiments,pioreactor01,2026-08-16T22:02:40.551Z,0.657396645142,2026-08-17 03:47:40.551,1163.683611111111
Pulse experiments,pioreactor01,2026-08-16T22:02:45.549Z,0.657344569002,2026-08-17 03:47:45.549,1163.685
Pulse experiments,pioreactor01,2026-08-16T22:02:50.550Z,0.657313673609,2026-08-17 03:47:50.550,1163.686388888889
Pulse experiments,pioreactor01,2026-08-16T22:02:55.552Z,0.657279106269,2026-08-17 03:47:55.552,1163.687777777778
Pulse experiments,pioreactor01,2026-08-16T22:03:00.552Z,0.657236659133,2026-08-17 03:48:00.552,1163.689166666667
Pulse experiments,pioreactor01,2026-08-16T22:03:05.551Z,0.657207766864,2026-08-17 03:48:05.551,1163.690555555556
Pulse experiments,pioreactor01,2026-08-16T22:03:10.551Z,0.65712781979,2026-08-17 03:48:10.551,1163.691944444445
Pulse experiments,pioreactor01,2026-08-16T22:03:15.550Z,0.657054462923,2026-08-17 03:48:15.550,1163.693333333333
Pulse experiments,pioreactor01,2026-08-16T22:03:20.551Z,0.656990300268,2026-08-17 03:48:20.551,1163.694722222222
Pulse experiments,pioreactor01,2026-08-16T22:03:25.550Z,0.65691968998,2026-08-17 03:48:25.550,1163.696111111111
Pulse experiments,pioreactor01,2026-08-16T22:03:30.551Z,0.656889311812,2026-08-17 03:48:30.551,1163.6975
Pulse experiments,pioreactor01,2026-08-16T22:03:35.550Z,0.656850257749,2026-08-17 03:48:35.550,1163.698888888889
Pulse experiments,pioreactor01,2026-08-16T22:03:40.551Z,0.656773569755,2026-08-17 03:48:40.551,1163.700277777778
Pulse experiments,pioreactor01,2026-08-16T22:03:45.549Z,0.65669275369,2026-08-17 03:48:45.549,1163.701666666667
Pulse experiments,pioreactor01,2026-08-16T22:03:50.550Z,0.656617320251,2026-08-17 03:48:50.550,1163.703055555555
Pulse experiments,pioreactor01,2026-08-16T22:03:55.550Z,0.65654698299,2026-08-17 03:48:55.550,1163.704444444444
Pulse experiments,pioreactor01,2026-08-16T22:04:00.551Z,0.656488244533,2026-08-17 03:49:00.551,1163.705833333333
Pulse experiments,pioreactor01,2026-08-16T22:04:05.552Z,0.656427539155,2026-08-17 03:49:05.552,1163.707222222222
Pulse experiments,pioreactor01,2026-08-16T22:04:10.551Z,0.65634301678,2026-08-17 03:49:10.551,1163.708611111111
Pulse experiments,pioreactor01,2026-08-16T22:04:15.551Z,0.656258306186,2026-08-17 03:49:15.551,1163.71
Pulse experiments,pioreactor01,2026-08-16T22:04:20.551Z,0.656201872071,2026-08-17 03:49:20.551,1163.711388888889
Pulse experiments,pioreactor01,2026-08-16T22:04:25.550Z,0.656156166443,2026-08-17 03:49:25.550,1163.712777777778
Pulse experiments,pioreactor01,2026-08-16T22:04:30.549Z,0.65610753682,2026-08-17 03:49:30.549,1163.714166666667
Pulse experiments,pioreactor01,2026-08-16T22:04:35.552Z,0.656045537817,2026-08-17 03:49:35.552,1163.715555555556
Pulse experiments,pioreactor01,2026-08-16T22:04:45.552Z,0.655926418767,2026-08-17 03:49:45.552,1163.718333333333
Pulse experiments,pioreactor01,2026-08-16T22:04:50.549Z,0.655908181178,2026-08-17 03:49:50.549,1163.719722222222
Pulse experiments,pioreactor01,2026-08-16T22:04:55.551Z,0.655876537065,2026-08-17 03:49:55.551,1163.721111111111
Pulse experiments,pioreactor01,2026-08-16T22:05:00.550Z,0.655852294565,2026-08-17 03:50:00.550,1163.7225
Pulse experiments,pioreactor01,2026-08-16T22:05:10.550Z,0.65575933139,2026-08-17 03:50:10.550,1163.725277777778
Pulse experiments,pioreactor01,2026-08-16T22:05:15.562Z,0.655720283805,2026-08-17 03:50:15.562,1163.726666666667
Pulse experiments,pioreactor01,2026-08-16T22:05:20.552Z,0.655668585366,2026-08-17 03:50:20.552,1163.728055555556
Pulse experiments,pioreactor01,2026-08-16T22:05:25.552Z,0.655614601739,2026-08-17 03:50:25.552,1163.729444444444
Pulse experiments,pioreactor01,2026-08-16T22:05:30.550Z,0.655527563471,2026-08-17 03:50:30.550,1163.730833333333
Pulse experiments,pioreactor01,2026-08-16T22:05:35.550Z,0.655447006167,2026-08-17 03:50:35.550,1163.732222222222
Pulse experiments,pioreactor01,2026-08-16T22:05:40.550Z,0.655379072291,2026-08-17 03:50:40.550,1163.733611111111
Pulse experiments,pioreactor01,2026-08-16T22:05:45.549Z,0.655323036669,2026-08-17 03:50:45.549,1163.735
Pulse experiments,pioreactor01,2026-08-16T22:05:55.549Z,0.655256974734,2026-08-17 03:50:55.549,1163.737777777778
Pulse experiments,pioreactor01,2026-08-16T22:06:00.550Z,0.655243192425,2026-08-17 03:51:00.550,1163.739166666667
Pulse experiments,pioreactor01,2026-08-16T22:06:05.551Z,0.655201367999,2026-08-17 03:51:05.551,1163.740555555556
Pulse experiments,pioreactor01,2026-08-16T22:06:10.551Z,0.655155647958,2026-08-17 03:51:10.551,1163.741944444444
Pulse experiments,pioreactor01,2026-08-16T22:06:20.551Z,0.655055027107,2026-08-17 03:51:20.551,1163.744722222222
Pulse experiments,pioreactor01,2026-08-16T22:06:25.550Z,0.654984477485,2026-08-17 03:51:25.550,1163.746111111111
Pulse experiments,pioreactor01,2026-08-16T22:06:30.549Z,0.654953602439,2026-08-17 03:51:30.549,1163.7475
Pulse experiments,pioreactor01,2026-08-16T22:06:35.550Z,0.65490418403,2026-08-17 03:51:35.550,1163.748888888889
Pulse experiments,pioreactor01,2026-08-16T22:06:40.550Z,0.654893281733,2026-08-17 03:51:40.550,1163.750277777778
Pulse experiments,pioreactor01,2026-08-16T22:06:45.550Z,0.654865573563,2026-08-17 03:51:45.550,1163.751666666667
Pulse experiments,pioreactor01,2026-08-16T22:06:50.550Z,0.654833117939,2026-08-17 03:51:50.550,1163.753055555556
Pulse experiments,pioreactor01,2026-08-16T22:06:55.551Z,0.65478174107,2026-08-17 03:51:55.551,1163.754444444445
Pulse experiments,pioreactor01,2026-08-16T22:07:00.550Z,0.654767237573,2026-08-17 03:52:00.550,1163.755833333333
Pulse experiments,pioreactor01,2026-08-16T22:07:05.551Z,0.654716394204,2026-08-17 03:52:05.551,1163.757222222222
Pulse experiments,pioreactor01,2026-08-16T22:07:10.549Z,0.65466983073,2026-08-17 03:52:10.549,1163.758611111111
Pulse experiments,pioreactor01,2026-08-16T22:07:15.551Z,0.654617017866,2026-08-17 03:52:15.551,1163.76
Pulse experiments,pioreactor01,2026-08-16T22:07:20.550Z,0.654578739956,2026-08-17 03:52:20.550,1163.761388888889
Pulse experiments,pioreactor01,2026-08-16T22:07:25.550Z,0.654539897446,2026-08-17 03:52:25.550,1163.762777777778
Pulse experiments,pioreactor01,2026-08-16T22:07:30.550Z,0.65451762152,2026-08-17 03:52:30.550,1163.764166666667
Pulse experiments,pioreactor01,2026-08-16T22:07:35.551Z,0.654443413413,2026-08-17 03:52:35.551,1163.765555555555
Pulse experiments,pioreactor01,2026-08-16T22:07:40.551Z,0.654402562565,2026-08-17 03:52:40.551,1163.766944444444
Pulse experiments,pioreactor01,2026-08-16T22:07:45.550Z,0.654368778767,2026-08-17 03:52:45.550,1163.768333333333
Pulse experiments,pioreactor01,2026-08-16T22:07:50.550Z,0.654320114599,2026-08-17 03:52:50.550,1163.769722222222
Pulse experiments,pioreactor01,2026-08-16T22:07:55.551Z,0.654289928371,2026-08-17 03:52:55.551,1163.771111111111
Pulse experiments,pioreactor01,2026-08-16T22:08:00.552Z,0.654264185954,2026-08-17 03:53:00.552,1163.7725
Pulse experiments,pioreactor01,2026-08-16T22:08:05.550Z,0.654181207601,2026-08-17 03:53:05.550,1163.773888888889
Pulse experiments,pioreactor01,2026-08-16T22:08:10.549Z,0.654129295924,2026-08-17 03:53:10.549,1163.775277777778
Pulse experiments,pioreactor01,2026-08-16T22:08:15.551Z,0.654086414272,2026-08-17 03:53:15.551,1163.776666666667
Pulse experiments,pioreactor01,2026-08-16T22:08:20.550Z,0.654064843888,2026-08-17 03:53:20.550,1163.778055555556
Pulse experiments,pioreactor01,2026-08-16T22:08:25.551Z,0.654018386747,2026-08-17 03:53:25.551,1163.779444444444
Pulse experiments,pioreactor01,2026-08-16T22:08:30.549Z,0.653964315757,2026-08-17 03:53:30.549,1163.780833333333
Pulse experiments,pioreactor01,2026-08-16T22:08:35.551Z,0.653940716728,2026-08-17 03:53:35.551,1163.782222222222
Pulse experiments,pioreactor01,2026-08-16T22:08:40.553Z,0.653903637287,2026-08-17 03:53:40.553,1163.783611111111
Pulse experiments,pioreactor01,2026-08-16T22:08:45.550Z,0.653859892084,2026-08-17 03:53:45.550,1163.785
Pulse experiments,pioreactor01,2026-08-16T22:08:50.552Z,0.65384070888,2026-08-17 03:53:50.552,1163.786388888889
Pulse experiments,pioreactor01,2026-08-16T22:08:55.552Z,0.653836485145,2026-08-17 03:53:55.552,1163.787777777778
Pulse experiments,pioreactor01,2026-08-16T22:09:00.553Z,0.653834557202,2026-08-17 03:54:00.553,1163.789166666667
Pulse experiments,pioreactor01,2026-08-16T22:09:10.553Z,0.653764735855,2026-08-17 03:54:10.553,1163.791944444444
Pulse experiments,pioreactor01,2026-08-16T22:09:15.551Z,0.653741196623,2026-08-17 03:54:15.551,1163.793333333333
Pulse experiments,pioreactor01,2026-08-16T22:09:20.551Z,0.653733943232,2026-08-17 03:54:20.551,1163.794722222222
Pulse experiments,pioreactor01,2026-08-16T22:09:25.550Z,0.653716427724,2026-08-17 03:54:25.550,1163.796111111111
Pulse experiments,pioreactor01,2026-08-16T22:09:30.551Z,0.653658856677,2026-08-17 03:54:30.551,1163.7975
Pulse experiments,pioreactor01,2026-08-16T22:09:35.549Z,0.653622240252,2026-08-17 03:54:35.549,1163.798888888889
Pulse experiments,pioreactor01,2026-08-16T22:09:40.549Z,0.653611597207,2026-08-17 03:54:40.549,1163.800277777778
Pulse experiments,pioreactor01,2026-08-16T22:09:45.549Z,0.653562406117,2026-08-17 03:54:45.549,1163.801666666667
Pulse experiments,pioreactor01,2026-08-16T22:09:50.550Z,0.653509632576,2026-08-17 03:54:50.550,1163.803055555556
Pulse experiments,pioreactor01,2026-08-16T22:09:55.550Z,0.653459481861,2026-08-17 03:54:55.550,1163.804444444444
Pulse experiments,pioreactor01,2026-08-16T22:10:00.549Z,0.653418137963,2026-08-17 03:55:00.549,1163.805833333333
Pulse experiments,pioreactor01,2026-08-16T22:10:05.550Z,0.653374961184,2026-08-17 03:55:05.550,1163.807222222222
Pulse experiments,pioreactor01,2026-08-16T22:10:15.551Z,0.653318461723,2026-08-17 03:55:15.551,1163.81
Pulse experiments,pioreactor01,2026-08-16T22:10:20.549Z,0.653286580758,2026-08-17 03:55:20.549,1163.811388888889
Pulse experiments,pioreactor01,2026-08-16T22:10:25.550Z,0.653281876229,2026-08-17 03:55:25.550,1163.812777777778
Pulse experiments,pioreactor01,2026-08-16T22:10:30.552Z,0.653276253205,2026-08-17 03:55:30.552,1163.814166666667
Pulse experiments,pioreactor01,2026-08-16T22:10:35.549Z,0.653278408207,2026-08-17 03:55:35.549,1163.815555555556
Pulse experiments,pioreactor01,2026-08-16T22:10:45.550Z,0.653231348801,2026-08-17 03:55:45.550,1163.818333333333
Pulse experiments,pioreactor01,2026-08-16T22:10:50.549Z,0.653187756091,2026-08-17 03:55:50.549,1163.819722222222
Pulse experiments,pioreactor01,2026-08-16T22:10:55.552Z,0.653157460498,2026-08-17 03:55:55.552,1163.821111111111
Pulse experiments,pioreactor01,2026-08-16T22:11:00.550Z,0.653136059958,2026-08-17 03:56:00.550,1163.8225
Pulse experiments,pioreactor01,2026-08-16T22:11:05.551Z,0.653121178553,2026-08-17 03:56:05.551,1163.823888888889
Pulse experiments,pioreactor01,2026-08-16T22:11:10.551Z,0.65309400447,2026-08-17 03:56:10.551,1163.825277777778
Pulse experiments,pioreactor01,2026-08-16T22:11:15.552Z,0.653061749042,2026-08-17 03:56:15.552,1163.826666666667
Pulse experiments,pioreactor01,2026-08-16T22:11:20.550Z,0.653041354786,2026-08-17 03:56:20.550,1163.828055555555
Pulse experiments,pioreactor01,2026-08-16T22:11:25.551Z,0.653022947708,2026-08-17 03:56:25.551,1163.829444444444
Pulse experiments,pioreactor01,2026-08-16T22:11:30.552Z,0.652994940684,2026-08-17 03:56:30.552,1163.830833333333
Pulse experiments,pioreactor01,2026-08-16T22:11:35.550Z,0.652995013304,2026-08-17 03:56:35.550,1163.832222222222
Pulse experiments,pioreactor01,2026-08-16T22:11:40.550Z,0.652986895485,2026-08-17 03:56:40.550,1163.833611111111
Pulse experiments,pioreactor01,2026-08-16T22:11:45.551Z,0.652962387009,2026-08-17 03:56:45.551,1163.835
Pulse experiments,pioreactor01,2026-08-16T22:11:50.550Z,0.652947963257,2026-08-17 03:56:50.550,1163.836388888889
Pulse experiments,pioreactor01,2026-08-16T22:12:00.550Z,0.652875147535,2026-08-17 03:57:00.550,1163.839166666667
Pulse experiments,pioreactor01,2026-08-16T22:12:05.551Z,0.652834788008,2026-08-17 03:57:05.551,1163.840555555556
Pulse experiments,pioreactor01,2026-08-16T22:12:10.551Z,0.652817622198,2026-08-17 03:57:10.551,1163.841944444444
Pulse experiments,pioreactor01,2026-08-16T22:12:15.552Z,0.652798118057,2026-08-17 03:57:15.552,1163.843333333333
Pulse experiments,pioreactor01,2026-08-16T22:12:20.551Z,0.652763138604,2026-08-17 03:57:20.551,1163.844722222222
Pulse experiments,pioreactor01,2026-08-16T22:12:25.553Z,0.652713310188,2026-08-17 03:57:25.553,1163.846111111111
Pulse experiments,pioreactor01,2026-08-16T22:12:30.552Z,0.652670907469,2026-08-17 03:57:30.552,1163.8475
Pulse experiments,pioreactor01,2026-08-16T22:12:35.551Z,0.652625932401,2026-08-17 03:57:35.551,1163.848888888889
Pulse experiments,pioreactor01,2026-08-16T22:12:40.550Z,0.652604142324,2026-08-17 03:57:40.550,1163.850277777778
Pulse experiments,pioreactor01,2026-08-16T22:12:45.550Z,0.652590127554,2026-08-17 03:57:45.550,1163.851666666667
Pulse experiments,pioreactor01,2026-08-16T22:12:50.549Z,0.652594039134,2026-08-17 03:57:50.549,1163.853055555556
Pulse experiments,pioreactor01,2026-08-16T22:12:55.550Z,0.652574247668,2026-08-17 03:57:55.550,1163.854444444444
Pulse experiments,pioreactor01,2026-08-16T22:13:00.551Z,0.65254523983,2026-08-17 03:58:00.551,1163.855833333333
Pulse experiments,pioreactor01,2026-08-16T22:13:05.550Z,0.652504956343,2026-08-17 03:58:05.550,1163.857222222222
Pulse experiments,pioreactor01,2026-08-16T22:13:10.549Z,0.652502556845,2026-08-17 03:58:10.549,1163.858611111111
Pulse experiments,pioreactor01,2026-08-16T22:13:15.549Z,0.652491763813,2026-08-17 03:58:15.549,1163.86
Pulse experiments,pioreactor01,2026-08-16T22:13:20.549Z,0.652474150915,2026-08-17 03:58:20.549,1163.861388888889
Pulse experiments,pioreactor01,2026-08-16T22:13:25.552Z,0.652474023562,2026-08-17 03:58:25.552,1163.862777777778
Pulse experiments,pioreactor01,2026-08-16T22:13:30.549Z,0.652485274735,2026-08-17 03:58:30.549,1163.864166666667
Pulse experiments,pioreactor01,2026-08-16T22:13:35.551Z,0.652440584779,2026-08-17 03:58:35.551,1163.865555555556
Pulse experiments,pioreactor01,2026-08-16T22:13:45.550Z,0.652368341591,2026-08-17 03:58:45.550,1163.868333333333
Pulse experiments,pioreactor01,2026-08-16T22:13:50.551Z,0.65237491647,2026-08-17 03:58:50.551,1163.869722222222
Pulse experiments,pioreactor01,2026-08-16T22:13:55.552Z,0.652367317574,2026-08-17 03:58:55.552,1163.871111111111
Pulse experiments,pioreactor01,2026-08-16T22:14:00.549Z,0.652360237362,2026-08-17 03:59:00.549,1163.8725
Pulse experiments,pioreactor01,2026-08-16T22:14:05.551Z,0.652316146471,2026-08-17 03:59:05.551,1163.873888888889
Pulse experiments,pioreactor01,2026-08-16T22:14:10.551Z,0.652307578989,2026-08-17 03:59:10.551,1163.875277777778
Pulse experiments,pioreactor01,2026-08-16T22:14:15.549Z,0.652316574985,2026-08-17 03:59:15.549,1163.876666666667
Pulse experiments,pioreactor01,2026-08-16T22:14:20.550Z,0.652319735122,2026-08-17 03:59:20.550,1163.878055555556
Pulse experiments,pioreactor01,2026-08-16T22:14:25.551Z,0.652325803801,2026-08-17 03:59:25.551,1163.879444444445
Pulse experiments,pioreactor01,2026-08-16T22:14:30.552Z,0.652322003347,2026-08-17 03:59:30.552,1163.880833333333
Pulse experiments,pioreactor01,2026-08-16T22:14:35.551Z,0.652305593608,2026-08-17 03:59:35.551,1163.882222222222
Pulse experiments,pioreactor01,2026-08-16T22:14:40.552Z,0.652321664187,2026-08-17 03:59:40.552,1163.883611111111
Pulse experiments,pioreactor01,2026-08-16T22:14:45.550Z,0.652330127755,2026-08-17 03:59:45.550,1163.885
Pulse experiments,pioreactor01,2026-08-16T22:14:50.550Z,0.65232350023,2026-08-17 03:59:50.550,1163.886388888889
Pulse experiments,pioreactor01,2026-08-16T22:14:55.550Z,0.652328341678,2026-08-17 03:59:55.550,1163.887777777778
Pulse experiments,pioreactor01,2026-08-16T22:15:00.550Z,0.652352714918,2026-08-17 04:00:00.550,1163.889166666667
Pulse experiments,pioreactor01,2026-08-16T22:15:05.552Z,0.652356296267,2026-08-17 04:00:05.552,1163.890555555555
Pulse experiments,pioreactor01,2026-08-16T22:15:10.550Z,0.652345509636,2026-08-17 04:00:10.550,1163.891944444444
Pulse experiments,pioreactor01,2026-08-16T22:15:15.555Z,0.652339928936,2026-08-17 04:00:15.555,1163.893333333333
Pulse experiments,pioreactor01,2026-08-16T22:15:20.550Z,0.652316098347,2026-08-17 04:00:20.550,1163.894722222222
Pulse experiments,pioreactor01,2026-08-16T22:15:25.550Z,0.652295987117,2026-08-17 04:00:25.550,1163.896111111111
Pulse experiments,pioreactor01,2026-08-16T22:15:30.552Z,0.652279224257,2026-08-17 04:00:30.552,1163.8975
Pulse experiments,pioreactor01,2026-08-16T22:15:35.551Z,0.65228706139,2026-08-17 04:00:35.551,1163.898888888889
Pulse experiments,pioreactor01,2026-08-16T22:15:40.551Z,0.652303073092,2026-08-17 04:00:40.551,1163.900277777778
Pulse experiments,pioreactor01,2026-08-16T22:15:45.551Z,0.652305057049,2026-08-17 04:00:45.551,1163.901666666667
Pulse experiments,pioreactor01,2026-08-16T22:15:50.553Z,0.652319797725,2026-08-17 04:00:50.553,1163.903055555556
Pulse experiments,pioreactor01,2026-08-16T22:15:55.549Z,0.652323734688,2026-08-17 04:00:55.549,1163.904444444444
Pulse experiments,pioreactor01,2026-08-16T22:16:00.551Z,0.652331458081,2026-08-17 04:01:00.551,1163.905833333333
Pulse experiments,pioreactor01,2026-08-16T22:16:05.552Z,0.652308516179,2026-08-17 04:01:05.552,1163.907222222222
Pulse experiments,pioreactor01,2026-08-16T22:16:10.549Z,0.652302406143,2026-08-17 04:01:10.549,1163.908611111111
Pulse experiments,pioreactor01,2026-08-16T22:16:15.551Z,0.652284510363,2026-08-17 04:01:15.551,1163.91
Pulse experiments,pioreactor01,2026-08-16T22:16:20.551Z,0.652268349983,2026-08-17 04:01:20.551,1163.911388888889
Pulse experiments,pioreactor01,2026-08-16T22:16:25.551Z,0.65225421343,2026-08-17 04:01:25.551,1163.912777777778
Pulse experiments,pioreactor01,2026-08-16T22:16:30.551Z,0.652235914289,2026-08-17 04:01:30.551,1163.914166666667
Pulse experiments,pioreactor01,2026-08-16T22:16:35.549Z,0.6522004274,2026-08-17 04:01:35.549,1163.915555555556
Pulse experiments,pioreactor01,2026-08-16T22:16:40.551Z,0.652180649732,2026-08-17 04:01:40.551,1163.916944444444
Pulse experiments,pioreactor01,2026-08-16T22:16:45.552Z,0.652157547573,2026-08-17 04:01:45.552,1163.918333333333
Pulse experiments,pioreactor01,2026-08-16T22:16:50.550Z,0.652122857721,2026-08-17 04:01:50.550,1163.919722222222
Pulse experiments,pioreactor01,2026-08-16T22:16:55.550Z,0.652105258318,2026-08-17 04:01:55.550,1163.921111111111
Pulse experiments,pioreactor01,2026-08-16T22:17:00.551Z,0.652078523869,2026-08-17 04:02:00.551,1163.9225
Pulse experiments,pioreactor01,2026-08-16T22:17:05.549Z,0.652072568968,2026-08-17 04:02:05.549,1163.923888888889
Pulse experiments,pioreactor01,2026-08-16T22:17:10.551Z,0.652074106639,2026-08-17 04:02:10.551,1163.925277777778
Pulse experiments,pioreactor01,2026-08-16T22:17:15.550Z,0.652060409781,2026-08-17 04:02:15.550,1163.926666666667
Pulse experiments,pioreactor01,2026-08-16T22:17:20.549Z,0.652031208172,2026-08-17 04:02:20.549,1163.928055555556
Pulse experiments,pioreactor01,2026-08-16T22:17:25.553Z,0.652051008099,2026-08-17 04:02:25.553,1163.929444444444
Pulse experiments,pioreactor01,2026-08-16T22:17:30.553Z,0.652046114107,2026-08-17 04:02:30.553,1163.930833333333
Pulse experiments,pioreactor01,2026-08-16T22:17:35.549Z,0.652024736507,2026-08-17 04:02:35.549,1163.932222222222
Pulse experiments,pioreactor01,2026-08-16T22:17:40.552Z,0.651992141613,2026-08-17 04:02:40.552,1163.933611111111
Pulse experiments,pioreactor01,2026-08-16T22:17:45.553Z,0.651985729477,2026-08-17 04:02:45.553,1163.935
Pulse experiments,pioreactor01,2026-08-16T22:17:50.551Z,0.652006275436,2026-08-17 04:02:50.551,1163.936388888889
Pulse experiments,pioreactor01,2026-08-16T22:17:55.552Z,0.652018225923,2026-08-17 04:02:55.552,1163.937777777778
Pulse experiments,pioreactor01,2026-08-16T22:18:00.551Z,0.652032774849,2026-08-17 04:03:00.551,1163.939166666667
Pulse experiments,pioreactor01,2026-08-16T22:18:05.552Z,0.652033211612,2026-08-17 04:03:05.552,1163.940555555556
Pulse experiments,pioreactor01,2026-08-16T22:18:10.551Z,0.652044063498,2026-08-17 04:03:10.551,1163.941944444445
Pulse experiments,pioreactor01,2026-08-16T22:18:15.551Z,0.652058458042,2026-08-17 04:03:15.551,1163.943333333333
Pulse experiments,pioreactor01,2026-08-16T22:18:25.550Z,0.652011402789,2026-08-17 04:03:25.550,1163.946111111111
Pulse experiments,pioreactor01,2026-08-16T22:18:30.552Z,0.652019180075,2026-08-17 04:03:30.552,1163.9475
Pulse experiments,pioreactor01,2026-08-16T22:18:35.550Z,0.652023037152,2026-08-17 04:03:35.550,1163.948888888889
Pulse experiments,pioreactor01,2026-08-16T22:18:40.552Z,0.652025249255,2026-08-17 04:03:40.552,1163.950277777778
Pulse experiments,pioreactor01,2026-08-16T22:18:45.550Z,0.652036919636,2026-08-17 04:03:45.550,1163.951666666667
Pulse experiments,pioreactor01,2026-08-16T22:18:50.550Z,0.652040384038,2026-08-17 04:03:50.550,1163.953055555555
Pulse experiments,pioreactor01,2026-08-16T22:18:55.551Z,0.652034693776,2026-08-17 04:03:55.551,1163.954444444444
Pulse experiments,pioreactor01,2026-08-16T22:19:00.551Z,0.652070011332,2026-08-17 04:04:00.551,1163.955833333333
Pulse experiments,pioreactor01,2026-08-16T22:19:05.551Z,0.652076791452,2026-08-17 04:04:05.551,1163.957222222222
Pulse experiments,pioreactor01,2026-08-16T22:19:10.555Z,0.65209478289,2026-08-17 04:04:10.555,1163.958611111111
Pulse experiments,pioreactor01,2026-08-16T22:19:15.550Z,0.652102936831,2026-08-17 04:04:15.550,1163.96
Pulse experiments,pioreactor01,2026-08-16T22:19:20.549Z,0.65212974573,2026-08-17 04:04:20.549,1163.961388888889
Pulse experiments,pioreactor01,2026-08-16T22:19:30.549Z,0.65214243306,2026-08-17 04:04:30.549,1163.964166666667
Pulse experiments,pioreactor01,2026-08-16T22:19:35.550Z,0.652168108893,2026-08-17 04:04:35.550,1163.965555555556
Pulse experiments,pioreactor01,2026-08-16T22:19:40.550Z,0.652183532098,2026-08-17 04:04:40.550,1163.966944444444
Pulse experiments,pioreactor01,2026-08-16T22:19:45.551Z,0.652188247125,2026-08-17 04:04:45.551,1163.968333333333
Pulse experiments,pioreactor01,2026-08-16T22:19:50.550Z,0.652215083351,2026-08-17 04:04:50.550,1163.969722222222
Pulse experiments,pioreactor01,2026-08-16T22:19:55.554Z,0.652227165519,2026-08-17 04:04:55.554,1163.971111111111
Pulse experiments,pioreactor01,2026-08-16T22:20:00.552Z,0.652241374242,2026-08-17 04:05:00.552,1163.9725
Pulse experiments,pioreactor01,2026-08-16T22:20:05.552Z,0.652220580393,2026-08-17 04:05:05.552,1163.973888888889
Pulse experiments,pioreactor01,2026-08-16T22:20:10.552Z,0.652251501794,2026-08-17 04:05:10.552,1163.975277777778
Pulse experiments,pioreactor01,2026-08-16T22:20:15.550Z,0.652267920658,2026-08-17 04:05:15.550,1163.976666666667
Pulse experiments,pioreactor01,2026-08-16T22:20:20.550Z,0.652277324068,2026-08-17 04:05:20.550,1163.978055555556
Pulse experiments,pioreactor01,2026-08-16T22:20:25.550Z,0.65226609934,2026-08-17 04:05:25.550,1163.979444444444
Pulse experiments,pioreactor01,2026-08-16T22:20:30.549Z,0.652269960147,2026-08-17 04:05:30.549,1163.980833333333
Pulse experiments,pioreactor01,2026-08-16T22:20:35.549Z,0.65227048697,2026-08-17 04:05:35.549,1163.982222222222
Pulse experiments,pioreactor01,2026-08-16T22:20:40.551Z,0.652277015967,2026-08-17 04:05:40.551,1163.983611111111
Pulse experiments,pioreactor01,2026-08-16T22:20:45.551Z,0.652277227467,2026-08-17 04:05:45.551,1163.985
Pulse experiments,pioreactor01,2026-08-16T22:20:50.550Z,0.652299484797,2026-08-17 04:05:50.550,1163.986388888889
Pulse experiments,pioreactor01,2026-08-16T22:20:55.553Z,0.652317485576,2026-08-17 04:05:55.553,1163.987777777778
Pulse experiments,pioreactor01,2026-08-16T22:21:00.550Z,0.652344110941,2026-08-17 04:06:00.550,1163.989166666667
Pulse experiments,pioreactor01,2026-08-16T22:21:05.550Z,0.652360751243,2026-08-17 04:06:05.550,1163.990555555556
Pulse experiments,pioreactor01,2026-08-16T22:21:10.550Z,0.652363657409,2026-08-17 04:06:10.550,1163.991944444444
Pulse experiments,pioreactor01,2026-08-16T22:21:15.552Z,0.652373245517,2026-08-17 04:06:15.552,1163.993333333333
Pulse experiments,pioreactor01,2026-08-16T22:21:20.551Z,0.652363100373,2026-08-17 04:06:20.551,1163.994722222222
Pulse experiments,pioreactor01,2026-08-16T22:21:25.550Z,0.652350083705,2026-08-17 04:06:25.550,1163.996111111111
Pulse experiments,pioreactor01,2026-08-16T22:21:30.550Z,0.652349439414,2026-08-17 04:06:30.550,1163.9975
Pulse experiments,pioreactor01,2026-08-16T22:21:35.550Z,0.652351777679,2026-08-17 04:06:35.550,1163.998888888889
Pulse experiments,pioreactor01,2026-08-16T22:21:40.550Z,0.652342927428,2026-08-17 04:06:40.550,1164.000277777778
Pulse experiments,pioreactor01,2026-08-16T22:21:45.551Z,0.652333761437,2026-08-17 04:06:45.551,1164.001666666667
Pulse experiments,pioreactor01,2026-08-16T22:21:50.549Z,0.652337532364,2026-08-17 04:06:50.549,1164.003055555556
Pulse experiments,pioreactor01,2026-08-16T22:21:55.551Z,0.652348030097,2026-08-17 04:06:55.551,1164.004444444445
Pulse experiments,pioreactor01,2026-08-16T22:22:00.549Z,0.652349240657,2026-08-17 04:07:00.549,1164.005833333333
Pulse experiments,pioreactor01,2026-08-16T22:22:05.550Z,0.652347014736,2026-08-17 04:07:05.550,1164.007222222222
Pulse experiments,pioreactor01,2026-08-16T22:22:10.549Z,0.652366636102,2026-08-17 04:07:10.549,1164.008611111111
Pulse experiments,pioreactor01,2026-08-16T22:22:20.550Z,0.652365555308,2026-08-17 04:07:20.550,1164.011388888889
Pulse experiments,pioreactor01,2026-08-16T22:22:25.552Z,0.65238391272,2026-08-17 04:07:25.552,1164.012777777778
Pulse experiments,pioreactor01,2026-08-16T22:22:30.552Z,0.652394628874,2026-08-17 04:07:30.552,1164.014166666667
Pulse experiments,pioreactor01,2026-08-16T22:22:35.550Z,0.652413481274,2026-08-17 04:07:35.550,1164.015555555555
Pulse experiments,pioreactor01,2026-08-16T22:22:40.552Z,0.652425857173,2026-08-17 04:07:40.552,1164.016944444444
Pulse experiments,pioreactor01,2026-08-16T22:22:45.551Z,0.652457475332,2026-08-17 04:07:45.551,1164.018333333333
Pulse experiments,pioreactor01,2026-08-16T22:22:50.551Z,0.652506584379,2026-08-17 04:07:50.551,1164.019722222222
Pulse experiments,pioreactor01,2026-08-16T22:22:55.549Z,0.652520755257,2026-08-17 04:07:55.549,1164.021111111111
Pulse experiments,pioreactor01,2026-08-16T22:23:00.550Z,0.652531527846,2026-08-17 04:08:00.550,1164.0225
Pulse experiments,pioreactor01,2026-08-16T22:23:05.551Z,0.652548033173,2026-08-17 04:08:05.551,1164.023888888889
Pulse experiments,pioreactor01,2026-08-16T22:23:10.549Z,0.652559728664,2026-08-17 04:08:10.549,1164.025277777778
Pulse experiments,pioreactor01,2026-08-16T22:23:15.552Z,0.652586584099,2026-08-17 04:08:15.552,1164.026666666667
Pulse experiments,pioreactor01,2026-08-16T22:23:20.551Z,0.652626191391,2026-08-17 04:08:20.551,1164.028055555556
Pulse experiments,pioreactor01,2026-08-16T22:23:25.551Z,0.652662319611,2026-08-17 04:08:25.551,1164.029444444444
Pulse experiments,pioreactor01,2026-08-16T22:23:30.550Z,0.652690486805,2026-08-17 04:08:30.550,1164.030833333333
Pulse experiments,pioreactor01,2026-08-16T22:23:40.551Z,0.652703170385,2026-08-17 04:08:40.551,1164.033611111111
Pulse experiments,pioreactor01,2026-08-16T22:23:45.549Z,0.65272643661,2026-08-17 04:08:45.549,1164.035
Pulse experiments,pioreactor01,2026-08-16T22:23:50.551Z,0.652744735092,2026-08-17 04:08:50.551,1164.036388888889
Pulse experiments,pioreactor01,2026-08-16T22:23:55.550Z,0.652739712407,2026-08-17 04:08:55.550,1164.037777777778
Pulse experiments,pioreactor01,2026-08-16T22:24:00.551Z,0.652739990769,2026-08-17 04:09:00.551,1164.039166666667
Pulse experiments,pioreactor01,2026-08-16T22:24:05.553Z,0.652758543241,2026-08-17 04:09:05.553,1164.040555555556
Pulse experiments,pioreactor01,2026-08-16T22:24:10.552Z,0.65276670582,2026-08-17 04:09:10.552,1164.041944444444
Pulse experiments,pioreactor01,2026-08-16T22:24:15.551Z,0.652764752292,2026-08-17 04:09:15.551,1164.043333333333
Pulse experiments,pioreactor01,2026-08-16T22:24:20.550Z,0.652782647117,2026-08-17 04:09:20.550,1164.044722222222
Pulse experiments,pioreactor01,2026-08-16T22:24:25.550Z,0.652813381971,2026-08-17 04:09:25.550,1164.046111111111
Pulse experiments,pioreactor01,2026-08-16T22:24:30.549Z,0.652830376357,2026-08-17 04:09:30.549,1164.0475
Pulse experiments,pioreactor01,2026-08-16T22:24:40.550Z,0.652838346683,2026-08-17 04:09:40.550,1164.050277777778
Pulse experiments,pioreactor01,2026-08-16T22:24:45.550Z,0.652863356341,2026-08-17 04:09:45.550,1164.051666666667
Pulse experiments,pioreactor01,2026-08-16T22:24:50.551Z,0.65285360614,2026-08-17 04:09:50.551,1164.053055555556
Pulse experiments,pioreactor01,2026-08-16T22:24:55.552Z,0.652866308542,2026-08-17 04:09:55.552,1164.054444444444
Pulse experiments,pioreactor01,2026-08-16T22:25:00.550Z,0.652877938,2026-08-17 04:10:00.550,1164.055833333333
Pulse experiments,pioreactor01,2026-08-16T22:25:05.550Z,0.652901174462,2026-08-17 04:10:05.550,1164.057222222222
Pulse experiments,pioreactor01,2026-08-16T22:25:10.550Z,0.652914085026,2026-08-17 04:10:10.550,1164.058611111111
Pulse experiments,pioreactor01,2026-08-16T22:25:15.553Z,0.652907931383,2026-08-17 04:10:15.553,1164.06
Pulse experiments,pioreactor01,2026-08-16T22:25:20.549Z,0.652925634785,2026-08-17 04:10:20.549,1164.061388888889
Pulse experiments,pioreactor01,2026-08-16T22:25:25.551Z,0.652943976117,2026-08-17 04:10:25.551,1164.062777777778
Pulse experiments,pioreactor01,2026-08-16T22:25:30.551Z,0.652952116154,2026-08-17 04:10:30.551,1164.064166666667
Pulse experiments,pioreactor01,2026-08-16T22:25:35.551Z,0.652974065652,2026-08-17 04:10:35.551,1164.065555555556
Pulse experiments,pioreactor01,2026-08-16T22:25:40.551Z,0.652990444007,2026-08-17 04:10:40.551,1164.066944444445
Pulse experiments,pioreactor01,2026-08-16T22:25:45.550Z,0.652995737258,2026-08-17 04:10:45.550,1164.068333333333
Pulse experiments,pioreactor01,2026-08-16T22:25:50.551Z,0.653017572438,2026-08-17 04:10:50.551,1164.069722222222
Pulse experiments,pioreactor01,2026-08-16T22:25:55.551Z,0.653024183551,2026-08-17 04:10:55.551,1164.071111111111
Pulse experiments,pioreactor01,2026-08-16T22:26:00.551Z,0.65302839261,2026-08-17 04:11:00.551,1164.0725
Pulse experiments,pioreactor01,2026-08-16T22:26:05.551Z,0.653023778677,2026-08-17 04:11:05.551,1164.073888888889
Pulse experiments,pioreactor01,2026-08-16T22:26:15.551Z,0.653032273783,2026-08-17 04:11:15.551,1164.076666666667
Pulse experiments,pioreactor01,2026-08-16T22:26:20.550Z,0.653051608897,2026-08-17 04:11:20.550,1164.078055555555
Pulse experiments,pioreactor01,2026-08-16T22:26:25.553Z,0.653083801258,2026-08-17 04:11:25.553,1164.079444444444
Pulse experiments,pioreactor01,2026-08-16T22:26:30.551Z,0.653101279762,2026-08-17 04:11:30.551,1164.080833333333
Pulse experiments,pioreactor01,2026-08-16T22:26:35.550Z,0.653144569547,2026-08-17 04:11:35.550,1164.082222222222
Pulse experiments,pioreactor01,2026-08-16T22:26:40.551Z,0.65316823005,2026-08-17 04:11:40.551,1164.083611111111
Pulse experiments,pioreactor01,2026-08-16T22:26:45.553Z,0.653172114126,2026-08-17 04:11:45.553,1164.085
Pulse experiments,pioreactor01,2026-08-16T22:26:50.550Z,0.653185329062,2026-08-17 04:11:50.550,1164.086388888889
Pulse experiments,pioreactor01,2026-08-16T22:26:55.551Z,0.653222543756,2026-08-17 04:11:55.551,1164.087777777778
Pulse experiments,pioreactor01,2026-08-16T22:27:00.550Z,0.653227931173,2026-08-17 04:12:00.550,1164.089166666667
Pulse experiments,pioreactor01,2026-08-16T22:27:05.550Z,0.653226262872,2026-08-17 04:12:05.550,1164.090555555556
Pulse experiments,pioreactor01,2026-08-16T22:27:10.555Z,0.653229980504,2026-08-17 04:12:10.555,1164.091944444444
Pulse experiments,pioreactor01,2026-08-16T22:27:15.549Z,0.653225302132,2026-08-17 04:12:15.549,1164.093333333333
Pulse experiments,pioreactor01,2026-08-16T22:27:25.552Z,0.653237095514,2026-08-17 04:12:25.552,1164.096111111111
Pulse experiments,pioreactor01,2026-08-16T22:27:30.552Z,0.653257909823,2026-08-17 04:12:30.552,1164.0975
Pulse experiments,pioreactor01,2026-08-16T22:27:35.551Z,0.653287522817,2026-08-17 04:12:35.551,1164.098888888889
Pulse experiments,pioreactor01,2026-08-16T22:27:40.551Z,0.653277296458,2026-08-17 04:12:40.551,1164.100277777778
Pulse experiments,pioreactor01,2026-08-16T22:27:45.551Z,0.653259668416,2026-08-17 04:12:45.551,1164.101666666667
Pulse experiments,pioreactor01,2026-08-16T22:27:50.552Z,0.653247023922,2026-08-17 04:12:50.552,1164.103055555556
Pulse experiments,pioreactor01,2026-08-16T22:27:55.550Z,0.653230374741,2026-08-17 04:12:55.550,1164.104444444444
Pulse experiments,pioreactor01,2026-08-16T22:28:00.549Z,0.653200718229,2026-08-17 04:13:00.549,1164.105833333333
Pulse experiments,pioreactor01,2026-08-16T22:28:05.551Z,0.653206236903,2026-08-17 04:13:05.551,1164.107222222222
Pulse experiments,pioreactor01,2026-08-16T22:28:10.552Z,0.653223932231,2026-08-17 04:13:10.552,1164.108611111111
Pulse experiments,pioreactor01,2026-08-16T22:28:15.551Z,0.653234396542,2026-08-17 04:13:15.551,1164.11
Pulse experiments,pioreactor01,2026-08-16T22:28:20.550Z,0.653264879518,2026-08-17 04:13:20.550,1164.111388888889
Pulse experiments,pioreactor01,2026-08-16T22:28:25.552Z,0.653280491374,2026-08-17 04:13:25.552,1164.112777777778
Pulse experiments,pioreactor01,2026-08-16T22:28:30.551Z,0.65329595668,2026-08-17 04:13:30.551,1164.114166666667
Pulse experiments,pioreactor01,2026-08-16T22:28:35.551Z,0.653336237584,2026-08-17 04:13:35.551,1164.115555555556
Pulse experiments,pioreactor01,2026-08-16T22:28:40.549Z,0.653335569813,2026-08-17 04:13:40.549,1164.116944444444
Pulse experiments,pioreactor01,2026-08-16T22:28:45.553Z,0.653349173732,2026-08-17 04:13:45.553,1164.118333333333
Pulse experiments,pioreactor01,2026-08-16T22:28:50.554Z,0.653360585166,2026-08-17 04:13:50.554,1164.119722222222
Pulse experiments,pioreactor01,2026-08-16T22:28:55.550Z,0.653387750496,2026-08-17 04:13:55.550,1164.121111111111
Pulse experiments,pioreactor01,2026-08-16T22:29:00.550Z,0.653409593516,2026-08-17 04:14:00.550,1164.1225
Pulse experiments,pioreactor01,2026-08-16T22:29:05.552Z,0.653414879731,2026-08-17 04:14:05.552,1164.123888888889
Pulse experiments,pioreactor01,2026-08-16T22:29:10.551Z,0.653437851003,2026-08-17 04:14:10.551,1164.125277777778
Pulse experiments,pioreactor01,2026-08-16T22:29:15.549Z,0.653452415131,2026-08-17 04:14:15.549,1164.126666666667
Pulse experiments,pioreactor01,2026-08-16T22:29:20.553Z,0.653452933557,2026-08-17 04:14:20.553,1164.128055555556
Pulse experiments,pioreactor01,2026-08-16T22:29:25.550Z,0.653495257383,2026-08-17 04:14:25.550,1164.129444444445
Pulse experiments,pioreactor01,2026-08-16T22:29:30.553Z,0.653516958765,2026-08-17 04:14:30.553,1164.130833333333
Pulse experiments,pioreactor01,2026-08-16T22:29:35.549Z,0.653556090985,2026-08-17 04:14:35.549,1164.132222222222
Pulse experiments,pioreactor01,2026-08-16T22:29:40.551Z,0.653596881658,2026-08-17 04:14:40.551,1164.133611111111
Pulse experiments,pioreactor01,2026-08-16T22:29:45.552Z,0.653637160513,2026-08-17 04:14:45.552,1164.135
Pulse experiments,pioreactor01,2026-08-16T22:29:50.550Z,0.653659843758,2026-08-17 04:14:50.550,1164.136388888889
Pulse experiments,pioreactor01,2026-08-16T22:29:55.550Z,0.653688409491,2026-08-17 04:14:55.550,1164.137777777778
Pulse experiments,pioreactor01,2026-08-16T22:30:00.554Z,0.653715649212,2026-08-17 04:15:00.554,1164.139166666667
Pulse experiments,pioreactor01,2026-08-16T22:30:05.551Z,0.653765874596,2026-08-17 04:15:05.551,1164.140555555555
Pulse experiments,pioreactor01,2026-08-16T22:30:10.550Z,0.653831151011,2026-08-17 04:15:10.550,1164.141944444444
Pulse experiments,pioreactor01,2026-08-16T22:30:15.554Z,0.653874153802,2026-08-17 04:15:15.554,1164.143333333333
Pulse experiments,pioreactor01,2026-08-16T22:30:20.550Z,0.653901634993,2026-08-17 04:15:20.550,1164.144722222222
Pulse experiments,pioreactor01,2026-08-16T22:30:25.551Z,0.6539290517,2026-08-17 04:15:25.551,1164.146111111111
Pulse experiments,pioreactor01,2026-08-16T22:30:30.550Z,0.653954593909,2026-08-17 04:15:30.550,1164.1475
Pulse experiments,pioreactor01,2026-08-16T22:30:35.550Z,0.653959610516,2026-08-17 04:15:35.550,1164.148888888889
Pulse experiments,pioreactor01,2026-08-16T22:30:40.551Z,0.65396155567,2026-08-17 04:15:40.551,1164.150277777778
Pulse experiments,pioreactor01,2026-08-16T22:30:45.550Z,0.653972473684,2026-08-17 04:15:45.550,1164.151666666667
Pulse experiments,pioreactor01,2026-08-16T22:30:50.549Z,0.653977748649,2026-08-17 04:15:50.549,1164.153055555556
Pulse experiments,pioreactor01,2026-08-16T22:30:55.552Z,0.653963700385,2026-08-17 04:15:55.552,1164.154444444444
Pulse experiments,pioreactor01,2026-08-16T22:31:00.549Z,0.65398006848,2026-08-17 04:16:00.549,1164.155833333333
Pulse experiments,pioreactor01,2026-08-16T22:31:05.551Z,0.654005054007,2026-08-17 04:16:05.551,1164.157222222222
Pulse experiments,pioreactor01,2026-08-16T22:31:15.551Z,0.654007949017,2026-08-17 04:16:15.551,1164.16
Pulse experiments,pioreactor01,2026-08-16T22:31:20.549Z,0.654020139402,2026-08-17 04:16:20.549,1164.161388888889
Pulse experiments,pioreactor01,2026-08-16T22:31:25.550Z,0.65404315489,2026-08-17 04:16:25.550,1164.162777777778
Pulse experiments,pioreactor01,2026-08-16T22:31:30.550Z,0.654075618096,2026-08-17 04:16:30.550,1164.164166666667
Pulse experiments,pioreactor01,2026-08-16T22:31:40.551Z,0.654067492641,2026-08-17 04:16:40.551,1164.166944444444
Pulse experiments,pioreactor01,2026-08-16T22:31:45.553Z,0.654085666101,2026-08-17 04:16:45.553,1164.168333333333
Pulse experiments,pioreactor01,2026-08-16T22:31:50.552Z,0.65409330884,2026-08-17 04:16:50.552,1164.169722222222
Pulse experiments,pioreactor01,2026-08-16T22:31:55.550Z,0.654134791474,2026-08-17 04:16:55.550,1164.171111111111
Pulse experiments,pioreactor01,2026-08-16T22:32:00.552Z,0.654162947114,2026-08-17 04:17:00.552,1164.1725
Pulse experiments,pioreactor01,2026-08-16T22:32:05.550Z,0.654194597161,2026-08-17 04:17:05.550,1164.173888888889
Pulse experiments,pioreactor01,2026-08-16T22:32:10.549Z,0.654218950179,2026-08-17 04:17:10.549,1164.175277777778
Pulse experiments,pioreactor01,2026-08-16T22:32:15.550Z,0.65423518342,2026-08-17 04:17:15.550,1164.176666666667
Pulse experiments,pioreactor01,2026-08-16T22:32:20.551Z,0.654246006339,2026-08-17 04:17:20.551,1164.178055555556
Pulse experiments,pioreactor01,2026-08-16T22:32:25.551Z,0.654270063524,2026-08-17 04:17:25.551,1164.179444444444
Pulse experiments,pioreactor01,2026-08-16T22:32:30.551Z,0.654289796215,2026-08-17 04:17:30.551,1164.180833333333
Pulse experiments,pioreactor01,2026-08-16T22:32:35.551Z,0.654296103408,2026-08-17 04:17:35.551,1164.182222222222
Pulse experiments,pioreactor01,2026-08-16T22:32:40.550Z,0.654340092063,2026-08-17 04:17:40.550,1164.183611111111
Pulse experiments,pioreactor01,2026-08-16T22:32:45.549Z,0.654361419381,2026-08-17 04:17:45.549,1164.185
Pulse experiments,pioreactor01,2026-08-16T22:32:50.551Z,0.654378758385,2026-08-17 04:17:50.551,1164.186388888889
Pulse experiments,pioreactor01,2026-08-16T22:33:00.551Z,0.654405331085,2026-08-17 04:18:00.551,1164.189166666667
Pulse experiments,pioreactor01,2026-08-16T22:33:05.551Z,0.654407777379,2026-08-17 04:18:05.551,1164.190555555556
Pulse experiments,pioreactor01,2026-08-16T22:33:10.550Z,0.654408704836,2026-08-17 04:18:10.550,1164.191944444445
Pulse experiments,pioreactor01,2026-08-16T22:33:15.549Z,0.654420025131,2026-08-17 04:18:15.549,1164.193333333333
Pulse experiments,pioreactor01,2026-08-16T22:33:20.551Z,0.654442275289,2026-08-17 04:18:20.551,1164.194722222222
Pulse experiments,pioreactor01,2026-08-16T22:33:25.552Z,0.654483325667,2026-08-17 04:18:25.552,1164.196111111111
Pulse experiments,pioreactor01,2026-08-16T22:33:30.550Z,0.654505437389,2026-08-17 04:18:30.550,1164.1975
Pulse experiments,pioreactor01,2026-08-16T22:33:35.549Z,0.654524252682,2026-08-17 04:18:35.549,1164.198888888889
Pulse experiments,pioreactor01,2026-08-16T22:33:40.549Z,0.654530513989,2026-08-17 04:18:40.549,1164.200277777778
Pulse experiments,pioreactor01,2026-08-16T22:33:45.549Z,0.65455863537,2026-08-17 04:18:45.549,1164.201666666667
Pulse experiments,pioreactor01,2026-08-16T22:33:50.552Z,0.654579885724,2026-08-17 04:18:50.552,1164.203055555555
Pulse experiments,pioreactor01,2026-08-16T22:34:00.552Z,0.654590212496,2026-08-17 04:19:00.552,1164.205833333333
Pulse experiments,pioreactor01,2026-08-16T22:34:05.551Z,0.654613160774,2026-08-17 04:19:05.551,1164.207222222222
Pulse experiments,pioreactor01,2026-08-16T22:34:10.550Z,0.654595894479,2026-08-17 04:19:10.550,1164.208611111111
Pulse experiments,pioreactor01,2026-08-16T22:34:15.550Z,0.654600011323,2026-08-17 04:19:15.550,1164.21
Pulse experiments,pioreactor01,2026-08-16T22:34:20.549Z,0.654637161889,2026-08-17 04:19:20.549,1164.211388888889
Pulse experiments,pioreactor01,2026-08-16T22:34:25.550Z,0.654644440669,2026-08-17 04:19:25.550,1164.212777777778
Pulse experiments,pioreactor01,2026-08-16T22:34:30.550Z,0.654659830236,2026-08-17 04:19:30.550,1164.214166666667
Pulse experiments,pioreactor01,2026-08-16T22:34:35.550Z,0.65468426344,2026-08-17 04:19:35.550,1164.215555555556
Pulse experiments,pioreactor01,2026-08-16T22:34:40.552Z,0.654701262355,2026-08-17 04:19:40.552,1164.216944444444
Pulse experiments,pioreactor01,2026-08-16T22:34:45.551Z,0.654696279325,2026-08-17 04:19:45.551,1164.218333333333
Pulse experiments,pioreactor01,2026-08-16T22:34:50.549Z,0.654703526818,2026-08-17 04:19:50.549,1164.219722222222
Pulse experiments,pioreactor01,2026-08-16T22:34:55.549Z,0.654744718336,2026-08-17 04:19:55.549,1164.221111111111
Pulse experiments,pioreactor01,2026-08-16T22:35:00.550Z,0.654768217566,2026-08-17 04:20:00.550,1164.2225
Pulse experiments,pioreactor01,2026-08-16T22:35:05.550Z,0.654775465619,2026-08-17 04:20:05.550,1164.223888888889
Pulse experiments,pioreactor01,2026-08-16T22:35:10.551Z,0.654790371402,2026-08-17 04:20:10.551,1164.225277777778
Pulse experiments,pioreactor01,2026-08-16T22:35:15.565Z,0.65479937952,2026-08-17 04:20:15.565,1164.226666666667
Pulse experiments,pioreactor01,2026-08-16T22:35:20.550Z,0.654799083286,2026-08-17 04:20:20.550,1164.228055555556
Pulse experiments,pioreactor01,2026-08-16T22:35:25.550Z,0.654826464197,2026-08-17 04:20:25.550,1164.229444444444
Pulse experiments,pioreactor01,2026-08-16T22:35:30.550Z,0.654842024532,2026-08-17 04:20:30.550,1164.230833333333
Pulse experiments,pioreactor01,2026-08-16T22:35:35.551Z,0.654845590848,2026-08-17 04:20:35.551,1164.232222222222
Pulse experiments,pioreactor01,2026-08-16T22:35:40.551Z,0.654865624523,2026-08-17 04:20:40.551,1164.233611111111
Pulse experiments,pioreactor01,2026-08-16T22:35:50.550Z,0.654895955292,2026-08-17 04:20:50.550,1164.236388888889
Pulse experiments,pioreactor01,2026-08-16T22:35:55.550Z,0.654937744205,2026-08-17 04:20:55.550,1164.237777777778
Pulse experiments,pioreactor01,2026-08-16T22:36:00.550Z,0.654967049259,2026-08-17 04:21:00.550,1164.239166666667
Pulse experiments,pioreactor01,2026-08-16T22:36:05.550Z,0.655007309952,2026-08-17 04:21:05.550,1164.240555555556
Pulse experiments,pioreactor01,2026-08-16T22:36:10.551Z,0.655037611349,2026-08-17 04:21:10.551,1164.241944444444
Pulse experiments,pioreactor01,2026-08-16T22:36:20.550Z,0.655060750889,2026-08-17 04:21:20.550,1164.244722222222
Pulse experiments,pioreactor01,2026-08-16T22:36:25.551Z,0.655071297201,2026-08-17 04:21:25.551,1164.246111111111
Pulse experiments,pioreactor01,2026-08-16T22:36:30.550Z,0.655091178885,2026-08-17 04:21:30.550,1164.2475
Pulse experiments,pioreactor01,2026-08-16T22:36:35.550Z,0.655107527459,2026-08-17 04:21:35.550,1164.248888888889
Pulse experiments,pioreactor01,2026-08-16T22:36:40.549Z,0.655121346938,2026-08-17 04:21:40.549,1164.250277777778
Pulse experiments,pioreactor01,2026-08-16T22:36:45.552Z,0.655148346605,2026-08-17 04:21:45.552,1164.251666666667
Pulse experiments,pioreactor01,2026-08-16T22:36:50.550Z,0.655195927458,2026-08-17 04:21:50.550,1164.253055555556
Pulse experiments,pioreactor01,2026-08-16T22:36:55.552Z,0.655242698536,2026-08-17 04:21:55.552,1164.254444444445
Pulse experiments,pioreactor01,2026-08-16T22:37:05.551Z,0.655253182339,2026-08-17 04:22:05.551,1164.257222222222
Pulse experiments,pioreactor01,2026-08-16T22:37:10.549Z,0.655249536566,2026-08-17 04:22:10.549,1164.258611111111
Pulse experiments,pioreactor01,2026-08-16T22:37:15.552Z,0.65528961803,2026-08-17 04:22:15.552,1164.26
Pulse experiments,pioreactor01,2026-08-16T22:37:20.549Z,0.655319142902,2026-08-17 04:22:20.549,1164.261388888889
Pulse experiments,pioreactor01,2026-08-16T22:37:25.550Z,0.65532385903,2026-08-17 04:22:25.550,1164.262777777778
Pulse experiments,pioreactor01,2026-08-16T22:37:30.553Z,0.655328714949,2026-08-17 04:22:30.553,1164.264166666667
Pulse experiments,pioreactor01,2026-08-16T22:37:35.549Z,0.65535127535,2026-08-17 04:22:35.549,1164.265555555555
Pulse experiments,pioreactor01,2026-08-16T22:37:40.549Z,0.655393691471,2026-08-17 04:22:40.549,1164.266944444444
Pulse experiments,pioreactor01,2026-08-16T22:37:45.551Z,0.655438123401,2026-08-17 04:22:45.551,1164.268333333333
Pulse experiments,pioreactor01,2026-08-16T22:37:50.552Z,0.655458669192,2026-08-17 04:22:50.552,1164.269722222222
Pulse experiments,pioreactor01,2026-08-16T22:37:55.550Z,0.655486115587,2026-08-17 04:22:55.550,1164.271111111111
Pulse experiments,pioreactor01,2026-08-16T22:38:00.550Z,0.655512736322,2026-08-17 04:23:00.550,1164.2725
Pulse experiments,pioreactor01,2026-08-16T22:38:05.550Z,0.655526036807,2026-08-17 04:23:05.550,1164.273888888889
Pulse experiments,pioreactor01,2026-08-16T22:38:10.550Z,0.655531433222,2026-08-17 04:23:10.550,1164.275277777778
Pulse experiments,pioreactor01,2026-08-16T22:38:15.549Z,0.65554263071,2026-08-17 04:23:15.549,1164.276666666667
Pulse experiments,pioreactor01,2026-08-16T22:38:20.551Z,0.655530099278,2026-08-17 04:23:20.551,1164.278055555556
Pulse experiments,pioreactor01,2026-08-16T22:38:25.550Z,0.655522696945,2026-08-17 04:23:25.550,1164.279444444444
Pulse experiments,pioreactor01,2026-08-16T22:38:30.551Z,0.655528811342,2026-08-17 04:23:30.551,1164.280833333333
Pulse experiments,pioreactor01,2026-08-16T22:38:40.552Z,0.65554435373,2026-08-17 04:23:40.552,1164.283611111111
Pulse experiments,pioreactor01,2026-08-16T22:38:45.549Z,0.655571222237,2026-08-17 04:23:45.549,1164.285
Pulse experiments,pioreactor01,2026-08-16T22:38:50.553Z,0.655605964261,2026-08-17 04:23:50.553,1164.286388888889
Pulse experiments,pioreactor01,2026-08-16T22:38:55.553Z,0.655651330192,2026-08-17 04:23:55.553,1164.287777777778
Pulse experiments,pioreactor01,2026-08-16T22:39:00.552Z,0.655678605653,2026-08-17 04:24:00.552,1164.289166666667
Pulse experiments,pioreactor01,2026-08-16T22:39:05.550Z,0.655711768791,2026-08-17 04:24:05.550,1164.290555555556
Pulse experiments,pioreactor01,2026-08-16T22:39:10.555Z,0.655762939389,2026-08-17 04:24:10.555,1164.291944444444
Pulse experiments,pioreactor01,2026-08-16T22:39:15.549Z,0.655787882386,2026-08-17 04:24:15.549,1164.293333333333
Pulse experiments,pioreactor01,2026-08-16T22:39:20.550Z,0.655806732938,2026-08-17 04:24:20.550,1164.294722222222
Pulse experiments,pioreactor01,2026-08-16T22:39:25.551Z,0.65583445865,2026-08-17 04:24:25.551,1164.296111111111
Pulse experiments,pioreactor01,2026-08-16T22:39:30.551Z,0.655844923337,2026-08-17 04:24:30.551,1164.2975
Pulse experiments,pioreactor01,2026-08-16T22:39:35.550Z,0.655854885524,2026-08-17 04:24:35.550,1164.298888888889
Pulse experiments,pioreactor01,2026-08-16T22:39:40.549Z,0.655876512472,2026-08-17 04:24:40.549,1164.300277777778
Pulse experiments,pioreactor01,2026-08-16T22:39:45.549Z,0.655896301964,2026-08-17 04:24:45.549,1164.301666666667
Pulse experiments,pioreactor01,2026-08-16T22:39:50.551Z,0.655900328131,2026-08-17 04:24:50.551,1164.303055555556
Pulse experiments,pioreactor01,2026-08-16T22:39:55.550Z,0.65594142957,2026-08-17 04:24:55.550,1164.304444444444
Pulse experiments,pioreactor01,2026-08-16T22:40:00.552Z,0.655984691731,2026-08-17 04:25:00.552,1164.305833333333
Pulse experiments,pioreactor01,2026-08-16T22:40:05.550Z,0.656015601309,2026-08-17 04:25:05.550,1164.307222222222
Pulse experiments,pioreactor01,2026-08-16T22:40:10.551Z,0.65603448054,2026-08-17 04:25:10.551,1164.308611111111
Pulse experiments,pioreactor01,2026-08-16T22:40:15.553Z,0.65607139552,2026-08-17 04:25:15.553,1164.31
Pulse experiments,pioreactor01,2026-08-16T22:40:20.551Z,0.65610627046,2026-08-17 04:25:20.551,1164.311388888889
Pulse experiments,pioreactor01,2026-08-16T22:40:25.553Z,0.656130600162,2026-08-17 04:25:25.553,1164.312777777778
Pulse experiments,pioreactor01,2026-08-16T22:40:30.554Z,0.656190236792,2026-08-17 04:25:30.554,1164.314166666667
Pulse experiments,pioreactor01,2026-08-16T22:40:35.549Z,0.656241790147,2026-08-17 04:25:35.549,1164.315555555556
Pulse experiments,pioreactor01,2026-08-16T22:40:40.550Z,0.656280521556,2026-08-17 04:25:40.550,1164.316944444445
Pulse experiments,pioreactor01,2026-08-16T22:40:45.549Z,0.656302113763,2026-08-17 04:25:45.549,1164.318333333333
Pulse experiments,pioreactor01,2026-08-16T22:40:55.553Z,0.656336648462,2026-08-17 04:25:55.553,1164.321111111111
Pulse experiments,pioreactor01,2026-08-16T22:41:00.552Z,0.656365546455,2026-08-17 04:26:00.552,1164.3225
Pulse experiments,pioreactor01,2026-08-16T22:41:05.550Z,0.656378859417,2026-08-17 04:26:05.550,1164.323888888889
Pulse experiments,pioreactor01,2026-08-16T22:41:10.556Z,0.656398475253,2026-08-17 04:26:10.556,1164.325277777778
Pulse experiments,pioreactor01,2026-08-16T22:41:15.549Z,0.656437350775,2026-08-17 04:26:15.549,1164.326666666667
Pulse experiments,pioreactor01,2026-08-16T22:41:20.551Z,0.656472670343,2026-08-17 04:26:20.551,1164.328055555555
Pulse experiments,pioreactor01,2026-08-16T22:41:25.552Z,0.656514576735,2026-08-17 04:26:25.552,1164.329444444444
Pulse experiments,pioreactor01,2026-08-16T22:41:30.550Z,0.656574772847,2026-08-17 04:26:30.550,1164.330833333333
Pulse experiments,pioreactor01,2026-08-16T22:41:35.549Z,0.656618138732,2026-08-17 04:26:35.549,1164.332222222222
Pulse experiments,pioreactor01,2026-08-16T22:41:40.550Z,0.656673209898,2026-08-17 04:26:40.550,1164.333611111111
Pulse experiments,pioreactor01,2026-08-16T22:41:45.552Z,0.656739922428,2026-08-17 04:26:45.552,1164.335
Pulse experiments,pioreactor01,2026-08-16T22:41:50.552Z,0.656792668018,2026-08-17 04:26:50.552,1164.336388888889
Pulse experiments,pioreactor01,2026-08-16T22:41:55.551Z,0.656850709827,2026-08-17 04:26:55.551,1164.337777777778
Pulse experiments,pioreactor01,2026-08-16T22:42:00.552Z,0.656887087171,2026-08-17 04:27:00.552,1164.339166666667
Pulse experiments,pioreactor01,2026-08-16T22:42:10.551Z,0.656922384973,2026-08-17 04:27:10.551,1164.341944444444
Pulse experiments,pioreactor01,2026-08-16T22:42:15.553Z,0.656942641587,2026-08-17 04:27:15.553,1164.343333333333
Pulse experiments,pioreactor01,2026-08-16T22:42:20.551Z,0.656975884894,2026-08-17 04:27:20.551,1164.344722222222
Pulse experiments,pioreactor01,2026-08-16T22:42:25.553Z,0.657011597078,2026-08-17 04:27:25.553,1164.346111111111
Pulse experiments,pioreactor01,2026-08-16T22:42:30.550Z,0.657046848496,2026-08-17 04:27:30.550,1164.3475
Pulse experiments,pioreactor01,2026-08-16T22:42:35.551Z,0.657069987663,2026-08-17 04:27:35.551,1164.348888888889
Pulse experiments,pioreactor01,2026-08-16T22:42:40.550Z,0.657122035318,2026-08-17 04:27:40.550,1164.350277777778
Pulse experiments,pioreactor01,2026-08-16T22:42:45.552Z,0.657177973818,2026-08-17 04:27:45.552,1164.351666666667
Pulse experiments,pioreactor01,2026-08-16T22:42:50.551Z,0.657227075973,2026-08-17 04:27:50.551,1164.353055555556
Pulse experiments,pioreactor01,2026-08-16T22:42:55.551Z,0.657267336457,2026-08-17 04:27:55.551,1164.354444444444
Pulse experiments,pioreactor01,2026-08-16T22:43:00.553Z,0.657312951718,2026-08-17 04:28:00.553,1164.355833333333
Pulse experiments,pioreactor01,2026-08-16T22:43:05.551Z,0.657350404758,2026-08-17 04:28:05.551,1164.357222222222
Pulse experiments,pioreactor01,2026-08-16T22:43:10.551Z,0.657383094959,2026-08-17 04:28:10.551,1164.358611111111
Pulse experiments,pioreactor01,2026-08-16T22:43:15.550Z,0.657427816887,2026-08-17 04:28:15.550,1164.36
Pulse experiments,pioreactor01,2026-08-16T22:43:20.551Z,0.657484368048,2026-08-17 04:28:20.551,1164.361388888889
Pulse experiments,pioreactor01,2026-08-16T22:43:25.550Z,0.657526245516,2026-08-17 04:28:25.550,1164.362777777778
Pulse experiments,pioreactor01,2026-08-16T22:43:30.549Z,0.657593874878,2026-08-17 04:28:30.549,1164.364166666667
Pulse experiments,pioreactor01,2026-08-16T22:43:35.551Z,0.657638244678,2026-08-17 04:28:35.551,1164.365555555556
Pulse experiments,pioreactor01,2026-08-16T22:43:40.551Z,0.657677141381,2026-08-17 04:28:40.551,1164.366944444444
Pulse experiments,pioreactor01,2026-08-16T22:43:45.549Z,0.657740229448,2026-08-17 04:28:45.549,1164.368333333333
Pulse experiments,pioreactor01,2026-08-16T22:43:50.550Z,0.657759185925,2026-08-17 04:28:50.550,1164.369722222222
Pulse experiments,pioreactor01,2026-08-16T22:44:00.549Z,0.657817923913,2026-08-17 04:29:00.549,1164.3725
Pulse experiments,pioreactor01,2026-08-16T22:44:05.550Z,0.657842748856,2026-08-17 04:29:05.550,1164.373888888889
Pulse experiments,pioreactor01,2026-08-16T22:44:10.551Z,0.657882285971,2026-08-17 04:29:10.551,1164.375277777778
Pulse experiments,pioreactor01,2026-08-16T22:44:15.551Z,0.657932311767,2026-08-17 04:29:15.551,1164.376666666667
Pulse experiments,pioreactor01,2026-08-16T22:44:20.551Z,0.657989925291,2026-08-17 04:29:20.551,1164.378055555556
Pulse experiments,pioreactor01,2026-08-16T22:44:30.549Z,0.658070397772,2026-08-17 04:29:30.549,1164.380833333333
Pulse experiments,pioreactor01,2026-08-16T22:44:35.552Z,0.658114391948,2026-08-17 04:29:35.552,1164.382222222222
Pulse experiments,pioreactor01,2026-08-16T22:44:40.550Z,0.658182305206,2026-08-17 04:29:40.550,1164.383611111111
Pulse experiments,pioreactor01,2026-08-16T22:44:45.549Z,0.658229772299,2026-08-17 04:29:45.549,1164.385
Pulse experiments,pioreactor01,2026-08-16T22:44:50.550Z,0.65827686911,2026-08-17 04:29:50.550,1164.386388888889
Pulse experiments,pioreactor01,2026-08-16T22:44:55.550Z,0.658326743114,2026-08-17 04:29:55.550,1164.387777777778
Pulse experiments,pioreactor01,2026-08-16T22:45:00.552Z,0.65835094211,2026-08-17 04:30:00.552,1164.389166666667
Pulse experiments,pioreactor01,2026-08-16T22:45:05.552Z,0.658381975328,2026-08-17 04:30:05.552,1164.390555555555
Pulse experiments,pioreactor01,2026-08-16T22:45:10.550Z,0.658408787011,2026-08-17 04:30:10.550,1164.391944444444
Pulse experiments,pioreactor01,2026-08-16T22:45:15.562Z,0.658469362567,2026-08-17 04:30:15.562,1164.393333333333
Pulse experiments,pioreactor01,2026-08-16T22:45:20.550Z,0.658514109048,2026-08-17 04:30:20.550,1164.394722222222
Pulse experiments,pioreactor01,2026-08-16T22:45:25.551Z,0.658544450897,2026-08-17 04:30:25.551,1164.396111111111
Pulse experiments,pioreactor01,2026-08-16T22:45:30.551Z,0.658573693326,2026-08-17 04:30:30.551,1164.3975
Pulse experiments,pioreactor01,2026-08-16T22:45:35.550Z,0.658612466476,2026-08-17 04:30:35.550,1164.398888888889
Pulse experiments,pioreactor01,2026-08-16T22:45:40.549Z,0.658665174144,2026-08-17 04:30:40.549,1164.400277777778
Pulse experiments,pioreactor01,2026-08-16T22:45:45.551Z,0.658697700562,2026-08-17 04:30:45.551,1164.401666666667
Pulse experiments,pioreactor01,2026-08-16T22:45:50.550Z,0.658755805858,2026-08-17 04:30:50.550,1164.403055555556
Pulse experiments,pioreactor01,2026-08-16T22:45:55.550Z,0.658791210401,2026-08-17 04:30:55.550,1164.404444444444
Pulse experiments,pioreactor01,2026-08-16T22:46:00.551Z,0.658829141445,2026-08-17 04:31:00.551,1164.405833333333
Pulse experiments,pioreactor01,2026-08-16T22:46:10.551Z,0.658872562139,2026-08-17 04:31:10.551,1164.408611111111
Pulse experiments,pioreactor01,2026-08-16T22:46:15.550Z,0.658896553094,2026-08-17 04:31:15.550,1164.41
Pulse experiments,pioreactor01,2026-08-16T22:46:20.549Z,0.658955144272,2026-08-17 04:31:20.549,1164.411388888889
Pulse experiments,pioreactor01,2026-08-16T22:46:25.550Z,0.659027181924,2026-08-17 04:31:25.550,1164.412777777778
Pulse experiments,pioreactor01,2026-08-16T22:46:30.551Z,0.659092206943,2026-08-17 04:31:30.551,1164.414166666667
Pulse experiments,pioreactor01,2026-08-16T22:46:35.552Z,0.659136344716,2026-08-17 04:31:35.552,1164.415555555556
Pulse experiments,pioreactor01,2026-08-16T22:46:40.550Z,0.659192740201,2026-08-17 04:31:40.550,1164.416944444444
Pulse experiments,pioreactor01,2026-08-16T22:46:45.551Z,0.659236784436,2026-08-17 04:31:45.551,1164.418333333333
Pulse experiments,pioreactor01,2026-08-16T22:46:50.552Z,0.659267264305,2026-08-17 04:31:50.552,1164.419722222222
Pulse experiments,pioreactor01,2026-08-16T22:46:55.552Z,0.659298951998,2026-08-17 04:31:55.552,1164.421111111111
Pulse experiments,pioreactor01,2026-08-16T22:47:00.551Z,0.659305812539,2026-08-17 04:32:00.551,1164.4225
Pulse experiments,pioreactor01,2026-08-16T22:47:05.550Z,0.659322551738,2026-08-17 04:32:05.550,1164.423888888889
Pulse experiments,pioreactor01,2026-08-16T22:47:10.551Z,0.659368123841,2026-08-17 04:32:10.551,1164.425277777778
Pulse experiments,pioreactor01,2026-08-16T22:47:15.550Z,0.65940778821,2026-08-17 04:32:15.550,1164.426666666667
Pulse experiments,pioreactor01,2026-08-16T22:47:20.549Z,0.65945965679,2026-08-17 04:32:20.549,1164.428055555556
Pulse experiments,pioreactor01,2026-08-16T22:47:25.549Z,0.659481967181,2026-08-17 04:32:25.549,1164.429444444444
Pulse experiments,pioreactor01,2026-08-16T22:47:30.551Z,0.659513661781,2026-08-17 04:32:30.551,1164.430833333333
Pulse experiments,pioreactor01,2026-08-16T22:47:35.551Z,0.659559519394,2026-08-17 04:32:35.551,1164.432222222222
Pulse experiments,pioreactor01,2026-08-16T22:47:40.553Z,0.65961232451,2026-08-17 04:32:40.553,1164.433611111111
Pulse experiments,pioreactor01,2026-08-16T22:47:45.552Z,0.659671753534,2026-08-17 04:32:45.552,1164.435
Pulse experiments,pioreactor01,2026-08-16T22:47:50.550Z,0.659710028319,2026-08-17 04:32:50.550,1164.436388888889
Pulse experiments,pioreactor01,2026-08-16T22:47:55.551Z,0.65975181803,2026-08-17 04:32:55.551,1164.437777777778
Pulse experiments,pioreactor01,2026-08-16T22:48:00.552Z,0.659778560052,2026-08-17 04:33:00.552,1164.439166666667
Pulse experiments,pioreactor01,2026-08-16T22:48:05.551Z,0.659816784651,2026-08-17 04:33:05.551,1164.440555555556
Pulse experiments,pioreactor01,2026-08-16T22:48:10.555Z,0.6598527592,2026-08-17 04:33:10.555,1164.441944444445
Pulse experiments,pioreactor01,2026-08-16T22:48:15.550Z,0.659888968232,2026-08-17 04:33:15.550,1164.443333333333
Pulse experiments,pioreactor01,2026-08-16T22:48:20.551Z,0.661414319987,2026-08-17 04:33:20.551,1164.444722222222
Pulse experiments,pioreactor01,2026-08-16T22:48:25.563Z,0.64975384007,2026-08-17 04:33:25.563,1164.446111111111
Pulse experiments,pioreactor01,2026-08-16T22:48:30.576Z,0.644128948537,2026-08-17 04:33:30.576,1164.4475
Pulse experiments,pioreactor01,2026-08-16T22:48:35.572Z,0.642515328285,2026-08-17 04:33:35.572,1164.448888888889
Pulse experiments,pioreactor01,2026-08-16T22:48:40.556Z,0.640454851453,2026-08-17 04:33:40.556,1164.450277777778
Pulse experiments,pioreactor01,2026-08-16T22:48:45.566Z,0.641212500647,2026-08-17 04:33:45.566,1164.451666666667
Pulse experiments,pioreactor01,2026-08-16T22:48:50.559Z,0.641067248173,2026-08-17 04:33:50.559,1164.453055555555
Pulse experiments,pioreactor01,2026-08-16T22:48:55.578Z,0.640724676895,2026-08-17 04:33:55.578,1164.454444444444
Pulse experiments,pioreactor01,2026-08-16T22:49:00.564Z,0.640734462046,2026-08-17 04:34:00.564,1164.455833333333
Pulse experiments,pioreactor01,2026-08-16T22:49:05.559Z,0.640729093422,2026-08-17 04:34:05.559,1164.457222222222
Pulse experiments,pioreactor01,2026-08-16T22:49:10.564Z,0.640698891083,2026-08-17 04:34:10.564,1164.458611111111
Pulse experiments,pioreactor01,2026-08-16T22:49:15.563Z,0.640970395252,2026-08-17 04:34:15.563,1164.46
Pulse experiments,pioreactor01,2026-08-16T22:49:20.562Z,0.641129894847,2026-08-17 04:34:20.562,1164.461388888889
Pulse experiments,pioreactor01,2026-08-16T22:49:25.561Z,0.641022255861,2026-08-17 04:34:25.561,1164.462777777778
Pulse experiments,pioreactor01,2026-08-16T22:49:30.558Z,0.641064510661,2026-08-17 04:34:30.558,1164.464166666667
Pulse experiments,pioreactor01,2026-08-16T22:49:35.560Z,0.641144198872,2026-08-17 04:34:35.560,1164.465555555556
Pulse experiments,pioreactor01,2026-08-16T22:49:40.556Z,0.641169280108,2026-08-17 04:34:40.556,1164.466944444444
Pulse experiments,pioreactor01,2026-08-16T22:49:45.561Z,0.641172212791,2026-08-17 04:34:45.561,1164.468333333333
Pulse experiments,pioreactor01,2026-08-16T22:49:50.566Z,0.641150925132,2026-08-17 04:34:50.566,1164.469722222222
Pulse experiments,pioreactor01,2026-08-16T22:49:55.563Z,0.641115520266,2026-08-17 04:34:55.563,1164.471111111111
Pulse experiments,pioreactor01,2026-08-16T22:50:00.563Z,0.641145514161,2026-08-17 04:35:00.563,1164.4725
Pulse experiments,pioreactor01,2026-08-16T22:50:05.560Z,0.641202930886,2026-08-17 04:35:05.560,1164.473888888889
Pulse experiments,pioreactor01,2026-08-16T22:50:10.571Z,0.641260100654,2026-08-17 04:35:10.571,1164.475277777778
Pulse experiments,pioreactor01,2026-08-16T22:50:15.566Z,0.641299159576,2026-08-17 04:35:15.566,1164.476666666667
Pulse experiments,pioreactor01,2026-08-16T22:50:20.566Z,0.64125731788,2026-08-17 04:35:20.566,1164.478055555556
Pulse experiments,pioreactor01,2026-08-16T22:50:30.565Z,0.641293377309,2026-08-17 04:35:30.565,1164.480833333333
Pulse experiments,pioreactor01,2026-08-16T22:50:35.564Z,0.641286260951,2026-08-17 04:35:35.564,1164.482222222222
Pulse experiments,pioreactor01,2026-08-16T22:50:40.574Z,0.641245775894,2026-08-17 04:35:40.574,1164.483611111111
Pulse experiments,pioreactor01,2026-08-16T22:50:45.569Z,0.641233956866,2026-08-17 04:35:45.569,1164.485
Pulse experiments,pioreactor01,2026-08-16T22:50:50.563Z,0.641271134059,2026-08-17 04:35:50.563,1164.486388888889
Pulse experiments,pioreactor01,2026-08-16T22:50:55.559Z,0.641229437745,2026-08-17 04:35:55.559,1164.487777777778
Pulse experiments,pioreactor01,2026-08-16T22:51:00.565Z,0.64121312751,2026-08-17 04:36:00.565,1164.489166666667
Pulse experiments,pioreactor01,2026-08-16T22:51:05.576Z,0.641228356488,2026-08-17 04:36:05.576,1164.490555555556
Pulse experiments,pioreactor01,2026-08-16T22:51:10.565Z,0.641234006308,2026-08-17 04:36:10.565,1164.491944444444
Pulse experiments,pioreactor01,2026-08-16T22:51:15.563Z,0.641277794618,2026-08-17 04:36:15.563,1164.493333333333
Pulse experiments,pioreactor01,2026-08-16T22:51:20.560Z,0.641333433978,2026-08-17 04:36:20.560,1164.494722222222
Pulse experiments,pioreactor01,2026-08-16T22:51:25.565Z,0.641418050392,2026-08-17 04:36:25.565,1164.496111111111
Pulse experiments,pioreactor01,2026-08-16T22:51:30.557Z,0.641466217579,2026-08-17 04:36:30.557,1164.4975
Pulse experiments,pioreactor01,2026-08-16T22:51:35.558Z,0.641505502056,2026-08-17 04:36:35.558,1164.498888888889
Pulse experiments,pioreactor01,2026-08-16T22:51:40.576Z,0.641511100515,2026-08-17 04:36:40.576,1164.500277777778
Pulse experiments,pioreactor01,2026-08-16T22:51:45.575Z,0.64146354469,2026-08-17 04:36:45.575,1164.501666666667
Pulse experiments,pioreactor01,2026-08-16T22:51:50.565Z,0.641490588027,2026-08-17 04:36:50.565,1164.503055555556
Pulse experiments,pioreactor01,2026-08-16T22:51:55.571Z,0.641490040178,2026-08-17 04:36:55.571,1164.504444444445
Pulse experiments,pioreactor01,2026-08-16T22:52:00.571Z,0.641503257323,2026-08-17 04:37:00.571,1164.505833333333
Pulse experiments,pioreactor01,2026-08-16T22:52:05.560Z,0.641499880963,2026-08-17 04:37:05.560,1164.507222222222
Pulse experiments,pioreactor01,2026-08-16T22:52:10.569Z,0.641512816548,2026-08-17 04:37:10.569,1164.508611111111
Pulse experiments,pioreactor01,2026-08-16T22:52:15.570Z,0.641542187675,2026-08-17 04:37:15.570,1164.51
Pulse experiments,pioreactor01,2026-08-16T22:52:20.617Z,0.641509584938,2026-08-17 04:37:20.617,1164.511388888889
Pulse experiments,pioreactor01,2026-08-16T22:52:25.592Z,0.641510492465,2026-08-17 04:37:25.592,1164.512777777778
Pulse experiments,pioreactor01,2026-08-16T22:52:30.603Z,0.64151049392,2026-08-17 04:37:30.603,1164.514166666667
Pulse experiments,pioreactor01,2026-08-16T22:52:35.559Z,0.641512971206,2026-08-17 04:37:35.559,1164.515555555555
Pulse experiments,pioreactor01,2026-08-16T22:52:40.567Z,0.641514514574,2026-08-17 04:37:40.567,1164.516944444444
Pulse experiments,pioreactor01,2026-08-16T22:52:45.558Z,0.641593072635,2026-08-17 04:37:45.558,1164.518333333333
Pulse experiments,pioreactor01,2026-08-16T22:52:50.574Z,0.641632246101,2026-08-17 04:37:50.574,1164.519722222222
Pulse experiments,pioreactor01,2026-08-16T22:52:55.566Z,0.641631757607,2026-08-17 04:37:55.566,1164.521111111111
Pulse experiments,pioreactor01,2026-08-16T22:53:00.560Z,0.641610192548,2026-08-17 04:38:00.560,1164.5225
Pulse experiments,pioreactor01,2026-08-16T22:53:05.565Z,0.641597243323,2026-08-17 04:38:05.565,1164.523888888889
Pulse experiments,pioreactor01,2026-08-16T22:53:10.564Z,0.641584021551,2026-08-17 04:38:10.564,1164.525277777778
Pulse experiments,pioreactor01,2026-08-16T22:53:15.562Z,0.641551141618,2026-08-17 04:38:15.562,1164.526666666667
Pulse experiments,pioreactor01,2026-08-16T22:53:20.555Z,0.641523705719,2026-08-17 04:38:20.555,1164.528055555556
Pulse experiments,pioreactor01,2026-08-16T22:53:25.552Z,0.641515089888,2026-08-17 04:38:25.552,1164.529444444444
Pulse experiments,pioreactor01,2026-08-16T22:53:30.550Z,0.641544373891,2026-08-17 04:38:30.550,1164.530833333333
Pulse experiments,pioreactor01,2026-08-16T22:53:35.551Z,0.641514287198,2026-08-17 04:38:35.551,1164.532222222222
Pulse experiments,pioreactor01,2026-08-16T22:53:40.551Z,0.641475287284,2026-08-17 04:38:40.551,1164.533611111111
Pulse experiments,pioreactor01,2026-08-16T22:53:45.550Z,0.641452290658,2026-08-17 04:38:45.550,1164.535
Pulse experiments,pioreactor01,2026-08-16T22:53:50.549Z,0.641438034734,2026-08-17 04:38:50.549,1164.536388888889
Pulse experiments,pioreactor01,2026-08-16T22:53:55.551Z,0.64146657296,2026-08-17 04:38:55.551,1164.537777777778
Pulse experiments,pioreactor01,2026-08-16T22:54:00.551Z,0.641462227443,2026-08-17 04:39:00.551,1164.539166666667
Pulse experiments,pioreactor01,2026-08-16T22:54:05.551Z,0.641483045909,2026-08-17 04:39:05.551,1164.540555555556
Pulse experiments,pioreactor01,2026-08-16T22:54:10.552Z,0.64147527564,2026-08-17 04:39:10.552,1164.541944444444
Pulse experiments,pioreactor01,2026-08-16T22:54:15.551Z,0.641469925041,2026-08-17 04:39:15.551,1164.543333333333
Pulse experiments,pioreactor01,2026-08-16T22:54:20.550Z,0.641458963435,2026-08-17 04:39:20.550,1164.544722222222
Pulse experiments,pioreactor01,2026-08-16T22:54:25.552Z,0.641412983906,2026-08-17 04:39:25.552,1164.546111111111
Pulse experiments,pioreactor01,2026-08-16T22:54:30.551Z,0.64143162489,2026-08-17 04:39:30.551,1164.5475
Pulse experiments,pioreactor01,2026-08-16T22:54:35.550Z,0.641463657872,2026-08-17 04:39:35.550,1164.548888888889
Pulse experiments,pioreactor01,2026-08-16T22:54:40.552Z,0.641473617588,2026-08-17 04:39:40.552,1164.550277777778
Pulse experiments,pioreactor01,2026-08-16T22:54:45.550Z,0.641480029894,2026-08-17 04:39:45.550,1164.551666666667
Pulse experiments,pioreactor01,2026-08-16T22:54:50.554Z,0.641473693023,2026-08-17 04:39:50.554,1164.553055555556
Pulse experiments,pioreactor01,2026-08-16T22:54:55.549Z,0.641488651769,2026-08-17 04:39:55.549,1164.554444444444
Pulse experiments,pioreactor01,2026-08-16T22:55:00.553Z,0.641463814496,2026-08-17 04:40:00.553,1164.555833333333
Pulse experiments,pioreactor01,2026-08-16T22:55:05.549Z,0.641433990137,2026-08-17 04:40:05.549,1164.557222222222
Pulse experiments,pioreactor01,2026-08-16T22:55:10.550Z,0.641474801071,2026-08-17 04:40:10.550,1164.558611111111
Pulse experiments,pioreactor01,2026-08-16T22:55:15.551Z,0.641428694623,2026-08-17 04:40:15.551,1164.56
Pulse experiments,pioreactor01,2026-08-16T22:55:20.550Z,0.641409714474,2026-08-17 04:40:20.550,1164.561388888889
Pulse experiments,pioreactor01,2026-08-16T22:55:25.550Z,0.641434189629,2026-08-17 04:40:25.550,1164.562777777778
Pulse experiments,pioreactor01,2026-08-16T22:55:30.549Z,0.641439042767,2026-08-17 04:40:30.549,1164.564166666667
Pulse experiments,pioreactor01,2026-08-16T22:55:35.550Z,0.641456597406,2026-08-17 04:40:35.550,1164.565555555556
Pulse experiments,pioreactor01,2026-08-16T22:55:40.551Z,0.641396438695,2026-08-17 04:40:40.551,1164.566944444445
Pulse experiments,pioreactor01,2026-08-16T22:55:45.552Z,0.6413519405,2026-08-17 04:40:45.552,1164.568333333333
Pulse experiments,pioreactor01,2026-08-16T22:55:50.552Z,0.6413495881,2026-08-17 04:40:50.552,1164.569722222222
Pulse experiments,pioreactor01,2026-08-16T22:55:55.551Z,0.641333524838,2026-08-17 04:40:55.551,1164.571111111111
Pulse experiments,pioreactor01,2026-08-16T22:56:00.550Z,0.641331959541,2026-08-17 04:41:00.550,1164.5725
Pulse experiments,pioreactor01,2026-08-16T22:56:05.552Z,0.641305435805,2026-08-17 04:41:05.552,1164.573888888889
Pulse experiments,pioreactor01,2026-08-16T22:56:10.553Z,0.641302599184,2026-08-17 04:41:10.553,1164.575277777778
Pulse experiments,pioreactor01,2026-08-16T22:56:15.549Z,0.641289434245,2026-08-17 04:41:15.549,1164.576666666667
Pulse experiments,pioreactor01,2026-08-16T22:56:20.551Z,0.641239999199,2026-08-17 04:41:20.551,1164.578055555555
Pulse experiments,pioreactor01,2026-08-16T22:56:25.550Z,0.641232495787,2026-08-17 04:41:25.550,1164.579444444444
Pulse experiments,pioreactor01,2026-08-16T22:56:30.550Z,0.641231983722,2026-08-17 04:41:30.550,1164.580833333333
Pulse experiments,pioreactor01,2026-08-16T22:56:35.552Z,0.64120658196,2026-08-17 04:41:35.552,1164.582222222222
Pulse experiments,pioreactor01,2026-08-16T22:56:40.549Z,0.641208712061,2026-08-17 04:41:40.549,1164.583611111111
Pulse experiments,pioreactor01,2026-08-16T22:56:45.550Z,0.64118527384,2026-08-17 04:41:45.550,1164.585
Pulse experiments,pioreactor01,2026-08-16T22:56:50.551Z,0.641117279514,2026-08-17 04:41:50.551,1164.586388888889
Pulse experiments,pioreactor01,2026-08-16T22:56:55.550Z,0.641079950381,2026-08-17 04:41:55.550,1164.587777777778
Pulse experiments,pioreactor01,2026-08-16T22:57:00.550Z,0.641043091625,2026-08-17 04:42:00.550,1164.589166666667
Pulse experiments,pioreactor01,2026-08-16T22:57:05.552Z,0.640986766588,2026-08-17 04:42:05.552,1164.590555555556
Pulse experiments,pioreactor01,2026-08-16T22:57:10.549Z,0.640937721028,2026-08-17 04:42:10.549,1164.591944444444
Pulse experiments,pioreactor01,2026-08-16T22:57:15.551Z,0.640852574463,2026-08-17 04:42:15.551,1164.593333333333
Pulse experiments,pioreactor01,2026-08-16T22:57:20.551Z,0.640749274801,2026-08-17 04:42:20.551,1164.594722222222
Pulse experiments,pioreactor01,2026-08-16T22:57:25.549Z,0.640701704814,2026-08-17 04:42:25.549,1164.596111111111
Pulse experiments,pioreactor01,2026-08-16T22:57:30.549Z,0.640669672526,2026-08-17 04:42:30.549,1164.5975
Pulse experiments,pioreactor01,2026-08-16T22:57:35.550Z,0.640629221535,2026-08-17 04:42:35.550,1164.598888888889
Pulse experiments,pioreactor01,2026-08-16T22:57:40.554Z,0.640558931271,2026-08-17 04:42:40.554,1164.600277777778
Pulse experiments,pioreactor01,2026-08-16T22:57:45.550Z,0.640513163624,2026-08-17 04:42:45.550,1164.601666666667
Pulse experiments,pioreactor01,2026-08-16T22:57:50.549Z,0.640422521903,2026-08-17 04:42:50.549,1164.603055555556
Pulse experiments,pioreactor01,2026-08-16T22:57:55.554Z,0.640330219692,2026-08-17 04:42:55.554,1164.604444444444
Pulse experiments,pioreactor01,2026-08-16T22:58:00.549Z,0.640246097163,2026-08-17 04:43:00.549,1164.605833333333
Pulse experiments,pioreactor01,2026-08-16T22:58:05.551Z,0.640148182704,2026-08-17 04:43:05.551,1164.607222222222
Pulse experiments,pioreactor01,2026-08-16T22:58:10.550Z,0.640066176927,2026-08-17 04:43:10.550,1164.608611111111
Pulse experiments,pioreactor01,2026-08-16T22:58:15.550Z,0.640004609498,2026-08-17 04:43:15.550,1164.61
Pulse experiments,pioreactor01,2026-08-16T22:58:20.551Z,0.639894401137,2026-08-17 04:43:20.551,1164.611388888889
Pulse experiments,pioreactor01,2026-08-16T22:58:25.550Z,0.639791053681,2026-08-17 04:43:25.550,1164.612777777778
Pulse experiments,pioreactor01,2026-08-16T22:58:30.549Z,0.639684169767,2026-08-17 04:43:30.549,1164.614166666667
Pulse experiments,pioreactor01,2026-08-16T22:58:35.551Z,0.639583174844,2026-08-17 04:43:35.551,1164.615555555556
Pulse experiments,pioreactor01,2026-08-16T22:58:40.549Z,0.639478427079,2026-08-17 04:43:40.549,1164.616944444444
Pulse experiments,pioreactor01,2026-08-16T22:58:45.550Z,0.639370608736,2026-08-17 04:43:45.550,1164.618333333333
Pulse experiments,pioreactor01,2026-08-16T22:58:50.549Z,0.639249509883,2026-08-17 04:43:50.549,1164.619722222222
Pulse experiments,pioreactor01,2026-08-16T22:58:55.551Z,0.639162295445,2026-08-17 04:43:55.551,1164.621111111111
Pulse experiments,pioreactor01,2026-08-16T22:59:00.550Z,0.639109180356,2026-08-17 04:44:00.550,1164.6225
Pulse experiments,pioreactor01,2026-08-16T22:59:05.551Z,0.639043626586,2026-08-17 04:44:05.551,1164.623888888889
Pulse experiments,pioreactor01,2026-08-16T22:59:10.549Z,0.639001982995,2026-08-17 04:44:10.549,1164.625277777778
Pulse experiments,pioreactor01,2026-08-16T22:59:15.550Z,0.638946180622,2026-08-17 04:44:15.550,1164.626666666667
Pulse experiments,pioreactor01,2026-08-16T22:59:20.551Z,0.638922489522,2026-08-17 04:44:20.551,1164.628055555556
Pulse experiments,pioreactor01,2026-08-16T22:59:25.551Z,0.638859694027,2026-08-17 04:44:25.551,1164.629444444445
Pulse experiments,pioreactor01,2026-08-16T22:59:30.550Z,0.638818653019,2026-08-17 04:44:30.550,1164.630833333333
Pulse experiments,pioreactor01,2026-08-16T22:59:35.549Z,0.638723455257,2026-08-17 04:44:35.549,1164.632222222222
Pulse experiments,pioreactor01,2026-08-16T22:59:40.550Z,0.638623759719,2026-08-17 04:44:40.550,1164.633611111111
Pulse experiments,pioreactor01,2026-08-16T22:59:45.551Z,0.638586997587,2026-08-17 04:44:45.551,1164.635
Pulse experiments,pioreactor01,2026-08-16T22:59:50.552Z,0.638541963436,2026-08-17 04:44:50.552,1164.636388888889
Pulse experiments,pioreactor01,2026-08-16T22:59:55.551Z,0.638476122759,2026-08-17 04:44:55.551,1164.637777777778
Pulse experiments,pioreactor01,2026-08-16T23:00:00.550Z,0.638381202091,2026-08-17 04:45:00.550,1164.639166666667
Pulse experiments,pioreactor01,2026-08-16T23:00:05.549Z,0.638298380903,2026-08-17 04:45:05.549,1164.640555555555
Pulse experiments,pioreactor01,2026-08-16T23:00:10.550Z,0.638233116051,2026-08-17 04:45:10.550,1164.641944444444
Pulse experiments,pioreactor01,2026-08-16T23:00:15.554Z,0.638184502996,2026-08-17 04:45:15.554,1164.643333333333
Pulse experiments,pioreactor01,2026-08-16T23:00:20.549Z,0.638121364733,2026-08-17 04:45:20.549,1164.644722222222
Pulse experiments,pioreactor01,2026-08-16T23:00:30.551Z,0.638003590045,2026-08-17 04:45:30.551,1164.6475
Pulse experiments,pioreactor01,2026-08-16T23:00:35.550Z,0.637956778982,2026-08-17 04:45:35.550,1164.648888888889
Pulse experiments,pioreactor01,2026-08-16T23:00:40.550Z,0.637879007363,2026-08-17 04:45:40.550,1164.650277777778
Pulse experiments,pioreactor01,2026-08-16T23:00:45.549Z,0.637829959821,2026-08-17 04:45:45.549,1164.651666666667
Pulse experiments,pioreactor01,2026-08-16T23:00:50.552Z,0.637754559919,2026-08-17 04:45:50.552,1164.653055555556
Pulse experiments,pioreactor01,2026-08-16T23:00:55.550Z,0.637701477056,2026-08-17 04:45:55.550,1164.654444444444
Pulse experiments,pioreactor01,2026-08-16T23:01:00.551Z,0.637620168665,2026-08-17 04:46:00.551,1164.655833333333
Pulse experiments,pioreactor01,2026-08-16T23:01:05.552Z,0.63757162094,2026-08-17 04:46:05.552,1164.657222222222
Pulse experiments,pioreactor01,2026-08-16T23:01:10.551Z,0.637529112793,2026-08-17 04:46:10.551,1164.658611111111
Pulse experiments,pioreactor01,2026-08-16T23:01:15.550Z,0.637454584183,2026-08-17 04:46:15.550,1164.66
Pulse experiments,pioreactor01,2026-08-16T23:01:20.549Z,0.637375930815,2026-08-17 04:46:20.549,1164.661388888889
Pulse experiments,pioreactor01,2026-08-16T23:01:25.550Z,0.637325237292,2026-08-17 04:46:25.550,1164.662777777778
Pulse experiments,pioreactor01,2026-08-16T23:01:30.551Z,0.637253095306,2026-08-17 04:46:30.551,1164.664166666667
Pulse experiments,pioreactor01,2026-08-16T23:01:35.551Z,0.637170941873,2026-08-17 04:46:35.551,1164.665555555556
Pulse experiments,pioreactor01,2026-08-16T23:01:40.551Z,0.63708416946,2026-08-17 04:46:40.551,1164.666944444444
Pulse experiments,pioreactor01,2026-08-16T23:01:45.550Z,0.637013733955,2026-08-17 04:46:45.550,1164.668333333333
Pulse experiments,pioreactor01,2026-08-16T23:01:50.551Z,0.636995022878,2026-08-17 04:46:50.551,1164.669722222222
Pulse experiments,pioreactor01,2026-08-16T23:01:55.549Z,0.63695396953,2026-08-17 04:46:55.549,1164.671111111111
Pulse experiments,pioreactor01,2026-08-16T23:02:00.551Z,0.636921106762,2026-08-17 04:47:00.551,1164.6725
Pulse experiments,pioreactor01,2026-08-16T23:02:05.550Z,0.636838351463,2026-08-17 04:47:05.550,1164.673888888889
Pulse experiments,pioreactor01,2026-08-16T23:02:10.552Z,0.636764575412,2026-08-17 04:47:10.552,1164.675277777778
Pulse experiments,pioreactor01,2026-08-16T23:02:15.550Z,0.636693735986,2026-08-17 04:47:15.550,1164.676666666667
Pulse experiments,pioreactor01,2026-08-16T23:02:20.549Z,0.636598165231,2026-08-17 04:47:20.549,1164.678055555556
Pulse experiments,pioreactor01,2026-08-16T23:02:25.551Z,0.636505938034,2026-08-17 04:47:25.551,1164.679444444444
Pulse experiments,pioreactor01,2026-08-16T23:02:30.550Z,0.636423571152,2026-08-17 04:47:30.550,1164.680833333333
Pulse experiments,pioreactor01,2026-08-16T23:02:35.553Z,0.636329889733,2026-08-17 04:47:35.553,1164.682222222222
Pulse experiments,pioreactor01,2026-08-16T23:02:40.549Z,0.636291313117,2026-08-17 04:47:40.549,1164.683611111111
Pulse experiments,pioreactor01,2026-08-16T23:02:45.550Z,0.636222420546,2026-08-17 04:47:45.550,1164.685
Pulse experiments,pioreactor01,2026-08-16T23:02:50.550Z,0.636145825268,2026-08-17 04:47:50.550,1164.686388888889
Pulse experiments,pioreactor01,2026-08-16T23:02:55.552Z,0.63608930029,2026-08-17 04:47:55.552,1164.687777777778
Pulse experiments,pioreactor01,2026-08-16T23:03:00.550Z,0.636001062493,2026-08-17 04:48:00.550,1164.689166666667
Pulse experiments,pioreactor01,2026-08-16T23:03:05.551Z,0.635917055736,2026-08-17 04:48:05.551,1164.690555555556
Pulse experiments,pioreactor01,2026-08-16T23:03:10.551Z,0.635817473692,2026-08-17 04:48:10.551,1164.691944444445
Pulse experiments,pioreactor01,2026-08-16T23:03:15.549Z,0.635706043755,2026-08-17 04:48:15.549,1164.693333333333
Pulse experiments,pioreactor01,2026-08-16T23:03:20.551Z,0.635607932595,2026-08-17 04:48:20.551,1164.694722222222
Pulse experiments,pioreactor01,2026-08-16T23:03:25.552Z,0.635519184742,2026-08-17 04:48:25.552,1164.696111111111
Pulse experiments,pioreactor01,2026-08-16T23:03:30.550Z,0.63540510966,2026-08-17 04:48:30.550,1164.6975
Pulse experiments,pioreactor01,2026-08-16T23:03:35.552Z,0.635324708897,2026-08-17 04:48:35.552,1164.698888888889
Pulse experiments,pioreactor01,2026-08-16T23:03:40.550Z,0.635229651963,2026-08-17 04:48:40.550,1164.700277777778
Pulse experiments,pioreactor01,2026-08-16T23:03:45.550Z,0.635161371097,2026-08-17 04:48:45.550,1164.701666666667
Pulse experiments,pioreactor01,2026-08-16T23:03:50.550Z,0.635092869391,2026-08-17 04:48:50.550,1164.703055555555
Pulse experiments,pioreactor01,2026-08-16T23:03:55.550Z,0.635005907194,2026-08-17 04:48:55.550,1164.704444444444
Pulse experiments,pioreactor01,2026-08-16T23:04:00.550Z,0.634888210598,2026-08-17 04:49:00.550,1164.705833333333
Pulse experiments,pioreactor01,2026-08-16T23:04:05.550Z,0.634801410738,2026-08-17 04:49:05.550,1164.707222222222
Pulse experiments,pioreactor01,2026-08-16T23:04:10.549Z,0.634680717775,2026-08-17 04:49:10.549,1164.708611111111
Pulse experiments,pioreactor01,2026-08-16T23:04:15.551Z,0.634580958212,2026-08-17 04:49:15.551,1164.71
Pulse experiments,pioreactor01,2026-08-16T23:04:20.551Z,0.634517164771,2026-08-17 04:49:20.551,1164.711388888889
Pulse experiments,pioreactor01,2026-08-16T23:04:25.551Z,0.634444160901,2026-08-17 04:49:25.551,1164.712777777778
Pulse experiments,pioreactor01,2026-08-16T23:04:30.550Z,0.634383869154,2026-08-17 04:49:30.550,1164.714166666667
Pulse experiments,pioreactor01,2026-08-16T23:04:35.551Z,0.634322810609,2026-08-17 04:49:35.551,1164.715555555556
Pulse experiments,pioreactor01,2026-08-16T23:04:40.552Z,0.634267429303,2026-08-17 04:49:40.552,1164.716944444444
Pulse experiments,pioreactor01,2026-08-16T23:04:45.549Z,0.634195186667,2026-08-17 04:49:45.549,1164.718333333333
Pulse experiments,pioreactor01,2026-08-16T23:04:50.552Z,0.634124973323,2026-08-17 04:49:50.552,1164.719722222222
Pulse experiments,pioreactor01,2026-08-16T23:05:00.552Z,0.634004401878,2026-08-17 04:50:00.552,1164.7225
Pulse experiments,pioreactor01,2026-08-16T23:05:05.554Z,0.633916535308,2026-08-17 04:50:05.554,1164.723888888889
Pulse experiments,pioreactor01,2026-08-16T23:05:10.551Z,0.633831705727,2026-08-17 04:50:10.551,1164.725277777778
Pulse experiments,pioreactor01,2026-08-16T23:05:15.568Z,0.633733692826,2026-08-17 04:50:15.568,1164.726666666667
Pulse experiments,pioreactor01,2026-08-16T23:05:20.550Z,0.633653754164,2026-08-17 04:50:20.550,1164.728055555556
Pulse experiments,pioreactor01,2026-08-16T23:05:25.550Z,0.633601176497,2026-08-17 04:50:25.550,1164.729444444444
Pulse experiments,pioreactor01,2026-08-16T23:05:30.550Z,0.633565472497,2026-08-17 04:50:30.550,1164.730833333333
Pulse experiments,pioreactor01,2026-08-16T23:05:35.550Z,0.633529440914,2026-08-17 04:50:35.550,1164.732222222222
Pulse experiments,pioreactor01,2026-08-16T23:05:40.550Z,0.633467967034,2026-08-17 04:50:40.550,1164.733611111111
Pulse experiments,pioreactor01,2026-08-16T23:05:45.550Z,0.633418827684,2026-08-17 04:50:45.550,1164.735
Pulse experiments,pioreactor01,2026-08-16T23:05:50.552Z,0.633358282302,2026-08-17 04:50:50.552,1164.736388888889
Pulse experiments,pioreactor01,2026-08-16T23:05:55.550Z,0.633298724364,2026-08-17 04:50:55.550,1164.737777777778
Pulse experiments,pioreactor01,2026-08-16T23:06:00.549Z,0.633214235545,2026-08-17 04:51:00.549,1164.739166666667
Pulse experiments,pioreactor01,2026-08-16T23:06:05.550Z,0.633147845256,2026-08-17 04:51:05.550,1164.740555555556
Pulse experiments,pioreactor01,2026-08-16T23:06:10.551Z,0.633078862726,2026-08-17 04:51:10.551,1164.741944444444
Pulse experiments,pioreactor01,2026-08-16T23:06:20.550Z,0.632963290039,2026-08-17 04:51:20.550,1164.744722222222
Pulse experiments,pioreactor01,2026-08-16T23:06:25.552Z,0.632890625652,2026-08-17 04:51:25.552,1164.746111111111
Pulse experiments,pioreactor01,2026-08-16T23:06:30.551Z,0.632830217322,2026-08-17 04:51:30.551,1164.7475
Pulse experiments,pioreactor01,2026-08-16T23:06:35.551Z,0.632785783079,2026-08-17 04:51:35.551,1164.748888888889
Pulse experiments,pioreactor01,2026-08-16T23:06:40.552Z,0.632751276143,2026-08-17 04:51:40.552,1164.750277777778
Pulse experiments,pioreactor01,2026-08-16T23:06:45.550Z,0.632702490048,2026-08-17 04:51:45.550,1164.751666666667
Pulse experiments,pioreactor01,2026-08-16T23:06:50.552Z,0.632648227847,2026-08-17 04:51:50.552,1164.753055555556
Pulse experiments,pioreactor01,2026-08-16T23:06:55.553Z,0.632584101,2026-08-17 04:51:55.553,1164.754444444445
Pulse experiments,pioreactor01,2026-08-16T23:07:00.549Z,0.632560146588,2026-08-17 04:52:00.549,1164.755833333333
Pulse experiments,pioreactor01,2026-08-16T23:07:05.549Z,0.632538007838,2026-08-17 04:52:05.549,1164.757222222222
Pulse experiments,pioreactor01,2026-08-16T23:07:10.550Z,0.632525146573,2026-08-17 04:52:10.550,1164.758611111111
Pulse experiments,pioreactor01,2026-08-16T23:07:15.550Z,0.632484813961,2026-08-17 04:52:15.550,1164.76
Pulse experiments,pioreactor01,2026-08-16T23:07:20.551Z,0.632437341223,2026-08-17 04:52:20.551,1164.761388888889
Pulse experiments,pioreactor01,2026-08-16T23:07:25.551Z,0.632414641591,2026-08-17 04:52:25.551,1164.762777777778
Pulse experiments,pioreactor01,2026-08-16T23:07:30.550Z,0.632381257019,2026-08-17 04:52:30.550,1164.764166666667
Pulse experiments,pioreactor01,2026-08-16T23:07:35.551Z,0.632334554902,2026-08-17 04:52:35.551,1164.765555555555
Pulse experiments,pioreactor01,2026-08-16T23:07:40.554Z,0.632261858804,2026-08-17 04:52:40.554,1164.766944444444
Pulse experiments,pioreactor01,2026-08-16T23:07:45.552Z,0.632209023071,2026-08-17 04:52:45.552,1164.768333333333
Pulse experiments,pioreactor01,2026-08-16T23:07:50.550Z,0.632173723854,2026-08-17 04:52:50.550,1164.769722222222
Pulse experiments,pioreactor01,2026-08-16T23:07:55.552Z,0.632157394208,2026-08-17 04:52:55.552,1164.771111111111
Pulse experiments,pioreactor01,2026-08-16T23:08:00.551Z,0.632128439568,2026-08-17 04:53:00.551,1164.7725
Pulse experiments,pioreactor01,2026-08-16T23:08:05.551Z,0.632078526456,2026-08-17 04:53:05.551,1164.773888888889
Pulse experiments,pioreactor01,2026-08-16T23:08:10.551Z,0.632065826641,2026-08-17 04:53:10.551,1164.775277777778
Pulse experiments,pioreactor01,2026-08-16T23:08:15.549Z,0.632050400504,2026-08-17 04:53:15.549,1164.776666666667
Pulse experiments,pioreactor01,2026-08-16T23:08:20.555Z,0.632012884625,2026-08-17 04:53:20.555,1164.778055555556
Pulse experiments,pioreactor01,2026-08-16T23:08:25.550Z,0.631968818575,2026-08-17 04:53:25.550,1164.779444444444
Pulse experiments,pioreactor01,2026-08-16T23:08:30.550Z,0.631936560359,2026-08-17 04:53:30.550,1164.780833333333
Pulse experiments,pioreactor01,2026-08-16T23:08:35.552Z,0.631885189242,2026-08-17 04:53:35.552,1164.782222222222
Pulse experiments,pioreactor01,2026-08-16T23:08:40.551Z,0.631836048292,2026-08-17 04:53:40.551,1164.783611111111
Pulse experiments,pioreactor01,2026-08-16T23:08:45.551Z,0.631810662519,2026-08-17 04:53:45.551,1164.785
Pulse experiments,pioreactor01,2026-08-16T23:08:50.552Z,0.631761703455,2026-08-17 04:53:50.552,1164.786388888889
Pulse experiments,pioreactor01,2026-08-16T23:08:55.550Z,0.631718164717,2026-08-17 04:53:55.550,1164.787777777778
Pulse experiments,pioreactor01,2026-08-16T23:09:00.552Z,0.631666765877,2026-08-17 04:54:00.552,1164.789166666667
Pulse experiments,pioreactor01,2026-08-16T23:09:05.550Z,0.631621328844,2026-08-17 04:54:05.550,1164.790555555556
Pulse experiments,pioreactor01,2026-08-16T23:09:10.549Z,0.631577426955,2026-08-17 04:54:10.549,1164.791944444444
Pulse experiments,pioreactor01,2026-08-16T23:09:15.549Z,0.631550723154,2026-08-17 04:54:15.549,1164.793333333333
Pulse experiments,pioreactor01,2026-08-16T23:09:30.551Z,0.63144624948,2026-08-17 04:54:30.551,1164.7975
Pulse experiments,pioreactor01,2026-08-16T23:09:35.550Z,0.631445153086,2026-08-17 04:54:35.550,1164.798888888889
Pulse experiments,pioreactor01,2026-08-16T23:09:40.552Z,0.631450750415,2026-08-17 04:54:40.552,1164.800277777778
Pulse experiments,pioreactor01,2026-08-16T23:09:45.550Z,0.631442867023,2026-08-17 04:54:45.550,1164.801666666667
Pulse experiments,pioreactor01,2026-08-16T23:09:50.550Z,0.631470257311,2026-08-17 04:54:50.550,1164.803055555556
Pulse experiments,pioreactor01,2026-08-16T23:09:55.549Z,0.63147684779,2026-08-17 04:54:55.549,1164.804444444444
Pulse experiments,pioreactor01,2026-08-16T23:10:00.551Z,0.6314691382,2026-08-17 04:55:00.551,1164.805833333333
Pulse experiments,pioreactor01,2026-08-16T23:10:05.552Z,0.631463989764,2026-08-17 04:55:05.552,1164.807222222222
Pulse experiments,pioreactor01,2026-08-16T23:10:10.552Z,0.631443535399,2026-08-17 04:55:10.552,1164.808611111111
Pulse experiments,pioreactor01,2026-08-16T23:10:15.550Z,0.631426884943,2026-08-17 04:55:15.550,1164.81
Pulse experiments,pioreactor01,2026-08-16T23:10:20.552Z,0.631402233911,2026-08-17 04:55:20.552,1164.811388888889
Pulse experiments,pioreactor01,2026-08-16T23:10:25.551Z,0.631411510824,2026-08-17 04:55:25.551,1164.812777777778
Pulse experiments,pioreactor01,2026-08-16T23:10:30.551Z,0.631395613229,2026-08-17 04:55:30.551,1164.814166666667
Pulse experiments,pioreactor01,2026-08-16T23:10:35.552Z,0.631384628089,2026-08-17 04:55:35.552,1164.815555555556
Pulse experiments,pioreactor01,2026-08-16T23:10:40.550Z,0.63137042145,2026-08-17 04:55:40.550,1164.816944444445
Pulse experiments,pioreactor01,2026-08-16T23:10:45.551Z,0.631331476194,2026-08-17 04:55:45.551,1164.818333333333
Pulse experiments,pioreactor01,2026-08-16T23:10:50.552Z,0.631321524761,2026-08-17 04:55:50.552,1164.819722222222
Pulse experiments,pioreactor01,2026-08-16T23:10:55.550Z,0.631290587107,2026-08-17 04:55:55.550,1164.821111111111
Pulse experiments,pioreactor01,2026-08-16T23:11:00.550Z,0.631263938945,2026-08-17 04:56:00.550,1164.8225
Pulse experiments,pioreactor01,2026-08-16T23:11:05.553Z,0.631232961955,2026-08-17 04:56:05.553,1164.823888888889
Pulse experiments,pioreactor01,2026-08-16T23:11:10.551Z,0.63122408914,2026-08-17 04:56:10.551,1164.825277777778
Pulse experiments,pioreactor01,2026-08-16T23:11:15.550Z,0.631195289839,2026-08-17 04:56:15.550,1164.826666666667
Pulse experiments,pioreactor01,2026-08-16T23:11:20.551Z,0.631163934251,2026-08-17 04:56:20.551,1164.828055555555
Pulse experiments,pioreactor01,2026-08-16T23:11:25.549Z,0.631160867723,2026-08-17 04:56:25.549,1164.829444444444
Pulse experiments,pioreactor01,2026-08-16T23:11:30.553Z,0.631157137123,2026-08-17 04:56:30.553,1164.830833333333
Pulse experiments,pioreactor01,2026-08-16T23:11:35.551Z,0.631125755941,2026-08-17 04:56:35.551,1164.832222222222
Pulse experiments,pioreactor01,2026-08-16T23:11:40.552Z,0.631135724386,2026-08-17 04:56:40.552,1164.833611111111
Pulse experiments,pioreactor01,2026-08-16T23:11:45.556Z,0.631116379357,2026-08-17 04:56:45.556,1164.835
Pulse experiments,pioreactor01,2026-08-16T23:11:50.550Z,0.631107466552,2026-08-17 04:56:50.550,1164.836388888889
Pulse experiments,pioreactor01,2026-08-16T23:11:55.550Z,0.631088206658,2026-08-17 04:56:55.550,1164.837777777778
Pulse experiments,pioreactor01,2026-08-16T23:12:00.549Z,0.631049995487,2026-08-17 04:57:00.549,1164.839166666667
Pulse experiments,pioreactor01,2026-08-16T23:12:05.552Z,0.631028918532,2026-08-17 04:57:05.552,1164.840555555556
Pulse experiments,pioreactor01,2026-08-16T23:12:10.551Z,0.631009878034,2026-08-17 04:57:10.551,1164.841944444444
Pulse experiments,pioreactor01,2026-08-16T23:12:15.549Z,0.630987503156,2026-08-17 04:57:15.549,1164.843333333333
Pulse experiments,pioreactor01,2026-08-16T23:12:20.550Z,0.630975922795,2026-08-17 04:57:20.550,1164.844722222222
Pulse experiments,pioreactor01,2026-08-16T23:12:25.551Z,0.630955852101,2026-08-17 04:57:25.551,1164.846111111111
Pulse experiments,pioreactor01,2026-08-16T23:12:30.553Z,0.630926930048,2026-08-17 04:57:30.553,1164.8475
Pulse experiments,pioreactor01,2026-08-16T23:12:35.551Z,0.630928729679,2026-08-17 04:57:35.551,1164.848888888889
Pulse experiments,pioreactor01,2026-08-16T23:12:40.549Z,0.630914477614,2026-08-17 04:57:40.549,1164.850277777778
Pulse experiments,pioreactor01,2026-08-16T23:12:50.550Z,0.630899163202,2026-08-17 04:57:50.550,1164.853055555556
Pulse experiments,pioreactor01,2026-08-16T23:12:55.550Z,0.630914839572,2026-08-17 04:57:55.550,1164.854444444444
Pulse experiments,pioreactor01,2026-08-16T23:13:00.552Z,0.630916182663,2026-08-17 04:58:00.552,1164.855833333333
Pulse experiments,pioreactor01,2026-08-16T23:13:05.550Z,0.630906362677,2026-08-17 04:58:05.550,1164.857222222222
Pulse experiments,pioreactor01,2026-08-16T23:13:10.554Z,0.630877162446,2026-08-17 04:58:10.554,1164.858611111111
Pulse experiments,pioreactor01,2026-08-16T23:13:15.552Z,0.630847212986,2026-08-17 04:58:15.552,1164.86
Pulse experiments,pioreactor01,2026-08-16T23:13:20.551Z,0.630813673743,2026-08-17 04:58:20.551,1164.861388888889
Pulse experiments,pioreactor01,2026-08-16T23:13:25.549Z,0.630772220164,2026-08-17 04:58:25.549,1164.862777777778
Pulse experiments,pioreactor01,2026-08-16T23:13:30.549Z,0.630754095601,2026-08-17 04:58:30.549,1164.864166666667
Pulse experiments,pioreactor01,2026-08-16T23:13:35.555Z,0.630718532053,2026-08-17 04:58:35.555,1164.865555555556
Pulse experiments,pioreactor01,2026-08-16T23:13:40.553Z,0.630718566828,2026-08-17 04:58:40.553,1164.866944444444
Pulse experiments,pioreactor01,2026-08-16T23:13:45.550Z,0.630696904155,2026-08-17 04:58:45.550,1164.868333333333
Pulse experiments,pioreactor01,2026-08-16T23:13:50.551Z,0.630677367991,2026-08-17 04:58:50.551,1164.869722222222
Pulse experiments,pioreactor01,2026-08-16T23:13:55.550Z,0.630652383806,2026-08-17 04:58:55.550,1164.871111111111
Pulse experiments,pioreactor01,2026-08-16T23:14:00.552Z,0.630626203056,2026-08-17 04:59:00.552,1164.8725
Pulse experiments,pioreactor01,2026-08-16T23:14:05.549Z,0.630606778856,2026-08-17 04:59:05.549,1164.873888888889
Pulse experiments,pioreactor01,2026-08-16T23:14:10.550Z,0.630593902041,2026-08-17 04:59:10.550,1164.875277777778
Pulse experiments,pioreactor01,2026-08-16T23:14:15.551Z,0.630597039065,2026-08-17 04:59:15.551,1164.876666666667
Pulse experiments,pioreactor01,2026-08-16T23:14:20.550Z,0.630580009192,2026-08-17 04:59:20.550,1164.878055555556
Pulse experiments,pioreactor01,2026-08-16T23:14:25.551Z,0.630578191296,2026-08-17 04:59:25.551,1164.879444444445
Pulse experiments,pioreactor01,2026-08-16T23:14:30.549Z,0.630593987117,2026-08-17 04:59:30.549,1164.880833333333
Pulse experiments,pioreactor01,2026-08-16T23:14:40.554Z,0.630547917235,2026-08-17 04:59:40.554,1164.883611111111
Pulse experiments,pioreactor01,2026-08-16T23:14:45.551Z,0.63054337452,2026-08-17 04:59:45.551,1164.885
Pulse experiments,pioreactor01,2026-08-16T23:14:50.552Z,0.63051951485,2026-08-17 04:59:50.552,1164.886388888889
Pulse experiments,pioreactor01,2026-08-16T23:14:55.552Z,0.630510570434,2026-08-17 04:59:55.552,1164.887777777778
Pulse experiments,pioreactor01,2026-08-16T23:15:00.550Z,0.630503055382,2026-08-17 05:00:00.550,1164.889166666667
Pulse experiments,pioreactor01,2026-08-16T23:15:05.550Z,0.630495973142,2026-08-17 05:00:05.550,1164.890555555555
Pulse experiments,pioreactor01,2026-08-16T23:15:10.549Z,0.630482289651,2026-08-17 05:00:10.549,1164.891944444444
Pulse experiments,pioreactor01,2026-08-16T23:15:15.550Z,0.630463721452,2026-08-17 05:00:15.550,1164.893333333333
Pulse experiments,pioreactor01,2026-08-16T23:15:25.550Z,0.63044249499,2026-08-17 05:00:25.550,1164.896111111111
Pulse experiments,pioreactor01,2026-08-16T23:15:30.550Z,0.63047083279,2026-08-17 05:00:30.550,1164.8975
Pulse experiments,pioreactor01,2026-08-16T23:15:40.551Z,0.630455390647,2026-08-17 05:00:40.551,1164.900277777778
Pulse experiments,pioreactor01,2026-08-16T23:15:45.550Z,0.630460883406,2026-08-17 05:00:45.550,1164.901666666667
Pulse experiments,pioreactor01,2026-08-16T23:15:50.553Z,0.63047479958,2026-08-17 05:00:50.553,1164.903055555556
Pulse experiments,pioreactor01,2026-08-16T23:15:55.550Z,0.630487092722,2026-08-17 05:00:55.550,1164.904444444444
Pulse experiments,pioreactor01,2026-08-16T23:16:00.551Z,0.630489254765,2026-08-17 05:01:00.551,1164.905833333333
Pulse experiments,pioreactor01,2026-08-16T23:16:05.553Z,0.63050421142,2026-08-17 05:01:05.553,1164.907222222222
Pulse experiments,pioreactor01,2026-08-16T23:16:10.551Z,0.630509690116,2026-08-17 05:01:10.551,1164.908611111111
Pulse experiments,pioreactor01,2026-08-16T23:16:15.551Z,0.630508116601,2026-08-17 05:01:15.551,1164.91
Pulse experiments,pioreactor01,2026-08-16T23:16:20.551Z,0.630507502145,2026-08-17 05:01:20.551,1164.911388888889
Pulse experiments,pioreactor01,2026-08-16T23:16:25.550Z,0.630515956136,2026-08-17 05:01:25.550,1164.912777777778
Pulse experiments,pioreactor01,2026-08-16T23:16:30.552Z,0.630516345677,2026-08-17 05:01:30.552,1164.914166666667
Pulse experiments,pioreactor01,2026-08-16T23:16:35.550Z,0.630526762905,2026-08-17 05:01:35.550,1164.915555555556
Pulse experiments,pioreactor01,2026-08-16T23:16:40.550Z,0.630548183818,2026-08-17 05:01:40.550,1164.916944444444
Pulse experiments,pioreactor01,2026-08-16T23:16:45.549Z,0.63055066007,2026-08-17 05:01:45.549,1164.918333333333
Pulse experiments,pioreactor01,2026-08-16T23:16:50.550Z,0.63053421107,2026-08-17 05:01:50.550,1164.919722222222
Pulse experiments,pioreactor01,2026-08-16T23:16:55.550Z,0.630526889958,2026-08-17 05:01:55.550,1164.921111111111
Pulse experiments,pioreactor01,2026-08-16T23:17:00.549Z,0.630517806134,2026-08-17 05:02:00.549,1164.9225
Pulse experiments,pioreactor01,2026-08-16T23:17:05.549Z,0.630499886467,2026-08-17 05:02:05.549,1164.923888888889
Pulse experiments,pioreactor01,2026-08-16T23:17:10.552Z,0.630479886668,2026-08-17 05:02:10.552,1164.925277777778
Pulse experiments,pioreactor01,2026-08-16T23:17:15.550Z,0.630487024475,2026-08-17 05:02:15.550,1164.926666666667
Pulse experiments,pioreactor01,2026-08-16T23:17:20.551Z,0.630482141716,2026-08-17 05:02:20.551,1164.928055555556
Pulse experiments,pioreactor01,2026-08-16T23:17:25.550Z,0.630472729209,2026-08-17 05:02:25.550,1164.929444444444
Pulse experiments,pioreactor01,2026-08-16T23:17:30.552Z,0.630480437639,2026-08-17 05:02:30.552,1164.930833333333
Pulse experiments,pioreactor01,2026-08-16T23:17:35.552Z,0.630460007726,2026-08-17 05:02:35.552,1164.932222222222
Pulse experiments,pioreactor01,2026-08-16T23:17:40.552Z,0.630444515888,2026-08-17 05:02:40.552,1164.933611111111
Pulse experiments,pioreactor01,2026-08-16T23:17:45.550Z,0.630440474433,2026-08-17 05:02:45.550,1164.935
Pulse experiments,pioreactor01,2026-08-16T23:17:50.551Z,0.630439619214,2026-08-17 05:02:50.551,1164.936388888889
Pulse experiments,pioreactor01,2026-08-16T23:17:55.551Z,0.630443725153,2026-08-17 05:02:55.551,1164.937777777778
Pulse experiments,pioreactor01,2026-08-16T23:18:00.551Z,0.630457814241,2026-08-17 05:03:00.551,1164.939166666667
Pulse experiments,pioreactor01,2026-08-16T23:18:10.551Z,0.630423703965,2026-08-17 05:03:10.551,1164.941944444445
Pulse experiments,pioreactor01,2026-08-16T23:18:15.550Z,0.630427134469,2026-08-17 05:03:15.550,1164.943333333333
Pulse experiments,pioreactor01,2026-08-16T23:18:20.550Z,0.630438532875,2026-08-17 05:03:20.550,1164.944722222222
Pulse experiments,pioreactor01,2026-08-16T23:18:25.550Z,0.630437215616,2026-08-17 05:03:25.550,1164.946111111111
Pulse experiments,pioreactor01,2026-08-16T23:18:30.549Z,0.630456764689,2026-08-17 05:03:30.549,1164.9475
Pulse experiments,pioreactor01,2026-08-16T23:18:35.550Z,0.630462738653,2026-08-17 05:03:35.550,1164.948888888889
Pulse experiments,pioreactor01,2026-08-16T23:18:40.551Z,0.630512783204,2026-08-17 05:03:40.551,1164.950277777778
Pulse experiments,pioreactor01,2026-08-16T23:18:45.552Z,0.630539291723,2026-08-17 05:03:45.552,1164.951666666667
Pulse experiments,pioreactor01,2026-08-16T23:18:50.551Z,0.630551033556,2026-08-17 05:03:50.551,1164.953055555555
Pulse experiments,pioreactor01,2026-08-16T23:18:55.551Z,0.630550828136,2026-08-17 05:03:55.551,1164.954444444444
Pulse experiments,pioreactor01,2026-08-16T23:19:00.549Z,0.630537987512,2026-08-17 05:04:00.549,1164.955833333333
Pulse experiments,pioreactor01,2026-08-16T23:19:05.550Z,0.630538193743,2026-08-17 05:04:05.550,1164.957222222222
Pulse experiments,pioreactor01,2026-08-16T23:19:10.551Z,0.630532794421,2026-08-17 05:04:10.551,1164.958611111111
Pulse experiments,pioreactor01,2026-08-16T23:19:15.551Z,0.630506712296,2026-08-17 05:04:15.551,1164.96
Pulse experiments,pioreactor01,2026-08-16T23:19:20.550Z,0.630501203174,2026-08-17 05:04:20.550,1164.961388888889
Pulse experiments,pioreactor01,2026-08-16T23:19:25.551Z,0.630494673378,2026-08-17 05:04:25.551,1164.962777777778
Pulse experiments,pioreactor01,2026-08-16T23:19:35.551Z,0.630485997942,2026-08-17 05:04:35.551,1164.965555555556
Pulse experiments,pioreactor01,2026-08-16T23:19:40.551Z,0.630482309014,2026-08-17 05:04:40.551,1164.966944444444
Pulse experiments,pioreactor01,2026-08-16T23:19:45.549Z,0.630465466109,2026-08-17 05:04:45.549,1164.968333333333
Pulse experiments,pioreactor01,2026-08-16T23:19:50.550Z,0.630476253463,2026-08-17 05:04:50.550,1164.969722222222
Pulse experiments,pioreactor01,2026-08-16T23:19:55.551Z,0.630491752767,2026-08-17 05:04:55.551,1164.971111111111
Pulse experiments,pioreactor01,2026-08-16T23:20:00.550Z,0.630507941143,2026-08-17 05:05:00.550,1164.9725
Pulse experiments,pioreactor01,2026-08-16T23:20:05.551Z,0.630520487429,2026-08-17 05:05:05.551,1164.973888888889
Pulse experiments,pioreactor01,2026-08-16T23:20:10.550Z,0.63052908521,2026-08-17 05:05:10.550,1164.975277777778
Pulse experiments,pioreactor01,2026-08-16T23:20:15.561Z,0.630542253001,2026-08-17 05:05:15.561,1164.976666666667
Pulse experiments,pioreactor01,2026-08-16T23:20:20.550Z,0.630569588745,2026-08-17 05:05:20.550,1164.978055555556
Pulse experiments,pioreactor01,2026-08-16T23:20:25.551Z,0.63057672913,2026-08-17 05:05:25.551,1164.979444444444
Pulse experiments,pioreactor01,2026-08-16T23:20:30.551Z,0.630594673556,2026-08-17 05:05:30.551,1164.980833333333
Pulse experiments,pioreactor01,2026-08-16T23:20:35.553Z,0.630589159799,2026-08-17 05:05:35.553,1164.982222222222
Pulse experiments,pioreactor01,2026-08-16T23:20:40.551Z,0.630577677941,2026-08-17 05:05:40.551,1164.983611111111
Pulse experiments,pioreactor01,2026-08-16T23:20:45.551Z,0.630553690151,2026-08-17 05:05:45.551,1164.985
Pulse experiments,pioreactor01,2026-08-16T23:20:50.551Z,0.630545009929,2026-08-17 05:05:50.551,1164.986388888889
Pulse experiments,pioreactor01,2026-08-16T23:20:55.549Z,0.630562492379,2026-08-17 05:05:55.549,1164.987777777778
Pulse experiments,pioreactor01,2026-08-16T23:21:00.550Z,0.630562635716,2026-08-17 05:06:00.550,1164.989166666667
Pulse experiments,pioreactor01,2026-08-16T23:21:05.549Z,0.630559540326,2026-08-17 05:06:05.549,1164.990555555556
Pulse experiments,pioreactor01,2026-08-16T23:21:10.551Z,0.630557884917,2026-08-17 05:06:10.551,1164.991944444444
Pulse experiments,pioreactor01,2026-08-16T23:21:15.550Z,0.630589074394,2026-08-17 05:06:15.550,1164.993333333333
Pulse experiments,pioreactor01,2026-08-16T23:21:20.554Z,0.630612771156,2026-08-17 05:06:20.554,1164.994722222222
Pulse experiments,pioreactor01,2026-08-16T23:21:25.551Z,0.630627048853,2026-08-17 05:06:25.551,1164.996111111111
Pulse experiments,pioreactor01,2026-08-16T23:21:30.550Z,0.630639334115,2026-08-17 05:06:30.550,1164.9975
Pulse experiments,pioreactor01,2026-08-16T23:21:35.550Z,0.63062388635,2026-08-17 05:06:35.550,1164.998888888889
Pulse experiments,pioreactor01,2026-08-16T23:21:40.550Z,0.630612284011,2026-08-17 05:06:40.550,1165.000277777778
Pulse experiments,pioreactor01,2026-08-16T23:21:45.552Z,0.630608928268,2026-08-17 05:06:45.552,1165.001666666667
Pulse experiments,pioreactor01,2026-08-16T23:21:50.550Z,0.630628331575,2026-08-17 05:06:50.550,1165.003055555556
Pulse experiments,pioreactor01,2026-08-16T23:21:55.551Z,0.630626567233,2026-08-17 05:06:55.551,1165.004444444445
Pulse experiments,pioreactor01,2026-08-16T23:22:00.553Z,0.63062207823,2026-08-17 05:07:00.553,1165.005833333333
Pulse experiments,pioreactor01,2026-08-16T23:22:05.550Z,0.630623173191,2026-08-17 05:07:05.550,1165.007222222222
Pulse experiments,pioreactor01,2026-08-16T23:22:10.551Z,0.630619789355,2026-08-17 05:07:10.551,1165.008611111111
Pulse experiments,pioreactor01,2026-08-16T23:22:15.551Z,0.630609766346,2026-08-17 05:07:15.551,1165.01
Pulse experiments,pioreactor01,2026-08-16T23:22:20.550Z,0.630614088761,2026-08-17 05:07:20.550,1165.011388888889
Pulse experiments,pioreactor01,2026-08-16T23:22:25.551Z,0.630625226052,2026-08-17 05:07:25.551,1165.012777777778
Pulse experiments,pioreactor01,2026-08-16T23:22:30.551Z,0.630640814015,2026-08-17 05:07:30.551,1165.014166666667
Pulse experiments,pioreactor01,2026-08-16T23:22:35.549Z,0.630638183804,2026-08-17 05:07:35.549,1165.015555555555
Pulse experiments,pioreactor01,2026-08-16T23:22:40.551Z,0.630614636729,2026-08-17 05:07:40.551,1165.016944444444
Pulse experiments,pioreactor01,2026-08-16T23:22:45.552Z,0.630622430389,2026-08-17 05:07:45.552,1165.018333333333
Pulse experiments,pioreactor01,2026-08-16T23:22:50.552Z,0.630618537289,2026-08-17 05:07:50.552,1165.019722222222
Pulse experiments,pioreactor01,2026-08-16T23:22:55.550Z,0.630615692528,2026-08-17 05:07:55.550,1165.021111111111
Pulse experiments,pioreactor01,2026-08-16T23:23:00.550Z,0.630621405401,2026-08-17 05:08:00.550,1165.0225
Pulse experiments,pioreactor01,2026-08-16T23:23:05.551Z,0.630642095968,2026-08-17 05:08:05.551,1165.023888888889
Pulse experiments,pioreactor01,2026-08-16T23:23:10.550Z,0.630644794464,2026-08-17 05:08:10.550,1165.025277777778
Pulse experiments,pioreactor01,2026-08-16T23:23:15.549Z,0.63066128771,2026-08-17 05:08:15.549,1165.026666666667
Pulse experiments,pioreactor01,2026-08-16T23:23:20.550Z,0.630672980468,2026-08-17 05:08:20.550,1165.028055555556
Pulse experiments,pioreactor01,2026-08-16T23:23:25.551Z,0.63066119804,2026-08-17 05:08:25.551,1165.029444444444
Pulse experiments,pioreactor01,2026-08-16T23:23:30.552Z,0.630673364861,2026-08-17 05:08:30.552,1165.030833333333
Pulse experiments,pioreactor01,2026-08-16T23:23:35.550Z,0.630684740197,2026-08-17 05:08:35.550,1165.032222222222
Pulse experiments,pioreactor01,2026-08-16T23:23:40.549Z,0.630688501538,2026-08-17 05:08:40.549,1165.033611111111
Pulse experiments,pioreactor01,2026-08-16T23:23:45.553Z,0.630692792004,2026-08-17 05:08:45.553,1165.035
Pulse experiments,pioreactor01,2026-08-16T23:23:50.551Z,0.630698524261,2026-08-17 05:08:50.551,1165.036388888889
Pulse experiments,pioreactor01,2026-08-16T23:23:55.551Z,0.630710446779,2026-08-17 05:08:55.551,1165.037777777778
Pulse experiments,pioreactor01,2026-08-16T23:24:00.549Z,0.63072852567,2026-08-17 05:09:00.549,1165.039166666667
Pulse experiments,pioreactor01,2026-08-16T23:24:10.550Z,0.630717065649,2026-08-17 05:09:10.550,1165.041944444444
Pulse experiments,pioreactor01,2026-08-16T23:24:15.550Z,0.63072436616,2026-08-17 05:09:15.550,1165.043333333333
Pulse experiments,pioreactor01,2026-08-16T23:24:20.551Z,0.630741879367,2026-08-17 05:09:20.551,1165.044722222222
Pulse experiments,pioreactor01,2026-08-16T23:24:25.552Z,0.630746072575,2026-08-17 05:09:25.552,1165.046111111111
Pulse experiments,pioreactor01,2026-08-16T23:24:30.550Z,0.630746486864,2026-08-17 05:09:30.550,1165.0475
Pulse experiments,pioreactor01,2026-08-16T23:24:35.550Z,0.630740198666,2026-08-17 05:09:35.550,1165.048888888889
Pulse experiments,pioreactor01,2026-08-16T23:24:40.553Z,0.630739422694,2026-08-17 05:09:40.553,1165.050277777778
Pulse experiments,pioreactor01,2026-08-16T23:24:45.552Z,0.630757931945,2026-08-17 05:09:45.552,1165.051666666667
Pulse experiments,pioreactor01,2026-08-16T23:24:55.551Z,0.630763970642,2026-08-17 05:09:55.551,1165.054444444444
Pulse experiments,pioreactor01,2026-08-16T23:25:00.551Z,0.630792006719,2026-08-17 05:10:00.551,1165.055833333333
Pulse experiments,pioreactor01,2026-08-16T23:25:05.550Z,0.630798260836,2026-08-17 05:10:05.550,1165.057222222222
Pulse experiments,pioreactor01,2026-08-16T23:25:10.549Z,0.630804944634,2026-08-17 05:10:10.549,1165.058611111111
Pulse experiments,pioreactor01,2026-08-16T23:25:15.552Z,0.630799032781,2026-08-17 05:10:15.552,1165.06
Pulse experiments,pioreactor01,2026-08-16T23:25:20.551Z,0.630787628115,2026-08-17 05:10:20.551,1165.061388888889
Pulse experiments,pioreactor01,2026-08-16T23:25:25.551Z,0.630796811398,2026-08-17 05:10:25.551,1165.062777777778
Pulse experiments,pioreactor01,2026-08-16T23:25:30.551Z,0.630813217335,2026-08-17 05:10:30.551,1165.064166666667
Pulse experiments,pioreactor01,2026-08-16T23:25:35.550Z,0.630837757743,2026-08-17 05:10:35.550,1165.065555555556
Pulse experiments,pioreactor01,2026-08-16T23:25:40.554Z,0.630866845421,2026-08-17 05:10:40.554,1165.066944444445
Pulse experiments,pioreactor01,2026-08-16T23:25:45.550Z,0.630899663481,2026-08-17 05:10:45.550,1165.068333333333
Pulse experiments,pioreactor01,2026-08-16T23:25:50.552Z,0.630908830667,2026-08-17 05:10:50.552,1165.069722222222
Pulse experiments,pioreactor01,2026-08-16T23:25:55.550Z,0.630905524998,2026-08-17 05:10:55.550,1165.071111111111
Pulse experiments,pioreactor01,2026-08-16T23:26:00.551Z,0.630901693924,2026-08-17 05:11:00.551,1165.0725
Pulse experiments,pioreactor01,2026-08-16T23:26:10.552Z,0.630912457441,2026-08-17 05:11:10.552,1165.075277777778
Pulse experiments,pioreactor01,2026-08-16T23:26:15.551Z,0.63094154759,2026-08-17 05:11:15.551,1165.076666666667
Pulse experiments,pioreactor01,2026-08-16T23:26:20.552Z,0.630964385844,2026-08-17 05:11:20.552,1165.078055555555
Pulse experiments,pioreactor01,2026-08-16T23:26:25.550Z,0.630982668687,2026-08-17 05:11:25.550,1165.079444444444
Pulse experiments,pioreactor01,2026-08-16T23:26:30.550Z,0.631027594942,2026-08-17 05:11:30.550,1165.080833333333
Pulse experiments,pioreactor01,2026-08-16T23:26:40.551Z,0.631061435616,2026-08-17 05:11:40.551,1165.083611111111
Pulse experiments,pioreactor01,2026-08-16T23:26:45.550Z,0.631098687109,2026-08-17 05:11:45.550,1165.085
Pulse experiments,pioreactor01,2026-08-16T23:26:50.551Z,0.63112616994,2026-08-17 05:11:50.551,1165.086388888889
Pulse experiments,pioreactor01,2026-08-16T23:26:55.550Z,0.63116983907,2026-08-17 05:11:55.550,1165.087777777778
Pulse experiments,pioreactor01,2026-08-16T23:27:00.550Z,0.631186219376,2026-08-17 05:12:00.550,1165.089166666667
Pulse experiments,pioreactor01,2026-08-16T23:27:05.550Z,0.631204354169,2026-08-17 05:12:05.550,1165.090555555556
Pulse experiments,pioreactor01,2026-08-16T23:27:10.552Z,0.631228170673,2026-08-17 05:12:10.552,1165.091944444444
Pulse experiments,pioreactor01,2026-08-16T23:27:15.551Z,0.631251234202,2026-08-17 05:12:15.551,1165.093333333333
Pulse experiments,pioreactor01,2026-08-16T23:27:20.550Z,0.631277122636,2026-08-17 05:12:20.550,1165.094722222222
Pulse experiments,pioreactor01,2026-08-16T23:27:25.552Z,0.631284774379,2026-08-17 05:12:25.552,1165.096111111111
Pulse experiments,pioreactor01,2026-08-16T23:27:30.549Z,0.631310439522,2026-08-17 05:12:30.549,1165.0975
Pulse experiments,pioreactor01,2026-08-16T23:27:35.549Z,0.63133799129,2026-08-17 05:12:35.549,1165.098888888889
Pulse experiments,pioreactor01,2026-08-16T23:27:40.550Z,0.631349671596,2026-08-17 05:12:40.550,1165.100277777778
Pulse experiments,pioreactor01,2026-08-16T23:27:45.551Z,0.631369470994,2026-08-17 05:12:45.551,1165.101666666667
Pulse experiments,pioreactor01,2026-08-16T23:27:50.550Z,0.63138275893,2026-08-17 05:12:50.550,1165.103055555556
Pulse experiments,pioreactor01,2026-08-16T23:27:55.551Z,0.631402222494,2026-08-17 05:12:55.551,1165.104444444444
Pulse experiments,pioreactor01,2026-08-16T23:28:00.551Z,0.63142191733,2026-08-17 05:13:00.551,1165.105833333333
Pulse experiments,pioreactor01,2026-08-16T23:28:05.550Z,0.631446125345,2026-08-17 05:13:05.550,1165.107222222222
Pulse experiments,pioreactor01,2026-08-16T23:28:10.550Z,0.631468463796,2026-08-17 05:13:10.550,1165.108611111111
Pulse experiments,pioreactor01,2026-08-16T23:28:15.549Z,0.631487375515,2026-08-17 05:13:15.549,1165.11
Pulse experiments,pioreactor01,2026-08-16T23:28:20.550Z,0.631490152073,2026-08-17 05:13:20.550,1165.111388888889
Pulse experiments,pioreactor01,2026-08-16T23:28:25.553Z,0.631507386516,2026-08-17 05:13:25.553,1165.112777777778
Pulse experiments,pioreactor01,2026-08-16T23:28:30.552Z,0.631538170073,2026-08-17 05:13:30.552,1165.114166666667
Pulse experiments,pioreactor01,2026-08-16T23:28:35.550Z,0.63153921062,2026-08-17 05:13:35.550,1165.115555555556
Pulse experiments,pioreactor01,2026-08-16T23:28:40.551Z,0.631549749468,2026-08-17 05:13:40.551,1165.116944444444
Pulse experiments,pioreactor01,2026-08-16T23:28:45.553Z,0.631563492287,2026-08-17 05:13:45.553,1165.118333333333
Pulse experiments,pioreactor01,2026-08-16T23:28:50.550Z,0.631574766894,2026-08-17 05:13:50.550,1165.119722222222
Pulse experiments,pioreactor01,2026-08-16T23:28:55.550Z,0.631587956665,2026-08-17 05:13:55.550,1165.121111111111
Pulse experiments,pioreactor01,2026-08-16T23:29:00.553Z,0.631605535371,2026-08-17 05:14:00.553,1165.1225
Pulse experiments,pioreactor01,2026-08-16T23:29:05.552Z,0.631638998336,2026-08-17 05:14:05.552,1165.123888888889
Pulse experiments,pioreactor01,2026-08-16T23:29:10.555Z,0.631664039445,2026-08-17 05:14:10.555,1165.125277777778
Pulse experiments,pioreactor01,2026-08-16T23:29:15.550Z,0.631693303508,2026-08-17 05:14:15.550,1165.126666666667
Pulse experiments,pioreactor01,2026-08-16T23:29:20.550Z,0.631703391283,2026-08-17 05:14:20.550,1165.128055555556
Pulse experiments,pioreactor01,2026-08-16T23:29:25.550Z,0.631698138193,2026-08-17 05:14:25.550,1165.129444444445
Pulse experiments,pioreactor01,2026-08-16T23:29:30.550Z,0.631715807332,2026-08-17 05:14:30.550,1165.130833333333
Pulse experiments,pioreactor01,2026-08-16T23:29:35.553Z,0.631732699868,2026-08-17 05:14:35.553,1165.132222222222
Pulse experiments,pioreactor01,2026-08-16T23:29:40.550Z,0.631775035214,2026-08-17 05:14:40.550,1165.133611111111
Pulse experiments,pioreactor01,2026-08-16T23:29:45.552Z,0.631807605446,2026-08-17 05:14:45.552,1165.135
Pulse experiments,pioreactor01,2026-08-16T23:29:50.550Z,0.631846702294,2026-08-17 05:14:50.550,1165.136388888889
Pulse experiments,pioreactor01,2026-08-16T23:29:55.549Z,0.63188439697,2026-08-17 05:14:55.549,1165.137777777778
Pulse experiments,pioreactor01,2026-08-16T23:30:05.550Z,0.631895446273,2026-08-17 05:15:05.550,1165.140555555555
Pulse experiments,pioreactor01,2026-08-16T23:30:10.549Z,0.631912227859,2026-08-17 05:15:10.549,1165.141944444444
Pulse experiments,pioreactor01,2026-08-16T23:30:15.554Z,0.631917192387,2026-08-17 05:15:15.554,1165.143333333333
Pulse experiments,pioreactor01,2026-08-16T23:30:20.552Z,0.631917993574,2026-08-17 05:15:20.552,1165.144722222222
Pulse experiments,pioreactor01,2026-08-16T23:30:25.550Z,0.631941449414,2026-08-17 05:15:25.550,1165.146111111111
Pulse experiments,pioreactor01,2026-08-16T23:30:30.549Z,0.631976950414,2026-08-17 05:15:30.549,1165.1475
Pulse experiments,pioreactor01,2026-08-16T23:30:35.550Z,0.631980119885,2026-08-17 05:15:35.550,1165.148888888889
Pulse experiments,pioreactor01,2026-08-16T23:30:40.551Z,0.631999569281,2026-08-17 05:15:40.551,1165.150277777778
Pulse experiments,pioreactor01,2026-08-16T23:30:45.550Z,0.632011939551,2026-08-17 05:15:45.550,1165.151666666667
Pulse experiments,pioreactor01,2026-08-16T23:30:50.549Z,0.632040713527,2026-08-17 05:15:50.549,1165.153055555556
Pulse experiments,pioreactor01,2026-08-16T23:30:55.549Z,0.632096294124,2026-08-17 05:15:55.549,1165.154444444444
Pulse experiments,pioreactor01,2026-08-16T23:31:05.550Z,0.632091153,2026-08-17 05:16:05.550,1165.157222222222
Pulse experiments,pioreactor01,2026-08-16T23:31:10.552Z,0.632092005858,2026-08-17 05:16:10.552,1165.158611111111
Pulse experiments,pioreactor01,2026-08-16T23:31:15.550Z,0.632094621916,2026-08-17 05:16:15.550,1165.16
Pulse experiments,pioreactor01,2026-08-16T23:31:20.550Z,0.632107212601,2026-08-17 05:16:20.550,1165.161388888889
Pulse experiments,pioreactor01,2026-08-16T23:31:25.551Z,0.632130028585,2026-08-17 05:16:25.551,1165.162777777778
Pulse experiments,pioreactor01,2026-08-16T23:31:30.551Z,0.63216848345,2026-08-17 05:16:30.551,1165.164166666667
Pulse experiments,pioreactor01,2026-08-16T23:31:35.549Z,0.632181222182,2026-08-17 05:16:35.549,1165.165555555556
Pulse experiments,pioreactor01,2026-08-16T23:31:40.550Z,0.63219278514,2026-08-17 05:16:40.550,1165.166944444444
Pulse experiments,pioreactor01,2026-08-16T23:31:45.554Z,0.632205851406,2026-08-17 05:16:45.554,1165.168333333333
Pulse experiments,pioreactor01,2026-08-16T23:31:50.552Z,0.632244342062,2026-08-17 05:16:50.552,1165.169722222222
Pulse experiments,pioreactor01,2026-08-16T23:31:55.550Z,0.632286220527,2026-08-17 05:16:55.550,1165.171111111111
Pulse experiments,pioreactor01,2026-08-16T23:32:00.550Z,0.632333521882,2026-08-17 05:17:00.550,1165.1725
Pulse experiments,pioreactor01,2026-08-16T23:32:05.551Z,0.632359708659,2026-08-17 05:17:05.551,1165.173888888889
Pulse experiments,pioreactor01,2026-08-16T23:32:10.555Z,0.632375208754,2026-08-17 05:17:10.555,1165.175277777778
Pulse experiments,pioreactor01,2026-08-16T23:32:15.549Z,0.632399813762,2026-08-17 05:17:15.549,1165.176666666667
Pulse experiments,pioreactor01,2026-08-16T23:32:20.552Z,0.632404071247,2026-08-17 05:17:20.552,1165.178055555556
Pulse experiments,pioreactor01,2026-08-16T23:32:25.552Z,0.632430912286,2026-08-17 05:17:25.552,1165.179444444444
Pulse experiments,pioreactor01,2026-08-16T23:32:30.550Z,0.632459688495,2026-08-17 05:17:30.550,1165.180833333333
Pulse experiments,pioreactor01,2026-08-16T23:32:35.551Z,0.632492039866,2026-08-17 05:17:35.551,1165.182222222222
Pulse experiments,pioreactor01,2026-08-16T23:32:40.550Z,0.632533954866,2026-08-17 05:17:40.550,1165.183611111111
Pulse experiments,pioreactor01,2026-08-16T23:32:45.551Z,0.632566345463,2026-08-17 05:17:45.551,1165.185
Pulse experiments,pioreactor01,2026-08-16T23:32:50.552Z,0.632572178565,2026-08-17 05:17:50.552,1165.186388888889
Pulse experiments,pioreactor01,2026-08-16T23:32:55.549Z,0.63259377394,2026-08-17 05:17:55.549,1165.187777777778
Pulse experiments,pioreactor01,2026-08-16T23:33:00.550Z,0.632576305076,2026-08-17 05:18:00.550,1165.189166666667
Pulse experiments,pioreactor01,2026-08-16T23:33:10.550Z,0.632603405683,2026-08-17 05:18:10.550,1165.191944444445
Pulse experiments,pioreactor01,2026-08-16T23:33:15.553Z,0.632626205171,2026-08-17 05:18:15.553,1165.193333333333
Pulse experiments,pioreactor01,2026-08-16T23:33:20.550Z,0.63264883422,2026-08-17 05:18:20.550,1165.194722222222
Pulse experiments,pioreactor01,2026-08-16T23:33:25.549Z,0.632673351995,2026-08-17 05:18:25.549,1165.196111111111
Pulse experiments,pioreactor01,2026-08-16T23:33:30.552Z,0.632717009559,2026-08-17 05:18:30.552,1165.1975
Pulse experiments,pioreactor01,2026-08-16T23:33:35.550Z,0.632767312621,2026-08-17 05:18:35.550,1165.198888888889
Pulse experiments,pioreactor01,2026-08-16T23:33:40.550Z,0.632787970395,2026-08-17 05:18:40.550,1165.200277777778
Pulse experiments,pioreactor01,2026-08-16T23:33:45.549Z,0.632838023302,2026-08-17 05:18:45.549,1165.201666666667
Pulse experiments,pioreactor01,2026-08-16T23:33:50.552Z,0.632887206561,2026-08-17 05:18:50.552,1165.203055555555
Pulse experiments,pioreactor01,2026-08-16T23:33:55.550Z,0.63292648726,2026-08-17 05:18:55.550,1165.204444444444
Pulse experiments,pioreactor01,2026-08-16T23:34:05.550Z,0.632931926156,2026-08-17 05:19:05.550,1165.207222222222
Pulse experiments,pioreactor01,2026-08-16T23:34:10.549Z,0.632950764806,2026-08-17 05:19:10.549,1165.208611111111
Pulse experiments,pioreactor01,2026-08-16T23:34:20.550Z,0.632946999374,2026-08-17 05:19:20.550,1165.211388888889
Pulse experiments,pioreactor01,2026-08-16T23:34:25.550Z,0.632975753513,2026-08-17 05:19:25.550,1165.212777777778
Pulse experiments,pioreactor01,2026-08-16T23:34:30.551Z,0.63297825854,2026-08-17 05:19:30.551,1165.214166666667
Pulse experiments,pioreactor01,2026-08-16T23:34:35.552Z,0.632985779148,2026-08-17 05:19:35.552,1165.215555555556
Pulse experiments,pioreactor01,2026-08-16T23:34:40.551Z,0.632962593559,2026-08-17 05:19:40.551,1165.216944444444
Pulse experiments,pioreactor01,2026-08-16T23:34:45.550Z,0.632985253165,2026-08-17 05:19:45.550,1165.218333333333
Pulse experiments,pioreactor01,2026-08-16T23:34:50.551Z,0.632994285521,2026-08-17 05:19:50.551,1165.219722222222
Pulse experiments,pioreactor01,2026-08-16T23:34:55.551Z,0.633011643672,2026-08-17 05:19:55.551,1165.221111111111
Pulse experiments,pioreactor01,2026-08-16T23:35:00.550Z,0.633041433529,2026-08-17 05:20:00.550,1165.2225
Pulse experiments,pioreactor01,2026-08-16T23:35:05.551Z,0.633062512953,2026-08-17 05:20:05.551,1165.223888888889
Pulse experiments,pioreactor01,2026-08-16T23:35:10.549Z,0.633075186794,2026-08-17 05:20:10.549,1165.225277777778
Pulse experiments,pioreactor01,2026-08-16T23:35:15.557Z,0.633083966929,2026-08-17 05:20:15.557,1165.226666666667
Pulse experiments,pioreactor01,2026-08-16T23:35:20.549Z,0.633091874061,2026-08-17 05:20:20.549,1165.228055555556
Pulse experiments,pioreactor01,2026-08-16T23:35:25.549Z,0.633101218679,2026-08-17 05:20:25.549,1165.229444444444
Pulse experiments,pioreactor01,2026-08-16T23:35:30.551Z,0.633120427575,2026-08-17 05:20:30.551,1165.230833333333
Pulse experiments,pioreactor01,2026-08-16T23:35:35.551Z,0.633156336845,2026-08-17 05:20:35.551,1165.232222222222
Pulse experiments,pioreactor01,2026-08-16T23:35:40.550Z,0.633194722471,2026-08-17 05:20:40.550,1165.233611111111
Pulse experiments,pioreactor01,2026-08-16T23:35:45.551Z,0.633210841751,2026-08-17 05:20:45.551,1165.235
Pulse experiments,pioreactor01,2026-08-16T23:35:50.550Z,0.633235370512,2026-08-17 05:20:50.550,1165.236388888889
Pulse experiments,pioreactor01,2026-08-16T23:35:55.549Z,0.633272209567,2026-08-17 05:20:55.549,1165.237777777778
Pulse experiments,pioreactor01,2026-08-16T23:36:00.552Z,0.633304624897,2026-08-17 05:21:00.552,1165.239166666667
Pulse experiments,pioreactor01,2026-08-16T23:36:10.551Z,0.633353923324,2026-08-17 05:21:10.551,1165.241944444444
Pulse experiments,pioreactor01,2026-08-16T23:36:15.550Z,0.633388927515,2026-08-17 05:21:15.550,1165.243333333333
Pulse experiments,pioreactor01,2026-08-16T23:36:20.551Z,0.633421619153,2026-08-17 05:21:20.551,1165.244722222222
Pulse experiments,pioreactor01,2026-08-16T23:36:25.551Z,0.633458133632,2026-08-17 05:21:25.551,1165.246111111111
Pulse experiments,pioreactor01,2026-08-16T23:36:30.552Z,0.633502568617,2026-08-17 05:21:30.552,1165.2475
Pulse experiments,pioreactor01,2026-08-16T23:36:35.551Z,0.633527159206,2026-08-17 05:21:35.551,1165.248888888889
Pulse experiments,pioreactor01,2026-08-16T23:36:40.552Z,0.633558220394,2026-08-17 05:21:40.552,1165.250277777778
Pulse experiments,pioreactor01,2026-08-16T23:36:45.551Z,0.633575969078,2026-08-17 05:21:45.551,1165.251666666667
Pulse experiments,pioreactor01,2026-08-16T23:36:50.550Z,0.633613050935,2026-08-17 05:21:50.550,1165.253055555556
Pulse experiments,pioreactor01,2026-08-16T23:36:55.549Z,0.633628234204,2026-08-17 05:21:55.549,1165.254444444445
Pulse experiments,pioreactor01,2026-08-16T23:37:00.550Z,0.633620487477,2026-08-17 05:22:00.550,1165.255833333333
Pulse experiments,pioreactor01,2026-08-16T23:37:05.550Z,0.633645368102,2026-08-17 05:22:05.550,1165.257222222222
Pulse experiments,pioreactor01,2026-08-16T23:37:10.550Z,0.633660584292,2026-08-17 05:22:10.550,1165.258611111111
Pulse experiments,pioreactor01,2026-08-16T23:37:15.550Z,0.633650553809,2026-08-17 05:22:15.550,1165.26
Pulse experiments,pioreactor01,2026-08-16T23:37:20.550Z,0.633666915131,2026-08-17 05:22:20.550,1165.261388888889
Pulse experiments,pioreactor01,2026-08-16T23:37:25.550Z,0.633675004448,2026-08-17 05:22:25.550,1165.262777777778
Pulse experiments,pioreactor01,2026-08-16T23:37:30.551Z,0.633698983377,2026-08-17 05:22:30.551,1165.264166666667
Pulse experiments,pioreactor01,2026-08-16T23:37:35.551Z,0.633702147653,2026-08-17 05:22:35.551,1165.265555555555
Pulse experiments,pioreactor01,2026-08-16T23:37:40.551Z,0.633713332505,2026-08-17 05:22:40.551,1165.266944444444
Pulse experiments,pioreactor01,2026-08-16T23:37:45.550Z,0.633744492998,2026-08-17 05:22:45.550,1165.268333333333
Pulse experiments,pioreactor01,2026-08-16T23:37:55.549Z,0.633768483826,2026-08-17 05:22:55.549,1165.271111111111
Pulse experiments,pioreactor01,2026-08-16T23:38:00.553Z,0.633748871487,2026-08-17 05:23:00.553,1165.2725
Pulse experiments,pioreactor01,2026-08-16T23:38:05.552Z,0.633786323272,2026-08-17 05:23:05.552,1165.273888888889
Pulse experiments,pioreactor01,2026-08-16T23:38:10.552Z,0.633813381372,2026-08-17 05:23:10.552,1165.275277777778
Pulse experiments,pioreactor01,2026-08-16T23:38:15.550Z,0.633830685392,2026-08-17 05:23:15.550,1165.276666666667
Pulse experiments,pioreactor01,2026-08-16T23:38:20.550Z,0.633858517505,2026-08-17 05:23:20.550,1165.278055555556
Pulse experiments,pioreactor01,2026-08-16T23:38:25.550Z,0.633886954667,2026-08-17 05:23:25.550,1165.279444444444
Pulse experiments,pioreactor01,2026-08-16T23:38:30.551Z,0.633903435964,2026-08-17 05:23:30.551,1165.280833333333
Pulse experiments,pioreactor01,2026-08-16T23:38:35.551Z,0.633911910203,2026-08-17 05:23:35.551,1165.282222222222
Pulse experiments,pioreactor01,2026-08-16T23:38:40.549Z,0.633939559723,2026-08-17 05:23:40.549,1165.283611111111
Pulse experiments,pioreactor01,2026-08-16T23:38:45.551Z,0.633976561208,2026-08-17 05:23:45.551,1165.285
Pulse experiments,pioreactor01,2026-08-16T23:38:50.552Z,0.633985255528,2026-08-17 05:23:50.552,1165.286388888889
Pulse experiments,pioreactor01,2026-08-16T23:38:55.551Z,0.633994331678,2026-08-17 05:23:55.551,1165.287777777778
Pulse experiments,pioreactor01,2026-08-16T23:39:00.550Z,0.634008877653,2026-08-17 05:24:00.550,1165.289166666667
Pulse experiments,pioreactor01,2026-08-16T23:39:05.550Z,0.634049757393,2026-08-17 05:24:05.550,1165.290555555556
Pulse experiments,pioreactor01,2026-08-16T23:39:10.550Z,0.634113822709,2026-08-17 05:24:10.550,1165.291944444444
Pulse experiments,pioreactor01,2026-08-16T23:39:20.551Z,0.634113002569,2026-08-17 05:24:20.551,1165.294722222222
Pulse experiments,pioreactor01,2026-08-16T23:39:25.550Z,0.634126593622,2026-08-17 05:24:25.550,1165.296111111111
Pulse experiments,pioreactor01,2026-08-16T23:39:30.550Z,0.634153010243,2026-08-17 05:24:30.550,1165.2975
Pulse experiments,pioreactor01,2026-08-16T23:39:35.553Z,0.634171096622,2026-08-17 05:24:35.553,1165.298888888889
Pulse experiments,pioreactor01,2026-08-16T23:39:40.553Z,0.634208807683,2026-08-17 05:24:40.553,1165.300277777778
Pulse experiments,pioreactor01,2026-08-16T23:39:50.550Z,0.634233443124,2026-08-17 05:24:50.550,1165.303055555556
Pulse experiments,pioreactor01,2026-08-16T23:39:55.551Z,0.634278091161,2026-08-17 05:24:55.551,1165.304444444444
Pulse experiments,pioreactor01,2026-08-16T23:40:00.550Z,0.634309204746,2026-08-17 05:25:00.550,1165.305833333333
Pulse experiments,pioreactor01,2026-08-16T23:40:05.551Z,0.634325990516,2026-08-17 05:25:05.551,1165.307222222222
Pulse experiments,pioreactor01,2026-08-16T23:40:10.551Z,0.634355249628,2026-08-17 05:25:10.551,1165.308611111111
Pulse experiments,pioreactor01,2026-08-16T23:40:15.553Z,0.634381987218,2026-08-17 05:25:15.553,1165.31
Pulse experiments,pioreactor01,2026-08-16T23:40:20.549Z,0.634383373168,2026-08-17 05:25:20.549,1165.311388888889
Pulse experiments,pioreactor01,2026-08-16T23:40:25.550Z,0.634373789576,2026-08-17 05:25:25.550,1165.312777777778
Pulse experiments,pioreactor01,2026-08-16T23:40:30.552Z,0.63437708089,2026-08-17 05:25:30.552,1165.314166666667
Pulse experiments,pioreactor01,2026-08-16T23:40:35.549Z,0.634416683616,2026-08-17 05:25:35.549,1165.315555555556
Pulse experiments,pioreactor01,2026-08-16T23:40:40.551Z,0.634449724518,2026-08-17 05:25:40.551,1165.316944444445
Pulse experiments,pioreactor01,2026-08-16T23:40:45.552Z,0.634477785417,2026-08-17 05:25:45.552,1165.318333333333
Pulse experiments,pioreactor01,2026-08-16T23:40:50.551Z,0.634498822144,2026-08-17 05:25:50.551,1165.319722222222
Pulse experiments,pioreactor01,2026-08-16T23:40:55.549Z,0.634514307935,2026-08-17 05:25:55.549,1165.321111111111
Pulse experiments,pioreactor01,2026-08-16T23:41:00.550Z,0.634543342015,2026-08-17 05:26:00.550,1165.3225
Pulse experiments,pioreactor01,2026-08-16T23:41:10.550Z,0.634567288716,2026-08-17 05:26:10.550,1165.325277777778
Pulse experiments,pioreactor01,2026-08-16T23:41:15.551Z,0.634568863052,2026-08-17 05:26:15.551,1165.326666666667
Pulse experiments,pioreactor01,2026-08-16T23:41:20.549Z,0.634601678048,2026-08-17 05:26:20.549,1165.328055555555
Pulse experiments,pioreactor01,2026-08-16T23:41:25.550Z,0.634650365236,2026-08-17 05:26:25.550,1165.329444444444
Pulse experiments,pioreactor01,2026-08-16T23:41:30.553Z,0.634673367055,2026-08-17 05:26:30.553,1165.330833333333
Pulse experiments,pioreactor01,2026-08-16T23:41:35.552Z,0.634737291198,2026-08-17 05:26:35.552,1165.332222222222
Pulse experiments,pioreactor01,2026-08-16T23:41:40.550Z,0.634763111558,2026-08-17 05:26:40.550,1165.333611111111
Pulse experiments,pioreactor01,2026-08-16T23:41:45.550Z,0.634812303408,2026-08-17 05:26:45.550,1165.335
Pulse experiments,pioreactor01,2026-08-16T23:41:50.550Z,0.634843055464,2026-08-17 05:26:50.550,1165.336388888889
Pulse experiments,pioreactor01,2026-08-16T23:41:55.550Z,0.634865591486,2026-08-17 05:26:55.550,1165.337777777778
Pulse experiments,pioreactor01,2026-08-16T23:42:05.551Z,0.634918703951,2026-08-17 05:27:05.551,1165.340555555556
Pulse experiments,pioreactor01,2026-08-16T23:42:10.551Z,0.634938363404,2026-08-17 05:27:10.551,1165.341944444444
Pulse experiments,pioreactor01,2026-08-16T23:42:15.552Z,0.634932822696,2026-08-17 05:27:15.552,1165.343333333333
Pulse experiments,pioreactor01,2026-08-16T23:42:20.549Z,0.634964419956,2026-08-17 05:27:20.549,1165.344722222222
Pulse experiments,pioreactor01,2026-08-16T23:42:25.550Z,0.634992341901,2026-08-17 05:27:25.550,1165.346111111111
Pulse experiments,pioreactor01,2026-08-16T23:42:30.551Z,0.635006745444,2026-08-17 05:27:30.551,1165.3475
Pulse experiments,pioreactor01,2026-08-16T23:42:35.550Z,0.635039036505,2026-08-17 05:27:35.550,1165.348888888889
Pulse experiments,pioreactor01,2026-08-16T23:42:45.550Z,0.635091086136,2026-08-17 05:27:45.550,1165.351666666667
Pulse experiments,pioreactor01,2026-08-16T23:42:50.552Z,0.635126504274,2026-08-17 05:27:50.552,1165.353055555556
Pulse experiments,pioreactor01,2026-08-16T23:42:55.550Z,0.635157186536,2026-08-17 05:27:55.550,1165.354444444444
Pulse experiments,pioreactor01,2026-08-16T23:43:00.549Z,0.63520228601,2026-08-17 05:28:00.549,1165.355833333333
Pulse experiments,pioreactor01,2026-08-16T23:43:05.550Z,0.635224857803,2026-08-17 05:28:05.550,1165.357222222222
Pulse experiments,pioreactor01,2026-08-16T23:43:10.551Z,0.635242631461,2026-08-17 05:28:10.551,1165.358611111111
Pulse experiments,pioreactor01,2026-08-16T23:43:15.552Z,0.635243981805,2026-08-17 05:28:15.552,1165.36
Pulse experiments,pioreactor01,2026-08-16T23:43:20.551Z,0.635269385904,2026-08-17 05:28:20.551,1165.361388888889
Pulse experiments,pioreactor01,2026-08-16T23:43:25.549Z,0.635288793233,2026-08-17 05:28:25.549,1165.362777777778
Pulse experiments,pioreactor01,2026-08-16T23:43:30.551Z,0.635320884551,2026-08-17 05:28:30.551,1165.364166666667
Pulse experiments,pioreactor01,2026-08-16T23:43:35.551Z,0.635333824407,2026-08-17 05:28:35.551,1165.365555555556
Pulse experiments,pioreactor01,2026-08-16T23:43:40.551Z,0.635353511568,2026-08-17 05:28:40.551,1165.366944444444
Pulse experiments,pioreactor01,2026-08-16T23:43:45.551Z,0.635407072159,2026-08-17 05:28:45.551,1165.368333333333
Pulse experiments,pioreactor01,2026-08-16T23:43:50.549Z,0.635445231568,2026-08-17 05:28:50.549,1165.369722222222
Pulse experiments,pioreactor01,2026-08-16T23:43:55.552Z,0.635480649478,2026-08-17 05:28:55.552,1165.371111111111
Pulse experiments,pioreactor01,2026-08-16T23:44:00.549Z,0.635507050661,2026-08-17 05:29:00.549,1165.3725
Pulse experiments,pioreactor01,2026-08-16T23:44:05.554Z,0.635551726812,2026-08-17 05:29:05.554,1165.373888888889
Pulse experiments,pioreactor01,2026-08-16T23:44:10.552Z,0.635567313211,2026-08-17 05:29:10.552,1165.375277777778
Pulse experiments,pioreactor01,2026-08-16T23:44:15.550Z,0.635593830698,2026-08-17 05:29:15.550,1165.376666666667
Pulse experiments,pioreactor01,2026-08-16T23:44:20.552Z,0.635649180603,2026-08-17 05:29:20.552,1165.378055555556
Pulse experiments,pioreactor01,2026-08-16T23:44:25.552Z,0.635663144935,2026-08-17 05:29:25.552,1165.379444444445
Pulse experiments,pioreactor01,2026-08-16T23:44:30.550Z,0.635676613528,2026-08-17 05:29:30.550,1165.380833333333
Pulse experiments,pioreactor01,2026-08-16T23:44:35.549Z,0.635682060627,2026-08-17 05:29:35.549,1165.382222222222
Pulse experiments,pioreactor01,2026-08-16T23:44:40.552Z,0.635707945504,2026-08-17 05:29:40.552,1165.383611111111
Pulse experiments,pioreactor01,2026-08-16T23:44:45.550Z,0.635731410118,2026-08-17 05:29:45.550,1165.385
Pulse experiments,pioreactor01,2026-08-16T23:44:50.550Z,0.635757428716,2026-08-17 05:29:50.550,1165.386388888889
Pulse experiments,pioreactor01,2026-08-16T23:44:55.550Z,0.635776103616,2026-08-17 05:29:55.550,1165.387777777778
Pulse experiments,pioreactor01,2026-08-16T23:45:00.552Z,0.63579971177,2026-08-17 05:30:00.552,1165.389166666667
Pulse experiments,pioreactor01,2026-08-16T23:45:05.551Z,0.635834558547,2026-08-17 05:30:05.551,1165.390555555555
Pulse experiments,pioreactor01,2026-08-16T23:45:10.549Z,0.63587077825,2026-08-17 05:30:10.549,1165.391944444444
Pulse experiments,pioreactor01,2026-08-16T23:45:15.551Z,0.635889817331,2026-08-17 05:30:15.551,1165.393333333333
Pulse experiments,pioreactor01,2026-08-16T23:45:20.550Z,0.635931030017,2026-08-17 05:30:20.550,1165.394722222222
Pulse experiments,pioreactor01,2026-08-16T23:45:25.552Z,0.635960179094,2026-08-17 05:30:25.552,1165.396111111111
Pulse experiments,pioreactor01,2026-08-16T23:45:30.553Z,0.635996210656,2026-08-17 05:30:30.553,1165.3975
Pulse experiments,pioreactor01,2026-08-16T23:45:35.551Z,0.636038025452,2026-08-17 05:30:35.551,1165.398888888889
Pulse experiments,pioreactor01,2026-08-16T23:45:40.549Z,0.636060834453,2026-08-17 05:30:40.549,1165.400277777778
Pulse experiments,pioreactor01,2026-08-16T23:45:50.552Z,0.636063618665,2026-08-17 05:30:50.552,1165.403055555556
Pulse experiments,pioreactor01,2026-08-16T23:45:55.550Z,0.636079669302,2026-08-17 05:30:55.550,1165.404444444444
Pulse experiments,pioreactor01,2026-08-16T23:46:00.549Z,0.636088076339,2026-08-17 05:31:00.549,1165.405833333333
Pulse experiments,pioreactor01,2026-08-16T23:46:05.550Z,0.636102783321,2026-08-17 05:31:05.550,1165.407222222222
Pulse experiments,pioreactor01,2026-08-16T23:46:10.550Z,0.636144637844,2026-08-17 05:31:10.550,1165.408611111111
Pulse experiments,pioreactor01,2026-08-16T23:46:15.549Z,0.636173017044,2026-08-17 05:31:15.549,1165.41
Pulse experiments,pioreactor01,2026-08-16T23:46:20.549Z,0.636199008983,2026-08-17 05:31:20.549,1165.411388888889
Pulse experiments,pioreactor01,2026-08-16T23:46:25.551Z,0.636207125328,2026-08-17 05:31:25.551,1165.412777777778
Pulse experiments,pioreactor01,2026-08-16T23:46:30.553Z,0.636216262289,2026-08-17 05:31:30.553,1165.414166666667
Pulse experiments,pioreactor01,2026-08-16T23:46:35.554Z,0.636250917852,2026-08-17 05:31:35.554,1165.415555555556
Pulse experiments,pioreactor01,2026-08-16T23:46:40.551Z,0.636266426026,2026-08-17 05:31:40.551,1165.416944444444
Pulse experiments,pioreactor01,2026-08-16T23:46:45.550Z,0.636302118851,2026-08-17 05:31:45.550,1165.418333333333
Pulse experiments,pioreactor01,2026-08-16T23:46:50.551Z,0.636326406391,2026-08-17 05:31:50.551,1165.419722222222
Pulse experiments,pioreactor01,2026-08-16T23:46:55.549Z,0.63636915908,2026-08-17 05:31:55.549,1165.421111111111
Pulse experiments,pioreactor01,2026-08-16T23:47:00.552Z,0.636423110247,2026-08-17 05:32:00.552,1165.4225
Pulse experiments,pioreactor01,2026-08-16T23:47:05.550Z,0.636455183523,2026-08-17 05:32:05.550,1165.423888888889
Pulse experiments,pioreactor01,2026-08-16T23:47:10.552Z,0.636485938285,2026-08-17 05:32:10.552,1165.425277777778
Pulse experiments,pioreactor01,2026-08-16T23:47:15.551Z,0.636508531767,2026-08-17 05:32:15.551,1165.426666666667
Pulse experiments,pioreactor01,2026-08-16T23:47:20.549Z,0.636544031246,2026-08-17 05:32:20.549,1165.428055555556
Pulse experiments,pioreactor01,2026-08-16T23:47:25.552Z,0.636545442448,2026-08-17 05:32:25.552,1165.429444444444
Pulse experiments,pioreactor01,2026-08-16T23:47:30.549Z,0.636566851757,2026-08-17 05:32:30.549,1165.430833333333
Pulse experiments,pioreactor01,2026-08-16T23:47:35.551Z,0.636577398551,2026-08-17 05:32:35.551,1165.432222222222
Pulse experiments,pioreactor01,2026-08-16T23:47:45.551Z,0.636594067074,2026-08-17 05:32:45.551,1165.435
Pulse experiments,pioreactor01,2026-08-16T23:47:50.552Z,0.636603310308,2026-08-17 05:32:50.552,1165.436388888889
Pulse experiments,pioreactor01,2026-08-16T23:47:55.551Z,0.636616963627,2026-08-17 05:32:55.551,1165.437777777778
Pulse experiments,pioreactor01,2026-08-16T23:48:00.551Z,0.636632168837,2026-08-17 05:33:00.551,1165.439166666667
Pulse experiments,pioreactor01,2026-08-16T23:48:05.551Z,0.6366367715,2026-08-17 05:33:05.551,1165.440555555556
Pulse experiments,pioreactor01,2026-08-16T23:48:10.551Z,0.636631689675,2026-08-17 05:33:10.551,1165.441944444445
Pulse experiments,pioreactor01,2026-08-16T23:48:15.552Z,0.636638594206,2026-08-17 05:33:15.552,1165.443333333333
Pulse experiments,pioreactor01,2026-08-16T23:48:20.551Z,0.638722140727,2026-08-17 05:33:20.551,1165.444722222222
Pulse experiments,pioreactor01,2026-08-16T23:48:25.565Z,0.624533485831,2026-08-17 05:33:25.565,1165.446111111111
Pulse experiments,pioreactor01,2026-08-16T23:48:30.577Z,0.619740517445,2026-08-17 05:33:30.577,1165.4475
Pulse experiments,pioreactor01,2026-08-16T23:48:35.579Z,0.619470434821,2026-08-17 05:33:35.579,1165.448888888889
Pulse experiments,pioreactor01,2026-08-16T23:48:40.568Z,0.619378994765,2026-08-17 05:33:40.568,1165.450277777778
Pulse experiments,pioreactor01,2026-08-16T23:48:45.560Z,0.620374100955,2026-08-17 05:33:45.560,1165.451666666667
Pulse experiments,pioreactor01,2026-08-16T23:48:50.560Z,0.620396914922,2026-08-17 05:33:50.560,1165.453055555555
Pulse experiments,pioreactor01,2026-08-16T23:48:55.583Z,0.620580453997,2026-08-17 05:33:55.583,1165.454444444444
Pulse experiments,pioreactor01,2026-08-16T23:49:00.565Z,0.620636834237,2026-08-17 05:34:00.565,1165.455833333333
Pulse experiments,pioreactor01,2026-08-16T23:49:05.563Z,0.620620420896,2026-08-17 05:34:05.563,1165.457222222222
Pulse experiments,pioreactor01,2026-08-16T23:49:10.564Z,0.620461179888,2026-08-17 05:34:10.564,1165.458611111111
Pulse experiments,pioreactor01,2026-08-16T23:49:15.561Z,0.620361319572,2026-08-17 05:34:15.561,1165.46
Pulse experiments,pioreactor01,2026-08-16T23:49:20.565Z,0.620175061628,2026-08-17 05:34:20.565,1165.461388888889
Pulse experiments,pioreactor01,2026-08-16T23:49:25.561Z,0.620267949972,2026-08-17 05:34:25.561,1165.462777777778
Pulse experiments,pioreactor01,2026-08-16T23:49:30.565Z,0.620087812807,2026-08-17 05:34:30.565,1165.464166666667
Pulse experiments,pioreactor01,2026-08-16T23:49:35.568Z,0.620063268089,2026-08-17 05:34:35.568,1165.465555555556
Pulse experiments,pioreactor01,2026-08-16T23:49:40.569Z,0.619960735934,2026-08-17 05:34:40.569,1165.466944444444
Pulse experiments,pioreactor01,2026-08-16T23:49:45.561Z,0.620115774007,2026-08-17 05:34:45.561,1165.468333333333
Pulse experiments,pioreactor01,2026-08-16T23:49:50.572Z,0.620168291732,2026-08-17 05:34:50.572,1165.469722222222
Pulse experiments,pioreactor01,2026-08-16T23:49:55.568Z,0.620253539757,2026-08-17 05:34:55.568,1165.471111111111
Pulse experiments,pioreactor01,2026-08-16T23:50:00.566Z,0.620270979019,2026-08-17 05:35:00.566,1165.4725
Pulse experiments,pioreactor01,2026-08-16T23:50:05.563Z,0.620217115326,2026-08-17 05:35:05.563,1165.473888888889
Pulse experiments,pioreactor01,2026-08-16T23:50:10.567Z,0.62027221733,2026-08-17 05:35:10.567,1165.475277777778
Pulse experiments,pioreactor01,2026-08-16T23:50:15.559Z,0.620287632261,2026-08-17 05:35:15.559,1165.476666666667
Pulse experiments,pioreactor01,2026-08-16T23:50:20.565Z,0.620281193982,2026-08-17 05:35:20.565,1165.478055555556
Pulse experiments,pioreactor01,2026-08-16T23:50:25.566Z,0.620245496634,2026-08-17 05:35:25.566,1165.479444444444
Pulse experiments,pioreactor01,2026-08-16T23:50:30.564Z,0.620169541442,2026-08-17 05:35:30.564,1165.480833333333
Pulse experiments,pioreactor01,2026-08-16T23:50:35.563Z,0.620143914673,2026-08-17 05:35:35.563,1165.482222222222
Pulse experiments,pioreactor01,2026-08-16T23:50:40.566Z,0.620160257828,2026-08-17 05:35:40.566,1165.483611111111
Pulse experiments,pioreactor01,2026-08-16T23:50:45.557Z,0.620140527709,2026-08-17 05:35:45.557,1165.485
Pulse experiments,pioreactor01,2026-08-16T23:50:50.567Z,0.620176899755,2026-08-17 05:35:50.567,1165.486388888889
Pulse experiments,pioreactor01,2026-08-16T23:50:55.571Z,0.620152469019,2026-08-17 05:35:55.571,1165.487777777778
Pulse experiments,pioreactor01,2026-08-16T23:51:00.566Z,0.620086228891,2026-08-17 05:36:00.566,1165.489166666667
Pulse experiments,pioreactor01,2026-08-16T23:51:05.565Z,0.620059095878,2026-08-17 05:36:05.565,1165.490555555556
Pulse experiments,pioreactor01,2026-08-16T23:51:10.564Z,0.620000103375,2026-08-17 05:36:10.564,1165.491944444444
Pulse experiments,pioreactor01,2026-08-16T23:51:15.559Z,0.619990565912,2026-08-17 05:36:15.559,1165.493333333333
Pulse experiments,pioreactor01,2026-08-16T23:51:20.565Z,0.619981284215,2026-08-17 05:36:20.565,1165.494722222222
Pulse experiments,pioreactor01,2026-08-16T23:51:25.566Z,0.61996717948,2026-08-17 05:36:25.566,1165.496111111111
Pulse experiments,pioreactor01,2026-08-16T23:51:30.565Z,0.619925476692,2026-08-17 05:36:30.565,1165.4975
Pulse experiments,pioreactor01,2026-08-16T23:51:35.560Z,0.619937006077,2026-08-17 05:36:35.560,1165.498888888889
Pulse experiments,pioreactor01,2026-08-16T23:51:40.556Z,0.619927072569,2026-08-17 05:36:40.556,1165.500277777778
Pulse experiments,pioreactor01,2026-08-16T23:51:45.561Z,0.619949589726,2026-08-17 05:36:45.561,1165.501666666667
Pulse experiments,pioreactor01,2026-08-16T23:51:50.562Z,0.619950653594,2026-08-17 05:36:50.562,1165.503055555556
Pulse experiments,pioreactor01,2026-08-16T23:51:55.570Z,0.61996198354,2026-08-17 05:36:55.570,1165.504444444445
Pulse experiments,pioreactor01,2026-08-16T23:52:00.565Z,0.619963746616,2026-08-17 05:37:00.565,1165.505833333333
Pulse experiments,pioreactor01,2026-08-16T23:52:05.588Z,0.619971273207,2026-08-17 05:37:05.588,1165.507222222222
Pulse experiments,pioreactor01,2026-08-16T23:52:10.561Z,0.619960461538,2026-08-17 05:37:10.561,1165.508611111111
Pulse experiments,pioreactor01,2026-08-16T23:52:15.560Z,0.619986559424,2026-08-17 05:37:15.560,1165.51
Pulse experiments,pioreactor01,2026-08-16T23:52:20.561Z,0.619968966589,2026-08-17 05:37:20.561,1165.511388888889
Pulse experiments,pioreactor01,2026-08-16T23:52:25.564Z,0.619973917401,2026-08-17 05:37:25.564,1165.512777777778
Pulse experiments,pioreactor01,2026-08-16T23:52:30.565Z,0.619965251547,2026-08-17 05:37:30.565,1165.514166666667
Pulse experiments,pioreactor01,2026-08-16T23:52:35.559Z,0.619972719177,2026-08-17 05:37:35.559,1165.515555555555
Pulse experiments,pioreactor01,2026-08-16T23:52:40.561Z,0.619938194205,2026-08-17 05:37:40.561,1165.516944444444
Pulse experiments,pioreactor01,2026-08-16T23:52:45.568Z,0.619932418956,2026-08-17 05:37:45.568,1165.518333333333
Pulse experiments,pioreactor01,2026-08-16T23:52:50.563Z,0.619915572992,2026-08-17 05:37:50.563,1165.519722222222
Pulse experiments,pioreactor01,2026-08-16T23:52:55.568Z,0.619903800511,2026-08-17 05:37:55.568,1165.521111111111
Pulse experiments,pioreactor01,2026-08-16T23:53:00.576Z,0.619920115064,2026-08-17 05:38:00.576,1165.5225
Pulse experiments,pioreactor01,2026-08-16T23:53:05.563Z,0.61995202859,2026-08-17 05:38:05.563,1165.523888888889
Pulse experiments,pioreactor01,2026-08-16T23:53:10.569Z,0.619957584219,2026-08-17 05:38:10.569,1165.525277777778
Pulse experiments,pioreactor01,2026-08-16T23:53:15.568Z,0.61993933032,2026-08-17 05:38:15.568,1165.526666666667
Pulse experiments,pioreactor01,2026-08-16T23:53:20.566Z,0.619943945395,2026-08-17 05:38:20.566,1165.528055555556
Pulse experiments,pioreactor01,2026-08-16T23:53:25.565Z,0.619948103145,2026-08-17 05:38:25.565,1165.529444444444
Pulse experiments,pioreactor01,2026-08-16T23:53:30.583Z,0.619949582249,2026-08-17 05:38:30.583,1165.530833333333
Pulse experiments,pioreactor01,2026-08-16T23:53:35.567Z,0.619958383281,2026-08-17 05:38:35.567,1165.532222222222
Pulse experiments,pioreactor01,2026-08-16T23:53:40.551Z,0.619928008668,2026-08-17 05:38:40.551,1165.533611111111
Pulse experiments,pioreactor01,2026-08-16T23:53:45.551Z,0.619910608972,2026-08-17 05:38:45.551,1165.535
Pulse experiments,pioreactor01,2026-08-16T23:53:50.552Z,0.619892742055,2026-08-17 05:38:50.552,1165.536388888889
Pulse experiments,pioreactor01,2026-08-16T23:53:55.551Z,0.619881613027,2026-08-17 05:38:55.551,1165.537777777778
Pulse experiments,pioreactor01,2026-08-16T23:54:00.552Z,0.619861811592,2026-08-17 05:39:00.552,1165.539166666667
Pulse experiments,pioreactor01,2026-08-16T23:54:05.549Z,0.61984314235,2026-08-17 05:39:05.549,1165.540555555556
Pulse experiments,pioreactor01,2026-08-16T23:54:10.550Z,0.619840316883,2026-08-17 05:39:10.550,1165.541944444444
Pulse experiments,pioreactor01,2026-08-16T23:54:15.551Z,0.619843934095,2026-08-17 05:39:15.551,1165.543333333333
Pulse experiments,pioreactor01,2026-08-16T23:54:25.550Z,0.619823684904,2026-08-17 05:39:25.550,1165.546111111111
Pulse experiments,pioreactor01,2026-08-16T23:54:35.549Z,0.619835242218,2026-08-17 05:39:35.549,1165.548888888889
Pulse experiments,pioreactor01,2026-08-16T23:54:40.552Z,0.619824271794,2026-08-17 05:39:40.552,1165.550277777778
Pulse experiments,pioreactor01,2026-08-16T23:54:45.551Z,0.619837108356,2026-08-17 05:39:45.551,1165.551666666667
Pulse experiments,pioreactor01,2026-08-16T23:54:50.553Z,0.6198074951,2026-08-17 05:39:50.553,1165.553055555556
Pulse experiments,pioreactor01,2026-08-16T23:54:55.549Z,0.61980505908,2026-08-17 05:39:55.549,1165.554444444444
Pulse experiments,pioreactor01,2026-08-16T23:55:00.551Z,0.61977357133,2026-08-17 05:40:00.551,1165.555833333333
Pulse experiments,pioreactor01,2026-08-16T23:55:10.549Z,0.619796000115,2026-08-17 05:40:10.549,1165.558611111111
Pulse experiments,pioreactor01,2026-08-16T23:55:15.552Z,0.619813974197,2026-08-17 05:40:15.552,1165.56
Pulse experiments,pioreactor01,2026-08-16T23:55:20.552Z,0.619797636247,2026-08-17 05:40:20.552,1165.561388888889
Pulse experiments,pioreactor01,2026-08-16T23:55:25.550Z,0.619778416219,2026-08-17 05:40:25.550,1165.562777777778
Pulse experiments,pioreactor01,2026-08-16T23:55:30.550Z,0.619819645014,2026-08-17 05:40:30.550,1165.564166666667
Pulse experiments,pioreactor01,2026-08-16T23:55:35.550Z,0.619798297265,2026-08-17 05:40:35.550,1165.565555555556
Pulse experiments,pioreactor01,2026-08-16T23:55:40.549Z,0.619800371143,2026-08-17 05:40:40.549,1165.566944444445
Pulse experiments,pioreactor01,2026-08-16T23:55:45.551Z,0.61978635224,2026-08-17 05:40:45.551,1165.568333333333
Pulse experiments,pioreactor01,2026-08-16T23:55:50.551Z,0.619775673304,2026-08-17 05:40:50.551,1165.569722222222
Pulse experiments,pioreactor01,2026-08-16T23:55:55.551Z,0.61973567004,2026-08-17 05:40:55.551,1165.571111111111
Pulse experiments,pioreactor01,2026-08-16T23:56:00.550Z,0.619691656337,2026-08-17 05:41:00.550,1165.5725
Pulse experiments,pioreactor01,2026-08-16T23:56:05.550Z,0.619678738843,2026-08-17 05:41:05.550,1165.573888888889
Pulse experiments,pioreactor01,2026-08-16T23:56:10.553Z,0.619613734067,2026-08-17 05:41:10.553,1165.575277777778
Pulse experiments,pioreactor01,2026-08-16T23:56:15.551Z,0.619558663393,2026-08-17 05:41:15.551,1165.576666666667
Pulse experiments,pioreactor01,2026-08-16T23:56:20.550Z,0.619521327677,2026-08-17 05:41:20.550,1165.578055555555
Pulse experiments,pioreactor01,2026-08-16T23:56:25.551Z,0.619486241639,2026-08-17 05:41:25.551,1165.579444444444
Pulse experiments,pioreactor01,2026-08-16T23:56:30.552Z,0.619447251543,2026-08-17 05:41:30.552,1165.580833333333
Pulse experiments,pioreactor01,2026-08-16T23:56:35.549Z,0.619412420549,2026-08-17 05:41:35.549,1165.582222222222
Pulse experiments,pioreactor01,2026-08-16T23:56:40.551Z,0.619385824166,2026-08-17 05:41:40.551,1165.583611111111
Pulse experiments,pioreactor01,2026-08-16T23:56:45.550Z,0.61933964276,2026-08-17 05:41:45.550,1165.585
Pulse experiments,pioreactor01,2026-08-16T23:56:50.550Z,0.619276764889,2026-08-17 05:41:50.550,1165.586388888889
Pulse experiments,pioreactor01,2026-08-16T23:56:55.551Z,0.619216128672,2026-08-17 05:41:55.551,1165.587777777778
Pulse experiments,pioreactor01,2026-08-16T23:57:00.552Z,0.619166674252,2026-08-17 05:42:00.552,1165.589166666667
Pulse experiments,pioreactor01,2026-08-16T23:57:10.549Z,0.619120920256,2026-08-17 05:42:10.549,1165.591944444444
Pulse experiments,pioreactor01,2026-08-16T23:57:15.549Z,0.61907584311,2026-08-17 05:42:15.549,1165.593333333333
Pulse experiments,pioreactor01,2026-08-16T23:57:20.550Z,0.619017652964,2026-08-17 05:42:20.550,1165.594722222222
Pulse experiments,pioreactor01,2026-08-16T23:57:25.551Z,0.618930160905,2026-08-17 05:42:25.551,1165.596111111111
Pulse experiments,pioreactor01,2026-08-16T23:57:30.552Z,0.618824489216,2026-08-17 05:42:30.552,1165.5975
Pulse experiments,pioreactor01,2026-08-16T23:57:35.553Z,0.618694002826,2026-08-17 05:42:35.553,1165.598888888889
Pulse experiments,pioreactor01,2026-08-16T23:57:40.550Z,0.618605798728,2026-08-17 05:42:40.550,1165.600277777778
Pulse experiments,pioreactor01,2026-08-16T23:57:45.549Z,0.618528577629,2026-08-17 05:42:45.549,1165.601666666667
Pulse experiments,pioreactor01,2026-08-16T23:57:50.551Z,0.618495652874,2026-08-17 05:42:50.551,1165.603055555556
Pulse experiments,pioreactor01,2026-08-16T23:57:55.550Z,0.618384126822,2026-08-17 05:42:55.550,1165.604444444444
Pulse experiments,pioreactor01,2026-08-16T23:58:00.549Z,0.618301957323,2026-08-17 05:43:00.549,1165.605833333333
Pulse experiments,pioreactor01,2026-08-16T23:58:05.551Z,0.618197970319,2026-08-17 05:43:05.551,1165.607222222222
Pulse experiments,pioreactor01,2026-08-16T23:58:10.554Z,0.618177789468,2026-08-17 05:43:10.554,1165.608611111111
Pulse experiments,pioreactor01,2026-08-16T23:58:15.550Z,0.618111530155,2026-08-17 05:43:15.550,1165.61
Pulse experiments,pioreactor01,2026-08-16T23:58:20.549Z,0.618019880755,2026-08-17 05:43:20.549,1165.611388888889
Pulse experiments,pioreactor01,2026-08-16T23:58:25.550Z,0.6179360601,2026-08-17 05:43:25.550,1165.612777777778
Pulse experiments,pioreactor01,2026-08-16T23:58:30.552Z,0.617855929836,2026-08-17 05:43:30.552,1165.614166666667
Pulse experiments,pioreactor01,2026-08-16T23:58:35.552Z,0.6177857761,2026-08-17 05:43:35.552,1165.615555555556
Pulse experiments,pioreactor01,2026-08-16T23:58:40.550Z,0.61769608186,2026-08-17 05:43:40.550,1165.616944444444
Pulse experiments,pioreactor01,2026-08-16T23:58:45.550Z,0.617659188739,2026-08-17 05:43:45.550,1165.618333333333
Pulse experiments,pioreactor01,2026-08-16T23:58:50.551Z,0.617621250247,2026-08-17 05:43:50.551,1165.619722222222
Pulse experiments,pioreactor01,2026-08-16T23:58:55.552Z,0.617558725822,2026-08-17 05:43:55.552,1165.621111111111
Pulse experiments,pioreactor01,2026-08-16T23:59:00.551Z,0.617505262033,2026-08-17 05:44:00.551,1165.6225
Pulse experiments,pioreactor01,2026-08-16T23:59:10.550Z,0.617445166185,2026-08-17 05:44:10.550,1165.625277777778
Pulse experiments,pioreactor01,2026-08-16T23:59:15.549Z,0.617397081554,2026-08-17 05:44:15.549,1165.626666666667
Pulse experiments,pioreactor01,2026-08-16T23:59:20.552Z,0.617340962712,2026-08-17 05:44:20.552,1165.628055555556
Pulse experiments,pioreactor01,2026-08-16T23:59:30.550Z,0.61722448613,2026-08-17 05:44:30.550,1165.630833333333
Pulse experiments,pioreactor01,2026-08-16T23:59:35.550Z,0.617075153969,2026-08-17 05:44:35.550,1165.632222222222
Pulse experiments,pioreactor01,2026-08-16T23:59:40.551Z,0.616926020265,2026-08-17 05:44:40.551,1165.633611111111
Pulse experiments,pioreactor01,2026-08-16T23:59:45.550Z,0.616803668352,2026-08-17 05:44:45.550,1165.635
Pulse experiments,pioreactor01,2026-08-16T23:59:50.551Z,0.616694196976,2026-08-17 05:44:50.551,1165.636388888889
Pulse experiments,pioreactor01,2026-08-16T23:59:55.549Z,0.616580425879,2026-08-17 05:44:55.549,1165.637777777778
Pulse experiments,pioreactor01,2026-08-17T00:00:00.550Z,0.616477211816,2026-08-17 05:45:00.550,1165.639166666667
Pulse experiments,pioreactor01,2026-08-17T00:00:10.553Z,0.616334392411,2026-08-17 05:45:10.553,1165.641944444444
Pulse experiments,pioreactor01,2026-08-17T00:00:15.553Z,0.616230289186,2026-08-17 05:45:15.553,1165.643333333333
Pulse experiments,pioreactor01,2026-08-17T00:00:20.550Z,0.616136323314,2026-08-17 05:45:20.550,1165.644722222222
Pulse experiments,pioreactor01,2026-08-17T00:00:25.549Z,0.61599091803,2026-08-17 05:45:25.549,1165.646111111111
Pulse experiments,pioreactor01,2026-08-17T00:00:30.551Z,0.615901154573,2026-08-17 05:45:30.551,1165.6475
Pulse experiments,pioreactor01,2026-08-17T00:00:35.551Z,0.615821700772,2026-08-17 05:45:35.551,1165.648888888889
Pulse experiments,pioreactor01,2026-08-17T00:00:40.551Z,0.615782615622,2026-08-17 05:45:40.551,1165.650277777778
Pulse experiments,pioreactor01,2026-08-17T00:00:45.550Z,0.615760190603,2026-08-17 05:45:45.550,1165.651666666667
Pulse experiments,pioreactor01,2026-08-17T00:00:50.549Z,0.615736149983,2026-08-17 05:45:50.549,1165.653055555556
Pulse experiments,pioreactor01,2026-08-17T00:00:55.550Z,0.615669114507,2026-08-17 05:45:55.550,1165.654444444444
Pulse experiments,pioreactor01,2026-08-17T00:01:00.552Z,0.615624225438,2026-08-17 05:46:00.552,1165.655833333333
Pulse experiments,pioreactor01,2026-08-17T00:01:05.550Z,0.615600318473,2026-08-17 05:46:05.550,1165.657222222222
Pulse experiments,pioreactor01,2026-08-17T00:01:10.552Z,0.615532508726,2026-08-17 05:46:10.552,1165.658611111111
Pulse experiments,pioreactor01,2026-08-17T00:01:15.551Z,0.615478529355,2026-08-17 05:46:15.551,1165.66
Pulse experiments,pioreactor01,2026-08-17T00:01:20.554Z,0.61544197358,2026-08-17 05:46:20.554,1165.661388888889
Pulse experiments,pioreactor01,2026-08-17T00:01:25.550Z,0.615404983995,2026-08-17 05:46:25.550,1165.662777777778
Pulse experiments,pioreactor01,2026-08-17T00:01:30.550Z,0.615358997497,2026-08-17 05:46:30.550,1165.664166666667
Pulse experiments,pioreactor01,2026-08-17T00:01:35.551Z,0.615299161064,2026-08-17 05:46:35.551,1165.665555555556
Pulse experiments,pioreactor01,2026-08-17T00:01:40.549Z,0.615276075342,2026-08-17 05:46:40.549,1165.666944444444
Pulse experiments,pioreactor01,2026-08-17T00:01:45.550Z,0.61524971098,2026-08-17 05:46:45.550,1165.668333333333
Pulse experiments,pioreactor01,2026-08-17T00:01:50.551Z,0.615237002255,2026-08-17 05:46:50.551,1165.669722222222
Pulse experiments,pioreactor01,2026-08-17T00:01:55.552Z,0.615230828626,2026-08-17 05:46:55.552,1165.671111111111
Pulse experiments,pioreactor01,2026-08-17T00:02:00.550Z,0.615194118959,2026-08-17 05:47:00.550,1165.6725
Pulse experiments,pioreactor01,2026-08-17T00:02:05.551Z,0.615129695556,2026-08-17 05:47:05.551,1165.673888888889
Pulse experiments,pioreactor01,2026-08-17T00:02:10.550Z,0.61509316577,2026-08-17 05:47:10.550,1165.675277777778
Pulse experiments,pioreactor01,2026-08-17T00:02:15.551Z,0.615036714317,2026-08-17 05:47:15.551,1165.676666666667
Pulse experiments,pioreactor01,2026-08-17T00:02:20.551Z,0.614994518412,2026-08-17 05:47:20.551,1165.678055555556
Pulse experiments,pioreactor01,2026-08-17T00:02:25.551Z,0.614971594806,2026-08-17 05:47:25.551,1165.679444444444
Pulse experiments,pioreactor01,2026-08-17T00:02:30.551Z,0.614917430878,2026-08-17 05:47:30.551,1165.680833333333
Pulse experiments,pioreactor01,2026-08-17T00:02:35.551Z,0.614871260009,2026-08-17 05:47:35.551,1165.682222222222
Pulse experiments,pioreactor01,2026-08-17T00:02:40.551Z,0.614822632745,2026-08-17 05:47:40.551,1165.683611111111
Pulse experiments,pioreactor01,2026-08-17T00:02:45.552Z,0.614767901282,2026-08-17 05:47:45.552,1165.685
Pulse experiments,pioreactor01,2026-08-17T00:02:50.551Z,0.614687636121,2026-08-17 05:47:50.551,1165.686388888889
Pulse experiments,pioreactor01,2026-08-17T00:02:55.551Z,0.614614080787,2026-08-17 05:47:55.551,1165.687777777778
Pulse experiments,pioreactor01,2026-08-17T00:03:00.552Z,0.614560818778,2026-08-17 05:48:00.552,1165.689166666667
Pulse experiments,pioreactor01,2026-08-17T00:03:05.550Z,0.614516136596,2026-08-17 05:48:05.550,1165.690555555556
Pulse experiments,pioreactor01,2026-08-17T00:03:10.552Z,0.61443286636,2026-08-17 05:48:10.552,1165.691944444445
Pulse experiments,pioreactor01,2026-08-17T00:03:15.553Z,0.614350803983,2026-08-17 05:48:15.553,1165.693333333333
Pulse experiments,pioreactor01,2026-08-17T00:03:25.550Z,0.614307858975,2026-08-17 05:48:25.550,1165.696111111111
Pulse experiments,pioreactor01,2026-08-17T00:03:30.551Z,0.614282841893,2026-08-17 05:48:30.551,1165.6975
Pulse experiments,pioreactor01,2026-08-17T00:03:35.553Z,0.614248693254,2026-08-17 05:48:35.553,1165.698888888889
Pulse experiments,pioreactor01,2026-08-17T00:03:40.551Z,0.614182712637,2026-08-17 05:48:40.551,1165.700277777778
Pulse experiments,pioreactor01,2026-08-17T00:03:45.550Z,0.614135909749,2026-08-17 05:48:45.550,1165.701666666667
Pulse experiments,pioreactor01,2026-08-17T00:03:50.552Z,0.61412227684,2026-08-17 05:48:50.552,1165.703055555555
Pulse experiments,pioreactor01,2026-08-17T00:03:55.550Z,0.61411513382,2026-08-17 05:48:55.550,1165.704444444444
Pulse experiments,pioreactor01,2026-08-17T00:04:00.551Z,0.614048091032,2026-08-17 05:49:00.551,1165.705833333333
Pulse experiments,pioreactor01,2026-08-17T00:04:05.549Z,0.614029243474,2026-08-17 05:49:05.549,1165.707222222222
Pulse experiments,pioreactor01,2026-08-17T00:04:10.549Z,0.613975939716,2026-08-17 05:49:10.549,1165.708611111111
Pulse experiments,pioreactor01,2026-08-17T00:04:15.551Z,0.613931079408,2026-08-17 05:49:15.551,1165.71
Pulse experiments,pioreactor01,2026-08-17T00:04:20.550Z,0.61388059622,2026-08-17 05:49:20.550,1165.711388888889
Pulse experiments,pioreactor01,2026-08-17T00:04:25.552Z,0.613798833726,2026-08-17 05:49:25.552,1165.712777777778
Pulse experiments,pioreactor01,2026-08-17T00:04:30.549Z,0.613722414893,2026-08-17 05:49:30.549,1165.714166666667
Pulse experiments,pioreactor01,2026-08-17T00:04:35.554Z,0.613654396785,2026-08-17 05:49:35.554,1165.715555555556
Pulse experiments,pioreactor01,2026-08-17T00:04:40.551Z,0.613575856608,2026-08-17 05:49:40.551,1165.716944444444
Pulse experiments,pioreactor01,2026-08-17T00:04:45.549Z,0.613463904046,2026-08-17 05:49:45.549,1165.718333333333
Pulse experiments,pioreactor01,2026-08-17T00:04:50.551Z,0.613378464867,2026-08-17 05:49:50.551,1165.719722222222
Pulse experiments,pioreactor01,2026-08-17T00:04:55.549Z,0.613322351582,2026-08-17 05:49:55.549,1165.721111111111
Pulse experiments,pioreactor01,2026-08-17T00:05:00.550Z,0.613271562981,2026-08-17 05:50:00.550,1165.7225
Pulse experiments,pioreactor01,2026-08-17T00:05:05.551Z,0.613234793997,2026-08-17 05:50:05.551,1165.723888888889
Pulse experiments,pioreactor01,2026-08-17T00:05:10.550Z,0.613175322122,2026-08-17 05:50:10.550,1165.725277777778
Pulse experiments,pioreactor01,2026-08-17T00:05:15.549Z,0.613127684075,2026-08-17 05:50:15.549,1165.726666666667
Pulse experiments,pioreactor01,2026-08-17T00:05:20.550Z,0.613067522254,2026-08-17 05:50:20.550,1165.728055555556
Pulse experiments,pioreactor01,2026-08-17T00:05:30.550Z,0.612980637625,2026-08-17 05:50:30.550,1165.730833333333
Pulse experiments,pioreactor01,2026-08-17T00:05:35.552Z,0.612924975863,2026-08-17 05:50:35.552,1165.732222222222
Pulse experiments,pioreactor01,2026-08-17T00:05:40.552Z,0.612894998884,2026-08-17 05:50:40.552,1165.733611111111
Pulse experiments,pioreactor01,2026-08-17T00:05:45.550Z,0.612861511147,2026-08-17 05:50:45.550,1165.735
Pulse experiments,pioreactor01,2026-08-17T00:05:50.552Z,0.612790644123,2026-08-17 05:50:50.552,1165.736388888889
Pulse experiments,pioreactor01,2026-08-17T00:05:55.550Z,0.612737878775,2026-08-17 05:50:55.550,1165.737777777778
Pulse experiments,pioreactor01,2026-08-17T00:06:00.550Z,0.612688377061,2026-08-17 05:51:00.550,1165.739166666667
Pulse experiments,pioreactor01,2026-08-17T00:06:05.550Z,0.612663570968,2026-08-17 05:51:05.550,1165.740555555556
Pulse experiments,pioreactor01,2026-08-17T00:06:10.550Z,0.612645678029,2026-08-17 05:51:10.550,1165.741944444444
Pulse experiments,pioreactor01,2026-08-17T00:06:15.549Z,0.612622267753,2026-08-17 05:51:15.549,1165.743333333333
Pulse experiments,pioreactor01,2026-08-17T00:06:20.550Z,0.612587212395,2026-08-17 05:51:20.550,1165.744722222222
Pulse experiments,pioreactor01,2026-08-17T00:06:25.550Z,0.612553562611,2026-08-17 05:51:25.550,1165.746111111111
Pulse experiments,pioreactor01,2026-08-17T00:06:30.550Z,0.612512803595,2026-08-17 05:51:30.550,1165.7475
Pulse experiments,pioreactor01,2026-08-17T00:06:35.550Z,0.612485204821,2026-08-17 05:51:35.550,1165.748888888889
Pulse experiments,pioreactor01,2026-08-17T00:06:40.550Z,0.612494747098,2026-08-17 05:51:40.550,1165.750277777778
Pulse experiments,pioreactor01,2026-08-17T00:06:50.549Z,0.612420184897,2026-08-17 05:51:50.549,1165.753055555556
Pulse experiments,pioreactor01,2026-08-17T00:06:55.551Z,0.61238761191,2026-08-17 05:51:55.551,1165.754444444445
Pulse experiments,pioreactor01,2026-08-17T00:07:00.550Z,0.612347235836,2026-08-17 05:52:00.550,1165.755833333333
Pulse experiments,pioreactor01,2026-08-17T00:07:05.551Z,0.612293652204,2026-08-17 05:52:05.551,1165.757222222222
Pulse experiments,pioreactor01,2026-08-17T00:07:10.551Z,0.612234142748,2026-08-17 05:52:10.551,1165.758611111111
Pulse experiments,pioreactor01,2026-08-17T00:07:15.552Z,0.612192629512,2026-08-17 05:52:15.552,1165.76
Pulse experiments,pioreactor01,2026-08-17T00:07:25.550Z,0.61212207997,2026-08-17 05:52:25.550,1165.762777777778
Pulse experiments,pioreactor01,2026-08-17T00:07:35.552Z,0.612069721848,2026-08-17 05:52:35.552,1165.765555555555
Pulse experiments,pioreactor01,2026-08-17T00:07:40.555Z,0.61204984907,2026-08-17 05:52:40.555,1165.766944444444
Pulse experiments,pioreactor01,2026-08-17T00:07:45.549Z,0.61203242993,2026-08-17 05:52:45.549,1165.768333333333
Pulse experiments,pioreactor01,2026-08-17T00:07:50.553Z,0.61199850949,2026-08-17 05:52:50.553,1165.769722222222
Pulse experiments,pioreactor01,2026-08-17T00:07:55.554Z,0.611950819026,2026-08-17 05:52:55.554,1165.771111111111
Pulse experiments,pioreactor01,2026-08-17T00:08:00.551Z,0.611904500079,2026-08-17 05:53:00.551,1165.7725
Pulse experiments,pioreactor01,2026-08-17T00:08:05.549Z,0.611869528552,2026-08-17 05:53:05.549,1165.773888888889
Pulse experiments,pioreactor01,2026-08-17T00:08:15.551Z,0.61181106524,2026-08-17 05:53:15.551,1165.776666666667
Pulse experiments,pioreactor01,2026-08-17T00:08:20.550Z,0.61179317311,2026-08-17 05:53:20.550,1165.778055555556
Pulse experiments,pioreactor01,2026-08-17T00:08:25.550Z,0.611741738147,2026-08-17 05:53:25.550,1165.779444444444
Pulse experiments,pioreactor01,2026-08-17T00:08:30.549Z,0.611715322517,2026-08-17 05:53:30.549,1165.780833333333
Pulse experiments,pioreactor01,2026-08-17T00:08:35.551Z,0.611689155905,2026-08-17 05:53:35.551,1165.782222222222
Pulse experiments,pioreactor01,2026-08-17T00:08:45.549Z,0.611625022714,2026-08-17 05:53:45.549,1165.785
Pulse experiments,pioreactor01,2026-08-17T00:08:50.550Z,0.611597830578,2026-08-17 05:53:50.550,1165.786388888889
Pulse experiments,pioreactor01,2026-08-17T00:08:55.551Z,0.611541905082,2026-08-17 05:53:55.551,1165.787777777778
Pulse experiments,pioreactor01,2026-08-17T00:09:00.551Z,0.611482646191,2026-08-17 05:54:00.551,1165.789166666667
Pulse experiments,pioreactor01,2026-08-17T00:09:05.550Z,0.61145213361,2026-08-17 05:54:05.550,1165.790555555556
Pulse experiments,pioreactor01,2026-08-17T00:09:10.551Z,0.611401523214,2026-08-17 05:54:10.551,1165.791944444444
Pulse experiments,pioreactor01,2026-08-17T00:09:15.555Z,0.611333564584,2026-08-17 05:54:15.555,1165.793333333333
Pulse experiments,pioreactor01,2026-08-17T00:09:20.552Z,0.611255306547,2026-08-17 05:54:20.552,1165.794722222222
Pulse experiments,pioreactor01,2026-08-17T00:09:25.551Z,0.611206336828,2026-08-17 05:54:25.551,1165.796111111111
Pulse experiments,pioreactor01,2026-08-17T00:09:30.551Z,0.611180956508,2026-08-17 05:54:30.551,1165.7975
Pulse experiments,pioreactor01,2026-08-17T00:09:35.551Z,0.611159512323,2026-08-17 05:54:35.551,1165.798888888889
Pulse experiments,pioreactor01,2026-08-17T00:09:40.550Z,0.611117084784,2026-08-17 05:54:40.550,1165.800277777778
Pulse experiments,pioreactor01,2026-08-17T00:09:45.549Z,0.611099671101,2026-08-17 05:54:45.549,1165.801666666667
Pulse experiments,pioreactor01,2026-08-17T00:09:50.551Z,0.611086619355,2026-08-17 05:54:50.551,1165.803055555556
Pulse experiments,pioreactor01,2026-08-17T00:09:55.552Z,0.611084370446,2026-08-17 05:54:55.552,1165.804444444444
Pulse experiments,pioreactor01,2026-08-17T00:10:00.550Z,0.611057594824,2026-08-17 05:55:00.550,1165.805833333333
Pulse experiments,pioreactor01,2026-08-17T00:10:05.549Z,0.611040253128,2026-08-17 05:55:05.549,1165.807222222222
Pulse experiments,pioreactor01,2026-08-17T00:10:10.554Z,0.611031669532,2026-08-17 05:55:10.554,1165.808611111111
Pulse experiments,pioreactor01,2026-08-17T00:10:15.550Z,0.611012965793,2026-08-17 05:55:15.550,1165.81
Pulse experiments,pioreactor01,2026-08-17T00:10:20.551Z,0.610965031797,2026-08-17 05:55:20.551,1165.811388888889
Pulse experiments,pioreactor01,2026-08-17T00:10:25.550Z,0.610931886905,2026-08-17 05:55:25.550,1165.812777777778
Pulse experiments,pioreactor01,2026-08-17T00:10:30.549Z,0.610924929576,2026-08-17 05:55:30.549,1165.814166666667
Pulse experiments,pioreactor01,2026-08-17T00:10:35.550Z,0.610905592633,2026-08-17 05:55:35.550,1165.815555555556
Pulse experiments,pioreactor01,2026-08-17T00:10:45.551Z,0.610862863756,2026-08-17 05:55:45.551,1165.818333333333
Pulse experiments,pioreactor01,2026-08-17T00:10:50.549Z,0.610860773561,2026-08-17 05:55:50.549,1165.819722222222
Pulse experiments,pioreactor01,2026-08-17T00:10:55.553Z,0.610834922038,2026-08-17 05:55:55.553,1165.821111111111
Pulse experiments,pioreactor01,2026-08-17T00:11:00.551Z,0.610811091944,2026-08-17 05:56:00.551,1165.8225
Pulse experiments,pioreactor01,2026-08-17T00:11:05.551Z,0.610759185457,2026-08-17 05:56:05.551,1165.823888888889
Pulse experiments,pioreactor01,2026-08-17T00:11:10.552Z,0.610764958741,2026-08-17 05:56:10.552,1165.825277777778
Pulse experiments,pioreactor01,2026-08-17T00:11:15.549Z,0.610769136796,2026-08-17 05:56:15.549,1165.826666666667
Pulse experiments,pioreactor01,2026-08-17T00:11:20.550Z,0.610746226518,2026-08-17 05:56:20.550,1165.828055555555
Pulse experiments,pioreactor01,2026-08-17T00:11:25.550Z,0.610704203068,2026-08-17 05:56:25.550,1165.829444444444
Pulse experiments,pioreactor01,2026-08-17T00:11:30.553Z,0.610653020574,2026-08-17 05:56:30.553,1165.830833333333
Pulse experiments,pioreactor01,2026-08-17T00:11:35.550Z,0.610632578081,2026-08-17 05:56:35.550,1165.832222222222
Pulse experiments,pioreactor01,2026-08-17T00:11:40.550Z,0.61062655841,2026-08-17 05:56:40.550,1165.833611111111
Pulse experiments,pioreactor01,2026-08-17T00:11:45.550Z,0.61060401415,2026-08-17 05:56:45.550,1165.835
Pulse experiments,pioreactor01,2026-08-17T00:11:50.551Z,0.610567561154,2026-08-17 05:56:50.551,1165.836388888889
Pulse experiments,pioreactor01,2026-08-17T00:11:55.549Z,0.610559884591,2026-08-17 05:56:55.549,1165.837777777778
Pulse experiments,pioreactor01,2026-08-17T00:12:00.550Z,0.61056086434,2026-08-17 05:57:00.550,1165.839166666667
Pulse experiments,pioreactor01,2026-08-17T00:12:05.550Z,0.610538539109,2026-08-17 05:57:05.550,1165.840555555556
Pulse experiments,pioreactor01,2026-08-17T00:12:15.551Z,0.61048882708,2026-08-17 05:57:15.551,1165.843333333333
Pulse experiments,pioreactor01,2026-08-17T00:12:20.552Z,0.610471466418,2026-08-17 05:57:20.552,1165.844722222222
Pulse experiments,pioreactor01,2026-08-17T00:12:25.550Z,0.610458199314,2026-08-17 05:57:25.550,1165.846111111111
Pulse experiments,pioreactor01,2026-08-17T00:12:30.551Z,0.610445053041,2026-08-17 05:57:30.551,1165.8475
Pulse experiments,pioreactor01,2026-08-17T00:12:35.551Z,0.610421308882,2026-08-17 05:57:35.551,1165.848888888889
Pulse experiments,pioreactor01,2026-08-17T00:12:45.551Z,0.610414827638,2026-08-17 05:57:45.551,1165.851666666667
Pulse experiments,pioreactor01,2026-08-17T00:12:50.555Z,0.610395425139,2026-08-17 05:57:50.555,1165.853055555556
Pulse experiments,pioreactor01,2026-08-17T00:12:55.553Z,0.61037019512,2026-08-17 05:57:55.553,1165.854444444444
Pulse experiments,pioreactor01,2026-08-17T00:13:00.552Z,0.610356476321,2026-08-17 05:58:00.552,1165.855833333333
Pulse experiments,pioreactor01,2026-08-17T00:13:05.551Z,0.610341189398,2026-08-17 05:58:05.551,1165.857222222222
Pulse experiments,pioreactor01,2026-08-17T00:13:10.551Z,0.610336518166,2026-08-17 05:58:10.551,1165.858611111111
Pulse experiments,pioreactor01,2026-08-17T00:13:15.551Z,0.610314008939,2026-08-17 05:58:15.551,1165.86
Pulse experiments,pioreactor01,2026-08-17T00:13:20.550Z,0.610284151165,2026-08-17 05:58:20.550,1165.861388888889
Pulse experiments,pioreactor01,2026-08-17T00:13:25.549Z,0.610231001271,2026-08-17 05:58:25.549,1165.862777777778
Pulse experiments,pioreactor01,2026-08-17T00:13:30.550Z,0.610200705785,2026-08-17 05:58:30.550,1165.864166666667
Pulse experiments,pioreactor01,2026-08-17T00:13:35.550Z,0.610198968623,2026-08-17 05:58:35.550,1165.865555555556
Pulse experiments,pioreactor01,2026-08-17T00:13:40.551Z,0.610211647021,2026-08-17 05:58:40.551,1165.866944444444
Pulse experiments,pioreactor01,2026-08-17T00:13:45.550Z,0.610190803005,2026-08-17 05:58:45.550,1165.868333333333
Pulse experiments,pioreactor01,2026-08-17T00:13:50.551Z,0.610171615694,2026-08-17 05:58:50.551,1165.869722222222
Pulse experiments,pioreactor01,2026-08-17T00:13:55.550Z,0.610136242791,2026-08-17 05:58:55.550,1165.871111111111
Pulse experiments,pioreactor01,2026-08-17T00:14:00.550Z,0.610109618243,2026-08-17 05:59:00.550,1165.8725
Pulse experiments,pioreactor01,2026-08-17T00:14:05.551Z,0.610098201226,2026-08-17 05:59:05.551,1165.873888888889
Pulse experiments,pioreactor01,2026-08-17T00:14:10.553Z,0.610078334895,2026-08-17 05:59:10.553,1165.875277777778
Pulse experiments,pioreactor01,2026-08-17T00:14:15.549Z,0.610055235328,2026-08-17 05:59:15.549,1165.876666666667
Pulse experiments,pioreactor01,2026-08-17T00:14:20.550Z,0.610033617863,2026-08-17 05:59:20.550,1165.878055555556
Pulse experiments,pioreactor01,2026-08-17T00:14:25.550Z,0.610035361509,2026-08-17 05:59:25.550,1165.879444444445
Pulse experiments,pioreactor01,2026-08-17T00:14:30.550Z,0.610040904364,2026-08-17 05:59:30.550,1165.880833333333
Pulse experiments,pioreactor01,2026-08-17T00:14:35.550Z,0.610043105469,2026-08-17 05:59:35.550,1165.882222222222
Pulse experiments,pioreactor01,2026-08-17T00:14:40.552Z,0.610032195903,2026-08-17 05:59:40.552,1165.883611111111
Pulse experiments,pioreactor01,2026-08-17T00:14:45.553Z,0.610034620962,2026-08-17 05:59:45.553,1165.885
Pulse experiments,pioreactor01,2026-08-17T00:14:50.550Z,0.610023684451,2026-08-17 05:59:50.550,1165.886388888889
Pulse experiments,pioreactor01,2026-08-17T00:14:55.551Z,0.609979854577,2026-08-17 05:59:55.551,1165.887777777778
Pulse experiments,pioreactor01,2026-08-17T00:15:00.549Z,0.609960482538,2026-08-17 06:00:00.549,1165.889166666667
Pulse experiments,pioreactor01,2026-08-17T00:15:05.550Z,0.609986355277,2026-08-17 06:00:05.550,1165.890555555555
Pulse experiments,pioreactor01,2026-08-17T00:15:10.550Z,0.610007524246,2026-08-17 06:00:10.550,1165.891944444444
Pulse experiments,pioreactor01,2026-08-17T00:15:15.552Z,0.609990424178,2026-08-17 06:00:15.552,1165.893333333333
Pulse experiments,pioreactor01,2026-08-17T00:15:25.550Z,0.609957573959,2026-08-17 06:00:25.550,1165.896111111111
Pulse experiments,pioreactor01,2026-08-17T00:15:30.551Z,0.609957076665,2026-08-17 06:00:30.551,1165.8975
Pulse experiments,pioreactor01,2026-08-17T00:15:35.550Z,0.609999658949,2026-08-17 06:00:35.550,1165.898888888889
Pulse experiments,pioreactor01,2026-08-17T00:15:40.549Z,0.610021407426,2026-08-17 06:00:40.549,1165.900277777778
Pulse experiments,pioreactor01,2026-08-17T00:15:45.550Z,0.610034645905,2026-08-17 06:00:45.550,1165.901666666667
Pulse experiments,pioreactor01,2026-08-17T00:15:50.551Z,0.610059188693,2026-08-17 06:00:50.551,1165.903055555556
Pulse experiments,pioreactor01,2026-08-17T00:15:55.551Z,0.610081511316,2026-08-17 06:00:55.551,1165.904444444444
Pulse experiments,pioreactor01,2026-08-17T00:16:00.550Z,0.610111972807,2026-08-17 06:01:00.550,1165.905833333333
Pulse experiments,pioreactor01,2026-08-17T00:16:05.549Z,0.610114236787,2026-08-17 06:01:05.549,1165.907222222222
Pulse experiments,pioreactor01,2026-08-17T00:16:10.549Z,0.610117532399,2026-08-17 06:01:10.549,1165.908611111111
Pulse experiments,pioreactor01,2026-08-17T00:16:15.551Z,0.610130160351,2026-08-17 06:01:15.551,1165.91
Pulse experiments,pioreactor01,2026-08-17T00:16:20.553Z,0.610165838799,2026-08-17 06:01:20.553,1165.911388888889
Pulse experiments,pioreactor01,2026-08-17T00:16:25.551Z,0.61016377811,2026-08-17 06:01:25.551,1165.912777777778
Pulse experiments,pioreactor01,2026-08-17T00:16:30.552Z,0.610178076988,2026-08-17 06:01:30.552,1165.914166666667
Pulse experiments,pioreactor01,2026-08-17T00:16:35.549Z,0.61017839238,2026-08-17 06:01:35.549,1165.915555555556
Pulse experiments,pioreactor01,2026-08-17T00:16:40.553Z,0.610189334599,2026-08-17 06:01:40.553,1165.916944444444
Pulse experiments,pioreactor01,2026-08-17T00:16:45.553Z,0.610204637689,2026-08-17 06:01:45.553,1165.918333333333
Pulse experiments,pioreactor01,2026-08-17T00:16:50.550Z,0.610199158952,2026-08-17 06:01:50.550,1165.919722222222
Pulse experiments,pioreactor01,2026-08-17T00:16:55.549Z,0.610178180725,2026-08-17 06:01:55.549,1165.921111111111
Pulse experiments,pioreactor01,2026-08-17T00:17:00.550Z,0.610184033346,2026-08-17 06:02:00.550,1165.9225
Pulse experiments,pioreactor01,2026-08-17T00:17:05.550Z,0.610192412648,2026-08-17 06:02:05.550,1165.923888888889
Pulse experiments,pioreactor01,2026-08-17T00:17:10.551Z,0.610200408146,2026-08-17 06:02:10.551,1165.925277777778
Pulse experiments,pioreactor01,2026-08-17T00:17:15.550Z,0.610232361205,2026-08-17 06:02:15.550,1165.926666666667
Pulse experiments,pioreactor01,2026-08-17T00:17:20.552Z,0.610253771328,2026-08-17 06:02:20.552,1165.928055555556
Pulse experiments,pioreactor01,2026-08-17T00:17:25.549Z,0.610288339172,2026-08-17 06:02:25.549,1165.929444444444
Pulse experiments,pioreactor01,2026-08-17T00:17:35.551Z,0.610270576439,2026-08-17 06:02:35.551,1165.932222222222
Pulse experiments,pioreactor01,2026-08-17T00:17:40.550Z,0.610269515827,2026-08-17 06:02:40.550,1165.933611111111
Pulse experiments,pioreactor01,2026-08-17T00:17:45.550Z,0.610269344747,2026-08-17 06:02:45.550,1165.935
Pulse experiments,pioreactor01,2026-08-17T00:17:50.550Z,0.610269996937,2026-08-17 06:02:50.550,1165.936388888889
Pulse experiments,pioreactor01,2026-08-17T00:17:55.554Z,0.610256536021,2026-08-17 06:02:55.554,1165.937777777778
Pulse experiments,pioreactor01,2026-08-17T00:18:00.553Z,0.610262564655,2026-08-17 06:03:00.553,1165.939166666667
Pulse experiments,pioreactor01,2026-08-17T00:18:05.552Z,0.610280617389,2026-08-17 06:03:05.552,1165.940555555556
Pulse experiments,pioreactor01,2026-08-17T00:18:10.549Z,0.610306009613,2026-08-17 06:03:10.549,1165.941944444445
Pulse experiments,pioreactor01,2026-08-17T00:18:15.552Z,0.610339489453,2026-08-17 06:03:15.552,1165.943333333333
Pulse experiments,pioreactor01,2026-08-17T00:18:20.549Z,0.610327767496,2026-08-17 06:03:20.549,1165.944722222222
Pulse experiments,pioreactor01,2026-08-17T00:18:25.550Z,0.610311627584,2026-08-17 06:03:25.550,1165.946111111111
Pulse experiments,pioreactor01,2026-08-17T00:18:30.553Z,0.610339743314,2026-08-17 06:03:30.553,1165.9475
Pulse experiments,pioreactor01,2026-08-17T00:18:35.550Z,0.610352435593,2026-08-17 06:03:35.550,1165.948888888889
Pulse experiments,pioreactor01,2026-08-17T00:18:40.549Z,0.610357820263,2026-08-17 06:03:40.549,1165.950277777778
Pulse experiments,pioreactor01,2026-08-17T00:18:45.550Z,0.610346932754,2026-08-17 06:03:45.550,1165.951666666667
Pulse experiments,pioreactor01,2026-08-17T00:18:50.552Z,0.610331982982,2026-08-17 06:03:50.552,1165.953055555555
Pulse experiments,pioreactor01,2026-08-17T00:18:55.551Z,0.610328160515,2026-08-17 06:03:55.551,1165.954444444444
Pulse experiments,pioreactor01,2026-08-17T00:19:00.551Z,0.610342618119,2026-08-17 06:04:00.551,1165.955833333333
Pulse experiments,pioreactor01,2026-08-17T00:19:05.550Z,0.610359768036,2026-08-17 06:04:05.550,1165.957222222222
Pulse experiments,pioreactor01,2026-08-17T00:19:10.551Z,0.610371750578,2026-08-17 06:04:10.551,1165.958611111111
Pulse experiments,pioreactor01,2026-08-17T00:19:15.550Z,0.610379224139,2026-08-17 06:04:15.550,1165.96
Pulse experiments,pioreactor01,2026-08-17T00:19:20.551Z,0.610413093993,2026-08-17 06:04:20.551,1165.961388888889
Pulse experiments,pioreactor01,2026-08-17T00:19:30.553Z,0.61039904745,2026-08-17 06:04:30.553,1165.964166666667
Pulse experiments,pioreactor01,2026-08-17T00:19:35.551Z,0.610402526709,2026-08-17 06:04:35.551,1165.965555555556
Pulse experiments,pioreactor01,2026-08-17T00:19:40.550Z,0.610422049687,2026-08-17 06:04:40.550,1165.966944444444
Pulse experiments,pioreactor01,2026-08-17T00:19:45.550Z,0.610453199426,2026-08-17 06:04:45.550,1165.968333333333
Pulse experiments,pioreactor01,2026-08-17T00:19:50.549Z,0.610456896955,2026-08-17 06:04:50.549,1165.969722222222
Pulse experiments,pioreactor01,2026-08-17T00:19:55.549Z,0.6104686369,2026-08-17 06:04:55.549,1165.971111111111
Pulse experiments,pioreactor01,2026-08-17T00:20:00.553Z,0.610470071548,2026-08-17 06:05:00.553,1165.9725
Pulse experiments,pioreactor01,2026-08-17T00:20:05.553Z,0.610499541856,2026-08-17 06:05:05.553,1165.973888888889
Pulse experiments,pioreactor01,2026-08-17T00:20:10.552Z,0.610495796827,2026-08-17 06:05:10.552,1165.975277777778
Pulse experiments,pioreactor01,2026-08-17T00:20:15.558Z,0.610519314487,2026-08-17 06:05:15.558,1165.976666666667
Pulse experiments,pioreactor01,2026-08-17T00:20:20.551Z,0.610534549289,2026-08-17 06:05:20.551,1165.978055555556
Pulse experiments,pioreactor01,2026-08-17T00:20:25.549Z,0.610545577038,2026-08-17 06:05:25.549,1165.979444444444
Pulse experiments,pioreactor01,2026-08-17T00:20:30.550Z,0.610561999004,2026-08-17 06:05:30.550,1165.980833333333
Pulse experiments,pioreactor01,2026-08-17T00:20:35.550Z,0.610597430822,2026-08-17 06:05:35.550,1165.982222222222
Pulse experiments,pioreactor01,2026-08-17T00:20:40.551Z,0.6106167238,2026-08-17 06:05:40.551,1165.983611111111
Pulse experiments,pioreactor01,2026-08-17T00:20:45.549Z,0.610646177632,2026-08-17 06:05:45.549,1165.985
Pulse experiments,pioreactor01,2026-08-17T00:20:50.551Z,0.610689310529,2026-08-17 06:05:50.551,1165.986388888889
Pulse experiments,pioreactor01,2026-08-17T00:20:55.550Z,0.610728606325,2026-08-17 06:05:55.550,1165.987777777778
Pulse experiments,pioreactor01,2026-08-17T00:21:05.550Z,0.610745988985,2026-08-17 06:06:05.550,1165.990555555556
Pulse experiments,pioreactor01,2026-08-17T00:21:10.551Z,0.610783077438,2026-08-17 06:06:10.551,1165.991944444444
Pulse experiments,pioreactor01,2026-08-17T00:21:15.553Z,0.610820863997,2026-08-17 06:06:15.553,1165.993333333333
Pulse experiments,pioreactor01,2026-08-17T00:21:20.549Z,0.61084055913,2026-08-17 06:06:20.549,1165.994722222222
Pulse experiments,pioreactor01,2026-08-17T00:21:25.553Z,0.610892666713,2026-08-17 06:06:25.553,1165.996111111111
Pulse experiments,pioreactor01,2026-08-17T00:21:30.550Z,0.610914743301,2026-08-17 06:06:30.550,1165.9975
Pulse experiments,pioreactor01,2026-08-17T00:21:35.550Z,0.610931076704,2026-08-17 06:06:35.550,1165.998888888889
Pulse experiments,pioreactor01,2026-08-17T00:21:40.550Z,0.610939867842,2026-08-17 06:06:40.550,1166.000277777778
Pulse experiments,pioreactor01,2026-08-17T00:21:45.549Z,0.610952194237,2026-08-17 06:06:45.549,1166.001666666667
Pulse experiments,pioreactor01,2026-08-17T00:21:50.549Z,0.61096430459,2026-08-17 06:06:50.549,1166.003055555556
Pulse experiments,pioreactor01,2026-08-17T00:21:55.551Z,0.611001815624,2026-08-17 06:06:55.551,1166.004444444445
Pulse experiments,pioreactor01,2026-08-17T00:22:00.550Z,0.611029268571,2026-08-17 06:07:00.550,1166.005833333333
Pulse experiments,pioreactor01,2026-08-17T00:22:05.550Z,0.611066595362,2026-08-17 06:07:05.550,1166.007222222222
Pulse experiments,pioreactor01,2026-08-17T00:22:10.551Z,0.611106905081,2026-08-17 06:07:10.551,1166.008611111111
Pulse experiments,pioreactor01,2026-08-17T00:22:15.551Z,0.611180174703,2026-08-17 06:07:15.551,1166.01
Pulse experiments,pioreactor01,2026-08-17T00:22:20.551Z,0.611238839793,2026-08-17 06:07:20.551,1166.011388888889
Pulse experiments,pioreactor01,2026-08-17T00:22:25.550Z,0.611270083028,2026-08-17 06:07:25.550,1166.012777777778
Pulse experiments,pioreactor01,2026-08-17T00:22:30.550Z,0.611299816699,2026-08-17 06:07:30.550,1166.014166666667
Pulse experiments,pioreactor01,2026-08-17T00:22:35.550Z,0.611355400042,2026-08-17 06:07:35.550,1166.015555555555
Pulse experiments,pioreactor01,2026-08-17T00:22:40.550Z,0.611395111074,2026-08-17 06:07:40.550,1166.016944444444
Pulse experiments,pioreactor01,2026-08-17T00:22:45.550Z,0.611424534205,2026-08-17 06:07:45.550,1166.018333333333
Pulse experiments,pioreactor01,2026-08-17T00:22:50.550Z,0.611461240205,2026-08-17 06:07:50.550,1166.019722222222
Pulse experiments,pioreactor01,2026-08-17T00:22:55.550Z,0.611479322502,2026-08-17 06:07:55.550,1166.021111111111
Pulse experiments,pioreactor01,2026-08-17T00:23:00.552Z,0.611516026483,2026-08-17 06:08:00.552,1166.0225
Pulse experiments,pioreactor01,2026-08-17T00:23:05.551Z,0.611558666411,2026-08-17 06:08:05.551,1166.023888888889
Pulse experiments,pioreactor01,2026-08-17T00:23:10.549Z,0.611577232589,2026-08-17 06:08:10.549,1166.025277777778
Pulse experiments,pioreactor01,2026-08-17T00:23:15.551Z,0.611578592975,2026-08-17 06:08:15.551,1166.026666666667
Pulse experiments,pioreactor01,2026-08-17T00:23:20.551Z,0.611602882585,2026-08-17 06:08:20.551,1166.028055555556
Pulse experiments,pioreactor01,2026-08-17T00:23:25.551Z,0.611632195966,2026-08-17 06:08:25.551,1166.029444444444
Pulse experiments,pioreactor01,2026-08-17T00:23:30.552Z,0.611647431174,2026-08-17 06:08:30.552,1166.030833333333
Pulse experiments,pioreactor01,2026-08-17T00:23:35.552Z,0.611684152989,2026-08-17 06:08:35.552,1166.032222222222
Pulse experiments,pioreactor01,2026-08-17T00:23:40.550Z,0.611711764375,2026-08-17 06:08:40.550,1166.033611111111
Pulse experiments,pioreactor01,2026-08-17T00:23:45.550Z,0.611714916326,2026-08-17 06:08:45.550,1166.035
Pulse experiments,pioreactor01,2026-08-17T00:23:50.551Z,0.611757761347,2026-08-17 06:08:50.551,1166.036388888889
Pulse experiments,pioreactor01,2026-08-17T00:23:55.551Z,0.611783679665,2026-08-17 06:08:55.551,1166.037777777778
Pulse experiments,pioreactor01,2026-08-17T00:24:00.551Z,0.611829233608,2026-08-17 06:09:00.551,1166.039166666667
Pulse experiments,pioreactor01,2026-08-17T00:24:05.549Z,0.611864964474,2026-08-17 06:09:05.549,1166.040555555556
Pulse experiments,pioreactor01,2026-08-17T00:24:10.550Z,0.611912718472,2026-08-17 06:09:10.550,1166.041944444444
Pulse experiments,pioreactor01,2026-08-17T00:24:15.552Z,0.611944676138,2026-08-17 06:09:15.552,1166.043333333333
Pulse experiments,pioreactor01,2026-08-17T00:24:25.550Z,0.611948337756,2026-08-17 06:09:25.550,1166.046111111111
Pulse experiments,pioreactor01,2026-08-17T00:24:30.550Z,0.611975109711,2026-08-17 06:09:30.550,1166.0475
Pulse experiments,pioreactor01,2026-08-17T00:24:35.550Z,0.612006431699,2026-08-17 06:09:35.550,1166.048888888889
Pulse experiments,pioreactor01,2026-08-17T00:24:40.551Z,0.612044348292,2026-08-17 06:09:40.551,1166.050277777778
Pulse experiments,pioreactor01,2026-08-17T00:24:45.553Z,0.612064265356,2026-08-17 06:09:45.553,1166.051666666667
Pulse experiments,pioreactor01,2026-08-17T00:24:50.551Z,0.61208039601,2026-08-17 06:09:50.551,1166.053055555556
Pulse experiments,pioreactor01,2026-08-17T00:24:55.550Z,0.61210735107,2026-08-17 06:09:55.550,1166.054444444444
Pulse experiments,pioreactor01,2026-08-17T00:25:00.551Z,0.61215012088,2026-08-17 06:10:00.551,1166.055833333333
Pulse experiments,pioreactor01,2026-08-17T00:25:05.550Z,0.612181571575,2026-08-17 06:10:05.550,1166.057222222222
Pulse experiments,pioreactor01,2026-08-17T00:25:10.550Z,0.612207797448,2026-08-17 06:10:10.550,1166.058611111111
Pulse experiments,pioreactor01,2026-08-17T00:25:25.552Z,0.612217840478,2026-08-17 06:10:25.552,1166.062777777778
Pulse experiments,pioreactor01,2026-08-17T00:25:30.551Z,0.612238539231,2026-08-17 06:10:30.551,1166.064166666667
Pulse experiments,pioreactor01,2026-08-17T00:25:35.551Z,0.612259770383,2026-08-17 06:10:35.551,1166.065555555556
Pulse experiments,pioreactor01,2026-08-17T00:25:40.550Z,0.612282307678,2026-08-17 06:10:40.550,1166.066944444445
Pulse experiments,pioreactor01,2026-08-17T00:25:45.553Z,0.612298115018,2026-08-17 06:10:45.553,1166.068333333333
Pulse experiments,pioreactor01,2026-08-17T00:25:50.556Z,0.612337646323,2026-08-17 06:10:50.556,1166.069722222222
Pulse experiments,pioreactor01,2026-08-17T00:25:55.550Z,0.612364340032,2026-08-17 06:10:55.550,1166.071111111111
Pulse experiments,pioreactor01,2026-08-17T00:26:00.550Z,0.612382427552,2026-08-17 06:11:00.550,1166.0725
Pulse experiments,pioreactor01,2026-08-17T00:26:05.551Z,0.612424878623,2026-08-17 06:11:05.551,1166.073888888889
Pulse experiments,pioreactor01,2026-08-17T00:26:10.550Z,0.612454974575,2026-08-17 06:11:10.550,1166.075277777778
Pulse experiments,pioreactor01,2026-08-17T00:26:15.551Z,0.61248022359,2026-08-17 06:11:15.551,1166.076666666667
Pulse experiments,pioreactor01,2026-08-17T00:26:20.551Z,0.612524956475,2026-08-17 06:11:20.551,1166.078055555555
Pulse experiments,pioreactor01,2026-08-17T00:26:25.551Z,0.612560593401,2026-08-17 06:11:25.551,1166.079444444444
Pulse experiments,pioreactor01,2026-08-17T00:26:30.549Z,0.612594676771,2026-08-17 06:11:30.549,1166.080833333333
Pulse experiments,pioreactor01,2026-08-17T00:26:35.549Z,0.612604222618,2026-08-17 06:11:35.549,1166.082222222222
Pulse experiments,pioreactor01,2026-08-17T00:26:40.552Z,0.612634367996,2026-08-17 06:11:40.552,1166.083611111111
Pulse experiments,pioreactor01,2026-08-17T00:26:45.550Z,0.612673192715,2026-08-17 06:11:45.550,1166.085
Pulse experiments,pioreactor01,2026-08-17T00:26:50.549Z,0.612705207512,2026-08-17 06:11:50.549,1166.086388888889
Pulse experiments,pioreactor01,2026-08-17T00:26:55.550Z,0.612746536384,2026-08-17 06:11:55.550,1166.087777777778
Pulse experiments,pioreactor01,2026-08-17T00:27:00.551Z,0.61278239969,2026-08-17 06:12:00.551,1166.089166666667
Pulse experiments,pioreactor01,2026-08-17T00:27:05.551Z,0.612799571268,2026-08-17 06:12:05.551,1166.090555555556
Pulse experiments,pioreactor01,2026-08-17T00:27:10.549Z,0.612825747669,2026-08-17 06:12:10.549,1166.091944444444
Pulse experiments,pioreactor01,2026-08-17T00:27:15.550Z,0.612858328317,2026-08-17 06:12:15.550,1166.093333333333
Pulse experiments,pioreactor01,2026-08-17T00:27:20.551Z,0.612877742527,2026-08-17 06:12:20.551,1166.094722222222
Pulse experiments,pioreactor01,2026-08-17T00:27:25.552Z,0.61288916416,2026-08-17 06:12:25.552,1166.096111111111
Pulse experiments,pioreactor01,2026-08-17T00:27:30.552Z,0.612914065475,2026-08-17 06:12:30.552,1166.0975
Pulse experiments,pioreactor01,2026-08-17T00:27:40.551Z,0.612938889853,2026-08-17 06:12:40.551,1166.100277777778
Pulse experiments,pioreactor01,2026-08-17T00:27:45.549Z,0.612976894236,2026-08-17 06:12:45.549,1166.101666666667
Pulse experiments,pioreactor01,2026-08-17T00:27:50.552Z,0.613013369888,2026-08-17 06:12:50.552,1166.103055555556
Pulse experiments,pioreactor01,2026-08-17T00:27:55.550Z,0.613052518749,2026-08-17 06:12:55.550,1166.104444444444
Pulse experiments,pioreactor01,2026-08-17T00:28:05.550Z,0.613081752758,2026-08-17 06:13:05.550,1166.107222222222
Pulse experiments,pioreactor01,2026-08-17T00:28:10.551Z,0.613104216455,2026-08-17 06:13:10.551,1166.108611111111
Pulse experiments,pioreactor01,2026-08-17T00:28:15.550Z,0.613122792035,2026-08-17 06:13:15.550,1166.11
Pulse experiments,pioreactor01,2026-08-17T00:28:20.549Z,0.613151942883,2026-08-17 06:13:20.549,1166.111388888889
Pulse experiments,pioreactor01,2026-08-17T00:28:25.549Z,0.613165334486,2026-08-17 06:13:25.549,1166.112777777778
Pulse experiments,pioreactor01,2026-08-17T00:28:30.549Z,0.613178534131,2026-08-17 06:13:30.549,1166.114166666667
Pulse experiments,pioreactor01,2026-08-17T00:28:35.552Z,0.613229817067,2026-08-17 06:13:35.552,1166.115555555556
Pulse experiments,pioreactor01,2026-08-17T00:28:45.551Z,0.613263419667,2026-08-17 06:13:45.551,1166.118333333333
Pulse experiments,pioreactor01,2026-08-17T00:28:50.549Z,0.613286393868,2026-08-17 06:13:50.549,1166.119722222222
Pulse experiments,pioreactor01,2026-08-17T00:28:55.549Z,0.613309971007,2026-08-17 06:13:55.549,1166.121111111111
Pulse experiments,pioreactor01,2026-08-17T00:29:00.550Z,0.613318664203,2026-08-17 06:14:00.550,1166.1225
Pulse experiments,pioreactor01,2026-08-17T00:29:05.549Z,0.613342348667,2026-08-17 06:14:05.549,1166.123888888889
Pulse experiments,pioreactor01,2026-08-17T00:29:10.553Z,0.613365557338,2026-08-17 06:14:10.553,1166.125277777778
Pulse experiments,pioreactor01,2026-08-17T00:29:15.551Z,0.613389687323,2026-08-17 06:14:15.551,1166.126666666667
Pulse experiments,pioreactor01,2026-08-17T00:29:20.549Z,0.613397639793,2026-08-17 06:14:20.549,1166.128055555556
Pulse experiments,pioreactor01,2026-08-17T00:29:25.552Z,0.613436236539,2026-08-17 06:14:25.552,1166.129444444445
Pulse experiments,pioreactor01,2026-08-17T00:29:30.549Z,0.613466289947,2026-08-17 06:14:30.549,1166.130833333333
Pulse experiments,pioreactor01,2026-08-17T00:29:35.549Z,0.613527447653,2026-08-17 06:14:35.549,1166.132222222222
Pulse experiments,pioreactor01,2026-08-17T00:29:40.550Z,0.613555161668,2026-08-17 06:14:40.550,1166.133611111111
Pulse experiments,pioreactor01,2026-08-17T00:29:45.551Z,0.613593692415,2026-08-17 06:14:45.551,1166.135
Pulse experiments,pioreactor01,2026-08-17T00:29:50.552Z,0.613624555833,2026-08-17 06:14:50.552,1166.136388888889
Pulse experiments,pioreactor01,2026-08-17T00:29:55.549Z,0.613646115852,2026-08-17 06:14:55.549,1166.137777777778
Pulse experiments,pioreactor01,2026-08-17T00:30:00.550Z,0.613667358024,2026-08-17 06:15:00.550,1166.139166666667
Pulse experiments,pioreactor01,2026-08-17T00:30:05.552Z,0.613697555105,2026-08-17 06:15:05.552,1166.140555555555
Pulse experiments,pioreactor01,2026-08-17T00:30:10.553Z,0.613715267725,2026-08-17 06:15:10.553,1166.141944444444
Pulse experiments,pioreactor01,2026-08-17T00:30:15.552Z,0.61373664536,2026-08-17 06:15:15.552,1166.143333333333
Pulse experiments,pioreactor01,2026-08-17T00:30:20.551Z,0.613780175741,2026-08-17 06:15:20.551,1166.144722222222
Pulse experiments,pioreactor01,2026-08-17T00:30:25.550Z,0.613790420565,2026-08-17 06:15:25.550,1166.146111111111
Pulse experiments,pioreactor01,2026-08-17T00:30:30.553Z,0.613798477527,2026-08-17 06:15:30.553,1166.1475
Pulse experiments,pioreactor01,2026-08-17T00:30:35.551Z,0.61382924402,2026-08-17 06:15:35.551,1166.148888888889
Pulse experiments,pioreactor01,2026-08-17T00:30:40.550Z,0.613833629261,2026-08-17 06:15:40.550,1166.150277777778
Pulse experiments,pioreactor01,2026-08-17T00:30:45.551Z,0.613873067932,2026-08-17 06:15:45.551,1166.151666666667
Pulse experiments,pioreactor01,2026-08-17T00:30:50.551Z,0.613896702531,2026-08-17 06:15:50.551,1166.153055555556
Pulse experiments,pioreactor01,2026-08-17T00:30:55.549Z,0.613937233311,2026-08-17 06:15:55.549,1166.154444444444
Pulse experiments,pioreactor01,2026-08-17T00:31:05.550Z,0.613984412625,2026-08-17 06:16:05.550,1166.157222222222
Pulse experiments,pioreactor01,2026-08-17T00:31:10.550Z,0.614041168831,2026-08-17 06:16:10.550,1166.158611111111
Pulse experiments,pioreactor01,2026-08-17T00:31:15.552Z,0.614076887637,2026-08-17 06:16:15.552,1166.16
Pulse experiments,pioreactor01,2026-08-17T00:31:20.554Z,0.614103942299,2026-08-17 06:16:20.554,1166.161388888889
Pulse experiments,pioreactor01,2026-08-17T00:31:25.549Z,0.614116535209,2026-08-17 06:16:25.549,1166.162777777778
Pulse experiments,pioreactor01,2026-08-17T00:31:30.550Z,0.614142098682,2026-08-17 06:16:30.550,1166.164166666667
Pulse experiments,pioreactor01,2026-08-17T00:31:35.549Z,0.614133881721,2026-08-17 06:16:35.549,1166.165555555556
Pulse experiments,pioreactor01,2026-08-17T00:31:40.549Z,0.614147315581,2026-08-17 06:16:40.549,1166.166944444444
Pulse experiments,pioreactor01,2026-08-17T00:31:45.552Z,0.614177988243,2026-08-17 06:16:45.552,1166.168333333333
Pulse experiments,pioreactor01,2026-08-17T00:31:50.549Z,0.614184272437,2026-08-17 06:16:50.549,1166.169722222222
Pulse experiments,pioreactor01,2026-08-17T00:31:55.550Z,0.61420170255,2026-08-17 06:16:55.550,1166.171111111111
Pulse experiments,pioreactor01,2026-08-17T00:32:00.552Z,0.614224553978,2026-08-17 06:17:00.552,1166.1725
Pulse experiments,pioreactor01,2026-08-17T00:32:05.549Z,0.614255369359,2026-08-17 06:17:05.549,1166.173888888889
Pulse experiments,pioreactor01,2026-08-17T00:32:10.550Z,0.614261807215,2026-08-17 06:17:10.550,1166.175277777778
Pulse experiments,pioreactor01,2026-08-17T00:32:15.551Z,0.614289069665,2026-08-17 06:17:15.551,1166.176666666667
Pulse experiments,pioreactor01,2026-08-17T00:32:20.550Z,0.614321416315,2026-08-17 06:17:20.550,1166.178055555556
Pulse experiments,pioreactor01,2026-08-17T00:32:25.550Z,0.614351049731,2026-08-17 06:17:25.550,1166.179444444444
Pulse experiments,pioreactor01,2026-08-17T00:32:35.551Z,0.614388498468,2026-08-17 06:17:35.551,1166.182222222222
Pulse experiments,pioreactor01,2026-08-17T00:32:40.549Z,0.61442068822,2026-08-17 06:17:40.549,1166.183611111111
Pulse experiments,pioreactor01,2026-08-17T00:32:45.551Z,0.614452252025,2026-08-17 06:17:45.551,1166.185
Pulse experiments,pioreactor01,2026-08-17T00:32:50.551Z,0.614488472751,2026-08-17 06:17:50.551,1166.186388888889
Pulse experiments,pioreactor01,2026-08-17T00:32:55.551Z,0.614522526462,2026-08-17 06:17:55.551,1166.187777777778
Pulse experiments,pioreactor01,2026-08-17T00:33:00.551Z,0.614566471995,2026-08-17 06:18:00.551,1166.189166666667
Pulse experiments,pioreactor01,2026-08-17T00:33:05.551Z,0.614583908791,2026-08-17 06:18:05.551,1166.190555555556
Pulse experiments,pioreactor01,2026-08-17T00:33:10.550Z,0.614610221313,2026-08-17 06:18:10.550,1166.191944444445
Pulse experiments,pioreactor01,2026-08-17T00:33:15.552Z,0.614641522856,2026-08-17 06:18:15.552,1166.193333333333
Pulse experiments,pioreactor01,2026-08-17T00:33:20.549Z,0.614660556295,2026-08-17 06:18:20.549,1166.194722222222
Pulse experiments,pioreactor01,2026-08-17T00:33:25.551Z,0.614682391137,2026-08-17 06:18:25.551,1166.196111111111
Pulse experiments,pioreactor01,2026-08-17T00:33:30.552Z,0.614702468295,2026-08-17 06:18:30.552,1166.1975
Pulse experiments,pioreactor01,2026-08-17T00:33:35.551Z,0.614739832838,2026-08-17 06:18:35.551,1166.198888888889
Pulse experiments,pioreactor01,2026-08-17T00:33:40.550Z,0.614774485508,2026-08-17 06:18:40.550,1166.200277777778
Pulse experiments,pioreactor01,2026-08-17T00:33:45.551Z,0.614785404371,2026-08-17 06:18:45.551,1166.201666666667
Pulse experiments,pioreactor01,2026-08-17T00:33:50.552Z,0.614797015393,2026-08-17 06:18:50.552,1166.203055555555
Pulse experiments,pioreactor01,2026-08-17T00:33:55.550Z,0.6148254946,2026-08-17 06:18:55.550,1166.204444444444
Pulse experiments,pioreactor01,2026-08-17T00:34:00.550Z,0.614844246169,2026-08-17 06:19:00.550,1166.205833333333
Pulse experiments,pioreactor01,2026-08-17T00:34:05.550Z,0.614870909951,2026-08-17 06:19:05.550,1166.207222222222
Pulse experiments,pioreactor01,2026-08-17T00:34:10.550Z,0.614912436356,2026-08-17 06:19:10.550,1166.208611111111
Pulse experiments,pioreactor01,2026-08-17T00:34:15.549Z,0.614947115748,2026-08-17 06:19:15.549,1166.21
Pulse experiments,pioreactor01,2026-08-17T00:34:20.551Z,0.614975557898,2026-08-17 06:19:20.551,1166.211388888889
Pulse experiments,pioreactor01,2026-08-17T00:34:25.551Z,0.615014594849,2026-08-17 06:19:25.551,1166.212777777778
Pulse experiments,pioreactor01,2026-08-17T00:34:35.551Z,0.615020441479,2026-08-17 06:19:35.551,1166.215555555556
Pulse experiments,pioreactor01,2026-08-17T00:34:40.550Z,0.615034714007,2026-08-17 06:19:40.550,1166.216944444444
Pulse experiments,pioreactor01,2026-08-17T00:34:45.550Z,0.615034148784,2026-08-17 06:19:45.550,1166.218333333333
Pulse experiments,pioreactor01,2026-08-17T00:34:50.550Z,0.615037757909,2026-08-17 06:19:50.550,1166.219722222222
Pulse experiments,pioreactor01,2026-08-17T00:34:55.550Z,0.615057701613,2026-08-17 06:19:55.550,1166.221111111111
Pulse experiments,pioreactor01,2026-08-17T00:35:00.552Z,0.615084316299,2026-08-17 06:20:00.552,1166.2225
Pulse experiments,pioreactor01,2026-08-17T00:35:05.550Z,0.615116996978,2026-08-17 06:20:05.550,1166.223888888889
Pulse experiments,pioreactor01,2026-08-17T00:35:10.550Z,0.615123407757,2026-08-17 06:20:10.550,1166.225277777778
Pulse experiments,pioreactor01,2026-08-17T00:35:15.562Z,0.615141323362,2026-08-17 06:20:15.562,1166.226666666667
Pulse experiments,pioreactor01,2026-08-17T00:35:20.550Z,0.61516946001,2026-08-17 06:20:20.550,1166.228055555556
Pulse experiments,pioreactor01,2026-08-17T00:35:25.551Z,0.615200059148,2026-08-17 06:20:25.551,1166.229444444444
Pulse experiments,pioreactor01,2026-08-17T00:35:30.550Z,0.615209543263,2026-08-17 06:20:30.550,1166.230833333333
Pulse experiments,pioreactor01,2026-08-17T00:35:35.551Z,0.615226529264,2026-08-17 06:20:35.551,1166.232222222222
Pulse experiments,pioreactor01,2026-08-17T00:35:40.549Z,0.615240737997,2026-08-17 06:20:40.549,1166.233611111111
Pulse experiments,pioreactor01,2026-08-17T00:35:45.552Z,0.615259203242,2026-08-17 06:20:45.552,1166.235
Pulse experiments,pioreactor01,2026-08-17T00:35:50.551Z,0.615265924299,2026-08-17 06:20:50.551,1166.236388888889
Pulse experiments,pioreactor01,2026-08-17T00:35:55.549Z,0.615278191723,2026-08-17 06:20:55.549,1166.237777777778
Pulse experiments,pioreactor01,2026-08-17T00:36:00.551Z,0.615290387533,2026-08-17 06:21:00.551,1166.239166666667
Pulse experiments,pioreactor01,2026-08-17T00:36:10.551Z,0.615325459008,2026-08-17 06:21:10.551,1166.241944444444
Pulse experiments,pioreactor01,2026-08-17T00:36:15.551Z,0.615377535677,2026-08-17 06:21:15.551,1166.243333333333
Pulse experiments,pioreactor01,2026-08-17T00:36:20.550Z,0.615407343098,2026-08-17 06:21:20.550,1166.244722222222
Pulse experiments,pioreactor01,2026-08-17T00:36:25.549Z,0.615414758438,2026-08-17 06:21:25.549,1166.246111111111
Pulse experiments,pioreactor01,2026-08-17T00:36:30.551Z,0.615424801531,2026-08-17 06:21:30.551,1166.2475
Pulse experiments,pioreactor01,2026-08-17T00:36:35.550Z,0.615446958203,2026-08-17 06:21:35.550,1166.248888888889
Pulse experiments,pioreactor01,2026-08-17T00:36:40.553Z,0.615487696457,2026-08-17 06:21:40.553,1166.250277777778
Pulse experiments,pioreactor01,2026-08-17T00:36:45.551Z,0.615542380603,2026-08-17 06:21:45.551,1166.251666666667
Pulse experiments,pioreactor01,2026-08-17T00:36:50.549Z,0.615573378922,2026-08-17 06:21:50.549,1166.253055555556
Pulse experiments,pioreactor01,2026-08-17T00:36:55.551Z,0.61558003451,2026-08-17 06:21:55.551,1166.254444444445
Pulse experiments,pioreactor01,2026-08-17T00:37:00.554Z,0.615593689213,2026-08-17 06:22:00.554,1166.255833333333
Pulse experiments,pioreactor01,2026-08-17T00:37:05.551Z,0.615620951316,2026-08-17 06:22:05.551,1166.257222222222
Pulse experiments,pioreactor01,2026-08-17T00:37:10.551Z,0.6156366931,2026-08-17 06:22:10.551,1166.258611111111
Pulse experiments,pioreactor01,2026-08-17T00:37:15.551Z,0.615640297499,2026-08-17 06:22:15.551,1166.26
Pulse experiments,pioreactor01,2026-08-17T00:37:20.550Z,0.615640448562,2026-08-17 06:22:20.550,1166.261388888889
Pulse experiments,pioreactor01,2026-08-17T00:37:25.551Z,0.615656315269,2026-08-17 06:22:25.551,1166.262777777778
Pulse experiments,pioreactor01,2026-08-17T00:37:30.550Z,0.615678376409,2026-08-17 06:22:30.550,1166.264166666667
Pulse experiments,pioreactor01,2026-08-17T00:37:35.553Z,0.615702492427,2026-08-17 06:22:35.553,1166.265555555555
Pulse experiments,pioreactor01,2026-08-17T00:37:40.549Z,0.615713115948,2026-08-17 06:22:40.549,1166.266944444444
Pulse experiments,pioreactor01,2026-08-17T00:37:45.555Z,0.615719075633,2026-08-17 06:22:45.555,1166.268333333333
Pulse experiments,pioreactor01,2026-08-17T00:37:50.551Z,0.615746703659,2026-08-17 06:22:50.551,1166.269722222222
Pulse experiments,pioreactor01,2026-08-17T00:37:55.549Z,0.615762014475,2026-08-17 06:22:55.549,1166.271111111111
Pulse experiments,pioreactor01,2026-08-17T00:38:00.552Z,0.615762317396,2026-08-17 06:23:00.552,1166.2725
Pulse experiments,pioreactor01,2026-08-17T00:38:05.551Z,0.61577253662,2026-08-17 06:23:05.551,1166.273888888889
Pulse experiments,pioreactor01,2026-08-17T00:38:10.549Z,0.615807931346,2026-08-17 06:23:10.549,1166.275277777778
Pulse experiments,pioreactor01,2026-08-17T00:38:15.551Z,0.615834229531,2026-08-17 06:23:15.551,1166.276666666667
Pulse experiments,pioreactor01,2026-08-17T00:38:20.550Z,0.615843619531,2026-08-17 06:23:20.550,1166.278055555556
Pulse experiments,pioreactor01,2026-08-17T00:38:25.551Z,0.615816637621,2026-08-17 06:23:25.551,1166.279444444444
Pulse experiments,pioreactor01,2026-08-17T00:38:30.550Z,0.615798444172,2026-08-17 06:23:30.550,1166.280833333333
Pulse experiments,pioreactor01,2026-08-17T00:38:35.551Z,0.615807738055,2026-08-17 06:23:35.551,1166.282222222222
Pulse experiments,pioreactor01,2026-08-17T00:38:40.549Z,0.615826630454,2026-08-17 06:23:40.549,1166.283611111111
Pulse experiments,pioreactor01,2026-08-17T00:38:45.549Z,0.615847033456,2026-08-17 06:23:45.549,1166.285
Pulse experiments,pioreactor01,2026-08-17T00:38:55.552Z,0.615898027504,2026-08-17 06:23:55.552,1166.287777777778
Pulse experiments,pioreactor01,2026-08-17T00:39:00.550Z,0.615927756666,2026-08-17 06:24:00.550,1166.289166666667
Pulse experiments,pioreactor01,2026-08-17T00:39:05.551Z,0.615944892188,2026-08-17 06:24:05.551,1166.290555555556
Pulse experiments,pioreactor01,2026-08-17T00:39:10.552Z,0.615949117766,2026-08-17 06:24:10.552,1166.291944444444
Pulse experiments,pioreactor01,2026-08-17T00:39:15.550Z,0.615990191496,2026-08-17 06:24:15.550,1166.293333333333
Pulse experiments,pioreactor01,2026-08-17T00:39:20.549Z,0.616050813147,2026-08-17 06:24:20.549,1166.294722222222
Pulse experiments,pioreactor01,2026-08-17T00:39:25.550Z,0.616093433033,2026-08-17 06:24:25.550,1166.296111111111
Pulse experiments,pioreactor01,2026-08-17T00:39:30.550Z,0.616128885572,2026-08-17 06:24:30.550,1166.2975
Pulse experiments,pioreactor01,2026-08-17T00:39:35.550Z,0.616139261889,2026-08-17 06:24:35.550,1166.298888888889
Pulse experiments,pioreactor01,2026-08-17T00:39:40.551Z,0.616164447101,2026-08-17 06:24:40.551,1166.300277777778
Pulse experiments,pioreactor01,2026-08-17T00:39:45.551Z,0.616192764778,2026-08-17 06:24:45.551,1166.301666666667
Pulse experiments,pioreactor01,2026-08-17T00:39:55.550Z,0.616241363434,2026-08-17 06:24:55.550,1166.304444444444
Pulse experiments,pioreactor01,2026-08-17T00:40:00.551Z,0.616288830132,2026-08-17 06:25:00.551,1166.305833333333
Pulse experiments,pioreactor01,2026-08-17T00:40:05.550Z,0.616301151291,2026-08-17 06:25:05.550,1166.307222222222
Pulse experiments,pioreactor01,2026-08-17T00:40:10.551Z,0.616312621053,2026-08-17 06:25:10.551,1166.308611111111
Pulse experiments,pioreactor01,2026-08-17T00:40:15.551Z,0.616319254625,2026-08-17 06:25:15.551,1166.31
Pulse experiments,pioreactor01,2026-08-17T00:40:20.551Z,0.616338955097,2026-08-17 06:25:20.551,1166.311388888889
Pulse experiments,pioreactor01,2026-08-17T00:40:25.552Z,0.616351200196,2026-08-17 06:25:25.552,1166.312777777778
Pulse experiments,pioreactor01,2026-08-17T00:40:35.551Z,0.61637162672,2026-08-17 06:25:35.551,1166.315555555556
Pulse experiments,pioreactor01,2026-08-17T00:40:40.549Z,0.616396603888,2026-08-17 06:25:40.549,1166.316944444445
Pulse experiments,pioreactor01,2026-08-17T00:40:45.550Z,0.616415719585,2026-08-17 06:25:45.550,1166.318333333333
Pulse experiments,pioreactor01,2026-08-17T00:40:50.552Z,0.61646210016,2026-08-17 06:25:50.552,1166.319722222222
Pulse experiments,pioreactor01,2026-08-17T00:40:55.551Z,0.616487492207,2026-08-17 06:25:55.551,1166.321111111111
Pulse experiments,pioreactor01,2026-08-17T00:41:00.555Z,0.616517425532,2026-08-17 06:26:00.555,1166.3225
Pulse experiments,pioreactor01,2026-08-17T00:41:05.550Z,0.616533314458,2026-08-17 06:26:05.550,1166.323888888889
Pulse experiments,pioreactor01,2026-08-17T00:41:10.549Z,0.616556241794,2026-08-17 06:26:10.549,1166.325277777778
Pulse experiments,pioreactor01,2026-08-17T00:41:15.551Z,0.616587113293,2026-08-17 06:26:15.551,1166.326666666667
Pulse experiments,pioreactor01,2026-08-17T00:41:25.552Z,0.616607096097,2026-08-17 06:26:25.552,1166.329444444444
Pulse experiments,pioreactor01,2026-08-17T00:41:30.550Z,0.616631980215,2026-08-17 06:26:30.550,1166.330833333333
Pulse experiments,pioreactor01,2026-08-17T00:41:35.550Z,0.616656096613,2026-08-17 06:26:35.550,1166.332222222222
Pulse experiments,pioreactor01,2026-08-17T00:41:40.551Z,0.616697420274,2026-08-17 06:26:40.551,1166.333611111111
Pulse experiments,pioreactor01,2026-08-17T00:41:45.549Z,0.616716107722,2026-08-17 06:26:45.549,1166.335
Pulse experiments,pioreactor01,2026-08-17T00:41:50.552Z,0.616739102601,2026-08-17 06:26:50.552,1166.336388888889
Pulse experiments,pioreactor01,2026-08-17T00:41:55.550Z,0.616750179581,2026-08-17 06:26:55.550,1166.337777777778
Pulse experiments,pioreactor01,2026-08-17T00:42:00.551Z,0.616756976145,2026-08-17 06:27:00.551,1166.339166666667
Pulse experiments,pioreactor01,2026-08-17T00:42:05.549Z,0.616758293138,2026-08-17 06:27:05.549,1166.340555555556
Pulse experiments,pioreactor01,2026-08-17T00:42:15.552Z,0.616764275699,2026-08-17 06:27:15.552,1166.343333333333
Pulse experiments,pioreactor01,2026-08-17T00:42:20.551Z,0.616762945284,2026-08-17 06:27:20.551,1166.344722222222
Pulse experiments,pioreactor01,2026-08-17T00:42:25.551Z,0.616759471451,2026-08-17 06:27:25.551,1166.346111111111
Pulse experiments,pioreactor01,2026-08-17T00:42:30.550Z,0.616777473053,2026-08-17 06:27:30.550,1166.3475
Pulse experiments,pioreactor01,2026-08-17T00:42:35.549Z,0.616822058199,2026-08-17 06:27:35.549,1166.348888888889
Pulse experiments,pioreactor01,2026-08-17T00:42:40.551Z,0.616856805903,2026-08-17 06:27:40.551,1166.350277777778
Pulse experiments,pioreactor01,2026-08-17T00:42:45.552Z,0.616876003948,2026-08-17 06:27:45.552,1166.351666666667
Pulse experiments,pioreactor01,2026-08-17T00:42:50.550Z,0.616892214909,2026-08-17 06:27:50.550,1166.353055555556
Pulse experiments,pioreactor01,2026-08-17T00:42:55.551Z,0.616908358359,2026-08-17 06:27:55.551,1166.354444444444
Pulse experiments,pioreactor01,2026-08-17T00:43:00.550Z,0.616940390454,2026-08-17 06:28:00.550,1166.355833333333
Pulse experiments,pioreactor01,2026-08-17T00:43:05.551Z,0.616937413479,2026-08-17 06:28:05.551,1166.357222222222
Pulse experiments,pioreactor01,2026-08-17T00:43:15.549Z,0.616977701925,2026-08-17 06:28:15.549,1166.36
Pulse experiments,pioreactor01,2026-08-17T00:43:20.550Z,0.616992175568,2026-08-17 06:28:20.550,1166.361388888889
Pulse experiments,pioreactor01,2026-08-17T00:43:25.552Z,0.616987341739,2026-08-17 06:28:25.552,1166.362777777778
Pulse experiments,pioreactor01,2026-08-17T00:43:30.549Z,0.617001272444,2026-08-17 06:28:30.549,1166.364166666667
Pulse experiments,pioreactor01,2026-08-17T00:43:40.553Z,0.617034111922,2026-08-17 06:28:40.553,1166.366944444444
Pulse experiments,pioreactor01,2026-08-17T00:43:45.551Z,0.617083877608,2026-08-17 06:28:45.551,1166.368333333333
Pulse experiments,pioreactor01,2026-08-17T00:43:50.549Z,0.617110520107,2026-08-17 06:28:50.549,1166.369722222222
Pulse experiments,pioreactor01,2026-08-17T00:43:55.551Z,0.61714769526,2026-08-17 06:28:55.551,1166.371111111111
Pulse experiments,pioreactor01,2026-08-17T00:44:00.549Z,0.617150540817,2026-08-17 06:29:00.549,1166.3725
Pulse experiments,pioreactor01,2026-08-17T00:44:05.552Z,0.617167273942,2026-08-17 06:29:05.552,1166.373888888889
Pulse experiments,pioreactor01,2026-08-17T00:44:10.552Z,0.617182538655,2026-08-17 06:29:10.552,1166.375277777778
Pulse experiments,pioreactor01,2026-08-17T00:44:15.550Z,0.617200298806,2026-08-17 06:29:15.550,1166.376666666667
Pulse experiments,pioreactor01,2026-08-17T00:44:20.551Z,0.617205365314,2026-08-17 06:29:20.551,1166.378055555556
Pulse experiments,pioreactor01,2026-08-17T00:44:25.552Z,0.617210361902,2026-08-17 06:29:25.552,1166.379444444445
Pulse experiments,pioreactor01,2026-08-17T00:44:30.550Z,0.617231488869,2026-08-17 06:29:30.550,1166.380833333333
Pulse experiments,pioreactor01,2026-08-17T00:44:35.552Z,0.617261846469,2026-08-17 06:29:35.552,1166.382222222222
Pulse experiments,pioreactor01,2026-08-17T00:44:40.549Z,0.61729326797,2026-08-17 06:29:40.549,1166.383611111111
Pulse experiments,pioreactor01,2026-08-17T00:44:45.552Z,0.617335502954,2026-08-17 06:29:45.552,1166.385
Pulse experiments,pioreactor01,2026-08-17T00:44:50.552Z,0.617380169071,2026-08-17 06:29:50.552,1166.386388888889
Pulse experiments,pioreactor01,2026-08-17T00:44:55.550Z,0.617400129883,2026-08-17 06:29:55.550,1166.387777777778
Pulse experiments,pioreactor01,2026-08-17T00:45:00.551Z,0.617446401611,2026-08-17 06:30:00.551,1166.389166666667
Pulse experiments,pioreactor01,2026-08-17T00:45:05.550Z,0.617478013694,2026-08-17 06:30:05.550,1166.390555555555
Pulse experiments,pioreactor01,2026-08-17T00:45:10.549Z,0.61750702037,2026-08-17 06:30:10.549,1166.391944444444
Pulse experiments,pioreactor01,2026-08-17T00:45:15.557Z,0.617535945854,2026-08-17 06:30:15.557,1166.393333333333
Pulse experiments,pioreactor01,2026-08-17T00:45:20.550Z,0.617562809964,2026-08-17 06:30:20.550,1166.394722222222
Pulse experiments,pioreactor01,2026-08-17T00:45:25.550Z,0.617593398946,2026-08-17 06:30:25.550,1166.396111111111
Pulse experiments,pioreactor01,2026-08-17T00:45:30.551Z,0.617620298934,2026-08-17 06:30:30.551,1166.3975
Pulse experiments,pioreactor01,2026-08-17T00:45:35.549Z,0.617660536095,2026-08-17 06:30:35.549,1166.398888888889
Pulse experiments,pioreactor01,2026-08-17T00:45:40.552Z,0.617671448118,2026-08-17 06:30:40.552,1166.400277777778
Pulse experiments,pioreactor01,2026-08-17T00:45:45.550Z,0.617691519982,2026-08-17 06:30:45.550,1166.401666666667
Pulse experiments,pioreactor01,2026-08-17T00:45:50.551Z,0.617704674398,2026-08-17 06:30:50.551,1166.403055555556
Pulse experiments,pioreactor01,2026-08-17T00:45:55.549Z,0.617739656481,2026-08-17 06:30:55.549,1166.404444444444
Pulse experiments,pioreactor01,2026-08-17T00:46:00.550Z,0.617776018036,2026-08-17 06:31:00.550,1166.405833333333
Pulse experiments,pioreactor01,2026-08-17T00:46:05.550Z,0.617804838031,2026-08-17 06:31:05.550,1166.407222222222
Pulse experiments,pioreactor01,2026-08-17T00:46:10.551Z,0.617827138655,2026-08-17 06:31:10.551,1166.408611111111
Pulse experiments,pioreactor01,2026-08-17T00:46:15.549Z,0.617860525811,2026-08-17 06:31:15.549,1166.41
Pulse experiments,pioreactor01,2026-08-17T00:46:25.550Z,0.617898357671,2026-08-17 06:31:25.550,1166.412777777778
Pulse experiments,pioreactor01,2026-08-17T00:46:30.550Z,0.61791542836,2026-08-17 06:31:30.550,1166.414166666667
Pulse experiments,pioreactor01,2026-08-17T00:46:35.553Z,0.617939992439,2026-08-17 06:31:35.553,1166.415555555556
Pulse experiments,pioreactor01,2026-08-17T00:46:40.550Z,0.617970719459,2026-08-17 06:31:40.550,1166.416944444444
Pulse experiments,pioreactor01,2026-08-17T00:46:45.550Z,0.618005460625,2026-08-17 06:31:45.550,1166.418333333333
Pulse experiments,pioreactor01,2026-08-17T00:46:50.549Z,0.618033640118,2026-08-17 06:31:50.549,1166.419722222222
Pulse experiments,pioreactor01,2026-08-17T00:46:55.550Z,0.618060126484,2026-08-17 06:31:55.550,1166.421111111111
Pulse experiments,pioreactor01,2026-08-17T00:47:00.550Z,0.618099975158,2026-08-17 06:32:00.550,1166.4225
Pulse experiments,pioreactor01,2026-08-17T00:47:05.551Z,0.618139507246,2026-08-17 06:32:05.551,1166.423888888889
Pulse experiments,pioreactor01,2026-08-17T00:47:10.551Z,0.618164279221,2026-08-17 06:32:10.551,1166.425277777778
Pulse experiments,pioreactor01,2026-08-17T00:47:15.550Z,0.618198992525,2026-08-17 06:32:15.550,1166.426666666667
Pulse experiments,pioreactor01,2026-08-17T00:47:20.552Z,0.618214259985,2026-08-17 06:32:20.552,1166.428055555556
Pulse experiments,pioreactor01,2026-08-17T00:47:25.550Z,0.618244872427,2026-08-17 06:32:25.550,1166.429444444444
Pulse experiments,pioreactor01,2026-08-17T00:47:30.550Z,0.618255013037,2026-08-17 06:32:30.550,1166.430833333333
Pulse experiments,pioreactor01,2026-08-17T00:47:35.551Z,0.61827319954,2026-08-17 06:32:35.551,1166.432222222222
Pulse experiments,pioreactor01,2026-08-17T00:47:40.550Z,0.618293419077,2026-08-17 06:32:40.550,1166.433611111111
Pulse experiments,pioreactor01,2026-08-17T00:47:45.550Z,0.618305551554,2026-08-17 06:32:45.550,1166.435
Pulse experiments,pioreactor01,2026-08-17T00:47:50.551Z,0.618333085086,2026-08-17 06:32:50.551,1166.436388888889
Pulse experiments,pioreactor01,2026-08-17T00:47:55.551Z,0.618363971834,2026-08-17 06:32:55.551,1166.437777777778
Pulse experiments,pioreactor01,2026-08-17T00:48:00.550Z,0.618378653822,2026-08-17 06:33:00.550,1166.439166666667
Pulse experiments,pioreactor01,2026-08-17T00:48:05.550Z,0.618392715118,2026-08-17 06:33:05.550,1166.440555555556
Pulse experiments,pioreactor01,2026-08-17T00:48:10.553Z,0.618406731253,2026-08-17 06:33:10.553,1166.441944444445
Pulse experiments,pioreactor01,2026-08-17T00:48:20.550Z,0.620982993659,2026-08-17 06:33:20.550,1166.444722222222
Pulse experiments,pioreactor01,2026-08-17T00:48:25.569Z,0.606741186399,2026-08-17 06:33:25.569,1166.446111111111
Pulse experiments,pioreactor01,2026-08-17T00:48:30.575Z,0.603674928313,2026-08-17 06:33:30.575,1166.4475
Pulse experiments,pioreactor01,2026-08-17T00:48:35.576Z,0.598937782577,2026-08-17 06:33:35.576,1166.448888888889
Pulse experiments,pioreactor01,2026-08-17T00:48:40.576Z,0.600062647845,2026-08-17 06:33:40.576,1166.450277777778
Pulse experiments,pioreactor01,2026-08-17T00:48:45.565Z,0.598591089695,2026-08-17 06:33:45.565,1166.451666666667
Pulse experiments,pioreactor01,2026-08-17T00:48:50.566Z,0.599972177384,2026-08-17 06:33:50.566,1166.453055555555
Pulse experiments,pioreactor01,2026-08-17T00:48:55.565Z,0.601010257365,2026-08-17 06:33:55.565,1166.454444444444
Pulse experiments,pioreactor01,2026-08-17T00:49:00.561Z,0.601583276322,2026-08-17 06:34:00.561,1166.455833333333
Pulse experiments,pioreactor01,2026-08-17T00:49:05.565Z,0.601949609459,2026-08-17 06:34:05.565,1166.457222222222
Pulse experiments,pioreactor01,2026-08-17T00:49:10.567Z,0.602043676548,2026-08-17 06:34:10.567,1166.458611111111
Pulse experiments,pioreactor01,2026-08-17T00:49:15.565Z,0.602261488502,2026-08-17 06:34:15.565,1166.46
Pulse experiments,pioreactor01,2026-08-17T00:49:20.567Z,0.602317269685,2026-08-17 06:34:20.567,1166.461388888889
Pulse experiments,pioreactor01,2026-08-17T00:49:25.561Z,0.602338174168,2026-08-17 06:34:25.561,1166.462777777778
Pulse experiments,pioreactor01,2026-08-17T00:49:30.568Z,0.602262364969,2026-08-17 06:34:30.568,1166.464166666667
Pulse experiments,pioreactor01,2026-08-17T00:49:35.565Z,0.602195846291,2026-08-17 06:34:35.565,1166.465555555556
Pulse experiments,pioreactor01,2026-08-17T00:49:40.574Z,0.602111319947,2026-08-17 06:34:40.574,1166.466944444444
Pulse experiments,pioreactor01,2026-08-17T00:49:45.575Z,0.602067314901,2026-08-17 06:34:45.575,1166.468333333333
Pulse experiments,pioreactor01,2026-08-17T00:49:50.566Z,0.601976266406,2026-08-17 06:34:50.566,1166.469722222222
Pulse experiments,pioreactor01,2026-08-17T00:49:55.574Z,0.602020890643,2026-08-17 06:34:55.574,1166.471111111111
Pulse experiments,pioreactor01,2026-08-17T00:50:00.567Z,0.602032753974,2026-08-17 06:35:00.567,1166.4725
Pulse experiments,pioreactor01,2026-08-17T00:50:10.562Z,0.602037745811,2026-08-17 06:35:10.562,1166.475277777778
Pulse experiments,pioreactor01,2026-08-17T00:50:15.564Z,0.602092271868,2026-08-17 06:35:15.564,1166.476666666667
Pulse experiments,pioreactor01,2026-08-17T00:50:20.564Z,0.602106145182,2026-08-17 06:35:20.564,1166.478055555556
Pulse experiments,pioreactor01,2026-08-17T00:50:25.564Z,0.60207196863,2026-08-17 06:35:25.564,1166.479444444444
Pulse experiments,pioreactor01,2026-08-17T00:50:30.559Z,0.602025438831,2026-08-17 06:35:30.559,1166.480833333333
Pulse experiments,pioreactor01,2026-08-17T00:50:35.562Z,0.602035329559,2026-08-17 06:35:35.562,1166.482222222222
Pulse experiments,pioreactor01,2026-08-17T00:50:40.560Z,0.602084111565,2026-08-17 06:35:40.560,1166.483611111111
Pulse experiments,pioreactor01,2026-08-17T00:50:45.560Z,0.602052733505,2026-08-17 06:35:45.560,1166.485
Pulse experiments,pioreactor01,2026-08-17T00:50:50.563Z,0.602113092567,2026-08-17 06:35:50.563,1166.486388888889
Pulse experiments,pioreactor01,2026-08-17T00:50:55.561Z,0.602078860106,2026-08-17 06:35:55.561,1166.487777777778
Pulse experiments,pioreactor01,2026-08-17T00:51:00.568Z,0.602067182848,2026-08-17 06:36:00.568,1166.489166666667
Pulse experiments,pioreactor01,2026-08-17T00:51:05.565Z,0.602048981348,2026-08-17 06:36:05.565,1166.490555555556
Pulse experiments,pioreactor01,2026-08-17T00:51:10.564Z,0.602084948051,2026-08-17 06:36:10.564,1166.491944444444
Pulse experiments,pioreactor01,2026-08-17T00:51:15.575Z,0.602192613409,2026-08-17 06:36:15.575,1166.493333333333
Pulse experiments,pioreactor01,2026-08-17T00:51:20.559Z,0.60226953557,2026-08-17 06:36:20.559,1166.494722222222
Pulse experiments,pioreactor01,2026-08-17T00:51:25.559Z,0.602296380824,2026-08-17 06:36:25.559,1166.496111111111
Pulse experiments,pioreactor01,2026-08-17T00:51:30.561Z,0.602257277517,2026-08-17 06:36:30.561,1166.4975
Pulse experiments,pioreactor01,2026-08-17T00:51:35.570Z,0.602305570747,2026-08-17 06:36:35.570,1166.498888888889
Pulse experiments,pioreactor01,2026-08-17T00:51:40.567Z,0.602322771067,2026-08-17 06:36:40.567,1166.500277777778
Pulse experiments,pioreactor01,2026-08-17T00:51:45.562Z,0.602306135889,2026-08-17 06:36:45.562,1166.501666666667
Pulse experiments,pioreactor01,2026-08-17T00:51:50.558Z,0.602299852522,2026-08-17 06:36:50.558,1166.503055555556
Pulse experiments,pioreactor01,2026-08-17T00:51:55.561Z,0.602333747836,2026-08-17 06:36:55.561,1166.504444444445
Pulse experiments,pioreactor01,2026-08-17T00:52:00.559Z,0.602350895442,2026-08-17 06:37:00.559,1166.505833333333
Pulse experiments,pioreactor01,2026-08-17T00:52:05.580Z,0.602320586956,2026-08-17 06:37:05.580,1166.507222222222
Pulse experiments,pioreactor01,2026-08-17T00:52:10.569Z,0.602288525631,2026-08-17 06:37:10.569,1166.508611111111
Pulse experiments,pioreactor01,2026-08-17T00:52:15.573Z,0.602263490217,2026-08-17 06:37:15.573,1166.51
Pulse experiments,pioreactor01,2026-08-17T00:52:20.569Z,0.602244523358,2026-08-17 06:37:20.569,1166.511388888889
Pulse experiments,pioreactor01,2026-08-17T00:52:25.573Z,0.602215160833,2026-08-17 06:37:25.573,1166.512777777778
Pulse experiments,pioreactor01,2026-08-17T00:52:30.567Z,0.602193300945,2026-08-17 06:37:30.567,1166.514166666667
Pulse experiments,pioreactor01,2026-08-17T00:52:35.564Z,0.602188040442,2026-08-17 06:37:35.564,1166.515555555555
Pulse experiments,pioreactor01,2026-08-17T00:52:40.578Z,0.602200945432,2026-08-17 06:37:40.578,1166.516944444444
Pulse experiments,pioreactor01,2026-08-17T00:52:45.571Z,0.602218797483,2026-08-17 06:37:45.571,1166.518333333333
Pulse experiments,pioreactor01,2026-08-17T00:52:50.564Z,0.602238241477,2026-08-17 06:37:50.564,1166.519722222222
Pulse experiments,pioreactor01,2026-08-17T00:52:55.569Z,0.602237319604,2026-08-17 06:37:55.569,1166.521111111111
Pulse experiments,pioreactor01,2026-08-17T00:53:00.571Z,0.602204746765,2026-08-17 06:38:00.571,1166.5225
Pulse experiments,pioreactor01,2026-08-17T00:53:05.586Z,0.602176069528,2026-08-17 06:38:05.586,1166.523888888889
Pulse experiments,pioreactor01,2026-08-17T00:53:10.550Z,0.60215454371,2026-08-17 06:38:10.550,1166.525277777778
Pulse experiments,pioreactor01,2026-08-17T00:53:15.550Z,0.602185166861,2026-08-17 06:38:15.550,1166.526666666667
Pulse experiments,pioreactor01,2026-08-17T00:53:20.552Z,0.602219635207,2026-08-17 06:38:20.552,1166.528055555556
Pulse experiments,pioreactor01,2026-08-17T00:53:25.551Z,0.602234026444,2026-08-17 06:38:25.551,1166.529444444444
Pulse experiments,pioreactor01,2026-08-17T00:53:30.551Z,0.602213890279,2026-08-17 06:38:30.551,1166.530833333333
Pulse experiments,pioreactor01,2026-08-17T00:53:35.549Z,0.602208460007,2026-08-17 06:38:35.549,1166.532222222222
Pulse experiments,pioreactor01,2026-08-17T00:53:40.553Z,0.602184033272,2026-08-17 06:38:40.553,1166.533611111111
Pulse experiments,pioreactor01,2026-08-17T00:53:45.551Z,0.602207635161,2026-08-17 06:38:45.551,1166.535
Pulse experiments,pioreactor01,2026-08-17T00:53:50.551Z,0.602175715214,2026-08-17 06:38:50.551,1166.536388888889
Pulse experiments,pioreactor01,2026-08-17T00:53:55.550Z,0.602172644749,2026-08-17 06:38:55.550,1166.537777777778
Pulse experiments,pioreactor01,2026-08-17T00:54:00.550Z,0.602215603036,2026-08-17 06:39:00.550,1166.539166666667
Pulse experiments,pioreactor01,2026-08-17T00:54:05.551Z,0.602253059218,2026-08-17 06:39:05.551,1166.540555555556
Pulse experiments,pioreactor01,2026-08-17T00:54:10.552Z,0.602268680245,2026-08-17 06:39:10.552,1166.541944444444
Pulse experiments,pioreactor01,2026-08-17T00:54:15.552Z,0.602240423908,2026-08-17 06:39:15.552,1166.543333333333
Pulse experiments,pioreactor01,2026-08-17T00:54:20.549Z,0.602196400738,2026-08-17 06:39:20.549,1166.544722222222
Pulse experiments,pioreactor01,2026-08-17T00:54:25.551Z,0.602162534521,2026-08-17 06:39:25.551,1166.546111111111
Pulse experiments,pioreactor01,2026-08-17T00:54:30.552Z,0.602117966315,2026-08-17 06:39:30.552,1166.5475
Pulse experiments,pioreactor01,2026-08-17T00:54:35.551Z,0.602125827334,2026-08-17 06:39:35.551,1166.548888888889
Pulse experiments,pioreactor01,2026-08-17T00:54:40.552Z,0.602110738108,2026-08-17 06:39:40.552,1166.550277777778
Pulse experiments,pioreactor01,2026-08-17T00:54:45.552Z,0.602105128696,2026-08-17 06:39:45.552,1166.551666666667
Pulse experiments,pioreactor01,2026-08-17T00:54:50.550Z,0.602084489023,2026-08-17 06:39:50.550,1166.553055555556
Pulse experiments,pioreactor01,2026-08-17T00:54:55.555Z,0.602106182526,2026-08-17 06:39:55.555,1166.554444444444
Pulse experiments,pioreactor01,2026-08-17T00:55:00.550Z,0.602087153631,2026-08-17 06:40:00.550,1166.555833333333
Pulse experiments,pioreactor01,2026-08-17T00:55:05.554Z,0.602093974783,2026-08-17 06:40:05.554,1166.557222222222
Pulse experiments,pioreactor01,2026-08-17T00:55:10.551Z,0.602089660517,2026-08-17 06:40:10.551,1166.558611111111
Pulse experiments,pioreactor01,2026-08-17T00:55:15.552Z,0.602116106286,2026-08-17 06:40:15.552,1166.56
Pulse experiments,pioreactor01,2026-08-17T00:55:20.551Z,0.602088593616,2026-08-17 06:40:20.551,1166.561388888889
Pulse experiments,pioreactor01,2026-08-17T00:55:25.550Z,0.602125062104,2026-08-17 06:40:25.550,1166.562777777778
Pulse experiments,pioreactor01,2026-08-17T00:55:30.553Z,0.602126212799,2026-08-17 06:40:30.553,1166.564166666667
Pulse experiments,pioreactor01,2026-08-17T00:55:35.551Z,0.602090748945,2026-08-17 06:40:35.551,1166.565555555556
Pulse experiments,pioreactor01,2026-08-17T00:55:40.551Z,0.602053428901,2026-08-17 06:40:40.551,1166.566944444445
Pulse experiments,pioreactor01,2026-08-17T00:55:45.552Z,0.601992790254,2026-08-17 06:40:45.552,1166.568333333333
Pulse experiments,pioreactor01,2026-08-17T00:55:50.551Z,0.601936886045,2026-08-17 06:40:50.551,1166.569722222222
Pulse experiments,pioreactor01,2026-08-17T00:55:55.551Z,0.601900387559,2026-08-17 06:40:55.551,1166.571111111111
Pulse experiments,pioreactor01,2026-08-17T00:56:00.550Z,0.601855791566,2026-08-17 06:41:00.550,1166.5725
Pulse experiments,pioreactor01,2026-08-17T00:56:05.550Z,0.601805089105,2026-08-17 06:41:05.550,1166.573888888889
Pulse experiments,pioreactor01,2026-08-17T00:56:10.552Z,0.601774789242,2026-08-17 06:41:10.552,1166.575277777778
Pulse experiments,pioreactor01,2026-08-17T00:56:15.551Z,0.601746783094,2026-08-17 06:41:15.551,1166.576666666667
Pulse experiments,pioreactor01,2026-08-17T00:56:20.550Z,0.601707843102,2026-08-17 06:41:20.550,1166.578055555555
Pulse experiments,pioreactor01,2026-08-17T00:56:25.551Z,0.601656469002,2026-08-17 06:41:25.551,1166.579444444444
Pulse experiments,pioreactor01,2026-08-17T00:56:30.549Z,0.601634899688,2026-08-17 06:41:30.549,1166.580833333333
Pulse experiments,pioreactor01,2026-08-17T00:56:35.550Z,0.601610399498,2026-08-17 06:41:35.550,1166.582222222222
Pulse experiments,pioreactor01,2026-08-17T00:56:40.550Z,0.601580551373,2026-08-17 06:41:40.550,1166.583611111111
Pulse experiments,pioreactor01,2026-08-17T00:56:45.551Z,0.601533526212,2026-08-17 06:41:45.551,1166.585
Pulse experiments,pioreactor01,2026-08-17T00:56:50.550Z,0.601467592455,2026-08-17 06:41:50.550,1166.586388888889
Pulse experiments,pioreactor01,2026-08-17T00:56:55.550Z,0.601432277202,2026-08-17 06:41:55.550,1166.587777777778
Pulse experiments,pioreactor01,2026-08-17T00:57:05.551Z,0.601328040646,2026-08-17 06:42:05.551,1166.590555555556
Pulse experiments,pioreactor01,2026-08-17T00:57:10.551Z,0.601242300248,2026-08-17 06:42:10.551,1166.591944444444
Pulse experiments,pioreactor01,2026-08-17T00:57:15.549Z,0.601144620831,2026-08-17 06:42:15.549,1166.593333333333
Pulse experiments,pioreactor01,2026-08-17T00:57:20.549Z,0.601083775609,2026-08-17 06:42:20.549,1166.594722222222
Pulse experiments,pioreactor01,2026-08-17T00:57:25.551Z,0.60104310344,2026-08-17 06:42:25.551,1166.596111111111
Pulse experiments,pioreactor01,2026-08-17T00:57:30.555Z,0.601003487141,2026-08-17 06:42:30.555,1166.5975
Pulse experiments,pioreactor01,2026-08-17T00:57:35.550Z,0.600920159469,2026-08-17 06:42:35.550,1166.598888888889
Pulse experiments,pioreactor01,2026-08-17T00:57:40.550Z,0.600862780275,2026-08-17 06:42:40.550,1166.600277777778
Pulse experiments,pioreactor01,2026-08-17T00:57:45.550Z,0.600777782145,2026-08-17 06:42:45.550,1166.601666666667
Pulse experiments,pioreactor01,2026-08-17T00:57:50.551Z,0.60069742228,2026-08-17 06:42:50.551,1166.603055555556
Pulse experiments,pioreactor01,2026-08-17T00:57:55.549Z,0.600624108764,2026-08-17 06:42:55.549,1166.604444444444
Pulse experiments,pioreactor01,2026-08-17T00:58:00.551Z,0.600521358264,2026-08-17 06:43:00.551,1166.605833333333
Pulse experiments,pioreactor01,2026-08-17T00:58:05.553Z,0.600457307021,2026-08-17 06:43:05.553,1166.607222222222
Pulse experiments,pioreactor01,2026-08-17T00:58:10.550Z,0.600367973388,2026-08-17 06:43:10.550,1166.608611111111
Pulse experiments,pioreactor01,2026-08-17T00:58:15.551Z,0.600278808532,2026-08-17 06:43:15.551,1166.61
Pulse experiments,pioreactor01,2026-08-17T00:58:25.551Z,0.60012612084,2026-08-17 06:43:25.551,1166.612777777778
Pulse experiments,pioreactor01,2026-08-17T00:58:30.550Z,0.59998644481,2026-08-17 06:43:30.550,1166.614166666667
Pulse experiments,pioreactor01,2026-08-17T00:58:35.551Z,0.59983303878,2026-08-17 06:43:35.551,1166.615555555556
Pulse experiments,pioreactor01,2026-08-17T00:58:40.550Z,0.59971482143,2026-08-17 06:43:40.550,1166.616944444444
Pulse experiments,pioreactor01,2026-08-17T00:58:45.551Z,0.599622221406,2026-08-17 06:43:45.551,1166.618333333333
Pulse experiments,pioreactor01,2026-08-17T00:58:50.550Z,0.599538117671,2026-08-17 06:43:50.550,1166.619722222222
Pulse experiments,pioreactor01,2026-08-17T00:58:55.549Z,0.599475456311,2026-08-17 06:43:55.549,1166.621111111111
Pulse experiments,pioreactor01,2026-08-17T00:59:00.550Z,0.599421153691,2026-08-17 06:44:00.550,1166.6225
Pulse experiments,pioreactor01,2026-08-17T00:59:05.552Z,0.599399257785,2026-08-17 06:44:05.552,1166.623888888889
Pulse experiments,pioreactor01,2026-08-17T00:59:10.550Z,0.599345203111,2026-08-17 06:44:10.550,1166.625277777778
Pulse experiments,pioreactor01,2026-08-17T00:59:15.552Z,0.599262768258,2026-08-17 06:44:15.552,1166.626666666667
Pulse experiments,pioreactor01,2026-08-17T00:59:20.550Z,0.599154322981,2026-08-17 06:44:20.550,1166.628055555556
Pulse experiments,pioreactor01,2026-08-17T00:59:25.552Z,0.599023989296,2026-08-17 06:44:25.552,1166.629444444445
Pulse experiments,pioreactor01,2026-08-17T00:59:30.551Z,0.598921895099,2026-08-17 06:44:30.551,1166.630833333333
Pulse experiments,pioreactor01,2026-08-17T00:59:35.550Z,0.598834591676,2026-08-17 06:44:35.550,1166.632222222222
Pulse experiments,pioreactor01,2026-08-17T00:59:40.549Z,0.598758770599,2026-08-17 06:44:40.549,1166.633611111111
Pulse experiments,pioreactor01,2026-08-17T00:59:45.550Z,0.598693861942,2026-08-17 06:44:45.550,1166.635
Pulse experiments,pioreactor01,2026-08-17T00:59:50.550Z,0.59865309296,2026-08-17 06:44:50.550,1166.636388888889
Pulse experiments,pioreactor01,2026-08-17T00:59:55.552Z,0.59860104493,2026-08-17 06:44:55.552,1166.637777777778
Pulse experiments,pioreactor01,2026-08-17T01:00:00.551Z,0.598529904592,2026-08-17 06:45:00.551,1166.639166666667
Pulse experiments,pioreactor01,2026-08-17T01:00:05.550Z,0.598456341741,2026-08-17 06:45:05.550,1166.640555555555
Pulse experiments,pioreactor01,2026-08-17T01:00:15.552Z,0.598401394077,2026-08-17 06:45:15.552,1166.643333333333
Pulse experiments,pioreactor01,2026-08-17T01:00:20.551Z,0.598372327714,2026-08-17 06:45:20.551,1166.644722222222
Pulse experiments,pioreactor01,2026-08-17T01:00:25.549Z,0.598307259893,2026-08-17 06:45:25.549,1166.646111111111
Pulse experiments,pioreactor01,2026-08-17T01:00:30.550Z,0.598256322626,2026-08-17 06:45:30.550,1166.6475
Pulse experiments,pioreactor01,2026-08-17T01:00:35.552Z,0.598197622432,2026-08-17 06:45:35.552,1166.648888888889
Pulse experiments,pioreactor01,2026-08-17T01:00:40.550Z,0.598145122051,2026-08-17 06:45:40.550,1166.650277777778
Pulse experiments,pioreactor01,2026-08-17T01:00:45.552Z,0.598143619566,2026-08-17 06:45:45.552,1166.651666666667
Pulse experiments,pioreactor01,2026-08-17T01:00:50.550Z,0.598096025428,2026-08-17 06:45:50.550,1166.653055555556
Pulse experiments,pioreactor01,2026-08-17T01:00:55.550Z,0.598086304138,2026-08-17 06:45:55.550,1166.654444444444
Pulse experiments,pioreactor01,2026-08-17T01:01:00.551Z,0.598080596581,2026-08-17 06:46:00.551,1166.655833333333
Pulse experiments,pioreactor01,2026-08-17T01:01:05.549Z,0.598067467949,2026-08-17 06:46:05.549,1166.657222222222
Pulse experiments,pioreactor01,2026-08-17T01:01:10.550Z,0.598025834552,2026-08-17 06:46:10.550,1166.658611111111
Pulse experiments,pioreactor01,2026-08-17T01:01:20.553Z,0.597983791022,2026-08-17 06:46:20.553,1166.661388888889
Pulse experiments,pioreactor01,2026-08-17T01:01:25.550Z,0.597950769905,2026-08-17 06:46:25.550,1166.662777777778
Pulse experiments,pioreactor01,2026-08-17T01:01:30.551Z,0.597949765599,2026-08-17 06:46:30.551,1166.664166666667
Pulse experiments,pioreactor01,2026-08-17T01:01:35.549Z,0.597970015459,2026-08-17 06:46:35.549,1166.665555555556
Pulse experiments,pioreactor01,2026-08-17T01:01:40.551Z,0.59795700256,2026-08-17 06:46:40.551,1166.666944444444
Pulse experiments,pioreactor01,2026-08-17T01:01:45.549Z,0.59792108819,2026-08-17 06:46:45.549,1166.668333333333
Pulse experiments,pioreactor01,2026-08-17T01:01:50.552Z,0.597915016383,2026-08-17 06:46:50.552,1166.669722222222
Pulse experiments,pioreactor01,2026-08-17T01:01:55.550Z,0.597860086137,2026-08-17 06:46:55.550,1166.671111111111
Pulse experiments,pioreactor01,2026-08-17T01:02:00.549Z,0.59781187388,2026-08-17 06:47:00.549,1166.6725
Pulse experiments,pioreactor01,2026-08-17T01:02:05.552Z,0.597764303181,2026-08-17 06:47:05.552,1166.673888888889
Pulse experiments,pioreactor01,2026-08-17T01:02:10.549Z,0.597752290244,2026-08-17 06:47:10.549,1166.675277777778
Pulse experiments,pioreactor01,2026-08-17T01:02:15.549Z,0.597727276705,2026-08-17 06:47:15.549,1166.676666666667
Pulse experiments,pioreactor01,2026-08-17T01:02:20.549Z,0.597682681663,2026-08-17 06:47:20.549,1166.678055555556
Pulse experiments,pioreactor01,2026-08-17T01:02:25.550Z,0.597654528464,2026-08-17 06:47:25.550,1166.679444444444
Pulse experiments,pioreactor01,2026-08-17T01:02:30.551Z,0.59763115534,2026-08-17 06:47:30.551,1166.680833333333
Pulse experiments,pioreactor01,2026-08-17T01:02:35.551Z,0.59762349706,2026-08-17 06:47:35.551,1166.682222222222
Pulse experiments,pioreactor01,2026-08-17T01:02:40.550Z,0.597635512741,2026-08-17 06:47:40.550,1166.683611111111
Pulse experiments,pioreactor01,2026-08-17T01:02:45.551Z,0.597657599176,2026-08-17 06:47:45.551,1166.685
Pulse experiments,pioreactor01,2026-08-17T01:02:50.550Z,0.597627998969,2026-08-17 06:47:50.550,1166.686388888889
Pulse experiments,pioreactor01,2026-08-17T01:02:55.550Z,0.597596163948,2026-08-17 06:47:55.550,1166.687777777778
Pulse experiments,pioreactor01,2026-08-17T01:03:00.551Z,0.597569818405,2026-08-17 06:48:00.551,1166.689166666667
Pulse experiments,pioreactor01,2026-08-17T01:03:10.549Z,0.597528837744,2026-08-17 06:48:10.549,1166.691944444445
Pulse experiments,pioreactor01,2026-08-17T01:03:15.551Z,0.597525587489,2026-08-17 06:48:15.551,1166.693333333333
Pulse experiments,pioreactor01,2026-08-17T01:03:20.549Z,0.597523924285,2026-08-17 06:48:20.549,1166.694722222222
Pulse experiments,pioreactor01,2026-08-17T01:03:25.549Z,0.597485757094,2026-08-17 06:48:25.549,1166.696111111111
Pulse experiments,pioreactor01,2026-08-17T01:03:30.550Z,0.597470933221,2026-08-17 06:48:30.550,1166.6975
Pulse experiments,pioreactor01,2026-08-17T01:03:35.551Z,0.597442568072,2026-08-17 06:48:35.551,1166.698888888889
Pulse experiments,pioreactor01,2026-08-17T01:03:40.552Z,0.597456685622,2026-08-17 06:48:40.552,1166.700277777778
Pulse experiments,pioreactor01,2026-08-17T01:03:45.551Z,0.597442281817,2026-08-17 06:48:45.551,1166.701666666667
Pulse experiments,pioreactor01,2026-08-17T01:03:50.551Z,0.597454945639,2026-08-17 06:48:50.551,1166.703055555555
Pulse experiments,pioreactor01,2026-08-17T01:03:55.551Z,0.597422978851,2026-08-17 06:48:55.551,1166.704444444444
Pulse experiments,pioreactor01,2026-08-17T01:04:00.555Z,0.597410587967,2026-08-17 06:49:00.555,1166.705833333333
Pulse experiments,pioreactor01,2026-08-17T01:04:05.555Z,0.597415869782,2026-08-17 06:49:05.555,1166.707222222222
Pulse experiments,pioreactor01,2026-08-17T01:04:10.549Z,0.597426386976,2026-08-17 06:49:10.549,1166.708611111111
Pulse experiments,pioreactor01,2026-08-17T01:04:20.551Z,0.597434848893,2026-08-17 06:49:20.551,1166.711388888889
Pulse experiments,pioreactor01,2026-08-17T01:04:25.550Z,0.597460523374,2026-08-17 06:49:25.550,1166.712777777778
Pulse experiments,pioreactor01,2026-08-17T01:04:30.549Z,0.597468326317,2026-08-17 06:49:30.549,1166.714166666667
Pulse experiments,pioreactor01,2026-08-17T01:04:35.553Z,0.597475533071,2026-08-17 06:49:35.553,1166.715555555556
Pulse experiments,pioreactor01,2026-08-17T01:04:40.551Z,0.597505999727,2026-08-17 06:49:40.551,1166.716944444444
Pulse experiments,pioreactor01,2026-08-17T01:04:45.551Z,0.597492700717,2026-08-17 06:49:45.551,1166.718333333333
Pulse experiments,pioreactor01,2026-08-17T01:04:50.550Z,0.597468670382,2026-08-17 06:49:50.550,1166.719722222222
Pulse experiments,pioreactor01,2026-08-17T01:04:55.551Z,0.597434408929,2026-08-17 06:49:55.551,1166.721111111111
Pulse experiments,pioreactor01,2026-08-17T01:05:05.550Z,0.597385994277,2026-08-17 06:50:05.550,1166.723888888889
Pulse experiments,pioreactor01,2026-08-17T01:05:10.551Z,0.59734666989,2026-08-17 06:50:10.551,1166.725277777778
Pulse experiments,pioreactor01,2026-08-17T01:05:15.563Z,0.597265935384,2026-08-17 06:50:15.563,1166.726666666667
Pulse experiments,pioreactor01,2026-08-17T01:05:20.550Z,0.597213815265,2026-08-17 06:50:20.550,1166.728055555556
Pulse experiments,pioreactor01,2026-08-17T01:05:25.551Z,0.597168013591,2026-08-17 06:50:25.551,1166.729444444444
Pulse experiments,pioreactor01,2026-08-17T01:05:30.550Z,0.597133561141,2026-08-17 06:50:30.550,1166.730833333333
Pulse experiments,pioreactor01,2026-08-17T01:05:35.550Z,0.597088384522,2026-08-17 06:50:35.550,1166.732222222222
Pulse experiments,pioreactor01,2026-08-17T01:05:40.551Z,0.5970602859,2026-08-17 06:50:40.551,1166.733611111111
Pulse experiments,pioreactor01,2026-08-17T01:05:45.549Z,0.597007466209,2026-08-17 06:50:45.549,1166.735
Pulse experiments,pioreactor01,2026-08-17T01:05:50.550Z,0.597006445582,2026-08-17 06:50:50.550,1166.736388888889
Pulse experiments,pioreactor01,2026-08-17T01:05:55.550Z,0.59699827878,2026-08-17 06:50:55.550,1166.737777777778
Pulse experiments,pioreactor01,2026-08-17T01:06:00.552Z,0.596988554635,2026-08-17 06:51:00.552,1166.739166666667
Pulse experiments,pioreactor01,2026-08-17T01:06:05.551Z,0.597007516782,2026-08-17 06:51:05.551,1166.740555555556
Pulse experiments,pioreactor01,2026-08-17T01:06:10.552Z,0.597036019662,2026-08-17 06:51:10.552,1166.741944444444
Pulse experiments,pioreactor01,2026-08-17T01:06:15.551Z,0.597043872009,2026-08-17 06:51:15.551,1166.743333333333
Pulse experiments,pioreactor01,2026-08-17T01:06:20.550Z,0.597031716781,2026-08-17 06:51:20.550,1166.744722222222
Pulse experiments,pioreactor01,2026-08-17T01:06:25.549Z,0.597011632011,2026-08-17 06:51:25.549,1166.746111111111
Pulse experiments,pioreactor01,2026-08-17T01:06:30.550Z,0.597016570278,2026-08-17 06:51:30.550,1166.7475
Pulse experiments,pioreactor01,2026-08-17T01:06:35.551Z,0.596988855782,2026-08-17 06:51:35.551,1166.748888888889
Pulse experiments,pioreactor01,2026-08-17T01:06:40.550Z,0.596979762613,2026-08-17 06:51:40.550,1166.750277777778
Pulse experiments,pioreactor01,2026-08-17T01:06:45.551Z,0.596978240892,2026-08-17 06:51:45.551,1166.751666666667
Pulse experiments,pioreactor01,2026-08-17T01:06:50.551Z,0.596994714904,2026-08-17 06:51:50.551,1166.753055555556
Pulse experiments,pioreactor01,2026-08-17T01:06:55.550Z,0.596983603518,2026-08-17 06:51:55.550,1166.754444444445
Pulse experiments,pioreactor01,2026-08-17T01:07:00.549Z,0.596970376933,2026-08-17 06:52:00.549,1166.755833333333
Pulse experiments,pioreactor01,2026-08-17T01:07:05.550Z,0.596953350813,2026-08-17 06:52:05.550,1166.757222222222
Pulse experiments,pioreactor01,2026-08-17T01:07:10.551Z,0.59691500772,2026-08-17 06:52:10.551,1166.758611111111
Pulse experiments,pioreactor01,2026-08-17T01:07:15.551Z,0.596897337686,2026-08-17 06:52:15.551,1166.76
Pulse experiments,pioreactor01,2026-08-17T01:07:20.550Z,0.596897936281,2026-08-17 06:52:20.550,1166.761388888889
Pulse experiments,pioreactor01,2026-08-17T01:07:25.550Z,0.596864876524,2026-08-17 06:52:25.550,1166.762777777778
Pulse experiments,pioreactor01,2026-08-17T01:07:30.553Z,0.596851867855,2026-08-17 06:52:30.553,1166.764166666667
Pulse experiments,pioreactor01,2026-08-17T01:07:35.551Z,0.596804334533,2026-08-17 06:52:35.551,1166.765555555555
Pulse experiments,pioreactor01,2026-08-17T01:07:40.555Z,0.596791466454,2026-08-17 06:52:40.555,1166.766944444444
Pulse experiments,pioreactor01,2026-08-17T01:07:45.550Z,0.596781668073,2026-08-17 06:52:45.550,1166.768333333333
Pulse experiments,pioreactor01,2026-08-17T01:07:50.552Z,0.596757459528,2026-08-17 06:52:50.552,1166.769722222222
Pulse experiments,pioreactor01,2026-08-17T01:07:55.551Z,0.59674811142,2026-08-17 06:52:55.551,1166.771111111111
Pulse experiments,pioreactor01,2026-08-17T01:08:00.551Z,0.596726081483,2026-08-17 06:53:00.551,1166.7725
Pulse experiments,pioreactor01,2026-08-17T01:08:05.552Z,0.596689481923,2026-08-17 06:53:05.552,1166.773888888889
Pulse experiments,pioreactor01,2026-08-17T01:08:10.550Z,0.596657689267,2026-08-17 06:53:10.550,1166.775277777778
Pulse experiments,pioreactor01,2026-08-17T01:08:15.550Z,0.596648893934,2026-08-17 06:53:15.550,1166.776666666667
Pulse experiments,pioreactor01,2026-08-17T01:08:20.551Z,0.596656392775,2026-08-17 06:53:20.551,1166.778055555556
Pulse experiments,pioreactor01,2026-08-17T01:08:25.551Z,0.596664347874,2026-08-17 06:53:25.551,1166.779444444444
Pulse experiments,pioreactor01,2026-08-17T01:08:30.551Z,0.596679733603,2026-08-17 06:53:30.551,1166.780833333333
Pulse experiments,pioreactor01,2026-08-17T01:08:35.553Z,0.596666433418,2026-08-17 06:53:35.553,1166.782222222222
Pulse experiments,pioreactor01,2026-08-17T01:08:40.552Z,0.59665230897,2026-08-17 06:53:40.552,1166.783611111111
Pulse experiments,pioreactor01,2026-08-17T01:08:45.551Z,0.596628828779,2026-08-17 06:53:45.551,1166.785
Pulse experiments,pioreactor01,2026-08-17T01:08:50.552Z,0.596628514833,2026-08-17 06:53:50.552,1166.786388888889
Pulse experiments,pioreactor01,2026-08-17T01:08:55.556Z,0.59661425815,2026-08-17 06:53:55.556,1166.787777777778
Pulse experiments,pioreactor01,2026-08-17T01:09:00.550Z,0.596616178706,2026-08-17 06:54:00.550,1166.789166666667
Pulse experiments,pioreactor01,2026-08-17T01:09:05.551Z,0.59662910052,2026-08-17 06:54:05.551,1166.790555555556
Pulse experiments,pioreactor01,2026-08-17T01:09:10.551Z,0.596620971448,2026-08-17 06:54:10.551,1166.791944444444
Pulse experiments,pioreactor01,2026-08-17T01:09:15.552Z,0.596623788044,2026-08-17 06:54:15.552,1166.793333333333
Pulse experiments,pioreactor01,2026-08-17T01:09:20.549Z,0.596615854208,2026-08-17 06:54:20.549,1166.794722222222
Pulse experiments,pioreactor01,2026-08-17T01:09:25.551Z,0.596600047389,2026-08-17 06:54:25.551,1166.796111111111
Pulse experiments,pioreactor01,2026-08-17T01:09:30.551Z,0.596585528299,2026-08-17 06:54:30.551,1166.7975
Pulse experiments,pioreactor01,2026-08-17T01:09:35.550Z,0.596586970002,2026-08-17 06:54:35.550,1166.798888888889
Pulse experiments,pioreactor01,2026-08-17T01:09:40.549Z,0.596586345708,2026-08-17 06:54:40.549,1166.800277777778
Pulse experiments,pioreactor01,2026-08-17T01:09:45.548Z,0.596557000028,2026-08-17 06:54:45.548,1166.801666666667
Pulse experiments,pioreactor01,2026-08-17T01:09:50.551Z,0.596524946237,2026-08-17 06:54:50.551,1166.803055555556
Pulse experiments,pioreactor01,2026-08-17T01:09:55.549Z,0.596514073874,2026-08-17 06:54:55.549,1166.804444444444
Pulse experiments,pioreactor01,2026-08-17T01:10:00.551Z,0.596500178384,2026-08-17 06:55:00.551,1166.805833333333
Pulse experiments,pioreactor01,2026-08-17T01:10:05.551Z,0.596518585838,2026-08-17 06:55:05.551,1166.807222222222
Pulse experiments,pioreactor01,2026-08-17T01:10:10.551Z,0.596543878651,2026-08-17 06:55:10.551,1166.808611111111
Pulse experiments,pioreactor01,2026-08-17T01:10:15.552Z,0.596538096831,2026-08-17 06:55:15.552,1166.81
Pulse experiments,pioreactor01,2026-08-17T01:10:20.550Z,0.596528570751,2026-08-17 06:55:20.550,1166.811388888889
Pulse experiments,pioreactor01,2026-08-17T01:10:25.550Z,0.596494898679,2026-08-17 06:55:25.550,1166.812777777778
Pulse experiments,pioreactor01,2026-08-17T01:10:30.550Z,0.59648326434,2026-08-17 06:55:30.550,1166.814166666667
Pulse experiments,pioreactor01,2026-08-17T01:10:35.553Z,0.59644501712,2026-08-17 06:55:35.553,1166.815555555556
Pulse experiments,pioreactor01,2026-08-17T01:10:40.551Z,0.596428551641,2026-08-17 06:55:40.551,1166.816944444445
Pulse experiments,pioreactor01,2026-08-17T01:10:45.550Z,0.596408703065,2026-08-17 06:55:45.550,1166.818333333333
Pulse experiments,pioreactor01,2026-08-17T01:10:50.549Z,0.596403891319,2026-08-17 06:55:50.549,1166.819722222222
Pulse experiments,pioreactor01,2026-08-17T01:10:55.551Z,0.596417741249,2026-08-17 06:55:55.551,1166.821111111111
Pulse experiments,pioreactor01,2026-08-17T01:11:00.553Z,0.596433343331,2026-08-17 06:56:00.553,1166.8225
Pulse experiments,pioreactor01,2026-08-17T01:11:05.549Z,0.596420940695,2026-08-17 06:56:05.549,1166.823888888889
Pulse experiments,pioreactor01,2026-08-17T01:11:10.551Z,0.596397472594,2026-08-17 06:56:10.551,1166.825277777778
Pulse experiments,pioreactor01,2026-08-17T01:11:15.550Z,0.596396167239,2026-08-17 06:56:15.550,1166.826666666667
Pulse experiments,pioreactor01,2026-08-17T01:11:20.549Z,0.596390866298,2026-08-17 06:56:20.549,1166.828055555555
Pulse experiments,pioreactor01,2026-08-17T01:11:25.552Z,0.596344622047,2026-08-17 06:56:25.552,1166.829444444444
Pulse experiments,pioreactor01,2026-08-17T01:11:30.551Z,0.596321665983,2026-08-17 06:56:30.551,1166.830833333333
Pulse experiments,pioreactor01,2026-08-17T01:11:35.550Z,0.596300711889,2026-08-17 06:56:35.550,1166.832222222222
Pulse experiments,pioreactor01,2026-08-17T01:11:40.550Z,0.596282466679,2026-08-17 06:56:40.550,1166.833611111111
Pulse experiments,pioreactor01,2026-08-17T01:11:45.550Z,0.596281864449,2026-08-17 06:56:45.550,1166.835
Pulse experiments,pioreactor01,2026-08-17T01:11:50.549Z,0.596295007257,2026-08-17 06:56:50.549,1166.836388888889
Pulse experiments,pioreactor01,2026-08-17T01:11:55.551Z,0.596266230212,2026-08-17 06:56:55.551,1166.837777777778
Pulse experiments,pioreactor01,2026-08-17T01:12:00.551Z,0.596266788708,2026-08-17 06:57:00.551,1166.839166666667
Pulse experiments,pioreactor01,2026-08-17T01:12:05.551Z,0.596277758824,2026-08-17 06:57:05.551,1166.840555555556
Pulse experiments,pioreactor01,2026-08-17T01:12:10.550Z,0.596300305807,2026-08-17 06:57:10.550,1166.841944444444
Pulse experiments,pioreactor01,2026-08-17T01:12:15.550Z,0.596311069927,2026-08-17 06:57:15.550,1166.843333333333
Pulse experiments,pioreactor01,2026-08-17T01:12:20.556Z,0.596331805339,2026-08-17 06:57:20.556,1166.844722222222
Pulse experiments,pioreactor01,2026-08-17T01:12:30.551Z,0.596301668552,2026-08-17 06:57:30.551,1166.8475
Pulse experiments,pioreactor01,2026-08-17T01:12:35.552Z,0.596284916108,2026-08-17 06:57:35.552,1166.848888888889
Pulse experiments,pioreactor01,2026-08-17T01:12:40.551Z,0.596257446669,2026-08-17 06:57:40.551,1166.850277777778
Pulse experiments,pioreactor01,2026-08-17T01:12:45.551Z,0.596243559381,2026-08-17 06:57:45.551,1166.851666666667
Pulse experiments,pioreactor01,2026-08-17T01:12:50.551Z,0.596237565286,2026-08-17 06:57:50.551,1166.853055555556
Pulse experiments,pioreactor01,2026-08-17T01:12:55.550Z,0.596210399876,2026-08-17 06:57:55.550,1166.854444444444
Pulse experiments,pioreactor01,2026-08-17T01:13:00.550Z,0.596194926357,2026-08-17 06:58:00.550,1166.855833333333
Pulse experiments,pioreactor01,2026-08-17T01:13:05.550Z,0.596190418438,2026-08-17 06:58:05.550,1166.857222222222
Pulse experiments,pioreactor01,2026-08-17T01:13:10.551Z,0.596164394987,2026-08-17 06:58:10.551,1166.858611111111
Pulse experiments,pioreactor01,2026-08-17T01:13:15.550Z,0.596149806339,2026-08-17 06:58:15.550,1166.86
Pulse experiments,pioreactor01,2026-08-17T01:13:20.550Z,0.596127613953,2026-08-17 06:58:20.550,1166.861388888889
Pulse experiments,pioreactor01,2026-08-17T01:13:25.549Z,0.596147121831,2026-08-17 06:58:25.549,1166.862777777778
Pulse experiments,pioreactor01,2026-08-17T01:13:30.550Z,0.596142037016,2026-08-17 06:58:30.550,1166.864166666667
Pulse experiments,pioreactor01,2026-08-17T01:13:40.551Z,0.596122596882,2026-08-17 06:58:40.551,1166.866944444444
Pulse experiments,pioreactor01,2026-08-17T01:13:45.549Z,0.596118053788,2026-08-17 06:58:45.549,1166.868333333333
Pulse experiments,pioreactor01,2026-08-17T01:13:50.551Z,0.596112288735,2026-08-17 06:58:50.551,1166.869722222222
Pulse experiments,pioreactor01,2026-08-17T01:13:55.550Z,0.596107144072,2026-08-17 06:58:55.550,1166.871111111111
Pulse experiments,pioreactor01,2026-08-17T01:14:00.549Z,0.596119781183,2026-08-17 06:59:00.549,1166.8725
Pulse experiments,pioreactor01,2026-08-17T01:14:05.552Z,0.596136841586,2026-08-17 06:59:05.552,1166.873888888889
Pulse experiments,pioreactor01,2026-08-17T01:14:10.552Z,0.596144199446,2026-08-17 06:59:10.552,1166.875277777778
Pulse experiments,pioreactor01,2026-08-17T01:14:15.550Z,0.596156120622,2026-08-17 06:59:15.550,1166.876666666667
Pulse experiments,pioreactor01,2026-08-17T01:14:25.551Z,0.596131600902,2026-08-17 06:59:25.551,1166.879444444445
Pulse experiments,pioreactor01,2026-08-17T01:14:30.551Z,0.596143190647,2026-08-17 06:59:30.551,1166.880833333333
Pulse experiments,pioreactor01,2026-08-17T01:14:35.550Z,0.596144647051,2026-08-17 06:59:35.550,1166.882222222222
Pulse experiments,pioreactor01,2026-08-17T01:14:40.551Z,0.596128393671,2026-08-17 06:59:40.551,1166.883611111111
Pulse experiments,pioreactor01,2026-08-17T01:14:45.553Z,0.596129071384,2026-08-17 06:59:45.553,1166.885
Pulse experiments,pioreactor01,2026-08-17T01:14:50.550Z,0.596145814248,2026-08-17 06:59:50.550,1166.886388888889
Pulse experiments,pioreactor01,2026-08-17T01:14:55.551Z,0.596157033661,2026-08-17 06:59:55.551,1166.887777777778
Pulse experiments,pioreactor01,2026-08-17T01:15:00.550Z,0.596150345897,2026-08-17 07:00:00.550,1166.889166666667
Pulse experiments,pioreactor01,2026-08-17T01:15:05.551Z,0.596170106285,2026-08-17 07:00:05.551,1166.890555555555
Pulse experiments,pioreactor01,2026-08-17T01:15:10.553Z,0.596149780456,2026-08-17 07:00:10.553,1166.891944444444
Pulse experiments,pioreactor01,2026-08-17T01:15:15.551Z,0.596154442705,2026-08-17 07:00:15.551,1166.893333333333
Pulse experiments,pioreactor01,2026-08-17T01:15:20.550Z,0.596178958377,2026-08-17 07:00:20.550,1166.894722222222
Pulse experiments,pioreactor01,2026-08-17T01:15:25.551Z,0.596167771636,2026-08-17 07:00:25.551,1166.896111111111
Pulse experiments,pioreactor01,2026-08-17T01:15:30.550Z,0.596154365846,2026-08-17 07:00:30.550,1166.8975
Pulse experiments,pioreactor01,2026-08-17T01:15:35.549Z,0.596160138663,2026-08-17 07:00:35.549,1166.898888888889
Pulse experiments,pioreactor01,2026-08-17T01:15:40.549Z,0.596162836645,2026-08-17 07:00:40.549,1166.900277777778
Pulse experiments,pioreactor01,2026-08-17T01:15:45.550Z,0.5961584845,2026-08-17 07:00:45.550,1166.901666666667
Pulse experiments,pioreactor01,2026-08-17T01:15:50.551Z,0.596167109659,2026-08-17 07:00:50.551,1166.903055555556
Pulse experiments,pioreactor01,2026-08-17T01:15:55.549Z,0.596169127146,2026-08-17 07:00:55.549,1166.904444444444
Pulse experiments,pioreactor01,2026-08-17T01:16:00.552Z,0.596167858155,2026-08-17 07:01:00.552,1166.905833333333
Pulse experiments,pioreactor01,2026-08-17T01:16:05.553Z,0.596130949155,2026-08-17 07:01:05.553,1166.907222222222
Pulse experiments,pioreactor01,2026-08-17T01:16:10.549Z,0.596131113157,2026-08-17 07:01:10.549,1166.908611111111
Pulse experiments,pioreactor01,2026-08-17T01:16:15.551Z,0.596137634822,2026-08-17 07:01:15.551,1166.91
Pulse experiments,pioreactor01,2026-08-17T01:16:25.551Z,0.596124661148,2026-08-17 07:01:25.551,1166.912777777778
Pulse experiments,pioreactor01,2026-08-17T01:16:30.551Z,0.596131929605,2026-08-17 07:01:30.551,1166.914166666667
Pulse experiments,pioreactor01,2026-08-17T01:16:35.553Z,0.596146281592,2026-08-17 07:01:35.553,1166.915555555556
Pulse experiments,pioreactor01,2026-08-17T01:16:40.550Z,0.596123719956,2026-08-17 07:01:40.550,1166.916944444444
Pulse experiments,pioreactor01,2026-08-17T01:16:45.550Z,0.596107313602,2026-08-17 07:01:45.550,1166.918333333333
Pulse experiments,pioreactor01,2026-08-17T01:16:50.550Z,0.596101288789,2026-08-17 07:01:50.550,1166.919722222222
Pulse experiments,pioreactor01,2026-08-17T01:16:55.550Z,0.59610253474,2026-08-17 07:01:55.550,1166.921111111111
Pulse experiments,pioreactor01,2026-08-17T01:17:00.551Z,0.59608241418,2026-08-17 07:02:00.551,1166.9225
Pulse experiments,pioreactor01,2026-08-17T01:17:05.549Z,0.596086955933,2026-08-17 07:02:05.549,1166.923888888889
Pulse experiments,pioreactor01,2026-08-17T01:17:10.554Z,0.596082442101,2026-08-17 07:02:10.554,1166.925277777778
Pulse experiments,pioreactor01,2026-08-17T01:17:15.551Z,0.596082734031,2026-08-17 07:02:15.551,1166.926666666667
Pulse experiments,pioreactor01,2026-08-17T01:17:20.552Z,0.596105126206,2026-08-17 07:02:20.552,1166.928055555556
Pulse experiments,pioreactor01,2026-08-17T01:17:25.549Z,0.596100322066,2026-08-17 07:02:25.549,1166.929444444444
Pulse experiments,pioreactor01,2026-08-17T01:17:30.553Z,0.596110502119,2026-08-17 07:02:30.553,1166.930833333333
Pulse experiments,pioreactor01,2026-08-17T01:17:35.550Z,0.596117533182,2026-08-17 07:02:35.550,1166.932222222222
Pulse experiments,pioreactor01,2026-08-17T01:17:40.550Z,0.596141882973,2026-08-17 07:02:40.550,1166.933611111111
Pulse experiments,pioreactor01,2026-08-17T01:17:45.552Z,0.596134168536,2026-08-17 07:02:45.552,1166.935
Pulse experiments,pioreactor01,2026-08-17T01:17:50.551Z,0.596133992135,2026-08-17 07:02:50.551,1166.936388888889
Pulse experiments,pioreactor01,2026-08-17T01:17:55.550Z,0.596122696673,2026-08-17 07:02:55.550,1166.937777777778
Pulse experiments,pioreactor01,2026-08-17T01:18:00.550Z,0.596141633082,2026-08-17 07:03:00.550,1166.939166666667
Pulse experiments,pioreactor01,2026-08-17T01:18:05.549Z,0.596157838744,2026-08-17 07:03:05.549,1166.940555555556
Pulse experiments,pioreactor01,2026-08-17T01:18:10.550Z,0.596187061937,2026-08-17 07:03:10.550,1166.941944444445
Pulse experiments,pioreactor01,2026-08-17T01:18:15.549Z,0.596170977318,2026-08-17 07:03:15.549,1166.943333333333
Pulse experiments,pioreactor01,2026-08-17T01:18:20.550Z,0.59615777103,2026-08-17 07:03:20.550,1166.944722222222
Pulse experiments,pioreactor01,2026-08-17T01:18:25.549Z,0.596173524977,2026-08-17 07:03:25.549,1166.946111111111
Pulse experiments,pioreactor01,2026-08-17T01:18:35.550Z,0.596174780779,2026-08-17 07:03:35.550,1166.948888888889
Pulse experiments,pioreactor01,2026-08-17T01:18:40.551Z,0.596193428561,2026-08-17 07:03:40.551,1166.950277777778
Pulse experiments,pioreactor01,2026-08-17T01:18:45.550Z,0.596200204173,2026-08-17 07:03:45.550,1166.951666666667
Pulse experiments,pioreactor01,2026-08-17T01:18:50.550Z,0.596206441906,2026-08-17 07:03:50.550,1166.953055555555
Pulse experiments,pioreactor01,2026-08-17T01:18:55.549Z,0.596213238464,2026-08-17 07:03:55.549,1166.954444444444
Pulse experiments,pioreactor01,2026-08-17T01:19:00.551Z,0.596200289668,2026-08-17 07:04:00.551,1166.955833333333
Pulse experiments,pioreactor01,2026-08-17T01:19:05.551Z,0.596187637603,2026-08-17 07:04:05.551,1166.957222222222
Pulse experiments,pioreactor01,2026-08-17T01:19:10.550Z,0.596187106641,2026-08-17 07:04:10.550,1166.958611111111
Pulse experiments,pioreactor01,2026-08-17T01:19:15.549Z,0.596215852637,2026-08-17 07:04:15.549,1166.96
Pulse experiments,pioreactor01,2026-08-17T01:19:20.550Z,0.596239572902,2026-08-17 07:04:20.550,1166.961388888889
Pulse experiments,pioreactor01,2026-08-17T01:19:25.550Z,0.596258933894,2026-08-17 07:04:25.550,1166.962777777778
Pulse experiments,pioreactor01,2026-08-17T01:19:30.550Z,0.596264041268,2026-08-17 07:04:30.550,1166.964166666667
Pulse experiments,pioreactor01,2026-08-17T01:19:40.551Z,0.596280312761,2026-08-17 07:04:40.551,1166.966944444444
Pulse experiments,pioreactor01,2026-08-17T01:19:45.551Z,0.596312421456,2026-08-17 07:04:45.551,1166.968333333333
Pulse experiments,pioreactor01,2026-08-17T01:19:55.554Z,0.59631599646,2026-08-17 07:04:55.554,1166.971111111111
Pulse experiments,pioreactor01,2026-08-17T01:20:00.551Z,0.59632910158,2026-08-17 07:05:00.551,1166.9725
Pulse experiments,pioreactor01,2026-08-17T01:20:05.550Z,0.596355717241,2026-08-17 07:05:05.550,1166.973888888889
Pulse experiments,pioreactor01,2026-08-17T01:20:10.552Z,0.596370084082,2026-08-17 07:05:10.552,1166.975277777778
Pulse experiments,pioreactor01,2026-08-17T01:20:15.552Z,0.5964118008,2026-08-17 07:05:15.552,1166.976666666667
Pulse experiments,pioreactor01,2026-08-17T01:20:25.549Z,0.596396705302,2026-08-17 07:05:25.549,1166.979444444444
Pulse experiments,pioreactor01,2026-08-17T01:20:30.551Z,0.596387393342,2026-08-17 07:05:30.551,1166.980833333333
Pulse experiments,pioreactor01,2026-08-17T01:20:35.551Z,0.596419143069,2026-08-17 07:05:35.551,1166.982222222222
Pulse experiments,pioreactor01,2026-08-17T01:20:40.550Z,0.596436707261,2026-08-17 07:05:40.550,1166.983611111111
Pulse experiments,pioreactor01,2026-08-17T01:20:45.549Z,0.596455788592,2026-08-17 07:05:45.549,1166.985
Pulse experiments,pioreactor01,2026-08-17T01:20:50.550Z,0.596469849735,2026-08-17 07:05:50.550,1166.986388888889
Pulse experiments,pioreactor01,2026-08-17T01:20:55.549Z,0.596481910498,2026-08-17 07:05:55.549,1166.987777777778
Pulse experiments,pioreactor01,2026-08-17T01:21:00.551Z,0.59646021864,2026-08-17 07:06:00.551,1166.989166666667
Pulse experiments,pioreactor01,2026-08-17T01:21:05.551Z,0.596454045553,2026-08-17 07:06:05.551,1166.990555555556
Pulse experiments,pioreactor01,2026-08-17T01:21:10.551Z,0.596457144265,2026-08-17 07:06:10.551,1166.991944444444
Pulse experiments,pioreactor01,2026-08-17T01:21:15.549Z,0.596488766172,2026-08-17 07:06:15.549,1166.993333333333
Pulse experiments,pioreactor01,2026-08-17T01:21:20.551Z,0.596479874537,2026-08-17 07:06:20.551,1166.994722222222
Pulse experiments,pioreactor01,2026-08-17T01:21:25.552Z,0.596461550081,2026-08-17 07:06:25.552,1166.996111111111
Pulse experiments,pioreactor01,2026-08-17T01:21:30.551Z,0.596461199949,2026-08-17 07:06:30.551,1166.9975
Pulse experiments,pioreactor01,2026-08-17T01:21:35.550Z,0.596464827953,2026-08-17 07:06:35.550,1166.998888888889
Pulse experiments,pioreactor01,2026-08-17T01:21:40.551Z,0.596497304771,2026-08-17 07:06:40.551,1167.000277777778
Pulse experiments,pioreactor01,2026-08-17T01:21:45.553Z,0.596533335281,2026-08-17 07:06:45.553,1167.001666666667
Pulse experiments,pioreactor01,2026-08-17T01:21:50.552Z,0.596563848334,2026-08-17 07:06:50.552,1167.003055555556
Pulse experiments,pioreactor01,2026-08-17T01:21:55.551Z,0.596584797972,2026-08-17 07:06:55.551,1167.004444444445
Pulse experiments,pioreactor01,2026-08-17T01:22:00.550Z,0.596619453705,2026-08-17 07:07:00.550,1167.005833333333
Pulse experiments,pioreactor01,2026-08-17T01:22:05.550Z,0.596634741565,2026-08-17 07:07:05.550,1167.007222222222
Pulse experiments,pioreactor01,2026-08-17T01:22:10.550Z,0.596649951243,2026-08-17 07:07:10.550,1167.008611111111
Pulse experiments,pioreactor01,2026-08-17T01:22:15.551Z,0.596663504028,2026-08-17 07:07:15.551,1167.01
Pulse experiments,pioreactor01,2026-08-17T01:22:20.552Z,0.59667332823,2026-08-17 07:07:20.552,1167.011388888889
Pulse experiments,pioreactor01,2026-08-17T01:22:25.552Z,0.596683677233,2026-08-17 07:07:25.552,1167.012777777778
Pulse experiments,pioreactor01,2026-08-17T01:22:30.552Z,0.596683368701,2026-08-17 07:07:30.552,1167.014166666667
Pulse experiments,pioreactor01,2026-08-17T01:22:35.552Z,0.596685707707,2026-08-17 07:07:35.552,1167.015555555555
Pulse experiments,pioreactor01,2026-08-17T01:22:40.550Z,0.596709299362,2026-08-17 07:07:40.550,1167.016944444444
Pulse experiments,pioreactor01,2026-08-17T01:22:45.550Z,0.596720228908,2026-08-17 07:07:45.550,1167.018333333333
Pulse experiments,pioreactor01,2026-08-17T01:22:50.550Z,0.59674550587,2026-08-17 07:07:50.550,1167.019722222222
Pulse experiments,pioreactor01,2026-08-17T01:22:55.551Z,0.596753481873,2026-08-17 07:07:55.551,1167.021111111111
Pulse experiments,pioreactor01,2026-08-17T01:23:00.551Z,0.596788939936,2026-08-17 07:08:00.551,1167.0225
Pulse experiments,pioreactor01,2026-08-17T01:23:05.549Z,0.596818654564,2026-08-17 07:08:05.549,1167.023888888889
Pulse experiments,pioreactor01,2026-08-17T01:23:15.550Z,0.596845950479,2026-08-17 07:08:15.550,1167.026666666667
Pulse experiments,pioreactor01,2026-08-17T01:23:20.550Z,0.596870161724,2026-08-17 07:08:20.550,1167.028055555556
Pulse experiments,pioreactor01,2026-08-17T01:23:25.549Z,0.59687803872,2026-08-17 07:08:25.549,1167.029444444444
Pulse experiments,pioreactor01,2026-08-17T01:23:30.551Z,0.596905751137,2026-08-17 07:08:30.551,1167.030833333333
Pulse experiments,pioreactor01,2026-08-17T01:23:35.550Z,0.596938220707,2026-08-17 07:08:35.550,1167.032222222222
Pulse experiments,pioreactor01,2026-08-17T01:23:40.552Z,0.596959791649,2026-08-17 07:08:40.552,1167.033611111111
Pulse experiments,pioreactor01,2026-08-17T01:23:45.552Z,0.596981124364,2026-08-17 07:08:45.552,1167.035
Pulse experiments,pioreactor01,2026-08-17T01:23:50.551Z,0.597007692067,2026-08-17 07:08:50.551,1167.036388888889
Pulse experiments,pioreactor01,2026-08-17T01:23:55.550Z,0.597020750056,2026-08-17 07:08:55.550,1167.037777777778
Pulse experiments,pioreactor01,2026-08-17T01:24:00.549Z,0.597029344416,2026-08-17 07:09:00.549,1167.039166666667
Pulse experiments,pioreactor01,2026-08-17T01:24:05.549Z,0.597053338307,2026-08-17 07:09:05.549,1167.040555555556
Pulse experiments,pioreactor01,2026-08-17T01:24:10.550Z,0.59706582207,2026-08-17 07:09:10.550,1167.041944444444
Pulse experiments,pioreactor01,2026-08-17T01:24:15.549Z,0.597074099439,2026-08-17 07:09:15.549,1167.043333333333
Pulse experiments,pioreactor01,2026-08-17T01:24:20.550Z,0.597063419376,2026-08-17 07:09:20.550,1167.044722222222
Pulse experiments,pioreactor01,2026-08-17T01:24:25.551Z,0.597057322916,2026-08-17 07:09:25.551,1167.046111111111
Pulse experiments,pioreactor01,2026-08-17T01:24:30.554Z,0.59709828884,2026-08-17 07:09:30.554,1167.0475
Pulse experiments,pioreactor01,2026-08-17T01:24:35.551Z,0.597125656038,2026-08-17 07:09:35.551,1167.048888888889
Pulse experiments,pioreactor01,2026-08-17T01:24:40.549Z,0.597134876643,2026-08-17 07:09:40.549,1167.050277777778
Pulse experiments,pioreactor01,2026-08-17T01:24:45.551Z,0.597143598503,2026-08-17 07:09:45.551,1167.051666666667
Pulse experiments,pioreactor01,2026-08-17T01:24:50.550Z,0.59715878013,2026-08-17 07:09:50.550,1167.053055555556
Pulse experiments,pioreactor01,2026-08-17T01:24:55.550Z,0.597155118836,2026-08-17 07:09:55.550,1167.054444444444
Pulse experiments,pioreactor01,2026-08-17T01:25:00.550Z,0.597151859891,2026-08-17 07:10:00.550,1167.055833333333
Pulse experiments,pioreactor01,2026-08-17T01:25:05.551Z,0.597147042044,2026-08-17 07:10:05.551,1167.057222222222
Pulse experiments,pioreactor01,2026-08-17T01:25:10.550Z,0.597142085483,2026-08-17 07:10:10.550,1167.058611111111
Pulse experiments,pioreactor01,2026-08-17T01:25:15.553Z,0.597129493237,2026-08-17 07:10:15.553,1167.06
Pulse experiments,pioreactor01,2026-08-17T01:25:20.551Z,0.597125330061,2026-08-17 07:10:20.551,1167.061388888889
Pulse experiments,pioreactor01,2026-08-17T01:25:25.551Z,0.597118735133,2026-08-17 07:10:25.551,1167.062777777778
Pulse experiments,pioreactor01,2026-08-17T01:25:30.550Z,0.59710462481,2026-08-17 07:10:30.550,1167.064166666667
Pulse experiments,pioreactor01,2026-08-17T01:25:40.553Z,0.597116505114,2026-08-17 07:10:40.553,1167.066944444445
Pulse experiments,pioreactor01,2026-08-17T01:25:45.552Z,0.597124247315,2026-08-17 07:10:45.552,1167.068333333333
Pulse experiments,pioreactor01,2026-08-17T01:25:50.551Z,0.597136947635,2026-08-17 07:10:50.551,1167.069722222222
Pulse experiments,pioreactor01,2026-08-17T01:25:55.551Z,0.597137244238,2026-08-17 07:10:55.551,1167.071111111111
Pulse experiments,pioreactor01,2026-08-17T01:26:00.551Z,0.597141331485,2026-08-17 07:11:00.551,1167.0725
Pulse experiments,pioreactor01,2026-08-17T01:26:05.553Z,0.597155997343,2026-08-17 07:11:05.553,1167.073888888889
Pulse experiments,pioreactor01,2026-08-17T01:26:10.550Z,0.597189742215,2026-08-17 07:11:10.550,1167.075277777778
Pulse experiments,pioreactor01,2026-08-17T01:26:20.549Z,0.597201192787,2026-08-17 07:11:20.549,1167.078055555555
Pulse experiments,pioreactor01,2026-08-17T01:26:25.550Z,0.597242564466,2026-08-17 07:11:25.550,1167.079444444444
Pulse experiments,pioreactor01,2026-08-17T01:26:30.550Z,0.597281362301,2026-08-17 07:11:30.550,1167.080833333333
Pulse experiments,pioreactor01,2026-08-17T01:26:35.550Z,0.597316859452,2026-08-17 07:11:35.550,1167.082222222222
Pulse experiments,pioreactor01,2026-08-17T01:26:40.550Z,0.597352788782,2026-08-17 07:11:40.550,1167.083611111111
Pulse experiments,pioreactor01,2026-08-17T01:26:45.552Z,0.597374687878,2026-08-17 07:11:45.552,1167.085
Pulse experiments,pioreactor01,2026-08-17T01:26:50.549Z,0.597399858481,2026-08-17 07:11:50.549,1167.086388888889
Pulse experiments,pioreactor01,2026-08-17T01:26:55.551Z,0.597413378654,2026-08-17 07:11:55.551,1167.087777777778
Pulse experiments,pioreactor01,2026-08-17T01:27:00.551Z,0.597438345235,2026-08-17 07:12:00.551,1167.089166666667
Pulse experiments,pioreactor01,2026-08-17T01:27:05.548Z,0.597473897077,2026-08-17 07:12:05.548,1167.090555555556
Pulse experiments,pioreactor01,2026-08-17T01:27:10.550Z,0.597479077015,2026-08-17 07:12:10.550,1167.091944444444
Pulse experiments,pioreactor01,2026-08-17T01:27:15.550Z,0.597498072912,2026-08-17 07:12:15.550,1167.093333333333
Pulse experiments,pioreactor01,2026-08-17T01:27:20.551Z,0.597520821358,2026-08-17 07:12:20.551,1167.094722222222
Pulse experiments,pioreactor01,2026-08-17T01:27:25.551Z,0.597575683706,2026-08-17 07:12:25.551,1167.096111111111
Pulse experiments,pioreactor01,2026-08-17T01:27:30.550Z,0.597595971185,2026-08-17 07:12:30.550,1167.0975
Pulse experiments,pioreactor01,2026-08-17T01:27:35.550Z,0.597622177503,2026-08-17 07:12:35.550,1167.098888888889
Pulse experiments,pioreactor01,2026-08-17T01:27:40.550Z,0.597651719401,2026-08-17 07:12:40.550,1167.100277777778
Pulse experiments,pioreactor01,2026-08-17T01:27:45.550Z,0.597679558332,2026-08-17 07:12:45.550,1167.101666666667
Pulse experiments,pioreactor01,2026-08-17T01:27:50.551Z,0.597692165391,2026-08-17 07:12:50.551,1167.103055555556
Pulse experiments,pioreactor01,2026-08-17T01:27:55.549Z,0.597701590281,2026-08-17 07:12:55.549,1167.104444444444
Pulse experiments,pioreactor01,2026-08-17T01:28:05.550Z,0.597713805992,2026-08-17 07:13:05.550,1167.107222222222
Pulse experiments,pioreactor01,2026-08-17T01:28:10.549Z,0.597743833447,2026-08-17 07:13:10.549,1167.108611111111
Pulse experiments,pioreactor01,2026-08-17T01:28:15.553Z,0.597760313045,2026-08-17 07:13:15.553,1167.11
Pulse experiments,pioreactor01,2026-08-17T01:28:20.550Z,0.597780116493,2026-08-17 07:13:20.550,1167.111388888889
Pulse experiments,pioreactor01,2026-08-17T01:28:25.550Z,0.597786924663,2026-08-17 07:13:25.550,1167.112777777778
Pulse experiments,pioreactor01,2026-08-17T01:28:30.550Z,0.597779181564,2026-08-17 07:13:30.550,1167.114166666667
Pulse experiments,pioreactor01,2026-08-17T01:28:35.551Z,0.597821752695,2026-08-17 07:13:35.551,1167.115555555556
Pulse experiments,pioreactor01,2026-08-17T01:28:40.550Z,0.597852294929,2026-08-17 07:13:40.550,1167.116944444444
Pulse experiments,pioreactor01,2026-08-17T01:28:45.551Z,0.597857689801,2026-08-17 07:13:45.551,1167.118333333333
Pulse experiments,pioreactor01,2026-08-17T01:28:50.552Z,0.597875701908,2026-08-17 07:13:50.552,1167.119722222222
Pulse experiments,pioreactor01,2026-08-17T01:28:55.549Z,0.597902527007,2026-08-17 07:13:55.549,1167.121111111111
Pulse experiments,pioreactor01,2026-08-17T01:29:00.552Z,0.597911353576,2026-08-17 07:14:00.552,1167.1225
Pulse experiments,pioreactor01,2026-08-17T01:29:05.551Z,0.597928833426,2026-08-17 07:14:05.551,1167.123888888889
Pulse experiments,pioreactor01,2026-08-17T01:29:10.551Z,0.597945154301,2026-08-17 07:14:10.551,1167.125277777778
Pulse experiments,pioreactor01,2026-08-17T01:29:15.550Z,0.597953101386,2026-08-17 07:14:15.550,1167.126666666667
Pulse experiments,pioreactor01,2026-08-17T01:29:20.550Z,0.59798901573,2026-08-17 07:14:20.550,1167.128055555556
Pulse experiments,pioreactor01,2026-08-17T01:29:25.554Z,0.598010268037,2026-08-17 07:14:25.554,1167.129444444445
Pulse experiments,pioreactor01,2026-08-17T01:29:30.553Z,0.598021081653,2026-08-17 07:14:30.553,1167.130833333333
Pulse experiments,pioreactor01,2026-08-17T01:29:35.549Z,0.598048810549,2026-08-17 07:14:35.549,1167.132222222222
Pulse experiments,pioreactor01,2026-08-17T01:29:40.550Z,0.598073013686,2026-08-17 07:14:40.550,1167.133611111111
Pulse experiments,pioreactor01,2026-08-17T01:29:45.550Z,0.598100339521,2026-08-17 07:14:45.550,1167.135
Pulse experiments,pioreactor01,2026-08-17T01:29:50.551Z,0.598127995419,2026-08-17 07:14:50.551,1167.136388888889
Pulse experiments,pioreactor01,2026-08-17T01:29:55.551Z,0.5981362066,2026-08-17 07:14:55.551,1167.137777777778
Pulse experiments,pioreactor01,2026-08-17T01:30:00.552Z,0.59813821497,2026-08-17 07:15:00.552,1167.139166666667
Pulse experiments,pioreactor01,2026-08-17T01:30:05.550Z,0.598164722812,2026-08-17 07:15:05.550,1167.140555555555
Pulse experiments,pioreactor01,2026-08-17T01:30:10.551Z,0.598185453103,2026-08-17 07:15:10.551,1167.141944444444
Pulse experiments,pioreactor01,2026-08-17T01:30:15.553Z,0.598196182562,2026-08-17 07:15:15.553,1167.143333333333
Pulse experiments,pioreactor01,2026-08-17T01:30:20.549Z,0.598229219093,2026-08-17 07:15:20.549,1167.144722222222
Pulse experiments,pioreactor01,2026-08-17T01:30:25.551Z,0.598267931835,2026-08-17 07:15:25.551,1167.146111111111
Pulse experiments,pioreactor01,2026-08-17T01:30:30.550Z,0.598287651125,2026-08-17 07:15:30.550,1167.1475
Pulse experiments,pioreactor01,2026-08-17T01:30:35.551Z,0.59830767159,2026-08-17 07:15:35.551,1167.148888888889
Pulse experiments,pioreactor01,2026-08-17T01:30:40.552Z,0.598331613424,2026-08-17 07:15:40.552,1167.150277777778
Pulse experiments,pioreactor01,2026-08-17T01:30:45.551Z,0.598337115247,2026-08-17 07:15:45.551,1167.151666666667
Pulse experiments,pioreactor01,2026-08-17T01:30:55.552Z,0.598355526999,2026-08-17 07:15:55.552,1167.154444444444
Pulse experiments,pioreactor01,2026-08-17T01:31:00.550Z,0.598396978769,2026-08-17 07:16:00.550,1167.155833333333
Pulse experiments,pioreactor01,2026-08-17T01:31:05.551Z,0.598420467678,2026-08-17 07:16:05.551,1167.157222222222
Pulse experiments,pioreactor01,2026-08-17T01:31:10.552Z,0.598432697455,2026-08-17 07:16:10.552,1167.158611111111
Pulse experiments,pioreactor01,2026-08-17T01:31:15.550Z,0.598456368075,2026-08-17 07:16:15.550,1167.16
Pulse experiments,pioreactor01,2026-08-17T01:31:20.551Z,0.598491224004,2026-08-17 07:16:20.551,1167.161388888889
Pulse experiments,pioreactor01,2026-08-17T01:31:25.549Z,0.598524582969,2026-08-17 07:16:25.549,1167.162777777778
Pulse experiments,pioreactor01,2026-08-17T01:31:30.551Z,0.598546069062,2026-08-17 07:16:30.551,1167.164166666667
Pulse experiments,pioreactor01,2026-08-17T01:31:35.550Z,0.598544154942,2026-08-17 07:16:35.550,1167.165555555556
Pulse experiments,pioreactor01,2026-08-17T01:31:40.549Z,0.598573448187,2026-08-17 07:16:40.549,1167.166944444444
Pulse experiments,pioreactor01,2026-08-17T01:31:45.549Z,0.598611043096,2026-08-17 07:16:45.549,1167.168333333333
Pulse experiments,pioreactor01,2026-08-17T01:31:50.551Z,0.598652883324,2026-08-17 07:16:50.551,1167.169722222222
Pulse experiments,pioreactor01,2026-08-17T01:32:00.549Z,0.598690600117,2026-08-17 07:17:00.549,1167.1725
Pulse experiments,pioreactor01,2026-08-17T01:32:05.552Z,0.598711886938,2026-08-17 07:17:05.552,1167.173888888889
Pulse experiments,pioreactor01,2026-08-17T01:32:10.552Z,0.59873711117,2026-08-17 07:17:10.552,1167.175277777778
Pulse experiments,pioreactor01,2026-08-17T01:32:15.551Z,0.598775578478,2026-08-17 07:17:15.551,1167.176666666667
Pulse experiments,pioreactor01,2026-08-17T01:32:25.549Z,0.598803235673,2026-08-17 07:17:25.549,1167.179444444444
Pulse experiments,pioreactor01,2026-08-17T01:32:30.554Z,0.598835614579,2026-08-17 07:17:30.554,1167.180833333333
Pulse experiments,pioreactor01,2026-08-17T01:32:35.552Z,0.598866499888,2026-08-17 07:17:35.552,1167.182222222222
Pulse experiments,pioreactor01,2026-08-17T01:32:40.549Z,0.598890236586,2026-08-17 07:17:40.549,1167.183611111111
Pulse experiments,pioreactor01,2026-08-17T01:32:45.552Z,0.598882447732,2026-08-17 07:17:45.552,1167.185
Pulse experiments,pioreactor01,2026-08-17T01:32:50.549Z,0.598890108134,2026-08-17 07:17:50.549,1167.186388888889
Pulse experiments,pioreactor01,2026-08-17T01:32:55.551Z,0.598897218352,2026-08-17 07:17:55.551,1167.187777777778
Pulse experiments,pioreactor01,2026-08-17T01:33:00.550Z,0.598909610761,2026-08-17 07:18:00.550,1167.189166666667
Pulse experiments,pioreactor01,2026-08-17T01:33:05.550Z,0.598917540715,2026-08-17 07:18:05.550,1167.190555555556
Pulse experiments,pioreactor01,2026-08-17T01:33:10.551Z,0.598941410168,2026-08-17 07:18:10.551,1167.191944444445
Pulse experiments,pioreactor01,2026-08-17T01:33:15.552Z,0.598963589476,2026-08-17 07:18:15.552,1167.193333333333
Pulse experiments,pioreactor01,2026-08-17T01:33:20.551Z,0.59897441849,2026-08-17 07:18:20.551,1167.194722222222
Pulse experiments,pioreactor01,2026-08-17T01:33:25.550Z,0.598988663087,2026-08-17 07:18:25.550,1167.196111111111
Pulse experiments,pioreactor01,2026-08-17T01:33:30.549Z,0.599007225716,2026-08-17 07:18:30.549,1167.1975
Pulse experiments,pioreactor01,2026-08-17T01:33:35.550Z,0.599049414609,2026-08-17 07:18:35.550,1167.198888888889
Pulse experiments,pioreactor01,2026-08-17T01:33:40.549Z,0.599060836661,2026-08-17 07:18:40.549,1167.200277777778
Pulse experiments,pioreactor01,2026-08-17T01:33:45.551Z,0.599094217484,2026-08-17 07:18:45.551,1167.201666666667
Pulse experiments,pioreactor01,2026-08-17T01:33:50.552Z,0.599100442884,2026-08-17 07:18:50.552,1167.203055555555
Pulse experiments,pioreactor01,2026-08-17T01:33:55.551Z,0.599131068897,2026-08-17 07:18:55.551,1167.204444444444
Pulse experiments,pioreactor01,2026-08-17T01:34:00.551Z,0.599156998227,2026-08-17 07:19:00.551,1167.205833333333
Pulse experiments,pioreactor01,2026-08-17T01:34:05.549Z,0.599179428635,2026-08-17 07:19:05.549,1167.207222222222
Pulse experiments,pioreactor01,2026-08-17T01:34:10.552Z,0.599180654121,2026-08-17 07:19:10.552,1167.208611111111
Pulse experiments,pioreactor01,2026-08-17T01:34:15.549Z,0.599192115473,2026-08-17 07:19:15.549,1167.21
Pulse experiments,pioreactor01,2026-08-17T01:34:20.551Z,0.599201313704,2026-08-17 07:19:20.551,1167.211388888889
Pulse experiments,pioreactor01,2026-08-17T01:34:25.549Z,0.599233674646,2026-08-17 07:19:25.549,1167.212777777778
Pulse experiments,pioreactor01,2026-08-17T01:34:30.552Z,0.59924438029,2026-08-17 07:19:30.552,1167.214166666667
Pulse experiments,pioreactor01,2026-08-17T01:34:35.551Z,0.599252492586,2026-08-17 07:19:35.551,1167.215555555556
Pulse experiments,pioreactor01,2026-08-17T01:34:40.550Z,0.599256911503,2026-08-17 07:19:40.550,1167.216944444444
Pulse experiments,pioreactor01,2026-08-17T01:34:45.551Z,0.599263235761,2026-08-17 07:19:45.551,1167.218333333333
Pulse experiments,pioreactor01,2026-08-17T01:34:50.552Z,0.599279526359,2026-08-17 07:19:50.552,1167.219722222222
Pulse experiments,pioreactor01,2026-08-17T01:34:55.553Z,0.59930390155,2026-08-17 07:19:55.553,1167.221111111111
Pulse experiments,pioreactor01,2026-08-17T01:35:00.551Z,0.599346637928,2026-08-17 07:20:00.551,1167.2225
Pulse experiments,pioreactor01,2026-08-17T01:35:05.549Z,0.599386757879,2026-08-17 07:20:05.549,1167.223888888889
Pulse experiments,pioreactor01,2026-08-17T01:35:10.551Z,0.599424265131,2026-08-17 07:20:10.551,1167.225277777778
Pulse experiments,pioreactor01,2026-08-17T01:35:15.560Z,0.599452026211,2026-08-17 07:20:15.560,1167.226666666667
Pulse experiments,pioreactor01,2026-08-17T01:35:20.550Z,0.599470677954,2026-08-17 07:20:20.550,1167.228055555556
Pulse experiments,pioreactor01,2026-08-17T01:35:25.552Z,0.599484024527,2026-08-17 07:20:25.552,1167.229444444444
Pulse experiments,pioreactor01,2026-08-17T01:35:30.550Z,0.599525693617,2026-08-17 07:20:30.550,1167.230833333333
Pulse experiments,pioreactor01,2026-08-17T01:35:35.550Z,0.599538236176,2026-08-17 07:20:35.550,1167.232222222222
Pulse experiments,pioreactor01,2026-08-17T01:35:40.551Z,0.599580711892,2026-08-17 07:20:40.551,1167.233611111111
Pulse experiments,pioreactor01,2026-08-17T01:35:45.551Z,0.599607495256,2026-08-17 07:20:45.551,1167.235
Pulse experiments,pioreactor01,2026-08-17T01:35:50.552Z,0.599651440732,2026-08-17 07:20:50.552,1167.236388888889
Pulse experiments,pioreactor01,2026-08-17T01:35:55.551Z,0.599683055657,2026-08-17 07:20:55.551,1167.237777777778
Pulse experiments,pioreactor01,2026-08-17T01:36:00.552Z,0.599689450688,2026-08-17 07:21:00.552,1167.239166666667
Pulse experiments,pioreactor01,2026-08-17T01:36:05.551Z,0.59969359371,2026-08-17 07:21:05.551,1167.240555555556
Pulse experiments,pioreactor01,2026-08-17T01:36:10.550Z,0.599700111474,2026-08-17 07:21:10.550,1167.241944444444
Pulse experiments,pioreactor01,2026-08-17T01:36:15.552Z,0.599692634111,2026-08-17 07:21:15.552,1167.243333333333
Pulse experiments,pioreactor01,2026-08-17T01:36:20.553Z,0.599702179472,2026-08-17 07:21:20.553,1167.244722222222
Pulse experiments,pioreactor01,2026-08-17T01:36:25.551Z,0.599705717668,2026-08-17 07:21:25.551,1167.246111111111
Pulse experiments,pioreactor01,2026-08-17T01:36:30.551Z,0.59972507317,2026-08-17 07:21:30.551,1167.2475
Pulse experiments,pioreactor01,2026-08-17T01:36:35.551Z,0.599748810969,2026-08-17 07:21:35.551,1167.248888888889
Pulse experiments,pioreactor01,2026-08-17T01:36:40.551Z,0.599769576757,2026-08-17 07:21:40.551,1167.250277777778
Pulse experiments,pioreactor01,2026-08-17T01:36:45.550Z,0.599785004739,2026-08-17 07:21:45.550,1167.251666666667
Pulse experiments,pioreactor01,2026-08-17T01:36:50.551Z,0.599796249619,2026-08-17 07:21:50.551,1167.253055555556
Pulse experiments,pioreactor01,2026-08-17T01:36:55.550Z,0.599813393293,2026-08-17 07:21:55.550,1167.254444444445
Pulse experiments,pioreactor01,2026-08-17T01:37:00.549Z,0.599828075043,2026-08-17 07:22:00.549,1167.255833333333
Pulse experiments,pioreactor01,2026-08-17T01:37:05.549Z,0.599849488011,2026-08-17 07:22:05.549,1167.257222222222
Pulse experiments,pioreactor01,2026-08-17T01:37:10.552Z,0.599842801579,2026-08-17 07:22:10.552,1167.258611111111
Pulse experiments,pioreactor01,2026-08-17T01:37:15.552Z,0.599840280748,2026-08-17 07:22:15.552,1167.26
Pulse experiments,pioreactor01,2026-08-17T01:37:20.552Z,0.599850996836,2026-08-17 07:22:20.552,1167.261388888889
Pulse experiments,pioreactor01,2026-08-17T01:37:25.549Z,0.599867972147,2026-08-17 07:22:25.549,1167.262777777778
Pulse experiments,pioreactor01,2026-08-17T01:37:30.550Z,0.599877066289,2026-08-17 07:22:30.550,1167.264166666667
Pulse experiments,pioreactor01,2026-08-17T01:37:35.550Z,0.599887309931,2026-08-17 07:22:35.550,1167.265555555555
Pulse experiments,pioreactor01,2026-08-17T01:37:40.549Z,0.599890139043,2026-08-17 07:22:40.549,1167.266944444444
Pulse experiments,pioreactor01,2026-08-17T01:37:45.552Z,0.599906254822,2026-08-17 07:22:45.552,1167.268333333333
Pulse experiments,pioreactor01,2026-08-17T01:37:50.551Z,0.599956982001,2026-08-17 07:22:50.551,1167.269722222222
Pulse experiments,pioreactor01,2026-08-17T01:37:55.550Z,0.599985482911,2026-08-17 07:22:55.550,1167.271111111111
Pulse experiments,pioreactor01,2026-08-17T01:38:00.552Z,0.600023641299,2026-08-17 07:23:00.552,1167.2725
Pulse experiments,pioreactor01,2026-08-17T01:38:05.550Z,0.600050581941,2026-08-17 07:23:05.550,1167.273888888889
Pulse experiments,pioreactor01,2026-08-17T01:38:10.551Z,0.600071290021,2026-08-17 07:23:10.551,1167.275277777778
Pulse experiments,pioreactor01,2026-08-17T01:38:15.550Z,0.600107014605,2026-08-17 07:23:15.550,1167.276666666667
Pulse experiments,pioreactor01,2026-08-17T01:38:20.552Z,0.60012322663,2026-08-17 07:23:20.552,1167.278055555556
Pulse experiments,pioreactor01,2026-08-17T01:38:25.550Z,0.600140670382,2026-08-17 07:23:25.550,1167.279444444444
Pulse experiments,pioreactor01,2026-08-17T01:38:30.552Z,0.600159051701,2026-08-17 07:23:30.552,1167.280833333333
Pulse experiments,pioreactor01,2026-08-17T01:38:35.553Z,0.6001905582,2026-08-17 07:23:35.553,1167.282222222222
Pulse experiments,pioreactor01,2026-08-17T01:38:40.553Z,0.600232436783,2026-08-17 07:23:40.553,1167.283611111111
Pulse experiments,pioreactor01,2026-08-17T01:38:45.551Z,0.600284095018,2026-08-17 07:23:45.551,1167.285
Pulse experiments,pioreactor01,2026-08-17T01:38:50.551Z,0.600321366639,2026-08-17 07:23:50.551,1167.286388888889
Pulse experiments,pioreactor01,2026-08-17T01:38:55.552Z,0.600337472813,2026-08-17 07:23:55.552,1167.287777777778
Pulse experiments,pioreactor01,2026-08-17T01:39:00.549Z,0.600372446431,2026-08-17 07:24:00.549,1167.289166666667
Pulse experiments,pioreactor01,2026-08-17T01:39:05.553Z,0.600423063549,2026-08-17 07:24:05.553,1167.290555555556
Pulse experiments,pioreactor01,2026-08-17T01:39:10.551Z,0.600465735932,2026-08-17 07:24:10.551,1167.291944444444
Pulse experiments,pioreactor01,2026-08-17T01:39:15.551Z,0.600478406758,2026-08-17 07:24:15.551,1167.293333333333
Pulse experiments,pioreactor01,2026-08-17T01:39:20.550Z,0.600529203021,2026-08-17 07:24:20.550,1167.294722222222
Pulse experiments,pioreactor01,2026-08-17T01:39:25.549Z,0.600565581783,2026-08-17 07:24:25.549,1167.296111111111
Pulse experiments,pioreactor01,2026-08-17T01:39:30.551Z,0.600621935867,2026-08-17 07:24:30.551,1167.2975
Pulse experiments,pioreactor01,2026-08-17T01:39:35.552Z,0.600664886936,2026-08-17 07:24:35.552,1167.298888888889
Pulse experiments,pioreactor01,2026-08-17T01:39:40.550Z,0.600690659672,2026-08-17 07:24:40.550,1167.300277777778
Pulse experiments,pioreactor01,2026-08-17T01:39:45.550Z,0.600712318289,2026-08-17 07:24:45.550,1167.301666666667
Pulse experiments,pioreactor01,2026-08-17T01:39:50.552Z,0.600720232832,2026-08-17 07:24:50.552,1167.303055555556
Pulse experiments,pioreactor01,2026-08-17T01:39:55.550Z,0.600724036734,2026-08-17 07:24:55.550,1167.304444444444
Pulse experiments,pioreactor01,2026-08-17T01:40:00.552Z,0.600742440853,2026-08-17 07:25:00.552,1167.305833333333
Pulse experiments,pioreactor01,2026-08-17T01:40:05.550Z,0.600741951149,2026-08-17 07:25:05.550,1167.307222222222
Pulse experiments,pioreactor01,2026-08-17T01:40:10.553Z,0.600743515968,2026-08-17 07:25:10.553,1167.308611111111
Pulse experiments,pioreactor01,2026-08-17T01:40:15.551Z,0.600748170206,2026-08-17 07:25:15.551,1167.31
Pulse experiments,pioreactor01,2026-08-17T01:40:20.552Z,0.600757932878,2026-08-17 07:25:20.552,1167.311388888889
Pulse experiments,pioreactor01,2026-08-17T01:40:25.551Z,0.60078673153,2026-08-17 07:25:25.551,1167.312777777778
Pulse experiments,pioreactor01,2026-08-17T01:40:30.549Z,0.600815435308,2026-08-17 07:25:30.549,1167.314166666667
Pulse experiments,pioreactor01,2026-08-17T01:40:35.550Z,0.600852577867,2026-08-17 07:25:35.550,1167.315555555556
Pulse experiments,pioreactor01,2026-08-17T01:40:40.549Z,0.600891472585,2026-08-17 07:25:40.549,1167.316944444445
Pulse experiments,pioreactor01,2026-08-17T01:40:45.550Z,0.600905065598,2026-08-17 07:25:45.550,1167.318333333333
Pulse experiments,pioreactor01,2026-08-17T01:40:50.550Z,0.600919918804,2026-08-17 07:25:50.550,1167.319722222222
Pulse experiments,pioreactor01,2026-08-17T01:40:55.552Z,0.600925649872,2026-08-17 07:25:55.552,1167.321111111111
Pulse experiments,pioreactor01,2026-08-17T01:41:00.552Z,0.600951926936,2026-08-17 07:26:00.552,1167.3225
Pulse experiments,pioreactor01,2026-08-17T01:41:05.550Z,0.600973567238,2026-08-17 07:26:05.550,1167.323888888889
Pulse experiments,pioreactor01,2026-08-17T01:41:10.550Z,0.60097026848,2026-08-17 07:26:10.550,1167.325277777778
Pulse experiments,pioreactor01,2026-08-17T01:41:15.550Z,0.600957124565,2026-08-17 07:26:15.550,1167.326666666667
Pulse experiments,pioreactor01,2026-08-17T01:41:25.551Z,0.600971326747,2026-08-17 07:26:25.551,1167.329444444444
Pulse experiments,pioreactor01,2026-08-17T01:41:30.552Z,0.600976449137,2026-08-17 07:26:30.552,1167.330833333333
Pulse experiments,pioreactor01,2026-08-17T01:41:35.551Z,0.600984378228,2026-08-17 07:26:35.551,1167.332222222222
Pulse experiments,pioreactor01,2026-08-17T01:41:40.550Z,0.601012657994,2026-08-17 07:26:40.550,1167.333611111111
Pulse experiments,pioreactor01,2026-08-17T01:41:45.549Z,0.601031703731,2026-08-17 07:26:45.549,1167.335
Pulse experiments,pioreactor01,2026-08-17T01:41:50.550Z,0.601067032936,2026-08-17 07:26:50.550,1167.336388888889
Pulse experiments,pioreactor01,2026-08-17T01:41:55.554Z,0.60109568692,2026-08-17 07:26:55.554,1167.337777777778
Pulse experiments,pioreactor01,2026-08-17T01:42:00.549Z,0.601092101794,2026-08-17 07:27:00.549,1167.339166666667
Pulse experiments,pioreactor01,2026-08-17T01:42:05.551Z,0.601104558552,2026-08-17 07:27:05.551,1167.340555555556
Pulse experiments,pioreactor01,2026-08-17T01:42:10.549Z,0.601146986241,2026-08-17 07:27:10.549,1167.341944444444
Pulse experiments,pioreactor01,2026-08-17T01:42:15.551Z,0.601190480939,2026-08-17 07:27:15.551,1167.343333333333
Pulse experiments,pioreactor01,2026-08-17T01:42:20.549Z,0.601212264587,2026-08-17 07:27:20.549,1167.344722222222
Pulse experiments,pioreactor01,2026-08-17T01:42:25.553Z,0.601250550145,2026-08-17 07:27:25.553,1167.346111111111
Pulse experiments,pioreactor01,2026-08-17T01:42:30.551Z,0.601274067502,2026-08-17 07:27:30.551,1167.3475
Pulse experiments,pioreactor01,2026-08-17T01:42:35.549Z,0.601314771414,2026-08-17 07:27:35.549,1167.348888888889
Pulse experiments,pioreactor01,2026-08-17T01:42:45.551Z,0.601352664459,2026-08-17 07:27:45.551,1167.351666666667
Pulse experiments,pioreactor01,2026-08-17T01:42:50.554Z,0.601371475935,2026-08-17 07:27:50.554,1167.353055555556
Pulse experiments,pioreactor01,2026-08-17T01:42:55.552Z,0.601399098695,2026-08-17 07:27:55.552,1167.354444444444
Pulse experiments,pioreactor01,2026-08-17T01:43:00.551Z,0.60142846031,2026-08-17 07:28:00.551,1167.355833333333
Pulse experiments,pioreactor01,2026-08-17T01:43:05.550Z,0.601446783997,2026-08-17 07:28:05.550,1167.357222222222
Pulse experiments,pioreactor01,2026-08-17T01:43:10.549Z,0.601476091629,2026-08-17 07:28:10.549,1167.358611111111
Pulse experiments,pioreactor01,2026-08-17T01:43:15.551Z,0.601502453254,2026-08-17 07:28:15.551,1167.36
Pulse experiments,pioreactor01,2026-08-17T01:43:20.550Z,0.601518338732,2026-08-17 07:28:20.550,1167.361388888889
Pulse experiments,pioreactor01,2026-08-17T01:43:25.551Z,0.601532810301,2026-08-17 07:28:25.551,1167.362777777778
Pulse experiments,pioreactor01,2026-08-17T01:43:30.551Z,0.601534830147,2026-08-17 07:28:30.551,1167.364166666667
Pulse experiments,pioreactor01,2026-08-17T01:43:35.550Z,0.60153802621,2026-08-17 07:28:35.550,1167.365555555556
Pulse experiments,pioreactor01,2026-08-17T01:43:40.553Z,0.601537595976,2026-08-17 07:28:40.553,1167.366944444444
Pulse experiments,pioreactor01,2026-08-17T01:43:45.551Z,0.601564075756,2026-08-17 07:28:45.551,1167.368333333333
Pulse experiments,pioreactor01,2026-08-17T01:43:50.551Z,0.601557627359,2026-08-17 07:28:50.551,1167.369722222222
Pulse experiments,pioreactor01,2026-08-17T01:43:55.550Z,0.601573095792,2026-08-17 07:28:55.550,1167.371111111111
Pulse experiments,pioreactor01,2026-08-17T01:44:00.550Z,0.60159345787,2026-08-17 07:29:00.550,1167.3725
Pulse experiments,pioreactor01,2026-08-17T01:44:05.550Z,0.60162805263,2026-08-17 07:29:05.550,1167.373888888889
Pulse experiments,pioreactor01,2026-08-17T01:44:10.553Z,0.601662367393,2026-08-17 07:29:10.553,1167.375277777778
Pulse experiments,pioreactor01,2026-08-17T01:44:15.551Z,0.601710177761,2026-08-17 07:29:15.551,1167.376666666667
Pulse experiments,pioreactor01,2026-08-17T01:44:20.551Z,0.601741110623,2026-08-17 07:29:20.551,1167.378055555556
Pulse experiments,pioreactor01,2026-08-17T01:44:30.550Z,0.601778056204,2026-08-17 07:29:30.550,1167.380833333333
Pulse experiments,pioreactor01,2026-08-17T01:44:35.550Z,0.60179390298,2026-08-17 07:29:35.550,1167.382222222222
Pulse experiments,pioreactor01,2026-08-17T01:44:40.553Z,0.601839078884,2026-08-17 07:29:40.553,1167.383611111111
Pulse experiments,pioreactor01,2026-08-17T01:44:45.551Z,0.601849103348,2026-08-17 07:29:45.551,1167.385
Pulse experiments,pioreactor01,2026-08-17T01:44:50.552Z,0.601858098527,2026-08-17 07:29:50.552,1167.386388888889
Pulse experiments,pioreactor01,2026-08-17T01:44:55.549Z,0.601898897585,2026-08-17 07:29:55.549,1167.387777777778
Pulse experiments,pioreactor01,2026-08-17T01:45:00.550Z,0.601931004336,2026-08-17 07:30:00.550,1167.389166666667
Pulse experiments,pioreactor01,2026-08-17T01:45:05.549Z,0.601977161703,2026-08-17 07:30:05.549,1167.390555555555
Pulse experiments,pioreactor01,2026-08-17T01:45:10.550Z,0.60199409615,2026-08-17 07:30:10.550,1167.391944444444
Pulse experiments,pioreactor01,2026-08-17T01:45:15.551Z,0.602012877874,2026-08-17 07:30:15.551,1167.393333333333
Pulse experiments,pioreactor01,2026-08-17T01:45:20.551Z,0.602023167807,2026-08-17 07:30:20.551,1167.394722222222
Pulse experiments,pioreactor01,2026-08-17T01:45:25.551Z,0.602055916404,2026-08-17 07:30:25.551,1167.396111111111
Pulse experiments,pioreactor01,2026-08-17T01:45:30.551Z,0.602084927853,2026-08-17 07:30:30.551,1167.3975
Pulse experiments,pioreactor01,2026-08-17T01:45:35.552Z,0.602103185458,2026-08-17 07:30:35.552,1167.398888888889
Pulse experiments,pioreactor01,2026-08-17T01:45:40.551Z,0.602135900577,2026-08-17 07:30:40.551,1167.400277777778
Pulse experiments,pioreactor01,2026-08-17T01:45:45.551Z,0.602140304718,2026-08-17 07:30:45.551,1167.401666666667
Pulse experiments,pioreactor01,2026-08-17T01:45:50.550Z,0.60215319858,2026-08-17 07:30:50.550,1167.403055555556
Pulse experiments,pioreactor01,2026-08-17T01:45:55.552Z,0.602155035102,2026-08-17 07:30:55.552,1167.404444444444
Pulse experiments,pioreactor01,2026-08-17T01:46:00.551Z,0.602172544545,2026-08-17 07:31:00.551,1167.405833333333
Pulse experiments,pioreactor01,2026-08-17T01:46:05.549Z,0.602202399304,2026-08-17 07:31:05.549,1167.407222222222
Pulse experiments,pioreactor01,2026-08-17T01:46:10.553Z,0.602206805097,2026-08-17 07:31:10.553,1167.408611111111
Pulse experiments,pioreactor01,2026-08-17T01:46:15.549Z,0.60222385248,2026-08-17 07:31:15.549,1167.41
Pulse experiments,pioreactor01,2026-08-17T01:46:20.553Z,0.60224088719,2026-08-17 07:31:20.553,1167.411388888889
Pulse experiments,pioreactor01,2026-08-17T01:46:25.550Z,0.602277289896,2026-08-17 07:31:25.550,1167.412777777778
Pulse experiments,pioreactor01,2026-08-17T01:46:30.550Z,0.602294045334,2026-08-17 07:31:30.550,1167.414166666667
Pulse experiments,pioreactor01,2026-08-17T01:46:40.550Z,0.602327083724,2026-08-17 07:31:40.550,1167.416944444444
Pulse experiments,pioreactor01,2026-08-17T01:46:45.551Z,0.602353044175,2026-08-17 07:31:45.551,1167.418333333333
Pulse experiments,pioreactor01,2026-08-17T01:46:50.550Z,0.602371689138,2026-08-17 07:31:50.550,1167.419722222222
Pulse experiments,pioreactor01,2026-08-17T01:46:55.550Z,0.60239490739,2026-08-17 07:31:55.550,1167.421111111111
Pulse experiments,pioreactor01,2026-08-17T01:47:00.550Z,0.602411606502,2026-08-17 07:32:00.550,1167.4225
Pulse experiments,pioreactor01,2026-08-17T01:47:05.551Z,0.60244119021,2026-08-17 07:32:05.551,1167.423888888889
Pulse experiments,pioreactor01,2026-08-17T01:47:10.549Z,0.602469354678,2026-08-17 07:32:10.549,1167.425277777778
Pulse experiments,pioreactor01,2026-08-17T01:47:15.550Z,0.602508566283,2026-08-17 07:32:15.550,1167.426666666667
Pulse experiments,pioreactor01,2026-08-17T01:47:20.551Z,0.602521370315,2026-08-17 07:32:20.551,1167.428055555556
Pulse experiments,pioreactor01,2026-08-17T01:47:25.550Z,0.602520801706,2026-08-17 07:32:25.550,1167.429444444444
Pulse experiments,pioreactor01,2026-08-17T01:47:30.551Z,0.602518035153,2026-08-17 07:32:30.551,1167.430833333333
Pulse experiments,pioreactor01,2026-08-17T01:47:35.551Z,0.602542956803,2026-08-17 07:32:35.551,1167.432222222222
Pulse experiments,pioreactor01,2026-08-17T01:47:40.550Z,0.602562713844,2026-08-17 07:32:40.550,1167.433611111111
Pulse experiments,pioreactor01,2026-08-17T01:47:45.550Z,0.602553243199,2026-08-17 07:32:45.550,1167.435
Pulse experiments,pioreactor01,2026-08-17T01:47:50.552Z,0.602568062806,2026-08-17 07:32:50.552,1167.436388888889
Pulse experiments,pioreactor01,2026-08-17T01:47:55.550Z,0.60258242862,2026-08-17 07:32:55.550,1167.437777777778
Pulse experiments,pioreactor01,2026-08-17T01:48:00.552Z,0.602600154482,2026-08-17 07:33:00.552,1167.439166666667
Pulse experiments,pioreactor01,2026-08-17T01:48:05.550Z,0.602622450091,2026-08-17 07:33:05.550,1167.440555555556
Pulse experiments,pioreactor01,2026-08-17T01:48:10.550Z,0.602650547356,2026-08-17 07:33:10.550,1167.441944444445
Pulse experiments,pioreactor01,2026-08-17T01:48:15.553Z,0.60265740019,2026-08-17 07:33:15.553,1167.443333333333
Pulse experiments,pioreactor01,2026-08-17T01:48:20.550Z,0.602976896167,2026-08-17 07:33:20.550,1167.444722222222
Pulse experiments,pioreactor01,2026-08-17T01:48:25.571Z,0.589603018614,2026-08-17 07:33:25.571,1167.446111111111
Pulse experiments,pioreactor01,2026-08-17T01:48:30.579Z,0.585919847021,2026-08-17 07:33:30.579,1167.4475
Pulse experiments,pioreactor01,2026-08-17T01:48:35.580Z,0.583122355086,2026-08-17 07:33:35.580,1167.448888888889
Pulse experiments,pioreactor01,2026-08-17T01:48:40.575Z,0.58360475582,2026-08-17 07:33:40.575,1167.450277777778
Pulse experiments,pioreactor01,2026-08-17T01:48:45.563Z,0.586075175603,2026-08-17 07:33:45.563,1167.451666666667
Pulse experiments,pioreactor01,2026-08-17T01:48:50.568Z,0.585240600441,2026-08-17 07:33:50.568,1167.453055555555
Pulse experiments,pioreactor01,2026-08-17T01:48:55.561Z,0.584356720691,2026-08-17 07:33:55.561,1167.454444444444
Pulse experiments,pioreactor01,2026-08-17T01:49:00.564Z,0.583759459489,2026-08-17 07:34:00.564,1167.455833333333
Pulse experiments,pioreactor01,2026-08-17T01:49:05.560Z,0.583527565489,2026-08-17 07:34:05.560,1167.457222222222
Pulse experiments,pioreactor01,2026-08-17T01:49:10.582Z,0.583517037499,2026-08-17 07:34:10.582,1167.458611111111
Pulse experiments,pioreactor01,2026-08-17T01:49:15.566Z,0.583571237947,2026-08-17 07:34:15.566,1167.46
Pulse experiments,pioreactor01,2026-08-17T01:49:20.569Z,0.58364761033,2026-08-17 07:34:20.569,1167.461388888889
Pulse experiments,pioreactor01,2026-08-17T01:49:25.563Z,0.583748796016,2026-08-17 07:34:25.563,1167.462777777778
Pulse experiments,pioreactor01,2026-08-17T01:49:30.560Z,0.583806439371,2026-08-17 07:34:30.560,1167.464166666667
Pulse experiments,pioreactor01,2026-08-17T01:49:35.564Z,0.583755107797,2026-08-17 07:34:35.564,1167.465555555556
Pulse experiments,pioreactor01,2026-08-17T01:49:40.558Z,0.583921844156,2026-08-17 07:34:40.558,1167.466944444444
Pulse experiments,pioreactor01,2026-08-17T01:49:45.565Z,0.583993555679,2026-08-17 07:34:45.565,1167.468333333333
Pulse experiments,pioreactor01,2026-08-17T01:49:50.567Z,0.584020810926,2026-08-17 07:34:50.567,1167.469722222222
Pulse experiments,pioreactor01,2026-08-17T01:49:55.563Z,0.584096611627,2026-08-17 07:34:55.563,1167.471111111111
Pulse experiments,pioreactor01,2026-08-17T01:50:00.565Z,0.584114132098,2026-08-17 07:35:00.565,1167.4725
Pulse experiments,pioreactor01,2026-08-17T01:50:05.565Z,0.584073625386,2026-08-17 07:35:05.565,1167.473888888889
Pulse experiments,pioreactor01,2026-08-17T01:50:10.561Z,0.584064804736,2026-08-17 07:35:10.561,1167.475277777778
Pulse experiments,pioreactor01,2026-08-17T01:50:15.560Z,0.584081478909,2026-08-17 07:35:15.560,1167.476666666667
Pulse experiments,pioreactor01,2026-08-17T01:50:20.560Z,0.584067867175,2026-08-17 07:35:20.560,1167.478055555556
Pulse experiments,pioreactor01,2026-08-17T01:50:25.559Z,0.584113209845,2026-08-17 07:35:25.559,1167.479444444444
Pulse experiments,pioreactor01,2026-08-17T01:50:30.564Z,0.584153618551,2026-08-17 07:35:30.564,1167.480833333333
Pulse experiments,pioreactor01,2026-08-17T01:50:35.561Z,0.584114861681,2026-08-17 07:35:35.561,1167.482222222222
Pulse experiments,pioreactor01,2026-08-17T01:50:40.561Z,0.584039954405,2026-08-17 07:35:40.561,1167.483611111111
Pulse experiments,pioreactor01,2026-08-17T01:50:45.572Z,0.583969575417,2026-08-17 07:35:45.572,1167.485
Pulse experiments,pioreactor01,2026-08-17T01:50:50.569Z,0.583914574491,2026-08-17 07:35:50.569,1167.486388888889
Pulse experiments,pioreactor01,2026-08-17T01:50:55.564Z,0.583863873954,2026-08-17 07:35:55.564,1167.487777777778
Pulse experiments,pioreactor01,2026-08-17T01:51:00.567Z,0.583792426654,2026-08-17 07:36:00.567,1167.489166666667
Pulse experiments,pioreactor01,2026-08-17T01:51:05.565Z,0.583761801012,2026-08-17 07:36:05.565,1167.490555555556
Pulse experiments,pioreactor01,2026-08-17T01:51:10.558Z,0.583720002589,2026-08-17 07:36:10.558,1167.491944444444
Pulse experiments,pioreactor01,2026-08-17T01:51:15.560Z,0.583721808832,2026-08-17 07:36:15.560,1167.493333333333
Pulse experiments,pioreactor01,2026-08-17T01:51:20.558Z,0.583730757868,2026-08-17 07:36:20.558,1167.494722222222
Pulse experiments,pioreactor01,2026-08-17T01:51:25.580Z,0.583716228919,2026-08-17 07:36:25.580,1167.496111111111
Pulse experiments,pioreactor01,2026-08-17T01:51:30.561Z,0.583714089822,2026-08-17 07:36:30.561,1167.4975
Pulse experiments,pioreactor01,2026-08-17T01:51:35.568Z,0.583683145899,2026-08-17 07:36:35.568,1167.498888888889
Pulse experiments,pioreactor01,2026-08-17T01:51:40.576Z,0.58365811464,2026-08-17 07:36:40.576,1167.500277777778
Pulse experiments,pioreactor01,2026-08-17T01:51:45.562Z,0.583667695235,2026-08-17 07:36:45.562,1167.501666666667
Pulse experiments,pioreactor01,2026-08-17T01:51:50.566Z,0.583643266215,2026-08-17 07:36:50.566,1167.503055555556
Pulse experiments,pioreactor01,2026-08-17T01:51:55.565Z,0.58364210639,2026-08-17 07:36:55.565,1167.504444444445
Pulse experiments,pioreactor01,2026-08-17T01:52:00.562Z,0.583671647524,2026-08-17 07:37:00.562,1167.505833333333
Pulse experiments,pioreactor01,2026-08-17T01:52:05.569Z,0.583696740972,2026-08-17 07:37:05.569,1167.507222222222
Pulse experiments,pioreactor01,2026-08-17T01:52:10.568Z,0.583670444034,2026-08-17 07:37:10.568,1167.508611111111
Pulse experiments,pioreactor01,2026-08-17T01:52:15.579Z,0.583631976139,2026-08-17 07:37:15.579,1167.51
Pulse experiments,pioreactor01,2026-08-17T01:52:25.570Z,0.583624429601,2026-08-17 07:37:25.570,1167.512777777778
Pulse experiments,pioreactor01,2026-08-17T01:52:30.599Z,0.583550078788,2026-08-17 07:37:30.599,1167.514166666667
Pulse experiments,pioreactor01,2026-08-17T01:52:35.559Z,0.583502286526,2026-08-17 07:37:35.559,1167.515555555555
Pulse experiments,pioreactor01,2026-08-17T01:52:45.567Z,0.583484334738,2026-08-17 07:37:45.567,1167.518333333333
Pulse experiments,pioreactor01,2026-08-17T01:52:50.560Z,0.583403650957,2026-08-17 07:37:50.560,1167.519722222222
Pulse experiments,pioreactor01,2026-08-17T01:52:55.562Z,0.583364884979,2026-08-17 07:37:55.562,1167.521111111111
Pulse experiments,pioreactor01,2026-08-17T01:53:00.565Z,0.58333365744,2026-08-17 07:38:00.565,1167.5225
Pulse experiments,pioreactor01,2026-08-17T01:53:05.611Z,0.5833019174,2026-08-17 07:38:05.611,1167.523888888889
Pulse experiments,pioreactor01,2026-08-17T01:53:10.558Z,0.583261854845,2026-08-17 07:38:10.558,1167.525277777778
Pulse experiments,pioreactor01,2026-08-17T01:53:15.561Z,0.583227775849,2026-08-17 07:38:15.561,1167.526666666667
Pulse experiments,pioreactor01,2026-08-17T01:53:20.561Z,0.583181668246,2026-08-17 07:38:20.561,1167.528055555556
Pulse experiments,pioreactor01,2026-08-17T01:53:25.562Z,0.583160210529,2026-08-17 07:38:25.562,1167.529444444444
Pulse experiments,pioreactor01,2026-08-17T01:53:30.561Z,0.583156002227,2026-08-17 07:38:30.561,1167.530833333333
Pulse experiments,pioreactor01,2026-08-17T01:53:35.584Z,0.583146518591,2026-08-17 07:38:35.584,1167.532222222222
Pulse experiments,pioreactor01,2026-08-17T01:53:40.579Z,0.583131269309,2026-08-17 07:38:40.579,1167.533611111111
Pulse experiments,pioreactor01,2026-08-17T01:53:45.551Z,0.58307394558,2026-08-17 07:38:45.551,1167.535
Pulse experiments,pioreactor01,2026-08-17T01:53:50.550Z,0.583035854135,2026-08-17 07:38:50.550,1167.536388888889
Pulse experiments,pioreactor01,2026-08-17T01:53:55.550Z,0.583038541116,2026-08-17 07:38:55.550,1167.537777777778
Pulse experiments,pioreactor01,2026-08-17T01:54:00.549Z,0.583037978412,2026-08-17 07:39:00.549,1167.539166666667
Pulse experiments,pioreactor01,2026-08-17T01:54:05.553Z,0.583017439388,2026-08-17 07:39:05.553,1167.540555555556
Pulse experiments,pioreactor01,2026-08-17T01:54:10.550Z,0.582995151338,2026-08-17 07:39:10.550,1167.541944444444
Pulse experiments,pioreactor01,2026-08-17T01:54:15.550Z,0.582971957481,2026-08-17 07:39:15.550,1167.543333333333
Pulse experiments,pioreactor01,2026-08-17T01:54:20.552Z,0.582932408415,2026-08-17 07:39:20.552,1167.544722222222
Pulse experiments,pioreactor01,2026-08-17T01:54:25.550Z,0.582860049279,2026-08-17 07:39:25.550,1167.546111111111
Pulse experiments,pioreactor01,2026-08-17T01:54:30.552Z,0.582777551966,2026-08-17 07:39:30.552,1167.5475
Pulse experiments,pioreactor01,2026-08-17T01:54:40.550Z,0.582702904527,2026-08-17 07:39:40.550,1167.550277777778
Pulse experiments,pioreactor01,2026-08-17T01:54:45.549Z,0.582655674995,2026-08-17 07:39:45.549,1167.551666666667
Pulse experiments,pioreactor01,2026-08-17T01:54:50.549Z,0.582586083007,2026-08-17 07:39:50.549,1167.553055555556
Pulse experiments,pioreactor01,2026-08-17T01:54:55.553Z,0.582563492273,2026-08-17 07:39:55.553,1167.554444444444
Pulse experiments,pioreactor01,2026-08-17T01:55:00.554Z,0.582528863841,2026-08-17 07:40:00.554,1167.555833333333
Pulse experiments,pioreactor01,2026-08-17T01:55:05.550Z,0.582494919895,2026-08-17 07:40:05.550,1167.557222222222
Pulse experiments,pioreactor01,2026-08-17T01:55:10.552Z,0.582434883647,2026-08-17 07:40:10.552,1167.558611111111
Pulse experiments,pioreactor01,2026-08-17T01:55:15.557Z,0.582384031034,2026-08-17 07:40:15.557,1167.56
Pulse experiments,pioreactor01,2026-08-17T01:55:20.550Z,0.582328953082,2026-08-17 07:40:20.550,1167.561388888889
Pulse experiments,pioreactor01,2026-08-17T01:55:25.550Z,0.582263743458,2026-08-17 07:40:25.550,1167.562777777778
Pulse experiments,pioreactor01,2026-08-17T01:55:30.550Z,0.582182804739,2026-08-17 07:40:30.550,1167.564166666667
Pulse experiments,pioreactor01,2026-08-17T01:55:35.550Z,0.582119748986,2026-08-17 07:40:35.550,1167.565555555556
Pulse experiments,pioreactor01,2026-08-17T01:55:40.551Z,0.582073927886,2026-08-17 07:40:40.551,1167.566944444445
Pulse experiments,pioreactor01,2026-08-17T01:55:45.553Z,0.582064815325,2026-08-17 07:40:45.553,1167.568333333333
Pulse experiments,pioreactor01,2026-08-17T01:55:50.551Z,0.582047611459,2026-08-17 07:40:50.551,1167.569722222222
Pulse experiments,pioreactor01,2026-08-17T01:55:55.550Z,0.582008008946,2026-08-17 07:40:55.550,1167.571111111111
Pulse experiments,pioreactor01,2026-08-17T01:56:00.550Z,0.581955374554,2026-08-17 07:41:00.550,1167.5725
Pulse experiments,pioreactor01,2026-08-17T01:56:05.553Z,0.581907534594,2026-08-17 07:41:05.553,1167.573888888889
Pulse experiments,pioreactor01,2026-08-17T01:56:10.551Z,0.581834865383,2026-08-17 07:41:10.551,1167.575277777778
Pulse experiments,pioreactor01,2026-08-17T01:56:15.553Z,0.581771204668,2026-08-17 07:41:15.553,1167.576666666667
Pulse experiments,pioreactor01,2026-08-17T01:56:20.551Z,0.581730728003,2026-08-17 07:41:20.551,1167.578055555555
Pulse experiments,pioreactor01,2026-08-17T01:56:25.550Z,0.58172195889,2026-08-17 07:41:25.550,1167.579444444444
Pulse experiments,pioreactor01,2026-08-17T01:56:30.552Z,0.581671726592,2026-08-17 07:41:30.552,1167.580833333333
Pulse experiments,pioreactor01,2026-08-17T01:56:35.551Z,0.581621660997,2026-08-17 07:41:35.551,1167.582222222222
Pulse experiments,pioreactor01,2026-08-17T01:56:40.551Z,0.581569741636,2026-08-17 07:41:40.551,1167.583611111111
Pulse experiments,pioreactor01,2026-08-17T01:56:45.550Z,0.581514813034,2026-08-17 07:41:45.550,1167.585
Pulse experiments,pioreactor01,2026-08-17T01:56:50.551Z,0.58141772803,2026-08-17 07:41:50.551,1167.586388888889
Pulse experiments,pioreactor01,2026-08-17T01:56:55.550Z,0.581337885038,2026-08-17 07:41:55.550,1167.587777777778
Pulse experiments,pioreactor01,2026-08-17T01:57:00.551Z,0.581293780064,2026-08-17 07:42:00.551,1167.589166666667
Pulse experiments,pioreactor01,2026-08-17T01:57:05.550Z,0.581198566264,2026-08-17 07:42:05.550,1167.590555555556
Pulse experiments,pioreactor01,2026-08-17T01:57:10.551Z,0.581165847923,2026-08-17 07:42:10.551,1167.591944444444
Pulse experiments,pioreactor01,2026-08-17T01:57:15.549Z,0.581115139576,2026-08-17 07:42:15.549,1167.593333333333
Pulse experiments,pioreactor01,2026-08-17T01:57:20.550Z,0.581027813704,2026-08-17 07:42:20.550,1167.594722222222
Pulse experiments,pioreactor01,2026-08-17T01:57:25.551Z,0.580928390233,2026-08-17 07:42:25.551,1167.596111111111
Pulse experiments,pioreactor01,2026-08-17T01:57:30.550Z,0.580863087208,2026-08-17 07:42:30.550,1167.5975
Pulse experiments,pioreactor01,2026-08-17T01:57:35.550Z,0.580804478862,2026-08-17 07:42:35.550,1167.598888888889
Pulse experiments,pioreactor01,2026-08-17T01:57:40.552Z,0.580769456455,2026-08-17 07:42:40.552,1167.600277777778
Pulse experiments,pioreactor01,2026-08-17T01:57:45.552Z,0.580704108183,2026-08-17 07:42:45.552,1167.601666666667
Pulse experiments,pioreactor01,2026-08-17T01:57:50.551Z,0.580644679405,2026-08-17 07:42:50.551,1167.603055555556
Pulse experiments,pioreactor01,2026-08-17T01:57:55.551Z,0.580599710672,2026-08-17 07:42:55.551,1167.604444444444
Pulse experiments,pioreactor01,2026-08-17T01:58:00.550Z,0.580530268802,2026-08-17 07:43:00.550,1167.605833333333
Pulse experiments,pioreactor01,2026-08-17T01:58:05.550Z,0.580475739236,2026-08-17 07:43:05.550,1167.607222222222
Pulse experiments,pioreactor01,2026-08-17T01:58:10.550Z,0.580375050888,2026-08-17 07:43:10.550,1167.608611111111
Pulse experiments,pioreactor01,2026-08-17T01:58:15.551Z,0.580300723123,2026-08-17 07:43:15.551,1167.61
Pulse experiments,pioreactor01,2026-08-17T01:58:20.551Z,0.580233749111,2026-08-17 07:43:20.551,1167.611388888889
Pulse experiments,pioreactor01,2026-08-17T01:58:25.549Z,0.580214900869,2026-08-17 07:43:25.549,1167.612777777778
Pulse experiments,pioreactor01,2026-08-17T01:58:30.552Z,0.580192887263,2026-08-17 07:43:30.552,1167.614166666667
Pulse experiments,pioreactor01,2026-08-17T01:58:35.550Z,0.580191133971,2026-08-17 07:43:35.550,1167.615555555556
Pulse experiments,pioreactor01,2026-08-17T01:58:40.549Z,0.580200489873,2026-08-17 07:43:40.549,1167.616944444444
Pulse experiments,pioreactor01,2026-08-17T01:58:50.553Z,0.580152790925,2026-08-17 07:43:50.553,1167.619722222222
Pulse experiments,pioreactor01,2026-08-17T01:58:55.553Z,0.580098938695,2026-08-17 07:43:55.553,1167.621111111111
Pulse experiments,pioreactor01,2026-08-17T01:59:00.551Z,0.580027951634,2026-08-17 07:44:00.551,1167.6225
Pulse experiments,pioreactor01,2026-08-17T01:59:05.550Z,0.579949960495,2026-08-17 07:44:05.550,1167.623888888889
Pulse experiments,pioreactor01,2026-08-17T01:59:10.550Z,0.579890611096,2026-08-17 07:44:10.550,1167.625277777778
Pulse experiments,pioreactor01,2026-08-17T01:59:15.550Z,0.579831344241,2026-08-17 07:44:15.550,1167.626666666667
Pulse experiments,pioreactor01,2026-08-17T01:59:20.551Z,0.579814755288,2026-08-17 07:44:20.551,1167.628055555556
Pulse experiments,pioreactor01,2026-08-17T01:59:25.552Z,0.579793964183,2026-08-17 07:44:25.552,1167.629444444445
Pulse experiments,pioreactor01,2026-08-17T01:59:30.550Z,0.579740668688,2026-08-17 07:44:30.550,1167.630833333333
Pulse experiments,pioreactor01,2026-08-17T01:59:35.550Z,0.579673388841,2026-08-17 07:44:35.550,1167.632222222222
Pulse experiments,pioreactor01,2026-08-17T01:59:40.550Z,0.579620589815,2026-08-17 07:44:40.550,1167.633611111111
Pulse experiments,pioreactor01,2026-08-17T01:59:45.550Z,0.579560635563,2026-08-17 07:44:45.550,1167.635
Pulse experiments,pioreactor01,2026-08-17T01:59:50.550Z,0.579516443075,2026-08-17 07:44:50.550,1167.636388888889
Pulse experiments,pioreactor01,2026-08-17T01:59:55.551Z,0.579453566519,2026-08-17 07:44:55.551,1167.637777777778
Pulse experiments,pioreactor01,2026-08-17T02:00:00.551Z,0.57941365109,2026-08-17 07:45:00.551,1167.639166666667
Pulse experiments,pioreactor01,2026-08-17T02:00:05.549Z,0.579361894892,2026-08-17 07:45:05.549,1167.640555555555
Pulse experiments,pioreactor01,2026-08-17T02:00:10.553Z,0.579288947828,2026-08-17 07:45:10.553,1167.641944444444
Pulse experiments,pioreactor01,2026-08-17T02:00:15.551Z,0.579251562872,2026-08-17 07:45:15.551,1167.643333333333
Pulse experiments,pioreactor01,2026-08-17T02:00:20.550Z,0.579224901865,2026-08-17 07:45:20.550,1167.644722222222
Pulse experiments,pioreactor01,2026-08-17T02:00:25.551Z,0.579171590519,2026-08-17 07:45:25.551,1167.646111111111
Pulse experiments,pioreactor01,2026-08-17T02:00:30.550Z,0.579097852352,2026-08-17 07:45:30.550,1167.6475
Pulse experiments,pioreactor01,2026-08-17T02:00:35.551Z,0.579018759485,2026-08-17 07:45:35.551,1167.648888888889
Pulse experiments,pioreactor01,2026-08-17T02:00:40.552Z,0.578943304393,2026-08-17 07:45:40.552,1167.650277777778
Pulse experiments,pioreactor01,2026-08-17T02:00:45.550Z,0.57889238358,2026-08-17 07:45:45.550,1167.651666666667
Pulse experiments,pioreactor01,2026-08-17T02:00:50.552Z,0.578827839381,2026-08-17 07:45:50.552,1167.653055555556
Pulse experiments,pioreactor01,2026-08-17T02:00:55.551Z,0.578783859464,2026-08-17 07:45:55.551,1167.654444444444
Pulse experiments,pioreactor01,2026-08-17T02:01:00.549Z,0.578720167281,2026-08-17 07:46:00.549,1167.655833333333
Pulse experiments,pioreactor01,2026-08-17T02:01:05.550Z,0.578663033257,2026-08-17 07:46:05.550,1167.657222222222
Pulse experiments,pioreactor01,2026-08-17T02:01:10.550Z,0.578610194283,2026-08-17 07:46:10.550,1167.658611111111
Pulse experiments,pioreactor01,2026-08-17T02:01:15.549Z,0.578548268481,2026-08-17 07:46:15.549,1167.66
Pulse experiments,pioreactor01,2026-08-17T02:01:20.550Z,0.578472249247,2026-08-17 07:46:20.550,1167.661388888889
Pulse experiments,pioreactor01,2026-08-17T02:01:25.551Z,0.578457954119,2026-08-17 07:46:25.551,1167.662777777778
Pulse experiments,pioreactor01,2026-08-17T02:01:30.550Z,0.578437170186,2026-08-17 07:46:30.550,1167.664166666667
Pulse experiments,pioreactor01,2026-08-17T02:01:35.550Z,0.578438227573,2026-08-17 07:46:35.550,1167.665555555556
Pulse experiments,pioreactor01,2026-08-17T02:01:40.552Z,0.578408122133,2026-08-17 07:46:40.552,1167.666944444444
Pulse experiments,pioreactor01,2026-08-17T02:01:45.550Z,0.57838685914,2026-08-17 07:46:45.550,1167.668333333333
Pulse experiments,pioreactor01,2026-08-17T02:01:50.550Z,0.578337026126,2026-08-17 07:46:50.550,1167.669722222222
Pulse experiments,pioreactor01,2026-08-17T02:01:55.550Z,0.578297000686,2026-08-17 07:46:55.550,1167.671111111111
Pulse experiments,pioreactor01,2026-08-17T02:02:00.549Z,0.578271339345,2026-08-17 07:47:00.549,1167.6725
Pulse experiments,pioreactor01,2026-08-17T02:02:10.549Z,0.57820274406,2026-08-17 07:47:10.549,1167.675277777778
Pulse experiments,pioreactor01,2026-08-17T02:02:15.550Z,0.57816723359,2026-08-17 07:47:15.550,1167.676666666667
Pulse experiments,pioreactor01,2026-08-17T02:02:20.550Z,0.578120370198,2026-08-17 07:47:20.550,1167.678055555556
Pulse experiments,pioreactor01,2026-08-17T02:02:25.550Z,0.578073063003,2026-08-17 07:47:25.550,1167.679444444444
Pulse experiments,pioreactor01,2026-08-17T02:02:30.549Z,0.578007114956,2026-08-17 07:47:30.549,1167.680833333333
Pulse experiments,pioreactor01,2026-08-17T02:02:35.551Z,0.577959362023,2026-08-17 07:47:35.551,1167.682222222222
Pulse experiments,pioreactor01,2026-08-17T02:02:40.550Z,0.577909092373,2026-08-17 07:47:40.550,1167.683611111111
Pulse experiments,pioreactor01,2026-08-17T02:02:45.550Z,0.577839137972,2026-08-17 07:47:45.550,1167.685
Pulse experiments,pioreactor01,2026-08-17T02:02:50.549Z,0.577780625138,2026-08-17 07:47:50.549,1167.686388888889
Pulse experiments,pioreactor01,2026-08-17T02:02:55.549Z,0.577723629286,2026-08-17 07:47:55.549,1167.687777777778
Pulse experiments,pioreactor01,2026-08-17T02:03:00.552Z,0.577667373921,2026-08-17 07:48:00.552,1167.689166666667
Pulse experiments,pioreactor01,2026-08-17T02:03:05.550Z,0.577613046356,2026-08-17 07:48:05.550,1167.690555555556
Pulse experiments,pioreactor01,2026-08-17T02:03:10.549Z,0.577573379495,2026-08-17 07:48:10.549,1167.691944444445
Pulse experiments,pioreactor01,2026-08-17T02:03:15.549Z,0.577553647687,2026-08-17 07:48:15.549,1167.693333333333
Pulse experiments,pioreactor01,2026-08-17T02:03:20.549Z,0.577492082982,2026-08-17 07:48:20.549,1167.694722222222
Pulse experiments,pioreactor01,2026-08-17T02:03:25.550Z,0.577445286375,2026-08-17 07:48:25.550,1167.696111111111
Pulse experiments,pioreactor01,2026-08-17T02:03:30.550Z,0.577420100771,2026-08-17 07:48:30.550,1167.6975
Pulse experiments,pioreactor01,2026-08-17T02:03:35.551Z,0.577368531849,2026-08-17 07:48:35.551,1167.698888888889
Pulse experiments,pioreactor01,2026-08-17T02:03:40.551Z,0.57732098421,2026-08-17 07:48:40.551,1167.700277777778
Pulse experiments,pioreactor01,2026-08-17T02:03:45.552Z,0.577261562723,2026-08-17 07:48:45.552,1167.701666666667
Pulse experiments,pioreactor01,2026-08-17T02:03:50.550Z,0.577206018642,2026-08-17 07:48:50.550,1167.703055555555
Pulse experiments,pioreactor01,2026-08-17T02:03:55.550Z,0.577144169552,2026-08-17 07:48:55.550,1167.704444444444
Pulse experiments,pioreactor01,2026-08-17T02:04:00.550Z,0.577077359589,2026-08-17 07:49:00.550,1167.705833333333
Pulse experiments,pioreactor01,2026-08-17T02:04:05.550Z,0.577036349262,2026-08-17 07:49:05.550,1167.707222222222
Pulse experiments,pioreactor01,2026-08-17T02:04:10.553Z,0.576973641912,2026-08-17 07:49:10.553,1167.708611111111
Pulse experiments,pioreactor01,2026-08-17T02:04:15.550Z,0.57689936906,2026-08-17 07:49:15.550,1167.71
Pulse experiments,pioreactor01,2026-08-17T02:04:20.553Z,0.576844942901,2026-08-17 07:49:20.553,1167.711388888889
Pulse experiments,pioreactor01,2026-08-17T02:04:25.550Z,0.576767377866,2026-08-17 07:49:25.550,1167.712777777778
Pulse experiments,pioreactor01,2026-08-17T02:04:30.552Z,0.576699394827,2026-08-17 07:49:30.552,1167.714166666667
Pulse experiments,pioreactor01,2026-08-17T02:04:35.550Z,0.576638933346,2026-08-17 07:49:35.550,1167.715555555556
Pulse experiments,pioreactor01,2026-08-17T02:04:40.550Z,0.576575471852,2026-08-17 07:49:40.550,1167.716944444444
Pulse experiments,pioreactor01,2026-08-17T02:04:45.550Z,0.576479105209,2026-08-17 07:49:45.550,1167.718333333333
Pulse experiments,pioreactor01,2026-08-17T02:04:50.551Z,0.576423316279,2026-08-17 07:49:50.551,1167.719722222222
Pulse experiments,pioreactor01,2026-08-17T02:04:55.551Z,0.576358429787,2026-08-17 07:49:55.551,1167.721111111111
Pulse experiments,pioreactor01,2026-08-17T02:05:00.550Z,0.576296371608,2026-08-17 07:50:00.550,1167.7225
Pulse experiments,pioreactor01,2026-08-17T02:05:05.550Z,0.576212830057,2026-08-17 07:50:05.550,1167.723888888889
Pulse experiments,pioreactor01,2026-08-17T02:05:10.550Z,0.576119877617,2026-08-17 07:50:10.550,1167.725277777778
Pulse experiments,pioreactor01,2026-08-17T02:05:15.552Z,0.576043465872,2026-08-17 07:50:15.552,1167.726666666667
Pulse experiments,pioreactor01,2026-08-17T02:05:20.552Z,0.575996500553,2026-08-17 07:50:20.552,1167.728055555556
Pulse experiments,pioreactor01,2026-08-17T02:05:25.553Z,0.575987410805,2026-08-17 07:50:25.553,1167.729444444444
Pulse experiments,pioreactor01,2026-08-17T02:05:30.550Z,0.575937688612,2026-08-17 07:50:30.550,1167.730833333333
Pulse experiments,pioreactor01,2026-08-17T02:05:35.550Z,0.575875645348,2026-08-17 07:50:35.550,1167.732222222222
Pulse experiments,pioreactor01,2026-08-17T02:05:40.549Z,0.575840449905,2026-08-17 07:50:40.549,1167.733611111111
Pulse experiments,pioreactor01,2026-08-17T02:05:50.550Z,0.575732081111,2026-08-17 07:50:50.550,1167.736388888889
Pulse experiments,pioreactor01,2026-08-17T02:05:55.550Z,0.57567668278,2026-08-17 07:50:55.550,1167.737777777778
Pulse experiments,pioreactor01,2026-08-17T02:06:00.552Z,0.575606229243,2026-08-17 07:51:00.552,1167.739166666667
Pulse experiments,pioreactor01,2026-08-17T02:06:05.551Z,0.575579649665,2026-08-17 07:51:05.551,1167.740555555556
Pulse experiments,pioreactor01,2026-08-17T02:06:10.551Z,0.575536078103,2026-08-17 07:51:10.551,1167.741944444444
Pulse experiments,pioreactor01,2026-08-17T02:06:15.552Z,0.575503356522,2026-08-17 07:51:15.552,1167.743333333333
Pulse experiments,pioreactor01,2026-08-17T02:06:20.550Z,0.575475914937,2026-08-17 07:51:20.550,1167.744722222222
Pulse experiments,pioreactor01,2026-08-17T02:06:25.551Z,0.575445481455,2026-08-17 07:51:25.551,1167.746111111111
Pulse experiments,pioreactor01,2026-08-17T02:06:30.550Z,0.575415975947,2026-08-17 07:51:30.550,1167.7475
Pulse experiments,pioreactor01,2026-08-17T02:06:40.549Z,0.575302772505,2026-08-17 07:51:40.549,1167.750277777778
Pulse experiments,pioreactor01,2026-08-17T02:06:45.552Z,0.575270166325,2026-08-17 07:51:45.552,1167.751666666667
Pulse experiments,pioreactor01,2026-08-17T02:06:50.551Z,0.575220674704,2026-08-17 07:51:50.551,1167.753055555556
Pulse experiments,pioreactor01,2026-08-17T02:06:55.552Z,0.575185222558,2026-08-17 07:51:55.552,1167.754444444445
Pulse experiments,pioreactor01,2026-08-17T02:07:00.550Z,0.57514356688,2026-08-17 07:52:00.550,1167.755833333333
Pulse experiments,pioreactor01,2026-08-17T02:07:05.550Z,0.575101094459,2026-08-17 07:52:05.550,1167.757222222222
Pulse experiments,pioreactor01,2026-08-17T02:07:10.549Z,0.57508911775,2026-08-17 07:52:10.549,1167.758611111111
Pulse experiments,pioreactor01,2026-08-17T02:07:15.553Z,0.575067300564,2026-08-17 07:52:15.553,1167.76
Pulse experiments,pioreactor01,2026-08-17T02:07:20.551Z,0.575010318355,2026-08-17 07:52:20.551,1167.761388888889
Pulse experiments,pioreactor01,2026-08-17T02:07:25.549Z,0.574968109261,2026-08-17 07:52:25.549,1167.762777777778
Pulse experiments,pioreactor01,2026-08-17T02:07:30.549Z,0.574922514072,2026-08-17 07:52:30.549,1167.764166666667
Pulse experiments,pioreactor01,2026-08-17T02:07:35.551Z,0.574881598714,2026-08-17 07:52:35.551,1167.765555555555
Pulse experiments,pioreactor01,2026-08-17T02:07:40.551Z,0.574826437029,2026-08-17 07:52:40.551,1167.766944444444
Pulse experiments,pioreactor01,2026-08-17T02:07:45.550Z,0.574777727077,2026-08-17 07:52:45.550,1167.768333333333
Pulse experiments,pioreactor01,2026-08-17T02:07:50.551Z,0.574742284753,2026-08-17 07:52:50.551,1167.769722222222
Pulse experiments,pioreactor01,2026-08-17T02:07:55.551Z,0.57469127934,2026-08-17 07:52:55.551,1167.771111111111
Pulse experiments,pioreactor01,2026-08-17T02:08:00.550Z,0.574641692176,2026-08-17 07:53:00.550,1167.7725
Pulse experiments,pioreactor01,2026-08-17T02:08:05.553Z,0.574617117721,2026-08-17 07:53:05.553,1167.773888888889
Pulse experiments,pioreactor01,2026-08-17T02:08:10.549Z,0.574577673347,2026-08-17 07:53:10.549,1167.775277777778
Pulse experiments,pioreactor01,2026-08-17T02:08:20.550Z,0.574509367846,2026-08-17 07:53:20.550,1167.778055555556
Pulse experiments,pioreactor01,2026-08-17T02:08:25.549Z,0.574479883261,2026-08-17 07:53:25.549,1167.779444444444
Pulse experiments,pioreactor01,2026-08-17T02:08:30.550Z,0.574462890298,2026-08-17 07:53:30.550,1167.780833333333
Pulse experiments,pioreactor01,2026-08-17T02:08:35.550Z,0.574445454059,2026-08-17 07:53:35.550,1167.782222222222
Pulse experiments,pioreactor01,2026-08-17T02:08:40.550Z,0.57442455081,2026-08-17 07:53:40.550,1167.783611111111
Pulse experiments,pioreactor01,2026-08-17T02:08:45.550Z,0.574414839874,2026-08-17 07:53:45.550,1167.785
Pulse experiments,pioreactor01,2026-08-17T02:08:55.549Z,0.574320585979,2026-08-17 07:53:55.549,1167.787777777778
Pulse experiments,pioreactor01,2026-08-17T02:09:00.550Z,0.574264874666,2026-08-17 07:54:00.550,1167.789166666667
Pulse experiments,pioreactor01,2026-08-17T02:09:05.551Z,0.574219372713,2026-08-17 07:54:05.551,1167.790555555556
Pulse experiments,pioreactor01,2026-08-17T02:09:10.550Z,0.574146666695,2026-08-17 07:54:10.550,1167.791944444444
Pulse experiments,pioreactor01,2026-08-17T02:09:15.551Z,0.574087096685,2026-08-17 07:54:15.551,1167.793333333333
Pulse experiments,pioreactor01,2026-08-17T02:09:20.551Z,0.574041272837,2026-08-17 07:54:20.551,1167.794722222222
Pulse experiments,pioreactor01,2026-08-17T02:09:25.550Z,0.574007406914,2026-08-17 07:54:25.550,1167.796111111111
Pulse experiments,pioreactor01,2026-08-17T02:09:30.551Z,0.573975766308,2026-08-17 07:54:30.551,1167.7975
Pulse experiments,pioreactor01,2026-08-17T02:09:35.550Z,0.573911604295,2026-08-17 07:54:35.550,1167.798888888889
Pulse experiments,pioreactor01,2026-08-17T02:09:40.550Z,0.573879147345,2026-08-17 07:54:40.550,1167.800277777778
Pulse experiments,pioreactor01,2026-08-17T02:09:45.551Z,0.573877050887,2026-08-17 07:54:45.551,1167.801666666667
Pulse experiments,pioreactor01,2026-08-17T02:09:50.552Z,0.573864031023,2026-08-17 07:54:50.552,1167.803055555556
Pulse experiments,pioreactor01,2026-08-17T02:09:55.551Z,0.573854990859,2026-08-17 07:54:55.551,1167.804444444444
Pulse experiments,pioreactor01,2026-08-17T02:10:00.552Z,0.573836879446,2026-08-17 07:55:00.552,1167.805833333333
Pulse experiments,pioreactor01,2026-08-17T02:10:05.550Z,0.573813279328,2026-08-17 07:55:05.550,1167.807222222222
Pulse experiments,pioreactor01,2026-08-17T02:10:10.551Z,0.573801062923,2026-08-17 07:55:10.551,1167.808611111111
Pulse experiments,pioreactor01,2026-08-17T02:10:15.551Z,0.573765902474,2026-08-17 07:55:15.551,1167.81
Pulse experiments,pioreactor01,2026-08-17T02:10:20.552Z,0.573744213628,2026-08-17 07:55:20.552,1167.811388888889
Pulse experiments,pioreactor01,2026-08-17T02:10:25.551Z,0.573692273314,2026-08-17 07:55:25.551,1167.812777777778
Pulse experiments,pioreactor01,2026-08-17T02:10:30.551Z,0.573647141621,2026-08-17 07:55:30.551,1167.814166666667
Pulse experiments,pioreactor01,2026-08-17T02:10:35.550Z,0.573594899192,2026-08-17 07:55:35.550,1167.815555555556
Pulse experiments,pioreactor01,2026-08-17T02:10:40.550Z,0.573568415188,2026-08-17 07:55:40.550,1167.816944444445
Pulse experiments,pioreactor01,2026-08-17T02:10:45.552Z,0.573508124981,2026-08-17 07:55:45.552,1167.818333333333
Pulse experiments,pioreactor01,2026-08-17T02:10:50.550Z,0.57346706987,2026-08-17 07:55:50.550,1167.819722222222
Pulse experiments,pioreactor01,2026-08-17T02:10:55.551Z,0.573429755661,2026-08-17 07:55:55.551,1167.821111111111
Pulse experiments,pioreactor01,2026-08-17T02:11:00.552Z,0.573386188447,2026-08-17 07:56:00.552,1167.8225
Pulse experiments,pioreactor01,2026-08-17T02:11:10.552Z,0.573310836485,2026-08-17 07:56:10.552,1167.825277777778
Pulse experiments,pioreactor01,2026-08-17T02:11:15.551Z,0.573262342883,2026-08-17 07:56:15.551,1167.826666666667
Pulse experiments,pioreactor01,2026-08-17T02:11:20.552Z,0.573218668869,2026-08-17 07:56:20.552,1167.828055555555
Pulse experiments,pioreactor01,2026-08-17T02:11:25.552Z,0.573204674597,2026-08-17 07:56:25.552,1167.829444444444
Pulse experiments,pioreactor01,2026-08-17T02:11:30.551Z,0.573176433046,2026-08-17 07:56:30.551,1167.830833333333
Pulse experiments,pioreactor01,2026-08-17T02:11:35.549Z,0.57316766172,2026-08-17 07:56:35.549,1167.832222222222
Pulse experiments,pioreactor01,2026-08-17T02:11:40.553Z,0.573140342718,2026-08-17 07:56:40.553,1167.833611111111
Pulse experiments,pioreactor01,2026-08-17T02:11:45.551Z,0.573119161282,2026-08-17 07:56:45.551,1167.835
Pulse experiments,pioreactor01,2026-08-17T02:11:50.550Z,0.573108497372,2026-08-17 07:56:50.550,1167.836388888889
Pulse experiments,pioreactor01,2026-08-17T02:11:55.549Z,0.573059580025,2026-08-17 07:56:55.549,1167.837777777778
Pulse experiments,pioreactor01,2026-08-17T02:12:00.550Z,0.573052501646,2026-08-17 07:57:00.550,1167.839166666667
Pulse experiments,pioreactor01,2026-08-17T02:12:05.549Z,0.573035816855,2026-08-17 07:57:05.549,1167.840555555556
Pulse experiments,pioreactor01,2026-08-17T02:12:10.551Z,0.573027812135,2026-08-17 07:57:10.551,1167.841944444444
Pulse experiments,pioreactor01,2026-08-17T02:12:15.552Z,0.572980206487,2026-08-17 07:57:15.552,1167.843333333333
Pulse experiments,pioreactor01,2026-08-17T02:12:20.549Z,0.57295342678,2026-08-17 07:57:20.549,1167.844722222222
Pulse experiments,pioreactor01,2026-08-17T02:12:25.552Z,0.572952334982,2026-08-17 07:57:25.552,1167.846111111111
Pulse experiments,pioreactor01,2026-08-17T02:12:30.552Z,0.572939151165,2026-08-17 07:57:30.552,1167.8475
Pulse experiments,pioreactor01,2026-08-17T02:12:35.550Z,0.572927038725,2026-08-17 07:57:35.550,1167.848888888889
Pulse experiments,pioreactor01,2026-08-17T02:12:40.552Z,0.572908338751,2026-08-17 07:57:40.552,1167.850277777778
Pulse experiments,pioreactor01,2026-08-17T02:12:45.550Z,0.572905492278,2026-08-17 07:57:45.550,1167.851666666667
Pulse experiments,pioreactor01,2026-08-17T02:12:50.552Z,0.572893282624,2026-08-17 07:57:50.552,1167.853055555556
Pulse experiments,pioreactor01,2026-08-17T02:12:55.550Z,0.572899039094,2026-08-17 07:57:55.550,1167.854444444444
Pulse experiments,pioreactor01,2026-08-17T02:13:00.553Z,0.572892065599,2026-08-17 07:58:00.553,1167.855833333333
Pulse experiments,pioreactor01,2026-08-17T02:13:05.549Z,0.572877135531,2026-08-17 07:58:05.549,1167.857222222222
Pulse experiments,pioreactor01,2026-08-17T02:13:10.550Z,0.572867908827,2026-08-17 07:58:10.550,1167.858611111111
Pulse experiments,pioreactor01,2026-08-17T02:13:15.549Z,0.572867301864,2026-08-17 07:58:15.549,1167.86
Pulse experiments,pioreactor01,2026-08-17T02:13:20.550Z,0.572858813813,2026-08-17 07:58:20.550,1167.861388888889
Pulse experiments,pioreactor01,2026-08-17T02:13:25.551Z,0.572839541469,2026-08-17 07:58:25.551,1167.862777777778
Pulse experiments,pioreactor01,2026-08-17T02:13:30.550Z,0.572814121181,2026-08-17 07:58:30.550,1167.864166666667
Pulse experiments,pioreactor01,2026-08-17T02:13:35.550Z,0.572781117044,2026-08-17 07:58:35.550,1167.865555555556
Pulse experiments,pioreactor01,2026-08-17T02:13:40.551Z,0.572773647592,2026-08-17 07:58:40.551,1167.866944444444
Pulse experiments,pioreactor01,2026-08-17T02:13:45.552Z,0.572779834025,2026-08-17 07:58:45.552,1167.868333333333
Pulse experiments,pioreactor01,2026-08-17T02:13:55.550Z,0.572739827103,2026-08-17 07:58:55.550,1167.871111111111
Pulse experiments,pioreactor01,2026-08-17T02:14:00.552Z,0.572695512266,2026-08-17 07:59:00.552,1167.8725
Pulse experiments,pioreactor01,2026-08-17T02:14:05.550Z,0.572663524792,2026-08-17 07:59:05.550,1167.873888888889
Pulse experiments,pioreactor01,2026-08-17T02:14:10.550Z,0.572645705663,2026-08-17 07:59:10.550,1167.875277777778
Pulse experiments,pioreactor01,2026-08-17T02:14:15.552Z,0.572630710606,2026-08-17 07:59:15.552,1167.876666666667
Pulse experiments,pioreactor01,2026-08-17T02:14:20.550Z,0.572592471496,2026-08-17 07:59:20.550,1167.878055555556
Pulse experiments,pioreactor01,2026-08-17T02:14:25.552Z,0.572557495888,2026-08-17 07:59:25.552,1167.879444444445
Pulse experiments,pioreactor01,2026-08-17T02:14:30.552Z,0.572518241982,2026-08-17 07:59:30.552,1167.880833333333
Pulse experiments,pioreactor01,2026-08-17T02:14:35.552Z,0.572486649723,2026-08-17 07:59:35.552,1167.882222222222
Pulse experiments,pioreactor01,2026-08-17T02:14:40.549Z,0.57247153644,2026-08-17 07:59:40.549,1167.883611111111
Pulse experiments,pioreactor01,2026-08-17T02:14:45.552Z,0.572439257931,2026-08-17 07:59:45.552,1167.885
Pulse experiments,pioreactor01,2026-08-17T02:14:50.551Z,0.572427718542,2026-08-17 07:59:50.551,1167.886388888889
Pulse experiments,pioreactor01,2026-08-17T02:14:55.550Z,0.572422772,2026-08-17 07:59:55.550,1167.887777777778
Pulse experiments,pioreactor01,2026-08-17T02:15:00.552Z,0.572419879846,2026-08-17 08:00:00.552,1167.889166666667
Pulse experiments,pioreactor01,2026-08-17T02:15:05.550Z,0.572378694123,2026-08-17 08:00:05.550,1167.890555555555
Pulse experiments,pioreactor01,2026-08-17T02:15:15.550Z,0.572311827503,2026-08-17 08:00:15.550,1167.893333333333
Pulse experiments,pioreactor01,2026-08-17T02:15:20.550Z,0.572303398861,2026-08-17 08:00:20.550,1167.894722222222
Pulse experiments,pioreactor01,2026-08-17T02:15:25.549Z,0.572300836968,2026-08-17 08:00:25.549,1167.896111111111
Pulse experiments,pioreactor01,2026-08-17T02:15:30.550Z,0.572292010742,2026-08-17 08:00:30.550,1167.8975
Pulse experiments,pioreactor01,2026-08-17T02:15:35.548Z,0.572272684573,2026-08-17 08:00:35.548,1167.898888888889
Pulse experiments,pioreactor01,2026-08-17T02:15:40.549Z,0.572226987869,2026-08-17 08:00:40.549,1167.900277777778
Pulse experiments,pioreactor01,2026-08-17T02:15:45.550Z,0.572204228878,2026-08-17 08:00:45.550,1167.901666666667
Pulse experiments,pioreactor01,2026-08-17T02:15:50.551Z,0.572160612041,2026-08-17 08:00:50.551,1167.903055555556
Pulse experiments,pioreactor01,2026-08-17T02:15:55.551Z,0.572154637565,2026-08-17 08:00:55.551,1167.904444444444
Pulse experiments,pioreactor01,2026-08-17T02:16:00.550Z,0.572128291693,2026-08-17 08:01:00.550,1167.905833333333
Pulse experiments,pioreactor01,2026-08-17T02:16:05.552Z,0.572113520845,2026-08-17 08:01:05.552,1167.907222222222
Pulse experiments,pioreactor01,2026-08-17T02:16:10.550Z,0.572108890343,2026-08-17 08:01:10.550,1167.908611111111
Pulse experiments,pioreactor01,2026-08-17T02:16:15.553Z,0.57211018101,2026-08-17 08:01:15.553,1167.91
Pulse experiments,pioreactor01,2026-08-17T02:16:20.549Z,0.572108252086,2026-08-17 08:01:20.549,1167.911388888889
Pulse experiments,pioreactor01,2026-08-17T02:16:25.550Z,0.572103114536,2026-08-17 08:01:25.550,1167.912777777778
Pulse experiments,pioreactor01,2026-08-17T02:16:30.551Z,0.572089255419,2026-08-17 08:01:30.551,1167.914166666667
Pulse experiments,pioreactor01,2026-08-17T02:16:35.550Z,0.572071378061,2026-08-17 08:01:35.550,1167.915555555556
Pulse experiments,pioreactor01,2026-08-17T02:16:40.552Z,0.572057789592,2026-08-17 08:01:40.552,1167.916944444444
Pulse experiments,pioreactor01,2026-08-17T02:16:45.552Z,0.572026001781,2026-08-17 08:01:45.552,1167.918333333333
Pulse experiments,pioreactor01,2026-08-17T02:16:50.554Z,0.572017178083,2026-08-17 08:01:50.554,1167.919722222222
Pulse experiments,pioreactor01,2026-08-17T02:16:55.550Z,0.572002361409,2026-08-17 08:01:55.550,1167.921111111111
Pulse experiments,pioreactor01,2026-08-17T02:17:00.550Z,0.571952786233,2026-08-17 08:02:00.550,1167.9225
Pulse experiments,pioreactor01,2026-08-17T02:17:05.549Z,0.571923974835,2026-08-17 08:02:05.549,1167.923888888889
Pulse experiments,pioreactor01,2026-08-17T02:17:10.550Z,0.571912347712,2026-08-17 08:02:10.550,1167.925277777778
Pulse experiments,pioreactor01,2026-08-17T02:17:15.550Z,0.571910656152,2026-08-17 08:02:15.550,1167.926666666667
Pulse experiments,pioreactor01,2026-08-17T02:17:20.550Z,0.571911184235,2026-08-17 08:02:20.550,1167.928055555556
Pulse experiments,pioreactor01,2026-08-17T02:17:25.550Z,0.571893964685,2026-08-17 08:02:25.550,1167.929444444444
Pulse experiments,pioreactor01,2026-08-17T02:17:30.550Z,0.571869651735,2026-08-17 08:02:30.550,1167.930833333333
Pulse experiments,pioreactor01,2026-08-17T02:17:35.549Z,0.571853067349,2026-08-17 08:02:35.549,1167.932222222222
Pulse experiments,pioreactor01,2026-08-17T02:17:40.551Z,0.57183203872,2026-08-17 08:02:40.551,1167.933611111111
Pulse experiments,pioreactor01,2026-08-17T02:17:45.551Z,0.571823809319,2026-08-17 08:02:45.551,1167.935
Pulse experiments,pioreactor01,2026-08-17T02:17:55.550Z,0.571763202452,2026-08-17 08:02:55.550,1167.937777777778
Pulse experiments,pioreactor01,2026-08-17T02:18:05.550Z,0.571715126554,2026-08-17 08:03:05.550,1167.940555555556
Pulse experiments,pioreactor01,2026-08-17T02:18:10.552Z,0.571724004081,2026-08-17 08:03:10.552,1167.941944444445
Pulse experiments,pioreactor01,2026-08-17T02:18:15.550Z,0.571708670205,2026-08-17 08:03:15.550,1167.943333333333
Pulse experiments,pioreactor01,2026-08-17T02:18:20.550Z,0.571675130282,2026-08-17 08:03:20.550,1167.944722222222
Pulse experiments,pioreactor01,2026-08-17T02:18:25.549Z,0.571662921217,2026-08-17 08:03:25.549,1167.946111111111
Pulse experiments,pioreactor01,2026-08-17T02:18:30.552Z,0.571645026737,2026-08-17 08:03:30.552,1167.9475
Pulse experiments,pioreactor01,2026-08-17T02:18:35.550Z,0.571653297769,2026-08-17 08:03:35.550,1167.948888888889
Pulse experiments,pioreactor01,2026-08-17T02:18:40.552Z,0.571669768023,2026-08-17 08:03:40.552,1167.950277777778
Pulse experiments,pioreactor01,2026-08-17T02:18:45.551Z,0.571682669302,2026-08-17 08:03:45.551,1167.951666666667
Pulse experiments,pioreactor01,2026-08-17T02:18:50.549Z,0.571699622908,2026-08-17 08:03:50.549,1167.953055555555
Pulse experiments,pioreactor01,2026-08-17T02:18:55.551Z,0.571701228471,2026-08-17 08:03:55.551,1167.954444444444
Pulse experiments,pioreactor01,2026-08-17T02:19:00.553Z,0.571681927115,2026-08-17 08:04:00.553,1167.955833333333
Pulse experiments,pioreactor01,2026-08-17T02:19:05.550Z,0.571673547892,2026-08-17 08:04:05.550,1167.957222222222
Pulse experiments,pioreactor01,2026-08-17T02:19:10.551Z,0.5716580843,2026-08-17 08:04:10.551,1167.958611111111
Pulse experiments,pioreactor01,2026-08-17T02:19:15.549Z,0.571656858621,2026-08-17 08:04:15.549,1167.96
Pulse experiments,pioreactor01,2026-08-17T02:19:20.551Z,0.571608264316,2026-08-17 08:04:20.551,1167.961388888889
Pulse experiments,pioreactor01,2026-08-17T02:19:25.549Z,0.571604151969,2026-08-17 08:04:25.549,1167.962777777778
Pulse experiments,pioreactor01,2026-08-17T02:19:30.549Z,0.571577376099,2026-08-17 08:04:30.549,1167.964166666667
Pulse experiments,pioreactor01,2026-08-17T02:19:35.551Z,0.57153151116,2026-08-17 08:04:35.551,1167.965555555556
Pulse experiments,pioreactor01,2026-08-17T02:19:40.551Z,0.571538070507,2026-08-17 08:04:40.551,1167.966944444444
Pulse experiments,pioreactor01,2026-08-17T02:19:45.553Z,0.571545275592,2026-08-17 08:04:45.553,1167.968333333333
Pulse experiments,pioreactor01,2026-08-17T02:19:50.550Z,0.571528539723,2026-08-17 08:04:50.550,1167.969722222222
Pulse experiments,pioreactor01,2026-08-17T02:19:55.551Z,0.571492564146,2026-08-17 08:04:55.551,1167.971111111111
Pulse experiments,pioreactor01,2026-08-17T02:20:00.549Z,0.57146012908,2026-08-17 08:05:00.549,1167.9725
Pulse experiments,pioreactor01,2026-08-17T02:20:05.550Z,0.571452775115,2026-08-17 08:05:05.550,1167.973888888889
Pulse experiments,pioreactor01,2026-08-17T02:20:10.549Z,0.571451702754,2026-08-17 08:05:10.549,1167.975277777778
Pulse experiments,pioreactor01,2026-08-17T02:20:20.550Z,0.571425351734,2026-08-17 08:05:20.550,1167.978055555556
Pulse experiments,pioreactor01,2026-08-17T02:20:25.553Z,0.571433883524,2026-08-17 08:05:25.553,1167.979444444444
Pulse experiments,pioreactor01,2026-08-17T02:20:30.549Z,0.571446674521,2026-08-17 08:05:30.549,1167.980833333333
Pulse experiments,pioreactor01,2026-08-17T02:20:35.549Z,0.571452460768,2026-08-17 08:05:35.549,1167.982222222222
Pulse experiments,pioreactor01,2026-08-17T02:20:40.550Z,0.571462607998,2026-08-17 08:05:40.550,1167.983611111111
Pulse experiments,pioreactor01,2026-08-17T02:20:45.550Z,0.571457284867,2026-08-17 08:05:45.550,1167.985
Pulse experiments,pioreactor01,2026-08-17T02:20:50.550Z,0.571453849639,2026-08-17 08:05:50.550,1167.986388888889
Pulse experiments,pioreactor01,2026-08-17T02:20:55.549Z,0.571426144186,2026-08-17 08:05:55.549,1167.987777777778
Pulse experiments,pioreactor01,2026-08-17T02:21:00.551Z,0.571400012267,2026-08-17 08:06:00.551,1167.989166666667
Pulse experiments,pioreactor01,2026-08-17T02:21:05.551Z,0.571373304021,2026-08-17 08:06:05.551,1167.990555555556
Pulse experiments,pioreactor01,2026-08-17T02:21:10.550Z,0.571354312813,2026-08-17 08:06:10.550,1167.991944444444
Pulse experiments,pioreactor01,2026-08-17T02:21:15.550Z,0.571333059518,2026-08-17 08:06:15.550,1167.993333333333
Pulse experiments,pioreactor01,2026-08-17T02:21:20.550Z,0.571327090127,2026-08-17 08:06:20.550,1167.994722222222
Pulse experiments,pioreactor01,2026-08-17T02:21:25.552Z,0.571326436733,2026-08-17 08:06:25.552,1167.996111111111
Pulse experiments,pioreactor01,2026-08-17T02:21:30.551Z,0.571337399267,2026-08-17 08:06:30.551,1167.9975
Pulse experiments,pioreactor01,2026-08-17T02:21:35.551Z,0.571373581341,2026-08-17 08:06:35.551,1167.998888888889
Pulse experiments,pioreactor01,2026-08-17T02:21:40.551Z,0.571374161891,2026-08-17 08:06:40.551,1168.000277777778
Pulse experiments,pioreactor01,2026-08-17T02:21:45.549Z,0.571370322461,2026-08-17 08:06:45.549,1168.001666666667
Pulse experiments,pioreactor01,2026-08-17T02:21:50.551Z,0.571363912633,2026-08-17 08:06:50.551,1168.003055555556
Pulse experiments,pioreactor01,2026-08-17T02:21:55.550Z,0.571364904462,2026-08-17 08:06:55.550,1168.004444444445
Pulse experiments,pioreactor01,2026-08-17T02:22:00.552Z,0.571374530155,2026-08-17 08:07:00.552,1168.005833333333
Pulse experiments,pioreactor01,2026-08-17T02:22:05.549Z,0.571391200843,2026-08-17 08:07:05.549,1168.007222222222
Pulse experiments,pioreactor01,2026-08-17T02:22:10.551Z,0.571406989112,2026-08-17 08:07:10.551,1168.008611111111
Pulse experiments,pioreactor01,2026-08-17T02:22:15.549Z,0.571423948958,2026-08-17 08:07:15.549,1168.01
Pulse experiments,pioreactor01,2026-08-17T02:22:20.552Z,0.571404815393,2026-08-17 08:07:20.552,1168.011388888889
Pulse experiments,pioreactor01,2026-08-17T02:22:30.553Z,0.571383625702,2026-08-17 08:07:30.553,1168.014166666667
Pulse experiments,pioreactor01,2026-08-17T02:22:35.551Z,0.571372638053,2026-08-17 08:07:35.551,1168.015555555555
Pulse experiments,pioreactor01,2026-08-17T02:22:40.550Z,0.57136952027,2026-08-17 08:07:40.550,1168.016944444444
Pulse experiments,pioreactor01,2026-08-17T02:22:50.551Z,0.571379068714,2026-08-17 08:07:50.551,1168.019722222222
Pulse experiments,pioreactor01,2026-08-17T02:22:55.551Z,0.571375405052,2026-08-17 08:07:55.551,1168.021111111111
Pulse experiments,pioreactor01,2026-08-17T02:23:00.550Z,0.571380270361,2026-08-17 08:08:00.550,1168.0225
Pulse experiments,pioreactor01,2026-08-17T02:23:05.552Z,0.571368414051,2026-08-17 08:08:05.552,1168.023888888889
Pulse experiments,pioreactor01,2026-08-17T02:23:10.551Z,0.571365113591,2026-08-17 08:08:10.551,1168.025277777778
Pulse experiments,pioreactor01,2026-08-17T02:23:15.549Z,0.571362254135,2026-08-17 08:08:15.549,1168.026666666667
Pulse experiments,pioreactor01,2026-08-17T02:23:20.551Z,0.571356670387,2026-08-17 08:08:20.551,1168.028055555556
Pulse experiments,pioreactor01,2026-08-17T02:23:25.550Z,0.571369729268,2026-08-17 08:08:25.550,1168.029444444444
Pulse experiments,pioreactor01,2026-08-17T02:23:30.553Z,0.571352266358,2026-08-17 08:08:30.553,1168.030833333333
Pulse experiments,pioreactor01,2026-08-17T02:23:35.553Z,0.571328376204,2026-08-17 08:08:35.553,1168.032222222222
Pulse experiments,pioreactor01,2026-08-17T02:23:40.551Z,0.571316187023,2026-08-17 08:08:40.551,1168.033611111111
Pulse experiments,pioreactor01,2026-08-17T02:23:45.551Z,0.571296070727,2026-08-17 08:08:45.551,1168.035
Pulse experiments,pioreactor01,2026-08-17T02:23:50.552Z,0.571304811196,2026-08-17 08:08:50.552,1168.036388888889
Pulse experiments,pioreactor01,2026-08-17T02:23:55.551Z,0.57132608209,2026-08-17 08:08:55.551,1168.037777777778
Pulse experiments,pioreactor01,2026-08-17T02:24:00.550Z,0.571335921899,2026-08-17 08:09:00.550,1168.039166666667
Pulse experiments,pioreactor01,2026-08-17T02:24:05.549Z,0.571348488824,2026-08-17 08:09:05.549,1168.040555555556
Pulse experiments,pioreactor01,2026-08-17T02:24:10.549Z,0.571366075108,2026-08-17 08:09:10.549,1168.041944444444
Pulse experiments,pioreactor01,2026-08-17T02:24:15.550Z,0.571392422467,2026-08-17 08:09:15.550,1168.043333333333
Pulse experiments,pioreactor01,2026-08-17T02:24:20.550Z,0.571408450534,2026-08-17 08:09:20.550,1168.044722222222
Pulse experiments,pioreactor01,2026-08-17T02:24:25.550Z,0.571406666683,2026-08-17 08:09:25.550,1168.046111111111
Pulse experiments,pioreactor01,2026-08-17T02:24:30.552Z,0.571385312017,2026-08-17 08:09:30.552,1168.0475
Pulse experiments,pioreactor01,2026-08-17T02:24:40.550Z,0.571377196923,2026-08-17 08:09:40.550,1168.050277777778
Pulse experiments,pioreactor01,2026-08-17T02:24:45.551Z,0.571377496558,2026-08-17 08:09:45.551,1168.051666666667
Pulse experiments,pioreactor01,2026-08-17T02:24:50.551Z,0.57137305001,2026-08-17 08:09:50.551,1168.053055555556
Pulse experiments,pioreactor01,2026-08-17T02:24:55.550Z,0.571370461997,2026-08-17 08:09:55.550,1168.054444444444
Pulse experiments,pioreactor01,2026-08-17T02:25:05.552Z,0.571315720656,2026-08-17 08:10:05.552,1168.057222222222
Pulse experiments,pioreactor01,2026-08-17T02:25:10.550Z,0.571304069725,2026-08-17 08:10:10.550,1168.058611111111
Pulse experiments,pioreactor01,2026-08-17T02:25:15.551Z,0.57130551973,2026-08-17 08:10:15.551,1168.06
Pulse experiments,pioreactor01,2026-08-17T02:25:20.550Z,0.571299489052,2026-08-17 08:10:20.550,1168.061388888889
Pulse experiments,pioreactor01,2026-08-17T02:25:25.552Z,0.571331057185,2026-08-17 08:10:25.552,1168.062777777778
Pulse experiments,pioreactor01,2026-08-17T02:25:30.552Z,0.57136715344,2026-08-17 08:10:30.552,1168.064166666667
Pulse experiments,pioreactor01,2026-08-17T02:25:35.549Z,0.571364928463,2026-08-17 08:10:35.549,1168.065555555556
Pulse experiments,pioreactor01,2026-08-17T02:25:40.550Z,0.57136545927,2026-08-17 08:10:40.550,1168.066944444445
Pulse experiments,pioreactor01,2026-08-17T02:25:45.552Z,0.571349855546,2026-08-17 08:10:45.552,1168.068333333333
Pulse experiments,pioreactor01,2026-08-17T02:25:50.552Z,0.571342876939,2026-08-17 08:10:50.552,1168.069722222222
Pulse experiments,pioreactor01,2026-08-17T02:25:55.552Z,0.571361775597,2026-08-17 08:10:55.552,1168.071111111111
Pulse experiments,pioreactor01,2026-08-17T02:26:00.552Z,0.571349580663,2026-08-17 08:11:00.552,1168.0725
Pulse experiments,pioreactor01,2026-08-17T02:26:05.553Z,0.571347831687,2026-08-17 08:11:05.553,1168.073888888889
Pulse experiments,pioreactor01,2026-08-17T02:26:10.550Z,0.571341225029,2026-08-17 08:11:10.550,1168.075277777778
Pulse experiments,pioreactor01,2026-08-17T02:26:15.551Z,0.571362289043,2026-08-17 08:11:15.551,1168.076666666667
Pulse experiments,pioreactor01,2026-08-17T02:26:20.551Z,0.571377002923,2026-08-17 08:11:20.551,1168.078055555555
Pulse experiments,pioreactor01,2026-08-17T02:26:25.550Z,0.571400645024,2026-08-17 08:11:25.550,1168.079444444444
Pulse experiments,pioreactor01,2026-08-17T02:26:30.552Z,0.571415363776,2026-08-17 08:11:30.552,1168.080833333333
Pulse experiments,pioreactor01,2026-08-17T02:26:35.549Z,0.571425903572,2026-08-17 08:11:35.549,1168.082222222222
Pulse experiments,pioreactor01,2026-08-17T02:26:40.551Z,0.571427638276,2026-08-17 08:11:40.551,1168.083611111111
Pulse experiments,pioreactor01,2026-08-17T02:26:45.551Z,0.571445773397,2026-08-17 08:11:45.551,1168.085
Pulse experiments,pioreactor01,2026-08-17T02:26:55.554Z,0.571427743977,2026-08-17 08:11:55.554,1168.087777777778
Pulse experiments,pioreactor01,2026-08-17T02:27:00.551Z,0.571423424092,2026-08-17 08:12:00.551,1168.089166666667
Pulse experiments,pioreactor01,2026-08-17T02:27:05.550Z,0.57141906319,2026-08-17 08:12:05.550,1168.090555555556
Pulse experiments,pioreactor01,2026-08-17T02:27:10.550Z,0.571420131236,2026-08-17 08:12:10.550,1168.091944444444
Pulse experiments,pioreactor01,2026-08-17T02:27:15.549Z,0.571408946907,2026-08-17 08:12:15.549,1168.093333333333
Pulse experiments,pioreactor01,2026-08-17T02:27:20.551Z,0.571400814567,2026-08-17 08:12:20.551,1168.094722222222
Pulse experiments,pioreactor01,2026-08-17T02:27:25.552Z,0.571398971205,2026-08-17 08:12:25.552,1168.096111111111
Pulse experiments,pioreactor01,2026-08-17T02:27:30.551Z,0.571406102474,2026-08-17 08:12:30.551,1168.0975
Pulse experiments,pioreactor01,2026-08-17T02:27:35.550Z,0.571414382245,2026-08-17 08:12:35.550,1168.098888888889
Pulse experiments,pioreactor01,2026-08-17T02:27:40.551Z,0.57144069075,2026-08-17 08:12:40.551,1168.100277777778
Pulse experiments,pioreactor01,2026-08-17T02:27:45.554Z,0.571449701178,2026-08-17 08:12:45.554,1168.101666666667
Pulse experiments,pioreactor01,2026-08-17T02:27:50.550Z,0.571461475072,2026-08-17 08:12:50.550,1168.103055555556
Pulse experiments,pioreactor01,2026-08-17T02:27:55.550Z,0.571470768373,2026-08-17 08:12:55.550,1168.104444444444
Pulse experiments,pioreactor01,2026-08-17T02:28:00.550Z,0.571460777588,2026-08-17 08:13:00.550,1168.105833333333
Pulse experiments,pioreactor01,2026-08-17T02:28:05.550Z,0.57146120108,2026-08-17 08:13:05.550,1168.107222222222
Pulse experiments,pioreactor01,2026-08-17T02:28:10.550Z,0.571463573079,2026-08-17 08:13:10.550,1168.108611111111
Pulse experiments,pioreactor01,2026-08-17T02:28:15.551Z,0.571443720255,2026-08-17 08:13:15.551,1168.11
Pulse experiments,pioreactor01,2026-08-17T02:28:20.551Z,0.571422195911,2026-08-17 08:13:20.551,1168.111388888889
Pulse experiments,pioreactor01,2026-08-17T02:28:25.549Z,0.571427305574,2026-08-17 08:13:25.549,1168.112777777778
Pulse experiments,pioreactor01,2026-08-17T02:28:30.552Z,0.571442786471,2026-08-17 08:13:30.552,1168.114166666667
Pulse experiments,pioreactor01,2026-08-17T02:28:35.550Z,0.571457460665,2026-08-17 08:13:35.550,1168.115555555556
Pulse experiments,pioreactor01,2026-08-17T02:28:40.551Z,0.571454591839,2026-08-17 08:13:40.551,1168.116944444444
Pulse experiments,pioreactor01,2026-08-17T02:28:45.552Z,0.571472751638,2026-08-17 08:13:45.552,1168.118333333333
Pulse experiments,pioreactor01,2026-08-17T02:28:50.550Z,0.571497672591,2026-08-17 08:13:50.550,1168.119722222222
Pulse experiments,pioreactor01,2026-08-17T02:28:55.551Z,0.571527729759,2026-08-17 08:13:55.551,1168.121111111111
Pulse experiments,pioreactor01,2026-08-17T02:29:00.551Z,0.5715363848,2026-08-17 08:14:00.551,1168.1225
Pulse experiments,pioreactor01,2026-08-17T02:29:05.551Z,0.571539495479,2026-08-17 08:14:05.551,1168.123888888889
Pulse experiments,pioreactor01,2026-08-17T02:29:10.551Z,0.57153221001,2026-08-17 08:14:10.551,1168.125277777778
Pulse experiments,pioreactor01,2026-08-17T02:29:15.551Z,0.571560075211,2026-08-17 08:14:15.551,1168.126666666667
Pulse experiments,pioreactor01,2026-08-17T02:29:20.552Z,0.571553600492,2026-08-17 08:14:20.552,1168.128055555556
Pulse experiments,pioreactor01,2026-08-17T02:29:25.550Z,0.571569037909,2026-08-17 08:14:25.550,1168.129444444445
Pulse experiments,pioreactor01,2026-08-17T02:29:30.552Z,0.571579047079,2026-08-17 08:14:30.552,1168.130833333333
Pulse experiments,pioreactor01,2026-08-17T02:29:35.551Z,0.571574953988,2026-08-17 08:14:35.551,1168.132222222222
Pulse experiments,pioreactor01,2026-08-17T02:29:40.551Z,0.571580470505,2026-08-17 08:14:40.551,1168.133611111111
Pulse experiments,pioreactor01,2026-08-17T02:29:45.549Z,0.571605811863,2026-08-17 08:14:45.549,1168.135
Pulse experiments,pioreactor01,2026-08-17T02:29:50.549Z,0.57162205788,2026-08-17 08:14:50.549,1168.136388888889
Pulse experiments,pioreactor01,2026-08-17T02:29:55.550Z,0.571608358599,2026-08-17 08:14:55.550,1168.137777777778
Pulse experiments,pioreactor01,2026-08-17T02:30:05.551Z,0.571605467752,2026-08-17 08:15:05.551,1168.140555555555
Pulse experiments,pioreactor01,2026-08-17T02:30:10.550Z,0.571599041541,2026-08-17 08:15:10.550,1168.141944444444
Pulse experiments,pioreactor01,2026-08-17T02:30:15.550Z,0.57160059575,2026-08-17 08:15:15.550,1168.143333333333
Pulse experiments,pioreactor01,2026-08-17T02:30:25.552Z,0.571608234522,2026-08-17 08:15:25.552,1168.146111111111
Pulse experiments,pioreactor01,2026-08-17T02:30:30.552Z,0.571619929929,2026-08-17 08:15:30.552,1168.1475
Pulse experiments,pioreactor01,2026-08-17T02:30:35.549Z,0.571623314385,2026-08-17 08:15:35.549,1168.148888888889
Pulse experiments,pioreactor01,2026-08-17T02:30:40.551Z,0.571628838392,2026-08-17 08:15:40.551,1168.150277777778
Pulse experiments,pioreactor01,2026-08-17T02:30:45.551Z,0.571616715448,2026-08-17 08:15:45.551,1168.151666666667
Pulse experiments,pioreactor01,2026-08-17T02:30:50.553Z,0.571609476613,2026-08-17 08:15:50.553,1168.153055555556
Pulse experiments,pioreactor01,2026-08-17T02:30:55.549Z,0.571578831788,2026-08-17 08:15:55.549,1168.154444444444
Pulse experiments,pioreactor01,2026-08-17T02:31:00.549Z,0.571576980565,2026-08-17 08:16:00.549,1168.155833333333
Pulse experiments,pioreactor01,2026-08-17T02:31:05.555Z,0.571579786972,2026-08-17 08:16:05.555,1168.157222222222
Pulse experiments,pioreactor01,2026-08-17T02:31:10.550Z,0.571578241928,2026-08-17 08:16:10.550,1168.158611111111
Pulse experiments,pioreactor01,2026-08-17T02:31:15.551Z,0.571573023784,2026-08-17 08:16:15.551,1168.16
Pulse experiments,pioreactor01,2026-08-17T02:31:20.552Z,0.571595668594,2026-08-17 08:16:20.552,1168.161388888889
Pulse experiments,pioreactor01,2026-08-17T02:31:25.551Z,0.571603868919,2026-08-17 08:16:25.551,1168.162777777778
Pulse experiments,pioreactor01,2026-08-17T02:31:30.550Z,0.571629290653,2026-08-17 08:16:30.550,1168.164166666667
Pulse experiments,pioreactor01,2026-08-17T02:31:35.554Z,0.571653072905,2026-08-17 08:16:35.554,1168.165555555556
Pulse experiments,pioreactor01,2026-08-17T02:31:40.551Z,0.571651742592,2026-08-17 08:16:40.551,1168.166944444444
Pulse experiments,pioreactor01,2026-08-17T02:31:45.550Z,0.571652328083,2026-08-17 08:16:45.550,1168.168333333333
Pulse experiments,pioreactor01,2026-08-17T02:31:50.550Z,0.571646777459,2026-08-17 08:16:50.550,1168.169722222222
Pulse experiments,pioreactor01,2026-08-17T02:31:55.550Z,0.571663942508,2026-08-17 08:16:55.550,1168.171111111111
Pulse experiments,pioreactor01,2026-08-17T02:32:05.551Z,0.571663990723,2026-08-17 08:17:05.551,1168.173888888889
Pulse experiments,pioreactor01,2026-08-17T02:32:10.552Z,0.571662274713,2026-08-17 08:17:10.552,1168.175277777778
Pulse experiments,pioreactor01,2026-08-17T02:32:15.549Z,0.571648815492,2026-08-17 08:17:15.549,1168.176666666667
Pulse experiments,pioreactor01,2026-08-17T02:32:20.551Z,0.571636252316,2026-08-17 08:17:20.551,1168.178055555556
Pulse experiments,pioreactor01,2026-08-17T02:32:25.551Z,0.571612065062,2026-08-17 08:17:25.551,1168.179444444444
Pulse experiments,pioreactor01,2026-08-17T02:32:30.554Z,0.571610512575,2026-08-17 08:17:30.554,1168.180833333333
Pulse experiments,pioreactor01,2026-08-17T02:32:35.550Z,0.571608524133,2026-08-17 08:17:35.550,1168.182222222222
Pulse experiments,pioreactor01,2026-08-17T02:32:40.550Z,0.571612211275,2026-08-17 08:17:40.550,1168.183611111111
Pulse experiments,pioreactor01,2026-08-17T02:32:45.552Z,0.571622501282,2026-08-17 08:17:45.552,1168.185
Pulse experiments,pioreactor01,2026-08-17T02:32:50.551Z,0.571647635256,2026-08-17 08:17:50.551,1168.186388888889
Pulse experiments,pioreactor01,2026-08-17T02:32:55.553Z,0.57164839448,2026-08-17 08:17:55.553,1168.187777777778
Pulse experiments,pioreactor01,2026-08-17T02:33:00.550Z,0.571669775443,2026-08-17 08:18:00.550,1168.189166666667
Pulse experiments,pioreactor01,2026-08-17T02:33:05.552Z,0.571687362957,2026-08-17 08:18:05.552,1168.190555555556
Pulse experiments,pioreactor01,2026-08-17T02:33:10.551Z,0.571700791993,2026-08-17 08:18:10.551,1168.191944444445
Pulse experiments,pioreactor01,2026-08-17T02:33:15.549Z,0.571708501759,2026-08-17 08:18:15.549,1168.193333333333
Pulse experiments,pioreactor01,2026-08-17T02:33:20.549Z,0.571698341486,2026-08-17 08:18:20.549,1168.194722222222
Pulse experiments,pioreactor01,2026-08-17T02:33:25.550Z,0.571694448725,2026-08-17 08:18:25.550,1168.196111111111
Pulse experiments,pioreactor01,2026-08-17T02:33:30.550Z,0.571706569627,2026-08-17 08:18:30.550,1168.1975
Pulse experiments,pioreactor01,2026-08-17T02:33:35.551Z,0.571723413451,2026-08-17 08:18:35.551,1168.198888888889
Pulse experiments,pioreactor01,2026-08-17T02:33:40.550Z,0.571757429769,2026-08-17 08:18:40.550,1168.200277777778
Pulse experiments,pioreactor01,2026-08-17T02:33:45.551Z,0.571794101848,2026-08-17 08:18:45.551,1168.201666666667
Pulse experiments,pioreactor01,2026-08-17T02:33:50.551Z,0.571779328433,2026-08-17 08:18:50.551,1168.203055555555
Pulse experiments,pioreactor01,2026-08-17T02:33:55.550Z,0.57179501183,2026-08-17 08:18:55.550,1168.204444444444
Pulse experiments,pioreactor01,2026-08-17T02:34:00.550Z,0.571799977098,2026-08-17 08:19:00.550,1168.205833333333
Pulse experiments,pioreactor01,2026-08-17T02:34:10.551Z,0.571796638068,2026-08-17 08:19:10.551,1168.208611111111
Pulse experiments,pioreactor01,2026-08-17T02:34:15.549Z,0.571795151035,2026-08-17 08:19:15.549,1168.21
Pulse experiments,pioreactor01,2026-08-17T02:34:20.551Z,0.571801688956,2026-08-17 08:19:20.551,1168.211388888889
Pulse experiments,pioreactor01,2026-08-17T02:34:25.549Z,0.571807689362,2026-08-17 08:19:25.549,1168.212777777778
Pulse experiments,pioreactor01,2026-08-17T02:34:30.549Z,0.571812875534,2026-08-17 08:19:30.549,1168.214166666667
Pulse experiments,pioreactor01,2026-08-17T02:34:35.549Z,0.571808213202,2026-08-17 08:19:35.549,1168.215555555556
Pulse experiments,pioreactor01,2026-08-17T02:34:40.551Z,0.571785918229,2026-08-17 08:19:40.551,1168.216944444444
Pulse experiments,pioreactor01,2026-08-17T02:34:45.551Z,0.571780601567,2026-08-17 08:19:45.551,1168.218333333333
Pulse experiments,pioreactor01,2026-08-17T02:34:50.551Z,0.571782521723,2026-08-17 08:19:50.551,1168.219722222222
Pulse experiments,pioreactor01,2026-08-17T02:35:00.551Z,0.571778056101,2026-08-17 08:20:00.551,1168.2225
Pulse experiments,pioreactor01,2026-08-17T02:35:05.549Z,0.57179259483,2026-08-17 08:20:05.549,1168.223888888889
Pulse experiments,pioreactor01,2026-08-17T02:35:10.550Z,0.571818895068,2026-08-17 08:20:10.550,1168.225277777778
Pulse experiments,pioreactor01,2026-08-17T02:35:15.558Z,0.571835749811,2026-08-17 08:20:15.558,1168.226666666667
Pulse experiments,pioreactor01,2026-08-17T02:35:20.551Z,0.571855429981,2026-08-17 08:20:20.551,1168.228055555556
Pulse experiments,pioreactor01,2026-08-17T02:35:25.551Z,0.571869788014,2026-08-17 08:20:25.551,1168.229444444444
Pulse experiments,pioreactor01,2026-08-17T02:35:30.552Z,0.571872687937,2026-08-17 08:20:30.552,1168.230833333333
Pulse experiments,pioreactor01,2026-08-17T02:35:35.549Z,0.571873832656,2026-08-17 08:20:35.549,1168.232222222222
Pulse experiments,pioreactor01,2026-08-17T02:35:40.549Z,0.571883236713,2026-08-17 08:20:40.549,1168.233611111111
Pulse experiments,pioreactor01,2026-08-17T02:35:45.552Z,0.571894111546,2026-08-17 08:20:45.552,1168.235
Pulse experiments,pioreactor01,2026-08-17T02:35:50.550Z,0.571923341555,2026-08-17 08:20:50.550,1168.236388888889
Pulse experiments,pioreactor01,2026-08-17T02:35:55.552Z,0.57193656293,2026-08-17 08:20:55.552,1168.237777777778
Pulse experiments,pioreactor01,2026-08-17T02:36:00.553Z,0.571967014262,2026-08-17 08:21:00.553,1168.239166666667
Pulse experiments,pioreactor01,2026-08-17T02:36:05.550Z,0.571973794963,2026-08-17 08:21:05.550,1168.240555555556
Pulse experiments,pioreactor01,2026-08-17T02:36:10.550Z,0.571995492165,2026-08-17 08:21:10.550,1168.241944444444
Pulse experiments,pioreactor01,2026-08-17T02:36:15.551Z,0.572007705742,2026-08-17 08:21:15.551,1168.243333333333
Pulse experiments,pioreactor01,2026-08-17T02:36:20.551Z,0.572036497125,2026-08-17 08:21:20.551,1168.244722222222
Pulse experiments,pioreactor01,2026-08-17T02:36:25.551Z,0.572055396687,2026-08-17 08:21:25.551,1168.246111111111
Pulse experiments,pioreactor01,2026-08-17T02:36:30.550Z,0.572055242783,2026-08-17 08:21:30.550,1168.2475
Pulse experiments,pioreactor01,2026-08-17T02:36:35.551Z,0.572056394377,2026-08-17 08:21:35.551,1168.248888888889
Pulse experiments,pioreactor01,2026-08-17T02:36:40.549Z,0.572050512127,2026-08-17 08:21:40.549,1168.250277777778
Pulse experiments,pioreactor01,2026-08-17T02:36:45.552Z,0.572063711391,2026-08-17 08:21:45.552,1168.251666666667
Pulse experiments,pioreactor01,2026-08-17T02:36:55.551Z,0.572052868883,2026-08-17 08:21:55.551,1168.254444444445
Pulse experiments,pioreactor01,2026-08-17T02:37:00.550Z,0.572035244751,2026-08-17 08:22:00.550,1168.255833333333
Pulse experiments,pioreactor01,2026-08-17T02:37:05.551Z,0.572040588479,2026-08-17 08:22:05.551,1168.257222222222
Pulse experiments,pioreactor01,2026-08-17T02:37:10.551Z,0.57206659057,2026-08-17 08:22:10.551,1168.258611111111
Pulse experiments,pioreactor01,2026-08-17T02:37:15.550Z,0.572086491856,2026-08-17 08:22:15.550,1168.26
Pulse experiments,pioreactor01,2026-08-17T02:37:20.550Z,0.572103391614,2026-08-17 08:22:20.550,1168.261388888889
Pulse experiments,pioreactor01,2026-08-17T02:37:25.550Z,0.572105341637,2026-08-17 08:22:25.550,1168.262777777778
Pulse experiments,pioreactor01,2026-08-17T02:37:30.552Z,0.572089717195,2026-08-17 08:22:30.552,1168.264166666667
Pulse experiments,pioreactor01,2026-08-17T02:37:35.552Z,0.572100129965,2026-08-17 08:22:35.552,1168.265555555555
Pulse experiments,pioreactor01,2026-08-17T02:37:40.551Z,0.572137244565,2026-08-17 08:22:40.551,1168.266944444444
Pulse experiments,pioreactor01,2026-08-17T02:37:45.550Z,0.572162371083,2026-08-17 08:22:45.550,1168.268333333333
Pulse experiments,pioreactor01,2026-08-17T02:37:50.550Z,0.57215196116,2026-08-17 08:22:50.550,1168.269722222222
Pulse experiments,pioreactor01,2026-08-17T02:37:55.550Z,0.572151518836,2026-08-17 08:22:55.550,1168.271111111111
Pulse experiments,pioreactor01,2026-08-17T02:38:00.551Z,0.572149144066,2026-08-17 08:23:00.551,1168.2725
Pulse experiments,pioreactor01,2026-08-17T02:38:05.550Z,0.572173293652,2026-08-17 08:23:05.550,1168.273888888889
Pulse experiments,pioreactor01,2026-08-17T02:38:10.550Z,0.572183780987,2026-08-17 08:23:10.550,1168.275277777778
Pulse experiments,pioreactor01,2026-08-17T02:38:15.552Z,0.572186015619,2026-08-17 08:23:15.552,1168.276666666667
Pulse experiments,pioreactor01,2026-08-17T02:38:20.550Z,0.572196558408,2026-08-17 08:23:20.550,1168.278055555556
Pulse experiments,pioreactor01,2026-08-17T02:38:25.549Z,0.572196944281,2026-08-17 08:23:25.549,1168.279444444444
Pulse experiments,pioreactor01,2026-08-17T02:38:30.554Z,0.572169970762,2026-08-17 08:23:30.554,1168.280833333333
Pulse experiments,pioreactor01,2026-08-17T02:38:35.549Z,0.57217952716,2026-08-17 08:23:35.549,1168.282222222222
Pulse experiments,pioreactor01,2026-08-17T02:38:40.552Z,0.572179456721,2026-08-17 08:23:40.552,1168.283611111111
Pulse experiments,pioreactor01,2026-08-17T02:38:45.549Z,0.57218799874,2026-08-17 08:23:45.549,1168.285
Pulse experiments,pioreactor01,2026-08-17T02:38:50.549Z,0.572192959953,2026-08-17 08:23:50.549,1168.286388888889
Pulse experiments,pioreactor01,2026-08-17T02:38:55.550Z,0.572213694515,2026-08-17 08:23:55.550,1168.287777777778
Pulse experiments,pioreactor01,2026-08-17T02:39:00.551Z,0.572230688798,2026-08-17 08:24:00.551,1168.289166666667
Pulse experiments,pioreactor01,2026-08-17T02:39:05.554Z,0.572232444934,2026-08-17 08:24:05.554,1168.290555555556
Pulse experiments,pioreactor01,2026-08-17T02:39:10.552Z,0.572224284644,2026-08-17 08:24:10.552,1168.291944444444
Pulse experiments,pioreactor01,2026-08-17T02:39:15.550Z,0.572235915923,2026-08-17 08:24:15.550,1168.293333333333
Pulse experiments,pioreactor01,2026-08-17T02:39:20.549Z,0.572235106374,2026-08-17 08:24:20.549,1168.294722222222
Pulse experiments,pioreactor01,2026-08-17T02:39:25.551Z,0.572251803952,2026-08-17 08:24:25.551,1168.296111111111
Pulse experiments,pioreactor01,2026-08-17T02:39:30.551Z,0.57227347897,2026-08-17 08:24:30.551,1168.2975
Pulse experiments,pioreactor01,2026-08-17T02:39:35.550Z,0.572272787433,2026-08-17 08:24:35.550,1168.298888888889
Pulse experiments,pioreactor01,2026-08-17T02:39:40.549Z,0.572281835902,2026-08-17 08:24:40.549,1168.300277777778
Pulse experiments,pioreactor01,2026-08-17T02:39:45.550Z,0.572298277705,2026-08-17 08:24:45.550,1168.301666666667
Pulse experiments,pioreactor01,2026-08-17T02:39:50.551Z,0.57232058889,2026-08-17 08:24:50.551,1168.303055555556
Pulse experiments,pioreactor01,2026-08-17T02:39:55.550Z,0.572343179578,2026-08-17 08:24:55.550,1168.304444444444
Pulse experiments,pioreactor01,2026-08-17T02:40:00.549Z,0.572375206299,2026-08-17 08:25:00.549,1168.305833333333
Pulse experiments,pioreactor01,2026-08-17T02:40:05.550Z,0.572412788411,2026-08-17 08:25:05.550,1168.307222222222
Pulse experiments,pioreactor01,2026-08-17T02:40:10.549Z,0.572440417202,2026-08-17 08:25:10.549,1168.308611111111
Pulse experiments,pioreactor01,2026-08-17T02:40:15.552Z,0.572444435322,2026-08-17 08:25:15.552,1168.31
Pulse experiments,pioreactor01,2026-08-17T02:40:20.550Z,0.572443565129,2026-08-17 08:25:20.550,1168.311388888889
Pulse experiments,pioreactor01,2026-08-17T02:40:25.550Z,0.572438679978,2026-08-17 08:25:25.550,1168.312777777778
Pulse experiments,pioreactor01,2026-08-17T02:40:30.550Z,0.572436645139,2026-08-17 08:25:30.550,1168.314166666667
Pulse experiments,pioreactor01,2026-08-17T02:40:35.551Z,0.572454097964,2026-08-17 08:25:35.551,1168.315555555556
Pulse experiments,pioreactor01,2026-08-17T02:40:40.551Z,0.572451171125,2026-08-17 08:25:40.551,1168.316944444445
Pulse experiments,pioreactor01,2026-08-17T02:40:45.551Z,0.572460615907,2026-08-17 08:25:45.551,1168.318333333333
Pulse experiments,pioreactor01,2026-08-17T02:40:50.551Z,0.57247741648,2026-08-17 08:25:50.551,1168.319722222222
Pulse experiments,pioreactor01,2026-08-17T02:40:55.551Z,0.572489525502,2026-08-17 08:25:55.551,1168.321111111111
Pulse experiments,pioreactor01,2026-08-17T02:41:00.551Z,0.572487934309,2026-08-17 08:26:00.551,1168.3225
Pulse experiments,pioreactor01,2026-08-17T02:41:05.550Z,0.572501381025,2026-08-17 08:26:05.550,1168.323888888889
Pulse experiments,pioreactor01,2026-08-17T02:41:10.551Z,0.57250181103,2026-08-17 08:26:10.551,1168.325277777778
Pulse experiments,pioreactor01,2026-08-17T02:41:15.552Z,0.572500100069,2026-08-17 08:26:15.552,1168.326666666667
Pulse experiments,pioreactor01,2026-08-17T02:41:20.551Z,0.572511969758,2026-08-17 08:26:20.551,1168.328055555555
Pulse experiments,pioreactor01,2026-08-17T02:41:25.551Z,0.572504305957,2026-08-17 08:26:25.551,1168.329444444444
Pulse experiments,pioreactor01,2026-08-17T02:41:30.550Z,0.572476192834,2026-08-17 08:26:30.550,1168.330833333333
Pulse experiments,pioreactor01,2026-08-17T02:41:35.551Z,0.572439939536,2026-08-17 08:26:35.551,1168.332222222222
Pulse experiments,pioreactor01,2026-08-17T02:41:40.551Z,0.572434970626,2026-08-17 08:26:40.551,1168.333611111111
Pulse experiments,pioreactor01,2026-08-17T02:41:45.549Z,0.572442063452,2026-08-17 08:26:45.549,1168.335
Pulse experiments,pioreactor01,2026-08-17T02:41:50.552Z,0.572465584678,2026-08-17 08:26:50.552,1168.336388888889
Pulse experiments,pioreactor01,2026-08-17T02:41:55.551Z,0.572473447093,2026-08-17 08:26:55.551,1168.337777777778
Pulse experiments,pioreactor01,2026-08-17T02:42:00.551Z,0.57247300093,2026-08-17 08:27:00.551,1168.339166666667
Pulse experiments,pioreactor01,2026-08-17T02:42:05.553Z,0.572474466787,2026-08-17 08:27:05.553,1168.340555555556
Pulse experiments,pioreactor01,2026-08-17T02:42:10.549Z,0.572479730672,2026-08-17 08:27:10.549,1168.341944444444
Pulse experiments,pioreactor01,2026-08-17T02:42:15.552Z,0.572483306562,2026-08-17 08:27:15.552,1168.343333333333
Pulse experiments,pioreactor01,2026-08-17T02:42:20.554Z,0.572481737555,2026-08-17 08:27:20.554,1168.344722222222
Pulse experiments,pioreactor01,2026-08-17T02:42:25.552Z,0.572472796885,2026-08-17 08:27:25.552,1168.346111111111
Pulse experiments,pioreactor01,2026-08-17T02:42:30.553Z,0.57246792276,2026-08-17 08:27:30.553,1168.3475
Pulse experiments,pioreactor01,2026-08-17T02:42:35.555Z,0.572498100525,2026-08-17 08:27:35.555,1168.348888888889
Pulse experiments,pioreactor01,2026-08-17T02:42:40.550Z,0.572499383729,2026-08-17 08:27:40.550,1168.350277777778
Pulse experiments,pioreactor01,2026-08-17T02:42:45.550Z,0.572523820009,2026-08-17 08:27:45.550,1168.351666666667
Pulse experiments,pioreactor01,2026-08-17T02:42:50.551Z,0.572561026788,2026-08-17 08:27:50.551,1168.353055555556
Pulse experiments,pioreactor01,2026-08-17T02:42:55.550Z,0.572589558927,2026-08-17 08:27:55.550,1168.354444444444
Pulse experiments,pioreactor01,2026-08-17T02:43:00.549Z,0.572612193429,2026-08-17 08:28:00.549,1168.355833333333
Pulse experiments,pioreactor01,2026-08-17T02:43:05.551Z,0.572632200036,2026-08-17 08:28:05.551,1168.357222222222
Pulse experiments,pioreactor01,2026-08-17T02:43:10.550Z,0.572663441847,2026-08-17 08:28:10.550,1168.358611111111
Pulse experiments,pioreactor01,2026-08-17T02:43:15.551Z,0.572688039377,2026-08-17 08:28:15.551,1168.36
Pulse experiments,pioreactor01,2026-08-17T02:43:20.552Z,0.572699344326,2026-08-17 08:28:20.552,1168.361388888889
Pulse experiments,pioreactor01,2026-08-17T02:43:25.550Z,0.57271244678,2026-08-17 08:28:25.550,1168.362777777778
Pulse experiments,pioreactor01,2026-08-17T02:43:30.552Z,0.572745138831,2026-08-17 08:28:30.552,1168.364166666667
Pulse experiments,pioreactor01,2026-08-17T02:43:35.552Z,0.572754480986,2026-08-17 08:28:35.552,1168.365555555556
Pulse experiments,pioreactor01,2026-08-17T02:43:40.551Z,0.572767105398,2026-08-17 08:28:40.551,1168.366944444444
Pulse experiments,pioreactor01,2026-08-17T02:43:45.550Z,0.572785686395,2026-08-17 08:28:45.550,1168.368333333333
Pulse experiments,pioreactor01,2026-08-17T02:43:50.551Z,0.572800391223,2026-08-17 08:28:50.551,1168.369722222222
Pulse experiments,pioreactor01,2026-08-17T02:43:55.549Z,0.5728073109,2026-08-17 08:28:55.549,1168.371111111111
Pulse experiments,pioreactor01,2026-08-17T02:44:05.553Z,0.5728072219,2026-08-17 08:29:05.553,1168.373888888889
Pulse experiments,pioreactor01,2026-08-17T02:44:10.551Z,0.572788155235,2026-08-17 08:29:10.551,1168.375277777778
Pulse experiments,pioreactor01,2026-08-17T02:44:15.551Z,0.572762199925,2026-08-17 08:29:15.551,1168.376666666667
Pulse experiments,pioreactor01,2026-08-17T02:44:20.552Z,0.572762880066,2026-08-17 08:29:20.552,1168.378055555556
Pulse experiments,pioreactor01,2026-08-17T02:44:25.550Z,0.572772496054,2026-08-17 08:29:25.550,1168.379444444445
Pulse experiments,pioreactor01,2026-08-17T02:44:30.551Z,0.572796234794,2026-08-17 08:29:30.551,1168.380833333333
Pulse experiments,pioreactor01,2026-08-17T02:44:35.551Z,0.572822891758,2026-08-17 08:29:35.551,1168.382222222222
Pulse experiments,pioreactor01,2026-08-17T02:44:40.550Z,0.572847934488,2026-08-17 08:29:40.550,1168.383611111111
Pulse experiments,pioreactor01,2026-08-17T02:44:45.550Z,0.572880740776,2026-08-17 08:29:45.550,1168.385
Pulse experiments,pioreactor01,2026-08-17T02:44:55.551Z,0.57289406788,2026-08-17 08:29:55.551,1168.387777777778
Pulse experiments,pioreactor01,2026-08-17T02:45:00.550Z,0.572899088492,2026-08-17 08:30:00.550,1168.389166666667
Pulse experiments,pioreactor01,2026-08-17T02:45:05.550Z,0.572903789353,2026-08-17 08:30:05.550,1168.390555555555
Pulse experiments,pioreactor01,2026-08-17T02:45:10.552Z,0.572893375505,2026-08-17 08:30:10.552,1168.391944444444
Pulse experiments,pioreactor01,2026-08-17T02:45:15.553Z,0.572888918381,2026-08-17 08:30:15.553,1168.393333333333
Pulse experiments,pioreactor01,2026-08-17T02:45:20.553Z,0.57290484796,2026-08-17 08:30:20.553,1168.394722222222
Pulse experiments,pioreactor01,2026-08-17T02:45:25.551Z,0.572914966025,2026-08-17 08:30:25.551,1168.396111111111
Pulse experiments,pioreactor01,2026-08-17T02:45:30.549Z,0.572922021477,2026-08-17 08:30:30.549,1168.3975
Pulse experiments,pioreactor01,2026-08-17T02:45:35.551Z,0.572922532359,2026-08-17 08:30:35.551,1168.398888888889
Pulse experiments,pioreactor01,2026-08-17T02:45:40.551Z,0.572912729094,2026-08-17 08:30:40.551,1168.400277777778
Pulse experiments,pioreactor01,2026-08-17T02:45:45.550Z,0.572908808326,2026-08-17 08:30:45.550,1168.401666666667
Pulse experiments,pioreactor01,2026-08-17T02:45:50.550Z,0.572926255989,2026-08-17 08:30:50.550,1168.403055555556
Pulse experiments,pioreactor01,2026-08-17T02:45:55.549Z,0.572922593949,2026-08-17 08:30:55.549,1168.404444444444
Pulse experiments,pioreactor01,2026-08-17T02:46:00.549Z,0.57292619552,2026-08-17 08:31:00.549,1168.405833333333
Pulse experiments,pioreactor01,2026-08-17T02:46:05.549Z,0.572951259313,2026-08-17 08:31:05.549,1168.407222222222
Pulse experiments,pioreactor01,2026-08-17T02:46:10.550Z,0.57296194508,2026-08-17 08:31:10.550,1168.408611111111
Pulse experiments,pioreactor01,2026-08-17T02:46:15.551Z,0.57298465906,2026-08-17 08:31:15.551,1168.41
Pulse experiments,pioreactor01,2026-08-17T02:46:20.551Z,0.572994673072,2026-08-17 08:31:20.551,1168.411388888889
Pulse experiments,pioreactor01,2026-08-17T02:46:25.550Z,0.573013386882,2026-08-17 08:31:25.550,1168.412777777778
Pulse experiments,pioreactor01,2026-08-17T02:46:30.550Z,0.573024571259,2026-08-17 08:31:30.550,1168.414166666667
Pulse experiments,pioreactor01,2026-08-17T02:46:35.553Z,0.573028848685,2026-08-17 08:31:35.553,1168.415555555556
Pulse experiments,pioreactor01,2026-08-17T02:46:40.550Z,0.573038764997,2026-08-17 08:31:40.550,1168.416944444444
Pulse experiments,pioreactor01,2026-08-17T02:46:45.550Z,0.573075641148,2026-08-17 08:31:45.550,1168.418333333333
Pulse experiments,pioreactor01,2026-08-17T02:46:50.552Z,0.573091715427,2026-08-17 08:31:50.552,1168.419722222222
Pulse experiments,pioreactor01,2026-08-17T02:46:55.550Z,0.573112528919,2026-08-17 08:31:55.550,1168.421111111111
Pulse experiments,pioreactor01,2026-08-17T02:47:00.551Z,0.573141962905,2026-08-17 08:32:00.551,1168.4225
Pulse experiments,pioreactor01,2026-08-17T02:47:05.551Z,0.573151810566,2026-08-17 08:32:05.551,1168.423888888889
Pulse experiments,pioreactor01,2026-08-17T02:47:10.549Z,0.573149373897,2026-08-17 08:32:10.549,1168.425277777778
Pulse experiments,pioreactor01,2026-08-17T02:47:15.550Z,0.573163530192,2026-08-17 08:32:15.550,1168.426666666667
Pulse experiments,pioreactor01,2026-08-17T02:47:20.551Z,0.573155646495,2026-08-17 08:32:20.551,1168.428055555556
Pulse experiments,pioreactor01,2026-08-17T02:47:25.549Z,0.573161552948,2026-08-17 08:32:25.549,1168.429444444444
Pulse experiments,pioreactor01,2026-08-17T02:47:30.552Z,0.573184390767,2026-08-17 08:32:30.552,1168.430833333333
Pulse experiments,pioreactor01,2026-08-17T02:47:35.551Z,0.573190497193,2026-08-17 08:32:35.551,1168.432222222222
Pulse experiments,pioreactor01,2026-08-17T02:47:40.550Z,0.573186283764,2026-08-17 08:32:40.550,1168.433611111111
Pulse experiments,pioreactor01,2026-08-17T02:47:45.550Z,0.573178281708,2026-08-17 08:32:45.550,1168.435
Pulse experiments,pioreactor01,2026-08-17T02:47:50.552Z,0.573207414335,2026-08-17 08:32:50.552,1168.436388888889
Pulse experiments,pioreactor01,2026-08-17T02:47:55.550Z,0.573223443597,2026-08-17 08:32:55.550,1168.437777777778
Pulse experiments,pioreactor01,2026-08-17T02:48:00.550Z,0.573236933846,2026-08-17 08:33:00.550,1168.439166666667
Pulse experiments,pioreactor01,2026-08-17T02:48:05.551Z,0.573246435189,2026-08-17 08:33:05.551,1168.440555555556
Pulse experiments,pioreactor01,2026-08-17T02:48:10.550Z,0.573231206758,2026-08-17 08:33:10.550,1168.441944444445
Pulse experiments,pioreactor01,2026-08-17T02:48:15.550Z,0.573230094286,2026-08-17 08:33:15.550,1168.443333333333
Pulse experiments,pioreactor01,2026-08-17T02:48:20.550Z,0.572512530485,2026-08-17 08:33:20.550,1168.444722222222
Pulse experiments,pioreactor01,2026-08-17T02:48:25.577Z,0.559940600836,2026-08-17 08:33:25.577,1168.446111111111
Pulse experiments,pioreactor01,2026-08-17T02:48:30.571Z,0.554916839404,2026-08-17 08:33:30.571,1168.4475
Pulse experiments,pioreactor01,2026-08-17T02:48:35.576Z,0.553183615317,2026-08-17 08:33:35.576,1168.448888888889
Pulse experiments,pioreactor01,2026-08-17T02:48:40.562Z,0.553269623478,2026-08-17 08:33:40.562,1168.450277777778
Pulse experiments,pioreactor01,2026-08-17T02:48:45.576Z,0.552608569498,2026-08-17 08:33:45.576,1168.451666666667
Pulse experiments,pioreactor01,2026-08-17T02:48:50.568Z,0.551775515804,2026-08-17 08:33:50.568,1168.453055555555
Pulse experiments,pioreactor01,2026-08-17T02:48:55.560Z,0.551792602788,2026-08-17 08:33:55.560,1168.454444444444
Pulse experiments,pioreactor01,2026-08-17T02:49:00.562Z,0.552129587194,2026-08-17 08:34:00.562,1168.455833333333
Pulse experiments,pioreactor01,2026-08-17T02:49:05.563Z,0.552184252409,2026-08-17 08:34:05.563,1168.457222222222
Pulse experiments,pioreactor01,2026-08-17T02:49:10.561Z,0.552397616048,2026-08-17 08:34:10.561,1168.458611111111
Pulse experiments,pioreactor01,2026-08-17T02:49:15.556Z,0.55225405854,2026-08-17 08:34:15.556,1168.46
Pulse experiments,pioreactor01,2026-08-17T02:49:20.562Z,0.552321244706,2026-08-17 08:34:20.562,1168.461388888889
Pulse experiments,pioreactor01,2026-08-17T02:49:25.563Z,0.552383106668,2026-08-17 08:34:25.563,1168.462777777778
Pulse experiments,pioreactor01,2026-08-17T02:49:30.554Z,0.552371709239,2026-08-17 08:34:30.554,1168.464166666667
Pulse experiments,pioreactor01,2026-08-17T02:49:35.565Z,0.552384179224,2026-08-17 08:34:35.565,1168.465555555556
Pulse experiments,pioreactor01,2026-08-17T02:49:45.566Z,0.552460532601,2026-08-17 08:34:45.566,1168.468333333333
Pulse experiments,pioreactor01,2026-08-17T02:49:50.568Z,0.552418074427,2026-08-17 08:34:50.568,1168.469722222222
Pulse experiments,pioreactor01,2026-08-17T02:49:55.559Z,0.552355779127,2026-08-17 08:34:55.559,1168.471111111111
Pulse experiments,pioreactor01,2026-08-17T02:50:00.561Z,0.552261581064,2026-08-17 08:35:00.561,1168.4725
Pulse experiments,pioreactor01,2026-08-17T02:50:05.561Z,0.552148664699,2026-08-17 08:35:05.561,1168.473888888889
Pulse experiments,pioreactor01,2026-08-17T02:50:10.558Z,0.552141834655,2026-08-17 08:35:10.558,1168.475277777778
Pulse experiments,pioreactor01,2026-08-17T02:50:15.562Z,0.552087112207,2026-08-17 08:35:15.562,1168.476666666667
Pulse experiments,pioreactor01,2026-08-17T02:50:20.560Z,0.551991629645,2026-08-17 08:35:20.560,1168.478055555556
Pulse experiments,pioreactor01,2026-08-17T02:50:25.557Z,0.551959642304,2026-08-17 08:35:25.557,1168.479444444444
Pulse experiments,pioreactor01,2026-08-17T02:50:30.565Z,0.551950780356,2026-08-17 08:35:30.565,1168.480833333333
Pulse experiments,pioreactor01,2026-08-17T02:50:35.558Z,0.551964937866,2026-08-17 08:35:35.558,1168.482222222222
Pulse experiments,pioreactor01,2026-08-17T02:50:40.570Z,0.551982126459,2026-08-17 08:35:40.570,1168.483611111111
Pulse experiments,pioreactor01,2026-08-17T02:50:45.561Z,0.551912772049,2026-08-17 08:35:45.561,1168.485
Pulse experiments,pioreactor01,2026-08-17T02:50:50.560Z,0.551883793369,2026-08-17 08:35:50.560,1168.486388888889
Pulse experiments,pioreactor01,2026-08-17T02:50:55.569Z,0.55187163202,2026-08-17 08:35:55.569,1168.487777777778
Pulse experiments,pioreactor01,2026-08-17T02:51:00.568Z,0.551880704508,2026-08-17 08:36:00.568,1168.489166666667
Pulse experiments,pioreactor01,2026-08-17T02:51:05.571Z,0.551799938082,2026-08-17 08:36:05.571,1168.490555555556
Pulse experiments,pioreactor01,2026-08-17T02:51:10.574Z,0.5517379247,2026-08-17 08:36:10.574,1168.491944444444
Pulse experiments,pioreactor01,2026-08-17T02:51:15.558Z,0.551701259887,2026-08-17 08:36:15.558,1168.493333333333
Pulse experiments,pioreactor01,2026-08-17T02:51:20.559Z,0.551682943617,2026-08-17 08:36:20.559,1168.494722222222
Pulse experiments,pioreactor01,2026-08-17T02:51:25.572Z,0.551680920676,2026-08-17 08:36:25.572,1168.496111111111
Pulse experiments,pioreactor01,2026-08-17T02:51:30.559Z,0.551636446612,2026-08-17 08:36:30.559,1168.4975
Pulse experiments,pioreactor01,2026-08-17T02:51:35.560Z,0.551564855294,2026-08-17 08:36:35.560,1168.498888888889
Pulse experiments,pioreactor01,2026-08-17T02:51:40.581Z,0.551508596187,2026-08-17 08:36:40.581,1168.500277777778
Pulse experiments,pioreactor01,2026-08-17T02:51:45.560Z,0.55143925275,2026-08-17 08:36:45.560,1168.501666666667
Pulse experiments,pioreactor01,2026-08-17T02:51:50.560Z,0.551346121319,2026-08-17 08:36:50.560,1168.503055555556
Pulse experiments,pioreactor01,2026-08-17T02:51:55.572Z,0.551237501995,2026-08-17 08:36:55.572,1168.504444444445
Pulse experiments,pioreactor01,2026-08-17T02:52:00.565Z,0.551218784188,2026-08-17 08:37:00.565,1168.505833333333
Pulse experiments,pioreactor01,2026-08-17T02:52:05.566Z,0.5512136173,2026-08-17 08:37:05.566,1168.507222222222
Pulse experiments,pioreactor01,2026-08-17T02:52:10.560Z,0.5512330639,2026-08-17 08:37:10.560,1168.508611111111
Pulse experiments,pioreactor01,2026-08-17T02:52:15.563Z,0.551222048255,2026-08-17 08:37:15.563,1168.51
Pulse experiments,pioreactor01,2026-08-17T02:52:20.563Z,0.551206030593,2026-08-17 08:37:20.563,1168.511388888889
Pulse experiments,pioreactor01,2026-08-17T02:52:30.565Z,0.551165744545,2026-08-17 08:37:30.565,1168.514166666667
Pulse experiments,pioreactor01,2026-08-17T02:52:35.566Z,0.551098812149,2026-08-17 08:37:35.566,1168.515555555555
Pulse experiments,pioreactor01,2026-08-17T02:52:40.565Z,0.551060767699,2026-08-17 08:37:40.565,1168.516944444444
Pulse experiments,pioreactor01,2026-08-17T02:52:45.561Z,0.55101048023,2026-08-17 08:37:45.561,1168.518333333333
Pulse experiments,pioreactor01,2026-08-17T02:52:55.578Z,0.55099383463,2026-08-17 08:37:55.578,1168.521111111111
Pulse experiments,pioreactor01,2026-08-17T02:53:00.561Z,0.550989971541,2026-08-17 08:38:00.561,1168.5225
Pulse experiments,pioreactor01,2026-08-17T02:53:05.561Z,0.550993422666,2026-08-17 08:38:05.561,1168.523888888889
Pulse experiments,pioreactor01,2026-08-17T02:53:10.567Z,0.550931035032,2026-08-17 08:38:10.567,1168.525277777778
Pulse experiments,pioreactor01,2026-08-17T02:53:15.566Z,0.550838850429,2026-08-17 08:38:15.566,1168.526666666667
Pulse experiments,pioreactor01,2026-08-17T02:53:20.562Z,0.550763261078,2026-08-17 08:38:20.562,1168.528055555556
Pulse experiments,pioreactor01,2026-08-17T02:53:25.562Z,0.55070562996,2026-08-17 08:38:25.562,1168.529444444444
Pulse experiments,pioreactor01,2026-08-17T02:53:30.568Z,0.5506630173,2026-08-17 08:38:30.568,1168.530833333333
Pulse experiments,pioreactor01,2026-08-17T02:53:35.571Z,0.550576352219,2026-08-17 08:38:35.571,1168.532222222222
Pulse experiments,pioreactor01,2026-08-17T02:53:40.592Z,0.550520713576,2026-08-17 08:38:40.592,1168.533611111111
Pulse experiments,pioreactor01,2026-08-17T02:53:45.570Z,0.55043064965,2026-08-17 08:38:45.570,1168.535
Pulse experiments,pioreactor01,2026-08-17T02:53:50.572Z,0.550358331241,2026-08-17 08:38:50.572,1168.536388888889
Pulse experiments,pioreactor01,2026-08-17T02:53:55.579Z,0.550283315689,2026-08-17 08:38:55.579,1168.537777777778
Pulse experiments,pioreactor01,2026-08-17T02:54:00.578Z,0.550203568724,2026-08-17 08:39:00.578,1168.539166666667
Pulse experiments,pioreactor01,2026-08-17T02:54:05.549Z,0.550153572241,2026-08-17 08:39:05.549,1168.540555555556
Pulse experiments,pioreactor01,2026-08-17T02:54:10.551Z,0.550111747789,2026-08-17 08:39:10.551,1168.541944444444
Pulse experiments,pioreactor01,2026-08-17T02:54:15.553Z,0.550071655667,2026-08-17 08:39:15.553,1168.543333333333
Pulse experiments,pioreactor01,2026-08-17T02:54:20.552Z,0.550044467464,2026-08-17 08:39:20.552,1168.544722222222
Pulse experiments,pioreactor01,2026-08-17T02:54:30.550Z,0.549964924124,2026-08-17 08:39:30.550,1168.5475
Pulse experiments,pioreactor01,2026-08-17T02:54:35.552Z,0.549940104014,2026-08-17 08:39:35.552,1168.548888888889
Pulse experiments,pioreactor01,2026-08-17T02:54:40.552Z,0.5498953321,2026-08-17 08:39:40.552,1168.550277777778
Pulse experiments,pioreactor01,2026-08-17T02:54:45.552Z,0.54985218246,2026-08-17 08:39:45.552,1168.551666666667
Pulse experiments,pioreactor01,2026-08-17T02:54:50.550Z,0.549821389799,2026-08-17 08:39:50.550,1168.553055555556
Pulse experiments,pioreactor01,2026-08-17T02:55:00.550Z,0.549732587355,2026-08-17 08:40:00.550,1168.555833333333
Pulse experiments,pioreactor01,2026-08-17T02:55:05.549Z,0.54970259409,2026-08-17 08:40:05.549,1168.557222222222
Pulse experiments,pioreactor01,2026-08-17T02:55:10.550Z,0.549671436365,2026-08-17 08:40:10.550,1168.558611111111
Pulse experiments,pioreactor01,2026-08-17T02:55:15.552Z,0.549641481598,2026-08-17 08:40:15.552,1168.56
Pulse experiments,pioreactor01,2026-08-17T02:55:20.553Z,0.549591483587,2026-08-17 08:40:20.553,1168.561388888889
Pulse experiments,pioreactor01,2026-08-17T02:55:25.551Z,0.549518982022,2026-08-17 08:40:25.551,1168.562777777778
Pulse experiments,pioreactor01,2026-08-17T02:55:30.552Z,0.549462587075,2026-08-17 08:40:30.552,1168.564166666667
Pulse experiments,pioreactor01,2026-08-17T02:55:35.551Z,0.549432799958,2026-08-17 08:40:35.551,1168.565555555556
Pulse experiments,pioreactor01,2026-08-17T02:55:40.550Z,0.549422279639,2026-08-17 08:40:40.550,1168.566944444445
Pulse experiments,pioreactor01,2026-08-17T02:55:45.552Z,0.549408674048,2026-08-17 08:40:45.552,1168.568333333333
Pulse experiments,pioreactor01,2026-08-17T02:55:50.554Z,0.549409204014,2026-08-17 08:40:50.554,1168.569722222222
Pulse experiments,pioreactor01,2026-08-17T02:55:55.549Z,0.549389108394,2026-08-17 08:40:55.549,1168.571111111111
Pulse experiments,pioreactor01,2026-08-17T02:56:00.551Z,0.549368233047,2026-08-17 08:41:00.551,1168.5725
Pulse experiments,pioreactor01,2026-08-17T02:56:10.550Z,0.549273460904,2026-08-17 08:41:10.550,1168.575277777778
Pulse experiments,pioreactor01,2026-08-17T02:56:15.550Z,0.549264362952,2026-08-17 08:41:15.550,1168.576666666667
Pulse experiments,pioreactor01,2026-08-17T02:56:20.551Z,0.549225475167,2026-08-17 08:41:20.551,1168.578055555555
Pulse experiments,pioreactor01,2026-08-17T02:56:25.551Z,0.549209797925,2026-08-17 08:41:25.551,1168.579444444444
Pulse experiments,pioreactor01,2026-08-17T02:56:30.550Z,0.549195850009,2026-08-17 08:41:30.550,1168.580833333333
Pulse experiments,pioreactor01,2026-08-17T02:56:40.553Z,0.549131678326,2026-08-17 08:41:40.553,1168.583611111111
Pulse experiments,pioreactor01,2026-08-17T02:56:45.552Z,0.549106132742,2026-08-17 08:41:45.552,1168.585
Pulse experiments,pioreactor01,2026-08-17T02:56:50.550Z,0.549073836735,2026-08-17 08:41:50.550,1168.586388888889
Pulse experiments,pioreactor01,2026-08-17T02:56:55.550Z,0.549069157401,2026-08-17 08:41:55.550,1168.587777777778
Pulse experiments,pioreactor01,2026-08-17T02:57:00.549Z,0.549023946203,2026-08-17 08:42:00.549,1168.589166666667
Pulse experiments,pioreactor01,2026-08-17T02:57:05.553Z,0.548992987421,2026-08-17 08:42:05.553,1168.590555555556
Pulse experiments,pioreactor01,2026-08-17T02:57:10.552Z,0.548946699803,2026-08-17 08:42:10.552,1168.591944444444
Pulse experiments,pioreactor01,2026-08-17T02:57:15.552Z,0.548925136775,2026-08-17 08:42:15.552,1168.593333333333
Pulse experiments,pioreactor01,2026-08-17T02:57:20.550Z,0.548896839014,2026-08-17 08:42:20.550,1168.594722222222
Pulse experiments,pioreactor01,2026-08-17T02:57:25.551Z,0.548872564049,2026-08-17 08:42:25.551,1168.596111111111
Pulse experiments,pioreactor01,2026-08-17T02:57:30.550Z,0.548841369352,2026-08-17 08:42:30.550,1168.5975
Pulse experiments,pioreactor01,2026-08-17T02:57:35.551Z,0.548804350984,2026-08-17 08:42:35.551,1168.598888888889
Pulse experiments,pioreactor01,2026-08-17T02:57:40.551Z,0.548738962288,2026-08-17 08:42:40.551,1168.600277777778
Pulse experiments,pioreactor01,2026-08-17T02:57:45.552Z,0.548723803738,2026-08-17 08:42:45.552,1168.601666666667
Pulse experiments,pioreactor01,2026-08-17T02:57:50.550Z,0.548720945711,2026-08-17 08:42:50.550,1168.603055555556
Pulse experiments,pioreactor01,2026-08-17T02:57:55.551Z,0.548657562862,2026-08-17 08:42:55.551,1168.604444444444
Pulse experiments,pioreactor01,2026-08-17T02:58:00.550Z,0.548607842479,2026-08-17 08:43:00.550,1168.605833333333
Pulse experiments,pioreactor01,2026-08-17T02:58:05.549Z,0.548567905762,2026-08-17 08:43:05.549,1168.607222222222
Pulse experiments,pioreactor01,2026-08-17T02:58:10.551Z,0.548550301718,2026-08-17 08:43:10.551,1168.608611111111
Pulse experiments,pioreactor01,2026-08-17T02:58:15.552Z,0.548490177378,2026-08-17 08:43:15.552,1168.61
Pulse experiments,pioreactor01,2026-08-17T02:58:20.551Z,0.548466223761,2026-08-17 08:43:20.551,1168.611388888889
Pulse experiments,pioreactor01,2026-08-17T02:58:25.551Z,0.548453353008,2026-08-17 08:43:25.551,1168.612777777778
Pulse experiments,pioreactor01,2026-08-17T02:58:35.552Z,0.548412811525,2026-08-17 08:43:35.552,1168.615555555556
Pulse experiments,pioreactor01,2026-08-17T02:58:40.550Z,0.54836554439,2026-08-17 08:43:40.550,1168.616944444444
Pulse experiments,pioreactor01,2026-08-17T02:58:45.550Z,0.548340668469,2026-08-17 08:43:45.550,1168.618333333333
Pulse experiments,pioreactor01,2026-08-17T02:58:50.551Z,0.548346410555,2026-08-17 08:43:50.551,1168.619722222222
Pulse experiments,pioreactor01,2026-08-17T02:58:55.549Z,0.548359116194,2026-08-17 08:43:55.549,1168.621111111111
Pulse experiments,pioreactor01,2026-08-17T02:59:00.550Z,0.548336545708,2026-08-17 08:44:00.550,1168.6225
Pulse experiments,pioreactor01,2026-08-17T02:59:05.550Z,0.548283968109,2026-08-17 08:44:05.550,1168.623888888889
Pulse experiments,pioreactor01,2026-08-17T02:59:10.553Z,0.548282740717,2026-08-17 08:44:10.553,1168.625277777778
Pulse experiments,pioreactor01,2026-08-17T02:59:15.549Z,0.548287273275,2026-08-17 08:44:15.549,1168.626666666667
Pulse experiments,pioreactor01,2026-08-17T02:59:20.549Z,0.548278251699,2026-08-17 08:44:20.549,1168.628055555556
Pulse experiments,pioreactor01,2026-08-17T02:59:25.549Z,0.548262237001,2026-08-17 08:44:25.549,1168.629444444445
Pulse experiments,pioreactor01,2026-08-17T02:59:35.550Z,0.548226475242,2026-08-17 08:44:35.550,1168.632222222222
Pulse experiments,pioreactor01,2026-08-17T02:59:40.553Z,0.548203238551,2026-08-17 08:44:40.553,1168.633611111111
Pulse experiments,pioreactor01,2026-08-17T02:59:45.550Z,0.548165410024,2026-08-17 08:44:45.550,1168.635
Pulse experiments,pioreactor01,2026-08-17T02:59:50.550Z,0.548155627801,2026-08-17 08:44:50.550,1168.636388888889
Pulse experiments,pioreactor01,2026-08-17T02:59:55.549Z,0.548138245256,2026-08-17 08:44:55.549,1168.637777777778
Pulse experiments,pioreactor01,2026-08-17T03:00:00.553Z,0.548111263167,2026-08-17 08:45:00.553,1168.639166666667
Pulse experiments,pioreactor01,2026-08-17T03:00:05.551Z,0.548113916384,2026-08-17 08:45:05.551,1168.640555555555
Pulse experiments,pioreactor01,2026-08-17T03:00:10.550Z,0.548106825843,2026-08-17 08:45:10.550,1168.641944444444
Pulse experiments,pioreactor01,2026-08-17T03:00:15.554Z,0.548105899543,2026-08-17 08:45:15.554,1168.643333333333
Pulse experiments,pioreactor01,2026-08-17T03:00:20.553Z,0.548068655414,2026-08-17 08:45:20.553,1168.644722222222
Pulse experiments,pioreactor01,2026-08-17T03:00:25.551Z,0.548042531704,2026-08-17 08:45:25.551,1168.646111111111
Pulse experiments,pioreactor01,2026-08-17T03:00:30.551Z,0.548007299069,2026-08-17 08:45:30.551,1168.6475
Pulse experiments,pioreactor01,2026-08-17T03:00:35.550Z,0.5479913532,2026-08-17 08:45:35.550,1168.648888888889
Pulse experiments,pioreactor01,2026-08-17T03:00:40.551Z,0.54797612509,2026-08-17 08:45:40.551,1168.650277777778
Pulse experiments,pioreactor01,2026-08-17T03:00:45.551Z,0.54796472153,2026-08-17 08:45:45.551,1168.651666666667
Pulse experiments,pioreactor01,2026-08-17T03:00:50.551Z,0.547958876248,2026-08-17 08:45:50.551,1168.653055555556
Pulse experiments,pioreactor01,2026-08-17T03:00:55.549Z,0.547940094745,2026-08-17 08:45:55.549,1168.654444444444
Pulse experiments,pioreactor01,2026-08-17T03:01:00.550Z,0.547942438584,2026-08-17 08:46:00.550,1168.655833333333
Pulse experiments,pioreactor01,2026-08-17T03:01:05.549Z,0.547946937496,2026-08-17 08:46:05.549,1168.657222222222
Pulse experiments,pioreactor01,2026-08-17T03:01:10.551Z,0.547967922899,2026-08-17 08:46:10.551,1168.658611111111
Pulse experiments,pioreactor01,2026-08-17T03:01:15.552Z,0.547976759297,2026-08-17 08:46:15.552,1168.66
Pulse experiments,pioreactor01,2026-08-17T03:01:20.551Z,0.548015448157,2026-08-17 08:46:20.551,1168.661388888889
Pulse experiments,pioreactor01,2026-08-17T03:01:25.550Z,0.548031273625,2026-08-17 08:46:25.550,1168.662777777778
Pulse experiments,pioreactor01,2026-08-17T03:01:30.550Z,0.54808754338,2026-08-17 08:46:30.550,1168.664166666667
Pulse experiments,pioreactor01,2026-08-17T03:01:35.553Z,0.548089925399,2026-08-17 08:46:35.553,1168.665555555556
Pulse experiments,pioreactor01,2026-08-17T03:01:40.552Z,0.548075000956,2026-08-17 08:46:40.552,1168.666944444444
Pulse experiments,pioreactor01,2026-08-17T03:01:45.549Z,0.548103778654,2026-08-17 08:46:45.549,1168.668333333333
Pulse experiments,pioreactor01,2026-08-17T03:01:50.552Z,0.548095498097,2026-08-17 08:46:50.552,1168.669722222222
Pulse experiments,pioreactor01,2026-08-17T03:01:55.550Z,0.548071268752,2026-08-17 08:46:55.550,1168.671111111111
Pulse experiments,pioreactor01,2026-08-17T03:02:00.550Z,0.548065258174,2026-08-17 08:47:00.550,1168.6725
Pulse experiments,pioreactor01,2026-08-17T03:02:05.552Z,0.548048487088,2026-08-17 08:47:05.552,1168.673888888889
Pulse experiments,pioreactor01,2026-08-17T03:02:15.550Z,0.548021789605,2026-08-17 08:47:15.550,1168.676666666667
Pulse experiments,pioreactor01,2026-08-17T03:02:20.550Z,0.547999001913,2026-08-17 08:47:20.550,1168.678055555556
Pulse experiments,pioreactor01,2026-08-17T03:02:25.551Z,0.547935893966,2026-08-17 08:47:25.551,1168.679444444444
Pulse experiments,pioreactor01,2026-08-17T03:02:30.550Z,0.547885495469,2026-08-17 08:47:30.550,1168.680833333333
Pulse experiments,pioreactor01,2026-08-17T03:02:35.550Z,0.547893190562,2026-08-17 08:47:35.550,1168.682222222222
Pulse experiments,pioreactor01,2026-08-17T03:02:40.553Z,0.547891522236,2026-08-17 08:47:40.553,1168.683611111111
Pulse experiments,pioreactor01,2026-08-17T03:02:45.552Z,0.547906376308,2026-08-17 08:47:45.552,1168.685
Pulse experiments,pioreactor01,2026-08-17T03:02:50.550Z,0.547900382094,2026-08-17 08:47:50.550,1168.686388888889
Pulse experiments,pioreactor01,2026-08-17T03:02:55.551Z,0.547887018643,2026-08-17 08:47:55.551,1168.687777777778
Pulse experiments,pioreactor01,2026-08-17T03:03:00.552Z,0.5479038974,2026-08-17 08:48:00.552,1168.689166666667
Pulse experiments,pioreactor01,2026-08-17T03:03:05.549Z,0.547922912549,2026-08-17 08:48:05.549,1168.690555555556
Pulse experiments,pioreactor01,2026-08-17T03:03:10.550Z,0.547925494874,2026-08-17 08:48:10.550,1168.691944444445
Pulse experiments,pioreactor01,2026-08-17T03:03:15.551Z,0.547933312832,2026-08-17 08:48:15.551,1168.693333333333
Pulse experiments,pioreactor01,2026-08-17T03:03:20.551Z,0.547934578036,2026-08-17 08:48:20.551,1168.694722222222
Pulse experiments,pioreactor01,2026-08-17T03:03:25.550Z,0.547951776884,2026-08-17 08:48:25.550,1168.696111111111
Pulse experiments,pioreactor01,2026-08-17T03:03:30.550Z,0.547957081176,2026-08-17 08:48:30.550,1168.6975
Pulse experiments,pioreactor01,2026-08-17T03:03:35.550Z,0.547924941785,2026-08-17 08:48:35.550,1168.698888888889
Pulse experiments,pioreactor01,2026-08-17T03:03:40.552Z,0.547930647687,2026-08-17 08:48:40.552,1168.700277777778
Pulse experiments,pioreactor01,2026-08-17T03:03:45.551Z,0.547942042491,2026-08-17 08:48:45.551,1168.701666666667
Pulse experiments,pioreactor01,2026-08-17T03:03:50.550Z,0.547915219019,2026-08-17 08:48:50.550,1168.703055555555
Pulse experiments,pioreactor01,2026-08-17T03:03:55.551Z,0.54792148593,2026-08-17 08:48:55.551,1168.704444444444
Pulse experiments,pioreactor01,2026-08-17T03:04:00.551Z,0.547904107173,2026-08-17 08:49:00.551,1168.705833333333
Pulse experiments,pioreactor01,2026-08-17T03:04:05.552Z,0.547898752166,2026-08-17 08:49:05.552,1168.707222222222
Pulse experiments,pioreactor01,2026-08-17T03:04:10.551Z,0.547906665942,2026-08-17 08:49:10.551,1168.708611111111
Pulse experiments,pioreactor01,2026-08-17T03:04:15.550Z,0.547901931768,2026-08-17 08:49:15.550,1168.71
Pulse experiments,pioreactor01,2026-08-17T03:04:20.549Z,0.547887205438,2026-08-17 08:49:20.549,1168.711388888889
Pulse experiments,pioreactor01,2026-08-17T03:04:25.552Z,0.547885955516,2026-08-17 08:49:25.552,1168.712777777778
Pulse experiments,pioreactor01,2026-08-17T03:04:30.550Z,0.547872269215,2026-08-17 08:49:30.550,1168.714166666667
Pulse experiments,pioreactor01,2026-08-17T03:04:35.550Z,0.547883919882,2026-08-17 08:49:35.550,1168.715555555556
Pulse experiments,pioreactor01,2026-08-17T03:04:40.551Z,0.54788181348,2026-08-17 08:49:40.551,1168.716944444444
Pulse experiments,pioreactor01,2026-08-17T03:04:45.549Z,0.547887814839,2026-08-17 08:49:45.549,1168.718333333333
Pulse experiments,pioreactor01,2026-08-17T03:04:50.549Z,0.547876877212,2026-08-17 08:49:50.549,1168.719722222222
Pulse experiments,pioreactor01,2026-08-17T03:04:55.550Z,0.547860744944,2026-08-17 08:49:55.550,1168.721111111111
Pulse experiments,pioreactor01,2026-08-17T03:05:00.552Z,0.54784540377,2026-08-17 08:50:00.552,1168.7225
Pulse experiments,pioreactor01,2026-08-17T03:05:05.549Z,0.547858745878,2026-08-17 08:50:05.549,1168.723888888889
Pulse experiments,pioreactor01,2026-08-17T03:05:10.552Z,0.547833774844,2026-08-17 08:50:10.552,1168.725277777778
Pulse experiments,pioreactor01,2026-08-17T03:05:15.556Z,0.54781114258,2026-08-17 08:50:15.556,1168.726666666667
Pulse experiments,pioreactor01,2026-08-17T03:05:20.552Z,0.547833319512,2026-08-17 08:50:20.552,1168.728055555556
Pulse experiments,pioreactor01,2026-08-17T03:05:25.551Z,0.547854978023,2026-08-17 08:50:25.551,1168.729444444444
Pulse experiments,pioreactor01,2026-08-17T03:05:30.550Z,0.54789059369,2026-08-17 08:50:30.550,1168.730833333333
Pulse experiments,pioreactor01,2026-08-17T03:05:35.549Z,0.547896174395,2026-08-17 08:50:35.549,1168.732222222222
Pulse experiments,pioreactor01,2026-08-17T03:05:40.551Z,0.547895211881,2026-08-17 08:50:40.551,1168.733611111111
Pulse experiments,pioreactor01,2026-08-17T03:05:45.553Z,0.547908403452,2026-08-17 08:50:45.553,1168.735
Pulse experiments,pioreactor01,2026-08-17T03:05:50.556Z,0.547896491118,2026-08-17 08:50:50.556,1168.736388888889
Pulse experiments,pioreactor01,2026-08-17T03:05:55.550Z,0.547871894926,2026-08-17 08:50:55.550,1168.737777777778
Pulse experiments,pioreactor01,2026-08-17T03:06:00.550Z,0.547863411021,2026-08-17 08:51:00.550,1168.739166666667
Pulse experiments,pioreactor01,2026-08-17T03:06:05.551Z,0.547869668984,2026-08-17 08:51:05.551,1168.740555555556
Pulse experiments,pioreactor01,2026-08-17T03:06:10.551Z,0.547856094532,2026-08-17 08:51:10.551,1168.741944444444
Pulse experiments,pioreactor01,2026-08-17T03:06:15.549Z,0.547870170203,2026-08-17 08:51:15.549,1168.743333333333
Pulse experiments,pioreactor01,2026-08-17T03:06:20.549Z,0.54788703475,2026-08-17 08:51:20.549,1168.744722222222
Pulse experiments,pioreactor01,2026-08-17T03:06:25.551Z,0.547918674022,2026-08-17 08:51:25.551,1168.746111111111
Pulse experiments,pioreactor01,2026-08-17T03:06:30.551Z,0.547917160033,2026-08-17 08:51:30.551,1168.7475
Pulse experiments,pioreactor01,2026-08-17T03:06:35.552Z,0.547932012162,2026-08-17 08:51:35.552,1168.748888888889
Pulse experiments,pioreactor01,2026-08-17T03:06:40.551Z,0.547910023787,2026-08-17 08:51:40.551,1168.750277777778
Pulse experiments,pioreactor01,2026-08-17T03:06:45.551Z,0.547893990957,2026-08-17 08:51:45.551,1168.751666666667
Pulse experiments,pioreactor01,2026-08-17T03:06:50.550Z,0.547895065411,2026-08-17 08:51:50.550,1168.753055555556
Pulse experiments,pioreactor01,2026-08-17T03:06:55.551Z,0.547905554522,2026-08-17 08:51:55.551,1168.754444444445
Pulse experiments,pioreactor01,2026-08-17T03:07:00.550Z,0.547911774458,2026-08-17 08:52:00.550,1168.755833333333
Pulse experiments,pioreactor01,2026-08-17T03:07:05.549Z,0.547901270729,2026-08-17 08:52:05.549,1168.757222222222
Pulse experiments,pioreactor01,2026-08-17T03:07:10.550Z,0.547860918562,2026-08-17 08:52:10.550,1168.758611111111
Pulse experiments,pioreactor01,2026-08-17T03:07:15.552Z,0.547847078605,2026-08-17 08:52:15.552,1168.76
Pulse experiments,pioreactor01,2026-08-17T03:07:20.551Z,0.547807711428,2026-08-17 08:52:20.551,1168.761388888889
Pulse experiments,pioreactor01,2026-08-17T03:07:25.550Z,0.547780328533,2026-08-17 08:52:25.550,1168.762777777778
Pulse experiments,pioreactor01,2026-08-17T03:07:30.551Z,0.547794897725,2026-08-17 08:52:30.551,1168.764166666667
Pulse experiments,pioreactor01,2026-08-17T03:07:35.551Z,0.547786711706,2026-08-17 08:52:35.551,1168.765555555555
Pulse experiments,pioreactor01,2026-08-17T03:07:40.551Z,0.54776944515,2026-08-17 08:52:40.551,1168.766944444444
Pulse experiments,pioreactor01,2026-08-17T03:07:45.551Z,0.547743407488,2026-08-17 08:52:45.551,1168.768333333333
Pulse experiments,pioreactor01,2026-08-17T03:07:50.550Z,0.547708396312,2026-08-17 08:52:50.550,1168.769722222222
Pulse experiments,pioreactor01,2026-08-17T03:07:55.550Z,0.547691576539,2026-08-17 08:52:55.550,1168.771111111111
Pulse experiments,pioreactor01,2026-08-17T03:08:00.551Z,0.547676868709,2026-08-17 08:53:00.551,1168.7725
Pulse experiments,pioreactor01,2026-08-17T03:08:05.552Z,0.547702102799,2026-08-17 08:53:05.552,1168.773888888889
Pulse experiments,pioreactor01,2026-08-17T03:08:10.552Z,0.547691162895,2026-08-17 08:53:10.552,1168.775277777778
Pulse experiments,pioreactor01,2026-08-17T03:08:15.551Z,0.547690515044,2026-08-17 08:53:15.551,1168.776666666667
Pulse experiments,pioreactor01,2026-08-17T03:08:20.550Z,0.547661375775,2026-08-17 08:53:20.550,1168.778055555556
Pulse experiments,pioreactor01,2026-08-17T03:08:25.551Z,0.547644809608,2026-08-17 08:53:25.551,1168.779444444444
Pulse experiments,pioreactor01,2026-08-17T03:08:30.552Z,0.547626876693,2026-08-17 08:53:30.552,1168.780833333333
Pulse experiments,pioreactor01,2026-08-17T03:08:35.549Z,0.547629925023,2026-08-17 08:53:35.549,1168.782222222222
Pulse experiments,pioreactor01,2026-08-17T03:08:40.551Z,0.547618459712,2026-08-17 08:53:40.551,1168.783611111111
Pulse experiments,pioreactor01,2026-08-17T03:08:45.551Z,0.547611546533,2026-08-17 08:53:45.551,1168.785
Pulse experiments,pioreactor01,2026-08-17T03:08:50.553Z,0.547574583725,2026-08-17 08:53:50.553,1168.786388888889
Pulse experiments,pioreactor01,2026-08-17T03:08:55.551Z,0.547571483417,2026-08-17 08:53:55.551,1168.787777777778
Pulse experiments,pioreactor01,2026-08-17T03:09:00.551Z,0.547568956032,2026-08-17 08:54:00.551,1168.789166666667
Pulse experiments,pioreactor01,2026-08-17T03:09:05.550Z,0.547559691593,2026-08-17 08:54:05.550,1168.790555555556
Pulse experiments,pioreactor01,2026-08-17T03:09:10.555Z,0.547567862705,2026-08-17 08:54:10.555,1168.791944444444
Pulse experiments,pioreactor01,2026-08-17T03:09:15.552Z,0.54757870703,2026-08-17 08:54:15.552,1168.793333333333
Pulse experiments,pioreactor01,2026-08-17T03:09:20.552Z,0.54756741916,2026-08-17 08:54:20.552,1168.794722222222
Pulse experiments,pioreactor01,2026-08-17T03:09:25.550Z,0.547549681016,2026-08-17 08:54:25.550,1168.796111111111
Pulse experiments,pioreactor01,2026-08-17T03:09:30.555Z,0.54754061399,2026-08-17 08:54:30.555,1168.7975
Pulse experiments,pioreactor01,2026-08-17T03:09:35.551Z,0.547541465423,2026-08-17 08:54:35.551,1168.798888888889
Pulse experiments,pioreactor01,2026-08-17T03:09:40.549Z,0.547562355396,2026-08-17 08:54:40.549,1168.800277777778
Pulse experiments,pioreactor01,2026-08-17T03:09:45.550Z,0.547587615303,2026-08-17 08:54:45.550,1168.801666666667
Pulse experiments,pioreactor01,2026-08-17T03:09:50.551Z,0.547569726143,2026-08-17 08:54:50.551,1168.803055555556
Pulse experiments,pioreactor01,2026-08-17T03:09:55.551Z,0.547568140651,2026-08-17 08:54:55.551,1168.804444444444
Pulse experiments,pioreactor01,2026-08-17T03:10:00.549Z,0.54754247539,2026-08-17 08:55:00.549,1168.805833333333
Pulse experiments,pioreactor01,2026-08-17T03:10:05.550Z,0.547540802628,2026-08-17 08:55:05.550,1168.807222222222
Pulse experiments,pioreactor01,2026-08-17T03:10:10.550Z,0.547537794886,2026-08-17 08:55:10.550,1168.808611111111
Pulse experiments,pioreactor01,2026-08-17T03:10:15.550Z,0.54754875062,2026-08-17 08:55:15.550,1168.81
Pulse experiments,pioreactor01,2026-08-17T03:10:20.551Z,0.547536217754,2026-08-17 08:55:20.551,1168.811388888889
Pulse experiments,pioreactor01,2026-08-17T03:10:25.551Z,0.547516062148,2026-08-17 08:55:25.551,1168.812777777778
Pulse experiments,pioreactor01,2026-08-17T03:10:30.551Z,0.54749074517,2026-08-17 08:55:30.551,1168.814166666667
Pulse experiments,pioreactor01,2026-08-17T03:10:35.549Z,0.547489206832,2026-08-17 08:55:35.549,1168.815555555556
Pulse experiments,pioreactor01,2026-08-17T03:10:40.550Z,0.547489726428,2026-08-17 08:55:40.550,1168.816944444445
Pulse experiments,pioreactor01,2026-08-17T03:10:45.551Z,0.547489490312,2026-08-17 08:55:45.551,1168.818333333333
Pulse experiments,pioreactor01,2026-08-17T03:10:50.552Z,0.547519232263,2026-08-17 08:55:50.552,1168.819722222222
Pulse experiments,pioreactor01,2026-08-17T03:10:55.549Z,0.547564280952,2026-08-17 08:55:55.549,1168.821111111111
Pulse experiments,pioreactor01,2026-08-17T03:11:00.551Z,0.547581556411,2026-08-17 08:56:00.551,1168.8225
Pulse experiments,pioreactor01,2026-08-17T03:11:10.552Z,0.547587968317,2026-08-17 08:56:10.552,1168.825277777778
Pulse experiments,pioreactor01,2026-08-17T03:11:15.549Z,0.547597595279,2026-08-17 08:56:15.549,1168.826666666667
Pulse experiments,pioreactor01,2026-08-17T03:11:20.551Z,0.547596870857,2026-08-17 08:56:20.551,1168.828055555555
Pulse experiments,pioreactor01,2026-08-17T03:11:25.551Z,0.547611302936,2026-08-17 08:56:25.551,1168.829444444444
Pulse experiments,pioreactor01,2026-08-17T03:11:30.552Z,0.547625122213,2026-08-17 08:56:30.552,1168.830833333333
Pulse experiments,pioreactor01,2026-08-17T03:11:35.550Z,0.5476410869,2026-08-17 08:56:35.550,1168.832222222222
Pulse experiments,pioreactor01,2026-08-17T03:11:40.551Z,0.547654617988,2026-08-17 08:56:40.551,1168.833611111111
Pulse experiments,pioreactor01,2026-08-17T03:11:45.550Z,0.547626357945,2026-08-17 08:56:45.550,1168.835
Pulse experiments,pioreactor01,2026-08-17T03:11:50.551Z,0.54762423863,2026-08-17 08:56:50.551,1168.836388888889
Pulse experiments,pioreactor01,2026-08-17T03:11:55.550Z,0.547610611494,2026-08-17 08:56:55.550,1168.837777777778
Pulse experiments,pioreactor01,2026-08-17T03:12:00.549Z,0.54760814844,2026-08-17 08:57:00.549,1168.839166666667
Pulse experiments,pioreactor01,2026-08-17T03:12:05.549Z,0.547591903766,2026-08-17 08:57:05.549,1168.840555555556
Pulse experiments,pioreactor01,2026-08-17T03:12:10.550Z,0.547583279347,2026-08-17 08:57:10.550,1168.841944444444
Pulse experiments,pioreactor01,2026-08-17T03:12:20.552Z,0.547565505246,2026-08-17 08:57:20.552,1168.844722222222
Pulse experiments,pioreactor01,2026-08-17T03:12:25.550Z,0.547544175401,2026-08-17 08:57:25.550,1168.846111111111
Pulse experiments,pioreactor01,2026-08-17T03:12:30.552Z,0.547511773071,2026-08-17 08:57:30.552,1168.8475
Pulse experiments,pioreactor01,2026-08-17T03:12:35.551Z,0.5475001045,2026-08-17 08:57:35.551,1168.848888888889
Pulse experiments,pioreactor01,2026-08-17T03:12:40.552Z,0.547474351463,2026-08-17 08:57:40.552,1168.850277777778
Pulse experiments,pioreactor01,2026-08-17T03:12:45.553Z,0.54746812934,2026-08-17 08:57:45.553,1168.851666666667
Pulse experiments,pioreactor01,2026-08-17T03:12:50.549Z,0.547466346207,2026-08-17 08:57:50.549,1168.853055555556
Pulse experiments,pioreactor01,2026-08-17T03:12:55.550Z,0.547467104738,2026-08-17 08:57:55.550,1168.854444444444
Pulse experiments,pioreactor01,2026-08-17T03:13:00.550Z,0.547484191308,2026-08-17 08:58:00.550,1168.855833333333
Pulse experiments,pioreactor01,2026-08-17T03:13:05.550Z,0.547512879091,2026-08-17 08:58:05.550,1168.857222222222
Pulse experiments,pioreactor01,2026-08-17T03:13:10.549Z,0.54751792715,2026-08-17 08:58:10.549,1168.858611111111
Pulse experiments,pioreactor01,2026-08-17T03:13:15.550Z,0.54751259518,2026-08-17 08:58:15.550,1168.86
Pulse experiments,pioreactor01,2026-08-17T03:13:20.549Z,0.547527296216,2026-08-17 08:58:20.549,1168.861388888889
Pulse experiments,pioreactor01,2026-08-17T03:13:25.549Z,0.547534377182,2026-08-17 08:58:25.549,1168.862777777778
Pulse experiments,pioreactor01,2026-08-17T03:13:30.549Z,0.547545967168,2026-08-17 08:58:30.549,1168.864166666667
Pulse experiments,pioreactor01,2026-08-17T03:13:35.551Z,0.547576193649,2026-08-17 08:58:35.551,1168.865555555556
Pulse experiments,pioreactor01,2026-08-17T03:13:40.550Z,0.547574773829,2026-08-17 08:58:40.550,1168.866944444444
Pulse experiments,pioreactor01,2026-08-17T03:13:45.552Z,0.547582218388,2026-08-17 08:58:45.552,1168.868333333333
Pulse experiments,pioreactor01,2026-08-17T03:13:50.551Z,0.547583318066,2026-08-17 08:58:50.551,1168.869722222222
Pulse experiments,pioreactor01,2026-08-17T03:13:55.550Z,0.547596145455,2026-08-17 08:58:55.550,1168.871111111111
Pulse experiments,pioreactor01,2026-08-17T03:14:00.550Z,0.547589297366,2026-08-17 08:59:00.550,1168.8725
Pulse experiments,pioreactor01,2026-08-17T03:14:05.550Z,0.547595243603,2026-08-17 08:59:05.550,1168.873888888889
Pulse experiments,pioreactor01,2026-08-17T03:14:10.552Z,0.547574320785,2026-08-17 08:59:10.552,1168.875277777778
Pulse experiments,pioreactor01,2026-08-17T03:14:15.551Z,0.547581804224,2026-08-17 08:59:15.551,1168.876666666667
Pulse experiments,pioreactor01,2026-08-17T03:14:20.550Z,0.547580397203,2026-08-17 08:59:20.550,1168.878055555556
Pulse experiments,pioreactor01,2026-08-17T03:14:25.554Z,0.547569507864,2026-08-17 08:59:25.554,1168.879444444445
Pulse experiments,pioreactor01,2026-08-17T03:14:30.551Z,0.547531098832,2026-08-17 08:59:30.551,1168.880833333333
Pulse experiments,pioreactor01,2026-08-17T03:14:35.552Z,0.547506780043,2026-08-17 08:59:35.552,1168.882222222222
Pulse experiments,pioreactor01,2026-08-17T03:14:40.550Z,0.547499615239,2026-08-17 08:59:40.550,1168.883611111111
Pulse experiments,pioreactor01,2026-08-17T03:14:45.551Z,0.547488546307,2026-08-17 08:59:45.551,1168.885
Pulse experiments,pioreactor01,2026-08-17T03:14:50.550Z,0.547486543378,2026-08-17 08:59:50.550,1168.886388888889
Pulse experiments,pioreactor01,2026-08-17T03:14:55.554Z,0.547516034813,2026-08-17 08:59:55.554,1168.887777777778
Pulse experiments,pioreactor01,2026-08-17T03:15:00.552Z,0.547511615324,2026-08-17 09:00:00.552,1168.889166666667
Pulse experiments,pioreactor01,2026-08-17T03:15:05.550Z,0.547552357465,2026-08-17 09:00:05.550,1168.890555555555
Pulse experiments,pioreactor01,2026-08-17T03:15:10.553Z,0.547541810575,2026-08-17 09:00:10.553,1168.891944444444
Pulse experiments,pioreactor01,2026-08-17T03:15:15.550Z,0.547553705234,2026-08-17 09:00:15.550,1168.893333333333
Pulse experiments,pioreactor01,2026-08-17T03:15:20.550Z,0.547572845266,2026-08-17 09:00:20.550,1168.894722222222
Pulse experiments,pioreactor01,2026-08-17T03:15:30.554Z,0.547561537435,2026-08-17 09:00:30.554,1168.8975
Pulse experiments,pioreactor01,2026-08-17T03:15:35.552Z,0.547555659054,2026-08-17 09:00:35.552,1168.898888888889
Pulse experiments,pioreactor01,2026-08-17T03:15:40.550Z,0.547539097293,2026-08-17 09:00:40.550,1168.900277777778
Pulse experiments,pioreactor01,2026-08-17T03:15:45.550Z,0.547517129032,2026-08-17 09:00:45.550,1168.901666666667
Pulse experiments,pioreactor01,2026-08-17T03:15:50.550Z,0.547513103854,2026-08-17 09:00:50.550,1168.903055555556
Pulse experiments,pioreactor01,2026-08-17T03:15:55.550Z,0.547505681063,2026-08-17 09:00:55.550,1168.904444444444
Pulse experiments,pioreactor01,2026-08-17T03:16:00.550Z,0.547493860718,2026-08-17 09:01:00.550,1168.905833333333
Pulse experiments,pioreactor01,2026-08-17T03:16:05.549Z,0.547499499126,2026-08-17 09:01:05.549,1168.907222222222
Pulse experiments,pioreactor01,2026-08-17T03:16:10.550Z,0.547508319688,2026-08-17 09:01:10.550,1168.908611111111
Pulse experiments,pioreactor01,2026-08-17T03:16:15.551Z,0.547500206104,2026-08-17 09:01:15.551,1168.91
Pulse experiments,pioreactor01,2026-08-17T03:16:20.551Z,0.547501856962,2026-08-17 09:01:20.551,1168.911388888889
Pulse experiments,pioreactor01,2026-08-17T03:16:25.552Z,0.54750384401,2026-08-17 09:01:25.552,1168.912777777778
Pulse experiments,pioreactor01,2026-08-17T03:16:30.550Z,0.547500295935,2026-08-17 09:01:30.550,1168.914166666667
Pulse experiments,pioreactor01,2026-08-17T03:16:35.549Z,0.54749462671,2026-08-17 09:01:35.549,1168.915555555556
Pulse experiments,pioreactor01,2026-08-17T03:16:40.551Z,0.547481620312,2026-08-17 09:01:40.551,1168.916944444444
Pulse experiments,pioreactor01,2026-08-17T03:16:45.550Z,0.547466069041,2026-08-17 09:01:45.550,1168.918333333333
Pulse experiments,pioreactor01,2026-08-17T03:16:50.549Z,0.547474074346,2026-08-17 09:01:50.549,1168.919722222222
Pulse experiments,pioreactor01,2026-08-17T03:16:55.550Z,0.54746411048,2026-08-17 09:01:55.550,1168.921111111111
Pulse experiments,pioreactor01,2026-08-17T03:17:00.552Z,0.547457176386,2026-08-17 09:02:00.552,1168.9225
Pulse experiments,pioreactor01,2026-08-17T03:17:05.550Z,0.547455970697,2026-08-17 09:02:05.550,1168.923888888889
Pulse experiments,pioreactor01,2026-08-17T03:17:10.549Z,0.5474376734,2026-08-17 09:02:10.549,1168.925277777778
Pulse experiments,pioreactor01,2026-08-17T03:17:15.549Z,0.547455185368,2026-08-17 09:02:15.549,1168.926666666667
Pulse experiments,pioreactor01,2026-08-17T03:17:20.551Z,0.547468715018,2026-08-17 09:02:20.551,1168.928055555556
Pulse experiments,pioreactor01,2026-08-17T03:17:25.551Z,0.547464011534,2026-08-17 09:02:25.551,1168.929444444444
Pulse experiments,pioreactor01,2026-08-17T03:17:30.550Z,0.547482590388,2026-08-17 09:02:30.550,1168.930833333333
Pulse experiments,pioreactor01,2026-08-17T03:17:35.550Z,0.547509379497,2026-08-17 09:02:35.550,1168.932222222222
Pulse experiments,pioreactor01,2026-08-17T03:17:40.551Z,0.547540926332,2026-08-17 09:02:40.551,1168.933611111111
Pulse experiments,pioreactor01,2026-08-17T03:17:45.551Z,0.54755263021,2026-08-17 09:02:45.551,1168.935
Pulse experiments,pioreactor01,2026-08-17T03:17:50.552Z,0.547570830768,2026-08-17 09:02:50.552,1168.936388888889
Pulse experiments,pioreactor01,2026-08-17T03:17:55.552Z,0.547578046282,2026-08-17 09:02:55.552,1168.937777777778
Pulse experiments,pioreactor01,2026-08-17T03:18:00.552Z,0.54758612778,2026-08-17 09:03:00.552,1168.939166666667
Pulse experiments,pioreactor01,2026-08-17T03:18:05.550Z,0.547586852532,2026-08-17 09:03:05.550,1168.940555555556
Pulse experiments,pioreactor01,2026-08-17T03:18:10.551Z,0.547606264987,2026-08-17 09:03:10.551,1168.941944444445
Pulse experiments,pioreactor01,2026-08-17T03:18:15.551Z,0.547612720299,2026-08-17 09:03:15.551,1168.943333333333
Pulse experiments,pioreactor01,2026-08-17T03:18:20.549Z,0.547605206401,2026-08-17 09:03:20.549,1168.944722222222
Pulse experiments,pioreactor01,2026-08-17T03:18:25.551Z,0.547579372913,2026-08-17 09:03:25.551,1168.946111111111
Pulse experiments,pioreactor01,2026-08-17T03:18:30.551Z,0.547581293893,2026-08-17 09:03:30.551,1168.9475
Pulse experiments,pioreactor01,2026-08-17T03:18:35.550Z,0.547590237962,2026-08-17 09:03:35.550,1168.948888888889
Pulse experiments,pioreactor01,2026-08-17T03:18:40.549Z,0.547585604484,2026-08-17 09:03:40.549,1168.950277777778
Pulse experiments,pioreactor01,2026-08-17T03:18:45.550Z,0.547613207768,2026-08-17 09:03:45.550,1168.951666666667
Pulse experiments,pioreactor01,2026-08-17T03:18:50.549Z,0.547631395624,2026-08-17 09:03:50.549,1168.953055555555
Pulse experiments,pioreactor01,2026-08-17T03:18:55.552Z,0.547637200896,2026-08-17 09:03:55.552,1168.954444444444
Pulse experiments,pioreactor01,2026-08-17T03:19:00.550Z,0.547650799208,2026-08-17 09:04:00.550,1168.955833333333
Pulse experiments,pioreactor01,2026-08-17T03:19:05.551Z,0.547642749362,2026-08-17 09:04:05.551,1168.957222222222
Pulse experiments,pioreactor01,2026-08-17T03:19:15.550Z,0.547639746008,2026-08-17 09:04:15.550,1168.96
Pulse experiments,pioreactor01,2026-08-17T03:19:20.553Z,0.547642343732,2026-08-17 09:04:20.553,1168.961388888889
Pulse experiments,pioreactor01,2026-08-17T03:19:25.551Z,0.547657634706,2026-08-17 09:04:25.551,1168.962777777778
Pulse experiments,pioreactor01,2026-08-17T03:19:30.552Z,0.547660325771,2026-08-17 09:04:30.552,1168.964166666667
Pulse experiments,pioreactor01,2026-08-17T03:19:35.552Z,0.547660213262,2026-08-17 09:04:35.552,1168.965555555556
Pulse experiments,pioreactor01,2026-08-17T03:19:40.551Z,0.547641488639,2026-08-17 09:04:40.551,1168.966944444444
Pulse experiments,pioreactor01,2026-08-17T03:19:45.551Z,0.547646190524,2026-08-17 09:04:45.551,1168.968333333333
Pulse experiments,pioreactor01,2026-08-17T03:19:50.551Z,0.547644006428,2026-08-17 09:04:50.551,1168.969722222222
Pulse experiments,pioreactor01,2026-08-17T03:19:55.550Z,0.54766701876,2026-08-17 09:04:55.550,1168.971111111111
Pulse experiments,pioreactor01,2026-08-17T03:20:00.549Z,0.547690262001,2026-08-17 09:05:00.549,1168.9725
Pulse experiments,pioreactor01,2026-08-17T03:20:05.550Z,0.547691576119,2026-08-17 09:05:05.550,1168.973888888889
Pulse experiments,pioreactor01,2026-08-17T03:20:10.550Z,0.547707849264,2026-08-17 09:05:10.550,1168.975277777778
Pulse experiments,pioreactor01,2026-08-17T03:20:15.558Z,0.54772518395,2026-08-17 09:05:15.558,1168.976666666667
Pulse experiments,pioreactor01,2026-08-17T03:20:20.552Z,0.547731183562,2026-08-17 09:05:20.552,1168.978055555556
Pulse experiments,pioreactor01,2026-08-17T03:20:25.550Z,0.547724778455,2026-08-17 09:05:25.550,1168.979444444444
Pulse experiments,pioreactor01,2026-08-17T03:20:30.550Z,0.547712355701,2026-08-17 09:05:30.550,1168.980833333333
Pulse experiments,pioreactor01,2026-08-17T03:20:35.551Z,0.547697200907,2026-08-17 09:05:35.551,1168.982222222222
Pulse experiments,pioreactor01,2026-08-17T03:20:40.555Z,0.547695077365,2026-08-17 09:05:40.555,1168.983611111111
Pulse experiments,pioreactor01,2026-08-17T03:20:45.552Z,0.547702276217,2026-08-17 09:05:45.552,1168.985
Pulse experiments,pioreactor01,2026-08-17T03:20:50.554Z,0.547720805464,2026-08-17 09:05:50.554,1168.986388888889
Pulse experiments,pioreactor01,2026-08-17T03:20:55.553Z,0.547721812548,2026-08-17 09:05:55.553,1168.987777777778
Pulse experiments,pioreactor01,2026-08-17T03:21:00.550Z,0.547725103849,2026-08-17 09:06:00.550,1168.989166666667
Pulse experiments,pioreactor01,2026-08-17T03:21:05.555Z,0.547740589973,2026-08-17 09:06:05.555,1168.990555555556
Pulse experiments,pioreactor01,2026-08-17T03:21:10.550Z,0.547746068247,2026-08-17 09:06:10.550,1168.991944444444
Pulse experiments,pioreactor01,2026-08-17T03:21:15.552Z,0.54775100392,2026-08-17 09:06:15.552,1168.993333333333
Pulse experiments,pioreactor01,2026-08-17T03:21:20.550Z,0.547750083908,2026-08-17 09:06:20.550,1168.994722222222
Pulse experiments,pioreactor01,2026-08-17T03:21:25.550Z,0.547743331692,2026-08-17 09:06:25.550,1168.996111111111
Pulse experiments,pioreactor01,2026-08-17T03:21:30.554Z,0.547725753804,2026-08-17 09:06:30.554,1168.9975
Pulse experiments,pioreactor01,2026-08-17T03:21:35.553Z,0.547716425896,2026-08-17 09:06:35.553,1168.998888888889
Pulse experiments,pioreactor01,2026-08-17T03:21:40.550Z,0.547724868072,2026-08-17 09:06:40.550,1169.000277777778
Pulse experiments,pioreactor01,2026-08-17T03:21:45.549Z,0.547721429756,2026-08-17 09:06:45.549,1169.001666666667
Pulse experiments,pioreactor01,2026-08-17T03:21:50.551Z,0.547732737446,2026-08-17 09:06:50.551,1169.003055555556
Pulse experiments,pioreactor01,2026-08-17T03:21:55.551Z,0.54772253608,2026-08-17 09:06:55.551,1169.004444444445
Pulse experiments,pioreactor01,2026-08-17T03:22:00.549Z,0.547698825206,2026-08-17 09:07:00.549,1169.005833333333
Pulse experiments,pioreactor01,2026-08-17T03:22:05.549Z,0.547683812654,2026-08-17 09:07:05.549,1169.007222222222
Pulse experiments,pioreactor01,2026-08-17T03:22:10.551Z,0.547677933036,2026-08-17 09:07:10.551,1169.008611111111
Pulse experiments,pioreactor01,2026-08-17T03:22:15.550Z,0.547680804385,2026-08-17 09:07:15.550,1169.01
Pulse experiments,pioreactor01,2026-08-17T03:22:20.549Z,0.547682663534,2026-08-17 09:07:20.549,1169.011388888889
Pulse experiments,pioreactor01,2026-08-17T03:22:25.550Z,0.547671351758,2026-08-17 09:07:25.550,1169.012777777778
Pulse experiments,pioreactor01,2026-08-17T03:22:30.550Z,0.547675448631,2026-08-17 09:07:30.550,1169.014166666667
Pulse experiments,pioreactor01,2026-08-17T03:22:35.553Z,0.547675263036,2026-08-17 09:07:35.553,1169.015555555555
Pulse experiments,pioreactor01,2026-08-17T03:22:45.553Z,0.547666809494,2026-08-17 09:07:45.553,1169.018333333333
Pulse experiments,pioreactor01,2026-08-17T03:22:50.553Z,0.547683825174,2026-08-17 09:07:50.553,1169.019722222222
Pulse experiments,pioreactor01,2026-08-17T03:22:55.550Z,0.547692755058,2026-08-17 09:07:55.550,1169.021111111111
Pulse experiments,pioreactor01,2026-08-17T03:23:00.549Z,0.547702306058,2026-08-17 09:08:00.549,1169.0225
Pulse experiments,pioreactor01,2026-08-17T03:23:10.550Z,0.547741660706,2026-08-17 09:08:10.550,1169.025277777778
Pulse experiments,pioreactor01,2026-08-17T03:23:15.551Z,0.547746969964,2026-08-17 09:08:15.551,1169.026666666667
Pulse experiments,pioreactor01,2026-08-17T03:23:20.550Z,0.547757279688,2026-08-17 09:08:20.550,1169.028055555556
Pulse experiments,pioreactor01,2026-08-17T03:23:25.550Z,0.547793267039,2026-08-17 09:08:25.550,1169.029444444444
Pulse experiments,pioreactor01,2026-08-17T03:23:30.550Z,0.547772352522,2026-08-17 09:08:30.550,1169.030833333333
Pulse experiments,pioreactor01,2026-08-17T03:23:35.549Z,0.547792848361,2026-08-17 09:08:35.549,1169.032222222222
Pulse experiments,pioreactor01,2026-08-17T03:23:45.554Z,0.547789611501,2026-08-17 09:08:45.554,1169.035
Pulse experiments,pioreactor01,2026-08-17T03:23:50.549Z,0.547808160531,2026-08-17 09:08:50.549,1169.036388888889
Pulse experiments,pioreactor01,2026-08-17T03:24:00.553Z,0.547817752771,2026-08-17 09:09:00.553,1169.039166666667
Pulse experiments,pioreactor01,2026-08-17T03:24:05.552Z,0.547812915817,2026-08-17 09:09:05.552,1169.040555555556
Pulse experiments,pioreactor01,2026-08-17T03:24:10.550Z,0.547822292397,2026-08-17 09:09:10.550,1169.041944444444
Pulse experiments,pioreactor01,2026-08-17T03:24:15.549Z,0.547824442172,2026-08-17 09:09:15.549,1169.043333333333
Pulse experiments,pioreactor01,2026-08-17T03:24:20.550Z,0.54783930931,2026-08-17 09:09:20.550,1169.044722222222
Pulse experiments,pioreactor01,2026-08-17T03:24:25.552Z,0.547848529196,2026-08-17 09:09:25.552,1169.046111111111
Pulse experiments,pioreactor01,2026-08-17T03:24:30.551Z,0.54785817719,2026-08-17 09:09:30.551,1169.0475
Pulse experiments,pioreactor01,2026-08-17T03:24:35.550Z,0.547854072273,2026-08-17 09:09:35.550,1169.048888888889
Pulse experiments,pioreactor01,2026-08-17T03:24:40.549Z,0.547864354026,2026-08-17 09:09:40.549,1169.050277777778
Pulse experiments,pioreactor01,2026-08-17T03:24:45.551Z,0.547849315126,2026-08-17 09:09:45.551,1169.051666666667
Pulse experiments,pioreactor01,2026-08-17T03:24:50.549Z,0.547853134219,2026-08-17 09:09:50.549,1169.053055555556
Pulse experiments,pioreactor01,2026-08-17T03:24:55.550Z,0.547879133724,2026-08-17 09:09:55.550,1169.054444444444
Pulse experiments,pioreactor01,2026-08-17T03:25:00.551Z,0.547922363932,2026-08-17 09:10:00.551,1169.055833333333
Pulse experiments,pioreactor01,2026-08-17T03:25:05.550Z,0.547973312123,2026-08-17 09:10:05.550,1169.057222222222
Pulse experiments,pioreactor01,2026-08-17T03:25:10.551Z,0.548005234328,2026-08-17 09:10:10.551,1169.058611111111
Pulse experiments,pioreactor01,2026-08-17T03:25:15.553Z,0.548027502364,2026-08-17 09:10:15.553,1169.06
Pulse experiments,pioreactor01,2026-08-17T03:25:20.549Z,0.548062168611,2026-08-17 09:10:20.549,1169.061388888889
Pulse experiments,pioreactor01,2026-08-17T03:25:25.551Z,0.548079634794,2026-08-17 09:10:25.551,1169.062777777778
Pulse experiments,pioreactor01,2026-08-17T03:25:30.550Z,0.548087270087,2026-08-17 09:10:30.550,1169.064166666667
Pulse experiments,pioreactor01,2026-08-17T03:25:35.552Z,0.5481009571,2026-08-17 09:10:35.552,1169.065555555556
Pulse experiments,pioreactor01,2026-08-17T03:25:40.551Z,0.548123996802,2026-08-17 09:10:40.551,1169.066944444445
Pulse experiments,pioreactor01,2026-08-17T03:25:45.551Z,0.548134681137,2026-08-17 09:10:45.551,1169.068333333333
Pulse experiments,pioreactor01,2026-08-17T03:25:55.551Z,0.548158070383,2026-08-17 09:10:55.551,1169.071111111111
Pulse experiments,pioreactor01,2026-08-17T03:26:10.549Z,0.548182492326,2026-08-17 09:11:10.549,1169.075277777778
Pulse experiments,pioreactor01,2026-08-17T03:26:15.552Z,0.548220089275,2026-08-17 09:11:15.552,1169.076666666667
Pulse experiments,pioreactor01,2026-08-17T03:26:20.550Z,0.548229299254,2026-08-17 09:11:20.550,1169.078055555555
Pulse experiments,pioreactor01,2026-08-17T03:26:25.552Z,0.548253613922,2026-08-17 09:11:25.552,1169.079444444444
Pulse experiments,pioreactor01,2026-08-17T03:26:30.549Z,0.548278982504,2026-08-17 09:11:30.549,1169.080833333333
Pulse experiments,pioreactor01,2026-08-17T03:26:35.549Z,0.548287108498,2026-08-17 09:11:35.549,1169.082222222222
Pulse experiments,pioreactor01,2026-08-17T03:26:40.550Z,0.548299250341,2026-08-17 09:11:40.550,1169.083611111111
Pulse experiments,pioreactor01,2026-08-17T03:26:45.552Z,0.548314027508,2026-08-17 09:11:45.552,1169.085
Pulse experiments,pioreactor01,2026-08-17T03:26:50.554Z,0.54832302083,2026-08-17 09:11:50.554,1169.086388888889
Pulse experiments,pioreactor01,2026-08-17T03:26:55.550Z,0.548336691242,2026-08-17 09:11:55.550,1169.087777777778
Pulse experiments,pioreactor01,2026-08-17T03:27:00.551Z,0.548363470654,2026-08-17 09:12:00.551,1169.089166666667
Pulse experiments,pioreactor01,2026-08-17T03:27:05.550Z,0.548386768337,2026-08-17 09:12:05.550,1169.090555555556
Pulse experiments,pioreactor01,2026-08-17T03:27:10.550Z,0.548400412973,2026-08-17 09:12:10.550,1169.091944444444
Pulse experiments,pioreactor01,2026-08-17T03:27:15.550Z,0.548408689028,2026-08-17 09:12:15.550,1169.093333333333
Pulse experiments,pioreactor01,2026-08-17T03:27:25.550Z,0.548418245303,2026-08-17 09:12:25.550,1169.096111111111
Pulse experiments,pioreactor01,2026-08-17T03:27:30.551Z,0.548420756959,2026-08-17 09:12:30.551,1169.0975
Pulse experiments,pioreactor01,2026-08-17T03:27:35.550Z,0.548436853034,2026-08-17 09:12:35.550,1169.098888888889
Pulse experiments,pioreactor01,2026-08-17T03:27:40.550Z,0.548432168909,2026-08-17 09:12:40.550,1169.100277777778
Pulse experiments,pioreactor01,2026-08-17T03:27:45.551Z,0.548434682295,2026-08-17 09:12:45.551,1169.101666666667
Pulse experiments,pioreactor01,2026-08-17T03:27:50.552Z,0.548424872343,2026-08-17 09:12:50.552,1169.103055555556
Pulse experiments,pioreactor01,2026-08-17T03:27:55.549Z,0.54841895185,2026-08-17 09:12:55.549,1169.104444444444
Pulse experiments,pioreactor01,2026-08-17T03:28:00.551Z,0.548405398848,2026-08-17 09:13:00.551,1169.105833333333
Pulse experiments,pioreactor01,2026-08-17T03:28:05.550Z,0.54841627961,2026-08-17 09:13:05.550,1169.107222222222
Pulse experiments,pioreactor01,2026-08-17T03:28:10.550Z,0.548410787166,2026-08-17 09:13:10.550,1169.108611111111
Pulse experiments,pioreactor01,2026-08-17T03:28:15.550Z,0.5484126224,2026-08-17 09:13:15.550,1169.11
Pulse experiments,pioreactor01,2026-08-17T03:28:20.550Z,0.548421698169,2026-08-17 09:13:20.550,1169.111388888889
Pulse experiments,pioreactor01,2026-08-17T03:28:25.550Z,0.548430987498,2026-08-17 09:13:25.550,1169.112777777778
Pulse experiments,pioreactor01,2026-08-17T03:28:30.550Z,0.548438835924,2026-08-17 09:13:30.550,1169.114166666667
Pulse experiments,pioreactor01,2026-08-17T03:28:35.550Z,0.548439666323,2026-08-17 09:13:35.550,1169.115555555556
Pulse experiments,pioreactor01,2026-08-17T03:28:40.553Z,0.548444014511,2026-08-17 09:13:40.553,1169.116944444444
Pulse experiments,pioreactor01,2026-08-17T03:28:45.551Z,0.548468317023,2026-08-17 09:13:45.551,1169.118333333333
Pulse experiments,pioreactor01,2026-08-17T03:28:50.550Z,0.54848202148,2026-08-17 09:13:50.550,1169.119722222222
Pulse experiments,pioreactor01,2026-08-17T03:29:00.549Z,0.548506373404,2026-08-17 09:14:00.549,1169.1225
Pulse experiments,pioreactor01,2026-08-17T03:29:05.550Z,0.548494451786,2026-08-17 09:14:05.550,1169.123888888889
Pulse experiments,pioreactor01,2026-08-17T03:29:10.551Z,0.54851296381,2026-08-17 09:14:10.551,1169.125277777778
Pulse experiments,pioreactor01,2026-08-17T03:29:15.551Z,0.548511523956,2026-08-17 09:14:15.551,1169.126666666667
Pulse experiments,pioreactor01,2026-08-17T03:29:20.550Z,0.548522722676,2026-08-17 09:14:20.550,1169.128055555556
Pulse experiments,pioreactor01,2026-08-17T03:29:25.550Z,0.548532743623,2026-08-17 09:14:25.550,1169.129444444445
Pulse experiments,pioreactor01,2026-08-17T03:29:30.551Z,0.548549732297,2026-08-17 09:14:30.551,1169.130833333333
Pulse experiments,pioreactor01,2026-08-17T03:29:35.551Z,0.548576872459,2026-08-17 09:14:35.551,1169.132222222222
Pulse experiments,pioreactor01,2026-08-17T03:29:40.550Z,0.548578770398,2026-08-17 09:14:40.550,1169.133611111111
Pulse experiments,pioreactor01,2026-08-17T03:29:45.552Z,0.548576590921,2026-08-17 09:14:45.552,1169.135
Pulse experiments,pioreactor01,2026-08-17T03:29:50.550Z,0.548589804052,2026-08-17 09:14:50.550,1169.136388888889
Pulse experiments,pioreactor01,2026-08-17T03:29:55.552Z,0.548582165888,2026-08-17 09:14:55.552,1169.137777777778
Pulse experiments,pioreactor01,2026-08-17T03:30:00.551Z,0.548601744774,2026-08-17 09:15:00.551,1169.139166666667
Pulse experiments,pioreactor01,2026-08-17T03:30:05.553Z,0.548627425197,2026-08-17 09:15:05.553,1169.140555555555
Pulse experiments,pioreactor01,2026-08-17T03:30:10.550Z,0.548622895336,2026-08-17 09:15:10.550,1169.141944444444
Pulse experiments,pioreactor01,2026-08-17T03:30:15.553Z,0.548624935471,2026-08-17 09:15:15.553,1169.143333333333
Pulse experiments,pioreactor01,2026-08-17T03:30:20.552Z,0.548657153279,2026-08-17 09:15:20.552,1169.144722222222
Pulse experiments,pioreactor01,2026-08-17T03:30:25.550Z,0.548688709302,2026-08-17 09:15:25.550,1169.146111111111
Pulse experiments,pioreactor01,2026-08-17T03:30:30.550Z,0.548697755966,2026-08-17 09:15:30.550,1169.1475
Pulse experiments,pioreactor01,2026-08-17T03:30:35.550Z,0.548703292322,2026-08-17 09:15:35.550,1169.148888888889
Pulse experiments,pioreactor01,2026-08-17T03:30:40.552Z,0.548694650433,2026-08-17 09:15:40.552,1169.150277777778
Pulse experiments,pioreactor01,2026-08-17T03:30:45.550Z,0.548708546523,2026-08-17 09:15:45.550,1169.151666666667
Pulse experiments,pioreactor01,2026-08-17T03:30:50.553Z,0.54870224538,2026-08-17 09:15:50.553,1169.153055555556
Pulse experiments,pioreactor01,2026-08-17T03:30:55.551Z,0.548687419911,2026-08-17 09:15:55.551,1169.154444444444
Pulse experiments,pioreactor01,2026-08-17T03:31:00.551Z,0.548688277094,2026-08-17 09:16:00.551,1169.155833333333
Pulse experiments,pioreactor01,2026-08-17T03:31:05.551Z,0.54868486277,2026-08-17 09:16:05.551,1169.157222222222
Pulse experiments,pioreactor01,2026-08-17T03:31:10.550Z,0.548688568843,2026-08-17 09:16:10.550,1169.158611111111
Pulse experiments,pioreactor01,2026-08-17T03:31:15.552Z,0.548704364563,2026-08-17 09:16:15.552,1169.16
Pulse experiments,pioreactor01,2026-08-17T03:31:20.550Z,0.548715623634,2026-08-17 09:16:20.550,1169.161388888889
Pulse experiments,pioreactor01,2026-08-17T03:31:25.551Z,0.548718995543,2026-08-17 09:16:25.551,1169.162777777778
Pulse experiments,pioreactor01,2026-08-17T03:31:30.553Z,0.548727954355,2026-08-17 09:16:30.553,1169.164166666667
Pulse experiments,pioreactor01,2026-08-17T03:31:35.550Z,0.548742036409,2026-08-17 09:16:35.550,1169.165555555556
Pulse experiments,pioreactor01,2026-08-17T03:31:40.551Z,0.548747651993,2026-08-17 09:16:40.551,1169.166944444444
Pulse experiments,pioreactor01,2026-08-17T03:31:45.551Z,0.548754550116,2026-08-17 09:16:45.551,1169.168333333333
Pulse experiments,pioreactor01,2026-08-17T03:31:50.551Z,0.548764601634,2026-08-17 09:16:50.551,1169.169722222222
Pulse experiments,pioreactor01,2026-08-17T03:31:55.552Z,0.548779208007,2026-08-17 09:16:55.552,1169.171111111111
Pulse experiments,pioreactor01,2026-08-17T03:32:00.553Z,0.548784770684,2026-08-17 09:17:00.553,1169.1725
Pulse experiments,pioreactor01,2026-08-17T03:32:05.552Z,0.548815815251,2026-08-17 09:17:05.552,1169.173888888889
Pulse experiments,pioreactor01,2026-08-17T03:32:10.551Z,0.548850999789,2026-08-17 09:17:10.551,1169.175277777778
Pulse experiments,pioreactor01,2026-08-17T03:32:15.552Z,0.548858287668,2026-08-17 09:17:15.552,1169.176666666667
Pulse experiments,pioreactor01,2026-08-17T03:32:25.551Z,0.548872125232,2026-08-17 09:17:25.551,1169.179444444444
Pulse experiments,pioreactor01,2026-08-17T03:32:30.552Z,0.54887216409,2026-08-17 09:17:30.552,1169.180833333333
Pulse experiments,pioreactor01,2026-08-17T03:32:35.553Z,0.548870417177,2026-08-17 09:17:35.553,1169.182222222222
Pulse experiments,pioreactor01,2026-08-17T03:32:40.550Z,0.548884302823,2026-08-17 09:17:40.550,1169.183611111111
Pulse experiments,pioreactor01,2026-08-17T03:32:50.549Z,0.548897495705,2026-08-17 09:17:50.549,1169.186388888889
Pulse experiments,pioreactor01,2026-08-17T03:32:55.551Z,0.548920039952,2026-08-17 09:17:55.551,1169.187777777778
Pulse experiments,pioreactor01,2026-08-17T03:33:00.549Z,0.54893457232,2026-08-17 09:18:00.549,1169.189166666667
Pulse experiments,pioreactor01,2026-08-17T03:33:05.550Z,0.548954874948,2026-08-17 09:18:05.550,1169.190555555556
Pulse experiments,pioreactor01,2026-08-17T03:33:10.551Z,0.548956144463,2026-08-17 09:18:10.551,1169.191944444445
Pulse experiments,pioreactor01,2026-08-17T03:33:15.551Z,0.548974793795,2026-08-17 09:18:15.551,1169.193333333333
Pulse experiments,pioreactor01,2026-08-17T03:33:20.551Z,0.548988543736,2026-08-17 09:18:20.551,1169.194722222222
Pulse experiments,pioreactor01,2026-08-17T03:33:25.550Z,0.548988595558,2026-08-17 09:18:25.550,1169.196111111111
Pulse experiments,pioreactor01,2026-08-17T03:33:30.551Z,0.548995947575,2026-08-17 09:18:30.551,1169.1975
Pulse experiments,pioreactor01,2026-08-17T03:33:35.552Z,0.548987813141,2026-08-17 09:18:35.552,1169.198888888889
Pulse experiments,pioreactor01,2026-08-17T03:33:40.549Z,0.548987545931,2026-08-17 09:18:40.549,1169.200277777778
Pulse experiments,pioreactor01,2026-08-17T03:33:45.551Z,0.549013971964,2026-08-17 09:18:45.551,1169.201666666667
Pulse experiments,pioreactor01,2026-08-17T03:33:50.552Z,0.549030704468,2026-08-17 09:18:50.552,1169.203055555555
Pulse experiments,pioreactor01,2026-08-17T03:33:55.552Z,0.549027649708,2026-08-17 09:18:55.552,1169.204444444444
Pulse experiments,pioreactor01,2026-08-17T03:34:00.552Z,0.549019719712,2026-08-17 09:19:00.552,1169.205833333333
Pulse experiments,pioreactor01,2026-08-17T03:34:10.549Z,0.549018580675,2026-08-17 09:19:10.549,1169.208611111111
Pulse experiments,pioreactor01,2026-08-17T03:34:15.549Z,0.548998850507,2026-08-17 09:19:15.549,1169.21
Pulse experiments,pioreactor01,2026-08-17T03:34:20.550Z,0.549000439737,2026-08-17 09:19:20.550,1169.211388888889
Pulse experiments,pioreactor01,2026-08-17T03:34:25.550Z,0.549007121219,2026-08-17 09:19:25.550,1169.212777777778
Pulse experiments,pioreactor01,2026-08-17T03:34:30.549Z,0.549015607717,2026-08-17 09:19:30.549,1169.214166666667
Pulse experiments,pioreactor01,2026-08-17T03:34:35.551Z,0.549024010201,2026-08-17 09:19:35.551,1169.215555555556
Pulse experiments,pioreactor01,2026-08-17T03:34:40.554Z,0.549020129723,2026-08-17 09:19:40.554,1169.216944444444
Pulse experiments,pioreactor01,2026-08-17T03:34:45.552Z,0.54903741105,2026-08-17 09:19:45.552,1169.218333333333
Pulse experiments,pioreactor01,2026-08-17T03:34:50.550Z,0.549050869388,2026-08-17 09:19:50.550,1169.219722222222
Pulse experiments,pioreactor01,2026-08-17T03:34:55.550Z,0.549075323163,2026-08-17 09:19:55.550,1169.221111111111
Pulse experiments,pioreactor01,2026-08-17T03:35:00.549Z,0.549112004702,2026-08-17 09:20:00.549,1169.2225
Pulse experiments,pioreactor01,2026-08-17T03:35:05.549Z,0.549121634705,2026-08-17 09:20:05.549,1169.223888888889
Pulse experiments,pioreactor01,2026-08-17T03:35:10.550Z,0.549153560659,2026-08-17 09:20:10.550,1169.225277777778
Pulse experiments,pioreactor01,2026-08-17T03:35:15.560Z,0.549141294907,2026-08-17 09:20:15.560,1169.226666666667
Pulse experiments,pioreactor01,2026-08-17T03:35:20.550Z,0.549121062652,2026-08-17 09:20:20.550,1169.228055555556
Pulse experiments,pioreactor01,2026-08-17T03:35:25.551Z,0.549132514683,2026-08-17 09:20:25.551,1169.229444444444
Pulse experiments,pioreactor01,2026-08-17T03:35:30.551Z,0.549142174014,2026-08-17 09:20:30.551,1169.230833333333
Pulse experiments,pioreactor01,2026-08-17T03:35:35.552Z,0.549141943711,2026-08-17 09:20:35.552,1169.232222222222
Pulse experiments,pioreactor01,2026-08-17T03:35:40.551Z,0.549160560959,2026-08-17 09:20:40.551,1169.233611111111
Pulse experiments,pioreactor01,2026-08-17T03:35:45.551Z,0.54917375983,2026-08-17 09:20:45.551,1169.235
Pulse experiments,pioreactor01,2026-08-17T03:35:50.554Z,0.549185440499,2026-08-17 09:20:50.554,1169.236388888889
Pulse experiments,pioreactor01,2026-08-17T03:35:55.551Z,0.549221848223,2026-08-17 09:20:55.551,1169.237777777778
Pulse experiments,pioreactor01,2026-08-17T03:36:00.551Z,0.549258786156,2026-08-17 09:21:00.551,1169.239166666667
Pulse experiments,pioreactor01,2026-08-17T03:36:05.550Z,0.549281232642,2026-08-17 09:21:05.550,1169.240555555556
Pulse experiments,pioreactor01,2026-08-17T03:36:10.549Z,0.5492634474,2026-08-17 09:21:10.549,1169.241944444444
Pulse experiments,pioreactor01,2026-08-17T03:36:15.553Z,0.549260746379,2026-08-17 09:21:15.553,1169.243333333333
Pulse experiments,pioreactor01,2026-08-17T03:36:20.551Z,0.549251702619,2026-08-17 09:21:20.551,1169.244722222222
Pulse experiments,pioreactor01,2026-08-17T03:36:25.549Z,0.549266994044,2026-08-17 09:21:25.549,1169.246111111111
Pulse experiments,pioreactor01,2026-08-17T03:36:30.551Z,0.549261537774,2026-08-17 09:21:30.551,1169.2475
Pulse experiments,pioreactor01,2026-08-17T03:36:35.551Z,0.549243809163,2026-08-17 09:21:35.551,1169.248888888889
Pulse experiments,pioreactor01,2026-08-17T03:36:40.551Z,0.549252450135,2026-08-17 09:21:40.551,1169.250277777778
Pulse experiments,pioreactor01,2026-08-17T03:36:45.554Z,0.549276863652,2026-08-17 09:21:45.554,1169.251666666667
Pulse experiments,pioreactor01,2026-08-17T03:36:50.550Z,0.549293878073,2026-08-17 09:21:50.550,1169.253055555556
Pulse experiments,pioreactor01,2026-08-17T03:36:55.550Z,0.549287867766,2026-08-17 09:21:55.550,1169.254444444445
Pulse experiments,pioreactor01,2026-08-17T03:37:00.551Z,0.549301428877,2026-08-17 09:22:00.551,1169.255833333333
Pulse experiments,pioreactor01,2026-08-17T03:37:05.552Z,0.549305451952,2026-08-17 09:22:05.552,1169.257222222222
Pulse experiments,pioreactor01,2026-08-17T03:37:10.550Z,0.549318078192,2026-08-17 09:22:10.550,1169.258611111111
Pulse experiments,pioreactor01,2026-08-17T03:37:15.549Z,0.549337164792,2026-08-17 09:22:15.549,1169.26
Pulse experiments,pioreactor01,2026-08-17T03:37:25.550Z,0.549352038557,2026-08-17 09:22:25.550,1169.262777777778
Pulse experiments,pioreactor01,2026-08-17T03:37:30.549Z,0.549364137186,2026-08-17 09:22:30.549,1169.264166666667
Pulse experiments,pioreactor01,2026-08-17T03:37:40.550Z,0.549355200533,2026-08-17 09:22:40.550,1169.266944444444
Pulse experiments,pioreactor01,2026-08-17T03:37:45.549Z,0.549353548928,2026-08-17 09:22:45.549,1169.268333333333
Pulse experiments,pioreactor01,2026-08-17T03:37:50.551Z,0.549365294452,2026-08-17 09:22:50.551,1169.269722222222
Pulse experiments,pioreactor01,2026-08-17T03:37:55.554Z,0.549369833,2026-08-17 09:22:55.554,1169.271111111111
Pulse experiments,pioreactor01,2026-08-17T03:38:00.557Z,0.549353242441,2026-08-17 09:23:00.557,1169.2725
Pulse experiments,pioreactor01,2026-08-17T03:38:05.550Z,0.549337193958,2026-08-17 09:23:05.550,1169.273888888889
Pulse experiments,pioreactor01,2026-08-17T03:38:10.550Z,0.549331208922,2026-08-17 09:23:10.550,1169.275277777778
Pulse experiments,pioreactor01,2026-08-17T03:38:15.551Z,0.549360743947,2026-08-17 09:23:15.551,1169.276666666667
Pulse experiments,pioreactor01,2026-08-17T03:38:20.550Z,0.549375050028,2026-08-17 09:23:20.550,1169.278055555556
Pulse experiments,pioreactor01,2026-08-17T03:38:25.550Z,0.549398224656,2026-08-17 09:23:25.550,1169.279444444444
Pulse experiments,pioreactor01,2026-08-17T03:38:30.550Z,0.549387372115,2026-08-17 09:23:30.550,1169.280833333333
Pulse experiments,pioreactor01,2026-08-17T03:38:35.550Z,0.549360620447,2026-08-17 09:23:35.550,1169.282222222222
Pulse experiments,pioreactor01,2026-08-17T03:38:40.551Z,0.549354986061,2026-08-17 09:23:40.551,1169.283611111111
Pulse experiments,pioreactor01,2026-08-17T03:38:45.557Z,0.54936443916,2026-08-17 09:23:45.557,1169.285
Pulse experiments,pioreactor01,2026-08-17T03:38:50.568Z,0.549372920355,2026-08-17 09:23:50.568,1169.286388888889
Pulse experiments,pioreactor01,2026-08-17T03:38:55.565Z,0.549378808878,2026-08-17 09:23:55.565,1169.287777777778
Pulse experiments,pioreactor01,2026-08-17T03:39:00.571Z,0.549399529702,2026-08-17 09:24:00.571,1169.289166666667
Pulse experiments,pioreactor01,2026-08-17T03:39:05.565Z,0.549414539163,2026-08-17 09:24:05.565,1169.290555555556
Pulse experiments,pioreactor01,2026-08-17T03:39:10.560Z,0.549429877536,2026-08-17 09:24:10.560,1169.291944444444
Pulse experiments,pioreactor01,2026-08-17T03:39:15.562Z,0.549434985953,2026-08-17 09:24:15.562,1169.293333333333
Pulse experiments,pioreactor01,2026-08-17T03:39:20.557Z,0.549455898847,2026-08-17 09:24:20.557,1169.294722222222
Pulse experiments,pioreactor01,2026-08-17T03:39:25.561Z,0.549470303808,2026-08-17 09:24:25.561,1169.296111111111
Pulse experiments,pioreactor01,2026-08-17T03:39:30.567Z,0.549478626734,2026-08-17 09:24:30.567,1169.2975
Pulse experiments,pioreactor01,2026-08-17T03:39:35.561Z,0.549483719599,2026-08-17 09:24:35.561,1169.298888888889
Pulse experiments,pioreactor01,2026-08-17T03:39:40.560Z,0.54950524688,2026-08-17 09:24:40.560,1169.300277777778
Pulse experiments,pioreactor01,2026-08-17T03:39:45.550Z,0.549506394161,2026-08-17 09:24:45.550,1169.301666666667
Pulse experiments,pioreactor01,2026-08-17T03:39:50.552Z,0.549521564031,2026-08-17 09:24:50.552,1169.303055555556
Pulse experiments,pioreactor01,2026-08-17T03:39:55.550Z,0.549510466805,2026-08-17 09:24:55.550,1169.304444444444
Pulse experiments,pioreactor01,2026-08-17T03:40:00.550Z,0.549532368621,2026-08-17 09:25:00.550,1169.305833333333
Pulse experiments,pioreactor01,2026-08-17T03:40:05.551Z,0.549551587577,2026-08-17 09:25:05.551,1169.307222222222
Pulse experiments,pioreactor01,2026-08-17T03:40:10.551Z,0.549546864517,2026-08-17 09:25:10.551,1169.308611111111
Pulse experiments,pioreactor01,2026-08-17T03:40:15.551Z,0.549556718501,2026-08-17 09:25:15.551,1169.31
Pulse experiments,pioreactor01,2026-08-17T03:40:20.551Z,0.549555304549,2026-08-17 09:25:20.551,1169.311388888889
Pulse experiments,pioreactor01,2026-08-17T03:40:25.552Z,0.549550241797,2026-08-17 09:25:25.552,1169.312777777778
Pulse experiments,pioreactor01,2026-08-17T03:40:30.552Z,0.549553302838,2026-08-17 09:25:30.552,1169.314166666667
Pulse experiments,pioreactor01,2026-08-17T03:40:35.549Z,0.549561724486,2026-08-17 09:25:35.549,1169.315555555556
Pulse experiments,pioreactor01,2026-08-17T03:40:40.549Z,0.549584744647,2026-08-17 09:25:40.549,1169.316944444445
Pulse experiments,pioreactor01,2026-08-17T03:40:45.550Z,0.549595034242,2026-08-17 09:25:45.550,1169.318333333333
Pulse experiments,pioreactor01,2026-08-17T03:40:50.549Z,0.549608856584,2026-08-17 09:25:50.549,1169.319722222222
Pulse experiments,pioreactor01,2026-08-17T03:40:55.552Z,0.549599006377,2026-08-17 09:25:55.552,1169.321111111111
Pulse experiments,pioreactor01,2026-08-17T03:41:00.549Z,0.549624195161,2026-08-17 09:26:00.549,1169.3225
Pulse experiments,pioreactor01,2026-08-17T03:41:05.551Z,0.549626932226,2026-08-17 09:26:05.551,1169.323888888889
Pulse experiments,pioreactor01,2026-08-17T03:41:10.552Z,0.549622072484,2026-08-17 09:26:10.552,1169.325277777778
Pulse experiments,pioreactor01,2026-08-17T03:41:15.549Z,0.549623490898,2026-08-17 09:26:15.549,1169.326666666667
Pulse experiments,pioreactor01,2026-08-17T03:41:20.550Z,0.549626753108,2026-08-17 09:26:20.550,1169.328055555555
Pulse experiments,pioreactor01,2026-08-17T03:41:25.551Z,0.549633063699,2026-08-17 09:26:25.551,1169.329444444444
Pulse experiments,pioreactor01,2026-08-17T03:41:30.550Z,0.549665967736,2026-08-17 09:26:30.550,1169.330833333333
Pulse experiments,pioreactor01,2026-08-17T03:41:35.550Z,0.549684452122,2026-08-17 09:26:35.550,1169.332222222222
Pulse experiments,pioreactor01,2026-08-17T03:41:40.551Z,0.549665440477,2026-08-17 09:26:40.551,1169.333611111111
Pulse experiments,pioreactor01,2026-08-17T03:41:45.555Z,0.549658281967,2026-08-17 09:26:45.555,1169.335
Pulse experiments,pioreactor01,2026-08-17T03:41:50.552Z,0.549655442768,2026-08-17 09:26:50.552,1169.336388888889
Pulse experiments,pioreactor01,2026-08-17T03:41:55.549Z,0.549660304482,2026-08-17 09:26:55.549,1169.337777777778
Pulse experiments,pioreactor01,2026-08-17T03:42:00.550Z,0.549655538368,2026-08-17 09:27:00.550,1169.339166666667
Pulse experiments,pioreactor01,2026-08-17T03:42:05.550Z,0.549646394643,2026-08-17 09:27:05.550,1169.340555555556
Pulse experiments,pioreactor01,2026-08-17T03:42:10.549Z,0.549643778929,2026-08-17 09:27:10.549,1169.341944444444
Pulse experiments,pioreactor01,2026-08-17T03:42:15.551Z,0.549649177239,2026-08-17 09:27:15.551,1169.343333333333
Pulse experiments,pioreactor01,2026-08-17T03:42:20.552Z,0.549675804208,2026-08-17 09:27:20.552,1169.344722222222
Pulse experiments,pioreactor01,2026-08-17T03:42:25.550Z,0.54971081527,2026-08-17 09:27:25.550,1169.346111111111
Pulse experiments,pioreactor01,2026-08-17T03:42:30.553Z,0.549718406047,2026-08-17 09:27:30.553,1169.3475
Pulse experiments,pioreactor01,2026-08-17T03:42:35.550Z,0.549733534729,2026-08-17 09:27:35.550,1169.348888888889
Pulse experiments,pioreactor01,2026-08-17T03:42:40.554Z,0.549730256015,2026-08-17 09:27:40.554,1169.350277777778
Pulse experiments,pioreactor01,2026-08-17T03:42:45.551Z,0.549725675599,2026-08-17 09:27:45.551,1169.351666666667
Pulse experiments,pioreactor01,2026-08-17T03:42:50.551Z,0.549713636614,2026-08-17 09:27:50.551,1169.353055555556
Pulse experiments,pioreactor01,2026-08-17T03:42:55.552Z,0.549710653854,2026-08-17 09:27:55.552,1169.354444444444
Pulse experiments,pioreactor01,2026-08-17T03:43:00.551Z,0.549741142683,2026-08-17 09:28:00.551,1169.355833333333
Pulse experiments,pioreactor01,2026-08-17T03:43:05.551Z,0.54975237726,2026-08-17 09:28:05.551,1169.357222222222
Pulse experiments,pioreactor01,2026-08-17T03:43:10.550Z,0.54975150757,2026-08-17 09:28:10.550,1169.358611111111
Pulse experiments,pioreactor01,2026-08-17T03:43:15.553Z,0.549765009712,2026-08-17 09:28:15.553,1169.36
Pulse experiments,pioreactor01,2026-08-17T03:43:20.550Z,0.54978732409,2026-08-17 09:28:20.550,1169.361388888889
Pulse experiments,pioreactor01,2026-08-17T03:43:30.552Z,0.549816444075,2026-08-17 09:28:30.552,1169.364166666667
Pulse experiments,pioreactor01,2026-08-17T03:43:35.550Z,0.549834225111,2026-08-17 09:28:35.550,1169.365555555556
Pulse experiments,pioreactor01,2026-08-17T03:43:40.550Z,0.549852776246,2026-08-17 09:28:40.550,1169.366944444444
Pulse experiments,pioreactor01,2026-08-17T03:43:45.549Z,0.549852890656,2026-08-17 09:28:45.549,1169.368333333333
Pulse experiments,pioreactor01,2026-08-17T03:43:50.551Z,0.549863680993,2026-08-17 09:28:50.551,1169.369722222222
Pulse experiments,pioreactor01,2026-08-17T03:43:55.549Z,0.549881615708,2026-08-17 09:28:55.549,1169.371111111111
Pulse experiments,pioreactor01,2026-08-17T03:44:00.551Z,0.549890996022,2026-08-17 09:29:00.551,1169.3725
Pulse experiments,pioreactor01,2026-08-17T03:44:05.552Z,0.54988591138,2026-08-17 09:29:05.552,1169.373888888889
Pulse experiments,pioreactor01,2026-08-17T03:44:10.550Z,0.549892118979,2026-08-17 09:29:10.550,1169.375277777778
Pulse experiments,pioreactor01,2026-08-17T03:44:15.549Z,0.549911976805,2026-08-17 09:29:15.549,1169.376666666667
Pulse experiments,pioreactor01,2026-08-17T03:44:20.552Z,0.5499206263,2026-08-17 09:29:20.552,1169.378055555556
Pulse experiments,pioreactor01,2026-08-17T03:44:25.551Z,0.549908360007,2026-08-17 09:29:25.551,1169.379444444445
Pulse experiments,pioreactor01,2026-08-17T03:44:30.550Z,0.549890398593,2026-08-17 09:29:30.550,1169.380833333333
Pulse experiments,pioreactor01,2026-08-17T03:44:35.550Z,0.549893836669,2026-08-17 09:29:35.550,1169.382222222222
Pulse experiments,pioreactor01,2026-08-17T03:44:40.549Z,0.549896220862,2026-08-17 09:29:40.549,1169.383611111111
Pulse experiments,pioreactor01,2026-08-17T03:44:45.552Z,0.549891694028,2026-08-17 09:29:45.552,1169.385
Pulse experiments,pioreactor01,2026-08-17T03:44:50.551Z,0.549886803209,2026-08-17 09:29:50.551,1169.386388888889
Pulse experiments,pioreactor01,2026-08-17T03:44:55.551Z,0.549875810488,2026-08-17 09:29:55.551,1169.387777777778
Pulse experiments,pioreactor01,2026-08-17T03:45:00.552Z,0.549853550745,2026-08-17 09:30:00.552,1169.389166666667
Pulse experiments,pioreactor01,2026-08-17T03:45:05.550Z,0.54985311922,2026-08-17 09:30:05.550,1169.390555555555
Pulse experiments,pioreactor01,2026-08-17T03:45:10.550Z,0.549839159365,2026-08-17 09:30:10.550,1169.391944444444
Pulse experiments,pioreactor01,2026-08-17T03:45:15.550Z,0.549834096937,2026-08-17 09:30:15.550,1169.393333333333
Pulse experiments,pioreactor01,2026-08-17T03:45:20.551Z,0.549816989767,2026-08-17 09:30:20.551,1169.394722222222
Pulse experiments,pioreactor01,2026-08-17T03:45:25.551Z,0.549809046383,2026-08-17 09:30:25.551,1169.396111111111
Pulse experiments,pioreactor01,2026-08-17T03:45:30.551Z,0.549797004535,2026-08-17 09:30:30.551,1169.3975
Pulse experiments,pioreactor01,2026-08-17T03:45:35.550Z,0.549786438453,2026-08-17 09:30:35.550,1169.398888888889
Pulse experiments,pioreactor01,2026-08-17T03:45:40.551Z,0.549776843264,2026-08-17 09:30:40.551,1169.400277777778
Pulse experiments,pioreactor01,2026-08-17T03:45:45.551Z,0.54976244994,2026-08-17 09:30:45.551,1169.401666666667
Pulse experiments,pioreactor01,2026-08-17T03:45:50.550Z,0.54975331381,2026-08-17 09:30:50.550,1169.403055555556
Pulse experiments,pioreactor01,2026-08-17T03:45:55.551Z,0.549739125878,2026-08-17 09:30:55.551,1169.404444444444
Pulse experiments,pioreactor01,2026-08-17T03:46:00.550Z,0.549741742456,2026-08-17 09:31:00.550,1169.405833333333
Pulse experiments,pioreactor01,2026-08-17T03:46:05.550Z,0.549722067445,2026-08-17 09:31:05.550,1169.407222222222
Pulse experiments,pioreactor01,2026-08-17T03:46:10.555Z,0.549702575769,2026-08-17 09:31:10.555,1169.408611111111
Pulse experiments,pioreactor01,2026-08-17T03:46:15.549Z,0.549706819681,2026-08-17 09:31:15.549,1169.41
Pulse experiments,pioreactor01,2026-08-17T03:46:20.554Z,0.549717938638,2026-08-17 09:31:20.554,1169.411388888889
Pulse experiments,pioreactor01,2026-08-17T03:46:25.550Z,0.549723433315,2026-08-17 09:31:25.550,1169.412777777778
Pulse experiments,pioreactor01,2026-08-17T03:46:30.552Z,0.549749507055,2026-08-17 09:31:30.552,1169.414166666667
Pulse experiments,pioreactor01,2026-08-17T03:46:35.551Z,0.549773166476,2026-08-17 09:31:35.551,1169.415555555556
Pulse experiments,pioreactor01,2026-08-17T03:46:40.549Z,0.549773385737,2026-08-17 09:31:40.549,1169.416944444444
Pulse experiments,pioreactor01,2026-08-17T03:46:45.551Z,0.549765909758,2026-08-17 09:31:45.551,1169.418333333333
Pulse experiments,pioreactor01,2026-08-17T03:46:50.552Z,0.549768903563,2026-08-17 09:31:50.552,1169.419722222222
Pulse experiments,pioreactor01,2026-08-17T03:46:55.550Z,0.549762279443,2026-08-17 09:31:55.550,1169.421111111111
Pulse experiments,pioreactor01,2026-08-17T03:47:00.551Z,0.549746728362,2026-08-17 09:32:00.551,1169.4225
Pulse experiments,pioreactor01,2026-08-17T03:47:05.552Z,0.54976009432,2026-08-17 09:32:05.552,1169.423888888889
Pulse experiments,pioreactor01,2026-08-17T03:47:10.551Z,0.549751703387,2026-08-17 09:32:10.551,1169.425277777778
Pulse experiments,pioreactor01,2026-08-17T03:47:20.549Z,0.549751998227,2026-08-17 09:32:20.549,1169.428055555556
Pulse experiments,pioreactor01,2026-08-17T03:47:25.550Z,0.549736915563,2026-08-17 09:32:25.550,1169.429444444444
Pulse experiments,pioreactor01,2026-08-17T03:47:30.551Z,0.549761934805,2026-08-17 09:32:30.551,1169.430833333333
Pulse experiments,pioreactor01,2026-08-17T03:47:35.551Z,0.549782348848,2026-08-17 09:32:35.551,1169.432222222222
Pulse experiments,pioreactor01,2026-08-17T03:47:40.550Z,0.549775095253,2026-08-17 09:32:40.550,1169.433611111111
Pulse experiments,pioreactor01,2026-08-17T03:47:45.553Z,0.549771766547,2026-08-17 09:32:45.553,1169.435
Pulse experiments,pioreactor01,2026-08-17T03:47:50.553Z,0.549769052001,2026-08-17 09:32:50.553,1169.436388888889
Pulse experiments,pioreactor01,2026-08-17T03:47:55.550Z,0.549750874985,2026-08-17 09:32:55.550,1169.437777777778
Pulse experiments,pioreactor01,2026-08-17T03:48:00.550Z,0.549738445183,2026-08-17 09:33:00.550,1169.439166666667
Pulse experiments,pioreactor01,2026-08-17T03:48:05.549Z,0.549706257844,2026-08-17 09:33:05.549,1169.440555555556
Pulse experiments,pioreactor01,2026-08-17T03:48:10.551Z,0.549694908091,2026-08-17 09:33:10.551,1169.441944444445
Pulse experiments,pioreactor01,2026-08-17T03:48:15.550Z,0.549691283503,2026-08-17 09:33:15.550,1169.443333333333
Pulse experiments,pioreactor01,2026-08-17T03:48:20.550Z,0.547280611601,2026-08-17 09:33:20.550,1169.444722222222
Pulse experiments,pioreactor01,2026-08-17T03:48:25.601Z,0.534841717026,2026-08-17 09:33:25.601,1169.446111111111
Pulse experiments,pioreactor01,2026-08-17T03:48:30.576Z,0.526626990966,2026-08-17 09:33:30.576,1169.4475
Pulse experiments,pioreactor01,2026-08-17T03:48:35.577Z,0.525132148359,2026-08-17 09:33:35.577,1169.448888888889
Pulse experiments,pioreactor01,2026-08-17T03:48:40.558Z,0.526950651117,2026-08-17 09:33:40.558,1169.450277777778
Pulse experiments,pioreactor01,2026-08-17T03:48:45.558Z,0.526200293642,2026-08-17 09:33:45.558,1169.451666666667
Pulse experiments,pioreactor01,2026-08-17T03:48:50.571Z,0.526041915464,2026-08-17 09:33:50.571,1169.453055555555
Pulse experiments,pioreactor01,2026-08-17T03:48:55.566Z,0.525841791429,2026-08-17 09:33:55.566,1169.454444444444
Pulse experiments,pioreactor01,2026-08-17T03:49:00.583Z,0.525744685137,2026-08-17 09:34:00.583,1169.455833333333
Pulse experiments,pioreactor01,2026-08-17T03:49:05.567Z,0.525573403027,2026-08-17 09:34:05.567,1169.457222222222
Pulse experiments,pioreactor01,2026-08-17T03:49:10.565Z,0.525506468195,2026-08-17 09:34:10.565,1169.458611111111
Pulse experiments,pioreactor01,2026-08-17T03:49:15.565Z,0.525536555993,2026-08-17 09:34:15.565,1169.46
Pulse experiments,pioreactor01,2026-08-17T03:49:20.567Z,0.525538082676,2026-08-17 09:34:20.567,1169.461388888889
Pulse experiments,pioreactor01,2026-08-17T03:49:25.573Z,0.525487028904,2026-08-17 09:34:25.573,1169.462777777778
Pulse experiments,pioreactor01,2026-08-17T03:49:30.560Z,0.525418502879,2026-08-17 09:34:30.560,1169.464166666667
Pulse experiments,pioreactor01,2026-08-17T03:49:35.558Z,0.525431455663,2026-08-17 09:34:35.558,1169.465555555556
Pulse experiments,pioreactor01,2026-08-17T03:49:40.564Z,0.525529681599,2026-08-17 09:34:40.564,1169.466944444444
Pulse experiments,pioreactor01,2026-08-17T03:49:45.559Z,0.525517384922,2026-08-17 09:34:45.559,1169.468333333333
Pulse experiments,pioreactor01,2026-08-17T03:49:50.564Z,0.525551900147,2026-08-17 09:34:50.564,1169.469722222222
Pulse experiments,pioreactor01,2026-08-17T03:49:55.564Z,0.52553920858,2026-08-17 09:34:55.564,1169.471111111111
Pulse experiments,pioreactor01,2026-08-17T03:50:00.559Z,0.525526611303,2026-08-17 09:35:00.559,1169.4725
Pulse experiments,pioreactor01,2026-08-17T03:50:05.587Z,0.525577842132,2026-08-17 09:35:05.587,1169.473888888889
Pulse experiments,pioreactor01,2026-08-17T03:50:10.560Z,0.52569623719,2026-08-17 09:35:10.560,1169.475277777778
Pulse experiments,pioreactor01,2026-08-17T03:50:15.575Z,0.525791598636,2026-08-17 09:35:15.575,1169.476666666667
Pulse experiments,pioreactor01,2026-08-17T03:50:20.557Z,0.525819480031,2026-08-17 09:35:20.557,1169.478055555556
Pulse experiments,pioreactor01,2026-08-17T03:50:25.579Z,0.525844776808,2026-08-17 09:35:25.579,1169.479444444444
Pulse experiments,pioreactor01,2026-08-17T03:50:30.560Z,0.525878962134,2026-08-17 09:35:30.560,1169.480833333333
Pulse experiments,pioreactor01,2026-08-17T03:50:35.565Z,0.525894473317,2026-08-17 09:35:35.565,1169.482222222222
Pulse experiments,pioreactor01,2026-08-17T03:50:40.581Z,0.525848901845,2026-08-17 09:35:40.581,1169.483611111111
Pulse experiments,pioreactor01,2026-08-17T03:50:45.562Z,0.525772858335,2026-08-17 09:35:45.562,1169.485
Pulse experiments,pioreactor01,2026-08-17T03:50:50.570Z,0.525783925202,2026-08-17 09:35:50.570,1169.486388888889
Pulse experiments,pioreactor01,2026-08-17T03:50:55.559Z,0.525755744233,2026-08-17 09:35:55.559,1169.487777777778
Pulse experiments,pioreactor01,2026-08-17T03:51:00.566Z,0.525761329739,2026-08-17 09:36:00.566,1169.489166666667
Pulse experiments,pioreactor01,2026-08-17T03:51:05.563Z,0.525740212094,2026-08-17 09:36:05.563,1169.490555555556
Pulse experiments,pioreactor01,2026-08-17T03:51:10.560Z,0.525731610289,2026-08-17 09:36:10.560,1169.491944444444
Pulse experiments,pioreactor01,2026-08-17T03:51:15.562Z,0.525782166123,2026-08-17 09:36:15.562,1169.493333333333
Pulse experiments,pioreactor01,2026-08-17T03:51:20.562Z,0.525784044688,2026-08-17 09:36:20.562,1169.494722222222
Pulse experiments,pioreactor01,2026-08-17T03:51:25.562Z,0.525808775281,2026-08-17 09:36:25.562,1169.496111111111
Pulse experiments,pioreactor01,2026-08-17T03:51:30.561Z,0.525845068221,2026-08-17 09:36:30.561,1169.4975
Pulse experiments,pioreactor01,2026-08-17T03:51:35.566Z,0.525837759756,2026-08-17 09:36:35.566,1169.498888888889
Pulse experiments,pioreactor01,2026-08-17T03:51:40.561Z,0.525850625875,2026-08-17 09:36:40.561,1169.500277777778
Pulse experiments,pioreactor01,2026-08-17T03:51:45.561Z,0.525882918818,2026-08-17 09:36:45.561,1169.501666666667
Pulse experiments,pioreactor01,2026-08-17T03:51:50.562Z,0.525920807484,2026-08-17 09:36:50.562,1169.503055555556
Pulse experiments,pioreactor01,2026-08-17T03:51:55.562Z,0.52596430438,2026-08-17 09:36:55.562,1169.504444444445
Pulse experiments,pioreactor01,2026-08-17T03:52:00.566Z,0.526004250676,2026-08-17 09:37:00.566,1169.505833333333
Pulse experiments,pioreactor01,2026-08-17T03:52:05.565Z,0.526013485692,2026-08-17 09:37:05.565,1169.507222222222
Pulse experiments,pioreactor01,2026-08-17T03:52:10.581Z,0.526051135863,2026-08-17 09:37:10.581,1169.508611111111
Pulse experiments,pioreactor01,2026-08-17T03:52:15.565Z,0.526043264343,2026-08-17 09:37:15.565,1169.51
Pulse experiments,pioreactor01,2026-08-17T03:52:20.565Z,0.526070070238,2026-08-17 09:37:20.565,1169.511388888889
Pulse experiments,pioreactor01,2026-08-17T03:52:25.563Z,0.526063191172,2026-08-17 09:37:25.563,1169.512777777778
Pulse experiments,pioreactor01,2026-08-17T03:52:30.561Z,0.52603035128,2026-08-17 09:37:30.561,1169.514166666667
Pulse experiments,pioreactor01,2026-08-17T03:52:35.562Z,0.525984786133,2026-08-17 09:37:35.562,1169.515555555555
Pulse experiments,pioreactor01,2026-08-17T03:52:40.572Z,0.525965729157,2026-08-17 09:37:40.572,1169.516944444444
Pulse experiments,pioreactor01,2026-08-17T03:52:45.572Z,0.525954131548,2026-08-17 09:37:45.572,1169.518333333333
Pulse experiments,pioreactor01,2026-08-17T03:52:50.565Z,0.525947414816,2026-08-17 09:37:50.565,1169.519722222222
Pulse experiments,pioreactor01,2026-08-17T03:52:55.566Z,0.525968847852,2026-08-17 09:37:55.566,1169.521111111111
Pulse experiments,pioreactor01,2026-08-17T03:53:00.570Z,0.525993170514,2026-08-17 09:38:00.570,1169.5225
Pulse experiments,pioreactor01,2026-08-17T03:53:05.589Z,0.525983361102,2026-08-17 09:38:05.589,1169.523888888889
Pulse experiments,pioreactor01,2026-08-17T03:53:10.562Z,0.525948643591,2026-08-17 09:38:10.562,1169.525277777778
Pulse experiments,pioreactor01,2026-08-17T03:53:15.562Z,0.525911320421,2026-08-17 09:38:15.562,1169.526666666667
Pulse experiments,pioreactor01,2026-08-17T03:53:20.582Z,0.525885790587,2026-08-17 09:38:20.582,1169.528055555556
Pulse experiments,pioreactor01,2026-08-17T03:53:25.561Z,0.525822939368,2026-08-17 09:38:25.561,1169.529444444444
Pulse experiments,pioreactor01,2026-08-17T03:53:30.577Z,0.525790551524,2026-08-17 09:38:30.577,1169.530833333333
Pulse experiments,pioreactor01,2026-08-17T03:53:35.564Z,0.525774580021,2026-08-17 09:38:35.564,1169.532222222222
Pulse experiments,pioreactor01,2026-08-17T03:53:40.558Z,0.525773233248,2026-08-17 09:38:40.558,1169.533611111111
Pulse experiments,pioreactor01,2026-08-17T03:53:45.568Z,0.525774598217,2026-08-17 09:38:45.568,1169.535
Pulse experiments,pioreactor01,2026-08-17T03:53:50.561Z,0.525785257497,2026-08-17 09:38:50.561,1169.536388888889
Pulse experiments,pioreactor01,2026-08-17T03:53:55.574Z,0.52579871133,2026-08-17 09:38:55.574,1169.537777777778
Pulse experiments,pioreactor01,2026-08-17T03:54:00.560Z,0.525782181134,2026-08-17 09:39:00.560,1169.539166666667
Pulse experiments,pioreactor01,2026-08-17T03:54:05.558Z,0.525777018869,2026-08-17 09:39:05.558,1169.540555555556
Pulse experiments,pioreactor01,2026-08-17T03:54:10.565Z,0.525794777939,2026-08-17 09:39:10.565,1169.541944444444
Pulse experiments,pioreactor01,2026-08-17T03:54:15.603Z,0.525806665284,2026-08-17 09:39:15.603,1169.543333333333
Pulse experiments,pioreactor01,2026-08-17T03:54:20.573Z,0.525785680123,2026-08-17 09:39:20.573,1169.544722222222
Pulse experiments,pioreactor01,2026-08-17T03:54:25.564Z,0.525739537525,2026-08-17 09:39:25.564,1169.546111111111
Pulse experiments,pioreactor01,2026-08-17T03:54:30.567Z,0.525670062575,2026-08-17 09:39:30.567,1169.5475
Pulse experiments,pioreactor01,2026-08-17T03:54:35.563Z,0.525601264981,2026-08-17 09:39:35.563,1169.548888888889
Pulse experiments,pioreactor01,2026-08-17T03:54:40.560Z,0.525614678224,2026-08-17 09:39:40.560,1169.550277777778
Pulse experiments,pioreactor01,2026-08-17T03:54:45.557Z,0.52562656101,2026-08-17 09:39:45.557,1169.551666666667
Pulse experiments,pioreactor01,2026-08-17T03:54:55.561Z,0.525596463266,2026-08-17 09:39:55.561,1169.554444444444
Pulse experiments,pioreactor01,2026-08-17T03:55:00.561Z,0.525586406856,2026-08-17 09:40:00.561,1169.555833333333
Pulse experiments,pioreactor01,2026-08-17T03:55:05.581Z,0.525587409889,2026-08-17 09:40:05.581,1169.557222222222
Pulse experiments,pioreactor01,2026-08-17T03:55:10.561Z,0.525619018184,2026-08-17 09:40:10.561,1169.558611111111
Pulse experiments,pioreactor01,2026-08-17T03:55:15.589Z,0.525612176698,2026-08-17 09:40:15.589,1169.56
Pulse experiments,pioreactor01,2026-08-17T03:55:20.574Z,0.525587541091,2026-08-17 09:40:20.574,1169.561388888889
Pulse experiments,pioreactor01,2026-08-17T03:55:25.560Z,0.52558243296,2026-08-17 09:40:25.560,1169.562777777778
Pulse experiments,pioreactor01,2026-08-17T03:55:30.566Z,0.52560568125,2026-08-17 09:40:30.566,1169.564166666667
Pulse experiments,pioreactor01,2026-08-17T03:55:40.565Z,0.525592390175,2026-08-17 09:40:40.565,1169.566944444445
Pulse experiments,pioreactor01,2026-08-17T03:55:45.569Z,0.525559871821,2026-08-17 09:40:45.569,1169.568333333333
Pulse experiments,pioreactor01,2026-08-17T03:55:50.564Z,0.525548281317,2026-08-17 09:40:50.564,1169.569722222222
Pulse experiments,pioreactor01,2026-08-17T03:55:55.565Z,0.525555216166,2026-08-17 09:40:55.565,1169.571111111111
Pulse experiments,pioreactor01,2026-08-17T03:56:00.565Z,0.525530328286,2026-08-17 09:41:00.565,1169.5725
Pulse experiments,pioreactor01,2026-08-17T03:56:05.567Z,0.525503570092,2026-08-17 09:41:05.567,1169.573888888889
Pulse experiments,pioreactor01,2026-08-17T03:56:10.561Z,0.525495281456,2026-08-17 09:41:10.561,1169.575277777778
Pulse experiments,pioreactor01,2026-08-17T03:56:15.558Z,0.525490799163,2026-08-17 09:41:15.558,1169.576666666667
Pulse experiments,pioreactor01,2026-08-17T03:56:20.558Z,0.525455866421,2026-08-17 09:41:20.558,1169.578055555555
Pulse experiments,pioreactor01,2026-08-17T03:56:25.560Z,0.525456164091,2026-08-17 09:41:25.560,1169.579444444444
Pulse experiments,pioreactor01,2026-08-17T03:56:30.562Z,0.52544519844,2026-08-17 09:41:30.562,1169.580833333333
Pulse experiments,pioreactor01,2026-08-17T03:56:35.554Z,0.525403966177,2026-08-17 09:41:35.554,1169.582222222222
Pulse experiments,pioreactor01,2026-08-17T03:56:40.557Z,0.525340457356,2026-08-17 09:41:40.557,1169.583611111111
Pulse experiments,pioreactor01,2026-08-17T03:56:45.557Z,0.525272118141,2026-08-17 09:41:45.557,1169.585
Pulse experiments,pioreactor01,2026-08-17T03:56:50.550Z,0.525246709813,2026-08-17 09:41:50.550,1169.586388888889
Pulse experiments,pioreactor01,2026-08-17T03:56:55.550Z,0.525239971195,2026-08-17 09:41:55.550,1169.587777777778
Pulse experiments,pioreactor01,2026-08-17T03:57:00.552Z,0.525262984967,2026-08-17 09:42:00.552,1169.589166666667
Pulse experiments,pioreactor01,2026-08-17T03:57:05.550Z,0.52525642908,2026-08-17 09:42:05.550,1169.590555555556
Pulse experiments,pioreactor01,2026-08-17T03:57:10.551Z,0.525247205354,2026-08-17 09:42:10.551,1169.591944444444
Pulse experiments,pioreactor01,2026-08-17T03:57:15.552Z,0.525258840345,2026-08-17 09:42:15.552,1169.593333333333
Pulse experiments,pioreactor01,2026-08-17T03:57:20.552Z,0.525264326812,2026-08-17 09:42:20.552,1169.594722222222
Pulse experiments,pioreactor01,2026-08-17T03:57:25.550Z,0.525236668247,2026-08-17 09:42:25.550,1169.596111111111
Pulse experiments,pioreactor01,2026-08-17T03:57:30.551Z,0.525242934818,2026-08-17 09:42:30.551,1169.5975
Pulse experiments,pioreactor01,2026-08-17T03:57:35.550Z,0.525217192606,2026-08-17 09:42:35.550,1169.598888888889
Pulse experiments,pioreactor01,2026-08-17T03:57:40.551Z,0.525238118101,2026-08-17 09:42:40.551,1169.600277777778
Pulse experiments,pioreactor01,2026-08-17T03:57:50.550Z,0.525194434978,2026-08-17 09:42:50.550,1169.603055555556
Pulse experiments,pioreactor01,2026-08-17T03:57:55.550Z,0.525177725182,2026-08-17 09:42:55.550,1169.604444444444
Pulse experiments,pioreactor01,2026-08-17T03:58:00.551Z,0.525177893436,2026-08-17 09:43:00.551,1169.605833333333
Pulse experiments,pioreactor01,2026-08-17T03:58:05.550Z,0.525139495874,2026-08-17 09:43:05.550,1169.607222222222
Pulse experiments,pioreactor01,2026-08-17T03:58:10.550Z,0.525102368943,2026-08-17 09:43:10.550,1169.608611111111
Pulse experiments,pioreactor01,2026-08-17T03:58:15.551Z,0.525071634755,2026-08-17 09:43:15.551,1169.61
Pulse experiments,pioreactor01,2026-08-17T03:58:20.550Z,0.525077536088,2026-08-17 09:43:20.550,1169.611388888889
Pulse experiments,pioreactor01,2026-08-17T03:58:25.550Z,0.52508827642,2026-08-17 09:43:25.550,1169.612777777778
Pulse experiments,pioreactor01,2026-08-17T03:58:30.551Z,0.525031218357,2026-08-17 09:43:30.551,1169.614166666667
Pulse experiments,pioreactor01,2026-08-17T03:58:35.551Z,0.525024283872,2026-08-17 09:43:35.551,1169.615555555556
Pulse experiments,pioreactor01,2026-08-17T03:58:40.551Z,0.524985032382,2026-08-17 09:43:40.551,1169.616944444444
Pulse experiments,pioreactor01,2026-08-17T03:58:50.550Z,0.52498009507,2026-08-17 09:43:50.550,1169.619722222222
Pulse experiments,pioreactor01,2026-08-17T03:58:55.550Z,0.524974975486,2026-08-17 09:43:55.550,1169.621111111111
Pulse experiments,pioreactor01,2026-08-17T03:59:00.551Z,0.524995062748,2026-08-17 09:44:00.551,1169.6225
Pulse experiments,pioreactor01,2026-08-17T03:59:05.549Z,0.525017580442,2026-08-17 09:44:05.549,1169.623888888889
Pulse experiments,pioreactor01,2026-08-17T03:59:10.553Z,0.52505637074,2026-08-17 09:44:10.553,1169.625277777778
Pulse experiments,pioreactor01,2026-08-17T03:59:15.550Z,0.525075282242,2026-08-17 09:44:15.550,1169.626666666667
Pulse experiments,pioreactor01,2026-08-17T03:59:20.551Z,0.525068532454,2026-08-17 09:44:20.551,1169.628055555556
Pulse experiments,pioreactor01,2026-08-17T03:59:25.551Z,0.525053297235,2026-08-17 09:44:25.551,1169.629444444445
Pulse experiments,pioreactor01,2026-08-17T03:59:30.551Z,0.525065376418,2026-08-17 09:44:30.551,1169.630833333333
Pulse experiments,pioreactor01,2026-08-17T03:59:35.550Z,0.525034979039,2026-08-17 09:44:35.550,1169.632222222222
Pulse experiments,pioreactor01,2026-08-17T03:59:40.550Z,0.525052066219,2026-08-17 09:44:40.550,1169.633611111111
Pulse experiments,pioreactor01,2026-08-17T03:59:45.552Z,0.525014911234,2026-08-17 09:44:45.552,1169.635
Pulse experiments,pioreactor01,2026-08-17T03:59:50.555Z,0.524948767643,2026-08-17 09:44:50.555,1169.636388888889
Pulse experiments,pioreactor01,2026-08-17T03:59:55.550Z,0.524932618547,2026-08-17 09:44:55.550,1169.637777777778
Pulse experiments,pioreactor01,2026-08-17T04:00:00.551Z,0.52494241403,2026-08-17 09:45:00.551,1169.639166666667
Pulse experiments,pioreactor01,2026-08-17T04:00:05.549Z,0.524954415986,2026-08-17 09:45:05.549,1169.640555555555
Pulse experiments,pioreactor01,2026-08-17T04:00:10.550Z,0.525002292245,2026-08-17 09:45:10.550,1169.641944444444
Pulse experiments,pioreactor01,2026-08-17T04:00:15.552Z,0.525004662331,2026-08-17 09:45:15.552,1169.643333333333
Pulse experiments,pioreactor01,2026-08-17T04:00:20.552Z,0.525013197156,2026-08-17 09:45:20.552,1169.644722222222
Pulse experiments,pioreactor01,2026-08-17T04:00:25.551Z,0.525003632367,2026-08-17 09:45:25.551,1169.646111111111
Pulse experiments,pioreactor01,2026-08-17T04:00:30.550Z,0.525013811705,2026-08-17 09:45:30.550,1169.6475
Pulse experiments,pioreactor01,2026-08-17T04:00:35.551Z,0.524998923589,2026-08-17 09:45:35.551,1169.648888888889
Pulse experiments,pioreactor01,2026-08-17T04:00:40.551Z,0.524991235813,2026-08-17 09:45:40.551,1169.650277777778
Pulse experiments,pioreactor01,2026-08-17T04:00:45.550Z,0.52497362016,2026-08-17 09:45:45.550,1169.651666666667
Pulse experiments,pioreactor01,2026-08-17T04:00:50.552Z,0.525007126633,2026-08-17 09:45:50.552,1169.653055555556
Pulse experiments,pioreactor01,2026-08-17T04:00:55.550Z,0.525031865763,2026-08-17 09:45:55.550,1169.654444444444
Pulse experiments,pioreactor01,2026-08-17T04:01:00.550Z,0.525020950048,2026-08-17 09:46:00.550,1169.655833333333
Pulse experiments,pioreactor01,2026-08-17T04:01:05.551Z,0.524986712691,2026-08-17 09:46:05.551,1169.657222222222
Pulse experiments,pioreactor01,2026-08-17T04:01:10.552Z,0.524987986251,2026-08-17 09:46:10.552,1169.658611111111
Pulse experiments,pioreactor01,2026-08-17T04:01:15.551Z,0.524984753001,2026-08-17 09:46:15.551,1169.66
Pulse experiments,pioreactor01,2026-08-17T04:01:25.551Z,0.525010083887,2026-08-17 09:46:25.551,1169.662777777778
Pulse experiments,pioreactor01,2026-08-17T04:01:35.553Z,0.525003492364,2026-08-17 09:46:35.553,1169.665555555556
Pulse experiments,pioreactor01,2026-08-17T04:01:40.552Z,0.525021259817,2026-08-17 09:46:40.552,1169.666944444444
Pulse experiments,pioreactor01,2026-08-17T04:01:45.551Z,0.525007891862,2026-08-17 09:46:45.551,1169.668333333333
Pulse experiments,pioreactor01,2026-08-17T04:01:50.550Z,0.525029615407,2026-08-17 09:46:50.550,1169.669722222222
Pulse experiments,pioreactor01,2026-08-17T04:01:55.553Z,0.525005244294,2026-08-17 09:46:55.553,1169.671111111111
Pulse experiments,pioreactor01,2026-08-17T04:02:00.549Z,0.524981642406,2026-08-17 09:47:00.549,1169.6725
Pulse experiments,pioreactor01,2026-08-17T04:02:05.551Z,0.524953668811,2026-08-17 09:47:05.551,1169.673888888889
Pulse experiments,pioreactor01,2026-08-17T04:02:10.550Z,0.524941206902,2026-08-17 09:47:10.550,1169.675277777778
Pulse experiments,pioreactor01,2026-08-17T04:02:15.550Z,0.524941923352,2026-08-17 09:47:15.550,1169.676666666667
Pulse experiments,pioreactor01,2026-08-17T04:02:20.550Z,0.524919484609,2026-08-17 09:47:20.550,1169.678055555556
Pulse experiments,pioreactor01,2026-08-17T04:02:25.550Z,0.524904521913,2026-08-17 09:47:25.550,1169.679444444444
Pulse experiments,pioreactor01,2026-08-17T04:02:30.558Z,0.524923927355,2026-08-17 09:47:30.558,1169.680833333333
Pulse experiments,pioreactor01,2026-08-17T04:02:35.550Z,0.524904739331,2026-08-17 09:47:35.550,1169.682222222222
Pulse experiments,pioreactor01,2026-08-17T04:02:40.549Z,0.524895950036,2026-08-17 09:47:40.549,1169.683611111111
Pulse experiments,pioreactor01,2026-08-17T04:02:45.549Z,0.524888800847,2026-08-17 09:47:45.549,1169.685
Pulse experiments,pioreactor01,2026-08-17T04:02:55.549Z,0.524892010154,2026-08-17 09:47:55.549,1169.687777777778
Pulse experiments,pioreactor01,2026-08-17T04:03:00.549Z,0.524918723821,2026-08-17 09:48:00.549,1169.689166666667
Pulse experiments,pioreactor01,2026-08-17T04:03:05.551Z,0.524913567872,2026-08-17 09:48:05.551,1169.690555555556
Pulse experiments,pioreactor01,2026-08-17T04:03:10.550Z,0.524922807425,2026-08-17 09:48:10.550,1169.691944444445
Pulse experiments,pioreactor01,2026-08-17T04:03:15.550Z,0.524930257204,2026-08-17 09:48:15.550,1169.693333333333
Pulse experiments,pioreactor01,2026-08-17T04:03:20.551Z,0.524914419011,2026-08-17 09:48:20.551,1169.694722222222
Pulse experiments,pioreactor01,2026-08-17T04:03:25.549Z,0.52485374634,2026-08-17 09:48:25.549,1169.696111111111
Pulse experiments,pioreactor01,2026-08-17T04:03:30.550Z,0.524802214711,2026-08-17 09:48:30.550,1169.6975
Pulse experiments,pioreactor01,2026-08-17T04:03:35.549Z,0.52477594567,2026-08-17 09:48:35.549,1169.698888888889
Pulse experiments,pioreactor01,2026-08-17T04:03:40.550Z,0.524759064813,2026-08-17 09:48:40.550,1169.700277777778
Pulse experiments,pioreactor01,2026-08-17T04:03:45.550Z,0.524753936114,2026-08-17 09:48:45.550,1169.701666666667
Pulse experiments,pioreactor01,2026-08-17T04:03:50.554Z,0.524756117874,2026-08-17 09:48:50.554,1169.703055555555
Pulse experiments,pioreactor01,2026-08-17T04:03:55.549Z,0.52474228758,2026-08-17 09:48:55.549,1169.704444444444
Pulse experiments,pioreactor01,2026-08-17T04:04:00.551Z,0.524718036514,2026-08-17 09:49:00.551,1169.705833333333
Pulse experiments,pioreactor01,2026-08-17T04:04:05.549Z,0.524712487606,2026-08-17 09:49:05.549,1169.707222222222
Pulse experiments,pioreactor01,2026-08-17T04:04:10.550Z,0.524695694005,2026-08-17 09:49:10.550,1169.708611111111
Pulse experiments,pioreactor01,2026-08-17T04:04:15.550Z,0.524659859821,2026-08-17 09:49:15.550,1169.71
Pulse experiments,pioreactor01,2026-08-17T04:04:20.551Z,0.524651699395,2026-08-17 09:49:20.551,1169.711388888889
Pulse experiments,pioreactor01,2026-08-17T04:04:25.551Z,0.524632389621,2026-08-17 09:49:25.551,1169.712777777778
Pulse experiments,pioreactor01,2026-08-17T04:04:30.550Z,0.524601834593,2026-08-17 09:49:30.550,1169.714166666667
Pulse experiments,pioreactor01,2026-08-17T04:04:35.553Z,0.524550485862,2026-08-17 09:49:35.553,1169.715555555556
Pulse experiments,pioreactor01,2026-08-17T04:04:40.551Z,0.524518650443,2026-08-17 09:49:40.551,1169.716944444444
Pulse experiments,pioreactor01,2026-08-17T04:04:45.553Z,0.524513962973,2026-08-17 09:49:45.553,1169.718333333333
Pulse experiments,pioreactor01,2026-08-17T04:04:50.552Z,0.524523027894,2026-08-17 09:49:50.552,1169.719722222222
Pulse experiments,pioreactor01,2026-08-17T04:04:55.549Z,0.524569249018,2026-08-17 09:49:55.549,1169.721111111111
Pulse experiments,pioreactor01,2026-08-17T04:05:00.551Z,0.52459616375,2026-08-17 09:50:00.551,1169.7225
Pulse experiments,pioreactor01,2026-08-17T04:05:05.552Z,0.524612019487,2026-08-17 09:50:05.552,1169.723888888889
Pulse experiments,pioreactor01,2026-08-17T04:05:10.549Z,0.524620537146,2026-08-17 09:50:10.549,1169.725277777778
Pulse experiments,pioreactor01,2026-08-17T04:05:20.551Z,0.524612379188,2026-08-17 09:50:20.551,1169.728055555556
Pulse experiments,pioreactor01,2026-08-17T04:05:25.550Z,0.524604903847,2026-08-17 09:50:25.550,1169.729444444444
Pulse experiments,pioreactor01,2026-08-17T04:05:30.551Z,0.524596585765,2026-08-17 09:50:30.551,1169.730833333333
Pulse experiments,pioreactor01,2026-08-17T04:05:35.550Z,0.524593728162,2026-08-17 09:50:35.550,1169.732222222222
Pulse experiments,pioreactor01,2026-08-17T04:05:45.549Z,0.524645409672,2026-08-17 09:50:45.549,1169.735
Pulse experiments,pioreactor01,2026-08-17T04:05:50.552Z,0.524679038787,2026-08-17 09:50:50.552,1169.736388888889
Pulse experiments,pioreactor01,2026-08-17T04:05:55.550Z,0.524683330008,2026-08-17 09:50:55.550,1169.737777777778
Pulse experiments,pioreactor01,2026-08-17T04:06:00.552Z,0.524675594426,2026-08-17 09:51:00.552,1169.739166666667
Pulse experiments,pioreactor01,2026-08-17T04:06:05.550Z,0.524659149446,2026-08-17 09:51:05.550,1169.740555555556
Pulse experiments,pioreactor01,2026-08-17T04:06:10.550Z,0.524654093422,2026-08-17 09:51:10.550,1169.741944444444
Pulse experiments,pioreactor01,2026-08-17T04:06:15.551Z,0.524659534137,2026-08-17 09:51:15.551,1169.743333333333
Pulse experiments,pioreactor01,2026-08-17T04:06:20.552Z,0.524653519959,2026-08-17 09:51:20.552,1169.744722222222
Pulse experiments,pioreactor01,2026-08-17T04:06:25.551Z,0.524644346224,2026-08-17 09:51:25.551,1169.746111111111
Pulse experiments,pioreactor01,2026-08-17T04:06:30.550Z,0.524637717002,2026-08-17 09:51:30.550,1169.7475
Pulse experiments,pioreactor01,2026-08-17T04:06:35.549Z,0.524625914285,2026-08-17 09:51:35.549,1169.748888888889
Pulse experiments,pioreactor01,2026-08-17T04:06:40.550Z,0.524633111587,2026-08-17 09:51:40.550,1169.750277777778
Pulse experiments,pioreactor01,2026-08-17T04:06:45.551Z,0.52465685629,2026-08-17 09:51:45.551,1169.751666666667
Pulse experiments,pioreactor01,2026-08-17T04:06:50.554Z,0.524650494413,2026-08-17 09:51:50.554,1169.753055555556
Pulse experiments,pioreactor01,2026-08-17T04:06:55.553Z,0.524616530385,2026-08-17 09:51:55.553,1169.754444444445
Pulse experiments,pioreactor01,2026-08-17T04:07:00.551Z,0.524599941293,2026-08-17 09:52:00.551,1169.755833333333
Pulse experiments,pioreactor01,2026-08-17T04:07:05.551Z,0.524596818714,2026-08-17 09:52:05.551,1169.757222222222
Pulse experiments,pioreactor01,2026-08-17T04:07:10.553Z,0.524573458178,2026-08-17 09:52:10.553,1169.758611111111
Pulse experiments,pioreactor01,2026-08-17T04:07:15.551Z,0.524544073103,2026-08-17 09:52:15.551,1169.76
Pulse experiments,pioreactor01,2026-08-17T04:07:20.551Z,0.524499543447,2026-08-17 09:52:20.551,1169.761388888889
Pulse experiments,pioreactor01,2026-08-17T04:07:25.550Z,0.524480227413,2026-08-17 09:52:25.550,1169.762777777778
Pulse experiments,pioreactor01,2026-08-17T04:07:30.550Z,0.524484243867,2026-08-17 09:52:30.550,1169.764166666667
Pulse experiments,pioreactor01,2026-08-17T04:07:35.550Z,0.524480868864,2026-08-17 09:52:35.550,1169.765555555555
Pulse experiments,pioreactor01,2026-08-17T04:07:40.549Z,0.524471498369,2026-08-17 09:52:40.549,1169.766944444444
Pulse experiments,pioreactor01,2026-08-17T04:07:45.551Z,0.52443563039,2026-08-17 09:52:45.551,1169.768333333333
Pulse experiments,pioreactor01,2026-08-17T04:07:55.549Z,0.524418720804,2026-08-17 09:52:55.549,1169.771111111111
Pulse experiments,pioreactor01,2026-08-17T04:08:00.554Z,0.524401012414,2026-08-17 09:53:00.554,1169.7725
Pulse experiments,pioreactor01,2026-08-17T04:08:05.551Z,0.524385141608,2026-08-17 09:53:05.551,1169.773888888889
Pulse experiments,pioreactor01,2026-08-17T04:08:10.553Z,0.524360222535,2026-08-17 09:53:10.553,1169.775277777778
Pulse experiments,pioreactor01,2026-08-17T04:08:15.550Z,0.524380228695,2026-08-17 09:53:15.550,1169.776666666667
Pulse experiments,pioreactor01,2026-08-17T04:08:20.552Z,0.524368788145,2026-08-17 09:53:20.552,1169.778055555556
Pulse experiments,pioreactor01,2026-08-17T04:08:25.552Z,0.524363143741,2026-08-17 09:53:25.552,1169.779444444444
Pulse experiments,pioreactor01,2026-08-17T04:08:30.550Z,0.524335387365,2026-08-17 09:53:30.550,1169.780833333333
Pulse experiments,pioreactor01,2026-08-17T04:08:40.552Z,0.524303289331,2026-08-17 09:53:40.552,1169.783611111111
Pulse experiments,pioreactor01,2026-08-17T04:08:45.550Z,0.524301785237,2026-08-17 09:53:45.550,1169.785
Pulse experiments,pioreactor01,2026-08-17T04:08:50.551Z,0.524313398485,2026-08-17 09:53:50.551,1169.786388888889
Pulse experiments,pioreactor01,2026-08-17T04:08:55.551Z,0.524348654298,2026-08-17 09:53:55.551,1169.787777777778
Pulse experiments,pioreactor01,2026-08-17T04:09:00.552Z,0.524376981791,2026-08-17 09:54:00.552,1169.789166666667
Pulse experiments,pioreactor01,2026-08-17T04:09:05.549Z,0.524359369526,2026-08-17 09:54:05.549,1169.790555555556
Pulse experiments,pioreactor01,2026-08-17T04:09:10.551Z,0.52434961301,2026-08-17 09:54:10.551,1169.791944444444
Pulse experiments,pioreactor01,2026-08-17T04:09:15.550Z,0.524358657305,2026-08-17 09:54:15.550,1169.793333333333
Pulse experiments,pioreactor01,2026-08-17T04:09:20.550Z,0.524343353727,2026-08-17 09:54:20.550,1169.794722222222
Pulse experiments,pioreactor01,2026-08-17T04:09:25.550Z,0.524358488465,2026-08-17 09:54:25.550,1169.796111111111
Pulse experiments,pioreactor01,2026-08-17T04:09:30.552Z,0.524386103704,2026-08-17 09:54:30.552,1169.7975
Pulse experiments,pioreactor01,2026-08-17T04:09:35.549Z,0.524435881452,2026-08-17 09:54:35.549,1169.798888888889
Pulse experiments,pioreactor01,2026-08-17T04:09:40.550Z,0.524455760224,2026-08-17 09:54:40.550,1169.800277777778
Pulse experiments,pioreactor01,2026-08-17T04:09:45.550Z,0.524466800781,2026-08-17 09:54:45.550,1169.801666666667
Pulse experiments,pioreactor01,2026-08-17T04:09:50.550Z,0.524469593571,2026-08-17 09:54:50.550,1169.803055555556
Pulse experiments,pioreactor01,2026-08-17T04:09:55.552Z,0.524431556302,2026-08-17 09:54:55.552,1169.804444444444
Pulse experiments,pioreactor01,2026-08-17T04:10:00.549Z,0.524398228897,2026-08-17 09:55:00.549,1169.805833333333
Pulse experiments,pioreactor01,2026-08-17T04:10:05.550Z,0.524380638593,2026-08-17 09:55:05.550,1169.807222222222
Pulse experiments,pioreactor01,2026-08-17T04:10:10.549Z,0.524405600538,2026-08-17 09:55:10.549,1169.808611111111
Pulse experiments,pioreactor01,2026-08-17T04:10:15.552Z,0.52444462664,2026-08-17 09:55:15.552,1169.81
Pulse experiments,pioreactor01,2026-08-17T04:10:25.551Z,0.524460106582,2026-08-17 09:55:25.551,1169.812777777778
Pulse experiments,pioreactor01,2026-08-17T04:10:30.553Z,0.524498191351,2026-08-17 09:55:30.553,1169.814166666667
Pulse experiments,pioreactor01,2026-08-17T04:10:35.553Z,0.524488734132,2026-08-17 09:55:35.553,1169.815555555556
Pulse experiments,pioreactor01,2026-08-17T04:10:40.550Z,0.524509274281,2026-08-17 09:55:40.550,1169.816944444445
Pulse experiments,pioreactor01,2026-08-17T04:10:45.551Z,0.52453146554,2026-08-17 09:55:45.551,1169.818333333333
Pulse experiments,pioreactor01,2026-08-17T04:10:50.552Z,0.524528354385,2026-08-17 09:55:50.552,1169.819722222222
Pulse experiments,pioreactor01,2026-08-17T04:10:55.550Z,0.524509262221,2026-08-17 09:55:55.550,1169.821111111111
Pulse experiments,pioreactor01,2026-08-17T04:11:00.550Z,0.524517020106,2026-08-17 09:56:00.550,1169.8225
Pulse experiments,pioreactor01,2026-08-17T04:11:05.550Z,0.524522734382,2026-08-17 09:56:05.550,1169.823888888889
Pulse experiments,pioreactor01,2026-08-17T04:11:10.551Z,0.52450867003,2026-08-17 09:56:10.551,1169.825277777778
Pulse experiments,pioreactor01,2026-08-17T04:11:15.550Z,0.524497549032,2026-08-17 09:56:15.550,1169.826666666667
Pulse experiments,pioreactor01,2026-08-17T04:11:20.550Z,0.524476181098,2026-08-17 09:56:20.550,1169.828055555555
Pulse experiments,pioreactor01,2026-08-17T04:11:25.550Z,0.524475696416,2026-08-17 09:56:25.550,1169.829444444444
Pulse experiments,pioreactor01,2026-08-17T04:11:30.550Z,0.524473638579,2026-08-17 09:56:30.550,1169.830833333333
Pulse experiments,pioreactor01,2026-08-17T04:11:35.552Z,0.524446938143,2026-08-17 09:56:35.552,1169.832222222222
Pulse experiments,pioreactor01,2026-08-17T04:11:40.551Z,0.524444278471,2026-08-17 09:56:40.551,1169.833611111111
Pulse experiments,pioreactor01,2026-08-17T04:11:45.550Z,0.524431729277,2026-08-17 09:56:45.550,1169.835
Pulse experiments,pioreactor01,2026-08-17T04:11:50.554Z,0.524405837946,2026-08-17 09:56:50.554,1169.836388888889
Pulse experiments,pioreactor01,2026-08-17T04:11:55.550Z,0.524393272291,2026-08-17 09:56:55.550,1169.837777777778
Pulse experiments,pioreactor01,2026-08-17T04:12:00.549Z,0.52441200691,2026-08-17 09:57:00.549,1169.839166666667
Pulse experiments,pioreactor01,2026-08-17T04:12:05.549Z,0.524444576357,2026-08-17 09:57:05.549,1169.840555555556
Pulse experiments,pioreactor01,2026-08-17T04:12:10.550Z,0.524445042843,2026-08-17 09:57:10.550,1169.841944444444
Pulse experiments,pioreactor01,2026-08-17T04:12:15.549Z,0.524447696675,2026-08-17 09:57:15.549,1169.843333333333
Pulse experiments,pioreactor01,2026-08-17T04:12:20.552Z,0.524436502861,2026-08-17 09:57:20.552,1169.844722222222
Pulse experiments,pioreactor01,2026-08-17T04:12:25.552Z,0.524427709689,2026-08-17 09:57:25.552,1169.846111111111
Pulse experiments,pioreactor01,2026-08-17T04:12:30.549Z,0.524444877245,2026-08-17 09:57:30.549,1169.8475
Pulse experiments,pioreactor01,2026-08-17T04:12:35.550Z,0.524469676988,2026-08-17 09:57:35.550,1169.848888888889
Pulse experiments,pioreactor01,2026-08-17T04:12:40.551Z,0.524495740294,2026-08-17 09:57:40.551,1169.850277777778
Pulse experiments,pioreactor01,2026-08-17T04:12:45.550Z,0.524500652407,2026-08-17 09:57:45.550,1169.851666666667
Pulse experiments,pioreactor01,2026-08-17T04:12:50.550Z,0.524461745423,2026-08-17 09:57:50.550,1169.853055555556
Pulse experiments,pioreactor01,2026-08-17T04:12:55.550Z,0.524453961798,2026-08-17 09:57:55.550,1169.854444444444
Pulse experiments,pioreactor01,2026-08-17T04:13:00.551Z,0.52446460843,2026-08-17 09:58:00.551,1169.855833333333
Pulse experiments,pioreactor01,2026-08-17T04:13:05.549Z,0.524463630152,2026-08-17 09:58:05.549,1169.857222222222
Pulse experiments,pioreactor01,2026-08-17T04:13:10.550Z,0.524449438062,2026-08-17 09:58:10.550,1169.858611111111
Pulse experiments,pioreactor01,2026-08-17T04:13:15.551Z,0.524422254024,2026-08-17 09:58:15.551,1169.86
Pulse experiments,pioreactor01,2026-08-17T04:13:20.551Z,0.524402613793,2026-08-17 09:58:20.551,1169.861388888889
Pulse experiments,pioreactor01,2026-08-17T04:13:25.551Z,0.524406749556,2026-08-17 09:58:25.551,1169.862777777778
Pulse experiments,pioreactor01,2026-08-17T04:13:30.550Z,0.524420036576,2026-08-17 09:58:30.550,1169.864166666667
Pulse experiments,pioreactor01,2026-08-17T04:13:40.550Z,0.52443632995,2026-08-17 09:58:40.550,1169.866944444444
Pulse experiments,pioreactor01,2026-08-17T04:13:45.549Z,0.524414530592,2026-08-17 09:58:45.549,1169.868333333333
Pulse experiments,pioreactor01,2026-08-17T04:13:50.551Z,0.52437771954,2026-08-17 09:58:50.551,1169.869722222222
Pulse experiments,pioreactor01,2026-08-17T04:13:55.552Z,0.524354131135,2026-08-17 09:58:55.552,1169.871111111111
Pulse experiments,pioreactor01,2026-08-17T04:14:00.553Z,0.524348641274,2026-08-17 09:59:00.553,1169.8725
Pulse experiments,pioreactor01,2026-08-17T04:14:05.550Z,0.524341728733,2026-08-17 09:59:05.550,1169.873888888889
Pulse experiments,pioreactor01,2026-08-17T04:14:10.550Z,0.524339417665,2026-08-17 09:59:10.550,1169.875277777778
Pulse experiments,pioreactor01,2026-08-17T04:14:15.550Z,0.524331990072,2026-08-17 09:59:15.550,1169.876666666667
Pulse experiments,pioreactor01,2026-08-17T04:14:20.550Z,0.524347097058,2026-08-17 09:59:20.550,1169.878055555556
Pulse experiments,pioreactor01,2026-08-17T04:14:25.551Z,0.524361911035,2026-08-17 09:59:25.551,1169.879444444445
Pulse experiments,pioreactor01,2026-08-17T04:14:30.550Z,0.52435635281,2026-08-17 09:59:30.550,1169.880833333333
Pulse experiments,pioreactor01,2026-08-17T04:14:35.552Z,0.524355152658,2026-08-17 09:59:35.552,1169.882222222222
Pulse experiments,pioreactor01,2026-08-17T04:14:40.550Z,0.524338366486,2026-08-17 09:59:40.550,1169.883611111111
Pulse experiments,pioreactor01,2026-08-17T04:14:45.551Z,0.524373241185,2026-08-17 09:59:45.551,1169.885
Pulse experiments,pioreactor01,2026-08-17T04:14:50.550Z,0.52438983804,2026-08-17 09:59:50.550,1169.886388888889
Pulse experiments,pioreactor01,2026-08-17T04:14:55.550Z,0.524388201112,2026-08-17 09:59:55.550,1169.887777777778
