experiment,pioreactor_unit,timestamp,rate,timestamp_localtime,hours_since_experiment_created
LED experiment,pioreactor02,2026-06-02T17:49:01.987Z,0.0,2026-06-02 23:34:01.987,0.059722222222
LED experiment,pioreactor02,2026-06-02T17:49:06.989Z,-0.000152722942,2026-06-02 23:34:06.989,0.061111111111
LED experiment,pioreactor02,2026-06-02T17:49:11.986Z,-0.000444239611,2026-06-02 23:34:11.986,0.0625
LED experiment,pioreactor02,2026-06-02T17:49:16.987Z,-0.000530070117,2026-06-02 23:34:16.987,0.063888888889
LED experiment,pioreactor02,2026-06-02T17:49:21.988Z,-0.000687583934,2026-06-02 23:34:21.988,0.065277777778
LED experiment,pioreactor02,2026-06-02T17:49:26.989Z,-0.000989633697,2026-06-02 23:34:26.989,0.066666666667
LED experiment,pioreactor02,2026-06-02T17:49:31.987Z,-0.000998100093,2026-06-02 23:34:31.987,0.068055555556
LED experiment,pioreactor02,2026-06-02T17:49:36.990Z,-0.00113099858,2026-06-02 23:34:36.990,0.069444444444
LED experiment,pioreactor02,2026-06-02T17:49:46.987Z,-0.001656302005,2026-06-02 23:34:46.987,0.072222222222
LED experiment,pioreactor02,2026-06-02T17:49:51.988Z,-0.001638490914,2026-06-02 23:34:51.988,0.073611111111
LED experiment,pioreactor02,2026-06-02T17:50:06.988Z,-0.0030860325,2026-06-02 23:35:06.988,0.077777777778
LED experiment,pioreactor02,2026-06-02T17:50:11.988Z,-0.003747626721,2026-06-02 23:35:11.988,0.079166666667
LED experiment,pioreactor02,2026-06-02T17:50:21.987Z,-0.003989943792,2026-06-02 23:35:21.987,0.081944444444
LED experiment,pioreactor02,2026-06-02T17:50:26.988Z,-0.004157126477,2026-06-02 23:35:26.988,0.083333333333
LED experiment,pioreactor02,2026-06-02T17:50:31.989Z,-0.00429082856,2026-06-02 23:35:31.989,0.084722222222
LED experiment,pioreactor02,2026-06-02T17:50:41.987Z,-0.004285075195,2026-06-02 23:35:41.987,0.0875
LED experiment,pioreactor02,2026-06-02T17:50:46.987Z,-0.003989506153,2026-06-02 23:35:46.987,0.088888888889
LED experiment,pioreactor02,2026-06-02T17:50:51.987Z,-0.0041160538,2026-06-02 23:35:51.987,0.090277777778
LED experiment,pioreactor02,2026-06-02T17:50:56.988Z,-0.006282221034,2026-06-02 23:35:56.988,0.091666666667
LED experiment,pioreactor02,2026-06-02T17:51:01.987Z,-0.008001456757,2026-06-02 23:36:01.987,0.093055555556
LED experiment,pioreactor02,2026-06-02T17:51:06.988Z,-0.008820453258,2026-06-02 23:36:06.988,0.094444444444
LED experiment,pioreactor02,2026-06-02T17:51:11.990Z,-0.008537218248,2026-06-02 23:36:11.990,0.095833333333
LED experiment,pioreactor02,2026-06-02T17:51:21.986Z,-0.008726591273,2026-06-02 23:36:21.986,0.098611111111
LED experiment,pioreactor02,2026-06-02T17:51:26.989Z,-0.009169949996,2026-06-02 23:36:26.989,0.1
LED experiment,pioreactor02,2026-06-02T17:51:31.987Z,-0.010650742354,2026-06-02 23:36:31.987,0.101388888889
LED experiment,pioreactor02,2026-06-02T17:51:41.988Z,-0.009910160902,2026-06-02 23:36:41.988,0.104166666667
LED experiment,pioreactor02,2026-06-02T17:51:46.987Z,-0.010122706409,2026-06-02 23:36:46.987,0.105555555556
LED experiment,pioreactor02,2026-06-02T17:51:51.988Z,-0.009997228895,2026-06-02 23:36:51.988,0.106944444444
LED experiment,pioreactor02,2026-06-02T17:51:56.989Z,-0.009687505932,2026-06-02 23:36:56.989,0.108333333333
LED experiment,pioreactor02,2026-06-02T17:52:01.987Z,-0.011304014263,2026-06-02 23:37:01.987,0.109722222222
LED experiment,pioreactor02,2026-06-02T17:52:06.988Z,-0.012300168832,2026-06-02 23:37:06.988,0.111111111111
LED experiment,pioreactor02,2026-06-02T17:52:11.989Z,-0.012325093171,2026-06-02 23:37:11.989,0.1125
LED experiment,pioreactor02,2026-06-02T17:52:26.988Z,-0.012742492382,2026-06-02 23:37:26.988,0.116666666667
LED experiment,pioreactor02,2026-06-02T17:52:31.986Z,-0.012118298625,2026-06-02 23:37:31.986,0.118055555556
LED experiment,pioreactor02,2026-06-02T17:52:36.989Z,-0.010443640507,2026-06-02 23:37:36.989,0.119444444444
LED experiment,pioreactor02,2026-06-02T17:52:46.988Z,-0.010244025059,2026-06-02 23:37:46.988,0.122222222222
LED experiment,pioreactor02,2026-06-02T17:52:51.988Z,-0.011117597495,2026-06-02 23:37:51.988,0.123611111111
LED experiment,pioreactor02,2026-06-02T17:52:56.987Z,-0.010414508346,2026-06-02 23:37:56.987,0.125
LED experiment,pioreactor02,2026-06-02T17:53:01.988Z,-0.011950968185,2026-06-02 23:38:01.988,0.126388888889
LED experiment,pioreactor02,2026-06-02T17:53:06.986Z,-0.011985551968,2026-06-02 23:38:06.986,0.127777777778
LED experiment,pioreactor02,2026-06-02T17:53:11.988Z,-0.012751452985,2026-06-02 23:38:11.988,0.129166666667
LED experiment,pioreactor02,2026-06-02T17:53:16.987Z,-0.014298911112,2026-06-02 23:38:16.987,0.130555555556
LED experiment,pioreactor02,2026-06-02T17:53:21.990Z,-0.016393356534,2026-06-02 23:38:21.990,0.131944444444
LED experiment,pioreactor02,2026-06-02T17:53:31.987Z,-0.017827047548,2026-06-02 23:38:31.987,0.134722222222
LED experiment,pioreactor02,2026-06-02T17:53:36.988Z,-0.020337601907,2026-06-02 23:38:36.988,0.136111111111
LED experiment,pioreactor02,2026-06-02T17:53:41.987Z,-0.021516457474,2026-06-02 23:38:41.987,0.1375
LED experiment,pioreactor02,2026-06-02T17:53:46.989Z,-0.021226268848,2026-06-02 23:38:46.989,0.138888888889
LED experiment,pioreactor02,2026-06-02T17:53:51.987Z,-0.02059446979,2026-06-02 23:38:51.987,0.140277777778
LED experiment,pioreactor02,2026-06-02T17:54:06.987Z,-0.021152844715,2026-06-02 23:39:06.987,0.144444444444
LED experiment,pioreactor02,2026-06-02T17:54:11.987Z,-0.020969011808,2026-06-02 23:39:11.987,0.145833333333
LED experiment,pioreactor02,2026-06-02T17:54:21.988Z,-0.021754061099,2026-06-02 23:39:21.988,0.148611111111
LED experiment,pioreactor02,2026-06-02T17:54:31.987Z,-0.021719760259,2026-06-02 23:39:31.987,0.151388888889
LED experiment,pioreactor02,2026-06-02T17:54:36.986Z,-0.0215474321,2026-06-02 23:39:36.986,0.152777777778
LED experiment,pioreactor02,2026-06-02T17:54:41.987Z,-0.020699606946,2026-06-02 23:39:41.987,0.154166666667
LED experiment,pioreactor02,2026-06-02T17:54:46.986Z,-0.022230392038,2026-06-02 23:39:46.986,0.155555555556
LED experiment,pioreactor02,2026-06-02T17:54:51.990Z,-0.021560889714,2026-06-02 23:39:51.990,0.156944444444
LED experiment,pioreactor02,2026-06-02T17:54:56.988Z,-0.022415324498,2026-06-02 23:39:56.988,0.158333333333
LED experiment,pioreactor02,2026-06-02T17:55:01.988Z,-0.024014627026,2026-06-02 23:40:01.988,0.159722222222
LED experiment,pioreactor02,2026-06-02T17:55:06.988Z,-0.025819918908,2026-06-02 23:40:06.988,0.161111111111
LED experiment,pioreactor02,2026-06-02T17:55:11.988Z,-0.027468869084,2026-06-02 23:40:11.988,0.1625
LED experiment,pioreactor02,2026-06-02T17:55:16.988Z,-0.028794266041,2026-06-02 23:40:16.988,0.163888888889
LED experiment,pioreactor02,2026-06-02T17:55:21.989Z,-0.027694325486,2026-06-02 23:40:21.989,0.165277777778
LED experiment,pioreactor02,2026-06-02T17:55:26.987Z,-0.026941325534,2026-06-02 23:40:26.987,0.166666666667
LED experiment,pioreactor02,2026-06-02T17:55:31.988Z,-0.027525297097,2026-06-02 23:40:31.988,0.168055555556
LED experiment,pioreactor02,2026-06-02T17:55:36.987Z,-0.027703694185,2026-06-02 23:40:36.987,0.169444444444
LED experiment,pioreactor02,2026-06-02T17:55:46.987Z,-0.027961850199,2026-06-02 23:40:46.987,0.172222222222
LED experiment,pioreactor02,2026-06-02T17:55:51.987Z,-0.027037839218,2026-06-02 23:40:51.987,0.173611111111
LED experiment,pioreactor02,2026-06-02T17:55:56.988Z,-0.026957482026,2026-06-02 23:40:56.988,0.175
LED experiment,pioreactor02,2026-06-02T17:56:01.991Z,-0.025629508722,2026-06-02 23:41:01.991,0.176388888889
LED experiment,pioreactor02,2026-06-02T17:56:06.987Z,-0.024907822062,2026-06-02 23:41:06.987,0.177777777778
LED experiment,pioreactor02,2026-06-02T17:56:11.991Z,-0.026443704299,2026-06-02 23:41:11.991,0.179166666667
LED experiment,pioreactor02,2026-06-02T17:56:21.987Z,-0.026396226372,2026-06-02 23:41:21.987,0.181944444444
LED experiment,pioreactor02,2026-06-02T17:56:26.987Z,-0.026689684253,2026-06-02 23:41:26.987,0.183333333333
LED experiment,pioreactor02,2026-06-02T17:56:31.990Z,-0.026883279418,2026-06-02 23:41:31.990,0.184722222222
LED experiment,pioreactor02,2026-06-02T17:56:36.987Z,-0.026370426606,2026-06-02 23:41:36.987,0.186111111111
LED experiment,pioreactor02,2026-06-02T17:56:41.990Z,-0.027124736832,2026-06-02 23:41:41.990,0.1875
LED experiment,pioreactor02,2026-06-02T17:56:51.989Z,-0.027518013362,2026-06-02 23:41:51.989,0.190277777778
LED experiment,pioreactor02,2026-06-02T17:57:01.986Z,-0.026227647059,2026-06-02 23:42:01.986,0.193055555556
LED experiment,pioreactor02,2026-06-02T17:57:06.987Z,-0.02619621892,2026-06-02 23:42:06.987,0.194444444444
LED experiment,pioreactor02,2026-06-02T17:57:11.987Z,-0.025963626413,2026-06-02 23:42:11.987,0.195833333333
LED experiment,pioreactor02,2026-06-02T17:57:26.990Z,-0.025025330486,2026-06-02 23:42:26.990,0.2
LED experiment,pioreactor02,2026-06-02T17:57:31.988Z,-0.025110625515,2026-06-02 23:42:31.988,0.201388888889
LED experiment,pioreactor02,2026-06-02T17:57:36.987Z,-0.025105614804,2026-06-02 23:42:36.987,0.202777777778
LED experiment,pioreactor02,2026-06-02T17:57:41.987Z,-0.02481021487,2026-06-02 23:42:41.987,0.204166666667
LED experiment,pioreactor02,2026-06-02T17:57:46.986Z,-0.02489871081,2026-06-02 23:42:46.986,0.205555555556
LED experiment,pioreactor02,2026-06-02T17:57:51.987Z,-0.02424010909,2026-06-02 23:42:51.987,0.206944444444
LED experiment,pioreactor02,2026-06-02T17:57:56.988Z,-0.024099256847,2026-06-02 23:42:56.988,0.208333333333
LED experiment,pioreactor02,2026-06-02T17:58:01.989Z,-0.022581292809,2026-06-02 23:43:01.989,0.209722222222
LED experiment,pioreactor02,2026-06-02T17:58:06.987Z,-0.020990834486,2026-06-02 23:43:06.987,0.211111111111
LED experiment,pioreactor02,2026-06-02T17:58:11.987Z,-0.020572716039,2026-06-02 23:43:11.987,0.2125
LED experiment,pioreactor02,2026-06-02T17:58:16.987Z,-0.021746881053,2026-06-02 23:43:16.987,0.213888888889
LED experiment,pioreactor02,2026-06-02T17:58:26.988Z,-0.02129418406,2026-06-02 23:43:26.988,0.216666666667
LED experiment,pioreactor02,2026-06-02T17:58:31.987Z,-0.020680839286,2026-06-02 23:43:31.987,0.218055555556
LED experiment,pioreactor02,2026-06-02T17:58:36.988Z,-0.020850297738,2026-06-02 23:43:36.988,0.219444444444
LED experiment,pioreactor02,2026-06-02T17:58:41.988Z,-0.022042305033,2026-06-02 23:43:41.988,0.220833333333
LED experiment,pioreactor02,2026-06-02T17:58:46.988Z,-0.022306566336,2026-06-02 23:43:46.988,0.222222222222
LED experiment,pioreactor02,2026-06-02T17:58:51.988Z,-0.023188156604,2026-06-02 23:43:51.988,0.223611111111
LED experiment,pioreactor02,2026-06-02T17:58:56.986Z,-0.02378855113,2026-06-02 23:43:56.986,0.225
LED experiment,pioreactor02,2026-06-02T17:59:01.986Z,-0.024036771661,2026-06-02 23:44:01.986,0.226388888889
LED experiment,pioreactor02,2026-06-02T17:59:06.988Z,-0.023825953597,2026-06-02 23:44:06.988,0.227777777778
LED experiment,pioreactor02,2026-06-02T17:59:11.987Z,-0.023913126451,2026-06-02 23:44:11.987,0.229166666667
LED experiment,pioreactor02,2026-06-02T17:59:21.988Z,-0.024095907211,2026-06-02 23:44:21.988,0.231944444444
LED experiment,pioreactor02,2026-06-02T17:59:26.989Z,-0.023635113026,2026-06-02 23:44:26.989,0.233333333333
LED experiment,pioreactor02,2026-06-02T17:59:31.989Z,-0.023799601064,2026-06-02 23:44:31.989,0.234722222222
LED experiment,pioreactor02,2026-06-02T17:59:41.988Z,-0.023869472199,2026-06-02 23:44:41.988,0.2375
LED experiment,pioreactor02,2026-06-02T17:59:46.988Z,-0.023798487979,2026-06-02 23:44:46.988,0.238888888889
LED experiment,pioreactor02,2026-06-02T17:59:51.988Z,-0.023171410061,2026-06-02 23:44:51.988,0.240277777778
LED experiment,pioreactor02,2026-06-02T17:59:56.989Z,-0.023464826894,2026-06-02 23:44:56.989,0.241666666667
LED experiment,pioreactor02,2026-06-02T18:00:01.988Z,-0.023575857631,2026-06-02 23:45:01.988,0.243055555556
LED experiment,pioreactor02,2026-06-02T18:00:06.989Z,-0.022953062791,2026-06-02 23:45:06.989,0.244444444444
LED experiment,pioreactor02,2026-06-02T18:00:16.989Z,-0.02270490262,2026-06-02 23:45:16.989,0.247222222222
LED experiment,pioreactor02,2026-06-02T18:00:21.988Z,-0.022955550035,2026-06-02 23:45:21.988,0.248611111111
LED experiment,pioreactor02,2026-06-02T18:00:26.989Z,-0.02345936565,2026-06-02 23:45:26.989,0.25
LED experiment,pioreactor02,2026-06-02T18:00:36.988Z,-0.023590872179,2026-06-02 23:45:36.988,0.252777777778
LED experiment,pioreactor02,2026-06-02T18:00:41.989Z,-0.023055285414,2026-06-02 23:45:41.989,0.254166666667
LED experiment,pioreactor02,2026-06-02T18:00:51.986Z,-0.022989890936,2026-06-02 23:45:51.986,0.256944444444
LED experiment,pioreactor02,2026-06-02T18:00:56.990Z,-0.022902630013,2026-06-02 23:45:56.990,0.258333333333
LED experiment,pioreactor02,2026-06-02T18:01:01.988Z,-0.023024360179,2026-06-02 23:46:01.988,0.259722222222
LED experiment,pioreactor02,2026-06-02T18:01:06.987Z,-0.022687367489,2026-06-02 23:46:06.987,0.261111111111
LED experiment,pioreactor02,2026-06-02T18:01:11.987Z,-0.022615316541,2026-06-02 23:46:11.987,0.2625
LED experiment,pioreactor02,2026-06-02T18:01:21.989Z,-0.021843305569,2026-06-02 23:46:21.989,0.265277777778
LED experiment,pioreactor02,2026-06-02T18:01:31.988Z,-0.021704900044,2026-06-02 23:46:31.988,0.268055555556
LED experiment,pioreactor02,2026-06-02T18:01:36.987Z,-0.021398058375,2026-06-02 23:46:36.987,0.269444444444
LED experiment,pioreactor02,2026-06-02T18:01:51.987Z,-0.021538900233,2026-06-02 23:46:51.987,0.273611111111
LED experiment,pioreactor02,2026-06-02T18:01:56.987Z,-0.021318189008,2026-06-02 23:46:56.987,0.275
LED experiment,pioreactor02,2026-06-02T18:02:01.987Z,-0.020938871822,2026-06-02 23:47:01.987,0.276388888889
LED experiment,pioreactor02,2026-06-02T18:02:06.988Z,-0.020103963063,2026-06-02 23:47:06.988,0.277777777778
LED experiment,pioreactor02,2026-06-02T18:02:16.989Z,-0.019924602911,2026-06-02 23:47:16.989,0.280555555556
LED experiment,pioreactor02,2026-06-02T18:02:21.987Z,-0.020200994088,2026-06-02 23:47:21.987,0.281944444444
LED experiment,pioreactor02,2026-06-02T18:02:26.989Z,-0.020182439388,2026-06-02 23:47:26.989,0.283333333333
LED experiment,pioreactor02,2026-06-02T18:02:31.987Z,-0.02051230227,2026-06-02 23:47:31.987,0.284722222222
LED experiment,pioreactor02,2026-06-02T18:02:36.989Z,-0.020713116351,2026-06-02 23:47:36.989,0.286111111111
LED experiment,pioreactor02,2026-06-02T18:02:41.988Z,-0.020306930843,2026-06-02 23:47:41.988,0.2875
LED experiment,pioreactor02,2026-06-02T18:02:51.987Z,-0.020484940677,2026-06-02 23:47:51.987,0.290277777778
LED experiment,pioreactor02,2026-06-02T18:02:56.988Z,-0.02040436599,2026-06-02 23:47:56.988,0.291666666667
LED experiment,pioreactor02,2026-06-02T18:03:01.990Z,-0.020773983046,2026-06-02 23:48:01.990,0.293055555556
LED experiment,pioreactor02,2026-06-02T18:03:11.988Z,-0.020252425926,2026-06-02 23:48:11.988,0.295833333333
LED experiment,pioreactor02,2026-06-02T18:03:16.988Z,-0.019786467082,2026-06-02 23:48:16.988,0.297222222222
LED experiment,pioreactor02,2026-06-02T18:03:21.988Z,-0.019361064795,2026-06-02 23:48:21.988,0.298611111111
LED experiment,pioreactor02,2026-06-02T18:03:41.989Z,-0.018769560834,2026-06-02 23:48:41.989,0.304166666667
LED experiment,pioreactor02,2026-06-02T18:03:46.987Z,-0.018862957741,2026-06-02 23:48:46.987,0.305555555556
LED experiment,pioreactor02,2026-06-02T18:03:51.987Z,-0.018934445261,2026-06-02 23:48:51.987,0.306944444444
LED experiment,pioreactor02,2026-06-02T18:03:56.988Z,-0.018589895904,2026-06-02 23:48:56.988,0.308333333333
LED experiment,pioreactor02,2026-06-02T18:04:01.987Z,-0.017999671657,2026-06-02 23:49:01.987,0.309722222222
LED experiment,pioreactor02,2026-06-02T18:04:06.987Z,-0.017846217381,2026-06-02 23:49:06.987,0.311111111111
LED experiment,pioreactor02,2026-06-02T18:04:11.989Z,-0.017601392317,2026-06-02 23:49:11.989,0.3125
LED experiment,pioreactor02,2026-06-02T18:04:16.989Z,-0.017181114466,2026-06-02 23:49:16.989,0.313888888889
LED experiment,pioreactor02,2026-06-02T18:04:21.990Z,-0.016604163161,2026-06-02 23:49:21.990,0.315277777778
LED experiment,pioreactor02,2026-06-02T18:04:26.988Z,-0.01622935011,2026-06-02 23:49:26.988,0.316666666667
LED experiment,pioreactor02,2026-06-02T18:04:31.988Z,-0.016068105163,2026-06-02 23:49:31.988,0.318055555556
LED experiment,pioreactor02,2026-06-02T18:04:36.989Z,-0.015755988246,2026-06-02 23:49:36.989,0.319444444444
LED experiment,pioreactor02,2026-06-02T18:04:41.987Z,-0.015248787541,2026-06-02 23:49:41.987,0.320833333333
LED experiment,pioreactor02,2026-06-02T18:04:46.988Z,-0.014661190769,2026-06-02 23:49:46.988,0.322222222222
LED experiment,pioreactor02,2026-06-02T18:04:56.988Z,-0.013851855581,2026-06-02 23:49:56.988,0.325
LED experiment,pioreactor02,2026-06-02T18:05:01.987Z,-0.013717568125,2026-06-02 23:50:01.987,0.326388888889
LED experiment,pioreactor02,2026-06-02T18:05:06.988Z,-0.013479039541,2026-06-02 23:50:06.988,0.327777777778
LED experiment,pioreactor02,2026-06-02T18:05:16.988Z,-0.013141588253,2026-06-02 23:50:16.988,0.330555555556
LED experiment,pioreactor02,2026-06-02T18:05:26.989Z,-0.012696602768,2026-06-02 23:50:26.989,0.333333333333
LED experiment,pioreactor02,2026-06-02T18:05:31.987Z,-0.012383033055,2026-06-02 23:50:31.987,0.334722222222
LED experiment,pioreactor02,2026-06-02T18:05:41.988Z,-0.01209485561,2026-06-02 23:50:41.988,0.3375
LED experiment,pioreactor02,2026-06-02T18:05:46.989Z,-0.011894693608,2026-06-02 23:50:46.989,0.338888888889
LED experiment,pioreactor02,2026-06-02T18:05:51.987Z,-0.011855298052,2026-06-02 23:50:51.987,0.340277777778
LED experiment,pioreactor02,2026-06-02T18:06:06.988Z,-0.012121564081,2026-06-02 23:51:06.988,0.344444444444
LED experiment,pioreactor02,2026-06-02T18:06:11.989Z,-0.012277251628,2026-06-02 23:51:11.989,0.345833333333
LED experiment,pioreactor02,2026-06-02T18:06:21.987Z,-0.012360186244,2026-06-02 23:51:21.987,0.348611111111
LED experiment,pioreactor02,2026-06-02T18:06:26.988Z,-0.012435073433,2026-06-02 23:51:26.988,0.35
LED experiment,pioreactor02,2026-06-02T18:06:31.989Z,-0.012517167387,2026-06-02 23:51:31.989,0.351388888889
LED experiment,pioreactor02,2026-06-02T18:06:36.989Z,-0.012592554934,2026-06-02 23:51:36.989,0.352777777778
LED experiment,pioreactor02,2026-06-02T18:06:41.989Z,-0.012215344756,2026-06-02 23:51:41.989,0.354166666667
LED experiment,pioreactor02,2026-06-02T18:06:46.987Z,-0.011751854076,2026-06-02 23:51:46.987,0.355555555556
LED experiment,pioreactor02,2026-06-02T18:06:51.987Z,-0.011884170467,2026-06-02 23:51:51.987,0.356944444444
LED experiment,pioreactor02,2026-06-02T18:06:56.989Z,-0.011733250359,2026-06-02 23:51:56.989,0.358333333333
LED experiment,pioreactor02,2026-06-02T18:07:06.990Z,-0.011778827286,2026-06-02 23:52:06.990,0.361111111111
LED experiment,pioreactor02,2026-06-02T18:07:16.988Z,-0.011796029713,2026-06-02 23:52:16.988,0.363888888889
LED experiment,pioreactor02,2026-06-02T18:07:21.987Z,-0.01174310869,2026-06-02 23:52:21.987,0.365277777778
LED experiment,pioreactor02,2026-06-02T18:07:26.988Z,-0.011554578004,2026-06-02 23:52:26.988,0.366666666667
LED experiment,pioreactor02,2026-06-02T18:07:31.986Z,-0.011438221534,2026-06-02 23:52:31.986,0.368055555556
LED experiment,pioreactor02,2026-06-02T18:07:36.989Z,-0.011334490825,2026-06-02 23:52:36.989,0.369444444444
LED experiment,pioreactor02,2026-06-02T18:07:41.987Z,-0.011402156782,2026-06-02 23:52:41.987,0.370833333333
LED experiment,pioreactor02,2026-06-02T18:07:46.989Z,-0.011296477215,2026-06-02 23:52:46.989,0.372222222222
LED experiment,pioreactor02,2026-06-02T18:08:01.988Z,-0.011073696,2026-06-02 23:53:01.988,0.376388888889
LED experiment,pioreactor02,2026-06-02T18:08:11.987Z,-0.011325956825,2026-06-02 23:53:11.987,0.379166666667
LED experiment,pioreactor02,2026-06-02T18:08:16.989Z,-0.011074160592,2026-06-02 23:53:16.989,0.380555555556
LED experiment,pioreactor02,2026-06-02T18:08:21.986Z,-0.010842018573,2026-06-02 23:53:21.986,0.381944444444
LED experiment,pioreactor02,2026-06-02T18:08:26.989Z,-0.010599707125,2026-06-02 23:53:26.989,0.383333333333
LED experiment,pioreactor02,2026-06-02T18:08:36.988Z,-0.010712652813,2026-06-02 23:53:36.988,0.386111111111
LED experiment,pioreactor02,2026-06-02T18:08:41.986Z,-0.01034483682,2026-06-02 23:53:41.986,0.3875
LED experiment,pioreactor02,2026-06-02T18:08:46.988Z,-0.009763992584,2026-06-02 23:53:46.988,0.388888888889
LED experiment,pioreactor02,2026-06-02T18:08:51.989Z,-0.009399889595,2026-06-02 23:53:51.989,0.390277777778
LED experiment,pioreactor02,2026-06-02T18:08:56.989Z,-0.009385342814,2026-06-02 23:53:56.989,0.391666666667
LED experiment,pioreactor02,2026-06-02T18:09:01.988Z,-0.00893363404,2026-06-02 23:54:01.988,0.393055555556
LED experiment,pioreactor02,2026-06-02T18:09:06.987Z,-0.008467407224,2026-06-02 23:54:06.987,0.394444444444
LED experiment,pioreactor02,2026-06-02T18:09:11.986Z,-0.008014533893,2026-06-02 23:54:11.986,0.395833333333
LED experiment,pioreactor02,2026-06-02T18:09:16.987Z,-0.007717647956,2026-06-02 23:54:16.987,0.397222222222
LED experiment,pioreactor02,2026-06-02T18:09:26.988Z,-0.00748938015,2026-06-02 23:54:26.988,0.4
LED experiment,pioreactor02,2026-06-02T18:09:31.988Z,-0.007447733439,2026-06-02 23:54:31.988,0.401388888889
LED experiment,pioreactor02,2026-06-02T18:09:41.991Z,-0.007216306339,2026-06-02 23:54:41.991,0.404166666667
LED experiment,pioreactor02,2026-06-02T18:09:51.987Z,-0.007208369759,2026-06-02 23:54:51.987,0.406944444444
LED experiment,pioreactor02,2026-06-02T18:09:56.987Z,-0.007070725585,2026-06-02 23:54:56.987,0.408333333333
LED experiment,pioreactor02,2026-06-02T18:10:01.988Z,-0.006774732868,2026-06-02 23:55:01.988,0.409722222222
LED experiment,pioreactor02,2026-06-02T18:10:06.989Z,-0.006665694127,2026-06-02 23:55:06.989,0.411111111111
LED experiment,pioreactor02,2026-06-02T18:10:16.988Z,-0.006671632068,2026-06-02 23:55:16.988,0.413888888889
LED experiment,pioreactor02,2026-06-02T18:10:21.988Z,-0.006471085666,2026-06-02 23:55:21.988,0.415277777778
LED experiment,pioreactor02,2026-06-02T18:10:36.989Z,-0.006296596289,2026-06-02 23:55:36.989,0.419444444444
LED experiment,pioreactor02,2026-06-02T18:10:46.987Z,-0.006002576547,2026-06-02 23:55:46.987,0.422222222222
LED experiment,pioreactor02,2026-06-02T18:10:51.988Z,-0.005658682516,2026-06-02 23:55:51.988,0.423611111111
LED experiment,pioreactor02,2026-06-02T18:10:56.990Z,-0.005395584269,2026-06-02 23:55:56.990,0.425
LED experiment,pioreactor02,2026-06-02T18:11:01.989Z,-0.00512076151,2026-06-02 23:56:01.989,0.426388888889
LED experiment,pioreactor02,2026-06-02T18:11:06.987Z,-0.004737525969,2026-06-02 23:56:06.987,0.427777777778
LED experiment,pioreactor02,2026-06-02T18:11:11.988Z,-0.004623140021,2026-06-02 23:56:11.988,0.429166666667
LED experiment,pioreactor02,2026-06-02T18:11:16.989Z,-0.004490018507,2026-06-02 23:56:16.989,0.430555555556
LED experiment,pioreactor02,2026-06-02T18:11:21.986Z,-0.004215455435,2026-06-02 23:56:21.986,0.431944444444
LED experiment,pioreactor02,2026-06-02T18:11:26.988Z,-0.003902736506,2026-06-02 23:56:26.988,0.433333333333
LED experiment,pioreactor02,2026-06-02T18:11:31.988Z,-0.003661494821,2026-06-02 23:56:31.988,0.434722222222
LED experiment,pioreactor02,2026-06-02T18:11:36.990Z,-0.003356257657,2026-06-02 23:56:36.990,0.436111111111
LED experiment,pioreactor02,2026-06-02T18:11:46.988Z,-0.003013116939,2026-06-02 23:56:46.988,0.438888888889
LED experiment,pioreactor02,2026-06-02T18:11:51.987Z,-0.002750450621,2026-06-02 23:56:51.987,0.440277777778
LED experiment,pioreactor02,2026-06-02T18:11:56.988Z,-0.002440436387,2026-06-02 23:56:56.988,0.441666666667
LED experiment,pioreactor02,2026-06-02T18:12:01.988Z,-0.001992350107,2026-06-02 23:57:01.988,0.443055555556
LED experiment,pioreactor02,2026-06-02T18:12:11.987Z,-0.0016141192,2026-06-02 23:57:11.987,0.445833333333
LED experiment,pioreactor02,2026-06-02T18:12:21.990Z,-0.001393678141,2026-06-02 23:57:21.990,0.448611111111
LED experiment,pioreactor02,2026-06-02T18:12:31.988Z,-0.001018301281,2026-06-02 23:57:31.988,0.451388888889
LED experiment,pioreactor02,2026-06-02T18:12:36.988Z,-0.000652766021,2026-06-02 23:57:36.988,0.452777777778
LED experiment,pioreactor02,2026-06-02T18:12:46.988Z,-0.000398741935,2026-06-02 23:57:46.988,0.455555555556
LED experiment,pioreactor02,2026-06-02T18:12:51.989Z,-7.6743845e-05,2026-06-02 23:57:51.989,0.456944444444
LED experiment,pioreactor02,2026-06-02T18:12:56.987Z,0.000148016247,2026-06-02 23:57:56.987,0.458333333333
LED experiment,pioreactor02,2026-06-02T18:13:01.986Z,0.000392817184,2026-06-02 23:58:01.986,0.459722222222
LED experiment,pioreactor02,2026-06-02T18:13:06.987Z,0.000610701047,2026-06-02 23:58:06.987,0.461111111111
LED experiment,pioreactor02,2026-06-02T18:13:11.988Z,0.000843641554,2026-06-02 23:58:11.988,0.4625
LED experiment,pioreactor02,2026-06-02T18:13:16.988Z,0.000913730785,2026-06-02 23:58:16.988,0.463888888889
LED experiment,pioreactor02,2026-06-02T18:13:21.989Z,0.001080278219,2026-06-02 23:58:21.989,0.465277777778
LED experiment,pioreactor02,2026-06-02T18:13:26.989Z,0.001282852593,2026-06-02 23:58:26.989,0.466666666667
LED experiment,pioreactor02,2026-06-02T18:13:31.988Z,0.001471915577,2026-06-02 23:58:31.988,0.468055555556
LED experiment,pioreactor02,2026-06-02T18:13:36.988Z,0.001774127788,2026-06-02 23:58:36.988,0.469444444444
LED experiment,pioreactor02,2026-06-02T18:13:41.988Z,0.001934791602,2026-06-02 23:58:41.988,0.470833333333
LED experiment,pioreactor02,2026-06-02T18:13:46.988Z,0.002222710637,2026-06-02 23:58:46.988,0.472222222222
LED experiment,pioreactor02,2026-06-02T18:13:51.988Z,0.002414964673,2026-06-02 23:58:51.988,0.473611111111
LED experiment,pioreactor02,2026-06-02T18:14:01.987Z,0.00254662343,2026-06-02 23:59:01.987,0.476388888889
LED experiment,pioreactor02,2026-06-02T18:14:11.989Z,0.002751598765,2026-06-02 23:59:11.989,0.479166666667
LED experiment,pioreactor02,2026-06-02T18:14:16.988Z,0.002940215765,2026-06-02 23:59:16.988,0.480555555556
LED experiment,pioreactor02,2026-06-02T18:14:26.986Z,0.003196648625,2026-06-02 23:59:26.986,0.483333333333
LED experiment,pioreactor02,2026-06-02T18:14:31.988Z,0.003354064068,2026-06-02 23:59:31.988,0.484722222222
LED experiment,pioreactor02,2026-06-02T18:14:36.988Z,0.00365242145,2026-06-02 23:59:36.988,0.486111111111
LED experiment,pioreactor02,2026-06-02T18:14:41.986Z,0.003921369974,2026-06-02 23:59:41.986,0.4875
LED experiment,pioreactor02,2026-06-02T18:14:46.988Z,0.004223067583,2026-06-02 23:59:46.988,0.488888888889
LED experiment,pioreactor02,2026-06-02T18:14:51.989Z,0.004223067583,2026-06-02 23:59:51.989,0.490277777778
LED experiment,pioreactor02,2026-06-02T18:14:56.989Z,0.004433974336,2026-06-02 23:59:56.989,0.491666666667
LED experiment,pioreactor02,2026-06-02T18:15:01.988Z,0.004571640101,2026-06-03 00:00:01.988,0.493055555556
LED experiment,pioreactor02,2026-06-02T18:15:11.988Z,0.004811354949,2026-06-03 00:00:11.988,0.495833333333
LED experiment,pioreactor02,2026-06-02T18:15:16.987Z,0.005086269506,2026-06-03 00:00:16.987,0.497222222222
LED experiment,pioreactor02,2026-06-02T18:15:21.987Z,0.005322183654,2026-06-03 00:00:21.987,0.498611111111
LED experiment,pioreactor02,2026-06-02T18:15:26.988Z,0.005322183654,2026-06-03 00:00:26.988,0.5
LED experiment,pioreactor02,2026-06-02T18:15:31.987Z,0.005322183654,2026-06-03 00:00:31.987,0.501388888889
LED experiment,pioreactor02,2026-06-02T18:15:41.987Z,0.005322183654,2026-06-03 00:00:41.987,0.504166666667
LED experiment,pioreactor02,2026-06-02T18:15:46.988Z,0.005322183654,2026-06-03 00:00:46.988,0.505555555556
LED experiment,pioreactor02,2026-06-02T18:15:56.989Z,0.005462628911,2026-06-03 00:00:56.989,0.508333333333
LED experiment,pioreactor02,2026-06-02T18:16:06.987Z,0.005614657673,2026-06-03 00:01:06.987,0.511111111111
LED experiment,pioreactor02,2026-06-02T18:16:11.989Z,0.005749876935,2026-06-03 00:01:11.989,0.5125
LED experiment,pioreactor02,2026-06-02T18:16:16.990Z,0.005893299045,2026-06-03 00:01:16.990,0.513888888889
LED experiment,pioreactor02,2026-06-02T18:16:21.987Z,0.006006235981,2026-06-03 00:01:21.987,0.515277777778
LED experiment,pioreactor02,2026-06-02T18:16:26.987Z,0.006084474818,2026-06-03 00:01:26.987,0.516666666667
LED experiment,pioreactor02,2026-06-02T18:16:31.988Z,0.006114861187,2026-06-03 00:01:31.988,0.518055555556
LED experiment,pioreactor02,2026-06-02T18:16:36.989Z,0.006180822233,2026-06-03 00:01:36.989,0.519444444444
LED experiment,pioreactor02,2026-06-02T18:16:41.986Z,0.006262801634,2026-06-03 00:01:41.986,0.520833333333
LED experiment,pioreactor02,2026-06-02T18:16:46.987Z,0.006357296492,2026-06-03 00:01:46.987,0.522222222222
LED experiment,pioreactor02,2026-06-02T18:16:51.990Z,0.006411386344,2026-06-03 00:01:51.990,0.523611111111
LED experiment,pioreactor02,2026-06-02T18:17:01.987Z,0.006490670103,2026-06-03 00:02:01.987,0.526388888889
LED experiment,pioreactor02,2026-06-02T18:17:06.989Z,0.006547160198,2026-06-03 00:02:06.989,0.527777777778
LED experiment,pioreactor02,2026-06-02T18:17:16.987Z,0.006628738558,2026-06-03 00:02:16.987,0.530555555556
LED experiment,pioreactor02,2026-06-02T18:17:21.987Z,0.006711818765,2026-06-03 00:02:21.987,0.531944444444
LED experiment,pioreactor02,2026-06-02T18:17:36.987Z,0.006711818765,2026-06-03 00:02:36.987,0.536111111111
LED experiment,pioreactor02,2026-06-02T18:17:41.988Z,0.006822864036,2026-06-03 00:02:41.988,0.5375
LED experiment,pioreactor02,2026-06-02T18:17:46.988Z,0.006854848108,2026-06-03 00:02:46.988,0.538888888889
LED experiment,pioreactor02,2026-06-02T18:18:01.987Z,0.006945834693,2026-06-03 00:03:01.987,0.543055555556
LED experiment,pioreactor02,2026-06-02T18:18:06.991Z,0.006945834693,2026-06-03 00:03:06.991,0.544444444444
LED experiment,pioreactor02,2026-06-02T18:18:11.987Z,0.007058311247,2026-06-03 00:03:11.987,0.545833333333
LED experiment,pioreactor02,2026-06-02T18:18:21.987Z,0.007173036177,2026-06-03 00:03:21.987,0.548611111111
LED experiment,pioreactor02,2026-06-02T18:18:26.989Z,0.007275533581,2026-06-03 00:03:26.989,0.55
LED experiment,pioreactor02,2026-06-02T18:18:36.986Z,0.007380157414,2026-06-03 00:03:36.986,0.552777777778
LED experiment,pioreactor02,2026-06-02T18:18:41.987Z,0.007462257072,2026-06-03 00:03:41.987,0.554166666667
LED experiment,pioreactor02,2026-06-02T18:18:46.987Z,0.007550009725,2026-06-03 00:03:46.987,0.555555555556
LED experiment,pioreactor02,2026-06-02T18:18:51.988Z,0.007550009725,2026-06-03 00:03:51.988,0.556944444444
LED experiment,pioreactor02,2026-06-02T18:18:56.988Z,0.007550009725,2026-06-03 00:03:56.988,0.558333333333
LED experiment,pioreactor02,2026-06-02T18:19:01.986Z,0.007617752412,2026-06-03 00:04:01.986,0.559722222222
LED experiment,pioreactor02,2026-06-02T18:19:06.987Z,0.007663548603,2026-06-03 00:04:06.987,0.561111111111
LED experiment,pioreactor02,2026-06-02T18:19:11.988Z,0.007709017906,2026-06-03 00:04:11.988,0.5625
LED experiment,pioreactor02,2026-06-02T18:19:16.989Z,0.00775617615,2026-06-03 00:04:16.989,0.563888888889
LED experiment,pioreactor02,2026-06-02T18:19:21.987Z,0.007786151183,2026-06-03 00:04:21.987,0.565277777778
LED experiment,pioreactor02,2026-06-02T18:19:31.988Z,0.00783145564,2026-06-03 00:04:31.988,0.568055555556
LED experiment,pioreactor02,2026-06-02T18:19:41.988Z,0.007870778896,2026-06-03 00:04:41.988,0.570833333333
LED experiment,pioreactor02,2026-06-02T18:19:46.988Z,0.007870778896,2026-06-03 00:04:46.988,0.572222222222
LED experiment,pioreactor02,2026-06-02T18:19:51.990Z,0.007870778896,2026-06-03 00:04:51.990,0.573611111111
LED experiment,pioreactor02,2026-06-02T18:19:56.987Z,0.007901257187,2026-06-03 00:04:56.987,0.575
LED experiment,pioreactor02,2026-06-02T18:20:01.987Z,0.007930726421,2026-06-03 00:05:01.987,0.576388888889
LED experiment,pioreactor02,2026-06-02T18:20:06.987Z,0.007948411719,2026-06-03 00:05:06.987,0.577777777778
LED experiment,pioreactor02,2026-06-02T18:20:16.987Z,0.007961918451,2026-06-03 00:05:16.987,0.580555555556
LED experiment,pioreactor02,2026-06-02T18:20:26.988Z,0.007958508466,2026-06-03 00:05:26.988,0.583333333333
LED experiment,pioreactor02,2026-06-02T18:20:31.986Z,0.007955349374,2026-06-03 00:05:31.986,0.584722222222
LED experiment,pioreactor02,2026-06-02T18:20:36.986Z,0.007952873125,2026-06-03 00:05:36.986,0.586111111111
LED experiment,pioreactor02,2026-06-02T18:20:41.988Z,0.007951847898,2026-06-03 00:05:41.988,0.5875
LED experiment,pioreactor02,2026-06-02T18:20:46.988Z,0.007967382532,2026-06-03 00:05:46.988,0.588888888889
LED experiment,pioreactor02,2026-06-02T18:20:51.988Z,0.00798927183,2026-06-03 00:05:51.988,0.590277777778
LED experiment,pioreactor02,2026-06-02T18:20:56.990Z,0.007986093358,2026-06-03 00:05:56.990,0.591666666667
LED experiment,pioreactor02,2026-06-02T18:21:01.990Z,0.007946857534,2026-06-03 00:06:01.990,0.593055555556
LED experiment,pioreactor02,2026-06-02T18:21:06.987Z,0.007909323314,2026-06-03 00:06:06.987,0.594444444444
LED experiment,pioreactor02,2026-06-02T18:21:11.987Z,0.007859291924,2026-06-03 00:06:11.987,0.595833333333
LED experiment,pioreactor02,2026-06-02T18:21:16.987Z,0.00782491947,2026-06-03 00:06:16.987,0.597222222222
LED experiment,pioreactor02,2026-06-02T18:21:21.987Z,0.007805702101,2026-06-03 00:06:21.987,0.598611111111
LED experiment,pioreactor02,2026-06-02T18:21:26.988Z,0.007786440855,2026-06-03 00:06:26.988,0.6
LED experiment,pioreactor02,2026-06-02T18:21:36.987Z,0.007757474855,2026-06-03 00:06:36.987,0.602777777778
LED experiment,pioreactor02,2026-06-02T18:21:41.988Z,0.007726008467,2026-06-03 00:06:41.988,0.604166666667
LED experiment,pioreactor02,2026-06-02T18:21:46.986Z,0.007695051168,2026-06-03 00:06:46.986,0.605555555556
LED experiment,pioreactor02,2026-06-02T18:21:51.988Z,0.007665701617,2026-06-03 00:06:51.988,0.606944444444
LED experiment,pioreactor02,2026-06-02T18:21:56.988Z,0.007652286506,2026-06-03 00:06:56.988,0.608333333333
LED experiment,pioreactor02,2026-06-02T18:22:01.988Z,0.007628188287,2026-06-03 00:07:01.988,0.609722222222
LED experiment,pioreactor02,2026-06-02T18:22:06.988Z,0.00760336528,2026-06-03 00:07:06.988,0.611111111111
LED experiment,pioreactor02,2026-06-02T18:22:11.989Z,0.00756405901,2026-06-03 00:07:11.989,0.6125
LED experiment,pioreactor02,2026-06-02T18:22:16.988Z,0.007547516801,2026-06-03 00:07:16.988,0.613888888889
LED experiment,pioreactor02,2026-06-02T18:22:21.989Z,0.007518227141,2026-06-03 00:07:21.989,0.615277777778
LED experiment,pioreactor02,2026-06-02T18:22:26.990Z,0.007509296093,2026-06-03 00:07:26.990,0.616666666667
LED experiment,pioreactor02,2026-06-02T18:22:41.988Z,0.00745339971,2026-06-03 00:07:41.988,0.620833333333
LED experiment,pioreactor02,2026-06-02T18:22:46.989Z,0.007407176779,2026-06-03 00:07:46.989,0.622222222222
LED experiment,pioreactor02,2026-06-02T18:22:56.988Z,0.007400762316,2026-06-03 00:07:56.988,0.625
LED experiment,pioreactor02,2026-06-02T18:23:01.990Z,0.00735863383,2026-06-03 00:08:01.990,0.626388888889
LED experiment,pioreactor02,2026-06-02T18:23:06.987Z,0.007323042555,2026-06-03 00:08:06.987,0.627777777778
LED experiment,pioreactor02,2026-06-02T18:23:11.988Z,0.00731858969,2026-06-03 00:08:11.988,0.629166666667
LED experiment,pioreactor02,2026-06-02T18:23:16.988Z,0.007325591343,2026-06-03 00:08:16.988,0.630555555556
LED experiment,pioreactor02,2026-06-02T18:23:21.990Z,0.007326751803,2026-06-03 00:08:21.990,0.631944444444
LED experiment,pioreactor02,2026-06-02T18:23:26.987Z,0.007315390103,2026-06-03 00:08:26.987,0.633333333333
LED experiment,pioreactor02,2026-06-02T18:23:31.988Z,0.007372816601,2026-06-03 00:08:31.988,0.634722222222
LED experiment,pioreactor02,2026-06-02T18:23:36.986Z,0.007379311579,2026-06-03 00:08:36.986,0.636111111111
LED experiment,pioreactor02,2026-06-02T18:23:41.988Z,0.007223277212,2026-06-03 00:08:41.988,0.6375
LED experiment,pioreactor02,2026-06-02T18:23:46.987Z,0.007029099915,2026-06-03 00:08:46.987,0.638888888889
LED experiment,pioreactor02,2026-06-02T18:23:51.986Z,0.006868719846,2026-06-03 00:08:51.986,0.640277777778
LED experiment,pioreactor02,2026-06-02T18:23:56.987Z,0.006712205228,2026-06-03 00:08:56.987,0.641666666667
LED experiment,pioreactor02,2026-06-02T18:24:01.988Z,0.006570540794,2026-06-03 00:09:01.988,0.643055555556
LED experiment,pioreactor02,2026-06-02T18:24:06.990Z,0.006457900939,2026-06-03 00:09:06.990,0.644444444444
LED experiment,pioreactor02,2026-06-02T18:24:21.987Z,0.006395157624,2026-06-03 00:09:21.987,0.648611111111
LED experiment,pioreactor02,2026-06-02T18:24:26.987Z,0.006273116011,2026-06-03 00:09:26.987,0.65
LED experiment,pioreactor02,2026-06-02T18:24:31.988Z,0.006182417772,2026-06-03 00:09:31.988,0.651388888889
LED experiment,pioreactor02,2026-06-02T18:24:36.988Z,0.006067782572,2026-06-03 00:09:36.988,0.652777777778
LED experiment,pioreactor02,2026-06-02T18:24:41.988Z,0.005945355525,2026-06-03 00:09:41.988,0.654166666667
LED experiment,pioreactor02,2026-06-02T18:24:51.987Z,0.00583752309,2026-06-03 00:09:51.987,0.656944444444
LED experiment,pioreactor02,2026-06-02T18:24:56.987Z,0.005750111589,2026-06-03 00:09:56.987,0.658333333333
LED experiment,pioreactor02,2026-06-02T18:25:01.987Z,0.005704312734,2026-06-03 00:10:01.987,0.659722222222
LED experiment,pioreactor02,2026-06-02T18:25:06.987Z,0.005637512438,2026-06-03 00:10:06.987,0.661111111111
LED experiment,pioreactor02,2026-06-02T18:25:11.989Z,0.005556855256,2026-06-03 00:10:11.989,0.6625
LED experiment,pioreactor02,2026-06-02T18:25:16.990Z,0.005453946079,2026-06-03 00:10:16.990,0.663888888889
LED experiment,pioreactor02,2026-06-02T18:25:21.987Z,0.005401812411,2026-06-03 00:10:21.987,0.665277777778
LED experiment,pioreactor02,2026-06-02T18:25:31.988Z,0.005374430527,2026-06-03 00:10:31.988,0.668055555556
LED experiment,pioreactor02,2026-06-02T18:25:36.989Z,0.005400282743,2026-06-03 00:10:36.989,0.669444444444
LED experiment,pioreactor02,2026-06-02T18:25:41.990Z,0.005352463695,2026-06-03 00:10:41.990,0.670833333333
LED experiment,pioreactor02,2026-06-02T18:25:51.987Z,0.005283187058,2026-06-03 00:10:51.987,0.673611111111
LED experiment,pioreactor02,2026-06-02T18:25:56.989Z,0.005207416175,2026-06-03 00:10:56.989,0.675
LED experiment,pioreactor02,2026-06-02T18:26:01.986Z,0.005045582833,2026-06-03 00:11:01.986,0.676388888889
LED experiment,pioreactor02,2026-06-02T18:26:11.990Z,0.00493781963,2026-06-03 00:11:11.990,0.679166666667
LED experiment,pioreactor02,2026-06-02T18:26:21.987Z,0.00485504957,2026-06-03 00:11:21.987,0.681944444444
LED experiment,pioreactor02,2026-06-02T18:26:26.987Z,0.004790973699,2026-06-03 00:11:26.987,0.683333333333
LED experiment,pioreactor02,2026-06-02T18:26:31.988Z,0.004742417447,2026-06-03 00:11:31.988,0.684722222222
LED experiment,pioreactor02,2026-06-02T18:26:36.988Z,0.004663382072,2026-06-03 00:11:36.988,0.686111111111
LED experiment,pioreactor02,2026-06-02T18:26:41.988Z,0.004555882334,2026-06-03 00:11:41.988,0.6875
LED experiment,pioreactor02,2026-06-02T18:26:46.988Z,0.004392597318,2026-06-03 00:11:46.988,0.688888888889
LED experiment,pioreactor02,2026-06-02T18:26:51.989Z,0.004286280986,2026-06-03 00:11:51.989,0.690277777778
LED experiment,pioreactor02,2026-06-02T18:26:56.989Z,0.004244749158,2026-06-03 00:11:56.989,0.691666666667
LED experiment,pioreactor02,2026-06-02T18:27:01.988Z,0.004126668008,2026-06-03 00:12:01.988,0.693055555556
LED experiment,pioreactor02,2026-06-02T18:27:11.988Z,0.004045859183,2026-06-03 00:12:11.988,0.695833333333
LED experiment,pioreactor02,2026-06-02T18:27:16.991Z,0.00385773404,2026-06-03 00:12:16.991,0.697222222222
LED experiment,pioreactor02,2026-06-02T18:27:21.988Z,0.003819547089,2026-06-03 00:12:21.988,0.698611111111
LED experiment,pioreactor02,2026-06-02T18:27:26.989Z,0.003818684976,2026-06-03 00:12:26.989,0.7
LED experiment,pioreactor02,2026-06-02T18:27:31.988Z,0.00366893235,2026-06-03 00:12:31.988,0.701388888889
LED experiment,pioreactor02,2026-06-02T18:27:36.990Z,0.003585915815,2026-06-03 00:12:36.990,0.702777777778
LED experiment,pioreactor02,2026-06-02T18:27:41.990Z,0.003434054324,2026-06-03 00:12:41.990,0.704166666667
LED experiment,pioreactor02,2026-06-02T18:27:46.988Z,0.003344326106,2026-06-03 00:12:46.988,0.705555555556
LED experiment,pioreactor02,2026-06-02T18:27:51.986Z,0.003264650606,2026-06-03 00:12:51.986,0.706944444444
LED experiment,pioreactor02,2026-06-02T18:27:56.987Z,0.003221354712,2026-06-03 00:12:56.987,0.708333333333
LED experiment,pioreactor02,2026-06-02T18:28:01.986Z,0.003203052799,2026-06-03 00:13:01.986,0.709722222222
LED experiment,pioreactor02,2026-06-02T18:28:06.988Z,0.003172122442,2026-06-03 00:13:06.988,0.711111111111
LED experiment,pioreactor02,2026-06-02T18:28:11.987Z,0.003137825005,2026-06-03 00:13:11.987,0.7125
LED experiment,pioreactor02,2026-06-02T18:28:16.986Z,0.003249233038,2026-06-03 00:13:16.986,0.713888888889
LED experiment,pioreactor02,2026-06-02T18:28:21.987Z,0.003326850339,2026-06-03 00:13:21.987,0.715277777778
LED experiment,pioreactor02,2026-06-02T18:28:26.989Z,0.003298214159,2026-06-03 00:13:26.989,0.716666666667
LED experiment,pioreactor02,2026-06-02T18:28:36.987Z,0.003316323298,2026-06-03 00:13:36.987,0.719444444444
LED experiment,pioreactor02,2026-06-02T18:28:46.988Z,0.003365619623,2026-06-03 00:13:46.988,0.722222222222
LED experiment,pioreactor02,2026-06-02T18:28:51.991Z,0.003410855327,2026-06-03 00:13:51.991,0.723611111111
LED experiment,pioreactor02,2026-06-02T18:28:56.989Z,0.003535757848,2026-06-03 00:13:56.989,0.725
LED experiment,pioreactor02,2026-06-02T18:29:01.987Z,0.003656651934,2026-06-03 00:14:01.987,0.726388888889
LED experiment,pioreactor02,2026-06-02T18:29:11.989Z,0.003687475055,2026-06-03 00:14:11.989,0.729166666667
LED experiment,pioreactor02,2026-06-02T18:29:21.987Z,0.004023160184,2026-06-03 00:14:21.987,0.731944444444
LED experiment,pioreactor02,2026-06-02T18:29:26.991Z,0.004162137028,2026-06-03 00:14:26.991,0.733333333333
LED experiment,pioreactor02,2026-06-02T18:29:31.988Z,0.004155234686,2026-06-03 00:14:31.988,0.734722222222
LED experiment,pioreactor02,2026-06-02T18:29:36.988Z,0.004167684383,2026-06-03 00:14:36.988,0.736111111111
LED experiment,pioreactor02,2026-06-02T18:29:46.987Z,0.004046309396,2026-06-03 00:14:46.987,0.738888888889
LED experiment,pioreactor02,2026-06-02T18:29:56.988Z,0.004040567219,2026-06-03 00:14:56.988,0.741666666667
LED experiment,pioreactor02,2026-06-02T18:30:01.987Z,0.004364147444,2026-06-03 00:15:01.987,0.743055555556
LED experiment,pioreactor02,2026-06-02T18:30:11.989Z,0.004507922713,2026-06-03 00:15:11.989,0.745833333333
LED experiment,pioreactor02,2026-06-02T18:30:21.988Z,0.004878170409,2026-06-03 00:15:21.988,0.748611111111
LED experiment,pioreactor02,2026-06-02T18:30:26.992Z,0.005095882623,2026-06-03 00:15:26.992,0.75
LED experiment,pioreactor02,2026-06-02T18:30:31.987Z,0.005136518939,2026-06-03 00:15:31.987,0.751388888889
LED experiment,pioreactor02,2026-06-02T18:30:41.989Z,0.005208364069,2026-06-03 00:15:41.989,0.754166666667
LED experiment,pioreactor02,2026-06-02T18:30:46.986Z,0.005331159443,2026-06-03 00:15:46.986,0.755555555556
LED experiment,pioreactor02,2026-06-02T18:30:51.990Z,0.005607867584,2026-06-03 00:15:51.990,0.756944444444
LED experiment,pioreactor02,2026-06-02T18:30:56.986Z,0.005829972813,2026-06-03 00:15:56.986,0.758333333333
LED experiment,pioreactor02,2026-06-02T18:31:01.989Z,0.005880156602,2026-06-03 00:16:01.989,0.759722222222
LED experiment,pioreactor02,2026-06-02T18:31:06.987Z,0.006058777551,2026-06-03 00:16:06.987,0.761111111111
LED experiment,pioreactor02,2026-06-02T18:31:11.986Z,0.006287921627,2026-06-03 00:16:11.986,0.7625
LED experiment,pioreactor02,2026-06-02T18:31:16.989Z,0.006361854409,2026-06-03 00:16:16.989,0.763888888889
LED experiment,pioreactor02,2026-06-02T18:31:21.987Z,0.006447854187,2026-06-03 00:16:21.987,0.765277777778
LED experiment,pioreactor02,2026-06-02T18:31:31.987Z,0.007005255231,2026-06-03 00:16:31.987,0.768055555556
LED experiment,pioreactor02,2026-06-02T18:31:36.986Z,0.007349335946,2026-06-03 00:16:36.986,0.769444444444
LED experiment,pioreactor02,2026-06-02T18:31:41.988Z,0.007630602544,2026-06-03 00:16:41.988,0.770833333333
LED experiment,pioreactor02,2026-06-02T18:31:46.987Z,0.007655623926,2026-06-03 00:16:46.987,0.772222222222
LED experiment,pioreactor02,2026-06-02T18:31:56.988Z,0.007926758091,2026-06-03 00:16:56.988,0.775
LED experiment,pioreactor02,2026-06-02T18:32:01.986Z,0.008257480104,2026-06-03 00:17:01.986,0.776388888889
LED experiment,pioreactor02,2026-06-02T18:32:06.987Z,0.008738948584,2026-06-03 00:17:06.987,0.777777777778
LED experiment,pioreactor02,2026-06-02T18:32:11.988Z,0.008988465054,2026-06-03 00:17:11.988,0.779166666667
LED experiment,pioreactor02,2026-06-02T18:32:16.987Z,0.009210969467,2026-06-03 00:17:16.987,0.780555555556
LED experiment,pioreactor02,2026-06-02T18:32:21.989Z,0.009428937028,2026-06-03 00:17:21.989,0.781944444444
LED experiment,pioreactor02,2026-06-02T18:32:26.986Z,0.009545388381,2026-06-03 00:17:26.986,0.783333333333
LED experiment,pioreactor02,2026-06-02T18:32:31.986Z,0.009827778187,2026-06-03 00:17:31.986,0.784722222222
LED experiment,pioreactor02,2026-06-02T18:32:36.990Z,0.010106057387,2026-06-03 00:17:36.990,0.786111111111
LED experiment,pioreactor02,2026-06-02T18:32:41.987Z,0.010343399676,2026-06-03 00:17:41.987,0.7875
LED experiment,pioreactor02,2026-06-02T18:32:46.989Z,0.01030777053,2026-06-03 00:17:46.989,0.788888888889
LED experiment,pioreactor02,2026-06-02T18:32:51.988Z,0.010460360521,2026-06-03 00:17:51.988,0.790277777778
LED experiment,pioreactor02,2026-06-02T18:32:56.986Z,0.010598783574,2026-06-03 00:17:56.986,0.791666666667
LED experiment,pioreactor02,2026-06-02T18:33:06.987Z,0.010645065164,2026-06-03 00:18:06.987,0.794444444444
LED experiment,pioreactor02,2026-06-02T18:33:11.987Z,0.010803081375,2026-06-03 00:18:11.987,0.795833333333
LED experiment,pioreactor02,2026-06-02T18:33:16.987Z,0.01119224691,2026-06-03 00:18:16.987,0.797222222222
LED experiment,pioreactor02,2026-06-02T18:33:21.988Z,0.011538800333,2026-06-03 00:18:21.988,0.798611111111
LED experiment,pioreactor02,2026-06-02T18:33:26.991Z,0.011931577114,2026-06-03 00:18:26.991,0.8
LED experiment,pioreactor02,2026-06-02T18:33:31.989Z,0.01240088615,2026-06-03 00:18:31.989,0.801388888889
LED experiment,pioreactor02,2026-06-02T18:33:36.988Z,0.012736003838,2026-06-03 00:18:36.988,0.802777777778
LED experiment,pioreactor02,2026-06-02T18:33:41.988Z,0.012974044108,2026-06-03 00:18:41.988,0.804166666667
LED experiment,pioreactor02,2026-06-02T18:33:46.987Z,0.013228053567,2026-06-03 00:18:46.987,0.805555555556
LED experiment,pioreactor02,2026-06-02T18:33:51.988Z,0.013406907439,2026-06-03 00:18:51.988,0.806944444444
LED experiment,pioreactor02,2026-06-02T18:34:01.989Z,0.013696856469,2026-06-03 00:19:01.989,0.809722222222
LED experiment,pioreactor02,2026-06-02T18:34:06.990Z,0.013810458055,2026-06-03 00:19:06.990,0.811111111111
LED experiment,pioreactor02,2026-06-02T18:34:11.989Z,0.014250298646,2026-06-03 00:19:11.989,0.8125
LED experiment,pioreactor02,2026-06-02T18:34:16.987Z,0.014407537446,2026-06-03 00:19:16.987,0.813888888889
LED experiment,pioreactor02,2026-06-02T18:34:21.987Z,0.014632618976,2026-06-03 00:19:21.987,0.815277777778
LED experiment,pioreactor02,2026-06-02T18:34:26.987Z,0.014832433504,2026-06-03 00:19:26.987,0.816666666667
LED experiment,pioreactor02,2026-06-02T18:34:36.987Z,0.014925276165,2026-06-03 00:19:36.987,0.819444444444
LED experiment,pioreactor02,2026-06-02T18:34:41.988Z,0.014933296649,2026-06-03 00:19:41.988,0.820833333333
LED experiment,pioreactor02,2026-06-02T18:34:46.989Z,0.015040132377,2026-06-03 00:19:46.989,0.822222222222
LED experiment,pioreactor02,2026-06-02T18:34:51.990Z,0.015287159467,2026-06-03 00:19:51.990,0.823611111111
LED experiment,pioreactor02,2026-06-02T18:35:01.987Z,0.015500246897,2026-06-03 00:20:01.987,0.826388888889
LED experiment,pioreactor02,2026-06-02T18:35:11.988Z,0.016018191327,2026-06-03 00:20:11.988,0.829166666667
LED experiment,pioreactor02,2026-06-02T18:35:16.987Z,0.016400825726,2026-06-03 00:20:16.987,0.830555555556
LED experiment,pioreactor02,2026-06-02T18:35:21.988Z,0.016612129337,2026-06-03 00:20:21.988,0.831944444444
LED experiment,pioreactor02,2026-06-02T18:35:26.987Z,0.016686597575,2026-06-03 00:20:26.987,0.833333333333
LED experiment,pioreactor02,2026-06-02T18:35:31.989Z,0.016948545458,2026-06-03 00:20:31.989,0.834722222222
LED experiment,pioreactor02,2026-06-02T18:35:36.990Z,0.017116863543,2026-06-03 00:20:36.990,0.836111111111
LED experiment,pioreactor02,2026-06-02T18:35:41.987Z,0.017292664346,2026-06-03 00:20:41.987,0.8375
LED experiment,pioreactor02,2026-06-02T18:35:46.987Z,0.017433225961,2026-06-03 00:20:46.987,0.838888888889
LED experiment,pioreactor02,2026-06-02T18:35:56.989Z,0.017706062112,2026-06-03 00:20:56.989,0.841666666667
LED experiment,pioreactor02,2026-06-02T18:36:01.988Z,0.017805003025,2026-06-03 00:21:01.988,0.843055555556
LED experiment,pioreactor02,2026-06-02T18:36:06.988Z,0.017861225513,2026-06-03 00:21:06.988,0.844444444444
LED experiment,pioreactor02,2026-06-02T18:36:11.988Z,0.018148436129,2026-06-03 00:21:11.988,0.845833333333
LED experiment,pioreactor02,2026-06-02T18:36:16.987Z,0.018313349675,2026-06-03 00:21:16.987,0.847222222222
LED experiment,pioreactor02,2026-06-02T18:36:21.989Z,0.018308675403,2026-06-03 00:21:21.989,0.848611111111
LED experiment,pioreactor02,2026-06-02T18:36:26.989Z,0.01826432539,2026-06-03 00:21:26.989,0.85
LED experiment,pioreactor02,2026-06-02T18:36:31.990Z,0.018457483015,2026-06-03 00:21:31.990,0.851388888889
LED experiment,pioreactor02,2026-06-02T18:36:41.987Z,0.018859835529,2026-06-03 00:21:41.987,0.854166666667
LED experiment,pioreactor02,2026-06-02T18:36:46.987Z,0.019271520254,2026-06-03 00:21:46.987,0.855555555556
LED experiment,pioreactor02,2026-06-02T18:36:51.990Z,0.019453639171,2026-06-03 00:21:51.990,0.856944444444
LED experiment,pioreactor02,2026-06-02T18:36:56.989Z,0.019599190972,2026-06-03 00:21:56.989,0.858333333333
LED experiment,pioreactor02,2026-06-02T18:37:06.989Z,0.019428777763,2026-06-03 00:22:06.989,0.861111111111
LED experiment,pioreactor02,2026-06-02T18:37:11.986Z,0.019220761712,2026-06-03 00:22:11.986,0.8625
LED experiment,pioreactor02,2026-06-02T18:37:16.988Z,0.019093097775,2026-06-03 00:22:16.988,0.863888888889
LED experiment,pioreactor02,2026-06-02T18:37:21.989Z,0.019238504554,2026-06-03 00:22:21.989,0.865277777778
LED experiment,pioreactor02,2026-06-02T18:37:26.987Z,0.01936580426,2026-06-03 00:22:26.987,0.866666666667
LED experiment,pioreactor02,2026-06-02T18:37:31.990Z,0.019573612226,2026-06-03 00:22:31.990,0.868055555556
LED experiment,pioreactor02,2026-06-02T18:37:36.988Z,0.019807271692,2026-06-03 00:22:36.988,0.869444444444
LED experiment,pioreactor02,2026-06-02T18:37:41.987Z,0.020000922364,2026-06-03 00:22:41.987,0.870833333333
LED experiment,pioreactor02,2026-06-02T18:37:46.989Z,0.01990218844,2026-06-03 00:22:46.989,0.872222222222
LED experiment,pioreactor02,2026-06-02T18:37:51.987Z,0.019946598544,2026-06-03 00:22:51.987,0.873611111111
LED experiment,pioreactor02,2026-06-02T18:37:56.989Z,0.019871678097,2026-06-03 00:22:56.989,0.875
LED experiment,pioreactor02,2026-06-02T18:38:01.990Z,0.019974308231,2026-06-03 00:23:01.990,0.876388888889
LED experiment,pioreactor02,2026-06-02T18:38:06.987Z,0.019842770438,2026-06-03 00:23:06.987,0.877777777778
LED experiment,pioreactor02,2026-06-02T18:38:11.986Z,0.019978552778,2026-06-03 00:23:11.986,0.879166666667
LED experiment,pioreactor02,2026-06-02T18:38:16.987Z,0.019921482896,2026-06-03 00:23:16.987,0.880555555556
LED experiment,pioreactor02,2026-06-02T18:38:31.987Z,0.019948457153,2026-06-03 00:23:31.987,0.884722222222
LED experiment,pioreactor02,2026-06-02T18:38:36.988Z,0.019773675608,2026-06-03 00:23:36.988,0.886111111111
LED experiment,pioreactor02,2026-06-02T18:38:41.988Z,0.019435641191,2026-06-03 00:23:41.988,0.8875
LED experiment,pioreactor02,2026-06-02T18:38:51.986Z,0.01965119718,2026-06-03 00:23:51.986,0.890277777778
LED experiment,pioreactor02,2026-06-02T18:38:56.989Z,0.019725645864,2026-06-03 00:23:56.989,0.891666666667
LED experiment,pioreactor02,2026-06-02T18:39:01.987Z,0.019680459864,2026-06-03 00:24:01.987,0.893055555556
LED experiment,pioreactor02,2026-06-02T18:39:06.989Z,0.019284638714,2026-06-03 00:24:06.989,0.894444444444
LED experiment,pioreactor02,2026-06-02T18:39:11.987Z,0.018903612987,2026-06-03 00:24:11.987,0.895833333333
LED experiment,pioreactor02,2026-06-02T18:39:16.987Z,0.018838154831,2026-06-03 00:24:16.987,0.897222222222
LED experiment,pioreactor02,2026-06-02T18:39:26.988Z,0.018826796678,2026-06-03 00:24:26.988,0.9
LED experiment,pioreactor02,2026-06-02T18:39:36.989Z,0.018480496296,2026-06-03 00:24:36.989,0.902777777778
LED experiment,pioreactor02,2026-06-02T18:39:41.988Z,0.01848668988,2026-06-03 00:24:41.988,0.904166666667
LED experiment,pioreactor02,2026-06-02T18:39:46.988Z,0.018530180457,2026-06-03 00:24:46.988,0.905555555556
LED experiment,pioreactor02,2026-06-02T18:39:51.992Z,0.018683370729,2026-06-03 00:24:51.992,0.906944444444
LED experiment,pioreactor02,2026-06-02T18:39:56.987Z,0.018900244129,2026-06-03 00:24:56.987,0.908333333333
LED experiment,pioreactor02,2026-06-02T18:40:01.987Z,0.019335483749,2026-06-03 00:25:01.987,0.909722222222
LED experiment,pioreactor02,2026-06-02T18:40:16.987Z,0.019427042969,2026-06-03 00:25:16.987,0.913888888889
LED experiment,pioreactor02,2026-06-02T18:40:21.988Z,0.019843624189,2026-06-03 00:25:21.988,0.915277777778
LED experiment,pioreactor02,2026-06-02T18:40:26.986Z,0.019723024939,2026-06-03 00:25:26.986,0.916666666667
LED experiment,pioreactor02,2026-06-02T18:40:31.988Z,0.019663831069,2026-06-03 00:25:31.988,0.918055555556
LED experiment,pioreactor02,2026-06-02T18:40:41.987Z,0.019655819069,2026-06-03 00:25:41.987,0.920833333333
LED experiment,pioreactor02,2026-06-02T18:40:46.989Z,0.019092130914,2026-06-03 00:25:46.989,0.922222222222
LED experiment,pioreactor02,2026-06-02T18:40:51.988Z,0.018490400324,2026-06-03 00:25:51.988,0.923611111111
LED experiment,pioreactor02,2026-06-02T18:40:56.986Z,0.017830269901,2026-06-03 00:25:56.986,0.925
LED experiment,pioreactor02,2026-06-02T18:41:01.989Z,0.017483587334,2026-06-03 00:26:01.989,0.926388888889
LED experiment,pioreactor02,2026-06-02T18:41:06.987Z,0.017335062822,2026-06-03 00:26:06.987,0.927777777778
LED experiment,pioreactor02,2026-06-02T18:41:11.988Z,0.017126922469,2026-06-03 00:26:11.988,0.929166666667
LED experiment,pioreactor02,2026-06-02T18:41:16.989Z,0.017258185496,2026-06-03 00:26:16.989,0.930555555556
LED experiment,pioreactor02,2026-06-02T18:41:26.988Z,0.017287470717,2026-06-03 00:26:26.988,0.933333333333
LED experiment,pioreactor02,2026-06-02T18:41:31.989Z,0.017437199057,2026-06-03 00:26:31.989,0.934722222222
LED experiment,pioreactor02,2026-06-02T18:41:36.987Z,0.017691186601,2026-06-03 00:26:36.987,0.936111111111
LED experiment,pioreactor02,2026-06-02T18:41:41.987Z,0.017642800622,2026-06-03 00:26:41.987,0.9375
LED experiment,pioreactor02,2026-06-02T18:41:46.988Z,0.017739057332,2026-06-03 00:26:46.988,0.938888888889
LED experiment,pioreactor02,2026-06-02T18:41:51.989Z,0.017508783716,2026-06-03 00:26:51.989,0.940277777778
LED experiment,pioreactor02,2026-06-02T18:42:01.988Z,0.017370912321,2026-06-03 00:27:01.988,0.943055555556
LED experiment,pioreactor02,2026-06-02T18:42:11.988Z,0.017485061692,2026-06-03 00:27:11.988,0.945833333333
LED experiment,pioreactor02,2026-06-02T18:42:21.989Z,0.017371954951,2026-06-03 00:27:21.989,0.948611111111
LED experiment,pioreactor02,2026-06-02T18:42:26.988Z,0.017117984094,2026-06-03 00:27:26.988,0.95
LED experiment,pioreactor02,2026-06-02T18:42:31.987Z,0.016720119497,2026-06-03 00:27:31.987,0.951388888889
LED experiment,pioreactor02,2026-06-02T18:42:36.988Z,0.016803409913,2026-06-03 00:27:36.988,0.952777777778
LED experiment,pioreactor02,2026-06-02T18:42:41.988Z,0.017049526078,2026-06-03 00:27:41.988,0.954166666667
LED experiment,pioreactor02,2026-06-02T18:42:46.988Z,0.017660858316,2026-06-03 00:27:46.988,0.955555555556
LED experiment,pioreactor02,2026-06-02T18:42:56.987Z,0.018225210762,2026-06-03 00:27:56.987,0.958333333333
LED experiment,pioreactor02,2026-06-02T18:43:01.988Z,0.018719110173,2026-06-03 00:28:01.988,0.959722222222
LED experiment,pioreactor02,2026-06-02T18:43:06.988Z,0.019102594233,2026-06-03 00:28:06.988,0.961111111111
LED experiment,pioreactor02,2026-06-02T18:43:16.988Z,0.01933300512,2026-06-03 00:28:16.988,0.963888888889
LED experiment,pioreactor02,2026-06-02T18:43:26.989Z,0.019662215991,2026-06-03 00:28:26.989,0.966666666667
LED experiment,pioreactor02,2026-06-02T18:43:31.988Z,0.019973458602,2026-06-03 00:28:31.988,0.968055555556
LED experiment,pioreactor02,2026-06-02T18:43:36.988Z,0.020224614458,2026-06-03 00:28:36.988,0.969444444444
LED experiment,pioreactor02,2026-06-02T18:43:41.988Z,0.020431986134,2026-06-03 00:28:41.988,0.970833333333
LED experiment,pioreactor02,2026-06-02T18:43:46.989Z,0.020653092453,2026-06-03 00:28:46.989,0.972222222222
LED experiment,pioreactor02,2026-06-02T18:43:51.988Z,0.020853717906,2026-06-03 00:28:51.988,0.973611111111
LED experiment,pioreactor02,2026-06-02T18:43:56.989Z,0.021029503935,2026-06-03 00:28:56.989,0.975
LED experiment,pioreactor02,2026-06-02T18:44:01.989Z,0.021227206058,2026-06-03 00:29:01.989,0.976388888889
LED experiment,pioreactor02,2026-06-02T18:44:06.988Z,0.021438716195,2026-06-03 00:29:06.988,0.977777777778
LED experiment,pioreactor02,2026-06-02T18:44:11.986Z,0.021603811957,2026-06-03 00:29:11.986,0.979166666667
LED experiment,pioreactor02,2026-06-02T18:44:16.988Z,0.02177651579,2026-06-03 00:29:16.988,0.980555555556
LED experiment,pioreactor02,2026-06-02T18:44:21.989Z,0.021935982955,2026-06-03 00:29:21.989,0.981944444444
LED experiment,pioreactor02,2026-06-02T18:44:31.987Z,0.02209702196,2026-06-03 00:29:31.987,0.984722222222
LED experiment,pioreactor02,2026-06-02T18:44:36.987Z,0.02224519943,2026-06-03 00:29:36.987,0.986111111111
LED experiment,pioreactor02,2026-06-02T18:44:41.988Z,0.022375003775,2026-06-03 00:29:41.988,0.9875
LED experiment,pioreactor02,2026-06-02T18:44:46.988Z,0.022486878631,2026-06-03 00:29:46.988,0.988888888889
LED experiment,pioreactor02,2026-06-02T18:44:51.987Z,0.022616398438,2026-06-03 00:29:51.987,0.990277777778
LED experiment,pioreactor02,2026-06-02T18:44:56.986Z,0.022720191196,2026-06-03 00:29:56.986,0.991666666667
LED experiment,pioreactor02,2026-06-02T18:45:06.987Z,0.022840285273,2026-06-03 00:30:06.987,0.994444444444
LED experiment,pioreactor02,2026-06-02T18:45:11.987Z,0.02296402451,2026-06-03 00:30:11.987,0.995833333333
LED experiment,pioreactor02,2026-06-02T18:45:16.988Z,0.023063299251,2026-06-03 00:30:16.988,0.997222222222
LED experiment,pioreactor02,2026-06-02T18:45:21.987Z,0.023198476658,2026-06-03 00:30:21.987,0.998611111111
LED experiment,pioreactor02,2026-06-02T18:45:26.987Z,0.023358678834,2026-06-03 00:30:26.987,1.0
LED experiment,pioreactor02,2026-06-02T18:45:31.987Z,0.023481393601,2026-06-03 00:30:31.987,1.001388888889
LED experiment,pioreactor02,2026-06-02T18:45:41.989Z,0.023618994536,2026-06-03 00:30:41.989,1.004166666667
LED experiment,pioreactor02,2026-06-02T18:45:46.987Z,0.0237497747,2026-06-03 00:30:46.987,1.005555555556
LED experiment,pioreactor02,2026-06-02T18:45:51.988Z,0.023880342294,2026-06-03 00:30:51.988,1.006944444444
LED experiment,pioreactor02,2026-06-02T18:45:56.988Z,0.024020162198,2026-06-03 00:30:56.988,1.008333333333
LED experiment,pioreactor02,2026-06-02T18:46:01.988Z,0.024100311456,2026-06-03 00:31:01.988,1.009722222222
LED experiment,pioreactor02,2026-06-02T18:46:06.988Z,0.024201219818,2026-06-03 00:31:06.988,1.011111111111
LED experiment,pioreactor02,2026-06-02T18:46:11.986Z,0.02434613681,2026-06-03 00:31:11.986,1.0125
LED experiment,pioreactor02,2026-06-02T18:46:16.988Z,0.024516395573,2026-06-03 00:31:16.988,1.013888888889
LED experiment,pioreactor02,2026-06-02T18:46:21.989Z,0.024650175849,2026-06-03 00:31:21.989,1.015277777778
LED experiment,pioreactor02,2026-06-02T18:46:26.987Z,0.024745461793,2026-06-03 00:31:26.987,1.016666666667
LED experiment,pioreactor02,2026-06-02T18:46:31.990Z,0.02485822433,2026-06-03 00:31:31.990,1.018055555556
LED experiment,pioreactor02,2026-06-02T18:46:36.987Z,0.024962282802,2026-06-03 00:31:36.987,1.019444444444
LED experiment,pioreactor02,2026-06-02T18:46:41.987Z,0.025046726788,2026-06-03 00:31:41.987,1.020833333333
LED experiment,pioreactor02,2026-06-02T18:46:51.987Z,0.025046726788,2026-06-03 00:31:51.987,1.023611111111
LED experiment,pioreactor02,2026-06-02T18:46:56.988Z,0.025046726788,2026-06-03 00:31:56.988,1.025
LED experiment,pioreactor02,2026-06-02T18:47:01.988Z,0.025046726788,2026-06-03 00:32:01.988,1.026388888889
LED experiment,pioreactor02,2026-06-02T18:47:06.986Z,0.025046726788,2026-06-03 00:32:06.986,1.027777777778
LED experiment,pioreactor02,2026-06-02T18:47:16.991Z,0.025046726788,2026-06-03 00:32:16.991,1.030555555556
LED experiment,pioreactor02,2026-06-02T18:47:21.987Z,0.025046726788,2026-06-03 00:32:21.987,1.031944444444
LED experiment,pioreactor02,2026-06-02T18:47:26.990Z,0.025046726788,2026-06-03 00:32:26.990,1.033333333333
LED experiment,pioreactor02,2026-06-02T18:47:31.992Z,0.025046726788,2026-06-03 00:32:31.992,1.034722222222
LED experiment,pioreactor02,2026-06-02T18:47:36.987Z,0.025046865647,2026-06-03 00:32:36.987,1.036111111111
LED experiment,pioreactor02,2026-06-02T18:47:41.988Z,0.025046768011,2026-06-03 00:32:41.988,1.0375
LED experiment,pioreactor02,2026-06-02T18:47:51.987Z,0.025048143819,2026-06-03 00:32:51.987,1.040277777778
LED experiment,pioreactor02,2026-06-02T18:47:56.988Z,0.025049502358,2026-06-03 00:32:56.988,1.041666666667
LED experiment,pioreactor02,2026-06-02T18:48:06.988Z,0.0250497603,2026-06-03 00:33:06.988,1.044444444444
LED experiment,pioreactor02,2026-06-02T18:48:11.990Z,0.025050979565,2026-06-03 00:33:11.990,1.045833333333
LED experiment,pioreactor02,2026-06-02T18:48:16.988Z,0.025052915986,2026-06-03 00:33:16.988,1.047222222222
LED experiment,pioreactor02,2026-06-02T18:48:26.991Z,0.02505535706,2026-06-03 00:33:26.991,1.05
LED experiment,pioreactor02,2026-06-02T18:48:31.991Z,0.02505976499,2026-06-03 00:33:31.991,1.051388888889
LED experiment,pioreactor02,2026-06-02T18:48:36.988Z,0.02505973554,2026-06-03 00:33:36.988,1.052777777778
LED experiment,pioreactor02,2026-06-02T18:48:41.988Z,0.025062695189,2026-06-03 00:33:41.988,1.054166666667
LED experiment,pioreactor02,2026-06-02T18:48:46.989Z,0.025060315363,2026-06-03 00:33:46.989,1.055555555556
LED experiment,pioreactor02,2026-06-02T18:48:51.988Z,0.02505560329,2026-06-03 00:33:51.988,1.056944444444
LED experiment,pioreactor02,2026-06-02T18:49:06.988Z,0.025056354306,2026-06-03 00:34:06.988,1.061111111111
LED experiment,pioreactor02,2026-06-02T18:49:16.987Z,0.025058203558,2026-06-03 00:34:16.987,1.063888888889
LED experiment,pioreactor02,2026-06-02T18:49:21.988Z,0.025063663633,2026-06-03 00:34:21.988,1.065277777778
LED experiment,pioreactor02,2026-06-02T18:49:26.988Z,0.025071591528,2026-06-03 00:34:26.988,1.066666666667
LED experiment,pioreactor02,2026-06-02T18:49:31.988Z,0.025073271289,2026-06-03 00:34:31.988,1.068055555556
LED experiment,pioreactor02,2026-06-02T18:49:36.989Z,0.025083897046,2026-06-03 00:34:36.989,1.069444444444
LED experiment,pioreactor02,2026-06-02T18:49:41.986Z,0.025093796656,2026-06-03 00:34:41.986,1.070833333333
LED experiment,pioreactor02,2026-06-02T18:49:46.989Z,0.025089415875,2026-06-03 00:34:46.989,1.072222222222
LED experiment,pioreactor02,2026-06-02T18:49:51.988Z,0.025081881352,2026-06-03 00:34:51.988,1.073611111111
LED experiment,pioreactor02,2026-06-02T18:49:56.991Z,0.025089456957,2026-06-03 00:34:56.991,1.075
LED experiment,pioreactor02,2026-06-02T18:50:11.989Z,0.025100026056,2026-06-03 00:35:11.989,1.079166666667
LED experiment,pioreactor02,2026-06-02T18:50:16.988Z,0.025075022154,2026-06-03 00:35:16.988,1.080555555556
LED experiment,pioreactor02,2026-06-02T18:50:21.988Z,0.025071392095,2026-06-03 00:35:21.988,1.081944444444
LED experiment,pioreactor02,2026-06-02T18:50:26.988Z,0.025084946323,2026-06-03 00:35:26.988,1.083333333333
LED experiment,pioreactor02,2026-06-02T18:50:31.987Z,0.025107032474,2026-06-03 00:35:31.987,1.084722222222
LED experiment,pioreactor02,2026-06-02T18:50:41.987Z,0.025127864668,2026-06-03 00:35:41.987,1.0875
LED experiment,pioreactor02,2026-06-02T18:50:46.989Z,0.025184035681,2026-06-03 00:35:46.989,1.088888888889
LED experiment,pioreactor02,2026-06-02T18:50:51.987Z,0.02525842147,2026-06-03 00:35:51.987,1.090277777778
LED experiment,pioreactor02,2026-06-02T18:51:01.988Z,0.025278811655,2026-06-03 00:36:01.988,1.093055555556
LED experiment,pioreactor02,2026-06-02T18:51:06.987Z,0.025328178238,2026-06-03 00:36:06.987,1.094444444444
LED experiment,pioreactor02,2026-06-02T18:51:11.988Z,0.025378316359,2026-06-03 00:36:11.988,1.095833333333
LED experiment,pioreactor02,2026-06-02T18:51:16.987Z,0.025421303803,2026-06-03 00:36:16.987,1.097222222222
LED experiment,pioreactor02,2026-06-02T18:51:21.987Z,0.025467966444,2026-06-03 00:36:21.987,1.098611111111
LED experiment,pioreactor02,2026-06-02T18:51:31.986Z,0.025470738475,2026-06-03 00:36:31.986,1.101388888889
LED experiment,pioreactor02,2026-06-02T18:51:36.987Z,0.025535663126,2026-06-03 00:36:36.987,1.102777777778
LED experiment,pioreactor02,2026-06-02T18:51:51.988Z,0.025577034229,2026-06-03 00:36:51.988,1.106944444444
LED experiment,pioreactor02,2026-06-02T18:51:56.988Z,0.025588862165,2026-06-03 00:36:56.988,1.108333333333
LED experiment,pioreactor02,2026-06-02T18:52:01.989Z,0.025574680779,2026-06-03 00:37:01.989,1.109722222222
LED experiment,pioreactor02,2026-06-02T18:52:06.986Z,0.025572432222,2026-06-03 00:37:06.986,1.111111111111
LED experiment,pioreactor02,2026-06-02T18:52:11.988Z,0.025631440658,2026-06-03 00:37:11.988,1.1125
LED experiment,pioreactor02,2026-06-02T18:52:21.988Z,0.025717726925,2026-06-03 00:37:21.988,1.115277777778
LED experiment,pioreactor02,2026-06-02T18:52:26.987Z,0.02574396896,2026-06-03 00:37:26.987,1.116666666667
LED experiment,pioreactor02,2026-06-02T18:52:31.988Z,0.025760822086,2026-06-03 00:37:31.988,1.118055555556
LED experiment,pioreactor02,2026-06-02T18:52:36.986Z,0.025822015497,2026-06-03 00:37:36.986,1.119444444444
LED experiment,pioreactor02,2026-06-02T18:52:41.988Z,0.025834964796,2026-06-03 00:37:41.988,1.120833333333
LED experiment,pioreactor02,2026-06-02T18:52:46.987Z,0.025874532707,2026-06-03 00:37:46.987,1.122222222222
LED experiment,pioreactor02,2026-06-02T18:52:51.988Z,0.025917375,2026-06-03 00:37:51.988,1.123611111111
LED experiment,pioreactor02,2026-06-02T18:52:56.989Z,0.026036017983,2026-06-03 00:37:56.989,1.125
LED experiment,pioreactor02,2026-06-02T18:53:06.988Z,0.026080069942,2026-06-03 00:38:06.988,1.127777777778
LED experiment,pioreactor02,2026-06-02T18:53:21.989Z,0.02622239535,2026-06-03 00:38:21.989,1.131944444444
LED experiment,pioreactor02,2026-06-02T18:53:31.988Z,0.026381663847,2026-06-03 00:38:31.988,1.134722222222
LED experiment,pioreactor02,2026-06-02T18:53:36.987Z,0.026490824407,2026-06-03 00:38:36.987,1.136111111111
LED experiment,pioreactor02,2026-06-02T18:53:46.986Z,0.026561839632,2026-06-03 00:38:46.986,1.138888888889
LED experiment,pioreactor02,2026-06-02T18:54:01.988Z,0.026647531032,2026-06-03 00:39:01.988,1.143055555556
LED experiment,pioreactor02,2026-06-02T18:54:11.988Z,0.026593470954,2026-06-03 00:39:11.988,1.145833333333
LED experiment,pioreactor02,2026-06-02T18:54:16.987Z,0.026646139389,2026-06-03 00:39:16.987,1.147222222222
LED experiment,pioreactor02,2026-06-02T18:54:21.989Z,0.026720900556,2026-06-03 00:39:21.989,1.148611111111
LED experiment,pioreactor02,2026-06-02T18:54:26.988Z,0.026791934576,2026-06-03 00:39:26.988,1.15
LED experiment,pioreactor02,2026-06-02T18:54:31.988Z,0.02696935195,2026-06-03 00:39:31.988,1.151388888889
LED experiment,pioreactor02,2026-06-02T18:54:36.989Z,0.027113659735,2026-06-03 00:39:36.989,1.152777777778
LED experiment,pioreactor02,2026-06-02T18:54:41.987Z,0.027252838537,2026-06-03 00:39:41.987,1.154166666667
LED experiment,pioreactor02,2026-06-02T18:54:46.988Z,0.02740888405,2026-06-03 00:39:46.988,1.155555555556
LED experiment,pioreactor02,2026-06-02T18:54:51.988Z,0.027570547412,2026-06-03 00:39:51.988,1.156944444444
LED experiment,pioreactor02,2026-06-02T18:55:06.989Z,0.027660347424,2026-06-03 00:40:06.989,1.161111111111
LED experiment,pioreactor02,2026-06-02T18:55:21.988Z,0.027674691164,2026-06-03 00:40:21.988,1.165277777778
LED experiment,pioreactor02,2026-06-02T18:55:26.987Z,0.027802423702,2026-06-03 00:40:26.987,1.166666666667
LED experiment,pioreactor02,2026-06-02T18:55:31.991Z,0.027929697494,2026-06-03 00:40:31.991,1.168055555556
LED experiment,pioreactor02,2026-06-02T18:55:36.988Z,0.027911499837,2026-06-03 00:40:36.988,1.169444444444
LED experiment,pioreactor02,2026-06-02T18:55:41.988Z,0.028051381328,2026-06-03 00:40:41.988,1.170833333333
LED experiment,pioreactor02,2026-06-02T18:55:46.987Z,0.028184158641,2026-06-03 00:40:46.987,1.172222222222
LED experiment,pioreactor02,2026-06-02T18:55:51.989Z,0.02826970887,2026-06-03 00:40:51.989,1.173611111111
LED experiment,pioreactor02,2026-06-02T18:55:56.989Z,0.028364595948,2026-06-03 00:40:56.989,1.175
LED experiment,pioreactor02,2026-06-02T18:56:06.988Z,0.028539574413,2026-06-03 00:41:06.988,1.177777777778
LED experiment,pioreactor02,2026-06-02T18:56:11.987Z,0.028594738891,2026-06-03 00:41:11.987,1.179166666667
LED experiment,pioreactor02,2026-06-02T18:56:16.987Z,0.028766551131,2026-06-03 00:41:16.987,1.180555555556
LED experiment,pioreactor02,2026-06-02T18:56:21.990Z,0.028905645048,2026-06-03 00:41:21.990,1.181944444444
LED experiment,pioreactor02,2026-06-02T18:56:26.986Z,0.029032067141,2026-06-03 00:41:26.986,1.183333333333
LED experiment,pioreactor02,2026-06-02T18:56:31.988Z,0.029026975285,2026-06-03 00:41:31.988,1.184722222222
LED experiment,pioreactor02,2026-06-02T18:56:36.987Z,0.029051717527,2026-06-03 00:41:36.987,1.186111111111
LED experiment,pioreactor02,2026-06-02T18:56:41.987Z,0.02914846791,2026-06-03 00:41:41.987,1.1875
LED experiment,pioreactor02,2026-06-02T18:56:51.987Z,0.029225065276,2026-06-03 00:41:51.987,1.190277777778
LED experiment,pioreactor02,2026-06-02T18:56:56.987Z,0.029427820932,2026-06-03 00:41:56.987,1.191666666667
LED experiment,pioreactor02,2026-06-02T18:57:01.986Z,0.029530446988,2026-06-03 00:42:01.986,1.193055555556
LED experiment,pioreactor02,2026-06-02T18:57:06.986Z,0.029523261542,2026-06-03 00:42:06.986,1.194444444444
LED experiment,pioreactor02,2026-06-02T18:57:11.987Z,0.029469816369,2026-06-03 00:42:11.987,1.195833333333
LED experiment,pioreactor02,2026-06-02T18:57:16.987Z,0.029459882713,2026-06-03 00:42:16.987,1.197222222222
LED experiment,pioreactor02,2026-06-02T18:57:21.987Z,0.029352313766,2026-06-03 00:42:21.987,1.198611111111
LED experiment,pioreactor02,2026-06-02T18:57:26.988Z,0.02947910272,2026-06-03 00:42:26.988,1.2
LED experiment,pioreactor02,2026-06-02T18:57:31.988Z,0.029583876981,2026-06-03 00:42:31.988,1.201388888889
LED experiment,pioreactor02,2026-06-02T18:57:36.988Z,0.02964724272,2026-06-03 00:42:36.988,1.202777777778
LED experiment,pioreactor02,2026-06-02T18:57:41.988Z,0.029696177849,2026-06-03 00:42:41.988,1.204166666667
LED experiment,pioreactor02,2026-06-02T18:57:46.987Z,0.029862723774,2026-06-03 00:42:46.987,1.205555555556
LED experiment,pioreactor02,2026-06-02T18:57:51.987Z,0.029929587328,2026-06-03 00:42:51.987,1.206944444444
LED experiment,pioreactor02,2026-06-02T18:57:56.989Z,0.029953840318,2026-06-03 00:42:56.989,1.208333333333
LED experiment,pioreactor02,2026-06-02T18:58:01.988Z,0.029730711433,2026-06-03 00:43:01.988,1.209722222222
LED experiment,pioreactor02,2026-06-02T18:58:06.987Z,0.029522697319,2026-06-03 00:43:06.987,1.211111111111
LED experiment,pioreactor02,2026-06-02T18:58:11.989Z,0.029198089375,2026-06-03 00:43:11.989,1.2125
LED experiment,pioreactor02,2026-06-02T18:58:16.988Z,0.029357328848,2026-06-03 00:43:16.988,1.213888888889
LED experiment,pioreactor02,2026-06-02T18:58:26.988Z,0.029360615963,2026-06-03 00:43:26.988,1.216666666667
LED experiment,pioreactor02,2026-06-02T18:58:31.987Z,0.029150393349,2026-06-03 00:43:31.987,1.218055555556
LED experiment,pioreactor02,2026-06-02T18:58:36.987Z,0.029150401271,2026-06-03 00:43:36.987,1.219444444444
LED experiment,pioreactor02,2026-06-02T18:58:46.987Z,0.029578016587,2026-06-03 00:43:46.987,1.222222222222
LED experiment,pioreactor02,2026-06-02T18:58:51.986Z,0.02988729933,2026-06-03 00:43:51.986,1.223611111111
LED experiment,pioreactor02,2026-06-02T18:58:56.989Z,0.030235331655,2026-06-03 00:43:56.989,1.225
LED experiment,pioreactor02,2026-06-02T18:59:06.987Z,0.030720975217,2026-06-03 00:44:06.987,1.227777777778
LED experiment,pioreactor02,2026-06-02T18:59:11.988Z,0.031050430951,2026-06-03 00:44:11.988,1.229166666667
LED experiment,pioreactor02,2026-06-02T18:59:16.988Z,0.031184822223,2026-06-03 00:44:16.988,1.230555555556
LED experiment,pioreactor02,2026-06-02T18:59:31.990Z,0.030995402992,2026-06-03 00:44:31.990,1.234722222222
LED experiment,pioreactor02,2026-06-02T18:59:36.987Z,0.031299112745,2026-06-03 00:44:36.987,1.236111111111
LED experiment,pioreactor02,2026-06-02T18:59:46.989Z,0.031175287353,2026-06-03 00:44:46.989,1.238888888889
LED experiment,pioreactor02,2026-06-02T18:59:51.988Z,0.031222354002,2026-06-03 00:44:51.988,1.240277777778
LED experiment,pioreactor02,2026-06-02T18:59:56.991Z,0.031311334907,2026-06-03 00:44:56.991,1.241666666667
LED experiment,pioreactor02,2026-06-02T19:00:01.990Z,0.031303119989,2026-06-03 00:45:01.990,1.243055555556
LED experiment,pioreactor02,2026-06-02T19:00:06.989Z,0.031432653787,2026-06-03 00:45:06.989,1.244444444444
LED experiment,pioreactor02,2026-06-02T19:00:11.986Z,0.031872976888,2026-06-03 00:45:11.986,1.245833333333
LED experiment,pioreactor02,2026-06-02T19:00:16.988Z,0.032353280284,2026-06-03 00:45:16.988,1.247222222222
LED experiment,pioreactor02,2026-06-02T19:00:21.989Z,0.032740598631,2026-06-03 00:45:21.989,1.248611111111
LED experiment,pioreactor02,2026-06-02T19:00:26.986Z,0.033096788985,2026-06-03 00:45:26.986,1.25
LED experiment,pioreactor02,2026-06-02T19:00:31.987Z,0.033257904502,2026-06-03 00:45:31.987,1.251388888889
LED experiment,pioreactor02,2026-06-02T19:00:36.987Z,0.033360703134,2026-06-03 00:45:36.987,1.252777777778
LED experiment,pioreactor02,2026-06-02T19:00:41.988Z,0.033423393696,2026-06-03 00:45:41.988,1.254166666667
LED experiment,pioreactor02,2026-06-02T19:00:46.988Z,0.033472200175,2026-06-03 00:45:46.988,1.255555555556
LED experiment,pioreactor02,2026-06-02T19:00:51.991Z,0.033571161768,2026-06-03 00:45:51.991,1.256944444444
LED experiment,pioreactor02,2026-06-02T19:00:56.988Z,0.03368893574,2026-06-03 00:45:56.988,1.258333333333
LED experiment,pioreactor02,2026-06-02T19:01:01.987Z,0.034155003068,2026-06-03 00:46:01.987,1.259722222222
LED experiment,pioreactor02,2026-06-02T19:01:06.989Z,0.034484024176,2026-06-03 00:46:06.989,1.261111111111
LED experiment,pioreactor02,2026-06-02T19:01:11.986Z,0.034913602808,2026-06-03 00:46:11.986,1.2625
LED experiment,pioreactor02,2026-06-02T19:01:16.986Z,0.035098241765,2026-06-03 00:46:16.986,1.263888888889
LED experiment,pioreactor02,2026-06-02T19:01:21.988Z,0.034986003666,2026-06-03 00:46:21.988,1.265277777778
LED experiment,pioreactor02,2026-06-02T19:01:26.987Z,0.034968353846,2026-06-03 00:46:26.987,1.266666666667
LED experiment,pioreactor02,2026-06-02T19:01:31.988Z,0.034521701008,2026-06-03 00:46:31.988,1.268055555556
LED experiment,pioreactor02,2026-06-02T19:01:36.990Z,0.034193430279,2026-06-03 00:46:36.990,1.269444444444
LED experiment,pioreactor02,2026-06-02T19:01:41.989Z,0.033946001164,2026-06-03 00:46:41.989,1.270833333333
LED experiment,pioreactor02,2026-06-02T19:01:46.989Z,0.033871864098,2026-06-03 00:46:46.989,1.272222222222
LED experiment,pioreactor02,2026-06-02T19:01:56.987Z,0.034016875273,2026-06-03 00:46:56.987,1.275
LED experiment,pioreactor02,2026-06-02T19:02:01.990Z,0.034214648185,2026-06-03 00:47:01.990,1.276388888889
LED experiment,pioreactor02,2026-06-02T19:02:06.987Z,0.034606943476,2026-06-03 00:47:06.987,1.277777777778
LED experiment,pioreactor02,2026-06-02T19:02:11.986Z,0.034943318677,2026-06-03 00:47:11.986,1.279166666667
LED experiment,pioreactor02,2026-06-02T19:02:16.988Z,0.035249471014,2026-06-03 00:47:16.988,1.280555555556
LED experiment,pioreactor02,2026-06-02T19:02:31.988Z,0.035517015249,2026-06-03 00:47:31.988,1.284722222222
LED experiment,pioreactor02,2026-06-02T19:02:41.987Z,0.035921079466,2026-06-03 00:47:41.987,1.2875
LED experiment,pioreactor02,2026-06-02T19:02:51.989Z,0.036358258078,2026-06-03 00:47:51.989,1.290277777778
LED experiment,pioreactor02,2026-06-02T19:02:56.986Z,0.036356028454,2026-06-03 00:47:56.986,1.291666666667
LED experiment,pioreactor02,2026-06-02T19:03:01.988Z,0.036451599756,2026-06-03 00:48:01.988,1.293055555556
LED experiment,pioreactor02,2026-06-02T19:03:16.988Z,0.036894005786,2026-06-03 00:48:16.988,1.297222222222
LED experiment,pioreactor02,2026-06-02T19:03:21.988Z,0.036827924117,2026-06-03 00:48:21.988,1.298611111111
LED experiment,pioreactor02,2026-06-02T19:03:26.990Z,0.037423761961,2026-06-03 00:48:26.990,1.3
LED experiment,pioreactor02,2026-06-02T19:03:41.987Z,0.037959489901,2026-06-03 00:48:41.987,1.304166666667
LED experiment,pioreactor02,2026-06-02T19:03:46.988Z,0.038346440707,2026-06-03 00:48:46.988,1.305555555556
LED experiment,pioreactor02,2026-06-02T19:03:51.990Z,0.038513558027,2026-06-03 00:48:51.990,1.306944444444
LED experiment,pioreactor02,2026-06-02T19:03:56.988Z,0.038900826884,2026-06-03 00:48:56.988,1.308333333333
LED experiment,pioreactor02,2026-06-02T19:04:06.989Z,0.03908494657,2026-06-03 00:49:06.989,1.311111111111
LED experiment,pioreactor02,2026-06-02T19:04:11.988Z,0.039104859512,2026-06-03 00:49:11.988,1.3125
LED experiment,pioreactor02,2026-06-02T19:04:16.988Z,0.038975062585,2026-06-03 00:49:16.988,1.313888888889
LED experiment,pioreactor02,2026-06-02T19:04:21.987Z,0.038729313317,2026-06-03 00:49:21.987,1.315277777778
LED experiment,pioreactor02,2026-06-02T19:04:26.989Z,0.039323252927,2026-06-03 00:49:26.989,1.316666666667
LED experiment,pioreactor02,2026-06-02T19:04:31.989Z,0.039653829495,2026-06-03 00:49:31.989,1.318055555556
LED experiment,pioreactor02,2026-06-02T19:04:36.990Z,0.039776741468,2026-06-03 00:49:36.990,1.319444444444
LED experiment,pioreactor02,2026-06-02T19:04:41.989Z,0.039840995087,2026-06-03 00:49:41.989,1.320833333333
LED experiment,pioreactor02,2026-06-02T19:04:46.986Z,0.039848179663,2026-06-03 00:49:46.986,1.322222222222
LED experiment,pioreactor02,2026-06-02T19:04:51.989Z,0.039793804078,2026-06-03 00:49:51.989,1.323611111111
LED experiment,pioreactor02,2026-06-02T19:04:56.988Z,0.039833653477,2026-06-03 00:49:56.988,1.325
LED experiment,pioreactor02,2026-06-02T19:05:01.988Z,0.039983377264,2026-06-03 00:50:01.988,1.326388888889
LED experiment,pioreactor02,2026-06-02T19:05:06.988Z,0.040089810046,2026-06-03 00:50:06.988,1.327777777778
LED experiment,pioreactor02,2026-06-02T19:05:11.988Z,0.040068115254,2026-06-03 00:50:11.988,1.329166666667
LED experiment,pioreactor02,2026-06-02T19:05:16.988Z,0.040079859141,2026-06-03 00:50:16.988,1.330555555556
LED experiment,pioreactor02,2026-06-02T19:05:21.986Z,0.039850902891,2026-06-03 00:50:21.986,1.331944444444
LED experiment,pioreactor02,2026-06-02T19:05:26.987Z,0.039910050119,2026-06-03 00:50:26.987,1.333333333333
LED experiment,pioreactor02,2026-06-02T19:05:31.988Z,0.039775367155,2026-06-03 00:50:31.988,1.334722222222
LED experiment,pioreactor02,2026-06-02T19:05:36.989Z,0.039699358911,2026-06-03 00:50:36.989,1.336111111111
LED experiment,pioreactor02,2026-06-02T19:05:46.987Z,0.039478448532,2026-06-03 00:50:46.987,1.338888888889
LED experiment,pioreactor02,2026-06-02T19:05:51.989Z,0.03969141417,2026-06-03 00:50:51.989,1.340277777778
LED experiment,pioreactor02,2026-06-02T19:05:56.988Z,0.039550255002,2026-06-03 00:50:56.988,1.341666666667
LED experiment,pioreactor02,2026-06-02T19:06:01.987Z,0.03938997155,2026-06-03 00:51:01.987,1.343055555556
LED experiment,pioreactor02,2026-06-02T19:06:06.987Z,0.039316987659,2026-06-03 00:51:06.987,1.344444444444
LED experiment,pioreactor02,2026-06-02T19:06:11.991Z,0.039215271635,2026-06-03 00:51:11.991,1.345833333333
LED experiment,pioreactor02,2026-06-02T19:06:16.988Z,0.039502233381,2026-06-03 00:51:16.988,1.347222222222
LED experiment,pioreactor02,2026-06-02T19:06:21.990Z,0.039654138105,2026-06-03 00:51:21.990,1.348611111111
LED experiment,pioreactor02,2026-06-02T19:06:26.988Z,0.039451579301,2026-06-03 00:51:26.988,1.35
LED experiment,pioreactor02,2026-06-02T19:06:31.987Z,0.040000697075,2026-06-03 00:51:31.987,1.351388888889
LED experiment,pioreactor02,2026-06-02T19:06:36.989Z,0.040515059012,2026-06-03 00:51:36.989,1.352777777778
LED experiment,pioreactor02,2026-06-02T19:06:41.988Z,0.040730785132,2026-06-03 00:51:41.988,1.354166666667
LED experiment,pioreactor02,2026-06-02T19:06:51.990Z,0.041430839408,2026-06-03 00:51:51.990,1.356944444444
LED experiment,pioreactor02,2026-06-02T19:06:56.986Z,0.041811291002,2026-06-03 00:51:56.986,1.358333333333
LED experiment,pioreactor02,2026-06-02T19:07:01.987Z,0.042076859633,2026-06-03 00:52:01.987,1.359722222222
LED experiment,pioreactor02,2026-06-02T19:07:06.988Z,0.042306241054,2026-06-03 00:52:06.988,1.361111111111
LED experiment,pioreactor02,2026-06-02T19:07:11.988Z,0.042645596262,2026-06-03 00:52:11.988,1.3625
LED experiment,pioreactor02,2026-06-02T19:07:16.987Z,0.043045183534,2026-06-03 00:52:16.987,1.363888888889
LED experiment,pioreactor02,2026-06-02T19:07:21.987Z,0.043395856778,2026-06-03 00:52:21.987,1.365277777778
LED experiment,pioreactor02,2026-06-02T19:07:26.990Z,0.043633462498,2026-06-03 00:52:26.990,1.366666666667
LED experiment,pioreactor02,2026-06-02T19:07:36.988Z,0.043664869341,2026-06-03 00:52:36.988,1.369444444444
LED experiment,pioreactor02,2026-06-02T19:07:41.987Z,0.043784691535,2026-06-03 00:52:41.987,1.370833333333
LED experiment,pioreactor02,2026-06-02T19:07:46.988Z,0.043963045057,2026-06-03 00:52:46.988,1.372222222222
LED experiment,pioreactor02,2026-06-02T19:07:51.987Z,0.044011237261,2026-06-03 00:52:51.987,1.373611111111
LED experiment,pioreactor02,2026-06-02T19:07:56.988Z,0.04413414888,2026-06-03 00:52:56.988,1.375
LED experiment,pioreactor02,2026-06-02T19:08:01.988Z,0.043998847823,2026-06-03 00:53:01.988,1.376388888889
LED experiment,pioreactor02,2026-06-02T19:08:06.988Z,0.043759207544,2026-06-03 00:53:06.988,1.377777777778
LED experiment,pioreactor02,2026-06-02T19:08:11.988Z,0.043851842114,2026-06-03 00:53:11.988,1.379166666667
LED experiment,pioreactor02,2026-06-02T19:08:16.988Z,0.044064553987,2026-06-03 00:53:16.988,1.380555555556
LED experiment,pioreactor02,2026-06-02T19:08:21.986Z,0.044240957798,2026-06-03 00:53:21.986,1.381944444444
LED experiment,pioreactor02,2026-06-02T19:08:26.988Z,0.044667215326,2026-06-03 00:53:26.988,1.383333333333
LED experiment,pioreactor02,2026-06-02T19:08:31.987Z,0.045067097302,2026-06-03 00:53:31.987,1.384722222222
LED experiment,pioreactor02,2026-06-02T19:08:36.988Z,0.045463078557,2026-06-03 00:53:36.988,1.386111111111
LED experiment,pioreactor02,2026-06-02T19:08:41.990Z,0.045568823953,2026-06-03 00:53:41.990,1.3875
LED experiment,pioreactor02,2026-06-02T19:08:46.988Z,0.045835497201,2026-06-03 00:53:46.988,1.388888888889
LED experiment,pioreactor02,2026-06-02T19:08:51.987Z,0.046113798401,2026-06-03 00:53:51.987,1.390277777778
LED experiment,pioreactor02,2026-06-02T19:08:56.989Z,0.04634227956,2026-06-03 00:53:56.989,1.391666666667
LED experiment,pioreactor02,2026-06-02T19:09:06.988Z,0.046547153613,2026-06-03 00:54:06.988,1.394444444444
LED experiment,pioreactor02,2026-06-02T19:09:11.990Z,0.046828314382,2026-06-03 00:54:11.990,1.395833333333
LED experiment,pioreactor02,2026-06-02T19:09:21.986Z,0.047164784479,2026-06-03 00:54:21.986,1.398611111111
LED experiment,pioreactor02,2026-06-02T19:09:26.987Z,0.047274691598,2026-06-03 00:54:26.987,1.4
LED experiment,pioreactor02,2026-06-02T19:09:36.989Z,0.047753574828,2026-06-03 00:54:36.989,1.402777777778
LED experiment,pioreactor02,2026-06-02T19:09:41.989Z,0.048077583725,2026-06-03 00:54:41.989,1.404166666667
LED experiment,pioreactor02,2026-06-02T19:09:51.988Z,0.04833287413,2026-06-03 00:54:51.988,1.406944444444
LED experiment,pioreactor02,2026-06-02T19:09:56.990Z,0.048484096605,2026-06-03 00:54:56.990,1.408333333333
LED experiment,pioreactor02,2026-06-02T19:10:01.988Z,0.04869459504,2026-06-03 00:55:01.988,1.409722222222
LED experiment,pioreactor02,2026-06-02T19:10:06.989Z,0.048884255542,2026-06-03 00:55:06.989,1.411111111111
LED experiment,pioreactor02,2026-06-02T19:10:11.988Z,0.049001279663,2026-06-03 00:55:11.988,1.4125
LED experiment,pioreactor02,2026-06-02T19:10:16.990Z,0.049098581105,2026-06-03 00:55:16.990,1.413888888889
LED experiment,pioreactor02,2026-06-02T19:10:21.989Z,0.049214712704,2026-06-03 00:55:21.989,1.415277777778
LED experiment,pioreactor02,2026-06-02T19:10:26.989Z,0.049560965442,2026-06-03 00:55:26.989,1.416666666667
LED experiment,pioreactor02,2026-06-02T19:10:36.987Z,0.049759811226,2026-06-03 00:55:36.987,1.419444444444
LED experiment,pioreactor02,2026-06-02T19:10:41.990Z,0.049804997898,2026-06-03 00:55:41.990,1.420833333333
LED experiment,pioreactor02,2026-06-02T19:10:46.987Z,0.049840082896,2026-06-03 00:55:46.987,1.422222222222
LED experiment,pioreactor02,2026-06-02T19:10:51.988Z,0.049663102558,2026-06-03 00:55:51.988,1.423611111111
LED experiment,pioreactor02,2026-06-02T19:10:56.988Z,0.049686274159,2026-06-03 00:55:56.988,1.425
LED experiment,pioreactor02,2026-06-02T19:11:01.992Z,0.04958638306,2026-06-03 00:56:01.992,1.426388888889
LED experiment,pioreactor02,2026-06-02T19:11:06.987Z,0.049547597648,2026-06-03 00:56:06.987,1.427777777778
LED experiment,pioreactor02,2026-06-02T19:11:11.988Z,0.049458333793,2026-06-03 00:56:11.988,1.429166666667
LED experiment,pioreactor02,2026-06-02T19:11:16.987Z,0.04943495744,2026-06-03 00:56:16.987,1.430555555556
LED experiment,pioreactor02,2026-06-02T19:11:21.990Z,0.049083914423,2026-06-03 00:56:21.990,1.431944444444
LED experiment,pioreactor02,2026-06-02T19:11:26.987Z,0.048791205977,2026-06-03 00:56:26.987,1.433333333333
LED experiment,pioreactor02,2026-06-02T19:11:31.988Z,0.048828275044,2026-06-03 00:56:31.988,1.434722222222
LED experiment,pioreactor02,2026-06-02T19:11:36.992Z,0.048781240202,2026-06-03 00:56:36.992,1.436111111111
LED experiment,pioreactor02,2026-06-02T19:11:41.989Z,0.048550492227,2026-06-03 00:56:41.989,1.4375
LED experiment,pioreactor02,2026-06-02T19:11:46.989Z,0.048423583172,2026-06-03 00:56:46.989,1.438888888889
LED experiment,pioreactor02,2026-06-02T19:11:51.988Z,0.047931059032,2026-06-03 00:56:51.988,1.440277777778
LED experiment,pioreactor02,2026-06-02T19:12:01.988Z,0.047524392184,2026-06-03 00:57:01.988,1.443055555556
LED experiment,pioreactor02,2026-06-02T19:12:06.987Z,0.047053204101,2026-06-03 00:57:06.987,1.444444444444
LED experiment,pioreactor02,2026-06-02T19:12:16.991Z,0.046824727808,2026-06-03 00:57:16.991,1.447222222222
LED experiment,pioreactor02,2026-06-02T19:12:21.987Z,0.046749355146,2026-06-03 00:57:21.987,1.448611111111
LED experiment,pioreactor02,2026-06-02T19:12:26.987Z,0.046665149625,2026-06-03 00:57:26.987,1.45
LED experiment,pioreactor02,2026-06-02T19:12:31.989Z,0.046730512214,2026-06-03 00:57:31.989,1.451388888889
LED experiment,pioreactor02,2026-06-02T19:12:36.988Z,0.046804534173,2026-06-03 00:57:36.988,1.452777777778
LED experiment,pioreactor02,2026-06-02T19:12:41.986Z,0.046587582945,2026-06-03 00:57:41.986,1.454166666667
LED experiment,pioreactor02,2026-06-02T19:12:51.986Z,0.046627000094,2026-06-03 00:57:51.986,1.456944444444
LED experiment,pioreactor02,2026-06-02T19:12:56.988Z,0.046165175172,2026-06-03 00:57:56.988,1.458333333333
LED experiment,pioreactor02,2026-06-02T19:13:01.988Z,0.045952335256,2026-06-03 00:58:01.988,1.459722222222
LED experiment,pioreactor02,2026-06-02T19:13:06.988Z,0.046214040138,2026-06-03 00:58:06.988,1.461111111111
LED experiment,pioreactor02,2026-06-02T19:13:11.987Z,0.04646334597,2026-06-03 00:58:11.987,1.4625
LED experiment,pioreactor02,2026-06-02T19:13:16.994Z,0.046300688542,2026-06-03 00:58:16.994,1.463888888889
LED experiment,pioreactor02,2026-06-02T19:13:21.988Z,0.046390952592,2026-06-03 00:58:21.988,1.465277777778
LED experiment,pioreactor02,2026-06-02T19:13:26.990Z,0.046504417337,2026-06-03 00:58:26.990,1.466666666667
LED experiment,pioreactor02,2026-06-02T19:13:36.988Z,0.046632204489,2026-06-03 00:58:36.988,1.469444444444
LED experiment,pioreactor02,2026-06-02T19:13:46.990Z,0.04690466605,2026-06-03 00:58:46.990,1.472222222222
LED experiment,pioreactor02,2026-06-02T19:13:51.989Z,0.047280400687,2026-06-03 00:58:51.989,1.473611111111
LED experiment,pioreactor02,2026-06-02T19:13:56.988Z,0.047399416472,2026-06-03 00:58:56.988,1.475
LED experiment,pioreactor02,2026-06-02T19:14:01.989Z,0.047216954977,2026-06-03 00:59:01.989,1.476388888889
LED experiment,pioreactor02,2026-06-02T19:14:06.986Z,0.047324865543,2026-06-03 00:59:06.986,1.477777777778
LED experiment,pioreactor02,2026-06-02T19:14:11.989Z,0.04769852583,2026-06-03 00:59:11.989,1.479166666667
LED experiment,pioreactor02,2026-06-02T19:14:16.987Z,0.047938360753,2026-06-03 00:59:16.987,1.480555555556
LED experiment,pioreactor02,2026-06-02T19:14:21.987Z,0.04816218769,2026-06-03 00:59:21.987,1.481944444444
LED experiment,pioreactor02,2026-06-02T19:14:26.989Z,0.048287362992,2026-06-03 00:59:26.989,1.483333333333
LED experiment,pioreactor02,2026-06-02T19:14:31.987Z,0.048480725441,2026-06-03 00:59:31.987,1.484722222222
LED experiment,pioreactor02,2026-06-02T19:14:36.989Z,0.048563249646,2026-06-03 00:59:36.989,1.486111111111
LED experiment,pioreactor02,2026-06-02T19:14:46.987Z,0.048195898107,2026-06-03 00:59:46.987,1.488888888889
LED experiment,pioreactor02,2026-06-02T19:14:51.987Z,0.048029430917,2026-06-03 00:59:51.987,1.490277777778
LED experiment,pioreactor02,2026-06-02T19:15:01.987Z,0.047732254444,2026-06-03 01:00:01.987,1.493055555556
LED experiment,pioreactor02,2026-06-02T19:15:06.988Z,0.047367764314,2026-06-03 01:00:06.988,1.494444444444
LED experiment,pioreactor02,2026-06-02T19:15:11.988Z,0.047082845679,2026-06-03 01:00:11.988,1.495833333333
LED experiment,pioreactor02,2026-06-02T19:15:16.989Z,0.047146378497,2026-06-03 01:00:16.989,1.497222222222
LED experiment,pioreactor02,2026-06-02T19:15:21.986Z,0.047309181057,2026-06-03 01:00:21.986,1.498611111111
LED experiment,pioreactor02,2026-06-02T19:15:26.991Z,0.0473338444,2026-06-03 01:00:26.991,1.5
LED experiment,pioreactor02,2026-06-02T19:15:31.989Z,0.047483094912,2026-06-03 01:00:31.989,1.501388888889
LED experiment,pioreactor02,2026-06-02T19:15:36.987Z,0.047153636261,2026-06-03 01:00:36.987,1.502777777778
LED experiment,pioreactor02,2026-06-02T19:15:41.989Z,0.04691675542,2026-06-03 01:00:41.989,1.504166666667
LED experiment,pioreactor02,2026-06-02T19:15:46.987Z,0.047000945433,2026-06-03 01:00:46.987,1.505555555556
LED experiment,pioreactor02,2026-06-02T19:15:51.988Z,0.04691541324,2026-06-03 01:00:51.988,1.506944444444
LED experiment,pioreactor02,2026-06-02T19:15:56.987Z,0.046806329538,2026-06-03 01:00:56.987,1.508333333333
LED experiment,pioreactor02,2026-06-02T19:16:01.990Z,0.046783366687,2026-06-03 01:01:01.990,1.509722222222
LED experiment,pioreactor02,2026-06-02T19:16:06.988Z,0.046614704432,2026-06-03 01:01:06.988,1.511111111111
LED experiment,pioreactor02,2026-06-02T19:16:11.989Z,0.046628966206,2026-06-03 01:01:11.989,1.5125
LED experiment,pioreactor02,2026-06-02T19:16:16.989Z,0.046327319976,2026-06-03 01:01:16.989,1.513888888889
LED experiment,pioreactor02,2026-06-02T19:16:21.990Z,0.046251195417,2026-06-03 01:01:21.990,1.515277777778
LED experiment,pioreactor02,2026-06-02T19:16:31.989Z,0.046542255434,2026-06-03 01:01:31.989,1.518055555556
LED experiment,pioreactor02,2026-06-02T19:16:36.989Z,0.046745595484,2026-06-03 01:01:36.989,1.519444444444
LED experiment,pioreactor02,2026-06-02T19:16:46.989Z,0.047065195405,2026-06-03 01:01:46.989,1.522222222222
LED experiment,pioreactor02,2026-06-02T19:16:56.987Z,0.047422248655,2026-06-03 01:01:56.987,1.525
LED experiment,pioreactor02,2026-06-02T19:17:01.988Z,0.047374751996,2026-06-03 01:02:01.988,1.526388888889
LED experiment,pioreactor02,2026-06-02T19:17:06.988Z,0.047413781146,2026-06-03 01:02:06.988,1.527777777778
LED experiment,pioreactor02,2026-06-02T19:17:11.988Z,0.047676635068,2026-06-03 01:02:11.988,1.529166666667
LED experiment,pioreactor02,2026-06-02T19:17:26.988Z,0.04823522005,2026-06-03 01:02:26.988,1.533333333333
LED experiment,pioreactor02,2026-06-02T19:17:36.988Z,0.048576465903,2026-06-03 01:02:36.988,1.536111111111
LED experiment,pioreactor02,2026-06-02T19:17:46.989Z,0.048809562729,2026-06-03 01:02:46.989,1.538888888889
LED experiment,pioreactor02,2026-06-02T19:17:51.988Z,0.049296576228,2026-06-03 01:02:51.988,1.540277777778
LED experiment,pioreactor02,2026-06-02T19:17:56.989Z,0.049758254653,2026-06-03 01:02:56.989,1.541666666667
LED experiment,pioreactor02,2026-06-02T19:18:16.988Z,0.050198651367,2026-06-03 01:03:16.988,1.547222222222
LED experiment,pioreactor02,2026-06-02T19:18:21.988Z,0.050538424239,2026-06-03 01:03:21.988,1.548611111111
LED experiment,pioreactor02,2026-06-02T19:18:26.987Z,0.050672774317,2026-06-03 01:03:26.987,1.55
LED experiment,pioreactor02,2026-06-02T19:18:31.988Z,0.050733096611,2026-06-03 01:03:31.988,1.551388888889
LED experiment,pioreactor02,2026-06-02T19:18:36.990Z,0.050727515411,2026-06-03 01:03:36.990,1.552777777778
LED experiment,pioreactor02,2026-06-02T19:18:41.987Z,0.050831460079,2026-06-03 01:03:41.987,1.554166666667
LED experiment,pioreactor02,2026-06-02T19:18:51.987Z,0.050801084357,2026-06-03 01:03:51.987,1.556944444444
LED experiment,pioreactor02,2026-06-02T19:18:56.987Z,0.050757946825,2026-06-03 01:03:56.987,1.558333333333
LED experiment,pioreactor02,2026-06-02T19:19:06.989Z,0.050823475744,2026-06-03 01:04:06.989,1.561111111111
LED experiment,pioreactor02,2026-06-02T19:19:21.988Z,0.050645700222,2026-06-03 01:04:21.988,1.565277777778
LED experiment,pioreactor02,2026-06-02T19:19:26.987Z,0.050510041377,2026-06-03 01:04:26.987,1.566666666667
LED experiment,pioreactor02,2026-06-02T19:19:31.991Z,0.050439172224,2026-06-03 01:04:31.991,1.568055555556
LED experiment,pioreactor02,2026-06-02T19:19:36.989Z,0.050464198327,2026-06-03 01:04:36.989,1.569444444444
LED experiment,pioreactor02,2026-06-02T19:19:51.988Z,0.050189049276,2026-06-03 01:04:51.988,1.573611111111
LED experiment,pioreactor02,2026-06-02T19:19:56.988Z,0.05010818196,2026-06-03 01:04:56.988,1.575
LED experiment,pioreactor02,2026-06-02T19:20:01.988Z,0.050015722851,2026-06-03 01:05:01.988,1.576388888889
LED experiment,pioreactor02,2026-06-02T19:20:06.987Z,0.0498392819,2026-06-03 01:05:06.987,1.577777777778
LED experiment,pioreactor02,2026-06-02T19:20:11.986Z,0.049609014101,2026-06-03 01:05:11.986,1.579166666667
LED experiment,pioreactor02,2026-06-02T19:20:16.987Z,0.049285198051,2026-06-03 01:05:16.987,1.580555555556
LED experiment,pioreactor02,2026-06-02T19:20:26.988Z,0.049150338477,2026-06-03 01:05:26.988,1.583333333333
LED experiment,pioreactor02,2026-06-02T19:20:41.989Z,0.048943449754,2026-06-03 01:05:41.989,1.5875
LED experiment,pioreactor02,2026-06-02T19:20:51.988Z,0.04892751054,2026-06-03 01:05:51.988,1.590277777778
LED experiment,pioreactor02,2026-06-02T19:20:56.987Z,0.048955456496,2026-06-03 01:05:56.987,1.591666666667
LED experiment,pioreactor02,2026-06-02T19:21:01.987Z,0.049041243714,2026-06-03 01:06:01.987,1.593055555556
LED experiment,pioreactor02,2026-06-02T19:21:06.988Z,0.048746498917,2026-06-03 01:06:06.988,1.594444444444
LED experiment,pioreactor02,2026-06-02T19:21:11.987Z,0.048694114284,2026-06-03 01:06:11.987,1.595833333333
LED experiment,pioreactor02,2026-06-02T19:21:16.988Z,0.04867835978,2026-06-03 01:06:16.988,1.597222222222
LED experiment,pioreactor02,2026-06-02T19:21:26.989Z,0.048230794492,2026-06-03 01:06:26.989,1.6
LED experiment,pioreactor02,2026-06-02T19:21:31.986Z,0.048202029142,2026-06-03 01:06:31.986,1.601388888889
LED experiment,pioreactor02,2026-06-02T19:21:41.987Z,0.048098825007,2026-06-03 01:06:41.987,1.604166666667
LED experiment,pioreactor02,2026-06-02T19:21:46.988Z,0.048112542409,2026-06-03 01:06:46.988,1.605555555556
LED experiment,pioreactor02,2026-06-02T19:21:51.987Z,0.048292207227,2026-06-03 01:06:51.987,1.606944444444
LED experiment,pioreactor02,2026-06-02T19:21:56.990Z,0.048539512128,2026-06-03 01:06:56.990,1.608333333333
LED experiment,pioreactor02,2026-06-02T19:22:01.987Z,0.048425643677,2026-06-03 01:07:01.987,1.609722222222
LED experiment,pioreactor02,2026-06-02T19:22:06.986Z,0.048549567786,2026-06-03 01:07:06.986,1.611111111111
LED experiment,pioreactor02,2026-06-02T19:22:16.988Z,0.048480636856,2026-06-03 01:07:16.988,1.613888888889
LED experiment,pioreactor02,2026-06-02T19:22:21.988Z,0.048410798496,2026-06-03 01:07:21.988,1.615277777778
LED experiment,pioreactor02,2026-06-02T19:22:26.988Z,0.048364787022,2026-06-03 01:07:26.988,1.616666666667
LED experiment,pioreactor02,2026-06-02T19:22:31.989Z,0.048149959336,2026-06-03 01:07:31.989,1.618055555556
LED experiment,pioreactor02,2026-06-02T19:22:36.987Z,0.048226622661,2026-06-03 01:07:36.987,1.619444444444
LED experiment,pioreactor02,2026-06-02T19:22:41.987Z,0.048511438251,2026-06-03 01:07:41.987,1.620833333333
LED experiment,pioreactor02,2026-06-02T19:22:46.987Z,0.048692694332,2026-06-03 01:07:46.987,1.622222222222
LED experiment,pioreactor02,2026-06-02T19:22:51.989Z,0.048945358234,2026-06-03 01:07:51.989,1.623611111111
LED experiment,pioreactor02,2026-06-02T19:23:01.988Z,0.049344632706,2026-06-03 01:08:01.988,1.626388888889
LED experiment,pioreactor02,2026-06-02T19:23:06.991Z,0.049602741524,2026-06-03 01:08:06.991,1.627777777778
LED experiment,pioreactor02,2026-06-02T19:23:11.988Z,0.049988333555,2026-06-03 01:08:11.988,1.629166666667
LED experiment,pioreactor02,2026-06-02T19:23:16.987Z,0.050457426717,2026-06-03 01:08:16.987,1.630555555556
LED experiment,pioreactor02,2026-06-02T19:23:21.988Z,0.050776736863,2026-06-03 01:08:21.988,1.631944444444
LED experiment,pioreactor02,2026-06-02T19:23:26.987Z,0.050989185281,2026-06-03 01:08:26.987,1.633333333333
LED experiment,pioreactor02,2026-06-02T19:23:31.987Z,0.051263006462,2026-06-03 01:08:31.987,1.634722222222
LED experiment,pioreactor02,2026-06-02T19:23:36.988Z,0.051633253451,2026-06-03 01:08:36.988,1.636111111111
LED experiment,pioreactor02,2026-06-02T19:23:41.988Z,0.051886873775,2026-06-03 01:08:41.988,1.6375
LED experiment,pioreactor02,2026-06-02T19:23:46.987Z,0.051753127205,2026-06-03 01:08:46.987,1.638888888889
LED experiment,pioreactor02,2026-06-02T19:23:51.988Z,0.051436489766,2026-06-03 01:08:51.988,1.640277777778
LED experiment,pioreactor02,2026-06-02T19:23:56.990Z,0.051102673659,2026-06-03 01:08:56.990,1.641666666667
LED experiment,pioreactor02,2026-06-02T19:24:01.988Z,0.050789145287,2026-06-03 01:09:01.988,1.643055555556
LED experiment,pioreactor02,2026-06-02T19:24:06.991Z,0.050460854852,2026-06-03 01:09:06.991,1.644444444444
LED experiment,pioreactor02,2026-06-02T19:24:11.988Z,0.050180862532,2026-06-03 01:09:11.988,1.645833333333
LED experiment,pioreactor02,2026-06-02T19:24:16.990Z,0.049934993394,2026-06-03 01:09:16.990,1.647222222222
LED experiment,pioreactor02,2026-06-02T19:24:21.988Z,0.049699682045,2026-06-03 01:09:21.988,1.648611111111
LED experiment,pioreactor02,2026-06-02T19:24:26.987Z,0.049487775836,2026-06-03 01:09:26.987,1.65
LED experiment,pioreactor02,2026-06-02T19:24:31.986Z,0.049298445391,2026-06-03 01:09:31.986,1.651388888889
LED experiment,pioreactor02,2026-06-02T19:24:36.986Z,0.049135021035,2026-06-03 01:09:36.986,1.652777777778
LED experiment,pioreactor02,2026-06-02T19:24:41.987Z,0.048980910284,2026-06-03 01:09:41.987,1.654166666667
LED experiment,pioreactor02,2026-06-02T19:24:46.986Z,0.048860942815,2026-06-03 01:09:46.986,1.655555555556
LED experiment,pioreactor02,2026-06-02T19:24:51.987Z,0.048757345852,2026-06-03 01:09:51.987,1.656944444444
LED experiment,pioreactor02,2026-06-02T19:24:56.987Z,0.048665140284,2026-06-03 01:09:56.987,1.658333333333
LED experiment,pioreactor02,2026-06-02T19:25:01.986Z,0.048533905724,2026-06-03 01:10:01.986,1.659722222222
LED experiment,pioreactor02,2026-06-02T19:25:06.989Z,0.048390446517,2026-06-03 01:10:06.989,1.661111111111
LED experiment,pioreactor02,2026-06-02T19:25:11.987Z,0.048293166692,2026-06-03 01:10:11.987,1.6625
LED experiment,pioreactor02,2026-06-02T19:25:16.988Z,0.048183990356,2026-06-03 01:10:16.988,1.663888888889
LED experiment,pioreactor02,2026-06-02T19:25:21.988Z,0.048085704589,2026-06-03 01:10:21.988,1.665277777778
LED experiment,pioreactor02,2026-06-02T19:25:26.988Z,0.047993128256,2026-06-03 01:10:26.988,1.666666666667
LED experiment,pioreactor02,2026-06-02T19:25:31.990Z,0.047919747064,2026-06-03 01:10:31.990,1.668055555556
LED experiment,pioreactor02,2026-06-02T19:25:36.987Z,0.047893383344,2026-06-03 01:10:36.987,1.669444444444
LED experiment,pioreactor02,2026-06-02T19:25:41.987Z,0.047874464209,2026-06-03 01:10:41.987,1.670833333333
LED experiment,pioreactor02,2026-06-02T19:25:46.988Z,0.047908220936,2026-06-03 01:10:46.988,1.672222222222
LED experiment,pioreactor02,2026-06-02T19:25:51.989Z,0.047945500032,2026-06-03 01:10:51.989,1.673611111111
LED experiment,pioreactor02,2026-06-02T19:25:56.990Z,0.047960742474,2026-06-03 01:10:56.990,1.675
LED experiment,pioreactor02,2026-06-02T19:26:01.988Z,0.047986678531,2026-06-03 01:11:01.988,1.676388888889
LED experiment,pioreactor02,2026-06-02T19:26:06.987Z,0.04804157603,2026-06-03 01:11:06.987,1.677777777778
LED experiment,pioreactor02,2026-06-02T19:26:11.988Z,0.048096499103,2026-06-03 01:11:11.988,1.679166666667
LED experiment,pioreactor02,2026-06-02T19:26:16.988Z,0.0481685242,2026-06-03 01:11:16.988,1.680555555556
LED experiment,pioreactor02,2026-06-02T19:26:21.988Z,0.048233519663,2026-06-03 01:11:21.988,1.681944444444
LED experiment,pioreactor02,2026-06-02T19:26:26.990Z,0.048330527626,2026-06-03 01:11:26.990,1.683333333333
LED experiment,pioreactor02,2026-06-02T19:26:31.987Z,0.048384022626,2026-06-03 01:11:31.987,1.684722222222
LED experiment,pioreactor02,2026-06-02T19:26:46.990Z,0.048488007339,2026-06-03 01:11:46.990,1.688888888889
LED experiment,pioreactor02,2026-06-02T19:26:51.990Z,0.048558792223,2026-06-03 01:11:51.990,1.690277777778
LED experiment,pioreactor02,2026-06-02T19:26:56.987Z,0.048632677488,2026-06-03 01:11:56.987,1.691666666667
LED experiment,pioreactor02,2026-06-02T19:27:01.990Z,0.048668673225,2026-06-03 01:12:01.990,1.693055555556
LED experiment,pioreactor02,2026-06-02T19:27:06.988Z,0.048748418544,2026-06-03 01:12:06.988,1.694444444444
LED experiment,pioreactor02,2026-06-02T19:27:11.988Z,0.048820207461,2026-06-03 01:12:11.988,1.695833333333
LED experiment,pioreactor02,2026-06-02T19:27:16.987Z,0.048916801613,2026-06-03 01:12:16.987,1.697222222222
LED experiment,pioreactor02,2026-06-02T19:27:21.989Z,0.049021723251,2026-06-03 01:12:21.989,1.698611111111
LED experiment,pioreactor02,2026-06-02T19:27:26.988Z,0.049088940994,2026-06-03 01:12:26.988,1.7
LED experiment,pioreactor02,2026-06-02T19:27:36.989Z,0.049152584414,2026-06-03 01:12:36.989,1.702777777778
LED experiment,pioreactor02,2026-06-02T19:27:41.986Z,0.049253438441,2026-06-03 01:12:41.986,1.704166666667
LED experiment,pioreactor02,2026-06-02T19:27:46.987Z,0.04937993915,2026-06-03 01:12:46.987,1.705555555556
LED experiment,pioreactor02,2026-06-02T19:27:51.990Z,0.049507870596,2026-06-03 01:12:51.990,1.706944444444
LED experiment,pioreactor02,2026-06-02T19:27:56.988Z,0.049668006034,2026-06-03 01:12:56.988,1.708333333333
LED experiment,pioreactor02,2026-06-02T19:28:06.990Z,0.049776143081,2026-06-03 01:13:06.990,1.711111111111
LED experiment,pioreactor02,2026-06-02T19:28:11.987Z,0.049914876266,2026-06-03 01:13:11.987,1.7125
LED experiment,pioreactor02,2026-06-02T19:28:16.990Z,0.049970139611,2026-06-03 01:13:16.990,1.713888888889
LED experiment,pioreactor02,2026-06-02T19:28:21.990Z,0.050030249526,2026-06-03 01:13:21.990,1.715277777778
LED experiment,pioreactor02,2026-06-02T19:28:26.989Z,0.050162637771,2026-06-03 01:13:26.989,1.716666666667
LED experiment,pioreactor02,2026-06-02T19:28:31.989Z,0.050231780058,2026-06-03 01:13:31.989,1.718055555556
LED experiment,pioreactor02,2026-06-02T19:28:36.988Z,0.050334567286,2026-06-03 01:13:36.988,1.719444444444
LED experiment,pioreactor02,2026-06-02T19:28:41.989Z,0.050458415789,2026-06-03 01:13:41.989,1.720833333333
LED experiment,pioreactor02,2026-06-02T19:28:51.988Z,0.050622253584,2026-06-03 01:13:51.988,1.723611111111
LED experiment,pioreactor02,2026-06-02T19:28:56.989Z,0.050780412749,2026-06-03 01:13:56.989,1.725
LED experiment,pioreactor02,2026-06-02T19:29:01.987Z,0.050855032886,2026-06-03 01:14:01.987,1.726388888889
LED experiment,pioreactor02,2026-06-02T19:29:06.989Z,0.050889202194,2026-06-03 01:14:06.989,1.727777777778
LED experiment,pioreactor02,2026-06-02T19:29:11.987Z,0.050955036216,2026-06-03 01:14:11.987,1.729166666667
LED experiment,pioreactor02,2026-06-02T19:29:16.986Z,0.050980090755,2026-06-03 01:14:16.986,1.730555555556
LED experiment,pioreactor02,2026-06-02T19:29:21.989Z,0.051120999899,2026-06-03 01:14:21.989,1.731944444444
LED experiment,pioreactor02,2026-06-02T19:29:26.987Z,0.051257630042,2026-06-03 01:14:26.987,1.733333333333
LED experiment,pioreactor02,2026-06-02T19:29:31.987Z,0.051264334182,2026-06-03 01:14:31.987,1.734722222222
LED experiment,pioreactor02,2026-06-02T19:29:36.987Z,0.051314851212,2026-06-03 01:14:36.987,1.736111111111
LED experiment,pioreactor02,2026-06-02T19:29:41.988Z,0.051432724169,2026-06-03 01:14:41.988,1.7375
LED experiment,pioreactor02,2026-06-02T19:29:46.988Z,0.051461232249,2026-06-03 01:14:46.988,1.738888888889
LED experiment,pioreactor02,2026-06-02T19:29:51.988Z,0.051520075211,2026-06-03 01:14:51.988,1.740277777778
LED experiment,pioreactor02,2026-06-02T19:29:56.988Z,0.051617380168,2026-06-03 01:14:56.988,1.741666666667
LED experiment,pioreactor02,2026-06-02T19:30:06.988Z,0.051561985409,2026-06-03 01:15:06.988,1.744444444444
LED experiment,pioreactor02,2026-06-02T19:30:11.987Z,0.051575670643,2026-06-03 01:15:11.987,1.745833333333
LED experiment,pioreactor02,2026-06-02T19:30:16.988Z,0.051726883925,2026-06-03 01:15:16.988,1.747222222222
LED experiment,pioreactor02,2026-06-02T19:30:21.988Z,0.051781467378,2026-06-03 01:15:21.988,1.748611111111
LED experiment,pioreactor02,2026-06-02T19:30:26.989Z,0.051790669427,2026-06-03 01:15:26.989,1.75
LED experiment,pioreactor02,2026-06-02T19:30:31.987Z,0.051855844922,2026-06-03 01:15:31.987,1.751388888889
LED experiment,pioreactor02,2026-06-02T19:30:36.988Z,0.052082381286,2026-06-03 01:15:36.988,1.752777777778
LED experiment,pioreactor02,2026-06-02T19:30:41.989Z,0.052389781196,2026-06-03 01:15:41.989,1.754166666667
LED experiment,pioreactor02,2026-06-02T19:30:46.987Z,0.052632102442,2026-06-03 01:15:46.987,1.755555555556
LED experiment,pioreactor02,2026-06-02T19:30:51.987Z,0.052812405885,2026-06-03 01:15:51.987,1.756944444444
LED experiment,pioreactor02,2026-06-02T19:30:56.990Z,0.052989365695,2026-06-03 01:15:56.990,1.758333333333
LED experiment,pioreactor02,2026-06-02T19:31:01.988Z,0.053225380246,2026-06-03 01:16:01.988,1.759722222222
LED experiment,pioreactor02,2026-06-02T19:31:06.989Z,0.053390698344,2026-06-03 01:16:06.989,1.761111111111
LED experiment,pioreactor02,2026-06-02T19:31:11.989Z,0.053526838664,2026-06-03 01:16:11.989,1.7625
LED experiment,pioreactor02,2026-06-02T19:31:16.989Z,0.053739024553,2026-06-03 01:16:16.989,1.763888888889
LED experiment,pioreactor02,2026-06-02T19:31:21.986Z,0.05380524421,2026-06-03 01:16:21.986,1.765277777778
LED experiment,pioreactor02,2026-06-02T19:31:26.990Z,0.054053643912,2026-06-03 01:16:26.990,1.766666666667
LED experiment,pioreactor02,2026-06-02T19:31:31.987Z,0.054323088735,2026-06-03 01:16:31.987,1.768055555556
LED experiment,pioreactor02,2026-06-02T19:31:41.988Z,0.054558533022,2026-06-03 01:16:41.988,1.770833333333
LED experiment,pioreactor02,2026-06-02T19:31:46.987Z,0.054644416001,2026-06-03 01:16:46.987,1.772222222222
LED experiment,pioreactor02,2026-06-02T19:31:51.987Z,0.054758794077,2026-06-03 01:16:51.987,1.773611111111
LED experiment,pioreactor02,2026-06-02T19:31:56.991Z,0.054831848207,2026-06-03 01:16:56.991,1.775
LED experiment,pioreactor02,2026-06-02T19:32:01.987Z,0.05491938757,2026-06-03 01:17:01.987,1.776388888889
LED experiment,pioreactor02,2026-06-02T19:32:06.986Z,0.055091071921,2026-06-03 01:17:06.986,1.777777777778
LED experiment,pioreactor02,2026-06-02T19:32:11.987Z,0.05526109494,2026-06-03 01:17:11.987,1.779166666667
LED experiment,pioreactor02,2026-06-02T19:32:16.988Z,0.055304269926,2026-06-03 01:17:16.988,1.780555555556
LED experiment,pioreactor02,2026-06-02T19:32:21.987Z,0.055406722586,2026-06-03 01:17:21.987,1.781944444444
LED experiment,pioreactor02,2026-06-02T19:32:26.987Z,0.055563794527,2026-06-03 01:17:26.987,1.783333333333
LED experiment,pioreactor02,2026-06-02T19:32:31.989Z,0.055563653875,2026-06-03 01:17:31.989,1.784722222222
LED experiment,pioreactor02,2026-06-02T19:32:36.986Z,0.055556075347,2026-06-03 01:17:36.986,1.786111111111
LED experiment,pioreactor02,2026-06-02T19:32:41.988Z,0.055699171962,2026-06-03 01:17:41.988,1.7875
LED experiment,pioreactor02,2026-06-02T19:32:46.988Z,0.055776081991,2026-06-03 01:17:46.988,1.788888888889
LED experiment,pioreactor02,2026-06-02T19:32:56.987Z,0.055920576156,2026-06-03 01:17:56.987,1.791666666667
LED experiment,pioreactor02,2026-06-02T19:33:01.986Z,0.056115515424,2026-06-03 01:18:01.986,1.793055555556
LED experiment,pioreactor02,2026-06-02T19:33:06.988Z,0.056198343332,2026-06-03 01:18:06.988,1.794444444444
LED experiment,pioreactor02,2026-06-02T19:33:11.988Z,0.056361268709,2026-06-03 01:18:11.988,1.795833333333
LED experiment,pioreactor02,2026-06-02T19:33:16.988Z,0.056534275263,2026-06-03 01:18:16.988,1.797222222222
LED experiment,pioreactor02,2026-06-02T19:33:21.988Z,0.056625690951,2026-06-03 01:18:21.988,1.798611111111
LED experiment,pioreactor02,2026-06-02T19:33:26.988Z,0.056591908057,2026-06-03 01:18:26.988,1.8
LED experiment,pioreactor02,2026-06-02T19:33:31.988Z,0.056687662845,2026-06-03 01:18:31.988,1.801388888889
LED experiment,pioreactor02,2026-06-02T19:33:36.988Z,0.056963651159,2026-06-03 01:18:36.988,1.802777777778
LED experiment,pioreactor02,2026-06-02T19:33:41.987Z,0.057087764714,2026-06-03 01:18:41.987,1.804166666667
LED experiment,pioreactor02,2026-06-02T19:33:46.989Z,0.057304505704,2026-06-03 01:18:46.989,1.805555555556
LED experiment,pioreactor02,2026-06-02T19:33:51.987Z,0.057444055254,2026-06-03 01:18:51.987,1.806944444444
LED experiment,pioreactor02,2026-06-02T19:33:56.989Z,0.057597394494,2026-06-03 01:18:56.989,1.808333333333
LED experiment,pioreactor02,2026-06-02T19:34:01.988Z,0.057741755123,2026-06-03 01:19:01.988,1.809722222222
LED experiment,pioreactor02,2026-06-02T19:34:06.988Z,0.057969466982,2026-06-03 01:19:06.988,1.811111111111
LED experiment,pioreactor02,2026-06-02T19:34:11.986Z,0.058099462125,2026-06-03 01:19:11.986,1.8125
LED experiment,pioreactor02,2026-06-02T19:34:16.989Z,0.058303561234,2026-06-03 01:19:16.989,1.813888888889
LED experiment,pioreactor02,2026-06-02T19:34:21.989Z,0.058323597464,2026-06-03 01:19:21.989,1.815277777778
LED experiment,pioreactor02,2026-06-02T19:34:26.987Z,0.058494080576,2026-06-03 01:19:26.987,1.816666666667
LED experiment,pioreactor02,2026-06-02T19:34:31.988Z,0.058705312792,2026-06-03 01:19:31.988,1.818055555556
LED experiment,pioreactor02,2026-06-02T19:34:36.991Z,0.058914307676,2026-06-03 01:19:36.991,1.819444444444
LED experiment,pioreactor02,2026-06-02T19:34:41.989Z,0.059016216386,2026-06-03 01:19:41.989,1.820833333333
LED experiment,pioreactor02,2026-06-02T19:34:46.987Z,0.058860785365,2026-06-03 01:19:46.987,1.822222222222
LED experiment,pioreactor02,2026-06-02T19:34:51.988Z,0.058852507972,2026-06-03 01:19:51.988,1.823611111111
LED experiment,pioreactor02,2026-06-02T19:34:56.988Z,0.058879449711,2026-06-03 01:19:56.988,1.825
LED experiment,pioreactor02,2026-06-02T19:35:01.989Z,0.058946484302,2026-06-03 01:20:01.989,1.826388888889
LED experiment,pioreactor02,2026-06-02T19:35:06.988Z,0.059218424822,2026-06-03 01:20:06.988,1.827777777778
LED experiment,pioreactor02,2026-06-02T19:35:16.988Z,0.059627613459,2026-06-03 01:20:16.988,1.830555555556
LED experiment,pioreactor02,2026-06-02T19:35:21.988Z,0.059786162816,2026-06-03 01:20:21.988,1.831944444444
LED experiment,pioreactor02,2026-06-02T19:35:26.989Z,0.059975758985,2026-06-03 01:20:26.989,1.833333333333
LED experiment,pioreactor02,2026-06-02T19:35:31.990Z,0.060103616741,2026-06-03 01:20:31.990,1.834722222222
LED experiment,pioreactor02,2026-06-02T19:35:36.989Z,0.060352673693,2026-06-03 01:20:36.989,1.836111111111
LED experiment,pioreactor02,2026-06-02T19:35:41.989Z,0.060646465609,2026-06-03 01:20:41.989,1.8375
LED experiment,pioreactor02,2026-06-02T19:35:51.989Z,0.060631860779,2026-06-03 01:20:51.989,1.840277777778
LED experiment,pioreactor02,2026-06-02T19:35:56.989Z,0.060546137455,2026-06-03 01:20:56.989,1.841666666667
LED experiment,pioreactor02,2026-06-02T19:36:06.987Z,0.060800819517,2026-06-03 01:21:06.987,1.844444444444
LED experiment,pioreactor02,2026-06-02T19:36:11.987Z,0.060845100541,2026-06-03 01:21:11.987,1.845833333333
LED experiment,pioreactor02,2026-06-02T19:36:21.986Z,0.06095622122,2026-06-03 01:21:21.986,1.848611111111
LED experiment,pioreactor02,2026-06-02T19:36:26.987Z,0.060805704336,2026-06-03 01:21:26.987,1.85
LED experiment,pioreactor02,2026-06-02T19:36:31.989Z,0.060863360759,2026-06-03 01:21:31.989,1.851388888889
LED experiment,pioreactor02,2026-06-02T19:36:36.988Z,0.060927219818,2026-06-03 01:21:36.988,1.852777777778
LED experiment,pioreactor02,2026-06-02T19:36:41.987Z,0.061023845572,2026-06-03 01:21:41.987,1.854166666667
LED experiment,pioreactor02,2026-06-02T19:36:51.988Z,0.060959710085,2026-06-03 01:21:51.988,1.856944444444
LED experiment,pioreactor02,2026-06-02T19:36:56.987Z,0.060876985017,2026-06-03 01:21:56.987,1.858333333333
LED experiment,pioreactor02,2026-06-02T19:37:01.987Z,0.060705116918,2026-06-03 01:22:01.987,1.859722222222
LED experiment,pioreactor02,2026-06-02T19:37:11.987Z,0.060603806219,2026-06-03 01:22:11.987,1.8625
LED experiment,pioreactor02,2026-06-02T19:37:26.987Z,0.060359517125,2026-06-03 01:22:26.987,1.866666666667
LED experiment,pioreactor02,2026-06-02T19:37:31.988Z,0.060358977219,2026-06-03 01:22:31.988,1.868055555556
LED experiment,pioreactor02,2026-06-02T19:37:41.988Z,0.060355224143,2026-06-03 01:22:41.988,1.870833333333
LED experiment,pioreactor02,2026-06-02T19:37:46.988Z,0.060462136224,2026-06-03 01:22:46.988,1.872222222222
LED experiment,pioreactor02,2026-06-02T19:37:51.991Z,0.060552739178,2026-06-03 01:22:51.991,1.873611111111
LED experiment,pioreactor02,2026-06-02T19:37:56.988Z,0.060631573425,2026-06-03 01:22:56.988,1.875
LED experiment,pioreactor02,2026-06-02T19:38:06.986Z,0.060233252028,2026-06-03 01:23:06.986,1.877777777778
LED experiment,pioreactor02,2026-06-02T19:38:21.989Z,0.060246831769,2026-06-03 01:23:21.989,1.881944444444
LED experiment,pioreactor02,2026-06-02T19:38:26.991Z,0.060364831526,2026-06-03 01:23:26.991,1.883333333333
LED experiment,pioreactor02,2026-06-02T19:38:31.991Z,0.060253247535,2026-06-03 01:23:31.991,1.884722222222
LED experiment,pioreactor02,2026-06-02T19:38:36.986Z,0.060167792717,2026-06-03 01:23:36.986,1.886111111111
LED experiment,pioreactor02,2026-06-02T19:38:41.987Z,0.060233626743,2026-06-03 01:23:41.987,1.8875
LED experiment,pioreactor02,2026-06-02T19:38:46.989Z,0.060381020904,2026-06-03 01:23:46.989,1.888888888889
LED experiment,pioreactor02,2026-06-02T19:39:01.988Z,0.060588046259,2026-06-03 01:24:01.988,1.893055555556
LED experiment,pioreactor02,2026-06-02T19:39:11.990Z,0.060668306503,2026-06-03 01:24:11.990,1.895833333333
LED experiment,pioreactor02,2026-06-02T19:39:26.988Z,0.060657655799,2026-06-03 01:24:26.988,1.9
LED experiment,pioreactor02,2026-06-02T19:39:36.987Z,0.060789986357,2026-06-03 01:24:36.987,1.902777777778
LED experiment,pioreactor02,2026-06-02T19:39:41.987Z,0.060809759772,2026-06-03 01:24:41.987,1.904166666667
LED experiment,pioreactor02,2026-06-02T19:40:06.988Z,0.060571491608,2026-06-03 01:25:06.988,1.911111111111
LED experiment,pioreactor02,2026-06-02T19:40:11.988Z,0.060578227978,2026-06-03 01:25:11.988,1.9125
LED experiment,pioreactor02,2026-06-02T19:40:16.990Z,0.060392706954,2026-06-03 01:25:16.990,1.913888888889
LED experiment,pioreactor02,2026-06-02T19:40:21.987Z,0.060284176719,2026-06-03 01:25:21.987,1.915277777778
LED experiment,pioreactor02,2026-06-02T19:40:31.987Z,0.060290887543,2026-06-03 01:25:31.987,1.918055555556
LED experiment,pioreactor02,2026-06-02T19:40:46.987Z,0.059719720488,2026-06-03 01:25:46.987,1.922222222222
LED experiment,pioreactor02,2026-06-02T19:40:56.987Z,0.059279798719,2026-06-03 01:25:56.987,1.925
LED experiment,pioreactor02,2026-06-02T19:41:06.988Z,0.059216669776,2026-06-03 01:26:06.988,1.927777777778
LED experiment,pioreactor02,2026-06-02T19:41:11.987Z,0.059452804298,2026-06-03 01:26:11.987,1.929166666667
LED experiment,pioreactor02,2026-06-02T19:41:26.988Z,0.05918062875,2026-06-03 01:26:26.988,1.933333333333
LED experiment,pioreactor02,2026-06-02T19:41:31.987Z,0.058956130546,2026-06-03 01:26:31.987,1.934722222222
LED experiment,pioreactor02,2026-06-02T19:41:36.988Z,0.058609015101,2026-06-03 01:26:36.988,1.936111111111
LED experiment,pioreactor02,2026-06-02T19:41:41.988Z,0.058520641411,2026-06-03 01:26:41.988,1.9375
LED experiment,pioreactor02,2026-06-02T19:41:51.987Z,0.058078978161,2026-06-03 01:26:51.987,1.940277777778
LED experiment,pioreactor02,2026-06-02T19:41:56.988Z,0.057727356851,2026-06-03 01:26:56.988,1.941666666667
LED experiment,pioreactor02,2026-06-02T19:42:01.987Z,0.057496429127,2026-06-03 01:27:01.987,1.943055555556
LED experiment,pioreactor02,2026-06-02T19:42:06.989Z,0.057363168747,2026-06-03 01:27:06.989,1.944444444444
LED experiment,pioreactor02,2026-06-02T19:42:11.989Z,0.057049188998,2026-06-03 01:27:11.989,1.945833333333
LED experiment,pioreactor02,2026-06-02T19:42:16.986Z,0.057238558584,2026-06-03 01:27:16.986,1.947222222222
LED experiment,pioreactor02,2026-06-02T19:42:21.986Z,0.05709710508,2026-06-03 01:27:21.986,1.948611111111
LED experiment,pioreactor02,2026-06-02T19:42:26.987Z,0.057056587692,2026-06-03 01:27:26.987,1.95
LED experiment,pioreactor02,2026-06-02T19:42:31.988Z,0.057108761422,2026-06-03 01:27:31.988,1.951388888889
LED experiment,pioreactor02,2026-06-02T19:42:41.986Z,0.056990756697,2026-06-03 01:27:41.986,1.954166666667
LED experiment,pioreactor02,2026-06-02T19:42:46.988Z,0.056831789047,2026-06-03 01:27:46.988,1.955555555556
LED experiment,pioreactor02,2026-06-02T19:42:51.988Z,0.056596629535,2026-06-03 01:27:51.988,1.956944444444
LED experiment,pioreactor02,2026-06-02T19:43:01.988Z,0.056465238576,2026-06-03 01:28:01.988,1.959722222222
LED experiment,pioreactor02,2026-06-02T19:43:11.987Z,0.056157125711,2026-06-03 01:28:11.987,1.9625
LED experiment,pioreactor02,2026-06-02T19:43:26.988Z,0.055879393007,2026-06-03 01:28:26.988,1.966666666667
LED experiment,pioreactor02,2026-06-02T19:43:36.990Z,0.055457033072,2026-06-03 01:28:36.990,1.969444444444
LED experiment,pioreactor02,2026-06-02T19:43:41.988Z,0.055223921011,2026-06-03 01:28:41.988,1.970833333333
LED experiment,pioreactor02,2026-06-02T19:43:46.989Z,0.055076264175,2026-06-03 01:28:46.989,1.972222222222
LED experiment,pioreactor02,2026-06-02T19:43:51.988Z,0.054958184328,2026-06-03 01:28:51.988,1.973611111111
LED experiment,pioreactor02,2026-06-02T19:44:01.987Z,0.054820505366,2026-06-03 01:29:01.987,1.976388888889
LED experiment,pioreactor02,2026-06-02T19:44:06.987Z,0.054510868022,2026-06-03 01:29:06.987,1.977777777778
LED experiment,pioreactor02,2026-06-02T19:44:11.988Z,0.054262700486,2026-06-03 01:29:11.988,1.979166666667
LED experiment,pioreactor02,2026-06-02T19:44:21.988Z,0.054181342823,2026-06-03 01:29:21.988,1.981944444444
LED experiment,pioreactor02,2026-06-02T19:44:36.987Z,0.054046735711,2026-06-03 01:29:36.987,1.986111111111
LED experiment,pioreactor02,2026-06-02T19:44:41.990Z,0.05385062171,2026-06-03 01:29:41.990,1.9875
LED experiment,pioreactor02,2026-06-02T19:45:01.987Z,0.053762748296,2026-06-03 01:30:01.987,1.993055555556
LED experiment,pioreactor02,2026-06-02T19:45:11.988Z,0.053384980022,2026-06-03 01:30:11.988,1.995833333333
LED experiment,pioreactor02,2026-06-02T19:45:16.989Z,0.053102092621,2026-06-03 01:30:16.989,1.997222222222
LED experiment,pioreactor02,2026-06-02T19:45:21.987Z,0.052874190375,2026-06-03 01:30:21.987,1.998611111111
LED experiment,pioreactor02,2026-06-02T19:45:26.987Z,0.052936637028,2026-06-03 01:30:26.987,2.0
LED experiment,pioreactor02,2026-06-02T19:45:31.987Z,0.052910178512,2026-06-03 01:30:31.987,2.001388888889
LED experiment,pioreactor02,2026-06-02T19:45:36.988Z,0.052951380614,2026-06-03 01:30:36.988,2.002777777778
LED experiment,pioreactor02,2026-06-02T19:45:41.987Z,0.053217343237,2026-06-03 01:30:41.987,2.004166666667
LED experiment,pioreactor02,2026-06-02T19:45:46.990Z,0.052937570067,2026-06-03 01:30:46.990,2.005555555556
LED experiment,pioreactor02,2026-06-02T19:45:51.987Z,0.052865596815,2026-06-03 01:30:51.987,2.006944444444
LED experiment,pioreactor02,2026-06-02T19:45:56.987Z,0.053000894392,2026-06-03 01:30:56.987,2.008333333333
LED experiment,pioreactor02,2026-06-02T19:46:01.987Z,0.053064634811,2026-06-03 01:31:01.987,2.009722222222
LED experiment,pioreactor02,2026-06-02T19:46:06.989Z,0.052882049758,2026-06-03 01:31:06.989,2.011111111111
LED experiment,pioreactor02,2026-06-02T19:46:11.987Z,0.052525051236,2026-06-03 01:31:11.987,2.0125
LED experiment,pioreactor02,2026-06-02T19:46:16.989Z,0.052293621668,2026-06-03 01:31:16.989,2.013888888889
LED experiment,pioreactor02,2026-06-02T19:46:21.988Z,0.052089850641,2026-06-03 01:31:21.988,2.015277777778
LED experiment,pioreactor02,2026-06-02T19:46:36.986Z,0.052082186502,2026-06-03 01:31:36.986,2.019444444444
LED experiment,pioreactor02,2026-06-02T19:46:41.986Z,0.05219629051,2026-06-03 01:31:41.986,2.020833333333
LED experiment,pioreactor02,2026-06-02T19:46:51.986Z,0.052281251907,2026-06-03 01:31:51.986,2.023611111111
LED experiment,pioreactor02,2026-06-02T19:46:56.989Z,0.052185521159,2026-06-03 01:31:56.989,2.025
LED experiment,pioreactor02,2026-06-02T19:47:06.989Z,0.052367672532,2026-06-03 01:32:06.989,2.027777777778
LED experiment,pioreactor02,2026-06-02T19:47:11.988Z,0.052588014903,2026-06-03 01:32:11.988,2.029166666667
LED experiment,pioreactor02,2026-06-02T19:47:16.994Z,0.052588014903,2026-06-03 01:32:16.994,2.030555555556
LED experiment,pioreactor02,2026-06-02T19:47:21.990Z,0.052588014903,2026-06-03 01:32:21.990,2.031944444444
LED experiment,pioreactor02,2026-06-02T19:47:26.999Z,0.052588014903,2026-06-03 01:32:26.999,2.033333333333
LED experiment,pioreactor02,2026-06-02T19:47:31.987Z,0.052588014903,2026-06-03 01:32:31.987,2.034722222222
LED experiment,pioreactor02,2026-06-02T19:47:41.989Z,0.052585774726,2026-06-03 01:32:41.989,2.0375
LED experiment,pioreactor02,2026-06-02T19:47:51.988Z,0.052589388743,2026-06-03 01:32:51.988,2.040277777778
LED experiment,pioreactor02,2026-06-02T19:47:56.988Z,0.052598340151,2026-06-03 01:32:56.988,2.041666666667
LED experiment,pioreactor02,2026-06-02T19:48:11.987Z,0.052619737208,2026-06-03 01:33:11.987,2.045833333333
LED experiment,pioreactor02,2026-06-02T19:48:16.988Z,0.052634676142,2026-06-03 01:33:16.988,2.047222222222
LED experiment,pioreactor02,2026-06-02T19:48:21.988Z,0.05265287412,2026-06-03 01:33:21.988,2.048611111111
LED experiment,pioreactor02,2026-06-02T19:48:26.988Z,0.05265681013,2026-06-03 01:33:26.988,2.05
LED experiment,pioreactor02,2026-06-02T19:48:31.988Z,0.052653131273,2026-06-03 01:33:31.988,2.051388888889
LED experiment,pioreactor02,2026-06-02T19:48:41.987Z,0.052639273443,2026-06-03 01:33:41.987,2.054166666667
LED experiment,pioreactor02,2026-06-02T19:48:46.987Z,0.052622181399,2026-06-03 01:33:46.987,2.055555555556
LED experiment,pioreactor02,2026-06-02T19:48:51.989Z,0.05262368809,2026-06-03 01:33:51.989,2.056944444444
LED experiment,pioreactor02,2026-06-02T19:48:56.989Z,0.052606159817,2026-06-03 01:33:56.989,2.058333333333
LED experiment,pioreactor02,2026-06-02T19:49:01.989Z,0.052593872391,2026-06-03 01:34:01.989,2.059722222222
LED experiment,pioreactor02,2026-06-02T19:49:11.990Z,0.05258710688,2026-06-03 01:34:11.990,2.0625
LED experiment,pioreactor02,2026-06-02T19:49:16.988Z,0.052620242794,2026-06-03 01:34:16.988,2.063888888889
LED experiment,pioreactor02,2026-06-02T19:49:21.988Z,0.052612843765,2026-06-03 01:34:21.988,2.065277777778
LED experiment,pioreactor02,2026-06-02T19:49:26.987Z,0.052608708282,2026-06-03 01:34:26.987,2.066666666667
LED experiment,pioreactor02,2026-06-02T19:49:36.988Z,0.052586883581,2026-06-03 01:34:36.988,2.069444444444
LED experiment,pioreactor02,2026-06-02T19:49:41.986Z,0.052569766745,2026-06-03 01:34:41.986,2.070833333333
LED experiment,pioreactor02,2026-06-02T19:49:51.987Z,0.052497812648,2026-06-03 01:34:51.987,2.073611111111
LED experiment,pioreactor02,2026-06-02T19:49:56.988Z,0.052487710683,2026-06-03 01:34:56.988,2.075
LED experiment,pioreactor02,2026-06-02T19:50:01.988Z,0.052480798988,2026-06-03 01:35:01.988,2.076388888889
LED experiment,pioreactor02,2026-06-02T19:50:06.988Z,0.052467327349,2026-06-03 01:35:06.988,2.077777777778
LED experiment,pioreactor02,2026-06-02T19:50:11.988Z,0.052400717749,2026-06-03 01:35:11.988,2.079166666667
LED experiment,pioreactor02,2026-06-02T19:50:16.989Z,0.052323752202,2026-06-03 01:35:16.989,2.080555555556
LED experiment,pioreactor02,2026-06-02T19:50:21.987Z,0.052336162132,2026-06-03 01:35:21.987,2.081944444444
LED experiment,pioreactor02,2026-06-02T19:50:31.987Z,0.052237515436,2026-06-03 01:35:31.987,2.084722222222
LED experiment,pioreactor02,2026-06-02T19:50:41.989Z,0.05220691006,2026-06-03 01:35:41.989,2.0875
LED experiment,pioreactor02,2026-06-02T19:50:46.987Z,0.052172706829,2026-06-03 01:35:46.987,2.088888888889
LED experiment,pioreactor02,2026-06-02T19:51:11.987Z,0.052107684805,2026-06-03 01:36:11.987,2.095833333333
LED experiment,pioreactor02,2026-06-02T19:51:21.988Z,0.052001960868,2026-06-03 01:36:21.988,2.098611111111
LED experiment,pioreactor02,2026-06-02T19:51:26.988Z,0.051778840788,2026-06-03 01:36:26.988,2.1
LED experiment,pioreactor02,2026-06-02T19:51:31.990Z,0.051757513249,2026-06-03 01:36:31.990,2.101388888889
LED experiment,pioreactor02,2026-06-02T19:51:46.989Z,0.051898195328,2026-06-03 01:36:46.989,2.105555555556
LED experiment,pioreactor02,2026-06-02T19:51:56.988Z,0.051821494879,2026-06-03 01:36:56.988,2.108333333333
LED experiment,pioreactor02,2026-06-02T19:52:01.988Z,0.051688952064,2026-06-03 01:37:01.988,2.109722222222
LED experiment,pioreactor02,2026-06-02T19:52:06.989Z,0.051441649214,2026-06-03 01:37:06.989,2.111111111111
LED experiment,pioreactor02,2026-06-02T19:52:11.990Z,0.051247044669,2026-06-03 01:37:11.990,2.1125
LED experiment,pioreactor02,2026-06-02T19:52:16.989Z,0.051151367639,2026-06-03 01:37:16.989,2.113888888889
LED experiment,pioreactor02,2026-06-02T19:52:26.987Z,0.0510310551,2026-06-03 01:37:26.987,2.116666666667
LED experiment,pioreactor02,2026-06-02T19:52:31.990Z,0.050955300618,2026-06-03 01:37:31.990,2.118055555556
LED experiment,pioreactor02,2026-06-02T19:52:36.987Z,0.05092371565,2026-06-03 01:37:36.987,2.119444444444
LED experiment,pioreactor02,2026-06-02T19:52:41.989Z,0.050797074797,2026-06-03 01:37:41.989,2.120833333333
LED experiment,pioreactor02,2026-06-02T19:52:51.988Z,0.050656076541,2026-06-03 01:37:51.988,2.123611111111
LED experiment,pioreactor02,2026-06-02T19:53:01.988Z,0.050550103282,2026-06-03 01:38:01.988,2.126388888889
LED experiment,pioreactor02,2026-06-02T19:53:06.988Z,0.050388565945,2026-06-03 01:38:06.988,2.127777777778
LED experiment,pioreactor02,2026-06-02T19:53:11.987Z,0.050205319513,2026-06-03 01:38:11.987,2.129166666667
LED experiment,pioreactor02,2026-06-02T19:53:16.989Z,0.050044709596,2026-06-03 01:38:16.989,2.130555555556
LED experiment,pioreactor02,2026-06-02T19:53:21.987Z,0.049835840136,2026-06-03 01:38:21.987,2.131944444444
LED experiment,pioreactor02,2026-06-02T19:53:31.987Z,0.049530498001,2026-06-03 01:38:31.987,2.134722222222
LED experiment,pioreactor02,2026-06-02T19:53:36.989Z,0.049298363779,2026-06-03 01:38:36.989,2.136111111111
LED experiment,pioreactor02,2026-06-02T19:53:46.989Z,0.049119909418,2026-06-03 01:38:46.989,2.138888888889
LED experiment,pioreactor02,2026-06-02T19:53:56.987Z,0.048952729879,2026-06-03 01:38:56.987,2.141666666667
LED experiment,pioreactor02,2026-06-02T19:54:01.988Z,0.048783136805,2026-06-03 01:39:01.988,2.143055555556
LED experiment,pioreactor02,2026-06-02T19:54:11.992Z,0.04866302191,2026-06-03 01:39:11.992,2.145833333333
LED experiment,pioreactor02,2026-06-02T19:54:21.990Z,0.048503940905,2026-06-03 01:39:21.990,2.148611111111
LED experiment,pioreactor02,2026-06-02T19:54:31.987Z,0.048421532606,2026-06-03 01:39:31.987,2.151388888889
LED experiment,pioreactor02,2026-06-02T19:54:41.990Z,0.048291048911,2026-06-03 01:39:41.990,2.154166666667
LED experiment,pioreactor02,2026-06-02T19:54:56.989Z,0.048049988491,2026-06-03 01:39:56.989,2.158333333333
LED experiment,pioreactor02,2026-06-02T19:55:01.988Z,0.047787311816,2026-06-03 01:40:01.988,2.159722222222
LED experiment,pioreactor02,2026-06-02T19:55:06.989Z,0.047452772721,2026-06-03 01:40:06.989,2.161111111111
LED experiment,pioreactor02,2026-06-02T19:55:11.988Z,0.047150975948,2026-06-03 01:40:11.988,2.1625
LED experiment,pioreactor02,2026-06-02T19:55:16.988Z,0.046922462358,2026-06-03 01:40:16.988,2.163888888889
LED experiment,pioreactor02,2026-06-02T19:55:31.986Z,0.046996101825,2026-06-03 01:40:31.986,2.168055555556
LED experiment,pioreactor02,2026-06-02T19:55:36.987Z,0.046967849347,2026-06-03 01:40:36.987,2.169444444444
LED experiment,pioreactor02,2026-06-02T19:55:56.988Z,0.046906284643,2026-06-03 01:40:56.988,2.175
LED experiment,pioreactor02,2026-06-02T19:56:01.989Z,0.046786137319,2026-06-03 01:41:01.989,2.176388888889
LED experiment,pioreactor02,2026-06-02T19:56:11.987Z,0.046536229941,2026-06-03 01:41:11.987,2.179166666667
LED experiment,pioreactor02,2026-06-02T19:56:16.986Z,0.046485513988,2026-06-03 01:41:16.986,2.180555555556
LED experiment,pioreactor02,2026-06-02T19:56:26.989Z,0.046556283019,2026-06-03 01:41:26.989,2.183333333333
LED experiment,pioreactor02,2026-06-02T19:56:31.987Z,0.046531665091,2026-06-03 01:41:31.987,2.184722222222
LED experiment,pioreactor02,2026-06-02T19:56:41.986Z,0.046700670805,2026-06-03 01:41:41.986,2.1875
LED experiment,pioreactor02,2026-06-02T19:56:51.987Z,0.046869537928,2026-06-03 01:41:51.987,2.190277777778
LED experiment,pioreactor02,2026-06-02T19:56:56.988Z,0.046957068643,2026-06-03 01:41:56.988,2.191666666667
LED experiment,pioreactor02,2026-06-02T19:57:01.988Z,0.047274938221,2026-06-03 01:42:01.988,2.193055555556
LED experiment,pioreactor02,2026-06-02T19:57:06.988Z,0.047766635005,2026-06-03 01:42:06.988,2.194444444444
LED experiment,pioreactor02,2026-06-02T19:57:16.988Z,0.047824786835,2026-06-03 01:42:16.988,2.197222222222
LED experiment,pioreactor02,2026-06-02T19:57:26.988Z,0.047688413857,2026-06-03 01:42:26.988,2.2
LED experiment,pioreactor02,2026-06-02T19:57:31.987Z,0.047553995374,2026-06-03 01:42:31.987,2.201388888889
LED experiment,pioreactor02,2026-06-02T19:57:36.989Z,0.047604268796,2026-06-03 01:42:36.989,2.202777777778
LED experiment,pioreactor02,2026-06-02T19:57:56.987Z,0.047274656749,2026-06-03 01:42:56.987,2.208333333333
LED experiment,pioreactor02,2026-06-02T19:58:11.987Z,0.046883735522,2026-06-03 01:43:11.987,2.2125
LED experiment,pioreactor02,2026-06-02T19:58:26.988Z,0.046758792649,2026-06-03 01:43:26.988,2.216666666667
LED experiment,pioreactor02,2026-06-02T19:58:31.987Z,0.046785134444,2026-06-03 01:43:31.987,2.218055555556
LED experiment,pioreactor02,2026-06-02T19:58:36.990Z,0.047055973594,2026-06-03 01:43:36.990,2.219444444444
LED experiment,pioreactor02,2026-06-02T19:58:51.987Z,0.046674114029,2026-06-03 01:43:51.987,2.223611111111
LED experiment,pioreactor02,2026-06-02T19:58:56.987Z,0.046451993119,2026-06-03 01:43:56.987,2.225
LED experiment,pioreactor02,2026-06-02T19:59:06.988Z,0.046301235128,2026-06-03 01:44:06.988,2.227777777778
LED experiment,pioreactor02,2026-06-02T19:59:16.988Z,0.046112726307,2026-06-03 01:44:16.988,2.230555555556
LED experiment,pioreactor02,2026-06-02T19:59:31.988Z,0.045849685333,2026-06-03 01:44:31.988,2.234722222222
LED experiment,pioreactor02,2026-06-02T19:59:36.989Z,0.04532292781,2026-06-03 01:44:36.989,2.236111111111
LED experiment,pioreactor02,2026-06-02T19:59:46.988Z,0.045147633049,2026-06-03 01:44:46.988,2.238888888889
LED experiment,pioreactor02,2026-06-02T19:59:51.986Z,0.044734470622,2026-06-03 01:44:51.986,2.240277777778
LED experiment,pioreactor02,2026-06-02T19:59:56.987Z,0.044321124064,2026-06-03 01:44:56.987,2.241666666667
LED experiment,pioreactor02,2026-06-02T20:00:01.986Z,0.044623917768,2026-06-03 01:45:01.986,2.243055555556
LED experiment,pioreactor02,2026-06-02T20:00:21.987Z,0.044226443411,2026-06-03 01:45:21.987,2.248611111111
LED experiment,pioreactor02,2026-06-02T20:00:26.988Z,0.043850500998,2026-06-03 01:45:26.988,2.25
LED experiment,pioreactor02,2026-06-02T20:00:31.990Z,0.043481042221,2026-06-03 01:45:31.990,2.251388888889
LED experiment,pioreactor02,2026-06-02T20:00:36.988Z,0.043055169589,2026-06-03 01:45:36.988,2.252777777778
LED experiment,pioreactor02,2026-06-02T20:00:41.987Z,0.042773337946,2026-06-03 01:45:41.987,2.254166666667
LED experiment,pioreactor02,2026-06-02T20:00:56.988Z,0.042712500077,2026-06-03 01:45:56.988,2.258333333333
LED experiment,pioreactor02,2026-06-02T20:01:01.988Z,0.042459201139,2026-06-03 01:46:01.988,2.259722222222
LED experiment,pioreactor02,2026-06-02T20:01:06.987Z,0.042339165196,2026-06-03 01:46:06.987,2.261111111111
LED experiment,pioreactor02,2026-06-02T20:01:16.987Z,0.042232375199,2026-06-03 01:46:16.987,2.263888888889
LED experiment,pioreactor02,2026-06-02T20:01:31.990Z,0.042312453062,2026-06-03 01:46:31.990,2.268055555556
LED experiment,pioreactor02,2026-06-02T20:01:36.992Z,0.042560303111,2026-06-03 01:46:36.992,2.269444444444
LED experiment,pioreactor02,2026-06-02T20:01:41.988Z,0.042729886444,2026-06-03 01:46:41.988,2.270833333333
LED experiment,pioreactor02,2026-06-02T20:01:46.987Z,0.042804118129,2026-06-03 01:46:46.987,2.272222222222
LED experiment,pioreactor02,2026-06-02T20:02:01.987Z,0.042292521965,2026-06-03 01:47:01.987,2.276388888889
LED experiment,pioreactor02,2026-06-02T20:02:21.987Z,0.042236601993,2026-06-03 01:47:21.987,2.281944444444
LED experiment,pioreactor02,2026-06-02T20:02:26.988Z,0.042147795151,2026-06-03 01:47:26.988,2.283333333333
LED experiment,pioreactor02,2026-06-02T20:02:46.988Z,0.04183843656,2026-06-03 01:47:46.988,2.288888888889
LED experiment,pioreactor02,2026-06-02T20:02:51.988Z,0.041456669192,2026-06-03 01:47:51.988,2.290277777778
LED experiment,pioreactor02,2026-06-02T20:02:56.989Z,0.041409393679,2026-06-03 01:47:56.989,2.291666666667
LED experiment,pioreactor02,2026-06-02T20:03:01.987Z,0.041696701807,2026-06-03 01:48:01.987,2.293055555556
LED experiment,pioreactor02,2026-06-02T20:03:11.986Z,0.041724595286,2026-06-03 01:48:11.986,2.295833333333
LED experiment,pioreactor02,2026-06-02T20:03:16.987Z,0.041769821618,2026-06-03 01:48:16.987,2.297222222222
LED experiment,pioreactor02,2026-06-02T20:03:21.990Z,0.041601097833,2026-06-03 01:48:21.990,2.298611111111
LED experiment,pioreactor02,2026-06-02T20:03:26.989Z,0.041264133895,2026-06-03 01:48:26.989,2.3
LED experiment,pioreactor02,2026-06-02T20:03:31.989Z,0.04097074773,2026-06-03 01:48:31.989,2.301388888889
LED experiment,pioreactor02,2026-06-02T20:03:41.988Z,0.041251280441,2026-06-03 01:48:41.988,2.304166666667
LED experiment,pioreactor02,2026-06-02T20:03:46.988Z,0.04189745647,2026-06-03 01:48:46.988,2.305555555556
LED experiment,pioreactor02,2026-06-02T20:03:51.988Z,0.042324717759,2026-06-03 01:48:51.988,2.306944444444
LED experiment,pioreactor02,2026-06-02T20:04:01.988Z,0.042690798626,2026-06-03 01:49:01.988,2.309722222222
LED experiment,pioreactor02,2026-06-02T20:04:06.987Z,0.042591739612,2026-06-03 01:49:06.987,2.311111111111
LED experiment,pioreactor02,2026-06-02T20:04:11.986Z,0.042227594787,2026-06-03 01:49:11.986,2.3125
LED experiment,pioreactor02,2026-06-02T20:04:21.987Z,0.041688878629,2026-06-03 01:49:21.987,2.315277777778
LED experiment,pioreactor02,2026-06-02T20:04:26.989Z,0.041203388395,2026-06-03 01:49:26.989,2.316666666667
LED experiment,pioreactor02,2026-06-02T20:04:36.986Z,0.041203388395,2026-06-03 01:49:36.986,2.319444444444
LED experiment,pioreactor02,2026-06-02T20:04:46.990Z,0.041203388395,2026-06-03 01:49:46.990,2.322222222222
LED experiment,pioreactor02,2026-06-02T20:04:51.989Z,0.040721593233,2026-06-03 01:49:51.989,2.323611111111
LED experiment,pioreactor02,2026-06-02T20:04:56.990Z,0.040381158985,2026-06-03 01:49:56.990,2.325
LED experiment,pioreactor02,2026-06-02T20:05:01.989Z,0.040381158985,2026-06-03 01:50:01.989,2.326388888889
LED experiment,pioreactor02,2026-06-02T20:05:06.987Z,0.04011783004,2026-06-03 01:50:06.987,2.327777777778
LED experiment,pioreactor02,2026-06-02T20:05:11.989Z,0.039913418829,2026-06-03 01:50:11.989,2.329166666667
LED experiment,pioreactor02,2026-06-02T20:05:26.989Z,0.039748644178,2026-06-03 01:50:26.989,2.333333333333
LED experiment,pioreactor02,2026-06-02T20:05:31.991Z,0.039596434607,2026-06-03 01:50:31.991,2.334722222222
LED experiment,pioreactor02,2026-06-02T20:05:36.988Z,0.039456955702,2026-06-03 01:50:36.988,2.336111111111
LED experiment,pioreactor02,2026-06-02T20:05:46.989Z,0.039313148853,2026-06-03 01:50:46.989,2.338888888889
LED experiment,pioreactor02,2026-06-02T20:05:51.988Z,0.039171405575,2026-06-03 01:50:51.988,2.340277777778
LED experiment,pioreactor02,2026-06-02T20:05:56.987Z,0.039028873191,2026-06-03 01:50:56.987,2.341666666667
LED experiment,pioreactor02,2026-06-02T20:06:01.988Z,0.038882969368,2026-06-03 01:51:01.988,2.343055555556
LED experiment,pioreactor02,2026-06-02T20:06:16.991Z,0.038724136732,2026-06-03 01:51:16.991,2.347222222222
LED experiment,pioreactor02,2026-06-02T20:06:21.989Z,0.038570476337,2026-06-03 01:51:21.989,2.348611111111
LED experiment,pioreactor02,2026-06-02T20:06:26.990Z,0.038404064573,2026-06-03 01:51:26.990,2.35
LED experiment,pioreactor02,2026-06-02T20:06:36.988Z,0.038239699631,2026-06-03 01:51:36.988,2.352777777778
LED experiment,pioreactor02,2026-06-02T20:06:41.987Z,0.038056542189,2026-06-03 01:51:41.987,2.354166666667
LED experiment,pioreactor02,2026-06-02T20:06:46.990Z,0.037862413036,2026-06-03 01:51:46.990,2.355555555556
LED experiment,pioreactor02,2026-06-02T20:06:51.988Z,0.03768221576,2026-06-03 01:51:51.988,2.356944444444
LED experiment,pioreactor02,2026-06-02T20:06:56.987Z,0.037471681618,2026-06-03 01:51:56.987,2.358333333333
LED experiment,pioreactor02,2026-06-02T20:07:01.988Z,0.037254190531,2026-06-03 01:52:01.988,2.359722222222
LED experiment,pioreactor02,2026-06-02T20:07:11.989Z,0.037022863668,2026-06-03 01:52:11.989,2.3625
LED experiment,pioreactor02,2026-06-02T20:07:16.989Z,0.036796604197,2026-06-03 01:52:16.989,2.363888888889
LED experiment,pioreactor02,2026-06-02T20:07:26.987Z,0.0365169066,2026-06-03 01:52:26.987,2.366666666667
LED experiment,pioreactor02,2026-06-02T20:07:31.988Z,0.036234203303,2026-06-03 01:52:31.988,2.368055555556
LED experiment,pioreactor02,2026-06-02T20:07:36.989Z,0.035960841007,2026-06-03 01:52:36.989,2.369444444444
LED experiment,pioreactor02,2026-06-02T20:07:41.989Z,0.035750636622,2026-06-03 01:52:41.989,2.370833333333
LED experiment,pioreactor02,2026-06-02T20:07:46.987Z,0.035510956518,2026-06-03 01:52:46.987,2.372222222222
LED experiment,pioreactor02,2026-06-02T20:07:56.988Z,0.035184271265,2026-06-03 01:52:56.988,2.375
LED experiment,pioreactor02,2026-06-02T20:08:01.988Z,0.034879013115,2026-06-03 01:53:01.988,2.376388888889
LED experiment,pioreactor02,2026-06-02T20:08:06.988Z,0.034571079789,2026-06-03 01:53:06.988,2.377777777778
LED experiment,pioreactor02,2026-06-02T20:08:11.988Z,0.034233499498,2026-06-03 01:53:11.988,2.379166666667
LED experiment,pioreactor02,2026-06-02T20:08:16.988Z,0.033904592408,2026-06-03 01:53:16.988,2.380555555556
LED experiment,pioreactor02,2026-06-02T20:08:21.988Z,0.033646205009,2026-06-03 01:53:21.988,2.381944444444
LED experiment,pioreactor02,2026-06-02T20:08:26.989Z,0.033318319532,2026-06-03 01:53:26.989,2.383333333333
LED experiment,pioreactor02,2026-06-02T20:08:31.987Z,0.033030847913,2026-06-03 01:53:31.987,2.384722222222
LED experiment,pioreactor02,2026-06-02T20:08:36.988Z,0.032715383335,2026-06-03 01:53:36.988,2.386111111111
LED experiment,pioreactor02,2026-06-02T20:08:41.986Z,0.032418549255,2026-06-03 01:53:41.986,2.3875
LED experiment,pioreactor02,2026-06-02T20:08:46.988Z,0.032113994271,2026-06-03 01:53:46.988,2.388888888889
LED experiment,pioreactor02,2026-06-02T20:08:56.986Z,0.031750895837,2026-06-03 01:53:56.986,2.391666666667
LED experiment,pioreactor02,2026-06-02T20:09:01.988Z,0.031448242323,2026-06-03 01:54:01.988,2.393055555556
LED experiment,pioreactor02,2026-06-02T20:09:06.987Z,0.031033511929,2026-06-03 01:54:06.987,2.394444444444
LED experiment,pioreactor02,2026-06-02T20:09:11.990Z,0.030596927726,2026-06-03 01:54:11.990,2.395833333333
LED experiment,pioreactor02,2026-06-02T20:09:16.990Z,0.030248244875,2026-06-03 01:54:16.990,2.397222222222
LED experiment,pioreactor02,2026-06-02T20:09:26.991Z,0.029815401931,2026-06-03 01:54:26.991,2.4
LED experiment,pioreactor02,2026-06-02T20:09:31.986Z,0.029358656884,2026-06-03 01:54:31.986,2.401388888889
LED experiment,pioreactor02,2026-06-02T20:09:41.987Z,0.028898459585,2026-06-03 01:54:41.987,2.404166666667
LED experiment,pioreactor02,2026-06-02T20:09:46.988Z,0.028444431872,2026-06-03 01:54:46.988,2.405555555556
LED experiment,pioreactor02,2026-06-02T20:09:51.989Z,0.027932566328,2026-06-03 01:54:51.989,2.406944444444
LED experiment,pioreactor02,2026-06-02T20:09:56.986Z,0.027459090784,2026-06-03 01:54:56.986,2.408333333333
LED experiment,pioreactor02,2026-06-02T20:10:01.989Z,0.02701080111,2026-06-03 01:55:01.989,2.409722222222
LED experiment,pioreactor02,2026-06-02T20:10:06.988Z,0.02701080111,2026-06-03 01:55:06.988,2.411111111111
LED experiment,pioreactor02,2026-06-02T20:10:11.987Z,0.026592806149,2026-06-03 01:55:11.987,2.4125
LED experiment,pioreactor02,2026-06-02T20:10:16.987Z,0.026195304641,2026-06-03 01:55:16.987,2.413888888889
LED experiment,pioreactor02,2026-06-02T20:10:21.989Z,0.025796656749,2026-06-03 01:55:21.989,2.415277777778
LED experiment,pioreactor02,2026-06-02T20:10:26.987Z,0.025378956621,2026-06-03 01:55:26.987,2.416666666667
LED experiment,pioreactor02,2026-06-02T20:10:31.987Z,0.024888924954,2026-06-03 01:55:31.987,2.418055555556
LED experiment,pioreactor02,2026-06-02T20:10:36.989Z,0.024434268405,2026-06-03 01:55:36.989,2.419444444444
LED experiment,pioreactor02,2026-06-02T20:10:51.986Z,0.024018008568,2026-06-03 01:55:51.986,2.423611111111
LED experiment,pioreactor02,2026-06-02T20:10:56.988Z,0.023498921056,2026-06-03 01:55:56.988,2.425
LED experiment,pioreactor02,2026-06-02T20:11:01.986Z,0.023018448264,2026-06-03 01:56:01.986,2.426388888889
LED experiment,pioreactor02,2026-06-02T20:11:06.989Z,0.022584054681,2026-06-03 01:56:06.989,2.427777777778
LED experiment,pioreactor02,2026-06-02T20:11:16.987Z,0.022192789958,2026-06-03 01:56:16.987,2.430555555556
LED experiment,pioreactor02,2026-06-02T20:11:21.986Z,0.021547333856,2026-06-03 01:56:21.986,2.431944444444
LED experiment,pioreactor02,2026-06-02T20:11:26.987Z,0.020983164572,2026-06-03 01:56:26.987,2.433333333333
LED experiment,pioreactor02,2026-06-02T20:11:31.988Z,0.020476107782,2026-06-03 01:56:31.988,2.434722222222
LED experiment,pioreactor02,2026-06-02T20:11:36.987Z,0.019978193935,2026-06-03 01:56:36.987,2.436111111111
LED experiment,pioreactor02,2026-06-02T20:11:41.988Z,0.019521602269,2026-06-03 01:56:41.988,2.4375
LED experiment,pioreactor02,2026-06-02T20:11:46.988Z,0.019167132063,2026-06-03 01:56:46.988,2.438888888889
LED experiment,pioreactor02,2026-06-02T20:11:51.989Z,0.018844509897,2026-06-03 01:56:51.989,2.440277777778
LED experiment,pioreactor02,2026-06-02T20:11:56.988Z,0.018337657388,2026-06-03 01:56:56.988,2.441666666667
LED experiment,pioreactor02,2026-06-02T20:12:01.986Z,0.017908152074,2026-06-03 01:57:01.986,2.443055555556
LED experiment,pioreactor02,2026-06-02T20:12:06.989Z,0.017355888759,2026-06-03 01:57:06.989,2.444444444444
LED experiment,pioreactor02,2026-06-02T20:12:11.988Z,0.016818970399,2026-06-03 01:57:11.988,2.445833333333
LED experiment,pioreactor02,2026-06-02T20:12:16.988Z,0.016520657283,2026-06-03 01:57:16.988,2.447222222222
LED experiment,pioreactor02,2026-06-02T20:12:26.987Z,0.016118069063,2026-06-03 01:57:26.987,2.45
LED experiment,pioreactor02,2026-06-02T20:12:31.988Z,0.015617764078,2026-06-03 01:57:31.988,2.451388888889
LED experiment,pioreactor02,2026-06-02T20:12:36.988Z,0.014995448033,2026-06-03 01:57:36.988,2.452777777778
LED experiment,pioreactor02,2026-06-02T20:12:41.989Z,0.014355556861,2026-06-03 01:57:41.989,2.454166666667
LED experiment,pioreactor02,2026-06-02T20:12:51.988Z,0.01383453525,2026-06-03 01:57:51.988,2.456944444444
LED experiment,pioreactor02,2026-06-02T20:12:56.988Z,0.013278558569,2026-06-03 01:57:56.988,2.458333333333
LED experiment,pioreactor02,2026-06-02T20:13:01.988Z,0.012898848634,2026-06-03 01:58:01.988,2.459722222222
LED experiment,pioreactor02,2026-06-02T20:13:06.987Z,0.012316885932,2026-06-03 01:58:06.987,2.461111111111
LED experiment,pioreactor02,2026-06-02T20:13:11.987Z,0.011779211028,2026-06-03 01:58:11.987,2.4625
LED experiment,pioreactor02,2026-06-02T20:13:16.988Z,0.011275008393,2026-06-03 01:58:16.988,2.463888888889
LED experiment,pioreactor02,2026-06-02T20:13:21.986Z,0.010580146806,2026-06-03 01:58:21.986,2.465277777778
LED experiment,pioreactor02,2026-06-02T20:13:26.988Z,0.0100720603,2026-06-03 01:58:26.988,2.466666666667
LED experiment,pioreactor02,2026-06-02T20:13:31.988Z,0.009531226422,2026-06-03 01:58:31.988,2.468055555556
LED experiment,pioreactor02,2026-06-02T20:13:36.986Z,0.009221826959,2026-06-03 01:58:36.986,2.469444444444
LED experiment,pioreactor02,2026-06-02T20:13:41.989Z,0.008997654679,2026-06-03 01:58:41.989,2.470833333333
LED experiment,pioreactor02,2026-06-02T20:13:46.988Z,0.008749469853,2026-06-03 01:58:46.988,2.472222222222
LED experiment,pioreactor02,2026-06-02T20:13:51.987Z,0.008514399402,2026-06-03 01:58:51.987,2.473611111111
LED experiment,pioreactor02,2026-06-02T20:13:56.988Z,0.008045025466,2026-06-03 01:58:56.988,2.475
LED experiment,pioreactor02,2026-06-02T20:14:01.989Z,0.007750486337,2026-06-03 01:59:01.989,2.476388888889
LED experiment,pioreactor02,2026-06-02T20:14:06.988Z,0.00727838325,2026-06-03 01:59:06.988,2.477777777778
LED experiment,pioreactor02,2026-06-02T20:14:11.986Z,0.006916715815,2026-06-03 01:59:11.986,2.479166666667
LED experiment,pioreactor02,2026-06-02T20:14:16.987Z,0.006371272156,2026-06-03 01:59:16.987,2.480555555556
LED experiment,pioreactor02,2026-06-02T20:14:21.991Z,0.006107486452,2026-06-03 01:59:21.991,2.481944444444
LED experiment,pioreactor02,2026-06-02T20:14:26.989Z,0.005679123399,2026-06-03 01:59:26.989,2.483333333333
LED experiment,pioreactor02,2026-06-02T20:14:31.987Z,0.005261934456,2026-06-03 01:59:31.987,2.484722222222
LED experiment,pioreactor02,2026-06-02T20:14:36.989Z,0.004986857346,2026-06-03 01:59:36.989,2.486111111111
LED experiment,pioreactor02,2026-06-02T20:14:41.986Z,0.004390826597,2026-06-03 01:59:41.986,2.4875
LED experiment,pioreactor02,2026-06-02T20:14:51.988Z,0.003800971191,2026-06-03 01:59:51.988,2.490277777778
LED experiment,pioreactor02,2026-06-02T20:14:56.990Z,0.003208838552,2026-06-03 01:59:56.990,2.491666666667
LED experiment,pioreactor02,2026-06-02T20:15:01.989Z,0.003193600064,2026-06-03 02:00:01.989,2.493055555556
LED experiment,pioreactor02,2026-06-02T20:15:06.989Z,0.002834729827,2026-06-03 02:00:06.989,2.494444444444
LED experiment,pioreactor02,2026-06-02T20:15:11.990Z,0.002745691489,2026-06-03 02:00:11.990,2.495833333333
LED experiment,pioreactor02,2026-06-02T20:15:16.988Z,0.002686485497,2026-06-03 02:00:16.988,2.497222222222
LED experiment,pioreactor02,2026-06-02T20:15:21.987Z,0.002463242086,2026-06-03 02:00:21.987,2.498611111111
LED experiment,pioreactor02,2026-06-02T20:15:26.988Z,0.002310948125,2026-06-03 02:00:26.988,2.5
LED experiment,pioreactor02,2026-06-02T20:15:31.989Z,0.001771931567,2026-06-03 02:00:31.989,2.501388888889
LED experiment,pioreactor02,2026-06-02T20:15:36.987Z,0.001354984584,2026-06-03 02:00:36.987,2.502777777778
LED experiment,pioreactor02,2026-06-02T20:15:41.990Z,0.00113721186,2026-06-03 02:00:41.990,2.504166666667
LED experiment,pioreactor02,2026-06-02T20:15:46.987Z,0.001194553975,2026-06-03 02:00:46.987,2.505555555556
LED experiment,pioreactor02,2026-06-02T20:15:51.987Z,0.001058733469,2026-06-03 02:00:51.987,2.506944444444
LED experiment,pioreactor02,2026-06-02T20:15:56.986Z,0.000813867695,2026-06-03 02:00:56.986,2.508333333333
LED experiment,pioreactor02,2026-06-02T20:16:06.987Z,0.000494165952,2026-06-03 02:01:06.987,2.511111111111
LED experiment,pioreactor02,2026-06-02T20:16:11.990Z,0.000229750397,2026-06-03 02:01:11.990,2.5125
LED experiment,pioreactor02,2026-06-02T20:16:16.988Z,0.000244376764,2026-06-03 02:01:16.988,2.513888888889
LED experiment,pioreactor02,2026-06-02T20:16:21.989Z,0.000160720812,2026-06-03 02:01:21.989,2.515277777778
LED experiment,pioreactor02,2026-06-02T20:16:26.990Z,-0.000107642167,2026-06-03 02:01:26.990,2.516666666667
LED experiment,pioreactor02,2026-06-02T20:16:36.987Z,-0.000284221216,2026-06-03 02:01:36.987,2.519444444444
LED experiment,pioreactor02,2026-06-02T20:16:41.988Z,-0.000646779608,2026-06-03 02:01:41.988,2.520833333333
LED experiment,pioreactor02,2026-06-02T20:16:51.988Z,-0.000613863848,2026-06-03 02:01:51.988,2.523611111111
LED experiment,pioreactor02,2026-06-02T20:16:56.986Z,-0.000282505698,2026-06-03 02:01:56.986,2.525
LED experiment,pioreactor02,2026-06-02T20:17:01.987Z,-0.000112321165,2026-06-03 02:02:01.987,2.526388888889
LED experiment,pioreactor02,2026-06-02T20:17:11.989Z,0.00014041772,2026-06-03 02:02:11.989,2.529166666667
LED experiment,pioreactor02,2026-06-02T20:17:16.987Z,0.000257503801,2026-06-03 02:02:16.987,2.530555555556
LED experiment,pioreactor02,2026-06-02T20:17:26.988Z,6.7468789e-05,2026-06-03 02:02:26.988,2.533333333333
LED experiment,pioreactor02,2026-06-02T20:17:31.987Z,-3.7071121e-05,2026-06-03 02:02:31.987,2.534722222222
LED experiment,pioreactor02,2026-06-02T20:17:41.989Z,-0.000341207624,2026-06-03 02:02:41.989,2.5375
LED experiment,pioreactor02,2026-06-02T20:17:46.986Z,-0.000948042805,2026-06-03 02:02:46.986,2.538888888889
LED experiment,pioreactor02,2026-06-02T20:17:51.990Z,-0.001349893806,2026-06-03 02:02:51.990,2.540277777778
LED experiment,pioreactor02,2026-06-02T20:17:56.988Z,-0.001782110763,2026-06-03 02:02:56.988,2.541666666667
LED experiment,pioreactor02,2026-06-02T20:18:01.989Z,-0.002015159673,2026-06-03 02:03:01.989,2.543055555556
LED experiment,pioreactor02,2026-06-02T20:18:11.988Z,-0.002257902809,2026-06-03 02:03:11.988,2.545833333333
LED experiment,pioreactor02,2026-06-02T20:18:16.987Z,-0.002512699454,2026-06-03 02:03:16.987,2.547222222222
LED experiment,pioreactor02,2026-06-02T20:18:21.987Z,-0.002717673166,2026-06-03 02:03:21.987,2.548611111111
LED experiment,pioreactor02,2026-06-02T20:18:26.988Z,-0.002776025957,2026-06-03 02:03:26.988,2.55
LED experiment,pioreactor02,2026-06-02T20:18:31.986Z,-0.002495967717,2026-06-03 02:03:31.986,2.551388888889
LED experiment,pioreactor02,2026-06-02T20:18:36.992Z,-0.002377723603,2026-06-03 02:03:36.992,2.552777777778
LED experiment,pioreactor02,2026-06-02T20:18:41.989Z,-0.002635053257,2026-06-03 02:03:41.989,2.554166666667
LED experiment,pioreactor02,2026-06-02T20:18:51.989Z,-0.002559529044,2026-06-03 02:03:51.989,2.556944444444
LED experiment,pioreactor02,2026-06-02T20:19:01.987Z,-0.002381308095,2026-06-03 02:04:01.987,2.559722222222
LED experiment,pioreactor02,2026-06-02T20:19:11.989Z,-0.001759878651,2026-06-03 02:04:11.989,2.5625
LED experiment,pioreactor02,2026-06-02T20:19:16.990Z,-0.001805154151,2026-06-03 02:04:16.990,2.563888888889
LED experiment,pioreactor02,2026-06-02T20:19:21.986Z,-0.001699428059,2026-06-03 02:04:21.986,2.565277777778
LED experiment,pioreactor02,2026-06-02T20:19:26.988Z,-0.001709177296,2026-06-03 02:04:26.988,2.566666666667
LED experiment,pioreactor02,2026-06-02T20:19:31.987Z,-0.001773100532,2026-06-03 02:04:31.987,2.568055555556
LED experiment,pioreactor02,2026-06-02T20:19:36.989Z,-0.001628927521,2026-06-03 02:04:36.989,2.569444444444
LED experiment,pioreactor02,2026-06-02T20:19:46.988Z,-0.001405197637,2026-06-03 02:04:46.988,2.572222222222
LED experiment,pioreactor02,2026-06-02T20:19:51.988Z,-0.001064465672,2026-06-03 02:04:51.988,2.573611111111
LED experiment,pioreactor02,2026-06-02T20:19:56.991Z,-0.000844255246,2026-06-03 02:04:56.991,2.575
LED experiment,pioreactor02,2026-06-02T20:20:01.987Z,-0.000595450665,2026-06-03 02:05:01.987,2.576388888889
LED experiment,pioreactor02,2026-06-02T20:20:06.988Z,-0.000446307637,2026-06-03 02:05:06.988,2.577777777778
LED experiment,pioreactor02,2026-06-02T20:20:16.990Z,-0.000245591767,2026-06-03 02:05:16.990,2.580555555556
LED experiment,pioreactor02,2026-06-02T20:20:26.989Z,1.581487e-06,2026-06-03 02:05:26.989,2.583333333333
LED experiment,pioreactor02,2026-06-02T20:20:31.987Z,0.000371981358,2026-06-03 02:05:31.987,2.584722222222
LED experiment,pioreactor02,2026-06-02T20:20:36.987Z,0.000498266992,2026-06-03 02:05:36.987,2.586111111111
LED experiment,pioreactor02,2026-06-02T20:20:41.989Z,0.00063692457,2026-06-03 02:05:41.989,2.5875
LED experiment,pioreactor02,2026-06-02T20:20:46.989Z,0.000709504285,2026-06-03 02:05:46.989,2.588888888889
LED experiment,pioreactor02,2026-06-02T20:20:51.989Z,0.0008657341,2026-06-03 02:05:51.989,2.590277777778
LED experiment,pioreactor02,2026-06-02T20:20:56.989Z,0.000847545528,2026-06-03 02:05:56.989,2.591666666667
LED experiment,pioreactor02,2026-06-02T20:21:01.989Z,0.000893214155,2026-06-03 02:06:01.989,2.593055555556
LED experiment,pioreactor02,2026-06-02T20:21:06.989Z,0.001444055542,2026-06-03 02:06:06.989,2.594444444444
LED experiment,pioreactor02,2026-06-02T20:21:11.987Z,0.002530466283,2026-06-03 02:06:11.987,2.595833333333
LED experiment,pioreactor02,2026-06-02T20:21:21.987Z,0.002430244803,2026-06-03 02:06:21.987,2.598611111111
LED experiment,pioreactor02,2026-06-02T20:21:36.991Z,0.003045389666,2026-06-03 02:06:36.991,2.602777777778
LED experiment,pioreactor02,2026-06-02T20:21:41.987Z,0.00307082766,2026-06-03 02:06:41.987,2.604166666667
LED experiment,pioreactor02,2026-06-02T20:21:46.991Z,0.003120118432,2026-06-03 02:06:46.991,2.605555555556
LED experiment,pioreactor02,2026-06-02T20:21:56.987Z,0.003415300882,2026-06-03 02:06:56.987,2.608333333333
LED experiment,pioreactor02,2026-06-02T20:22:01.987Z,0.00363587729,2026-06-03 02:07:01.987,2.609722222222
LED experiment,pioreactor02,2026-06-02T20:22:06.988Z,0.003685421571,2026-06-03 02:07:06.988,2.611111111111
LED experiment,pioreactor02,2026-06-02T20:22:11.987Z,0.003922480751,2026-06-03 02:07:11.987,2.6125
LED experiment,pioreactor02,2026-06-02T20:22:21.987Z,0.004225724989,2026-06-03 02:07:21.987,2.615277777778
LED experiment,pioreactor02,2026-06-02T20:22:26.987Z,0.00493892713,2026-06-03 02:07:26.987,2.616666666667
LED experiment,pioreactor02,2026-06-02T20:22:36.987Z,0.006173134993,2026-06-03 02:07:36.987,2.619444444444
LED experiment,pioreactor02,2026-06-02T20:22:51.990Z,0.006549027523,2026-06-03 02:07:51.990,2.623611111111
LED experiment,pioreactor02,2026-06-02T20:22:56.986Z,0.007220837077,2026-06-03 02:07:56.986,2.625
LED experiment,pioreactor02,2026-06-02T20:23:01.988Z,0.007610524777,2026-06-03 02:08:01.988,2.626388888889
LED experiment,pioreactor02,2026-06-02T20:23:06.989Z,0.007963344747,2026-06-03 02:08:06.989,2.627777777778
LED experiment,pioreactor02,2026-06-02T20:23:11.988Z,0.007786003934,2026-06-03 02:08:11.988,2.629166666667
LED experiment,pioreactor02,2026-06-02T20:23:16.989Z,0.008083645624,2026-06-03 02:08:16.989,2.630555555556
LED experiment,pioreactor02,2026-06-02T20:23:21.988Z,0.008336848299,2026-06-03 02:08:21.988,2.631944444444
LED experiment,pioreactor02,2026-06-02T20:23:26.989Z,0.008778003672,2026-06-03 02:08:26.989,2.633333333333
LED experiment,pioreactor02,2026-06-02T20:23:31.987Z,0.008965328446,2026-06-03 02:08:31.987,2.634722222222
LED experiment,pioreactor02,2026-06-02T20:23:41.987Z,0.008915119823,2026-06-03 02:08:41.987,2.6375
LED experiment,pioreactor02,2026-06-02T20:23:51.988Z,0.009189133143,2026-06-03 02:08:51.988,2.640277777778
LED experiment,pioreactor02,2026-06-02T20:24:01.986Z,0.009690784164,2026-06-03 02:09:01.986,2.643055555556
LED experiment,pioreactor02,2026-06-02T20:24:06.987Z,0.010087212559,2026-06-03 02:09:06.987,2.644444444444
LED experiment,pioreactor02,2026-06-02T20:24:11.987Z,0.009909871589,2026-06-03 02:09:11.987,2.645833333333
LED experiment,pioreactor02,2026-06-02T20:24:26.987Z,0.010430048168,2026-06-03 02:09:26.987,2.65
LED experiment,pioreactor02,2026-06-02T20:24:31.988Z,0.010800214593,2026-06-03 02:09:31.988,2.651388888889
LED experiment,pioreactor02,2026-06-02T20:24:36.988Z,0.010674747412,2026-06-03 02:09:36.988,2.652777777778
LED experiment,pioreactor02,2026-06-02T20:24:51.988Z,0.01120249674,2026-06-03 02:09:51.988,2.656944444444
LED experiment,pioreactor02,2026-06-02T20:24:56.989Z,0.012348973197,2026-06-03 02:09:56.989,2.658333333333
LED experiment,pioreactor02,2026-06-02T20:25:01.987Z,0.013206822649,2026-06-03 02:10:01.987,2.659722222222
LED experiment,pioreactor02,2026-06-02T20:25:06.987Z,0.012937564286,2026-06-03 02:10:06.987,2.661111111111
LED experiment,pioreactor02,2026-06-02T20:25:11.988Z,0.012627502406,2026-06-03 02:10:11.988,2.6625
LED experiment,pioreactor02,2026-06-02T20:25:16.987Z,0.0125662496,2026-06-03 02:10:16.987,2.663888888889
LED experiment,pioreactor02,2026-06-02T20:25:21.986Z,0.012443496414,2026-06-03 02:10:21.986,2.665277777778
LED experiment,pioreactor02,2026-06-02T20:25:26.988Z,0.01250305694,2026-06-03 02:10:26.988,2.666666666667
LED experiment,pioreactor02,2026-06-02T20:25:31.988Z,0.012956019411,2026-06-03 02:10:31.988,2.668055555556
LED experiment,pioreactor02,2026-06-02T20:25:41.991Z,0.012895326531,2026-06-03 02:10:41.991,2.670833333333
LED experiment,pioreactor02,2026-06-02T20:25:46.990Z,0.013673680071,2026-06-03 02:10:46.990,2.672222222222
LED experiment,pioreactor02,2026-06-02T20:25:51.988Z,0.014144319405,2026-06-03 02:10:51.988,2.673611111111
LED experiment,pioreactor02,2026-06-02T20:25:56.987Z,0.014381219376,2026-06-03 02:10:56.987,2.675
LED experiment,pioreactor02,2026-06-02T20:26:06.987Z,0.014202007582,2026-06-03 02:11:06.987,2.677777777778
LED experiment,pioreactor02,2026-06-02T20:26:11.987Z,0.014020609177,2026-06-03 02:11:11.987,2.679166666667
LED experiment,pioreactor02,2026-06-02T20:26:16.987Z,0.01430847664,2026-06-03 02:11:16.987,2.680555555556
LED experiment,pioreactor02,2026-06-02T20:26:21.990Z,0.014707935345,2026-06-03 02:11:21.990,2.681944444444
LED experiment,pioreactor02,2026-06-02T20:26:26.988Z,0.014907515447,2026-06-03 02:11:26.988,2.683333333333
LED experiment,pioreactor02,2026-06-02T20:26:31.987Z,0.014974069678,2026-06-03 02:11:31.987,2.684722222222
LED experiment,pioreactor02,2026-06-02T20:26:36.987Z,0.015368113715,2026-06-03 02:11:36.987,2.686111111111
LED experiment,pioreactor02,2026-06-02T20:26:41.989Z,0.015565930991,2026-06-03 02:11:41.989,2.6875
LED experiment,pioreactor02,2026-06-02T20:26:51.988Z,0.015421344814,2026-06-03 02:11:51.988,2.690277777778
LED experiment,pioreactor02,2026-06-02T20:26:56.986Z,0.01509522949,2026-06-03 02:11:56.986,2.691666666667
LED experiment,pioreactor02,2026-06-02T20:27:01.989Z,0.015560448859,2026-06-03 02:12:01.989,2.693055555556
LED experiment,pioreactor02,2026-06-02T20:27:06.989Z,0.016231596799,2026-06-03 02:12:06.989,2.694444444444
LED experiment,pioreactor02,2026-06-02T20:27:11.986Z,0.016519066749,2026-06-03 02:12:11.986,2.695833333333
LED experiment,pioreactor02,2026-06-02T20:27:26.988Z,0.016384073144,2026-06-03 02:12:26.988,2.7
LED experiment,pioreactor02,2026-06-02T20:27:31.987Z,0.016417556739,2026-06-03 02:12:31.987,2.701388888889
LED experiment,pioreactor02,2026-06-02T20:27:36.987Z,0.017191423295,2026-06-03 02:12:36.987,2.702777777778
LED experiment,pioreactor02,2026-06-02T20:27:41.990Z,0.01737051017,2026-06-03 02:12:41.990,2.704166666667
LED experiment,pioreactor02,2026-06-02T20:27:46.988Z,0.017569621335,2026-06-03 02:12:46.988,2.705555555556
LED experiment,pioreactor02,2026-06-02T20:27:51.987Z,0.017417146616,2026-06-03 02:12:51.987,2.706944444444
LED experiment,pioreactor02,2026-06-02T20:27:56.987Z,0.017462097636,2026-06-03 02:12:56.987,2.708333333333
LED experiment,pioreactor02,2026-06-02T20:28:01.988Z,0.017302231009,2026-06-03 02:13:01.988,2.709722222222
LED experiment,pioreactor02,2026-06-02T20:28:06.987Z,0.01666977359,2026-06-03 02:13:06.987,2.711111111111
LED experiment,pioreactor02,2026-06-02T20:28:11.987Z,0.016428100523,2026-06-03 02:13:11.987,2.7125
LED experiment,pioreactor02,2026-06-02T20:28:16.989Z,0.016965300768,2026-06-03 02:13:16.989,2.713888888889
LED experiment,pioreactor02,2026-06-02T20:28:21.988Z,0.017374451332,2026-06-03 02:13:21.988,2.715277777778
LED experiment,pioreactor02,2026-06-02T20:28:31.987Z,0.017456843077,2026-06-03 02:13:31.987,2.718055555556
LED experiment,pioreactor02,2026-06-02T20:28:36.987Z,0.01752635227,2026-06-03 02:13:36.987,2.719444444444
LED experiment,pioreactor02,2026-06-02T20:28:41.988Z,0.017842792816,2026-06-03 02:13:41.988,2.720833333333
LED experiment,pioreactor02,2026-06-02T20:28:46.987Z,0.018329907495,2026-06-03 02:13:46.987,2.722222222222
LED experiment,pioreactor02,2026-06-02T20:28:51.990Z,0.01878037659,2026-06-03 02:13:51.990,2.723611111111
LED experiment,pioreactor02,2026-06-02T20:28:56.987Z,0.019152406713,2026-06-03 02:13:56.987,2.725
LED experiment,pioreactor02,2026-06-02T20:29:01.988Z,0.019017699793,2026-06-03 02:14:01.988,2.726388888889
LED experiment,pioreactor02,2026-06-02T20:29:06.988Z,0.018654857781,2026-06-03 02:14:06.988,2.727777777778
LED experiment,pioreactor02,2026-06-02T20:29:11.987Z,0.018477357716,2026-06-03 02:14:11.987,2.729166666667
LED experiment,pioreactor02,2026-06-02T20:29:16.987Z,0.018819770918,2026-06-03 02:14:16.987,2.730555555556
LED experiment,pioreactor02,2026-06-02T20:29:21.988Z,0.018932409017,2026-06-03 02:14:21.988,2.731944444444
LED experiment,pioreactor02,2026-06-02T20:29:26.991Z,0.019462486015,2026-06-03 02:14:26.991,2.733333333333
LED experiment,pioreactor02,2026-06-02T20:29:31.987Z,0.019604629002,2026-06-03 02:14:31.987,2.734722222222
LED experiment,pioreactor02,2026-06-02T20:29:36.988Z,0.019430416046,2026-06-03 02:14:36.988,2.736111111111
LED experiment,pioreactor02,2026-06-02T20:29:41.988Z,0.019102506625,2026-06-03 02:14:41.988,2.7375
LED experiment,pioreactor02,2026-06-02T20:29:51.988Z,0.018614240307,2026-06-03 02:14:51.988,2.740277777778
LED experiment,pioreactor02,2026-06-02T20:29:56.988Z,0.018831395748,2026-06-03 02:14:56.988,2.741666666667
LED experiment,pioreactor02,2026-06-02T20:30:06.989Z,0.018534267362,2026-06-03 02:15:06.989,2.744444444444
LED experiment,pioreactor02,2026-06-02T20:30:11.988Z,0.018738327518,2026-06-03 02:15:11.988,2.745833333333
LED experiment,pioreactor02,2026-06-02T20:30:16.988Z,0.019108801825,2026-06-03 02:15:16.988,2.747222222222
LED experiment,pioreactor02,2026-06-02T20:30:21.987Z,0.019232230666,2026-06-03 02:15:21.987,2.748611111111
LED experiment,pioreactor02,2026-06-02T20:30:31.987Z,0.01880087093,2026-06-03 02:15:31.987,2.751388888889
LED experiment,pioreactor02,2026-06-02T20:30:36.989Z,0.018431579469,2026-06-03 02:15:36.989,2.752777777778
LED experiment,pioreactor02,2026-06-02T20:30:41.990Z,0.018542599312,2026-06-03 02:15:41.990,2.754166666667
LED experiment,pioreactor02,2026-06-02T20:30:51.989Z,0.018278544529,2026-06-03 02:15:51.989,2.756944444444
LED experiment,pioreactor02,2026-06-02T20:30:56.989Z,0.018474675708,2026-06-03 02:15:56.989,2.758333333333
LED experiment,pioreactor02,2026-06-02T20:31:01.989Z,0.019144871374,2026-06-03 02:16:01.989,2.759722222222
LED experiment,pioreactor02,2026-06-02T20:31:06.988Z,0.019343133587,2026-06-03 02:16:06.988,2.761111111111
LED experiment,pioreactor02,2026-06-02T20:31:16.987Z,0.019143345593,2026-06-03 02:16:16.987,2.763888888889
LED experiment,pioreactor02,2026-06-02T20:31:21.988Z,0.019564331457,2026-06-03 02:16:21.988,2.765277777778
LED experiment,pioreactor02,2026-06-02T20:31:26.991Z,0.019728968673,2026-06-03 02:16:26.991,2.766666666667
LED experiment,pioreactor02,2026-06-02T20:31:31.988Z,0.01982780823,2026-06-03 02:16:31.988,2.768055555556
LED experiment,pioreactor02,2026-06-02T20:31:41.989Z,0.020348471062,2026-06-03 02:16:41.989,2.770833333333
LED experiment,pioreactor02,2026-06-02T20:31:51.988Z,0.019871322402,2026-06-03 02:16:51.988,2.773611111111
LED experiment,pioreactor02,2026-06-02T20:31:56.987Z,0.019841325096,2026-06-03 02:16:56.987,2.775
LED experiment,pioreactor02,2026-06-02T20:32:01.987Z,0.01959089959,2026-06-03 02:17:01.987,2.776388888889
LED experiment,pioreactor02,2026-06-02T20:32:06.987Z,0.019363920724,2026-06-03 02:17:06.987,2.777777777778
LED experiment,pioreactor02,2026-06-02T20:32:11.987Z,0.019254379517,2026-06-03 02:17:11.987,2.779166666667
LED experiment,pioreactor02,2026-06-02T20:32:16.989Z,0.018728587275,2026-06-03 02:17:16.989,2.780555555556
LED experiment,pioreactor02,2026-06-02T20:32:21.986Z,0.01849704994,2026-06-03 02:17:21.986,2.781944444444
LED experiment,pioreactor02,2026-06-02T20:32:26.987Z,0.018863027502,2026-06-03 02:17:26.987,2.783333333333
LED experiment,pioreactor02,2026-06-02T20:32:36.988Z,0.01930363474,2026-06-03 02:17:36.988,2.786111111111
LED experiment,pioreactor02,2026-06-02T20:32:41.990Z,0.019512864311,2026-06-03 02:17:41.990,2.7875
LED experiment,pioreactor02,2026-06-02T20:32:46.990Z,0.019678563458,2026-06-03 02:17:46.990,2.788888888889
LED experiment,pioreactor02,2026-06-02T20:32:51.987Z,0.01997582113,2026-06-03 02:17:51.987,2.790277777778
LED experiment,pioreactor02,2026-06-02T20:32:56.988Z,0.020014613961,2026-06-03 02:17:56.988,2.791666666667
LED experiment,pioreactor02,2026-06-02T20:33:01.988Z,0.020059164808,2026-06-03 02:18:01.988,2.793055555556
LED experiment,pioreactor02,2026-06-02T20:33:06.988Z,0.020480043571,2026-06-03 02:18:06.988,2.794444444444
LED experiment,pioreactor02,2026-06-02T20:33:11.988Z,0.020345162094,2026-06-03 02:18:11.988,2.795833333333
LED experiment,pioreactor02,2026-06-02T20:33:21.989Z,0.020751696308,2026-06-03 02:18:21.989,2.798611111111
LED experiment,pioreactor02,2026-06-02T20:33:31.987Z,0.020700238913,2026-06-03 02:18:31.987,2.801388888889
LED experiment,pioreactor02,2026-06-02T20:33:36.988Z,0.020821026576,2026-06-03 02:18:36.988,2.802777777778
LED experiment,pioreactor02,2026-06-02T20:33:41.989Z,0.020688461796,2026-06-03 02:18:41.989,2.804166666667
LED experiment,pioreactor02,2026-06-02T20:33:46.990Z,0.020881551787,2026-06-03 02:18:46.990,2.805555555556
LED experiment,pioreactor02,2026-06-02T20:33:51.989Z,0.021191324096,2026-06-03 02:18:51.989,2.806944444444
LED experiment,pioreactor02,2026-06-02T20:33:56.988Z,0.021816879707,2026-06-03 02:18:56.988,2.808333333333
LED experiment,pioreactor02,2026-06-02T20:34:01.989Z,0.022398488638,2026-06-03 02:19:01.989,2.809722222222
LED experiment,pioreactor02,2026-06-02T20:34:06.989Z,0.022825491084,2026-06-03 02:19:06.989,2.811111111111
LED experiment,pioreactor02,2026-06-02T20:34:11.989Z,0.023094531987,2026-06-03 02:19:11.989,2.8125
LED experiment,pioreactor02,2026-06-02T20:34:16.990Z,0.023423715115,2026-06-03 02:19:16.990,2.813888888889
LED experiment,pioreactor02,2026-06-02T20:34:21.988Z,0.023516062764,2026-06-03 02:19:21.988,2.815277777778
LED experiment,pioreactor02,2026-06-02T20:34:26.988Z,0.023150751548,2026-06-03 02:19:26.988,2.816666666667
LED experiment,pioreactor02,2026-06-02T20:34:31.988Z,0.023049288923,2026-06-03 02:19:31.988,2.818055555556
LED experiment,pioreactor02,2026-06-02T20:34:36.988Z,0.023150982448,2026-06-03 02:19:36.988,2.819444444444
LED experiment,pioreactor02,2026-06-02T20:34:46.989Z,0.023050570778,2026-06-03 02:19:46.989,2.822222222222
LED experiment,pioreactor02,2026-06-02T20:34:51.989Z,0.023125860333,2026-06-03 02:19:51.989,2.823611111111
LED experiment,pioreactor02,2026-06-02T20:35:06.990Z,0.023820202456,2026-06-03 02:20:06.990,2.827777777778
LED experiment,pioreactor02,2026-06-02T20:35:11.986Z,0.024072890683,2026-06-03 02:20:11.986,2.829166666667
LED experiment,pioreactor02,2026-06-02T20:35:16.987Z,0.024335883094,2026-06-03 02:20:16.987,2.830555555556
LED experiment,pioreactor02,2026-06-02T20:35:21.988Z,0.024554957694,2026-06-03 02:20:21.988,2.831944444444
LED experiment,pioreactor02,2026-06-02T20:35:26.987Z,0.024404691295,2026-06-03 02:20:26.987,2.833333333333
LED experiment,pioreactor02,2026-06-02T20:35:31.988Z,0.024345704641,2026-06-03 02:20:31.988,2.834722222222
LED experiment,pioreactor02,2026-06-02T20:35:36.988Z,0.024415037376,2026-06-03 02:20:36.988,2.836111111111
LED experiment,pioreactor02,2026-06-02T20:35:41.987Z,0.024213828727,2026-06-03 02:20:41.987,2.8375
LED experiment,pioreactor02,2026-06-02T20:35:46.989Z,0.024363750982,2026-06-03 02:20:46.989,2.838888888889
LED experiment,pioreactor02,2026-06-02T20:35:51.989Z,0.024829315658,2026-06-03 02:20:51.989,2.840277777778
LED experiment,pioreactor02,2026-06-02T20:35:56.993Z,0.024815836725,2026-06-03 02:20:56.993,2.841666666667
LED experiment,pioreactor02,2026-06-02T20:36:06.987Z,0.025032215479,2026-06-03 02:21:06.987,2.844444444444
LED experiment,pioreactor02,2026-06-02T20:36:11.988Z,0.025401904996,2026-06-03 02:21:11.988,2.845833333333
LED experiment,pioreactor02,2026-06-02T20:36:16.988Z,0.025756443215,2026-06-03 02:21:16.988,2.847222222222
LED experiment,pioreactor02,2026-06-02T20:36:21.988Z,0.02638118836,2026-06-03 02:21:21.988,2.848611111111
LED experiment,pioreactor02,2026-06-02T20:36:31.989Z,0.026686690147,2026-06-03 02:21:31.989,2.851388888889
LED experiment,pioreactor02,2026-06-02T20:36:46.988Z,0.026782728028,2026-06-03 02:21:46.988,2.855555555556
LED experiment,pioreactor02,2026-06-02T20:36:51.988Z,0.026821694991,2026-06-03 02:21:51.988,2.856944444444
LED experiment,pioreactor02,2026-06-02T20:36:56.987Z,0.026837294311,2026-06-03 02:21:56.987,2.858333333333
LED experiment,pioreactor02,2026-06-02T20:37:01.988Z,0.026870110207,2026-06-03 02:22:01.988,2.859722222222
LED experiment,pioreactor02,2026-06-02T20:37:11.987Z,0.027191100111,2026-06-03 02:22:11.987,2.8625
LED experiment,pioreactor02,2026-06-02T20:37:21.989Z,0.027237691968,2026-06-03 02:22:21.989,2.865277777778
LED experiment,pioreactor02,2026-06-02T20:37:31.990Z,0.027518099783,2026-06-03 02:22:31.990,2.868055555556
LED experiment,pioreactor02,2026-06-02T20:37:36.988Z,0.027621612744,2026-06-03 02:22:36.988,2.869444444444
LED experiment,pioreactor02,2026-06-02T20:37:51.988Z,0.027881520907,2026-06-03 02:22:51.988,2.873611111111
LED experiment,pioreactor02,2026-06-02T20:37:56.989Z,0.028137693912,2026-06-03 02:22:56.989,2.875
LED experiment,pioreactor02,2026-06-02T20:38:01.987Z,0.028368741963,2026-06-03 02:23:01.987,2.876388888889
LED experiment,pioreactor02,2026-06-02T20:38:16.987Z,0.028262012647,2026-06-03 02:23:16.987,2.880555555556
LED experiment,pioreactor02,2026-06-02T20:38:21.988Z,0.027841308866,2026-06-03 02:23:21.988,2.881944444444
LED experiment,pioreactor02,2026-06-02T20:38:26.991Z,0.027621474559,2026-06-03 02:23:26.991,2.883333333333
LED experiment,pioreactor02,2026-06-02T20:38:31.987Z,0.027315640443,2026-06-03 02:23:31.987,2.884722222222
LED experiment,pioreactor02,2026-06-02T20:38:36.987Z,0.026875866992,2026-06-03 02:23:36.987,2.886111111111
LED experiment,pioreactor02,2026-06-02T20:38:41.987Z,0.026298581787,2026-06-03 02:23:41.987,2.8875
LED experiment,pioreactor02,2026-06-02T20:38:51.988Z,0.026298581787,2026-06-03 02:23:51.988,2.890277777778
LED experiment,pioreactor02,2026-06-02T20:38:56.987Z,0.025621795416,2026-06-03 02:23:56.987,2.891666666667
LED experiment,pioreactor02,2026-06-02T20:39:01.987Z,0.025180680688,2026-06-03 02:24:01.987,2.893055555556
LED experiment,pioreactor02,2026-06-02T20:39:11.987Z,0.024720159826,2026-06-03 02:24:11.987,2.895833333333
LED experiment,pioreactor02,2026-06-02T20:39:26.989Z,0.024332540657,2026-06-03 02:24:26.989,2.9
LED experiment,pioreactor02,2026-06-02T20:39:31.987Z,0.023977054873,2026-06-03 02:24:31.987,2.901388888889
LED experiment,pioreactor02,2026-06-02T20:39:36.988Z,0.023696906758,2026-06-03 02:24:36.988,2.902777777778
LED experiment,pioreactor02,2026-06-02T20:39:41.993Z,0.023491149502,2026-06-03 02:24:41.993,2.904166666667
LED experiment,pioreactor02,2026-06-02T20:39:46.989Z,0.023297404894,2026-06-03 02:24:46.989,2.905555555556
LED experiment,pioreactor02,2026-06-02T20:39:51.987Z,0.023042054894,2026-06-03 02:24:51.987,2.906944444444
LED experiment,pioreactor02,2026-06-02T20:39:56.989Z,0.022790154816,2026-06-03 02:24:56.989,2.908333333333
LED experiment,pioreactor02,2026-06-02T20:40:11.988Z,0.022798175303,2026-06-03 02:25:11.988,2.9125
LED experiment,pioreactor02,2026-06-02T20:40:21.989Z,0.022816842633,2026-06-03 02:25:21.989,2.915277777778
LED experiment,pioreactor02,2026-06-02T20:40:26.988Z,0.022926458136,2026-06-03 02:25:26.988,2.916666666667
LED experiment,pioreactor02,2026-06-02T20:40:31.988Z,0.022983238802,2026-06-03 02:25:31.988,2.918055555556
LED experiment,pioreactor02,2026-06-02T20:40:36.988Z,0.022979860237,2026-06-03 02:25:36.988,2.919444444444
LED experiment,pioreactor02,2026-06-02T20:40:41.986Z,0.023033967701,2026-06-03 02:25:41.986,2.920833333333
LED experiment,pioreactor02,2026-06-02T20:40:46.986Z,0.023096712704,2026-06-03 02:25:46.986,2.922222222222
LED experiment,pioreactor02,2026-06-02T20:40:51.986Z,0.023129431082,2026-06-03 02:25:51.986,2.923611111111
LED experiment,pioreactor02,2026-06-02T20:40:56.986Z,0.023131865684,2026-06-03 02:25:56.986,2.925
LED experiment,pioreactor02,2026-06-02T20:41:06.990Z,0.023201237902,2026-06-03 02:26:06.990,2.927777777778
LED experiment,pioreactor02,2026-06-02T20:41:11.987Z,0.023226637372,2026-06-03 02:26:11.987,2.929166666667
LED experiment,pioreactor02,2026-06-02T20:41:21.990Z,0.023218528838,2026-06-03 02:26:21.990,2.931944444444
LED experiment,pioreactor02,2026-06-02T20:41:26.987Z,0.023251068302,2026-06-03 02:26:26.987,2.933333333333
LED experiment,pioreactor02,2026-06-02T20:41:31.987Z,0.023354320758,2026-06-03 02:26:31.987,2.934722222222
LED experiment,pioreactor02,2026-06-02T20:41:36.987Z,0.0233825134,2026-06-03 02:26:36.987,2.936111111111
LED experiment,pioreactor02,2026-06-02T20:41:41.989Z,0.023459972982,2026-06-03 02:26:41.989,2.9375
LED experiment,pioreactor02,2026-06-02T20:41:46.987Z,0.02358710777,2026-06-03 02:26:46.987,2.938888888889
LED experiment,pioreactor02,2026-06-02T20:41:56.987Z,0.023725599084,2026-06-03 02:26:56.987,2.941666666667
LED experiment,pioreactor02,2026-06-02T20:42:01.988Z,0.023834216354,2026-06-03 02:27:01.988,2.943055555556
LED experiment,pioreactor02,2026-06-02T20:42:06.986Z,0.023927709434,2026-06-03 02:27:06.986,2.944444444444
LED experiment,pioreactor02,2026-06-02T20:42:11.989Z,0.023981881873,2026-06-03 02:27:11.989,2.945833333333
LED experiment,pioreactor02,2026-06-02T20:42:26.990Z,0.024004290898,2026-06-03 02:27:26.990,2.95
LED experiment,pioreactor02,2026-06-02T20:42:31.988Z,0.024094624804,2026-06-03 02:27:31.988,2.951388888889
LED experiment,pioreactor02,2026-06-02T20:42:36.989Z,0.024083425041,2026-06-03 02:27:36.989,2.952777777778
LED experiment,pioreactor02,2026-06-02T20:42:41.987Z,0.024144342516,2026-06-03 02:27:41.987,2.954166666667
LED experiment,pioreactor02,2026-06-02T20:42:46.988Z,0.024117611218,2026-06-03 02:27:46.988,2.955555555556
LED experiment,pioreactor02,2026-06-02T20:42:51.987Z,0.02389415902,2026-06-03 02:27:51.987,2.956944444444
LED experiment,pioreactor02,2026-06-02T20:42:56.987Z,0.023820357723,2026-06-03 02:27:56.987,2.958333333333
LED experiment,pioreactor02,2026-06-02T20:43:01.986Z,0.023905610408,2026-06-03 02:28:01.986,2.959722222222
LED experiment,pioreactor02,2026-06-02T20:43:06.988Z,0.024105948326,2026-06-03 02:28:06.988,2.961111111111
LED experiment,pioreactor02,2026-06-02T20:43:11.987Z,0.024231686943,2026-06-03 02:28:11.987,2.9625
LED experiment,pioreactor02,2026-06-02T20:43:26.987Z,0.024224667447,2026-06-03 02:28:26.987,2.966666666667
LED experiment,pioreactor02,2026-06-02T20:43:31.990Z,0.024248708761,2026-06-03 02:28:31.990,2.968055555556
LED experiment,pioreactor02,2026-06-02T20:43:36.988Z,0.024325680593,2026-06-03 02:28:36.988,2.969444444444
LED experiment,pioreactor02,2026-06-02T20:43:41.987Z,0.024380039007,2026-06-03 02:28:41.987,2.970833333333
LED experiment,pioreactor02,2026-06-02T20:43:51.987Z,0.024323273652,2026-06-03 02:28:51.987,2.973611111111
LED experiment,pioreactor02,2026-06-02T20:43:56.988Z,0.024204882703,2026-06-03 02:28:56.988,2.975
LED experiment,pioreactor02,2026-06-02T20:44:01.990Z,0.024385552887,2026-06-03 02:29:01.990,2.976388888889
LED experiment,pioreactor02,2026-06-02T20:44:06.988Z,0.02474159402,2026-06-03 02:29:06.988,2.977777777778
LED experiment,pioreactor02,2026-06-02T20:44:11.989Z,0.024915744631,2026-06-03 02:29:11.989,2.979166666667
LED experiment,pioreactor02,2026-06-02T20:44:21.987Z,0.025152922138,2026-06-03 02:29:21.987,2.981944444444
LED experiment,pioreactor02,2026-06-02T20:44:31.988Z,0.025172099561,2026-06-03 02:29:31.988,2.984722222222
LED experiment,pioreactor02,2026-06-02T20:44:36.987Z,0.02529572712,2026-06-03 02:29:36.987,2.986111111111
LED experiment,pioreactor02,2026-06-02T20:44:46.987Z,0.025526146831,2026-06-03 02:29:46.987,2.988888888889
LED experiment,pioreactor02,2026-06-02T20:44:56.987Z,0.02598442666,2026-06-03 02:29:56.987,2.991666666667
LED experiment,pioreactor02,2026-06-02T20:45:01.989Z,0.02633713957,2026-06-03 02:30:01.989,2.993055555556
LED experiment,pioreactor02,2026-06-02T20:45:11.988Z,0.026372169771,2026-06-03 02:30:11.988,2.995833333333
LED experiment,pioreactor02,2026-06-02T20:45:16.987Z,0.026368996052,2026-06-03 02:30:16.987,2.997222222222
LED experiment,pioreactor02,2026-06-02T20:45:21.988Z,0.026475393471,2026-06-03 02:30:21.988,2.998611111111
LED experiment,pioreactor02,2026-06-02T20:45:26.988Z,0.026532900637,2026-06-03 02:30:26.988,3.0
LED experiment,pioreactor02,2026-06-02T20:45:31.989Z,0.02638758504,2026-06-03 02:30:31.989,3.001388888889
LED experiment,pioreactor02,2026-06-02T20:45:36.988Z,0.026133410787,2026-06-03 02:30:36.988,3.002777777778
LED experiment,pioreactor02,2026-06-02T20:45:41.988Z,0.025891055925,2026-06-03 02:30:41.988,3.004166666667
LED experiment,pioreactor02,2026-06-02T20:45:46.988Z,0.02604932022,2026-06-03 02:30:46.988,3.005555555556
LED experiment,pioreactor02,2026-06-02T20:45:51.989Z,0.026319660378,2026-06-03 02:30:51.989,3.006944444444
LED experiment,pioreactor02,2026-06-02T20:45:56.989Z,0.026318144906,2026-06-03 02:30:56.989,3.008333333333
LED experiment,pioreactor02,2026-06-02T20:46:01.986Z,0.026307935278,2026-06-03 02:31:01.986,3.009722222222
LED experiment,pioreactor02,2026-06-02T20:46:11.987Z,0.026221712682,2026-06-03 02:31:11.987,3.0125
LED experiment,pioreactor02,2026-06-02T20:46:16.988Z,0.026202531786,2026-06-03 02:31:16.988,3.013888888889
LED experiment,pioreactor02,2026-06-02T20:46:21.988Z,0.026299073646,2026-06-03 02:31:21.988,3.015277777778
LED experiment,pioreactor02,2026-06-02T20:46:26.987Z,0.026411926034,2026-06-03 02:31:26.987,3.016666666667
LED experiment,pioreactor02,2026-06-02T20:46:36.988Z,0.026653358422,2026-06-03 02:31:36.988,3.019444444444
LED experiment,pioreactor02,2026-06-02T20:46:41.987Z,0.02675432753,2026-06-03 02:31:41.987,3.020833333333
LED experiment,pioreactor02,2026-06-02T20:46:46.988Z,0.027029102779,2026-06-03 02:31:46.988,3.022222222222
LED experiment,pioreactor02,2026-06-02T20:46:51.989Z,0.0271534372,2026-06-03 02:31:51.989,3.023611111111
LED experiment,pioreactor02,2026-06-02T20:46:56.988Z,0.027166175273,2026-06-03 02:31:56.988,3.025
LED experiment,pioreactor02,2026-06-02T20:47:01.988Z,0.027466571109,2026-06-03 02:32:01.988,3.026388888889
LED experiment,pioreactor02,2026-06-02T20:47:06.990Z,0.027653190842,2026-06-03 02:32:06.990,3.027777777778
LED experiment,pioreactor02,2026-06-02T20:47:11.988Z,0.027522406363,2026-06-03 02:32:11.988,3.029166666667
LED experiment,pioreactor02,2026-06-02T20:47:27.001Z,0.027522406363,2026-06-03 02:32:27.001,3.033611111111
LED experiment,pioreactor02,2026-06-02T20:47:31.999Z,0.027522406363,2026-06-03 02:32:31.999,3.034722222222
LED experiment,pioreactor02,2026-06-02T20:47:41.988Z,0.027521919865,2026-06-03 02:32:41.988,3.0375
LED experiment,pioreactor02,2026-06-02T20:47:46.988Z,0.027527061065,2026-06-03 02:32:46.988,3.038888888889
LED experiment,pioreactor02,2026-06-02T20:47:56.989Z,0.027542247146,2026-06-03 02:32:56.989,3.041666666667
LED experiment,pioreactor02,2026-06-02T20:48:06.986Z,0.027547724417,2026-06-03 02:33:06.986,3.044444444444
LED experiment,pioreactor02,2026-06-02T20:48:11.987Z,0.027557940727,2026-06-03 02:33:11.987,3.045833333333
LED experiment,pioreactor02,2026-06-02T20:48:16.986Z,0.027560606313,2026-06-03 02:33:16.986,3.047222222222
LED experiment,pioreactor02,2026-06-02T20:48:26.988Z,0.027556106441,2026-06-03 02:33:26.988,3.05
LED experiment,pioreactor02,2026-06-02T20:48:31.988Z,0.027576647837,2026-06-03 02:33:31.988,3.051388888889
LED experiment,pioreactor02,2026-06-02T20:48:41.989Z,0.02761939937,2026-06-03 02:33:41.989,3.054166666667
LED experiment,pioreactor02,2026-06-02T20:48:51.986Z,0.027682278038,2026-06-03 02:33:51.986,3.056944444444
LED experiment,pioreactor02,2026-06-02T20:48:56.987Z,0.027684744728,2026-06-03 02:33:56.987,3.058333333333
LED experiment,pioreactor02,2026-06-02T20:49:01.990Z,0.027719919843,2026-06-03 02:34:01.990,3.059722222222
LED experiment,pioreactor02,2026-06-02T20:49:06.989Z,0.027780993899,2026-06-03 02:34:06.989,3.061111111111
LED experiment,pioreactor02,2026-06-02T20:49:11.987Z,0.02784264638,2026-06-03 02:34:11.987,3.0625
LED experiment,pioreactor02,2026-06-02T20:49:16.988Z,0.027890379567,2026-06-03 02:34:16.988,3.063888888889
LED experiment,pioreactor02,2026-06-02T20:49:21.989Z,0.02794209082,2026-06-03 02:34:21.989,3.065277777778
LED experiment,pioreactor02,2026-06-02T20:49:26.988Z,0.027953627925,2026-06-03 02:34:26.988,3.066666666667
LED experiment,pioreactor02,2026-06-02T20:49:36.986Z,0.027975919011,2026-06-03 02:34:36.986,3.069444444444
LED experiment,pioreactor02,2026-06-02T20:49:41.988Z,0.028058564676,2026-06-03 02:34:41.988,3.070833333333
LED experiment,pioreactor02,2026-06-02T20:49:46.988Z,0.028101356556,2026-06-03 02:34:46.988,3.072222222222
LED experiment,pioreactor02,2026-06-02T20:50:01.987Z,0.028100291374,2026-06-03 02:35:01.987,3.076388888889
LED experiment,pioreactor02,2026-06-02T20:50:06.990Z,0.028146591961,2026-06-03 02:35:06.990,3.077777777778
LED experiment,pioreactor02,2026-06-02T20:50:16.987Z,0.028212100597,2026-06-03 02:35:16.987,3.080555555556
LED experiment,pioreactor02,2026-06-02T20:50:21.987Z,0.028209779519,2026-06-03 02:35:21.987,3.081944444444
LED experiment,pioreactor02,2026-06-02T20:50:26.987Z,0.028259358883,2026-06-03 02:35:26.987,3.083333333333
LED experiment,pioreactor02,2026-06-02T20:50:31.988Z,0.028325588678,2026-06-03 02:35:31.988,3.084722222222
LED experiment,pioreactor02,2026-06-02T20:50:36.988Z,0.028390598061,2026-06-03 02:35:36.988,3.086111111111
LED experiment,pioreactor02,2026-06-02T20:50:41.987Z,0.02838486145,2026-06-03 02:35:41.987,3.0875
LED experiment,pioreactor02,2026-06-02T20:50:46.989Z,0.028423834073,2026-06-03 02:35:46.989,3.088888888889
LED experiment,pioreactor02,2026-06-02T20:50:51.987Z,0.028598738951,2026-06-03 02:35:51.987,3.090277777778
LED experiment,pioreactor02,2026-06-02T20:50:56.989Z,0.028741233644,2026-06-03 02:35:56.989,3.091666666667
LED experiment,pioreactor02,2026-06-02T20:51:01.987Z,0.028846794846,2026-06-03 02:36:01.987,3.093055555556
LED experiment,pioreactor02,2026-06-02T20:51:11.987Z,0.028870809654,2026-06-03 02:36:11.987,3.095833333333
LED experiment,pioreactor02,2026-06-02T20:51:16.987Z,0.02904437833,2026-06-03 02:36:16.987,3.097222222222
LED experiment,pioreactor02,2026-06-02T20:51:26.986Z,0.029191848201,2026-06-03 02:36:26.986,3.1
LED experiment,pioreactor02,2026-06-02T20:51:31.988Z,0.029316716218,2026-06-03 02:36:31.988,3.101388888889
LED experiment,pioreactor02,2026-06-02T20:51:36.991Z,0.029458589195,2026-06-03 02:36:36.991,3.102777777778
LED experiment,pioreactor02,2026-06-02T20:51:41.988Z,0.02965933526,2026-06-03 02:36:41.988,3.104166666667
LED experiment,pioreactor02,2026-06-02T20:51:46.987Z,0.029825078737,2026-06-03 02:36:46.987,3.105555555556
LED experiment,pioreactor02,2026-06-02T20:51:51.989Z,0.029940508744,2026-06-03 02:36:51.989,3.106944444444
LED experiment,pioreactor02,2026-06-02T20:52:01.989Z,0.030033309833,2026-06-03 02:37:01.989,3.109722222222
LED experiment,pioreactor02,2026-06-02T20:52:06.989Z,0.030300691169,2026-06-03 02:37:06.989,3.111111111111
LED experiment,pioreactor02,2026-06-02T20:52:11.989Z,0.030464163187,2026-06-03 02:37:11.989,3.1125
LED experiment,pioreactor02,2026-06-02T20:52:16.987Z,0.030675133216,2026-06-03 02:37:16.987,3.113888888889
LED experiment,pioreactor02,2026-06-02T20:52:21.989Z,0.030839606094,2026-06-03 02:37:21.989,3.115277777778
LED experiment,pioreactor02,2026-06-02T20:52:26.987Z,0.031036044233,2026-06-03 02:37:26.987,3.116666666667
LED experiment,pioreactor02,2026-06-02T20:52:31.988Z,0.03126616697,2026-06-03 02:37:31.988,3.118055555556
LED experiment,pioreactor02,2026-06-02T20:52:41.987Z,0.031457649657,2026-06-03 02:37:41.987,3.120833333333
LED experiment,pioreactor02,2026-06-02T20:52:46.990Z,0.031712320352,2026-06-03 02:37:46.990,3.122222222222
LED experiment,pioreactor02,2026-06-02T20:52:51.991Z,0.031935609661,2026-06-03 02:37:51.991,3.123611111111
LED experiment,pioreactor02,2026-06-02T20:52:56.987Z,0.032065151929,2026-06-03 02:37:56.987,3.125
LED experiment,pioreactor02,2026-06-02T20:53:01.988Z,0.032261798922,2026-06-03 02:38:01.988,3.126388888889
LED experiment,pioreactor02,2026-06-02T20:53:06.988Z,0.032485589603,2026-06-03 02:38:06.988,3.127777777778
LED experiment,pioreactor02,2026-06-02T20:53:11.992Z,0.032602975695,2026-06-03 02:38:11.992,3.129166666667
LED experiment,pioreactor02,2026-06-02T20:53:16.987Z,0.032731133561,2026-06-03 02:38:16.987,3.130555555556
LED experiment,pioreactor02,2026-06-02T20:53:26.987Z,0.032954835871,2026-06-03 02:38:26.987,3.133333333333
LED experiment,pioreactor02,2026-06-02T20:53:31.988Z,0.033146514009,2026-06-03 02:38:31.988,3.134722222222
LED experiment,pioreactor02,2026-06-02T20:53:36.989Z,0.033387189457,2026-06-03 02:38:36.989,3.136111111111
LED experiment,pioreactor02,2026-06-02T20:53:41.989Z,0.033474304851,2026-06-03 02:38:41.989,3.1375
LED experiment,pioreactor02,2026-06-02T20:53:46.988Z,0.033539522732,2026-06-03 02:38:46.988,3.138888888889
LED experiment,pioreactor02,2026-06-02T20:53:56.987Z,0.033581694622,2026-06-03 02:38:56.987,3.141666666667
LED experiment,pioreactor02,2026-06-02T20:54:01.989Z,0.033665499307,2026-06-03 02:39:01.989,3.143055555556
LED experiment,pioreactor02,2026-06-02T20:54:06.988Z,0.033753237563,2026-06-03 02:39:06.988,3.144444444444
LED experiment,pioreactor02,2026-06-02T20:54:11.989Z,0.033851608625,2026-06-03 02:39:11.989,3.145833333333
LED experiment,pioreactor02,2026-06-02T20:54:16.986Z,0.033965947337,2026-06-03 02:39:16.986,3.147222222222
LED experiment,pioreactor02,2026-06-02T20:54:31.988Z,0.034009674659,2026-06-03 02:39:31.988,3.151388888889
LED experiment,pioreactor02,2026-06-02T20:54:36.988Z,0.034024712916,2026-06-03 02:39:36.988,3.152777777778
LED experiment,pioreactor02,2026-06-02T20:54:41.988Z,0.034108126482,2026-06-03 02:39:41.988,3.154166666667
LED experiment,pioreactor02,2026-06-02T20:54:46.989Z,0.034197792681,2026-06-03 02:39:46.989,3.155555555556
LED experiment,pioreactor02,2026-06-02T20:54:56.991Z,0.034129929728,2026-06-03 02:39:56.991,3.158333333333
LED experiment,pioreactor02,2026-06-02T20:55:01.987Z,0.03411315174,2026-06-03 02:40:01.987,3.159722222222
LED experiment,pioreactor02,2026-06-02T20:55:06.988Z,0.034070555861,2026-06-03 02:40:06.988,3.161111111111
LED experiment,pioreactor02,2026-06-02T20:55:11.990Z,0.033956162507,2026-06-03 02:40:11.990,3.1625
LED experiment,pioreactor02,2026-06-02T20:55:16.990Z,0.034050352588,2026-06-03 02:40:16.990,3.163888888889
LED experiment,pioreactor02,2026-06-02T20:55:21.987Z,0.034124745757,2026-06-03 02:40:21.987,3.165277777778
LED experiment,pioreactor02,2026-06-02T20:55:26.987Z,0.034175283468,2026-06-03 02:40:26.987,3.166666666667
LED experiment,pioreactor02,2026-06-02T20:55:31.988Z,0.034239146123,2026-06-03 02:40:31.988,3.168055555556
LED experiment,pioreactor02,2026-06-02T20:55:36.987Z,0.034348132991,2026-06-03 02:40:36.987,3.169444444444
LED experiment,pioreactor02,2026-06-02T20:55:41.988Z,0.034361028689,2026-06-03 02:40:41.988,3.170833333333
LED experiment,pioreactor02,2026-06-02T20:55:46.989Z,0.034400464705,2026-06-03 02:40:46.989,3.172222222222
LED experiment,pioreactor02,2026-06-02T20:55:51.989Z,0.034438457509,2026-06-03 02:40:51.989,3.173611111111
LED experiment,pioreactor02,2026-06-02T20:55:56.986Z,0.034541950483,2026-06-03 02:40:56.986,3.175
LED experiment,pioreactor02,2026-06-02T20:56:11.989Z,0.034837333626,2026-06-03 02:41:11.989,3.179166666667
LED experiment,pioreactor02,2026-06-02T20:56:16.988Z,0.035103503626,2026-06-03 02:41:16.988,3.180555555556
LED experiment,pioreactor02,2026-06-02T20:56:21.988Z,0.035307359203,2026-06-03 02:41:21.988,3.181944444444
LED experiment,pioreactor02,2026-06-02T20:56:26.987Z,0.035522833202,2026-06-03 02:41:26.987,3.183333333333
LED experiment,pioreactor02,2026-06-02T20:56:31.988Z,0.035641060294,2026-06-03 02:41:31.988,3.184722222222
LED experiment,pioreactor02,2026-06-02T20:56:41.990Z,0.035688182601,2026-06-03 02:41:41.990,3.1875
LED experiment,pioreactor02,2026-06-02T20:56:51.988Z,0.036054140672,2026-06-03 02:41:51.988,3.190277777778
LED experiment,pioreactor02,2026-06-02T20:56:56.986Z,0.036262428141,2026-06-03 02:41:56.986,3.191666666667
LED experiment,pioreactor02,2026-06-02T20:57:01.987Z,0.036534476937,2026-06-03 02:42:01.987,3.193055555556
LED experiment,pioreactor02,2026-06-02T20:57:06.989Z,0.036765638431,2026-06-03 02:42:06.989,3.194444444444
LED experiment,pioreactor02,2026-06-02T20:57:16.987Z,0.036788442916,2026-06-03 02:42:16.987,3.197222222222
LED experiment,pioreactor02,2026-06-02T20:57:21.989Z,0.036770420562,2026-06-03 02:42:21.989,3.198611111111
LED experiment,pioreactor02,2026-06-02T20:57:26.988Z,0.036882827963,2026-06-03 02:42:26.988,3.2
LED experiment,pioreactor02,2026-06-02T20:57:31.988Z,0.036945751872,2026-06-03 02:42:31.988,3.201388888889
LED experiment,pioreactor02,2026-06-02T20:57:36.989Z,0.03701491314,2026-06-03 02:42:36.989,3.202777777778
LED experiment,pioreactor02,2026-06-02T20:57:41.988Z,0.036995051718,2026-06-03 02:42:41.988,3.204166666667
LED experiment,pioreactor02,2026-06-02T20:57:46.987Z,0.03705716189,2026-06-03 02:42:46.987,3.205555555556
LED experiment,pioreactor02,2026-06-02T20:57:56.989Z,0.037288899694,2026-06-03 02:42:56.989,3.208333333333
LED experiment,pioreactor02,2026-06-02T20:58:06.987Z,0.037396105976,2026-06-03 02:43:06.987,3.211111111111
LED experiment,pioreactor02,2026-06-02T20:58:11.988Z,0.037243787201,2026-06-03 02:43:11.988,3.2125
LED experiment,pioreactor02,2026-06-02T20:58:16.986Z,0.037287613878,2026-06-03 02:43:16.986,3.213888888889
LED experiment,pioreactor02,2026-06-02T20:58:21.986Z,0.037357826495,2026-06-03 02:43:21.986,3.215277777778
LED experiment,pioreactor02,2026-06-02T20:58:36.988Z,0.037305502283,2026-06-03 02:43:36.988,3.219444444444
LED experiment,pioreactor02,2026-06-02T20:58:41.987Z,0.037281497724,2026-06-03 02:43:41.987,3.220833333333
LED experiment,pioreactor02,2026-06-02T20:58:46.988Z,0.037346744804,2026-06-03 02:43:46.988,3.222222222222
LED experiment,pioreactor02,2026-06-02T20:58:51.988Z,0.037689739524,2026-06-03 02:43:51.988,3.223611111111
LED experiment,pioreactor02,2026-06-02T20:58:56.989Z,0.038145143927,2026-06-03 02:43:56.989,3.225
LED experiment,pioreactor02,2026-06-02T20:59:06.986Z,0.038148867506,2026-06-03 02:44:06.986,3.227777777778
LED experiment,pioreactor02,2026-06-02T20:59:16.987Z,0.03828905625,2026-06-03 02:44:16.987,3.230555555556
LED experiment,pioreactor02,2026-06-02T20:59:31.987Z,0.03848451963,2026-06-03 02:44:31.987,3.234722222222
LED experiment,pioreactor02,2026-06-02T20:59:36.987Z,0.038727016922,2026-06-03 02:44:36.987,3.236111111111
LED experiment,pioreactor02,2026-06-02T20:59:41.988Z,0.039103190236,2026-06-03 02:44:41.988,3.2375
LED experiment,pioreactor02,2026-06-02T20:59:51.986Z,0.039396601263,2026-06-03 02:44:51.986,3.240277777778
LED experiment,pioreactor02,2026-06-02T21:00:01.987Z,0.039305886325,2026-06-03 02:45:01.987,3.243055555556
LED experiment,pioreactor02,2026-06-02T21:00:06.988Z,0.039273887727,2026-06-03 02:45:06.988,3.244444444444
LED experiment,pioreactor02,2026-06-02T21:00:11.987Z,0.039465022841,2026-06-03 02:45:11.987,3.245833333333
LED experiment,pioreactor02,2026-06-02T21:00:16.987Z,0.039608077529,2026-06-03 02:45:16.987,3.247222222222
LED experiment,pioreactor02,2026-06-02T21:00:21.987Z,0.039721498845,2026-06-03 02:45:21.987,3.248611111111
LED experiment,pioreactor02,2026-06-02T21:00:26.987Z,0.039689710725,2026-06-03 02:45:26.987,3.25
LED experiment,pioreactor02,2026-06-02T21:00:36.989Z,0.039697814369,2026-06-03 02:45:36.989,3.252777777778
LED experiment,pioreactor02,2026-06-02T21:00:41.987Z,0.040261547783,2026-06-03 02:45:41.987,3.254166666667
LED experiment,pioreactor02,2026-06-02T21:00:46.991Z,0.040296859108,2026-06-03 02:45:46.991,3.255555555556
LED experiment,pioreactor02,2026-06-02T21:00:51.987Z,0.040440784607,2026-06-03 02:45:51.987,3.256944444444
LED experiment,pioreactor02,2026-06-02T21:00:56.987Z,0.040192899042,2026-06-03 02:45:56.987,3.258333333333
LED experiment,pioreactor02,2026-06-02T21:01:01.986Z,0.040149588814,2026-06-03 02:46:01.986,3.259722222222
LED experiment,pioreactor02,2026-06-02T21:01:06.989Z,0.040371258228,2026-06-03 02:46:06.989,3.261111111111
LED experiment,pioreactor02,2026-06-02T21:01:11.987Z,0.040407596824,2026-06-03 02:46:11.987,3.2625
LED experiment,pioreactor02,2026-06-02T21:01:21.987Z,0.04037331814,2026-06-03 02:46:21.987,3.265277777778
LED experiment,pioreactor02,2026-06-02T21:01:26.989Z,0.04037400481,2026-06-03 02:46:26.989,3.266666666667
LED experiment,pioreactor02,2026-06-02T21:01:31.988Z,0.040571015328,2026-06-03 02:46:31.988,3.268055555556
LED experiment,pioreactor02,2026-06-02T21:01:46.989Z,0.040820713288,2026-06-03 02:46:46.989,3.272222222222
LED experiment,pioreactor02,2026-06-02T21:01:51.988Z,0.040794757915,2026-06-03 02:46:51.988,3.273611111111
LED experiment,pioreactor02,2026-06-02T21:01:56.989Z,0.041286181143,2026-06-03 02:46:56.989,3.275
LED experiment,pioreactor02,2026-06-02T21:02:01.988Z,0.041845931229,2026-06-03 02:47:01.988,3.276388888889
LED experiment,pioreactor02,2026-06-02T21:02:11.987Z,0.042108953388,2026-06-03 02:47:11.987,3.279166666667
LED experiment,pioreactor02,2026-06-02T21:02:21.990Z,0.042402982938,2026-06-03 02:47:21.990,3.281944444444
LED experiment,pioreactor02,2026-06-02T21:02:26.986Z,0.042505950333,2026-06-03 02:47:26.986,3.283333333333
LED experiment,pioreactor02,2026-06-02T21:02:31.987Z,0.042484826409,2026-06-03 02:47:31.987,3.284722222222
LED experiment,pioreactor02,2026-06-02T21:02:36.988Z,0.042616270889,2026-06-03 02:47:36.988,3.286111111111
LED experiment,pioreactor02,2026-06-02T21:02:41.989Z,0.043004967325,2026-06-03 02:47:41.989,3.2875
LED experiment,pioreactor02,2026-06-02T21:02:46.991Z,0.043043450754,2026-06-03 02:47:46.991,3.288888888889
LED experiment,pioreactor02,2026-06-02T21:02:51.988Z,0.043355615213,2026-06-03 02:47:51.988,3.290277777778
LED experiment,pioreactor02,2026-06-02T21:02:56.987Z,0.043583857575,2026-06-03 02:47:56.987,3.291666666667
LED experiment,pioreactor02,2026-06-02T21:03:01.988Z,0.043766419244,2026-06-03 02:48:01.988,3.293055555556
LED experiment,pioreactor02,2026-06-02T21:03:11.987Z,0.043570209439,2026-06-03 02:48:11.987,3.295833333333
LED experiment,pioreactor02,2026-06-02T21:03:21.987Z,0.043884401344,2026-06-03 02:48:21.987,3.298611111111
LED experiment,pioreactor02,2026-06-02T21:03:26.987Z,0.04410947531,2026-06-03 02:48:26.987,3.3
LED experiment,pioreactor02,2026-06-02T21:03:36.988Z,0.043948757209,2026-06-03 02:48:36.988,3.302777777778
LED experiment,pioreactor02,2026-06-02T21:03:41.989Z,0.0437981873,2026-06-03 02:48:41.989,3.304166666667
LED experiment,pioreactor02,2026-06-02T21:03:46.987Z,0.044139610531,2026-06-03 02:48:46.987,3.305555555556
LED experiment,pioreactor02,2026-06-02T21:03:51.988Z,0.044276312043,2026-06-03 02:48:51.988,3.306944444444
LED experiment,pioreactor02,2026-06-02T21:03:56.990Z,0.044188738664,2026-06-03 02:48:56.990,3.308333333333
LED experiment,pioreactor02,2026-06-02T21:04:01.988Z,0.043934833609,2026-06-03 02:49:01.988,3.309722222222
LED experiment,pioreactor02,2026-06-02T21:04:06.988Z,0.043651715719,2026-06-03 02:49:06.988,3.311111111111
LED experiment,pioreactor02,2026-06-02T21:04:11.986Z,0.043489868385,2026-06-03 02:49:11.986,3.3125
LED experiment,pioreactor02,2026-06-02T21:04:16.987Z,0.043506886818,2026-06-03 02:49:16.987,3.313888888889
LED experiment,pioreactor02,2026-06-02T21:04:21.988Z,0.043525348226,2026-06-03 02:49:21.988,3.315277777778
LED experiment,pioreactor02,2026-06-02T21:04:31.987Z,0.043865713928,2026-06-03 02:49:31.987,3.318055555556
LED experiment,pioreactor02,2026-06-02T21:04:36.988Z,0.043866777609,2026-06-03 02:49:36.988,3.319444444444
LED experiment,pioreactor02,2026-06-02T21:04:46.988Z,0.044042727495,2026-06-03 02:49:46.988,3.322222222222
LED experiment,pioreactor02,2026-06-02T21:04:51.990Z,0.043814930459,2026-06-03 02:49:51.990,3.323611111111
LED experiment,pioreactor02,2026-06-02T21:05:01.986Z,0.044052695091,2026-06-03 02:50:01.986,3.326388888889
LED experiment,pioreactor02,2026-06-02T21:05:06.988Z,0.043787384459,2026-06-03 02:50:06.988,3.327777777778
LED experiment,pioreactor02,2026-06-02T21:05:11.987Z,0.043490427704,2026-06-03 02:50:11.987,3.329166666667
LED experiment,pioreactor02,2026-06-02T21:05:21.988Z,0.043300920662,2026-06-03 02:50:21.988,3.331944444444
LED experiment,pioreactor02,2026-06-02T21:05:26.986Z,0.043271967917,2026-06-03 02:50:26.986,3.333333333333
LED experiment,pioreactor02,2026-06-02T21:05:31.988Z,0.042990299736,2026-06-03 02:50:31.988,3.334722222222
LED experiment,pioreactor02,2026-06-02T21:05:36.989Z,0.042720439806,2026-06-03 02:50:36.989,3.336111111111
LED experiment,pioreactor02,2026-06-02T21:05:41.988Z,0.042912676301,2026-06-03 02:50:41.988,3.3375
LED experiment,pioreactor02,2026-06-02T21:05:46.989Z,0.042743307059,2026-06-03 02:50:46.989,3.338888888889
LED experiment,pioreactor02,2026-06-02T21:05:51.987Z,0.042775370318,2026-06-03 02:50:51.987,3.340277777778
LED experiment,pioreactor02,2026-06-02T21:05:56.988Z,0.043243674961,2026-06-03 02:50:56.988,3.341666666667
LED experiment,pioreactor02,2026-06-02T21:06:01.988Z,0.043480840044,2026-06-03 02:51:01.988,3.343055555556
LED experiment,pioreactor02,2026-06-02T21:06:06.988Z,0.043643510912,2026-06-03 02:51:06.988,3.344444444444
LED experiment,pioreactor02,2026-06-02T21:06:11.986Z,0.043706605318,2026-06-03 02:51:11.986,3.345833333333
LED experiment,pioreactor02,2026-06-02T21:06:16.989Z,0.043723234644,2026-06-03 02:51:16.989,3.347222222222
LED experiment,pioreactor02,2026-06-02T21:06:21.988Z,0.043728083568,2026-06-03 02:51:21.988,3.348611111111
LED experiment,pioreactor02,2026-06-02T21:06:36.988Z,0.043753944236,2026-06-03 02:51:36.988,3.352777777778
LED experiment,pioreactor02,2026-06-02T21:06:46.988Z,0.04397236389,2026-06-03 02:51:46.988,3.355555555556
LED experiment,pioreactor02,2026-06-02T21:06:51.988Z,0.043999912091,2026-06-03 02:51:51.988,3.356944444444
LED experiment,pioreactor02,2026-06-02T21:06:56.988Z,0.044432414464,2026-06-03 02:51:56.988,3.358333333333
LED experiment,pioreactor02,2026-06-02T21:07:01.989Z,0.044385626086,2026-06-03 02:52:01.989,3.359722222222
LED experiment,pioreactor02,2026-06-02T21:07:06.988Z,0.044322053913,2026-06-03 02:52:06.988,3.361111111111
LED experiment,pioreactor02,2026-06-02T21:07:11.990Z,0.044258583737,2026-06-03 02:52:11.990,3.3625
LED experiment,pioreactor02,2026-06-02T21:07:26.986Z,0.04425414507,2026-06-03 02:52:26.986,3.366666666667
LED experiment,pioreactor02,2026-06-02T21:07:31.987Z,0.044238741294,2026-06-03 02:52:31.987,3.368055555556
LED experiment,pioreactor02,2026-06-02T21:07:36.989Z,0.04442577603,2026-06-03 02:52:36.989,3.369444444444
LED experiment,pioreactor02,2026-06-02T21:07:41.989Z,0.043822090629,2026-06-03 02:52:41.989,3.370833333333
LED experiment,pioreactor02,2026-06-02T21:07:46.991Z,0.043409001022,2026-06-03 02:52:46.991,3.372222222222
LED experiment,pioreactor02,2026-06-02T21:07:51.988Z,0.043397493977,2026-06-03 02:52:51.988,3.373611111111
LED experiment,pioreactor02,2026-06-02T21:07:56.987Z,0.043771083414,2026-06-03 02:52:56.987,3.375
LED experiment,pioreactor02,2026-06-02T21:08:01.987Z,0.043807267684,2026-06-03 02:53:01.987,3.376388888889
LED experiment,pioreactor02,2026-06-02T21:08:06.987Z,0.043825219423,2026-06-03 02:53:06.987,3.377777777778
LED experiment,pioreactor02,2026-06-02T21:08:11.987Z,0.043954335345,2026-06-03 02:53:11.987,3.379166666667
LED experiment,pioreactor02,2026-06-02T21:08:16.989Z,0.044388004666,2026-06-03 02:53:16.989,3.380555555556
LED experiment,pioreactor02,2026-06-02T21:08:21.986Z,0.044256245006,2026-06-03 02:53:21.986,3.381944444444
LED experiment,pioreactor02,2026-06-02T21:08:31.987Z,0.044309985543,2026-06-03 02:53:31.987,3.384722222222
LED experiment,pioreactor02,2026-06-02T21:08:36.989Z,0.04414860266,2026-06-03 02:53:36.989,3.386111111111
LED experiment,pioreactor02,2026-06-02T21:08:41.990Z,0.043981588766,2026-06-03 02:53:41.990,3.3875
LED experiment,pioreactor02,2026-06-02T21:08:46.988Z,0.043815367278,2026-06-03 02:53:46.988,3.388888888889
LED experiment,pioreactor02,2026-06-02T21:08:51.986Z,0.043556663084,2026-06-03 02:53:51.986,3.390277777778
LED experiment,pioreactor02,2026-06-02T21:08:56.988Z,0.043324907165,2026-06-03 02:53:56.988,3.391666666667
LED experiment,pioreactor02,2026-06-02T21:09:01.988Z,0.043279822497,2026-06-03 02:54:01.988,3.393055555556
LED experiment,pioreactor02,2026-06-02T21:09:06.987Z,0.042874021464,2026-06-03 02:54:06.987,3.394444444444
LED experiment,pioreactor02,2026-06-02T21:09:16.989Z,0.042711956442,2026-06-03 02:54:16.989,3.397222222222
LED experiment,pioreactor02,2026-06-02T21:09:26.987Z,0.042450137013,2026-06-03 02:54:26.987,3.4
LED experiment,pioreactor02,2026-06-02T21:09:31.988Z,0.042386655489,2026-06-03 02:54:31.988,3.401388888889
LED experiment,pioreactor02,2026-06-02T21:09:36.988Z,0.042351455153,2026-06-03 02:54:36.988,3.402777777778
LED experiment,pioreactor02,2026-06-02T21:09:46.988Z,0.042708022898,2026-06-03 02:54:46.988,3.405555555556
LED experiment,pioreactor02,2026-06-02T21:09:56.986Z,0.042489224725,2026-06-03 02:54:56.986,3.408333333333
LED experiment,pioreactor02,2026-06-02T21:10:06.986Z,0.042227541301,2026-06-03 02:55:06.986,3.411111111111
LED experiment,pioreactor02,2026-06-02T21:10:11.988Z,0.042184453256,2026-06-03 02:55:11.988,3.4125
LED experiment,pioreactor02,2026-06-02T21:10:16.987Z,0.042179030357,2026-06-03 02:55:16.987,3.413888888889
LED experiment,pioreactor02,2026-06-02T21:10:21.988Z,0.041988924115,2026-06-03 02:55:21.988,3.415277777778
LED experiment,pioreactor02,2026-06-02T21:10:26.987Z,0.042024165317,2026-06-03 02:55:26.987,3.416666666667
LED experiment,pioreactor02,2026-06-02T21:10:31.987Z,0.041722104271,2026-06-03 02:55:31.987,3.418055555556
LED experiment,pioreactor02,2026-06-02T21:10:36.987Z,0.041753865618,2026-06-03 02:55:36.987,3.419444444444
LED experiment,pioreactor02,2026-06-02T21:10:41.988Z,0.042136307999,2026-06-03 02:55:41.988,3.420833333333
LED experiment,pioreactor02,2026-06-02T21:10:46.986Z,0.042415984077,2026-06-03 02:55:46.986,3.422222222222
LED experiment,pioreactor02,2026-06-02T21:10:56.987Z,0.042446887037,2026-06-03 02:55:56.987,3.425
LED experiment,pioreactor02,2026-06-02T21:11:01.989Z,0.042935040878,2026-06-03 02:56:01.989,3.426388888889
LED experiment,pioreactor02,2026-06-02T21:11:06.987Z,0.043039378286,2026-06-03 02:56:06.987,3.427777777778
LED experiment,pioreactor02,2026-06-02T21:11:11.988Z,0.043253392619,2026-06-03 02:56:11.988,3.429166666667
LED experiment,pioreactor02,2026-06-02T21:11:16.987Z,0.043074826038,2026-06-03 02:56:16.987,3.430555555556
LED experiment,pioreactor02,2026-06-02T21:11:21.989Z,0.042997127785,2026-06-03 02:56:21.989,3.431944444444
LED experiment,pioreactor02,2026-06-02T21:11:31.988Z,0.042636269637,2026-06-03 02:56:31.988,3.434722222222
LED experiment,pioreactor02,2026-06-02T21:11:36.988Z,0.042353633044,2026-06-03 02:56:36.988,3.436111111111
LED experiment,pioreactor02,2026-06-02T21:11:41.988Z,0.041996763866,2026-06-03 02:56:41.988,3.4375
LED experiment,pioreactor02,2026-06-02T21:11:51.988Z,0.041752123791,2026-06-03 02:56:51.988,3.440277777778
LED experiment,pioreactor02,2026-06-02T21:12:01.989Z,0.041822216994,2026-06-03 02:57:01.989,3.443055555556
LED experiment,pioreactor02,2026-06-02T21:12:06.988Z,0.041438669715,2026-06-03 02:57:06.988,3.444444444444
LED experiment,pioreactor02,2026-06-02T21:12:11.989Z,0.041038759044,2026-06-03 02:57:11.989,3.445833333333
LED experiment,pioreactor02,2026-06-02T21:12:16.988Z,0.040868925499,2026-06-03 02:57:16.988,3.447222222222
LED experiment,pioreactor02,2026-06-02T21:12:31.987Z,0.040781401734,2026-06-03 02:57:31.987,3.451388888889
LED experiment,pioreactor02,2026-06-02T21:12:46.989Z,0.040584486635,2026-06-03 02:57:46.989,3.455555555556
LED experiment,pioreactor02,2026-06-02T21:12:56.989Z,0.040423141027,2026-06-03 02:57:56.989,3.458333333333
LED experiment,pioreactor02,2026-06-02T21:13:01.990Z,0.040597136615,2026-06-03 02:58:01.990,3.459722222222
LED experiment,pioreactor02,2026-06-02T21:13:06.989Z,0.040791838666,2026-06-03 02:58:06.989,3.461111111111
LED experiment,pioreactor02,2026-06-02T21:13:11.987Z,0.040698503339,2026-06-03 02:58:11.987,3.4625
LED experiment,pioreactor02,2026-06-02T21:13:21.988Z,0.040490345025,2026-06-03 02:58:21.988,3.465277777778
LED experiment,pioreactor02,2026-06-02T21:13:26.988Z,0.040353751354,2026-06-03 02:58:26.988,3.466666666667
LED experiment,pioreactor02,2026-06-02T21:13:31.990Z,0.040288990469,2026-06-03 02:58:31.990,3.468055555556
LED experiment,pioreactor02,2026-06-02T21:13:36.988Z,0.040354319726,2026-06-03 02:58:36.988,3.469444444444
LED experiment,pioreactor02,2026-06-02T21:13:41.987Z,0.040673126231,2026-06-03 02:58:41.987,3.470833333333
LED experiment,pioreactor02,2026-06-02T21:13:51.988Z,0.040698613672,2026-06-03 02:58:51.988,3.473611111111
LED experiment,pioreactor02,2026-06-02T21:13:56.989Z,0.040540491054,2026-06-03 02:58:56.989,3.475
LED experiment,pioreactor02,2026-06-02T21:14:01.989Z,0.040749600608,2026-06-03 02:59:01.989,3.476388888889
LED experiment,pioreactor02,2026-06-02T21:14:11.988Z,0.040678112416,2026-06-03 02:59:11.988,3.479166666667
LED experiment,pioreactor02,2026-06-02T21:14:16.988Z,0.040732389552,2026-06-03 02:59:16.988,3.480555555556
LED experiment,pioreactor02,2026-06-02T21:14:21.987Z,0.040599694889,2026-06-03 02:59:21.987,3.481944444444
LED experiment,pioreactor02,2026-06-02T21:14:31.987Z,0.040322458143,2026-06-03 02:59:31.987,3.484722222222
LED experiment,pioreactor02,2026-06-02T21:14:36.990Z,0.039812449059,2026-06-03 02:59:36.990,3.486111111111
LED experiment,pioreactor02,2026-06-02T21:14:41.988Z,0.039505076861,2026-06-03 02:59:41.988,3.4875
LED experiment,pioreactor02,2026-06-02T21:14:46.987Z,0.039152316183,2026-06-03 02:59:46.987,3.488888888889
LED experiment,pioreactor02,2026-06-02T21:14:51.988Z,0.03888316195,2026-06-03 02:59:51.988,3.490277777778
LED experiment,pioreactor02,2026-06-02T21:15:01.988Z,0.038910284078,2026-06-03 03:00:01.988,3.493055555556
LED experiment,pioreactor02,2026-06-02T21:15:11.986Z,0.039084066361,2026-06-03 03:00:11.986,3.495833333333
LED experiment,pioreactor02,2026-06-02T21:15:16.988Z,0.038836702255,2026-06-03 03:00:16.988,3.497222222222
LED experiment,pioreactor02,2026-06-02T21:15:21.987Z,0.03847429848,2026-06-03 03:00:21.987,3.498611111111
LED experiment,pioreactor02,2026-06-02T21:15:26.988Z,0.038231258315,2026-06-03 03:00:26.988,3.5
LED experiment,pioreactor02,2026-06-02T21:15:31.989Z,0.037968828497,2026-06-03 03:00:31.989,3.501388888889
LED experiment,pioreactor02,2026-06-02T21:15:36.987Z,0.037589976262,2026-06-03 03:00:36.987,3.502777777778
LED experiment,pioreactor02,2026-06-02T21:15:41.987Z,0.037279010888,2026-06-03 03:00:41.987,3.504166666667
LED experiment,pioreactor02,2026-06-02T21:15:46.989Z,0.036938177756,2026-06-03 03:00:46.989,3.505555555556
LED experiment,pioreactor02,2026-06-02T21:15:56.991Z,0.036642732713,2026-06-03 03:00:56.991,3.508333333333
LED experiment,pioreactor02,2026-06-02T21:16:01.989Z,0.036272444362,2026-06-03 03:01:01.989,3.509722222222
LED experiment,pioreactor02,2026-06-02T21:16:06.990Z,0.035972170963,2026-06-03 03:01:06.990,3.511111111111
LED experiment,pioreactor02,2026-06-02T21:16:11.989Z,0.035647727179,2026-06-03 03:01:11.989,3.5125
LED experiment,pioreactor02,2026-06-02T21:16:16.988Z,0.035380579569,2026-06-03 03:01:16.988,3.513888888889
LED experiment,pioreactor02,2026-06-02T21:16:21.987Z,0.035110575399,2026-06-03 03:01:21.987,3.515277777778
LED experiment,pioreactor02,2026-06-02T21:16:26.988Z,0.0349215377,2026-06-03 03:01:26.988,3.516666666667
LED experiment,pioreactor02,2026-06-02T21:16:31.989Z,0.034804234488,2026-06-03 03:01:31.989,3.518055555556
LED experiment,pioreactor02,2026-06-02T21:16:36.988Z,0.034602908613,2026-06-03 03:01:36.988,3.519444444444
LED experiment,pioreactor02,2026-06-02T21:16:41.989Z,0.034414075251,2026-06-03 03:01:41.989,3.520833333333
LED experiment,pioreactor02,2026-06-02T21:16:46.988Z,0.034196804513,2026-06-03 03:01:46.988,3.522222222222
LED experiment,pioreactor02,2026-06-02T21:16:51.988Z,0.033979616517,2026-06-03 03:01:51.988,3.523611111111
LED experiment,pioreactor02,2026-06-02T21:17:06.986Z,0.033917095769,2026-06-03 03:02:06.986,3.527777777778
LED experiment,pioreactor02,2026-06-02T21:17:11.988Z,0.033757681496,2026-06-03 03:02:11.988,3.529166666667
LED experiment,pioreactor02,2026-06-02T21:17:21.988Z,0.033534384536,2026-06-03 03:02:21.988,3.531944444444
LED experiment,pioreactor02,2026-06-02T21:17:26.988Z,0.033534384536,2026-06-03 03:02:26.988,3.533333333333
LED experiment,pioreactor02,2026-06-02T21:17:31.986Z,0.0332941029,2026-06-03 03:02:31.986,3.534722222222
LED experiment,pioreactor02,2026-06-02T21:17:36.988Z,0.0332941029,2026-06-03 03:02:36.988,3.536111111111
LED experiment,pioreactor02,2026-06-02T21:17:46.988Z,0.0332941029,2026-06-03 03:02:46.988,3.538888888889
LED experiment,pioreactor02,2026-06-02T21:17:51.987Z,0.033057954282,2026-06-03 03:02:51.987,3.540277777778
LED experiment,pioreactor02,2026-06-02T21:18:01.986Z,0.032934871803,2026-06-03 03:03:01.986,3.543055555556
LED experiment,pioreactor02,2026-06-02T21:18:06.988Z,0.032883600737,2026-06-03 03:03:06.988,3.544444444444
LED experiment,pioreactor02,2026-06-02T21:18:11.989Z,0.032889147883,2026-06-03 03:03:11.989,3.545833333333
LED experiment,pioreactor02,2026-06-02T21:18:16.987Z,0.032918398586,2026-06-03 03:03:16.987,3.547222222222
LED experiment,pioreactor02,2026-06-02T21:18:21.988Z,0.033040461536,2026-06-03 03:03:21.988,3.548611111111
LED experiment,pioreactor02,2026-06-02T21:18:26.988Z,0.033158223776,2026-06-03 03:03:26.988,3.55
LED experiment,pioreactor02,2026-06-02T21:18:31.989Z,0.03316616809,2026-06-03 03:03:31.989,3.551388888889
LED experiment,pioreactor02,2026-06-02T21:18:36.989Z,0.033153682936,2026-06-03 03:03:36.989,3.552777777778
LED experiment,pioreactor02,2026-06-02T21:18:41.988Z,0.033349906774,2026-06-03 03:03:41.988,3.554166666667
LED experiment,pioreactor02,2026-06-02T21:18:46.987Z,0.03340279565,2026-06-03 03:03:46.987,3.555555555556
LED experiment,pioreactor02,2026-06-02T21:18:51.986Z,0.033440654546,2026-06-03 03:03:51.986,3.556944444444
LED experiment,pioreactor02,2026-06-02T21:18:56.988Z,0.033441527951,2026-06-03 03:03:56.988,3.558333333333
LED experiment,pioreactor02,2026-06-02T21:19:01.988Z,0.033423064616,2026-06-03 03:04:01.988,3.559722222222
LED experiment,pioreactor02,2026-06-02T21:19:11.987Z,0.033494553292,2026-06-03 03:04:11.987,3.5625
LED experiment,pioreactor02,2026-06-02T21:19:16.988Z,0.033430520431,2026-06-03 03:04:16.988,3.563888888889
LED experiment,pioreactor02,2026-06-02T21:19:21.987Z,0.033374635164,2026-06-03 03:04:21.987,3.565277777778
LED experiment,pioreactor02,2026-06-02T21:19:26.988Z,0.033413711467,2026-06-03 03:04:26.988,3.566666666667
LED experiment,pioreactor02,2026-06-02T21:19:31.988Z,0.03347788974,2026-06-03 03:04:31.988,3.568055555556
LED experiment,pioreactor02,2026-06-02T21:19:36.986Z,0.033529341035,2026-06-03 03:04:36.986,3.569444444444
LED experiment,pioreactor02,2026-06-02T21:19:41.990Z,0.033559793869,2026-06-03 03:04:41.990,3.570833333333
LED experiment,pioreactor02,2026-06-02T21:19:46.990Z,0.033633062833,2026-06-03 03:04:46.990,3.572222222222
LED experiment,pioreactor02,2026-06-02T21:19:51.987Z,0.03375561664,2026-06-03 03:04:51.987,3.573611111111
LED experiment,pioreactor02,2026-06-02T21:19:56.989Z,0.033799639343,2026-06-03 03:04:56.989,3.575
LED experiment,pioreactor02,2026-06-02T21:20:11.986Z,0.033847997569,2026-06-03 03:05:11.986,3.579166666667
LED experiment,pioreactor02,2026-06-02T21:20:16.990Z,0.033940211074,2026-06-03 03:05:16.990,3.580555555556
LED experiment,pioreactor02,2026-06-02T21:20:21.986Z,0.033971182386,2026-06-03 03:05:21.986,3.581944444444
LED experiment,pioreactor02,2026-06-02T21:20:26.987Z,0.034016920086,2026-06-03 03:05:26.987,3.583333333333
LED experiment,pioreactor02,2026-06-02T21:20:31.987Z,0.034037495922,2026-06-03 03:05:31.987,3.584722222222
LED experiment,pioreactor02,2026-06-02T21:20:36.987Z,0.034074225357,2026-06-03 03:05:36.987,3.586111111111
LED experiment,pioreactor02,2026-06-02T21:20:46.988Z,0.034085198916,2026-06-03 03:05:46.988,3.588888888889
LED experiment,pioreactor02,2026-06-02T21:20:51.986Z,0.033993591052,2026-06-03 03:05:51.986,3.590277777778
LED experiment,pioreactor02,2026-06-02T21:20:56.988Z,0.033947123077,2026-06-03 03:05:56.988,3.591666666667
LED experiment,pioreactor02,2026-06-02T21:21:01.987Z,0.033941511621,2026-06-03 03:06:01.987,3.593055555556
LED experiment,pioreactor02,2026-06-02T21:21:11.986Z,0.034018010788,2026-06-03 03:06:11.986,3.595833333333
LED experiment,pioreactor02,2026-06-02T21:21:21.988Z,0.034159647046,2026-06-03 03:06:21.988,3.598611111111
LED experiment,pioreactor02,2026-06-02T21:21:31.988Z,0.034222348996,2026-06-03 03:06:31.988,3.601388888889
LED experiment,pioreactor02,2026-06-02T21:21:36.988Z,0.034270261552,2026-06-03 03:06:36.988,3.602777777778
LED experiment,pioreactor02,2026-06-02T21:21:41.989Z,0.034331880761,2026-06-03 03:06:41.989,3.604166666667
LED experiment,pioreactor02,2026-06-02T21:21:46.988Z,0.034419326411,2026-06-03 03:06:46.988,3.605555555556
LED experiment,pioreactor02,2026-06-02T21:21:56.988Z,0.034563684248,2026-06-03 03:06:56.988,3.608333333333
LED experiment,pioreactor02,2026-06-02T21:22:01.990Z,0.034532282387,2026-06-03 03:07:01.990,3.609722222222
LED experiment,pioreactor02,2026-06-02T21:22:06.988Z,0.034511660493,2026-06-03 03:07:06.988,3.611111111111
LED experiment,pioreactor02,2026-06-02T21:22:11.989Z,0.034575006576,2026-06-03 03:07:11.989,3.6125
LED experiment,pioreactor02,2026-06-02T21:22:16.986Z,0.034666423685,2026-06-03 03:07:16.986,3.613888888889
LED experiment,pioreactor02,2026-06-02T21:22:21.987Z,0.03456229426,2026-06-03 03:07:21.987,3.615277777778
LED experiment,pioreactor02,2026-06-02T21:22:26.988Z,0.034590149918,2026-06-03 03:07:26.988,3.616666666667
LED experiment,pioreactor02,2026-06-02T21:22:31.988Z,0.034681542899,2026-06-03 03:07:31.988,3.618055555556
LED experiment,pioreactor02,2026-06-02T21:22:36.987Z,0.034697329758,2026-06-03 03:07:36.987,3.619444444444
LED experiment,pioreactor02,2026-06-02T21:22:41.990Z,0.034945636538,2026-06-03 03:07:41.990,3.620833333333
LED experiment,pioreactor02,2026-06-02T21:22:46.987Z,0.035163214555,2026-06-03 03:07:46.987,3.622222222222
LED experiment,pioreactor02,2026-06-02T21:22:51.988Z,0.035293759731,2026-06-03 03:07:51.988,3.623611111111
LED experiment,pioreactor02,2026-06-02T21:23:01.988Z,0.035306128215,2026-06-03 03:08:01.988,3.626388888889
LED experiment,pioreactor02,2026-06-02T21:23:16.990Z,0.035363678235,2026-06-03 03:08:16.990,3.630555555556
LED experiment,pioreactor02,2026-06-02T21:23:21.986Z,0.035495349809,2026-06-03 03:08:21.986,3.631944444444
LED experiment,pioreactor02,2026-06-02T21:23:26.989Z,0.035684321522,2026-06-03 03:08:26.989,3.633333333333
LED experiment,pioreactor02,2026-06-02T21:23:36.986Z,0.035769013898,2026-06-03 03:08:36.986,3.636111111111
LED experiment,pioreactor02,2026-06-02T21:23:41.988Z,0.035806692952,2026-06-03 03:08:41.988,3.6375
LED experiment,pioreactor02,2026-06-02T21:23:46.988Z,0.035877279762,2026-06-03 03:08:46.988,3.638888888889
LED experiment,pioreactor02,2026-06-02T21:23:51.987Z,0.036109931343,2026-06-03 03:08:51.987,3.640277777778
LED experiment,pioreactor02,2026-06-02T21:23:56.989Z,0.036138828335,2026-06-03 03:08:56.989,3.641666666667
LED experiment,pioreactor02,2026-06-02T21:24:01.990Z,0.036169330211,2026-06-03 03:09:01.990,3.643055555556
LED experiment,pioreactor02,2026-06-02T21:24:06.987Z,0.036194916157,2026-06-03 03:09:06.987,3.644444444444
LED experiment,pioreactor02,2026-06-02T21:24:11.988Z,0.036283574189,2026-06-03 03:09:11.988,3.645833333333
LED experiment,pioreactor02,2026-06-02T21:24:16.988Z,0.036376217861,2026-06-03 03:09:16.988,3.647222222222
LED experiment,pioreactor02,2026-06-02T21:24:21.988Z,0.036114354069,2026-06-03 03:09:21.988,3.648611111111
LED experiment,pioreactor02,2026-06-02T21:24:26.988Z,0.036193520328,2026-06-03 03:09:26.988,3.65
LED experiment,pioreactor02,2026-06-02T21:24:31.988Z,0.036194403147,2026-06-03 03:09:31.988,3.651388888889
LED experiment,pioreactor02,2026-06-02T21:24:41.987Z,0.036003812832,2026-06-03 03:09:41.987,3.654166666667
LED experiment,pioreactor02,2026-06-02T21:24:51.989Z,0.035982468652,2026-06-03 03:09:51.989,3.656944444444
LED experiment,pioreactor02,2026-06-02T21:24:56.989Z,0.035900919667,2026-06-03 03:09:56.989,3.658333333333
LED experiment,pioreactor02,2026-06-02T21:25:01.988Z,0.036151766904,2026-06-03 03:10:01.988,3.659722222222
LED experiment,pioreactor02,2026-06-02T21:25:06.988Z,0.036039686847,2026-06-03 03:10:06.988,3.661111111111
LED experiment,pioreactor02,2026-06-02T21:25:11.987Z,0.035768305303,2026-06-03 03:10:11.987,3.6625
LED experiment,pioreactor02,2026-06-02T21:25:16.989Z,0.035547582179,2026-06-03 03:10:16.989,3.663888888889
LED experiment,pioreactor02,2026-06-02T21:25:21.986Z,0.035684046058,2026-06-03 03:10:21.986,3.665277777778
LED experiment,pioreactor02,2026-06-02T21:25:31.990Z,0.035382985055,2026-06-03 03:10:31.990,3.668055555556
LED experiment,pioreactor02,2026-06-02T21:25:36.989Z,0.035223337437,2026-06-03 03:10:36.989,3.669444444444
LED experiment,pioreactor02,2026-06-02T21:25:46.987Z,0.035183110146,2026-06-03 03:10:46.987,3.672222222222
LED experiment,pioreactor02,2026-06-02T21:25:51.987Z,0.035179864362,2026-06-03 03:10:51.987,3.673611111111
LED experiment,pioreactor02,2026-06-02T21:25:56.988Z,0.035207259794,2026-06-03 03:10:56.988,3.675
LED experiment,pioreactor02,2026-06-02T21:26:01.988Z,0.035386598137,2026-06-03 03:11:01.988,3.676388888889
LED experiment,pioreactor02,2026-06-02T21:26:06.988Z,0.035422694542,2026-06-03 03:11:06.988,3.677777777778
LED experiment,pioreactor02,2026-06-02T21:26:11.988Z,0.035597897559,2026-06-03 03:11:11.988,3.679166666667
LED experiment,pioreactor02,2026-06-02T21:26:16.987Z,0.035826104366,2026-06-03 03:11:16.987,3.680555555556
LED experiment,pioreactor02,2026-06-02T21:26:21.988Z,0.035908476915,2026-06-03 03:11:21.988,3.681944444444
LED experiment,pioreactor02,2026-06-02T21:26:31.987Z,0.036272098265,2026-06-03 03:11:31.987,3.684722222222
LED experiment,pioreactor02,2026-06-02T21:26:41.988Z,0.036432703997,2026-06-03 03:11:41.988,3.6875
LED experiment,pioreactor02,2026-06-02T21:26:46.987Z,0.036524830647,2026-06-03 03:11:46.987,3.688888888889
LED experiment,pioreactor02,2026-06-02T21:27:01.986Z,0.03659913046,2026-06-03 03:12:01.986,3.693055555556
LED experiment,pioreactor02,2026-06-02T21:27:06.988Z,0.03643462447,2026-06-03 03:12:06.988,3.694444444444
LED experiment,pioreactor02,2026-06-02T21:27:11.988Z,0.036477350654,2026-06-03 03:12:11.988,3.695833333333
LED experiment,pioreactor02,2026-06-02T21:27:16.987Z,0.036468206174,2026-06-03 03:12:16.987,3.697222222222
LED experiment,pioreactor02,2026-06-02T21:27:21.989Z,0.036370023168,2026-06-03 03:12:21.989,3.698611111111
LED experiment,pioreactor02,2026-06-02T21:27:31.989Z,0.036357656258,2026-06-03 03:12:31.989,3.701388888889
LED experiment,pioreactor02,2026-06-02T21:27:36.988Z,0.036325235048,2026-06-03 03:12:36.988,3.702777777778
LED experiment,pioreactor02,2026-06-02T21:27:41.988Z,0.036382419223,2026-06-03 03:12:41.988,3.704166666667
LED experiment,pioreactor02,2026-06-02T21:27:46.986Z,0.036237399976,2026-06-03 03:12:46.986,3.705555555556
LED experiment,pioreactor02,2026-06-02T21:27:51.986Z,0.035882116651,2026-06-03 03:12:51.986,3.706944444444
LED experiment,pioreactor02,2026-06-02T21:27:56.988Z,0.035985728532,2026-06-03 03:12:56.988,3.708333333333
LED experiment,pioreactor02,2026-06-02T21:28:01.988Z,0.035917105606,2026-06-03 03:13:01.988,3.709722222222
LED experiment,pioreactor02,2026-06-02T21:28:11.988Z,0.035859218605,2026-06-03 03:13:11.988,3.7125
LED experiment,pioreactor02,2026-06-02T21:28:16.987Z,0.035988857616,2026-06-03 03:13:16.987,3.713888888889
LED experiment,pioreactor02,2026-06-02T21:28:21.989Z,0.035757649417,2026-06-03 03:13:21.989,3.715277777778
LED experiment,pioreactor02,2026-06-02T21:28:31.988Z,0.035895013974,2026-06-03 03:13:31.988,3.718055555556
LED experiment,pioreactor02,2026-06-02T21:28:36.987Z,0.035968036844,2026-06-03 03:13:36.987,3.719444444444
LED experiment,pioreactor02,2026-06-02T21:28:41.988Z,0.036328947511,2026-06-03 03:13:41.988,3.720833333333
LED experiment,pioreactor02,2026-06-02T21:28:46.988Z,0.036523344585,2026-06-03 03:13:46.988,3.722222222222
LED experiment,pioreactor02,2026-06-02T21:28:51.989Z,0.03640454656,2026-06-03 03:13:51.989,3.723611111111
LED experiment,pioreactor02,2026-06-02T21:28:56.989Z,0.036146857069,2026-06-03 03:13:56.989,3.725
LED experiment,pioreactor02,2026-06-02T21:29:01.989Z,0.035848419198,2026-06-03 03:14:01.989,3.726388888889
LED experiment,pioreactor02,2026-06-02T21:29:06.988Z,0.035613811696,2026-06-03 03:14:06.988,3.727777777778
LED experiment,pioreactor02,2026-06-02T21:29:11.989Z,0.035571724273,2026-06-03 03:14:11.989,3.729166666667
LED experiment,pioreactor02,2026-06-02T21:29:16.988Z,0.035572572504,2026-06-03 03:14:16.988,3.730555555556
LED experiment,pioreactor02,2026-06-02T21:29:21.988Z,0.035488936874,2026-06-03 03:14:21.988,3.731944444444
LED experiment,pioreactor02,2026-06-02T21:29:26.987Z,0.035958812384,2026-06-03 03:14:26.987,3.733333333333
LED experiment,pioreactor02,2026-06-02T21:29:31.988Z,0.035996817194,2026-06-03 03:14:31.988,3.734722222222
LED experiment,pioreactor02,2026-06-02T21:29:36.990Z,0.036268744096,2026-06-03 03:14:36.990,3.736111111111
LED experiment,pioreactor02,2026-06-02T21:29:46.988Z,0.036188568476,2026-06-03 03:14:46.988,3.738888888889
LED experiment,pioreactor02,2026-06-02T21:29:51.990Z,0.03590701957,2026-06-03 03:14:51.990,3.740277777778
LED experiment,pioreactor02,2026-06-02T21:29:56.989Z,0.036149866843,2026-06-03 03:14:56.989,3.741666666667
LED experiment,pioreactor02,2026-06-02T21:30:01.989Z,0.036268959936,2026-06-03 03:15:01.989,3.743055555556
LED experiment,pioreactor02,2026-06-02T21:30:11.987Z,0.036467063414,2026-06-03 03:15:11.987,3.745833333333
LED experiment,pioreactor02,2026-06-02T21:30:16.989Z,0.036558533974,2026-06-03 03:15:16.989,3.747222222222
LED experiment,pioreactor02,2026-06-02T21:30:21.988Z,0.03672818508,2026-06-03 03:15:21.988,3.748611111111
LED experiment,pioreactor02,2026-06-02T21:30:31.987Z,0.036693326782,2026-06-03 03:15:31.987,3.751388888889
LED experiment,pioreactor02,2026-06-02T21:30:36.988Z,0.036887775955,2026-06-03 03:15:36.988,3.752777777778
LED experiment,pioreactor02,2026-06-02T21:30:41.990Z,0.036618866287,2026-06-03 03:15:41.990,3.754166666667
LED experiment,pioreactor02,2026-06-02T21:30:51.987Z,0.036182873726,2026-06-03 03:15:51.987,3.756944444444
LED experiment,pioreactor02,2026-06-02T21:30:56.989Z,0.036028711118,2026-06-03 03:15:56.989,3.758333333333
LED experiment,pioreactor02,2026-06-02T21:31:01.988Z,0.036202006111,2026-06-03 03:16:01.988,3.759722222222
LED experiment,pioreactor02,2026-06-02T21:31:06.988Z,0.035956987245,2026-06-03 03:16:06.988,3.761111111111
LED experiment,pioreactor02,2026-06-02T21:31:11.991Z,0.035982789461,2026-06-03 03:16:11.991,3.7625
LED experiment,pioreactor02,2026-06-02T21:31:21.989Z,0.035677649899,2026-06-03 03:16:21.989,3.765277777778
LED experiment,pioreactor02,2026-06-02T21:31:26.988Z,0.03586176636,2026-06-03 03:16:26.988,3.766666666667
LED experiment,pioreactor02,2026-06-02T21:31:31.990Z,0.036190363683,2026-06-03 03:16:31.990,3.768055555556
LED experiment,pioreactor02,2026-06-02T21:31:36.987Z,0.036557349496,2026-06-03 03:16:36.987,3.769444444444
LED experiment,pioreactor02,2026-06-02T21:31:46.988Z,0.036496927708,2026-06-03 03:16:46.988,3.772222222222
LED experiment,pioreactor02,2026-06-02T21:31:51.988Z,0.036356862311,2026-06-03 03:16:51.988,3.773611111111
LED experiment,pioreactor02,2026-06-02T21:31:56.987Z,0.036031324176,2026-06-03 03:16:56.987,3.775
LED experiment,pioreactor02,2026-06-02T21:32:01.988Z,0.035804180779,2026-06-03 03:17:01.988,3.776388888889
LED experiment,pioreactor02,2026-06-02T21:32:06.987Z,0.035862537131,2026-06-03 03:17:06.987,3.777777777778
LED experiment,pioreactor02,2026-06-02T21:32:11.989Z,0.035794258478,2026-06-03 03:17:11.989,3.779166666667
LED experiment,pioreactor02,2026-06-02T21:32:21.989Z,0.036238096208,2026-06-03 03:17:21.989,3.781944444444
LED experiment,pioreactor02,2026-06-02T21:32:26.988Z,0.036407979204,2026-06-03 03:17:26.988,3.783333333333
LED experiment,pioreactor02,2026-06-02T21:32:31.990Z,0.03637017239,2026-06-03 03:17:31.990,3.784722222222
LED experiment,pioreactor02,2026-06-02T21:32:36.990Z,0.035856496282,2026-06-03 03:17:36.990,3.786111111111
LED experiment,pioreactor02,2026-06-02T21:32:41.988Z,0.035607064711,2026-06-03 03:17:41.988,3.7875
LED experiment,pioreactor02,2026-06-02T21:32:46.986Z,0.035443604977,2026-06-03 03:17:46.986,3.788888888889
LED experiment,pioreactor02,2026-06-02T21:32:51.987Z,0.035408292493,2026-06-03 03:17:51.987,3.790277777778
LED experiment,pioreactor02,2026-06-02T21:33:01.989Z,0.035214164332,2026-06-03 03:18:01.989,3.793055555556
LED experiment,pioreactor02,2026-06-02T21:33:11.987Z,0.035100735287,2026-06-03 03:18:11.987,3.795833333333
LED experiment,pioreactor02,2026-06-02T21:33:16.990Z,0.034998817835,2026-06-03 03:18:16.990,3.797222222222
LED experiment,pioreactor02,2026-06-02T21:33:21.989Z,0.03471680952,2026-06-03 03:18:21.989,3.798611111111
LED experiment,pioreactor02,2026-06-02T21:33:31.986Z,0.034718184345,2026-06-03 03:18:31.986,3.801388888889
LED experiment,pioreactor02,2026-06-02T21:33:36.988Z,0.03491759186,2026-06-03 03:18:36.988,3.802777777778
LED experiment,pioreactor02,2026-06-02T21:33:41.988Z,0.034834464995,2026-06-03 03:18:41.988,3.804166666667
LED experiment,pioreactor02,2026-06-02T21:33:46.989Z,0.034451240138,2026-06-03 03:18:46.989,3.805555555556
LED experiment,pioreactor02,2026-06-02T21:33:51.989Z,0.03444867175,2026-06-03 03:18:51.989,3.806944444444
LED experiment,pioreactor02,2026-06-02T21:33:56.986Z,0.034820622708,2026-06-03 03:18:56.986,3.808333333333
LED experiment,pioreactor02,2026-06-02T21:34:06.988Z,0.035011289388,2026-06-03 03:19:06.988,3.811111111111
LED experiment,pioreactor02,2026-06-02T21:34:11.986Z,0.03508897294,2026-06-03 03:19:11.986,3.8125
LED experiment,pioreactor02,2026-06-02T21:34:16.989Z,0.035119033944,2026-06-03 03:19:16.989,3.813888888889
LED experiment,pioreactor02,2026-06-02T21:34:21.988Z,0.034838868911,2026-06-03 03:19:21.988,3.815277777778
LED experiment,pioreactor02,2026-06-02T21:34:26.987Z,0.03477163105,2026-06-03 03:19:26.987,3.816666666667
LED experiment,pioreactor02,2026-06-02T21:34:31.989Z,0.035107363673,2026-06-03 03:19:31.989,3.818055555556
LED experiment,pioreactor02,2026-06-02T21:34:36.988Z,0.034785055762,2026-06-03 03:19:36.988,3.819444444444
LED experiment,pioreactor02,2026-06-02T21:34:41.988Z,0.034724060735,2026-06-03 03:19:41.988,3.820833333333
LED experiment,pioreactor02,2026-06-02T21:34:46.987Z,0.034658149228,2026-06-03 03:19:46.987,3.822222222222
LED experiment,pioreactor02,2026-06-02T21:34:51.986Z,0.034666352404,2026-06-03 03:19:51.986,3.823611111111
LED experiment,pioreactor02,2026-06-02T21:34:56.988Z,0.034891497214,2026-06-03 03:19:56.988,3.825
LED experiment,pioreactor02,2026-06-02T21:35:01.993Z,0.03471557677,2026-06-03 03:20:01.993,3.826388888889
LED experiment,pioreactor02,2026-06-02T21:35:06.986Z,0.034514910265,2026-06-03 03:20:06.986,3.827777777778
LED experiment,pioreactor02,2026-06-02T21:35:11.987Z,0.034248971616,2026-06-03 03:20:11.987,3.829166666667
LED experiment,pioreactor02,2026-06-02T21:35:16.988Z,0.033838701208,2026-06-03 03:20:16.988,3.830555555556
LED experiment,pioreactor02,2026-06-02T21:35:21.987Z,0.033709083174,2026-06-03 03:20:21.987,3.831944444444
LED experiment,pioreactor02,2026-06-02T21:35:26.990Z,0.033636025178,2026-06-03 03:20:26.990,3.833333333333
LED experiment,pioreactor02,2026-06-02T21:35:31.987Z,0.033568739024,2026-06-03 03:20:31.987,3.834722222222
LED experiment,pioreactor02,2026-06-02T21:35:36.988Z,0.033650177389,2026-06-03 03:20:36.988,3.836111111111
LED experiment,pioreactor02,2026-06-02T21:35:41.989Z,0.033726439984,2026-06-03 03:20:41.989,3.8375
LED experiment,pioreactor02,2026-06-02T21:35:46.989Z,0.033458446415,2026-06-03 03:20:46.989,3.838888888889
LED experiment,pioreactor02,2026-06-02T21:35:56.987Z,0.033038934257,2026-06-03 03:20:56.987,3.841666666667
LED experiment,pioreactor02,2026-06-02T21:36:01.988Z,0.033038187512,2026-06-03 03:21:01.988,3.843055555556
LED experiment,pioreactor02,2026-06-02T21:36:06.988Z,0.03317973102,2026-06-03 03:21:06.988,3.844444444444
LED experiment,pioreactor02,2026-06-02T21:36:16.989Z,0.032975640921,2026-06-03 03:21:16.989,3.847222222222
LED experiment,pioreactor02,2026-06-02T21:36:21.989Z,0.032917252559,2026-06-03 03:21:21.989,3.848611111111
LED experiment,pioreactor02,2026-06-02T21:36:31.988Z,0.033123950722,2026-06-03 03:21:31.988,3.851388888889
LED experiment,pioreactor02,2026-06-02T21:36:36.987Z,0.033412594186,2026-06-03 03:21:36.987,3.852777777778
LED experiment,pioreactor02,2026-06-02T21:36:41.989Z,0.033476417363,2026-06-03 03:21:41.989,3.854166666667
LED experiment,pioreactor02,2026-06-02T21:36:51.989Z,0.033475431789,2026-06-03 03:21:51.989,3.856944444444
LED experiment,pioreactor02,2026-06-02T21:36:56.988Z,0.033465644748,2026-06-03 03:21:56.988,3.858333333333
LED experiment,pioreactor02,2026-06-02T21:37:01.990Z,0.033482052833,2026-06-03 03:22:01.990,3.859722222222
LED experiment,pioreactor02,2026-06-02T21:37:06.989Z,0.033344260409,2026-06-03 03:22:06.989,3.861111111111
LED experiment,pioreactor02,2026-06-02T21:37:11.990Z,0.033116501072,2026-06-03 03:22:11.990,3.8625
LED experiment,pioreactor02,2026-06-02T21:37:16.987Z,0.032877255011,2026-06-03 03:22:16.987,3.863888888889
LED experiment,pioreactor02,2026-06-02T21:37:21.990Z,0.032402432105,2026-06-03 03:22:21.990,3.865277777778
LED experiment,pioreactor02,2026-06-02T21:37:26.988Z,0.032088596466,2026-06-03 03:22:26.988,3.866666666667
LED experiment,pioreactor02,2026-06-02T21:37:31.989Z,0.031863999377,2026-06-03 03:22:31.989,3.868055555556
LED experiment,pioreactor02,2026-06-02T21:37:36.987Z,0.031427114263,2026-06-03 03:22:36.987,3.869444444444
LED experiment,pioreactor02,2026-06-02T21:37:46.988Z,0.031195215961,2026-06-03 03:22:46.988,3.872222222222
LED experiment,pioreactor02,2026-06-02T21:37:51.988Z,0.031349408855,2026-06-03 03:22:51.988,3.873611111111
LED experiment,pioreactor02,2026-06-02T21:37:56.990Z,0.031105204974,2026-06-03 03:22:56.990,3.875
LED experiment,pioreactor02,2026-06-02T21:38:01.989Z,0.031154060653,2026-06-03 03:23:01.989,3.876388888889
LED experiment,pioreactor02,2026-06-02T21:38:06.987Z,0.030963864735,2026-06-03 03:23:06.987,3.877777777778
LED experiment,pioreactor02,2026-06-02T21:38:11.989Z,0.030862499667,2026-06-03 03:23:11.989,3.879166666667
LED experiment,pioreactor02,2026-06-02T21:38:16.987Z,0.030885168429,2026-06-03 03:23:16.987,3.880555555556
LED experiment,pioreactor02,2026-06-02T21:38:21.987Z,0.030405063936,2026-06-03 03:23:21.987,3.881944444444
LED experiment,pioreactor02,2026-06-02T21:38:26.991Z,0.030449940212,2026-06-03 03:23:26.991,3.883333333333
LED experiment,pioreactor02,2026-06-02T21:38:36.987Z,0.030019549097,2026-06-03 03:23:36.987,3.886111111111
LED experiment,pioreactor02,2026-06-02T21:38:41.988Z,0.02971555725,2026-06-03 03:23:41.988,3.8875
LED experiment,pioreactor02,2026-06-02T21:38:46.988Z,0.029589642199,2026-06-03 03:23:46.988,3.888888888889
LED experiment,pioreactor02,2026-06-02T21:38:56.987Z,0.029994852417,2026-06-03 03:23:56.987,3.891666666667
LED experiment,pioreactor02,2026-06-02T21:39:06.987Z,0.029913818447,2026-06-03 03:24:06.987,3.894444444444
LED experiment,pioreactor02,2026-06-02T21:39:11.988Z,0.030180259384,2026-06-03 03:24:11.988,3.895833333333
LED experiment,pioreactor02,2026-06-02T21:39:16.987Z,0.029989409402,2026-06-03 03:24:16.987,3.897222222222
LED experiment,pioreactor02,2026-06-02T21:39:26.988Z,0.030501352277,2026-06-03 03:24:26.988,3.9
LED experiment,pioreactor02,2026-06-02T21:39:31.988Z,0.030537026431,2026-06-03 03:24:31.988,3.901388888889
LED experiment,pioreactor02,2026-06-02T21:39:46.986Z,0.030558184924,2026-06-03 03:24:46.986,3.905555555556
LED experiment,pioreactor02,2026-06-02T21:39:51.988Z,0.030466220967,2026-06-03 03:24:51.988,3.906944444444
LED experiment,pioreactor02,2026-06-02T21:40:11.986Z,0.03074025947,2026-06-03 03:25:11.986,3.9125
LED experiment,pioreactor02,2026-06-02T21:40:16.989Z,0.030780172295,2026-06-03 03:25:16.989,3.913888888889
LED experiment,pioreactor02,2026-06-02T21:40:26.989Z,0.031233973851,2026-06-03 03:25:26.989,3.916666666667
LED experiment,pioreactor02,2026-06-02T21:40:31.988Z,0.031350590493,2026-06-03 03:25:31.988,3.918055555556
LED experiment,pioreactor02,2026-06-02T21:40:36.988Z,0.031582489383,2026-06-03 03:25:36.988,3.919444444444
LED experiment,pioreactor02,2026-06-02T21:40:41.987Z,0.031205058659,2026-06-03 03:25:41.987,3.920833333333
LED experiment,pioreactor02,2026-06-02T21:40:51.987Z,0.030892369056,2026-06-03 03:25:51.987,3.923611111111
LED experiment,pioreactor02,2026-06-02T21:40:56.987Z,0.030467309973,2026-06-03 03:25:56.987,3.925
LED experiment,pioreactor02,2026-06-02T21:41:01.987Z,0.030047116763,2026-06-03 03:26:01.987,3.926388888889
LED experiment,pioreactor02,2026-06-02T21:41:06.986Z,0.029890664472,2026-06-03 03:26:06.986,3.927777777778
LED experiment,pioreactor02,2026-06-02T21:41:16.989Z,0.029624133673,2026-06-03 03:26:16.989,3.930555555556
LED experiment,pioreactor02,2026-06-02T21:41:26.987Z,0.029474390833,2026-06-03 03:26:26.987,3.933333333333
LED experiment,pioreactor02,2026-06-02T21:41:31.987Z,0.029618383371,2026-06-03 03:26:31.987,3.934722222222
LED experiment,pioreactor02,2026-06-02T21:41:36.990Z,0.029627000481,2026-06-03 03:26:36.990,3.936111111111
LED experiment,pioreactor02,2026-06-02T21:41:46.987Z,0.029470002129,2026-06-03 03:26:46.987,3.938888888889
LED experiment,pioreactor02,2026-06-02T21:41:51.989Z,0.029653241206,2026-06-03 03:26:51.989,3.940277777778
LED experiment,pioreactor02,2026-06-02T21:41:56.987Z,0.029412412502,2026-06-03 03:26:56.987,3.941666666667
LED experiment,pioreactor02,2026-06-02T21:42:01.988Z,0.029217982443,2026-06-03 03:27:01.988,3.943055555556
LED experiment,pioreactor02,2026-06-02T21:42:06.987Z,0.029250256841,2026-06-03 03:27:06.987,3.944444444444
LED experiment,pioreactor02,2026-06-02T21:42:11.988Z,0.029397197217,2026-06-03 03:27:11.988,3.945833333333
LED experiment,pioreactor02,2026-06-02T21:42:16.987Z,0.029395640601,2026-06-03 03:27:16.987,3.947222222222
LED experiment,pioreactor02,2026-06-02T21:42:21.990Z,0.029147692763,2026-06-03 03:27:21.990,3.948611111111
LED experiment,pioreactor02,2026-06-02T21:42:26.988Z,0.029184767756,2026-06-03 03:27:26.988,3.95
LED experiment,pioreactor02,2026-06-02T21:42:31.989Z,0.029308042847,2026-06-03 03:27:31.989,3.951388888889
LED experiment,pioreactor02,2026-06-02T21:42:36.987Z,0.029302468589,2026-06-03 03:27:36.987,3.952777777778
LED experiment,pioreactor02,2026-06-02T21:42:41.987Z,0.0291801255,2026-06-03 03:27:41.987,3.954166666667
LED experiment,pioreactor02,2026-06-02T21:42:46.988Z,0.02916546558,2026-06-03 03:27:46.988,3.955555555556
LED experiment,pioreactor02,2026-06-02T21:42:56.989Z,0.02873387188,2026-06-03 03:27:56.989,3.958333333333
LED experiment,pioreactor02,2026-06-02T21:43:01.988Z,0.02854596305,2026-06-03 03:28:01.988,3.959722222222
LED experiment,pioreactor02,2026-06-02T21:43:06.988Z,0.02862711188,2026-06-03 03:28:06.988,3.961111111111
LED experiment,pioreactor02,2026-06-02T21:43:16.986Z,0.028777850656,2026-06-03 03:28:16.986,3.963888888889
LED experiment,pioreactor02,2026-06-02T21:43:21.986Z,0.028607835842,2026-06-03 03:28:21.986,3.965277777778
LED experiment,pioreactor02,2026-06-02T21:43:26.988Z,0.028551308455,2026-06-03 03:28:26.988,3.966666666667
LED experiment,pioreactor02,2026-06-02T21:43:31.989Z,0.027963318221,2026-06-03 03:28:31.989,3.968055555556
LED experiment,pioreactor02,2026-06-02T21:43:36.987Z,0.027750537719,2026-06-03 03:28:36.987,3.969444444444
LED experiment,pioreactor02,2026-06-02T21:43:41.988Z,0.02769613005,2026-06-03 03:28:41.988,3.970833333333
LED experiment,pioreactor02,2026-06-02T21:43:56.987Z,0.027681478171,2026-06-03 03:28:56.987,3.975
LED experiment,pioreactor02,2026-06-02T21:44:01.987Z,0.027717570927,2026-06-03 03:29:01.987,3.976388888889
LED experiment,pioreactor02,2026-06-02T21:44:06.989Z,0.02772875631,2026-06-03 03:29:06.989,3.977777777778
LED experiment,pioreactor02,2026-06-02T21:44:16.987Z,0.02772109144,2026-06-03 03:29:16.987,3.980555555556
LED experiment,pioreactor02,2026-06-02T21:44:26.989Z,0.02803015841,2026-06-03 03:29:26.989,3.983333333333
LED experiment,pioreactor02,2026-06-02T21:44:31.988Z,0.028191836369,2026-06-03 03:29:31.988,3.984722222222
LED experiment,pioreactor02,2026-06-02T21:44:36.989Z,0.028272126235,2026-06-03 03:29:36.989,3.986111111111
LED experiment,pioreactor02,2026-06-02T21:44:41.988Z,0.028347961747,2026-06-03 03:29:41.988,3.9875
LED experiment,pioreactor02,2026-06-02T21:44:46.990Z,0.02828592932,2026-06-03 03:29:46.990,3.988888888889
LED experiment,pioreactor02,2026-06-02T21:44:51.988Z,0.028161804202,2026-06-03 03:29:51.988,3.990277777778
LED experiment,pioreactor02,2026-06-02T21:44:56.987Z,0.028301951201,2026-06-03 03:29:56.987,3.991666666667
LED experiment,pioreactor02,2026-06-02T21:45:01.987Z,0.028285803523,2026-06-03 03:30:01.987,3.993055555556
LED experiment,pioreactor02,2026-06-02T21:45:06.989Z,0.028352842124,2026-06-03 03:30:06.989,3.994444444444
LED experiment,pioreactor02,2026-06-02T21:45:11.988Z,0.02831402586,2026-06-03 03:30:11.988,3.995833333333
LED experiment,pioreactor02,2026-06-02T21:45:16.987Z,0.028086377707,2026-06-03 03:30:16.987,3.997222222222
LED experiment,pioreactor02,2026-06-02T21:45:21.990Z,0.028147274514,2026-06-03 03:30:21.990,3.998611111111
LED experiment,pioreactor02,2026-06-02T21:45:26.990Z,0.028147310297,2026-06-03 03:30:26.990,4.0
LED experiment,pioreactor02,2026-06-02T21:45:36.987Z,0.028523662834,2026-06-03 03:30:36.987,4.002777777778
LED experiment,pioreactor02,2026-06-02T21:45:41.989Z,0.028892967551,2026-06-03 03:30:41.989,4.004166666667
LED experiment,pioreactor02,2026-06-02T21:45:46.989Z,0.028739760926,2026-06-03 03:30:46.989,4.005555555556
LED experiment,pioreactor02,2026-06-02T21:45:51.987Z,0.028344874213,2026-06-03 03:30:51.987,4.006944444444
LED experiment,pioreactor02,2026-06-02T21:46:01.988Z,0.02825584722,2026-06-03 03:31:01.988,4.009722222222
LED experiment,pioreactor02,2026-06-02T21:46:06.989Z,0.0281643266,2026-06-03 03:31:06.989,4.011111111111
LED experiment,pioreactor02,2026-06-02T21:46:21.988Z,0.028245370496,2026-06-03 03:31:21.988,4.015277777778
LED experiment,pioreactor02,2026-06-02T21:46:26.987Z,0.02819796495,2026-06-03 03:31:26.987,4.016666666667
LED experiment,pioreactor02,2026-06-02T21:46:31.989Z,0.028130061151,2026-06-03 03:31:31.989,4.018055555556
LED experiment,pioreactor02,2026-06-02T21:46:36.989Z,0.028088495473,2026-06-03 03:31:36.989,4.019444444444
LED experiment,pioreactor02,2026-06-02T21:46:46.987Z,0.028196273681,2026-06-03 03:31:46.987,4.022222222222
LED experiment,pioreactor02,2026-06-02T21:46:51.991Z,0.028421491806,2026-06-03 03:31:51.991,4.023611111111
LED experiment,pioreactor02,2026-06-02T21:46:56.990Z,0.02839648555,2026-06-03 03:31:56.990,4.025
LED experiment,pioreactor02,2026-06-02T21:47:01.988Z,0.028470208203,2026-06-03 03:32:01.988,4.026388888889
LED experiment,pioreactor02,2026-06-02T21:47:06.989Z,0.028629705736,2026-06-03 03:32:06.989,4.027777777778
LED experiment,pioreactor02,2026-06-02T21:47:11.989Z,0.028502370453,2026-06-03 03:32:11.989,4.029166666667
LED experiment,pioreactor02,2026-06-02T21:47:16.989Z,0.028502370453,2026-06-03 03:32:16.989,4.030555555556
LED experiment,pioreactor02,2026-06-02T21:47:21.987Z,0.028502370453,2026-06-03 03:32:21.987,4.031944444444
LED experiment,pioreactor02,2026-06-02T21:47:26.993Z,0.028502370453,2026-06-03 03:32:26.993,4.033333333333
LED experiment,pioreactor02,2026-06-02T21:47:31.997Z,0.028502370453,2026-06-03 03:32:31.997,4.034722222222
LED experiment,pioreactor02,2026-06-02T21:47:36.988Z,0.02850328592,2026-06-03 03:32:36.988,4.036111111111
LED experiment,pioreactor02,2026-06-02T21:47:51.987Z,0.028525511404,2026-06-03 03:32:51.987,4.040277777778
LED experiment,pioreactor02,2026-06-02T21:48:01.990Z,0.028517078272,2026-06-03 03:33:01.990,4.043055555556
LED experiment,pioreactor02,2026-06-02T21:48:06.989Z,0.028516027534,2026-06-03 03:33:06.989,4.044444444444
LED experiment,pioreactor02,2026-06-02T21:48:11.986Z,0.028522886846,2026-06-03 03:33:11.986,4.045833333333
LED experiment,pioreactor02,2026-06-02T21:48:21.987Z,0.028572437926,2026-06-03 03:33:21.987,4.048611111111
LED experiment,pioreactor02,2026-06-02T21:48:36.988Z,0.028594417613,2026-06-03 03:33:36.988,4.052777777778
LED experiment,pioreactor02,2026-06-02T21:48:41.991Z,0.028607444338,2026-06-03 03:33:41.991,4.054166666667
LED experiment,pioreactor02,2026-06-02T21:48:51.987Z,0.028655813262,2026-06-03 03:33:51.987,4.056944444444
LED experiment,pioreactor02,2026-06-02T21:48:56.989Z,0.028660311617,2026-06-03 03:33:56.989,4.058333333333
LED experiment,pioreactor02,2026-06-02T21:49:01.990Z,0.028703186995,2026-06-03 03:34:01.990,4.059722222222
LED experiment,pioreactor02,2026-06-02T21:49:06.989Z,0.028710464436,2026-06-03 03:34:06.989,4.061111111111
LED experiment,pioreactor02,2026-06-02T21:49:11.986Z,0.028731897464,2026-06-03 03:34:11.986,4.0625
LED experiment,pioreactor02,2026-06-02T21:49:16.987Z,0.028748975009,2026-06-03 03:34:16.987,4.063888888889
LED experiment,pioreactor02,2026-06-02T21:49:21.989Z,0.028759929429,2026-06-03 03:34:21.989,4.065277777778
LED experiment,pioreactor02,2026-06-02T21:49:26.986Z,0.028812033858,2026-06-03 03:34:26.986,4.066666666667
LED experiment,pioreactor02,2026-06-02T21:49:31.986Z,0.028876650117,2026-06-03 03:34:31.986,4.068055555556
LED experiment,pioreactor02,2026-06-02T21:49:46.988Z,0.028783839858,2026-06-03 03:34:46.988,4.072222222222
LED experiment,pioreactor02,2026-06-02T21:49:51.990Z,0.028827887783,2026-06-03 03:34:51.990,4.073611111111
LED experiment,pioreactor02,2026-06-02T21:49:56.989Z,0.028880832998,2026-06-03 03:34:56.989,4.075
LED experiment,pioreactor02,2026-06-02T21:50:11.988Z,0.028955879182,2026-06-03 03:35:11.988,4.079166666667
LED experiment,pioreactor02,2026-06-02T21:50:16.988Z,0.029048074783,2026-06-03 03:35:16.988,4.080555555556
LED experiment,pioreactor02,2026-06-02T21:50:26.987Z,0.029098495723,2026-06-03 03:35:26.987,4.083333333333
LED experiment,pioreactor02,2026-06-02T21:50:31.988Z,0.029195828889,2026-06-03 03:35:31.988,4.084722222222
LED experiment,pioreactor02,2026-06-02T21:50:41.987Z,0.029305176553,2026-06-03 03:35:41.987,4.0875
LED experiment,pioreactor02,2026-06-02T21:50:51.989Z,0.029413474006,2026-06-03 03:35:51.989,4.090277777778
LED experiment,pioreactor02,2026-06-02T21:50:56.989Z,0.029483260282,2026-06-03 03:35:56.989,4.091666666667
LED experiment,pioreactor02,2026-06-02T21:51:01.988Z,0.029515146752,2026-06-03 03:36:01.988,4.093055555556
LED experiment,pioreactor02,2026-06-02T21:51:06.987Z,0.029477736432,2026-06-03 03:36:06.987,4.094444444444
LED experiment,pioreactor02,2026-06-02T21:51:16.988Z,0.02945911807,2026-06-03 03:36:16.988,4.097222222222
LED experiment,pioreactor02,2026-06-02T21:51:21.988Z,0.029464690498,2026-06-03 03:36:21.988,4.098611111111
LED experiment,pioreactor02,2026-06-02T21:51:26.989Z,0.029555142402,2026-06-03 03:36:26.989,4.1
LED experiment,pioreactor02,2026-06-02T21:51:36.988Z,0.029702380101,2026-06-03 03:36:36.988,4.102777777778
LED experiment,pioreactor02,2026-06-02T21:51:41.987Z,0.02972544343,2026-06-03 03:36:41.987,4.104166666667
LED experiment,pioreactor02,2026-06-02T21:51:46.988Z,0.029725237774,2026-06-03 03:36:46.988,4.105555555556
LED experiment,pioreactor02,2026-06-02T21:51:51.987Z,0.029615262655,2026-06-03 03:36:51.987,4.106944444444
LED experiment,pioreactor02,2026-06-02T21:51:56.990Z,0.02961722956,2026-06-03 03:36:56.990,4.108333333333
LED experiment,pioreactor02,2026-06-02T21:52:06.987Z,0.029709800619,2026-06-03 03:37:06.987,4.111111111111
LED experiment,pioreactor02,2026-06-02T21:52:11.988Z,0.029804029842,2026-06-03 03:37:11.988,4.1125
LED experiment,pioreactor02,2026-06-02T21:52:16.989Z,0.029890594752,2026-06-03 03:37:16.989,4.113888888889
LED experiment,pioreactor02,2026-06-02T21:52:21.987Z,0.030027136968,2026-06-03 03:37:21.987,4.115277777778
LED experiment,pioreactor02,2026-06-02T21:52:26.988Z,0.030194923331,2026-06-03 03:37:26.988,4.116666666667
LED experiment,pioreactor02,2026-06-02T21:52:31.988Z,0.030343162466,2026-06-03 03:37:31.988,4.118055555556
LED experiment,pioreactor02,2026-06-02T21:52:36.988Z,0.030415230259,2026-06-03 03:37:36.988,4.119444444444
LED experiment,pioreactor02,2026-06-02T21:52:41.988Z,0.030450383106,2026-06-03 03:37:41.988,4.120833333333
LED experiment,pioreactor02,2026-06-02T21:52:46.987Z,0.03068184451,2026-06-03 03:37:46.987,4.122222222222
LED experiment,pioreactor02,2026-06-02T21:52:51.987Z,0.030820184349,2026-06-03 03:37:51.987,4.123611111111
LED experiment,pioreactor02,2026-06-02T21:52:56.987Z,0.030946004158,2026-06-03 03:37:56.987,4.125
LED experiment,pioreactor02,2026-06-02T21:53:01.988Z,0.031071972699,2026-06-03 03:38:01.988,4.126388888889
LED experiment,pioreactor02,2026-06-02T21:53:11.989Z,0.031258326757,2026-06-03 03:38:11.989,4.129166666667
LED experiment,pioreactor02,2026-06-02T21:53:16.988Z,0.03124838173,2026-06-03 03:38:16.988,4.130555555556
LED experiment,pioreactor02,2026-06-02T21:53:26.987Z,0.03131227975,2026-06-03 03:38:26.987,4.133333333333
LED experiment,pioreactor02,2026-06-02T21:53:31.987Z,0.031317468024,2026-06-03 03:38:31.987,4.134722222222
LED experiment,pioreactor02,2026-06-02T21:53:36.988Z,0.031382796464,2026-06-03 03:38:36.988,4.136111111111
LED experiment,pioreactor02,2026-06-02T21:53:41.989Z,0.031537657952,2026-06-03 03:38:41.989,4.1375
LED experiment,pioreactor02,2026-06-02T21:53:46.987Z,0.031717968101,2026-06-03 03:38:46.987,4.138888888889
LED experiment,pioreactor02,2026-06-02T21:53:56.988Z,0.031845683995,2026-06-03 03:38:56.988,4.141666666667
LED experiment,pioreactor02,2026-06-02T21:54:06.987Z,0.0320028652,2026-06-03 03:39:06.987,4.144444444444
LED experiment,pioreactor02,2026-06-02T21:54:11.989Z,0.03199028945,2026-06-03 03:39:11.989,4.145833333333
LED experiment,pioreactor02,2026-06-02T21:54:21.989Z,0.032286575789,2026-06-03 03:39:21.989,4.148611111111
LED experiment,pioreactor02,2026-06-02T21:54:26.988Z,0.032537014658,2026-06-03 03:39:26.988,4.15
LED experiment,pioreactor02,2026-06-02T21:54:31.988Z,0.032640465403,2026-06-03 03:39:31.988,4.151388888889
LED experiment,pioreactor02,2026-06-02T21:54:36.988Z,0.032886408253,2026-06-03 03:39:36.988,4.152777777778
LED experiment,pioreactor02,2026-06-02T21:54:41.988Z,0.033136575207,2026-06-03 03:39:41.988,4.154166666667
LED experiment,pioreactor02,2026-06-02T21:54:46.987Z,0.033342223576,2026-06-03 03:39:46.987,4.155555555556
LED experiment,pioreactor02,2026-06-02T21:54:51.987Z,0.033498272363,2026-06-03 03:39:51.987,4.156944444444
LED experiment,pioreactor02,2026-06-02T21:54:56.990Z,0.033720152154,2026-06-03 03:39:56.990,4.158333333333
LED experiment,pioreactor02,2026-06-02T21:55:01.988Z,0.033815439895,2026-06-03 03:40:01.988,4.159722222222
LED experiment,pioreactor02,2026-06-02T21:55:06.989Z,0.033823983658,2026-06-03 03:40:06.989,4.161111111111
LED experiment,pioreactor02,2026-06-02T21:55:11.987Z,0.033650556483,2026-06-03 03:40:11.987,4.1625
LED experiment,pioreactor02,2026-06-02T21:55:16.988Z,0.033658952711,2026-06-03 03:40:16.988,4.163888888889
LED experiment,pioreactor02,2026-06-02T21:55:21.989Z,0.033829495732,2026-06-03 03:40:21.989,4.165277777778
LED experiment,pioreactor02,2026-06-02T21:55:26.987Z,0.033879605681,2026-06-03 03:40:26.987,4.166666666667
LED experiment,pioreactor02,2026-06-02T21:55:31.987Z,0.033999822322,2026-06-03 03:40:31.987,4.168055555556
LED experiment,pioreactor02,2026-06-02T21:55:36.986Z,0.034264185146,2026-06-03 03:40:36.986,4.169444444444
LED experiment,pioreactor02,2026-06-02T21:55:41.987Z,0.034347158809,2026-06-03 03:40:41.987,4.170833333333
LED experiment,pioreactor02,2026-06-02T21:55:46.987Z,0.034285060276,2026-06-03 03:40:46.987,4.172222222222
LED experiment,pioreactor02,2026-06-02T21:55:56.986Z,0.034572513667,2026-06-03 03:40:56.986,4.175
LED experiment,pioreactor02,2026-06-02T21:56:01.987Z,0.034539249667,2026-06-03 03:41:01.987,4.176388888889
LED experiment,pioreactor02,2026-06-02T21:56:06.989Z,0.034528573474,2026-06-03 03:41:06.989,4.177777777778
LED experiment,pioreactor02,2026-06-02T21:56:16.988Z,0.03454008903,2026-06-03 03:41:16.988,4.180555555556
LED experiment,pioreactor02,2026-06-02T21:56:21.990Z,0.034817480079,2026-06-03 03:41:21.990,4.181944444444
LED experiment,pioreactor02,2026-06-02T21:56:26.987Z,0.034645193795,2026-06-03 03:41:26.987,4.183333333333
LED experiment,pioreactor02,2026-06-02T21:56:36.988Z,0.034462186116,2026-06-03 03:41:36.988,4.186111111111
LED experiment,pioreactor02,2026-06-02T21:56:41.988Z,0.034401040695,2026-06-03 03:41:41.988,4.1875
LED experiment,pioreactor02,2026-06-02T21:56:46.989Z,0.034411801837,2026-06-03 03:41:46.989,4.188888888889
LED experiment,pioreactor02,2026-06-02T21:56:51.987Z,0.03450716003,2026-06-03 03:41:51.987,4.190277777778
LED experiment,pioreactor02,2026-06-02T21:56:56.987Z,0.034575326783,2026-06-03 03:41:56.987,4.191666666667
LED experiment,pioreactor02,2026-06-02T21:57:01.988Z,0.03438792659,2026-06-03 03:42:01.988,4.193055555556
LED experiment,pioreactor02,2026-06-02T21:57:06.989Z,0.034553350315,2026-06-03 03:42:06.989,4.194444444444
LED experiment,pioreactor02,2026-06-02T21:57:11.989Z,0.034441578751,2026-06-03 03:42:11.989,4.195833333333
LED experiment,pioreactor02,2026-06-02T21:57:16.988Z,0.03426628714,2026-06-03 03:42:16.988,4.197222222222
LED experiment,pioreactor02,2026-06-02T21:57:21.989Z,0.034082711897,2026-06-03 03:42:21.989,4.198611111111
LED experiment,pioreactor02,2026-06-02T21:57:26.990Z,0.033897687732,2026-06-03 03:42:26.990,4.2
LED experiment,pioreactor02,2026-06-02T21:57:31.990Z,0.034036346737,2026-06-03 03:42:31.990,4.201388888889
LED experiment,pioreactor02,2026-06-02T21:57:36.990Z,0.034110684236,2026-06-03 03:42:36.990,4.202777777778
LED experiment,pioreactor02,2026-06-02T21:57:46.988Z,0.034322073941,2026-06-03 03:42:46.988,4.205555555556
LED experiment,pioreactor02,2026-06-02T21:57:56.987Z,0.034637961162,2026-06-03 03:42:56.987,4.208333333333
LED experiment,pioreactor02,2026-06-02T21:58:06.987Z,0.034965234344,2026-06-03 03:43:06.987,4.211111111111
LED experiment,pioreactor02,2026-06-02T21:58:16.988Z,0.034883002983,2026-06-03 03:43:16.988,4.213888888889
LED experiment,pioreactor02,2026-06-02T21:58:21.989Z,0.03475675933,2026-06-03 03:43:21.989,4.215277777778
LED experiment,pioreactor02,2026-06-02T21:58:31.988Z,0.034871764355,2026-06-03 03:43:31.988,4.218055555556
LED experiment,pioreactor02,2026-06-02T21:58:36.989Z,0.034767118963,2026-06-03 03:43:36.989,4.219444444444
LED experiment,pioreactor02,2026-06-02T21:58:41.987Z,0.034715359689,2026-06-03 03:43:41.987,4.220833333333
LED experiment,pioreactor02,2026-06-02T21:58:46.989Z,0.034562396704,2026-06-03 03:43:46.989,4.222222222222
LED experiment,pioreactor02,2026-06-02T21:58:51.986Z,0.034629721657,2026-06-03 03:43:51.986,4.223611111111
LED experiment,pioreactor02,2026-06-02T21:58:56.990Z,0.034763118146,2026-06-03 03:43:56.990,4.225
LED experiment,pioreactor02,2026-06-02T21:59:01.987Z,0.034960537336,2026-06-03 03:44:01.987,4.226388888889
LED experiment,pioreactor02,2026-06-02T21:59:06.990Z,0.035212554734,2026-06-03 03:44:06.990,4.227777777778
LED experiment,pioreactor02,2026-06-02T21:59:11.987Z,0.035140097454,2026-06-03 03:44:11.987,4.229166666667
LED experiment,pioreactor02,2026-06-02T21:59:16.990Z,0.035178749036,2026-06-03 03:44:16.990,4.230555555556
LED experiment,pioreactor02,2026-06-02T21:59:21.988Z,0.034972990839,2026-06-03 03:44:21.988,4.231944444444
LED experiment,pioreactor02,2026-06-02T21:59:26.989Z,0.034786905232,2026-06-03 03:44:26.989,4.233333333333
LED experiment,pioreactor02,2026-06-02T21:59:31.988Z,0.034606671623,2026-06-03 03:44:31.988,4.234722222222
LED experiment,pioreactor02,2026-06-02T21:59:36.988Z,0.034390556562,2026-06-03 03:44:36.988,4.236111111111
LED experiment,pioreactor02,2026-06-02T21:59:41.986Z,0.034348478563,2026-06-03 03:44:41.986,4.2375
LED experiment,pioreactor02,2026-06-02T21:59:46.986Z,0.03427363434,2026-06-03 03:44:46.986,4.238888888889
LED experiment,pioreactor02,2026-06-02T21:59:51.990Z,0.034034514899,2026-06-03 03:44:51.990,4.240277777778
LED experiment,pioreactor02,2026-06-02T21:59:56.988Z,0.034194782339,2026-06-03 03:44:56.988,4.241666666667
LED experiment,pioreactor02,2026-06-02T22:00:01.988Z,0.034791216119,2026-06-03 03:45:01.988,4.243055555556
LED experiment,pioreactor02,2026-06-02T22:00:06.987Z,0.035192218823,2026-06-03 03:45:06.987,4.244444444444
LED experiment,pioreactor02,2026-06-02T22:00:21.988Z,0.035081292541,2026-06-03 03:45:21.988,4.248611111111
LED experiment,pioreactor02,2026-06-02T22:00:26.989Z,0.034819500084,2026-06-03 03:45:26.989,4.25
LED experiment,pioreactor02,2026-06-02T22:00:31.988Z,0.035045890646,2026-06-03 03:45:31.988,4.251388888889
LED experiment,pioreactor02,2026-06-02T22:00:36.987Z,0.035210902425,2026-06-03 03:45:36.987,4.252777777778
LED experiment,pioreactor02,2026-06-02T22:00:41.987Z,0.035209596173,2026-06-03 03:45:41.987,4.254166666667
LED experiment,pioreactor02,2026-06-02T22:00:46.987Z,0.035070224332,2026-06-03 03:45:46.987,4.255555555556
LED experiment,pioreactor02,2026-06-02T22:00:51.986Z,0.034772418581,2026-06-03 03:45:51.986,4.256944444444
LED experiment,pioreactor02,2026-06-02T22:01:01.987Z,0.034454927589,2026-06-03 03:46:01.987,4.259722222222
LED experiment,pioreactor02,2026-06-02T22:01:06.988Z,0.033864228347,2026-06-03 03:46:06.988,4.261111111111
LED experiment,pioreactor02,2026-06-02T22:01:11.989Z,0.033543373356,2026-06-03 03:46:11.989,4.2625
LED experiment,pioreactor02,2026-06-02T22:01:21.988Z,0.033188328059,2026-06-03 03:46:21.988,4.265277777778
LED experiment,pioreactor02,2026-06-02T22:01:26.987Z,0.032889589851,2026-06-03 03:46:26.987,4.266666666667
LED experiment,pioreactor02,2026-06-02T22:01:36.987Z,0.032865764196,2026-06-03 03:46:36.987,4.269444444444
LED experiment,pioreactor02,2026-06-02T22:01:41.986Z,0.032594648008,2026-06-03 03:46:41.986,4.270833333333
LED experiment,pioreactor02,2026-06-02T22:01:56.988Z,0.032723095775,2026-06-03 03:46:56.988,4.275
LED experiment,pioreactor02,2026-06-02T22:02:01.989Z,0.033097676104,2026-06-03 03:47:01.989,4.276388888889
LED experiment,pioreactor02,2026-06-02T22:02:06.986Z,0.03325979928,2026-06-03 03:47:06.986,4.277777777778
LED experiment,pioreactor02,2026-06-02T22:02:11.989Z,0.032949187659,2026-06-03 03:47:11.989,4.279166666667
LED experiment,pioreactor02,2026-06-02T22:02:16.987Z,0.032747587548,2026-06-03 03:47:16.987,4.280555555556
LED experiment,pioreactor02,2026-06-02T22:02:21.987Z,0.032743631921,2026-06-03 03:47:21.987,4.281944444444
LED experiment,pioreactor02,2026-06-02T22:02:26.986Z,0.032711266983,2026-06-03 03:47:26.986,4.283333333333
LED experiment,pioreactor02,2026-06-02T22:02:31.989Z,0.032710524038,2026-06-03 03:47:31.989,4.284722222222
LED experiment,pioreactor02,2026-06-02T22:02:36.989Z,0.03266666571,2026-06-03 03:47:36.989,4.286111111111
LED experiment,pioreactor02,2026-06-02T22:02:41.987Z,0.032302708369,2026-06-03 03:47:41.987,4.2875
LED experiment,pioreactor02,2026-06-02T22:02:46.989Z,0.032259587517,2026-06-03 03:47:46.989,4.288888888889
LED experiment,pioreactor02,2026-06-02T22:02:51.989Z,0.032049149692,2026-06-03 03:47:51.989,4.290277777778
LED experiment,pioreactor02,2026-06-02T22:02:56.986Z,0.032124236508,2026-06-03 03:47:56.986,4.291666666667
LED experiment,pioreactor02,2026-06-02T22:03:01.988Z,0.032022936459,2026-06-03 03:48:01.988,4.293055555556
LED experiment,pioreactor02,2026-06-02T22:03:06.989Z,0.031642830415,2026-06-03 03:48:06.989,4.294444444444
LED experiment,pioreactor02,2026-06-02T22:03:11.987Z,0.031260738169,2026-06-03 03:48:11.987,4.295833333333
LED experiment,pioreactor02,2026-06-02T22:03:16.989Z,0.030911245498,2026-06-03 03:48:16.989,4.297222222222
LED experiment,pioreactor02,2026-06-02T22:03:21.987Z,0.030905855076,2026-06-03 03:48:21.987,4.298611111111
LED experiment,pioreactor02,2026-06-02T22:03:26.989Z,0.031365884504,2026-06-03 03:48:26.989,4.3
LED experiment,pioreactor02,2026-06-02T22:03:31.988Z,0.03185573155,2026-06-03 03:48:31.988,4.301388888889
LED experiment,pioreactor02,2026-06-02T22:03:41.986Z,0.03159272885,2026-06-03 03:48:41.986,4.304166666667
LED experiment,pioreactor02,2026-06-02T22:03:46.987Z,0.031415199463,2026-06-03 03:48:46.987,4.305555555556
LED experiment,pioreactor02,2026-06-02T22:03:56.987Z,0.031198680264,2026-06-03 03:48:56.987,4.308333333333
LED experiment,pioreactor02,2026-06-02T22:04:01.987Z,0.031071652364,2026-06-03 03:49:01.987,4.309722222222
LED experiment,pioreactor02,2026-06-02T22:04:06.987Z,0.030730959457,2026-06-03 03:49:06.987,4.311111111111
LED experiment,pioreactor02,2026-06-02T22:04:11.988Z,0.030459588153,2026-06-03 03:49:11.988,4.3125
LED experiment,pioreactor02,2026-06-02T22:04:16.987Z,0.030594148644,2026-06-03 03:49:16.987,4.313888888889
LED experiment,pioreactor02,2026-06-02T22:04:21.989Z,0.030618292206,2026-06-03 03:49:21.989,4.315277777778
LED experiment,pioreactor02,2026-06-02T22:04:26.991Z,0.030510974101,2026-06-03 03:49:26.991,4.316666666667
LED experiment,pioreactor02,2026-06-02T22:04:31.988Z,0.030521933331,2026-06-03 03:49:31.988,4.318055555556
LED experiment,pioreactor02,2026-06-02T22:04:36.987Z,0.030513540044,2026-06-03 03:49:36.987,4.319444444444
LED experiment,pioreactor02,2026-06-02T22:04:46.987Z,0.030601500205,2026-06-03 03:49:46.987,4.322222222222
LED experiment,pioreactor02,2026-06-02T22:04:56.987Z,0.030999044331,2026-06-03 03:49:56.987,4.325
LED experiment,pioreactor02,2026-06-02T22:05:01.988Z,0.031373733744,2026-06-03 03:50:01.988,4.326388888889
LED experiment,pioreactor02,2026-06-02T22:05:11.987Z,0.031367993456,2026-06-03 03:50:11.987,4.329166666667
LED experiment,pioreactor02,2026-06-02T22:05:16.987Z,0.031597079719,2026-06-03 03:50:16.987,4.330555555556
LED experiment,pioreactor02,2026-06-02T22:05:21.987Z,0.031423722789,2026-06-03 03:50:21.987,4.331944444444
LED experiment,pioreactor02,2026-06-02T22:05:31.988Z,0.031582801954,2026-06-03 03:50:31.988,4.334722222222
LED experiment,pioreactor02,2026-06-02T22:05:36.987Z,0.031866712112,2026-06-03 03:50:36.987,4.336111111111
LED experiment,pioreactor02,2026-06-02T22:05:46.988Z,0.031731062864,2026-06-03 03:50:46.988,4.338888888889
LED experiment,pioreactor02,2026-06-02T22:05:51.988Z,0.031480711028,2026-06-03 03:50:51.988,4.340277777778
LED experiment,pioreactor02,2026-06-02T22:05:56.987Z,0.031525524661,2026-06-03 03:50:56.987,4.341666666667
LED experiment,pioreactor02,2026-06-02T22:06:01.990Z,0.031692378398,2026-06-03 03:51:01.990,4.343055555556
LED experiment,pioreactor02,2026-06-02T22:06:06.988Z,0.031817151002,2026-06-03 03:51:06.988,4.344444444444
LED experiment,pioreactor02,2026-06-02T22:06:16.988Z,0.031902105915,2026-06-03 03:51:16.988,4.347222222222
LED experiment,pioreactor02,2026-06-02T22:06:21.988Z,0.031770722287,2026-06-03 03:51:21.988,4.348611111111
LED experiment,pioreactor02,2026-06-02T22:06:26.991Z,0.031729032684,2026-06-03 03:51:26.991,4.35
LED experiment,pioreactor02,2026-06-02T22:06:31.988Z,0.031973987662,2026-06-03 03:51:31.988,4.351388888889
LED experiment,pioreactor02,2026-06-02T22:06:36.989Z,0.03194226137,2026-06-03 03:51:36.989,4.352777777778
LED experiment,pioreactor02,2026-06-02T22:06:41.990Z,0.031893491764,2026-06-03 03:51:41.990,4.354166666667
LED experiment,pioreactor02,2026-06-02T22:06:46.990Z,0.031748484813,2026-06-03 03:51:46.990,4.355555555556
LED experiment,pioreactor02,2026-06-02T22:06:51.987Z,0.031444097771,2026-06-03 03:51:51.987,4.356944444444
LED experiment,pioreactor02,2026-06-02T22:06:56.989Z,0.031474187131,2026-06-03 03:51:56.989,4.358333333333
LED experiment,pioreactor02,2026-06-02T22:07:01.989Z,0.031397661268,2026-06-03 03:52:01.989,4.359722222222
LED experiment,pioreactor02,2026-06-02T22:07:06.990Z,0.031728994058,2026-06-03 03:52:06.990,4.361111111111
LED experiment,pioreactor02,2026-06-02T22:07:11.988Z,0.031352568456,2026-06-03 03:52:11.988,4.3625
LED experiment,pioreactor02,2026-06-02T22:07:16.989Z,0.031460116636,2026-06-03 03:52:16.989,4.363888888889
LED experiment,pioreactor02,2026-06-02T22:07:21.987Z,0.031642319833,2026-06-03 03:52:21.987,4.365277777778
LED experiment,pioreactor02,2026-06-02T22:07:26.989Z,0.031826458821,2026-06-03 03:52:26.989,4.366666666667
LED experiment,pioreactor02,2026-06-02T22:07:31.989Z,0.031805080135,2026-06-03 03:52:31.989,4.368055555556
LED experiment,pioreactor02,2026-06-02T22:07:46.987Z,0.032266280568,2026-06-03 03:52:46.987,4.372222222222
LED experiment,pioreactor02,2026-06-02T22:07:51.990Z,0.032425921321,2026-06-03 03:52:51.990,4.373611111111
LED experiment,pioreactor02,2026-06-02T22:08:01.986Z,0.032297142662,2026-06-03 03:53:01.986,4.376388888889
LED experiment,pioreactor02,2026-06-02T22:08:06.987Z,0.031886629318,2026-06-03 03:53:06.987,4.377777777778
LED experiment,pioreactor02,2026-06-02T22:08:11.987Z,0.032045471287,2026-06-03 03:53:11.987,4.379166666667
LED experiment,pioreactor02,2026-06-02T22:08:16.986Z,0.0323145211,2026-06-03 03:53:16.986,4.380555555556
LED experiment,pioreactor02,2026-06-02T22:08:26.988Z,0.032367430138,2026-06-03 03:53:26.988,4.383333333333
LED experiment,pioreactor02,2026-06-02T22:08:31.986Z,0.032460962132,2026-06-03 03:53:31.986,4.384722222222
LED experiment,pioreactor02,2026-06-02T22:08:36.987Z,0.032757257106,2026-06-03 03:53:36.987,4.386111111111
LED experiment,pioreactor02,2026-06-02T22:08:41.986Z,0.033125227881,2026-06-03 03:53:41.986,4.3875
LED experiment,pioreactor02,2026-06-02T22:08:51.987Z,0.033014301461,2026-06-03 03:53:51.987,4.390277777778
LED experiment,pioreactor02,2026-06-02T22:08:56.987Z,0.033238846903,2026-06-03 03:53:56.987,4.391666666667
LED experiment,pioreactor02,2026-06-02T22:09:01.987Z,0.033575944882,2026-06-03 03:54:01.987,4.393055555556
LED experiment,pioreactor02,2026-06-02T22:09:06.988Z,0.033499883571,2026-06-03 03:54:06.988,4.394444444444
LED experiment,pioreactor02,2026-06-02T22:09:16.990Z,0.033370659533,2026-06-03 03:54:16.990,4.397222222222
LED experiment,pioreactor02,2026-06-02T22:09:21.988Z,0.033595442433,2026-06-03 03:54:21.988,4.398611111111
LED experiment,pioreactor02,2026-06-02T22:09:26.988Z,0.03360303306,2026-06-03 03:54:26.988,4.4
LED experiment,pioreactor02,2026-06-02T22:09:31.987Z,0.033476951197,2026-06-03 03:54:31.987,4.401388888889
LED experiment,pioreactor02,2026-06-02T22:09:36.989Z,0.033129548337,2026-06-03 03:54:36.989,4.402777777778
LED experiment,pioreactor02,2026-06-02T22:09:46.988Z,0.033029638052,2026-06-03 03:54:46.988,4.405555555556
LED experiment,pioreactor02,2026-06-02T22:09:56.987Z,0.033003559567,2026-06-03 03:54:56.987,4.408333333333
LED experiment,pioreactor02,2026-06-02T22:10:06.986Z,0.033085901416,2026-06-03 03:55:06.986,4.411111111111
LED experiment,pioreactor02,2026-06-02T22:10:11.989Z,0.032872906206,2026-06-03 03:55:11.989,4.4125
LED experiment,pioreactor02,2026-06-02T22:10:16.989Z,0.033196060418,2026-06-03 03:55:16.989,4.413888888889
LED experiment,pioreactor02,2026-06-02T22:10:21.988Z,0.033204351933,2026-06-03 03:55:21.988,4.415277777778
LED experiment,pioreactor02,2026-06-02T22:10:26.988Z,0.032921929894,2026-06-03 03:55:26.988,4.416666666667
LED experiment,pioreactor02,2026-06-02T22:10:31.989Z,0.032399131104,2026-06-03 03:55:31.989,4.418055555556
LED experiment,pioreactor02,2026-06-02T22:10:41.988Z,0.032275182303,2026-06-03 03:55:41.988,4.420833333333
LED experiment,pioreactor02,2026-06-02T22:10:51.987Z,0.032156361224,2026-06-03 03:55:51.987,4.423611111111
LED experiment,pioreactor02,2026-06-02T22:10:56.986Z,0.032093891889,2026-06-03 03:55:56.986,4.425
LED experiment,pioreactor02,2026-06-02T22:11:01.988Z,0.032317660375,2026-06-03 03:56:01.988,4.426388888889
LED experiment,pioreactor02,2026-06-02T22:11:06.991Z,0.032576145925,2026-06-03 03:56:06.991,4.427777777778
LED experiment,pioreactor02,2026-06-02T22:11:11.987Z,0.032256804035,2026-06-03 03:56:11.987,4.429166666667
LED experiment,pioreactor02,2026-06-02T22:11:16.988Z,0.031771055731,2026-06-03 03:56:16.988,4.430555555556
LED experiment,pioreactor02,2026-06-02T22:11:26.987Z,0.031873434557,2026-06-03 03:56:26.987,4.433333333333
LED experiment,pioreactor02,2026-06-02T22:11:41.987Z,0.031947561977,2026-06-03 03:56:41.987,4.4375
LED experiment,pioreactor02,2026-06-02T22:11:46.988Z,0.032119873391,2026-06-03 03:56:46.988,4.438888888889
LED experiment,pioreactor02,2026-06-02T22:11:56.987Z,0.031814845289,2026-06-03 03:56:56.987,4.441666666667
LED experiment,pioreactor02,2026-06-02T22:12:01.987Z,0.031672734884,2026-06-03 03:57:01.987,4.443055555556
LED experiment,pioreactor02,2026-06-02T22:12:11.988Z,0.03169584465,2026-06-03 03:57:11.988,4.445833333333
LED experiment,pioreactor02,2026-06-02T22:12:16.989Z,0.031637724481,2026-06-03 03:57:16.989,4.447222222222
LED experiment,pioreactor02,2026-06-02T22:12:21.987Z,0.031357835611,2026-06-03 03:57:21.987,4.448611111111
LED experiment,pioreactor02,2026-06-02T22:12:31.988Z,0.031195691361,2026-06-03 03:57:31.988,4.451388888889
LED experiment,pioreactor02,2026-06-02T22:12:36.989Z,0.030911314177,2026-06-03 03:57:36.989,4.452777777778
LED experiment,pioreactor02,2026-06-02T22:12:46.986Z,0.030522070466,2026-06-03 03:57:46.986,4.455555555556
LED experiment,pioreactor02,2026-06-02T22:12:51.988Z,0.030483360154,2026-06-03 03:57:51.988,4.456944444444
LED experiment,pioreactor02,2026-06-02T22:12:56.988Z,0.030439788019,2026-06-03 03:57:56.988,4.458333333333
LED experiment,pioreactor02,2026-06-02T22:13:06.990Z,0.030206964815,2026-06-03 03:58:06.990,4.461111111111
LED experiment,pioreactor02,2026-06-02T22:13:11.988Z,0.03058958802,2026-06-03 03:58:11.988,4.4625
LED experiment,pioreactor02,2026-06-02T22:13:16.989Z,0.030820223369,2026-06-03 03:58:16.989,4.463888888889
LED experiment,pioreactor02,2026-06-02T22:13:26.987Z,0.03126897475,2026-06-03 03:58:26.987,4.466666666667
LED experiment,pioreactor02,2026-06-02T22:13:31.987Z,0.031220894544,2026-06-03 03:58:31.987,4.468055555556
LED experiment,pioreactor02,2026-06-02T22:13:41.987Z,0.03126582144,2026-06-03 03:58:41.987,4.470833333333
LED experiment,pioreactor02,2026-06-02T22:13:51.987Z,0.031275079795,2026-06-03 03:58:51.987,4.473611111111
LED experiment,pioreactor02,2026-06-02T22:13:56.989Z,0.031745162302,2026-06-03 03:58:56.989,4.475
LED experiment,pioreactor02,2026-06-02T22:14:01.987Z,0.031651054724,2026-06-03 03:59:01.987,4.476388888889
LED experiment,pioreactor02,2026-06-02T22:14:11.988Z,0.031195366839,2026-06-03 03:59:11.988,4.479166666667
LED experiment,pioreactor02,2026-06-02T22:14:21.988Z,0.031395152196,2026-06-03 03:59:21.988,4.481944444444
LED experiment,pioreactor02,2026-06-02T22:14:26.987Z,0.031187189178,2026-06-03 03:59:26.987,4.483333333333
LED experiment,pioreactor02,2026-06-02T22:14:31.991Z,0.031165844741,2026-06-03 03:59:31.991,4.484722222222
LED experiment,pioreactor02,2026-06-02T22:14:41.989Z,0.031125563577,2026-06-03 03:59:41.989,4.4875
LED experiment,pioreactor02,2026-06-02T22:14:51.987Z,0.031194364744,2026-06-03 03:59:51.987,4.490277777778
LED experiment,pioreactor02,2026-06-02T22:14:56.989Z,0.031552872219,2026-06-03 03:59:56.989,4.491666666667
LED experiment,pioreactor02,2026-06-02T22:15:01.988Z,0.031664673052,2026-06-03 04:00:01.988,4.493055555556
LED experiment,pioreactor02,2026-06-02T22:15:06.987Z,0.032002429136,2026-06-03 04:00:06.987,4.494444444444
LED experiment,pioreactor02,2026-06-02T22:15:11.989Z,0.032024065044,2026-06-03 04:00:11.989,4.495833333333
LED experiment,pioreactor02,2026-06-02T22:15:16.987Z,0.031872398982,2026-06-03 04:00:16.987,4.497222222222
LED experiment,pioreactor02,2026-06-02T22:15:21.988Z,0.03158452917,2026-06-03 04:00:21.988,4.498611111111
LED experiment,pioreactor02,2026-06-02T22:15:26.987Z,0.031155165655,2026-06-03 04:00:26.987,4.5
LED experiment,pioreactor02,2026-06-02T22:15:31.987Z,0.03104828121,2026-06-03 04:00:31.987,4.501388888889
LED experiment,pioreactor02,2026-06-02T22:15:46.987Z,0.031098686949,2026-06-03 04:00:46.987,4.505555555556
LED experiment,pioreactor02,2026-06-02T22:15:51.988Z,0.031123052598,2026-06-03 04:00:51.988,4.506944444444
LED experiment,pioreactor02,2026-06-02T22:15:56.988Z,0.031238954625,2026-06-03 04:00:56.988,4.508333333333
LED experiment,pioreactor02,2026-06-02T22:16:01.987Z,0.031041838334,2026-06-03 04:01:01.987,4.509722222222
LED experiment,pioreactor02,2026-06-02T22:16:06.989Z,0.030905281742,2026-06-03 04:01:06.989,4.511111111111
LED experiment,pioreactor02,2026-06-02T22:16:11.989Z,0.030743118634,2026-06-03 04:01:11.989,4.5125
LED experiment,pioreactor02,2026-06-02T22:16:21.988Z,0.030636746292,2026-06-03 04:01:21.988,4.515277777778
LED experiment,pioreactor02,2026-06-02T22:16:26.987Z,0.030483250961,2026-06-03 04:01:26.987,4.516666666667
LED experiment,pioreactor02,2026-06-02T22:16:31.988Z,0.0304109913,2026-06-03 04:01:31.988,4.518055555556
LED experiment,pioreactor02,2026-06-02T22:16:36.989Z,0.030394354327,2026-06-03 04:01:36.989,4.519444444444
LED experiment,pioreactor02,2026-06-02T22:16:46.989Z,0.030317938485,2026-06-03 04:01:46.989,4.522222222222
LED experiment,pioreactor02,2026-06-02T22:16:51.986Z,0.029981674113,2026-06-03 04:01:51.986,4.523611111111
LED experiment,pioreactor02,2026-06-02T22:16:56.989Z,0.029745646188,2026-06-03 04:01:56.989,4.525
LED experiment,pioreactor02,2026-06-02T22:17:01.987Z,0.029442803083,2026-06-03 04:02:01.987,4.526388888889
LED experiment,pioreactor02,2026-06-02T22:17:11.986Z,0.029167907353,2026-06-03 04:02:11.986,4.529166666667
LED experiment,pioreactor02,2026-06-02T22:17:21.990Z,0.028885643477,2026-06-03 04:02:21.990,4.531944444444
LED experiment,pioreactor02,2026-06-02T22:17:26.989Z,0.028843382223,2026-06-03 04:02:26.989,4.533333333333
LED experiment,pioreactor02,2026-06-02T22:17:36.987Z,0.028929099773,2026-06-03 04:02:36.987,4.536111111111
LED experiment,pioreactor02,2026-06-02T22:17:51.988Z,0.028653776999,2026-06-03 04:02:51.988,4.540277777778
LED experiment,pioreactor02,2026-06-02T22:17:56.989Z,0.028320846332,2026-06-03 04:02:56.989,4.541666666667
LED experiment,pioreactor02,2026-06-02T22:18:01.987Z,0.028135013784,2026-06-03 04:03:01.987,4.543055555556
LED experiment,pioreactor02,2026-06-02T22:18:11.988Z,0.028063058946,2026-06-03 04:03:11.988,4.545833333333
LED experiment,pioreactor02,2026-06-02T22:18:21.987Z,0.028084541733,2026-06-03 04:03:21.987,4.548611111111
LED experiment,pioreactor02,2026-06-02T22:18:26.989Z,0.027875818567,2026-06-03 04:03:26.989,4.55
LED experiment,pioreactor02,2026-06-02T22:18:31.988Z,0.027851023969,2026-06-03 04:03:31.988,4.551388888889
LED experiment,pioreactor02,2026-06-02T22:18:36.990Z,0.027625150075,2026-06-03 04:03:36.990,4.552777777778
LED experiment,pioreactor02,2026-06-02T22:18:41.987Z,0.027401540282,2026-06-03 04:03:41.987,4.554166666667
LED experiment,pioreactor02,2026-06-02T22:18:46.989Z,0.027116587234,2026-06-03 04:03:46.989,4.555555555556
LED experiment,pioreactor02,2026-06-02T22:18:51.988Z,0.027212501464,2026-06-03 04:03:51.988,4.556944444444
LED experiment,pioreactor02,2026-06-02T22:18:56.987Z,0.027278916532,2026-06-03 04:03:56.987,4.558333333333
LED experiment,pioreactor02,2026-06-02T22:19:01.991Z,0.027250045261,2026-06-03 04:04:01.991,4.559722222222
LED experiment,pioreactor02,2026-06-02T22:19:06.986Z,0.027194525534,2026-06-03 04:04:06.986,4.561111111111
LED experiment,pioreactor02,2026-06-02T22:19:11.987Z,0.027300043411,2026-06-03 04:04:11.987,4.5625
LED experiment,pioreactor02,2026-06-02T22:19:26.987Z,0.026917077039,2026-06-03 04:04:26.987,4.566666666667
LED experiment,pioreactor02,2026-06-02T22:19:36.987Z,0.026730940863,2026-06-03 04:04:36.987,4.569444444444
LED experiment,pioreactor02,2026-06-02T22:19:41.988Z,0.026501705478,2026-06-03 04:04:41.988,4.570833333333
LED experiment,pioreactor02,2026-06-02T22:19:46.987Z,0.026313456386,2026-06-03 04:04:46.987,4.572222222222
LED experiment,pioreactor02,2026-06-02T22:19:51.987Z,0.026070243007,2026-06-03 04:04:51.987,4.573611111111
LED experiment,pioreactor02,2026-06-02T22:19:56.988Z,0.025808768789,2026-06-03 04:04:56.988,4.575
LED experiment,pioreactor02,2026-06-02T22:20:01.988Z,0.025496560634,2026-06-03 04:05:01.988,4.576388888889
LED experiment,pioreactor02,2026-06-02T22:20:06.987Z,0.02507677341,2026-06-03 04:05:06.987,4.577777777778
LED experiment,pioreactor02,2026-06-02T22:20:16.988Z,0.0249629844,2026-06-03 04:05:16.988,4.580555555556
LED experiment,pioreactor02,2026-06-02T22:20:21.988Z,0.02473279141,2026-06-03 04:05:21.988,4.581944444444
LED experiment,pioreactor02,2026-06-02T22:20:26.992Z,0.024451978014,2026-06-03 04:05:26.992,4.583333333333
LED experiment,pioreactor02,2026-06-02T22:20:31.987Z,0.024468681979,2026-06-03 04:05:31.987,4.584722222222
LED experiment,pioreactor02,2026-06-02T22:20:41.988Z,0.024159374031,2026-06-03 04:05:41.988,4.5875
LED experiment,pioreactor02,2026-06-02T22:20:51.987Z,0.024225505555,2026-06-03 04:05:51.987,4.590277777778
LED experiment,pioreactor02,2026-06-02T22:20:56.990Z,0.024229087482,2026-06-03 04:05:56.990,4.591666666667
LED experiment,pioreactor02,2026-06-02T22:21:01.988Z,0.024112625118,2026-06-03 04:06:01.988,4.593055555556
LED experiment,pioreactor02,2026-06-02T22:21:06.988Z,0.024332361756,2026-06-03 04:06:06.988,4.594444444444
LED experiment,pioreactor02,2026-06-02T22:21:11.987Z,0.02438190423,2026-06-03 04:06:11.987,4.595833333333
LED experiment,pioreactor02,2026-06-02T22:21:16.988Z,0.02479754536,2026-06-03 04:06:16.988,4.597222222222
LED experiment,pioreactor02,2026-06-02T22:21:21.989Z,0.024977951074,2026-06-03 04:06:21.989,4.598611111111
LED experiment,pioreactor02,2026-06-02T22:21:26.988Z,0.02507763673,2026-06-03 04:06:26.988,4.6
LED experiment,pioreactor02,2026-06-02T22:21:36.989Z,0.02529032255,2026-06-03 04:06:36.989,4.602777777778
LED experiment,pioreactor02,2026-06-02T22:21:41.987Z,0.025411228277,2026-06-03 04:06:41.987,4.604166666667
LED experiment,pioreactor02,2026-06-02T22:21:46.987Z,0.025388942119,2026-06-03 04:06:46.987,4.605555555556
LED experiment,pioreactor02,2026-06-02T22:21:51.988Z,0.025598724043,2026-06-03 04:06:51.988,4.606944444444
LED experiment,pioreactor02,2026-06-02T22:21:56.987Z,0.025537094978,2026-06-03 04:06:56.987,4.608333333333
LED experiment,pioreactor02,2026-06-02T22:22:06.989Z,0.025543655229,2026-06-03 04:07:06.989,4.611111111111
LED experiment,pioreactor02,2026-06-02T22:22:11.987Z,0.025735230504,2026-06-03 04:07:11.987,4.6125
LED experiment,pioreactor02,2026-06-02T22:22:16.988Z,0.025736288983,2026-06-03 04:07:16.988,4.613888888889
LED experiment,pioreactor02,2026-06-02T22:22:21.987Z,0.025544199082,2026-06-03 04:07:21.987,4.615277777778
LED experiment,pioreactor02,2026-06-02T22:22:26.989Z,0.025708051909,2026-06-03 04:07:26.989,4.616666666667
LED experiment,pioreactor02,2026-06-02T22:22:31.986Z,0.025574007775,2026-06-03 04:07:31.986,4.618055555556
LED experiment,pioreactor02,2026-06-02T22:22:36.991Z,0.025456685336,2026-06-03 04:07:36.991,4.619444444444
LED experiment,pioreactor02,2026-06-02T22:22:41.988Z,0.025280575294,2026-06-03 04:07:41.988,4.620833333333
LED experiment,pioreactor02,2026-06-02T22:22:46.988Z,0.024968442665,2026-06-03 04:07:46.988,4.622222222222
LED experiment,pioreactor02,2026-06-02T22:22:51.989Z,0.024887853566,2026-06-03 04:07:51.989,4.623611111111
LED experiment,pioreactor02,2026-06-02T22:22:56.989Z,0.024994895302,2026-06-03 04:07:56.989,4.625
LED experiment,pioreactor02,2026-06-02T22:23:01.989Z,0.024704631524,2026-06-03 04:08:01.989,4.626388888889
LED experiment,pioreactor02,2026-06-02T22:23:11.989Z,0.024384349179,2026-06-03 04:08:11.989,4.629166666667
LED experiment,pioreactor02,2026-06-02T22:23:16.986Z,0.024431256114,2026-06-03 04:08:16.986,4.630555555556
LED experiment,pioreactor02,2026-06-02T22:23:26.989Z,0.024387032663,2026-06-03 04:08:26.989,4.633333333333
LED experiment,pioreactor02,2026-06-02T22:23:31.988Z,0.024211351492,2026-06-03 04:08:31.988,4.634722222222
LED experiment,pioreactor02,2026-06-02T22:23:36.989Z,0.024143120733,2026-06-03 04:08:36.989,4.636111111111
LED experiment,pioreactor02,2026-06-02T22:23:41.987Z,0.024125076004,2026-06-03 04:08:41.987,4.6375
LED experiment,pioreactor02,2026-06-02T22:23:46.987Z,0.024027846624,2026-06-03 04:08:46.987,4.638888888889
LED experiment,pioreactor02,2026-06-02T22:23:51.989Z,0.023804101628,2026-06-03 04:08:51.989,4.640277777778
LED experiment,pioreactor02,2026-06-02T22:23:56.991Z,0.023638083155,2026-06-03 04:08:56.991,4.641666666667
LED experiment,pioreactor02,2026-06-02T22:24:01.988Z,0.023674016477,2026-06-03 04:09:01.988,4.643055555556
LED experiment,pioreactor02,2026-06-02T22:24:06.989Z,0.023582933262,2026-06-03 04:09:06.989,4.644444444444
LED experiment,pioreactor02,2026-06-02T22:24:11.988Z,0.023285753452,2026-06-03 04:09:11.988,4.645833333333
LED experiment,pioreactor02,2026-06-02T22:24:16.989Z,0.023190108875,2026-06-03 04:09:16.989,4.647222222222
LED experiment,pioreactor02,2026-06-02T22:24:21.988Z,0.023094733153,2026-06-03 04:09:21.988,4.648611111111
LED experiment,pioreactor02,2026-06-02T22:24:26.989Z,0.022679070143,2026-06-03 04:09:26.989,4.65
LED experiment,pioreactor02,2026-06-02T22:24:31.988Z,0.022565630283,2026-06-03 04:09:31.988,4.651388888889
LED experiment,pioreactor02,2026-06-02T22:24:36.987Z,0.023061446807,2026-06-03 04:09:36.987,4.652777777778
LED experiment,pioreactor02,2026-06-02T22:24:46.987Z,0.023193917301,2026-06-03 04:09:46.987,4.655555555556
LED experiment,pioreactor02,2026-06-02T22:24:51.991Z,0.023089348881,2026-06-03 04:09:51.991,4.656944444444
LED experiment,pioreactor02,2026-06-02T22:25:01.986Z,0.022874714778,2026-06-03 04:10:01.986,4.659722222222
LED experiment,pioreactor02,2026-06-02T22:25:11.986Z,0.022861693123,2026-06-03 04:10:11.986,4.6625
LED experiment,pioreactor02,2026-06-02T22:25:16.987Z,0.022901116104,2026-06-03 04:10:16.987,4.663888888889
LED experiment,pioreactor02,2026-06-02T22:25:21.989Z,0.023044674527,2026-06-03 04:10:21.989,4.665277777778
LED experiment,pioreactor02,2026-06-02T22:25:26.989Z,0.022742812404,2026-06-03 04:10:26.989,4.666666666667
LED experiment,pioreactor02,2026-06-02T22:25:31.987Z,0.022487016686,2026-06-03 04:10:31.987,4.668055555556
LED experiment,pioreactor02,2026-06-02T22:25:36.987Z,0.022367374151,2026-06-03 04:10:36.987,4.669444444444
LED experiment,pioreactor02,2026-06-02T22:25:41.987Z,0.02232454007,2026-06-03 04:10:41.987,4.670833333333
LED experiment,pioreactor02,2026-06-02T22:25:46.990Z,0.021960811224,2026-06-03 04:10:46.990,4.672222222222
LED experiment,pioreactor02,2026-06-02T22:25:51.989Z,0.021926969412,2026-06-03 04:10:51.989,4.673611111111
LED experiment,pioreactor02,2026-06-02T22:25:56.989Z,0.021841248776,2026-06-03 04:10:56.989,4.675
LED experiment,pioreactor02,2026-06-02T22:26:01.988Z,0.021861537726,2026-06-03 04:11:01.988,4.676388888889
LED experiment,pioreactor02,2026-06-02T22:26:06.989Z,0.022013739777,2026-06-03 04:11:06.989,4.677777777778
LED experiment,pioreactor02,2026-06-02T22:26:11.989Z,0.021979116126,2026-06-03 04:11:11.989,4.679166666667
LED experiment,pioreactor02,2026-06-02T22:26:21.989Z,0.021618237252,2026-06-03 04:11:21.989,4.681944444444
LED experiment,pioreactor02,2026-06-02T22:26:26.988Z,0.021489819704,2026-06-03 04:11:26.988,4.683333333333
LED experiment,pioreactor02,2026-06-02T22:26:31.987Z,0.021214888444,2026-06-03 04:11:31.987,4.684722222222
LED experiment,pioreactor02,2026-06-02T22:26:36.989Z,0.021008211489,2026-06-03 04:11:36.989,4.686111111111
LED experiment,pioreactor02,2026-06-02T22:26:46.988Z,0.020827769148,2026-06-03 04:11:46.988,4.688888888889
LED experiment,pioreactor02,2026-06-02T22:26:51.988Z,0.020723246727,2026-06-03 04:11:51.988,4.690277777778
LED experiment,pioreactor02,2026-06-02T22:26:56.989Z,0.020495840068,2026-06-03 04:11:56.989,4.691666666667
LED experiment,pioreactor02,2026-06-02T22:27:01.988Z,0.020673654689,2026-06-03 04:12:01.988,4.693055555556
LED experiment,pioreactor02,2026-06-02T22:27:11.986Z,0.020635958563,2026-06-03 04:12:11.986,4.695833333333
LED experiment,pioreactor02,2026-06-02T22:27:16.989Z,0.020445592996,2026-06-03 04:12:16.989,4.697222222222
LED experiment,pioreactor02,2026-06-02T22:27:21.987Z,0.020137144325,2026-06-03 04:12:21.987,4.698611111111
LED experiment,pioreactor02,2026-06-02T22:27:26.987Z,0.019901305096,2026-06-03 04:12:26.987,4.7
LED experiment,pioreactor02,2026-06-02T22:27:36.987Z,0.019849820926,2026-06-03 04:12:36.987,4.702777777778
LED experiment,pioreactor02,2026-06-02T22:27:41.990Z,0.020060675019,2026-06-03 04:12:41.990,4.704166666667
LED experiment,pioreactor02,2026-06-02T22:27:46.987Z,0.0202931727,2026-06-03 04:12:46.987,4.705555555556
LED experiment,pioreactor02,2026-06-02T22:27:51.988Z,0.020497742028,2026-06-03 04:12:51.988,4.706944444444
LED experiment,pioreactor02,2026-06-02T22:27:56.990Z,0.02076173937,2026-06-03 04:12:56.990,4.708333333333
LED experiment,pioreactor02,2026-06-02T22:28:01.987Z,0.020643276658,2026-06-03 04:13:01.987,4.709722222222
LED experiment,pioreactor02,2026-06-02T22:28:06.989Z,0.020575912103,2026-06-03 04:13:06.989,4.711111111111
LED experiment,pioreactor02,2026-06-02T22:28:11.987Z,0.020456819656,2026-06-03 04:13:11.987,4.7125
LED experiment,pioreactor02,2026-06-02T22:28:21.989Z,0.020210038473,2026-06-03 04:13:21.989,4.715277777778
LED experiment,pioreactor02,2026-06-02T22:28:26.988Z,0.020033240286,2026-06-03 04:13:26.988,4.716666666667
LED experiment,pioreactor02,2026-06-02T22:28:31.988Z,0.020228007671,2026-06-03 04:13:31.988,4.718055555556
LED experiment,pioreactor02,2026-06-02T22:28:41.988Z,0.020516173434,2026-06-03 04:13:41.988,4.720833333333
LED experiment,pioreactor02,2026-06-02T22:28:46.988Z,0.020733904197,2026-06-03 04:13:46.988,4.722222222222
LED experiment,pioreactor02,2026-06-02T22:28:51.988Z,0.020844201546,2026-06-03 04:13:51.988,4.723611111111
LED experiment,pioreactor02,2026-06-02T22:29:01.988Z,0.021148795478,2026-06-03 04:14:01.988,4.726388888889
LED experiment,pioreactor02,2026-06-02T22:29:11.988Z,0.021459215816,2026-06-03 04:14:11.988,4.729166666667
LED experiment,pioreactor02,2026-06-02T22:29:16.987Z,0.021424949318,2026-06-03 04:14:16.987,4.730555555556
LED experiment,pioreactor02,2026-06-02T22:29:21.987Z,0.021388492957,2026-06-03 04:14:21.987,4.731944444444
LED experiment,pioreactor02,2026-06-02T22:29:31.987Z,0.021407578611,2026-06-03 04:14:31.987,4.734722222222
LED experiment,pioreactor02,2026-06-02T22:29:36.986Z,0.021176500548,2026-06-03 04:14:36.986,4.736111111111
LED experiment,pioreactor02,2026-06-02T22:29:41.987Z,0.021023419353,2026-06-03 04:14:41.987,4.7375
LED experiment,pioreactor02,2026-06-02T22:29:56.989Z,0.020898737723,2026-06-03 04:14:56.989,4.741666666667
LED experiment,pioreactor02,2026-06-02T22:30:01.987Z,0.020929239156,2026-06-03 04:15:01.987,4.743055555556
LED experiment,pioreactor02,2026-06-02T22:30:06.988Z,0.020743664343,2026-06-03 04:15:06.988,4.744444444444
LED experiment,pioreactor02,2026-06-02T22:30:16.989Z,0.020580453825,2026-06-03 04:15:16.989,4.747222222222
LED experiment,pioreactor02,2026-06-02T22:30:26.988Z,0.020311505778,2026-06-03 04:15:26.988,4.75
LED experiment,pioreactor02,2026-06-02T22:30:31.987Z,0.020056112591,2026-06-03 04:15:31.987,4.751388888889
LED experiment,pioreactor02,2026-06-02T22:30:41.989Z,0.020366082556,2026-06-03 04:15:41.989,4.754166666667
LED experiment,pioreactor02,2026-06-02T22:30:51.988Z,0.020481965372,2026-06-03 04:15:51.988,4.756944444444
LED experiment,pioreactor02,2026-06-02T22:30:56.989Z,0.020791894499,2026-06-03 04:15:56.989,4.758333333333
LED experiment,pioreactor02,2026-06-02T22:31:01.990Z,0.020736394624,2026-06-03 04:16:01.990,4.759722222222
LED experiment,pioreactor02,2026-06-02T22:31:06.987Z,0.020712752184,2026-06-03 04:16:06.987,4.761111111111
LED experiment,pioreactor02,2026-06-02T22:31:16.988Z,0.020845937088,2026-06-03 04:16:16.988,4.763888888889
LED experiment,pioreactor02,2026-06-02T22:31:21.988Z,0.020859457757,2026-06-03 04:16:21.988,4.765277777778
LED experiment,pioreactor02,2026-06-02T22:31:26.989Z,0.020742543427,2026-06-03 04:16:26.989,4.766666666667
LED experiment,pioreactor02,2026-06-02T22:31:31.987Z,0.020546410099,2026-06-03 04:16:31.987,4.768055555556
LED experiment,pioreactor02,2026-06-02T22:31:36.989Z,0.02040361956,2026-06-03 04:16:36.989,4.769444444444
LED experiment,pioreactor02,2026-06-02T22:31:41.988Z,0.020680758037,2026-06-03 04:16:41.988,4.770833333333
LED experiment,pioreactor02,2026-06-02T22:31:46.987Z,0.021036944155,2026-06-03 04:16:46.987,4.772222222222
LED experiment,pioreactor02,2026-06-02T22:31:56.989Z,0.021446322806,2026-06-03 04:16:56.989,4.775
LED experiment,pioreactor02,2026-06-02T22:32:01.986Z,0.021686571423,2026-06-03 04:17:01.986,4.776388888889
LED experiment,pioreactor02,2026-06-02T22:32:06.989Z,0.021955347151,2026-06-03 04:17:06.989,4.777777777778
LED experiment,pioreactor02,2026-06-02T22:32:11.990Z,0.021914164756,2026-06-03 04:17:11.990,4.779166666667
LED experiment,pioreactor02,2026-06-02T22:32:16.988Z,0.022077881039,2026-06-03 04:17:16.988,4.780555555556
LED experiment,pioreactor02,2026-06-02T22:32:21.989Z,0.022307528848,2026-06-03 04:17:21.989,4.781944444444
LED experiment,pioreactor02,2026-06-02T22:32:26.990Z,0.022432882378,2026-06-03 04:17:26.990,4.783333333333
LED experiment,pioreactor02,2026-06-02T22:32:31.988Z,0.022855557253,2026-06-03 04:17:31.988,4.784722222222
LED experiment,pioreactor02,2026-06-02T22:32:36.987Z,0.023035755547,2026-06-03 04:17:36.987,4.786111111111
LED experiment,pioreactor02,2026-06-02T22:32:41.989Z,0.02328823047,2026-06-03 04:17:41.989,4.7875
LED experiment,pioreactor02,2026-06-02T22:32:46.989Z,0.02343025646,2026-06-03 04:17:46.989,4.788888888889
LED experiment,pioreactor02,2026-06-02T22:32:51.988Z,0.023617592306,2026-06-03 04:17:51.988,4.790277777778
LED experiment,pioreactor02,2026-06-02T22:33:01.986Z,0.0238331048,2026-06-03 04:18:01.986,4.793055555556
LED experiment,pioreactor02,2026-06-02T22:33:11.987Z,0.023814055359,2026-06-03 04:18:11.987,4.795833333333
LED experiment,pioreactor02,2026-06-02T22:33:16.989Z,0.02404932383,2026-06-03 04:18:16.989,4.797222222222
LED experiment,pioreactor02,2026-06-02T22:33:21.987Z,0.024345557959,2026-06-03 04:18:21.987,4.798611111111
LED experiment,pioreactor02,2026-06-02T22:33:26.988Z,0.024566412757,2026-06-03 04:18:26.988,4.8
LED experiment,pioreactor02,2026-06-02T22:33:36.989Z,0.024678016545,2026-06-03 04:18:36.989,4.802777777778
LED experiment,pioreactor02,2026-06-02T22:33:41.987Z,0.024590080418,2026-06-03 04:18:41.987,4.804166666667
LED experiment,pioreactor02,2026-06-02T22:33:46.988Z,0.024904929437,2026-06-03 04:18:46.988,4.805555555556
LED experiment,pioreactor02,2026-06-02T22:34:01.988Z,0.025012559652,2026-06-03 04:19:01.988,4.809722222222
LED experiment,pioreactor02,2026-06-02T22:34:06.988Z,0.025291493962,2026-06-03 04:19:06.988,4.811111111111
LED experiment,pioreactor02,2026-06-02T22:34:11.988Z,0.025556722704,2026-06-03 04:19:11.988,4.8125
LED experiment,pioreactor02,2026-06-02T22:34:16.988Z,0.025543636462,2026-06-03 04:19:16.988,4.813888888889
LED experiment,pioreactor02,2026-06-02T22:34:26.988Z,0.025538725884,2026-06-03 04:19:26.988,4.816666666667
LED experiment,pioreactor02,2026-06-02T22:34:31.988Z,0.025657513977,2026-06-03 04:19:31.988,4.818055555556
LED experiment,pioreactor02,2026-06-02T22:34:36.987Z,0.025779240413,2026-06-03 04:19:36.987,4.819444444444
LED experiment,pioreactor02,2026-06-02T22:34:41.988Z,0.025872080357,2026-06-03 04:19:41.988,4.820833333333
LED experiment,pioreactor02,2026-06-02T22:34:46.992Z,0.026086793692,2026-06-03 04:19:46.992,4.822222222222
LED experiment,pioreactor02,2026-06-02T22:34:51.991Z,0.026246462275,2026-06-03 04:19:51.991,4.823611111111
LED experiment,pioreactor02,2026-06-02T22:35:01.987Z,0.02640712338,2026-06-03 04:20:01.987,4.826388888889
LED experiment,pioreactor02,2026-06-02T22:35:11.988Z,0.026519947437,2026-06-03 04:20:11.988,4.829166666667
LED experiment,pioreactor02,2026-06-02T22:35:16.989Z,0.026292611811,2026-06-03 04:20:16.989,4.830555555556
LED experiment,pioreactor02,2026-06-02T22:35:26.987Z,0.026613630314,2026-06-03 04:20:26.987,4.833333333333
LED experiment,pioreactor02,2026-06-02T22:35:31.990Z,0.026681064849,2026-06-03 04:20:31.990,4.834722222222
LED experiment,pioreactor02,2026-06-02T22:35:41.987Z,0.027138930163,2026-06-03 04:20:41.987,4.8375
LED experiment,pioreactor02,2026-06-02T22:35:46.988Z,0.027322350674,2026-06-03 04:20:46.988,4.838888888889
LED experiment,pioreactor02,2026-06-02T22:35:51.988Z,0.027362321318,2026-06-03 04:20:51.988,4.840277777778
LED experiment,pioreactor02,2026-06-02T22:35:56.988Z,0.027798558013,2026-06-03 04:20:56.988,4.841666666667
LED experiment,pioreactor02,2026-06-02T22:36:01.990Z,0.027854492943,2026-06-03 04:21:01.990,4.843055555556
LED experiment,pioreactor02,2026-06-02T22:36:06.988Z,0.027778365015,2026-06-03 04:21:06.988,4.844444444444
LED experiment,pioreactor02,2026-06-02T22:36:11.988Z,0.027763267592,2026-06-03 04:21:11.988,4.845833333333
LED experiment,pioreactor02,2026-06-02T22:36:16.988Z,0.027797263557,2026-06-03 04:21:16.988,4.847222222222
LED experiment,pioreactor02,2026-06-02T22:36:21.989Z,0.027917940802,2026-06-03 04:21:21.989,4.848611111111
LED experiment,pioreactor02,2026-06-02T22:36:26.989Z,0.027959515291,2026-06-03 04:21:26.989,4.85
LED experiment,pioreactor02,2026-06-02T22:36:31.989Z,0.028023322976,2026-06-03 04:21:31.989,4.851388888889
LED experiment,pioreactor02,2026-06-02T22:36:36.987Z,0.0280652876,2026-06-03 04:21:36.987,4.852777777778
LED experiment,pioreactor02,2026-06-02T22:36:51.988Z,0.028169112818,2026-06-03 04:21:51.988,4.856944444444
LED experiment,pioreactor02,2026-06-02T22:37:01.987Z,0.028286998304,2026-06-03 04:22:01.987,4.859722222222
LED experiment,pioreactor02,2026-06-02T22:37:06.987Z,0.028071596459,2026-06-03 04:22:06.987,4.861111111111
LED experiment,pioreactor02,2026-06-02T22:37:11.988Z,0.028027924961,2026-06-03 04:22:11.988,4.8625
LED experiment,pioreactor02,2026-06-02T22:37:16.989Z,0.028114286963,2026-06-03 04:22:16.989,4.863888888889
LED experiment,pioreactor02,2026-06-02T22:37:21.988Z,0.028167904235,2026-06-03 04:22:21.988,4.865277777778
LED experiment,pioreactor02,2026-06-02T22:37:26.988Z,0.028298993095,2026-06-03 04:22:26.988,4.866666666667
LED experiment,pioreactor02,2026-06-02T22:37:31.988Z,0.027985381711,2026-06-03 04:22:31.988,4.868055555556
LED experiment,pioreactor02,2026-06-02T22:37:36.989Z,0.028150226518,2026-06-03 04:22:36.989,4.869444444444
LED experiment,pioreactor02,2026-06-02T22:37:41.988Z,0.027963780898,2026-06-03 04:22:41.988,4.870833333333
LED experiment,pioreactor02,2026-06-02T22:37:46.987Z,0.027792048379,2026-06-03 04:22:46.987,4.872222222222
LED experiment,pioreactor02,2026-06-02T22:37:51.989Z,0.027545759247,2026-06-03 04:22:51.989,4.873611111111
LED experiment,pioreactor02,2026-06-02T22:37:56.989Z,0.027538528069,2026-06-03 04:22:56.989,4.875
LED experiment,pioreactor02,2026-06-02T22:38:01.988Z,0.027571118677,2026-06-03 04:23:01.988,4.876388888889
LED experiment,pioreactor02,2026-06-02T22:38:11.988Z,0.027477635171,2026-06-03 04:23:11.988,4.879166666667
LED experiment,pioreactor02,2026-06-02T22:38:16.991Z,0.027730550989,2026-06-03 04:23:16.991,4.880555555556
LED experiment,pioreactor02,2026-06-02T22:38:21.988Z,0.027807285605,2026-06-03 04:23:21.988,4.881944444444
LED experiment,pioreactor02,2026-06-02T22:38:36.987Z,0.028140674636,2026-06-03 04:23:36.987,4.886111111111
LED experiment,pioreactor02,2026-06-02T22:38:41.988Z,0.028509029574,2026-06-03 04:23:41.988,4.8875
LED experiment,pioreactor02,2026-06-02T22:38:46.989Z,0.028885863522,2026-06-03 04:23:46.989,4.888888888889
LED experiment,pioreactor02,2026-06-02T22:38:51.987Z,0.029057115153,2026-06-03 04:23:51.987,4.890277777778
LED experiment,pioreactor02,2026-06-02T22:38:56.988Z,0.029144106097,2026-06-03 04:23:56.988,4.891666666667
LED experiment,pioreactor02,2026-06-02T22:39:01.988Z,0.029383149966,2026-06-03 04:24:01.988,4.893055555556
LED experiment,pioreactor02,2026-06-02T22:39:06.990Z,0.02942365476,2026-06-03 04:24:06.990,4.894444444444
LED experiment,pioreactor02,2026-06-02T22:39:11.988Z,0.029439319678,2026-06-03 04:24:11.988,4.895833333333
LED experiment,pioreactor02,2026-06-02T22:39:16.987Z,0.029216862114,2026-06-03 04:24:16.987,4.897222222222
LED experiment,pioreactor02,2026-06-02T22:39:21.987Z,0.028918744017,2026-06-03 04:24:21.987,4.898611111111
LED experiment,pioreactor02,2026-06-02T22:39:26.987Z,0.028749451569,2026-06-03 04:24:26.987,4.9
LED experiment,pioreactor02,2026-06-02T22:39:36.989Z,0.028584142238,2026-06-03 04:24:36.989,4.902777777778
LED experiment,pioreactor02,2026-06-02T22:39:41.988Z,0.02856610829,2026-06-03 04:24:41.988,4.904166666667
LED experiment,pioreactor02,2026-06-02T22:39:46.987Z,0.028619903657,2026-06-03 04:24:46.987,4.905555555556
LED experiment,pioreactor02,2026-06-02T22:39:51.987Z,0.028722812547,2026-06-03 04:24:51.987,4.906944444444
LED experiment,pioreactor02,2026-06-02T22:39:56.990Z,0.028884635657,2026-06-03 04:24:56.990,4.908333333333
LED experiment,pioreactor02,2026-06-02T22:40:01.989Z,0.028739133969,2026-06-03 04:25:01.989,4.909722222222
LED experiment,pioreactor02,2026-06-02T22:40:16.986Z,0.028698483177,2026-06-03 04:25:16.986,4.913888888889
LED experiment,pioreactor02,2026-06-02T22:40:21.989Z,0.028847877298,2026-06-03 04:25:21.989,4.915277777778
LED experiment,pioreactor02,2026-06-02T22:40:26.986Z,0.029136886192,2026-06-03 04:25:26.986,4.916666666667
LED experiment,pioreactor02,2026-06-02T22:40:31.987Z,0.029028526369,2026-06-03 04:25:31.987,4.918055555556
LED experiment,pioreactor02,2026-06-02T22:40:36.988Z,0.029233740985,2026-06-03 04:25:36.988,4.919444444444
LED experiment,pioreactor02,2026-06-02T22:40:46.988Z,0.029423557401,2026-06-03 04:25:46.988,4.922222222222
LED experiment,pioreactor02,2026-06-02T22:40:51.988Z,0.0293167644,2026-06-03 04:25:51.988,4.923611111111
LED experiment,pioreactor02,2026-06-02T22:40:56.988Z,0.029412497655,2026-06-03 04:25:56.988,4.925
LED experiment,pioreactor02,2026-06-02T22:41:01.990Z,0.029441324319,2026-06-03 04:26:01.990,4.926388888889
LED experiment,pioreactor02,2026-06-02T22:41:06.990Z,0.029012489597,2026-06-03 04:26:06.990,4.927777777778
LED experiment,pioreactor02,2026-06-02T22:41:11.987Z,0.028997527327,2026-06-03 04:26:11.987,4.929166666667
LED experiment,pioreactor02,2026-06-02T22:41:16.989Z,0.029425670925,2026-06-03 04:26:16.989,4.930555555556
LED experiment,pioreactor02,2026-06-02T22:41:26.988Z,0.029780563768,2026-06-03 04:26:26.988,4.933333333333
LED experiment,pioreactor02,2026-06-02T22:41:36.987Z,0.030222487354,2026-06-03 04:26:36.987,4.936111111111
LED experiment,pioreactor02,2026-06-02T22:41:46.988Z,0.030419304596,2026-06-03 04:26:46.988,4.938888888889
LED experiment,pioreactor02,2026-06-02T22:41:51.987Z,0.030473957531,2026-06-03 04:26:51.987,4.940277777778
LED experiment,pioreactor02,2026-06-02T22:41:56.987Z,0.030745840211,2026-06-03 04:26:56.987,4.941666666667
LED experiment,pioreactor02,2026-06-02T22:42:01.990Z,0.031142676029,2026-06-03 04:27:01.990,4.943055555556
LED experiment,pioreactor02,2026-06-02T22:42:06.987Z,0.03125831905,2026-06-03 04:27:06.987,4.944444444444
LED experiment,pioreactor02,2026-06-02T22:42:21.987Z,0.031361610925,2026-06-03 04:27:21.987,4.948611111111
LED experiment,pioreactor02,2026-06-02T22:42:26.986Z,0.031301832633,2026-06-03 04:27:26.986,4.95
LED experiment,pioreactor02,2026-06-02T22:42:36.987Z,0.031593950628,2026-06-03 04:27:36.987,4.952777777778
LED experiment,pioreactor02,2026-06-02T22:42:46.986Z,0.031390379396,2026-06-03 04:27:46.986,4.955555555556
LED experiment,pioreactor02,2026-06-02T22:42:51.988Z,0.031329090525,2026-06-03 04:27:51.988,4.956944444444
LED experiment,pioreactor02,2026-06-02T22:43:01.987Z,0.03152647341,2026-06-03 04:28:01.987,4.959722222222
LED experiment,pioreactor02,2026-06-02T22:43:06.987Z,0.031588245344,2026-06-03 04:28:06.987,4.961111111111
LED experiment,pioreactor02,2026-06-02T22:43:11.991Z,0.031670407465,2026-06-03 04:28:11.991,4.9625
LED experiment,pioreactor02,2026-06-02T22:43:21.987Z,0.031863008806,2026-06-03 04:28:21.987,4.965277777778
LED experiment,pioreactor02,2026-06-02T22:43:26.988Z,0.03194923923,2026-06-03 04:28:26.988,4.966666666667
LED experiment,pioreactor02,2026-06-02T22:43:31.990Z,0.031907999692,2026-06-03 04:28:31.990,4.968055555556
LED experiment,pioreactor02,2026-06-02T22:43:36.986Z,0.032121681666,2026-06-03 04:28:36.986,4.969444444444
LED experiment,pioreactor02,2026-06-02T22:43:41.987Z,0.032398951033,2026-06-03 04:28:41.987,4.970833333333
LED experiment,pioreactor02,2026-06-02T22:43:46.987Z,0.032479000432,2026-06-03 04:28:46.987,4.972222222222
LED experiment,pioreactor02,2026-06-02T22:43:51.987Z,0.032414872593,2026-06-03 04:28:51.987,4.973611111111
LED experiment,pioreactor02,2026-06-02T22:43:56.987Z,0.032475950636,2026-06-03 04:28:56.987,4.975
LED experiment,pioreactor02,2026-06-02T22:44:01.989Z,0.032294315395,2026-06-03 04:29:01.989,4.976388888889
LED experiment,pioreactor02,2026-06-02T22:44:06.991Z,0.0322089013,2026-06-03 04:29:06.991,4.977777777778
LED experiment,pioreactor02,2026-06-02T22:44:16.986Z,0.032210505919,2026-06-03 04:29:16.986,4.980555555556
LED experiment,pioreactor02,2026-06-02T22:44:21.989Z,0.03227423762,2026-06-03 04:29:21.989,4.981944444444
LED experiment,pioreactor02,2026-06-02T22:44:31.987Z,0.032286344848,2026-06-03 04:29:31.987,4.984722222222
LED experiment,pioreactor02,2026-06-02T22:44:36.989Z,0.032164986977,2026-06-03 04:29:36.989,4.986111111111
LED experiment,pioreactor02,2026-06-02T22:44:46.986Z,0.032206967181,2026-06-03 04:29:46.986,4.988888888889
LED experiment,pioreactor02,2026-06-02T22:44:56.989Z,0.032475774389,2026-06-03 04:29:56.989,4.991666666667
LED experiment,pioreactor02,2026-06-02T22:45:01.988Z,0.032560936294,2026-06-03 04:30:01.988,4.993055555556
LED experiment,pioreactor02,2026-06-02T22:45:06.987Z,0.032760128724,2026-06-03 04:30:06.987,4.994444444444
LED experiment,pioreactor02,2026-06-02T22:45:11.987Z,0.032725619338,2026-06-03 04:30:11.987,4.995833333333
LED experiment,pioreactor02,2026-06-02T22:45:21.989Z,0.03296833467,2026-06-03 04:30:21.989,4.998611111111
LED experiment,pioreactor02,2026-06-02T22:45:26.987Z,0.033137024183,2026-06-03 04:30:26.987,5.0
LED experiment,pioreactor02,2026-06-02T22:45:31.990Z,0.033471304158,2026-06-03 04:30:31.990,5.001388888889
LED experiment,pioreactor02,2026-06-02T22:45:36.988Z,0.033926186095,2026-06-03 04:30:36.988,5.002777777778
LED experiment,pioreactor02,2026-06-02T22:45:41.987Z,0.034053771267,2026-06-03 04:30:41.987,5.004166666667
LED experiment,pioreactor02,2026-06-02T22:45:46.987Z,0.033904264328,2026-06-03 04:30:46.987,5.005555555556
LED experiment,pioreactor02,2026-06-02T22:45:51.989Z,0.033883011504,2026-06-03 04:30:51.989,5.006944444444
LED experiment,pioreactor02,2026-06-02T22:45:56.989Z,0.033837454981,2026-06-03 04:30:56.989,5.008333333333
LED experiment,pioreactor02,2026-06-02T22:46:01.988Z,0.033513821428,2026-06-03 04:31:01.988,5.009722222222
LED experiment,pioreactor02,2026-06-02T22:46:06.987Z,0.033156093655,2026-06-03 04:31:06.987,5.011111111111
LED experiment,pioreactor02,2026-06-02T22:46:11.989Z,0.033091769556,2026-06-03 04:31:11.989,5.0125
LED experiment,pioreactor02,2026-06-02T22:46:21.988Z,0.032574978957,2026-06-03 04:31:21.988,5.015277777778
LED experiment,pioreactor02,2026-06-02T22:46:26.988Z,0.032368010745,2026-06-03 04:31:26.988,5.016666666667
LED experiment,pioreactor02,2026-06-02T22:46:31.989Z,0.032047024038,2026-06-03 04:31:31.989,5.018055555556
LED experiment,pioreactor02,2026-06-02T22:46:41.989Z,0.03212926146,2026-06-03 04:31:41.989,5.020833333333
LED experiment,pioreactor02,2026-06-02T22:46:46.988Z,0.032349605748,2026-06-03 04:31:46.988,5.022222222222
LED experiment,pioreactor02,2026-06-02T22:46:51.987Z,0.032461020536,2026-06-03 04:31:51.987,5.023611111111
LED experiment,pioreactor02,2026-06-02T22:47:01.986Z,0.032515870435,2026-06-03 04:32:01.986,5.026388888889
LED experiment,pioreactor02,2026-06-02T22:47:06.987Z,0.032555585661,2026-06-03 04:32:06.987,5.027777777778
LED experiment,pioreactor02,2026-06-02T22:47:11.987Z,0.03261080981,2026-06-03 04:32:11.987,5.029166666667
LED experiment,pioreactor02,2026-06-02T22:47:21.988Z,0.03261080981,2026-06-03 04:32:21.988,5.031944444444
LED experiment,pioreactor02,2026-06-02T22:47:27.002Z,0.03261080981,2026-06-03 04:32:27.002,5.033611111111
LED experiment,pioreactor02,2026-06-02T22:47:31.995Z,0.03261080981,2026-06-03 04:32:31.995,5.034722222222
LED experiment,pioreactor02,2026-06-02T22:47:36.987Z,0.032609540766,2026-06-03 04:32:36.987,5.036111111111
LED experiment,pioreactor02,2026-06-02T22:47:46.987Z,0.032609878599,2026-06-03 04:32:46.987,5.038888888889
LED experiment,pioreactor02,2026-06-02T22:47:56.987Z,0.032614115483,2026-06-03 04:32:56.987,5.041666666667
LED experiment,pioreactor02,2026-06-02T22:48:01.991Z,0.032616291386,2026-06-03 04:33:01.991,5.043055555556
LED experiment,pioreactor02,2026-06-02T22:48:06.990Z,0.032625497814,2026-06-03 04:33:06.990,5.044444444444
LED experiment,pioreactor02,2026-06-02T22:48:11.988Z,0.032638567805,2026-06-03 04:33:11.988,5.045833333333
LED experiment,pioreactor02,2026-06-02T22:48:16.989Z,0.032636890416,2026-06-03 04:33:16.989,5.047222222222
LED experiment,pioreactor02,2026-06-02T22:48:26.987Z,0.032635283337,2026-06-03 04:33:26.987,5.05
LED experiment,pioreactor02,2026-06-02T22:48:36.988Z,0.032639100651,2026-06-03 04:33:36.988,5.052777777778
LED experiment,pioreactor02,2026-06-02T22:48:41.987Z,0.032617465526,2026-06-03 04:33:41.987,5.054166666667
LED experiment,pioreactor02,2026-06-02T22:48:46.990Z,0.032557476689,2026-06-03 04:33:46.990,5.055555555556
LED experiment,pioreactor02,2026-06-02T22:48:51.991Z,0.032533275012,2026-06-03 04:33:51.991,5.056944444444
LED experiment,pioreactor02,2026-06-02T22:48:56.991Z,0.032529867776,2026-06-03 04:33:56.991,5.058333333333
LED experiment,pioreactor02,2026-06-02T22:49:01.990Z,0.032500646653,2026-06-03 04:34:01.990,5.059722222222
LED experiment,pioreactor02,2026-06-02T22:49:06.988Z,0.032461425262,2026-06-03 04:34:06.988,5.061111111111
LED experiment,pioreactor02,2026-06-02T22:49:11.988Z,0.032458596561,2026-06-03 04:34:11.988,5.0625
LED experiment,pioreactor02,2026-06-02T22:49:16.987Z,0.032468809964,2026-06-03 04:34:16.987,5.063888888889
LED experiment,pioreactor02,2026-06-02T22:49:21.987Z,0.032480020984,2026-06-03 04:34:21.987,5.065277777778
LED experiment,pioreactor02,2026-06-02T22:49:26.989Z,0.03247951252,2026-06-03 04:34:26.989,5.066666666667
LED experiment,pioreactor02,2026-06-02T22:49:31.988Z,0.032479145576,2026-06-03 04:34:31.988,5.068055555556
LED experiment,pioreactor02,2026-06-02T22:49:36.986Z,0.032471005718,2026-06-03 04:34:36.986,5.069444444444
LED experiment,pioreactor02,2026-06-02T22:49:41.988Z,0.032510077318,2026-06-03 04:34:41.988,5.070833333333
LED experiment,pioreactor02,2026-06-02T22:49:46.987Z,0.03253065395,2026-06-03 04:34:46.987,5.072222222222
LED experiment,pioreactor02,2026-06-02T22:49:56.986Z,0.032474729341,2026-06-03 04:34:56.986,5.075
LED experiment,pioreactor02,2026-06-02T22:50:01.988Z,0.032492487132,2026-06-03 04:35:01.988,5.076388888889
LED experiment,pioreactor02,2026-06-02T22:50:16.987Z,0.032485959104,2026-06-03 04:35:16.987,5.080555555556
LED experiment,pioreactor02,2026-06-02T22:50:21.989Z,0.032562988226,2026-06-03 04:35:21.989,5.081944444444
LED experiment,pioreactor02,2026-06-02T22:50:26.992Z,0.032644583182,2026-06-03 04:35:26.992,5.083333333333
LED experiment,pioreactor02,2026-06-02T22:50:31.987Z,0.032762556282,2026-06-03 04:35:31.987,5.084722222222
LED experiment,pioreactor02,2026-06-02T22:50:36.989Z,0.032854798702,2026-06-03 04:35:36.989,5.086111111111
LED experiment,pioreactor02,2026-06-02T22:50:41.991Z,0.032942319925,2026-06-03 04:35:41.991,5.0875
LED experiment,pioreactor02,2026-06-02T22:50:46.988Z,0.032953893601,2026-06-03 04:35:46.988,5.088888888889
LED experiment,pioreactor02,2026-06-02T22:50:51.987Z,0.032955802289,2026-06-03 04:35:51.987,5.090277777778
LED experiment,pioreactor02,2026-06-02T22:50:56.989Z,0.032975602477,2026-06-03 04:35:56.989,5.091666666667
LED experiment,pioreactor02,2026-06-02T22:51:06.989Z,0.033006097771,2026-06-03 04:36:06.989,5.094444444444
LED experiment,pioreactor02,2026-06-02T22:51:11.987Z,0.032989065979,2026-06-03 04:36:11.987,5.095833333333
LED experiment,pioreactor02,2026-06-02T22:51:16.988Z,0.033095587517,2026-06-03 04:36:16.988,5.097222222222
LED experiment,pioreactor02,2026-06-02T22:51:26.987Z,0.033140215987,2026-06-03 04:36:26.987,5.1
LED experiment,pioreactor02,2026-06-02T22:51:31.988Z,0.033109280616,2026-06-03 04:36:31.988,5.101388888889
LED experiment,pioreactor02,2026-06-02T22:51:41.988Z,0.033159803314,2026-06-03 04:36:41.988,5.104166666667
LED experiment,pioreactor02,2026-06-02T22:51:46.989Z,0.033190661124,2026-06-03 04:36:46.989,5.105555555556
LED experiment,pioreactor02,2026-06-02T22:51:51.989Z,0.033231438941,2026-06-03 04:36:51.989,5.106944444444
LED experiment,pioreactor02,2026-06-02T22:51:56.987Z,0.03335846021,2026-06-03 04:36:56.987,5.108333333333
LED experiment,pioreactor02,2026-06-02T22:52:06.987Z,0.033435141349,2026-06-03 04:37:06.987,5.111111111111
LED experiment,pioreactor02,2026-06-02T22:52:21.986Z,0.033576103129,2026-06-03 04:37:21.986,5.115277777778
LED experiment,pioreactor02,2026-06-02T22:52:26.987Z,0.033696751798,2026-06-03 04:37:26.987,5.116666666667
LED experiment,pioreactor02,2026-06-02T22:52:41.988Z,0.033734274734,2026-06-03 04:37:41.988,5.120833333333
LED experiment,pioreactor02,2026-06-02T22:52:46.988Z,0.033709515361,2026-06-03 04:37:46.988,5.122222222222
LED experiment,pioreactor02,2026-06-02T22:52:51.989Z,0.033704787768,2026-06-03 04:37:51.989,5.123611111111
LED experiment,pioreactor02,2026-06-02T22:52:56.987Z,0.033742159982,2026-06-03 04:37:56.987,5.125
LED experiment,pioreactor02,2026-06-02T22:53:06.989Z,0.033707341808,2026-06-03 04:38:06.989,5.127777777778
LED experiment,pioreactor02,2026-06-02T22:53:21.987Z,0.033638329556,2026-06-03 04:38:21.987,5.131944444444
LED experiment,pioreactor02,2026-06-02T22:53:26.989Z,0.033581206612,2026-06-03 04:38:26.989,5.133333333333
LED experiment,pioreactor02,2026-06-02T22:53:31.987Z,0.033742337384,2026-06-03 04:38:31.987,5.134722222222
LED experiment,pioreactor02,2026-06-02T22:53:36.987Z,0.033796946226,2026-06-03 04:38:36.987,5.136111111111
LED experiment,pioreactor02,2026-06-02T22:53:41.989Z,0.033943315598,2026-06-03 04:38:41.989,5.1375
LED experiment,pioreactor02,2026-06-02T22:53:46.988Z,0.034014021653,2026-06-03 04:38:46.988,5.138888888889
LED experiment,pioreactor02,2026-06-02T22:53:51.988Z,0.03427033621,2026-06-03 04:38:51.988,5.140277777778
LED experiment,pioreactor02,2026-06-02T22:53:56.986Z,0.034478105311,2026-06-03 04:38:56.986,5.141666666667
LED experiment,pioreactor02,2026-06-02T22:54:01.988Z,0.034709578977,2026-06-03 04:39:01.988,5.143055555556
LED experiment,pioreactor02,2026-06-02T22:54:06.990Z,0.034966542588,2026-06-03 04:39:06.990,5.144444444444
LED experiment,pioreactor02,2026-06-02T22:54:11.988Z,0.035067507343,2026-06-03 04:39:11.988,5.145833333333
LED experiment,pioreactor02,2026-06-02T22:54:16.987Z,0.035120257868,2026-06-03 04:39:16.987,5.147222222222
LED experiment,pioreactor02,2026-06-02T22:54:21.987Z,0.035129709465,2026-06-03 04:39:21.987,5.148611111111
LED experiment,pioreactor02,2026-06-02T22:54:26.991Z,0.035195508554,2026-06-03 04:39:26.991,5.15
LED experiment,pioreactor02,2026-06-02T22:54:31.987Z,0.035110270184,2026-06-03 04:39:31.987,5.151388888889
LED experiment,pioreactor02,2026-06-02T22:54:36.988Z,0.035177372072,2026-06-03 04:39:36.988,5.152777777778
LED experiment,pioreactor02,2026-06-02T22:54:41.988Z,0.035208782927,2026-06-03 04:39:41.988,5.154166666667
LED experiment,pioreactor02,2026-06-02T22:54:46.992Z,0.035087619442,2026-06-03 04:39:46.992,5.155555555556
LED experiment,pioreactor02,2026-06-02T22:54:51.988Z,0.035026848051,2026-06-03 04:39:51.988,5.156944444444
LED experiment,pioreactor02,2026-06-02T22:54:56.989Z,0.034966641321,2026-06-03 04:39:56.989,5.158333333333
LED experiment,pioreactor02,2026-06-02T22:55:06.987Z,0.034971199286,2026-06-03 04:40:06.987,5.161111111111
LED experiment,pioreactor02,2026-06-02T22:55:11.987Z,0.035033765402,2026-06-03 04:40:11.987,5.1625
LED experiment,pioreactor02,2026-06-02T22:55:16.989Z,0.034987377562,2026-06-03 04:40:16.989,5.163888888889
LED experiment,pioreactor02,2026-06-02T22:55:31.988Z,0.035275011377,2026-06-03 04:40:31.988,5.168055555556
LED experiment,pioreactor02,2026-06-02T22:55:36.987Z,0.03552929742,2026-06-03 04:40:36.987,5.169444444444
LED experiment,pioreactor02,2026-06-02T22:55:41.989Z,0.035511266042,2026-06-03 04:40:41.989,5.170833333333
LED experiment,pioreactor02,2026-06-02T22:55:46.988Z,0.035596703901,2026-06-03 04:40:46.988,5.172222222222
LED experiment,pioreactor02,2026-06-02T22:55:51.989Z,0.035713322918,2026-06-03 04:40:51.989,5.173611111111
LED experiment,pioreactor02,2026-06-02T22:55:56.987Z,0.035679504009,2026-06-03 04:40:56.987,5.175
LED experiment,pioreactor02,2026-06-02T22:56:11.987Z,0.035725274017,2026-06-03 04:41:11.987,5.179166666667
LED experiment,pioreactor02,2026-06-02T22:56:16.988Z,0.035725364301,2026-06-03 04:41:16.988,5.180555555556
LED experiment,pioreactor02,2026-06-02T22:56:21.989Z,0.035816919412,2026-06-03 04:41:21.989,5.181944444444
LED experiment,pioreactor02,2026-06-02T22:56:26.987Z,0.035805691782,2026-06-03 04:41:26.987,5.183333333333
LED experiment,pioreactor02,2026-06-02T22:56:36.989Z,0.035285260931,2026-06-03 04:41:36.989,5.186111111111
LED experiment,pioreactor02,2026-06-02T22:56:41.986Z,0.034863573172,2026-06-03 04:41:41.986,5.1875
LED experiment,pioreactor02,2026-06-02T22:56:46.991Z,0.034665852229,2026-06-03 04:41:46.991,5.188888888889
LED experiment,pioreactor02,2026-06-02T22:56:51.988Z,0.034754002474,2026-06-03 04:41:51.988,5.190277777778
LED experiment,pioreactor02,2026-06-02T22:56:56.987Z,0.034754215511,2026-06-03 04:41:56.987,5.191666666667
LED experiment,pioreactor02,2026-06-02T22:57:06.990Z,0.034911291733,2026-06-03 04:42:06.990,5.194444444444
LED experiment,pioreactor02,2026-06-02T22:57:11.989Z,0.035239996242,2026-06-03 04:42:11.989,5.195833333333
LED experiment,pioreactor02,2026-06-02T22:57:16.989Z,0.035426108091,2026-06-03 04:42:16.989,5.197222222222
LED experiment,pioreactor02,2026-06-02T22:57:21.987Z,0.03530007042,2026-06-03 04:42:21.987,5.198611111111
LED experiment,pioreactor02,2026-06-02T22:57:31.987Z,0.03530373125,2026-06-03 04:42:31.987,5.201388888889
LED experiment,pioreactor02,2026-06-02T22:57:41.990Z,0.035240974028,2026-06-03 04:42:41.990,5.204166666667
LED experiment,pioreactor02,2026-06-02T22:57:46.986Z,0.035526001271,2026-06-03 04:42:46.986,5.205555555556
LED experiment,pioreactor02,2026-06-02T22:57:56.988Z,0.035799101135,2026-06-03 04:42:56.988,5.208333333333
LED experiment,pioreactor02,2026-06-02T22:58:01.988Z,0.036040572548,2026-06-03 04:43:01.988,5.209722222222
LED experiment,pioreactor02,2026-06-02T22:58:06.989Z,0.036288720273,2026-06-03 04:43:06.989,5.211111111111
LED experiment,pioreactor02,2026-06-02T22:58:11.987Z,0.036107672968,2026-06-03 04:43:11.987,5.2125
LED experiment,pioreactor02,2026-06-02T22:58:16.987Z,0.036198823606,2026-06-03 04:43:16.987,5.213888888889
LED experiment,pioreactor02,2026-06-02T22:58:26.987Z,0.036069196638,2026-06-03 04:43:26.987,5.216666666667
LED experiment,pioreactor02,2026-06-02T22:58:36.988Z,0.036064640458,2026-06-03 04:43:36.988,5.219444444444
LED experiment,pioreactor02,2026-06-02T22:58:41.986Z,0.035942224772,2026-06-03 04:43:41.986,5.220833333333
LED experiment,pioreactor02,2026-06-02T22:58:46.986Z,0.03604269371,2026-06-03 04:43:46.986,5.222222222222
LED experiment,pioreactor02,2026-06-02T22:58:51.988Z,0.036031583499,2026-06-03 04:43:51.988,5.223611111111
LED experiment,pioreactor02,2026-06-02T22:58:56.989Z,0.035895857052,2026-06-03 04:43:56.989,5.225
LED experiment,pioreactor02,2026-06-02T22:59:01.988Z,0.035983609122,2026-06-03 04:44:01.988,5.226388888889
LED experiment,pioreactor02,2026-06-02T22:59:06.987Z,0.036253167961,2026-06-03 04:44:06.987,5.227777777778
LED experiment,pioreactor02,2026-06-02T22:59:11.987Z,0.036249667405,2026-06-03 04:44:11.987,5.229166666667
LED experiment,pioreactor02,2026-06-02T22:59:16.988Z,0.036470283187,2026-06-03 04:44:16.988,5.230555555556
LED experiment,pioreactor02,2026-06-02T22:59:26.987Z,0.036576203741,2026-06-03 04:44:26.987,5.233333333333
LED experiment,pioreactor02,2026-06-02T22:59:31.986Z,0.036354944448,2026-06-03 04:44:31.986,5.234722222222
LED experiment,pioreactor02,2026-06-02T22:59:36.988Z,0.036352283726,2026-06-03 04:44:36.988,5.236111111111
LED experiment,pioreactor02,2026-06-02T22:59:51.989Z,0.035867562071,2026-06-03 04:44:51.989,5.240277777778
LED experiment,pioreactor02,2026-06-02T22:59:56.991Z,0.03584739082,2026-06-03 04:44:56.991,5.241666666667
LED experiment,pioreactor02,2026-06-02T23:00:01.989Z,0.036029282613,2026-06-03 04:45:01.989,5.243055555556
LED experiment,pioreactor02,2026-06-02T23:00:06.986Z,0.03619946805,2026-06-03 04:45:06.986,5.244444444444
LED experiment,pioreactor02,2026-06-02T23:00:11.989Z,0.035889612096,2026-06-03 04:45:11.989,5.245833333333
LED experiment,pioreactor02,2026-06-02T23:00:16.987Z,0.035910138028,2026-06-03 04:45:16.987,5.247222222222
LED experiment,pioreactor02,2026-06-02T23:00:21.990Z,0.036124778652,2026-06-03 04:45:21.990,5.248611111111
LED experiment,pioreactor02,2026-06-02T23:00:26.988Z,0.036416452362,2026-06-03 04:45:26.988,5.25
LED experiment,pioreactor02,2026-06-02T23:00:31.988Z,0.036690915046,2026-06-03 04:45:31.988,5.251388888889
LED experiment,pioreactor02,2026-06-02T23:00:36.988Z,0.036825764182,2026-06-03 04:45:36.988,5.252777777778
LED experiment,pioreactor02,2026-06-02T23:00:41.987Z,0.036523970679,2026-06-03 04:45:41.987,5.254166666667
LED experiment,pioreactor02,2026-06-02T23:00:46.988Z,0.036198467606,2026-06-03 04:45:46.988,5.255555555556
LED experiment,pioreactor02,2026-06-02T23:00:51.987Z,0.03635449784,2026-06-03 04:45:51.987,5.256944444444
LED experiment,pioreactor02,2026-06-02T23:00:56.987Z,0.03662493021,2026-06-03 04:45:56.987,5.258333333333
LED experiment,pioreactor02,2026-06-02T23:01:11.993Z,0.036864554588,2026-06-03 04:46:11.993,5.2625
LED experiment,pioreactor02,2026-06-02T23:01:16.988Z,0.037185758096,2026-06-03 04:46:16.988,5.263888888889
LED experiment,pioreactor02,2026-06-02T23:01:21.989Z,0.037339195783,2026-06-03 04:46:21.989,5.265277777778
LED experiment,pioreactor02,2026-06-02T23:01:26.989Z,0.037531577179,2026-06-03 04:46:26.989,5.266666666667
LED experiment,pioreactor02,2026-06-02T23:01:31.988Z,0.03764720947,2026-06-03 04:46:31.988,5.268055555556
LED experiment,pioreactor02,2026-06-02T23:01:36.992Z,0.037664877724,2026-06-03 04:46:36.992,5.269444444444
LED experiment,pioreactor02,2026-06-02T23:01:41.987Z,0.037659994316,2026-06-03 04:46:41.987,5.270833333333
LED experiment,pioreactor02,2026-06-02T23:01:51.987Z,0.037774666511,2026-06-03 04:46:51.987,5.273611111111
LED experiment,pioreactor02,2026-06-02T23:01:56.989Z,0.038023447908,2026-06-03 04:46:56.989,5.275
LED experiment,pioreactor02,2026-06-02T23:02:01.988Z,0.037920750318,2026-06-03 04:47:01.988,5.276388888889
LED experiment,pioreactor02,2026-06-02T23:02:06.988Z,0.037803779433,2026-06-03 04:47:06.988,5.277777777778
LED experiment,pioreactor02,2026-06-02T23:02:11.987Z,0.03813608838,2026-06-03 04:47:11.987,5.279166666667
LED experiment,pioreactor02,2026-06-02T23:02:16.986Z,0.038667584153,2026-06-03 04:47:16.986,5.280555555556
LED experiment,pioreactor02,2026-06-02T23:02:26.987Z,0.038709825621,2026-06-03 04:47:26.987,5.283333333333
LED experiment,pioreactor02,2026-06-02T23:02:31.989Z,0.038888128977,2026-06-03 04:47:31.989,5.284722222222
LED experiment,pioreactor02,2026-06-02T23:02:36.986Z,0.039064209965,2026-06-03 04:47:36.986,5.286111111111
LED experiment,pioreactor02,2026-06-02T23:02:41.987Z,0.039647876628,2026-06-03 04:47:41.987,5.2875
LED experiment,pioreactor02,2026-06-02T23:02:46.987Z,0.03977248393,2026-06-03 04:47:46.987,5.288888888889
LED experiment,pioreactor02,2026-06-02T23:02:51.989Z,0.040054422437,2026-06-03 04:47:51.989,5.290277777778
LED experiment,pioreactor02,2026-06-02T23:02:56.986Z,0.040373109348,2026-06-03 04:47:56.986,5.291666666667
LED experiment,pioreactor02,2026-06-02T23:03:01.988Z,0.04010838741,2026-06-03 04:48:01.988,5.293055555556
LED experiment,pioreactor02,2026-06-02T23:03:06.989Z,0.039966692221,2026-06-03 04:48:06.989,5.294444444444
LED experiment,pioreactor02,2026-06-02T23:03:11.987Z,0.040007309135,2026-06-03 04:48:11.987,5.295833333333
LED experiment,pioreactor02,2026-06-02T23:03:16.989Z,0.040060451438,2026-06-03 04:48:16.989,5.297222222222
LED experiment,pioreactor02,2026-06-02T23:03:21.988Z,0.03989182152,2026-06-03 04:48:21.988,5.298611111111
LED experiment,pioreactor02,2026-06-02T23:03:36.987Z,0.039961497066,2026-06-03 04:48:36.987,5.302777777778
LED experiment,pioreactor02,2026-06-02T23:03:41.989Z,0.03998378942,2026-06-03 04:48:41.989,5.304166666667
LED experiment,pioreactor02,2026-06-02T23:03:51.988Z,0.040051268432,2026-06-03 04:48:51.988,5.306944444444
LED experiment,pioreactor02,2026-06-02T23:03:56.987Z,0.040242679076,2026-06-03 04:48:56.987,5.308333333333
LED experiment,pioreactor02,2026-06-02T23:04:01.987Z,0.040468455225,2026-06-03 04:49:01.987,5.309722222222
LED experiment,pioreactor02,2026-06-02T23:04:11.986Z,0.041099991468,2026-06-03 04:49:11.986,5.3125
LED experiment,pioreactor02,2026-06-02T23:04:26.988Z,0.040976778482,2026-06-03 04:49:26.988,5.316666666667
LED experiment,pioreactor02,2026-06-02T23:04:41.988Z,0.040981659246,2026-06-03 04:49:41.988,5.320833333333
LED experiment,pioreactor02,2026-06-02T23:04:46.988Z,0.040687562125,2026-06-03 04:49:46.988,5.322222222222
LED experiment,pioreactor02,2026-06-02T23:04:51.989Z,0.040359912194,2026-06-03 04:49:51.989,5.323611111111
LED experiment,pioreactor02,2026-06-02T23:04:56.989Z,0.04031684291,2026-06-03 04:49:56.989,5.325
LED experiment,pioreactor02,2026-06-02T23:05:01.988Z,0.040692384147,2026-06-03 04:50:01.988,5.326388888889
LED experiment,pioreactor02,2026-06-02T23:05:16.988Z,0.040318628144,2026-06-03 04:50:16.988,5.330555555556
LED experiment,pioreactor02,2026-06-02T23:05:21.988Z,0.040564113667,2026-06-03 04:50:21.988,5.331944444444
LED experiment,pioreactor02,2026-06-02T23:05:31.987Z,0.040492795588,2026-06-03 04:50:31.987,5.334722222222
LED experiment,pioreactor02,2026-06-02T23:05:36.988Z,0.040687792163,2026-06-03 04:50:36.988,5.336111111111
LED experiment,pioreactor02,2026-06-02T23:05:41.987Z,0.041166368274,2026-06-03 04:50:41.987,5.3375
LED experiment,pioreactor02,2026-06-02T23:05:46.988Z,0.041395750976,2026-06-03 04:50:46.988,5.338888888889
LED experiment,pioreactor02,2026-06-02T23:06:01.989Z,0.041414820967,2026-06-03 04:51:01.989,5.343055555556
LED experiment,pioreactor02,2026-06-02T23:06:06.988Z,0.04145571467,2026-06-03 04:51:06.988,5.344444444444
LED experiment,pioreactor02,2026-06-02T23:06:16.987Z,0.041259085117,2026-06-03 04:51:16.987,5.347222222222
LED experiment,pioreactor02,2026-06-02T23:06:21.989Z,0.041518134279,2026-06-03 04:51:21.989,5.348611111111
LED experiment,pioreactor02,2026-06-02T23:06:31.988Z,0.041385591463,2026-06-03 04:51:31.988,5.351388888889
LED experiment,pioreactor02,2026-06-02T23:06:36.988Z,0.041742008688,2026-06-03 04:51:36.988,5.352777777778
LED experiment,pioreactor02,2026-06-02T23:06:41.988Z,0.042163202404,2026-06-03 04:51:41.988,5.354166666667
LED experiment,pioreactor02,2026-06-02T23:06:46.989Z,0.042656140191,2026-06-03 04:51:46.989,5.355555555556
LED experiment,pioreactor02,2026-06-02T23:06:56.991Z,0.042973538767,2026-06-03 04:51:56.991,5.358333333333
LED experiment,pioreactor02,2026-06-02T23:07:01.987Z,0.042838465868,2026-06-03 04:52:01.987,5.359722222222
LED experiment,pioreactor02,2026-06-02T23:07:06.988Z,0.042565966414,2026-06-03 04:52:06.988,5.361111111111
LED experiment,pioreactor02,2026-06-02T23:07:11.987Z,0.042528190472,2026-06-03 04:52:11.987,5.3625
LED experiment,pioreactor02,2026-06-02T23:07:16.989Z,0.042305987449,2026-06-03 04:52:16.989,5.363888888889
LED experiment,pioreactor02,2026-06-02T23:07:21.987Z,0.042456728636,2026-06-03 04:52:21.987,5.365277777778
LED experiment,pioreactor02,2026-06-02T23:07:26.987Z,0.042501247577,2026-06-03 04:52:26.987,5.366666666667
LED experiment,pioreactor02,2026-06-02T23:07:41.990Z,0.042604504181,2026-06-03 04:52:41.990,5.370833333333
LED experiment,pioreactor02,2026-06-02T23:07:46.988Z,0.043051752332,2026-06-03 04:52:46.988,5.372222222222
LED experiment,pioreactor02,2026-06-02T23:07:51.989Z,0.043009549493,2026-06-03 04:52:51.989,5.373611111111
LED experiment,pioreactor02,2026-06-02T23:07:56.988Z,0.043157377973,2026-06-03 04:52:56.988,5.375
LED experiment,pioreactor02,2026-06-02T23:08:06.986Z,0.043516691762,2026-06-03 04:53:06.986,5.377777777778
LED experiment,pioreactor02,2026-06-02T23:08:11.987Z,0.043805886727,2026-06-03 04:53:11.987,5.379166666667
LED experiment,pioreactor02,2026-06-02T23:08:16.987Z,0.0440434508,2026-06-03 04:53:16.987,5.380555555556
LED experiment,pioreactor02,2026-06-02T23:08:21.989Z,0.043948241225,2026-06-03 04:53:21.989,5.381944444444
LED experiment,pioreactor02,2026-06-02T23:08:31.987Z,0.043657592751,2026-06-03 04:53:31.987,5.384722222222
LED experiment,pioreactor02,2026-06-02T23:08:36.986Z,0.043528895319,2026-06-03 04:53:36.986,5.386111111111
LED experiment,pioreactor02,2026-06-02T23:08:41.987Z,0.043317142319,2026-06-03 04:53:41.987,5.3875
LED experiment,pioreactor02,2026-06-02T23:08:46.990Z,0.043122098072,2026-06-03 04:53:46.990,5.388888888889
LED experiment,pioreactor02,2026-06-02T23:08:56.987Z,0.043055017051,2026-06-03 04:53:56.987,5.391666666667
LED experiment,pioreactor02,2026-06-02T23:09:06.989Z,0.043263109624,2026-06-03 04:54:06.989,5.394444444444
LED experiment,pioreactor02,2026-06-02T23:09:21.989Z,0.043368151042,2026-06-03 04:54:21.989,5.398611111111
LED experiment,pioreactor02,2026-06-02T23:09:26.988Z,0.043387932579,2026-06-03 04:54:26.988,5.4
LED experiment,pioreactor02,2026-06-02T23:09:36.986Z,0.043138538488,2026-06-03 04:54:36.986,5.402777777778
LED experiment,pioreactor02,2026-06-02T23:09:41.987Z,0.043004301869,2026-06-03 04:54:41.987,5.404166666667
LED experiment,pioreactor02,2026-06-02T23:10:01.987Z,0.043164393296,2026-06-03 04:55:01.987,5.409722222222
LED experiment,pioreactor02,2026-06-02T23:10:06.987Z,0.043356826081,2026-06-03 04:55:06.987,5.411111111111
LED experiment,pioreactor02,2026-06-02T23:10:11.987Z,0.043529449767,2026-06-03 04:55:11.987,5.4125
LED experiment,pioreactor02,2026-06-02T23:10:16.987Z,0.043606296683,2026-06-03 04:55:16.987,5.413888888889
LED experiment,pioreactor02,2026-06-02T23:10:21.989Z,0.043545834858,2026-06-03 04:55:21.989,5.415277777778
LED experiment,pioreactor02,2026-06-02T23:10:26.988Z,0.043218202832,2026-06-03 04:55:26.988,5.416666666667
LED experiment,pioreactor02,2026-06-02T23:10:31.987Z,0.043434902959,2026-06-03 04:55:31.987,5.418055555556
LED experiment,pioreactor02,2026-06-02T23:10:41.988Z,0.043860700699,2026-06-03 04:55:41.988,5.420833333333
LED experiment,pioreactor02,2026-06-02T23:10:46.988Z,0.04390318452,2026-06-03 04:55:46.988,5.422222222222
LED experiment,pioreactor02,2026-06-02T23:10:51.990Z,0.044014587836,2026-06-03 04:55:51.990,5.423611111111
LED experiment,pioreactor02,2026-06-02T23:11:01.989Z,0.043730902122,2026-06-03 04:56:01.989,5.426388888889
LED experiment,pioreactor02,2026-06-02T23:11:06.986Z,0.043752087034,2026-06-03 04:56:06.986,5.427777777778
LED experiment,pioreactor02,2026-06-02T23:11:11.990Z,0.044065478349,2026-06-03 04:56:11.990,5.429166666667
LED experiment,pioreactor02,2026-06-02T23:11:16.988Z,0.044344110996,2026-06-03 04:56:16.988,5.430555555556
LED experiment,pioreactor02,2026-06-02T23:11:31.987Z,0.044502011563,2026-06-03 04:56:31.987,5.434722222222
LED experiment,pioreactor02,2026-06-02T23:11:36.988Z,0.044727985805,2026-06-03 04:56:36.988,5.436111111111
LED experiment,pioreactor02,2026-06-02T23:11:41.987Z,0.045043092818,2026-06-03 04:56:41.987,5.4375
LED experiment,pioreactor02,2026-06-02T23:11:46.988Z,0.045414373085,2026-06-03 04:56:46.988,5.438888888889
LED experiment,pioreactor02,2026-06-02T23:11:51.989Z,0.045789134737,2026-06-03 04:56:51.989,5.440277777778
LED experiment,pioreactor02,2026-06-02T23:12:01.989Z,0.045819016195,2026-06-03 04:57:01.989,5.443055555556
LED experiment,pioreactor02,2026-06-02T23:12:06.986Z,0.04587878153,2026-06-03 04:57:06.986,5.444444444444
LED experiment,pioreactor02,2026-06-02T23:12:11.990Z,0.045738357071,2026-06-03 04:57:11.990,5.445833333333
LED experiment,pioreactor02,2026-06-02T23:12:16.989Z,0.045903372985,2026-06-03 04:57:16.989,5.447222222222
LED experiment,pioreactor02,2026-06-02T23:12:26.989Z,0.046099990338,2026-06-03 04:57:26.989,5.45
LED experiment,pioreactor02,2026-06-02T23:12:31.987Z,0.046178331126,2026-06-03 04:57:31.987,5.451388888889
LED experiment,pioreactor02,2026-06-02T23:12:41.987Z,0.046679879468,2026-06-03 04:57:41.987,5.454166666667
LED experiment,pioreactor02,2026-06-02T23:12:46.990Z,0.046996312737,2026-06-03 04:57:46.990,5.455555555556
LED experiment,pioreactor02,2026-06-02T23:12:51.988Z,0.047256698017,2026-06-03 04:57:51.988,5.456944444444
LED experiment,pioreactor02,2026-06-02T23:12:56.988Z,0.047026155298,2026-06-03 04:57:56.988,5.458333333333
LED experiment,pioreactor02,2026-06-02T23:13:11.989Z,0.04716335863,2026-06-03 04:58:11.989,5.4625
LED experiment,pioreactor02,2026-06-02T23:13:16.990Z,0.047301087476,2026-06-03 04:58:16.990,5.463888888889
LED experiment,pioreactor02,2026-06-02T23:13:21.990Z,0.047193230823,2026-06-03 04:58:21.990,5.465277777778
LED experiment,pioreactor02,2026-06-02T23:13:26.988Z,0.046824780502,2026-06-03 04:58:26.988,5.466666666667
LED experiment,pioreactor02,2026-06-02T23:13:31.989Z,0.046418455042,2026-06-03 04:58:31.989,5.468055555556
LED experiment,pioreactor02,2026-06-02T23:13:36.987Z,0.045976339812,2026-06-03 04:58:36.987,5.469444444444
LED experiment,pioreactor02,2026-06-02T23:13:41.987Z,0.045720465663,2026-06-03 04:58:41.987,5.470833333333
LED experiment,pioreactor02,2026-06-02T23:13:46.987Z,0.045697031218,2026-06-03 04:58:46.987,5.472222222222
LED experiment,pioreactor02,2026-06-02T23:13:51.988Z,0.045971057727,2026-06-03 04:58:51.988,5.473611111111
LED experiment,pioreactor02,2026-06-02T23:13:56.987Z,0.046397480741,2026-06-03 04:58:56.987,5.475
LED experiment,pioreactor02,2026-06-02T23:14:01.989Z,0.046610386358,2026-06-03 04:59:01.989,5.476388888889
LED experiment,pioreactor02,2026-06-02T23:14:06.989Z,0.046499646032,2026-06-03 04:59:06.989,5.477777777778
LED experiment,pioreactor02,2026-06-02T23:14:11.989Z,0.046379828872,2026-06-03 04:59:11.989,5.479166666667
LED experiment,pioreactor02,2026-06-02T23:14:16.988Z,0.046029205187,2026-06-03 04:59:16.988,5.480555555556
LED experiment,pioreactor02,2026-06-02T23:14:21.988Z,0.045645852749,2026-06-03 04:59:21.988,5.481944444444
LED experiment,pioreactor02,2026-06-02T23:14:31.987Z,0.045512083662,2026-06-03 04:59:31.987,5.484722222222
LED experiment,pioreactor02,2026-06-02T23:14:36.989Z,0.045207416671,2026-06-03 04:59:36.989,5.486111111111
LED experiment,pioreactor02,2026-06-02T23:14:41.988Z,0.04515610948,2026-06-03 04:59:41.988,5.4875
LED experiment,pioreactor02,2026-06-02T23:14:46.988Z,0.044977433097,2026-06-03 04:59:46.988,5.488888888889
LED experiment,pioreactor02,2026-06-02T23:14:56.988Z,0.045042577941,2026-06-03 04:59:56.988,5.491666666667
LED experiment,pioreactor02,2026-06-02T23:15:06.986Z,0.04528447471,2026-06-03 05:00:06.986,5.494444444444
LED experiment,pioreactor02,2026-06-02T23:15:11.992Z,0.045436848276,2026-06-03 05:00:11.992,5.495833333333
LED experiment,pioreactor02,2026-06-02T23:15:16.986Z,0.045493406278,2026-06-03 05:00:16.986,5.497222222222
LED experiment,pioreactor02,2026-06-02T23:15:21.988Z,0.04523389883,2026-06-03 05:00:21.988,5.498611111111
LED experiment,pioreactor02,2026-06-02T23:15:26.986Z,0.044944214152,2026-06-03 05:00:26.986,5.5
LED experiment,pioreactor02,2026-06-02T23:15:31.987Z,0.04481123919,2026-06-03 05:00:31.987,5.501388888889
LED experiment,pioreactor02,2026-06-02T23:15:36.989Z,0.04480666962,2026-06-03 05:00:36.989,5.502777777778
LED experiment,pioreactor02,2026-06-02T23:15:41.988Z,0.044719039563,2026-06-03 05:00:41.988,5.504166666667
LED experiment,pioreactor02,2026-06-02T23:15:46.991Z,0.044600358489,2026-06-03 05:00:46.991,5.505555555556
LED experiment,pioreactor02,2026-06-02T23:15:56.987Z,0.044405297637,2026-06-03 05:00:56.987,5.508333333333
LED experiment,pioreactor02,2026-06-02T23:16:01.988Z,0.044123796581,2026-06-03 05:01:01.988,5.509722222222
LED experiment,pioreactor02,2026-06-02T23:16:06.987Z,0.0437660351,2026-06-03 05:01:06.987,5.511111111111
LED experiment,pioreactor02,2026-06-02T23:16:16.988Z,0.043631633583,2026-06-03 05:01:16.988,5.513888888889
LED experiment,pioreactor02,2026-06-02T23:16:21.988Z,0.043393675696,2026-06-03 05:01:21.988,5.515277777778
LED experiment,pioreactor02,2026-06-02T23:16:26.986Z,0.043219453761,2026-06-03 05:01:26.986,5.516666666667
LED experiment,pioreactor02,2026-06-02T23:16:36.986Z,0.043026105942,2026-06-03 05:01:36.986,5.519444444444
LED experiment,pioreactor02,2026-06-02T23:16:41.989Z,0.042697688308,2026-06-03 05:01:41.989,5.520833333333
LED experiment,pioreactor02,2026-06-02T23:16:46.986Z,0.042496736176,2026-06-03 05:01:46.986,5.522222222222
LED experiment,pioreactor02,2026-06-02T23:16:51.988Z,0.042387206477,2026-06-03 05:01:51.988,5.523611111111
LED experiment,pioreactor02,2026-06-02T23:16:56.987Z,0.042149511758,2026-06-03 05:01:56.987,5.525
LED experiment,pioreactor02,2026-06-02T23:17:01.988Z,0.041906891673,2026-06-03 05:02:01.988,5.526388888889
LED experiment,pioreactor02,2026-06-02T23:17:06.989Z,0.04163003957,2026-06-03 05:02:06.989,5.527777777778
LED experiment,pioreactor02,2026-06-02T23:17:11.988Z,0.041496620812,2026-06-03 05:02:11.988,5.529166666667
LED experiment,pioreactor02,2026-06-02T23:17:16.989Z,0.041348928798,2026-06-03 05:02:16.989,5.530555555556
LED experiment,pioreactor02,2026-06-02T23:17:21.988Z,0.041249738026,2026-06-03 05:02:21.988,5.531944444444
LED experiment,pioreactor02,2026-06-02T23:17:26.988Z,0.041094425754,2026-06-03 05:02:26.988,5.533333333333
LED experiment,pioreactor02,2026-06-02T23:17:31.987Z,0.040960527617,2026-06-03 05:02:31.987,5.534722222222
LED experiment,pioreactor02,2026-06-02T23:17:36.988Z,0.040788373449,2026-06-03 05:02:36.988,5.536111111111
LED experiment,pioreactor02,2026-06-02T23:17:41.987Z,0.040509700923,2026-06-03 05:02:41.987,5.5375
LED experiment,pioreactor02,2026-06-02T23:17:46.989Z,0.040278906619,2026-06-03 05:02:46.989,5.538888888889
LED experiment,pioreactor02,2026-06-02T23:17:51.987Z,0.040048460971,2026-06-03 05:02:51.987,5.540277777778
LED experiment,pioreactor02,2026-06-02T23:17:56.986Z,0.039849517294,2026-06-03 05:02:56.986,5.541666666667
LED experiment,pioreactor02,2026-06-02T23:18:01.988Z,0.039707996489,2026-06-03 05:03:01.988,5.543055555556
LED experiment,pioreactor02,2026-06-02T23:18:11.989Z,0.03965742367,2026-06-03 05:03:11.989,5.545833333333
LED experiment,pioreactor02,2026-06-02T23:18:16.988Z,0.039559182991,2026-06-03 05:03:16.988,5.547222222222
LED experiment,pioreactor02,2026-06-02T23:18:26.987Z,0.039283275399,2026-06-03 05:03:26.987,5.55
LED experiment,pioreactor02,2026-06-02T23:18:41.991Z,0.039161898759,2026-06-03 05:03:41.991,5.554166666667
LED experiment,pioreactor02,2026-06-02T23:18:51.990Z,0.039179206158,2026-06-03 05:03:51.990,5.556944444444
LED experiment,pioreactor02,2026-06-02T23:18:56.988Z,0.039195722306,2026-06-03 05:03:56.988,5.558333333333
LED experiment,pioreactor02,2026-06-02T23:19:01.989Z,0.039121751874,2026-06-03 05:04:01.989,5.559722222222
LED experiment,pioreactor02,2026-06-02T23:19:06.986Z,0.039010168397,2026-06-03 05:04:06.986,5.561111111111
LED experiment,pioreactor02,2026-06-02T23:19:11.988Z,0.039154786308,2026-06-03 05:04:11.988,5.5625
LED experiment,pioreactor02,2026-06-02T23:19:16.990Z,0.039207182883,2026-06-03 05:04:16.990,5.563888888889
LED experiment,pioreactor02,2026-06-02T23:19:21.989Z,0.039164083668,2026-06-03 05:04:21.989,5.565277777778
LED experiment,pioreactor02,2026-06-02T23:19:26.986Z,0.038912066869,2026-06-03 05:04:26.986,5.566666666667
LED experiment,pioreactor02,2026-06-02T23:19:31.989Z,0.03875548405,2026-06-03 05:04:31.989,5.568055555556
LED experiment,pioreactor02,2026-06-02T23:19:36.987Z,0.038705286799,2026-06-03 05:04:36.987,5.569444444444
LED experiment,pioreactor02,2026-06-02T23:19:41.987Z,0.038463685209,2026-06-03 05:04:41.987,5.570833333333
LED experiment,pioreactor02,2026-06-02T23:19:46.989Z,0.038326309076,2026-06-03 05:04:46.989,5.572222222222
LED experiment,pioreactor02,2026-06-02T23:19:56.988Z,0.038463385484,2026-06-03 05:04:56.988,5.575
LED experiment,pioreactor02,2026-06-02T23:20:06.989Z,0.038501756852,2026-06-03 05:05:06.989,5.577777777778
LED experiment,pioreactor02,2026-06-02T23:20:16.988Z,0.038303682642,2026-06-03 05:05:16.988,5.580555555556
LED experiment,pioreactor02,2026-06-02T23:20:21.989Z,0.038066400453,2026-06-03 05:05:21.989,5.581944444444
LED experiment,pioreactor02,2026-06-02T23:20:26.986Z,0.037931179126,2026-06-03 05:05:26.986,5.583333333333
LED experiment,pioreactor02,2026-06-02T23:20:31.988Z,0.037838125722,2026-06-03 05:05:31.988,5.584722222222
LED experiment,pioreactor02,2026-06-02T23:20:36.988Z,0.03791025652,2026-06-03 05:05:36.988,5.586111111111
LED experiment,pioreactor02,2026-06-02T23:20:41.988Z,0.037958222758,2026-06-03 05:05:41.988,5.5875
LED experiment,pioreactor02,2026-06-02T23:20:51.988Z,0.037843897857,2026-06-03 05:05:51.988,5.590277777778
LED experiment,pioreactor02,2026-06-02T23:20:56.989Z,0.037767965305,2026-06-03 05:05:56.989,5.591666666667
LED experiment,pioreactor02,2026-06-02T23:21:01.987Z,0.03784676348,2026-06-03 05:06:01.987,5.593055555556
LED experiment,pioreactor02,2026-06-02T23:21:06.987Z,0.037962638157,2026-06-03 05:06:06.987,5.594444444444
LED experiment,pioreactor02,2026-06-02T23:21:16.988Z,0.03793376245,2026-06-03 05:06:16.988,5.597222222222
LED experiment,pioreactor02,2026-06-02T23:21:26.986Z,0.037757253422,2026-06-03 05:06:26.986,5.6
LED experiment,pioreactor02,2026-06-02T23:21:36.989Z,0.037613779298,2026-06-03 05:06:36.989,5.602777777778
LED experiment,pioreactor02,2026-06-02T23:21:41.987Z,0.037776346555,2026-06-03 05:06:41.987,5.604166666667
LED experiment,pioreactor02,2026-06-02T23:21:46.989Z,0.037628872949,2026-06-03 05:06:46.989,5.605555555556
LED experiment,pioreactor02,2026-06-02T23:21:51.988Z,0.037172985592,2026-06-03 05:06:51.988,5.606944444444
LED experiment,pioreactor02,2026-06-02T23:22:01.989Z,0.037208296184,2026-06-03 05:07:01.989,5.609722222222
LED experiment,pioreactor02,2026-06-02T23:22:11.987Z,0.037378683399,2026-06-03 05:07:11.987,5.6125
LED experiment,pioreactor02,2026-06-02T23:22:16.988Z,0.037286047265,2026-06-03 05:07:16.988,5.613888888889
LED experiment,pioreactor02,2026-06-02T23:22:21.988Z,0.037193864869,2026-06-03 05:07:21.988,5.615277777778
LED experiment,pioreactor02,2026-06-02T23:22:31.988Z,0.037051453852,2026-06-03 05:07:31.988,5.618055555556
LED experiment,pioreactor02,2026-06-02T23:22:41.988Z,0.036857640183,2026-06-03 05:07:41.988,5.620833333333
LED experiment,pioreactor02,2026-06-02T23:22:46.988Z,0.03680626987,2026-06-03 05:07:46.988,5.622222222222
LED experiment,pioreactor02,2026-06-02T23:22:51.987Z,0.036325267808,2026-06-03 05:07:51.987,5.623611111111
LED experiment,pioreactor02,2026-06-02T23:22:56.987Z,0.036291163813,2026-06-03 05:07:56.987,5.625
LED experiment,pioreactor02,2026-06-02T23:23:06.987Z,0.036125448177,2026-06-03 05:08:06.987,5.627777777778
LED experiment,pioreactor02,2026-06-02T23:23:11.988Z,0.035914188339,2026-06-03 05:08:11.988,5.629166666667
LED experiment,pioreactor02,2026-06-02T23:23:16.987Z,0.035767762398,2026-06-03 05:08:16.987,5.630555555556
LED experiment,pioreactor02,2026-06-02T23:23:21.988Z,0.035933781273,2026-06-03 05:08:21.988,5.631944444444
LED experiment,pioreactor02,2026-06-02T23:23:26.989Z,0.035866654957,2026-06-03 05:08:26.989,5.633333333333
LED experiment,pioreactor02,2026-06-02T23:23:36.989Z,0.035695084611,2026-06-03 05:08:36.989,5.636111111111
LED experiment,pioreactor02,2026-06-02T23:23:41.988Z,0.035448388119,2026-06-03 05:08:41.988,5.6375
LED experiment,pioreactor02,2026-06-02T23:23:46.987Z,0.035086403562,2026-06-03 05:08:46.987,5.638888888889
LED experiment,pioreactor02,2026-06-02T23:23:51.987Z,0.035147146909,2026-06-03 05:08:51.987,5.640277777778
LED experiment,pioreactor02,2026-06-02T23:23:56.987Z,0.035065439151,2026-06-03 05:08:56.987,5.641666666667
LED experiment,pioreactor02,2026-06-02T23:24:01.989Z,0.035031904251,2026-06-03 05:09:01.989,5.643055555556
LED experiment,pioreactor02,2026-06-02T23:24:06.988Z,0.034889242306,2026-06-03 05:09:06.988,5.644444444444
LED experiment,pioreactor02,2026-06-02T23:24:11.989Z,0.034718474557,2026-06-03 05:09:11.989,5.645833333333
LED experiment,pioreactor02,2026-06-02T23:24:16.987Z,0.034597891007,2026-06-03 05:09:16.987,5.647222222222
LED experiment,pioreactor02,2026-06-02T23:24:21.988Z,0.034613177116,2026-06-03 05:09:21.988,5.648611111111
LED experiment,pioreactor02,2026-06-02T23:24:31.988Z,0.034405935486,2026-06-03 05:09:31.988,5.651388888889
LED experiment,pioreactor02,2026-06-02T23:24:36.987Z,0.034084869509,2026-06-03 05:09:36.987,5.652777777778
LED experiment,pioreactor02,2026-06-02T23:24:41.986Z,0.033866304032,2026-06-03 05:09:41.986,5.654166666667
LED experiment,pioreactor02,2026-06-02T23:24:46.989Z,0.033657538675,2026-06-03 05:09:46.989,5.655555555556
LED experiment,pioreactor02,2026-06-02T23:24:51.988Z,0.033544011783,2026-06-03 05:09:51.988,5.656944444444
LED experiment,pioreactor02,2026-06-02T23:24:56.990Z,0.033444706526,2026-06-03 05:09:56.990,5.658333333333
LED experiment,pioreactor02,2026-06-02T23:25:01.987Z,0.033352846649,2026-06-03 05:10:01.987,5.659722222222
LED experiment,pioreactor02,2026-06-02T23:25:06.987Z,0.033132323774,2026-06-03 05:10:06.987,5.661111111111
LED experiment,pioreactor02,2026-06-02T23:25:16.987Z,0.033252240055,2026-06-03 05:10:16.987,5.663888888889
LED experiment,pioreactor02,2026-06-02T23:25:21.989Z,0.033045724268,2026-06-03 05:10:21.989,5.665277777778
LED experiment,pioreactor02,2026-06-02T23:25:26.988Z,0.032875404278,2026-06-03 05:10:26.988,5.666666666667
LED experiment,pioreactor02,2026-06-02T23:25:31.988Z,0.032659764565,2026-06-03 05:10:31.988,5.668055555556
LED experiment,pioreactor02,2026-06-02T23:25:36.989Z,0.032403353265,2026-06-03 05:10:36.989,5.669444444444
LED experiment,pioreactor02,2026-06-02T23:25:41.990Z,0.03201495464,2026-06-03 05:10:41.990,5.670833333333
LED experiment,pioreactor02,2026-06-02T23:25:46.988Z,0.031877748539,2026-06-03 05:10:46.988,5.672222222222
LED experiment,pioreactor02,2026-06-02T23:25:51.986Z,0.031694320913,2026-06-03 05:10:51.986,5.673611111111
LED experiment,pioreactor02,2026-06-02T23:25:56.989Z,0.031633774635,2026-06-03 05:10:56.989,5.675
LED experiment,pioreactor02,2026-06-02T23:26:01.989Z,0.031333720377,2026-06-03 05:11:01.989,5.676388888889
LED experiment,pioreactor02,2026-06-02T23:26:06.987Z,0.031164742674,2026-06-03 05:11:06.987,5.677777777778
LED experiment,pioreactor02,2026-06-02T23:26:11.990Z,0.031297295276,2026-06-03 05:11:11.990,5.679166666667
LED experiment,pioreactor02,2026-06-02T23:26:16.989Z,0.031253384964,2026-06-03 05:11:16.989,5.680555555556
LED experiment,pioreactor02,2026-06-02T23:26:21.987Z,0.031073306765,2026-06-03 05:11:21.987,5.681944444444
LED experiment,pioreactor02,2026-06-02T23:26:31.986Z,0.030825995502,2026-06-03 05:11:31.986,5.684722222222
LED experiment,pioreactor02,2026-06-02T23:26:36.988Z,0.030483906945,2026-06-03 05:11:36.988,5.686111111111
LED experiment,pioreactor02,2026-06-02T23:26:41.987Z,0.030179090216,2026-06-03 05:11:41.987,5.6875
LED experiment,pioreactor02,2026-06-02T23:26:46.988Z,0.030224335847,2026-06-03 05:11:46.988,5.688888888889
LED experiment,pioreactor02,2026-06-02T23:26:51.987Z,0.030246266232,2026-06-03 05:11:51.987,5.690277777778
LED experiment,pioreactor02,2026-06-02T23:26:56.989Z,0.029909952391,2026-06-03 05:11:56.989,5.691666666667
LED experiment,pioreactor02,2026-06-02T23:27:01.991Z,0.029613050627,2026-06-03 05:12:01.991,5.693055555556
LED experiment,pioreactor02,2026-06-02T23:27:06.988Z,0.029436582103,2026-06-03 05:12:06.988,5.694444444444
LED experiment,pioreactor02,2026-06-02T23:27:11.990Z,0.02931226704,2026-06-03 05:12:11.990,5.695833333333
LED experiment,pioreactor02,2026-06-02T23:27:16.988Z,0.029041456435,2026-06-03 05:12:16.988,5.697222222222
LED experiment,pioreactor02,2026-06-02T23:27:21.987Z,0.02924738422,2026-06-03 05:12:21.987,5.698611111111
LED experiment,pioreactor02,2026-06-02T23:27:36.987Z,0.029463845973,2026-06-03 05:12:36.987,5.702777777778
LED experiment,pioreactor02,2026-06-02T23:27:41.989Z,0.029341156299,2026-06-03 05:12:41.989,5.704166666667
LED experiment,pioreactor02,2026-06-02T23:27:46.990Z,0.029420100057,2026-06-03 05:12:46.990,5.705555555556
LED experiment,pioreactor02,2026-06-02T23:27:56.988Z,0.029200340098,2026-06-03 05:12:56.988,5.708333333333
LED experiment,pioreactor02,2026-06-02T23:28:01.987Z,0.029015520393,2026-06-03 05:13:01.987,5.709722222222
LED experiment,pioreactor02,2026-06-02T23:28:06.987Z,0.028605369453,2026-06-03 05:13:06.987,5.711111111111
LED experiment,pioreactor02,2026-06-02T23:28:11.988Z,0.028552702947,2026-06-03 05:13:11.988,5.7125
LED experiment,pioreactor02,2026-06-02T23:28:16.988Z,0.028486886674,2026-06-03 05:13:16.988,5.713888888889
LED experiment,pioreactor02,2026-06-02T23:28:21.987Z,0.028328120476,2026-06-03 05:13:21.987,5.715277777778
LED experiment,pioreactor02,2026-06-02T23:28:26.989Z,0.028288851004,2026-06-03 05:13:26.989,5.716666666667
LED experiment,pioreactor02,2026-06-02T23:28:31.988Z,0.02802547985,2026-06-03 05:13:31.988,5.718055555556
LED experiment,pioreactor02,2026-06-02T23:28:36.989Z,0.027802363849,2026-06-03 05:13:36.989,5.719444444444
LED experiment,pioreactor02,2026-06-02T23:28:41.989Z,0.027686522512,2026-06-03 05:13:41.989,5.720833333333
LED experiment,pioreactor02,2026-06-02T23:28:46.987Z,0.027711238666,2026-06-03 05:13:46.987,5.722222222222
LED experiment,pioreactor02,2026-06-02T23:28:51.987Z,0.027900941823,2026-06-03 05:13:51.987,5.723611111111
LED experiment,pioreactor02,2026-06-02T23:28:56.988Z,0.027993847983,2026-06-03 05:13:56.988,5.725
LED experiment,pioreactor02,2026-06-02T23:29:01.988Z,0.028048374446,2026-06-03 05:14:01.988,5.726388888889
LED experiment,pioreactor02,2026-06-02T23:29:06.986Z,0.027933596476,2026-06-03 05:14:06.986,5.727777777778
LED experiment,pioreactor02,2026-06-02T23:29:11.989Z,0.027589828472,2026-06-03 05:14:11.989,5.729166666667
LED experiment,pioreactor02,2026-06-02T23:29:16.988Z,0.027238276858,2026-06-03 05:14:16.988,5.730555555556
LED experiment,pioreactor02,2026-06-02T23:29:21.989Z,0.027010600952,2026-06-03 05:14:21.989,5.731944444444
LED experiment,pioreactor02,2026-06-02T23:29:31.987Z,0.02669403145,2026-06-03 05:14:31.987,5.734722222222
LED experiment,pioreactor02,2026-06-02T23:29:36.989Z,0.02658815987,2026-06-03 05:14:36.989,5.736111111111
LED experiment,pioreactor02,2026-06-02T23:29:41.986Z,0.026526427013,2026-06-03 05:14:41.986,5.7375
LED experiment,pioreactor02,2026-06-02T23:29:46.988Z,0.02640744588,2026-06-03 05:14:46.988,5.738888888889
LED experiment,pioreactor02,2026-06-02T23:29:51.989Z,0.026708356015,2026-06-03 05:14:51.989,5.740277777778
LED experiment,pioreactor02,2026-06-02T23:29:56.989Z,0.026567139623,2026-06-03 05:14:56.989,5.741666666667
LED experiment,pioreactor02,2026-06-02T23:30:01.987Z,0.026465985321,2026-06-03 05:15:01.987,5.743055555556
LED experiment,pioreactor02,2026-06-02T23:30:06.988Z,0.02626837668,2026-06-03 05:15:06.988,5.744444444444
LED experiment,pioreactor02,2026-06-02T23:30:11.988Z,0.02620930637,2026-06-03 05:15:11.988,5.745833333333
LED experiment,pioreactor02,2026-06-02T23:30:16.986Z,0.026183007721,2026-06-03 05:15:16.986,5.747222222222
LED experiment,pioreactor02,2026-06-02T23:30:21.988Z,0.026180755996,2026-06-03 05:15:21.988,5.748611111111
LED experiment,pioreactor02,2026-06-02T23:30:26.989Z,0.026208898677,2026-06-03 05:15:26.989,5.75
LED experiment,pioreactor02,2026-06-02T23:30:31.988Z,0.026159696659,2026-06-03 05:15:31.988,5.751388888889
LED experiment,pioreactor02,2026-06-02T23:30:36.989Z,0.026248124345,2026-06-03 05:15:36.989,5.752777777778
LED experiment,pioreactor02,2026-06-02T23:30:46.988Z,0.026181693006,2026-06-03 05:15:46.988,5.755555555556
LED experiment,pioreactor02,2026-06-02T23:30:51.988Z,0.026144227077,2026-06-03 05:15:51.988,5.756944444444
LED experiment,pioreactor02,2026-06-02T23:30:56.988Z,0.026311446996,2026-06-03 05:15:56.988,5.758333333333
LED experiment,pioreactor02,2026-06-02T23:31:01.988Z,0.026317162137,2026-06-03 05:16:01.988,5.759722222222
LED experiment,pioreactor02,2026-06-02T23:31:06.989Z,0.026169330304,2026-06-03 05:16:06.989,5.761111111111
LED experiment,pioreactor02,2026-06-02T23:31:11.989Z,0.026254762012,2026-06-03 05:16:11.989,5.7625
LED experiment,pioreactor02,2026-06-02T23:31:16.987Z,0.026085145642,2026-06-03 05:16:16.987,5.763888888889
LED experiment,pioreactor02,2026-06-02T23:31:21.989Z,0.026265284538,2026-06-03 05:16:21.989,5.765277777778
LED experiment,pioreactor02,2026-06-02T23:31:26.987Z,0.026469140708,2026-06-03 05:16:26.987,5.766666666667
LED experiment,pioreactor02,2026-06-02T23:31:36.987Z,0.026538629376,2026-06-03 05:16:36.987,5.769444444444
LED experiment,pioreactor02,2026-06-02T23:31:41.988Z,0.0264924158,2026-06-03 05:16:41.988,5.770833333333
LED experiment,pioreactor02,2026-06-02T23:31:51.988Z,0.026355298956,2026-06-03 05:16:51.988,5.773611111111
LED experiment,pioreactor02,2026-06-02T23:31:56.989Z,0.026107077673,2026-06-03 05:16:56.989,5.775
LED experiment,pioreactor02,2026-06-02T23:32:01.992Z,0.026005177435,2026-06-03 05:17:01.992,5.776388888889
LED experiment,pioreactor02,2026-06-02T23:32:06.988Z,0.025684507605,2026-06-03 05:17:06.988,5.777777777778
LED experiment,pioreactor02,2026-06-02T23:32:16.987Z,0.025653337198,2026-06-03 05:17:16.987,5.780555555556
LED experiment,pioreactor02,2026-06-02T23:32:21.989Z,0.025451064878,2026-06-03 05:17:21.989,5.781944444444
LED experiment,pioreactor02,2026-06-02T23:32:26.987Z,0.025563372081,2026-06-03 05:17:26.987,5.783333333333
LED experiment,pioreactor02,2026-06-02T23:32:31.986Z,0.025560269573,2026-06-03 05:17:31.986,5.784722222222
LED experiment,pioreactor02,2026-06-02T23:32:36.987Z,0.025275643124,2026-06-03 05:17:36.987,5.786111111111
LED experiment,pioreactor02,2026-06-02T23:32:41.988Z,0.025269003739,2026-06-03 05:17:41.988,5.7875
LED experiment,pioreactor02,2026-06-02T23:32:46.987Z,0.025456126896,2026-06-03 05:17:46.987,5.788888888889
LED experiment,pioreactor02,2026-06-02T23:32:51.990Z,0.025590715584,2026-06-03 05:17:51.990,5.790277777778
LED experiment,pioreactor02,2026-06-02T23:32:56.987Z,0.025771912808,2026-06-03 05:17:56.987,5.791666666667
LED experiment,pioreactor02,2026-06-02T23:33:01.989Z,0.025742599107,2026-06-03 05:18:01.989,5.793055555556
LED experiment,pioreactor02,2026-06-02T23:33:06.988Z,0.026021947192,2026-06-03 05:18:06.988,5.794444444444
LED experiment,pioreactor02,2026-06-02T23:33:11.986Z,0.02578663774,2026-06-03 05:18:11.986,5.795833333333
LED experiment,pioreactor02,2026-06-02T23:33:26.988Z,0.025351451275,2026-06-03 05:18:26.988,5.8
LED experiment,pioreactor02,2026-06-02T23:33:31.989Z,0.025120693515,2026-06-03 05:18:31.989,5.801388888889
LED experiment,pioreactor02,2026-06-02T23:33:36.990Z,0.025182777405,2026-06-03 05:18:36.990,5.802777777778
LED experiment,pioreactor02,2026-06-02T23:33:41.989Z,0.025346600707,2026-06-03 05:18:41.989,5.804166666667
LED experiment,pioreactor02,2026-06-02T23:33:46.986Z,0.025104494024,2026-06-03 05:18:46.986,5.805555555556
LED experiment,pioreactor02,2026-06-02T23:33:51.987Z,0.025085199089,2026-06-03 05:18:51.987,5.806944444444
LED experiment,pioreactor02,2026-06-02T23:33:56.988Z,0.024980095137,2026-06-03 05:18:56.988,5.808333333333
LED experiment,pioreactor02,2026-06-02T23:34:01.988Z,0.024698418469,2026-06-03 05:19:01.988,5.809722222222
LED experiment,pioreactor02,2026-06-02T23:34:06.988Z,0.024788132348,2026-06-03 05:19:06.988,5.811111111111
LED experiment,pioreactor02,2026-06-02T23:34:16.986Z,0.025036544546,2026-06-03 05:19:16.986,5.813888888889
LED experiment,pioreactor02,2026-06-02T23:34:21.987Z,0.024883074584,2026-06-03 05:19:21.987,5.815277777778
LED experiment,pioreactor02,2026-06-02T23:34:26.989Z,0.025063784926,2026-06-03 05:19:26.989,5.816666666667
LED experiment,pioreactor02,2026-06-02T23:34:31.988Z,0.025463051991,2026-06-03 05:19:31.988,5.818055555556
LED experiment,pioreactor02,2026-06-02T23:34:36.989Z,0.025566945075,2026-06-03 05:19:36.989,5.819444444444
LED experiment,pioreactor02,2026-06-02T23:34:41.988Z,0.025729259735,2026-06-03 05:19:41.988,5.820833333333
LED experiment,pioreactor02,2026-06-02T23:34:46.989Z,0.025897780138,2026-06-03 05:19:46.989,5.822222222222
LED experiment,pioreactor02,2026-06-02T23:34:51.987Z,0.025605566663,2026-06-03 05:19:51.987,5.823611111111
LED experiment,pioreactor02,2026-06-02T23:34:56.988Z,0.025562131996,2026-06-03 05:19:56.988,5.825
LED experiment,pioreactor02,2026-06-02T23:35:06.987Z,0.025752314844,2026-06-03 05:20:06.987,5.827777777778
LED experiment,pioreactor02,2026-06-02T23:35:11.987Z,0.025923769784,2026-06-03 05:20:11.987,5.829166666667
LED experiment,pioreactor02,2026-06-02T23:35:16.988Z,0.026042357745,2026-06-03 05:20:16.988,5.830555555556
LED experiment,pioreactor02,2026-06-02T23:35:26.986Z,0.026425784941,2026-06-03 05:20:26.986,5.833333333333
LED experiment,pioreactor02,2026-06-02T23:35:31.988Z,0.026376507753,2026-06-03 05:20:31.988,5.834722222222
LED experiment,pioreactor02,2026-06-02T23:35:36.986Z,0.026339136496,2026-06-03 05:20:36.986,5.836111111111
LED experiment,pioreactor02,2026-06-02T23:35:41.989Z,0.026719812587,2026-06-03 05:20:41.989,5.8375
LED experiment,pioreactor02,2026-06-02T23:35:46.986Z,0.026968600606,2026-06-03 05:20:46.986,5.838888888889
LED experiment,pioreactor02,2026-06-02T23:35:51.987Z,0.027161438006,2026-06-03 05:20:51.987,5.840277777778
LED experiment,pioreactor02,2026-06-02T23:35:56.989Z,0.02717921539,2026-06-03 05:20:56.989,5.841666666667
LED experiment,pioreactor02,2026-06-02T23:36:06.987Z,0.027415521492,2026-06-03 05:21:06.987,5.844444444444
LED experiment,pioreactor02,2026-06-02T23:36:16.989Z,0.027610007035,2026-06-03 05:21:16.989,5.847222222222
LED experiment,pioreactor02,2026-06-02T23:36:26.990Z,0.027513664686,2026-06-03 05:21:26.990,5.85
LED experiment,pioreactor02,2026-06-02T23:36:31.989Z,0.027615222761,2026-06-03 05:21:31.989,5.851388888889
LED experiment,pioreactor02,2026-06-02T23:36:36.987Z,0.027678528836,2026-06-03 05:21:36.987,5.852777777778
LED experiment,pioreactor02,2026-06-02T23:36:41.988Z,0.027833172638,2026-06-03 05:21:41.988,5.854166666667
LED experiment,pioreactor02,2026-06-02T23:36:46.986Z,0.028090167779,2026-06-03 05:21:46.986,5.855555555556
LED experiment,pioreactor02,2026-06-02T23:36:51.987Z,0.028060631968,2026-06-03 05:21:51.987,5.856944444444
LED experiment,pioreactor02,2026-06-02T23:36:56.987Z,0.028083515597,2026-06-03 05:21:56.987,5.858333333333
LED experiment,pioreactor02,2026-06-02T23:37:01.988Z,0.028252056789,2026-06-03 05:22:01.988,5.859722222222
LED experiment,pioreactor02,2026-06-02T23:37:06.987Z,0.028128187884,2026-06-03 05:22:06.987,5.861111111111
LED experiment,pioreactor02,2026-06-02T23:37:11.988Z,0.028075192515,2026-06-03 05:22:11.988,5.8625
LED experiment,pioreactor02,2026-06-02T23:37:16.988Z,0.027912548298,2026-06-03 05:22:16.988,5.863888888889
LED experiment,pioreactor02,2026-06-02T23:37:26.987Z,0.028129145044,2026-06-03 05:22:26.987,5.866666666667
LED experiment,pioreactor02,2026-06-02T23:37:31.987Z,0.028565459765,2026-06-03 05:22:31.987,5.868055555556
LED experiment,pioreactor02,2026-06-02T23:37:36.989Z,0.028601842637,2026-06-03 05:22:36.989,5.869444444444
LED experiment,pioreactor02,2026-06-02T23:37:41.988Z,0.028293678159,2026-06-03 05:22:41.988,5.870833333333
LED experiment,pioreactor02,2026-06-02T23:37:51.988Z,0.028356376221,2026-06-03 05:22:51.988,5.873611111111
LED experiment,pioreactor02,2026-06-02T23:37:56.988Z,0.028648934973,2026-06-03 05:22:56.988,5.875
LED experiment,pioreactor02,2026-06-02T23:38:11.989Z,0.028561041597,2026-06-03 05:23:11.989,5.879166666667
LED experiment,pioreactor02,2026-06-02T23:38:16.990Z,0.028299922171,2026-06-03 05:23:16.990,5.880555555556
LED experiment,pioreactor02,2026-06-02T23:38:21.987Z,0.028087834972,2026-06-03 05:23:21.987,5.881944444444
LED experiment,pioreactor02,2026-06-02T23:38:26.988Z,0.028233661095,2026-06-03 05:23:26.988,5.883333333333
LED experiment,pioreactor02,2026-06-02T23:38:31.987Z,0.028298972414,2026-06-03 05:23:31.987,5.884722222222
LED experiment,pioreactor02,2026-06-02T23:38:36.989Z,0.028224620747,2026-06-03 05:23:36.989,5.886111111111
LED experiment,pioreactor02,2026-06-02T23:38:46.987Z,0.028174219924,2026-06-03 05:23:46.987,5.888888888889
LED experiment,pioreactor02,2026-06-02T23:38:51.988Z,0.028212539455,2026-06-03 05:23:51.988,5.890277777778
LED experiment,pioreactor02,2026-06-02T23:39:01.988Z,0.028039725715,2026-06-03 05:24:01.988,5.893055555556
LED experiment,pioreactor02,2026-06-02T23:39:06.989Z,0.027685205996,2026-06-03 05:24:06.989,5.894444444444
LED experiment,pioreactor02,2026-06-02T23:39:11.987Z,0.027724479287,2026-06-03 05:24:11.987,5.895833333333
LED experiment,pioreactor02,2026-06-02T23:39:21.987Z,0.028063413538,2026-06-03 05:24:21.987,5.898611111111
LED experiment,pioreactor02,2026-06-02T23:39:36.987Z,0.027689877533,2026-06-03 05:24:36.987,5.902777777778
LED experiment,pioreactor02,2026-06-02T23:39:46.989Z,0.027509676339,2026-06-03 05:24:46.989,5.905555555556
LED experiment,pioreactor02,2026-06-02T23:39:51.988Z,0.02745460203,2026-06-03 05:24:51.988,5.906944444444
LED experiment,pioreactor02,2026-06-02T23:39:56.988Z,0.027690443573,2026-06-03 05:24:56.988,5.908333333333
LED experiment,pioreactor02,2026-06-02T23:40:01.988Z,0.027801018088,2026-06-03 05:25:01.988,5.909722222222
LED experiment,pioreactor02,2026-06-02T23:40:11.987Z,0.027957198595,2026-06-03 05:25:11.987,5.9125
LED experiment,pioreactor02,2026-06-02T23:40:26.988Z,0.027764626802,2026-06-03 05:25:26.988,5.916666666667
LED experiment,pioreactor02,2026-06-02T23:40:41.988Z,0.027595291443,2026-06-03 05:25:41.988,5.920833333333
LED experiment,pioreactor02,2026-06-02T23:40:46.986Z,0.028192783265,2026-06-03 05:25:46.986,5.922222222222
LED experiment,pioreactor02,2026-06-02T23:40:51.986Z,0.028332060174,2026-06-03 05:25:51.986,5.923611111111
LED experiment,pioreactor02,2026-06-02T23:40:56.988Z,0.028620295716,2026-06-03 05:25:56.988,5.925
LED experiment,pioreactor02,2026-06-02T23:41:06.986Z,0.028805193086,2026-06-03 05:26:06.986,5.927777777778
LED experiment,pioreactor02,2026-06-02T23:41:11.991Z,0.028699961374,2026-06-03 05:26:11.991,5.929166666667
LED experiment,pioreactor02,2026-06-02T23:41:16.989Z,0.028718358148,2026-06-03 05:26:16.989,5.930555555556
LED experiment,pioreactor02,2026-06-02T23:41:21.988Z,0.028587434981,2026-06-03 05:26:21.988,5.931944444444
LED experiment,pioreactor02,2026-06-02T23:41:26.992Z,0.028249681178,2026-06-03 05:26:26.992,5.933333333333
LED experiment,pioreactor02,2026-06-02T23:41:31.987Z,0.02822493161,2026-06-03 05:26:31.987,5.934722222222
LED experiment,pioreactor02,2026-06-02T23:41:36.987Z,0.028203585746,2026-06-03 05:26:36.987,5.936111111111
LED experiment,pioreactor02,2026-06-02T23:41:51.989Z,0.028005284562,2026-06-03 05:26:51.989,5.940277777778
LED experiment,pioreactor02,2026-06-02T23:42:01.987Z,0.027788585798,2026-06-03 05:27:01.987,5.943055555556
LED experiment,pioreactor02,2026-06-02T23:42:06.987Z,0.027455674262,2026-06-03 05:27:06.987,5.944444444444
LED experiment,pioreactor02,2026-06-02T23:42:16.988Z,0.027416330317,2026-06-03 05:27:16.988,5.947222222222
LED experiment,pioreactor02,2026-06-02T23:42:21.988Z,0.027708691129,2026-06-03 05:27:21.988,5.948611111111
LED experiment,pioreactor02,2026-06-02T23:42:26.988Z,0.028073123547,2026-06-03 05:27:26.988,5.95
LED experiment,pioreactor02,2026-06-02T23:42:31.988Z,0.028276672608,2026-06-03 05:27:31.988,5.951388888889
LED experiment,pioreactor02,2026-06-02T23:42:36.987Z,0.028394639652,2026-06-03 05:27:36.987,5.952777777778
LED experiment,pioreactor02,2026-06-02T23:42:41.988Z,0.028227199134,2026-06-03 05:27:41.988,5.954166666667
LED experiment,pioreactor02,2026-06-02T23:42:46.987Z,0.028131054765,2026-06-03 05:27:46.987,5.955555555556
LED experiment,pioreactor02,2026-06-02T23:42:51.986Z,0.028413849338,2026-06-03 05:27:51.986,5.956944444444
LED experiment,pioreactor02,2026-06-02T23:42:56.988Z,0.028579576969,2026-06-03 05:27:56.988,5.958333333333
LED experiment,pioreactor02,2026-06-02T23:43:01.989Z,0.028191491101,2026-06-03 05:28:01.989,5.959722222222
LED experiment,pioreactor02,2026-06-02T23:43:11.987Z,0.028345448191,2026-06-03 05:28:11.987,5.9625
LED experiment,pioreactor02,2026-06-02T23:43:26.987Z,0.028096891953,2026-06-03 05:28:26.987,5.966666666667
LED experiment,pioreactor02,2026-06-02T23:43:31.987Z,0.027801900097,2026-06-03 05:28:31.987,5.968055555556
LED experiment,pioreactor02,2026-06-02T23:43:36.991Z,0.027750261625,2026-06-03 05:28:36.991,5.969444444444
LED experiment,pioreactor02,2026-06-02T23:43:41.989Z,0.027641686022,2026-06-03 05:28:41.989,5.970833333333
LED experiment,pioreactor02,2026-06-02T23:43:46.988Z,0.027527556552,2026-06-03 05:28:46.988,5.972222222222
LED experiment,pioreactor02,2026-06-02T23:43:56.987Z,0.027311407883,2026-06-03 05:28:56.987,5.975
LED experiment,pioreactor02,2026-06-02T23:44:01.988Z,0.027236821662,2026-06-03 05:29:01.988,5.976388888889
LED experiment,pioreactor02,2026-06-02T23:44:06.988Z,0.027284040207,2026-06-03 05:29:06.988,5.977777777778
LED experiment,pioreactor02,2026-06-02T23:44:11.988Z,0.027220610476,2026-06-03 05:29:11.988,5.979166666667
LED experiment,pioreactor02,2026-06-02T23:44:16.988Z,0.02716497085,2026-06-03 05:29:16.988,5.980555555556
LED experiment,pioreactor02,2026-06-02T23:44:21.987Z,0.026942640659,2026-06-03 05:29:21.987,5.981944444444
LED experiment,pioreactor02,2026-06-02T23:44:26.987Z,0.027191794356,2026-06-03 05:29:26.987,5.983333333333
LED experiment,pioreactor02,2026-06-02T23:44:31.987Z,0.027287146583,2026-06-03 05:29:31.987,5.984722222222
LED experiment,pioreactor02,2026-06-02T23:44:36.987Z,0.027299670834,2026-06-03 05:29:36.987,5.986111111111
LED experiment,pioreactor02,2026-06-02T23:44:41.986Z,0.027379718086,2026-06-03 05:29:41.986,5.9875
LED experiment,pioreactor02,2026-06-02T23:44:46.986Z,0.027551109838,2026-06-03 05:29:46.986,5.988888888889
LED experiment,pioreactor02,2026-06-02T23:44:51.989Z,0.027918864507,2026-06-03 05:29:51.989,5.990277777778
LED experiment,pioreactor02,2026-06-02T23:44:56.987Z,0.02785474646,2026-06-03 05:29:56.987,5.991666666667
LED experiment,pioreactor02,2026-06-02T23:45:01.988Z,0.027699514575,2026-06-03 05:30:01.988,5.993055555556
LED experiment,pioreactor02,2026-06-02T23:45:06.988Z,0.027591759218,2026-06-03 05:30:06.988,5.994444444444
LED experiment,pioreactor02,2026-06-02T23:45:11.988Z,0.027617643574,2026-06-03 05:30:11.988,5.995833333333
LED experiment,pioreactor02,2026-06-02T23:45:16.986Z,0.027603679625,2026-06-03 05:30:16.986,5.997222222222
LED experiment,pioreactor02,2026-06-02T23:45:21.988Z,0.027644934082,2026-06-03 05:30:21.988,5.998611111111
LED experiment,pioreactor02,2026-06-02T23:45:26.989Z,0.027555094929,2026-06-03 05:30:26.989,6.0
LED experiment,pioreactor02,2026-06-02T23:45:31.987Z,0.027654007368,2026-06-03 05:30:31.987,6.001388888889
LED experiment,pioreactor02,2026-06-02T23:45:36.990Z,0.027611788056,2026-06-03 05:30:36.990,6.002777777778
LED experiment,pioreactor02,2026-06-02T23:45:41.989Z,0.027911264747,2026-06-03 05:30:41.989,6.004166666667
LED experiment,pioreactor02,2026-06-02T23:45:46.988Z,0.028146259125,2026-06-03 05:30:46.988,6.005555555556
LED experiment,pioreactor02,2026-06-02T23:45:51.988Z,0.028013736272,2026-06-03 05:30:51.988,6.006944444444
LED experiment,pioreactor02,2026-06-02T23:45:56.990Z,0.028041324813,2026-06-03 05:30:56.990,6.008333333333
LED experiment,pioreactor02,2026-06-02T23:46:01.988Z,0.028112288872,2026-06-03 05:31:01.988,6.009722222222
LED experiment,pioreactor02,2026-06-02T23:46:06.989Z,0.02793419232,2026-06-03 05:31:06.989,6.011111111111
LED experiment,pioreactor02,2026-06-02T23:46:11.988Z,0.028216331724,2026-06-03 05:31:11.988,6.0125
LED experiment,pioreactor02,2026-06-02T23:46:16.988Z,0.028093076183,2026-06-03 05:31:16.988,6.013888888889
LED experiment,pioreactor02,2026-06-02T23:46:26.987Z,0.027990769007,2026-06-03 05:31:26.987,6.016666666667
LED experiment,pioreactor02,2026-06-02T23:46:36.988Z,0.027843177832,2026-06-03 05:31:36.988,6.019444444444
LED experiment,pioreactor02,2026-06-02T23:46:46.987Z,0.02738702637,2026-06-03 05:31:46.987,6.022222222222
LED experiment,pioreactor02,2026-06-02T23:46:51.990Z,0.026912021336,2026-06-03 05:31:51.990,6.023611111111
LED experiment,pioreactor02,2026-06-02T23:47:01.988Z,0.02683950006,2026-06-03 05:32:01.988,6.026388888889
LED experiment,pioreactor02,2026-06-02T23:47:06.987Z,0.02693343804,2026-06-03 05:32:06.987,6.027777777778
LED experiment,pioreactor02,2026-06-02T23:47:11.989Z,0.02712651274,2026-06-03 05:32:11.989,6.029166666667
LED experiment,pioreactor02,2026-06-02T23:47:16.991Z,0.02712651274,2026-06-03 05:32:16.991,6.030555555556
LED experiment,pioreactor02,2026-06-02T23:47:21.988Z,0.02712651274,2026-06-03 05:32:21.988,6.031944444444
LED experiment,pioreactor02,2026-06-02T23:47:27.001Z,0.02712651274,2026-06-03 05:32:27.001,6.033611111111
LED experiment,pioreactor02,2026-06-02T23:47:31.992Z,0.02712651274,2026-06-03 05:32:31.992,6.034722222222
LED experiment,pioreactor02,2026-06-02T23:47:36.989Z,0.027125328597,2026-06-03 05:32:36.989,6.036111111111
LED experiment,pioreactor02,2026-06-02T23:47:41.988Z,0.027127942178,2026-06-03 05:32:41.988,6.0375
LED experiment,pioreactor02,2026-06-02T23:47:46.989Z,0.027124468459,2026-06-03 05:32:46.989,6.038888888889
LED experiment,pioreactor02,2026-06-02T23:47:51.989Z,0.027127538314,2026-06-03 05:32:51.989,6.040277777778
LED experiment,pioreactor02,2026-06-02T23:48:06.986Z,0.027105857617,2026-06-03 05:33:06.986,6.044444444444
LED experiment,pioreactor02,2026-06-02T23:48:11.987Z,0.027107346012,2026-06-03 05:33:11.987,6.045833333333
LED experiment,pioreactor02,2026-06-02T23:48:16.989Z,0.027100106918,2026-06-03 05:33:16.989,6.047222222222
LED experiment,pioreactor02,2026-06-02T23:48:21.987Z,0.027109931067,2026-06-03 05:33:21.987,6.048611111111
LED experiment,pioreactor02,2026-06-02T23:48:26.988Z,0.027122811702,2026-06-03 05:33:26.988,6.05
LED experiment,pioreactor02,2026-06-02T23:48:31.989Z,0.027110486591,2026-06-03 05:33:31.989,6.051388888889
LED experiment,pioreactor02,2026-06-02T23:48:36.987Z,0.027126226345,2026-06-03 05:33:36.987,6.052777777778
LED experiment,pioreactor02,2026-06-02T23:48:41.987Z,0.027118483915,2026-06-03 05:33:41.987,6.054166666667
LED experiment,pioreactor02,2026-06-02T23:48:51.986Z,0.027036621887,2026-06-03 05:33:51.986,6.056944444444
LED experiment,pioreactor02,2026-06-02T23:49:01.987Z,0.027114388773,2026-06-03 05:34:01.987,6.059722222222
LED experiment,pioreactor02,2026-06-02T23:49:11.986Z,0.027051210084,2026-06-03 05:34:11.986,6.0625
LED experiment,pioreactor02,2026-06-02T23:49:21.987Z,0.026964780715,2026-06-03 05:34:21.987,6.065277777778
LED experiment,pioreactor02,2026-06-02T23:49:26.989Z,0.026896939224,2026-06-03 05:34:26.989,6.066666666667
LED experiment,pioreactor02,2026-06-02T23:49:31.988Z,0.026906512887,2026-06-03 05:34:31.988,6.068055555556
LED experiment,pioreactor02,2026-06-02T23:49:36.988Z,0.026920333573,2026-06-03 05:34:36.988,6.069444444444
LED experiment,pioreactor02,2026-06-02T23:49:41.986Z,0.026982242057,2026-06-03 05:34:41.986,6.070833333333
LED experiment,pioreactor02,2026-06-02T23:49:46.988Z,0.027003990019,2026-06-03 05:34:46.988,6.072222222222
LED experiment,pioreactor02,2026-06-02T23:49:51.986Z,0.02696832049,2026-06-03 05:34:51.986,6.073611111111
LED experiment,pioreactor02,2026-06-02T23:50:01.989Z,0.026886231425,2026-06-03 05:35:01.989,6.076388888889
LED experiment,pioreactor02,2026-06-02T23:50:16.989Z,0.026872101823,2026-06-03 05:35:16.989,6.080555555556
LED experiment,pioreactor02,2026-06-02T23:50:21.988Z,0.026994970299,2026-06-03 05:35:21.988,6.081944444444
LED experiment,pioreactor02,2026-06-02T23:50:26.987Z,0.02702763745,2026-06-03 05:35:26.987,6.083333333333
LED experiment,pioreactor02,2026-06-02T23:50:31.987Z,0.026974736237,2026-06-03 05:35:31.987,6.084722222222
LED experiment,pioreactor02,2026-06-02T23:50:36.987Z,0.026978921199,2026-06-03 05:35:36.987,6.086111111111
LED experiment,pioreactor02,2026-06-02T23:50:41.988Z,0.027070272592,2026-06-03 05:35:41.988,6.0875
LED experiment,pioreactor02,2026-06-02T23:50:51.989Z,0.027078178808,2026-06-03 05:35:51.989,6.090277777778
LED experiment,pioreactor02,2026-06-02T23:50:56.989Z,0.027143038021,2026-06-03 05:35:56.989,6.091666666667
LED experiment,pioreactor02,2026-06-02T23:51:06.989Z,0.027227002783,2026-06-03 05:36:06.989,6.094444444444
LED experiment,pioreactor02,2026-06-02T23:51:11.987Z,0.027335896401,2026-06-03 05:36:11.987,6.095833333333
LED experiment,pioreactor02,2026-06-02T23:51:16.986Z,0.027426195321,2026-06-03 05:36:16.986,6.097222222222
LED experiment,pioreactor02,2026-06-02T23:51:21.988Z,0.027415034438,2026-06-03 05:36:21.988,6.098611111111
LED experiment,pioreactor02,2026-06-02T23:51:26.988Z,0.027357377851,2026-06-03 05:36:26.988,6.1
LED experiment,pioreactor02,2026-06-02T23:51:31.989Z,0.027334454502,2026-06-03 05:36:31.989,6.101388888889
LED experiment,pioreactor02,2026-06-02T23:51:36.988Z,0.027339401977,2026-06-03 05:36:36.988,6.102777777778
LED experiment,pioreactor02,2026-06-02T23:51:41.987Z,0.027426661575,2026-06-03 05:36:41.987,6.104166666667
LED experiment,pioreactor02,2026-06-02T23:51:46.986Z,0.027495400119,2026-06-03 05:36:46.986,6.105555555556
LED experiment,pioreactor02,2026-06-02T23:51:51.991Z,0.027637983581,2026-06-03 05:36:51.991,6.106944444444
LED experiment,pioreactor02,2026-06-02T23:51:56.990Z,0.027797851882,2026-06-03 05:36:56.990,6.108333333333
LED experiment,pioreactor02,2026-06-02T23:52:06.988Z,0.027781163395,2026-06-03 05:37:06.988,6.111111111111
LED experiment,pioreactor02,2026-06-02T23:52:11.988Z,0.027797725526,2026-06-03 05:37:11.988,6.1125
LED experiment,pioreactor02,2026-06-02T23:52:16.989Z,0.027909386798,2026-06-03 05:37:16.989,6.113888888889
LED experiment,pioreactor02,2026-06-02T23:52:21.988Z,0.027875486758,2026-06-03 05:37:21.988,6.115277777778
LED experiment,pioreactor02,2026-06-02T23:52:26.990Z,0.027873853585,2026-06-03 05:37:26.990,6.116666666667
LED experiment,pioreactor02,2026-06-02T23:52:31.988Z,0.027864854758,2026-06-03 05:37:31.988,6.118055555556
LED experiment,pioreactor02,2026-06-02T23:52:36.990Z,0.027850554595,2026-06-03 05:37:36.990,6.119444444444
LED experiment,pioreactor02,2026-06-02T23:52:41.986Z,0.0277765822,2026-06-03 05:37:41.986,6.120833333333
LED experiment,pioreactor02,2026-06-02T23:52:46.989Z,0.027764344141,2026-06-03 05:37:46.989,6.122222222222
LED experiment,pioreactor02,2026-06-02T23:52:56.988Z,0.027944081874,2026-06-03 05:37:56.988,6.125
LED experiment,pioreactor02,2026-06-02T23:53:06.990Z,0.028158083769,2026-06-03 05:38:06.990,6.127777777778
LED experiment,pioreactor02,2026-06-02T23:53:16.987Z,0.028247560816,2026-06-03 05:38:16.987,6.130555555556
LED experiment,pioreactor02,2026-06-02T23:53:21.988Z,0.028499331519,2026-06-03 05:38:21.988,6.131944444444
LED experiment,pioreactor02,2026-06-02T23:53:26.988Z,0.028676098961,2026-06-03 05:38:26.988,6.133333333333
LED experiment,pioreactor02,2026-06-02T23:53:31.986Z,0.028742974848,2026-06-03 05:38:31.986,6.134722222222
LED experiment,pioreactor02,2026-06-02T23:53:36.987Z,0.029008023237,2026-06-03 05:38:36.987,6.136111111111
LED experiment,pioreactor02,2026-06-02T23:53:46.986Z,0.029185831615,2026-06-03 05:38:46.986,6.138888888889
LED experiment,pioreactor02,2026-06-02T23:53:51.991Z,0.029342037511,2026-06-03 05:38:51.991,6.140277777778
LED experiment,pioreactor02,2026-06-02T23:53:56.987Z,0.029493949143,2026-06-03 05:38:56.987,6.141666666667
LED experiment,pioreactor02,2026-06-02T23:54:01.989Z,0.02972527526,2026-06-03 05:39:01.989,6.143055555556
LED experiment,pioreactor02,2026-06-02T23:54:06.988Z,0.029818555865,2026-06-03 05:39:06.988,6.144444444444
LED experiment,pioreactor02,2026-06-02T23:54:11.988Z,0.029721112806,2026-06-03 05:39:11.988,6.145833333333
LED experiment,pioreactor02,2026-06-02T23:54:26.990Z,0.029760209602,2026-06-03 05:39:26.990,6.15
LED experiment,pioreactor02,2026-06-02T23:54:36.988Z,0.029831076351,2026-06-03 05:39:36.988,6.152777777778
LED experiment,pioreactor02,2026-06-02T23:54:46.988Z,0.030153991497,2026-06-03 05:39:46.988,6.155555555556
LED experiment,pioreactor02,2026-06-02T23:54:51.989Z,0.030294206922,2026-06-03 05:39:51.989,6.156944444444
LED experiment,pioreactor02,2026-06-02T23:54:56.989Z,0.03026038611,2026-06-03 05:39:56.989,6.158333333333
LED experiment,pioreactor02,2026-06-02T23:55:01.988Z,0.030401905464,2026-06-03 05:40:01.988,6.159722222222
LED experiment,pioreactor02,2026-06-02T23:55:16.987Z,0.030300475846,2026-06-03 05:40:16.987,6.163888888889
LED experiment,pioreactor02,2026-06-02T23:55:21.988Z,0.030374263088,2026-06-03 05:40:21.988,6.165277777778
LED experiment,pioreactor02,2026-06-02T23:55:26.989Z,0.030398363782,2026-06-03 05:40:26.989,6.166666666667
LED experiment,pioreactor02,2026-06-02T23:55:31.987Z,0.030515297645,2026-06-03 05:40:31.987,6.168055555556
LED experiment,pioreactor02,2026-06-02T23:55:36.989Z,0.030610569208,2026-06-03 05:40:36.989,6.169444444444
LED experiment,pioreactor02,2026-06-02T23:55:41.987Z,0.030755877357,2026-06-03 05:40:41.987,6.170833333333
LED experiment,pioreactor02,2026-06-02T23:55:51.987Z,0.030922510698,2026-06-03 05:40:51.987,6.173611111111
LED experiment,pioreactor02,2026-06-02T23:55:56.988Z,0.031104107571,2026-06-03 05:40:56.988,6.175
LED experiment,pioreactor02,2026-06-02T23:56:06.988Z,0.031041708148,2026-06-03 05:41:06.988,6.177777777778
LED experiment,pioreactor02,2026-06-02T23:56:11.988Z,0.030814773611,2026-06-03 05:41:11.988,6.179166666667
LED experiment,pioreactor02,2026-06-02T23:56:21.989Z,0.030926899951,2026-06-03 05:41:21.989,6.181944444444
LED experiment,pioreactor02,2026-06-02T23:56:26.990Z,0.030981178634,2026-06-03 05:41:26.990,6.183333333333
LED experiment,pioreactor02,2026-06-02T23:56:31.989Z,0.031083502773,2026-06-03 05:41:31.989,6.184722222222
LED experiment,pioreactor02,2026-06-02T23:56:36.987Z,0.031182946419,2026-06-03 05:41:36.987,6.186111111111
LED experiment,pioreactor02,2026-06-02T23:56:41.988Z,0.03109500974,2026-06-03 05:41:41.988,6.1875
LED experiment,pioreactor02,2026-06-02T23:56:51.988Z,0.030998481452,2026-06-03 05:41:51.988,6.190277777778
LED experiment,pioreactor02,2026-06-02T23:56:56.987Z,0.031017811378,2026-06-03 05:41:56.987,6.191666666667
LED experiment,pioreactor02,2026-06-02T23:57:01.989Z,0.031130944579,2026-06-03 05:42:01.989,6.193055555556
LED experiment,pioreactor02,2026-06-02T23:57:06.988Z,0.031327053803,2026-06-03 05:42:06.988,6.194444444444
LED experiment,pioreactor02,2026-06-02T23:57:11.987Z,0.031531651022,2026-06-03 05:42:11.987,6.195833333333
LED experiment,pioreactor02,2026-06-02T23:57:16.987Z,0.031619783493,2026-06-03 05:42:16.987,6.197222222222
LED experiment,pioreactor02,2026-06-02T23:57:21.991Z,0.031689778818,2026-06-03 05:42:21.991,6.198611111111
LED experiment,pioreactor02,2026-06-02T23:57:26.988Z,0.032069502309,2026-06-03 05:42:26.988,6.2
LED experiment,pioreactor02,2026-06-02T23:57:36.988Z,0.031880798932,2026-06-03 05:42:36.988,6.202777777778
LED experiment,pioreactor02,2026-06-02T23:57:46.986Z,0.031983171489,2026-06-03 05:42:46.986,6.205555555556
LED experiment,pioreactor02,2026-06-02T23:57:51.988Z,0.032162207881,2026-06-03 05:42:51.988,6.206944444444
LED experiment,pioreactor02,2026-06-02T23:57:56.987Z,0.032235933801,2026-06-03 05:42:56.987,6.208333333333
LED experiment,pioreactor02,2026-06-02T23:58:01.987Z,0.032398667422,2026-06-03 05:43:01.987,6.209722222222
LED experiment,pioreactor02,2026-06-02T23:58:06.987Z,0.032412883414,2026-06-03 05:43:06.987,6.211111111111
LED experiment,pioreactor02,2026-06-02T23:58:11.986Z,0.032248298169,2026-06-03 05:43:11.986,6.2125
LED experiment,pioreactor02,2026-06-02T23:58:16.987Z,0.032392264211,2026-06-03 05:43:16.987,6.213888888889
LED experiment,pioreactor02,2026-06-02T23:58:21.988Z,0.032527497922,2026-06-03 05:43:21.988,6.215277777778
LED experiment,pioreactor02,2026-06-02T23:58:26.989Z,0.032162295779,2026-06-03 05:43:26.989,6.216666666667
LED experiment,pioreactor02,2026-06-02T23:58:31.987Z,0.032281802022,2026-06-03 05:43:31.987,6.218055555556
LED experiment,pioreactor02,2026-06-02T23:58:36.990Z,0.032366751539,2026-06-03 05:43:36.990,6.219444444444
LED experiment,pioreactor02,2026-06-02T23:58:41.987Z,0.03247496373,2026-06-03 05:43:41.987,6.220833333333
LED experiment,pioreactor02,2026-06-02T23:58:46.987Z,0.032485807791,2026-06-03 05:43:46.987,6.222222222222
LED experiment,pioreactor02,2026-06-02T23:58:51.988Z,0.032547121645,2026-06-03 05:43:51.988,6.223611111111
LED experiment,pioreactor02,2026-06-02T23:58:56.987Z,0.032618884515,2026-06-03 05:43:56.987,6.225
LED experiment,pioreactor02,2026-06-02T23:59:01.987Z,0.032545054558,2026-06-03 05:44:01.987,6.226388888889
LED experiment,pioreactor02,2026-06-02T23:59:06.987Z,0.032799529506,2026-06-03 05:44:06.987,6.227777777778
LED experiment,pioreactor02,2026-06-02T23:59:11.989Z,0.03286007053,2026-06-03 05:44:11.989,6.229166666667
LED experiment,pioreactor02,2026-06-02T23:59:16.988Z,0.033131729313,2026-06-03 05:44:16.988,6.230555555556
LED experiment,pioreactor02,2026-06-02T23:59:21.990Z,0.033296318445,2026-06-03 05:44:21.990,6.231944444444
LED experiment,pioreactor02,2026-06-02T23:59:26.988Z,0.033306516158,2026-06-03 05:44:26.988,6.233333333333
LED experiment,pioreactor02,2026-06-02T23:59:41.986Z,0.03321471196,2026-06-03 05:44:41.986,6.2375
LED experiment,pioreactor02,2026-06-02T23:59:46.987Z,0.033432714396,2026-06-03 05:44:46.987,6.238888888889
LED experiment,pioreactor02,2026-06-02T23:59:51.986Z,0.03341515269,2026-06-03 05:44:51.986,6.240277777778
LED experiment,pioreactor02,2026-06-02T23:59:56.987Z,0.033323040444,2026-06-03 05:44:56.987,6.241666666667
LED experiment,pioreactor02,2026-06-03T00:00:06.988Z,0.033043459097,2026-06-03 05:45:06.988,6.244444444444
LED experiment,pioreactor02,2026-06-03T00:00:11.989Z,0.033258658766,2026-06-03 05:45:11.989,6.245833333333
LED experiment,pioreactor02,2026-06-03T00:00:16.988Z,0.033034698809,2026-06-03 05:45:16.988,6.247222222222
LED experiment,pioreactor02,2026-06-03T00:00:26.990Z,0.032991413255,2026-06-03 05:45:26.990,6.25
LED experiment,pioreactor02,2026-06-03T00:00:31.989Z,0.033051602387,2026-06-03 05:45:31.989,6.251388888889
LED experiment,pioreactor02,2026-06-03T00:00:36.989Z,0.033267636022,2026-06-03 05:45:36.989,6.252777777778
LED experiment,pioreactor02,2026-06-03T00:00:41.986Z,0.033261308697,2026-06-03 05:45:41.986,6.254166666667
LED experiment,pioreactor02,2026-06-03T00:00:46.987Z,0.033372691809,2026-06-03 05:45:46.987,6.255555555556
LED experiment,pioreactor02,2026-06-03T00:00:51.987Z,0.033011120162,2026-06-03 05:45:51.987,6.256944444444
LED experiment,pioreactor02,2026-06-03T00:00:56.991Z,0.032794043798,2026-06-03 05:45:56.991,6.258333333333
LED experiment,pioreactor02,2026-06-03T00:01:01.988Z,0.032432307776,2026-06-03 05:46:01.988,6.259722222222
LED experiment,pioreactor02,2026-06-03T00:01:06.989Z,0.03203384132,2026-06-03 05:46:06.989,6.261111111111
LED experiment,pioreactor02,2026-06-03T00:01:11.987Z,0.031976053646,2026-06-03 05:46:11.987,6.2625
LED experiment,pioreactor02,2026-06-03T00:01:16.988Z,0.031728445537,2026-06-03 05:46:16.988,6.263888888889
LED experiment,pioreactor02,2026-06-03T00:01:21.988Z,0.031469598878,2026-06-03 05:46:21.988,6.265277777778
LED experiment,pioreactor02,2026-06-03T00:01:31.988Z,0.031557123478,2026-06-03 05:46:31.988,6.268055555556
LED experiment,pioreactor02,2026-06-03T00:01:41.989Z,0.031469405809,2026-06-03 05:46:41.989,6.270833333333
LED experiment,pioreactor02,2026-06-03T00:01:46.987Z,0.031766791727,2026-06-03 05:46:46.987,6.272222222222
LED experiment,pioreactor02,2026-06-03T00:01:51.990Z,0.031884950321,2026-06-03 05:46:51.990,6.273611111111
LED experiment,pioreactor02,2026-06-03T00:02:01.988Z,0.031831887055,2026-06-03 05:47:01.988,6.276388888889
LED experiment,pioreactor02,2026-06-03T00:02:06.989Z,0.031655638538,2026-06-03 05:47:06.989,6.277777777778
LED experiment,pioreactor02,2026-06-03T00:02:11.988Z,0.031028741101,2026-06-03 05:47:11.988,6.279166666667
LED experiment,pioreactor02,2026-06-03T00:02:16.987Z,0.030456098773,2026-06-03 05:47:16.987,6.280555555556
LED experiment,pioreactor02,2026-06-03T00:02:21.989Z,0.030251243949,2026-06-03 05:47:21.989,6.281944444444
LED experiment,pioreactor02,2026-06-03T00:02:26.988Z,0.030093342592,2026-06-03 05:47:26.988,6.283333333333
LED experiment,pioreactor02,2026-06-03T00:02:31.988Z,0.029894494665,2026-06-03 05:47:31.988,6.284722222222
LED experiment,pioreactor02,2026-06-03T00:02:36.988Z,0.030228932908,2026-06-03 05:47:36.988,6.286111111111
LED experiment,pioreactor02,2026-06-03T00:02:41.987Z,0.03019514539,2026-06-03 05:47:41.987,6.2875
LED experiment,pioreactor02,2026-06-03T00:02:46.987Z,0.029951620175,2026-06-03 05:47:46.987,6.288888888889
LED experiment,pioreactor02,2026-06-03T00:02:51.987Z,0.029712010927,2026-06-03 05:47:51.987,6.290277777778
LED experiment,pioreactor02,2026-06-03T00:03:01.987Z,0.0296377895,2026-06-03 05:48:01.987,6.293055555556
LED experiment,pioreactor02,2026-06-03T00:03:06.990Z,0.029624001793,2026-06-03 05:48:06.990,6.294444444444
LED experiment,pioreactor02,2026-06-03T00:03:11.988Z,0.029566102833,2026-06-03 05:48:11.988,6.295833333333
LED experiment,pioreactor02,2026-06-03T00:03:16.989Z,0.029518840648,2026-06-03 05:48:16.989,6.297222222222
LED experiment,pioreactor02,2026-06-03T00:03:26.987Z,0.028922823878,2026-06-03 05:48:26.987,6.3
LED experiment,pioreactor02,2026-06-03T00:03:31.988Z,0.028687767008,2026-06-03 05:48:31.988,6.301388888889
LED experiment,pioreactor02,2026-06-03T00:03:41.987Z,0.028415260272,2026-06-03 05:48:41.987,6.304166666667
LED experiment,pioreactor02,2026-06-03T00:03:51.986Z,0.028114779136,2026-06-03 05:48:51.986,6.306944444444
LED experiment,pioreactor02,2026-06-03T00:04:01.989Z,0.027642812326,2026-06-03 05:49:01.989,6.309722222222
LED experiment,pioreactor02,2026-06-03T00:04:06.988Z,0.027437962308,2026-06-03 05:49:06.988,6.311111111111
LED experiment,pioreactor02,2026-06-03T00:04:11.989Z,0.027204421865,2026-06-03 05:49:11.989,6.3125
LED experiment,pioreactor02,2026-06-03T00:04:16.988Z,0.027087708124,2026-06-03 05:49:16.988,6.313888888889
LED experiment,pioreactor02,2026-06-03T00:04:21.990Z,0.026875054201,2026-06-03 05:49:21.990,6.315277777778
LED experiment,pioreactor02,2026-06-03T00:04:26.987Z,0.026475684102,2026-06-03 05:49:26.987,6.316666666667
LED experiment,pioreactor02,2026-06-03T00:04:36.988Z,0.026271953829,2026-06-03 05:49:36.988,6.319444444444
LED experiment,pioreactor02,2026-06-03T00:04:46.990Z,0.026003580935,2026-06-03 05:49:46.990,6.322222222222
LED experiment,pioreactor02,2026-06-03T00:04:51.989Z,0.025890056012,2026-06-03 05:49:51.989,6.323611111111
LED experiment,pioreactor02,2026-06-03T00:04:56.987Z,0.025812624212,2026-06-03 05:49:56.987,6.325
LED experiment,pioreactor02,2026-06-03T00:05:01.987Z,0.0254169957,2026-06-03 05:50:01.987,6.326388888889
LED experiment,pioreactor02,2026-06-03T00:05:06.986Z,0.025152427571,2026-06-03 05:50:06.986,6.327777777778
LED experiment,pioreactor02,2026-06-03T00:05:11.987Z,0.024906034839,2026-06-03 05:50:11.987,6.329166666667
LED experiment,pioreactor02,2026-06-03T00:05:16.987Z,0.024632109456,2026-06-03 05:50:16.987,6.330555555556
LED experiment,pioreactor02,2026-06-03T00:05:26.988Z,0.024701540385,2026-06-03 05:50:26.988,6.333333333333
LED experiment,pioreactor02,2026-06-03T00:05:31.988Z,0.024876046241,2026-06-03 05:50:31.988,6.334722222222
LED experiment,pioreactor02,2026-06-03T00:05:36.988Z,0.024919811878,2026-06-03 05:50:36.988,6.336111111111
LED experiment,pioreactor02,2026-06-03T00:05:41.987Z,0.024879378871,2026-06-03 05:50:41.987,6.3375
LED experiment,pioreactor02,2026-06-03T00:05:51.988Z,0.024735892444,2026-06-03 05:50:51.988,6.340277777778
LED experiment,pioreactor02,2026-06-03T00:05:56.990Z,0.024743155329,2026-06-03 05:50:56.990,6.341666666667
LED experiment,pioreactor02,2026-06-03T00:06:01.988Z,0.024844999859,2026-06-03 05:51:01.988,6.343055555556
LED experiment,pioreactor02,2026-06-03T00:06:06.987Z,0.024676936207,2026-06-03 05:51:06.987,6.344444444444
LED experiment,pioreactor02,2026-06-03T00:06:11.988Z,0.024305927009,2026-06-03 05:51:11.988,6.345833333333
LED experiment,pioreactor02,2026-06-03T00:06:16.989Z,0.024102978039,2026-06-03 05:51:16.989,6.347222222222
LED experiment,pioreactor02,2026-06-03T00:06:21.988Z,0.023964449315,2026-06-03 05:51:21.988,6.348611111111
LED experiment,pioreactor02,2026-06-03T00:06:26.989Z,0.024008290911,2026-06-03 05:51:26.989,6.35
LED experiment,pioreactor02,2026-06-03T00:06:31.988Z,0.023885192558,2026-06-03 05:51:31.988,6.351388888889
LED experiment,pioreactor02,2026-06-03T00:06:36.988Z,0.023920729705,2026-06-03 05:51:36.988,6.352777777778
LED experiment,pioreactor02,2026-06-03T00:06:41.990Z,0.02383036505,2026-06-03 05:51:41.990,6.354166666667
LED experiment,pioreactor02,2026-06-03T00:06:46.989Z,0.023920905808,2026-06-03 05:51:46.989,6.355555555556
LED experiment,pioreactor02,2026-06-03T00:06:51.988Z,0.02369481925,2026-06-03 05:51:51.988,6.356944444444
LED experiment,pioreactor02,2026-06-03T00:07:01.989Z,0.023606820835,2026-06-03 05:52:01.989,6.359722222222
LED experiment,pioreactor02,2026-06-03T00:07:06.988Z,0.023582576491,2026-06-03 05:52:06.988,6.361111111111
LED experiment,pioreactor02,2026-06-03T00:07:11.990Z,0.023357122106,2026-06-03 05:52:11.990,6.3625
LED experiment,pioreactor02,2026-06-03T00:07:16.988Z,0.023152202761,2026-06-03 05:52:16.988,6.363888888889
LED experiment,pioreactor02,2026-06-03T00:07:21.991Z,0.023036737531,2026-06-03 05:52:21.991,6.365277777778
LED experiment,pioreactor02,2026-06-03T00:07:26.989Z,0.022852287392,2026-06-03 05:52:26.989,6.366666666667
LED experiment,pioreactor02,2026-06-03T00:07:31.992Z,0.022589622375,2026-06-03 05:52:31.992,6.368055555556
LED experiment,pioreactor02,2026-06-03T00:07:36.987Z,0.022274859657,2026-06-03 05:52:36.987,6.369444444444
LED experiment,pioreactor02,2026-06-03T00:07:41.987Z,0.021999443631,2026-06-03 05:52:41.987,6.370833333333
LED experiment,pioreactor02,2026-06-03T00:07:46.986Z,0.022032096798,2026-06-03 05:52:46.986,6.372222222222
LED experiment,pioreactor02,2026-06-03T00:07:51.989Z,0.021854552465,2026-06-03 05:52:51.989,6.373611111111
LED experiment,pioreactor02,2026-06-03T00:08:01.987Z,0.021640189944,2026-06-03 05:53:01.987,6.376388888889
LED experiment,pioreactor02,2026-06-03T00:08:06.989Z,0.0215048027,2026-06-03 05:53:06.989,6.377777777778
LED experiment,pioreactor02,2026-06-03T00:08:11.988Z,0.02156672859,2026-06-03 05:53:11.988,6.379166666667
LED experiment,pioreactor02,2026-06-03T00:08:16.986Z,0.021872853997,2026-06-03 05:53:16.986,6.380555555556
LED experiment,pioreactor02,2026-06-03T00:08:21.986Z,0.021673410361,2026-06-03 05:53:21.986,6.381944444444
LED experiment,pioreactor02,2026-06-03T00:08:26.988Z,0.021572505345,2026-06-03 05:53:26.988,6.383333333333
LED experiment,pioreactor02,2026-06-03T00:08:31.988Z,0.021713779215,2026-06-03 05:53:31.988,6.384722222222
LED experiment,pioreactor02,2026-06-03T00:08:36.987Z,0.021813993011,2026-06-03 05:53:36.987,6.386111111111
LED experiment,pioreactor02,2026-06-03T00:08:41.989Z,0.02157945574,2026-06-03 05:53:41.989,6.3875
LED experiment,pioreactor02,2026-06-03T00:08:51.989Z,0.021257527862,2026-06-03 05:53:51.989,6.390277777778
LED experiment,pioreactor02,2026-06-03T00:08:56.988Z,0.020903223072,2026-06-03 05:53:56.988,6.391666666667
LED experiment,pioreactor02,2026-06-03T00:09:01.987Z,0.020572236089,2026-06-03 05:54:01.987,6.393055555556
LED experiment,pioreactor02,2026-06-03T00:09:06.988Z,0.020382522885,2026-06-03 05:54:06.988,6.394444444444
LED experiment,pioreactor02,2026-06-03T00:09:11.987Z,0.019849585146,2026-06-03 05:54:11.987,6.395833333333
LED experiment,pioreactor02,2026-06-03T00:09:16.987Z,0.019366810468,2026-06-03 05:54:16.987,6.397222222222
LED experiment,pioreactor02,2026-06-03T00:09:21.988Z,0.019110756798,2026-06-03 05:54:21.988,6.398611111111
LED experiment,pioreactor02,2026-06-03T00:09:26.987Z,0.018996013051,2026-06-03 05:54:26.987,6.4
LED experiment,pioreactor02,2026-06-03T00:09:31.987Z,0.01882438563,2026-06-03 05:54:31.987,6.401388888889
LED experiment,pioreactor02,2026-06-03T00:09:41.987Z,0.018591940248,2026-06-03 05:54:41.987,6.404166666667
LED experiment,pioreactor02,2026-06-03T00:09:46.987Z,0.01843127399,2026-06-03 05:54:46.987,6.405555555556
LED experiment,pioreactor02,2026-06-03T00:09:51.987Z,0.018355173911,2026-06-03 05:54:51.987,6.406944444444
LED experiment,pioreactor02,2026-06-03T00:09:56.987Z,0.018202833414,2026-06-03 05:54:56.987,6.408333333333
LED experiment,pioreactor02,2026-06-03T00:10:01.988Z,0.018043722912,2026-06-03 05:55:01.988,6.409722222222
LED experiment,pioreactor02,2026-06-03T00:10:06.987Z,0.017813927079,2026-06-03 05:55:06.987,6.411111111111
LED experiment,pioreactor02,2026-06-03T00:10:16.987Z,0.017531243538,2026-06-03 05:55:16.987,6.413888888889
LED experiment,pioreactor02,2026-06-03T00:10:21.988Z,0.017212010718,2026-06-03 05:55:21.988,6.415277777778
LED experiment,pioreactor02,2026-06-03T00:10:26.988Z,0.017123473114,2026-06-03 05:55:26.988,6.416666666667
LED experiment,pioreactor02,2026-06-03T00:10:31.988Z,0.017012364684,2026-06-03 05:55:31.988,6.418055555556
LED experiment,pioreactor02,2026-06-03T00:10:36.989Z,0.016916968146,2026-06-03 05:55:36.989,6.419444444444
LED experiment,pioreactor02,2026-06-03T00:10:41.986Z,0.016874555335,2026-06-03 05:55:41.986,6.420833333333
LED experiment,pioreactor02,2026-06-03T00:10:56.988Z,0.016793625475,2026-06-03 05:55:56.988,6.425
LED experiment,pioreactor02,2026-06-03T00:11:01.988Z,0.016632976911,2026-06-03 05:56:01.988,6.426388888889
LED experiment,pioreactor02,2026-06-03T00:11:06.986Z,0.016251556036,2026-06-03 05:56:06.986,6.427777777778
LED experiment,pioreactor02,2026-06-03T00:11:11.987Z,0.015938875442,2026-06-03 05:56:11.987,6.429166666667
LED experiment,pioreactor02,2026-06-03T00:11:21.987Z,0.015797724565,2026-06-03 05:56:21.987,6.431944444444
LED experiment,pioreactor02,2026-06-03T00:11:26.989Z,0.015524064976,2026-06-03 05:56:26.989,6.433333333333
LED experiment,pioreactor02,2026-06-03T00:11:31.989Z,0.015164525682,2026-06-03 05:56:31.989,6.434722222222
LED experiment,pioreactor02,2026-06-03T00:11:36.987Z,0.014871996357,2026-06-03 05:56:36.987,6.436111111111
LED experiment,pioreactor02,2026-06-03T00:11:41.989Z,0.014639420951,2026-06-03 05:56:41.989,6.4375
LED experiment,pioreactor02,2026-06-03T00:11:46.988Z,0.01429847663,2026-06-03 05:56:46.988,6.438888888889
LED experiment,pioreactor02,2026-06-03T00:11:51.989Z,0.014015624858,2026-06-03 05:56:51.989,6.440277777778
LED experiment,pioreactor02,2026-06-03T00:11:56.988Z,0.01369676383,2026-06-03 05:56:56.988,6.441666666667
LED experiment,pioreactor02,2026-06-03T00:12:01.989Z,0.013502989821,2026-06-03 05:57:01.989,6.443055555556
LED experiment,pioreactor02,2026-06-03T00:12:11.989Z,0.013412745125,2026-06-03 05:57:11.989,6.445833333333
LED experiment,pioreactor02,2026-06-03T00:12:16.989Z,0.013322548495,2026-06-03 05:57:16.989,6.447222222222
LED experiment,pioreactor02,2026-06-03T00:12:26.988Z,0.013050389118,2026-06-03 05:57:26.988,6.45
LED experiment,pioreactor02,2026-06-03T00:12:31.988Z,0.012835322198,2026-06-03 05:57:31.988,6.451388888889
LED experiment,pioreactor02,2026-06-03T00:12:36.988Z,0.012712945009,2026-06-03 05:57:36.988,6.452777777778
LED experiment,pioreactor02,2026-06-03T00:12:41.989Z,0.012607840128,2026-06-03 05:57:41.989,6.454166666667
LED experiment,pioreactor02,2026-06-03T00:12:46.988Z,0.012563137436,2026-06-03 05:57:46.988,6.455555555556
LED experiment,pioreactor02,2026-06-03T00:12:51.988Z,0.012442427067,2026-06-03 05:57:51.988,6.456944444444
LED experiment,pioreactor02,2026-06-03T00:13:06.988Z,0.012393001099,2026-06-03 05:58:06.988,6.461111111111
LED experiment,pioreactor02,2026-06-03T00:13:11.987Z,0.012369950992,2026-06-03 05:58:11.987,6.4625
LED experiment,pioreactor02,2026-06-03T00:13:16.987Z,0.012170712785,2026-06-03 05:58:16.987,6.463888888889
LED experiment,pioreactor02,2026-06-03T00:13:21.987Z,0.012061055287,2026-06-03 05:58:21.987,6.465277777778
LED experiment,pioreactor02,2026-06-03T00:13:26.987Z,0.011941389374,2026-06-03 05:58:26.987,6.466666666667
LED experiment,pioreactor02,2026-06-03T00:13:31.989Z,0.011766905791,2026-06-03 05:58:31.989,6.468055555556
LED experiment,pioreactor02,2026-06-03T00:13:36.987Z,0.011647118532,2026-06-03 05:58:36.987,6.469444444444
LED experiment,pioreactor02,2026-06-03T00:13:41.986Z,0.011442787194,2026-06-03 05:58:41.986,6.470833333333
LED experiment,pioreactor02,2026-06-03T00:13:46.988Z,0.011387059013,2026-06-03 05:58:46.988,6.472222222222
LED experiment,pioreactor02,2026-06-03T00:13:56.988Z,0.011217866653,2026-06-03 05:58:56.988,6.475
LED experiment,pioreactor02,2026-06-03T00:14:01.990Z,0.011173058907,2026-06-03 05:59:01.990,6.476388888889
LED experiment,pioreactor02,2026-06-03T00:14:06.989Z,0.011106623453,2026-06-03 05:59:06.989,6.477777777778
LED experiment,pioreactor02,2026-06-03T00:14:11.987Z,0.010953598956,2026-06-03 05:59:11.987,6.479166666667
LED experiment,pioreactor02,2026-06-03T00:14:16.989Z,0.010682916448,2026-06-03 05:59:16.989,6.480555555556
LED experiment,pioreactor02,2026-06-03T00:14:21.988Z,0.010751266629,2026-06-03 05:59:21.988,6.481944444444
LED experiment,pioreactor02,2026-06-03T00:14:26.988Z,0.010844032682,2026-06-03 05:59:26.988,6.483333333333
LED experiment,pioreactor02,2026-06-03T00:14:31.988Z,0.010735551367,2026-06-03 05:59:31.988,6.484722222222
LED experiment,pioreactor02,2026-06-03T00:14:36.988Z,0.0104224317,2026-06-03 05:59:36.988,6.486111111111
LED experiment,pioreactor02,2026-06-03T00:14:46.990Z,0.010261651312,2026-06-03 05:59:46.990,6.488888888889
LED experiment,pioreactor02,2026-06-03T00:14:51.987Z,0.010252112927,2026-06-03 05:59:51.987,6.490277777778
LED experiment,pioreactor02,2026-06-03T00:14:56.988Z,0.010009614451,2026-06-03 05:59:56.988,6.491666666667
LED experiment,pioreactor02,2026-06-03T00:15:01.988Z,0.009628539083,2026-06-03 06:00:01.988,6.493055555556
LED experiment,pioreactor02,2026-06-03T00:15:06.990Z,0.009471390652,2026-06-03 06:00:06.990,6.494444444444
LED experiment,pioreactor02,2026-06-03T00:15:11.989Z,0.009324046315,2026-06-03 06:00:11.989,6.495833333333
LED experiment,pioreactor02,2026-06-03T00:15:16.987Z,0.009283587853,2026-06-03 06:00:16.987,6.497222222222
LED experiment,pioreactor02,2026-06-03T00:15:26.988Z,0.008968167005,2026-06-03 06:00:26.988,6.5
LED experiment,pioreactor02,2026-06-03T00:15:31.989Z,0.008883224981,2026-06-03 06:00:31.989,6.501388888889
LED experiment,pioreactor02,2026-06-03T00:15:36.987Z,0.00865026325,2026-06-03 06:00:36.987,6.502777777778
LED experiment,pioreactor02,2026-06-03T00:15:46.988Z,0.008333179798,2026-06-03 06:00:46.988,6.505555555556
LED experiment,pioreactor02,2026-06-03T00:15:51.986Z,0.008175878275,2026-06-03 06:00:51.986,6.506944444444
LED experiment,pioreactor02,2026-06-03T00:15:56.988Z,0.007933286751,2026-06-03 06:00:56.988,6.508333333333
LED experiment,pioreactor02,2026-06-03T00:16:01.988Z,0.007834069088,2026-06-03 06:01:01.988,6.509722222222
LED experiment,pioreactor02,2026-06-03T00:16:16.988Z,0.007600197598,2026-06-03 06:01:16.988,6.513888888889
LED experiment,pioreactor02,2026-06-03T00:16:21.988Z,0.007460576106,2026-06-03 06:01:21.988,6.515277777778
LED experiment,pioreactor02,2026-06-03T00:16:31.987Z,0.007222733526,2026-06-03 06:01:31.987,6.518055555556
LED experiment,pioreactor02,2026-06-03T00:16:36.989Z,0.006858470056,2026-06-03 06:01:36.989,6.519444444444
LED experiment,pioreactor02,2026-06-03T00:16:46.987Z,0.006494621248,2026-06-03 06:01:46.987,6.522222222222
LED experiment,pioreactor02,2026-06-03T00:16:51.988Z,0.006243017156,2026-06-03 06:01:51.988,6.523611111111
LED experiment,pioreactor02,2026-06-03T00:16:56.987Z,0.006274937057,2026-06-03 06:01:56.987,6.525
LED experiment,pioreactor02,2026-06-03T00:17:01.987Z,0.006110247991,2026-06-03 06:02:01.987,6.526388888889
LED experiment,pioreactor02,2026-06-03T00:17:06.988Z,0.00606445512,2026-06-03 06:02:06.988,6.527777777778
LED experiment,pioreactor02,2026-06-03T00:17:16.987Z,0.005876310462,2026-06-03 06:02:16.987,6.530555555556
LED experiment,pioreactor02,2026-06-03T00:17:21.990Z,0.005662356607,2026-06-03 06:02:21.990,6.531944444444
LED experiment,pioreactor02,2026-06-03T00:17:26.987Z,0.005464841877,2026-06-03 06:02:26.987,6.533333333333
LED experiment,pioreactor02,2026-06-03T00:17:31.987Z,0.005404168468,2026-06-03 06:02:31.987,6.534722222222
LED experiment,pioreactor02,2026-06-03T00:17:36.988Z,0.005162316354,2026-06-03 06:02:36.988,6.536111111111
LED experiment,pioreactor02,2026-06-03T00:17:41.988Z,0.004926795206,2026-06-03 06:02:41.988,6.5375
LED experiment,pioreactor02,2026-06-03T00:17:46.987Z,0.004835706164,2026-06-03 06:02:46.987,6.538888888889
LED experiment,pioreactor02,2026-06-03T00:17:51.987Z,0.004483705927,2026-06-03 06:02:51.987,6.540277777778
LED experiment,pioreactor02,2026-06-03T00:17:56.988Z,0.004257674013,2026-06-03 06:02:56.988,6.541666666667
LED experiment,pioreactor02,2026-06-03T00:18:06.990Z,0.004177655494,2026-06-03 06:03:06.990,6.544444444444
LED experiment,pioreactor02,2026-06-03T00:18:11.990Z,0.00410719355,2026-06-03 06:03:11.990,6.545833333333
LED experiment,pioreactor02,2026-06-03T00:18:16.987Z,0.003913055168,2026-06-03 06:03:16.987,6.547222222222
LED experiment,pioreactor02,2026-06-03T00:18:21.988Z,0.003491611396,2026-06-03 06:03:21.988,6.548611111111
LED experiment,pioreactor02,2026-06-03T00:18:26.988Z,0.003168229108,2026-06-03 06:03:26.988,6.55
LED experiment,pioreactor02,2026-06-03T00:18:31.989Z,0.00275901888,2026-06-03 06:03:31.989,6.551388888889
LED experiment,pioreactor02,2026-06-03T00:18:41.989Z,0.002535471105,2026-06-03 06:03:41.989,6.554166666667
LED experiment,pioreactor02,2026-06-03T00:18:46.989Z,0.002325556571,2026-06-03 06:03:46.989,6.555555555556
LED experiment,pioreactor02,2026-06-03T00:18:51.990Z,0.002104607092,2026-06-03 06:03:51.990,6.556944444444
LED experiment,pioreactor02,2026-06-03T00:18:56.990Z,0.002094129327,2026-06-03 06:03:56.990,6.558333333333
LED experiment,pioreactor02,2026-06-03T00:19:01.989Z,0.00203125852,2026-06-03 06:04:01.989,6.559722222222
LED experiment,pioreactor02,2026-06-03T00:19:06.986Z,0.001872363708,2026-06-03 06:04:06.986,6.561111111111
LED experiment,pioreactor02,2026-06-03T00:19:16.987Z,0.001934976668,2026-06-03 06:04:16.987,6.563888888889
LED experiment,pioreactor02,2026-06-03T00:19:21.987Z,0.001853922924,2026-06-03 06:04:21.987,6.565277777778
LED experiment,pioreactor02,2026-06-03T00:19:26.988Z,0.00168625993,2026-06-03 06:04:26.988,6.566666666667
LED experiment,pioreactor02,2026-06-03T00:19:31.987Z,0.001535656478,2026-06-03 06:04:31.987,6.568055555556
LED experiment,pioreactor02,2026-06-03T00:19:36.988Z,0.001507176592,2026-06-03 06:04:36.988,6.569444444444
LED experiment,pioreactor02,2026-06-03T00:19:41.986Z,0.001532100014,2026-06-03 06:04:41.986,6.570833333333
LED experiment,pioreactor02,2026-06-03T00:19:46.986Z,0.001534595348,2026-06-03 06:04:46.986,6.572222222222
LED experiment,pioreactor02,2026-06-03T00:19:51.989Z,0.001460659022,2026-06-03 06:04:51.989,6.573611111111
LED experiment,pioreactor02,2026-06-03T00:19:56.989Z,0.001239117198,2026-06-03 06:04:56.989,6.575
LED experiment,pioreactor02,2026-06-03T00:20:01.989Z,0.000985530365,2026-06-03 06:05:01.989,6.576388888889
LED experiment,pioreactor02,2026-06-03T00:20:06.989Z,0.000997767355,2026-06-03 06:05:06.989,6.577777777778
LED experiment,pioreactor02,2026-06-03T00:20:11.989Z,0.000984400035,2026-06-03 06:05:11.989,6.579166666667
LED experiment,pioreactor02,2026-06-03T00:20:16.987Z,0.000809938251,2026-06-03 06:05:16.987,6.580555555556
LED experiment,pioreactor02,2026-06-03T00:20:21.987Z,0.000803911942,2026-06-03 06:05:21.987,6.581944444444
LED experiment,pioreactor02,2026-06-03T00:20:26.989Z,0.000524467702,2026-06-03 06:05:26.989,6.583333333333
LED experiment,pioreactor02,2026-06-03T00:20:31.987Z,0.0005872106,2026-06-03 06:05:31.987,6.584722222222
LED experiment,pioreactor02,2026-06-03T00:20:36.989Z,0.000596060775,2026-06-03 06:05:36.989,6.586111111111
LED experiment,pioreactor02,2026-06-03T00:20:41.989Z,0.000643233877,2026-06-03 06:05:41.989,6.5875
LED experiment,pioreactor02,2026-06-03T00:20:46.987Z,0.000505913102,2026-06-03 06:05:46.987,6.588888888889
LED experiment,pioreactor02,2026-06-03T00:20:56.987Z,0.000343649485,2026-06-03 06:05:56.987,6.591666666667
LED experiment,pioreactor02,2026-06-03T00:21:01.987Z,8.5151014e-05,2026-06-03 06:06:01.987,6.593055555556
LED experiment,pioreactor02,2026-06-03T00:21:11.987Z,-8.5602704e-05,2026-06-03 06:06:11.987,6.595833333333
LED experiment,pioreactor02,2026-06-03T00:21:16.986Z,-0.000193030368,2026-06-03 06:06:16.986,6.597222222222
LED experiment,pioreactor02,2026-06-03T00:21:21.988Z,-0.000392586185,2026-06-03 06:06:21.988,6.598611111111
LED experiment,pioreactor02,2026-06-03T00:21:26.988Z,-0.000371808458,2026-06-03 06:06:26.988,6.6
LED experiment,pioreactor02,2026-06-03T00:21:31.988Z,-0.000422291801,2026-06-03 06:06:31.988,6.601388888889
LED experiment,pioreactor02,2026-06-03T00:21:36.986Z,-0.000461797956,2026-06-03 06:06:36.986,6.602777777778
LED experiment,pioreactor02,2026-06-03T00:21:46.988Z,-0.000455440543,2026-06-03 06:06:46.988,6.605555555556
LED experiment,pioreactor02,2026-06-03T00:21:51.986Z,-0.000736315924,2026-06-03 06:06:51.986,6.606944444444
LED experiment,pioreactor02,2026-06-03T00:22:06.989Z,-0.001235660151,2026-06-03 06:07:06.989,6.611111111111
LED experiment,pioreactor02,2026-06-03T00:22:11.988Z,-0.001691552692,2026-06-03 06:07:11.988,6.6125
LED experiment,pioreactor02,2026-06-03T00:22:16.987Z,-0.001999751431,2026-06-03 06:07:16.987,6.613888888889
LED experiment,pioreactor02,2026-06-03T00:22:21.987Z,-0.002102609943,2026-06-03 06:07:21.987,6.615277777778
LED experiment,pioreactor02,2026-06-03T00:22:26.989Z,-0.002129395066,2026-06-03 06:07:26.989,6.616666666667
LED experiment,pioreactor02,2026-06-03T00:22:31.986Z,-0.002126324877,2026-06-03 06:07:31.986,6.618055555556
LED experiment,pioreactor02,2026-06-03T00:22:36.988Z,-0.002522340115,2026-06-03 06:07:36.988,6.619444444444
LED experiment,pioreactor02,2026-06-03T00:22:51.990Z,-0.002621025535,2026-06-03 06:07:51.990,6.623611111111
LED experiment,pioreactor02,2026-06-03T00:22:56.989Z,-0.002487301854,2026-06-03 06:07:56.989,6.625
LED experiment,pioreactor02,2026-06-03T00:23:01.990Z,-0.002532739725,2026-06-03 06:08:01.990,6.626388888889
LED experiment,pioreactor02,2026-06-03T00:23:06.988Z,-0.002602812582,2026-06-03 06:08:06.988,6.627777777778
LED experiment,pioreactor02,2026-06-03T00:23:16.989Z,-0.00292542568,2026-06-03 06:08:16.989,6.630555555556
LED experiment,pioreactor02,2026-06-03T00:23:21.988Z,-0.003219443057,2026-06-03 06:08:21.988,6.631944444444
LED experiment,pioreactor02,2026-06-03T00:23:26.987Z,-0.003608132988,2026-06-03 06:08:26.987,6.633333333333
LED experiment,pioreactor02,2026-06-03T00:23:31.987Z,-0.003951132441,2026-06-03 06:08:31.987,6.634722222222
LED experiment,pioreactor02,2026-06-03T00:23:36.988Z,-0.003980828894,2026-06-03 06:08:36.988,6.636111111111
LED experiment,pioreactor02,2026-06-03T00:23:46.987Z,-0.004206887644,2026-06-03 06:08:46.987,6.638888888889
LED experiment,pioreactor02,2026-06-03T00:23:56.987Z,-0.004380099436,2026-06-03 06:08:56.987,6.641666666667
LED experiment,pioreactor02,2026-06-03T00:24:06.987Z,-0.004496713257,2026-06-03 06:09:06.987,6.644444444444
LED experiment,pioreactor02,2026-06-03T00:24:11.987Z,-0.004761164573,2026-06-03 06:09:11.987,6.645833333333
LED experiment,pioreactor02,2026-06-03T00:24:16.987Z,-0.005001367911,2026-06-03 06:09:16.987,6.647222222222
LED experiment,pioreactor02,2026-06-03T00:24:21.986Z,-0.005371044128,2026-06-03 06:09:21.986,6.648611111111
LED experiment,pioreactor02,2026-06-03T00:24:26.989Z,-0.005646349135,2026-06-03 06:09:26.989,6.65
LED experiment,pioreactor02,2026-06-03T00:24:31.987Z,-0.005797079773,2026-06-03 06:09:31.987,6.651388888889
LED experiment,pioreactor02,2026-06-03T00:24:36.987Z,-0.005932007735,2026-06-03 06:09:36.987,6.652777777778
LED experiment,pioreactor02,2026-06-03T00:24:41.986Z,-0.006154097159,2026-06-03 06:09:41.986,6.654166666667
LED experiment,pioreactor02,2026-06-03T00:24:51.987Z,-0.006398496849,2026-06-03 06:09:51.987,6.656944444444
LED experiment,pioreactor02,2026-06-03T00:24:56.988Z,-0.006642653137,2026-06-03 06:09:56.988,6.658333333333
LED experiment,pioreactor02,2026-06-03T00:25:01.989Z,-0.006833118049,2026-06-03 06:10:01.989,6.659722222222
LED experiment,pioreactor02,2026-06-03T00:25:11.989Z,-0.006954660482,2026-06-03 06:10:11.989,6.6625
LED experiment,pioreactor02,2026-06-03T00:25:21.988Z,-0.007063590621,2026-06-03 06:10:21.988,6.665277777778
LED experiment,pioreactor02,2026-06-03T00:25:26.987Z,-0.007299456052,2026-06-03 06:10:26.987,6.666666666667
LED experiment,pioreactor02,2026-06-03T00:25:31.988Z,-0.007436900656,2026-06-03 06:10:31.988,6.668055555556
LED experiment,pioreactor02,2026-06-03T00:25:41.989Z,-0.007495370412,2026-06-03 06:10:41.989,6.670833333333
LED experiment,pioreactor02,2026-06-03T00:25:46.989Z,-0.007702436165,2026-06-03 06:10:46.989,6.672222222222
LED experiment,pioreactor02,2026-06-03T00:25:56.991Z,-0.007717851675,2026-06-03 06:10:56.991,6.675
LED experiment,pioreactor02,2026-06-03T00:26:01.987Z,-0.007728686848,2026-06-03 06:11:01.987,6.676388888889
LED experiment,pioreactor02,2026-06-03T00:26:06.987Z,-0.00791325123,2026-06-03 06:11:06.987,6.677777777778
LED experiment,pioreactor02,2026-06-03T00:26:11.988Z,-0.007797909227,2026-06-03 06:11:11.988,6.679166666667
LED experiment,pioreactor02,2026-06-03T00:26:16.988Z,-0.007908572227,2026-06-03 06:11:16.988,6.680555555556
LED experiment,pioreactor02,2026-06-03T00:26:21.989Z,-0.007979157502,2026-06-03 06:11:21.989,6.681944444444
LED experiment,pioreactor02,2026-06-03T00:26:26.990Z,-0.007981094628,2026-06-03 06:11:26.990,6.683333333333
LED experiment,pioreactor02,2026-06-03T00:26:36.987Z,-0.007915039762,2026-06-03 06:11:36.987,6.686111111111
LED experiment,pioreactor02,2026-06-03T00:26:41.986Z,-0.008229221622,2026-06-03 06:11:41.986,6.6875
LED experiment,pioreactor02,2026-06-03T00:26:46.987Z,-0.00849358403,2026-06-03 06:11:46.987,6.688888888889
LED experiment,pioreactor02,2026-06-03T00:26:51.989Z,-0.008668800942,2026-06-03 06:11:51.989,6.690277777778
LED experiment,pioreactor02,2026-06-03T00:27:06.987Z,-0.00876443932,2026-06-03 06:12:06.987,6.694444444444
LED experiment,pioreactor02,2026-06-03T00:27:11.990Z,-0.009171633246,2026-06-03 06:12:11.990,6.695833333333
LED experiment,pioreactor02,2026-06-03T00:27:16.986Z,-0.009269886209,2026-06-03 06:12:16.986,6.697222222222
LED experiment,pioreactor02,2026-06-03T00:27:26.988Z,-0.009608991468,2026-06-03 06:12:26.988,6.7
LED experiment,pioreactor02,2026-06-03T00:27:31.986Z,-0.009528001431,2026-06-03 06:12:31.986,6.701388888889
LED experiment,pioreactor02,2026-06-03T00:27:36.989Z,-0.009472465555,2026-06-03 06:12:36.989,6.702777777778
LED experiment,pioreactor02,2026-06-03T00:27:41.987Z,-0.00949810952,2026-06-03 06:12:41.987,6.704166666667
LED experiment,pioreactor02,2026-06-03T00:27:46.988Z,-0.00954296111,2026-06-03 06:12:46.988,6.705555555556
LED experiment,pioreactor02,2026-06-03T00:27:51.989Z,-0.009566534871,2026-06-03 06:12:51.989,6.706944444444
LED experiment,pioreactor02,2026-06-03T00:27:56.988Z,-0.009985943599,2026-06-03 06:12:56.988,6.708333333333
LED experiment,pioreactor02,2026-06-03T00:28:01.987Z,-0.010275472468,2026-06-03 06:13:01.987,6.709722222222
LED experiment,pioreactor02,2026-06-03T00:28:06.989Z,-0.010398223995,2026-06-03 06:13:06.989,6.711111111111
LED experiment,pioreactor02,2026-06-03T00:28:11.988Z,-0.010651152881,2026-06-03 06:13:11.988,6.7125
LED experiment,pioreactor02,2026-06-03T00:28:16.989Z,-0.010934376325,2026-06-03 06:13:16.989,6.713888888889
LED experiment,pioreactor02,2026-06-03T00:28:31.988Z,-0.011192575313,2026-06-03 06:13:31.988,6.718055555556
LED experiment,pioreactor02,2026-06-03T00:28:41.987Z,-0.011304754784,2026-06-03 06:13:41.987,6.720833333333
LED experiment,pioreactor02,2026-06-03T00:28:46.989Z,-0.011338916187,2026-06-03 06:13:46.989,6.722222222222
LED experiment,pioreactor02,2026-06-03T00:28:51.986Z,-0.011435866942,2026-06-03 06:13:51.986,6.723611111111
LED experiment,pioreactor02,2026-06-03T00:28:56.989Z,-0.011365586923,2026-06-03 06:13:56.989,6.725
LED experiment,pioreactor02,2026-06-03T00:29:01.988Z,-0.011385094251,2026-06-03 06:14:01.988,6.726388888889
LED experiment,pioreactor02,2026-06-03T00:29:06.987Z,-0.011396661624,2026-06-03 06:14:06.987,6.727777777778
LED experiment,pioreactor02,2026-06-03T00:29:11.987Z,-0.011717162377,2026-06-03 06:14:11.987,6.729166666667
LED experiment,pioreactor02,2026-06-03T00:29:16.988Z,-0.011755022,2026-06-03 06:14:16.988,6.730555555556
LED experiment,pioreactor02,2026-06-03T00:29:21.989Z,-0.011798142412,2026-06-03 06:14:21.989,6.731944444444
LED experiment,pioreactor02,2026-06-03T00:29:26.989Z,-0.01182353343,2026-06-03 06:14:26.989,6.733333333333
LED experiment,pioreactor02,2026-06-03T00:29:31.987Z,-0.012027034304,2026-06-03 06:14:31.987,6.734722222222
LED experiment,pioreactor02,2026-06-03T00:29:41.986Z,-0.012133414278,2026-06-03 06:14:41.986,6.7375
LED experiment,pioreactor02,2026-06-03T00:29:46.988Z,-0.012244365066,2026-06-03 06:14:46.988,6.738888888889
LED experiment,pioreactor02,2026-06-03T00:29:51.987Z,-0.012087007494,2026-06-03 06:14:51.987,6.740277777778
LED experiment,pioreactor02,2026-06-03T00:30:01.988Z,-0.012193497904,2026-06-03 06:15:01.988,6.743055555556
LED experiment,pioreactor02,2026-06-03T00:30:11.988Z,-0.012526962084,2026-06-03 06:15:11.988,6.745833333333
LED experiment,pioreactor02,2026-06-03T00:30:21.989Z,-0.012883961719,2026-06-03 06:15:21.989,6.748611111111
LED experiment,pioreactor02,2026-06-03T00:30:26.990Z,-0.012900038022,2026-06-03 06:15:26.990,6.75
LED experiment,pioreactor02,2026-06-03T00:30:31.987Z,-0.013146313356,2026-06-03 06:15:31.987,6.751388888889
LED experiment,pioreactor02,2026-06-03T00:30:36.988Z,-0.013293361005,2026-06-03 06:15:36.988,6.752777777778
LED experiment,pioreactor02,2026-06-03T00:30:41.989Z,-0.013410581839,2026-06-03 06:15:41.989,6.754166666667
LED experiment,pioreactor02,2026-06-03T00:30:46.988Z,-0.013415684374,2026-06-03 06:15:46.988,6.755555555556
LED experiment,pioreactor02,2026-06-03T00:30:51.989Z,-0.013423086999,2026-06-03 06:15:51.989,6.756944444444
LED experiment,pioreactor02,2026-06-03T00:30:56.986Z,-0.013319086346,2026-06-03 06:15:56.986,6.758333333333
LED experiment,pioreactor02,2026-06-03T00:31:01.987Z,-0.013426128733,2026-06-03 06:16:01.987,6.759722222222
LED experiment,pioreactor02,2026-06-03T00:31:06.988Z,-0.013393549547,2026-06-03 06:16:06.988,6.761111111111
LED experiment,pioreactor02,2026-06-03T00:31:11.988Z,-0.013277528245,2026-06-03 06:16:11.988,6.7625
LED experiment,pioreactor02,2026-06-03T00:31:16.987Z,-0.013565841511,2026-06-03 06:16:16.987,6.763888888889
LED experiment,pioreactor02,2026-06-03T00:31:21.987Z,-0.013636451024,2026-06-03 06:16:21.987,6.765277777778
LED experiment,pioreactor02,2026-06-03T00:31:26.988Z,-0.013793075969,2026-06-03 06:16:26.988,6.766666666667
LED experiment,pioreactor02,2026-06-03T00:31:31.987Z,-0.01398384858,2026-06-03 06:16:31.987,6.768055555556
LED experiment,pioreactor02,2026-06-03T00:31:36.987Z,-0.013965932159,2026-06-03 06:16:36.987,6.769444444444
LED experiment,pioreactor02,2026-06-03T00:31:41.987Z,-0.013800061227,2026-06-03 06:16:41.987,6.770833333333
LED experiment,pioreactor02,2026-06-03T00:31:46.988Z,-0.013728783712,2026-06-03 06:16:46.988,6.772222222222
LED experiment,pioreactor02,2026-06-03T00:31:51.989Z,-0.013709426792,2026-06-03 06:16:51.989,6.773611111111
LED experiment,pioreactor02,2026-06-03T00:31:56.987Z,-0.01377294069,2026-06-03 06:16:56.987,6.775
LED experiment,pioreactor02,2026-06-03T00:32:01.989Z,-0.013922158671,2026-06-03 06:17:01.989,6.776388888889
LED experiment,pioreactor02,2026-06-03T00:32:06.990Z,-0.014188945378,2026-06-03 06:17:06.990,6.777777777778
LED experiment,pioreactor02,2026-06-03T00:32:11.988Z,-0.014193185543,2026-06-03 06:17:11.988,6.779166666667
LED experiment,pioreactor02,2026-06-03T00:32:16.989Z,-0.014039698354,2026-06-03 06:17:16.989,6.780555555556
LED experiment,pioreactor02,2026-06-03T00:32:31.991Z,-0.014115326408,2026-06-03 06:17:31.991,6.784722222222
LED experiment,pioreactor02,2026-06-03T00:32:36.988Z,-0.014059362853,2026-06-03 06:17:36.988,6.786111111111
LED experiment,pioreactor02,2026-06-03T00:32:41.989Z,-0.013882825956,2026-06-03 06:17:41.989,6.7875
LED experiment,pioreactor02,2026-06-03T00:32:46.988Z,-0.014023876248,2026-06-03 06:17:46.988,6.788888888889
LED experiment,pioreactor02,2026-06-03T00:32:51.986Z,-0.014107297064,2026-06-03 06:17:51.986,6.790277777778
LED experiment,pioreactor02,2026-06-03T00:32:56.989Z,-0.01407613763,2026-06-03 06:17:56.989,6.791666666667
LED experiment,pioreactor02,2026-06-03T00:33:01.988Z,-0.013768270909,2026-06-03 06:18:01.988,6.793055555556
LED experiment,pioreactor02,2026-06-03T00:33:11.988Z,-0.013892234992,2026-06-03 06:18:11.988,6.795833333333
LED experiment,pioreactor02,2026-06-03T00:33:16.987Z,-0.013986471118,2026-06-03 06:18:16.987,6.797222222222
LED experiment,pioreactor02,2026-06-03T00:33:21.988Z,-0.014019043962,2026-06-03 06:18:21.988,6.798611111111
LED experiment,pioreactor02,2026-06-03T00:33:26.986Z,-0.014006916788,2026-06-03 06:18:26.986,6.8
LED experiment,pioreactor02,2026-06-03T00:33:36.989Z,-0.013808425349,2026-06-03 06:18:36.989,6.802777777778
LED experiment,pioreactor02,2026-06-03T00:33:41.988Z,-0.013578439268,2026-06-03 06:18:41.988,6.804166666667
LED experiment,pioreactor02,2026-06-03T00:33:46.989Z,-0.013431986578,2026-06-03 06:18:46.989,6.805555555556
LED experiment,pioreactor02,2026-06-03T00:33:51.989Z,-0.013220845798,2026-06-03 06:18:51.989,6.806944444444
LED experiment,pioreactor02,2026-06-03T00:33:56.987Z,-0.013034057361,2026-06-03 06:18:56.987,6.808333333333
LED experiment,pioreactor02,2026-06-03T00:34:01.987Z,-0.012788028298,2026-06-03 06:19:01.987,6.809722222222
LED experiment,pioreactor02,2026-06-03T00:34:06.988Z,-0.01277880426,2026-06-03 06:19:06.988,6.811111111111
LED experiment,pioreactor02,2026-06-03T00:34:11.988Z,-0.013260301224,2026-06-03 06:19:11.988,6.8125
LED experiment,pioreactor02,2026-06-03T00:34:16.989Z,-0.013600553361,2026-06-03 06:19:16.989,6.813888888889
LED experiment,pioreactor02,2026-06-03T00:34:21.987Z,-0.013546298671,2026-06-03 06:19:21.987,6.815277777778
LED experiment,pioreactor02,2026-06-03T00:34:26.987Z,-0.013438375192,2026-06-03 06:19:26.987,6.816666666667
LED experiment,pioreactor02,2026-06-03T00:34:31.988Z,-0.013353286029,2026-06-03 06:19:31.988,6.818055555556
LED experiment,pioreactor02,2026-06-03T00:34:51.988Z,-0.013051401031,2026-06-03 06:19:51.988,6.823611111111
LED experiment,pioreactor02,2026-06-03T00:34:56.988Z,-0.012970713045,2026-06-03 06:19:56.988,6.825
LED experiment,pioreactor02,2026-06-03T00:35:01.987Z,-0.012690653737,2026-06-03 06:20:01.987,6.826388888889
LED experiment,pioreactor02,2026-06-03T00:35:06.990Z,-0.012518488135,2026-06-03 06:20:06.990,6.827777777778
LED experiment,pioreactor02,2026-06-03T00:35:11.986Z,-0.012368411988,2026-06-03 06:20:11.986,6.829166666667
LED experiment,pioreactor02,2026-06-03T00:35:26.987Z,-0.012731490387,2026-06-03 06:20:26.987,6.833333333333
LED experiment,pioreactor02,2026-06-03T00:35:31.989Z,-0.012473046541,2026-06-03 06:20:31.989,6.834722222222
LED experiment,pioreactor02,2026-06-03T00:35:41.989Z,-0.012532810401,2026-06-03 06:20:41.989,6.8375
LED experiment,pioreactor02,2026-06-03T00:35:51.986Z,-0.012744688482,2026-06-03 06:20:51.986,6.840277777778
LED experiment,pioreactor02,2026-06-03T00:35:56.987Z,-0.012918542828,2026-06-03 06:20:56.987,6.841666666667
LED experiment,pioreactor02,2026-06-03T00:36:11.988Z,-0.013158256331,2026-06-03 06:21:11.988,6.845833333333
LED experiment,pioreactor02,2026-06-03T00:36:16.989Z,-0.013216002542,2026-06-03 06:21:16.989,6.847222222222
LED experiment,pioreactor02,2026-06-03T00:36:21.988Z,-0.01343992742,2026-06-03 06:21:21.988,6.848611111111
LED experiment,pioreactor02,2026-06-03T00:36:31.988Z,-0.01376330158,2026-06-03 06:21:31.988,6.851388888889
LED experiment,pioreactor02,2026-06-03T00:36:36.987Z,-0.013765719821,2026-06-03 06:21:36.987,6.852777777778
LED experiment,pioreactor02,2026-06-03T00:36:41.989Z,-0.013833159422,2026-06-03 06:21:41.989,6.854166666667
LED experiment,pioreactor02,2026-06-03T00:36:46.988Z,-0.014027567858,2026-06-03 06:21:46.988,6.855555555556
LED experiment,pioreactor02,2026-06-03T00:36:51.987Z,-0.014072727585,2026-06-03 06:21:51.987,6.856944444444
LED experiment,pioreactor02,2026-06-03T00:37:01.989Z,-0.013846329454,2026-06-03 06:22:01.989,6.859722222222
LED experiment,pioreactor02,2026-06-03T00:37:06.990Z,-0.014009837679,2026-06-03 06:22:06.990,6.861111111111
LED experiment,pioreactor02,2026-06-03T00:37:11.988Z,-0.014040174941,2026-06-03 06:22:11.988,6.8625
LED experiment,pioreactor02,2026-06-03T00:37:16.987Z,-0.013786641989,2026-06-03 06:22:16.987,6.863888888889
LED experiment,pioreactor02,2026-06-03T00:37:21.990Z,-0.013851208831,2026-06-03 06:22:21.990,6.865277777778
LED experiment,pioreactor02,2026-06-03T00:37:26.989Z,-0.013845302611,2026-06-03 06:22:26.989,6.866666666667
LED experiment,pioreactor02,2026-06-03T00:37:31.987Z,-0.01373097939,2026-06-03 06:22:31.987,6.868055555556
LED experiment,pioreactor02,2026-06-03T00:37:41.987Z,-0.013619641789,2026-06-03 06:22:41.987,6.870833333333
LED experiment,pioreactor02,2026-06-03T00:37:46.989Z,-0.013588029965,2026-06-03 06:22:46.989,6.872222222222
LED experiment,pioreactor02,2026-06-03T00:37:51.988Z,-0.013751742099,2026-06-03 06:22:51.988,6.873611111111
LED experiment,pioreactor02,2026-06-03T00:37:56.990Z,-0.013644218138,2026-06-03 06:22:56.990,6.875
LED experiment,pioreactor02,2026-06-03T00:38:01.988Z,-0.013749991577,2026-06-03 06:23:01.988,6.876388888889
LED experiment,pioreactor02,2026-06-03T00:38:06.988Z,-0.013636792864,2026-06-03 06:23:06.988,6.877777777778
LED experiment,pioreactor02,2026-06-03T00:38:11.989Z,-0.013439187827,2026-06-03 06:23:11.989,6.879166666667
LED experiment,pioreactor02,2026-06-03T00:38:16.988Z,-0.013181360217,2026-06-03 06:23:16.988,6.880555555556
LED experiment,pioreactor02,2026-06-03T00:38:21.988Z,-0.013229022623,2026-06-03 06:23:21.988,6.881944444444
LED experiment,pioreactor02,2026-06-03T00:38:26.987Z,-0.012851600713,2026-06-03 06:23:26.987,6.883333333333
LED experiment,pioreactor02,2026-06-03T00:38:36.988Z,-0.012865187732,2026-06-03 06:23:36.988,6.886111111111
LED experiment,pioreactor02,2026-06-03T00:38:41.986Z,-0.01269978277,2026-06-03 06:23:41.986,6.8875
LED experiment,pioreactor02,2026-06-03T00:38:46.990Z,-0.012404212495,2026-06-03 06:23:46.990,6.888888888889
LED experiment,pioreactor02,2026-06-03T00:38:51.989Z,-0.012150128474,2026-06-03 06:23:51.989,6.890277777778
LED experiment,pioreactor02,2026-06-03T00:39:01.987Z,-0.012005379272,2026-06-03 06:24:01.987,6.893055555556
LED experiment,pioreactor02,2026-06-03T00:39:11.988Z,-0.011950024404,2026-06-03 06:24:11.988,6.895833333333
LED experiment,pioreactor02,2026-06-03T00:39:16.987Z,-0.011743219766,2026-06-03 06:24:16.987,6.897222222222
LED experiment,pioreactor02,2026-06-03T00:39:21.988Z,-0.011277908318,2026-06-03 06:24:21.988,6.898611111111
LED experiment,pioreactor02,2026-06-03T00:39:26.988Z,-0.011228058021,2026-06-03 06:24:26.988,6.9
LED experiment,pioreactor02,2026-06-03T00:39:36.987Z,-0.01142303145,2026-06-03 06:24:36.987,6.902777777778
LED experiment,pioreactor02,2026-06-03T00:39:41.987Z,-0.011467310159,2026-06-03 06:24:41.987,6.904166666667
LED experiment,pioreactor02,2026-06-03T00:39:46.989Z,-0.011240213897,2026-06-03 06:24:46.989,6.905555555556
LED experiment,pioreactor02,2026-06-03T00:39:51.989Z,-0.010851599429,2026-06-03 06:24:51.989,6.906944444444
LED experiment,pioreactor02,2026-06-03T00:40:01.989Z,-0.010567264292,2026-06-03 06:25:01.989,6.909722222222
LED experiment,pioreactor02,2026-06-03T00:40:06.987Z,-0.010497191585,2026-06-03 06:25:06.987,6.911111111111
LED experiment,pioreactor02,2026-06-03T00:40:16.989Z,-0.010689788719,2026-06-03 06:25:16.989,6.913888888889
LED experiment,pioreactor02,2026-06-03T00:40:21.989Z,-0.010391396255,2026-06-03 06:25:21.989,6.915277777778
LED experiment,pioreactor02,2026-06-03T00:40:26.988Z,-0.010424468025,2026-06-03 06:25:26.988,6.916666666667
LED experiment,pioreactor02,2026-06-03T00:40:36.988Z,-0.010113901328,2026-06-03 06:25:36.988,6.919444444444
LED experiment,pioreactor02,2026-06-03T00:40:41.989Z,-0.009816484795,2026-06-03 06:25:41.989,6.920833333333
LED experiment,pioreactor02,2026-06-03T00:40:46.987Z,-0.009423672898,2026-06-03 06:25:46.987,6.922222222222
LED experiment,pioreactor02,2026-06-03T00:40:51.988Z,-0.009127398341,2026-06-03 06:25:51.988,6.923611111111
LED experiment,pioreactor02,2026-06-03T00:40:56.989Z,-0.009255065071,2026-06-03 06:25:56.989,6.925
LED experiment,pioreactor02,2026-06-03T00:41:01.988Z,-0.00940899279,2026-06-03 06:26:01.988,6.926388888889
LED experiment,pioreactor02,2026-06-03T00:41:06.986Z,-0.009540830639,2026-06-03 06:26:06.986,6.927777777778
LED experiment,pioreactor02,2026-06-03T00:41:11.990Z,-0.009752909715,2026-06-03 06:26:11.990,6.929166666667
LED experiment,pioreactor02,2026-06-03T00:41:16.989Z,-0.009930133859,2026-06-03 06:26:16.989,6.930555555556
LED experiment,pioreactor02,2026-06-03T00:41:21.990Z,-0.010000616555,2026-06-03 06:26:21.990,6.931944444444
LED experiment,pioreactor02,2026-06-03T00:41:26.988Z,-0.010142635517,2026-06-03 06:26:26.988,6.933333333333
LED experiment,pioreactor02,2026-06-03T00:41:36.989Z,-0.010159027217,2026-06-03 06:26:36.989,6.936111111111
LED experiment,pioreactor02,2026-06-03T00:41:41.988Z,-0.010255877803,2026-06-03 06:26:41.988,6.9375
LED experiment,pioreactor02,2026-06-03T00:41:46.989Z,-0.010313467014,2026-06-03 06:26:46.989,6.938888888889
LED experiment,pioreactor02,2026-06-03T00:41:51.987Z,-0.010342891582,2026-06-03 06:26:51.987,6.940277777778
LED experiment,pioreactor02,2026-06-03T00:41:56.987Z,-0.010252300587,2026-06-03 06:26:56.987,6.941666666667
LED experiment,pioreactor02,2026-06-03T00:42:01.986Z,-0.010142180023,2026-06-03 06:27:01.986,6.943055555556
LED experiment,pioreactor02,2026-06-03T00:42:11.988Z,-0.010026608965,2026-06-03 06:27:11.988,6.945833333333
LED experiment,pioreactor02,2026-06-03T00:42:16.987Z,-0.009686015643,2026-06-03 06:27:16.987,6.947222222222
LED experiment,pioreactor02,2026-06-03T00:42:21.986Z,-0.009778688784,2026-06-03 06:27:21.986,6.948611111111
LED experiment,pioreactor02,2026-06-03T00:42:26.990Z,-0.00975502449,2026-06-03 06:27:26.990,6.95
LED experiment,pioreactor02,2026-06-03T00:42:31.987Z,-0.009758327174,2026-06-03 06:27:31.987,6.951388888889
LED experiment,pioreactor02,2026-06-03T00:42:41.988Z,-0.009490514884,2026-06-03 06:27:41.988,6.954166666667
LED experiment,pioreactor02,2026-06-03T00:42:46.986Z,-0.009238135838,2026-06-03 06:27:46.986,6.955555555556
LED experiment,pioreactor02,2026-06-03T00:42:51.988Z,-0.009057431184,2026-06-03 06:27:51.988,6.956944444444
LED experiment,pioreactor02,2026-06-03T00:42:56.987Z,-0.008706359587,2026-06-03 06:27:56.987,6.958333333333
LED experiment,pioreactor02,2026-06-03T00:43:01.988Z,-0.0084721042,2026-06-03 06:28:01.988,6.959722222222
LED experiment,pioreactor02,2026-06-03T00:43:06.987Z,-0.008231258977,2026-06-03 06:28:06.987,6.961111111111
LED experiment,pioreactor02,2026-06-03T00:43:11.989Z,-0.008144107711,2026-06-03 06:28:11.989,6.9625
LED experiment,pioreactor02,2026-06-03T00:43:16.986Z,-0.007943299494,2026-06-03 06:28:16.986,6.963888888889
LED experiment,pioreactor02,2026-06-03T00:43:21.989Z,-0.007657762859,2026-06-03 06:28:21.989,6.965277777778
LED experiment,pioreactor02,2026-06-03T00:43:31.987Z,-0.007521396435,2026-06-03 06:28:31.987,6.968055555556
LED experiment,pioreactor02,2026-06-03T00:43:36.989Z,-0.007260486337,2026-06-03 06:28:36.989,6.969444444444
LED experiment,pioreactor02,2026-06-03T00:43:41.990Z,-0.007363383769,2026-06-03 06:28:41.990,6.970833333333
LED experiment,pioreactor02,2026-06-03T00:43:46.989Z,-0.007244091521,2026-06-03 06:28:46.989,6.972222222222
LED experiment,pioreactor02,2026-06-03T00:43:56.987Z,-0.007386219746,2026-06-03 06:28:56.987,6.975
LED experiment,pioreactor02,2026-06-03T00:44:01.988Z,-0.007591275709,2026-06-03 06:29:01.988,6.976388888889
LED experiment,pioreactor02,2026-06-03T00:44:06.988Z,-0.007446987826,2026-06-03 06:29:06.988,6.977777777778
LED experiment,pioreactor02,2026-06-03T00:44:11.987Z,-0.007318873406,2026-06-03 06:29:11.987,6.979166666667
LED experiment,pioreactor02,2026-06-03T00:44:16.990Z,-0.007447057592,2026-06-03 06:29:16.990,6.980555555556
LED experiment,pioreactor02,2026-06-03T00:44:26.987Z,-0.00753301092,2026-06-03 06:29:26.987,6.983333333333
LED experiment,pioreactor02,2026-06-03T00:44:31.988Z,-0.007276606659,2026-06-03 06:29:31.988,6.984722222222
LED experiment,pioreactor02,2026-06-03T00:44:36.988Z,-0.007237590121,2026-06-03 06:29:36.988,6.986111111111
LED experiment,pioreactor02,2026-06-03T00:44:41.989Z,-0.007256632387,2026-06-03 06:29:41.989,6.9875
LED experiment,pioreactor02,2026-06-03T00:44:46.986Z,-0.007475991246,2026-06-03 06:29:46.986,6.988888888889
LED experiment,pioreactor02,2026-06-03T00:44:51.989Z,-0.007658061232,2026-06-03 06:29:51.989,6.990277777778
LED experiment,pioreactor02,2026-06-03T00:44:56.991Z,-0.007506602307,2026-06-03 06:29:56.991,6.991666666667
LED experiment,pioreactor02,2026-06-03T00:45:01.988Z,-0.007304663704,2026-06-03 06:30:01.988,6.993055555556
LED experiment,pioreactor02,2026-06-03T00:45:06.988Z,-0.007309654003,2026-06-03 06:30:06.988,6.994444444444
LED experiment,pioreactor02,2026-06-03T00:45:11.987Z,-0.007225785375,2026-06-03 06:30:11.987,6.995833333333
LED experiment,pioreactor02,2026-06-03T00:45:16.988Z,-0.006902302773,2026-06-03 06:30:16.988,6.997222222222
LED experiment,pioreactor02,2026-06-03T00:45:26.986Z,-0.006459658855,2026-06-03 06:30:26.986,7.0
LED experiment,pioreactor02,2026-06-03T00:45:36.987Z,-0.006228880407,2026-06-03 06:30:36.987,7.002777777778
LED experiment,pioreactor02,2026-06-03T00:45:41.989Z,-0.006425728025,2026-06-03 06:30:41.989,7.004166666667
LED experiment,pioreactor02,2026-06-03T00:45:46.987Z,-0.006428938447,2026-06-03 06:30:46.987,7.005555555556
LED experiment,pioreactor02,2026-06-03T00:46:01.986Z,-0.006529970378,2026-06-03 06:31:01.986,7.009722222222
LED experiment,pioreactor02,2026-06-03T00:46:11.987Z,-0.006074682529,2026-06-03 06:31:11.987,7.0125
LED experiment,pioreactor02,2026-06-03T00:46:21.987Z,-0.005774495271,2026-06-03 06:31:21.987,7.015277777778
LED experiment,pioreactor02,2026-06-03T00:46:26.988Z,-0.00564480511,2026-06-03 06:31:26.988,7.016666666667
LED experiment,pioreactor02,2026-06-03T00:46:31.987Z,-0.005373848797,2026-06-03 06:31:31.987,7.018055555556
LED experiment,pioreactor02,2026-06-03T00:46:36.989Z,-0.005178427908,2026-06-03 06:31:36.989,7.019444444444
LED experiment,pioreactor02,2026-06-03T00:46:46.989Z,-0.005093501341,2026-06-03 06:31:46.989,7.022222222222
LED experiment,pioreactor02,2026-06-03T00:46:51.988Z,-0.005031478781,2026-06-03 06:31:51.988,7.023611111111
LED experiment,pioreactor02,2026-06-03T00:46:56.989Z,-0.005057414377,2026-06-03 06:31:56.989,7.025
LED experiment,pioreactor02,2026-06-03T00:47:01.988Z,-0.005250409666,2026-06-03 06:32:01.988,7.026388888889
LED experiment,pioreactor02,2026-06-03T00:47:06.987Z,-0.005124964999,2026-06-03 06:32:06.987,7.027777777778
LED experiment,pioreactor02,2026-06-03T00:47:11.989Z,-0.004855269886,2026-06-03 06:32:11.989,7.029166666667
LED experiment,pioreactor02,2026-06-03T00:47:16.990Z,-0.004855269886,2026-06-03 06:32:16.990,7.030555555556
LED experiment,pioreactor02,2026-06-03T00:47:31.990Z,-0.004855269886,2026-06-03 06:32:31.990,7.034722222222
LED experiment,pioreactor02,2026-06-03T00:47:36.988Z,-0.004855270649,2026-06-03 06:32:36.988,7.036111111111
LED experiment,pioreactor02,2026-06-03T00:47:41.989Z,-0.004855093988,2026-06-03 06:32:41.989,7.0375
LED experiment,pioreactor02,2026-06-03T00:47:46.988Z,-0.00485527615,2026-06-03 06:32:46.988,7.038888888889
LED experiment,pioreactor02,2026-06-03T00:47:51.988Z,-0.004854341316,2026-06-03 06:32:51.988,7.040277777778
LED experiment,pioreactor02,2026-06-03T00:47:56.987Z,-0.004855731779,2026-06-03 06:32:56.987,7.041666666667
LED experiment,pioreactor02,2026-06-03T00:48:01.989Z,-0.004856960347,2026-06-03 06:33:01.989,7.043055555556
LED experiment,pioreactor02,2026-06-03T00:48:06.990Z,-0.004858946478,2026-06-03 06:33:06.990,7.044444444444
LED experiment,pioreactor02,2026-06-03T00:48:11.987Z,-0.004870912049,2026-06-03 06:33:11.987,7.045833333333
LED experiment,pioreactor02,2026-06-03T00:48:16.988Z,-0.004871580875,2026-06-03 06:33:16.988,7.047222222222
LED experiment,pioreactor02,2026-06-03T00:48:21.987Z,-0.004865828049,2026-06-03 06:33:21.987,7.048611111111
LED experiment,pioreactor02,2026-06-03T00:48:26.990Z,-0.004857412816,2026-06-03 06:33:26.990,7.05
LED experiment,pioreactor02,2026-06-03T00:48:36.986Z,-0.004862696056,2026-06-03 06:33:36.986,7.052777777778
LED experiment,pioreactor02,2026-06-03T00:48:46.991Z,-0.004839374115,2026-06-03 06:33:46.991,7.055555555556
LED experiment,pioreactor02,2026-06-03T00:48:51.987Z,-0.004815661247,2026-06-03 06:33:51.987,7.056944444444
LED experiment,pioreactor02,2026-06-03T00:48:56.990Z,-0.004811674558,2026-06-03 06:33:56.990,7.058333333333
LED experiment,pioreactor02,2026-06-03T00:49:01.989Z,-0.004810042755,2026-06-03 06:34:01.989,7.059722222222
LED experiment,pioreactor02,2026-06-03T00:49:06.988Z,-0.004792070331,2026-06-03 06:34:06.988,7.061111111111
LED experiment,pioreactor02,2026-06-03T00:49:11.987Z,-0.004801287564,2026-06-03 06:34:11.987,7.0625
LED experiment,pioreactor02,2026-06-03T00:49:16.988Z,-0.004854022182,2026-06-03 06:34:16.988,7.063888888889
LED experiment,pioreactor02,2026-06-03T00:49:21.988Z,-0.004846759523,2026-06-03 06:34:21.988,7.065277777778
LED experiment,pioreactor02,2026-06-03T00:49:26.988Z,-0.004879365126,2026-06-03 06:34:26.988,7.066666666667
LED experiment,pioreactor02,2026-06-03T00:49:31.988Z,-0.0048819526,2026-06-03 06:34:31.988,7.068055555556
LED experiment,pioreactor02,2026-06-03T00:49:36.988Z,-0.004908823181,2026-06-03 06:34:36.988,7.069444444444
LED experiment,pioreactor02,2026-06-03T00:49:41.987Z,-0.004877696905,2026-06-03 06:34:41.987,7.070833333333
LED experiment,pioreactor02,2026-06-03T00:49:46.987Z,-0.004859454634,2026-06-03 06:34:46.987,7.072222222222
LED experiment,pioreactor02,2026-06-03T00:49:51.988Z,-0.00485625614,2026-06-03 06:34:51.988,7.073611111111
LED experiment,pioreactor02,2026-06-03T00:49:56.988Z,-0.004842444172,2026-06-03 06:34:56.988,7.075
LED experiment,pioreactor02,2026-06-03T00:50:01.988Z,-0.004844298358,2026-06-03 06:35:01.988,7.076388888889
LED experiment,pioreactor02,2026-06-03T00:50:06.987Z,-0.004807829003,2026-06-03 06:35:06.987,7.077777777778
LED experiment,pioreactor02,2026-06-03T00:50:11.989Z,-0.004778106484,2026-06-03 06:35:11.989,7.079166666667
LED experiment,pioreactor02,2026-06-03T00:50:16.987Z,-0.004764985782,2026-06-03 06:35:16.987,7.080555555556
LED experiment,pioreactor02,2026-06-03T00:50:26.987Z,-0.004759056416,2026-06-03 06:35:26.987,7.083333333333
LED experiment,pioreactor02,2026-06-03T00:50:31.987Z,-0.00474111488,2026-06-03 06:35:31.987,7.084722222222
LED experiment,pioreactor02,2026-06-03T00:50:46.989Z,-0.004759429302,2026-06-03 06:35:46.989,7.088888888889
LED experiment,pioreactor02,2026-06-03T00:50:51.988Z,-0.004796324792,2026-06-03 06:35:51.988,7.090277777778
LED experiment,pioreactor02,2026-06-03T00:50:56.988Z,-0.004743736098,2026-06-03 06:35:56.988,7.091666666667
LED experiment,pioreactor02,2026-06-03T00:51:01.987Z,-0.004691147537,2026-06-03 06:36:01.987,7.093055555556
LED experiment,pioreactor02,2026-06-03T00:51:06.987Z,-0.004649294184,2026-06-03 06:36:06.987,7.094444444444
LED experiment,pioreactor02,2026-06-03T00:51:11.987Z,-0.004630687157,2026-06-03 06:36:11.987,7.095833333333
LED experiment,pioreactor02,2026-06-03T00:51:16.990Z,-0.004628762968,2026-06-03 06:36:16.990,7.097222222222
LED experiment,pioreactor02,2026-06-03T00:51:21.990Z,-0.004631689953,2026-06-03 06:36:21.990,7.098611111111
LED experiment,pioreactor02,2026-06-03T00:51:26.990Z,-0.004726356832,2026-06-03 06:36:26.990,7.1
LED experiment,pioreactor02,2026-06-03T00:51:31.989Z,-0.004790259982,2026-06-03 06:36:31.989,7.101388888889
LED experiment,pioreactor02,2026-06-03T00:51:36.988Z,-0.004702027567,2026-06-03 06:36:36.988,7.102777777778
LED experiment,pioreactor02,2026-06-03T00:51:41.986Z,-0.004714793768,2026-06-03 06:36:41.986,7.104166666667
LED experiment,pioreactor02,2026-06-03T00:51:46.986Z,-0.004741553001,2026-06-03 06:36:46.986,7.105555555556
LED experiment,pioreactor02,2026-06-03T00:51:51.987Z,-0.004714274581,2026-06-03 06:36:51.987,7.106944444444
LED experiment,pioreactor02,2026-06-03T00:51:56.988Z,-0.0047523764,2026-06-03 06:36:56.988,7.108333333333
LED experiment,pioreactor02,2026-06-03T00:52:01.988Z,-0.00482034355,2026-06-03 06:37:01.988,7.109722222222
LED experiment,pioreactor02,2026-06-03T00:52:06.987Z,-0.004772781892,2026-06-03 06:37:06.987,7.111111111111
LED experiment,pioreactor02,2026-06-03T00:52:16.987Z,-0.004850312415,2026-06-03 06:37:16.987,7.113888888889
LED experiment,pioreactor02,2026-06-03T00:52:21.987Z,-0.004773048487,2026-06-03 06:37:21.987,7.115277777778
LED experiment,pioreactor02,2026-06-03T00:52:26.991Z,-0.004702312996,2026-06-03 06:37:26.991,7.116666666667
LED experiment,pioreactor02,2026-06-03T00:52:31.990Z,-0.004598273209,2026-06-03 06:37:31.990,7.118055555556
LED experiment,pioreactor02,2026-06-03T00:52:41.988Z,-0.00464729078,2026-06-03 06:37:41.988,7.120833333333
LED experiment,pioreactor02,2026-06-03T00:52:46.989Z,-0.004659530746,2026-06-03 06:37:46.989,7.122222222222
LED experiment,pioreactor02,2026-06-03T00:52:56.987Z,-0.004537600384,2026-06-03 06:37:56.987,7.125
LED experiment,pioreactor02,2026-06-03T00:53:01.988Z,-0.004488823493,2026-06-03 06:38:01.988,7.126388888889
LED experiment,pioreactor02,2026-06-03T00:53:06.989Z,-0.004454563936,2026-06-03 06:38:06.989,7.127777777778
LED experiment,pioreactor02,2026-06-03T00:53:11.988Z,-0.004606342101,2026-06-03 06:38:11.988,7.129166666667
LED experiment,pioreactor02,2026-06-03T00:53:21.988Z,-0.004457479264,2026-06-03 06:38:21.988,7.131944444444
LED experiment,pioreactor02,2026-06-03T00:53:26.986Z,-0.00444663745,2026-06-03 06:38:26.986,7.133333333333
LED experiment,pioreactor02,2026-06-03T00:53:36.988Z,-0.004349136702,2026-06-03 06:38:36.988,7.136111111111
LED experiment,pioreactor02,2026-06-03T00:53:41.991Z,-0.004230138393,2026-06-03 06:38:41.991,7.1375
LED experiment,pioreactor02,2026-06-03T00:53:46.987Z,-0.003989192056,2026-06-03 06:38:46.987,7.138888888889
LED experiment,pioreactor02,2026-06-03T00:53:51.986Z,-0.003996983296,2026-06-03 06:38:51.986,7.140277777778
LED experiment,pioreactor02,2026-06-03T00:53:56.989Z,-0.004023066959,2026-06-03 06:38:56.989,7.141666666667
LED experiment,pioreactor02,2026-06-03T00:54:01.987Z,-0.003968078505,2026-06-03 06:39:01.987,7.143055555556
LED experiment,pioreactor02,2026-06-03T00:54:06.988Z,-0.003783994945,2026-06-03 06:39:06.988,7.144444444444
LED experiment,pioreactor02,2026-06-03T00:54:11.988Z,-0.003900287669,2026-06-03 06:39:11.988,7.145833333333
LED experiment,pioreactor02,2026-06-03T00:54:16.989Z,-0.003745370112,2026-06-03 06:39:16.989,7.147222222222
LED experiment,pioreactor02,2026-06-03T00:54:21.987Z,-0.003621141075,2026-06-03 06:39:21.987,7.148611111111
LED experiment,pioreactor02,2026-06-03T00:54:26.986Z,-0.003421099716,2026-06-03 06:39:26.986,7.15
LED experiment,pioreactor02,2026-06-03T00:54:31.987Z,-0.003202794559,2026-06-03 06:39:31.987,7.151388888889
LED experiment,pioreactor02,2026-06-03T00:54:36.988Z,-0.002961209058,2026-06-03 06:39:36.988,7.152777777778
LED experiment,pioreactor02,2026-06-03T00:54:41.989Z,-0.002858901597,2026-06-03 06:39:41.989,7.154166666667
LED experiment,pioreactor02,2026-06-03T00:54:46.989Z,-0.0028870028,2026-06-03 06:39:46.989,7.155555555556
LED experiment,pioreactor02,2026-06-03T00:54:56.989Z,-0.002800492377,2026-06-03 06:39:56.989,7.158333333333
LED experiment,pioreactor02,2026-06-03T00:55:06.987Z,-0.002832013938,2026-06-03 06:40:06.987,7.161111111111
LED experiment,pioreactor02,2026-06-03T00:55:11.992Z,-0.002801606805,2026-06-03 06:40:11.992,7.1625
LED experiment,pioreactor02,2026-06-03T00:55:21.989Z,-0.002608304045,2026-06-03 06:40:21.989,7.165277777778
LED experiment,pioreactor02,2026-06-03T00:55:26.988Z,-0.002579098113,2026-06-03 06:40:26.988,7.166666666667
LED experiment,pioreactor02,2026-06-03T00:55:31.988Z,-0.002538274074,2026-06-03 06:40:31.988,7.168055555556
LED experiment,pioreactor02,2026-06-03T00:55:41.987Z,-0.002411909811,2026-06-03 06:40:41.987,7.170833333333
LED experiment,pioreactor02,2026-06-03T00:55:46.988Z,-0.002213430797,2026-06-03 06:40:46.988,7.172222222222
LED experiment,pioreactor02,2026-06-03T00:55:56.988Z,-0.001930793338,2026-06-03 06:40:56.988,7.175
LED experiment,pioreactor02,2026-06-03T00:56:06.990Z,-0.001835136541,2026-06-03 06:41:06.990,7.177777777778
LED experiment,pioreactor02,2026-06-03T00:56:11.988Z,-0.001738509201,2026-06-03 06:41:11.988,7.179166666667
LED experiment,pioreactor02,2026-06-03T00:56:16.988Z,-0.0016420807,2026-06-03 06:41:16.988,7.180555555556
LED experiment,pioreactor02,2026-06-03T00:56:21.989Z,-0.001549969824,2026-06-03 06:41:21.989,7.181944444444
LED experiment,pioreactor02,2026-06-03T00:56:26.988Z,-0.001417632015,2026-06-03 06:41:26.988,7.183333333333
LED experiment,pioreactor02,2026-06-03T00:56:36.989Z,-0.001338227865,2026-06-03 06:41:36.989,7.186111111111
LED experiment,pioreactor02,2026-06-03T00:56:41.989Z,-0.001249233513,2026-06-03 06:41:41.989,7.1875
LED experiment,pioreactor02,2026-06-03T00:56:46.986Z,-0.001317363442,2026-06-03 06:41:46.986,7.188888888889
LED experiment,pioreactor02,2026-06-03T00:56:51.988Z,-0.001194750843,2026-06-03 06:41:51.988,7.190277777778
LED experiment,pioreactor02,2026-06-03T00:57:01.987Z,-0.001133198144,2026-06-03 06:42:01.987,7.193055555556
LED experiment,pioreactor02,2026-06-03T00:57:11.986Z,-0.001036131007,2026-06-03 06:42:11.986,7.195833333333
LED experiment,pioreactor02,2026-06-03T00:57:16.988Z,-0.000961987882,2026-06-03 06:42:16.988,7.197222222222
LED experiment,pioreactor02,2026-06-03T00:57:21.986Z,-0.000877541518,2026-06-03 06:42:21.986,7.198611111111
LED experiment,pioreactor02,2026-06-03T00:57:26.987Z,-0.000694573208,2026-06-03 06:42:26.987,7.2
LED experiment,pioreactor02,2026-06-03T00:57:31.988Z,-0.000671420084,2026-06-03 06:42:31.988,7.201388888889
LED experiment,pioreactor02,2026-06-03T00:57:36.988Z,-0.000536113548,2026-06-03 06:42:36.988,7.202777777778
LED experiment,pioreactor02,2026-06-03T00:57:41.990Z,-0.000505839647,2026-06-03 06:42:41.990,7.204166666667
LED experiment,pioreactor02,2026-06-03T00:57:46.989Z,-0.00044619933,2026-06-03 06:42:46.989,7.205555555556
LED experiment,pioreactor02,2026-06-03T00:57:51.987Z,-0.000260923528,2026-06-03 06:42:51.987,7.206944444444
LED experiment,pioreactor02,2026-06-03T00:57:56.988Z,-0.00017961202,2026-06-03 06:42:56.988,7.208333333333
LED experiment,pioreactor02,2026-06-03T00:58:01.988Z,-7.1461507e-05,2026-06-03 06:43:01.988,7.209722222222
LED experiment,pioreactor02,2026-06-03T00:58:06.989Z,-4.6746425e-05,2026-06-03 06:43:06.989,7.211111111111
LED experiment,pioreactor02,2026-06-03T00:58:11.988Z,-3.1042794e-05,2026-06-03 06:43:11.988,7.2125
LED experiment,pioreactor02,2026-06-03T00:58:16.989Z,-2.0337025e-05,2026-06-03 06:43:16.989,7.213888888889
LED experiment,pioreactor02,2026-06-03T00:58:21.987Z,0.000142128587,2026-06-03 06:43:21.987,7.215277777778
LED experiment,pioreactor02,2026-06-03T00:58:26.988Z,0.000326640142,2026-06-03 06:43:26.988,7.216666666667
LED experiment,pioreactor02,2026-06-03T00:58:31.988Z,0.00058105033,2026-06-03 06:43:31.988,7.218055555556
LED experiment,pioreactor02,2026-06-03T00:58:36.989Z,0.000858071061,2026-06-03 06:43:36.989,7.219444444444
LED experiment,pioreactor02,2026-06-03T00:58:41.989Z,0.001047784518,2026-06-03 06:43:41.989,7.220833333333
LED experiment,pioreactor02,2026-06-03T00:58:46.987Z,0.001249116469,2026-06-03 06:43:46.987,7.222222222222
LED experiment,pioreactor02,2026-06-03T00:58:51.989Z,0.001314660006,2026-06-03 06:43:51.989,7.223611111111
LED experiment,pioreactor02,2026-06-03T00:58:56.988Z,0.001338345501,2026-06-03 06:43:56.988,7.225
LED experiment,pioreactor02,2026-06-03T00:59:01.987Z,0.001227144358,2026-06-03 06:44:01.987,7.226388888889
LED experiment,pioreactor02,2026-06-03T00:59:11.987Z,0.001098529553,2026-06-03 06:44:11.987,7.229166666667
LED experiment,pioreactor02,2026-06-03T00:59:21.987Z,0.000791876124,2026-06-03 06:44:21.987,7.231944444444
LED experiment,pioreactor02,2026-06-03T00:59:26.989Z,0.000659033632,2026-06-03 06:44:26.989,7.233333333333
LED experiment,pioreactor02,2026-06-03T00:59:36.987Z,0.000848428487,2026-06-03 06:44:36.987,7.236111111111
LED experiment,pioreactor02,2026-06-03T00:59:41.989Z,0.001289805595,2026-06-03 06:44:41.989,7.2375
LED experiment,pioreactor02,2026-06-03T00:59:46.987Z,0.001765385124,2026-06-03 06:44:46.987,7.238888888889
LED experiment,pioreactor02,2026-06-03T00:59:51.988Z,0.002246688125,2026-06-03 06:44:51.988,7.240277777778
LED experiment,pioreactor02,2026-06-03T01:00:01.993Z,0.002685868879,2026-06-03 06:45:01.993,7.243055555556
LED experiment,pioreactor02,2026-06-03T01:00:06.988Z,0.002914937165,2026-06-03 06:45:06.988,7.244444444444
LED experiment,pioreactor02,2026-06-03T01:00:11.992Z,0.003151278257,2026-06-03 06:45:11.992,7.245833333333
LED experiment,pioreactor02,2026-06-03T01:00:16.987Z,0.003406892172,2026-06-03 06:45:16.987,7.247222222222
LED experiment,pioreactor02,2026-06-03T01:00:21.988Z,0.00359565173,2026-06-03 06:45:21.988,7.248611111111
LED experiment,pioreactor02,2026-06-03T01:00:26.989Z,0.003476408654,2026-06-03 06:45:26.989,7.25
LED experiment,pioreactor02,2026-06-03T01:00:31.988Z,0.003627442864,2026-06-03 06:45:31.988,7.251388888889
LED experiment,pioreactor02,2026-06-03T01:00:36.991Z,0.003668930952,2026-06-03 06:45:36.991,7.252777777778
LED experiment,pioreactor02,2026-06-03T01:00:41.988Z,0.003645623767,2026-06-03 06:45:41.988,7.254166666667
LED experiment,pioreactor02,2026-06-03T01:00:46.987Z,0.003905683302,2026-06-03 06:45:46.987,7.255555555556
LED experiment,pioreactor02,2026-06-03T01:00:51.987Z,0.004213843277,2026-06-03 06:45:51.987,7.256944444444
LED experiment,pioreactor02,2026-06-03T01:00:56.990Z,0.004334412049,2026-06-03 06:45:56.990,7.258333333333
LED experiment,pioreactor02,2026-06-03T01:01:01.987Z,0.004394992042,2026-06-03 06:46:01.987,7.259722222222
LED experiment,pioreactor02,2026-06-03T01:01:06.987Z,0.004754647303,2026-06-03 06:46:06.987,7.261111111111
LED experiment,pioreactor02,2026-06-03T01:01:11.987Z,0.004911362329,2026-06-03 06:46:11.987,7.2625
LED experiment,pioreactor02,2026-06-03T01:01:16.989Z,0.004993440965,2026-06-03 06:46:16.989,7.263888888889
LED experiment,pioreactor02,2026-06-03T01:01:21.989Z,0.005011657011,2026-06-03 06:46:21.989,7.265277777778
LED experiment,pioreactor02,2026-06-03T01:01:26.987Z,0.005092299754,2026-06-03 06:46:26.987,7.266666666667
LED experiment,pioreactor02,2026-06-03T01:01:31.988Z,0.005265698717,2026-06-03 06:46:31.988,7.268055555556
LED experiment,pioreactor02,2026-06-03T01:01:36.987Z,0.005479372915,2026-06-03 06:46:36.987,7.269444444444
LED experiment,pioreactor02,2026-06-03T01:01:46.989Z,0.005428550042,2026-06-03 06:46:46.989,7.272222222222
LED experiment,pioreactor02,2026-06-03T01:01:51.988Z,0.005787328594,2026-06-03 06:46:51.988,7.273611111111
LED experiment,pioreactor02,2026-06-03T01:02:01.989Z,0.005979086175,2026-06-03 06:47:01.989,7.276388888889
LED experiment,pioreactor02,2026-06-03T01:02:06.988Z,0.005980731195,2026-06-03 06:47:06.988,7.277777777778
LED experiment,pioreactor02,2026-06-03T01:02:11.988Z,0.005943286307,2026-06-03 06:47:11.988,7.279166666667
LED experiment,pioreactor02,2026-06-03T01:02:21.987Z,0.005964907698,2026-06-03 06:47:21.987,7.281944444444
LED experiment,pioreactor02,2026-06-03T01:02:36.989Z,0.00567368886,2026-06-03 06:47:36.989,7.286111111111
LED experiment,pioreactor02,2026-06-03T01:02:41.990Z,0.005691998291,2026-06-03 06:47:41.990,7.2875
LED experiment,pioreactor02,2026-06-03T01:02:46.988Z,0.005773137507,2026-06-03 06:47:46.988,7.288888888889
LED experiment,pioreactor02,2026-06-03T01:03:01.987Z,0.00610695402,2026-06-03 06:48:01.987,7.293055555556
LED experiment,pioreactor02,2026-06-03T01:03:11.988Z,0.006149578086,2026-06-03 06:48:11.988,7.295833333333
LED experiment,pioreactor02,2026-06-03T01:03:16.986Z,0.006257671566,2026-06-03 06:48:16.986,7.297222222222
LED experiment,pioreactor02,2026-06-03T01:03:26.986Z,0.006247747479,2026-06-03 06:48:26.986,7.3
LED experiment,pioreactor02,2026-06-03T01:03:36.987Z,0.006468796293,2026-06-03 06:48:36.987,7.302777777778
LED experiment,pioreactor02,2026-06-03T01:03:41.987Z,0.006372528951,2026-06-03 06:48:41.987,7.304166666667
LED experiment,pioreactor02,2026-06-03T01:03:46.986Z,0.006404940636,2026-06-03 06:48:46.986,7.305555555556
LED experiment,pioreactor02,2026-06-03T01:04:01.987Z,0.00644798339,2026-06-03 06:49:01.987,7.309722222222
LED experiment,pioreactor02,2026-06-03T01:04:06.987Z,0.006827075053,2026-06-03 06:49:06.987,7.311111111111
LED experiment,pioreactor02,2026-06-03T01:04:11.988Z,0.00715446159,2026-06-03 06:49:11.988,7.3125
LED experiment,pioreactor02,2026-06-03T01:04:16.988Z,0.007374834836,2026-06-03 06:49:16.988,7.313888888889
LED experiment,pioreactor02,2026-06-03T01:04:21.986Z,0.007285203158,2026-06-03 06:49:21.986,7.315277777778
LED experiment,pioreactor02,2026-06-03T01:04:31.988Z,0.00738348435,2026-06-03 06:49:31.988,7.318055555556
LED experiment,pioreactor02,2026-06-03T01:04:36.988Z,0.007354047253,2026-06-03 06:49:36.988,7.319444444444
LED experiment,pioreactor02,2026-06-03T01:04:41.992Z,0.007397372535,2026-06-03 06:49:41.992,7.320833333333
LED experiment,pioreactor02,2026-06-03T01:04:46.987Z,0.007341242258,2026-06-03 06:49:46.987,7.322222222222
LED experiment,pioreactor02,2026-06-03T01:04:51.989Z,0.007158642358,2026-06-03 06:49:51.989,7.323611111111
LED experiment,pioreactor02,2026-06-03T01:05:01.993Z,0.007166356881,2026-06-03 06:50:01.993,7.326388888889
LED experiment,pioreactor02,2026-06-03T01:05:06.988Z,0.007308862897,2026-06-03 06:50:06.988,7.327777777778
LED experiment,pioreactor02,2026-06-03T01:05:11.988Z,0.007360425853,2026-06-03 06:50:11.988,7.329166666667
LED experiment,pioreactor02,2026-06-03T01:05:16.989Z,0.007499401876,2026-06-03 06:50:16.989,7.330555555556
LED experiment,pioreactor02,2026-06-03T01:05:26.987Z,0.007896547011,2026-06-03 06:50:26.987,7.333333333333
LED experiment,pioreactor02,2026-06-03T01:05:31.988Z,0.007864404204,2026-06-03 06:50:31.988,7.334722222222
LED experiment,pioreactor02,2026-06-03T01:05:36.987Z,0.008005783218,2026-06-03 06:50:36.987,7.336111111111
LED experiment,pioreactor02,2026-06-03T01:05:46.987Z,0.008134856678,2026-06-03 06:50:46.987,7.338888888889
LED experiment,pioreactor02,2026-06-03T01:05:51.987Z,0.008306663503,2026-06-03 06:50:51.987,7.340277777778
LED experiment,pioreactor02,2026-06-03T01:05:56.988Z,0.008168806947,2026-06-03 06:50:56.988,7.341666666667
LED experiment,pioreactor02,2026-06-03T01:06:01.987Z,0.007975591533,2026-06-03 06:51:01.987,7.343055555556
LED experiment,pioreactor02,2026-06-03T01:06:11.990Z,0.00791962558,2026-06-03 06:51:11.990,7.345833333333
LED experiment,pioreactor02,2026-06-03T01:06:16.989Z,0.007619275511,2026-06-03 06:51:16.989,7.347222222222
LED experiment,pioreactor02,2026-06-03T01:06:21.987Z,0.007256018734,2026-06-03 06:51:21.987,7.348611111111
LED experiment,pioreactor02,2026-06-03T01:06:26.989Z,0.007056087821,2026-06-03 06:51:26.989,7.35
LED experiment,pioreactor02,2026-06-03T01:06:36.987Z,0.007217162996,2026-06-03 06:51:36.987,7.352777777778
LED experiment,pioreactor02,2026-06-03T01:06:41.989Z,0.006946245827,2026-06-03 06:51:41.989,7.354166666667
LED experiment,pioreactor02,2026-06-03T01:06:46.987Z,0.006892540099,2026-06-03 06:51:46.987,7.355555555556
LED experiment,pioreactor02,2026-06-03T01:06:51.988Z,0.006968471754,2026-06-03 06:51:51.988,7.356944444444
LED experiment,pioreactor02,2026-06-03T01:06:56.988Z,0.007273982079,2026-06-03 06:51:56.988,7.358333333333
LED experiment,pioreactor02,2026-06-03T01:07:01.989Z,0.007499440245,2026-06-03 06:52:01.989,7.359722222222
LED experiment,pioreactor02,2026-06-03T01:07:06.988Z,0.007616064787,2026-06-03 06:52:06.988,7.361111111111
LED experiment,pioreactor02,2026-06-03T01:07:11.988Z,0.00721761423,2026-06-03 06:52:11.988,7.3625
LED experiment,pioreactor02,2026-06-03T01:07:21.988Z,0.007801416873,2026-06-03 06:52:21.988,7.365277777778
LED experiment,pioreactor02,2026-06-03T01:07:26.988Z,0.00786796378,2026-06-03 06:52:26.988,7.366666666667
LED experiment,pioreactor02,2026-06-03T01:07:31.988Z,0.007860657032,2026-06-03 06:52:31.988,7.368055555556
LED experiment,pioreactor02,2026-06-03T01:07:36.988Z,0.008080125538,2026-06-03 06:52:36.988,7.369444444444
LED experiment,pioreactor02,2026-06-03T01:07:41.987Z,0.008217980383,2026-06-03 06:52:41.987,7.370833333333
LED experiment,pioreactor02,2026-06-03T01:07:46.989Z,0.008152134015,2026-06-03 06:52:46.989,7.372222222222
LED experiment,pioreactor02,2026-06-03T01:07:51.988Z,0.008486506416,2026-06-03 06:52:51.988,7.373611111111
LED experiment,pioreactor02,2026-06-03T01:08:06.987Z,0.008092345955,2026-06-03 06:53:06.987,7.377777777778
LED experiment,pioreactor02,2026-06-03T01:08:16.986Z,0.008078998193,2026-06-03 06:53:16.986,7.380555555556
LED experiment,pioreactor02,2026-06-03T01:08:21.988Z,0.008354542251,2026-06-03 06:53:21.988,7.381944444444
LED experiment,pioreactor02,2026-06-03T01:08:26.988Z,0.008720656729,2026-06-03 06:53:26.988,7.383333333333
LED experiment,pioreactor02,2026-06-03T01:08:31.988Z,0.009126872197,2026-06-03 06:53:31.988,7.384722222222
LED experiment,pioreactor02,2026-06-03T01:08:36.987Z,0.008881654152,2026-06-03 06:53:36.987,7.386111111111
LED experiment,pioreactor02,2026-06-03T01:08:46.988Z,0.008982658257,2026-06-03 06:53:46.988,7.388888888889
LED experiment,pioreactor02,2026-06-03T01:08:51.991Z,0.008658073721,2026-06-03 06:53:51.991,7.390277777778
LED experiment,pioreactor02,2026-06-03T01:08:56.987Z,0.008207527407,2026-06-03 06:53:56.987,7.391666666667
LED experiment,pioreactor02,2026-06-03T01:09:01.987Z,0.007643912548,2026-06-03 06:54:01.987,7.393055555556
LED experiment,pioreactor02,2026-06-03T01:09:06.988Z,0.007205880186,2026-06-03 06:54:06.988,7.394444444444
LED experiment,pioreactor02,2026-06-03T01:09:11.991Z,0.006947077867,2026-06-03 06:54:11.991,7.395833333333
LED experiment,pioreactor02,2026-06-03T01:09:16.988Z,0.006786600751,2026-06-03 06:54:16.988,7.397222222222
LED experiment,pioreactor02,2026-06-03T01:09:21.987Z,0.006880442259,2026-06-03 06:54:21.987,7.398611111111
LED experiment,pioreactor02,2026-06-03T01:09:26.990Z,0.007025611338,2026-06-03 06:54:26.990,7.4
LED experiment,pioreactor02,2026-06-03T01:09:31.988Z,0.007119983557,2026-06-03 06:54:31.988,7.401388888889
LED experiment,pioreactor02,2026-06-03T01:09:36.987Z,0.007211264535,2026-06-03 06:54:36.987,7.402777777778
LED experiment,pioreactor02,2026-06-03T01:09:41.989Z,0.007209286435,2026-06-03 06:54:41.989,7.404166666667
LED experiment,pioreactor02,2026-06-03T01:09:51.988Z,0.007567759589,2026-06-03 06:54:51.988,7.406944444444
LED experiment,pioreactor02,2026-06-03T01:09:56.987Z,0.00777643431,2026-06-03 06:54:56.987,7.408333333333
LED experiment,pioreactor02,2026-06-03T01:10:01.993Z,0.007943817165,2026-06-03 06:55:01.993,7.409722222222
LED experiment,pioreactor02,2026-06-03T01:10:06.988Z,0.007776127989,2026-06-03 06:55:06.988,7.411111111111
LED experiment,pioreactor02,2026-06-03T01:10:11.987Z,0.007533972462,2026-06-03 06:55:11.987,7.4125
LED experiment,pioreactor02,2026-06-03T01:10:16.989Z,0.007469231659,2026-06-03 06:55:16.989,7.413888888889
LED experiment,pioreactor02,2026-06-03T01:10:21.987Z,0.007348651626,2026-06-03 06:55:21.987,7.415277777778
LED experiment,pioreactor02,2026-06-03T01:10:26.990Z,0.007184504153,2026-06-03 06:55:26.990,7.416666666667
LED experiment,pioreactor02,2026-06-03T01:10:36.987Z,0.00740375705,2026-06-03 06:55:36.987,7.419444444444
LED experiment,pioreactor02,2026-06-03T01:10:51.986Z,0.007475497802,2026-06-03 06:55:51.986,7.423611111111
LED experiment,pioreactor02,2026-06-03T01:10:56.989Z,0.007293328944,2026-06-03 06:55:56.989,7.425
LED experiment,pioreactor02,2026-06-03T01:11:01.987Z,0.007441313455,2026-06-03 06:56:01.987,7.426388888889
LED experiment,pioreactor02,2026-06-03T01:11:06.990Z,0.007552136771,2026-06-03 06:56:06.990,7.427777777778
LED experiment,pioreactor02,2026-06-03T01:11:11.987Z,0.007783184407,2026-06-03 06:56:11.987,7.429166666667
LED experiment,pioreactor02,2026-06-03T01:11:21.987Z,0.008223837282,2026-06-03 06:56:21.987,7.431944444444
LED experiment,pioreactor02,2026-06-03T01:11:26.990Z,0.008537336617,2026-06-03 06:56:26.990,7.433333333333
LED experiment,pioreactor02,2026-06-03T01:11:31.988Z,0.008948719766,2026-06-03 06:56:31.988,7.434722222222
LED experiment,pioreactor02,2026-06-03T01:11:41.989Z,0.009282534941,2026-06-03 06:56:41.989,7.4375
LED experiment,pioreactor02,2026-06-03T01:11:46.989Z,0.009480641231,2026-06-03 06:56:46.989,7.438888888889
LED experiment,pioreactor02,2026-06-03T01:11:51.987Z,0.009703561224,2026-06-03 06:56:51.987,7.440277777778
LED experiment,pioreactor02,2026-06-03T01:12:01.987Z,0.010088552962,2026-06-03 06:57:01.987,7.443055555556
LED experiment,pioreactor02,2026-06-03T01:12:11.989Z,0.010387653709,2026-06-03 06:57:11.989,7.445833333333
LED experiment,pioreactor02,2026-06-03T01:12:21.986Z,0.010519518452,2026-06-03 06:57:21.986,7.448611111111
LED experiment,pioreactor02,2026-06-03T01:12:26.989Z,0.010605548009,2026-06-03 06:57:26.989,7.45
LED experiment,pioreactor02,2026-06-03T01:12:31.988Z,0.010618750435,2026-06-03 06:57:31.988,7.451388888889
LED experiment,pioreactor02,2026-06-03T01:12:36.989Z,0.010672993437,2026-06-03 06:57:36.989,7.452777777778
LED experiment,pioreactor02,2026-06-03T01:12:41.989Z,0.010647505046,2026-06-03 06:57:41.989,7.454166666667
LED experiment,pioreactor02,2026-06-03T01:12:46.989Z,0.010301391502,2026-06-03 06:57:46.989,7.455555555556
LED experiment,pioreactor02,2026-06-03T01:12:51.990Z,0.010142612685,2026-06-03 06:57:51.990,7.456944444444
LED experiment,pioreactor02,2026-06-03T01:12:56.987Z,0.009872706474,2026-06-03 06:57:56.987,7.458333333333
LED experiment,pioreactor02,2026-06-03T01:13:01.988Z,0.010009388274,2026-06-03 06:58:01.988,7.459722222222
LED experiment,pioreactor02,2026-06-03T01:13:06.986Z,0.010261780525,2026-06-03 06:58:06.986,7.461111111111
LED experiment,pioreactor02,2026-06-03T01:13:16.989Z,0.010366396707,2026-06-03 06:58:16.989,7.463888888889
LED experiment,pioreactor02,2026-06-03T01:13:21.991Z,0.010639906147,2026-06-03 06:58:21.991,7.465277777778
LED experiment,pioreactor02,2026-06-03T01:13:26.988Z,0.010575781713,2026-06-03 06:58:26.988,7.466666666667
LED experiment,pioreactor02,2026-06-03T01:13:31.987Z,0.01048694846,2026-06-03 06:58:31.987,7.468055555556
LED experiment,pioreactor02,2026-06-03T01:13:36.986Z,0.010728652471,2026-06-03 06:58:36.986,7.469444444444
LED experiment,pioreactor02,2026-06-03T01:13:41.987Z,0.010879771756,2026-06-03 06:58:41.987,7.470833333333
LED experiment,pioreactor02,2026-06-03T01:13:51.987Z,0.010962539858,2026-06-03 06:58:51.987,7.473611111111
LED experiment,pioreactor02,2026-06-03T01:13:56.989Z,0.010930987134,2026-06-03 06:58:56.989,7.475
LED experiment,pioreactor02,2026-06-03T01:14:01.988Z,0.011055575745,2026-06-03 06:59:01.988,7.476388888889
LED experiment,pioreactor02,2026-06-03T01:14:06.986Z,0.011139896907,2026-06-03 06:59:06.986,7.477777777778
LED experiment,pioreactor02,2026-06-03T01:14:11.988Z,0.011331558722,2026-06-03 06:59:11.988,7.479166666667
LED experiment,pioreactor02,2026-06-03T01:14:16.987Z,0.011386510377,2026-06-03 06:59:16.987,7.480555555556
LED experiment,pioreactor02,2026-06-03T01:14:31.988Z,0.011635045915,2026-06-03 06:59:31.988,7.484722222222
LED experiment,pioreactor02,2026-06-03T01:14:36.988Z,0.011707106136,2026-06-03 06:59:36.988,7.486111111111
LED experiment,pioreactor02,2026-06-03T01:14:41.987Z,0.011733370023,2026-06-03 06:59:41.987,7.4875
LED experiment,pioreactor02,2026-06-03T01:14:46.986Z,0.011754677205,2026-06-03 06:59:46.986,7.488888888889
LED experiment,pioreactor02,2026-06-03T01:14:51.987Z,0.011447775312,2026-06-03 06:59:51.987,7.490277777778
LED experiment,pioreactor02,2026-06-03T01:14:56.989Z,0.011149883318,2026-06-03 06:59:56.989,7.491666666667
LED experiment,pioreactor02,2026-06-03T01:15:01.989Z,0.011033182562,2026-06-03 07:00:01.989,7.493055555556
LED experiment,pioreactor02,2026-06-03T01:15:11.989Z,0.01139296593,2026-06-03 07:00:11.989,7.495833333333
LED experiment,pioreactor02,2026-06-03T01:15:16.989Z,0.011852111533,2026-06-03 07:00:16.989,7.497222222222
LED experiment,pioreactor02,2026-06-03T01:15:21.987Z,0.01215690698,2026-06-03 07:00:21.987,7.498611111111
LED experiment,pioreactor02,2026-06-03T01:15:26.987Z,0.012527455222,2026-06-03 07:00:26.987,7.5
LED experiment,pioreactor02,2026-06-03T01:15:31.987Z,0.012833818224,2026-06-03 07:00:31.987,7.501388888889
LED experiment,pioreactor02,2026-06-03T01:15:41.989Z,0.013069265535,2026-06-03 07:00:41.989,7.504166666667
LED experiment,pioreactor02,2026-06-03T01:15:46.989Z,0.013275125348,2026-06-03 07:00:46.989,7.505555555556
LED experiment,pioreactor02,2026-06-03T01:15:51.987Z,0.013511698632,2026-06-03 07:00:51.987,7.506944444444
LED experiment,pioreactor02,2026-06-03T01:15:56.987Z,0.01360603422,2026-06-03 07:00:56.987,7.508333333333
LED experiment,pioreactor02,2026-06-03T01:16:01.987Z,0.013841217218,2026-06-03 07:01:01.987,7.509722222222
LED experiment,pioreactor02,2026-06-03T01:16:11.988Z,0.0137331276,2026-06-03 07:01:11.988,7.5125
LED experiment,pioreactor02,2026-06-03T01:16:16.989Z,0.013586709626,2026-06-03 07:01:16.989,7.513888888889
LED experiment,pioreactor02,2026-06-03T01:16:26.988Z,0.013813931499,2026-06-03 07:01:26.988,7.516666666667
LED experiment,pioreactor02,2026-06-03T01:16:31.988Z,0.013870297608,2026-06-03 07:01:31.988,7.518055555556
LED experiment,pioreactor02,2026-06-03T01:16:41.987Z,0.013819400957,2026-06-03 07:01:41.987,7.520833333333
LED experiment,pioreactor02,2026-06-03T01:16:46.988Z,0.013928488074,2026-06-03 07:01:46.988,7.522222222222
LED experiment,pioreactor02,2026-06-03T01:16:51.988Z,0.013991101096,2026-06-03 07:01:51.988,7.523611111111
LED experiment,pioreactor02,2026-06-03T01:16:56.987Z,0.014018663376,2026-06-03 07:01:56.987,7.525
LED experiment,pioreactor02,2026-06-03T01:17:01.990Z,0.013847152937,2026-06-03 07:02:01.990,7.526388888889
LED experiment,pioreactor02,2026-06-03T01:17:06.987Z,0.013696486362,2026-06-03 07:02:06.987,7.527777777778
LED experiment,pioreactor02,2026-06-03T01:17:11.989Z,0.013645632535,2026-06-03 07:02:11.989,7.529166666667
LED experiment,pioreactor02,2026-06-03T01:17:16.987Z,0.013496062266,2026-06-03 07:02:16.987,7.530555555556
LED experiment,pioreactor02,2026-06-03T01:17:21.987Z,0.013599092456,2026-06-03 07:02:21.987,7.531944444444
LED experiment,pioreactor02,2026-06-03T01:17:26.988Z,0.0133104736,2026-06-03 07:02:26.988,7.533333333333
LED experiment,pioreactor02,2026-06-03T01:17:31.987Z,0.013419349963,2026-06-03 07:02:31.987,7.534722222222
LED experiment,pioreactor02,2026-06-03T01:17:36.989Z,0.013323145045,2026-06-03 07:02:36.989,7.536111111111
LED experiment,pioreactor02,2026-06-03T01:17:41.988Z,0.013203831024,2026-06-03 07:02:41.988,7.5375
LED experiment,pioreactor02,2026-06-03T01:17:46.988Z,0.013407758827,2026-06-03 07:02:46.988,7.538888888889
LED experiment,pioreactor02,2026-06-03T01:17:51.987Z,0.013489521044,2026-06-03 07:02:51.987,7.540277777778
LED experiment,pioreactor02,2026-06-03T01:17:56.986Z,0.01380743001,2026-06-03 07:02:56.986,7.541666666667
LED experiment,pioreactor02,2026-06-03T01:18:01.986Z,0.013998406371,2026-06-03 07:03:01.986,7.543055555556
LED experiment,pioreactor02,2026-06-03T01:18:06.987Z,0.014005721812,2026-06-03 07:03:06.987,7.544444444444
LED experiment,pioreactor02,2026-06-03T01:18:11.988Z,0.013964319152,2026-06-03 07:03:11.988,7.545833333333
LED experiment,pioreactor02,2026-06-03T01:18:16.989Z,0.014012703669,2026-06-03 07:03:16.989,7.547222222222
LED experiment,pioreactor02,2026-06-03T01:18:21.987Z,0.01419078779,2026-06-03 07:03:21.987,7.548611111111
LED experiment,pioreactor02,2026-06-03T01:18:26.988Z,0.013979718664,2026-06-03 07:03:26.988,7.55
LED experiment,pioreactor02,2026-06-03T01:18:36.987Z,0.014112523634,2026-06-03 07:03:36.987,7.552777777778
LED experiment,pioreactor02,2026-06-03T01:18:46.988Z,0.014095712741,2026-06-03 07:03:46.988,7.555555555556
LED experiment,pioreactor02,2026-06-03T01:18:51.991Z,0.0140218101,2026-06-03 07:03:51.991,7.556944444444
LED experiment,pioreactor02,2026-06-03T01:18:56.989Z,0.014207812868,2026-06-03 07:03:56.989,7.558333333333
LED experiment,pioreactor02,2026-06-03T01:19:01.987Z,0.01440052779,2026-06-03 07:04:01.987,7.559722222222
LED experiment,pioreactor02,2026-06-03T01:19:06.989Z,0.014489804219,2026-06-03 07:04:06.989,7.561111111111
LED experiment,pioreactor02,2026-06-03T01:19:11.987Z,0.014436389169,2026-06-03 07:04:11.987,7.5625
LED experiment,pioreactor02,2026-06-03T01:19:16.990Z,0.014661745833,2026-06-03 07:04:16.990,7.563888888889
LED experiment,pioreactor02,2026-06-03T01:19:26.988Z,0.014652201554,2026-06-03 07:04:26.988,7.566666666667
LED experiment,pioreactor02,2026-06-03T01:19:31.988Z,0.014710243805,2026-06-03 07:04:31.988,7.568055555556
LED experiment,pioreactor02,2026-06-03T01:19:36.989Z,0.014988696276,2026-06-03 07:04:36.989,7.569444444444
LED experiment,pioreactor02,2026-06-03T01:19:46.988Z,0.015188307281,2026-06-03 07:04:46.988,7.572222222222
LED experiment,pioreactor02,2026-06-03T01:19:51.987Z,0.015609565783,2026-06-03 07:04:51.987,7.573611111111
LED experiment,pioreactor02,2026-06-03T01:20:01.992Z,0.01578391659,2026-06-03 07:05:01.992,7.576388888889
LED experiment,pioreactor02,2026-06-03T01:20:06.987Z,0.015595353255,2026-06-03 07:05:06.987,7.577777777778
LED experiment,pioreactor02,2026-06-03T01:20:11.990Z,0.015838977884,2026-06-03 07:05:11.990,7.579166666667
LED experiment,pioreactor02,2026-06-03T01:20:21.987Z,0.015448801765,2026-06-03 07:05:21.987,7.581944444444
LED experiment,pioreactor02,2026-06-03T01:20:26.989Z,0.01546454921,2026-06-03 07:05:26.989,7.583333333333
LED experiment,pioreactor02,2026-06-03T01:20:36.987Z,0.015174501791,2026-06-03 07:05:36.987,7.586111111111
LED experiment,pioreactor02,2026-06-03T01:20:41.989Z,0.014759744339,2026-06-03 07:05:41.989,7.5875
LED experiment,pioreactor02,2026-06-03T01:20:46.989Z,0.01444807681,2026-06-03 07:05:46.989,7.588888888889
LED experiment,pioreactor02,2026-06-03T01:20:51.989Z,0.014327567678,2026-06-03 07:05:51.989,7.590277777778
LED experiment,pioreactor02,2026-06-03T01:20:56.987Z,0.013969529444,2026-06-03 07:05:56.987,7.591666666667
LED experiment,pioreactor02,2026-06-03T01:21:01.987Z,0.014133892905,2026-06-03 07:06:01.987,7.593055555556
LED experiment,pioreactor02,2026-06-03T01:21:06.989Z,0.014143161187,2026-06-03 07:06:06.989,7.594444444444
LED experiment,pioreactor02,2026-06-03T01:21:16.986Z,0.014575959051,2026-06-03 07:06:16.986,7.597222222222
LED experiment,pioreactor02,2026-06-03T01:21:21.989Z,0.014531918799,2026-06-03 07:06:21.989,7.598611111111
LED experiment,pioreactor02,2026-06-03T01:21:31.989Z,0.014257751239,2026-06-03 07:06:31.989,7.601388888889
LED experiment,pioreactor02,2026-06-03T01:21:36.989Z,0.014230555716,2026-06-03 07:06:36.989,7.602777777778
LED experiment,pioreactor02,2026-06-03T01:21:46.988Z,0.014570576772,2026-06-03 07:06:46.988,7.605555555556
LED experiment,pioreactor02,2026-06-03T01:21:56.987Z,0.014664410163,2026-06-03 07:06:56.987,7.608333333333
LED experiment,pioreactor02,2026-06-03T01:22:01.988Z,0.01493466515,2026-06-03 07:07:01.988,7.609722222222
LED experiment,pioreactor02,2026-06-03T01:22:06.991Z,0.015090005949,2026-06-03 07:07:06.991,7.611111111111
LED experiment,pioreactor02,2026-06-03T01:22:11.987Z,0.015275681499,2026-06-03 07:07:11.987,7.6125
LED experiment,pioreactor02,2026-06-03T01:22:16.988Z,0.015520838074,2026-06-03 07:07:16.988,7.613888888889
LED experiment,pioreactor02,2026-06-03T01:22:26.987Z,0.016053382312,2026-06-03 07:07:26.987,7.616666666667
LED experiment,pioreactor02,2026-06-03T01:22:31.990Z,0.016209072639,2026-06-03 07:07:31.990,7.618055555556
LED experiment,pioreactor02,2026-06-03T01:22:41.986Z,0.016490172716,2026-06-03 07:07:41.986,7.620833333333
LED experiment,pioreactor02,2026-06-03T01:22:46.987Z,0.01650964192,2026-06-03 07:07:46.987,7.622222222222
LED experiment,pioreactor02,2026-06-03T01:22:51.988Z,0.016544066821,2026-06-03 07:07:51.988,7.623611111111
LED experiment,pioreactor02,2026-06-03T01:22:56.988Z,0.016864160863,2026-06-03 07:07:56.988,7.625
LED experiment,pioreactor02,2026-06-03T01:23:01.987Z,0.017283757637,2026-06-03 07:08:01.987,7.626388888889
LED experiment,pioreactor02,2026-06-03T01:23:06.988Z,0.017418978369,2026-06-03 07:08:06.988,7.627777777778
LED experiment,pioreactor02,2026-06-03T01:23:16.986Z,0.017639829767,2026-06-03 07:08:16.986,7.630555555556
LED experiment,pioreactor02,2026-06-03T01:23:21.986Z,0.017922001109,2026-06-03 07:08:21.986,7.631944444444
LED experiment,pioreactor02,2026-06-03T01:23:26.987Z,0.018062767454,2026-06-03 07:08:26.987,7.633333333333
LED experiment,pioreactor02,2026-06-03T01:23:31.988Z,0.018090805588,2026-06-03 07:08:31.988,7.634722222222
LED experiment,pioreactor02,2026-06-03T01:23:36.988Z,0.018187198895,2026-06-03 07:08:36.988,7.636111111111
LED experiment,pioreactor02,2026-06-03T01:23:41.987Z,0.018260191235,2026-06-03 07:08:41.987,7.6375
LED experiment,pioreactor02,2026-06-03T01:23:51.990Z,0.01827831366,2026-06-03 07:08:51.990,7.640277777778
LED experiment,pioreactor02,2026-06-03T01:23:56.988Z,0.01823693582,2026-06-03 07:08:56.988,7.641666666667
LED experiment,pioreactor02,2026-06-03T01:24:01.988Z,0.018187991788,2026-06-03 07:09:01.988,7.643055555556
LED experiment,pioreactor02,2026-06-03T01:24:06.986Z,0.018176705495,2026-06-03 07:09:06.986,7.644444444444
LED experiment,pioreactor02,2026-06-03T01:24:11.988Z,0.018430401052,2026-06-03 07:09:11.988,7.645833333333
LED experiment,pioreactor02,2026-06-03T01:24:16.987Z,0.018573029953,2026-06-03 07:09:16.987,7.647222222222
LED experiment,pioreactor02,2026-06-03T01:24:21.989Z,0.018546290156,2026-06-03 07:09:21.989,7.648611111111
LED experiment,pioreactor02,2026-06-03T01:24:26.987Z,0.018581031129,2026-06-03 07:09:26.987,7.65
LED experiment,pioreactor02,2026-06-03T01:24:31.987Z,0.018570998965,2026-06-03 07:09:31.987,7.651388888889
LED experiment,pioreactor02,2026-06-03T01:24:36.989Z,0.018638988037,2026-06-03 07:09:36.989,7.652777777778
LED experiment,pioreactor02,2026-06-03T01:24:41.989Z,0.01849365449,2026-06-03 07:09:41.989,7.654166666667
LED experiment,pioreactor02,2026-06-03T01:24:46.987Z,0.018463190928,2026-06-03 07:09:46.987,7.655555555556
LED experiment,pioreactor02,2026-06-03T01:24:51.986Z,0.018450443859,2026-06-03 07:09:51.986,7.656944444444
LED experiment,pioreactor02,2026-06-03T01:24:56.988Z,0.018587465961,2026-06-03 07:09:56.988,7.658333333333
LED experiment,pioreactor02,2026-06-03T01:25:01.993Z,0.018572449633,2026-06-03 07:10:01.993,7.659722222222
LED experiment,pioreactor02,2026-06-03T01:25:06.988Z,0.018230002489,2026-06-03 07:10:06.988,7.661111111111
LED experiment,pioreactor02,2026-06-03T01:25:11.988Z,0.017988640239,2026-06-03 07:10:11.988,7.6625
LED experiment,pioreactor02,2026-06-03T01:25:21.988Z,0.017537901103,2026-06-03 07:10:21.988,7.665277777778
LED experiment,pioreactor02,2026-06-03T01:25:26.989Z,0.017299838919,2026-06-03 07:10:26.989,7.666666666667
LED experiment,pioreactor02,2026-06-03T01:25:36.988Z,0.017220978083,2026-06-03 07:10:36.988,7.669444444444
LED experiment,pioreactor02,2026-06-03T01:25:41.988Z,0.01730496904,2026-06-03 07:10:41.988,7.670833333333
LED experiment,pioreactor02,2026-06-03T01:25:46.989Z,0.017258365216,2026-06-03 07:10:46.989,7.672222222222
LED experiment,pioreactor02,2026-06-03T01:25:51.991Z,0.017071931477,2026-06-03 07:10:51.991,7.673611111111
LED experiment,pioreactor02,2026-06-03T01:25:56.987Z,0.016779363408,2026-06-03 07:10:56.987,7.675
LED experiment,pioreactor02,2026-06-03T01:26:01.987Z,0.016494212765,2026-06-03 07:11:01.987,7.676388888889
LED experiment,pioreactor02,2026-06-03T01:26:11.988Z,0.016695928872,2026-06-03 07:11:11.988,7.679166666667
LED experiment,pioreactor02,2026-06-03T01:26:21.989Z,0.016948773236,2026-06-03 07:11:21.989,7.681944444444
LED experiment,pioreactor02,2026-06-03T01:26:26.987Z,0.016824801202,2026-06-03 07:11:26.987,7.683333333333
LED experiment,pioreactor02,2026-06-03T01:26:31.988Z,0.016797539953,2026-06-03 07:11:31.988,7.684722222222
LED experiment,pioreactor02,2026-06-03T01:26:36.989Z,0.01664910798,2026-06-03 07:11:36.989,7.686111111111
LED experiment,pioreactor02,2026-06-03T01:26:41.988Z,0.016646438584,2026-06-03 07:11:41.988,7.6875
LED experiment,pioreactor02,2026-06-03T01:26:46.987Z,0.016790102549,2026-06-03 07:11:46.987,7.688888888889
LED experiment,pioreactor02,2026-06-03T01:26:51.989Z,0.017021524718,2026-06-03 07:11:51.989,7.690277777778
LED experiment,pioreactor02,2026-06-03T01:26:56.988Z,0.01715609812,2026-06-03 07:11:56.988,7.691666666667
LED experiment,pioreactor02,2026-06-03T01:27:01.988Z,0.017019154697,2026-06-03 07:12:01.988,7.693055555556
LED experiment,pioreactor02,2026-06-03T01:27:06.988Z,0.016755794471,2026-06-03 07:12:06.988,7.694444444444
LED experiment,pioreactor02,2026-06-03T01:27:11.990Z,0.016600435661,2026-06-03 07:12:11.990,7.695833333333
LED experiment,pioreactor02,2026-06-03T01:27:16.988Z,0.016762336599,2026-06-03 07:12:16.988,7.697222222222
LED experiment,pioreactor02,2026-06-03T01:27:21.987Z,0.016687105749,2026-06-03 07:12:21.987,7.698611111111
LED experiment,pioreactor02,2026-06-03T01:27:26.988Z,0.016706379641,2026-06-03 07:12:26.988,7.7
LED experiment,pioreactor02,2026-06-03T01:27:31.989Z,0.016767789142,2026-06-03 07:12:31.989,7.701388888889
LED experiment,pioreactor02,2026-06-03T01:27:36.987Z,0.016847687817,2026-06-03 07:12:36.987,7.702777777778
LED experiment,pioreactor02,2026-06-03T01:27:41.988Z,0.01665423172,2026-06-03 07:12:41.988,7.704166666667
LED experiment,pioreactor02,2026-06-03T01:27:46.988Z,0.016469631095,2026-06-03 07:12:46.988,7.705555555556
LED experiment,pioreactor02,2026-06-03T01:27:51.988Z,0.016085805258,2026-06-03 07:12:51.988,7.706944444444
LED experiment,pioreactor02,2026-06-03T01:27:56.989Z,0.015898424244,2026-06-03 07:12:56.989,7.708333333333
LED experiment,pioreactor02,2026-06-03T01:28:01.987Z,0.015798079672,2026-06-03 07:13:01.987,7.709722222222
LED experiment,pioreactor02,2026-06-03T01:28:06.988Z,0.015731650578,2026-06-03 07:13:06.988,7.711111111111
LED experiment,pioreactor02,2026-06-03T01:28:11.989Z,0.015587290485,2026-06-03 07:13:11.989,7.7125
LED experiment,pioreactor02,2026-06-03T01:28:21.988Z,0.015587969983,2026-06-03 07:13:21.988,7.715277777778
LED experiment,pioreactor02,2026-06-03T01:28:26.988Z,0.015393083066,2026-06-03 07:13:26.988,7.716666666667
LED experiment,pioreactor02,2026-06-03T01:28:41.989Z,0.015008126804,2026-06-03 07:13:41.989,7.720833333333
LED experiment,pioreactor02,2026-06-03T01:28:46.989Z,0.014708868324,2026-06-03 07:13:46.989,7.722222222222
LED experiment,pioreactor02,2026-06-03T01:28:51.988Z,0.014522548743,2026-06-03 07:13:51.988,7.723611111111
LED experiment,pioreactor02,2026-06-03T01:28:56.988Z,0.014198508364,2026-06-03 07:13:56.988,7.725
LED experiment,pioreactor02,2026-06-03T01:29:01.989Z,0.014229721744,2026-06-03 07:14:01.989,7.726388888889
LED experiment,pioreactor02,2026-06-03T01:29:06.988Z,0.01435282556,2026-06-03 07:14:06.988,7.727777777778
LED experiment,pioreactor02,2026-06-03T01:29:11.988Z,0.014285520838,2026-06-03 07:14:11.988,7.729166666667
LED experiment,pioreactor02,2026-06-03T01:29:16.989Z,0.014385614243,2026-06-03 07:14:16.989,7.730555555556
LED experiment,pioreactor02,2026-06-03T01:29:26.989Z,0.014315890249,2026-06-03 07:14:26.989,7.733333333333
LED experiment,pioreactor02,2026-06-03T01:29:31.986Z,0.014491321176,2026-06-03 07:14:31.986,7.734722222222
LED experiment,pioreactor02,2026-06-03T01:29:36.987Z,0.01469148602,2026-06-03 07:14:36.987,7.736111111111
LED experiment,pioreactor02,2026-06-03T01:29:41.990Z,0.01445889218,2026-06-03 07:14:41.990,7.7375
LED experiment,pioreactor02,2026-06-03T01:29:51.988Z,0.014476115288,2026-06-03 07:14:51.988,7.740277777778
LED experiment,pioreactor02,2026-06-03T01:29:56.989Z,0.014582866073,2026-06-03 07:14:56.989,7.741666666667
LED experiment,pioreactor02,2026-06-03T01:30:01.989Z,0.014356724819,2026-06-03 07:15:01.989,7.743055555556
LED experiment,pioreactor02,2026-06-03T01:30:06.988Z,0.013973324856,2026-06-03 07:15:06.988,7.744444444444
LED experiment,pioreactor02,2026-06-03T01:30:11.991Z,0.013687547536,2026-06-03 07:15:11.991,7.745833333333
LED experiment,pioreactor02,2026-06-03T01:30:16.987Z,0.013410729689,2026-06-03 07:15:16.987,7.747222222222
LED experiment,pioreactor02,2026-06-03T01:30:21.988Z,0.013244685112,2026-06-03 07:15:21.988,7.748611111111
LED experiment,pioreactor02,2026-06-03T01:30:26.988Z,0.013105297383,2026-06-03 07:15:26.988,7.75
LED experiment,pioreactor02,2026-06-03T01:30:36.987Z,0.012883868979,2026-06-03 07:15:36.987,7.752777777778
LED experiment,pioreactor02,2026-06-03T01:30:41.988Z,0.012875523847,2026-06-03 07:15:41.988,7.754166666667
LED experiment,pioreactor02,2026-06-03T01:30:46.989Z,0.01291079138,2026-06-03 07:15:46.989,7.755555555556
LED experiment,pioreactor02,2026-06-03T01:30:51.987Z,0.01284232972,2026-06-03 07:15:51.987,7.756944444444
LED experiment,pioreactor02,2026-06-03T01:30:56.986Z,0.012924537945,2026-06-03 07:15:56.986,7.758333333333
LED experiment,pioreactor02,2026-06-03T01:31:01.987Z,0.012613030358,2026-06-03 07:16:01.987,7.759722222222
LED experiment,pioreactor02,2026-06-03T01:31:11.987Z,0.012292683383,2026-06-03 07:16:11.987,7.7625
LED experiment,pioreactor02,2026-06-03T01:31:21.986Z,0.011925537922,2026-06-03 07:16:21.986,7.765277777778
LED experiment,pioreactor02,2026-06-03T01:31:26.990Z,0.01161841821,2026-06-03 07:16:26.990,7.766666666667
LED experiment,pioreactor02,2026-06-03T01:31:31.989Z,0.011474632159,2026-06-03 07:16:31.989,7.768055555556
LED experiment,pioreactor02,2026-06-03T01:31:36.990Z,0.011530880185,2026-06-03 07:16:36.990,7.769444444444
LED experiment,pioreactor02,2026-06-03T01:31:46.988Z,0.011313612014,2026-06-03 07:16:46.988,7.772222222222
LED experiment,pioreactor02,2026-06-03T01:32:01.987Z,0.011392335129,2026-06-03 07:17:01.987,7.776388888889
LED experiment,pioreactor02,2026-06-03T01:32:06.988Z,0.011457642173,2026-06-03 07:17:06.988,7.777777777778
LED experiment,pioreactor02,2026-06-03T01:32:16.987Z,0.011634279547,2026-06-03 07:17:16.987,7.780555555556
LED experiment,pioreactor02,2026-06-03T01:32:21.989Z,0.011850508803,2026-06-03 07:17:21.989,7.781944444444
LED experiment,pioreactor02,2026-06-03T01:32:26.988Z,0.012171866186,2026-06-03 07:17:26.988,7.783333333333
LED experiment,pioreactor02,2026-06-03T01:32:41.989Z,0.012061462647,2026-06-03 07:17:41.989,7.7875
LED experiment,pioreactor02,2026-06-03T01:32:46.989Z,0.011616839861,2026-06-03 07:17:46.989,7.788888888889
LED experiment,pioreactor02,2026-06-03T01:32:51.988Z,0.011357678045,2026-06-03 07:17:51.988,7.790277777778
LED experiment,pioreactor02,2026-06-03T01:32:56.988Z,0.011346189423,2026-06-03 07:17:56.988,7.791666666667
LED experiment,pioreactor02,2026-06-03T01:33:01.988Z,0.011285013553,2026-06-03 07:18:01.988,7.793055555556
LED experiment,pioreactor02,2026-06-03T01:33:06.986Z,0.011371356495,2026-06-03 07:18:06.986,7.794444444444
LED experiment,pioreactor02,2026-06-03T01:33:16.987Z,0.011077090681,2026-06-03 07:18:16.987,7.797222222222
LED experiment,pioreactor02,2026-06-03T01:33:21.989Z,0.010909455363,2026-06-03 07:18:21.989,7.798611111111
LED experiment,pioreactor02,2026-06-03T01:33:26.989Z,0.010768906978,2026-06-03 07:18:26.989,7.8
LED experiment,pioreactor02,2026-06-03T01:33:31.987Z,0.010592794044,2026-06-03 07:18:31.987,7.801388888889
LED experiment,pioreactor02,2026-06-03T01:33:41.989Z,0.010432608007,2026-06-03 07:18:41.989,7.804166666667
LED experiment,pioreactor02,2026-06-03T01:33:51.988Z,0.010253600059,2026-06-03 07:18:51.988,7.806944444444
LED experiment,pioreactor02,2026-06-03T01:33:56.988Z,0.010114710364,2026-06-03 07:18:56.988,7.808333333333
LED experiment,pioreactor02,2026-06-03T01:34:01.989Z,0.009929070468,2026-06-03 07:19:01.989,7.809722222222
LED experiment,pioreactor02,2026-06-03T01:34:06.990Z,0.009778341403,2026-06-03 07:19:06.990,7.811111111111
LED experiment,pioreactor02,2026-06-03T01:34:11.989Z,0.009890898208,2026-06-03 07:19:11.989,7.8125
LED experiment,pioreactor02,2026-06-03T01:34:16.987Z,0.009738707167,2026-06-03 07:19:16.987,7.813888888889
LED experiment,pioreactor02,2026-06-03T01:34:21.987Z,0.00953606557,2026-06-03 07:19:21.987,7.815277777778
LED experiment,pioreactor02,2026-06-03T01:34:36.988Z,0.009384582243,2026-06-03 07:19:36.988,7.819444444444
LED experiment,pioreactor02,2026-06-03T01:34:41.988Z,0.009247663801,2026-06-03 07:19:41.988,7.820833333333
LED experiment,pioreactor02,2026-06-03T01:34:51.987Z,0.009246712989,2026-06-03 07:19:51.987,7.823611111111
LED experiment,pioreactor02,2026-06-03T01:34:56.988Z,0.009014645378,2026-06-03 07:19:56.988,7.825
LED experiment,pioreactor02,2026-06-03T01:35:01.990Z,0.008585558178,2026-06-03 07:20:01.990,7.826388888889
LED experiment,pioreactor02,2026-06-03T01:35:06.988Z,0.008114050121,2026-06-03 07:20:06.988,7.827777777778
LED experiment,pioreactor02,2026-06-03T01:35:11.990Z,0.007831896229,2026-06-03 07:20:11.990,7.829166666667
LED experiment,pioreactor02,2026-06-03T01:35:16.988Z,0.007601419611,2026-06-03 07:20:16.988,7.830555555556
LED experiment,pioreactor02,2026-06-03T01:35:26.990Z,0.007343132877,2026-06-03 07:20:26.990,7.833333333333
LED experiment,pioreactor02,2026-06-03T01:35:36.990Z,0.00698754777,2026-06-03 07:20:36.990,7.836111111111
LED experiment,pioreactor02,2026-06-03T01:35:41.988Z,0.00678337885,2026-06-03 07:20:41.988,7.8375
LED experiment,pioreactor02,2026-06-03T01:35:46.988Z,0.006944422417,2026-06-03 07:20:46.988,7.838888888889
LED experiment,pioreactor02,2026-06-03T01:35:51.986Z,0.007013463402,2026-06-03 07:20:51.986,7.840277777778
LED experiment,pioreactor02,2026-06-03T01:36:01.988Z,0.006897552099,2026-06-03 07:21:01.988,7.843055555556
LED experiment,pioreactor02,2026-06-03T01:36:11.987Z,0.006729934406,2026-06-03 07:21:11.987,7.845833333333
LED experiment,pioreactor02,2026-06-03T01:36:16.987Z,0.006477751948,2026-06-03 07:21:16.987,7.847222222222
LED experiment,pioreactor02,2026-06-03T01:36:21.989Z,0.006274338026,2026-06-03 07:21:21.989,7.848611111111
LED experiment,pioreactor02,2026-06-03T01:36:31.987Z,0.006114034211,2026-06-03 07:21:31.987,7.851388888889
LED experiment,pioreactor02,2026-06-03T01:36:36.989Z,0.005612436965,2026-06-03 07:21:36.989,7.852777777778
LED experiment,pioreactor02,2026-06-03T01:36:41.989Z,0.005141741643,2026-06-03 07:21:41.989,7.854166666667
LED experiment,pioreactor02,2026-06-03T01:36:46.989Z,0.004800202843,2026-06-03 07:21:46.989,7.855555555556
LED experiment,pioreactor02,2026-06-03T01:36:51.990Z,0.004574573469,2026-06-03 07:21:51.990,7.856944444444
LED experiment,pioreactor02,2026-06-03T01:36:56.987Z,0.004470540257,2026-06-03 07:21:56.987,7.858333333333
LED experiment,pioreactor02,2026-06-03T01:37:06.987Z,0.004380558791,2026-06-03 07:22:06.987,7.861111111111
LED experiment,pioreactor02,2026-06-03T01:37:11.988Z,0.004295118658,2026-06-03 07:22:11.988,7.8625
LED experiment,pioreactor02,2026-06-03T01:37:16.987Z,0.003997578095,2026-06-03 07:22:16.987,7.863888888889
LED experiment,pioreactor02,2026-06-03T01:37:21.987Z,0.003847715157,2026-06-03 07:22:21.987,7.865277777778
LED experiment,pioreactor02,2026-06-03T01:37:26.986Z,0.003928280857,2026-06-03 07:22:26.986,7.866666666667
LED experiment,pioreactor02,2026-06-03T01:37:31.987Z,0.004032999139,2026-06-03 07:22:31.987,7.868055555556
LED experiment,pioreactor02,2026-06-03T01:37:36.987Z,0.004080320482,2026-06-03 07:22:36.987,7.869444444444
LED experiment,pioreactor02,2026-06-03T01:37:41.987Z,0.004140451442,2026-06-03 07:22:41.987,7.870833333333
LED experiment,pioreactor02,2026-06-03T01:37:46.989Z,0.004082411541,2026-06-03 07:22:46.989,7.872222222222
LED experiment,pioreactor02,2026-06-03T01:37:51.986Z,0.003985379358,2026-06-03 07:22:51.986,7.873611111111
LED experiment,pioreactor02,2026-06-03T01:37:56.990Z,0.003924807173,2026-06-03 07:22:56.990,7.875
LED experiment,pioreactor02,2026-06-03T01:38:01.988Z,0.003852093211,2026-06-03 07:23:01.988,7.876388888889
LED experiment,pioreactor02,2026-06-03T01:38:11.987Z,0.003832170497,2026-06-03 07:23:11.987,7.879166666667
LED experiment,pioreactor02,2026-06-03T01:38:21.987Z,0.003706441913,2026-06-03 07:23:21.987,7.881944444444
LED experiment,pioreactor02,2026-06-03T01:38:31.988Z,0.003642574019,2026-06-03 07:23:31.988,7.884722222222
LED experiment,pioreactor02,2026-06-03T01:38:36.986Z,0.003473073482,2026-06-03 07:23:36.986,7.886111111111
LED experiment,pioreactor02,2026-06-03T01:38:41.988Z,0.003405443129,2026-06-03 07:23:41.988,7.8875
LED experiment,pioreactor02,2026-06-03T01:38:46.988Z,0.003398941368,2026-06-03 07:23:46.988,7.888888888889
LED experiment,pioreactor02,2026-06-03T01:38:51.989Z,0.003044241513,2026-06-03 07:23:51.989,7.890277777778
LED experiment,pioreactor02,2026-06-03T01:39:01.989Z,0.003171074255,2026-06-03 07:24:01.989,7.893055555556
LED experiment,pioreactor02,2026-06-03T01:39:06.989Z,0.003308262371,2026-06-03 07:24:06.989,7.894444444444
LED experiment,pioreactor02,2026-06-03T01:39:11.987Z,0.003373898462,2026-06-03 07:24:11.987,7.895833333333
LED experiment,pioreactor02,2026-06-03T01:39:16.987Z,0.003323550854,2026-06-03 07:24:16.987,7.897222222222
LED experiment,pioreactor02,2026-06-03T01:39:21.987Z,0.003173001562,2026-06-03 07:24:21.987,7.898611111111
LED experiment,pioreactor02,2026-06-03T01:39:26.987Z,0.003015585142,2026-06-03 07:24:26.987,7.9
LED experiment,pioreactor02,2026-06-03T01:39:31.987Z,0.003058636935,2026-06-03 07:24:31.987,7.901388888889
LED experiment,pioreactor02,2026-06-03T01:39:41.989Z,0.003191942351,2026-06-03 07:24:41.989,7.904166666667
LED experiment,pioreactor02,2026-06-03T01:39:46.988Z,0.003268798235,2026-06-03 07:24:46.988,7.905555555556
LED experiment,pioreactor02,2026-06-03T01:39:56.988Z,0.00320173839,2026-06-03 07:24:56.988,7.908333333333
LED experiment,pioreactor02,2026-06-03T01:40:01.994Z,0.00332539697,2026-06-03 07:25:01.994,7.909722222222
LED experiment,pioreactor02,2026-06-03T01:40:06.988Z,0.00344951442,2026-06-03 07:25:06.988,7.911111111111
LED experiment,pioreactor02,2026-06-03T01:40:11.988Z,0.003434401125,2026-06-03 07:25:11.988,7.9125
LED experiment,pioreactor02,2026-06-03T01:40:16.987Z,0.003489317945,2026-06-03 07:25:16.987,7.913888888889
LED experiment,pioreactor02,2026-06-03T01:40:26.988Z,0.003702956229,2026-06-03 07:25:26.988,7.916666666667
LED experiment,pioreactor02,2026-06-03T01:40:31.989Z,0.003848493576,2026-06-03 07:25:31.989,7.918055555556
LED experiment,pioreactor02,2026-06-03T01:40:36.988Z,0.004000176441,2026-06-03 07:25:36.988,7.919444444444
LED experiment,pioreactor02,2026-06-03T01:40:41.987Z,0.004106665035,2026-06-03 07:25:41.987,7.920833333333
LED experiment,pioreactor02,2026-06-03T01:40:56.989Z,0.004071402103,2026-06-03 07:25:56.989,7.925
LED experiment,pioreactor02,2026-06-03T01:41:06.988Z,0.003802484744,2026-06-03 07:26:06.988,7.927777777778
LED experiment,pioreactor02,2026-06-03T01:41:11.990Z,0.003620908398,2026-06-03 07:26:11.990,7.929166666667
LED experiment,pioreactor02,2026-06-03T01:41:16.989Z,0.003430189537,2026-06-03 07:26:16.989,7.930555555556
LED experiment,pioreactor02,2026-06-03T01:41:26.989Z,0.003534599699,2026-06-03 07:26:26.989,7.933333333333
LED experiment,pioreactor02,2026-06-03T01:41:31.989Z,0.003402275778,2026-06-03 07:26:31.989,7.934722222222
LED experiment,pioreactor02,2026-06-03T01:41:36.986Z,0.00326545812,2026-06-03 07:26:36.986,7.936111111111
LED experiment,pioreactor02,2026-06-03T01:41:41.986Z,0.003566242034,2026-06-03 07:26:41.986,7.9375
LED experiment,pioreactor02,2026-06-03T01:41:46.986Z,0.003768534543,2026-06-03 07:26:46.986,7.938888888889
LED experiment,pioreactor02,2026-06-03T01:41:51.986Z,0.003757932212,2026-06-03 07:26:51.986,7.940277777778
LED experiment,pioreactor02,2026-06-03T01:41:56.987Z,0.00377927885,2026-06-03 07:26:56.987,7.941666666667
LED experiment,pioreactor02,2026-06-03T01:42:01.987Z,0.003867392305,2026-06-03 07:27:01.987,7.943055555556
LED experiment,pioreactor02,2026-06-03T01:42:06.987Z,0.004006668149,2026-06-03 07:27:06.987,7.944444444444
LED experiment,pioreactor02,2026-06-03T01:42:11.988Z,0.004067776499,2026-06-03 07:27:11.988,7.945833333333
LED experiment,pioreactor02,2026-06-03T01:42:16.989Z,0.004368144261,2026-06-03 07:27:16.989,7.947222222222
LED experiment,pioreactor02,2026-06-03T01:42:21.988Z,0.004264922771,2026-06-03 07:27:21.988,7.948611111111
LED experiment,pioreactor02,2026-06-03T01:42:26.987Z,0.004194077991,2026-06-03 07:27:26.987,7.95
LED experiment,pioreactor02,2026-06-03T01:42:31.988Z,0.004232134729,2026-06-03 07:27:31.988,7.951388888889
LED experiment,pioreactor02,2026-06-03T01:42:36.988Z,0.004596978649,2026-06-03 07:27:36.988,7.952777777778
LED experiment,pioreactor02,2026-06-03T01:42:46.987Z,0.004894426172,2026-06-03 07:27:46.987,7.955555555556
LED experiment,pioreactor02,2026-06-03T01:42:51.988Z,0.005223491332,2026-06-03 07:27:51.988,7.956944444444
LED experiment,pioreactor02,2026-06-03T01:42:56.988Z,0.005591671277,2026-06-03 07:27:56.988,7.958333333333
LED experiment,pioreactor02,2026-06-03T01:43:01.987Z,0.005558870088,2026-06-03 07:28:01.987,7.959722222222
LED experiment,pioreactor02,2026-06-03T01:43:06.989Z,0.005631788532,2026-06-03 07:28:06.989,7.961111111111
LED experiment,pioreactor02,2026-06-03T01:43:11.987Z,0.005699630293,2026-06-03 07:28:11.987,7.9625
LED experiment,pioreactor02,2026-06-03T01:43:16.986Z,0.005963841366,2026-06-03 07:28:16.986,7.963888888889
LED experiment,pioreactor02,2026-06-03T01:43:21.987Z,0.005941927722,2026-06-03 07:28:21.987,7.965277777778
LED experiment,pioreactor02,2026-06-03T01:43:31.990Z,0.005953625348,2026-06-03 07:28:31.990,7.968055555556
LED experiment,pioreactor02,2026-06-03T01:43:36.988Z,0.005893886069,2026-06-03 07:28:36.988,7.969444444444
LED experiment,pioreactor02,2026-06-03T01:43:41.988Z,0.006123110266,2026-06-03 07:28:41.988,7.970833333333
LED experiment,pioreactor02,2026-06-03T01:43:46.986Z,0.006265711945,2026-06-03 07:28:46.986,7.972222222222
LED experiment,pioreactor02,2026-06-03T01:43:51.987Z,0.006395691657,2026-06-03 07:28:51.987,7.973611111111
LED experiment,pioreactor02,2026-06-03T01:43:56.988Z,0.00616593553,2026-06-03 07:28:56.988,7.975
LED experiment,pioreactor02,2026-06-03T01:44:01.988Z,0.006257887405,2026-06-03 07:29:01.988,7.976388888889
LED experiment,pioreactor02,2026-06-03T01:44:06.988Z,0.00598795561,2026-06-03 07:29:06.988,7.977777777778
LED experiment,pioreactor02,2026-06-03T01:44:11.987Z,0.005723995931,2026-06-03 07:29:11.987,7.979166666667
LED experiment,pioreactor02,2026-06-03T01:44:16.988Z,0.005631815961,2026-06-03 07:29:16.988,7.980555555556
LED experiment,pioreactor02,2026-06-03T01:44:21.989Z,0.005716327485,2026-06-03 07:29:21.989,7.981944444444
LED experiment,pioreactor02,2026-06-03T01:44:26.988Z,0.005717374998,2026-06-03 07:29:26.988,7.983333333333
LED experiment,pioreactor02,2026-06-03T01:44:31.988Z,0.005667979758,2026-06-03 07:29:31.988,7.984722222222
LED experiment,pioreactor02,2026-06-03T01:44:36.988Z,0.005831064857,2026-06-03 07:29:36.988,7.986111111111
LED experiment,pioreactor02,2026-06-03T01:44:41.987Z,0.005954436953,2026-06-03 07:29:41.987,7.9875
LED experiment,pioreactor02,2026-06-03T01:44:46.988Z,0.006141579269,2026-06-03 07:29:46.988,7.988888888889
LED experiment,pioreactor02,2026-06-03T01:44:51.991Z,0.006153028341,2026-06-03 07:29:51.991,7.990277777778
LED experiment,pioreactor02,2026-06-03T01:44:56.988Z,0.006467439187,2026-06-03 07:29:56.988,7.991666666667
LED experiment,pioreactor02,2026-06-03T01:45:01.988Z,0.006510736984,2026-06-03 07:30:01.988,7.993055555556
LED experiment,pioreactor02,2026-06-03T01:45:06.986Z,0.006554147278,2026-06-03 07:30:06.986,7.994444444444
LED experiment,pioreactor02,2026-06-03T01:45:11.989Z,0.006369153685,2026-06-03 07:30:11.989,7.995833333333
LED experiment,pioreactor02,2026-06-03T01:45:26.988Z,0.006287767513,2026-06-03 07:30:26.988,8.0
LED experiment,pioreactor02,2026-06-03T01:45:31.988Z,0.006103812642,2026-06-03 07:30:31.988,8.001388888889
LED experiment,pioreactor02,2026-06-03T01:45:36.989Z,0.005764678851,2026-06-03 07:30:36.989,8.002777777778
LED experiment,pioreactor02,2026-06-03T01:45:41.988Z,0.005674602998,2026-06-03 07:30:41.988,8.004166666667
LED experiment,pioreactor02,2026-06-03T01:45:46.987Z,0.005592536875,2026-06-03 07:30:46.987,8.005555555556
LED experiment,pioreactor02,2026-06-03T01:45:51.989Z,0.005071628889,2026-06-03 07:30:51.989,8.006944444444
LED experiment,pioreactor02,2026-06-03T01:45:56.989Z,0.004849476059,2026-06-03 07:30:56.989,8.008333333333
LED experiment,pioreactor02,2026-06-03T01:46:01.987Z,0.004692474515,2026-06-03 07:31:01.987,8.009722222222
LED experiment,pioreactor02,2026-06-03T01:46:06.989Z,0.004854348544,2026-06-03 07:31:06.989,8.011111111111
LED experiment,pioreactor02,2026-06-03T01:46:11.988Z,0.005042885646,2026-06-03 07:31:11.988,8.0125
LED experiment,pioreactor02,2026-06-03T01:46:16.988Z,0.00520939429,2026-06-03 07:31:16.988,8.013888888889
LED experiment,pioreactor02,2026-06-03T01:46:21.990Z,0.005306192743,2026-06-03 07:31:21.990,8.015277777778
LED experiment,pioreactor02,2026-06-03T01:46:26.989Z,0.005335951798,2026-06-03 07:31:26.989,8.016666666667
LED experiment,pioreactor02,2026-06-03T01:46:31.987Z,0.005580907156,2026-06-03 07:31:31.987,8.018055555556
LED experiment,pioreactor02,2026-06-03T01:46:36.988Z,0.005630066149,2026-06-03 07:31:36.988,8.019444444444
LED experiment,pioreactor02,2026-06-03T01:46:51.987Z,0.005532283982,2026-06-03 07:31:51.987,8.023611111111
LED experiment,pioreactor02,2026-06-03T01:46:56.989Z,0.005623266819,2026-06-03 07:31:56.989,8.025
LED experiment,pioreactor02,2026-06-03T01:47:06.987Z,0.006024488501,2026-06-03 07:32:06.987,8.027777777778
LED experiment,pioreactor02,2026-06-03T01:47:11.987Z,0.006157106056,2026-06-03 07:32:11.987,8.029166666667
LED experiment,pioreactor02,2026-06-03T01:47:27.001Z,0.006157106056,2026-06-03 07:32:27.001,8.033611111111
LED experiment,pioreactor02,2026-06-03T01:47:32.002Z,0.006157106056,2026-06-03 07:32:32.002,8.035
LED experiment,pioreactor02,2026-06-03T01:47:36.990Z,0.00615685718,2026-06-03 07:32:36.990,8.036111111111
LED experiment,pioreactor02,2026-06-03T01:47:41.990Z,0.0061591118,2026-06-03 07:32:41.990,8.0375
LED experiment,pioreactor02,2026-06-03T01:47:46.988Z,0.006163264311,2026-06-03 07:32:46.988,8.038888888889
LED experiment,pioreactor02,2026-06-03T01:47:51.988Z,0.006163341825,2026-06-03 07:32:51.988,8.040277777778
LED experiment,pioreactor02,2026-06-03T01:47:56.988Z,0.006157856219,2026-06-03 07:32:56.988,8.041666666667
LED experiment,pioreactor02,2026-06-03T01:48:01.987Z,0.00615005888,2026-06-03 07:33:01.987,8.043055555556
LED experiment,pioreactor02,2026-06-03T01:48:06.987Z,0.006161397939,2026-06-03 07:33:06.987,8.044444444444
LED experiment,pioreactor02,2026-06-03T01:48:11.986Z,0.006173452576,2026-06-03 07:33:11.986,8.045833333333
LED experiment,pioreactor02,2026-06-03T01:48:21.987Z,0.006148740224,2026-06-03 07:33:21.987,8.048611111111
LED experiment,pioreactor02,2026-06-03T01:48:26.988Z,0.006146856853,2026-06-03 07:33:26.988,8.05
LED experiment,pioreactor02,2026-06-03T01:48:31.988Z,0.006146621138,2026-06-03 07:33:31.988,8.051388888889
LED experiment,pioreactor02,2026-06-03T01:48:36.987Z,0.006157579813,2026-06-03 07:33:36.987,8.052777777778
LED experiment,pioreactor02,2026-06-03T01:48:41.988Z,0.006195896028,2026-06-03 07:33:41.988,8.054166666667
LED experiment,pioreactor02,2026-06-03T01:48:56.988Z,0.006178444607,2026-06-03 07:33:56.988,8.058333333333
LED experiment,pioreactor02,2026-06-03T01:49:01.987Z,0.006175152302,2026-06-03 07:34:01.987,8.059722222222
LED experiment,pioreactor02,2026-06-03T01:49:06.988Z,0.006183737713,2026-06-03 07:34:06.988,8.061111111111
LED experiment,pioreactor02,2026-06-03T01:49:11.990Z,0.006229154441,2026-06-03 07:34:11.990,8.0625
LED experiment,pioreactor02,2026-06-03T01:49:21.988Z,0.006234139066,2026-06-03 07:34:21.988,8.065277777778
LED experiment,pioreactor02,2026-06-03T01:49:26.989Z,0.00625591984,2026-06-03 07:34:26.989,8.066666666667
LED experiment,pioreactor02,2026-06-03T01:49:31.988Z,0.006264848114,2026-06-03 07:34:31.988,8.068055555556
LED experiment,pioreactor02,2026-06-03T01:49:36.988Z,0.006251234813,2026-06-03 07:34:36.988,8.069444444444
LED experiment,pioreactor02,2026-06-03T01:49:41.990Z,0.006274216735,2026-06-03 07:34:41.990,8.070833333333
LED experiment,pioreactor02,2026-06-03T01:49:46.988Z,0.006334861911,2026-06-03 07:34:46.988,8.072222222222
LED experiment,pioreactor02,2026-06-03T01:49:51.987Z,0.006420758797,2026-06-03 07:34:51.987,8.073611111111
LED experiment,pioreactor02,2026-06-03T01:50:01.992Z,0.006483614137,2026-06-03 07:35:01.992,8.076388888889
LED experiment,pioreactor02,2026-06-03T01:50:06.990Z,0.006524238227,2026-06-03 07:35:06.990,8.077777777778
LED experiment,pioreactor02,2026-06-03T01:50:11.987Z,0.006423437722,2026-06-03 07:35:11.987,8.079166666667
LED experiment,pioreactor02,2026-06-03T01:50:16.989Z,0.006393982124,2026-06-03 07:35:16.989,8.080555555556
LED experiment,pioreactor02,2026-06-03T01:50:21.986Z,0.006298631175,2026-06-03 07:35:21.986,8.081944444444
LED experiment,pioreactor02,2026-06-03T01:50:26.986Z,0.006271777006,2026-06-03 07:35:26.986,8.083333333333
LED experiment,pioreactor02,2026-06-03T01:50:31.986Z,0.00631452747,2026-06-03 07:35:31.986,8.084722222222
LED experiment,pioreactor02,2026-06-03T01:50:36.987Z,0.006300215589,2026-06-03 07:35:36.987,8.086111111111
LED experiment,pioreactor02,2026-06-03T01:50:41.989Z,0.006290322888,2026-06-03 07:35:41.989,8.0875
LED experiment,pioreactor02,2026-06-03T01:50:46.989Z,0.006382750591,2026-06-03 07:35:46.989,8.088888888889
LED experiment,pioreactor02,2026-06-03T01:50:51.988Z,0.006369225972,2026-06-03 07:35:51.988,8.090277777778
LED experiment,pioreactor02,2026-06-03T01:50:56.987Z,0.006464293913,2026-06-03 07:35:56.987,8.091666666667
LED experiment,pioreactor02,2026-06-03T01:51:01.988Z,0.006520961004,2026-06-03 07:36:01.988,8.093055555556
LED experiment,pioreactor02,2026-06-03T01:51:06.988Z,0.00662052544,2026-06-03 07:36:06.988,8.094444444444
LED experiment,pioreactor02,2026-06-03T01:51:16.988Z,0.006609389298,2026-06-03 07:36:16.988,8.097222222222
LED experiment,pioreactor02,2026-06-03T01:51:21.989Z,0.006694966802,2026-06-03 07:36:21.989,8.098611111111
LED experiment,pioreactor02,2026-06-03T01:51:26.987Z,0.00672478281,2026-06-03 07:36:26.987,8.1
LED experiment,pioreactor02,2026-06-03T01:51:31.987Z,0.006677419914,2026-06-03 07:36:31.987,8.101388888889
LED experiment,pioreactor02,2026-06-03T01:51:36.987Z,0.006671955907,2026-06-03 07:36:36.987,8.102777777778
LED experiment,pioreactor02,2026-06-03T01:51:41.988Z,0.006679356459,2026-06-03 07:36:41.988,8.104166666667
LED experiment,pioreactor02,2026-06-03T01:51:46.989Z,0.006764827437,2026-06-03 07:36:46.989,8.105555555556
LED experiment,pioreactor02,2026-06-03T01:51:51.989Z,0.006769542733,2026-06-03 07:36:51.989,8.106944444444
LED experiment,pioreactor02,2026-06-03T01:51:56.987Z,0.006923442072,2026-06-03 07:36:56.987,8.108333333333
LED experiment,pioreactor02,2026-06-03T01:52:06.987Z,0.007034052862,2026-06-03 07:37:06.987,8.111111111111
LED experiment,pioreactor02,2026-06-03T01:52:11.988Z,0.007140590965,2026-06-03 07:37:11.988,8.1125
LED experiment,pioreactor02,2026-06-03T01:52:16.987Z,0.007085400499,2026-06-03 07:37:16.987,8.113888888889
LED experiment,pioreactor02,2026-06-03T01:52:21.988Z,0.007016147532,2026-06-03 07:37:21.988,8.115277777778
LED experiment,pioreactor02,2026-06-03T01:52:31.987Z,0.007080789893,2026-06-03 07:37:31.987,8.118055555556
LED experiment,pioreactor02,2026-06-03T01:52:36.988Z,0.00709996695,2026-06-03 07:37:36.988,8.119444444444
LED experiment,pioreactor02,2026-06-03T01:52:41.986Z,0.007053987936,2026-06-03 07:37:41.986,8.120833333333
LED experiment,pioreactor02,2026-06-03T01:52:51.989Z,0.007144151738,2026-06-03 07:37:51.989,8.123611111111
LED experiment,pioreactor02,2026-06-03T01:52:56.988Z,0.0071337371,2026-06-03 07:37:56.988,8.125
LED experiment,pioreactor02,2026-06-03T01:53:01.987Z,0.007139511485,2026-06-03 07:38:01.987,8.126388888889
LED experiment,pioreactor02,2026-06-03T01:53:06.988Z,0.007095248203,2026-06-03 07:38:06.988,8.127777777778
LED experiment,pioreactor02,2026-06-03T01:53:11.988Z,0.006997773007,2026-06-03 07:38:11.988,8.129166666667
LED experiment,pioreactor02,2026-06-03T01:53:16.988Z,0.006977191248,2026-06-03 07:38:16.988,8.130555555556
LED experiment,pioreactor02,2026-06-03T01:53:21.987Z,0.00713514,2026-06-03 07:38:21.987,8.131944444444
LED experiment,pioreactor02,2026-06-03T01:53:26.990Z,0.007129154655,2026-06-03 07:38:26.990,8.133333333333
LED experiment,pioreactor02,2026-06-03T01:53:31.987Z,0.007380445509,2026-06-03 07:38:31.987,8.134722222222
LED experiment,pioreactor02,2026-06-03T01:53:36.987Z,0.007219333317,2026-06-03 07:38:36.987,8.136111111111
LED experiment,pioreactor02,2026-06-03T01:53:41.987Z,0.007002238826,2026-06-03 07:38:41.987,8.1375
LED experiment,pioreactor02,2026-06-03T01:53:46.988Z,0.006876852733,2026-06-03 07:38:46.988,8.138888888889
LED experiment,pioreactor02,2026-06-03T01:53:51.987Z,0.006947845636,2026-06-03 07:38:51.987,8.140277777778
LED experiment,pioreactor02,2026-06-03T01:53:56.990Z,0.006990018752,2026-06-03 07:38:56.990,8.141666666667
LED experiment,pioreactor02,2026-06-03T01:54:01.989Z,0.007010103388,2026-06-03 07:39:01.989,8.143055555556
LED experiment,pioreactor02,2026-06-03T01:54:16.987Z,0.00716515313,2026-06-03 07:39:16.987,8.147222222222
LED experiment,pioreactor02,2026-06-03T01:54:21.989Z,0.007365260482,2026-06-03 07:39:21.989,8.148611111111
LED experiment,pioreactor02,2026-06-03T01:54:26.990Z,0.007566884728,2026-06-03 07:39:26.990,8.15
LED experiment,pioreactor02,2026-06-03T01:54:31.987Z,0.007571536758,2026-06-03 07:39:31.987,8.151388888889
LED experiment,pioreactor02,2026-06-03T01:54:36.989Z,0.007702106639,2026-06-03 07:39:36.989,8.152777777778
LED experiment,pioreactor02,2026-06-03T01:54:41.988Z,0.007793561091,2026-06-03 07:39:41.988,8.154166666667
LED experiment,pioreactor02,2026-06-03T01:54:46.988Z,0.00772467622,2026-06-03 07:39:46.988,8.155555555556
LED experiment,pioreactor02,2026-06-03T01:54:56.990Z,0.007571168524,2026-06-03 07:39:56.990,8.158333333333
LED experiment,pioreactor02,2026-06-03T01:55:01.992Z,0.007653248152,2026-06-03 07:40:01.992,8.159722222222
LED experiment,pioreactor02,2026-06-03T01:55:11.988Z,0.007610863581,2026-06-03 07:40:11.988,8.1625
LED experiment,pioreactor02,2026-06-03T01:55:16.990Z,0.007835211844,2026-06-03 07:40:16.990,8.163888888889
LED experiment,pioreactor02,2026-06-03T01:55:31.990Z,0.007799588088,2026-06-03 07:40:31.990,8.168055555556
LED experiment,pioreactor02,2026-06-03T01:55:36.988Z,0.00802774335,2026-06-03 07:40:36.988,8.169444444444
LED experiment,pioreactor02,2026-06-03T01:55:41.989Z,0.00778109464,2026-06-03 07:40:41.989,8.170833333333
LED experiment,pioreactor02,2026-06-03T01:55:46.987Z,0.007982770555,2026-06-03 07:40:46.987,8.172222222222
LED experiment,pioreactor02,2026-06-03T01:55:51.990Z,0.008169197498,2026-06-03 07:40:51.990,8.173611111111
LED experiment,pioreactor02,2026-06-03T01:55:56.988Z,0.008265555064,2026-06-03 07:40:56.988,8.175
LED experiment,pioreactor02,2026-06-03T01:56:01.988Z,0.008273797149,2026-06-03 07:41:01.988,8.176388888889
LED experiment,pioreactor02,2026-06-03T01:56:06.988Z,0.008681466271,2026-06-03 07:41:06.988,8.177777777778
LED experiment,pioreactor02,2026-06-03T01:56:11.988Z,0.009066225781,2026-06-03 07:41:11.988,8.179166666667
LED experiment,pioreactor02,2026-06-03T01:56:21.988Z,0.00943822931,2026-06-03 07:41:21.988,8.181944444444
LED experiment,pioreactor02,2026-06-03T01:56:31.989Z,0.00944156885,2026-06-03 07:41:31.989,8.184722222222
LED experiment,pioreactor02,2026-06-03T01:56:36.988Z,0.009271994808,2026-06-03 07:41:36.988,8.186111111111
LED experiment,pioreactor02,2026-06-03T01:56:41.987Z,0.009139184855,2026-06-03 07:41:41.987,8.1875
LED experiment,pioreactor02,2026-06-03T01:56:46.988Z,0.009466442024,2026-06-03 07:41:46.988,8.188888888889
LED experiment,pioreactor02,2026-06-03T01:56:51.987Z,0.009448162738,2026-06-03 07:41:51.987,8.190277777778
LED experiment,pioreactor02,2026-06-03T01:56:56.988Z,0.009302630956,2026-06-03 07:41:56.988,8.191666666667
LED experiment,pioreactor02,2026-06-03T01:57:01.987Z,0.009056630577,2026-06-03 07:42:01.987,8.193055555556
LED experiment,pioreactor02,2026-06-03T01:57:06.988Z,0.008829878911,2026-06-03 07:42:06.988,8.194444444444
LED experiment,pioreactor02,2026-06-03T01:57:11.988Z,0.008587461876,2026-06-03 07:42:11.988,8.195833333333
LED experiment,pioreactor02,2026-06-03T01:57:21.987Z,0.008754113292,2026-06-03 07:42:21.987,8.198611111111
LED experiment,pioreactor02,2026-06-03T01:57:26.987Z,0.008980231427,2026-06-03 07:42:26.987,8.2
LED experiment,pioreactor02,2026-06-03T01:57:31.986Z,0.009043945238,2026-06-03 07:42:31.986,8.201388888889
LED experiment,pioreactor02,2026-06-03T01:57:36.988Z,0.00907989905,2026-06-03 07:42:36.988,8.202777777778
LED experiment,pioreactor02,2026-06-03T01:57:41.988Z,0.009380018577,2026-06-03 07:42:41.988,8.204166666667
LED experiment,pioreactor02,2026-06-03T01:57:46.988Z,0.009620086912,2026-06-03 07:42:46.988,8.205555555556
LED experiment,pioreactor02,2026-06-03T01:57:51.988Z,0.00970037819,2026-06-03 07:42:51.988,8.206944444444
LED experiment,pioreactor02,2026-06-03T01:57:56.990Z,0.009671783744,2026-06-03 07:42:56.990,8.208333333333
LED experiment,pioreactor02,2026-06-03T01:58:01.988Z,0.009899326921,2026-06-03 07:43:01.988,8.209722222222
LED experiment,pioreactor02,2026-06-03T01:58:11.988Z,0.010035795549,2026-06-03 07:43:11.988,8.2125
LED experiment,pioreactor02,2026-06-03T01:58:16.989Z,0.010443114546,2026-06-03 07:43:16.989,8.213888888889
LED experiment,pioreactor02,2026-06-03T01:58:21.988Z,0.01069436918,2026-06-03 07:43:21.988,8.215277777778
LED experiment,pioreactor02,2026-06-03T01:58:26.988Z,0.010853434393,2026-06-03 07:43:26.988,8.216666666667
LED experiment,pioreactor02,2026-06-03T01:58:31.988Z,0.010724868488,2026-06-03 07:43:31.988,8.218055555556
LED experiment,pioreactor02,2026-06-03T01:58:36.987Z,0.010657409359,2026-06-03 07:43:36.987,8.219444444444
LED experiment,pioreactor02,2026-06-03T01:58:41.988Z,0.010876721619,2026-06-03 07:43:41.988,8.220833333333
LED experiment,pioreactor02,2026-06-03T01:58:46.988Z,0.011038726994,2026-06-03 07:43:46.988,8.222222222222
LED experiment,pioreactor02,2026-06-03T01:58:51.987Z,0.011411972497,2026-06-03 07:43:51.987,8.223611111111
LED experiment,pioreactor02,2026-06-03T01:58:56.986Z,0.011859105456,2026-06-03 07:43:56.986,8.225
LED experiment,pioreactor02,2026-06-03T01:59:01.988Z,0.012087940219,2026-06-03 07:44:01.988,8.226388888889
LED experiment,pioreactor02,2026-06-03T01:59:11.988Z,0.012178533032,2026-06-03 07:44:11.988,8.229166666667
LED experiment,pioreactor02,2026-06-03T01:59:16.987Z,0.01239725622,2026-06-03 07:44:16.987,8.230555555556
LED experiment,pioreactor02,2026-06-03T01:59:21.987Z,0.012444809965,2026-06-03 07:44:21.987,8.231944444444
LED experiment,pioreactor02,2026-06-03T01:59:26.987Z,0.012573193417,2026-06-03 07:44:26.987,8.233333333333
LED experiment,pioreactor02,2026-06-03T01:59:31.988Z,0.01266234388,2026-06-03 07:44:31.988,8.234722222222
LED experiment,pioreactor02,2026-06-03T01:59:36.988Z,0.012642910978,2026-06-03 07:44:36.988,8.236111111111
LED experiment,pioreactor02,2026-06-03T01:59:41.989Z,0.012932491153,2026-06-03 07:44:41.989,8.2375
LED experiment,pioreactor02,2026-06-03T01:59:51.987Z,0.013098847458,2026-06-03 07:44:51.987,8.240277777778
LED experiment,pioreactor02,2026-06-03T01:59:56.987Z,0.013409452759,2026-06-03 07:44:56.987,8.241666666667
LED experiment,pioreactor02,2026-06-03T02:00:06.990Z,0.013521883681,2026-06-03 07:45:06.990,8.244444444444
LED experiment,pioreactor02,2026-06-03T02:00:11.988Z,0.013748081928,2026-06-03 07:45:11.988,8.245833333333
LED experiment,pioreactor02,2026-06-03T02:00:16.986Z,0.014076216746,2026-06-03 07:45:16.986,8.247222222222
LED experiment,pioreactor02,2026-06-03T02:00:26.990Z,0.014337738174,2026-06-03 07:45:26.990,8.25
LED experiment,pioreactor02,2026-06-03T02:00:31.990Z,0.014466107267,2026-06-03 07:45:31.990,8.251388888889
LED experiment,pioreactor02,2026-06-03T02:00:36.987Z,0.014726733386,2026-06-03 07:45:36.987,8.252777777778
LED experiment,pioreactor02,2026-06-03T02:00:41.988Z,0.01483607545,2026-06-03 07:45:41.988,8.254166666667
LED experiment,pioreactor02,2026-06-03T02:00:46.989Z,0.014855949021,2026-06-03 07:45:46.989,8.255555555556
LED experiment,pioreactor02,2026-06-03T02:00:51.989Z,0.015094451528,2026-06-03 07:45:51.989,8.256944444444
LED experiment,pioreactor02,2026-06-03T02:00:56.990Z,0.015452350604,2026-06-03 07:45:56.990,8.258333333333
LED experiment,pioreactor02,2026-06-03T02:01:01.989Z,0.015761633088,2026-06-03 07:46:01.989,8.259722222222
LED experiment,pioreactor02,2026-06-03T02:01:06.986Z,0.015936187601,2026-06-03 07:46:06.986,8.261111111111
LED experiment,pioreactor02,2026-06-03T02:01:11.987Z,0.016161585908,2026-06-03 07:46:11.987,8.2625
LED experiment,pioreactor02,2026-06-03T02:01:16.987Z,0.01641777719,2026-06-03 07:46:16.987,8.263888888889
LED experiment,pioreactor02,2026-06-03T02:01:21.987Z,0.016483713246,2026-06-03 07:46:21.987,8.265277777778
LED experiment,pioreactor02,2026-06-03T02:01:26.988Z,0.016563254615,2026-06-03 07:46:26.988,8.266666666667
LED experiment,pioreactor02,2026-06-03T02:01:36.989Z,0.016727165251,2026-06-03 07:46:36.989,8.269444444444
LED experiment,pioreactor02,2026-06-03T02:01:46.987Z,0.016914411443,2026-06-03 07:46:46.987,8.272222222222
LED experiment,pioreactor02,2026-06-03T02:01:51.988Z,0.017089157132,2026-06-03 07:46:51.988,8.273611111111
LED experiment,pioreactor02,2026-06-03T02:01:56.989Z,0.017461413633,2026-06-03 07:46:56.989,8.275
LED experiment,pioreactor02,2026-06-03T02:02:06.988Z,0.017366322157,2026-06-03 07:47:06.988,8.277777777778
LED experiment,pioreactor02,2026-06-03T02:02:11.988Z,0.017392282437,2026-06-03 07:47:11.988,8.279166666667
LED experiment,pioreactor02,2026-06-03T02:02:16.988Z,0.017236401998,2026-06-03 07:47:16.988,8.280555555556
LED experiment,pioreactor02,2026-06-03T02:02:21.988Z,0.017218174606,2026-06-03 07:47:21.988,8.281944444444
LED experiment,pioreactor02,2026-06-03T02:02:26.988Z,0.017463673124,2026-06-03 07:47:26.988,8.283333333333
LED experiment,pioreactor02,2026-06-03T02:02:31.989Z,0.01786264079,2026-06-03 07:47:31.989,8.284722222222
LED experiment,pioreactor02,2026-06-03T02:02:36.987Z,0.018131938054,2026-06-03 07:47:36.987,8.286111111111
LED experiment,pioreactor02,2026-06-03T02:02:41.988Z,0.01843952746,2026-06-03 07:47:41.988,8.2875
LED experiment,pioreactor02,2026-06-03T02:02:46.987Z,0.018345815513,2026-06-03 07:47:46.987,8.288888888889
LED experiment,pioreactor02,2026-06-03T02:02:51.988Z,0.018469256581,2026-06-03 07:47:51.988,8.290277777778
LED experiment,pioreactor02,2026-06-03T02:03:01.986Z,0.018964218709,2026-06-03 07:48:01.986,8.293055555556
LED experiment,pioreactor02,2026-06-03T02:03:06.988Z,0.019115354533,2026-06-03 07:48:06.988,8.294444444444
LED experiment,pioreactor02,2026-06-03T02:03:11.989Z,0.019183589157,2026-06-03 07:48:11.989,8.295833333333
LED experiment,pioreactor02,2026-06-03T02:03:16.990Z,0.019361192103,2026-06-03 07:48:16.990,8.297222222222
LED experiment,pioreactor02,2026-06-03T02:03:21.989Z,0.01956205261,2026-06-03 07:48:21.989,8.298611111111
LED experiment,pioreactor02,2026-06-03T02:03:26.990Z,0.019715341978,2026-06-03 07:48:26.990,8.3
LED experiment,pioreactor02,2026-06-03T02:03:31.987Z,0.019973804788,2026-06-03 07:48:31.987,8.301388888889
LED experiment,pioreactor02,2026-06-03T02:03:41.987Z,0.01993684916,2026-06-03 07:48:41.987,8.304166666667
LED experiment,pioreactor02,2026-06-03T02:03:46.988Z,0.01999012175,2026-06-03 07:48:46.988,8.305555555556
LED experiment,pioreactor02,2026-06-03T02:03:51.988Z,0.02024685489,2026-06-03 07:48:51.988,8.306944444444
LED experiment,pioreactor02,2026-06-03T02:03:56.990Z,0.02042832444,2026-06-03 07:48:56.990,8.308333333333
LED experiment,pioreactor02,2026-06-03T02:04:01.988Z,0.020434376509,2026-06-03 07:49:01.988,8.309722222222
LED experiment,pioreactor02,2026-06-03T02:04:06.990Z,0.020321427177,2026-06-03 07:49:06.990,8.311111111111
LED experiment,pioreactor02,2026-06-03T02:04:11.987Z,0.020644970711,2026-06-03 07:49:11.987,8.3125
LED experiment,pioreactor02,2026-06-03T02:04:16.987Z,0.020941297542,2026-06-03 07:49:16.987,8.313888888889
LED experiment,pioreactor02,2026-06-03T02:04:21.990Z,0.021253638772,2026-06-03 07:49:21.990,8.315277777778
LED experiment,pioreactor02,2026-06-03T02:04:31.988Z,0.021447996196,2026-06-03 07:49:31.988,8.318055555556
LED experiment,pioreactor02,2026-06-03T02:04:36.988Z,0.021448290155,2026-06-03 07:49:36.988,8.319444444444
LED experiment,pioreactor02,2026-06-03T02:04:41.988Z,0.021938972702,2026-06-03 07:49:41.988,8.320833333333
LED experiment,pioreactor02,2026-06-03T02:04:51.987Z,0.022411131887,2026-06-03 07:49:51.987,8.323611111111
LED experiment,pioreactor02,2026-06-03T02:04:56.989Z,0.022820861489,2026-06-03 07:49:56.989,8.325
LED experiment,pioreactor02,2026-06-03T02:05:01.991Z,0.023184563797,2026-06-03 07:50:01.991,8.326388888889
LED experiment,pioreactor02,2026-06-03T02:05:06.988Z,0.023571805789,2026-06-03 07:50:06.988,8.327777777778
LED experiment,pioreactor02,2026-06-03T02:05:11.987Z,0.023803648268,2026-06-03 07:50:11.987,8.329166666667
LED experiment,pioreactor02,2026-06-03T02:05:16.991Z,0.023973489213,2026-06-03 07:50:16.991,8.330555555556
LED experiment,pioreactor02,2026-06-03T02:05:21.987Z,0.024230030171,2026-06-03 07:50:21.987,8.331944444444
LED experiment,pioreactor02,2026-06-03T02:05:26.988Z,0.024479044906,2026-06-03 07:50:26.988,8.333333333333
LED experiment,pioreactor02,2026-06-03T02:05:31.989Z,0.024740510621,2026-06-03 07:50:31.989,8.334722222222
LED experiment,pioreactor02,2026-06-03T02:05:36.987Z,0.025030186044,2026-06-03 07:50:36.987,8.336111111111
LED experiment,pioreactor02,2026-06-03T02:05:41.987Z,0.025320416602,2026-06-03 07:50:41.987,8.3375
LED experiment,pioreactor02,2026-06-03T02:05:46.989Z,0.025571157536,2026-06-03 07:50:46.989,8.338888888889
LED experiment,pioreactor02,2026-06-03T02:05:51.988Z,0.02562379607,2026-06-03 07:50:51.988,8.340277777778
LED experiment,pioreactor02,2026-06-03T02:05:56.989Z,0.025760095169,2026-06-03 07:50:56.989,8.341666666667
LED experiment,pioreactor02,2026-06-03T02:06:01.987Z,0.025923040961,2026-06-03 07:51:01.987,8.343055555556
LED experiment,pioreactor02,2026-06-03T02:06:11.990Z,0.026396617231,2026-06-03 07:51:11.990,8.345833333333
LED experiment,pioreactor02,2026-06-03T02:06:16.987Z,0.026576950255,2026-06-03 07:51:16.987,8.347222222222
LED experiment,pioreactor02,2026-06-03T02:06:21.989Z,0.026849040353,2026-06-03 07:51:21.989,8.348611111111
LED experiment,pioreactor02,2026-06-03T02:06:26.987Z,0.02694565231,2026-06-03 07:51:26.987,8.35
LED experiment,pioreactor02,2026-06-03T02:06:41.987Z,0.027333295838,2026-06-03 07:51:41.987,8.354166666667
LED experiment,pioreactor02,2026-06-03T02:06:51.987Z,0.027412873491,2026-06-03 07:51:51.987,8.356944444444
LED experiment,pioreactor02,2026-06-03T02:06:56.988Z,0.027519935363,2026-06-03 07:51:56.988,8.358333333333
LED experiment,pioreactor02,2026-06-03T02:07:01.987Z,0.027680611986,2026-06-03 07:52:01.987,8.359722222222
LED experiment,pioreactor02,2026-06-03T02:07:06.988Z,0.027943893563,2026-06-03 07:52:06.988,8.361111111111
LED experiment,pioreactor02,2026-06-03T02:07:11.990Z,0.028097182125,2026-06-03 07:52:11.990,8.3625
LED experiment,pioreactor02,2026-06-03T02:07:16.987Z,0.028325083135,2026-06-03 07:52:16.987,8.363888888889
LED experiment,pioreactor02,2026-06-03T02:07:21.989Z,0.028394221217,2026-06-03 07:52:21.989,8.365277777778
LED experiment,pioreactor02,2026-06-03T02:07:26.986Z,0.028408362781,2026-06-03 07:52:26.986,8.366666666667
LED experiment,pioreactor02,2026-06-03T02:07:31.986Z,0.028535209501,2026-06-03 07:52:31.986,8.368055555556
LED experiment,pioreactor02,2026-06-03T02:07:36.987Z,0.028870185652,2026-06-03 07:52:36.987,8.369444444444
LED experiment,pioreactor02,2026-06-03T02:07:46.987Z,0.029191577056,2026-06-03 07:52:46.987,8.372222222222
LED experiment,pioreactor02,2026-06-03T02:07:51.988Z,0.029331143849,2026-06-03 07:52:51.988,8.373611111111
LED experiment,pioreactor02,2026-06-03T02:07:56.987Z,0.029428190511,2026-06-03 07:52:56.987,8.375
LED experiment,pioreactor02,2026-06-03T02:08:01.989Z,0.029209922011,2026-06-03 07:53:01.989,8.376388888889
LED experiment,pioreactor02,2026-06-03T02:08:06.989Z,0.029156878145,2026-06-03 07:53:06.989,8.377777777778
LED experiment,pioreactor02,2026-06-03T02:08:11.988Z,0.029403002954,2026-06-03 07:53:11.988,8.379166666667
LED experiment,pioreactor02,2026-06-03T02:08:16.987Z,0.029676809955,2026-06-03 07:53:16.987,8.380555555556
LED experiment,pioreactor02,2026-06-03T02:08:26.989Z,0.029850800245,2026-06-03 07:53:26.989,8.383333333333
LED experiment,pioreactor02,2026-06-03T02:08:31.987Z,0.029957892148,2026-06-03 07:53:31.987,8.384722222222
LED experiment,pioreactor02,2026-06-03T02:08:36.987Z,0.030016112717,2026-06-03 07:53:36.987,8.386111111111
LED experiment,pioreactor02,2026-06-03T02:08:41.989Z,0.030120654726,2026-06-03 07:53:41.989,8.3875
LED experiment,pioreactor02,2026-06-03T02:08:46.989Z,0.030193472545,2026-06-03 07:53:46.989,8.388888888889
LED experiment,pioreactor02,2026-06-03T02:09:01.988Z,0.030349405922,2026-06-03 07:54:01.988,8.393055555556
LED experiment,pioreactor02,2026-06-03T02:09:06.988Z,0.030610788128,2026-06-03 07:54:06.988,8.394444444444
LED experiment,pioreactor02,2026-06-03T02:09:11.988Z,0.030862605346,2026-06-03 07:54:11.988,8.395833333333
LED experiment,pioreactor02,2026-06-03T02:09:21.988Z,0.031126245495,2026-06-03 07:54:21.988,8.398611111111
LED experiment,pioreactor02,2026-06-03T02:09:26.987Z,0.031309751195,2026-06-03 07:54:26.987,8.4
LED experiment,pioreactor02,2026-06-03T02:09:31.990Z,0.031210347707,2026-06-03 07:54:31.990,8.401388888889
LED experiment,pioreactor02,2026-06-03T02:09:36.989Z,0.031348727249,2026-06-03 07:54:36.989,8.402777777778
LED experiment,pioreactor02,2026-06-03T02:09:41.990Z,0.031518070331,2026-06-03 07:54:41.990,8.404166666667
LED experiment,pioreactor02,2026-06-03T02:09:51.987Z,0.031757820451,2026-06-03 07:54:51.987,8.406944444444
LED experiment,pioreactor02,2026-06-03T02:09:56.989Z,0.031962968931,2026-06-03 07:54:56.989,8.408333333333
LED experiment,pioreactor02,2026-06-03T02:10:01.993Z,0.032061072639,2026-06-03 07:55:01.993,8.409722222222
LED experiment,pioreactor02,2026-06-03T02:10:06.986Z,0.032219751434,2026-06-03 07:55:06.986,8.411111111111
LED experiment,pioreactor02,2026-06-03T02:10:11.988Z,0.032500975265,2026-06-03 07:55:11.988,8.4125
LED experiment,pioreactor02,2026-06-03T02:10:21.987Z,0.032326582775,2026-06-03 07:55:21.987,8.415277777778
LED experiment,pioreactor02,2026-06-03T02:10:31.986Z,0.032153955203,2026-06-03 07:55:31.986,8.418055555556
LED experiment,pioreactor02,2026-06-03T02:10:36.987Z,0.032395623487,2026-06-03 07:55:36.987,8.419444444444
LED experiment,pioreactor02,2026-06-03T02:10:41.987Z,0.032678674542,2026-06-03 07:55:41.987,8.420833333333
LED experiment,pioreactor02,2026-06-03T02:10:46.989Z,0.033034595237,2026-06-03 07:55:46.989,8.422222222222
LED experiment,pioreactor02,2026-06-03T02:10:51.988Z,0.033039979162,2026-06-03 07:55:51.988,8.423611111111
LED experiment,pioreactor02,2026-06-03T02:11:01.987Z,0.033061038088,2026-06-03 07:56:01.987,8.426388888889
LED experiment,pioreactor02,2026-06-03T02:11:06.987Z,0.033095682728,2026-06-03 07:56:06.987,8.427777777778
LED experiment,pioreactor02,2026-06-03T02:11:16.986Z,0.033154155168,2026-06-03 07:56:16.986,8.430555555556
LED experiment,pioreactor02,2026-06-03T02:11:21.989Z,0.033185432538,2026-06-03 07:56:21.989,8.431944444444
LED experiment,pioreactor02,2026-06-03T02:11:26.986Z,0.033133611571,2026-06-03 07:56:26.986,8.433333333333
LED experiment,pioreactor02,2026-06-03T02:11:31.987Z,0.032964754901,2026-06-03 07:56:31.987,8.434722222222
LED experiment,pioreactor02,2026-06-03T02:11:41.990Z,0.033133780978,2026-06-03 07:56:41.990,8.4375
LED experiment,pioreactor02,2026-06-03T02:11:56.987Z,0.033380909136,2026-06-03 07:56:56.987,8.441666666667
LED experiment,pioreactor02,2026-06-03T02:12:01.987Z,0.033516369306,2026-06-03 07:57:01.987,8.443055555556
LED experiment,pioreactor02,2026-06-03T02:12:11.987Z,0.033111849338,2026-06-03 07:57:11.987,8.445833333333
LED experiment,pioreactor02,2026-06-03T02:12:26.988Z,0.033226197522,2026-06-03 07:57:26.988,8.45
LED experiment,pioreactor02,2026-06-03T02:12:31.990Z,0.032922679121,2026-06-03 07:57:31.990,8.451388888889
LED experiment,pioreactor02,2026-06-03T02:12:36.988Z,0.032822968086,2026-06-03 07:57:36.988,8.452777777778
LED experiment,pioreactor02,2026-06-03T02:12:41.988Z,0.032800371525,2026-06-03 07:57:41.988,8.454166666667
LED experiment,pioreactor02,2026-06-03T02:12:46.988Z,0.032836765403,2026-06-03 07:57:46.988,8.455555555556
LED experiment,pioreactor02,2026-06-03T02:12:51.989Z,0.033048594252,2026-06-03 07:57:51.989,8.456944444444
LED experiment,pioreactor02,2026-06-03T02:12:56.988Z,0.033018206741,2026-06-03 07:57:56.988,8.458333333333
LED experiment,pioreactor02,2026-06-03T02:13:01.988Z,0.033083403506,2026-06-03 07:58:01.988,8.459722222222
LED experiment,pioreactor02,2026-06-03T02:13:06.988Z,0.03295290535,2026-06-03 07:58:06.988,8.461111111111
LED experiment,pioreactor02,2026-06-03T02:13:11.988Z,0.03264184048,2026-06-03 07:58:11.988,8.4625
LED experiment,pioreactor02,2026-06-03T02:13:26.987Z,0.032535472306,2026-06-03 07:58:26.987,8.466666666667
LED experiment,pioreactor02,2026-06-03T02:13:31.987Z,0.032754424732,2026-06-03 07:58:31.987,8.468055555556
LED experiment,pioreactor02,2026-06-03T02:13:36.988Z,0.032694960203,2026-06-03 07:58:36.988,8.469444444444
LED experiment,pioreactor02,2026-06-03T02:13:41.987Z,0.033021049559,2026-06-03 07:58:41.987,8.470833333333
LED experiment,pioreactor02,2026-06-03T02:13:46.988Z,0.033283774049,2026-06-03 07:58:46.988,8.472222222222
LED experiment,pioreactor02,2026-06-03T02:13:51.990Z,0.033704384357,2026-06-03 07:58:51.990,8.473611111111
LED experiment,pioreactor02,2026-06-03T02:13:56.987Z,0.034106807467,2026-06-03 07:58:56.987,8.475
LED experiment,pioreactor02,2026-06-03T02:14:01.989Z,0.034124423982,2026-06-03 07:59:01.989,8.476388888889
LED experiment,pioreactor02,2026-06-03T02:14:11.988Z,0.03441984473,2026-06-03 07:59:11.988,8.479166666667
LED experiment,pioreactor02,2026-06-03T02:14:16.990Z,0.034639326434,2026-06-03 07:59:16.990,8.480555555556
LED experiment,pioreactor02,2026-06-03T02:14:21.991Z,0.034601452033,2026-06-03 07:59:21.991,8.481944444444
LED experiment,pioreactor02,2026-06-03T02:14:31.987Z,0.034918496717,2026-06-03 07:59:31.987,8.484722222222
LED experiment,pioreactor02,2026-06-03T02:14:36.989Z,0.035030676951,2026-06-03 07:59:36.989,8.486111111111
LED experiment,pioreactor02,2026-06-03T02:14:46.988Z,0.034950001545,2026-06-03 07:59:46.988,8.488888888889
LED experiment,pioreactor02,2026-06-03T02:14:51.987Z,0.034872839735,2026-06-03 07:59:51.987,8.490277777778
LED experiment,pioreactor02,2026-06-03T02:14:56.988Z,0.03508371671,2026-06-03 07:59:56.988,8.491666666667
LED experiment,pioreactor02,2026-06-03T02:15:01.991Z,0.035111939778,2026-06-03 08:00:01.991,8.493055555556
LED experiment,pioreactor02,2026-06-03T02:15:06.987Z,0.03505029176,2026-06-03 08:00:06.987,8.494444444444
LED experiment,pioreactor02,2026-06-03T02:15:11.990Z,0.034779133097,2026-06-03 08:00:11.990,8.495833333333
LED experiment,pioreactor02,2026-06-03T02:15:21.992Z,0.034581768606,2026-06-03 08:00:21.992,8.498611111111
LED experiment,pioreactor02,2026-06-03T02:15:26.987Z,0.034498340271,2026-06-03 08:00:26.987,8.5
LED experiment,pioreactor02,2026-06-03T02:15:36.987Z,0.034566885995,2026-06-03 08:00:36.987,8.502777777778
LED experiment,pioreactor02,2026-06-03T02:15:41.988Z,0.034463990551,2026-06-03 08:00:41.988,8.504166666667
LED experiment,pioreactor02,2026-06-03T02:15:46.988Z,0.034304407266,2026-06-03 08:00:46.988,8.505555555556
LED experiment,pioreactor02,2026-06-03T02:15:51.989Z,0.034273101721,2026-06-03 08:00:51.989,8.506944444444
LED experiment,pioreactor02,2026-06-03T02:15:56.990Z,0.034387476396,2026-06-03 08:00:56.990,8.508333333333
LED experiment,pioreactor02,2026-06-03T02:16:01.989Z,0.034684095978,2026-06-03 08:01:01.989,8.509722222222
LED experiment,pioreactor02,2026-06-03T02:16:11.988Z,0.034719967515,2026-06-03 08:01:11.988,8.5125
LED experiment,pioreactor02,2026-06-03T02:16:16.987Z,0.03451229513,2026-06-03 08:01:16.987,8.513888888889
LED experiment,pioreactor02,2026-06-03T02:16:21.989Z,0.034206005084,2026-06-03 08:01:21.989,8.515277777778
LED experiment,pioreactor02,2026-06-03T02:16:31.986Z,0.03432855744,2026-06-03 08:01:31.986,8.518055555556
LED experiment,pioreactor02,2026-06-03T02:16:36.988Z,0.033985554844,2026-06-03 08:01:36.988,8.519444444444
LED experiment,pioreactor02,2026-06-03T02:16:41.987Z,0.034024640065,2026-06-03 08:01:41.987,8.520833333333
LED experiment,pioreactor02,2026-06-03T02:16:46.988Z,0.034095544146,2026-06-03 08:01:46.988,8.522222222222
LED experiment,pioreactor02,2026-06-03T02:16:51.987Z,0.034301385733,2026-06-03 08:01:51.987,8.523611111111
LED experiment,pioreactor02,2026-06-03T02:17:01.989Z,0.034168951719,2026-06-03 08:02:01.989,8.526388888889
LED experiment,pioreactor02,2026-06-03T02:17:06.988Z,0.034382565054,2026-06-03 08:02:06.988,8.527777777778
LED experiment,pioreactor02,2026-06-03T02:17:16.988Z,0.034521168684,2026-06-03 08:02:16.988,8.530555555556
LED experiment,pioreactor02,2026-06-03T02:17:21.987Z,0.034248462102,2026-06-03 08:02:21.987,8.531944444444
LED experiment,pioreactor02,2026-06-03T02:17:26.989Z,0.03449327045,2026-06-03 08:02:26.989,8.533333333333
LED experiment,pioreactor02,2026-06-03T02:17:31.988Z,0.034693779943,2026-06-03 08:02:31.988,8.534722222222
LED experiment,pioreactor02,2026-06-03T02:17:36.988Z,0.03474124671,2026-06-03 08:02:36.988,8.536111111111
LED experiment,pioreactor02,2026-06-03T02:17:46.986Z,0.034667332568,2026-06-03 08:02:46.986,8.538888888889
LED experiment,pioreactor02,2026-06-03T02:17:51.989Z,0.034382898317,2026-06-03 08:02:51.989,8.540277777778
LED experiment,pioreactor02,2026-06-03T02:17:56.989Z,0.034097277269,2026-06-03 08:02:56.989,8.541666666667
LED experiment,pioreactor02,2026-06-03T02:18:01.988Z,0.034052366597,2026-06-03 08:03:01.988,8.543055555556
LED experiment,pioreactor02,2026-06-03T02:18:06.988Z,0.03398417565,2026-06-03 08:03:06.988,8.544444444444
LED experiment,pioreactor02,2026-06-03T02:18:11.988Z,0.034240619307,2026-06-03 08:03:11.988,8.545833333333
LED experiment,pioreactor02,2026-06-03T02:18:16.989Z,0.034355594111,2026-06-03 08:03:16.989,8.547222222222
LED experiment,pioreactor02,2026-06-03T02:18:21.989Z,0.034428685786,2026-06-03 08:03:21.989,8.548611111111
LED experiment,pioreactor02,2026-06-03T02:18:31.988Z,0.034564678629,2026-06-03 08:03:31.988,8.551388888889
LED experiment,pioreactor02,2026-06-03T02:18:36.988Z,0.034785544111,2026-06-03 08:03:36.988,8.552777777778
LED experiment,pioreactor02,2026-06-03T02:18:46.987Z,0.034401713508,2026-06-03 08:03:46.987,8.555555555556
LED experiment,pioreactor02,2026-06-03T02:18:51.987Z,0.034097020344,2026-06-03 08:03:51.987,8.556944444444
LED experiment,pioreactor02,2026-06-03T02:18:56.989Z,0.034039971743,2026-06-03 08:03:56.989,8.558333333333
LED experiment,pioreactor02,2026-06-03T02:19:06.987Z,0.033804402112,2026-06-03 08:04:06.987,8.561111111111
LED experiment,pioreactor02,2026-06-03T02:19:11.988Z,0.034150432449,2026-06-03 08:04:11.988,8.5625
LED experiment,pioreactor02,2026-06-03T02:19:16.987Z,0.034387069816,2026-06-03 08:04:16.987,8.563888888889
LED experiment,pioreactor02,2026-06-03T02:19:21.986Z,0.034426207283,2026-06-03 08:04:21.986,8.565277777778
LED experiment,pioreactor02,2026-06-03T02:19:26.988Z,0.034511616542,2026-06-03 08:04:26.988,8.566666666667
LED experiment,pioreactor02,2026-06-03T02:19:31.986Z,0.034467192942,2026-06-03 08:04:31.986,8.568055555556
LED experiment,pioreactor02,2026-06-03T02:19:36.987Z,0.034465837496,2026-06-03 08:04:36.987,8.569444444444
LED experiment,pioreactor02,2026-06-03T02:19:41.988Z,0.034457470902,2026-06-03 08:04:41.988,8.570833333333
LED experiment,pioreactor02,2026-06-03T02:19:46.988Z,0.034498357765,2026-06-03 08:04:46.988,8.572222222222
LED experiment,pioreactor02,2026-06-03T02:19:51.987Z,0.034582650391,2026-06-03 08:04:51.987,8.573611111111
LED experiment,pioreactor02,2026-06-03T02:20:01.988Z,0.034663780745,2026-06-03 08:05:01.988,8.576388888889
LED experiment,pioreactor02,2026-06-03T02:20:06.987Z,0.034681005191,2026-06-03 08:05:06.987,8.577777777778
LED experiment,pioreactor02,2026-06-03T02:20:11.988Z,0.034601092077,2026-06-03 08:05:11.988,8.579166666667
LED experiment,pioreactor02,2026-06-03T02:20:16.986Z,0.034847599738,2026-06-03 08:05:16.986,8.580555555556
LED experiment,pioreactor02,2026-06-03T02:20:21.987Z,0.035055405586,2026-06-03 08:05:21.987,8.581944444444
LED experiment,pioreactor02,2026-06-03T02:20:26.990Z,0.035100529049,2026-06-03 08:05:26.990,8.583333333333
LED experiment,pioreactor02,2026-06-03T02:20:31.989Z,0.035249923211,2026-06-03 08:05:31.989,8.584722222222
LED experiment,pioreactor02,2026-06-03T02:20:41.988Z,0.035144390846,2026-06-03 08:05:41.988,8.5875
LED experiment,pioreactor02,2026-06-03T02:20:46.986Z,0.035123068695,2026-06-03 08:05:46.986,8.588888888889
LED experiment,pioreactor02,2026-06-03T02:20:51.987Z,0.03544836654,2026-06-03 08:05:51.987,8.590277777778
LED experiment,pioreactor02,2026-06-03T02:21:06.990Z,0.035484409557,2026-06-03 08:06:06.990,8.594444444444
LED experiment,pioreactor02,2026-06-03T02:21:16.987Z,0.035210020485,2026-06-03 08:06:16.987,8.597222222222
LED experiment,pioreactor02,2026-06-03T02:21:21.988Z,0.034880860342,2026-06-03 08:06:21.988,8.598611111111
LED experiment,pioreactor02,2026-06-03T02:21:26.987Z,0.03472077036,2026-06-03 08:06:26.987,8.6
LED experiment,pioreactor02,2026-06-03T02:21:31.988Z,0.034689283898,2026-06-03 08:06:31.988,8.601388888889
LED experiment,pioreactor02,2026-06-03T02:21:36.987Z,0.034255912099,2026-06-03 08:06:36.987,8.602777777778
LED experiment,pioreactor02,2026-06-03T02:21:41.988Z,0.033814768292,2026-06-03 08:06:41.988,8.604166666667
LED experiment,pioreactor02,2026-06-03T02:21:46.988Z,0.034116906058,2026-06-03 08:06:46.988,8.605555555556
LED experiment,pioreactor02,2026-06-03T02:21:51.987Z,0.034410858564,2026-06-03 08:06:51.987,8.606944444444
LED experiment,pioreactor02,2026-06-03T02:21:56.991Z,0.034592661816,2026-06-03 08:06:56.991,8.608333333333
LED experiment,pioreactor02,2026-06-03T02:22:01.988Z,0.034436799705,2026-06-03 08:07:01.988,8.609722222222
LED experiment,pioreactor02,2026-06-03T02:22:06.987Z,0.034505629441,2026-06-03 08:07:06.987,8.611111111111
LED experiment,pioreactor02,2026-06-03T02:22:11.989Z,0.034409217934,2026-06-03 08:07:11.989,8.6125
LED experiment,pioreactor02,2026-06-03T02:22:16.987Z,0.034454376065,2026-06-03 08:07:16.987,8.613888888889
LED experiment,pioreactor02,2026-06-03T02:22:21.988Z,0.034303281525,2026-06-03 08:07:21.988,8.615277777778
LED experiment,pioreactor02,2026-06-03T02:22:26.987Z,0.033886338862,2026-06-03 08:07:26.987,8.616666666667
LED experiment,pioreactor02,2026-06-03T02:22:36.989Z,0.033864624166,2026-06-03 08:07:36.989,8.619444444444
LED experiment,pioreactor02,2026-06-03T02:22:41.989Z,0.034037124577,2026-06-03 08:07:41.989,8.620833333333
LED experiment,pioreactor02,2026-06-03T02:22:46.989Z,0.033738460493,2026-06-03 08:07:46.989,8.622222222222
LED experiment,pioreactor02,2026-06-03T02:22:51.987Z,0.033738008107,2026-06-03 08:07:51.987,8.623611111111
LED experiment,pioreactor02,2026-06-03T02:22:56.987Z,0.033443914919,2026-06-03 08:07:56.987,8.625
LED experiment,pioreactor02,2026-06-03T02:23:01.987Z,0.033092965654,2026-06-03 08:08:01.987,8.626388888889
LED experiment,pioreactor02,2026-06-03T02:23:06.987Z,0.032985736485,2026-06-03 08:08:06.987,8.627777777778
LED experiment,pioreactor02,2026-06-03T02:23:11.987Z,0.032841427902,2026-06-03 08:08:11.987,8.629166666667
LED experiment,pioreactor02,2026-06-03T02:23:21.989Z,0.032808350087,2026-06-03 08:08:21.989,8.631944444444
LED experiment,pioreactor02,2026-06-03T02:23:31.987Z,0.032568657541,2026-06-03 08:08:31.987,8.634722222222
LED experiment,pioreactor02,2026-06-03T02:23:36.988Z,0.032475406645,2026-06-03 08:08:36.988,8.636111111111
LED experiment,pioreactor02,2026-06-03T02:23:41.988Z,0.032283209089,2026-06-03 08:08:41.988,8.6375
LED experiment,pioreactor02,2026-06-03T02:23:46.988Z,0.032193155809,2026-06-03 08:08:46.988,8.638888888889
LED experiment,pioreactor02,2026-06-03T02:23:51.987Z,0.032252741738,2026-06-03 08:08:51.987,8.640277777778
LED experiment,pioreactor02,2026-06-03T02:23:56.988Z,0.03220448305,2026-06-03 08:08:56.988,8.641666666667
LED experiment,pioreactor02,2026-06-03T02:24:01.988Z,0.032429489759,2026-06-03 08:09:01.988,8.643055555556
LED experiment,pioreactor02,2026-06-03T02:24:06.990Z,0.032221736036,2026-06-03 08:09:06.990,8.644444444444
LED experiment,pioreactor02,2026-06-03T02:24:21.989Z,0.031916441013,2026-06-03 08:09:21.989,8.648611111111
LED experiment,pioreactor02,2026-06-03T02:24:26.987Z,0.031496190073,2026-06-03 08:09:26.987,8.65
LED experiment,pioreactor02,2026-06-03T02:24:31.986Z,0.03138050036,2026-06-03 08:09:31.986,8.651388888889
LED experiment,pioreactor02,2026-06-03T02:24:36.986Z,0.031627604584,2026-06-03 08:09:36.986,8.652777777778
LED experiment,pioreactor02,2026-06-03T02:24:46.988Z,0.031798102493,2026-06-03 08:09:46.988,8.655555555556
LED experiment,pioreactor02,2026-06-03T02:24:51.991Z,0.031916209764,2026-06-03 08:09:51.991,8.656944444444
LED experiment,pioreactor02,2026-06-03T02:24:56.991Z,0.032090602302,2026-06-03 08:09:56.991,8.658333333333
LED experiment,pioreactor02,2026-06-03T02:25:01.994Z,0.032128065062,2026-06-03 08:10:01.994,8.659722222222
LED experiment,pioreactor02,2026-06-03T02:25:06.990Z,0.031943949591,2026-06-03 08:10:06.990,8.661111111111
LED experiment,pioreactor02,2026-06-03T02:25:11.987Z,0.0320776809,2026-06-03 08:10:11.987,8.6625
LED experiment,pioreactor02,2026-06-03T02:25:16.988Z,0.031605607035,2026-06-03 08:10:16.988,8.663888888889
LED experiment,pioreactor02,2026-06-03T02:25:21.988Z,0.031266533244,2026-06-03 08:10:21.988,8.665277777778
LED experiment,pioreactor02,2026-06-03T02:25:26.987Z,0.031017682951,2026-06-03 08:10:26.987,8.666666666667
LED experiment,pioreactor02,2026-06-03T02:25:31.989Z,0.030842738691,2026-06-03 08:10:31.989,8.668055555556
LED experiment,pioreactor02,2026-06-03T02:25:36.986Z,0.030825590329,2026-06-03 08:10:36.986,8.669444444444
LED experiment,pioreactor02,2026-06-03T02:25:41.988Z,0.030690993493,2026-06-03 08:10:41.988,8.670833333333
LED experiment,pioreactor02,2026-06-03T02:25:46.988Z,0.030532245181,2026-06-03 08:10:46.988,8.672222222222
LED experiment,pioreactor02,2026-06-03T02:25:51.987Z,0.030443085819,2026-06-03 08:10:51.987,8.673611111111
LED experiment,pioreactor02,2026-06-03T02:26:01.988Z,0.030482360478,2026-06-03 08:11:01.988,8.676388888889
LED experiment,pioreactor02,2026-06-03T02:26:06.986Z,0.030656694147,2026-06-03 08:11:06.986,8.677777777778
LED experiment,pioreactor02,2026-06-03T02:26:16.988Z,0.030702160417,2026-06-03 08:11:16.988,8.680555555556
LED experiment,pioreactor02,2026-06-03T02:26:26.988Z,0.030570068384,2026-06-03 08:11:26.988,8.683333333333
LED experiment,pioreactor02,2026-06-03T02:26:31.988Z,0.030883148107,2026-06-03 08:11:31.988,8.684722222222
LED experiment,pioreactor02,2026-06-03T02:26:36.987Z,0.03100239991,2026-06-03 08:11:36.987,8.686111111111
LED experiment,pioreactor02,2026-06-03T02:26:41.987Z,0.031033415512,2026-06-03 08:11:41.987,8.6875
LED experiment,pioreactor02,2026-06-03T02:26:46.990Z,0.031046172542,2026-06-03 08:11:46.990,8.688888888889
LED experiment,pioreactor02,2026-06-03T02:26:51.987Z,0.031232167656,2026-06-03 08:11:51.987,8.690277777778
LED experiment,pioreactor02,2026-06-03T02:26:56.987Z,0.03092385112,2026-06-03 08:11:56.987,8.691666666667
LED experiment,pioreactor02,2026-06-03T02:27:06.988Z,0.030998111902,2026-06-03 08:12:06.988,8.694444444444
LED experiment,pioreactor02,2026-06-03T02:27:16.988Z,0.031029289942,2026-06-03 08:12:16.988,8.697222222222
LED experiment,pioreactor02,2026-06-03T02:27:21.988Z,0.031057010027,2026-06-03 08:12:21.988,8.698611111111
LED experiment,pioreactor02,2026-06-03T02:27:26.987Z,0.031258820584,2026-06-03 08:12:26.987,8.7
LED experiment,pioreactor02,2026-06-03T02:27:31.988Z,0.031594415364,2026-06-03 08:12:31.988,8.701388888889
LED experiment,pioreactor02,2026-06-03T02:27:36.990Z,0.031989263181,2026-06-03 08:12:36.990,8.702777777778
LED experiment,pioreactor02,2026-06-03T02:27:41.987Z,0.032198078947,2026-06-03 08:12:41.987,8.704166666667
LED experiment,pioreactor02,2026-06-03T02:27:51.988Z,0.032486045099,2026-06-03 08:12:51.988,8.706944444444
LED experiment,pioreactor02,2026-06-03T02:27:56.988Z,0.032747996481,2026-06-03 08:12:56.988,8.708333333333
LED experiment,pioreactor02,2026-06-03T02:28:01.986Z,0.03300332274,2026-06-03 08:13:01.986,8.709722222222
LED experiment,pioreactor02,2026-06-03T02:28:06.988Z,0.033009788915,2026-06-03 08:13:06.988,8.711111111111
LED experiment,pioreactor02,2026-06-03T02:28:11.987Z,0.033009520652,2026-06-03 08:13:11.987,8.7125
LED experiment,pioreactor02,2026-06-03T02:28:16.987Z,0.032743105068,2026-06-03 08:13:16.987,8.713888888889
LED experiment,pioreactor02,2026-06-03T02:28:21.987Z,0.03242826508,2026-06-03 08:13:21.987,8.715277777778
LED experiment,pioreactor02,2026-06-03T02:28:26.990Z,0.032403214454,2026-06-03 08:13:26.990,8.716666666667
LED experiment,pioreactor02,2026-06-03T02:28:31.989Z,0.03257512082,2026-06-03 08:13:31.989,8.718055555556
LED experiment,pioreactor02,2026-06-03T02:28:36.990Z,0.0325615903,2026-06-03 08:13:36.990,8.719444444444
LED experiment,pioreactor02,2026-06-03T02:28:41.987Z,0.032425546906,2026-06-03 08:13:41.987,8.720833333333
LED experiment,pioreactor02,2026-06-03T02:28:46.990Z,0.032154713044,2026-06-03 08:13:46.990,8.722222222222
LED experiment,pioreactor02,2026-06-03T02:28:51.989Z,0.032177357483,2026-06-03 08:13:51.989,8.723611111111
LED experiment,pioreactor02,2026-06-03T02:28:56.990Z,0.032381604298,2026-06-03 08:13:56.990,8.725
LED experiment,pioreactor02,2026-06-03T02:29:01.988Z,0.03235608295,2026-06-03 08:14:01.988,8.726388888889
LED experiment,pioreactor02,2026-06-03T02:29:06.987Z,0.032412035824,2026-06-03 08:14:06.987,8.727777777778
LED experiment,pioreactor02,2026-06-03T02:29:11.988Z,0.032552264602,2026-06-03 08:14:11.988,8.729166666667
LED experiment,pioreactor02,2026-06-03T02:29:16.987Z,0.032633835137,2026-06-03 08:14:16.987,8.730555555556
LED experiment,pioreactor02,2026-06-03T02:29:26.988Z,0.032755704612,2026-06-03 08:14:26.988,8.733333333333
LED experiment,pioreactor02,2026-06-03T02:29:31.987Z,0.032925495544,2026-06-03 08:14:31.987,8.734722222222
LED experiment,pioreactor02,2026-06-03T02:29:36.987Z,0.033008170789,2026-06-03 08:14:36.987,8.736111111111
LED experiment,pioreactor02,2026-06-03T02:29:46.988Z,0.033110417347,2026-06-03 08:14:46.988,8.738888888889
LED experiment,pioreactor02,2026-06-03T02:29:51.987Z,0.033011898435,2026-06-03 08:14:51.987,8.740277777778
LED experiment,pioreactor02,2026-06-03T02:29:56.987Z,0.033034370508,2026-06-03 08:14:56.987,8.741666666667
LED experiment,pioreactor02,2026-06-03T02:30:01.990Z,0.03326328523,2026-06-03 08:15:01.990,8.743055555556
LED experiment,pioreactor02,2026-06-03T02:30:06.987Z,0.033390748057,2026-06-03 08:15:06.987,8.744444444444
LED experiment,pioreactor02,2026-06-03T02:30:16.987Z,0.033601537425,2026-06-03 08:15:16.987,8.747222222222
LED experiment,pioreactor02,2026-06-03T02:30:26.988Z,0.033833488696,2026-06-03 08:15:26.988,8.75
LED experiment,pioreactor02,2026-06-03T02:30:31.988Z,0.03412984631,2026-06-03 08:15:31.988,8.751388888889
LED experiment,pioreactor02,2026-06-03T02:30:36.988Z,0.034417710551,2026-06-03 08:15:36.988,8.752777777778
LED experiment,pioreactor02,2026-06-03T02:30:41.988Z,0.034715354209,2026-06-03 08:15:41.988,8.754166666667
LED experiment,pioreactor02,2026-06-03T02:30:46.988Z,0.03477886871,2026-06-03 08:15:46.988,8.755555555556
LED experiment,pioreactor02,2026-06-03T02:30:56.988Z,0.034612721296,2026-06-03 08:15:56.988,8.758333333333
LED experiment,pioreactor02,2026-06-03T02:31:06.989Z,0.034500649599,2026-06-03 08:16:06.989,8.761111111111
LED experiment,pioreactor02,2026-06-03T02:31:11.988Z,0.034104254467,2026-06-03 08:16:11.988,8.7625
LED experiment,pioreactor02,2026-06-03T02:31:16.988Z,0.033943401727,2026-06-03 08:16:16.988,8.763888888889
LED experiment,pioreactor02,2026-06-03T02:31:21.988Z,0.033853539675,2026-06-03 08:16:21.988,8.765277777778
LED experiment,pioreactor02,2026-06-03T02:31:26.988Z,0.033606756505,2026-06-03 08:16:26.988,8.766666666667
LED experiment,pioreactor02,2026-06-03T02:31:31.987Z,0.033688552306,2026-06-03 08:16:31.987,8.768055555556
LED experiment,pioreactor02,2026-06-03T02:31:41.988Z,0.033480866489,2026-06-03 08:16:41.988,8.770833333333
LED experiment,pioreactor02,2026-06-03T02:31:51.989Z,0.033566401542,2026-06-03 08:16:51.989,8.773611111111
LED experiment,pioreactor02,2026-06-03T02:31:56.988Z,0.03350510179,2026-06-03 08:16:56.988,8.775
LED experiment,pioreactor02,2026-06-03T02:32:01.987Z,0.033297152159,2026-06-03 08:17:01.987,8.776388888889
LED experiment,pioreactor02,2026-06-03T02:32:11.987Z,0.033117279386,2026-06-03 08:17:11.987,8.779166666667
LED experiment,pioreactor02,2026-06-03T02:32:16.986Z,0.033232733907,2026-06-03 08:17:16.986,8.780555555556
LED experiment,pioreactor02,2026-06-03T02:32:26.987Z,0.033517967858,2026-06-03 08:17:26.987,8.783333333333
LED experiment,pioreactor02,2026-06-03T02:32:31.989Z,0.033374720136,2026-06-03 08:17:31.989,8.784722222222
LED experiment,pioreactor02,2026-06-03T02:32:36.988Z,0.033346614234,2026-06-03 08:17:36.988,8.786111111111
LED experiment,pioreactor02,2026-06-03T02:32:46.988Z,0.033002219085,2026-06-03 08:17:46.988,8.788888888889
LED experiment,pioreactor02,2026-06-03T02:32:51.989Z,0.033039014705,2026-06-03 08:17:51.989,8.790277777778
LED experiment,pioreactor02,2026-06-03T02:32:56.989Z,0.03290434859,2026-06-03 08:17:56.989,8.791666666667
LED experiment,pioreactor02,2026-06-03T02:33:01.989Z,0.032552686835,2026-06-03 08:18:01.989,8.793055555556
LED experiment,pioreactor02,2026-06-03T02:33:06.990Z,0.032383966087,2026-06-03 08:18:06.990,8.794444444444
LED experiment,pioreactor02,2026-06-03T02:33:11.988Z,0.032247120948,2026-06-03 08:18:11.988,8.795833333333
LED experiment,pioreactor02,2026-06-03T02:33:16.988Z,0.032432506605,2026-06-03 08:18:16.988,8.797222222222
LED experiment,pioreactor02,2026-06-03T02:33:21.988Z,0.032468465586,2026-06-03 08:18:21.988,8.798611111111
LED experiment,pioreactor02,2026-06-03T02:33:31.989Z,0.032048213632,2026-06-03 08:18:31.989,8.801388888889
LED experiment,pioreactor02,2026-06-03T02:33:41.988Z,0.032120986702,2026-06-03 08:18:41.988,8.804166666667
LED experiment,pioreactor02,2026-06-03T02:33:46.988Z,0.032110815703,2026-06-03 08:18:46.988,8.805555555556
LED experiment,pioreactor02,2026-06-03T02:33:51.989Z,0.032362786704,2026-06-03 08:18:51.989,8.806944444444
LED experiment,pioreactor02,2026-06-03T02:33:56.989Z,0.032472249111,2026-06-03 08:18:56.989,8.808333333333
LED experiment,pioreactor02,2026-06-03T02:34:06.988Z,0.032207857582,2026-06-03 08:19:06.988,8.811111111111
LED experiment,pioreactor02,2026-06-03T02:34:11.987Z,0.031988299921,2026-06-03 08:19:11.987,8.8125
LED experiment,pioreactor02,2026-06-03T02:34:16.988Z,0.031944004044,2026-06-03 08:19:16.988,8.813888888889
LED experiment,pioreactor02,2026-06-03T02:34:21.987Z,0.032136755803,2026-06-03 08:19:21.987,8.815277777778
LED experiment,pioreactor02,2026-06-03T02:34:26.988Z,0.031950406739,2026-06-03 08:19:26.988,8.816666666667
LED experiment,pioreactor02,2026-06-03T02:34:36.991Z,0.031736193253,2026-06-03 08:19:36.991,8.819444444444
LED experiment,pioreactor02,2026-06-03T02:34:46.988Z,0.031487242372,2026-06-03 08:19:46.988,8.822222222222
LED experiment,pioreactor02,2026-06-03T02:34:51.989Z,0.031266982349,2026-06-03 08:19:51.989,8.823611111111
LED experiment,pioreactor02,2026-06-03T02:34:56.988Z,0.031217149687,2026-06-03 08:19:56.988,8.825
LED experiment,pioreactor02,2026-06-03T02:35:01.994Z,0.031065504844,2026-06-03 08:20:01.994,8.826388888889
LED experiment,pioreactor02,2026-06-03T02:35:11.987Z,0.030975301938,2026-06-03 08:20:11.987,8.829166666667
LED experiment,pioreactor02,2026-06-03T02:35:16.989Z,0.030721034318,2026-06-03 08:20:16.989,8.830555555556
LED experiment,pioreactor02,2026-06-03T02:35:21.990Z,0.030487398751,2026-06-03 08:20:21.990,8.831944444444
LED experiment,pioreactor02,2026-06-03T02:35:31.987Z,0.030255403707,2026-06-03 08:20:31.987,8.834722222222
LED experiment,pioreactor02,2026-06-03T02:35:36.986Z,0.029914864333,2026-06-03 08:20:36.986,8.836111111111
LED experiment,pioreactor02,2026-06-03T02:35:41.987Z,0.029670100631,2026-06-03 08:20:41.987,8.8375
LED experiment,pioreactor02,2026-06-03T02:35:46.988Z,0.029212670175,2026-06-03 08:20:46.988,8.838888888889
LED experiment,pioreactor02,2026-06-03T02:35:51.988Z,0.028865304243,2026-06-03 08:20:51.988,8.840277777778
LED experiment,pioreactor02,2026-06-03T02:35:56.988Z,0.028611919902,2026-06-03 08:20:56.988,8.841666666667
LED experiment,pioreactor02,2026-06-03T02:36:01.988Z,0.028510619585,2026-06-03 08:21:01.988,8.843055555556
LED experiment,pioreactor02,2026-06-03T02:36:16.988Z,0.028017438759,2026-06-03 08:21:16.988,8.847222222222
LED experiment,pioreactor02,2026-06-03T02:36:21.988Z,0.027584359344,2026-06-03 08:21:21.988,8.848611111111
LED experiment,pioreactor02,2026-06-03T02:36:26.988Z,0.027224447902,2026-06-03 08:21:26.988,8.85
LED experiment,pioreactor02,2026-06-03T02:36:31.992Z,0.027027533297,2026-06-03 08:21:31.992,8.851388888889
LED experiment,pioreactor02,2026-06-03T02:36:41.988Z,0.026962360024,2026-06-03 08:21:41.988,8.854166666667
LED experiment,pioreactor02,2026-06-03T02:36:46.989Z,0.026818200964,2026-06-03 08:21:46.989,8.855555555556
LED experiment,pioreactor02,2026-06-03T02:36:51.987Z,0.026579882959,2026-06-03 08:21:51.987,8.856944444444
LED experiment,pioreactor02,2026-06-03T02:37:01.986Z,0.026547250322,2026-06-03 08:22:01.986,8.859722222222
LED experiment,pioreactor02,2026-06-03T02:37:06.987Z,0.026424843106,2026-06-03 08:22:06.987,8.861111111111
LED experiment,pioreactor02,2026-06-03T02:37:11.987Z,0.026363579847,2026-06-03 08:22:11.987,8.8625
LED experiment,pioreactor02,2026-06-03T02:37:16.989Z,0.026219969874,2026-06-03 08:22:16.989,8.863888888889
LED experiment,pioreactor02,2026-06-03T02:37:21.988Z,0.02596069126,2026-06-03 08:22:21.988,8.865277777778
LED experiment,pioreactor02,2026-06-03T02:37:26.987Z,0.025755936931,2026-06-03 08:22:26.987,8.866666666667
LED experiment,pioreactor02,2026-06-03T02:37:31.991Z,0.025411652376,2026-06-03 08:22:31.991,8.868055555556
LED experiment,pioreactor02,2026-06-03T02:37:36.987Z,0.025168217846,2026-06-03 08:22:36.987,8.869444444444
LED experiment,pioreactor02,2026-06-03T02:37:41.989Z,0.024824898757,2026-06-03 08:22:41.989,8.870833333333
LED experiment,pioreactor02,2026-06-03T02:37:46.989Z,0.024590859396,2026-06-03 08:22:46.989,8.872222222222
LED experiment,pioreactor02,2026-06-03T02:37:51.988Z,0.024364392295,2026-06-03 08:22:51.988,8.873611111111
LED experiment,pioreactor02,2026-06-03T02:37:56.990Z,0.024186127828,2026-06-03 08:22:56.990,8.875
LED experiment,pioreactor02,2026-06-03T02:38:06.986Z,0.023950316463,2026-06-03 08:23:06.986,8.877777777778
LED experiment,pioreactor02,2026-06-03T02:38:11.988Z,0.023698049587,2026-06-03 08:23:11.988,8.879166666667
LED experiment,pioreactor02,2026-06-03T02:38:16.988Z,0.023460927467,2026-06-03 08:23:16.988,8.880555555556
LED experiment,pioreactor02,2026-06-03T02:38:21.989Z,0.023259592324,2026-06-03 08:23:21.989,8.881944444444
LED experiment,pioreactor02,2026-06-03T02:38:26.988Z,0.023149044782,2026-06-03 08:23:26.988,8.883333333333
LED experiment,pioreactor02,2026-06-03T02:38:46.989Z,0.023084840635,2026-06-03 08:23:46.989,8.888888888889
LED experiment,pioreactor02,2026-06-03T02:38:51.987Z,0.023037840295,2026-06-03 08:23:51.987,8.890277777778
LED experiment,pioreactor02,2026-06-03T02:38:56.987Z,0.022899648493,2026-06-03 08:23:56.987,8.891666666667
LED experiment,pioreactor02,2026-06-03T02:39:01.988Z,0.022827153864,2026-06-03 08:24:01.988,8.893055555556
LED experiment,pioreactor02,2026-06-03T02:39:06.987Z,0.022754032687,2026-06-03 08:24:06.987,8.894444444444
LED experiment,pioreactor02,2026-06-03T02:39:11.987Z,0.02266512344,2026-06-03 08:24:11.987,8.895833333333
LED experiment,pioreactor02,2026-06-03T02:39:16.988Z,0.02245458716,2026-06-03 08:24:16.988,8.897222222222
LED experiment,pioreactor02,2026-06-03T02:39:21.986Z,0.022269712198,2026-06-03 08:24:21.986,8.898611111111
LED experiment,pioreactor02,2026-06-03T02:39:26.988Z,0.02206644567,2026-06-03 08:24:26.988,8.9
LED experiment,pioreactor02,2026-06-03T02:39:31.990Z,0.021983474108,2026-06-03 08:24:31.990,8.901388888889
LED experiment,pioreactor02,2026-06-03T02:39:36.988Z,0.021886676078,2026-06-03 08:24:36.988,8.902777777778
LED experiment,pioreactor02,2026-06-03T02:39:41.989Z,0.021647562345,2026-06-03 08:24:41.989,8.904166666667
LED experiment,pioreactor02,2026-06-03T02:39:46.987Z,0.021447317065,2026-06-03 08:24:46.987,8.905555555556
LED experiment,pioreactor02,2026-06-03T02:39:51.987Z,0.021323896913,2026-06-03 08:24:51.987,8.906944444444
LED experiment,pioreactor02,2026-06-03T02:39:56.987Z,0.021168060569,2026-06-03 08:24:56.987,8.908333333333
LED experiment,pioreactor02,2026-06-03T02:40:01.991Z,0.020971615313,2026-06-03 08:25:01.991,8.909722222222
LED experiment,pioreactor02,2026-06-03T02:40:06.988Z,0.020839809173,2026-06-03 08:25:06.988,8.911111111111
LED experiment,pioreactor02,2026-06-03T02:40:11.988Z,0.020748619386,2026-06-03 08:25:11.988,8.9125
LED experiment,pioreactor02,2026-06-03T02:40:16.987Z,0.020678688321,2026-06-03 08:25:16.987,8.913888888889
LED experiment,pioreactor02,2026-06-03T02:40:26.986Z,0.02036285066,2026-06-03 08:25:26.986,8.916666666667
LED experiment,pioreactor02,2026-06-03T02:40:31.987Z,0.020211139954,2026-06-03 08:25:31.987,8.918055555556
LED experiment,pioreactor02,2026-06-03T02:40:41.989Z,0.02003339612,2026-06-03 08:25:41.989,8.920833333333
LED experiment,pioreactor02,2026-06-03T02:40:46.989Z,0.019777499138,2026-06-03 08:25:46.989,8.922222222222
LED experiment,pioreactor02,2026-06-03T02:40:51.989Z,0.019691202732,2026-06-03 08:25:51.989,8.923611111111
LED experiment,pioreactor02,2026-06-03T02:40:56.987Z,0.019650871492,2026-06-03 08:25:56.987,8.925
LED experiment,pioreactor02,2026-06-03T02:41:01.989Z,0.019505385689,2026-06-03 08:26:01.989,8.926388888889
LED experiment,pioreactor02,2026-06-03T02:41:11.988Z,0.01927409844,2026-06-03 08:26:11.988,8.929166666667
LED experiment,pioreactor02,2026-06-03T02:41:16.986Z,0.019114607101,2026-06-03 08:26:16.986,8.930555555556
LED experiment,pioreactor02,2026-06-03T02:41:21.988Z,0.019011288468,2026-06-03 08:26:21.988,8.931944444444
LED experiment,pioreactor02,2026-06-03T02:41:26.989Z,0.0189046227,2026-06-03 08:26:26.989,8.933333333333
LED experiment,pioreactor02,2026-06-03T02:41:31.989Z,0.018866655618,2026-06-03 08:26:31.989,8.934722222222
LED experiment,pioreactor02,2026-06-03T02:41:41.987Z,0.018794868376,2026-06-03 08:26:41.987,8.9375
LED experiment,pioreactor02,2026-06-03T02:41:46.990Z,0.018561077702,2026-06-03 08:26:46.990,8.938888888889
LED experiment,pioreactor02,2026-06-03T02:41:51.989Z,0.018361997791,2026-06-03 08:26:51.989,8.940277777778
LED experiment,pioreactor02,2026-06-03T02:42:01.988Z,0.018274143959,2026-06-03 08:27:01.988,8.943055555556
LED experiment,pioreactor02,2026-06-03T02:42:06.991Z,0.018153164652,2026-06-03 08:27:06.991,8.944444444444
LED experiment,pioreactor02,2026-06-03T02:42:11.986Z,0.018027377537,2026-06-03 08:27:11.986,8.945833333333
LED experiment,pioreactor02,2026-06-03T02:42:16.988Z,0.018017979594,2026-06-03 08:27:16.988,8.947222222222
LED experiment,pioreactor02,2026-06-03T02:42:21.990Z,0.017967634353,2026-06-03 08:27:21.990,8.948611111111
LED experiment,pioreactor02,2026-06-03T02:42:26.988Z,0.01792961671,2026-06-03 08:27:26.988,8.95
LED experiment,pioreactor02,2026-06-03T02:42:31.988Z,0.017929364688,2026-06-03 08:27:31.988,8.951388888889
LED experiment,pioreactor02,2026-06-03T02:42:36.989Z,0.017738524031,2026-06-03 08:27:36.989,8.952777777778
LED experiment,pioreactor02,2026-06-03T02:42:41.987Z,0.01769165455,2026-06-03 08:27:41.987,8.954166666667
LED experiment,pioreactor02,2026-06-03T02:42:46.989Z,0.017692792625,2026-06-03 08:27:46.989,8.955555555556
LED experiment,pioreactor02,2026-06-03T02:42:51.987Z,0.017740821414,2026-06-03 08:27:51.987,8.956944444444
LED experiment,pioreactor02,2026-06-03T02:42:56.986Z,0.017605398242,2026-06-03 08:27:56.986,8.958333333333
LED experiment,pioreactor02,2026-06-03T02:43:01.987Z,0.017190916926,2026-06-03 08:28:01.987,8.959722222222
LED experiment,pioreactor02,2026-06-03T02:43:06.988Z,0.017111070971,2026-06-03 08:28:06.988,8.961111111111
LED experiment,pioreactor02,2026-06-03T02:43:11.987Z,0.017118914823,2026-06-03 08:28:11.987,8.9625
LED experiment,pioreactor02,2026-06-03T02:43:16.987Z,0.016904175704,2026-06-03 08:28:16.987,8.963888888889
LED experiment,pioreactor02,2026-06-03T02:43:21.988Z,0.01670092489,2026-06-03 08:28:21.988,8.965277777778
LED experiment,pioreactor02,2026-06-03T02:43:26.987Z,0.016397576451,2026-06-03 08:28:26.987,8.966666666667
LED experiment,pioreactor02,2026-06-03T02:43:36.988Z,0.016492263045,2026-06-03 08:28:36.988,8.969444444444
LED experiment,pioreactor02,2026-06-03T02:43:46.989Z,0.016466174326,2026-06-03 08:28:46.989,8.972222222222
LED experiment,pioreactor02,2026-06-03T02:43:51.988Z,0.016388625087,2026-06-03 08:28:51.988,8.973611111111
LED experiment,pioreactor02,2026-06-03T02:44:01.987Z,0.016405506883,2026-06-03 08:29:01.987,8.976388888889
LED experiment,pioreactor02,2026-06-03T02:44:06.987Z,0.016081657749,2026-06-03 08:29:06.987,8.977777777778
LED experiment,pioreactor02,2026-06-03T02:44:11.991Z,0.015770986519,2026-06-03 08:29:11.991,8.979166666667
LED experiment,pioreactor02,2026-06-03T02:44:16.989Z,0.015580896244,2026-06-03 08:29:16.989,8.980555555556
LED experiment,pioreactor02,2026-06-03T02:44:21.986Z,0.01527498215,2026-06-03 08:29:21.986,8.981944444444
LED experiment,pioreactor02,2026-06-03T02:44:26.988Z,0.015181751638,2026-06-03 08:29:26.988,8.983333333333
LED experiment,pioreactor02,2026-06-03T02:44:36.989Z,0.015109862286,2026-06-03 08:29:36.989,8.986111111111
LED experiment,pioreactor02,2026-06-03T02:44:41.988Z,0.014762916306,2026-06-03 08:29:41.988,8.9875
LED experiment,pioreactor02,2026-06-03T02:44:46.989Z,0.014519099941,2026-06-03 08:29:46.989,8.988888888889
LED experiment,pioreactor02,2026-06-03T02:44:51.990Z,0.014543259472,2026-06-03 08:29:51.990,8.990277777778
LED experiment,pioreactor02,2026-06-03T02:44:56.987Z,0.014155812803,2026-06-03 08:29:56.987,8.991666666667
LED experiment,pioreactor02,2026-06-03T02:45:01.991Z,0.013925420751,2026-06-03 08:30:01.991,8.993055555556
LED experiment,pioreactor02,2026-06-03T02:45:06.987Z,0.01366421278,2026-06-03 08:30:06.987,8.994444444444
LED experiment,pioreactor02,2026-06-03T02:45:11.988Z,0.013450732559,2026-06-03 08:30:11.988,8.995833333333
LED experiment,pioreactor02,2026-06-03T02:45:16.988Z,0.013249706544,2026-06-03 08:30:16.988,8.997222222222
LED experiment,pioreactor02,2026-06-03T02:45:31.988Z,0.013129501495,2026-06-03 08:30:31.988,9.001388888889
LED experiment,pioreactor02,2026-06-03T02:45:36.987Z,0.012906635726,2026-06-03 08:30:36.987,9.002777777778
LED experiment,pioreactor02,2026-06-03T02:45:46.988Z,0.012726022665,2026-06-03 08:30:46.988,9.005555555556
LED experiment,pioreactor02,2026-06-03T02:45:56.989Z,0.012475873274,2026-06-03 08:30:56.989,9.008333333333
LED experiment,pioreactor02,2026-06-03T02:46:01.987Z,0.012322602216,2026-06-03 08:31:01.987,9.009722222222
LED experiment,pioreactor02,2026-06-03T02:46:06.989Z,0.012056864718,2026-06-03 08:31:06.989,9.011111111111
LED experiment,pioreactor02,2026-06-03T02:46:11.987Z,0.011935905675,2026-06-03 08:31:11.987,9.0125
LED experiment,pioreactor02,2026-06-03T02:46:16.989Z,0.011878957123,2026-06-03 08:31:16.989,9.013888888889
LED experiment,pioreactor02,2026-06-03T02:46:21.987Z,0.011716338441,2026-06-03 08:31:21.987,9.015277777778
LED experiment,pioreactor02,2026-06-03T02:46:31.989Z,0.011494218166,2026-06-03 08:31:31.989,9.018055555556
LED experiment,pioreactor02,2026-06-03T02:46:36.988Z,0.011243837968,2026-06-03 08:31:36.988,9.019444444444
LED experiment,pioreactor02,2026-06-03T02:46:41.988Z,0.011104443883,2026-06-03 08:31:41.988,9.020833333333
LED experiment,pioreactor02,2026-06-03T02:46:46.988Z,0.010887057876,2026-06-03 08:31:46.988,9.022222222222
LED experiment,pioreactor02,2026-06-03T02:46:51.989Z,0.010639725059,2026-06-03 08:31:51.989,9.023611111111
LED experiment,pioreactor02,2026-06-03T02:46:56.989Z,0.010488358695,2026-06-03 08:31:56.989,9.025
LED experiment,pioreactor02,2026-06-03T02:47:01.986Z,0.01032218072,2026-06-03 08:32:01.986,9.026388888889
LED experiment,pioreactor02,2026-06-03T02:47:06.986Z,0.010117288468,2026-06-03 08:32:06.986,9.027777777778
LED experiment,pioreactor02,2026-06-03T02:47:11.989Z,0.009789720393,2026-06-03 08:32:11.989,9.029166666667
LED experiment,pioreactor02,2026-06-03T02:47:16.988Z,0.009789720393,2026-06-03 08:32:16.988,9.030555555556
LED experiment,pioreactor02,2026-06-03T02:47:21.987Z,0.009789720393,2026-06-03 08:32:21.987,9.031944444444
LED experiment,pioreactor02,2026-06-03T02:47:31.993Z,0.009789720393,2026-06-03 08:32:31.993,9.034722222222
LED experiment,pioreactor02,2026-06-03T02:47:36.990Z,0.009789719801,2026-06-03 08:32:36.990,9.036111111111
LED experiment,pioreactor02,2026-06-03T02:47:46.988Z,0.009791476256,2026-06-03 08:32:46.988,9.038888888889
LED experiment,pioreactor02,2026-06-03T02:47:51.989Z,0.009792717058,2026-06-03 08:32:51.989,9.040277777778
LED experiment,pioreactor02,2026-06-03T02:47:56.991Z,0.009795113076,2026-06-03 08:32:56.991,9.041666666667
LED experiment,pioreactor02,2026-06-03T02:48:01.988Z,0.009792386505,2026-06-03 08:33:01.988,9.043055555556
LED experiment,pioreactor02,2026-06-03T02:48:06.988Z,0.009788799131,2026-06-03 08:33:06.988,9.044444444444
LED experiment,pioreactor02,2026-06-03T02:48:11.988Z,0.009785067335,2026-06-03 08:33:11.988,9.045833333333
LED experiment,pioreactor02,2026-06-03T02:48:16.987Z,0.009786342178,2026-06-03 08:33:16.987,9.047222222222
LED experiment,pioreactor02,2026-06-03T02:48:21.986Z,0.009792159803,2026-06-03 08:33:21.986,9.048611111111
LED experiment,pioreactor02,2026-06-03T02:48:26.986Z,0.009794056303,2026-06-03 08:33:26.986,9.05
LED experiment,pioreactor02,2026-06-03T02:48:31.987Z,0.009796990181,2026-06-03 08:33:31.987,9.051388888889
LED experiment,pioreactor02,2026-06-03T02:48:36.987Z,0.009790245664,2026-06-03 08:33:36.987,9.052777777778
LED experiment,pioreactor02,2026-06-03T02:48:41.986Z,0.009797904812,2026-06-03 08:33:41.986,9.054166666667
LED experiment,pioreactor02,2026-06-03T02:48:46.988Z,0.009809276066,2026-06-03 08:33:46.988,9.055555555556
LED experiment,pioreactor02,2026-06-03T02:48:51.988Z,0.009829509003,2026-06-03 08:33:51.988,9.056944444444
LED experiment,pioreactor02,2026-06-03T02:48:56.989Z,0.009821089465,2026-06-03 08:33:56.989,9.058333333333
LED experiment,pioreactor02,2026-06-03T02:49:01.987Z,0.009816914969,2026-06-03 08:34:01.987,9.059722222222
LED experiment,pioreactor02,2026-06-03T02:49:06.990Z,0.009816692241,2026-06-03 08:34:06.990,9.061111111111
LED experiment,pioreactor02,2026-06-03T02:49:11.988Z,0.009831927005,2026-06-03 08:34:11.988,9.0625
LED experiment,pioreactor02,2026-06-03T02:49:16.988Z,0.009815087982,2026-06-03 08:34:16.988,9.063888888889
LED experiment,pioreactor02,2026-06-03T02:49:21.988Z,0.009825047974,2026-06-03 08:34:21.988,9.065277777778
LED experiment,pioreactor02,2026-06-03T02:49:26.988Z,0.009823149526,2026-06-03 08:34:26.988,9.066666666667
LED experiment,pioreactor02,2026-06-03T02:49:31.989Z,0.009809617788,2026-06-03 08:34:31.989,9.068055555556
LED experiment,pioreactor02,2026-06-03T02:49:41.988Z,0.009805494151,2026-06-03 08:34:41.988,9.070833333333
LED experiment,pioreactor02,2026-06-03T02:49:46.987Z,0.009797113081,2026-06-03 08:34:46.987,9.072222222222
LED experiment,pioreactor02,2026-06-03T02:49:51.988Z,0.009779193002,2026-06-03 08:34:51.988,9.073611111111
LED experiment,pioreactor02,2026-06-03T02:49:56.987Z,0.009736322389,2026-06-03 08:34:56.987,9.075
LED experiment,pioreactor02,2026-06-03T02:50:01.990Z,0.009739037998,2026-06-03 08:35:01.990,9.076388888889
LED experiment,pioreactor02,2026-06-03T02:50:06.991Z,0.009751522828,2026-06-03 08:35:06.991,9.077777777778
LED experiment,pioreactor02,2026-06-03T02:50:11.987Z,0.009801297465,2026-06-03 08:35:11.987,9.079166666667
LED experiment,pioreactor02,2026-06-03T02:50:26.989Z,0.009852458264,2026-06-03 08:35:26.989,9.083333333333
LED experiment,pioreactor02,2026-06-03T02:50:31.990Z,0.009916783121,2026-06-03 08:35:31.990,9.084722222222
LED experiment,pioreactor02,2026-06-03T02:50:36.987Z,0.009954855478,2026-06-03 08:35:36.987,9.086111111111
LED experiment,pioreactor02,2026-06-03T02:50:41.987Z,0.009999787861,2026-06-03 08:35:41.987,9.0875
LED experiment,pioreactor02,2026-06-03T02:50:46.988Z,0.010012888842,2026-06-03 08:35:46.988,9.088888888889
LED experiment,pioreactor02,2026-06-03T02:50:56.987Z,0.010056923987,2026-06-03 08:35:56.987,9.091666666667
LED experiment,pioreactor02,2026-06-03T02:51:06.987Z,0.010042306505,2026-06-03 08:36:06.987,9.094444444444
LED experiment,pioreactor02,2026-06-03T02:51:16.989Z,0.010013872585,2026-06-03 08:36:16.989,9.097222222222
LED experiment,pioreactor02,2026-06-03T02:51:21.988Z,0.009939204038,2026-06-03 08:36:21.988,9.098611111111
LED experiment,pioreactor02,2026-06-03T02:51:26.989Z,0.009944507432,2026-06-03 08:36:26.989,9.1
LED experiment,pioreactor02,2026-06-03T02:51:31.987Z,0.009986054696,2026-06-03 08:36:31.987,9.101388888889
LED experiment,pioreactor02,2026-06-03T02:51:36.989Z,0.010022400231,2026-06-03 08:36:36.989,9.102777777778
LED experiment,pioreactor02,2026-06-03T02:51:46.988Z,0.009984791157,2026-06-03 08:36:46.988,9.105555555556
LED experiment,pioreactor02,2026-06-03T02:51:56.986Z,0.00997346919,2026-06-03 08:36:56.986,9.108333333333
LED experiment,pioreactor02,2026-06-03T02:52:06.990Z,0.009955527769,2026-06-03 08:37:06.990,9.111111111111
LED experiment,pioreactor02,2026-06-03T02:52:11.991Z,0.009974218413,2026-06-03 08:37:11.991,9.1125
LED experiment,pioreactor02,2026-06-03T02:52:16.986Z,0.009888618382,2026-06-03 08:37:16.986,9.113888888889
LED experiment,pioreactor02,2026-06-03T02:52:21.987Z,0.009730834403,2026-06-03 08:37:21.987,9.115277777778
LED experiment,pioreactor02,2026-06-03T02:52:31.988Z,0.009677704898,2026-06-03 08:37:31.988,9.118055555556
LED experiment,pioreactor02,2026-06-03T02:52:36.987Z,0.009592096628,2026-06-03 08:37:36.987,9.119444444444
LED experiment,pioreactor02,2026-06-03T02:52:46.988Z,0.009551976149,2026-06-03 08:37:46.988,9.122222222222
LED experiment,pioreactor02,2026-06-03T02:52:51.988Z,0.009491269866,2026-06-03 08:37:51.988,9.123611111111
LED experiment,pioreactor02,2026-06-03T02:52:56.988Z,0.00950781179,2026-06-03 08:37:56.988,9.125
LED experiment,pioreactor02,2026-06-03T02:53:01.989Z,0.00946021994,2026-06-03 08:38:01.989,9.126388888889
LED experiment,pioreactor02,2026-06-03T02:53:06.988Z,0.00937905619,2026-06-03 08:38:06.988,9.127777777778
LED experiment,pioreactor02,2026-06-03T02:53:11.988Z,0.009390527402,2026-06-03 08:38:11.988,9.129166666667
LED experiment,pioreactor02,2026-06-03T02:53:16.987Z,0.00934509171,2026-06-03 08:38:16.987,9.130555555556
LED experiment,pioreactor02,2026-06-03T02:53:31.989Z,0.009325059215,2026-06-03 08:38:31.989,9.134722222222
LED experiment,pioreactor02,2026-06-03T02:53:36.988Z,0.009343324791,2026-06-03 08:38:36.988,9.136111111111
LED experiment,pioreactor02,2026-06-03T02:53:41.986Z,0.009358436391,2026-06-03 08:38:41.986,9.1375
LED experiment,pioreactor02,2026-06-03T02:53:46.988Z,0.009396574807,2026-06-03 08:38:46.988,9.138888888889
LED experiment,pioreactor02,2026-06-03T02:53:51.987Z,0.009548310187,2026-06-03 08:38:51.987,9.140277777778
LED experiment,pioreactor02,2026-06-03T02:53:56.988Z,0.009704251177,2026-06-03 08:38:56.988,9.141666666667
LED experiment,pioreactor02,2026-06-03T02:54:01.989Z,0.009730488319,2026-06-03 08:39:01.989,9.143055555556
LED experiment,pioreactor02,2026-06-03T02:54:06.987Z,0.009811117989,2026-06-03 08:39:06.987,9.144444444444
LED experiment,pioreactor02,2026-06-03T02:54:16.987Z,0.009733963616,2026-06-03 08:39:16.987,9.147222222222
LED experiment,pioreactor02,2026-06-03T02:54:21.988Z,0.009692189364,2026-06-03 08:39:21.988,9.148611111111
LED experiment,pioreactor02,2026-06-03T02:54:31.988Z,0.009642574623,2026-06-03 08:39:31.988,9.151388888889
LED experiment,pioreactor02,2026-06-03T02:54:36.987Z,0.009670006268,2026-06-03 08:39:36.987,9.152777777778
LED experiment,pioreactor02,2026-06-03T02:54:41.989Z,0.009847541471,2026-06-03 08:39:41.989,9.154166666667
LED experiment,pioreactor02,2026-06-03T02:54:46.988Z,0.009861048113,2026-06-03 08:39:46.988,9.155555555556
LED experiment,pioreactor02,2026-06-03T02:54:51.987Z,0.009820412681,2026-06-03 08:39:51.987,9.156944444444
LED experiment,pioreactor02,2026-06-03T02:54:56.989Z,0.00976314163,2026-06-03 08:39:56.989,9.158333333333
LED experiment,pioreactor02,2026-06-03T02:55:01.991Z,0.00987882641,2026-06-03 08:40:01.991,9.159722222222
LED experiment,pioreactor02,2026-06-03T02:55:06.986Z,0.0099937674,2026-06-03 08:40:06.986,9.161111111111
LED experiment,pioreactor02,2026-06-03T02:55:11.988Z,0.010273619161,2026-06-03 08:40:11.988,9.1625
LED experiment,pioreactor02,2026-06-03T02:55:16.987Z,0.010451601855,2026-06-03 08:40:16.987,9.163888888889
LED experiment,pioreactor02,2026-06-03T02:55:21.988Z,0.010488093591,2026-06-03 08:40:21.988,9.165277777778
LED experiment,pioreactor02,2026-06-03T02:55:31.988Z,0.010464663838,2026-06-03 08:40:31.988,9.168055555556
LED experiment,pioreactor02,2026-06-03T02:55:36.990Z,0.010426326514,2026-06-03 08:40:36.990,9.169444444444
LED experiment,pioreactor02,2026-06-03T02:55:41.990Z,0.010227081429,2026-06-03 08:40:41.990,9.170833333333
LED experiment,pioreactor02,2026-06-03T02:55:46.987Z,0.010179552484,2026-06-03 08:40:46.987,9.172222222222
LED experiment,pioreactor02,2026-06-03T02:55:51.987Z,0.010298101395,2026-06-03 08:40:51.987,9.173611111111
LED experiment,pioreactor02,2026-06-03T02:55:56.988Z,0.010298090546,2026-06-03 08:40:56.988,9.175
LED experiment,pioreactor02,2026-06-03T02:56:01.990Z,0.010276442041,2026-06-03 08:41:01.990,9.176388888889
LED experiment,pioreactor02,2026-06-03T02:56:06.987Z,0.01042897259,2026-06-03 08:41:06.987,9.177777777778
LED experiment,pioreactor02,2026-06-03T02:56:16.987Z,0.01055148847,2026-06-03 08:41:16.987,9.180555555556
LED experiment,pioreactor02,2026-06-03T02:56:21.989Z,0.01049505172,2026-06-03 08:41:21.989,9.181944444444
LED experiment,pioreactor02,2026-06-03T02:56:26.989Z,0.010720953576,2026-06-03 08:41:26.989,9.183333333333
LED experiment,pioreactor02,2026-06-03T02:56:31.987Z,0.010855846088,2026-06-03 08:41:31.987,9.184722222222
LED experiment,pioreactor02,2026-06-03T02:56:36.988Z,0.010852117311,2026-06-03 08:41:36.988,9.186111111111
LED experiment,pioreactor02,2026-06-03T02:56:41.989Z,0.010945177131,2026-06-03 08:41:41.989,9.1875
LED experiment,pioreactor02,2026-06-03T02:56:46.986Z,0.01113838042,2026-06-03 08:41:46.986,9.188888888889
LED experiment,pioreactor02,2026-06-03T02:56:51.987Z,0.011215320089,2026-06-03 08:41:51.987,9.190277777778
LED experiment,pioreactor02,2026-06-03T02:57:01.987Z,0.011092210271,2026-06-03 08:42:01.987,9.193055555556
LED experiment,pioreactor02,2026-06-03T02:57:06.986Z,0.011077343742,2026-06-03 08:42:06.986,9.194444444444
LED experiment,pioreactor02,2026-06-03T02:57:16.988Z,0.01096766587,2026-06-03 08:42:16.988,9.197222222222
LED experiment,pioreactor02,2026-06-03T02:57:21.988Z,0.011116672986,2026-06-03 08:42:21.988,9.198611111111
LED experiment,pioreactor02,2026-06-03T02:57:26.988Z,0.01137527774,2026-06-03 08:42:26.988,9.2
LED experiment,pioreactor02,2026-06-03T02:57:31.989Z,0.011557562437,2026-06-03 08:42:31.989,9.201388888889
LED experiment,pioreactor02,2026-06-03T02:57:36.988Z,0.011663533708,2026-06-03 08:42:36.988,9.202777777778
LED experiment,pioreactor02,2026-06-03T02:57:46.988Z,0.011804934216,2026-06-03 08:42:46.988,9.205555555556
LED experiment,pioreactor02,2026-06-03T02:57:51.987Z,0.012117381236,2026-06-03 08:42:51.987,9.206944444444
LED experiment,pioreactor02,2026-06-03T02:58:06.988Z,0.01206949934,2026-06-03 08:43:06.988,9.211111111111
LED experiment,pioreactor02,2026-06-03T02:58:11.988Z,0.011626752649,2026-06-03 08:43:11.988,9.2125
LED experiment,pioreactor02,2026-06-03T02:58:16.986Z,0.011140284183,2026-06-03 08:43:16.986,9.213888888889
LED experiment,pioreactor02,2026-06-03T02:58:21.989Z,0.010997651462,2026-06-03 08:43:21.989,9.215277777778
LED experiment,pioreactor02,2026-06-03T02:58:31.987Z,0.010890029713,2026-06-03 08:43:31.987,9.218055555556
LED experiment,pioreactor02,2026-06-03T02:58:36.989Z,0.010800289628,2026-06-03 08:43:36.989,9.219444444444
LED experiment,pioreactor02,2026-06-03T02:58:41.988Z,0.010788833015,2026-06-03 08:43:41.988,9.220833333333
LED experiment,pioreactor02,2026-06-03T02:58:46.987Z,0.010941804124,2026-06-03 08:43:46.987,9.222222222222
LED experiment,pioreactor02,2026-06-03T02:58:51.989Z,0.011326558923,2026-06-03 08:43:51.989,9.223611111111
LED experiment,pioreactor02,2026-06-03T02:58:56.989Z,0.011449562805,2026-06-03 08:43:56.989,9.225
LED experiment,pioreactor02,2026-06-03T02:59:06.988Z,0.011493560341,2026-06-03 08:44:06.988,9.227777777778
LED experiment,pioreactor02,2026-06-03T02:59:11.989Z,0.011755061472,2026-06-03 08:44:11.989,9.229166666667
LED experiment,pioreactor02,2026-06-03T02:59:16.987Z,0.012125935471,2026-06-03 08:44:16.987,9.230555555556
LED experiment,pioreactor02,2026-06-03T02:59:26.989Z,0.012503231933,2026-06-03 08:44:26.989,9.233333333333
LED experiment,pioreactor02,2026-06-03T02:59:31.988Z,0.012722337139,2026-06-03 08:44:31.988,9.234722222222
LED experiment,pioreactor02,2026-06-03T02:59:36.988Z,0.01269312666,2026-06-03 08:44:36.988,9.236111111111
LED experiment,pioreactor02,2026-06-03T02:59:41.988Z,0.012418680891,2026-06-03 08:44:41.988,9.2375
LED experiment,pioreactor02,2026-06-03T02:59:46.989Z,0.012020520047,2026-06-03 08:44:46.989,9.238888888889
LED experiment,pioreactor02,2026-06-03T02:59:51.987Z,0.012042546516,2026-06-03 08:44:51.987,9.240277777778
LED experiment,pioreactor02,2026-06-03T03:00:01.990Z,0.011972851199,2026-06-03 08:45:01.990,9.243055555556
LED experiment,pioreactor02,2026-06-03T03:00:06.986Z,0.011878861742,2026-06-03 08:45:06.986,9.244444444444
LED experiment,pioreactor02,2026-06-03T03:00:11.988Z,0.011629791254,2026-06-03 08:45:11.988,9.245833333333
LED experiment,pioreactor02,2026-06-03T03:00:16.986Z,0.011532460026,2026-06-03 08:45:16.986,9.247222222222
LED experiment,pioreactor02,2026-06-03T03:00:21.988Z,0.011789263159,2026-06-03 08:45:21.988,9.248611111111
LED experiment,pioreactor02,2026-06-03T03:00:26.991Z,0.012210125649,2026-06-03 08:45:26.991,9.25
LED experiment,pioreactor02,2026-06-03T03:00:31.988Z,0.012283681376,2026-06-03 08:45:31.988,9.251388888889
LED experiment,pioreactor02,2026-06-03T03:00:36.988Z,0.011828660509,2026-06-03 08:45:36.988,9.252777777778
LED experiment,pioreactor02,2026-06-03T03:00:41.987Z,0.011906172302,2026-06-03 08:45:41.987,9.254166666667
LED experiment,pioreactor02,2026-06-03T03:00:46.987Z,0.011637040592,2026-06-03 08:45:46.987,9.255555555556
LED experiment,pioreactor02,2026-06-03T03:00:51.986Z,0.011501747449,2026-06-03 08:45:51.986,9.256944444444
LED experiment,pioreactor02,2026-06-03T03:00:56.987Z,0.011254182793,2026-06-03 08:45:56.987,9.258333333333
LED experiment,pioreactor02,2026-06-03T03:01:01.990Z,0.010934323279,2026-06-03 08:46:01.990,9.259722222222
LED experiment,pioreactor02,2026-06-03T03:01:06.988Z,0.010749710834,2026-06-03 08:46:06.988,9.261111111111
LED experiment,pioreactor02,2026-06-03T03:01:11.987Z,0.010993455325,2026-06-03 08:46:11.987,9.2625
LED experiment,pioreactor02,2026-06-03T03:01:16.988Z,0.011075602589,2026-06-03 08:46:16.988,9.263888888889
LED experiment,pioreactor02,2026-06-03T03:01:21.989Z,0.011205383622,2026-06-03 08:46:21.989,9.265277777778
LED experiment,pioreactor02,2026-06-03T03:01:26.989Z,0.011329613078,2026-06-03 08:46:26.989,9.266666666667
LED experiment,pioreactor02,2026-06-03T03:01:31.986Z,0.011101768932,2026-06-03 08:46:31.986,9.268055555556
LED experiment,pioreactor02,2026-06-03T03:01:36.987Z,0.010931161844,2026-06-03 08:46:36.987,9.269444444444
LED experiment,pioreactor02,2026-06-03T03:01:41.987Z,0.010801973021,2026-06-03 08:46:41.987,9.270833333333
LED experiment,pioreactor02,2026-06-03T03:01:51.987Z,0.010935862478,2026-06-03 08:46:51.987,9.273611111111
LED experiment,pioreactor02,2026-06-03T03:01:56.986Z,0.010553996645,2026-06-03 08:46:56.986,9.275
LED experiment,pioreactor02,2026-06-03T03:02:01.990Z,0.010401348165,2026-06-03 08:47:01.990,9.276388888889
LED experiment,pioreactor02,2026-06-03T03:02:06.987Z,0.010362164985,2026-06-03 08:47:06.987,9.277777777778
LED experiment,pioreactor02,2026-06-03T03:02:11.988Z,0.010437205722,2026-06-03 08:47:11.988,9.279166666667
LED experiment,pioreactor02,2026-06-03T03:02:16.987Z,0.010633054446,2026-06-03 08:47:16.987,9.280555555556
LED experiment,pioreactor02,2026-06-03T03:02:21.988Z,0.010756277227,2026-06-03 08:47:21.988,9.281944444444
LED experiment,pioreactor02,2026-06-03T03:02:26.987Z,0.010695036145,2026-06-03 08:47:26.987,9.283333333333
LED experiment,pioreactor02,2026-06-03T03:02:31.987Z,0.010442298837,2026-06-03 08:47:31.987,9.284722222222
LED experiment,pioreactor02,2026-06-03T03:02:41.987Z,0.010155630733,2026-06-03 08:47:41.987,9.2875
LED experiment,pioreactor02,2026-06-03T03:02:46.990Z,0.010310431261,2026-06-03 08:47:46.990,9.288888888889
LED experiment,pioreactor02,2026-06-03T03:03:01.986Z,0.010170838059,2026-06-03 08:48:01.986,9.293055555556
LED experiment,pioreactor02,2026-06-03T03:03:06.988Z,0.010181223805,2026-06-03 08:48:06.988,9.294444444444
LED experiment,pioreactor02,2026-06-03T03:03:11.988Z,0.010629244664,2026-06-03 08:48:11.988,9.295833333333
LED experiment,pioreactor02,2026-06-03T03:03:16.986Z,0.011127410896,2026-06-03 08:48:16.986,9.297222222222
LED experiment,pioreactor02,2026-06-03T03:03:21.987Z,0.011294974095,2026-06-03 08:48:21.987,9.298611111111
LED experiment,pioreactor02,2026-06-03T03:03:26.987Z,0.011267130445,2026-06-03 08:48:26.987,9.3
LED experiment,pioreactor02,2026-06-03T03:03:31.990Z,0.011153547972,2026-06-03 08:48:31.990,9.301388888889
LED experiment,pioreactor02,2026-06-03T03:03:41.987Z,0.011043230409,2026-06-03 08:48:41.987,9.304166666667
LED experiment,pioreactor02,2026-06-03T03:03:46.987Z,0.011623911146,2026-06-03 08:48:46.987,9.305555555556
LED experiment,pioreactor02,2026-06-03T03:03:51.987Z,0.011468818532,2026-06-03 08:48:51.987,9.306944444444
LED experiment,pioreactor02,2026-06-03T03:04:01.988Z,0.011849364302,2026-06-03 08:49:01.988,9.309722222222
LED experiment,pioreactor02,2026-06-03T03:04:06.988Z,0.011939969366,2026-06-03 08:49:06.988,9.311111111111
LED experiment,pioreactor02,2026-06-03T03:04:11.988Z,0.011715661081,2026-06-03 08:49:11.988,9.3125
LED experiment,pioreactor02,2026-06-03T03:04:16.989Z,0.011544296166,2026-06-03 08:49:16.989,9.313888888889
LED experiment,pioreactor02,2026-06-03T03:04:26.991Z,0.011619777569,2026-06-03 08:49:26.991,9.316666666667
LED experiment,pioreactor02,2026-06-03T03:04:36.987Z,0.011296850434,2026-06-03 08:49:36.987,9.319444444444
LED experiment,pioreactor02,2026-06-03T03:04:41.989Z,0.011536619461,2026-06-03 08:49:41.989,9.320833333333
LED experiment,pioreactor02,2026-06-03T03:04:51.988Z,0.011189255106,2026-06-03 08:49:51.988,9.323611111111
LED experiment,pioreactor02,2026-06-03T03:05:01.991Z,0.01061199199,2026-06-03 08:50:01.991,9.326388888889
LED experiment,pioreactor02,2026-06-03T03:05:06.987Z,0.010450190688,2026-06-03 08:50:06.987,9.327777777778
LED experiment,pioreactor02,2026-06-03T03:05:11.989Z,0.010430416624,2026-06-03 08:50:11.989,9.329166666667
LED experiment,pioreactor02,2026-06-03T03:05:21.990Z,0.010153782118,2026-06-03 08:50:21.990,9.331944444444
LED experiment,pioreactor02,2026-06-03T03:05:26.987Z,0.009754498602,2026-06-03 08:50:26.987,9.333333333333
LED experiment,pioreactor02,2026-06-03T03:05:31.991Z,0.009487074214,2026-06-03 08:50:31.991,9.334722222222
LED experiment,pioreactor02,2026-06-03T03:05:36.988Z,0.008953137949,2026-06-03 08:50:36.988,9.336111111111
LED experiment,pioreactor02,2026-06-03T03:05:46.988Z,0.008494310167,2026-06-03 08:50:46.988,9.338888888889
LED experiment,pioreactor02,2026-06-03T03:05:56.988Z,0.008016357911,2026-06-03 08:50:56.988,9.341666666667
LED experiment,pioreactor02,2026-06-03T03:06:01.992Z,0.007583554294,2026-06-03 08:51:01.992,9.343055555556
LED experiment,pioreactor02,2026-06-03T03:06:06.988Z,0.007577311185,2026-06-03 08:51:06.988,9.344444444444
LED experiment,pioreactor02,2026-06-03T03:06:11.988Z,0.007630116173,2026-06-03 08:51:11.988,9.345833333333
LED experiment,pioreactor02,2026-06-03T03:06:16.988Z,0.007319408732,2026-06-03 08:51:16.988,9.347222222222
LED experiment,pioreactor02,2026-06-03T03:06:26.987Z,0.00730686725,2026-06-03 08:51:26.987,9.35
LED experiment,pioreactor02,2026-06-03T03:06:31.987Z,0.007228573015,2026-06-03 08:51:31.987,9.351388888889
LED experiment,pioreactor02,2026-06-03T03:06:41.987Z,0.006815150337,2026-06-03 08:51:41.987,9.354166666667
LED experiment,pioreactor02,2026-06-03T03:07:01.989Z,0.006697221177,2026-06-03 08:52:01.989,9.359722222222
LED experiment,pioreactor02,2026-06-03T03:07:11.986Z,0.006703190522,2026-06-03 08:52:11.986,9.3625
LED experiment,pioreactor02,2026-06-03T03:07:21.988Z,0.006613618467,2026-06-03 08:52:21.988,9.365277777778
LED experiment,pioreactor02,2026-06-03T03:07:36.987Z,0.006579396934,2026-06-03 08:52:36.987,9.369444444444
LED experiment,pioreactor02,2026-06-03T03:07:41.987Z,0.006645277682,2026-06-03 08:52:41.987,9.370833333333
LED experiment,pioreactor02,2026-06-03T03:07:46.988Z,0.006584476195,2026-06-03 08:52:46.988,9.372222222222
LED experiment,pioreactor02,2026-06-03T03:07:51.987Z,0.006473882871,2026-06-03 08:52:51.987,9.373611111111
LED experiment,pioreactor02,2026-06-03T03:07:56.990Z,0.006110685234,2026-06-03 08:52:56.990,9.375
LED experiment,pioreactor02,2026-06-03T03:08:01.989Z,0.005532979766,2026-06-03 08:53:01.989,9.376388888889
LED experiment,pioreactor02,2026-06-03T03:08:11.986Z,0.005602877869,2026-06-03 08:53:11.986,9.379166666667
LED experiment,pioreactor02,2026-06-03T03:08:26.988Z,0.005162797408,2026-06-03 08:53:26.988,9.383333333333
LED experiment,pioreactor02,2026-06-03T03:08:31.987Z,0.005075536648,2026-06-03 08:53:31.987,9.384722222222
LED experiment,pioreactor02,2026-06-03T03:08:36.988Z,0.005081591797,2026-06-03 08:53:36.988,9.386111111111
LED experiment,pioreactor02,2026-06-03T03:08:41.987Z,0.005324179676,2026-06-03 08:53:41.987,9.3875
LED experiment,pioreactor02,2026-06-03T03:08:46.989Z,0.005358110467,2026-06-03 08:53:46.989,9.388888888889
LED experiment,pioreactor02,2026-06-03T03:08:56.988Z,0.005103687601,2026-06-03 08:53:56.988,9.391666666667
LED experiment,pioreactor02,2026-06-03T03:09:01.988Z,0.005188174437,2026-06-03 08:54:01.988,9.393055555556
LED experiment,pioreactor02,2026-06-03T03:09:11.988Z,0.005520189998,2026-06-03 08:54:11.988,9.395833333333
LED experiment,pioreactor02,2026-06-03T03:09:21.989Z,0.005509133341,2026-06-03 08:54:21.989,9.398611111111
LED experiment,pioreactor02,2026-06-03T03:09:26.987Z,0.005597569899,2026-06-03 08:54:26.987,9.4
LED experiment,pioreactor02,2026-06-03T03:09:31.988Z,0.006064218965,2026-06-03 08:54:31.988,9.401388888889
LED experiment,pioreactor02,2026-06-03T03:09:36.987Z,0.006282319369,2026-06-03 08:54:36.987,9.402777777778
LED experiment,pioreactor02,2026-06-03T03:09:46.986Z,0.006678107269,2026-06-03 08:54:46.986,9.405555555556
LED experiment,pioreactor02,2026-06-03T03:09:51.988Z,0.007032422206,2026-06-03 08:54:51.988,9.406944444444
LED experiment,pioreactor02,2026-06-03T03:09:56.989Z,0.00720145923,2026-06-03 08:54:56.989,9.408333333333
LED experiment,pioreactor02,2026-06-03T03:10:01.994Z,0.007005040665,2026-06-03 08:55:01.994,9.409722222222
LED experiment,pioreactor02,2026-06-03T03:10:11.989Z,0.006998650618,2026-06-03 08:55:11.989,9.4125
LED experiment,pioreactor02,2026-06-03T03:10:16.989Z,0.007289782546,2026-06-03 08:55:16.989,9.413888888889
LED experiment,pioreactor02,2026-06-03T03:10:21.987Z,0.007675395028,2026-06-03 08:55:21.987,9.415277777778
LED experiment,pioreactor02,2026-06-03T03:10:26.986Z,0.007840678524,2026-06-03 08:55:26.986,9.416666666667
LED experiment,pioreactor02,2026-06-03T03:10:31.988Z,0.008213785406,2026-06-03 08:55:31.988,9.418055555556
LED experiment,pioreactor02,2026-06-03T03:10:36.988Z,0.008263351094,2026-06-03 08:55:36.988,9.419444444444
LED experiment,pioreactor02,2026-06-03T03:10:41.989Z,0.008470980479,2026-06-03 08:55:41.989,9.420833333333
LED experiment,pioreactor02,2026-06-03T03:10:46.987Z,0.008746616473,2026-06-03 08:55:46.987,9.422222222222
LED experiment,pioreactor02,2026-06-03T03:10:51.987Z,0.00880086605,2026-06-03 08:55:51.987,9.423611111111
LED experiment,pioreactor02,2026-06-03T03:11:01.987Z,0.008778252809,2026-06-03 08:56:01.987,9.426388888889
LED experiment,pioreactor02,2026-06-03T03:11:06.988Z,0.009076848968,2026-06-03 08:56:06.988,9.427777777778
LED experiment,pioreactor02,2026-06-03T03:11:16.988Z,0.008940585314,2026-06-03 08:56:16.988,9.430555555556
LED experiment,pioreactor02,2026-06-03T03:11:21.989Z,0.008929286944,2026-06-03 08:56:21.989,9.431944444444
LED experiment,pioreactor02,2026-06-03T03:11:26.989Z,0.008935537182,2026-06-03 08:56:26.989,9.433333333333
LED experiment,pioreactor02,2026-06-03T03:11:31.987Z,0.008456560044,2026-06-03 08:56:31.987,9.434722222222
LED experiment,pioreactor02,2026-06-03T03:11:36.988Z,0.008474639613,2026-06-03 08:56:36.988,9.436111111111
LED experiment,pioreactor02,2026-06-03T03:11:46.987Z,0.008788241867,2026-06-03 08:56:46.987,9.438888888889
LED experiment,pioreactor02,2026-06-03T03:11:51.987Z,0.009222330459,2026-06-03 08:56:51.987,9.440277777778
LED experiment,pioreactor02,2026-06-03T03:11:56.987Z,0.009174564403,2026-06-03 08:56:56.987,9.441666666667
LED experiment,pioreactor02,2026-06-03T03:12:06.988Z,0.009207863383,2026-06-03 08:57:06.988,9.444444444444
LED experiment,pioreactor02,2026-06-03T03:12:11.989Z,0.00925029989,2026-06-03 08:57:11.989,9.445833333333
LED experiment,pioreactor02,2026-06-03T03:12:16.988Z,0.009163728865,2026-06-03 08:57:16.988,9.447222222222
LED experiment,pioreactor02,2026-06-03T03:12:21.989Z,0.008935404347,2026-06-03 08:57:21.989,9.448611111111
LED experiment,pioreactor02,2026-06-03T03:12:26.987Z,0.008731226414,2026-06-03 08:57:26.987,9.45
LED experiment,pioreactor02,2026-06-03T03:12:31.987Z,0.008446822922,2026-06-03 08:57:31.987,9.451388888889
LED experiment,pioreactor02,2026-06-03T03:12:36.988Z,0.008240783773,2026-06-03 08:57:36.988,9.452777777778
LED experiment,pioreactor02,2026-06-03T03:12:41.989Z,0.008084610963,2026-06-03 08:57:41.989,9.454166666667
LED experiment,pioreactor02,2026-06-03T03:12:46.988Z,0.007915465211,2026-06-03 08:57:46.988,9.455555555556
LED experiment,pioreactor02,2026-06-03T03:12:56.989Z,0.008169391021,2026-06-03 08:57:56.989,9.458333333333
LED experiment,pioreactor02,2026-06-03T03:13:01.987Z,0.008277708594,2026-06-03 08:58:01.987,9.459722222222
LED experiment,pioreactor02,2026-06-03T03:13:11.987Z,0.00870424169,2026-06-03 08:58:11.987,9.4625
LED experiment,pioreactor02,2026-06-03T03:13:16.987Z,0.008597444925,2026-06-03 08:58:16.987,9.463888888889
LED experiment,pioreactor02,2026-06-03T03:13:21.987Z,0.008597579153,2026-06-03 08:58:21.987,9.465277777778
LED experiment,pioreactor02,2026-06-03T03:13:26.988Z,0.008691874773,2026-06-03 08:58:26.988,9.466666666667
LED experiment,pioreactor02,2026-06-03T03:13:36.991Z,0.008950505775,2026-06-03 08:58:36.991,9.469444444444
LED experiment,pioreactor02,2026-06-03T03:13:41.988Z,0.008859879757,2026-06-03 08:58:41.988,9.470833333333
LED experiment,pioreactor02,2026-06-03T03:13:46.989Z,0.008902059261,2026-06-03 08:58:46.989,9.472222222222
LED experiment,pioreactor02,2026-06-03T03:13:51.988Z,0.008732894062,2026-06-03 08:58:51.988,9.473611111111
LED experiment,pioreactor02,2026-06-03T03:13:56.989Z,0.008740486475,2026-06-03 08:58:56.989,9.475
LED experiment,pioreactor02,2026-06-03T03:14:01.989Z,0.008669248399,2026-06-03 08:59:01.989,9.476388888889
LED experiment,pioreactor02,2026-06-03T03:14:06.987Z,0.008397190252,2026-06-03 08:59:06.987,9.477777777778
LED experiment,pioreactor02,2026-06-03T03:14:11.989Z,0.008499291402,2026-06-03 08:59:11.989,9.479166666667
LED experiment,pioreactor02,2026-06-03T03:14:16.987Z,0.008813439357,2026-06-03 08:59:16.987,9.480555555556
LED experiment,pioreactor02,2026-06-03T03:14:21.989Z,0.008352588302,2026-06-03 08:59:21.989,9.481944444444
LED experiment,pioreactor02,2026-06-03T03:14:26.989Z,0.008206877866,2026-06-03 08:59:26.989,9.483333333333
LED experiment,pioreactor02,2026-06-03T03:14:31.989Z,0.008467234927,2026-06-03 08:59:31.989,9.484722222222
LED experiment,pioreactor02,2026-06-03T03:14:36.988Z,0.008398727516,2026-06-03 08:59:36.988,9.486111111111
LED experiment,pioreactor02,2026-06-03T03:14:41.987Z,0.008391396933,2026-06-03 08:59:41.987,9.4875
LED experiment,pioreactor02,2026-06-03T03:14:46.988Z,0.008666684571,2026-06-03 08:59:46.988,9.488888888889
LED experiment,pioreactor02,2026-06-03T03:14:51.987Z,0.008620117148,2026-06-03 08:59:51.987,9.490277777778
LED experiment,pioreactor02,2026-06-03T03:14:56.989Z,0.008364866236,2026-06-03 08:59:56.989,9.491666666667
LED experiment,pioreactor02,2026-06-03T03:15:01.991Z,0.008353482313,2026-06-03 09:00:01.991,9.493055555556
LED experiment,pioreactor02,2026-06-03T03:15:06.987Z,0.008359290826,2026-06-03 09:00:06.987,9.494444444444
LED experiment,pioreactor02,2026-06-03T03:15:16.987Z,0.008280665622,2026-06-03 09:00:16.987,9.497222222222
LED experiment,pioreactor02,2026-06-03T03:15:21.988Z,0.008206378345,2026-06-03 09:00:21.988,9.498611111111
LED experiment,pioreactor02,2026-06-03T03:15:26.990Z,0.008565608501,2026-06-03 09:00:26.990,9.5
LED experiment,pioreactor02,2026-06-03T03:15:31.987Z,0.008462148607,2026-06-03 09:00:31.987,9.501388888889
LED experiment,pioreactor02,2026-06-03T03:15:36.989Z,0.008560402431,2026-06-03 09:00:36.989,9.502777777778
LED experiment,pioreactor02,2026-06-03T03:15:41.986Z,0.008976552391,2026-06-03 09:00:41.986,9.504166666667
LED experiment,pioreactor02,2026-06-03T03:15:51.989Z,0.008891381076,2026-06-03 09:00:51.989,9.506944444444
LED experiment,pioreactor02,2026-06-03T03:15:56.988Z,0.009126248261,2026-06-03 09:00:56.988,9.508333333333
LED experiment,pioreactor02,2026-06-03T03:16:01.987Z,0.00931977338,2026-06-03 09:01:01.987,9.509722222222
LED experiment,pioreactor02,2026-06-03T03:16:06.989Z,0.009208023175,2026-06-03 09:01:06.989,9.511111111111
LED experiment,pioreactor02,2026-06-03T03:16:16.987Z,0.009528388435,2026-06-03 09:01:16.987,9.513888888889
LED experiment,pioreactor02,2026-06-03T03:16:21.986Z,0.009207011371,2026-06-03 09:01:21.986,9.515277777778
LED experiment,pioreactor02,2026-06-03T03:16:26.988Z,0.009021974079,2026-06-03 09:01:26.988,9.516666666667
LED experiment,pioreactor02,2026-06-03T03:16:36.989Z,0.009192464514,2026-06-03 09:01:36.989,9.519444444444
LED experiment,pioreactor02,2026-06-03T03:16:41.988Z,0.009004275776,2026-06-03 09:01:41.988,9.520833333333
LED experiment,pioreactor02,2026-06-03T03:16:46.988Z,0.008827129521,2026-06-03 09:01:46.988,9.522222222222
LED experiment,pioreactor02,2026-06-03T03:16:51.987Z,0.009118906752,2026-06-03 09:01:51.987,9.523611111111
LED experiment,pioreactor02,2026-06-03T03:16:56.990Z,0.009429477126,2026-06-03 09:01:56.990,9.525
LED experiment,pioreactor02,2026-06-03T03:17:06.987Z,0.009516698352,2026-06-03 09:02:06.987,9.527777777778
LED experiment,pioreactor02,2026-06-03T03:17:11.987Z,0.009793637406,2026-06-03 09:02:11.987,9.529166666667
LED experiment,pioreactor02,2026-06-03T03:17:16.989Z,0.009980529796,2026-06-03 09:02:16.989,9.530555555556
LED experiment,pioreactor02,2026-06-03T03:17:26.989Z,0.009995326854,2026-06-03 09:02:26.989,9.533333333333
LED experiment,pioreactor02,2026-06-03T03:17:31.988Z,0.01023838707,2026-06-03 09:02:31.988,9.534722222222
LED experiment,pioreactor02,2026-06-03T03:17:36.987Z,0.010335212488,2026-06-03 09:02:36.987,9.536111111111
LED experiment,pioreactor02,2026-06-03T03:17:41.992Z,0.010374933374,2026-06-03 09:02:41.992,9.5375
LED experiment,pioreactor02,2026-06-03T03:17:46.988Z,0.010225717006,2026-06-03 09:02:46.988,9.538888888889
LED experiment,pioreactor02,2026-06-03T03:17:51.988Z,0.009948687954,2026-06-03 09:02:51.988,9.540277777778
LED experiment,pioreactor02,2026-06-03T03:17:56.988Z,0.009734098306,2026-06-03 09:02:56.988,9.541666666667
LED experiment,pioreactor02,2026-06-03T03:18:01.988Z,0.009669483057,2026-06-03 09:03:01.988,9.543055555556
LED experiment,pioreactor02,2026-06-03T03:18:11.990Z,0.009730359425,2026-06-03 09:03:11.990,9.545833333333
LED experiment,pioreactor02,2026-06-03T03:18:21.989Z,0.009829998468,2026-06-03 09:03:21.989,9.548611111111
LED experiment,pioreactor02,2026-06-03T03:18:26.989Z,0.009952109345,2026-06-03 09:03:26.989,9.55
LED experiment,pioreactor02,2026-06-03T03:18:31.987Z,0.010233331087,2026-06-03 09:03:31.987,9.551388888889
LED experiment,pioreactor02,2026-06-03T03:18:36.987Z,0.010714547181,2026-06-03 09:03:36.987,9.552777777778
LED experiment,pioreactor02,2026-06-03T03:18:46.988Z,0.010910143423,2026-06-03 09:03:46.988,9.555555555556
LED experiment,pioreactor02,2026-06-03T03:18:51.988Z,0.011357522199,2026-06-03 09:03:51.988,9.556944444444
LED experiment,pioreactor02,2026-06-03T03:18:56.991Z,0.011527946644,2026-06-03 09:03:56.991,9.558333333333
LED experiment,pioreactor02,2026-06-03T03:19:06.987Z,0.011324136848,2026-06-03 09:04:06.987,9.561111111111
LED experiment,pioreactor02,2026-06-03T03:19:16.986Z,0.010918466814,2026-06-03 09:04:16.986,9.563888888889
LED experiment,pioreactor02,2026-06-03T03:19:21.988Z,0.01081207295,2026-06-03 09:04:21.988,9.565277777778
LED experiment,pioreactor02,2026-06-03T03:19:26.988Z,0.01058700138,2026-06-03 09:04:26.988,9.566666666667
LED experiment,pioreactor02,2026-06-03T03:19:31.988Z,0.010642916529,2026-06-03 09:04:31.988,9.568055555556
LED experiment,pioreactor02,2026-06-03T03:19:36.988Z,0.010723104646,2026-06-03 09:04:36.988,9.569444444444
LED experiment,pioreactor02,2026-06-03T03:19:41.988Z,0.010904258856,2026-06-03 09:04:41.988,9.570833333333
LED experiment,pioreactor02,2026-06-03T03:19:46.986Z,0.011086685919,2026-06-03 09:04:46.986,9.572222222222
LED experiment,pioreactor02,2026-06-03T03:19:51.989Z,0.010778512475,2026-06-03 09:04:51.989,9.573611111111
LED experiment,pioreactor02,2026-06-03T03:19:56.987Z,0.010728640615,2026-06-03 09:04:56.987,9.575
LED experiment,pioreactor02,2026-06-03T03:20:01.991Z,0.010932465576,2026-06-03 09:05:01.991,9.576388888889
LED experiment,pioreactor02,2026-06-03T03:20:06.987Z,0.011099797995,2026-06-03 09:05:06.987,9.577777777778
LED experiment,pioreactor02,2026-06-03T03:20:11.990Z,0.011296890281,2026-06-03 09:05:11.990,9.579166666667
LED experiment,pioreactor02,2026-06-03T03:20:16.986Z,0.011419019238,2026-06-03 09:05:16.986,9.580555555556
LED experiment,pioreactor02,2026-06-03T03:20:26.986Z,0.011781672019,2026-06-03 09:05:26.986,9.583333333333
LED experiment,pioreactor02,2026-06-03T03:20:31.989Z,0.01195801437,2026-06-03 09:05:31.989,9.584722222222
LED experiment,pioreactor02,2026-06-03T03:20:36.990Z,0.012138124104,2026-06-03 09:05:36.990,9.586111111111
LED experiment,pioreactor02,2026-06-03T03:20:41.987Z,0.012319061398,2026-06-03 09:05:41.987,9.5875
LED experiment,pioreactor02,2026-06-03T03:20:46.986Z,0.01250117681,2026-06-03 09:05:46.986,9.588888888889
LED experiment,pioreactor02,2026-06-03T03:20:56.989Z,0.012867715814,2026-06-03 09:05:56.989,9.591666666667
LED experiment,pioreactor02,2026-06-03T03:21:01.989Z,0.013086830042,2026-06-03 09:06:01.989,9.593055555556
LED experiment,pioreactor02,2026-06-03T03:21:11.989Z,0.013202472215,2026-06-03 09:06:11.989,9.595833333333
LED experiment,pioreactor02,2026-06-03T03:21:16.987Z,0.01354634684,2026-06-03 09:06:16.987,9.597222222222
LED experiment,pioreactor02,2026-06-03T03:21:26.988Z,0.013752669486,2026-06-03 09:06:26.988,9.6
LED experiment,pioreactor02,2026-06-03T03:21:31.988Z,0.013826422246,2026-06-03 09:06:31.988,9.601388888889
LED experiment,pioreactor02,2026-06-03T03:21:36.990Z,0.013900338998,2026-06-03 09:06:36.990,9.602777777778
LED experiment,pioreactor02,2026-06-03T03:21:46.987Z,0.014078739643,2026-06-03 09:06:46.987,9.605555555556
LED experiment,pioreactor02,2026-06-03T03:21:56.987Z,0.013902920333,2026-06-03 09:06:56.987,9.608333333333
LED experiment,pioreactor02,2026-06-03T03:22:01.988Z,0.014085251715,2026-06-03 09:07:01.988,9.609722222222
LED experiment,pioreactor02,2026-06-03T03:22:11.990Z,0.014340769846,2026-06-03 09:07:11.990,9.6125
LED experiment,pioreactor02,2026-06-03T03:22:16.988Z,0.014663112629,2026-06-03 09:07:16.988,9.613888888889
LED experiment,pioreactor02,2026-06-03T03:22:21.988Z,0.014882899054,2026-06-03 09:07:21.988,9.615277777778
LED experiment,pioreactor02,2026-06-03T03:22:26.987Z,0.014739894493,2026-06-03 09:07:26.987,9.616666666667
LED experiment,pioreactor02,2026-06-03T03:22:31.989Z,0.014774123947,2026-06-03 09:07:31.989,9.618055555556
LED experiment,pioreactor02,2026-06-03T03:22:36.988Z,0.014601493989,2026-06-03 09:07:36.988,9.619444444444
LED experiment,pioreactor02,2026-06-03T03:22:41.988Z,0.014279152885,2026-06-03 09:07:41.988,9.620833333333
LED experiment,pioreactor02,2026-06-03T03:22:46.988Z,0.014088378246,2026-06-03 09:07:46.988,9.622222222222
LED experiment,pioreactor02,2026-06-03T03:22:56.988Z,0.014036846587,2026-06-03 09:07:56.988,9.625
LED experiment,pioreactor02,2026-06-03T03:23:01.987Z,0.013918911927,2026-06-03 09:08:01.987,9.626388888889
LED experiment,pioreactor02,2026-06-03T03:23:06.987Z,0.013735872612,2026-06-03 09:08:06.987,9.627777777778
LED experiment,pioreactor02,2026-06-03T03:23:16.987Z,0.013771435089,2026-06-03 09:08:16.987,9.630555555556
LED experiment,pioreactor02,2026-06-03T03:23:21.989Z,0.013550876915,2026-06-03 09:08:21.989,9.631944444444
LED experiment,pioreactor02,2026-06-03T03:23:31.987Z,0.013634561612,2026-06-03 09:08:31.987,9.634722222222
LED experiment,pioreactor02,2026-06-03T03:23:36.988Z,0.013805328161,2026-06-03 09:08:36.988,9.636111111111
LED experiment,pioreactor02,2026-06-03T03:23:41.987Z,0.013915619407,2026-06-03 09:08:41.987,9.6375
LED experiment,pioreactor02,2026-06-03T03:23:46.988Z,0.014317511083,2026-06-03 09:08:46.988,9.638888888889
LED experiment,pioreactor02,2026-06-03T03:23:51.987Z,0.014594892877,2026-06-03 09:08:51.987,9.640277777778
LED experiment,pioreactor02,2026-06-03T03:23:56.989Z,0.014664215485,2026-06-03 09:08:56.989,9.641666666667
LED experiment,pioreactor02,2026-06-03T03:24:06.988Z,0.01437645128,2026-06-03 09:09:06.988,9.644444444444
LED experiment,pioreactor02,2026-06-03T03:24:11.987Z,0.014513300607,2026-06-03 09:09:11.987,9.645833333333
LED experiment,pioreactor02,2026-06-03T03:24:16.989Z,0.014412302308,2026-06-03 09:09:16.989,9.647222222222
LED experiment,pioreactor02,2026-06-03T03:24:26.987Z,0.014238548823,2026-06-03 09:09:26.987,9.65
LED experiment,pioreactor02,2026-06-03T03:24:31.989Z,0.014266465808,2026-06-03 09:09:31.989,9.651388888889
LED experiment,pioreactor02,2026-06-03T03:24:36.987Z,0.014555254017,2026-06-03 09:09:36.987,9.652777777778
LED experiment,pioreactor02,2026-06-03T03:24:46.988Z,0.014785651561,2026-06-03 09:09:46.988,9.655555555556
LED experiment,pioreactor02,2026-06-03T03:24:56.986Z,0.014767687185,2026-06-03 09:09:56.986,9.658333333333
LED experiment,pioreactor02,2026-06-03T03:25:01.991Z,0.014768101105,2026-06-03 09:10:01.991,9.659722222222
LED experiment,pioreactor02,2026-06-03T03:25:06.988Z,0.014761043557,2026-06-03 09:10:06.988,9.661111111111
LED experiment,pioreactor02,2026-06-03T03:25:11.987Z,0.014919660562,2026-06-03 09:10:11.987,9.6625
LED experiment,pioreactor02,2026-06-03T03:25:16.986Z,0.014558560691,2026-06-03 09:10:16.986,9.663888888889
LED experiment,pioreactor02,2026-06-03T03:25:21.986Z,0.014436045892,2026-06-03 09:10:21.986,9.665277777778
LED experiment,pioreactor02,2026-06-03T03:25:31.989Z,0.014792912157,2026-06-03 09:10:31.989,9.668055555556
LED experiment,pioreactor02,2026-06-03T03:25:36.988Z,0.014870321737,2026-06-03 09:10:36.988,9.669444444444
LED experiment,pioreactor02,2026-06-03T03:25:41.988Z,0.015033574384,2026-06-03 09:10:41.988,9.670833333333
LED experiment,pioreactor02,2026-06-03T03:25:51.989Z,0.015175855125,2026-06-03 09:10:51.989,9.673611111111
LED experiment,pioreactor02,2026-06-03T03:26:01.988Z,0.015543642123,2026-06-03 09:11:01.988,9.676388888889
LED experiment,pioreactor02,2026-06-03T03:26:06.986Z,0.016021162788,2026-06-03 09:11:06.986,9.677777777778
LED experiment,pioreactor02,2026-06-03T03:26:11.987Z,0.016203002946,2026-06-03 09:11:11.987,9.679166666667
LED experiment,pioreactor02,2026-06-03T03:26:16.987Z,0.016191967544,2026-06-03 09:11:16.987,9.680555555556
LED experiment,pioreactor02,2026-06-03T03:26:26.987Z,0.016290811158,2026-06-03 09:11:26.987,9.683333333333
LED experiment,pioreactor02,2026-06-03T03:26:31.988Z,0.016182986343,2026-06-03 09:11:31.988,9.684722222222
LED experiment,pioreactor02,2026-06-03T03:26:36.987Z,0.016087120568,2026-06-03 09:11:36.987,9.686111111111
LED experiment,pioreactor02,2026-06-03T03:26:51.987Z,0.016362515362,2026-06-03 09:11:51.987,9.690277777778
LED experiment,pioreactor02,2026-06-03T03:26:56.988Z,0.016742938215,2026-06-03 09:11:56.988,9.691666666667
LED experiment,pioreactor02,2026-06-03T03:27:01.988Z,0.017129528102,2026-06-03 09:12:01.988,9.693055555556
LED experiment,pioreactor02,2026-06-03T03:27:06.987Z,0.017528049281,2026-06-03 09:12:06.987,9.694444444444
LED experiment,pioreactor02,2026-06-03T03:27:11.988Z,0.017862370565,2026-06-03 09:12:11.988,9.695833333333
LED experiment,pioreactor02,2026-06-03T03:27:16.989Z,0.018083045191,2026-06-03 09:12:16.989,9.697222222222
LED experiment,pioreactor02,2026-06-03T03:27:21.988Z,0.018200446487,2026-06-03 09:12:21.988,9.698611111111
LED experiment,pioreactor02,2026-06-03T03:27:26.987Z,0.018317604492,2026-06-03 09:12:26.987,9.7
LED experiment,pioreactor02,2026-06-03T03:27:31.989Z,0.018455689475,2026-06-03 09:12:31.989,9.701388888889
LED experiment,pioreactor02,2026-06-03T03:27:36.988Z,0.018363009099,2026-06-03 09:12:36.988,9.702777777778
LED experiment,pioreactor02,2026-06-03T03:27:41.988Z,0.01842093098,2026-06-03 09:12:41.988,9.704166666667
LED experiment,pioreactor02,2026-06-03T03:27:46.988Z,0.018640218036,2026-06-03 09:12:46.988,9.705555555556
LED experiment,pioreactor02,2026-06-03T03:28:01.989Z,0.018713844619,2026-06-03 09:13:01.989,9.709722222222
LED experiment,pioreactor02,2026-06-03T03:28:06.988Z,0.018880172395,2026-06-03 09:13:06.988,9.711111111111
LED experiment,pioreactor02,2026-06-03T03:28:11.987Z,0.019042720339,2026-06-03 09:13:11.987,9.7125
LED experiment,pioreactor02,2026-06-03T03:28:21.987Z,0.019236883585,2026-06-03 09:13:21.987,9.715277777778
LED experiment,pioreactor02,2026-06-03T03:28:26.988Z,0.019517316864,2026-06-03 09:13:26.988,9.716666666667
LED experiment,pioreactor02,2026-06-03T03:28:31.987Z,0.019744581873,2026-06-03 09:13:31.987,9.718055555556
LED experiment,pioreactor02,2026-06-03T03:28:36.988Z,0.019906319758,2026-06-03 09:13:36.988,9.719444444444
LED experiment,pioreactor02,2026-06-03T03:28:41.987Z,0.020003104321,2026-06-03 09:13:41.987,9.720833333333
LED experiment,pioreactor02,2026-06-03T03:28:46.989Z,0.020041100161,2026-06-03 09:13:46.989,9.722222222222
LED experiment,pioreactor02,2026-06-03T03:28:51.989Z,0.020073101322,2026-06-03 09:13:51.989,9.723611111111
LED experiment,pioreactor02,2026-06-03T03:29:01.987Z,0.02028963353,2026-06-03 09:14:01.987,9.726388888889
LED experiment,pioreactor02,2026-06-03T03:29:06.987Z,0.020386751596,2026-06-03 09:14:06.987,9.727777777778
LED experiment,pioreactor02,2026-06-03T03:29:11.990Z,0.020190493843,2026-06-03 09:14:11.990,9.729166666667
LED experiment,pioreactor02,2026-06-03T03:29:16.987Z,0.019989528814,2026-06-03 09:14:16.987,9.730555555556
LED experiment,pioreactor02,2026-06-03T03:29:21.987Z,0.020094363121,2026-06-03 09:14:21.987,9.731944444444
LED experiment,pioreactor02,2026-06-03T03:29:26.988Z,0.020285402361,2026-06-03 09:14:26.988,9.733333333333
LED experiment,pioreactor02,2026-06-03T03:29:31.990Z,0.020358875097,2026-06-03 09:14:31.990,9.734722222222
LED experiment,pioreactor02,2026-06-03T03:29:41.988Z,0.020448305858,2026-06-03 09:14:41.988,9.7375
LED experiment,pioreactor02,2026-06-03T03:29:46.988Z,0.020496037573,2026-06-03 09:14:46.988,9.738888888889
LED experiment,pioreactor02,2026-06-03T03:29:51.986Z,0.020614814843,2026-06-03 09:14:51.986,9.740277777778
LED experiment,pioreactor02,2026-06-03T03:30:01.989Z,0.020939491212,2026-06-03 09:15:01.989,9.743055555556
LED experiment,pioreactor02,2026-06-03T03:30:06.987Z,0.02109788101,2026-06-03 09:15:06.987,9.744444444444
LED experiment,pioreactor02,2026-06-03T03:30:11.988Z,0.021362417489,2026-06-03 09:15:11.988,9.745833333333
LED experiment,pioreactor02,2026-06-03T03:30:21.987Z,0.021520886607,2026-06-03 09:15:21.987,9.748611111111
LED experiment,pioreactor02,2026-06-03T03:30:26.987Z,0.021667244251,2026-06-03 09:15:26.987,9.75
LED experiment,pioreactor02,2026-06-03T03:30:31.990Z,0.021883038668,2026-06-03 09:15:31.990,9.751388888889
LED experiment,pioreactor02,2026-06-03T03:30:36.988Z,0.022051181314,2026-06-03 09:15:36.988,9.752777777778
LED experiment,pioreactor02,2026-06-03T03:30:46.988Z,0.022107270388,2026-06-03 09:15:46.988,9.755555555556
LED experiment,pioreactor02,2026-06-03T03:30:51.987Z,0.022254827454,2026-06-03 09:15:51.987,9.756944444444
LED experiment,pioreactor02,2026-06-03T03:30:56.988Z,0.02226281969,2026-06-03 09:15:56.988,9.758333333333
LED experiment,pioreactor02,2026-06-03T03:31:06.987Z,0.022210625101,2026-06-03 09:16:06.987,9.761111111111
LED experiment,pioreactor02,2026-06-03T03:31:11.988Z,0.022268037727,2026-06-03 09:16:11.988,9.7625
LED experiment,pioreactor02,2026-06-03T03:31:16.987Z,0.022548214191,2026-06-03 09:16:16.987,9.763888888889
LED experiment,pioreactor02,2026-06-03T03:31:21.988Z,0.022681758765,2026-06-03 09:16:21.988,9.765277777778
LED experiment,pioreactor02,2026-06-03T03:31:31.986Z,0.022729358187,2026-06-03 09:16:31.986,9.768055555556
LED experiment,pioreactor02,2026-06-03T03:31:36.988Z,0.022838586315,2026-06-03 09:16:36.988,9.769444444444
LED experiment,pioreactor02,2026-06-03T03:31:41.986Z,0.023115172391,2026-06-03 09:16:41.986,9.770833333333
LED experiment,pioreactor02,2026-06-03T03:31:46.987Z,0.023398759556,2026-06-03 09:16:46.987,9.772222222222
LED experiment,pioreactor02,2026-06-03T03:31:56.988Z,0.023461268291,2026-06-03 09:16:56.988,9.775
LED experiment,pioreactor02,2026-06-03T03:32:01.988Z,0.023435567435,2026-06-03 09:17:01.988,9.776388888889
LED experiment,pioreactor02,2026-06-03T03:32:11.987Z,0.023675836099,2026-06-03 09:17:11.987,9.779166666667
LED experiment,pioreactor02,2026-06-03T03:32:16.987Z,0.023842721854,2026-06-03 09:17:16.987,9.780555555556
LED experiment,pioreactor02,2026-06-03T03:32:21.987Z,0.024050304461,2026-06-03 09:17:21.987,9.781944444444
LED experiment,pioreactor02,2026-06-03T03:32:26.989Z,0.02411348842,2026-06-03 09:17:26.989,9.783333333333
LED experiment,pioreactor02,2026-06-03T03:32:36.989Z,0.023834803562,2026-06-03 09:17:36.989,9.786111111111
LED experiment,pioreactor02,2026-06-03T03:32:41.988Z,0.023840502162,2026-06-03 09:17:41.988,9.7875
LED experiment,pioreactor02,2026-06-03T03:32:46.987Z,0.024183430899,2026-06-03 09:17:46.987,9.788888888889
LED experiment,pioreactor02,2026-06-03T03:32:51.989Z,0.024476237497,2026-06-03 09:17:51.989,9.790277777778
LED experiment,pioreactor02,2026-06-03T03:32:56.987Z,0.024436757597,2026-06-03 09:17:56.987,9.791666666667
LED experiment,pioreactor02,2026-06-03T03:33:06.990Z,0.024232062639,2026-06-03 09:18:06.990,9.794444444444
LED experiment,pioreactor02,2026-06-03T03:33:11.987Z,0.024059684823,2026-06-03 09:18:11.987,9.795833333333
LED experiment,pioreactor02,2026-06-03T03:33:21.987Z,0.024172530938,2026-06-03 09:18:21.987,9.798611111111
LED experiment,pioreactor02,2026-06-03T03:33:26.989Z,0.024428980053,2026-06-03 09:18:26.989,9.8
LED experiment,pioreactor02,2026-06-03T03:33:31.986Z,0.024671835861,2026-06-03 09:18:31.986,9.801388888889
LED experiment,pioreactor02,2026-06-03T03:33:36.987Z,0.024903291803,2026-06-03 09:18:36.987,9.802777777778
LED experiment,pioreactor02,2026-06-03T03:33:41.987Z,0.025177425622,2026-06-03 09:18:41.987,9.804166666667
LED experiment,pioreactor02,2026-06-03T03:33:46.987Z,0.025375165591,2026-06-03 09:18:46.987,9.805555555556
LED experiment,pioreactor02,2026-06-03T03:33:51.989Z,0.025736847576,2026-06-03 09:18:51.989,9.806944444444
LED experiment,pioreactor02,2026-06-03T03:33:56.988Z,0.026002135545,2026-06-03 09:18:56.988,9.808333333333
LED experiment,pioreactor02,2026-06-03T03:34:01.987Z,0.026151862958,2026-06-03 09:19:01.987,9.809722222222
LED experiment,pioreactor02,2026-06-03T03:34:11.989Z,0.026445355564,2026-06-03 09:19:11.989,9.8125
LED experiment,pioreactor02,2026-06-03T03:34:16.989Z,0.026820381941,2026-06-03 09:19:16.989,9.813888888889
LED experiment,pioreactor02,2026-06-03T03:34:21.989Z,0.027048937063,2026-06-03 09:19:21.989,9.815277777778
LED experiment,pioreactor02,2026-06-03T03:34:31.987Z,0.02715604823,2026-06-03 09:19:31.987,9.818055555556
LED experiment,pioreactor02,2026-06-03T03:34:36.988Z,0.027264392585,2026-06-03 09:19:36.988,9.819444444444
LED experiment,pioreactor02,2026-06-03T03:34:41.987Z,0.027219672851,2026-06-03 09:19:41.987,9.820833333333
LED experiment,pioreactor02,2026-06-03T03:34:46.989Z,0.027310831165,2026-06-03 09:19:46.989,9.822222222222
LED experiment,pioreactor02,2026-06-03T03:34:51.988Z,0.027491342044,2026-06-03 09:19:51.988,9.823611111111
LED experiment,pioreactor02,2026-06-03T03:35:01.992Z,0.027622749858,2026-06-03 09:20:01.992,9.826388888889
LED experiment,pioreactor02,2026-06-03T03:35:11.987Z,0.027802685352,2026-06-03 09:20:11.987,9.829166666667
LED experiment,pioreactor02,2026-06-03T03:35:16.988Z,0.027977151876,2026-06-03 09:20:16.988,9.830555555556
LED experiment,pioreactor02,2026-06-03T03:35:21.990Z,0.028111445949,2026-06-03 09:20:21.990,9.831944444444
LED experiment,pioreactor02,2026-06-03T03:35:31.990Z,0.028212768732,2026-06-03 09:20:31.990,9.834722222222
LED experiment,pioreactor02,2026-06-03T03:35:36.989Z,0.028243657134,2026-06-03 09:20:36.989,9.836111111111
LED experiment,pioreactor02,2026-06-03T03:35:41.989Z,0.028384982054,2026-06-03 09:20:41.989,9.8375
LED experiment,pioreactor02,2026-06-03T03:35:56.990Z,0.028583862418,2026-06-03 09:20:56.990,9.841666666667
LED experiment,pioreactor02,2026-06-03T03:36:01.988Z,0.028628640199,2026-06-03 09:21:01.988,9.843055555556
LED experiment,pioreactor02,2026-06-03T03:36:06.988Z,0.028792840104,2026-06-03 09:21:06.988,9.844444444444
LED experiment,pioreactor02,2026-06-03T03:36:11.989Z,0.028970601284,2026-06-03 09:21:11.989,9.845833333333
LED experiment,pioreactor02,2026-06-03T03:36:16.988Z,0.029246279989,2026-06-03 09:21:16.988,9.847222222222
LED experiment,pioreactor02,2026-06-03T03:36:21.988Z,0.02946328107,2026-06-03 09:21:21.988,9.848611111111
LED experiment,pioreactor02,2026-06-03T03:36:26.988Z,0.029126932485,2026-06-03 09:21:26.988,9.85
LED experiment,pioreactor02,2026-06-03T03:36:31.987Z,0.029166386132,2026-06-03 09:21:31.987,9.851388888889
LED experiment,pioreactor02,2026-06-03T03:36:36.987Z,0.029325920032,2026-06-03 09:21:36.987,9.852777777778
LED experiment,pioreactor02,2026-06-03T03:36:41.989Z,0.029222660847,2026-06-03 09:21:41.989,9.854166666667
LED experiment,pioreactor02,2026-06-03T03:36:46.987Z,0.029248970253,2026-06-03 09:21:46.987,9.855555555556
LED experiment,pioreactor02,2026-06-03T03:36:51.987Z,0.029405435836,2026-06-03 09:21:51.987,9.856944444444
LED experiment,pioreactor02,2026-06-03T03:36:56.989Z,0.029290008211,2026-06-03 09:21:56.989,9.858333333333
LED experiment,pioreactor02,2026-06-03T03:37:01.988Z,0.0292777052,2026-06-03 09:22:01.988,9.859722222222
LED experiment,pioreactor02,2026-06-03T03:37:11.987Z,0.029426660602,2026-06-03 09:22:11.987,9.8625
LED experiment,pioreactor02,2026-06-03T03:37:21.988Z,0.029566261112,2026-06-03 09:22:21.988,9.865277777778
LED experiment,pioreactor02,2026-06-03T03:37:26.988Z,0.029812227409,2026-06-03 09:22:26.988,9.866666666667
LED experiment,pioreactor02,2026-06-03T03:37:31.990Z,0.030007653574,2026-06-03 09:22:31.990,9.868055555556
LED experiment,pioreactor02,2026-06-03T03:37:36.987Z,0.030136204557,2026-06-03 09:22:36.987,9.869444444444
LED experiment,pioreactor02,2026-06-03T03:37:41.987Z,0.030288535823,2026-06-03 09:22:41.987,9.870833333333
LED experiment,pioreactor02,2026-06-03T03:37:46.989Z,0.030687174736,2026-06-03 09:22:46.989,9.872222222222
LED experiment,pioreactor02,2026-06-03T03:37:51.986Z,0.030993961219,2026-06-03 09:22:51.986,9.873611111111
LED experiment,pioreactor02,2026-06-03T03:37:56.989Z,0.031254977,2026-06-03 09:22:56.989,9.875
LED experiment,pioreactor02,2026-06-03T03:38:06.988Z,0.031482463393,2026-06-03 09:23:06.988,9.877777777778
LED experiment,pioreactor02,2026-06-03T03:38:11.988Z,0.031435014609,2026-06-03 09:23:11.988,9.879166666667
LED experiment,pioreactor02,2026-06-03T03:38:16.988Z,0.031379362791,2026-06-03 09:23:16.988,9.880555555556
LED experiment,pioreactor02,2026-06-03T03:38:21.989Z,0.031188367564,2026-06-03 09:23:21.989,9.881944444444
LED experiment,pioreactor02,2026-06-03T03:38:36.988Z,0.031113364436,2026-06-03 09:23:36.988,9.886111111111
LED experiment,pioreactor02,2026-06-03T03:38:41.988Z,0.030947147402,2026-06-03 09:23:41.988,9.8875
LED experiment,pioreactor02,2026-06-03T03:38:46.990Z,0.03085718965,2026-06-03 09:23:46.990,9.888888888889
LED experiment,pioreactor02,2026-06-03T03:38:51.988Z,0.030816617744,2026-06-03 09:23:51.988,9.890277777778
LED experiment,pioreactor02,2026-06-03T03:38:56.988Z,0.03100812653,2026-06-03 09:23:56.988,9.891666666667
LED experiment,pioreactor02,2026-06-03T03:39:01.989Z,0.031184470505,2026-06-03 09:24:01.989,9.893055555556
LED experiment,pioreactor02,2026-06-03T03:39:06.987Z,0.031297619626,2026-06-03 09:24:06.987,9.894444444444
LED experiment,pioreactor02,2026-06-03T03:39:11.988Z,0.031203801402,2026-06-03 09:24:11.988,9.895833333333
LED experiment,pioreactor02,2026-06-03T03:39:16.987Z,0.031440025731,2026-06-03 09:24:16.987,9.897222222222
LED experiment,pioreactor02,2026-06-03T03:39:21.987Z,0.031144107551,2026-06-03 09:24:21.987,9.898611111111
LED experiment,pioreactor02,2026-06-03T03:39:26.989Z,0.030991235008,2026-06-03 09:24:26.989,9.9
LED experiment,pioreactor02,2026-06-03T03:39:41.988Z,0.030575304676,2026-06-03 09:24:41.988,9.904166666667
LED experiment,pioreactor02,2026-06-03T03:39:46.988Z,0.030367845804,2026-06-03 09:24:46.988,9.905555555556
LED experiment,pioreactor02,2026-06-03T03:39:51.987Z,0.030165770613,2026-06-03 09:24:51.987,9.906944444444
LED experiment,pioreactor02,2026-06-03T03:39:56.987Z,0.030119473526,2026-06-03 09:24:56.987,9.908333333333
LED experiment,pioreactor02,2026-06-03T03:40:01.996Z,0.029675612875,2026-06-03 09:25:01.996,9.909722222222
LED experiment,pioreactor02,2026-06-03T03:40:06.987Z,0.029438915616,2026-06-03 09:25:06.987,9.911111111111
LED experiment,pioreactor02,2026-06-03T03:40:11.990Z,0.029235590717,2026-06-03 09:25:11.990,9.9125
LED experiment,pioreactor02,2026-06-03T03:40:16.988Z,0.029238702393,2026-06-03 09:25:16.988,9.913888888889
LED experiment,pioreactor02,2026-06-03T03:40:21.988Z,0.0290893131,2026-06-03 09:25:21.988,9.915277777778
LED experiment,pioreactor02,2026-06-03T03:40:26.989Z,0.029085313087,2026-06-03 09:25:26.989,9.916666666667
LED experiment,pioreactor02,2026-06-03T03:40:31.988Z,0.028758826748,2026-06-03 09:25:31.988,9.918055555556
LED experiment,pioreactor02,2026-06-03T03:40:36.992Z,0.028497580343,2026-06-03 09:25:36.992,9.919444444444
LED experiment,pioreactor02,2026-06-03T03:40:41.988Z,0.028217765032,2026-06-03 09:25:41.988,9.920833333333
LED experiment,pioreactor02,2026-06-03T03:40:46.988Z,0.027985443768,2026-06-03 09:25:46.988,9.922222222222
LED experiment,pioreactor02,2026-06-03T03:40:51.987Z,0.027865720334,2026-06-03 09:25:51.987,9.923611111111
LED experiment,pioreactor02,2026-06-03T03:40:56.988Z,0.027666538003,2026-06-03 09:25:56.988,9.925
LED experiment,pioreactor02,2026-06-03T03:41:01.987Z,0.027629710565,2026-06-03 09:26:01.987,9.926388888889
LED experiment,pioreactor02,2026-06-03T03:41:06.987Z,0.027735423574,2026-06-03 09:26:06.987,9.927777777778
LED experiment,pioreactor02,2026-06-03T03:41:11.989Z,0.027776669739,2026-06-03 09:26:11.989,9.929166666667
LED experiment,pioreactor02,2026-06-03T03:41:16.988Z,0.027580848354,2026-06-03 09:26:16.988,9.930555555556
LED experiment,pioreactor02,2026-06-03T03:41:21.989Z,0.027246058225,2026-06-03 09:26:21.989,9.931944444444
LED experiment,pioreactor02,2026-06-03T03:41:26.987Z,0.026894350125,2026-06-03 09:26:26.987,9.933333333333
LED experiment,pioreactor02,2026-06-03T03:41:31.988Z,0.02659902446,2026-06-03 09:26:31.988,9.934722222222
LED experiment,pioreactor02,2026-06-03T03:41:36.988Z,0.02645168013,2026-06-03 09:26:36.988,9.936111111111
LED experiment,pioreactor02,2026-06-03T03:41:41.989Z,0.026431269966,2026-06-03 09:26:41.989,9.9375
LED experiment,pioreactor02,2026-06-03T03:41:46.987Z,0.026323440186,2026-06-03 09:26:46.987,9.938888888889
LED experiment,pioreactor02,2026-06-03T03:41:51.988Z,0.026216578482,2026-06-03 09:26:51.988,9.940277777778
LED experiment,pioreactor02,2026-06-03T03:42:01.989Z,0.026137093933,2026-06-03 09:27:01.989,9.943055555556
LED experiment,pioreactor02,2026-06-03T03:42:06.990Z,0.026062083614,2026-06-03 09:27:06.990,9.944444444444
LED experiment,pioreactor02,2026-06-03T03:42:11.987Z,0.026044928629,2026-06-03 09:27:11.987,9.945833333333
LED experiment,pioreactor02,2026-06-03T03:42:16.990Z,0.026063354712,2026-06-03 09:27:16.990,9.947222222222
LED experiment,pioreactor02,2026-06-03T03:42:21.987Z,0.026026748863,2026-06-03 09:27:21.987,9.948611111111
LED experiment,pioreactor02,2026-06-03T03:42:26.991Z,0.02571120505,2026-06-03 09:27:26.991,9.95
LED experiment,pioreactor02,2026-06-03T03:42:31.989Z,0.025558184004,2026-06-03 09:27:31.989,9.951388888889
LED experiment,pioreactor02,2026-06-03T03:42:36.989Z,0.025486249952,2026-06-03 09:27:36.989,9.952777777778
LED experiment,pioreactor02,2026-06-03T03:42:41.988Z,0.025302158667,2026-06-03 09:27:41.988,9.954166666667
LED experiment,pioreactor02,2026-06-03T03:42:56.989Z,0.025209043975,2026-06-03 09:27:56.989,9.958333333333
LED experiment,pioreactor02,2026-06-03T03:43:01.988Z,0.025037876835,2026-06-03 09:28:01.988,9.959722222222
LED experiment,pioreactor02,2026-06-03T03:43:06.987Z,0.024606714926,2026-06-03 09:28:06.987,9.961111111111
LED experiment,pioreactor02,2026-06-03T03:43:16.988Z,0.024211710789,2026-06-03 09:28:16.988,9.963888888889
LED experiment,pioreactor02,2026-06-03T03:43:21.990Z,0.024050499381,2026-06-03 09:28:21.990,9.965277777778
LED experiment,pioreactor02,2026-06-03T03:43:26.987Z,0.023788133634,2026-06-03 09:28:26.987,9.966666666667
LED experiment,pioreactor02,2026-06-03T03:43:31.988Z,0.02371254763,2026-06-03 09:28:31.988,9.968055555556
LED experiment,pioreactor02,2026-06-03T03:43:36.987Z,0.023722644637,2026-06-03 09:28:36.987,9.969444444444
LED experiment,pioreactor02,2026-06-03T03:43:41.987Z,0.023657748127,2026-06-03 09:28:41.987,9.970833333333
LED experiment,pioreactor02,2026-06-03T03:43:51.988Z,0.023640053516,2026-06-03 09:28:51.988,9.973611111111
LED experiment,pioreactor02,2026-06-03T03:43:56.989Z,0.02369125886,2026-06-03 09:28:56.989,9.975
LED experiment,pioreactor02,2026-06-03T03:44:01.989Z,0.023693562575,2026-06-03 09:29:01.989,9.976388888889
LED experiment,pioreactor02,2026-06-03T03:44:06.986Z,0.023830507104,2026-06-03 09:29:06.986,9.977777777778
LED experiment,pioreactor02,2026-06-03T03:44:11.989Z,0.024024913172,2026-06-03 09:29:11.989,9.979166666667
LED experiment,pioreactor02,2026-06-03T03:44:16.988Z,0.023986990711,2026-06-03 09:29:16.988,9.980555555556
LED experiment,pioreactor02,2026-06-03T03:44:21.989Z,0.02382641535,2026-06-03 09:29:21.989,9.981944444444
LED experiment,pioreactor02,2026-06-03T03:44:26.989Z,0.023531886369,2026-06-03 09:29:26.989,9.983333333333
LED experiment,pioreactor02,2026-06-03T03:44:31.987Z,0.023293318586,2026-06-03 09:29:31.987,9.984722222222
LED experiment,pioreactor02,2026-06-03T03:44:36.989Z,0.023110791714,2026-06-03 09:29:36.989,9.986111111111
LED experiment,pioreactor02,2026-06-03T03:44:41.989Z,0.023181461714,2026-06-03 09:29:41.989,9.9875
LED experiment,pioreactor02,2026-06-03T03:44:46.986Z,0.022982181952,2026-06-03 09:29:46.986,9.988888888889
LED experiment,pioreactor02,2026-06-03T03:44:51.988Z,0.023048645969,2026-06-03 09:29:51.988,9.990277777778
LED experiment,pioreactor02,2026-06-03T03:44:56.991Z,0.023223360835,2026-06-03 09:29:56.991,9.991666666667
LED experiment,pioreactor02,2026-06-03T03:45:01.991Z,0.023097154758,2026-06-03 09:30:01.991,9.993055555556
LED experiment,pioreactor02,2026-06-03T03:45:06.989Z,0.022852593466,2026-06-03 09:30:06.989,9.994444444444
LED experiment,pioreactor02,2026-06-03T03:45:11.987Z,0.022593700344,2026-06-03 09:30:11.987,9.995833333333
LED experiment,pioreactor02,2026-06-03T03:45:16.987Z,0.022424514925,2026-06-03 09:30:16.987,9.997222222222
LED experiment,pioreactor02,2026-06-03T03:45:21.986Z,0.022202126684,2026-06-03 09:30:21.986,9.998611111111
LED experiment,pioreactor02,2026-06-03T03:45:26.987Z,0.022144605097,2026-06-03 09:30:26.987,10.0
LED experiment,pioreactor02,2026-06-03T03:45:36.988Z,0.021751286285,2026-06-03 09:30:36.988,10.002777777778
LED experiment,pioreactor02,2026-06-03T03:45:41.987Z,0.021374816745,2026-06-03 09:30:41.987,10.004166666667
LED experiment,pioreactor02,2026-06-03T03:45:46.990Z,0.021171636043,2026-06-03 09:30:46.990,10.005555555556
LED experiment,pioreactor02,2026-06-03T03:45:56.987Z,0.021311220396,2026-06-03 09:30:56.987,10.008333333333
LED experiment,pioreactor02,2026-06-03T03:46:01.987Z,0.021399045313,2026-06-03 09:31:01.987,10.009722222222
LED experiment,pioreactor02,2026-06-03T03:46:11.989Z,0.021174051585,2026-06-03 09:31:11.989,10.0125
LED experiment,pioreactor02,2026-06-03T03:46:16.989Z,0.021020004927,2026-06-03 09:31:16.989,10.013888888889
LED experiment,pioreactor02,2026-06-03T03:46:21.987Z,0.021261818411,2026-06-03 09:31:21.987,10.015277777778
LED experiment,pioreactor02,2026-06-03T03:46:31.988Z,0.0214168122,2026-06-03 09:31:31.988,10.018055555556
LED experiment,pioreactor02,2026-06-03T03:46:36.987Z,0.02152458056,2026-06-03 09:31:36.987,10.019444444444
LED experiment,pioreactor02,2026-06-03T03:46:41.988Z,0.021389574725,2026-06-03 09:31:41.988,10.020833333333
LED experiment,pioreactor02,2026-06-03T03:46:46.992Z,0.021303274421,2026-06-03 09:31:46.992,10.022222222222
LED experiment,pioreactor02,2026-06-03T03:46:51.990Z,0.021142816867,2026-06-03 09:31:51.990,10.023611111111
LED experiment,pioreactor02,2026-06-03T03:46:56.988Z,0.021259558895,2026-06-03 09:31:56.988,10.025
LED experiment,pioreactor02,2026-06-03T03:47:06.989Z,0.021179295111,2026-06-03 09:32:06.989,10.027777777778
LED experiment,pioreactor02,2026-06-03T03:47:11.988Z,0.021275713364,2026-06-03 09:32:11.988,10.029166666667
LED experiment,pioreactor02,2026-06-03T03:47:16.989Z,0.021275713364,2026-06-03 09:32:16.989,10.030555555556
LED experiment,pioreactor02,2026-06-03T03:47:21.988Z,0.021275713364,2026-06-03 09:32:21.988,10.031944444444
LED experiment,pioreactor02,2026-06-03T03:47:31.987Z,0.021275713364,2026-06-03 09:32:31.987,10.034722222222
LED experiment,pioreactor02,2026-06-03T03:47:36.988Z,0.021273211376,2026-06-03 09:32:36.988,10.036111111111
LED experiment,pioreactor02,2026-06-03T03:47:41.987Z,0.021277977273,2026-06-03 09:32:41.987,10.0375
LED experiment,pioreactor02,2026-06-03T03:47:46.990Z,0.021284755433,2026-06-03 09:32:46.990,10.038888888889
LED experiment,pioreactor02,2026-06-03T03:47:56.987Z,0.021290185028,2026-06-03 09:32:56.987,10.041666666667
LED experiment,pioreactor02,2026-06-03T03:48:01.988Z,0.021293751513,2026-06-03 09:33:01.988,10.043055555556
LED experiment,pioreactor02,2026-06-03T03:48:11.989Z,0.021287023524,2026-06-03 09:33:11.989,10.045833333333
LED experiment,pioreactor02,2026-06-03T03:48:16.988Z,0.021293367853,2026-06-03 09:33:16.988,10.047222222222
LED experiment,pioreactor02,2026-06-03T03:48:21.989Z,0.021303520471,2026-06-03 09:33:21.989,10.048611111111
LED experiment,pioreactor02,2026-06-03T03:48:26.989Z,0.021304671324,2026-06-03 09:33:26.989,10.05
LED experiment,pioreactor02,2026-06-03T03:48:31.987Z,0.021320180649,2026-06-03 09:33:31.987,10.051388888889
LED experiment,pioreactor02,2026-06-03T03:48:36.988Z,0.021323753463,2026-06-03 09:33:36.988,10.052777777778
LED experiment,pioreactor02,2026-06-03T03:48:41.989Z,0.021326419503,2026-06-03 09:33:41.989,10.054166666667
LED experiment,pioreactor02,2026-06-03T03:48:46.987Z,0.021331743285,2026-06-03 09:33:46.987,10.055555555556
LED experiment,pioreactor02,2026-06-03T03:48:51.988Z,0.021360796536,2026-06-03 09:33:51.988,10.056944444444
LED experiment,pioreactor02,2026-06-03T03:48:56.987Z,0.021373548403,2026-06-03 09:33:56.987,10.058333333333
LED experiment,pioreactor02,2026-06-03T03:49:01.988Z,0.021364345799,2026-06-03 09:34:01.988,10.059722222222
LED experiment,pioreactor02,2026-06-03T03:49:06.988Z,0.021346069736,2026-06-03 09:34:06.988,10.061111111111
LED experiment,pioreactor02,2026-06-03T03:49:11.988Z,0.021363694871,2026-06-03 09:34:11.988,10.0625
LED experiment,pioreactor02,2026-06-03T03:49:26.986Z,0.02137681775,2026-06-03 09:34:26.986,10.066666666667
LED experiment,pioreactor02,2026-06-03T03:49:31.988Z,0.02135234983,2026-06-03 09:34:31.988,10.068055555556
LED experiment,pioreactor02,2026-06-03T03:49:41.991Z,0.021330971358,2026-06-03 09:34:41.991,10.070833333333
LED experiment,pioreactor02,2026-06-03T03:49:46.986Z,0.021392725872,2026-06-03 09:34:46.986,10.072222222222
LED experiment,pioreactor02,2026-06-03T03:49:51.989Z,0.021466055626,2026-06-03 09:34:51.989,10.073611111111
LED experiment,pioreactor02,2026-06-03T03:49:56.986Z,0.021482776275,2026-06-03 09:34:56.986,10.075
LED experiment,pioreactor02,2026-06-03T03:50:01.991Z,0.021449429003,2026-06-03 09:35:01.991,10.076388888889
LED experiment,pioreactor02,2026-06-03T03:50:06.988Z,0.021507781727,2026-06-03 09:35:06.988,10.077777777778
LED experiment,pioreactor02,2026-06-03T03:50:11.989Z,0.021517622427,2026-06-03 09:35:11.989,10.079166666667
LED experiment,pioreactor02,2026-06-03T03:50:16.988Z,0.021508021577,2026-06-03 09:35:16.988,10.080555555556
LED experiment,pioreactor02,2026-06-03T03:50:21.989Z,0.021566139982,2026-06-03 09:35:21.989,10.081944444444
LED experiment,pioreactor02,2026-06-03T03:50:26.987Z,0.021599295216,2026-06-03 09:35:26.987,10.083333333333
LED experiment,pioreactor02,2026-06-03T03:50:36.986Z,0.021703151616,2026-06-03 09:35:36.986,10.086111111111
LED experiment,pioreactor02,2026-06-03T03:50:41.986Z,0.021787960734,2026-06-03 09:35:41.986,10.0875
LED experiment,pioreactor02,2026-06-03T03:50:46.990Z,0.021844261455,2026-06-03 09:35:46.990,10.088888888889
LED experiment,pioreactor02,2026-06-03T03:50:51.990Z,0.02192381968,2026-06-03 09:35:51.990,10.090277777778
LED experiment,pioreactor02,2026-06-03T03:50:56.989Z,0.02202803679,2026-06-03 09:35:56.989,10.091666666667
LED experiment,pioreactor02,2026-06-03T03:51:01.989Z,0.022098130669,2026-06-03 09:36:01.989,10.093055555556
LED experiment,pioreactor02,2026-06-03T03:51:11.988Z,0.021987797455,2026-06-03 09:36:11.988,10.095833333333
LED experiment,pioreactor02,2026-06-03T03:51:16.989Z,0.021949756187,2026-06-03 09:36:16.989,10.097222222222
LED experiment,pioreactor02,2026-06-03T03:51:26.990Z,0.021915020611,2026-06-03 09:36:26.990,10.1
LED experiment,pioreactor02,2026-06-03T03:51:31.989Z,0.021913048182,2026-06-03 09:36:31.989,10.101388888889
LED experiment,pioreactor02,2026-06-03T03:51:36.990Z,0.021910965732,2026-06-03 09:36:36.990,10.102777777778
LED experiment,pioreactor02,2026-06-03T03:51:41.989Z,0.02182511293,2026-06-03 09:36:41.989,10.104166666667
LED experiment,pioreactor02,2026-06-03T03:51:46.987Z,0.021767889184,2026-06-03 09:36:46.987,10.105555555556
LED experiment,pioreactor02,2026-06-03T03:51:51.990Z,0.021685495113,2026-06-03 09:36:51.990,10.106944444444
LED experiment,pioreactor02,2026-06-03T03:51:56.988Z,0.021678689855,2026-06-03 09:36:56.988,10.108333333333
LED experiment,pioreactor02,2026-06-03T03:52:01.989Z,0.021717969507,2026-06-03 09:37:01.989,10.109722222222
LED experiment,pioreactor02,2026-06-03T03:52:06.990Z,0.021715042814,2026-06-03 09:37:06.990,10.111111111111
LED experiment,pioreactor02,2026-06-03T03:52:11.987Z,0.021642265943,2026-06-03 09:37:11.987,10.1125
LED experiment,pioreactor02,2026-06-03T03:52:21.989Z,0.021595039638,2026-06-03 09:37:21.989,10.115277777778
LED experiment,pioreactor02,2026-06-03T03:52:26.987Z,0.02159777522,2026-06-03 09:37:26.987,10.116666666667
LED experiment,pioreactor02,2026-06-03T03:52:31.989Z,0.021705899263,2026-06-03 09:37:31.989,10.118055555556
LED experiment,pioreactor02,2026-06-03T03:52:41.986Z,0.02175512585,2026-06-03 09:37:41.986,10.120833333333
LED experiment,pioreactor02,2026-06-03T03:52:46.987Z,0.021811719077,2026-06-03 09:37:46.987,10.122222222222
LED experiment,pioreactor02,2026-06-03T03:52:56.987Z,0.021888148367,2026-06-03 09:37:56.987,10.125
LED experiment,pioreactor02,2026-06-03T03:53:01.986Z,0.021767821083,2026-06-03 09:38:01.986,10.126388888889
LED experiment,pioreactor02,2026-06-03T03:53:06.988Z,0.021772656546,2026-06-03 09:38:06.988,10.127777777778
LED experiment,pioreactor02,2026-06-03T03:53:11.987Z,0.021976482944,2026-06-03 09:38:11.987,10.129166666667
LED experiment,pioreactor02,2026-06-03T03:53:21.987Z,0.021849630627,2026-06-03 09:38:21.987,10.131944444444
LED experiment,pioreactor02,2026-06-03T03:53:31.986Z,0.021739608153,2026-06-03 09:38:31.986,10.134722222222
LED experiment,pioreactor02,2026-06-03T03:53:36.988Z,0.021858844986,2026-06-03 09:38:36.988,10.136111111111
LED experiment,pioreactor02,2026-06-03T03:53:41.990Z,0.021840465963,2026-06-03 09:38:41.990,10.1375
LED experiment,pioreactor02,2026-06-03T03:53:46.987Z,0.021726036811,2026-06-03 09:38:46.987,10.138888888889
LED experiment,pioreactor02,2026-06-03T03:53:51.987Z,0.021759639088,2026-06-03 09:38:51.987,10.140277777778
LED experiment,pioreactor02,2026-06-03T03:54:01.987Z,0.021644616942,2026-06-03 09:39:01.987,10.143055555556
LED experiment,pioreactor02,2026-06-03T03:54:06.990Z,0.02160508975,2026-06-03 09:39:06.990,10.144444444444
LED experiment,pioreactor02,2026-06-03T03:54:11.988Z,0.021592646821,2026-06-03 09:39:11.988,10.145833333333
LED experiment,pioreactor02,2026-06-03T03:54:16.988Z,0.02163873756,2026-06-03 09:39:16.988,10.147222222222
LED experiment,pioreactor02,2026-06-03T03:54:21.988Z,0.021503803129,2026-06-03 09:39:21.988,10.148611111111
LED experiment,pioreactor02,2026-06-03T03:54:26.989Z,0.02157315205,2026-06-03 09:39:26.989,10.15
LED experiment,pioreactor02,2026-06-03T03:54:31.988Z,0.021469658337,2026-06-03 09:39:31.988,10.151388888889
LED experiment,pioreactor02,2026-06-03T03:54:36.986Z,0.021579079399,2026-06-03 09:39:36.986,10.152777777778
LED experiment,pioreactor02,2026-06-03T03:54:41.988Z,0.021889036331,2026-06-03 09:39:41.988,10.154166666667
LED experiment,pioreactor02,2026-06-03T03:54:46.988Z,0.021984551603,2026-06-03 09:39:46.988,10.155555555556
LED experiment,pioreactor02,2026-06-03T03:54:51.987Z,0.02227969286,2026-06-03 09:39:51.987,10.156944444444
LED experiment,pioreactor02,2026-06-03T03:54:56.990Z,0.022550310088,2026-06-03 09:39:56.990,10.158333333333
LED experiment,pioreactor02,2026-06-03T03:55:01.993Z,0.022709282054,2026-06-03 09:40:01.993,10.159722222222
LED experiment,pioreactor02,2026-06-03T03:55:06.987Z,0.022638311628,2026-06-03 09:40:06.987,10.161111111111
LED experiment,pioreactor02,2026-06-03T03:55:16.986Z,0.022549612151,2026-06-03 09:40:16.986,10.163888888889
LED experiment,pioreactor02,2026-06-03T03:55:21.987Z,0.022258368393,2026-06-03 09:40:21.987,10.165277777778
LED experiment,pioreactor02,2026-06-03T03:55:26.990Z,0.022154537318,2026-06-03 09:40:26.990,10.166666666667
LED experiment,pioreactor02,2026-06-03T03:55:31.987Z,0.022172406649,2026-06-03 09:40:31.987,10.168055555556
LED experiment,pioreactor02,2026-06-03T03:55:36.988Z,0.021856270676,2026-06-03 09:40:36.988,10.169444444444
LED experiment,pioreactor02,2026-06-03T03:55:46.988Z,0.021972689313,2026-06-03 09:40:46.988,10.172222222222
LED experiment,pioreactor02,2026-06-03T03:55:51.988Z,0.021991299727,2026-06-03 09:40:51.988,10.173611111111
LED experiment,pioreactor02,2026-06-03T03:55:56.989Z,0.021962474943,2026-06-03 09:40:56.989,10.175
LED experiment,pioreactor02,2026-06-03T03:56:06.986Z,0.021901908991,2026-06-03 09:41:06.986,10.177777777778
LED experiment,pioreactor02,2026-06-03T03:56:16.988Z,0.022000314335,2026-06-03 09:41:16.988,10.180555555556
LED experiment,pioreactor02,2026-06-03T03:56:21.988Z,0.022386279373,2026-06-03 09:41:21.988,10.181944444444
LED experiment,pioreactor02,2026-06-03T03:56:26.987Z,0.022740822764,2026-06-03 09:41:26.987,10.183333333333
LED experiment,pioreactor02,2026-06-03T03:56:31.987Z,0.022944731086,2026-06-03 09:41:31.987,10.184722222222
LED experiment,pioreactor02,2026-06-03T03:56:41.989Z,0.022831622113,2026-06-03 09:41:41.989,10.1875
LED experiment,pioreactor02,2026-06-03T03:56:46.990Z,0.022894469965,2026-06-03 09:41:46.990,10.188888888889
LED experiment,pioreactor02,2026-06-03T03:56:51.988Z,0.022928900061,2026-06-03 09:41:51.988,10.190277777778
LED experiment,pioreactor02,2026-06-03T03:56:56.989Z,0.022825679663,2026-06-03 09:41:56.989,10.191666666667
LED experiment,pioreactor02,2026-06-03T03:57:01.987Z,0.023049084901,2026-06-03 09:42:01.987,10.193055555556
LED experiment,pioreactor02,2026-06-03T03:57:06.988Z,0.023427632606,2026-06-03 09:42:06.988,10.194444444444
LED experiment,pioreactor02,2026-06-03T03:57:11.989Z,0.023228393018,2026-06-03 09:42:11.989,10.195833333333
LED experiment,pioreactor02,2026-06-03T03:57:16.988Z,0.023388398955,2026-06-03 09:42:16.988,10.197222222222
LED experiment,pioreactor02,2026-06-03T03:57:21.987Z,0.023373339399,2026-06-03 09:42:21.987,10.198611111111
LED experiment,pioreactor02,2026-06-03T03:57:26.988Z,0.023785282948,2026-06-03 09:42:26.988,10.2
LED experiment,pioreactor02,2026-06-03T03:57:31.987Z,0.02407686948,2026-06-03 09:42:31.987,10.201388888889
LED experiment,pioreactor02,2026-06-03T03:57:36.988Z,0.024419096689,2026-06-03 09:42:36.988,10.202777777778
LED experiment,pioreactor02,2026-06-03T03:57:41.988Z,0.024319936129,2026-06-03 09:42:41.988,10.204166666667
LED experiment,pioreactor02,2026-06-03T03:57:46.991Z,0.024051534277,2026-06-03 09:42:46.991,10.205555555556
LED experiment,pioreactor02,2026-06-03T03:57:51.989Z,0.02385700093,2026-06-03 09:42:51.989,10.206944444444
LED experiment,pioreactor02,2026-06-03T03:58:11.988Z,0.024105808341,2026-06-03 09:43:11.988,10.2125
LED experiment,pioreactor02,2026-06-03T03:58:16.989Z,0.024223868565,2026-06-03 09:43:16.989,10.213888888889
LED experiment,pioreactor02,2026-06-03T03:58:21.987Z,0.023826718131,2026-06-03 09:43:21.987,10.215277777778
LED experiment,pioreactor02,2026-06-03T03:58:31.988Z,0.023889089657,2026-06-03 09:43:31.988,10.218055555556
LED experiment,pioreactor02,2026-06-03T03:58:41.987Z,0.023908174222,2026-06-03 09:43:41.987,10.220833333333
LED experiment,pioreactor02,2026-06-03T03:58:46.990Z,0.023847985434,2026-06-03 09:43:46.990,10.222222222222
LED experiment,pioreactor02,2026-06-03T03:58:51.988Z,0.024005680038,2026-06-03 09:43:51.988,10.223611111111
LED experiment,pioreactor02,2026-06-03T03:58:56.987Z,0.023993780699,2026-06-03 09:43:56.987,10.225
LED experiment,pioreactor02,2026-06-03T03:59:06.988Z,0.024003848245,2026-06-03 09:44:06.988,10.227777777778
LED experiment,pioreactor02,2026-06-03T03:59:11.988Z,0.023897195646,2026-06-03 09:44:11.988,10.229166666667
LED experiment,pioreactor02,2026-06-03T03:59:16.989Z,0.024107651866,2026-06-03 09:44:16.989,10.230555555556
LED experiment,pioreactor02,2026-06-03T03:59:21.990Z,0.02389873576,2026-06-03 09:44:21.990,10.231944444444
LED experiment,pioreactor02,2026-06-03T03:59:26.989Z,0.023759715178,2026-06-03 09:44:26.989,10.233333333333
LED experiment,pioreactor02,2026-06-03T03:59:31.989Z,0.023855608363,2026-06-03 09:44:31.989,10.234722222222
LED experiment,pioreactor02,2026-06-03T03:59:36.990Z,0.02370165105,2026-06-03 09:44:36.990,10.236111111111
LED experiment,pioreactor02,2026-06-03T03:59:41.988Z,0.023889572254,2026-06-03 09:44:41.988,10.2375
LED experiment,pioreactor02,2026-06-03T03:59:46.987Z,0.024034150131,2026-06-03 09:44:46.987,10.238888888889
LED experiment,pioreactor02,2026-06-03T03:59:51.989Z,0.024303152203,2026-06-03 09:44:51.989,10.240277777778
LED experiment,pioreactor02,2026-06-03T04:00:01.989Z,0.024814942413,2026-06-03 09:45:01.989,10.243055555556
LED experiment,pioreactor02,2026-06-03T04:00:06.992Z,0.024850900361,2026-06-03 09:45:06.992,10.244444444444
LED experiment,pioreactor02,2026-06-03T04:00:11.987Z,0.024553248737,2026-06-03 09:45:11.987,10.245833333333
LED experiment,pioreactor02,2026-06-03T04:00:16.988Z,0.024165234519,2026-06-03 09:45:16.988,10.247222222222
LED experiment,pioreactor02,2026-06-03T04:00:21.986Z,0.024383503729,2026-06-03 09:45:21.986,10.248611111111
LED experiment,pioreactor02,2026-06-03T04:00:26.987Z,0.024578367665,2026-06-03 09:45:26.987,10.25
LED experiment,pioreactor02,2026-06-03T04:00:31.988Z,0.024551508882,2026-06-03 09:45:31.988,10.251388888889
LED experiment,pioreactor02,2026-06-03T04:00:41.989Z,0.025092082401,2026-06-03 09:45:41.989,10.254166666667
LED experiment,pioreactor02,2026-06-03T04:00:46.987Z,0.025371690139,2026-06-03 09:45:46.987,10.255555555556
LED experiment,pioreactor02,2026-06-03T04:00:51.989Z,0.025650008275,2026-06-03 09:45:51.989,10.256944444444
LED experiment,pioreactor02,2026-06-03T04:01:01.988Z,0.025862435514,2026-06-03 09:46:01.988,10.259722222222
LED experiment,pioreactor02,2026-06-03T04:01:06.989Z,0.025816796995,2026-06-03 09:46:06.989,10.261111111111
LED experiment,pioreactor02,2026-06-03T04:01:11.988Z,0.025830065711,2026-06-03 09:46:11.988,10.2625
LED experiment,pioreactor02,2026-06-03T04:01:16.988Z,0.025646888839,2026-06-03 09:46:16.988,10.263888888889
LED experiment,pioreactor02,2026-06-03T04:01:21.987Z,0.025591903178,2026-06-03 09:46:21.987,10.265277777778
LED experiment,pioreactor02,2026-06-03T04:01:26.989Z,0.025744560018,2026-06-03 09:46:26.989,10.266666666667
LED experiment,pioreactor02,2026-06-03T04:01:31.987Z,0.025961238443,2026-06-03 09:46:31.987,10.268055555556
LED experiment,pioreactor02,2026-06-03T04:01:41.988Z,0.025917444144,2026-06-03 09:46:41.988,10.270833333333
LED experiment,pioreactor02,2026-06-03T04:01:46.987Z,0.026244263189,2026-06-03 09:46:46.987,10.272222222222
LED experiment,pioreactor02,2026-06-03T04:01:51.991Z,0.02669964887,2026-06-03 09:46:51.991,10.273611111111
LED experiment,pioreactor02,2026-06-03T04:01:56.988Z,0.027089693173,2026-06-03 09:46:56.988,10.275
LED experiment,pioreactor02,2026-06-03T04:02:01.987Z,0.027560931166,2026-06-03 09:47:01.987,10.276388888889
LED experiment,pioreactor02,2026-06-03T04:02:06.989Z,0.027736332542,2026-06-03 09:47:06.989,10.277777777778
LED experiment,pioreactor02,2026-06-03T04:02:11.990Z,0.027873097385,2026-06-03 09:47:11.990,10.279166666667
LED experiment,pioreactor02,2026-06-03T04:02:16.989Z,0.027720272529,2026-06-03 09:47:16.989,10.280555555556
LED experiment,pioreactor02,2026-06-03T04:02:21.988Z,0.028095542543,2026-06-03 09:47:21.988,10.281944444444
LED experiment,pioreactor02,2026-06-03T04:02:26.990Z,0.028121553856,2026-06-03 09:47:26.990,10.283333333333
LED experiment,pioreactor02,2026-06-03T04:02:31.987Z,0.028191722088,2026-06-03 09:47:31.987,10.284722222222
LED experiment,pioreactor02,2026-06-03T04:02:36.989Z,0.028149064556,2026-06-03 09:47:36.989,10.286111111111
LED experiment,pioreactor02,2026-06-03T04:02:41.987Z,0.028177992421,2026-06-03 09:47:41.987,10.2875
LED experiment,pioreactor02,2026-06-03T04:02:46.990Z,0.028078331175,2026-06-03 09:47:46.990,10.288888888889
LED experiment,pioreactor02,2026-06-03T04:02:51.987Z,0.028540998751,2026-06-03 09:47:51.987,10.290277777778
LED experiment,pioreactor02,2026-06-03T04:03:01.989Z,0.028645927449,2026-06-03 09:48:01.989,10.293055555556
LED experiment,pioreactor02,2026-06-03T04:03:06.988Z,0.028793570198,2026-06-03 09:48:06.988,10.294444444444
LED experiment,pioreactor02,2026-06-03T04:03:11.987Z,0.028849563783,2026-06-03 09:48:11.987,10.295833333333
LED experiment,pioreactor02,2026-06-03T04:03:16.987Z,0.028731477923,2026-06-03 09:48:16.987,10.297222222222
LED experiment,pioreactor02,2026-06-03T04:03:21.989Z,0.029087929785,2026-06-03 09:48:21.989,10.298611111111
LED experiment,pioreactor02,2026-06-03T04:03:31.987Z,0.029061886131,2026-06-03 09:48:31.987,10.301388888889
LED experiment,pioreactor02,2026-06-03T04:03:36.987Z,0.029030460281,2026-06-03 09:48:36.987,10.302777777778
LED experiment,pioreactor02,2026-06-03T04:03:41.986Z,0.029059561188,2026-06-03 09:48:41.986,10.304166666667
LED experiment,pioreactor02,2026-06-03T04:03:51.986Z,0.028863155695,2026-06-03 09:48:51.986,10.306944444444
LED experiment,pioreactor02,2026-06-03T04:03:56.987Z,0.028936055535,2026-06-03 09:48:56.987,10.308333333333
LED experiment,pioreactor02,2026-06-03T04:04:01.988Z,0.028633503043,2026-06-03 09:49:01.988,10.309722222222
LED experiment,pioreactor02,2026-06-03T04:04:06.987Z,0.028898870719,2026-06-03 09:49:06.987,10.311111111111
LED experiment,pioreactor02,2026-06-03T04:04:16.987Z,0.029092321539,2026-06-03 09:49:16.987,10.313888888889
LED experiment,pioreactor02,2026-06-03T04:04:21.989Z,0.029524170799,2026-06-03 09:49:21.989,10.315277777778
LED experiment,pioreactor02,2026-06-03T04:04:26.988Z,0.029913305463,2026-06-03 09:49:26.988,10.316666666667
LED experiment,pioreactor02,2026-06-03T04:04:31.986Z,0.030133119175,2026-06-03 09:49:31.986,10.318055555556
LED experiment,pioreactor02,2026-06-03T04:04:36.989Z,0.030557621931,2026-06-03 09:49:36.989,10.319444444444
LED experiment,pioreactor02,2026-06-03T04:04:41.991Z,0.030492494496,2026-06-03 09:49:41.991,10.320833333333
LED experiment,pioreactor02,2026-06-03T04:04:46.988Z,0.030366485975,2026-06-03 09:49:46.988,10.322222222222
LED experiment,pioreactor02,2026-06-03T04:04:51.988Z,0.030586734551,2026-06-03 09:49:51.988,10.323611111111
LED experiment,pioreactor02,2026-06-03T04:05:01.990Z,0.030218908614,2026-06-03 09:50:01.990,10.326388888889
LED experiment,pioreactor02,2026-06-03T04:05:06.989Z,0.029862575168,2026-06-03 09:50:06.989,10.327777777778
LED experiment,pioreactor02,2026-06-03T04:05:11.988Z,0.029563046021,2026-06-03 09:50:11.988,10.329166666667
LED experiment,pioreactor02,2026-06-03T04:05:16.988Z,0.030076376773,2026-06-03 09:50:16.988,10.330555555556
LED experiment,pioreactor02,2026-06-03T04:05:21.987Z,0.029948860889,2026-06-03 09:50:21.987,10.331944444444
LED experiment,pioreactor02,2026-06-03T04:05:26.987Z,0.029834654652,2026-06-03 09:50:26.987,10.333333333333
LED experiment,pioreactor02,2026-06-03T04:05:31.987Z,0.02952700175,2026-06-03 09:50:31.987,10.334722222222
LED experiment,pioreactor02,2026-06-03T04:05:36.988Z,0.029795695192,2026-06-03 09:50:36.988,10.336111111111
LED experiment,pioreactor02,2026-06-03T04:05:41.988Z,0.029984404182,2026-06-03 09:50:41.988,10.3375
LED experiment,pioreactor02,2026-06-03T04:05:46.986Z,0.030062098319,2026-06-03 09:50:46.986,10.338888888889
LED experiment,pioreactor02,2026-06-03T04:05:51.988Z,0.030022926203,2026-06-03 09:50:51.988,10.340277777778
LED experiment,pioreactor02,2026-06-03T04:05:56.988Z,0.030330531317,2026-06-03 09:50:56.988,10.341666666667
LED experiment,pioreactor02,2026-06-03T04:06:06.987Z,0.030448825508,2026-06-03 09:51:06.987,10.344444444444
LED experiment,pioreactor02,2026-06-03T04:06:16.987Z,0.030477975609,2026-06-03 09:51:16.987,10.347222222222
LED experiment,pioreactor02,2026-06-03T04:06:26.988Z,0.030159302218,2026-06-03 09:51:26.988,10.35
LED experiment,pioreactor02,2026-06-03T04:06:31.990Z,0.02955872915,2026-06-03 09:51:31.990,10.351388888889
LED experiment,pioreactor02,2026-06-03T04:06:36.987Z,0.029303862507,2026-06-03 09:51:36.987,10.352777777778
LED experiment,pioreactor02,2026-06-03T04:06:41.986Z,0.02923046573,2026-06-03 09:51:41.986,10.354166666667
LED experiment,pioreactor02,2026-06-03T04:06:46.986Z,0.02937884296,2026-06-03 09:51:46.986,10.355555555556
LED experiment,pioreactor02,2026-06-03T04:06:51.990Z,0.028996421267,2026-06-03 09:51:51.990,10.356944444444
LED experiment,pioreactor02,2026-06-03T04:06:56.988Z,0.029054809631,2026-06-03 09:51:56.988,10.358333333333
LED experiment,pioreactor02,2026-06-03T04:07:01.987Z,0.02915711856,2026-06-03 09:52:01.987,10.359722222222
LED experiment,pioreactor02,2026-06-03T04:07:06.988Z,0.029488466835,2026-06-03 09:52:06.988,10.361111111111
LED experiment,pioreactor02,2026-06-03T04:07:11.990Z,0.029690665948,2026-06-03 09:52:11.990,10.3625
LED experiment,pioreactor02,2026-06-03T04:07:16.988Z,0.029781031079,2026-06-03 09:52:16.988,10.363888888889
LED experiment,pioreactor02,2026-06-03T04:07:21.987Z,0.029879727872,2026-06-03 09:52:21.987,10.365277777778
LED experiment,pioreactor02,2026-06-03T04:07:26.989Z,0.029948209088,2026-06-03 09:52:26.989,10.366666666667
LED experiment,pioreactor02,2026-06-03T04:07:31.988Z,0.029981317797,2026-06-03 09:52:31.988,10.368055555556
LED experiment,pioreactor02,2026-06-03T04:07:41.987Z,0.030056030307,2026-06-03 09:52:41.987,10.370833333333
LED experiment,pioreactor02,2026-06-03T04:07:56.990Z,0.030301895135,2026-06-03 09:52:56.990,10.375
LED experiment,pioreactor02,2026-06-03T04:08:01.986Z,0.030465707611,2026-06-03 09:53:01.986,10.376388888889
LED experiment,pioreactor02,2026-06-03T04:08:11.989Z,0.030439964635,2026-06-03 09:53:11.989,10.379166666667
LED experiment,pioreactor02,2026-06-03T04:08:16.989Z,0.030548266374,2026-06-03 09:53:16.989,10.380555555556
LED experiment,pioreactor02,2026-06-03T04:08:21.987Z,0.030362390967,2026-06-03 09:53:21.987,10.381944444444
LED experiment,pioreactor02,2026-06-03T04:08:26.987Z,0.030397722565,2026-06-03 09:53:26.987,10.383333333333
LED experiment,pioreactor02,2026-06-03T04:08:31.987Z,0.030816988601,2026-06-03 09:53:31.987,10.384722222222
LED experiment,pioreactor02,2026-06-03T04:08:41.987Z,0.030713600598,2026-06-03 09:53:41.987,10.3875
LED experiment,pioreactor02,2026-06-03T04:08:46.987Z,0.030711671121,2026-06-03 09:53:46.987,10.388888888889
LED experiment,pioreactor02,2026-06-03T04:08:51.988Z,0.031040077545,2026-06-03 09:53:51.988,10.390277777778
LED experiment,pioreactor02,2026-06-03T04:08:56.988Z,0.031123851578,2026-06-03 09:53:56.988,10.391666666667
LED experiment,pioreactor02,2026-06-03T04:09:01.987Z,0.031020427185,2026-06-03 09:54:01.987,10.393055555556
LED experiment,pioreactor02,2026-06-03T04:09:06.986Z,0.03071967339,2026-06-03 09:54:06.986,10.394444444444
LED experiment,pioreactor02,2026-06-03T04:09:11.986Z,0.030675575168,2026-06-03 09:54:11.986,10.395833333333
LED experiment,pioreactor02,2026-06-03T04:09:16.988Z,0.030452282632,2026-06-03 09:54:16.988,10.397222222222
LED experiment,pioreactor02,2026-06-03T04:09:21.989Z,0.030214437122,2026-06-03 09:54:21.989,10.398611111111
LED experiment,pioreactor02,2026-06-03T04:09:26.990Z,0.030162160178,2026-06-03 09:54:26.990,10.4
LED experiment,pioreactor02,2026-06-03T04:09:31.988Z,0.030182597138,2026-06-03 09:54:31.988,10.401388888889
LED experiment,pioreactor02,2026-06-03T04:09:36.987Z,0.030189497508,2026-06-03 09:54:36.987,10.402777777778
LED experiment,pioreactor02,2026-06-03T04:09:41.988Z,0.030450850124,2026-06-03 09:54:41.988,10.404166666667
LED experiment,pioreactor02,2026-06-03T04:09:51.988Z,0.030194112697,2026-06-03 09:54:51.988,10.406944444444
LED experiment,pioreactor02,2026-06-03T04:09:56.989Z,0.0303109991,2026-06-03 09:54:56.989,10.408333333333
LED experiment,pioreactor02,2026-06-03T04:10:01.992Z,0.030615779923,2026-06-03 09:55:01.992,10.409722222222
LED experiment,pioreactor02,2026-06-03T04:10:06.988Z,0.031012614787,2026-06-03 09:55:06.988,10.411111111111
LED experiment,pioreactor02,2026-06-03T04:10:11.988Z,0.031354516112,2026-06-03 09:55:11.988,10.4125
LED experiment,pioreactor02,2026-06-03T04:10:21.987Z,0.031773754549,2026-06-03 09:55:21.987,10.415277777778
LED experiment,pioreactor02,2026-06-03T04:10:26.990Z,0.03183983511,2026-06-03 09:55:26.990,10.416666666667
LED experiment,pioreactor02,2026-06-03T04:10:56.986Z,0.03191836484,2026-06-03 09:55:56.986,10.425
LED experiment,pioreactor02,2026-06-03T04:11:01.995Z,0.031979087163,2026-06-03 09:56:01.995,10.426388888889
LED experiment,pioreactor02,2026-06-03T04:11:06.988Z,0.031894887281,2026-06-03 09:56:06.988,10.427777777778
LED experiment,pioreactor02,2026-06-03T04:11:11.989Z,0.031274797597,2026-06-03 09:56:11.989,10.429166666667
LED experiment,pioreactor02,2026-06-03T04:11:16.987Z,0.031107847959,2026-06-03 09:56:16.987,10.430555555556
LED experiment,pioreactor02,2026-06-03T04:11:21.989Z,0.030870604949,2026-06-03 09:56:21.989,10.431944444444
LED experiment,pioreactor02,2026-06-03T04:11:31.987Z,0.030812106285,2026-06-03 09:56:31.987,10.434722222222
LED experiment,pioreactor02,2026-06-03T04:11:51.986Z,0.031183897439,2026-06-03 09:56:51.986,10.440277777778
LED experiment,pioreactor02,2026-06-03T04:11:56.986Z,0.031384116702,2026-06-03 09:56:56.986,10.441666666667
LED experiment,pioreactor02,2026-06-03T04:12:01.987Z,0.031545791234,2026-06-03 09:57:01.987,10.443055555556
LED experiment,pioreactor02,2026-06-03T04:12:06.989Z,0.031759095925,2026-06-03 09:57:06.989,10.444444444444
LED experiment,pioreactor02,2026-06-03T04:12:11.986Z,0.031770599784,2026-06-03 09:57:11.986,10.445833333333
LED experiment,pioreactor02,2026-06-03T04:12:16.987Z,0.031860947976,2026-06-03 09:57:16.987,10.447222222222
LED experiment,pioreactor02,2026-06-03T04:12:26.988Z,0.031814557614,2026-06-03 09:57:26.988,10.45
LED experiment,pioreactor02,2026-06-03T04:12:31.988Z,0.031599637461,2026-06-03 09:57:31.988,10.451388888889
LED experiment,pioreactor02,2026-06-03T04:12:36.990Z,0.031556887869,2026-06-03 09:57:36.990,10.452777777778
LED experiment,pioreactor02,2026-06-03T04:12:46.988Z,0.03154466147,2026-06-03 09:57:46.988,10.455555555556
LED experiment,pioreactor02,2026-06-03T04:12:56.988Z,0.031527039931,2026-06-03 09:57:56.988,10.458333333333
LED experiment,pioreactor02,2026-06-03T04:13:01.987Z,0.031559494418,2026-06-03 09:58:01.987,10.459722222222
LED experiment,pioreactor02,2026-06-03T04:13:06.987Z,0.031319202034,2026-06-03 09:58:06.987,10.461111111111
LED experiment,pioreactor02,2026-06-03T04:13:11.989Z,0.031604949168,2026-06-03 09:58:11.989,10.4625
LED experiment,pioreactor02,2026-06-03T04:13:16.988Z,0.031367774948,2026-06-03 09:58:16.988,10.463888888889
LED experiment,pioreactor02,2026-06-03T04:13:21.988Z,0.031212983287,2026-06-03 09:58:21.988,10.465277777778
LED experiment,pioreactor02,2026-06-03T04:13:26.986Z,0.030902819193,2026-06-03 09:58:26.986,10.466666666667
LED experiment,pioreactor02,2026-06-03T04:13:41.988Z,0.031212185189,2026-06-03 09:58:41.988,10.470833333333
LED experiment,pioreactor02,2026-06-03T04:13:46.990Z,0.031265077014,2026-06-03 09:58:46.990,10.472222222222
LED experiment,pioreactor02,2026-06-03T04:13:51.990Z,0.031250696927,2026-06-03 09:58:51.990,10.473611111111
LED experiment,pioreactor02,2026-06-03T04:13:56.987Z,0.031155070887,2026-06-03 09:58:56.987,10.475
LED experiment,pioreactor02,2026-06-03T04:14:06.988Z,0.030947908269,2026-06-03 09:59:06.988,10.477777777778
LED experiment,pioreactor02,2026-06-03T04:14:11.989Z,0.031063409522,2026-06-03 09:59:11.989,10.479166666667
LED experiment,pioreactor02,2026-06-03T04:14:16.987Z,0.031534343804,2026-06-03 09:59:16.987,10.480555555556
LED experiment,pioreactor02,2026-06-03T04:14:26.988Z,0.03132524099,2026-06-03 09:59:26.988,10.483333333333
LED experiment,pioreactor02,2026-06-03T04:14:31.988Z,0.031199484363,2026-06-03 09:59:31.988,10.484722222222
LED experiment,pioreactor02,2026-06-03T04:14:36.986Z,0.031397625705,2026-06-03 09:59:36.986,10.486111111111
LED experiment,pioreactor02,2026-06-03T04:14:41.988Z,0.031217613416,2026-06-03 09:59:41.988,10.4875
LED experiment,pioreactor02,2026-06-03T04:14:56.986Z,0.030889827784,2026-06-03 09:59:56.986,10.491666666667
LED experiment,pioreactor02,2026-06-03T04:15:01.988Z,0.031060360642,2026-06-03 10:00:01.988,10.493055555556
LED experiment,pioreactor02,2026-06-03T04:15:11.989Z,0.031583885882,2026-06-03 10:00:11.989,10.495833333333
LED experiment,pioreactor02,2026-06-03T04:15:16.988Z,0.032118055436,2026-06-03 10:00:16.988,10.497222222222
LED experiment,pioreactor02,2026-06-03T04:15:26.987Z,0.032338723913,2026-06-03 10:00:26.987,10.5
LED experiment,pioreactor02,2026-06-03T04:15:31.990Z,0.032602109241,2026-06-03 10:00:31.990,10.501388888889
LED experiment,pioreactor02,2026-06-03T04:15:36.989Z,0.03271502936,2026-06-03 10:00:36.989,10.502777777778
LED experiment,pioreactor02,2026-06-03T04:15:41.987Z,0.032833981628,2026-06-03 10:00:41.987,10.504166666667
LED experiment,pioreactor02,2026-06-03T04:15:46.986Z,0.032969754014,2026-06-03 10:00:46.986,10.505555555556
LED experiment,pioreactor02,2026-06-03T04:15:51.987Z,0.032616363157,2026-06-03 10:00:51.987,10.506944444444
LED experiment,pioreactor02,2026-06-03T04:15:56.987Z,0.032548438901,2026-06-03 10:00:56.987,10.508333333333
LED experiment,pioreactor02,2026-06-03T04:16:01.987Z,0.032516901917,2026-06-03 10:01:01.987,10.509722222222
LED experiment,pioreactor02,2026-06-03T04:16:06.987Z,0.031995611211,2026-06-03 10:01:06.987,10.511111111111
LED experiment,pioreactor02,2026-06-03T04:16:11.988Z,0.031884737469,2026-06-03 10:01:11.988,10.5125
LED experiment,pioreactor02,2026-06-03T04:16:16.989Z,0.031750021365,2026-06-03 10:01:16.989,10.513888888889
LED experiment,pioreactor02,2026-06-03T04:16:21.987Z,0.031825821765,2026-06-03 10:01:21.987,10.515277777778
LED experiment,pioreactor02,2026-06-03T04:16:31.987Z,0.03187982095,2026-06-03 10:01:31.987,10.518055555556
LED experiment,pioreactor02,2026-06-03T04:16:36.987Z,0.031906442748,2026-06-03 10:01:36.987,10.519444444444
LED experiment,pioreactor02,2026-06-03T04:16:41.988Z,0.031835986773,2026-06-03 10:01:41.988,10.520833333333
LED experiment,pioreactor02,2026-06-03T04:16:46.989Z,0.031638699295,2026-06-03 10:01:46.989,10.522222222222
LED experiment,pioreactor02,2026-06-03T04:16:56.986Z,0.031728561972,2026-06-03 10:01:56.986,10.525
LED experiment,pioreactor02,2026-06-03T04:17:06.988Z,0.031979640784,2026-06-03 10:02:06.988,10.527777777778
LED experiment,pioreactor02,2026-06-03T04:17:11.989Z,0.032001877032,2026-06-03 10:02:11.989,10.529166666667
LED experiment,pioreactor02,2026-06-03T04:17:16.986Z,0.032144358955,2026-06-03 10:02:16.986,10.530555555556
LED experiment,pioreactor02,2026-06-03T04:17:21.987Z,0.032268075886,2026-06-03 10:02:21.987,10.531944444444
LED experiment,pioreactor02,2026-06-03T04:17:26.988Z,0.032159396195,2026-06-03 10:02:26.988,10.533333333333
LED experiment,pioreactor02,2026-06-03T04:17:31.989Z,0.031965208509,2026-06-03 10:02:31.989,10.534722222222
LED experiment,pioreactor02,2026-06-03T04:17:36.987Z,0.031868177595,2026-06-03 10:02:36.987,10.536111111111
LED experiment,pioreactor02,2026-06-03T04:17:41.988Z,0.031837097357,2026-06-03 10:02:41.988,10.5375
LED experiment,pioreactor02,2026-06-03T04:17:51.987Z,0.031430487838,2026-06-03 10:02:51.987,10.540277777778
LED experiment,pioreactor02,2026-06-03T04:17:56.989Z,0.031156725834,2026-06-03 10:02:56.989,10.541666666667
LED experiment,pioreactor02,2026-06-03T04:18:01.988Z,0.031222370952,2026-06-03 10:03:01.988,10.543055555556
LED experiment,pioreactor02,2026-06-03T04:18:06.988Z,0.030949845248,2026-06-03 10:03:06.988,10.544444444444
LED experiment,pioreactor02,2026-06-03T04:18:11.989Z,0.030794498336,2026-06-03 10:03:11.989,10.545833333333
LED experiment,pioreactor02,2026-06-03T04:18:16.989Z,0.030522122522,2026-06-03 10:03:16.989,10.547222222222
LED experiment,pioreactor02,2026-06-03T04:18:21.987Z,0.030257170498,2026-06-03 10:03:21.987,10.548611111111
LED experiment,pioreactor02,2026-06-03T04:18:26.989Z,0.03004568215,2026-06-03 10:03:26.989,10.55
LED experiment,pioreactor02,2026-06-03T04:18:31.988Z,0.029706332348,2026-06-03 10:03:31.988,10.551388888889
LED experiment,pioreactor02,2026-06-03T04:18:36.987Z,0.029730128995,2026-06-03 10:03:36.987,10.552777777778
LED experiment,pioreactor02,2026-06-03T04:18:41.987Z,0.029754638578,2026-06-03 10:03:41.987,10.554166666667
LED experiment,pioreactor02,2026-06-03T04:18:46.986Z,0.029454538013,2026-06-03 10:03:46.986,10.555555555556
LED experiment,pioreactor02,2026-06-03T04:18:51.987Z,0.029198344814,2026-06-03 10:03:51.987,10.556944444444
LED experiment,pioreactor02,2026-06-03T04:18:56.988Z,0.029006295411,2026-06-03 10:03:56.988,10.558333333333
LED experiment,pioreactor02,2026-06-03T04:19:01.987Z,0.028823411786,2026-06-03 10:04:01.987,10.559722222222
LED experiment,pioreactor02,2026-06-03T04:19:16.988Z,0.028513430385,2026-06-03 10:04:16.988,10.563888888889
LED experiment,pioreactor02,2026-06-03T04:19:21.988Z,0.028348388192,2026-06-03 10:04:21.988,10.565277777778
LED experiment,pioreactor02,2026-06-03T04:19:26.989Z,0.028249787244,2026-06-03 10:04:26.989,10.566666666667
LED experiment,pioreactor02,2026-06-03T04:19:31.989Z,0.028008034514,2026-06-03 10:04:31.989,10.568055555556
LED experiment,pioreactor02,2026-06-03T04:19:41.987Z,0.027941694067,2026-06-03 10:04:41.987,10.570833333333
LED experiment,pioreactor02,2026-06-03T04:19:51.990Z,0.027948132195,2026-06-03 10:04:51.990,10.573611111111
LED experiment,pioreactor02,2026-06-03T04:19:56.987Z,0.028229694661,2026-06-03 10:04:56.987,10.575
LED experiment,pioreactor02,2026-06-03T04:20:01.989Z,0.028380719765,2026-06-03 10:05:01.989,10.576388888889
LED experiment,pioreactor02,2026-06-03T04:20:06.988Z,0.028613481047,2026-06-03 10:05:06.988,10.577777777778
LED experiment,pioreactor02,2026-06-03T04:20:11.987Z,0.028697465658,2026-06-03 10:05:11.987,10.579166666667
LED experiment,pioreactor02,2026-06-03T04:20:16.988Z,0.028946252926,2026-06-03 10:05:16.988,10.580555555556
LED experiment,pioreactor02,2026-06-03T04:20:21.987Z,0.029136369722,2026-06-03 10:05:21.987,10.581944444444
LED experiment,pioreactor02,2026-06-03T04:20:31.988Z,0.029295327827,2026-06-03 10:05:31.988,10.584722222222
LED experiment,pioreactor02,2026-06-03T04:20:41.986Z,0.029297559674,2026-06-03 10:05:41.986,10.5875
LED experiment,pioreactor02,2026-06-03T04:20:46.988Z,0.029287930206,2026-06-03 10:05:46.988,10.588888888889
LED experiment,pioreactor02,2026-06-03T04:20:51.988Z,0.029597336179,2026-06-03 10:05:51.988,10.590277777778
LED experiment,pioreactor02,2026-06-03T04:21:01.987Z,0.029593161597,2026-06-03 10:06:01.987,10.593055555556
LED experiment,pioreactor02,2026-06-03T04:21:06.988Z,0.029569794004,2026-06-03 10:06:06.988,10.594444444444
LED experiment,pioreactor02,2026-06-03T04:21:11.989Z,0.02994673939,2026-06-03 10:06:11.989,10.595833333333
LED experiment,pioreactor02,2026-06-03T04:21:21.988Z,0.030134804452,2026-06-03 10:06:21.988,10.598611111111
LED experiment,pioreactor02,2026-06-03T04:21:26.988Z,0.030163015173,2026-06-03 10:06:26.988,10.6
LED experiment,pioreactor02,2026-06-03T04:21:31.988Z,0.03017183631,2026-06-03 10:06:31.988,10.601388888889
LED experiment,pioreactor02,2026-06-03T04:21:41.989Z,0.030303299441,2026-06-03 10:06:41.989,10.604166666667
LED experiment,pioreactor02,2026-06-03T04:21:46.987Z,0.030288936329,2026-06-03 10:06:46.987,10.605555555556
LED experiment,pioreactor02,2026-06-03T04:21:56.988Z,0.030100029363,2026-06-03 10:06:56.988,10.608333333333
LED experiment,pioreactor02,2026-06-03T04:22:01.989Z,0.030156810087,2026-06-03 10:07:01.989,10.609722222222
LED experiment,pioreactor02,2026-06-03T04:22:06.987Z,0.030033292724,2026-06-03 10:07:06.987,10.611111111111
LED experiment,pioreactor02,2026-06-03T04:22:16.988Z,0.030063747698,2026-06-03 10:07:16.988,10.613888888889
LED experiment,pioreactor02,2026-06-03T04:22:21.987Z,0.029861968621,2026-06-03 10:07:21.987,10.615277777778
LED experiment,pioreactor02,2026-06-03T04:22:26.989Z,0.029551648352,2026-06-03 10:07:26.989,10.616666666667
LED experiment,pioreactor02,2026-06-03T04:22:31.990Z,0.02962378616,2026-06-03 10:07:31.990,10.618055555556
LED experiment,pioreactor02,2026-06-03T04:22:36.987Z,0.029691246556,2026-06-03 10:07:36.987,10.619444444444
LED experiment,pioreactor02,2026-06-03T04:22:46.988Z,0.029694581388,2026-06-03 10:07:46.988,10.622222222222
LED experiment,pioreactor02,2026-06-03T04:22:51.988Z,0.029603660708,2026-06-03 10:07:51.988,10.623611111111
LED experiment,pioreactor02,2026-06-03T04:22:56.989Z,0.029480006383,2026-06-03 10:07:56.989,10.625
LED experiment,pioreactor02,2026-06-03T04:23:06.986Z,0.029043367846,2026-06-03 10:08:06.986,10.627777777778
LED experiment,pioreactor02,2026-06-03T04:23:11.988Z,0.029047405085,2026-06-03 10:08:11.988,10.629166666667
LED experiment,pioreactor02,2026-06-03T04:23:16.989Z,0.028784604427,2026-06-03 10:08:16.989,10.630555555556
LED experiment,pioreactor02,2026-06-03T04:23:26.988Z,0.028563858613,2026-06-03 10:08:26.988,10.633333333333
LED experiment,pioreactor02,2026-06-03T04:23:31.987Z,0.028546559112,2026-06-03 10:08:31.987,10.634722222222
LED experiment,pioreactor02,2026-06-03T04:23:36.991Z,0.028514125324,2026-06-03 10:08:36.991,10.636111111111
LED experiment,pioreactor02,2026-06-03T04:23:41.989Z,0.028749620715,2026-06-03 10:08:41.989,10.6375
LED experiment,pioreactor02,2026-06-03T04:23:46.987Z,0.028827118447,2026-06-03 10:08:46.987,10.638888888889
LED experiment,pioreactor02,2026-06-03T04:23:51.988Z,0.02891710503,2026-06-03 10:08:51.988,10.640277777778
LED experiment,pioreactor02,2026-06-03T04:23:56.987Z,0.028964408068,2026-06-03 10:08:56.987,10.641666666667
LED experiment,pioreactor02,2026-06-03T04:24:06.987Z,0.028909742722,2026-06-03 10:09:06.987,10.644444444444
LED experiment,pioreactor02,2026-06-03T04:24:11.988Z,0.029148164171,2026-06-03 10:09:11.988,10.645833333333
LED experiment,pioreactor02,2026-06-03T04:24:21.987Z,0.029066421799,2026-06-03 10:09:21.987,10.648611111111
LED experiment,pioreactor02,2026-06-03T04:24:31.992Z,0.028910904157,2026-06-03 10:09:31.992,10.651388888889
LED experiment,pioreactor02,2026-06-03T04:24:36.988Z,0.028609268076,2026-06-03 10:09:36.988,10.652777777778
LED experiment,pioreactor02,2026-06-03T04:24:46.988Z,0.028731667995,2026-06-03 10:09:46.988,10.655555555556
LED experiment,pioreactor02,2026-06-03T04:24:51.986Z,0.029109389545,2026-06-03 10:09:51.986,10.656944444444
LED experiment,pioreactor02,2026-06-03T04:24:56.988Z,0.029469070794,2026-06-03 10:09:56.988,10.658333333333
LED experiment,pioreactor02,2026-06-03T04:25:01.988Z,0.029902769487,2026-06-03 10:10:01.988,10.659722222222
LED experiment,pioreactor02,2026-06-03T04:25:06.988Z,0.029971173602,2026-06-03 10:10:06.988,10.661111111111
LED experiment,pioreactor02,2026-06-03T04:25:11.988Z,0.029949620159,2026-06-03 10:10:11.988,10.6625
LED experiment,pioreactor02,2026-06-03T04:25:16.988Z,0.03011394067,2026-06-03 10:10:16.988,10.663888888889
LED experiment,pioreactor02,2026-06-03T04:25:26.986Z,0.03000238925,2026-06-03 10:10:26.986,10.666666666667
LED experiment,pioreactor02,2026-06-03T04:25:31.991Z,0.02979906133,2026-06-03 10:10:31.991,10.668055555556
LED experiment,pioreactor02,2026-06-03T04:25:36.993Z,0.029533048848,2026-06-03 10:10:36.993,10.669444444444
LED experiment,pioreactor02,2026-06-03T04:25:41.989Z,0.029273604568,2026-06-03 10:10:41.989,10.670833333333
LED experiment,pioreactor02,2026-06-03T04:25:46.987Z,0.028997930414,2026-06-03 10:10:46.987,10.672222222222
LED experiment,pioreactor02,2026-06-03T04:25:51.987Z,0.028949268207,2026-06-03 10:10:51.987,10.673611111111
LED experiment,pioreactor02,2026-06-03T04:25:56.986Z,0.028658412624,2026-06-03 10:10:56.986,10.675
LED experiment,pioreactor02,2026-06-03T04:26:01.987Z,0.028396636333,2026-06-03 10:11:01.987,10.676388888889
LED experiment,pioreactor02,2026-06-03T04:26:06.990Z,0.028200974566,2026-06-03 10:11:06.990,10.677777777778
LED experiment,pioreactor02,2026-06-03T04:26:11.987Z,0.028198033948,2026-06-03 10:11:11.987,10.679166666667
LED experiment,pioreactor02,2026-06-03T04:26:16.988Z,0.028397584908,2026-06-03 10:11:16.988,10.680555555556
LED experiment,pioreactor02,2026-06-03T04:26:21.988Z,0.028425427806,2026-06-03 10:11:21.988,10.681944444444
LED experiment,pioreactor02,2026-06-03T04:26:26.989Z,0.028334531584,2026-06-03 10:11:26.989,10.683333333333
LED experiment,pioreactor02,2026-06-03T04:26:41.987Z,0.028172912092,2026-06-03 10:11:41.987,10.6875
LED experiment,pioreactor02,2026-06-03T04:26:46.986Z,0.028100224579,2026-06-03 10:11:46.986,10.688888888889
LED experiment,pioreactor02,2026-06-03T04:26:51.989Z,0.027899416234,2026-06-03 10:11:51.989,10.690277777778
LED experiment,pioreactor02,2026-06-03T04:26:56.988Z,0.027778051475,2026-06-03 10:11:56.988,10.691666666667
LED experiment,pioreactor02,2026-06-03T04:27:01.987Z,0.027752036969,2026-06-03 10:12:01.987,10.693055555556
LED experiment,pioreactor02,2026-06-03T04:27:11.986Z,0.027449419393,2026-06-03 10:12:11.986,10.695833333333
LED experiment,pioreactor02,2026-06-03T04:27:16.987Z,0.027197057471,2026-06-03 10:12:16.987,10.697222222222
LED experiment,pioreactor02,2026-06-03T04:27:21.989Z,0.026964954348,2026-06-03 10:12:21.989,10.698611111111
LED experiment,pioreactor02,2026-06-03T04:27:26.989Z,0.026741084648,2026-06-03 10:12:26.989,10.7
LED experiment,pioreactor02,2026-06-03T04:27:36.988Z,0.026549015876,2026-06-03 10:12:36.988,10.702777777778
LED experiment,pioreactor02,2026-06-03T04:27:46.988Z,0.026259118764,2026-06-03 10:12:46.988,10.705555555556
LED experiment,pioreactor02,2026-06-03T04:27:51.988Z,0.026287509021,2026-06-03 10:12:51.988,10.706944444444
LED experiment,pioreactor02,2026-06-03T04:27:56.986Z,0.026468341509,2026-06-03 10:12:56.986,10.708333333333
LED experiment,pioreactor02,2026-06-03T04:28:01.987Z,0.026188908542,2026-06-03 10:13:01.987,10.709722222222
LED experiment,pioreactor02,2026-06-03T04:28:06.988Z,0.026064371449,2026-06-03 10:13:06.988,10.711111111111
LED experiment,pioreactor02,2026-06-03T04:28:11.988Z,0.026017213798,2026-06-03 10:13:11.988,10.7125
LED experiment,pioreactor02,2026-06-03T04:28:16.991Z,0.026203333688,2026-06-03 10:13:16.991,10.713888888889
LED experiment,pioreactor02,2026-06-03T04:28:21.988Z,0.026347380762,2026-06-03 10:13:21.988,10.715277777778
LED experiment,pioreactor02,2026-06-03T04:28:26.986Z,0.026189203052,2026-06-03 10:13:26.986,10.716666666667
LED experiment,pioreactor02,2026-06-03T04:28:31.988Z,0.026096767823,2026-06-03 10:13:31.988,10.718055555556
LED experiment,pioreactor02,2026-06-03T04:28:41.989Z,0.025861616339,2026-06-03 10:13:41.989,10.720833333333
LED experiment,pioreactor02,2026-06-03T04:28:51.989Z,0.025705898223,2026-06-03 10:13:51.989,10.723611111111
LED experiment,pioreactor02,2026-06-03T04:28:56.987Z,0.025599155017,2026-06-03 10:13:56.987,10.725
LED experiment,pioreactor02,2026-06-03T04:29:01.988Z,0.025391880273,2026-06-03 10:14:01.988,10.726388888889
LED experiment,pioreactor02,2026-06-03T04:29:06.988Z,0.0252010352,2026-06-03 10:14:06.988,10.727777777778
LED experiment,pioreactor02,2026-06-03T04:29:21.988Z,0.025172330754,2026-06-03 10:14:21.988,10.731944444444
LED experiment,pioreactor02,2026-06-03T04:29:26.986Z,0.025139584739,2026-06-03 10:14:26.986,10.733333333333
LED experiment,pioreactor02,2026-06-03T04:29:31.988Z,0.025110942804,2026-06-03 10:14:31.988,10.734722222222
LED experiment,pioreactor02,2026-06-03T04:29:36.986Z,0.025087101477,2026-06-03 10:14:36.986,10.736111111111
LED experiment,pioreactor02,2026-06-03T04:29:41.989Z,0.025446170166,2026-06-03 10:14:41.989,10.7375
LED experiment,pioreactor02,2026-06-03T04:29:46.986Z,0.025054827813,2026-06-03 10:14:46.986,10.738888888889
LED experiment,pioreactor02,2026-06-03T04:29:51.988Z,0.024956221247,2026-06-03 10:14:51.988,10.740277777778
LED experiment,pioreactor02,2026-06-03T04:29:56.990Z,0.025000798947,2026-06-03 10:14:56.990,10.741666666667
LED experiment,pioreactor02,2026-06-03T04:30:01.987Z,0.025039191329,2026-06-03 10:15:01.987,10.743055555556
LED experiment,pioreactor02,2026-06-03T04:30:06.989Z,0.02530403079,2026-06-03 10:15:06.989,10.744444444444
LED experiment,pioreactor02,2026-06-03T04:30:16.989Z,0.025590087917,2026-06-03 10:15:16.989,10.747222222222
LED experiment,pioreactor02,2026-06-03T04:30:26.988Z,0.025416181338,2026-06-03 10:15:26.988,10.75
LED experiment,pioreactor02,2026-06-03T04:30:31.987Z,0.025184567155,2026-06-03 10:15:31.987,10.751388888889
LED experiment,pioreactor02,2026-06-03T04:30:36.987Z,0.024893018575,2026-06-03 10:15:36.987,10.752777777778
LED experiment,pioreactor02,2026-06-03T04:30:41.987Z,0.024842050568,2026-06-03 10:15:41.987,10.754166666667
LED experiment,pioreactor02,2026-06-03T04:30:46.988Z,0.024867941736,2026-06-03 10:15:46.988,10.755555555556
LED experiment,pioreactor02,2026-06-03T04:30:51.988Z,0.024887733798,2026-06-03 10:15:51.988,10.756944444444
LED experiment,pioreactor02,2026-06-03T04:30:56.988Z,0.024963181012,2026-06-03 10:15:56.988,10.758333333333
LED experiment,pioreactor02,2026-06-03T04:31:01.988Z,0.024391816149,2026-06-03 10:16:01.988,10.759722222222
LED experiment,pioreactor02,2026-06-03T04:31:06.988Z,0.024176860804,2026-06-03 10:16:06.988,10.761111111111
LED experiment,pioreactor02,2026-06-03T04:31:11.989Z,0.024164998826,2026-06-03 10:16:11.989,10.7625
LED experiment,pioreactor02,2026-06-03T04:31:16.988Z,0.024375642642,2026-06-03 10:16:16.988,10.763888888889
LED experiment,pioreactor02,2026-06-03T04:31:21.988Z,0.024632880079,2026-06-03 10:16:21.988,10.765277777778
LED experiment,pioreactor02,2026-06-03T04:31:26.988Z,0.024627412314,2026-06-03 10:16:26.988,10.766666666667
LED experiment,pioreactor02,2026-06-03T04:31:31.990Z,0.02454795653,2026-06-03 10:16:31.990,10.768055555556
LED experiment,pioreactor02,2026-06-03T04:31:36.987Z,0.024377209461,2026-06-03 10:16:36.987,10.769444444444
LED experiment,pioreactor02,2026-06-03T04:31:41.990Z,0.024260932234,2026-06-03 10:16:41.990,10.770833333333
LED experiment,pioreactor02,2026-06-03T04:31:46.988Z,0.024299388026,2026-06-03 10:16:46.988,10.772222222222
LED experiment,pioreactor02,2026-06-03T04:31:51.990Z,0.024084881467,2026-06-03 10:16:51.990,10.773611111111
LED experiment,pioreactor02,2026-06-03T04:31:56.987Z,0.024200340801,2026-06-03 10:16:56.987,10.775
LED experiment,pioreactor02,2026-06-03T04:32:11.989Z,0.023973197542,2026-06-03 10:17:11.989,10.779166666667
LED experiment,pioreactor02,2026-06-03T04:32:16.988Z,0.023952994315,2026-06-03 10:17:16.988,10.780555555556
LED experiment,pioreactor02,2026-06-03T04:32:26.988Z,0.024080146471,2026-06-03 10:17:26.988,10.783333333333
LED experiment,pioreactor02,2026-06-03T04:32:31.990Z,0.023944839956,2026-06-03 10:17:31.990,10.784722222222
LED experiment,pioreactor02,2026-06-03T04:32:36.989Z,0.023660219394,2026-06-03 10:17:36.989,10.786111111111
LED experiment,pioreactor02,2026-06-03T04:32:41.990Z,0.023550801933,2026-06-03 10:17:41.990,10.7875
LED experiment,pioreactor02,2026-06-03T04:32:46.989Z,0.023616755728,2026-06-03 10:17:46.989,10.788888888889
LED experiment,pioreactor02,2026-06-03T04:32:51.989Z,0.023554562207,2026-06-03 10:17:51.989,10.790277777778
LED experiment,pioreactor02,2026-06-03T04:32:56.988Z,0.023689994948,2026-06-03 10:17:56.988,10.791666666667
LED experiment,pioreactor02,2026-06-03T04:33:01.987Z,0.023811455401,2026-06-03 10:18:01.987,10.793055555556
LED experiment,pioreactor02,2026-06-03T04:33:11.987Z,0.024085396141,2026-06-03 10:18:11.987,10.795833333333
LED experiment,pioreactor02,2026-06-03T04:33:16.989Z,0.02412178787,2026-06-03 10:18:16.989,10.797222222222
LED experiment,pioreactor02,2026-06-03T04:33:21.986Z,0.023654791026,2026-06-03 10:18:21.986,10.798611111111
LED experiment,pioreactor02,2026-06-03T04:33:26.988Z,0.023224141522,2026-06-03 10:18:26.988,10.8
LED experiment,pioreactor02,2026-06-03T04:33:31.986Z,0.023042617371,2026-06-03 10:18:31.986,10.801388888889
LED experiment,pioreactor02,2026-06-03T04:33:36.987Z,0.023000055108,2026-06-03 10:18:36.987,10.802777777778
LED experiment,pioreactor02,2026-06-03T04:33:41.990Z,0.02327637658,2026-06-03 10:18:41.990,10.804166666667
LED experiment,pioreactor02,2026-06-03T04:33:46.986Z,0.023278874163,2026-06-03 10:18:46.986,10.805555555556
LED experiment,pioreactor02,2026-06-03T04:33:51.989Z,0.023408749997,2026-06-03 10:18:51.989,10.806944444444
LED experiment,pioreactor02,2026-06-03T04:33:56.991Z,0.023434448229,2026-06-03 10:18:56.991,10.808333333333
LED experiment,pioreactor02,2026-06-03T04:34:01.988Z,0.023530164907,2026-06-03 10:19:01.988,10.809722222222
LED experiment,pioreactor02,2026-06-03T04:34:06.987Z,0.023276842746,2026-06-03 10:19:06.987,10.811111111111
LED experiment,pioreactor02,2026-06-03T04:34:11.988Z,0.023266274523,2026-06-03 10:19:11.988,10.8125
LED experiment,pioreactor02,2026-06-03T04:34:21.987Z,0.023133437416,2026-06-03 10:19:21.987,10.815277777778
LED experiment,pioreactor02,2026-06-03T04:34:26.986Z,0.023009533531,2026-06-03 10:19:26.986,10.816666666667
LED experiment,pioreactor02,2026-06-03T04:34:31.987Z,0.02303835315,2026-06-03 10:19:31.987,10.818055555556
LED experiment,pioreactor02,2026-06-03T04:34:36.990Z,0.022805632177,2026-06-03 10:19:36.990,10.819444444444
LED experiment,pioreactor02,2026-06-03T04:34:41.989Z,0.022847546692,2026-06-03 10:19:41.989,10.820833333333
LED experiment,pioreactor02,2026-06-03T04:34:46.987Z,0.02297103515,2026-06-03 10:19:46.987,10.822222222222
LED experiment,pioreactor02,2026-06-03T04:34:51.986Z,0.022724958166,2026-06-03 10:19:51.986,10.823611111111
LED experiment,pioreactor02,2026-06-03T04:34:56.988Z,0.022738544259,2026-06-03 10:19:56.988,10.825
LED experiment,pioreactor02,2026-06-03T04:35:01.987Z,0.022739172003,2026-06-03 10:20:01.987,10.826388888889
LED experiment,pioreactor02,2026-06-03T04:35:06.988Z,0.022478398474,2026-06-03 10:20:06.988,10.827777777778
LED experiment,pioreactor02,2026-06-03T04:35:11.989Z,0.022302085585,2026-06-03 10:20:11.989,10.829166666667
LED experiment,pioreactor02,2026-06-03T04:35:16.987Z,0.021937973291,2026-06-03 10:20:16.987,10.830555555556
LED experiment,pioreactor02,2026-06-03T04:35:26.988Z,0.021814730675,2026-06-03 10:20:26.988,10.833333333333
LED experiment,pioreactor02,2026-06-03T04:35:31.986Z,0.021702604625,2026-06-03 10:20:31.986,10.834722222222
LED experiment,pioreactor02,2026-06-03T04:35:36.986Z,0.021593043275,2026-06-03 10:20:36.986,10.836111111111
LED experiment,pioreactor02,2026-06-03T04:35:41.990Z,0.021667944822,2026-06-03 10:20:41.990,10.8375
LED experiment,pioreactor02,2026-06-03T04:35:46.988Z,0.021325468364,2026-06-03 10:20:46.988,10.838888888889
LED experiment,pioreactor02,2026-06-03T04:35:51.988Z,0.02106497748,2026-06-03 10:20:51.988,10.840277777778
LED experiment,pioreactor02,2026-06-03T04:35:56.989Z,0.021176709408,2026-06-03 10:20:56.989,10.841666666667
LED experiment,pioreactor02,2026-06-03T04:36:06.987Z,0.02142446528,2026-06-03 10:21:06.987,10.844444444444
LED experiment,pioreactor02,2026-06-03T04:36:11.987Z,0.021283905813,2026-06-03 10:21:11.987,10.845833333333
LED experiment,pioreactor02,2026-06-03T04:36:16.989Z,0.021384005864,2026-06-03 10:21:16.989,10.847222222222
LED experiment,pioreactor02,2026-06-03T04:36:21.989Z,0.02157019462,2026-06-03 10:21:21.989,10.848611111111
LED experiment,pioreactor02,2026-06-03T04:36:26.989Z,0.021783505441,2026-06-03 10:21:26.989,10.85
LED experiment,pioreactor02,2026-06-03T04:36:31.987Z,0.021832407922,2026-06-03 10:21:31.987,10.851388888889
LED experiment,pioreactor02,2026-06-03T04:36:41.990Z,0.021524207668,2026-06-03 10:21:41.990,10.854166666667
LED experiment,pioreactor02,2026-06-03T04:36:46.986Z,0.021585698484,2026-06-03 10:21:46.986,10.855555555556
LED experiment,pioreactor02,2026-06-03T04:36:51.988Z,0.021881218384,2026-06-03 10:21:51.988,10.856944444444
LED experiment,pioreactor02,2026-06-03T04:36:56.990Z,0.021966946086,2026-06-03 10:21:56.990,10.858333333333
LED experiment,pioreactor02,2026-06-03T04:37:06.989Z,0.021897193957,2026-06-03 10:22:06.989,10.861111111111
LED experiment,pioreactor02,2026-06-03T04:37:11.987Z,0.021613976706,2026-06-03 10:22:11.987,10.8625
LED experiment,pioreactor02,2026-06-03T04:37:16.988Z,0.021449166392,2026-06-03 10:22:16.988,10.863888888889
LED experiment,pioreactor02,2026-06-03T04:37:21.987Z,0.021587650547,2026-06-03 10:22:21.987,10.865277777778
LED experiment,pioreactor02,2026-06-03T04:37:26.989Z,0.02181022831,2026-06-03 10:22:26.989,10.866666666667
LED experiment,pioreactor02,2026-06-03T04:37:36.988Z,0.021988222491,2026-06-03 10:22:36.988,10.869444444444
LED experiment,pioreactor02,2026-06-03T04:37:41.988Z,0.022283965596,2026-06-03 10:22:41.988,10.870833333333
LED experiment,pioreactor02,2026-06-03T04:37:46.989Z,0.022670334737,2026-06-03 10:22:46.989,10.872222222222
LED experiment,pioreactor02,2026-06-03T04:37:51.987Z,0.022949605004,2026-06-03 10:22:51.987,10.873611111111
LED experiment,pioreactor02,2026-06-03T04:38:01.989Z,0.023192271059,2026-06-03 10:23:01.989,10.876388888889
LED experiment,pioreactor02,2026-06-03T04:38:06.989Z,0.023103497526,2026-06-03 10:23:06.989,10.877777777778
LED experiment,pioreactor02,2026-06-03T04:38:11.987Z,0.02322145015,2026-06-03 10:23:11.987,10.879166666667
LED experiment,pioreactor02,2026-06-03T04:38:16.986Z,0.023355317769,2026-06-03 10:23:16.986,10.880555555556
LED experiment,pioreactor02,2026-06-03T04:38:21.990Z,0.023629619697,2026-06-03 10:23:21.990,10.881944444444
LED experiment,pioreactor02,2026-06-03T04:38:26.991Z,0.023953618955,2026-06-03 10:23:26.991,10.883333333333
LED experiment,pioreactor02,2026-06-03T04:38:36.989Z,0.023848538291,2026-06-03 10:23:36.989,10.886111111111
LED experiment,pioreactor02,2026-06-03T04:38:41.988Z,0.024111701645,2026-06-03 10:23:41.988,10.8875
LED experiment,pioreactor02,2026-06-03T04:38:51.988Z,0.02391976227,2026-06-03 10:23:51.988,10.890277777778
LED experiment,pioreactor02,2026-06-03T04:38:56.991Z,0.023408686074,2026-06-03 10:23:56.991,10.891666666667
LED experiment,pioreactor02,2026-06-03T04:39:01.989Z,0.023254297287,2026-06-03 10:24:01.989,10.893055555556
LED experiment,pioreactor02,2026-06-03T04:39:11.988Z,0.022988900704,2026-06-03 10:24:11.988,10.895833333333
LED experiment,pioreactor02,2026-06-03T04:39:16.988Z,0.022945991379,2026-06-03 10:24:16.988,10.897222222222
LED experiment,pioreactor02,2026-06-03T04:39:21.987Z,0.023110193069,2026-06-03 10:24:21.987,10.898611111111
LED experiment,pioreactor02,2026-06-03T04:39:26.986Z,0.02334823847,2026-06-03 10:24:26.986,10.9
LED experiment,pioreactor02,2026-06-03T04:39:31.987Z,0.02347078994,2026-06-03 10:24:31.987,10.901388888889
LED experiment,pioreactor02,2026-06-03T04:39:36.987Z,0.023419135261,2026-06-03 10:24:36.987,10.902777777778
LED experiment,pioreactor02,2026-06-03T04:39:41.988Z,0.023831902706,2026-06-03 10:24:41.988,10.904166666667
LED experiment,pioreactor02,2026-06-03T04:39:46.988Z,0.024030952926,2026-06-03 10:24:46.988,10.905555555556
LED experiment,pioreactor02,2026-06-03T04:39:51.987Z,0.024130884358,2026-06-03 10:24:51.987,10.906944444444
LED experiment,pioreactor02,2026-06-03T04:39:56.988Z,0.024231281815,2026-06-03 10:24:56.988,10.908333333333
LED experiment,pioreactor02,2026-06-03T04:40:01.988Z,0.024462583066,2026-06-03 10:25:01.988,10.909722222222
LED experiment,pioreactor02,2026-06-03T04:40:06.987Z,0.024274493024,2026-06-03 10:25:06.987,10.911111111111
LED experiment,pioreactor02,2026-06-03T04:40:11.987Z,0.02451110653,2026-06-03 10:25:11.987,10.9125
LED experiment,pioreactor02,2026-06-03T04:40:16.988Z,0.024599084444,2026-06-03 10:25:16.988,10.913888888889
LED experiment,pioreactor02,2026-06-03T04:40:21.989Z,0.024562868178,2026-06-03 10:25:21.989,10.915277777778
LED experiment,pioreactor02,2026-06-03T04:40:26.989Z,0.024703904105,2026-06-03 10:25:26.989,10.916666666667
LED experiment,pioreactor02,2026-06-03T04:40:36.987Z,0.024562069912,2026-06-03 10:25:36.987,10.919444444444
LED experiment,pioreactor02,2026-06-03T04:40:41.988Z,0.024618222348,2026-06-03 10:25:41.988,10.920833333333
LED experiment,pioreactor02,2026-06-03T04:40:51.987Z,0.024596086829,2026-06-03 10:25:51.987,10.923611111111
LED experiment,pioreactor02,2026-06-03T04:41:01.988Z,0.02438212441,2026-06-03 10:26:01.988,10.926388888889
LED experiment,pioreactor02,2026-06-03T04:41:06.988Z,0.024364524976,2026-06-03 10:26:06.988,10.927777777778
LED experiment,pioreactor02,2026-06-03T04:41:11.987Z,0.024202384774,2026-06-03 10:26:11.987,10.929166666667
LED experiment,pioreactor02,2026-06-03T04:41:16.987Z,0.024222089924,2026-06-03 10:26:16.987,10.930555555556
LED experiment,pioreactor02,2026-06-03T04:41:26.989Z,0.023776915819,2026-06-03 10:26:26.989,10.933333333333
LED experiment,pioreactor02,2026-06-03T04:41:36.993Z,0.023416612045,2026-06-03 10:26:36.993,10.936111111111
LED experiment,pioreactor02,2026-06-03T04:41:41.986Z,0.0236152615,2026-06-03 10:26:41.986,10.9375
LED experiment,pioreactor02,2026-06-03T04:41:51.990Z,0.023621370991,2026-06-03 10:26:51.990,10.940277777778
LED experiment,pioreactor02,2026-06-03T04:42:01.987Z,0.023505626193,2026-06-03 10:27:01.987,10.943055555556
LED experiment,pioreactor02,2026-06-03T04:42:06.990Z,0.023751584786,2026-06-03 10:27:06.990,10.944444444444
LED experiment,pioreactor02,2026-06-03T04:42:11.987Z,0.023715338567,2026-06-03 10:27:11.987,10.945833333333
LED experiment,pioreactor02,2026-06-03T04:42:16.987Z,0.023912271363,2026-06-03 10:27:16.987,10.947222222222
LED experiment,pioreactor02,2026-06-03T04:42:31.988Z,0.024138164214,2026-06-03 10:27:31.988,10.951388888889
LED experiment,pioreactor02,2026-06-03T04:42:36.986Z,0.024410437089,2026-06-03 10:27:36.986,10.952777777778
LED experiment,pioreactor02,2026-06-03T04:42:46.989Z,0.024198565727,2026-06-03 10:27:46.989,10.955555555556
LED experiment,pioreactor02,2026-06-03T04:42:51.990Z,0.024161732339,2026-06-03 10:27:51.990,10.956944444444
LED experiment,pioreactor02,2026-06-03T04:42:56.987Z,0.023954796259,2026-06-03 10:27:56.987,10.958333333333
LED experiment,pioreactor02,2026-06-03T04:43:01.988Z,0.024164135378,2026-06-03 10:28:01.988,10.959722222222
LED experiment,pioreactor02,2026-06-03T04:43:06.989Z,0.024268711866,2026-06-03 10:28:06.989,10.961111111111
LED experiment,pioreactor02,2026-06-03T04:43:11.986Z,0.024223124302,2026-06-03 10:28:11.986,10.9625
LED experiment,pioreactor02,2026-06-03T04:43:16.988Z,0.024184403694,2026-06-03 10:28:16.988,10.963888888889
LED experiment,pioreactor02,2026-06-03T04:43:26.990Z,0.024024988373,2026-06-03 10:28:26.990,10.966666666667
LED experiment,pioreactor02,2026-06-03T04:43:31.987Z,0.023954408412,2026-06-03 10:28:31.987,10.968055555556
LED experiment,pioreactor02,2026-06-03T04:43:36.988Z,0.023955750547,2026-06-03 10:28:36.988,10.969444444444
LED experiment,pioreactor02,2026-06-03T04:43:41.987Z,0.023994554298,2026-06-03 10:28:41.987,10.970833333333
LED experiment,pioreactor02,2026-06-03T04:43:51.987Z,0.023897189865,2026-06-03 10:28:51.987,10.973611111111
LED experiment,pioreactor02,2026-06-03T04:43:56.988Z,0.023883818642,2026-06-03 10:28:56.988,10.975
LED experiment,pioreactor02,2026-06-03T04:44:01.988Z,0.023762927838,2026-06-03 10:29:01.988,10.976388888889
LED experiment,pioreactor02,2026-06-03T04:44:11.989Z,0.023519452097,2026-06-03 10:29:11.989,10.979166666667
LED experiment,pioreactor02,2026-06-03T04:44:16.988Z,0.023505629972,2026-06-03 10:29:16.988,10.980555555556
LED experiment,pioreactor02,2026-06-03T04:44:21.988Z,0.023646398196,2026-06-03 10:29:21.988,10.981944444444
LED experiment,pioreactor02,2026-06-03T04:44:31.987Z,0.023465253458,2026-06-03 10:29:31.987,10.984722222222
LED experiment,pioreactor02,2026-06-03T04:44:36.988Z,0.023531396773,2026-06-03 10:29:36.988,10.986111111111
LED experiment,pioreactor02,2026-06-03T04:44:41.988Z,0.02329149426,2026-06-03 10:29:41.988,10.9875
LED experiment,pioreactor02,2026-06-03T04:44:46.987Z,0.023387693748,2026-06-03 10:29:46.987,10.988888888889
LED experiment,pioreactor02,2026-06-03T04:44:51.986Z,0.023608776552,2026-06-03 10:29:51.986,10.990277777778
LED experiment,pioreactor02,2026-06-03T04:44:56.988Z,0.023813112639,2026-06-03 10:29:56.988,10.991666666667
LED experiment,pioreactor02,2026-06-03T04:45:01.987Z,0.02336444179,2026-06-03 10:30:01.987,10.993055555556
LED experiment,pioreactor02,2026-06-03T04:45:06.986Z,0.022731912584,2026-06-03 10:30:06.986,10.994444444444
LED experiment,pioreactor02,2026-06-03T04:45:11.988Z,0.022531783644,2026-06-03 10:30:11.988,10.995833333333
LED experiment,pioreactor02,2026-06-03T04:45:16.990Z,0.022554489162,2026-06-03 10:30:16.990,10.997222222222
LED experiment,pioreactor02,2026-06-03T04:45:26.990Z,0.022606123326,2026-06-03 10:30:26.990,11.0
LED experiment,pioreactor02,2026-06-03T04:45:31.988Z,0.022677259085,2026-06-03 10:30:31.988,11.001388888889
LED experiment,pioreactor02,2026-06-03T04:45:46.988Z,0.022479444388,2026-06-03 10:30:46.988,11.005555555556
LED experiment,pioreactor02,2026-06-03T04:45:51.991Z,0.02270344186,2026-06-03 10:30:51.991,11.006944444444
LED experiment,pioreactor02,2026-06-03T04:45:56.987Z,0.022780244782,2026-06-03 10:30:56.987,11.008333333333
LED experiment,pioreactor02,2026-06-03T04:46:01.987Z,0.022486043958,2026-06-03 10:31:01.987,11.009722222222
LED experiment,pioreactor02,2026-06-03T04:46:06.990Z,0.022063136733,2026-06-03 10:31:06.990,11.011111111111
LED experiment,pioreactor02,2026-06-03T04:46:11.987Z,0.022001191693,2026-06-03 10:31:11.987,11.0125
LED experiment,pioreactor02,2026-06-03T04:46:21.987Z,0.022043818837,2026-06-03 10:31:21.987,11.015277777778
LED experiment,pioreactor02,2026-06-03T04:46:26.989Z,0.022156325976,2026-06-03 10:31:26.989,11.016666666667
LED experiment,pioreactor02,2026-06-03T04:46:31.987Z,0.022196586862,2026-06-03 10:31:31.987,11.018055555556
LED experiment,pioreactor02,2026-06-03T04:46:41.988Z,0.022503297184,2026-06-03 10:31:41.988,11.020833333333
LED experiment,pioreactor02,2026-06-03T04:46:51.989Z,0.022319520961,2026-06-03 10:31:51.989,11.023611111111
LED experiment,pioreactor02,2026-06-03T04:47:01.986Z,0.022395614752,2026-06-03 10:32:01.986,11.026388888889
LED experiment,pioreactor02,2026-06-03T04:47:06.987Z,0.022283081741,2026-06-03 10:32:06.987,11.027777777778
LED experiment,pioreactor02,2026-06-03T04:47:21.987Z,0.022283081741,2026-06-03 10:32:21.987,11.031944444444
LED experiment,pioreactor02,2026-06-03T04:47:26.996Z,0.022283081741,2026-06-03 10:32:26.996,11.033333333333
LED experiment,pioreactor02,2026-06-03T04:47:36.987Z,0.022283081741,2026-06-03 10:32:36.987,11.036111111111
LED experiment,pioreactor02,2026-06-03T04:47:41.986Z,0.022283218923,2026-06-03 10:32:41.986,11.0375
LED experiment,pioreactor02,2026-06-03T04:47:51.987Z,0.022284919781,2026-06-03 10:32:51.987,11.040277777778
LED experiment,pioreactor02,2026-06-03T04:47:56.989Z,0.022295471132,2026-06-03 10:32:56.989,11.041666666667
LED experiment,pioreactor02,2026-06-03T04:48:01.991Z,0.022295413627,2026-06-03 10:33:01.991,11.043055555556
LED experiment,pioreactor02,2026-06-03T04:48:06.987Z,0.022291943303,2026-06-03 10:33:06.987,11.044444444444
LED experiment,pioreactor02,2026-06-03T04:48:11.987Z,0.022296720012,2026-06-03 10:33:11.987,11.045833333333
LED experiment,pioreactor02,2026-06-03T04:48:16.987Z,0.022309910459,2026-06-03 10:33:16.987,11.047222222222
LED experiment,pioreactor02,2026-06-03T04:48:21.988Z,0.022286581073,2026-06-03 10:33:21.988,11.048611111111
LED experiment,pioreactor02,2026-06-03T04:48:31.989Z,0.022271052766,2026-06-03 10:33:31.989,11.051388888889
LED experiment,pioreactor02,2026-06-03T04:48:36.987Z,0.022231412862,2026-06-03 10:33:36.987,11.052777777778
LED experiment,pioreactor02,2026-06-03T04:48:41.988Z,0.02223700916,2026-06-03 10:33:41.988,11.054166666667
LED experiment,pioreactor02,2026-06-03T04:48:46.988Z,0.022259721329,2026-06-03 10:33:46.988,11.055555555556
LED experiment,pioreactor02,2026-06-03T04:48:56.989Z,0.022233042255,2026-06-03 10:33:56.989,11.058333333333
LED experiment,pioreactor02,2026-06-03T04:49:01.988Z,0.022255262855,2026-06-03 10:34:01.988,11.059722222222
LED experiment,pioreactor02,2026-06-03T04:49:06.987Z,0.022243882725,2026-06-03 10:34:06.987,11.061111111111
LED experiment,pioreactor02,2026-06-03T04:49:11.987Z,0.022278970377,2026-06-03 10:34:11.987,11.0625
LED experiment,pioreactor02,2026-06-03T04:49:16.987Z,0.022303132125,2026-06-03 10:34:16.987,11.063888888889
LED experiment,pioreactor02,2026-06-03T04:49:21.988Z,0.022366520257,2026-06-03 10:34:21.988,11.065277777778
LED experiment,pioreactor02,2026-06-03T04:49:26.990Z,0.02237060362,2026-06-03 10:34:26.990,11.066666666667
LED experiment,pioreactor02,2026-06-03T04:49:31.988Z,0.022397893285,2026-06-03 10:34:31.988,11.068055555556
LED experiment,pioreactor02,2026-06-03T04:49:41.988Z,0.022482032132,2026-06-03 10:34:41.988,11.070833333333
LED experiment,pioreactor02,2026-06-03T04:49:46.989Z,0.022543370123,2026-06-03 10:34:46.989,11.072222222222
LED experiment,pioreactor02,2026-06-03T04:49:56.987Z,0.022619952844,2026-06-03 10:34:56.987,11.075
LED experiment,pioreactor02,2026-06-03T04:50:01.987Z,0.022685858534,2026-06-03 10:35:01.987,11.076388888889
LED experiment,pioreactor02,2026-06-03T04:50:06.991Z,0.022664176023,2026-06-03 10:35:06.991,11.077777777778
LED experiment,pioreactor02,2026-06-03T04:50:11.987Z,0.022726215364,2026-06-03 10:35:11.987,11.079166666667
LED experiment,pioreactor02,2026-06-03T04:50:16.988Z,0.022677121784,2026-06-03 10:35:16.988,11.080555555556
LED experiment,pioreactor02,2026-06-03T04:50:21.987Z,0.02256899024,2026-06-03 10:35:21.987,11.081944444444
LED experiment,pioreactor02,2026-06-03T04:50:26.987Z,0.022505600959,2026-06-03 10:35:26.987,11.083333333333
LED experiment,pioreactor02,2026-06-03T04:50:31.987Z,0.022459610349,2026-06-03 10:35:31.987,11.084722222222
LED experiment,pioreactor02,2026-06-03T04:50:36.987Z,0.022511561817,2026-06-03 10:35:36.987,11.086111111111
LED experiment,pioreactor02,2026-06-03T04:50:41.988Z,0.022537950825,2026-06-03 10:35:41.988,11.0875
LED experiment,pioreactor02,2026-06-03T04:50:46.986Z,0.022474001745,2026-06-03 10:35:46.986,11.088888888889
LED experiment,pioreactor02,2026-06-03T04:50:51.987Z,0.022496880742,2026-06-03 10:35:51.987,11.090277777778
LED experiment,pioreactor02,2026-06-03T04:50:56.987Z,0.02247947934,2026-06-03 10:35:56.987,11.091666666667
LED experiment,pioreactor02,2026-06-03T04:51:01.987Z,0.022430527233,2026-06-03 10:36:01.987,11.093055555556
LED experiment,pioreactor02,2026-06-03T04:51:06.989Z,0.022273004884,2026-06-03 10:36:06.989,11.094444444444
LED experiment,pioreactor02,2026-06-03T04:51:16.987Z,0.02222230585,2026-06-03 10:36:16.987,11.097222222222
LED experiment,pioreactor02,2026-06-03T04:51:21.986Z,0.022064280466,2026-06-03 10:36:21.986,11.098611111111
LED experiment,pioreactor02,2026-06-03T04:51:31.986Z,0.022052399877,2026-06-03 10:36:31.986,11.101388888889
LED experiment,pioreactor02,2026-06-03T04:51:36.989Z,0.021873760359,2026-06-03 10:36:36.989,11.102777777778
LED experiment,pioreactor02,2026-06-03T04:51:46.988Z,0.021889778034,2026-06-03 10:36:46.988,11.105555555556
LED experiment,pioreactor02,2026-06-03T04:51:56.987Z,0.021756370804,2026-06-03 10:36:56.987,11.108333333333
LED experiment,pioreactor02,2026-06-03T04:52:06.989Z,0.021738842045,2026-06-03 10:37:06.989,11.111111111111
LED experiment,pioreactor02,2026-06-03T04:52:11.986Z,0.021871854974,2026-06-03 10:37:11.986,11.1125
LED experiment,pioreactor02,2026-06-03T04:52:21.988Z,0.021991225706,2026-06-03 10:37:21.988,11.115277777778
LED experiment,pioreactor02,2026-06-03T04:52:26.990Z,0.022028835953,2026-06-03 10:37:26.990,11.116666666667
LED experiment,pioreactor02,2026-06-03T04:52:31.988Z,0.022099550613,2026-06-03 10:37:31.988,11.118055555556
LED experiment,pioreactor02,2026-06-03T04:52:41.987Z,0.022434855747,2026-06-03 10:37:41.987,11.120833333333
LED experiment,pioreactor02,2026-06-03T04:52:46.990Z,0.022459645345,2026-06-03 10:37:46.990,11.122222222222
LED experiment,pioreactor02,2026-06-03T04:52:56.989Z,0.022641113334,2026-06-03 10:37:56.989,11.125
LED experiment,pioreactor02,2026-06-03T04:53:01.987Z,0.022643951932,2026-06-03 10:38:01.987,11.126388888889
LED experiment,pioreactor02,2026-06-03T04:53:11.988Z,0.0227357209,2026-06-03 10:38:11.988,11.129166666667
LED experiment,pioreactor02,2026-06-03T04:53:16.989Z,0.02274640934,2026-06-03 10:38:16.989,11.130555555556
LED experiment,pioreactor02,2026-06-03T04:53:21.988Z,0.022857143266,2026-06-03 10:38:21.988,11.131944444444
LED experiment,pioreactor02,2026-06-03T04:53:26.988Z,0.022886330389,2026-06-03 10:38:26.988,11.133333333333
LED experiment,pioreactor02,2026-06-03T04:53:31.986Z,0.022742452585,2026-06-03 10:38:31.986,11.134722222222
LED experiment,pioreactor02,2026-06-03T04:53:41.988Z,0.022730356198,2026-06-03 10:38:41.988,11.1375
LED experiment,pioreactor02,2026-06-03T04:53:46.987Z,0.022699934453,2026-06-03 10:38:46.987,11.138888888889
LED experiment,pioreactor02,2026-06-03T04:53:51.987Z,0.022992006801,2026-06-03 10:38:51.987,11.140277777778
LED experiment,pioreactor02,2026-06-03T04:54:06.989Z,0.023201366044,2026-06-03 10:39:06.989,11.144444444444
LED experiment,pioreactor02,2026-06-03T04:54:21.989Z,0.023149305018,2026-06-03 10:39:21.989,11.148611111111
LED experiment,pioreactor02,2026-06-03T04:54:31.987Z,0.023001337756,2026-06-03 10:39:31.987,11.151388888889
LED experiment,pioreactor02,2026-06-03T04:54:36.990Z,0.022754767752,2026-06-03 10:39:36.990,11.152777777778
LED experiment,pioreactor02,2026-06-03T04:54:41.988Z,0.022668941626,2026-06-03 10:39:41.988,11.154166666667
LED experiment,pioreactor02,2026-06-03T04:54:46.988Z,0.0223759143,2026-06-03 10:39:46.988,11.155555555556
LED experiment,pioreactor02,2026-06-03T04:54:51.989Z,0.022202642707,2026-06-03 10:39:51.989,11.156944444444
LED experiment,pioreactor02,2026-06-03T04:54:56.988Z,0.021738593059,2026-06-03 10:39:56.988,11.158333333333
LED experiment,pioreactor02,2026-06-03T04:55:01.989Z,0.021408079619,2026-06-03 10:40:01.989,11.159722222222
LED experiment,pioreactor02,2026-06-03T04:55:06.989Z,0.021272726586,2026-06-03 10:40:06.989,11.161111111111
LED experiment,pioreactor02,2026-06-03T04:55:11.987Z,0.020791017902,2026-06-03 10:40:11.987,11.1625
LED experiment,pioreactor02,2026-06-03T04:55:16.987Z,0.02055330919,2026-06-03 10:40:16.987,11.163888888889
LED experiment,pioreactor02,2026-06-03T04:55:21.989Z,0.020597579702,2026-06-03 10:40:21.989,11.165277777778
LED experiment,pioreactor02,2026-06-03T04:55:26.987Z,0.020484132172,2026-06-03 10:40:26.987,11.166666666667
LED experiment,pioreactor02,2026-06-03T04:55:31.988Z,0.020568635671,2026-06-03 10:40:31.988,11.168055555556
LED experiment,pioreactor02,2026-06-03T04:55:36.987Z,0.020660540553,2026-06-03 10:40:36.987,11.169444444444
LED experiment,pioreactor02,2026-06-03T04:55:41.987Z,0.020702372824,2026-06-03 10:40:41.987,11.170833333333
LED experiment,pioreactor02,2026-06-03T04:55:46.986Z,0.020573236057,2026-06-03 10:40:46.986,11.172222222222
LED experiment,pioreactor02,2026-06-03T04:55:51.988Z,0.020485611003,2026-06-03 10:40:51.988,11.173611111111
LED experiment,pioreactor02,2026-06-03T04:56:01.988Z,0.020136960257,2026-06-03 10:41:01.988,11.176388888889
LED experiment,pioreactor02,2026-06-03T04:56:06.990Z,0.019910714116,2026-06-03 10:41:06.990,11.177777777778
LED experiment,pioreactor02,2026-06-03T04:56:11.989Z,0.019958040806,2026-06-03 10:41:11.989,11.179166666667
LED experiment,pioreactor02,2026-06-03T04:56:16.988Z,0.019820889306,2026-06-03 10:41:16.988,11.180555555556
LED experiment,pioreactor02,2026-06-03T04:56:31.989Z,0.020007913831,2026-06-03 10:41:31.989,11.184722222222
LED experiment,pioreactor02,2026-06-03T04:56:41.988Z,0.020301079986,2026-06-03 10:41:41.988,11.1875
LED experiment,pioreactor02,2026-06-03T04:56:46.987Z,0.020367162575,2026-06-03 10:41:46.987,11.188888888889
LED experiment,pioreactor02,2026-06-03T04:56:51.989Z,0.020383126216,2026-06-03 10:41:51.989,11.190277777778
LED experiment,pioreactor02,2026-06-03T04:56:56.989Z,0.020626102496,2026-06-03 10:41:56.989,11.191666666667
LED experiment,pioreactor02,2026-06-03T04:57:01.991Z,0.020854795536,2026-06-03 10:42:01.991,11.193055555556
LED experiment,pioreactor02,2026-06-03T04:57:06.986Z,0.020676858425,2026-06-03 10:42:06.986,11.194444444444
LED experiment,pioreactor02,2026-06-03T04:57:11.988Z,0.020516558315,2026-06-03 10:42:11.988,11.195833333333
LED experiment,pioreactor02,2026-06-03T04:57:16.989Z,0.020293823935,2026-06-03 10:42:16.989,11.197222222222
LED experiment,pioreactor02,2026-06-03T04:57:21.988Z,0.020429504375,2026-06-03 10:42:21.988,11.198611111111
LED experiment,pioreactor02,2026-06-03T04:57:31.987Z,0.020474695439,2026-06-03 10:42:31.987,11.201388888889
LED experiment,pioreactor02,2026-06-03T04:57:41.989Z,0.020332730823,2026-06-03 10:42:41.989,11.204166666667
LED experiment,pioreactor02,2026-06-03T04:57:46.987Z,0.020370470442,2026-06-03 10:42:46.987,11.205555555556
LED experiment,pioreactor02,2026-06-03T04:57:51.987Z,0.02025825585,2026-06-03 10:42:51.987,11.206944444444
LED experiment,pioreactor02,2026-06-03T04:57:56.988Z,0.019977142919,2026-06-03 10:42:56.988,11.208333333333
LED experiment,pioreactor02,2026-06-03T04:58:01.989Z,0.019789031337,2026-06-03 10:43:01.989,11.209722222222
LED experiment,pioreactor02,2026-06-03T04:58:06.987Z,0.019215982136,2026-06-03 10:43:06.987,11.211111111111
LED experiment,pioreactor02,2026-06-03T04:58:11.988Z,0.018893580126,2026-06-03 10:43:11.988,11.2125
LED experiment,pioreactor02,2026-06-03T04:58:16.986Z,0.018967117166,2026-06-03 10:43:16.986,11.213888888889
LED experiment,pioreactor02,2026-06-03T04:58:21.989Z,0.018582105641,2026-06-03 10:43:21.989,11.215277777778
LED experiment,pioreactor02,2026-06-03T04:58:26.988Z,0.018394017809,2026-06-03 10:43:26.988,11.216666666667
LED experiment,pioreactor02,2026-06-03T04:58:31.986Z,0.018285701252,2026-06-03 10:43:31.986,11.218055555556
LED experiment,pioreactor02,2026-06-03T04:58:36.987Z,0.018031298981,2026-06-03 10:43:36.987,11.219444444444
LED experiment,pioreactor02,2026-06-03T04:58:41.988Z,0.017675086123,2026-06-03 10:43:41.988,11.220833333333
LED experiment,pioreactor02,2026-06-03T04:58:46.989Z,0.017469168049,2026-06-03 10:43:46.989,11.222222222222
LED experiment,pioreactor02,2026-06-03T04:58:51.988Z,0.017429081322,2026-06-03 10:43:51.988,11.223611111111
LED experiment,pioreactor02,2026-06-03T04:58:56.987Z,0.017095602314,2026-06-03 10:43:56.987,11.225
LED experiment,pioreactor02,2026-06-03T04:59:01.988Z,0.017277313927,2026-06-03 10:44:01.988,11.226388888889
LED experiment,pioreactor02,2026-06-03T04:59:06.987Z,0.017334616386,2026-06-03 10:44:06.987,11.227777777778
LED experiment,pioreactor02,2026-06-03T04:59:11.987Z,0.017207805887,2026-06-03 10:44:11.987,11.229166666667
LED experiment,pioreactor02,2026-06-03T04:59:16.989Z,0.016813413239,2026-06-03 10:44:16.989,11.230555555556
LED experiment,pioreactor02,2026-06-03T04:59:21.987Z,0.016551848505,2026-06-03 10:44:21.987,11.231944444444
LED experiment,pioreactor02,2026-06-03T04:59:26.988Z,0.016148201391,2026-06-03 10:44:26.988,11.233333333333
LED experiment,pioreactor02,2026-06-03T04:59:36.987Z,0.016107870809,2026-06-03 10:44:36.987,11.236111111111
LED experiment,pioreactor02,2026-06-03T04:59:41.987Z,0.015949118793,2026-06-03 10:44:41.987,11.2375
LED experiment,pioreactor02,2026-06-03T04:59:46.989Z,0.0160381205,2026-06-03 10:44:46.989,11.238888888889
LED experiment,pioreactor02,2026-06-03T04:59:51.986Z,0.01626350902,2026-06-03 10:44:51.986,11.240277777778
LED experiment,pioreactor02,2026-06-03T04:59:56.990Z,0.016209618283,2026-06-03 10:44:56.990,11.241666666667
LED experiment,pioreactor02,2026-06-03T05:00:01.987Z,0.016016550394,2026-06-03 10:45:01.987,11.243055555556
LED experiment,pioreactor02,2026-06-03T05:00:06.992Z,0.016287708496,2026-06-03 10:45:06.992,11.244444444444
LED experiment,pioreactor02,2026-06-03T05:00:11.987Z,0.016196688516,2026-06-03 10:45:11.987,11.245833333333
LED experiment,pioreactor02,2026-06-03T05:00:21.987Z,0.015876091496,2026-06-03 10:45:21.987,11.248611111111
LED experiment,pioreactor02,2026-06-03T05:00:26.989Z,0.015756135176,2026-06-03 10:45:26.989,11.25
LED experiment,pioreactor02,2026-06-03T05:00:31.990Z,0.015650928804,2026-06-03 10:45:31.990,11.251388888889
LED experiment,pioreactor02,2026-06-03T05:00:41.987Z,0.015583454036,2026-06-03 10:45:41.987,11.254166666667
LED experiment,pioreactor02,2026-06-03T05:00:46.988Z,0.015770632523,2026-06-03 10:45:46.988,11.255555555556
LED experiment,pioreactor02,2026-06-03T05:00:51.987Z,0.015946954983,2026-06-03 10:45:51.987,11.256944444444
LED experiment,pioreactor02,2026-06-03T05:00:56.987Z,0.015659284664,2026-06-03 10:45:56.987,11.258333333333
LED experiment,pioreactor02,2026-06-03T05:01:06.986Z,0.015924925263,2026-06-03 10:46:06.986,11.261111111111
LED experiment,pioreactor02,2026-06-03T05:01:21.987Z,0.016268732348,2026-06-03 10:46:21.987,11.265277777778
LED experiment,pioreactor02,2026-06-03T05:01:26.987Z,0.016260012326,2026-06-03 10:46:26.987,11.266666666667
LED experiment,pioreactor02,2026-06-03T05:01:31.986Z,0.015985605722,2026-06-03 10:46:31.986,11.268055555556
LED experiment,pioreactor02,2026-06-03T05:01:36.989Z,0.01566236875,2026-06-03 10:46:36.989,11.269444444444
LED experiment,pioreactor02,2026-06-03T05:01:41.986Z,0.015055323997,2026-06-03 10:46:41.986,11.270833333333
LED experiment,pioreactor02,2026-06-03T05:01:46.987Z,0.014910874517,2026-06-03 10:46:46.987,11.272222222222
LED experiment,pioreactor02,2026-06-03T05:01:51.988Z,0.014924829588,2026-06-03 10:46:51.988,11.273611111111
LED experiment,pioreactor02,2026-06-03T05:01:56.988Z,0.014645420639,2026-06-03 10:46:56.988,11.275
LED experiment,pioreactor02,2026-06-03T05:02:01.989Z,0.014398725232,2026-06-03 10:47:01.989,11.276388888889
LED experiment,pioreactor02,2026-06-03T05:02:06.988Z,0.014195050159,2026-06-03 10:47:06.988,11.277777777778
LED experiment,pioreactor02,2026-06-03T05:02:16.987Z,0.013896264756,2026-06-03 10:47:16.987,11.280555555556
LED experiment,pioreactor02,2026-06-03T05:02:21.987Z,0.013851156818,2026-06-03 10:47:21.987,11.281944444444
LED experiment,pioreactor02,2026-06-03T05:02:26.986Z,0.013690734632,2026-06-03 10:47:26.986,11.283333333333
LED experiment,pioreactor02,2026-06-03T05:02:36.988Z,0.013402985698,2026-06-03 10:47:36.988,11.286111111111
LED experiment,pioreactor02,2026-06-03T05:02:46.989Z,0.013344763609,2026-06-03 10:47:46.989,11.288888888889
LED experiment,pioreactor02,2026-06-03T05:02:51.989Z,0.013240022688,2026-06-03 10:47:51.989,11.290277777778
LED experiment,pioreactor02,2026-06-03T05:02:56.989Z,0.013009100755,2026-06-03 10:47:56.989,11.291666666667
LED experiment,pioreactor02,2026-06-03T05:03:01.988Z,0.013062396134,2026-06-03 10:48:01.988,11.293055555556
LED experiment,pioreactor02,2026-06-03T05:03:06.990Z,0.013390235664,2026-06-03 10:48:06.990,11.294444444444
LED experiment,pioreactor02,2026-06-03T05:03:11.987Z,0.013624796576,2026-06-03 10:48:11.987,11.295833333333
LED experiment,pioreactor02,2026-06-03T05:03:26.987Z,0.012994701022,2026-06-03 10:48:26.987,11.3
LED experiment,pioreactor02,2026-06-03T05:03:31.986Z,0.012657259651,2026-06-03 10:48:31.986,11.301388888889
LED experiment,pioreactor02,2026-06-03T05:03:41.988Z,0.012612046939,2026-06-03 10:48:41.988,11.304166666667
LED experiment,pioreactor02,2026-06-03T05:03:46.986Z,0.012313630319,2026-06-03 10:48:46.986,11.305555555556
LED experiment,pioreactor02,2026-06-03T05:03:56.989Z,0.012204807808,2026-06-03 10:48:56.989,11.308333333333
LED experiment,pioreactor02,2026-06-03T05:04:01.988Z,0.012069527124,2026-06-03 10:49:01.988,11.309722222222
LED experiment,pioreactor02,2026-06-03T05:04:06.989Z,0.012317191231,2026-06-03 10:49:06.989,11.311111111111
LED experiment,pioreactor02,2026-06-03T05:04:11.987Z,0.012357421891,2026-06-03 10:49:11.987,11.3125
LED experiment,pioreactor02,2026-06-03T05:04:16.988Z,0.012571903077,2026-06-03 10:49:16.988,11.313888888889
LED experiment,pioreactor02,2026-06-03T05:04:21.988Z,0.012577695601,2026-06-03 10:49:21.988,11.315277777778
LED experiment,pioreactor02,2026-06-03T05:04:26.988Z,0.012304992955,2026-06-03 10:49:26.988,11.316666666667
LED experiment,pioreactor02,2026-06-03T05:04:36.986Z,0.012327144873,2026-06-03 10:49:36.986,11.319444444444
LED experiment,pioreactor02,2026-06-03T05:04:41.988Z,0.012203552512,2026-06-03 10:49:41.988,11.320833333333
LED experiment,pioreactor02,2026-06-03T05:04:51.989Z,0.012318482849,2026-06-03 10:49:51.989,11.323611111111
LED experiment,pioreactor02,2026-06-03T05:04:56.988Z,0.012469979081,2026-06-03 10:49:56.988,11.325
LED experiment,pioreactor02,2026-06-03T05:05:01.987Z,0.012835690539,2026-06-03 10:50:01.987,11.326388888889
LED experiment,pioreactor02,2026-06-03T05:05:06.987Z,0.01312693004,2026-06-03 10:50:06.987,11.327777777778
LED experiment,pioreactor02,2026-06-03T05:05:16.987Z,0.013031292518,2026-06-03 10:50:16.987,11.330555555556
LED experiment,pioreactor02,2026-06-03T05:05:31.991Z,0.012955948731,2026-06-03 10:50:31.991,11.334722222222
LED experiment,pioreactor02,2026-06-03T05:05:41.986Z,0.012576715045,2026-06-03 10:50:41.986,11.3375
LED experiment,pioreactor02,2026-06-03T05:05:46.989Z,0.012054265434,2026-06-03 10:50:46.989,11.338888888889
LED experiment,pioreactor02,2026-06-03T05:05:51.986Z,0.012026822118,2026-06-03 10:50:51.986,11.340277777778
LED experiment,pioreactor02,2026-06-03T05:06:01.987Z,0.01228967289,2026-06-03 10:51:01.987,11.343055555556
LED experiment,pioreactor02,2026-06-03T05:06:06.987Z,0.012522562367,2026-06-03 10:51:06.987,11.344444444444
LED experiment,pioreactor02,2026-06-03T05:06:16.987Z,0.012672562208,2026-06-03 10:51:16.987,11.347222222222
LED experiment,pioreactor02,2026-06-03T05:06:26.988Z,0.012989170906,2026-06-03 10:51:26.988,11.35
LED experiment,pioreactor02,2026-06-03T05:06:31.988Z,0.012909852285,2026-06-03 10:51:31.988,11.351388888889
LED experiment,pioreactor02,2026-06-03T05:06:36.987Z,0.012927151216,2026-06-03 10:51:36.987,11.352777777778
LED experiment,pioreactor02,2026-06-03T05:06:41.987Z,0.013176295258,2026-06-03 10:51:41.987,11.354166666667
LED experiment,pioreactor02,2026-06-03T05:06:46.987Z,0.013043801439,2026-06-03 10:51:46.987,11.355555555556
LED experiment,pioreactor02,2026-06-03T05:06:56.987Z,0.012847016474,2026-06-03 10:51:56.987,11.358333333333
LED experiment,pioreactor02,2026-06-03T05:07:01.988Z,0.012538980259,2026-06-03 10:52:01.988,11.359722222222
LED experiment,pioreactor02,2026-06-03T05:07:06.989Z,0.012390240043,2026-06-03 10:52:06.989,11.361111111111
LED experiment,pioreactor02,2026-06-03T05:07:11.988Z,0.012335310942,2026-06-03 10:52:11.988,11.3625
LED experiment,pioreactor02,2026-06-03T05:07:16.986Z,0.012488214423,2026-06-03 10:52:16.986,11.363888888889
LED experiment,pioreactor02,2026-06-03T05:07:21.989Z,0.012639384915,2026-06-03 10:52:21.989,11.365277777778
LED experiment,pioreactor02,2026-06-03T05:07:26.988Z,0.012875573157,2026-06-03 10:52:26.988,11.366666666667
LED experiment,pioreactor02,2026-06-03T05:07:31.988Z,0.013058642312,2026-06-03 10:52:31.988,11.368055555556
LED experiment,pioreactor02,2026-06-03T05:07:36.986Z,0.012971710765,2026-06-03 10:52:36.986,11.369444444444
LED experiment,pioreactor02,2026-06-03T05:07:46.987Z,0.01259216154,2026-06-03 10:52:46.987,11.372222222222
LED experiment,pioreactor02,2026-06-03T05:07:51.990Z,0.012313898415,2026-06-03 10:52:51.990,11.373611111111
LED experiment,pioreactor02,2026-06-03T05:08:11.988Z,0.012240453216,2026-06-03 10:53:11.988,11.379166666667
LED experiment,pioreactor02,2026-06-03T05:08:21.989Z,0.012138890836,2026-06-03 10:53:21.989,11.381944444444
LED experiment,pioreactor02,2026-06-03T05:08:31.989Z,0.011891816721,2026-06-03 10:53:31.989,11.384722222222
LED experiment,pioreactor02,2026-06-03T05:08:36.986Z,0.01195919711,2026-06-03 10:53:36.986,11.386111111111
LED experiment,pioreactor02,2026-06-03T05:08:41.987Z,0.011918388286,2026-06-03 10:53:41.987,11.3875
LED experiment,pioreactor02,2026-06-03T05:08:46.988Z,0.012043035198,2026-06-03 10:53:46.988,11.388888888889
LED experiment,pioreactor02,2026-06-03T05:08:51.987Z,0.011758623238,2026-06-03 10:53:51.987,11.390277777778
LED experiment,pioreactor02,2026-06-03T05:09:01.987Z,0.011325945662,2026-06-03 10:54:01.987,11.393055555556
LED experiment,pioreactor02,2026-06-03T05:09:06.988Z,0.011442316489,2026-06-03 10:54:06.988,11.394444444444
LED experiment,pioreactor02,2026-06-03T05:09:11.988Z,0.011331908183,2026-06-03 10:54:11.988,11.395833333333
LED experiment,pioreactor02,2026-06-03T05:09:16.989Z,0.010927614842,2026-06-03 10:54:16.989,11.397222222222
LED experiment,pioreactor02,2026-06-03T05:09:21.987Z,0.011094796285,2026-06-03 10:54:21.987,11.398611111111
LED experiment,pioreactor02,2026-06-03T05:09:26.988Z,0.011239780641,2026-06-03 10:54:26.988,11.4
LED experiment,pioreactor02,2026-06-03T05:09:31.988Z,0.011460468162,2026-06-03 10:54:31.988,11.401388888889
LED experiment,pioreactor02,2026-06-03T05:09:36.986Z,0.011288733943,2026-06-03 10:54:36.986,11.402777777778
LED experiment,pioreactor02,2026-06-03T05:09:41.989Z,0.011445895712,2026-06-03 10:54:41.989,11.404166666667
LED experiment,pioreactor02,2026-06-03T05:09:46.986Z,0.01184711305,2026-06-03 10:54:46.986,11.405555555556
LED experiment,pioreactor02,2026-06-03T05:09:51.989Z,0.01182087249,2026-06-03 10:54:51.989,11.406944444444
LED experiment,pioreactor02,2026-06-03T05:09:56.987Z,0.011737178735,2026-06-03 10:54:56.987,11.408333333333
LED experiment,pioreactor02,2026-06-03T05:10:01.986Z,0.011714898453,2026-06-03 10:55:01.986,11.409722222222
LED experiment,pioreactor02,2026-06-03T05:10:06.987Z,0.01187717745,2026-06-03 10:55:06.987,11.411111111111
LED experiment,pioreactor02,2026-06-03T05:10:11.988Z,0.011912267739,2026-06-03 10:55:11.988,11.4125
LED experiment,pioreactor02,2026-06-03T05:10:21.988Z,0.011537335394,2026-06-03 10:55:21.988,11.415277777778
LED experiment,pioreactor02,2026-06-03T05:10:26.989Z,0.011263557043,2026-06-03 10:55:26.989,11.416666666667
LED experiment,pioreactor02,2026-06-03T05:10:36.989Z,0.01163498852,2026-06-03 10:55:36.989,11.419444444444
LED experiment,pioreactor02,2026-06-03T05:10:41.990Z,0.011987888011,2026-06-03 10:55:41.990,11.420833333333
LED experiment,pioreactor02,2026-06-03T05:10:46.988Z,0.012136267835,2026-06-03 10:55:46.988,11.422222222222
LED experiment,pioreactor02,2026-06-03T05:11:06.989Z,0.01205528454,2026-06-03 10:56:06.989,11.427777777778
LED experiment,pioreactor02,2026-06-03T05:11:11.989Z,0.012179651185,2026-06-03 10:56:11.989,11.429166666667
LED experiment,pioreactor02,2026-06-03T05:11:16.988Z,0.012204595605,2026-06-03 10:56:16.988,11.430555555556
LED experiment,pioreactor02,2026-06-03T05:11:21.988Z,0.012035570619,2026-06-03 10:56:21.988,11.431944444444
LED experiment,pioreactor02,2026-06-03T05:11:26.987Z,0.011982396151,2026-06-03 10:56:26.987,11.433333333333
LED experiment,pioreactor02,2026-06-03T05:11:31.987Z,0.01187112296,2026-06-03 10:56:31.987,11.434722222222
LED experiment,pioreactor02,2026-06-03T05:11:36.989Z,0.011757223224,2026-06-03 10:56:36.989,11.436111111111
LED experiment,pioreactor02,2026-06-03T05:11:41.989Z,0.011973708344,2026-06-03 10:56:41.989,11.4375
LED experiment,pioreactor02,2026-06-03T05:11:46.989Z,0.011933293383,2026-06-03 10:56:46.989,11.438888888889
LED experiment,pioreactor02,2026-06-03T05:11:56.988Z,0.011810290732,2026-06-03 10:56:56.988,11.441666666667
LED experiment,pioreactor02,2026-06-03T05:12:06.989Z,0.011825980317,2026-06-03 10:57:06.989,11.444444444444
LED experiment,pioreactor02,2026-06-03T05:12:11.991Z,0.01196705932,2026-06-03 10:57:11.991,11.445833333333
LED experiment,pioreactor02,2026-06-03T05:12:21.987Z,0.011615274812,2026-06-03 10:57:21.987,11.448611111111
LED experiment,pioreactor02,2026-06-03T05:12:31.987Z,0.011147785231,2026-06-03 10:57:31.987,11.451388888889
LED experiment,pioreactor02,2026-06-03T05:12:36.989Z,0.01073289955,2026-06-03 10:57:36.989,11.452777777778
LED experiment,pioreactor02,2026-06-03T05:12:41.989Z,0.010481719205,2026-06-03 10:57:41.989,11.454166666667
LED experiment,pioreactor02,2026-06-03T05:12:46.988Z,0.010537522725,2026-06-03 10:57:46.988,11.455555555556
LED experiment,pioreactor02,2026-06-03T05:12:51.988Z,0.010782128457,2026-06-03 10:57:51.988,11.456944444444
LED experiment,pioreactor02,2026-06-03T05:13:01.989Z,0.010579638121,2026-06-03 10:58:01.989,11.459722222222
LED experiment,pioreactor02,2026-06-03T05:13:06.988Z,0.010230848322,2026-06-03 10:58:06.988,11.461111111111
LED experiment,pioreactor02,2026-06-03T05:13:21.988Z,0.010129044998,2026-06-03 10:58:21.988,11.465277777778
LED experiment,pioreactor02,2026-06-03T05:13:26.988Z,0.009874511974,2026-06-03 10:58:26.988,11.466666666667
LED experiment,pioreactor02,2026-06-03T05:13:31.990Z,0.009644532877,2026-06-03 10:58:31.990,11.468055555556
LED experiment,pioreactor02,2026-06-03T05:13:36.989Z,0.009230132708,2026-06-03 10:58:36.989,11.469444444444
LED experiment,pioreactor02,2026-06-03T05:13:41.988Z,0.00896067967,2026-06-03 10:58:41.988,11.470833333333
LED experiment,pioreactor02,2026-06-03T05:13:46.987Z,0.00874481428,2026-06-03 10:58:46.987,11.472222222222
LED experiment,pioreactor02,2026-06-03T05:13:51.987Z,0.00856582662,2026-06-03 10:58:51.987,11.473611111111
LED experiment,pioreactor02,2026-06-03T05:13:56.988Z,0.008681644977,2026-06-03 10:58:56.988,11.475
LED experiment,pioreactor02,2026-06-03T05:14:01.988Z,0.00869965023,2026-06-03 10:59:01.988,11.476388888889
LED experiment,pioreactor02,2026-06-03T05:14:06.987Z,0.0084400581,2026-06-03 10:59:06.987,11.477777777778
LED experiment,pioreactor02,2026-06-03T05:14:11.987Z,0.00829164711,2026-06-03 10:59:11.987,11.479166666667
LED experiment,pioreactor02,2026-06-03T05:14:16.987Z,0.007948563703,2026-06-03 10:59:16.987,11.480555555556
LED experiment,pioreactor02,2026-06-03T05:14:26.990Z,0.007689835978,2026-06-03 10:59:26.990,11.483333333333
LED experiment,pioreactor02,2026-06-03T05:14:31.987Z,0.007464330992,2026-06-03 10:59:31.987,11.484722222222
LED experiment,pioreactor02,2026-06-03T05:14:36.991Z,0.00743132864,2026-06-03 10:59:36.991,11.486111111111
LED experiment,pioreactor02,2026-06-03T05:14:41.990Z,0.007111146756,2026-06-03 10:59:41.990,11.4875
LED experiment,pioreactor02,2026-06-03T05:14:46.987Z,0.00683867864,2026-06-03 10:59:46.987,11.488888888889
LED experiment,pioreactor02,2026-06-03T05:14:51.989Z,0.006587094136,2026-06-03 10:59:51.989,11.490277777778
LED experiment,pioreactor02,2026-06-03T05:14:56.988Z,0.006523783705,2026-06-03 10:59:56.988,11.491666666667
