experiment,pioreactor_unit,timestamp,normalized_od_reading,timestamp_localtime,hours_since_experiment_created
Pulse experiments,pioreactor01,2026-09-05T01:48:45.798Z,4.698088186732,2026-09-05 07:33:45.798,1623.451666666667
Pulse experiments,pioreactor01,2026-09-05T01:48:50.801Z,4.695660111427,2026-09-05 07:33:50.801,1623.453055555555
Pulse experiments,pioreactor01,2026-09-05T01:48:55.799Z,4.695113863079,2026-09-05 07:33:55.799,1623.454444444444
Pulse experiments,pioreactor01,2026-09-05T01:49:00.798Z,4.695235134769,2026-09-05 07:34:00.798,1623.455833333333
Pulse experiments,pioreactor01,2026-09-05T01:49:05.799Z,4.694726324374,2026-09-05 07:34:05.799,1623.457222222222
Pulse experiments,pioreactor01,2026-09-05T01:49:10.798Z,4.693760520321,2026-09-05 07:34:10.798,1623.458611111111
Pulse experiments,pioreactor01,2026-09-05T01:49:15.799Z,4.693229397774,2026-09-05 07:34:15.799,1623.46
Pulse experiments,pioreactor01,2026-09-05T01:49:20.800Z,4.692688406608,2026-09-05 07:34:20.800,1623.461388888889
Pulse experiments,pioreactor01,2026-09-05T01:49:25.798Z,4.692283481513,2026-09-05 07:34:25.798,1623.462777777778
Pulse experiments,pioreactor01,2026-09-05T01:49:35.798Z,4.691857964416,2026-09-05 07:34:35.798,1623.465555555556
Pulse experiments,pioreactor01,2026-09-05T01:49:40.798Z,4.691387253664,2026-09-05 07:34:40.798,1623.466944444444
Pulse experiments,pioreactor01,2026-09-05T01:49:45.798Z,4.69075518712,2026-09-05 07:34:45.798,1623.468333333333
Pulse experiments,pioreactor01,2026-09-05T01:49:50.799Z,4.690256971881,2026-09-05 07:34:50.799,1623.469722222222
Pulse experiments,pioreactor01,2026-09-05T01:49:55.798Z,4.689765302266,2026-09-05 07:34:55.798,1623.471111111111
Pulse experiments,pioreactor01,2026-09-05T01:50:00.800Z,4.689096113767,2026-09-05 07:35:00.800,1623.4725
Pulse experiments,pioreactor01,2026-09-05T01:50:05.799Z,4.688383232093,2026-09-05 07:35:05.799,1623.473888888889
Pulse experiments,pioreactor01,2026-09-05T01:50:10.799Z,4.687762745922,2026-09-05 07:35:10.799,1623.475277777778
Pulse experiments,pioreactor01,2026-09-05T01:50:15.799Z,4.687173021928,2026-09-05 07:35:15.799,1623.476666666667
Pulse experiments,pioreactor01,2026-09-05T01:50:20.800Z,4.686627731287,2026-09-05 07:35:20.800,1623.478055555556
Pulse experiments,pioreactor01,2026-09-05T01:50:25.798Z,4.686153023885,2026-09-05 07:35:25.798,1623.479444444444
Pulse experiments,pioreactor01,2026-09-05T01:50:30.798Z,4.685552902081,2026-09-05 07:35:30.798,1623.480833333333
Pulse experiments,pioreactor01,2026-09-05T01:50:35.798Z,4.685070296106,2026-09-05 07:35:35.798,1623.482222222222
Pulse experiments,pioreactor01,2026-09-05T01:50:40.800Z,4.684630749261,2026-09-05 07:35:40.800,1623.483611111111
Pulse experiments,pioreactor01,2026-09-05T01:50:50.799Z,4.683924430407,2026-09-05 07:35:50.799,1623.486388888889
Pulse experiments,pioreactor01,2026-09-05T01:50:55.800Z,4.683152239973,2026-09-05 07:35:55.800,1623.487777777778
Pulse experiments,pioreactor01,2026-09-05T01:51:00.800Z,4.682364719824,2026-09-05 07:36:00.800,1623.489166666667
Pulse experiments,pioreactor01,2026-09-05T01:51:05.800Z,4.681819934081,2026-09-05 07:36:05.800,1623.490555555556
Pulse experiments,pioreactor01,2026-09-05T01:51:10.799Z,4.681393050441,2026-09-05 07:36:10.799,1623.491944444444
Pulse experiments,pioreactor01,2026-09-05T01:51:15.798Z,4.680994110409,2026-09-05 07:36:15.798,1623.493333333333
Pulse experiments,pioreactor01,2026-09-05T01:51:25.799Z,4.680346005152,2026-09-05 07:36:25.799,1623.496111111111
Pulse experiments,pioreactor01,2026-09-05T01:51:30.799Z,4.67963390468,2026-09-05 07:36:30.799,1623.4975
Pulse experiments,pioreactor01,2026-09-05T01:51:35.798Z,4.679272345126,2026-09-05 07:36:35.798,1623.498888888889
Pulse experiments,pioreactor01,2026-09-05T01:51:40.799Z,4.678857823379,2026-09-05 07:36:40.799,1623.500277777778
Pulse experiments,pioreactor01,2026-09-05T01:51:45.798Z,4.678202662934,2026-09-05 07:36:45.798,1623.501666666667
Pulse experiments,pioreactor01,2026-09-05T01:51:50.799Z,4.677461207778,2026-09-05 07:36:50.799,1623.503055555556
Pulse experiments,pioreactor01,2026-09-05T01:51:55.799Z,4.676866667525,2026-09-05 07:36:55.799,1623.504444444445
Pulse experiments,pioreactor01,2026-09-05T01:52:00.799Z,4.676246489435,2026-09-05 07:37:00.799,1623.505833333333
Pulse experiments,pioreactor01,2026-09-05T01:52:05.798Z,4.675652516895,2026-09-05 07:37:05.798,1623.507222222222
Pulse experiments,pioreactor01,2026-09-05T01:52:15.801Z,4.674631671276,2026-09-05 07:37:15.801,1623.51
Pulse experiments,pioreactor01,2026-09-05T01:52:20.799Z,4.674026287829,2026-09-05 07:37:20.799,1623.511388888889
Pulse experiments,pioreactor01,2026-09-05T01:52:25.798Z,4.673557199327,2026-09-05 07:37:25.798,1623.512777777778
Pulse experiments,pioreactor01,2026-09-05T01:52:30.798Z,4.672974985353,2026-09-05 07:37:30.798,1623.514166666667
Pulse experiments,pioreactor01,2026-09-05T01:52:35.799Z,4.672543807939,2026-09-05 07:37:35.799,1623.515555555555
Pulse experiments,pioreactor01,2026-09-05T01:52:40.800Z,4.671855528274,2026-09-05 07:37:40.800,1623.516944444444
Pulse experiments,pioreactor01,2026-09-05T01:52:45.798Z,4.671248952514,2026-09-05 07:37:45.798,1623.518333333333
Pulse experiments,pioreactor01,2026-09-05T01:52:50.799Z,4.670613456681,2026-09-05 07:37:50.799,1623.519722222222
Pulse experiments,pioreactor01,2026-09-05T01:52:55.799Z,4.670161787482,2026-09-05 07:37:55.799,1623.521111111111
Pulse experiments,pioreactor01,2026-09-05T01:53:00.799Z,4.669662081542,2026-09-05 07:38:00.799,1623.5225
Pulse experiments,pioreactor01,2026-09-05T01:53:05.798Z,4.669461955978,2026-09-05 07:38:05.798,1623.523888888889
Pulse experiments,pioreactor01,2026-09-05T01:53:10.799Z,4.668964127218,2026-09-05 07:38:10.799,1623.525277777778
Pulse experiments,pioreactor01,2026-09-05T01:53:15.799Z,4.66842566396,2026-09-05 07:38:15.799,1623.526666666667
Pulse experiments,pioreactor01,2026-09-05T01:53:20.799Z,4.667951075512,2026-09-05 07:38:20.799,1623.528055555556
Pulse experiments,pioreactor01,2026-09-05T01:53:25.799Z,4.667366610907,2026-09-05 07:38:25.799,1623.529444444444
Pulse experiments,pioreactor01,2026-09-05T01:53:30.798Z,4.666954668109,2026-09-05 07:38:30.798,1623.530833333333
Pulse experiments,pioreactor01,2026-09-05T01:53:35.798Z,4.666452022249,2026-09-05 07:38:35.798,1623.532222222222
Pulse experiments,pioreactor01,2026-09-05T01:53:40.800Z,4.665997507177,2026-09-05 07:38:40.800,1623.533611111111
Pulse experiments,pioreactor01,2026-09-05T01:53:45.799Z,4.665768516846,2026-09-05 07:38:45.799,1623.535
Pulse experiments,pioreactor01,2026-09-05T01:53:50.798Z,4.665464453998,2026-09-05 07:38:50.798,1623.536388888889
Pulse experiments,pioreactor01,2026-09-05T01:53:55.801Z,4.665032886679,2026-09-05 07:38:55.801,1623.537777777778
Pulse experiments,pioreactor01,2026-09-05T01:54:00.798Z,4.66451111107,2026-09-05 07:39:00.798,1623.539166666667
Pulse experiments,pioreactor01,2026-09-05T01:54:05.800Z,4.663922188891,2026-09-05 07:39:05.800,1623.540555555556
Pulse experiments,pioreactor01,2026-09-05T01:54:10.802Z,4.663433063644,2026-09-05 07:39:10.802,1623.541944444444
Pulse experiments,pioreactor01,2026-09-05T01:54:15.798Z,4.662866978168,2026-09-05 07:39:15.798,1623.543333333333
Pulse experiments,pioreactor01,2026-09-05T01:54:20.800Z,4.662407718669,2026-09-05 07:39:20.800,1623.544722222222
Pulse experiments,pioreactor01,2026-09-05T01:54:25.798Z,4.661868135272,2026-09-05 07:39:25.798,1623.546111111111
Pulse experiments,pioreactor01,2026-09-05T01:54:30.799Z,4.661404965562,2026-09-05 07:39:30.799,1623.5475
Pulse experiments,pioreactor01,2026-09-05T01:54:35.800Z,4.660832166576,2026-09-05 07:39:35.800,1623.548888888889
Pulse experiments,pioreactor01,2026-09-05T01:54:40.799Z,4.660492813269,2026-09-05 07:39:40.799,1623.550277777778
Pulse experiments,pioreactor01,2026-09-05T01:54:45.798Z,4.660129792423,2026-09-05 07:39:45.798,1623.551666666667
Pulse experiments,pioreactor01,2026-09-05T01:54:50.799Z,4.659639859843,2026-09-05 07:39:50.799,1623.553055555556
Pulse experiments,pioreactor01,2026-09-05T01:54:55.801Z,4.659150180228,2026-09-05 07:39:55.801,1623.554444444444
Pulse experiments,pioreactor01,2026-09-05T01:55:00.799Z,4.658838058419,2026-09-05 07:40:00.799,1623.555833333333
Pulse experiments,pioreactor01,2026-09-05T01:55:05.801Z,4.658513160218,2026-09-05 07:40:05.801,1623.557222222222
Pulse experiments,pioreactor01,2026-09-05T01:55:10.798Z,4.658086747405,2026-09-05 07:40:10.798,1623.558611111111
Pulse experiments,pioreactor01,2026-09-05T01:55:15.798Z,4.65783444182,2026-09-05 07:40:15.798,1623.56
Pulse experiments,pioreactor01,2026-09-05T01:55:20.799Z,4.657553323211,2026-09-05 07:40:20.799,1623.561388888889
Pulse experiments,pioreactor01,2026-09-05T01:55:30.799Z,4.656881437381,2026-09-05 07:40:30.799,1623.564166666667
Pulse experiments,pioreactor01,2026-09-05T01:55:35.799Z,4.656661427931,2026-09-05 07:40:35.799,1623.565555555556
Pulse experiments,pioreactor01,2026-09-05T01:55:40.798Z,4.656666872336,2026-09-05 07:40:40.798,1623.566944444445
Pulse experiments,pioreactor01,2026-09-05T01:55:45.799Z,4.656462934285,2026-09-05 07:40:45.799,1623.568333333333
Pulse experiments,pioreactor01,2026-09-05T01:55:50.799Z,4.656185877211,2026-09-05 07:40:50.799,1623.569722222222
Pulse experiments,pioreactor01,2026-09-05T01:55:55.798Z,4.655735902016,2026-09-05 07:40:55.798,1623.571111111111
Pulse experiments,pioreactor01,2026-09-05T01:56:05.799Z,4.655201909848,2026-09-05 07:41:05.799,1623.573888888889
Pulse experiments,pioreactor01,2026-09-05T01:56:10.798Z,4.654983404877,2026-09-05 07:41:10.798,1623.575277777778
Pulse experiments,pioreactor01,2026-09-05T01:56:15.798Z,4.654725466879,2026-09-05 07:41:15.798,1623.576666666667
Pulse experiments,pioreactor01,2026-09-05T01:56:20.799Z,4.654210120159,2026-09-05 07:41:20.799,1623.578055555555
Pulse experiments,pioreactor01,2026-09-05T01:56:25.799Z,4.653928190541,2026-09-05 07:41:25.799,1623.579444444444
Pulse experiments,pioreactor01,2026-09-05T01:56:30.799Z,4.6537094849,2026-09-05 07:41:30.799,1623.580833333333
Pulse experiments,pioreactor01,2026-09-05T01:56:35.799Z,4.653479260063,2026-09-05 07:41:35.799,1623.582222222222
Pulse experiments,pioreactor01,2026-09-05T01:56:40.798Z,4.653121831136,2026-09-05 07:41:40.798,1623.583611111111
Pulse experiments,pioreactor01,2026-09-05T01:56:45.799Z,4.652783606448,2026-09-05 07:41:45.799,1623.585
Pulse experiments,pioreactor01,2026-09-05T01:56:50.798Z,4.652576831514,2026-09-05 07:41:50.798,1623.586388888889
Pulse experiments,pioreactor01,2026-09-05T01:56:55.801Z,4.652302288446,2026-09-05 07:41:55.801,1623.587777777778
Pulse experiments,pioreactor01,2026-09-05T01:57:00.799Z,4.652078323964,2026-09-05 07:42:00.799,1623.589166666667
Pulse experiments,pioreactor01,2026-09-05T01:57:05.798Z,4.651812437335,2026-09-05 07:42:05.798,1623.590555555556
Pulse experiments,pioreactor01,2026-09-05T01:57:10.799Z,4.651612454629,2026-09-05 07:42:10.799,1623.591944444444
Pulse experiments,pioreactor01,2026-09-05T01:57:15.798Z,4.651370124612,2026-09-05 07:42:15.798,1623.593333333333
Pulse experiments,pioreactor01,2026-09-05T01:57:20.798Z,4.651030318376,2026-09-05 07:42:20.798,1623.594722222222
Pulse experiments,pioreactor01,2026-09-05T01:57:25.799Z,4.650601019242,2026-09-05 07:42:25.799,1623.596111111111
Pulse experiments,pioreactor01,2026-09-05T01:57:30.799Z,4.650198589883,2026-09-05 07:42:30.799,1623.5975
Pulse experiments,pioreactor01,2026-09-05T01:57:35.799Z,4.649863102872,2026-09-05 07:42:35.799,1623.598888888889
Pulse experiments,pioreactor01,2026-09-05T01:57:40.802Z,4.649500888322,2026-09-05 07:42:40.802,1623.600277777778
Pulse experiments,pioreactor01,2026-09-05T01:57:45.799Z,4.649112136077,2026-09-05 07:42:45.799,1623.601666666667
Pulse experiments,pioreactor01,2026-09-05T01:57:50.799Z,4.648889378637,2026-09-05 07:42:50.799,1623.603055555556
Pulse experiments,pioreactor01,2026-09-05T01:57:55.798Z,4.648617403472,2026-09-05 07:42:55.798,1623.604444444444
Pulse experiments,pioreactor01,2026-09-05T01:58:00.798Z,4.648482204875,2026-09-05 07:43:00.798,1623.605833333333
Pulse experiments,pioreactor01,2026-09-05T01:58:05.799Z,4.648371572763,2026-09-05 07:43:05.799,1623.607222222222
Pulse experiments,pioreactor01,2026-09-05T01:58:10.800Z,4.648307172402,2026-09-05 07:43:10.800,1623.608611111111
Pulse experiments,pioreactor01,2026-09-05T01:58:15.803Z,4.648208395056,2026-09-05 07:43:15.803,1623.61
Pulse experiments,pioreactor01,2026-09-05T01:58:20.800Z,4.648258662034,2026-09-05 07:43:20.800,1623.611388888889
Pulse experiments,pioreactor01,2026-09-05T01:58:25.798Z,4.648368359568,2026-09-05 07:43:25.798,1623.612777777778
Pulse experiments,pioreactor01,2026-09-05T01:58:30.799Z,4.648357786118,2026-09-05 07:43:30.799,1623.614166666667
Pulse experiments,pioreactor01,2026-09-05T01:58:35.799Z,4.648260717688,2026-09-05 07:43:35.799,1623.615555555556
Pulse experiments,pioreactor01,2026-09-05T01:58:40.800Z,4.648083423912,2026-09-05 07:43:40.800,1623.616944444444
Pulse experiments,pioreactor01,2026-09-05T01:58:45.799Z,4.648181174356,2026-09-05 07:43:45.799,1623.618333333333
Pulse experiments,pioreactor01,2026-09-05T01:58:50.801Z,4.648075869602,2026-09-05 07:43:50.801,1623.619722222222
Pulse experiments,pioreactor01,2026-09-05T01:58:55.798Z,4.647999189414,2026-09-05 07:43:55.798,1623.621111111111
Pulse experiments,pioreactor01,2026-09-05T01:59:00.799Z,4.64806243537,2026-09-05 07:44:00.799,1623.6225
Pulse experiments,pioreactor01,2026-09-05T01:59:05.799Z,4.648217329239,2026-09-05 07:44:05.799,1623.623888888889
Pulse experiments,pioreactor01,2026-09-05T01:59:10.800Z,4.648124878137,2026-09-05 07:44:10.800,1623.625277777778
Pulse experiments,pioreactor01,2026-09-05T01:59:15.799Z,4.64804860832,2026-09-05 07:44:15.799,1623.626666666667
Pulse experiments,pioreactor01,2026-09-05T01:59:20.799Z,4.647996380673,2026-09-05 07:44:20.799,1623.628055555556
Pulse experiments,pioreactor01,2026-09-05T01:59:25.799Z,4.647861499592,2026-09-05 07:44:25.799,1623.629444444445
Pulse experiments,pioreactor01,2026-09-05T01:59:30.798Z,4.647747109307,2026-09-05 07:44:30.798,1623.630833333333
Pulse experiments,pioreactor01,2026-09-05T01:59:35.798Z,4.647602481943,2026-09-05 07:44:35.798,1623.632222222222
Pulse experiments,pioreactor01,2026-09-05T01:59:40.799Z,4.647457161787,2026-09-05 07:44:40.799,1623.633611111111
Pulse experiments,pioreactor01,2026-09-05T01:59:45.799Z,4.64748591044,2026-09-05 07:44:45.799,1623.635
Pulse experiments,pioreactor01,2026-09-05T01:59:50.799Z,4.647566762895,2026-09-05 07:44:50.799,1623.636388888889
Pulse experiments,pioreactor01,2026-09-05T01:59:55.799Z,4.647379248736,2026-09-05 07:44:55.799,1623.637777777778
Pulse experiments,pioreactor01,2026-09-05T02:00:00.801Z,4.647350558912,2026-09-05 07:45:00.801,1623.639166666667
Pulse experiments,pioreactor01,2026-09-05T02:00:05.798Z,4.647391059275,2026-09-05 07:45:05.798,1623.640555555555
Pulse experiments,pioreactor01,2026-09-05T02:00:10.799Z,4.647502164148,2026-09-05 07:45:10.799,1623.641944444444
Pulse experiments,pioreactor01,2026-09-05T02:00:15.798Z,4.647490657469,2026-09-05 07:45:15.798,1623.643333333333
Pulse experiments,pioreactor01,2026-09-05T02:00:20.799Z,4.647528919295,2026-09-05 07:45:20.799,1623.644722222222
Pulse experiments,pioreactor01,2026-09-05T02:00:25.799Z,4.647446422599,2026-09-05 07:45:25.799,1623.646111111111
Pulse experiments,pioreactor01,2026-09-05T02:00:30.799Z,4.647452594713,2026-09-05 07:45:30.799,1623.6475
Pulse experiments,pioreactor01,2026-09-05T02:00:35.800Z,4.647466369654,2026-09-05 07:45:35.800,1623.648888888889
Pulse experiments,pioreactor01,2026-09-05T02:00:40.799Z,4.647644578614,2026-09-05 07:45:40.799,1623.650277777778
Pulse experiments,pioreactor01,2026-09-05T02:00:45.798Z,4.647545745342,2026-09-05 07:45:45.798,1623.651666666667
Pulse experiments,pioreactor01,2026-09-05T02:00:50.799Z,4.647488679073,2026-09-05 07:45:50.799,1623.653055555556
Pulse experiments,pioreactor01,2026-09-05T02:00:55.798Z,4.647236840496,2026-09-05 07:45:55.798,1623.654444444444
Pulse experiments,pioreactor01,2026-09-05T02:01:00.799Z,4.647149395625,2026-09-05 07:46:00.799,1623.655833333333
Pulse experiments,pioreactor01,2026-09-05T02:01:05.798Z,4.647044169846,2026-09-05 07:46:05.798,1623.657222222222
Pulse experiments,pioreactor01,2026-09-05T02:01:10.798Z,4.64694260618,2026-09-05 07:46:10.798,1623.658611111111
Pulse experiments,pioreactor01,2026-09-05T02:01:15.798Z,4.646812254804,2026-09-05 07:46:15.798,1623.66
Pulse experiments,pioreactor01,2026-09-05T02:01:20.800Z,4.646926675179,2026-09-05 07:46:20.800,1623.661388888889
Pulse experiments,pioreactor01,2026-09-05T02:01:25.800Z,4.647004813598,2026-09-05 07:46:25.800,1623.662777777778
Pulse experiments,pioreactor01,2026-09-05T02:01:30.799Z,4.647102836818,2026-09-05 07:46:30.799,1623.664166666667
Pulse experiments,pioreactor01,2026-09-05T02:01:35.799Z,4.64729888298,2026-09-05 07:46:35.799,1623.665555555556
Pulse experiments,pioreactor01,2026-09-05T02:01:40.799Z,4.647308641818,2026-09-05 07:46:40.799,1623.666944444444
Pulse experiments,pioreactor01,2026-09-05T02:01:45.798Z,4.647473538391,2026-09-05 07:46:45.798,1623.668333333333
Pulse experiments,pioreactor01,2026-09-05T02:01:50.798Z,4.647493576454,2026-09-05 07:46:50.798,1623.669722222222
Pulse experiments,pioreactor01,2026-09-05T02:01:55.798Z,4.647391623865,2026-09-05 07:46:55.798,1623.671111111111
Pulse experiments,pioreactor01,2026-09-05T02:02:00.798Z,4.647378572534,2026-09-05 07:47:00.798,1623.6725
Pulse experiments,pioreactor01,2026-09-05T02:02:05.800Z,4.647324786324,2026-09-05 07:47:05.800,1623.673888888889
Pulse experiments,pioreactor01,2026-09-05T02:02:10.800Z,4.647259949777,2026-09-05 07:47:10.800,1623.675277777778
Pulse experiments,pioreactor01,2026-09-05T02:02:15.799Z,4.647200519044,2026-09-05 07:47:15.799,1623.676666666667
Pulse experiments,pioreactor01,2026-09-05T02:02:20.799Z,4.647202340704,2026-09-05 07:47:20.799,1623.678055555556
Pulse experiments,pioreactor01,2026-09-05T02:02:25.799Z,4.647309229337,2026-09-05 07:47:25.799,1623.679444444444
Pulse experiments,pioreactor01,2026-09-05T02:02:30.799Z,4.647496609221,2026-09-05 07:47:30.799,1623.680833333333
Pulse experiments,pioreactor01,2026-09-05T02:02:35.799Z,4.64773101317,2026-09-05 07:47:35.799,1623.682222222222
Pulse experiments,pioreactor01,2026-09-05T02:02:40.799Z,4.648016929675,2026-09-05 07:47:40.799,1623.683611111111
Pulse experiments,pioreactor01,2026-09-05T02:02:45.799Z,4.648267162838,2026-09-05 07:47:45.799,1623.685
Pulse experiments,pioreactor01,2026-09-05T02:02:50.799Z,4.6484596469,2026-09-05 07:47:50.799,1623.686388888889
Pulse experiments,pioreactor01,2026-09-05T02:02:55.798Z,4.648488120815,2026-09-05 07:47:55.798,1623.687777777778
Pulse experiments,pioreactor01,2026-09-05T02:03:00.799Z,4.648660217602,2026-09-05 07:48:00.799,1623.689166666667
Pulse experiments,pioreactor01,2026-09-05T02:03:05.799Z,4.648649410777,2026-09-05 07:48:05.799,1623.690555555556
Pulse experiments,pioreactor01,2026-09-05T02:03:10.799Z,4.648699202999,2026-09-05 07:48:10.799,1623.691944444445
Pulse experiments,pioreactor01,2026-09-05T02:03:15.799Z,4.648711316064,2026-09-05 07:48:15.799,1623.693333333333
Pulse experiments,pioreactor01,2026-09-05T02:03:20.798Z,4.648699969769,2026-09-05 07:48:20.798,1623.694722222222
Pulse experiments,pioreactor01,2026-09-05T02:03:25.798Z,4.648608182731,2026-09-05 07:48:25.798,1623.696111111111
Pulse experiments,pioreactor01,2026-09-05T02:03:30.801Z,4.64850417808,2026-09-05 07:48:30.801,1623.6975
Pulse experiments,pioreactor01,2026-09-05T02:03:35.800Z,4.648459402685,2026-09-05 07:48:35.800,1623.698888888889
Pulse experiments,pioreactor01,2026-09-05T02:03:40.799Z,4.648476769466,2026-09-05 07:48:40.799,1623.700277777778
Pulse experiments,pioreactor01,2026-09-05T02:03:45.799Z,4.648602927893,2026-09-05 07:48:45.799,1623.701666666667
Pulse experiments,pioreactor01,2026-09-05T02:03:50.799Z,4.64865465861,2026-09-05 07:48:50.799,1623.703055555555
Pulse experiments,pioreactor01,2026-09-05T02:03:55.799Z,4.648812681642,2026-09-05 07:48:55.799,1623.704444444444
Pulse experiments,pioreactor01,2026-09-05T02:04:00.802Z,4.648825921824,2026-09-05 07:49:00.802,1623.705833333333
Pulse experiments,pioreactor01,2026-09-05T02:04:05.800Z,4.648922022105,2026-09-05 07:49:05.800,1623.707222222222
Pulse experiments,pioreactor01,2026-09-05T02:04:10.798Z,4.649027614167,2026-09-05 07:49:10.798,1623.708611111111
Pulse experiments,pioreactor01,2026-09-05T02:04:15.799Z,4.649007309165,2026-09-05 07:49:15.799,1623.71
Pulse experiments,pioreactor01,2026-09-05T02:04:20.798Z,4.649040193434,2026-09-05 07:49:20.798,1623.711388888889
Pulse experiments,pioreactor01,2026-09-05T02:04:25.799Z,4.649078657178,2026-09-05 07:49:25.799,1623.712777777778
Pulse experiments,pioreactor01,2026-09-05T02:04:30.798Z,4.649147064208,2026-09-05 07:49:30.798,1623.714166666667
Pulse experiments,pioreactor01,2026-09-05T02:04:35.798Z,4.649347265085,2026-09-05 07:49:35.798,1623.715555555556
Pulse experiments,pioreactor01,2026-09-05T02:04:40.798Z,4.649359907016,2026-09-05 07:49:40.798,1623.716944444444
Pulse experiments,pioreactor01,2026-09-05T02:04:45.799Z,4.649564879664,2026-09-05 07:49:45.799,1623.718333333333
Pulse experiments,pioreactor01,2026-09-05T02:04:50.799Z,4.649642269507,2026-09-05 07:49:50.799,1623.719722222222
Pulse experiments,pioreactor01,2026-09-05T02:04:55.798Z,4.649778601275,2026-09-05 07:49:55.798,1623.721111111111
Pulse experiments,pioreactor01,2026-09-05T02:05:00.799Z,4.649916611596,2026-09-05 07:50:00.799,1623.7225
Pulse experiments,pioreactor01,2026-09-05T02:05:05.799Z,4.650116840846,2026-09-05 07:50:05.799,1623.723888888889
Pulse experiments,pioreactor01,2026-09-05T02:05:10.798Z,4.650314906587,2026-09-05 07:50:10.798,1623.725277777778
Pulse experiments,pioreactor01,2026-09-05T02:05:15.800Z,4.650418687831,2026-09-05 07:50:15.800,1623.726666666667
Pulse experiments,pioreactor01,2026-09-05T02:05:20.799Z,4.650548616626,2026-09-05 07:50:20.799,1623.728055555556
Pulse experiments,pioreactor01,2026-09-05T02:05:25.799Z,4.650747455305,2026-09-05 07:50:25.799,1623.729444444444
Pulse experiments,pioreactor01,2026-09-05T02:05:30.799Z,4.651032841033,2026-09-05 07:50:30.799,1623.730833333333
Pulse experiments,pioreactor01,2026-09-05T02:05:35.798Z,4.651310237484,2026-09-05 07:50:35.798,1623.732222222222
Pulse experiments,pioreactor01,2026-09-05T02:05:40.799Z,4.651511519057,2026-09-05 07:50:40.799,1623.733611111111
Pulse experiments,pioreactor01,2026-09-05T02:05:45.798Z,4.651631001267,2026-09-05 07:50:45.798,1623.735
Pulse experiments,pioreactor01,2026-09-05T02:05:50.799Z,4.651891616482,2026-09-05 07:50:50.799,1623.736388888889
Pulse experiments,pioreactor01,2026-09-05T02:05:55.800Z,4.652142109737,2026-09-05 07:50:55.800,1623.737777777778
Pulse experiments,pioreactor01,2026-09-05T02:06:00.798Z,4.652438278163,2026-09-05 07:51:00.798,1623.739166666667
Pulse experiments,pioreactor01,2026-09-05T02:06:05.798Z,4.652712447512,2026-09-05 07:51:05.798,1623.740555555556
Pulse experiments,pioreactor01,2026-09-05T02:06:10.800Z,4.653006276171,2026-09-05 07:51:10.800,1623.741944444444
Pulse experiments,pioreactor01,2026-09-05T02:06:15.799Z,4.653249694851,2026-09-05 07:51:15.799,1623.743333333333
Pulse experiments,pioreactor01,2026-09-05T02:06:20.800Z,4.653491118163,2026-09-05 07:51:20.800,1623.744722222222
Pulse experiments,pioreactor01,2026-09-05T02:06:25.799Z,4.65366939552,2026-09-05 07:51:25.799,1623.746111111111
Pulse experiments,pioreactor01,2026-09-05T02:06:30.799Z,4.653901203946,2026-09-05 07:51:30.799,1623.7475
Pulse experiments,pioreactor01,2026-09-05T02:06:35.799Z,4.654033511701,2026-09-05 07:51:35.799,1623.748888888889
Pulse experiments,pioreactor01,2026-09-05T02:06:40.799Z,4.654301736251,2026-09-05 07:51:40.799,1623.750277777778
Pulse experiments,pioreactor01,2026-09-05T02:06:45.799Z,4.654500620504,2026-09-05 07:51:45.799,1623.751666666667
Pulse experiments,pioreactor01,2026-09-05T02:06:50.799Z,4.654799008288,2026-09-05 07:51:50.799,1623.753055555556
Pulse experiments,pioreactor01,2026-09-05T02:06:55.798Z,4.654986089085,2026-09-05 07:51:55.798,1623.754444444445
Pulse experiments,pioreactor01,2026-09-05T02:07:00.802Z,4.655215799529,2026-09-05 07:52:00.802,1623.755833333333
Pulse experiments,pioreactor01,2026-09-05T02:07:05.798Z,4.655556374619,2026-09-05 07:52:05.798,1623.757222222222
Pulse experiments,pioreactor01,2026-09-05T02:07:10.798Z,4.655755816995,2026-09-05 07:52:10.798,1623.758611111111
Pulse experiments,pioreactor01,2026-09-05T02:07:15.798Z,4.656115198866,2026-09-05 07:52:15.798,1623.76
Pulse experiments,pioreactor01,2026-09-05T02:07:20.799Z,4.65634740715,2026-09-05 07:52:20.799,1623.761388888889
Pulse experiments,pioreactor01,2026-09-05T02:07:25.799Z,4.656534589833,2026-09-05 07:52:25.799,1623.762777777778
Pulse experiments,pioreactor01,2026-09-05T02:07:30.801Z,4.656773181998,2026-09-05 07:52:30.801,1623.764166666667
Pulse experiments,pioreactor01,2026-09-05T02:07:35.799Z,4.65713660931,2026-09-05 07:52:35.799,1623.765555555555
Pulse experiments,pioreactor01,2026-09-05T02:07:40.799Z,4.657375830023,2026-09-05 07:52:40.799,1623.766944444444
Pulse experiments,pioreactor01,2026-09-05T02:07:45.801Z,4.657637784463,2026-09-05 07:52:45.801,1623.768333333333
Pulse experiments,pioreactor01,2026-09-05T02:07:50.799Z,4.657826250837,2026-09-05 07:52:50.799,1623.769722222222
Pulse experiments,pioreactor01,2026-09-05T02:07:55.798Z,4.658168146001,2026-09-05 07:52:55.798,1623.771111111111
Pulse experiments,pioreactor01,2026-09-05T02:08:00.798Z,4.658528125263,2026-09-05 07:53:00.798,1623.7725
Pulse experiments,pioreactor01,2026-09-05T02:08:10.799Z,4.658877074862,2026-09-05 07:53:10.799,1623.775277777778
Pulse experiments,pioreactor01,2026-09-05T02:08:15.798Z,4.659305662002,2026-09-05 07:53:15.798,1623.776666666667
Pulse experiments,pioreactor01,2026-09-05T02:08:20.799Z,4.659813617874,2026-09-05 07:53:20.799,1623.778055555556
Pulse experiments,pioreactor01,2026-09-05T02:08:25.799Z,4.660226399606,2026-09-05 07:53:25.799,1623.779444444444
Pulse experiments,pioreactor01,2026-09-05T02:08:30.801Z,4.660631437899,2026-09-05 07:53:30.801,1623.780833333333
Pulse experiments,pioreactor01,2026-09-05T02:08:35.799Z,4.66105775127,2026-09-05 07:53:35.799,1623.782222222222
Pulse experiments,pioreactor01,2026-09-05T02:08:40.799Z,4.661663288393,2026-09-05 07:53:40.799,1623.783611111111
Pulse experiments,pioreactor01,2026-09-05T02:08:45.799Z,4.662268778695,2026-09-05 07:53:45.799,1623.785
Pulse experiments,pioreactor01,2026-09-05T02:08:50.799Z,4.662621414717,2026-09-05 07:53:50.799,1623.786388888889
Pulse experiments,pioreactor01,2026-09-05T02:08:55.802Z,4.663024043819,2026-09-05 07:53:55.802,1623.787777777778
Pulse experiments,pioreactor01,2026-09-05T02:09:00.799Z,4.663428817665,2026-09-05 07:54:00.799,1623.789166666667
Pulse experiments,pioreactor01,2026-09-05T02:09:05.801Z,4.663926929496,2026-09-05 07:54:05.801,1623.790555555556
Pulse experiments,pioreactor01,2026-09-05T02:09:10.799Z,4.664405522615,2026-09-05 07:54:10.799,1623.791944444444
Pulse experiments,pioreactor01,2026-09-05T02:09:15.799Z,4.664803041388,2026-09-05 07:54:15.799,1623.793333333333
Pulse experiments,pioreactor01,2026-09-05T02:09:20.800Z,4.665195017132,2026-09-05 07:54:20.800,1623.794722222222
Pulse experiments,pioreactor01,2026-09-05T02:09:25.799Z,4.665576403862,2026-09-05 07:54:25.799,1623.796111111111
Pulse experiments,pioreactor01,2026-09-05T02:09:30.800Z,4.665961667867,2026-09-05 07:54:30.800,1623.7975
Pulse experiments,pioreactor01,2026-09-05T02:09:35.798Z,4.666369510591,2026-09-05 07:54:35.798,1623.798888888889
Pulse experiments,pioreactor01,2026-09-05T02:09:40.798Z,4.6668626096,2026-09-05 07:54:40.798,1623.800277777778
Pulse experiments,pioreactor01,2026-09-05T02:09:45.799Z,4.667343706223,2026-09-05 07:54:45.799,1623.801666666667
Pulse experiments,pioreactor01,2026-09-05T02:09:50.800Z,4.667710190394,2026-09-05 07:54:50.800,1623.803055555556
Pulse experiments,pioreactor01,2026-09-05T02:09:55.800Z,4.668200781275,2026-09-05 07:54:55.800,1623.804444444444
Pulse experiments,pioreactor01,2026-09-05T02:10:00.799Z,4.668739850062,2026-09-05 07:55:00.799,1623.805833333333
Pulse experiments,pioreactor01,2026-09-05T02:10:05.798Z,4.669368614893,2026-09-05 07:55:05.798,1623.807222222222
Pulse experiments,pioreactor01,2026-09-05T02:10:10.798Z,4.669954916276,2026-09-05 07:55:10.798,1623.808611111111
Pulse experiments,pioreactor01,2026-09-05T02:10:15.799Z,4.670409994199,2026-09-05 07:55:15.799,1623.81
Pulse experiments,pioreactor01,2026-09-05T02:10:20.801Z,4.671005918147,2026-09-05 07:55:20.801,1623.811388888889
Pulse experiments,pioreactor01,2026-09-05T02:10:25.799Z,4.67155404222,2026-09-05 07:55:25.799,1623.812777777778
Pulse experiments,pioreactor01,2026-09-05T02:10:30.798Z,4.672061716169,2026-09-05 07:55:30.798,1623.814166666667
Pulse experiments,pioreactor01,2026-09-05T02:10:35.798Z,4.672525736526,2026-09-05 07:55:35.798,1623.815555555556
Pulse experiments,pioreactor01,2026-09-05T02:10:40.798Z,4.672975230605,2026-09-05 07:55:40.798,1623.816944444445
Pulse experiments,pioreactor01,2026-09-05T02:10:45.800Z,4.673483536662,2026-09-05 07:55:45.800,1623.818333333333
Pulse experiments,pioreactor01,2026-09-05T02:10:50.799Z,4.67407082392,2026-09-05 07:55:50.799,1623.819722222222
Pulse experiments,pioreactor01,2026-09-05T02:10:55.799Z,4.674592188089,2026-09-05 07:55:55.799,1623.821111111111
Pulse experiments,pioreactor01,2026-09-05T02:11:00.799Z,4.675128156865,2026-09-05 07:56:00.799,1623.8225
Pulse experiments,pioreactor01,2026-09-05T02:11:05.799Z,4.675666047059,2026-09-05 07:56:05.799,1623.823888888889
Pulse experiments,pioreactor01,2026-09-05T02:11:10.799Z,4.676084504544,2026-09-05 07:56:10.799,1623.825277777778
Pulse experiments,pioreactor01,2026-09-05T02:11:15.799Z,4.676602124207,2026-09-05 07:56:15.799,1623.826666666667
Pulse experiments,pioreactor01,2026-09-05T02:11:20.799Z,4.677150190033,2026-09-05 07:56:20.799,1623.828055555555
Pulse experiments,pioreactor01,2026-09-05T02:11:25.799Z,4.67768121382,2026-09-05 07:56:25.799,1623.829444444444
Pulse experiments,pioreactor01,2026-09-05T02:11:30.800Z,4.678234625798,2026-09-05 07:56:30.800,1623.830833333333
Pulse experiments,pioreactor01,2026-09-05T02:11:35.798Z,4.67879500982,2026-09-05 07:56:35.798,1623.832222222222
Pulse experiments,pioreactor01,2026-09-05T02:11:40.799Z,4.679421602146,2026-09-05 07:56:40.799,1623.833611111111
Pulse experiments,pioreactor01,2026-09-05T02:11:50.799Z,4.680088105798,2026-09-05 07:56:50.799,1623.836388888889
Pulse experiments,pioreactor01,2026-09-05T02:11:55.802Z,4.680682474558,2026-09-05 07:56:55.802,1623.837777777778
Pulse experiments,pioreactor01,2026-09-05T02:12:00.799Z,4.681380628377,2026-09-05 07:57:00.799,1623.839166666667
Pulse experiments,pioreactor01,2026-09-05T02:12:05.798Z,4.682101359315,2026-09-05 07:57:05.798,1623.840555555556
Pulse experiments,pioreactor01,2026-09-05T02:12:10.799Z,4.682771408232,2026-09-05 07:57:10.799,1623.841944444444
Pulse experiments,pioreactor01,2026-09-05T02:12:15.800Z,4.683413376952,2026-09-05 07:57:15.800,1623.843333333333
Pulse experiments,pioreactor01,2026-09-05T02:12:20.800Z,4.684187817049,2026-09-05 07:57:20.800,1623.844722222222
Pulse experiments,pioreactor01,2026-09-05T02:12:25.799Z,4.684867355453,2026-09-05 07:57:25.799,1623.846111111111
Pulse experiments,pioreactor01,2026-09-05T02:12:30.799Z,4.685539670092,2026-09-05 07:57:30.799,1623.8475
Pulse experiments,pioreactor01,2026-09-05T02:12:35.800Z,4.686229277197,2026-09-05 07:57:35.800,1623.848888888889
Pulse experiments,pioreactor01,2026-09-05T02:12:40.799Z,4.686831829322,2026-09-05 07:57:40.799,1623.850277777778
Pulse experiments,pioreactor01,2026-09-05T02:12:45.799Z,4.687376550088,2026-09-05 07:57:45.799,1623.851666666667
Pulse experiments,pioreactor01,2026-09-05T02:12:50.799Z,4.68796234438,2026-09-05 07:57:50.799,1623.853055555556
Pulse experiments,pioreactor01,2026-09-05T02:12:55.799Z,4.688460982785,2026-09-05 07:57:55.799,1623.854444444444
Pulse experiments,pioreactor01,2026-09-05T02:13:00.800Z,4.689138006399,2026-09-05 07:58:00.800,1623.855833333333
Pulse experiments,pioreactor01,2026-09-05T02:13:05.798Z,4.689755884086,2026-09-05 07:58:05.798,1623.857222222222
Pulse experiments,pioreactor01,2026-09-05T02:13:10.798Z,4.690416286248,2026-09-05 07:58:10.798,1623.858611111111
Pulse experiments,pioreactor01,2026-09-05T02:13:15.799Z,4.690933481411,2026-09-05 07:58:15.799,1623.86
Pulse experiments,pioreactor01,2026-09-05T02:13:20.798Z,4.691470924349,2026-09-05 07:58:20.798,1623.861388888889
Pulse experiments,pioreactor01,2026-09-05T02:13:25.800Z,4.692151502568,2026-09-05 07:58:25.800,1623.862777777778
Pulse experiments,pioreactor01,2026-09-05T02:13:30.799Z,4.692808787339,2026-09-05 07:58:30.799,1623.864166666667
Pulse experiments,pioreactor01,2026-09-05T02:13:35.799Z,4.693465712443,2026-09-05 07:58:35.799,1623.865555555556
Pulse experiments,pioreactor01,2026-09-05T02:13:40.799Z,4.694170143012,2026-09-05 07:58:40.799,1623.866944444444
Pulse experiments,pioreactor01,2026-09-05T02:13:45.801Z,4.694796010856,2026-09-05 07:58:45.801,1623.868333333333
Pulse experiments,pioreactor01,2026-09-05T02:13:50.801Z,4.695574489066,2026-09-05 07:58:50.801,1623.869722222222
Pulse experiments,pioreactor01,2026-09-05T02:13:55.799Z,4.696286964769,2026-09-05 07:58:55.799,1623.871111111111
Pulse experiments,pioreactor01,2026-09-05T02:14:00.798Z,4.696965091039,2026-09-05 07:59:00.798,1623.8725
Pulse experiments,pioreactor01,2026-09-05T02:14:05.800Z,4.697713185948,2026-09-05 07:59:05.800,1623.873888888889
Pulse experiments,pioreactor01,2026-09-05T02:14:10.799Z,4.698445610782,2026-09-05 07:59:10.799,1623.875277777778
Pulse experiments,pioreactor01,2026-09-05T02:14:15.798Z,4.699211619562,2026-09-05 07:59:15.798,1623.876666666667
Pulse experiments,pioreactor01,2026-09-05T02:14:20.799Z,4.699871071904,2026-09-05 07:59:20.799,1623.878055555556
Pulse experiments,pioreactor01,2026-09-05T02:14:25.799Z,4.700567635723,2026-09-05 07:59:25.799,1623.879444444445
Pulse experiments,pioreactor01,2026-09-05T02:14:30.799Z,4.701265238314,2026-09-05 07:59:30.799,1623.880833333333
Pulse experiments,pioreactor01,2026-09-05T02:14:35.800Z,4.701981217365,2026-09-05 07:59:35.800,1623.882222222222
Pulse experiments,pioreactor01,2026-09-05T02:14:40.799Z,4.70259684623,2026-09-05 07:59:40.799,1623.883611111111
Pulse experiments,pioreactor01,2026-09-05T02:14:45.799Z,4.703334873476,2026-09-05 07:59:45.799,1623.885
Pulse experiments,pioreactor01,2026-09-05T02:14:50.799Z,4.7041572326,2026-09-05 07:59:50.799,1623.886388888889
Pulse experiments,pioreactor01,2026-09-05T02:14:55.798Z,4.704967351218,2026-09-05 07:59:55.798,1623.887777777778
Pulse experiments,pioreactor01,2026-09-05T02:15:05.803Z,4.705976239385,2026-09-05 08:00:05.803,1623.890555555555
Pulse experiments,pioreactor01,2026-09-05T02:15:10.799Z,4.706742236925,2026-09-05 08:00:10.799,1623.891944444444
Pulse experiments,pioreactor01,2026-09-05T02:15:15.798Z,4.707487796017,2026-09-05 08:00:15.798,1623.893333333333
Pulse experiments,pioreactor01,2026-09-05T02:15:20.799Z,4.708310472833,2026-09-05 08:00:20.799,1623.894722222222
Pulse experiments,pioreactor01,2026-09-05T02:15:25.800Z,4.708943780819,2026-09-05 08:00:25.800,1623.896111111111
Pulse experiments,pioreactor01,2026-09-05T02:15:30.799Z,4.709705721578,2026-09-05 08:00:30.799,1623.8975
Pulse experiments,pioreactor01,2026-09-05T02:15:35.799Z,4.710460715771,2026-09-05 08:00:35.799,1623.898888888889
Pulse experiments,pioreactor01,2026-09-05T02:15:40.801Z,4.711239251671,2026-09-05 08:00:40.801,1623.900277777778
Pulse experiments,pioreactor01,2026-09-05T02:15:45.799Z,4.711984887791,2026-09-05 08:00:45.799,1623.901666666667
Pulse experiments,pioreactor01,2026-09-05T02:15:50.798Z,4.712772440435,2026-09-05 08:00:50.798,1623.903055555556
Pulse experiments,pioreactor01,2026-09-05T02:15:55.798Z,4.713553489906,2026-09-05 08:00:55.798,1623.904444444444
Pulse experiments,pioreactor01,2026-09-05T02:16:00.799Z,4.714415988474,2026-09-05 08:01:00.799,1623.905833333333
Pulse experiments,pioreactor01,2026-09-05T02:16:05.799Z,4.715281642111,2026-09-05 08:01:05.799,1623.907222222222
Pulse experiments,pioreactor01,2026-09-05T02:16:10.801Z,4.716022391884,2026-09-05 08:01:10.801,1623.908611111111
Pulse experiments,pioreactor01,2026-09-05T02:16:15.799Z,4.716746812593,2026-09-05 08:01:15.799,1623.91
Pulse experiments,pioreactor01,2026-09-05T02:16:20.799Z,4.717487936,2026-09-05 08:01:20.799,1623.911388888889
Pulse experiments,pioreactor01,2026-09-05T02:16:25.799Z,4.718259212772,2026-09-05 08:01:25.799,1623.912777777778
Pulse experiments,pioreactor01,2026-09-05T02:16:30.798Z,4.719103912305,2026-09-05 08:01:30.798,1623.914166666667
Pulse experiments,pioreactor01,2026-09-05T02:16:35.800Z,4.71997657512,2026-09-05 08:01:35.800,1623.915555555556
Pulse experiments,pioreactor01,2026-09-05T02:16:40.798Z,4.720734918871,2026-09-05 08:01:40.798,1623.916944444444
Pulse experiments,pioreactor01,2026-09-05T02:16:45.798Z,4.721515002422,2026-09-05 08:01:45.798,1623.918333333333
Pulse experiments,pioreactor01,2026-09-05T02:16:50.800Z,4.722310023521,2026-09-05 08:01:50.800,1623.919722222222
Pulse experiments,pioreactor01,2026-09-05T02:16:55.799Z,4.722942541215,2026-09-05 08:01:55.799,1623.921111111111
Pulse experiments,pioreactor01,2026-09-05T02:17:00.799Z,4.723627651094,2026-09-05 08:02:00.799,1623.9225
Pulse experiments,pioreactor01,2026-09-05T02:17:05.799Z,4.724400005412,2026-09-05 08:02:05.799,1623.923888888889
Pulse experiments,pioreactor01,2026-09-05T02:17:10.799Z,4.725129057542,2026-09-05 08:02:10.799,1623.925277777778
Pulse experiments,pioreactor01,2026-09-05T02:17:15.800Z,4.725794969183,2026-09-05 08:02:15.800,1623.926666666667
Pulse experiments,pioreactor01,2026-09-05T02:17:20.799Z,4.726482692899,2026-09-05 08:02:20.799,1623.928055555556
Pulse experiments,pioreactor01,2026-09-05T02:17:25.798Z,4.727241043191,2026-09-05 08:02:25.798,1623.929444444444
Pulse experiments,pioreactor01,2026-09-05T02:17:30.798Z,4.727920642295,2026-09-05 08:02:30.798,1623.930833333333
Pulse experiments,pioreactor01,2026-09-05T02:17:35.799Z,4.72858064716,2026-09-05 08:02:35.799,1623.932222222222
Pulse experiments,pioreactor01,2026-09-05T02:17:40.799Z,4.729426926431,2026-09-05 08:02:40.799,1623.933611111111
Pulse experiments,pioreactor01,2026-09-05T02:17:45.799Z,4.730172193689,2026-09-05 08:02:45.799,1623.935
Pulse experiments,pioreactor01,2026-09-05T02:17:50.800Z,4.731000657,2026-09-05 08:02:50.800,1623.936388888889
Pulse experiments,pioreactor01,2026-09-05T02:17:55.799Z,4.731819309296,2026-09-05 08:02:55.799,1623.937777777778
Pulse experiments,pioreactor01,2026-09-05T02:18:00.798Z,4.73264596381,2026-09-05 08:03:00.798,1623.939166666667
Pulse experiments,pioreactor01,2026-09-05T02:18:05.798Z,4.733544772481,2026-09-05 08:03:05.798,1623.940555555556
Pulse experiments,pioreactor01,2026-09-05T02:18:10.798Z,4.734479920805,2026-09-05 08:03:10.798,1623.941944444445
Pulse experiments,pioreactor01,2026-09-05T02:18:15.799Z,4.735406488388,2026-09-05 08:03:15.799,1623.943333333333
Pulse experiments,pioreactor01,2026-09-05T02:18:20.799Z,4.736274038858,2026-09-05 08:03:20.799,1623.944722222222
Pulse experiments,pioreactor01,2026-09-05T02:18:25.799Z,4.737088300488,2026-09-05 08:03:25.799,1623.946111111111
Pulse experiments,pioreactor01,2026-09-05T02:18:30.799Z,4.737976495586,2026-09-05 08:03:30.799,1623.9475
Pulse experiments,pioreactor01,2026-09-05T02:18:35.798Z,4.738989360293,2026-09-05 08:03:35.798,1623.948888888889
Pulse experiments,pioreactor01,2026-09-05T02:18:40.798Z,4.739833587394,2026-09-05 08:03:40.798,1623.950277777778
Pulse experiments,pioreactor01,2026-09-05T02:18:45.799Z,4.74072539102,2026-09-05 08:03:45.799,1623.951666666667
Pulse experiments,pioreactor01,2026-09-05T02:18:50.800Z,4.741622607251,2026-09-05 08:03:50.800,1623.953055555555
Pulse experiments,pioreactor01,2026-09-05T02:18:55.799Z,4.742454070018,2026-09-05 08:03:55.799,1623.954444444444
Pulse experiments,pioreactor01,2026-09-05T02:19:00.798Z,4.743130346652,2026-09-05 08:04:00.798,1623.955833333333
Pulse experiments,pioreactor01,2026-09-05T02:19:05.799Z,4.743973519179,2026-09-05 08:04:05.799,1623.957222222222
Pulse experiments,pioreactor01,2026-09-05T02:19:10.799Z,4.74480163905,2026-09-05 08:04:10.799,1623.958611111111
Pulse experiments,pioreactor01,2026-09-05T02:19:15.800Z,4.745673260357,2026-09-05 08:04:15.800,1623.96
Pulse experiments,pioreactor01,2026-09-05T02:19:20.799Z,4.746515299678,2026-09-05 08:04:20.799,1623.961388888889
Pulse experiments,pioreactor01,2026-09-05T02:19:25.799Z,4.747446313633,2026-09-05 08:04:25.799,1623.962777777778
Pulse experiments,pioreactor01,2026-09-05T02:19:30.798Z,4.748229810362,2026-09-05 08:04:30.798,1623.964166666667
Pulse experiments,pioreactor01,2026-09-05T02:19:35.799Z,4.748988240818,2026-09-05 08:04:35.799,1623.965555555556
Pulse experiments,pioreactor01,2026-09-05T02:19:40.798Z,4.749829747606,2026-09-05 08:04:40.798,1623.966944444444
Pulse experiments,pioreactor01,2026-09-05T02:19:45.799Z,4.750695096963,2026-09-05 08:04:45.799,1623.968333333333
Pulse experiments,pioreactor01,2026-09-05T02:19:50.799Z,4.751510665364,2026-09-05 08:04:50.799,1623.969722222222
Pulse experiments,pioreactor01,2026-09-05T02:19:55.799Z,4.752388189609,2026-09-05 08:04:55.799,1623.971111111111
Pulse experiments,pioreactor01,2026-09-05T02:20:00.799Z,4.75323885703,2026-09-05 08:05:00.799,1623.9725
Pulse experiments,pioreactor01,2026-09-05T02:20:05.801Z,4.754006242257,2026-09-05 08:05:05.801,1623.973888888889
Pulse experiments,pioreactor01,2026-09-05T02:20:10.800Z,4.754776303282,2026-09-05 08:05:10.800,1623.975277777778
Pulse experiments,pioreactor01,2026-09-05T02:20:15.798Z,4.75555587329,2026-09-05 08:05:15.798,1623.976666666667
Pulse experiments,pioreactor01,2026-09-05T02:20:20.798Z,4.756360149434,2026-09-05 08:05:20.798,1623.978055555556
Pulse experiments,pioreactor01,2026-09-05T02:20:25.798Z,4.757270371452,2026-09-05 08:05:25.798,1623.979444444444
Pulse experiments,pioreactor01,2026-09-05T02:20:30.799Z,4.758191191869,2026-09-05 08:05:30.799,1623.980833333333
Pulse experiments,pioreactor01,2026-09-05T02:20:35.799Z,4.759032049525,2026-09-05 08:05:35.799,1623.982222222222
Pulse experiments,pioreactor01,2026-09-05T02:20:40.798Z,4.759824496682,2026-09-05 08:05:40.798,1623.983611111111
Pulse experiments,pioreactor01,2026-09-05T02:20:45.801Z,4.760693326791,2026-09-05 08:05:45.801,1623.985
Pulse experiments,pioreactor01,2026-09-05T02:20:50.799Z,4.761573028938,2026-09-05 08:05:50.799,1623.986388888889
Pulse experiments,pioreactor01,2026-09-05T02:20:55.799Z,4.762407376046,2026-09-05 08:05:55.799,1623.987777777778
Pulse experiments,pioreactor01,2026-09-05T02:21:00.799Z,4.763255124384,2026-09-05 08:06:00.799,1623.989166666667
Pulse experiments,pioreactor01,2026-09-05T02:21:05.799Z,4.764159697915,2026-09-05 08:06:05.799,1623.990555555556
Pulse experiments,pioreactor01,2026-09-05T02:21:10.798Z,4.765048870669,2026-09-05 08:06:10.798,1623.991944444444
Pulse experiments,pioreactor01,2026-09-05T02:21:15.799Z,4.765909108844,2026-09-05 08:06:15.799,1623.993333333333
Pulse experiments,pioreactor01,2026-09-05T02:21:20.800Z,4.766951583722,2026-09-05 08:06:20.800,1623.994722222222
Pulse experiments,pioreactor01,2026-09-05T02:21:25.799Z,4.767924672412,2026-09-05 08:06:25.799,1623.996111111111
Pulse experiments,pioreactor01,2026-09-05T02:21:30.798Z,4.76882978308,2026-09-05 08:06:30.798,1623.9975
Pulse experiments,pioreactor01,2026-09-05T02:21:35.799Z,4.769792106898,2026-09-05 08:06:35.799,1623.998888888889
Pulse experiments,pioreactor01,2026-09-05T02:21:45.798Z,4.771119905815,2026-09-05 08:06:45.798,1624.001666666667
Pulse experiments,pioreactor01,2026-09-05T02:21:50.798Z,4.77208684799,2026-09-05 08:06:50.798,1624.003055555556
Pulse experiments,pioreactor01,2026-09-05T02:21:55.799Z,4.772953167775,2026-09-05 08:06:55.799,1624.004444444445
Pulse experiments,pioreactor01,2026-09-05T02:22:00.798Z,4.773931744801,2026-09-05 08:07:00.798,1624.005833333333
Pulse experiments,pioreactor01,2026-09-05T02:22:05.799Z,4.77483579937,2026-09-05 08:07:05.799,1624.007222222222
Pulse experiments,pioreactor01,2026-09-05T02:22:10.799Z,4.775768990149,2026-09-05 08:07:10.799,1624.008611111111
Pulse experiments,pioreactor01,2026-09-05T02:22:15.798Z,4.776795373036,2026-09-05 08:07:15.798,1624.01
Pulse experiments,pioreactor01,2026-09-05T02:22:20.800Z,4.77788165428,2026-09-05 08:07:20.800,1624.011388888889
Pulse experiments,pioreactor01,2026-09-05T02:22:25.799Z,4.778797252186,2026-09-05 08:07:25.799,1624.012777777778
Pulse experiments,pioreactor01,2026-09-05T02:22:30.799Z,4.779657513024,2026-09-05 08:07:30.799,1624.014166666667
Pulse experiments,pioreactor01,2026-09-05T02:22:35.799Z,4.780580735555,2026-09-05 08:07:35.799,1624.015555555555
Pulse experiments,pioreactor01,2026-09-05T02:22:40.799Z,4.78158369163,2026-09-05 08:07:40.799,1624.016944444444
Pulse experiments,pioreactor01,2026-09-05T02:22:45.799Z,4.782591149279,2026-09-05 08:07:45.799,1624.018333333333
Pulse experiments,pioreactor01,2026-09-05T02:22:50.800Z,4.783501224308,2026-09-05 08:07:50.800,1624.019722222222
Pulse experiments,pioreactor01,2026-09-05T02:22:55.798Z,4.784417605806,2026-09-05 08:07:55.798,1624.021111111111
Pulse experiments,pioreactor01,2026-09-05T02:23:00.799Z,4.785396731751,2026-09-05 08:08:00.799,1624.0225
Pulse experiments,pioreactor01,2026-09-05T02:23:05.799Z,4.786294856721,2026-09-05 08:08:05.799,1624.023888888889
Pulse experiments,pioreactor01,2026-09-05T02:23:15.799Z,4.787645111138,2026-09-05 08:08:15.799,1624.026666666667
Pulse experiments,pioreactor01,2026-09-05T02:23:20.799Z,4.788481683272,2026-09-05 08:08:20.799,1624.028055555556
Pulse experiments,pioreactor01,2026-09-05T02:23:25.798Z,4.789344915867,2026-09-05 08:08:25.798,1624.029444444444
Pulse experiments,pioreactor01,2026-09-05T02:23:30.800Z,4.790216897132,2026-09-05 08:08:30.800,1624.030833333333
Pulse experiments,pioreactor01,2026-09-05T02:23:35.798Z,4.79111462265,2026-09-05 08:08:35.798,1624.032222222222
Pulse experiments,pioreactor01,2026-09-05T02:23:40.799Z,4.792005478332,2026-09-05 08:08:40.799,1624.033611111111
Pulse experiments,pioreactor01,2026-09-05T02:23:45.798Z,4.79285487191,2026-09-05 08:08:45.798,1624.035
Pulse experiments,pioreactor01,2026-09-05T02:23:50.799Z,4.793553664453,2026-09-05 08:08:50.799,1624.036388888889
Pulse experiments,pioreactor01,2026-09-05T02:23:55.798Z,4.794302178323,2026-09-05 08:08:55.798,1624.037777777778
Pulse experiments,pioreactor01,2026-09-05T02:24:00.799Z,4.795154072315,2026-09-05 08:09:00.799,1624.039166666667
Pulse experiments,pioreactor01,2026-09-05T02:24:05.799Z,4.796060093873,2026-09-05 08:09:05.799,1624.040555555556
Pulse experiments,pioreactor01,2026-09-05T02:24:10.798Z,4.797117575009,2026-09-05 08:09:10.798,1624.041944444444
Pulse experiments,pioreactor01,2026-09-05T02:24:15.799Z,4.797987232727,2026-09-05 08:09:15.799,1624.043333333333
Pulse experiments,pioreactor01,2026-09-05T02:24:25.800Z,4.799642367056,2026-09-05 08:09:25.800,1624.046111111111
Pulse experiments,pioreactor01,2026-09-05T02:24:30.798Z,4.800674975485,2026-09-05 08:09:30.798,1624.0475
Pulse experiments,pioreactor01,2026-09-05T02:24:35.800Z,4.801689001808,2026-09-05 08:09:35.800,1624.048888888889
Pulse experiments,pioreactor01,2026-09-05T02:24:40.799Z,4.802638067792,2026-09-05 08:09:40.799,1624.050277777778
Pulse experiments,pioreactor01,2026-09-05T02:24:45.802Z,4.803696655436,2026-09-05 08:09:45.802,1624.051666666667
Pulse experiments,pioreactor01,2026-09-05T02:24:50.799Z,4.804731533985,2026-09-05 08:09:50.799,1624.053055555556
Pulse experiments,pioreactor01,2026-09-05T02:24:55.799Z,4.805777043461,2026-09-05 08:09:55.799,1624.054444444444
Pulse experiments,pioreactor01,2026-09-05T02:25:00.799Z,4.806851461106,2026-09-05 08:10:00.799,1624.055833333333
Pulse experiments,pioreactor01,2026-09-05T02:25:05.802Z,4.807892127037,2026-09-05 08:10:05.802,1624.057222222222
Pulse experiments,pioreactor01,2026-09-05T02:25:10.799Z,4.808860478572,2026-09-05 08:10:10.799,1624.058611111111
Pulse experiments,pioreactor01,2026-09-05T02:25:15.799Z,4.809740491471,2026-09-05 08:10:15.799,1624.06
Pulse experiments,pioreactor01,2026-09-05T02:25:20.799Z,4.810700291441,2026-09-05 08:10:20.799,1624.061388888889
Pulse experiments,pioreactor01,2026-09-05T02:25:25.799Z,4.811681821975,2026-09-05 08:10:25.799,1624.062777777778
Pulse experiments,pioreactor01,2026-09-05T02:25:30.798Z,4.812641719367,2026-09-05 08:10:30.798,1624.064166666667
Pulse experiments,pioreactor01,2026-09-05T02:25:35.798Z,4.813613233838,2026-09-05 08:10:35.798,1624.065555555556
Pulse experiments,pioreactor01,2026-09-05T02:25:40.799Z,4.814572862739,2026-09-05 08:10:40.799,1624.066944444445
Pulse experiments,pioreactor01,2026-09-05T02:25:45.799Z,4.815488062618,2026-09-05 08:10:45.799,1624.068333333333
Pulse experiments,pioreactor01,2026-09-05T02:25:50.800Z,4.816342174263,2026-09-05 08:10:50.800,1624.069722222222
Pulse experiments,pioreactor01,2026-09-05T02:25:55.799Z,4.817356658092,2026-09-05 08:10:55.799,1624.071111111111
Pulse experiments,pioreactor01,2026-09-05T02:26:00.799Z,4.818366206658,2026-09-05 08:11:00.799,1624.0725
Pulse experiments,pioreactor01,2026-09-05T02:26:05.799Z,4.819276656075,2026-09-05 08:11:05.799,1624.073888888889
Pulse experiments,pioreactor01,2026-09-05T02:26:10.799Z,4.820133176311,2026-09-05 08:11:10.799,1624.075277777778
Pulse experiments,pioreactor01,2026-09-05T02:26:15.799Z,4.821009385452,2026-09-05 08:11:15.799,1624.076666666667
Pulse experiments,pioreactor01,2026-09-05T02:26:20.799Z,4.822003723991,2026-09-05 08:11:20.799,1624.078055555555
Pulse experiments,pioreactor01,2026-09-05T02:26:25.798Z,4.822965755804,2026-09-05 08:11:25.798,1624.079444444444
Pulse experiments,pioreactor01,2026-09-05T02:26:30.798Z,4.823989426625,2026-09-05 08:11:30.798,1624.080833333333
Pulse experiments,pioreactor01,2026-09-05T02:26:35.798Z,4.824953347965,2026-09-05 08:11:35.798,1624.082222222222
Pulse experiments,pioreactor01,2026-09-05T02:26:45.800Z,4.826386350413,2026-09-05 08:11:45.800,1624.085
Pulse experiments,pioreactor01,2026-09-05T02:26:50.798Z,4.827232781127,2026-09-05 08:11:50.798,1624.086388888889
Pulse experiments,pioreactor01,2026-09-05T02:26:55.798Z,4.828117623042,2026-09-05 08:11:55.798,1624.087777777778
Pulse experiments,pioreactor01,2026-09-05T02:27:00.798Z,4.829044692922,2026-09-05 08:12:00.798,1624.089166666667
Pulse experiments,pioreactor01,2026-09-05T02:27:05.800Z,4.829932945439,2026-09-05 08:12:05.800,1624.090555555556
Pulse experiments,pioreactor01,2026-09-05T02:27:10.799Z,4.830819014826,2026-09-05 08:12:10.799,1624.091944444444
Pulse experiments,pioreactor01,2026-09-05T02:27:15.799Z,4.831735959998,2026-09-05 08:12:15.799,1624.093333333333
Pulse experiments,pioreactor01,2026-09-05T02:27:20.800Z,4.832562203541,2026-09-05 08:12:20.800,1624.094722222222
Pulse experiments,pioreactor01,2026-09-05T02:27:25.800Z,4.833412740504,2026-09-05 08:12:25.800,1624.096111111111
Pulse experiments,pioreactor01,2026-09-05T02:27:30.799Z,4.83427348644,2026-09-05 08:12:30.799,1624.0975
Pulse experiments,pioreactor01,2026-09-05T02:27:35.798Z,4.83518659743,2026-09-05 08:12:35.798,1624.098888888889
Pulse experiments,pioreactor01,2026-09-05T02:27:40.799Z,4.836144144235,2026-09-05 08:12:40.799,1624.100277777778
Pulse experiments,pioreactor01,2026-09-05T02:27:45.798Z,4.837067517278,2026-09-05 08:12:45.798,1624.101666666667
Pulse experiments,pioreactor01,2026-09-05T02:27:55.799Z,4.838784429441,2026-09-05 08:12:55.799,1624.104444444444
Pulse experiments,pioreactor01,2026-09-05T02:28:00.799Z,4.839679010517,2026-09-05 08:13:00.799,1624.105833333333
Pulse experiments,pioreactor01,2026-09-05T02:28:05.799Z,4.840629370448,2026-09-05 08:13:05.799,1624.107222222222
Pulse experiments,pioreactor01,2026-09-05T02:28:10.799Z,4.841533379732,2026-09-05 08:13:10.799,1624.108611111111
Pulse experiments,pioreactor01,2026-09-05T02:28:15.798Z,4.842425574305,2026-09-05 08:13:15.798,1624.11
Pulse experiments,pioreactor01,2026-09-05T02:28:20.800Z,4.843472614331,2026-09-05 08:13:20.800,1624.111388888889
Pulse experiments,pioreactor01,2026-09-05T02:28:25.798Z,4.844476458029,2026-09-05 08:13:25.798,1624.112777777778
Pulse experiments,pioreactor01,2026-09-05T02:28:30.799Z,4.845496291869,2026-09-05 08:13:30.799,1624.114166666667
Pulse experiments,pioreactor01,2026-09-05T02:28:35.799Z,4.846598464208,2026-09-05 08:13:35.799,1624.115555555556
Pulse experiments,pioreactor01,2026-09-05T02:28:40.799Z,4.847733880012,2026-09-05 08:13:40.799,1624.116944444444
Pulse experiments,pioreactor01,2026-09-05T02:28:45.799Z,4.848820123912,2026-09-05 08:13:45.799,1624.118333333333
Pulse experiments,pioreactor01,2026-09-05T02:28:50.799Z,4.849920257466,2026-09-05 08:13:50.799,1624.119722222222
Pulse experiments,pioreactor01,2026-09-05T02:28:55.800Z,4.850895412947,2026-09-05 08:13:55.800,1624.121111111111
Pulse experiments,pioreactor01,2026-09-05T02:29:00.798Z,4.851876964955,2026-09-05 08:14:00.798,1624.1225
Pulse experiments,pioreactor01,2026-09-05T02:29:05.799Z,4.852817998745,2026-09-05 08:14:05.799,1624.123888888889
Pulse experiments,pioreactor01,2026-09-05T02:29:10.799Z,4.85377835584,2026-09-05 08:14:10.799,1624.125277777778
Pulse experiments,pioreactor01,2026-09-05T02:29:15.798Z,4.854848129811,2026-09-05 08:14:15.798,1624.126666666667
Pulse experiments,pioreactor01,2026-09-05T02:29:20.800Z,4.855836750329,2026-09-05 08:14:20.800,1624.128055555556
Pulse experiments,pioreactor01,2026-09-05T02:29:25.798Z,4.856806345497,2026-09-05 08:14:25.798,1624.129444444445
Pulse experiments,pioreactor01,2026-09-05T02:29:30.799Z,4.857626470525,2026-09-05 08:14:30.799,1624.130833333333
Pulse experiments,pioreactor01,2026-09-05T02:29:35.800Z,4.858529044382,2026-09-05 08:14:35.800,1624.132222222222
Pulse experiments,pioreactor01,2026-09-05T02:29:40.798Z,4.859457834189,2026-09-05 08:14:40.798,1624.133611111111
Pulse experiments,pioreactor01,2026-09-05T02:29:45.798Z,4.860455607559,2026-09-05 08:14:45.798,1624.135
Pulse experiments,pioreactor01,2026-09-05T02:29:50.799Z,4.861337850362,2026-09-05 08:14:50.799,1624.136388888889
Pulse experiments,pioreactor01,2026-09-05T02:29:55.798Z,4.862167340744,2026-09-05 08:14:55.798,1624.137777777778
Pulse experiments,pioreactor01,2026-09-05T02:30:00.798Z,4.862891812015,2026-09-05 08:15:00.798,1624.139166666667
Pulse experiments,pioreactor01,2026-09-05T02:30:10.799Z,4.864404932152,2026-09-05 08:15:10.799,1624.141944444444
Pulse experiments,pioreactor01,2026-09-05T02:30:15.798Z,4.865189607739,2026-09-05 08:15:15.798,1624.143333333333
Pulse experiments,pioreactor01,2026-09-05T02:30:20.799Z,4.865907614618,2026-09-05 08:15:20.799,1624.144722222222
Pulse experiments,pioreactor01,2026-09-05T02:30:25.798Z,4.866687850852,2026-09-05 08:15:25.798,1624.146111111111
Pulse experiments,pioreactor01,2026-09-05T02:30:35.799Z,4.868268547099,2026-09-05 08:15:35.799,1624.148888888889
Pulse experiments,pioreactor01,2026-09-05T02:30:40.799Z,4.869148859603,2026-09-05 08:15:40.799,1624.150277777778
Pulse experiments,pioreactor01,2026-09-05T02:30:45.800Z,4.870861564638,2026-09-05 08:15:45.800,1624.151666666667
Pulse experiments,pioreactor01,2026-09-05T02:30:50.805Z,4.87278568138,2026-09-05 08:15:50.805,1624.153055555556
Pulse experiments,pioreactor01,2026-09-05T02:30:55.800Z,4.87551299544,2026-09-05 08:15:55.800,1624.154444444444
Pulse experiments,pioreactor01,2026-09-05T02:31:00.799Z,4.877276134296,2026-09-05 08:16:00.799,1624.155833333333
Pulse experiments,pioreactor01,2026-09-05T02:31:05.798Z,4.878865133076,2026-09-05 08:16:05.798,1624.157222222222
Pulse experiments,pioreactor01,2026-09-05T02:31:10.799Z,4.880379906427,2026-09-05 08:16:10.799,1624.158611111111
Pulse experiments,pioreactor01,2026-09-05T02:31:15.802Z,4.881919910433,2026-09-05 08:16:15.802,1624.16
Pulse experiments,pioreactor01,2026-09-05T02:31:20.799Z,4.883413228538,2026-09-05 08:16:20.799,1624.161388888889
Pulse experiments,pioreactor01,2026-09-05T02:31:25.812Z,4.884905586259,2026-09-05 08:16:25.812,1624.162777777778
Pulse experiments,pioreactor01,2026-09-05T02:31:30.799Z,4.886432384305,2026-09-05 08:16:30.799,1624.164166666667
Pulse experiments,pioreactor01,2026-09-05T02:31:35.798Z,4.88784588945,2026-09-05 08:16:35.798,1624.165555555556
Pulse experiments,pioreactor01,2026-09-05T02:31:40.799Z,4.889318019312,2026-09-05 08:16:40.799,1624.166944444444
Pulse experiments,pioreactor01,2026-09-05T02:31:45.799Z,4.890835684142,2026-09-05 08:16:45.799,1624.168333333333
Pulse experiments,pioreactor01,2026-09-05T02:31:50.798Z,4.89228797565,2026-09-05 08:16:50.798,1624.169722222222
Pulse experiments,pioreactor01,2026-09-05T02:31:55.798Z,4.893646838178,2026-09-05 08:16:55.798,1624.171111111111
Pulse experiments,pioreactor01,2026-09-05T02:32:00.799Z,4.894962746319,2026-09-05 08:17:00.799,1624.1725
Pulse experiments,pioreactor01,2026-09-05T02:32:05.800Z,4.896442761222,2026-09-05 08:17:05.800,1624.173888888889
Pulse experiments,pioreactor01,2026-09-05T02:32:10.800Z,4.897868045035,2026-09-05 08:17:10.800,1624.175277777778
Pulse experiments,pioreactor01,2026-09-05T02:32:15.798Z,4.899335864635,2026-09-05 08:17:15.798,1624.176666666667
Pulse experiments,pioreactor01,2026-09-05T02:32:20.800Z,4.900773518307,2026-09-05 08:17:20.800,1624.178055555556
Pulse experiments,pioreactor01,2026-09-05T02:32:25.798Z,4.902161557513,2026-09-05 08:17:25.798,1624.179444444444
Pulse experiments,pioreactor01,2026-09-05T02:32:30.801Z,4.903493105286,2026-09-05 08:17:30.801,1624.180833333333
Pulse experiments,pioreactor01,2026-09-05T02:32:35.802Z,4.90492895927,2026-09-05 08:17:35.802,1624.182222222222
Pulse experiments,pioreactor01,2026-09-05T02:32:40.800Z,4.906319455979,2026-09-05 08:17:40.800,1624.183611111111
Pulse experiments,pioreactor01,2026-09-05T02:32:45.799Z,4.907668273667,2026-09-05 08:17:45.799,1624.185
Pulse experiments,pioreactor01,2026-09-05T02:32:50.800Z,4.909053650076,2026-09-05 08:17:50.800,1624.186388888889
Pulse experiments,pioreactor01,2026-09-05T02:32:55.799Z,4.910340587652,2026-09-05 08:17:55.799,1624.187777777778
Pulse experiments,pioreactor01,2026-09-05T02:33:00.799Z,4.911668371854,2026-09-05 08:18:00.799,1624.189166666667
Pulse experiments,pioreactor01,2026-09-05T02:33:05.799Z,4.912994413243,2026-09-05 08:18:05.799,1624.190555555556
Pulse experiments,pioreactor01,2026-09-05T02:33:10.800Z,4.914357428476,2026-09-05 08:18:10.800,1624.191944444445
Pulse experiments,pioreactor01,2026-09-05T02:33:15.799Z,4.915711950421,2026-09-05 08:18:15.799,1624.193333333333
Pulse experiments,pioreactor01,2026-09-05T02:33:20.800Z,4.916966004523,2026-09-05 08:18:20.800,1624.194722222222
Pulse experiments,pioreactor01,2026-09-05T02:33:25.799Z,4.918253757115,2026-09-05 08:18:25.799,1624.196111111111
Pulse experiments,pioreactor01,2026-09-05T02:33:30.800Z,4.919573366988,2026-09-05 08:18:30.800,1624.1975
Pulse experiments,pioreactor01,2026-09-05T02:33:35.801Z,4.920833573112,2026-09-05 08:18:35.801,1624.198888888889
Pulse experiments,pioreactor01,2026-09-05T02:33:40.800Z,4.922116988099,2026-09-05 08:18:40.800,1624.200277777778
Pulse experiments,pioreactor01,2026-09-05T02:33:45.798Z,4.923402924297,2026-09-05 08:18:45.798,1624.201666666667
Pulse experiments,pioreactor01,2026-09-05T02:33:50.799Z,4.924647187488,2026-09-05 08:18:50.799,1624.203055555555
Pulse experiments,pioreactor01,2026-09-05T02:33:55.798Z,4.92593882507,2026-09-05 08:18:55.798,1624.204444444444
Pulse experiments,pioreactor01,2026-09-05T02:34:00.800Z,4.927206725798,2026-09-05 08:19:00.800,1624.205833333333
Pulse experiments,pioreactor01,2026-09-05T02:34:05.800Z,4.928467158158,2026-09-05 08:19:05.800,1624.207222222222
Pulse experiments,pioreactor01,2026-09-05T02:34:10.799Z,4.929722153925,2026-09-05 08:19:10.799,1624.208611111111
Pulse experiments,pioreactor01,2026-09-05T02:34:15.799Z,4.930888669951,2026-09-05 08:19:15.799,1624.21
Pulse experiments,pioreactor01,2026-09-05T02:34:20.802Z,4.932068381911,2026-09-05 08:19:20.802,1624.211388888889
Pulse experiments,pioreactor01,2026-09-05T02:34:25.799Z,4.933379940433,2026-09-05 08:19:25.799,1624.212777777778
Pulse experiments,pioreactor01,2026-09-05T02:34:30.800Z,4.934568327199,2026-09-05 08:19:30.800,1624.214166666667
Pulse experiments,pioreactor01,2026-09-05T02:34:35.799Z,4.935784311183,2026-09-05 08:19:35.799,1624.215555555556
Pulse experiments,pioreactor01,2026-09-05T02:34:40.799Z,4.936912925905,2026-09-05 08:19:40.799,1624.216944444444
Pulse experiments,pioreactor01,2026-09-05T02:34:45.798Z,4.93801254983,2026-09-05 08:19:45.798,1624.218333333333
Pulse experiments,pioreactor01,2026-09-05T02:34:55.800Z,4.940113960061,2026-09-05 08:19:55.800,1624.221111111111
Pulse experiments,pioreactor01,2026-09-05T02:35:00.798Z,4.941358034349,2026-09-05 08:20:00.798,1624.2225
Pulse experiments,pioreactor01,2026-09-05T02:35:05.800Z,4.942482009902,2026-09-05 08:20:05.800,1624.223888888889
Pulse experiments,pioreactor01,2026-09-05T02:35:10.799Z,4.943578634108,2026-09-05 08:20:10.799,1624.225277777778
Pulse experiments,pioreactor01,2026-09-05T02:35:15.800Z,4.944774194737,2026-09-05 08:20:15.800,1624.226666666667
Pulse experiments,pioreactor01,2026-09-05T02:35:20.800Z,4.945866272083,2026-09-05 08:20:20.800,1624.228055555556
Pulse experiments,pioreactor01,2026-09-05T02:35:25.799Z,4.946932526534,2026-09-05 08:20:25.799,1624.229444444444
Pulse experiments,pioreactor01,2026-09-05T02:35:30.799Z,4.948085253022,2026-09-05 08:20:30.799,1624.230833333333
Pulse experiments,pioreactor01,2026-09-05T02:35:35.798Z,4.949258351132,2026-09-05 08:20:35.798,1624.232222222222
Pulse experiments,pioreactor01,2026-09-05T02:35:40.801Z,4.950287910177,2026-09-05 08:20:40.801,1624.233611111111
Pulse experiments,pioreactor01,2026-09-05T02:35:45.800Z,4.951392458389,2026-09-05 08:20:45.800,1624.235
Pulse experiments,pioreactor01,2026-09-05T02:35:50.802Z,4.952317989165,2026-09-05 08:20:50.802,1624.236388888889
Pulse experiments,pioreactor01,2026-09-05T02:35:55.798Z,4.953332156048,2026-09-05 08:20:55.798,1624.237777777778
Pulse experiments,pioreactor01,2026-09-05T02:36:00.798Z,4.954288961904,2026-09-05 08:21:00.798,1624.239166666667
Pulse experiments,pioreactor01,2026-09-05T02:36:05.802Z,4.95518453529,2026-09-05 08:21:05.802,1624.240555555556
Pulse experiments,pioreactor01,2026-09-05T02:36:10.799Z,4.956179266451,2026-09-05 08:21:10.799,1624.241944444444
Pulse experiments,pioreactor01,2026-09-05T02:36:15.799Z,4.957230004951,2026-09-05 08:21:15.799,1624.243333333333
Pulse experiments,pioreactor01,2026-09-05T02:36:20.804Z,4.958337234651,2026-09-05 08:21:20.804,1624.244722222222
Pulse experiments,pioreactor01,2026-09-05T02:36:25.798Z,4.95939276776,2026-09-05 08:21:25.798,1624.246111111111
Pulse experiments,pioreactor01,2026-09-05T02:36:30.801Z,4.96039006148,2026-09-05 08:21:30.801,1624.2475
Pulse experiments,pioreactor01,2026-09-05T02:36:35.799Z,4.961311923851,2026-09-05 08:21:35.799,1624.248888888889
Pulse experiments,pioreactor01,2026-09-05T02:36:40.801Z,4.962145533943,2026-09-05 08:21:40.801,1624.250277777778
Pulse experiments,pioreactor01,2026-09-05T02:36:45.800Z,4.963092313402,2026-09-05 08:21:45.800,1624.251666666667
Pulse experiments,pioreactor01,2026-09-05T02:36:50.801Z,4.964087919102,2026-09-05 08:21:50.801,1624.253055555556
Pulse experiments,pioreactor01,2026-09-05T02:36:55.799Z,4.964957967201,2026-09-05 08:21:55.799,1624.254444444445
Pulse experiments,pioreactor01,2026-09-05T02:37:00.799Z,4.965836838553,2026-09-05 08:22:00.799,1624.255833333333
Pulse experiments,pioreactor01,2026-09-05T02:37:05.799Z,4.966715877672,2026-09-05 08:22:05.799,1624.257222222222
Pulse experiments,pioreactor01,2026-09-05T02:37:10.800Z,4.967652727186,2026-09-05 08:22:10.800,1624.258611111111
Pulse experiments,pioreactor01,2026-09-05T02:37:15.800Z,4.96854867924,2026-09-05 08:22:15.800,1624.26
Pulse experiments,pioreactor01,2026-09-05T02:37:20.804Z,4.969448308765,2026-09-05 08:22:20.804,1624.261388888889
Pulse experiments,pioreactor01,2026-09-05T02:37:25.800Z,4.970361552532,2026-09-05 08:22:25.800,1624.262777777778
Pulse experiments,pioreactor01,2026-09-05T02:37:30.800Z,4.971210075857,2026-09-05 08:22:30.800,1624.264166666667
Pulse experiments,pioreactor01,2026-09-05T02:37:35.799Z,4.972150888426,2026-09-05 08:22:35.799,1624.265555555555
Pulse experiments,pioreactor01,2026-09-05T02:37:40.799Z,4.97307185831,2026-09-05 08:22:40.799,1624.266944444444
Pulse experiments,pioreactor01,2026-09-05T02:37:45.798Z,4.973894683239,2026-09-05 08:22:45.798,1624.268333333333
Pulse experiments,pioreactor01,2026-09-05T02:37:50.800Z,4.974641153231,2026-09-05 08:22:50.800,1624.269722222222
Pulse experiments,pioreactor01,2026-09-05T02:37:55.799Z,4.975549422963,2026-09-05 08:22:55.799,1624.271111111111
Pulse experiments,pioreactor01,2026-09-05T02:38:00.799Z,4.976348872504,2026-09-05 08:23:00.799,1624.2725
Pulse experiments,pioreactor01,2026-09-05T02:38:05.800Z,4.977158086127,2026-09-05 08:23:05.800,1624.273888888889
Pulse experiments,pioreactor01,2026-09-05T02:38:10.799Z,4.978005502095,2026-09-05 08:23:10.799,1624.275277777778
Pulse experiments,pioreactor01,2026-09-05T02:38:15.802Z,4.978779212165,2026-09-05 08:23:15.802,1624.276666666667
Pulse experiments,pioreactor01,2026-09-05T02:38:20.800Z,4.979547685607,2026-09-05 08:23:20.800,1624.278055555556
Pulse experiments,pioreactor01,2026-09-05T02:38:25.798Z,4.980263921537,2026-09-05 08:23:25.798,1624.279444444444
Pulse experiments,pioreactor01,2026-09-05T02:38:30.802Z,4.981008560167,2026-09-05 08:23:30.802,1624.280833333333
Pulse experiments,pioreactor01,2026-09-05T02:38:35.800Z,4.981783622695,2026-09-05 08:23:35.800,1624.282222222222
Pulse experiments,pioreactor01,2026-09-05T02:38:40.800Z,4.982586981742,2026-09-05 08:23:40.800,1624.283611111111
Pulse experiments,pioreactor01,2026-09-05T02:38:45.800Z,4.983377809107,2026-09-05 08:23:45.800,1624.285
Pulse experiments,pioreactor01,2026-09-05T02:38:50.800Z,4.984247950632,2026-09-05 08:23:50.800,1624.286388888889
Pulse experiments,pioreactor01,2026-09-05T02:38:55.799Z,4.985022122461,2026-09-05 08:23:55.799,1624.287777777778
Pulse experiments,pioreactor01,2026-09-05T02:39:00.799Z,4.985792464866,2026-09-05 08:24:00.799,1624.289166666667
Pulse experiments,pioreactor01,2026-09-05T02:39:05.801Z,4.986548361308,2026-09-05 08:24:05.801,1624.290555555556
Pulse experiments,pioreactor01,2026-09-05T02:39:10.799Z,4.987251951962,2026-09-05 08:24:10.799,1624.291944444444
Pulse experiments,pioreactor01,2026-09-05T02:39:15.799Z,4.987910353707,2026-09-05 08:24:15.799,1624.293333333333
Pulse experiments,pioreactor01,2026-09-05T02:39:20.805Z,4.988608406051,2026-09-05 08:24:20.805,1624.294722222222
Pulse experiments,pioreactor01,2026-09-05T02:39:25.799Z,4.989330319206,2026-09-05 08:24:25.799,1624.296111111111
Pulse experiments,pioreactor01,2026-09-05T02:39:30.799Z,4.990019505283,2026-09-05 08:24:30.799,1624.2975
Pulse experiments,pioreactor01,2026-09-05T02:39:35.801Z,4.990749668045,2026-09-05 08:24:35.801,1624.298888888889
Pulse experiments,pioreactor01,2026-09-05T02:39:40.799Z,4.991416736776,2026-09-05 08:24:40.799,1624.300277777778
Pulse experiments,pioreactor01,2026-09-05T02:39:45.799Z,4.992154420739,2026-09-05 08:24:45.799,1624.301666666667
Pulse experiments,pioreactor01,2026-09-05T02:39:50.803Z,4.992964601067,2026-09-05 08:24:50.803,1624.303055555556
Pulse experiments,pioreactor01,2026-09-05T02:39:55.799Z,4.993721774322,2026-09-05 08:24:55.799,1624.304444444444
Pulse experiments,pioreactor01,2026-09-05T02:40:00.798Z,4.99452906731,2026-09-05 08:25:00.798,1624.305833333333
Pulse experiments,pioreactor01,2026-09-05T02:40:05.799Z,4.99531280245,2026-09-05 08:25:05.799,1624.307222222222
Pulse experiments,pioreactor01,2026-09-05T02:40:10.799Z,4.996009507902,2026-09-05 08:25:10.799,1624.308611111111
Pulse experiments,pioreactor01,2026-09-05T02:40:15.799Z,4.996651047768,2026-09-05 08:25:15.799,1624.31
Pulse experiments,pioreactor01,2026-09-05T02:40:20.802Z,4.997344818853,2026-09-05 08:25:20.802,1624.311388888889
Pulse experiments,pioreactor01,2026-09-05T02:40:25.801Z,4.998011716027,2026-09-05 08:25:25.801,1624.312777777778
Pulse experiments,pioreactor01,2026-09-05T02:40:30.799Z,4.998702928881,2026-09-05 08:25:30.799,1624.314166666667
Pulse experiments,pioreactor01,2026-09-05T02:40:35.798Z,4.999305922004,2026-09-05 08:25:35.798,1624.315555555556
Pulse experiments,pioreactor01,2026-09-05T02:40:40.801Z,4.999962413927,2026-09-05 08:25:40.801,1624.316944444445
Pulse experiments,pioreactor01,2026-09-05T02:40:45.799Z,5.000570716616,2026-09-05 08:25:45.799,1624.318333333333
Pulse experiments,pioreactor01,2026-09-05T02:40:50.805Z,5.001188046891,2026-09-05 08:25:50.805,1624.319722222222
Pulse experiments,pioreactor01,2026-09-05T02:40:55.799Z,5.001840270657,2026-09-05 08:25:55.799,1624.321111111111
Pulse experiments,pioreactor01,2026-09-05T02:41:00.799Z,5.002489844859,2026-09-05 08:26:00.799,1624.3225
Pulse experiments,pioreactor01,2026-09-05T02:41:05.798Z,5.003081371866,2026-09-05 08:26:05.798,1624.323888888889
Pulse experiments,pioreactor01,2026-09-05T02:41:10.798Z,5.003665847003,2026-09-05 08:26:10.798,1624.325277777778
Pulse experiments,pioreactor01,2026-09-05T02:41:15.799Z,5.004161626467,2026-09-05 08:26:15.799,1624.326666666667
Pulse experiments,pioreactor01,2026-09-05T02:41:20.800Z,5.004739706712,2026-09-05 08:26:20.800,1624.328055555555
Pulse experiments,pioreactor01,2026-09-05T02:41:25.800Z,5.005256278581,2026-09-05 08:26:25.800,1624.329444444444
Pulse experiments,pioreactor01,2026-09-05T02:41:30.799Z,5.005780382602,2026-09-05 08:26:30.799,1624.330833333333
Pulse experiments,pioreactor01,2026-09-05T02:41:40.798Z,5.007321392282,2026-09-05 08:26:40.798,1624.333611111111
Pulse experiments,pioreactor01,2026-09-05T02:41:45.799Z,5.007879944885,2026-09-05 08:26:45.799,1624.335
Pulse experiments,pioreactor01,2026-09-05T02:41:50.799Z,5.008423202687,2026-09-05 08:26:50.799,1624.336388888889
Pulse experiments,pioreactor01,2026-09-05T02:41:55.799Z,5.008932256322,2026-09-05 08:26:55.799,1624.337777777778
Pulse experiments,pioreactor01,2026-09-05T02:42:00.799Z,5.009504729469,2026-09-05 08:27:00.799,1624.339166666667
Pulse experiments,pioreactor01,2026-09-05T02:42:05.798Z,5.009955676542,2026-09-05 08:27:05.798,1624.340555555556
Pulse experiments,pioreactor01,2026-09-05T02:42:10.798Z,5.010491116299,2026-09-05 08:27:10.798,1624.341944444444
Pulse experiments,pioreactor01,2026-09-05T02:42:15.799Z,5.011120255961,2026-09-05 08:27:15.799,1624.343333333333
Pulse experiments,pioreactor01,2026-09-05T02:42:20.801Z,5.011648375102,2026-09-05 08:27:20.801,1624.344722222222
Pulse experiments,pioreactor01,2026-09-05T02:42:25.798Z,5.01219324727,2026-09-05 08:27:25.798,1624.346111111111
Pulse experiments,pioreactor01,2026-09-05T02:42:30.799Z,5.012739521205,2026-09-05 08:27:30.799,1624.3475
Pulse experiments,pioreactor01,2026-09-05T02:42:35.800Z,5.013222984731,2026-09-05 08:27:35.800,1624.348888888889
Pulse experiments,pioreactor01,2026-09-05T02:42:40.800Z,5.013726173862,2026-09-05 08:27:40.800,1624.350277777778
Pulse experiments,pioreactor01,2026-09-05T02:42:45.799Z,5.014342021979,2026-09-05 08:27:45.799,1624.351666666667
Pulse experiments,pioreactor01,2026-09-05T02:42:55.798Z,5.015796598405,2026-09-05 08:27:55.798,1624.354444444444
Pulse experiments,pioreactor01,2026-09-05T02:43:00.799Z,5.016369835394,2026-09-05 08:28:00.799,1624.355833333333
Pulse experiments,pioreactor01,2026-09-05T02:43:05.799Z,5.016913504709,2026-09-05 08:28:05.799,1624.357222222222
Pulse experiments,pioreactor01,2026-09-05T02:43:10.799Z,5.017383501895,2026-09-05 08:28:10.799,1624.358611111111
Pulse experiments,pioreactor01,2026-09-05T02:43:15.799Z,5.017990998072,2026-09-05 08:28:15.799,1624.36
Pulse experiments,pioreactor01,2026-09-05T02:43:20.806Z,5.018477557459,2026-09-05 08:28:20.806,1624.361388888889
Pulse experiments,pioreactor01,2026-09-05T02:43:25.798Z,5.019019222241,2026-09-05 08:28:25.798,1624.362777777778
Pulse experiments,pioreactor01,2026-09-05T02:43:30.800Z,5.019565531588,2026-09-05 08:28:30.800,1624.364166666667
Pulse experiments,pioreactor01,2026-09-05T02:43:35.799Z,5.020037885164,2026-09-05 08:28:35.799,1624.365555555556
Pulse experiments,pioreactor01,2026-09-05T02:43:40.800Z,5.020491984732,2026-09-05 08:28:40.800,1624.366944444444
Pulse experiments,pioreactor01,2026-09-05T02:43:45.800Z,5.020900516531,2026-09-05 08:28:45.800,1624.368333333333
Pulse experiments,pioreactor01,2026-09-05T02:43:50.800Z,5.021303907601,2026-09-05 08:28:50.800,1624.369722222222
Pulse experiments,pioreactor01,2026-09-05T02:43:55.799Z,5.021708010933,2026-09-05 08:28:55.799,1624.371111111111
Pulse experiments,pioreactor01,2026-09-05T02:44:00.799Z,5.02217817416,2026-09-05 08:29:00.799,1624.3725
Pulse experiments,pioreactor01,2026-09-05T02:44:05.799Z,5.022514638882,2026-09-05 08:29:05.799,1624.373888888889
Pulse experiments,pioreactor01,2026-09-05T02:44:10.800Z,5.023003059076,2026-09-05 08:29:10.800,1624.375277777778
Pulse experiments,pioreactor01,2026-09-05T02:44:15.798Z,5.023463057223,2026-09-05 08:29:15.798,1624.376666666667
Pulse experiments,pioreactor01,2026-09-05T02:44:20.802Z,5.023908735492,2026-09-05 08:29:20.802,1624.378055555556
Pulse experiments,pioreactor01,2026-09-05T02:44:25.800Z,5.024321620011,2026-09-05 08:29:25.800,1624.379444444445
Pulse experiments,pioreactor01,2026-09-05T02:44:30.799Z,5.024740652995,2026-09-05 08:29:30.799,1624.380833333333
Pulse experiments,pioreactor01,2026-09-05T02:44:35.801Z,5.025195505371,2026-09-05 08:29:35.801,1624.382222222222
Pulse experiments,pioreactor01,2026-09-05T02:44:40.799Z,5.025629024792,2026-09-05 08:29:40.799,1624.383611111111
Pulse experiments,pioreactor01,2026-09-05T02:44:45.798Z,5.026106066761,2026-09-05 08:29:45.798,1624.385
Pulse experiments,pioreactor01,2026-09-05T02:44:50.802Z,5.026531034815,2026-09-05 08:29:50.802,1624.386388888889
Pulse experiments,pioreactor01,2026-09-05T02:44:55.798Z,5.027003685997,2026-09-05 08:29:55.798,1624.387777777778
Pulse experiments,pioreactor01,2026-09-05T02:45:00.800Z,5.027518050158,2026-09-05 08:30:00.800,1624.389166666667
Pulse experiments,pioreactor01,2026-09-05T02:45:05.799Z,5.027987909786,2026-09-05 08:30:05.799,1624.390555555555
Pulse experiments,pioreactor01,2026-09-05T02:45:10.799Z,5.028417725256,2026-09-05 08:30:10.799,1624.391944444444
Pulse experiments,pioreactor01,2026-09-05T02:45:15.799Z,5.028925700764,2026-09-05 08:30:15.799,1624.393333333333
Pulse experiments,pioreactor01,2026-09-05T02:45:20.801Z,5.029407697256,2026-09-05 08:30:20.801,1624.394722222222
Pulse experiments,pioreactor01,2026-09-05T02:45:25.799Z,5.029835559677,2026-09-05 08:30:25.799,1624.396111111111
Pulse experiments,pioreactor01,2026-09-05T02:45:30.799Z,5.030239800987,2026-09-05 08:30:30.799,1624.3975
Pulse experiments,pioreactor01,2026-09-05T02:45:35.800Z,5.030566364744,2026-09-05 08:30:35.800,1624.398888888889
Pulse experiments,pioreactor01,2026-09-05T02:45:40.799Z,5.030974086509,2026-09-05 08:30:40.799,1624.400277777778
Pulse experiments,pioreactor01,2026-09-05T02:45:45.800Z,5.031412453256,2026-09-05 08:30:45.800,1624.401666666667
Pulse experiments,pioreactor01,2026-09-05T02:45:50.802Z,5.031821954168,2026-09-05 08:30:50.802,1624.403055555556
Pulse experiments,pioreactor01,2026-09-05T02:46:00.799Z,5.033020371228,2026-09-05 08:31:00.799,1624.405833333333
Pulse experiments,pioreactor01,2026-09-05T02:46:05.798Z,5.033364189919,2026-09-05 08:31:05.798,1624.407222222222
Pulse experiments,pioreactor01,2026-09-05T02:46:10.799Z,5.033833332444,2026-09-05 08:31:10.799,1624.408611111111
Pulse experiments,pioreactor01,2026-09-05T02:46:15.799Z,5.034155744336,2026-09-05 08:31:15.799,1624.41
Pulse experiments,pioreactor01,2026-09-05T02:46:20.800Z,5.034539965233,2026-09-05 08:31:20.800,1624.411388888889
Pulse experiments,pioreactor01,2026-09-05T02:46:25.799Z,5.034798467458,2026-09-05 08:31:25.799,1624.412777777778
Pulse experiments,pioreactor01,2026-09-05T02:46:30.798Z,5.035157961192,2026-09-05 08:31:30.798,1624.414166666667
Pulse experiments,pioreactor01,2026-09-05T02:46:40.802Z,5.036379845166,2026-09-05 08:31:40.802,1624.416944444444
Pulse experiments,pioreactor01,2026-09-05T02:46:45.801Z,5.036616710719,2026-09-05 08:31:45.801,1624.418333333333
Pulse experiments,pioreactor01,2026-09-05T02:46:50.804Z,5.036951740974,2026-09-05 08:31:50.804,1624.419722222222
Pulse experiments,pioreactor01,2026-09-05T02:46:55.799Z,5.037209706832,2026-09-05 08:31:55.799,1624.421111111111
Pulse experiments,pioreactor01,2026-09-05T02:47:00.799Z,5.03745622861,2026-09-05 08:32:00.799,1624.4225
Pulse experiments,pioreactor01,2026-09-05T02:47:05.798Z,5.037756568575,2026-09-05 08:32:05.798,1624.423888888889
Pulse experiments,pioreactor01,2026-09-05T02:47:10.798Z,5.038150841279,2026-09-05 08:32:10.798,1624.425277777778
Pulse experiments,pioreactor01,2026-09-05T02:47:15.799Z,5.0384067377,2026-09-05 08:32:15.799,1624.426666666667
Pulse experiments,pioreactor01,2026-09-05T02:47:20.803Z,5.038649580725,2026-09-05 08:32:20.803,1624.428055555556
Pulse experiments,pioreactor01,2026-09-05T02:47:25.798Z,5.038919314548,2026-09-05 08:32:25.798,1624.429444444444
Pulse experiments,pioreactor01,2026-09-05T02:47:30.798Z,5.039206319883,2026-09-05 08:32:30.798,1624.430833333333
Pulse experiments,pioreactor01,2026-09-05T02:47:35.798Z,5.039514875784,2026-09-05 08:32:35.798,1624.432222222222
Pulse experiments,pioreactor01,2026-09-05T02:47:40.799Z,5.03975486509,2026-09-05 08:32:40.799,1624.433611111111
Pulse experiments,pioreactor01,2026-09-05T02:47:45.799Z,5.040054222116,2026-09-05 08:32:45.799,1624.435
Pulse experiments,pioreactor01,2026-09-05T02:47:50.801Z,5.040304321504,2026-09-05 08:32:50.801,1624.436388888889
Pulse experiments,pioreactor01,2026-09-05T02:47:55.800Z,5.040513739662,2026-09-05 08:32:55.800,1624.437777777778
Pulse experiments,pioreactor01,2026-09-05T02:48:00.799Z,5.040876536478,2026-09-05 08:33:00.799,1624.439166666667
Pulse experiments,pioreactor01,2026-09-05T02:48:05.798Z,5.041227104488,2026-09-05 08:33:05.798,1624.440555555556
Pulse experiments,pioreactor01,2026-09-05T02:48:10.799Z,5.041464404309,2026-09-05 08:33:10.799,1624.441944444445
Pulse experiments,pioreactor01,2026-09-05T02:48:15.798Z,5.041643483536,2026-09-05 08:33:15.798,1624.443333333333
Pulse experiments,pioreactor01,2026-09-05T02:48:20.801Z,5.041946617952,2026-09-05 08:33:20.801,1624.444722222222
Pulse experiments,pioreactor01,2026-09-05T02:48:25.799Z,5.042291984823,2026-09-05 08:33:25.799,1624.446111111111
Pulse experiments,pioreactor01,2026-09-05T02:48:30.798Z,5.042612906308,2026-09-05 08:33:30.798,1624.4475
Pulse experiments,pioreactor01,2026-09-05T02:48:35.800Z,5.042818529952,2026-09-05 08:33:35.800,1624.448888888889
Pulse experiments,pioreactor01,2026-09-05T02:48:40.800Z,5.04309050266,2026-09-05 08:33:40.800,1624.450277777778
Pulse experiments,pioreactor01,2026-09-05T02:48:45.799Z,5.043242444883,2026-09-05 08:33:45.799,1624.451666666667
Pulse experiments,pioreactor01,2026-09-05T02:48:50.802Z,5.043526502712,2026-09-05 08:33:50.802,1624.453055555555
Pulse experiments,pioreactor01,2026-09-05T02:48:55.799Z,5.043791626121,2026-09-05 08:33:55.799,1624.454444444444
Pulse experiments,pioreactor01,2026-09-05T02:49:00.800Z,5.044027281821,2026-09-05 08:34:00.800,1624.455833333333
Pulse experiments,pioreactor01,2026-09-05T02:49:05.798Z,5.044296770527,2026-09-05 08:34:05.798,1624.457222222222
Pulse experiments,pioreactor01,2026-09-05T02:49:10.799Z,5.044475034359,2026-09-05 08:34:10.799,1624.458611111111
Pulse experiments,pioreactor01,2026-09-05T02:49:15.799Z,5.044577687021,2026-09-05 08:34:15.799,1624.46
Pulse experiments,pioreactor01,2026-09-05T02:49:20.801Z,5.044653155471,2026-09-05 08:34:20.801,1624.461388888889
Pulse experiments,pioreactor01,2026-09-05T02:49:25.799Z,5.044883513674,2026-09-05 08:34:25.799,1624.462777777778
Pulse experiments,pioreactor01,2026-09-05T02:49:30.800Z,5.045073600186,2026-09-05 08:34:30.800,1624.464166666667
Pulse experiments,pioreactor01,2026-09-05T02:49:35.800Z,5.045331622608,2026-09-05 08:34:35.800,1624.465555555556
Pulse experiments,pioreactor01,2026-09-05T02:49:40.799Z,5.045484076626,2026-09-05 08:34:40.799,1624.466944444444
Pulse experiments,pioreactor01,2026-09-05T02:49:45.799Z,5.045616538793,2026-09-05 08:34:45.799,1624.468333333333
Pulse experiments,pioreactor01,2026-09-05T02:49:50.802Z,5.045828004509,2026-09-05 08:34:50.802,1624.469722222222
Pulse experiments,pioreactor01,2026-09-05T02:49:55.799Z,5.04604369454,2026-09-05 08:34:55.799,1624.471111111111
Pulse experiments,pioreactor01,2026-09-05T02:50:00.799Z,5.046225296105,2026-09-05 08:35:00.799,1624.4725
Pulse experiments,pioreactor01,2026-09-05T02:50:05.799Z,5.046402932228,2026-09-05 08:35:05.799,1624.473888888889
Pulse experiments,pioreactor01,2026-09-05T02:50:10.799Z,5.046504420563,2026-09-05 08:35:10.799,1624.475277777778
Pulse experiments,pioreactor01,2026-09-05T02:50:15.800Z,5.046662378101,2026-09-05 08:35:15.800,1624.476666666667
Pulse experiments,pioreactor01,2026-09-05T02:50:20.803Z,5.046856206836,2026-09-05 08:35:20.803,1624.478055555556
Pulse experiments,pioreactor01,2026-09-05T02:50:30.799Z,5.047795038113,2026-09-05 08:35:30.799,1624.480833333333
Pulse experiments,pioreactor01,2026-09-05T02:50:35.799Z,5.047878039962,2026-09-05 08:35:35.799,1624.482222222222
Pulse experiments,pioreactor01,2026-09-05T02:50:40.799Z,5.0478986957,2026-09-05 08:35:40.799,1624.483611111111
Pulse experiments,pioreactor01,2026-09-05T02:50:45.799Z,5.048043952241,2026-09-05 08:35:45.799,1624.485
Pulse experiments,pioreactor01,2026-09-05T02:50:50.803Z,5.048204089465,2026-09-05 08:35:50.803,1624.486388888889
Pulse experiments,pioreactor01,2026-09-05T02:50:55.799Z,5.048455223722,2026-09-05 08:35:55.799,1624.487777777778
Pulse experiments,pioreactor01,2026-09-05T02:51:00.799Z,5.048657177997,2026-09-05 08:36:00.799,1624.489166666667
Pulse experiments,pioreactor01,2026-09-05T02:51:05.799Z,5.048756003406,2026-09-05 08:36:05.799,1624.490555555556
Pulse experiments,pioreactor01,2026-09-05T02:51:10.798Z,5.048915757975,2026-09-05 08:36:10.798,1624.491944444444
Pulse experiments,pioreactor01,2026-09-05T02:51:15.799Z,5.048921660657,2026-09-05 08:36:15.799,1624.493333333333
Pulse experiments,pioreactor01,2026-09-05T02:51:20.801Z,5.049031873139,2026-09-05 08:36:20.801,1624.494722222222
Pulse experiments,pioreactor01,2026-09-05T02:51:25.799Z,5.049224562403,2026-09-05 08:36:25.799,1624.496111111111
Pulse experiments,pioreactor01,2026-09-05T02:51:30.800Z,5.049237977621,2026-09-05 08:36:30.800,1624.4975
Pulse experiments,pioreactor01,2026-09-05T02:51:35.799Z,5.049275266689,2026-09-05 08:36:35.799,1624.498888888889
Pulse experiments,pioreactor01,2026-09-05T02:51:40.798Z,5.049414580955,2026-09-05 08:36:40.798,1624.500277777778
Pulse experiments,pioreactor01,2026-09-05T02:51:45.800Z,5.049542392788,2026-09-05 08:36:45.800,1624.501666666667
Pulse experiments,pioreactor01,2026-09-05T02:51:50.801Z,5.049645075933,2026-09-05 08:36:50.801,1624.503055555556
Pulse experiments,pioreactor01,2026-09-05T02:51:55.798Z,5.049665908425,2026-09-05 08:36:55.798,1624.504444444445
Pulse experiments,pioreactor01,2026-09-05T02:52:05.799Z,5.050489323662,2026-09-05 08:37:05.799,1624.507222222222
Pulse experiments,pioreactor01,2026-09-05T02:52:10.798Z,5.050627598792,2026-09-05 08:37:10.798,1624.508611111111
Pulse experiments,pioreactor01,2026-09-05T02:52:15.798Z,5.050635926645,2026-09-05 08:37:15.798,1624.51
Pulse experiments,pioreactor01,2026-09-05T02:52:20.802Z,5.050770665828,2026-09-05 08:37:20.802,1624.511388888889
Pulse experiments,pioreactor01,2026-09-05T02:52:25.799Z,5.050879833878,2026-09-05 08:37:25.799,1624.512777777778
Pulse experiments,pioreactor01,2026-09-05T02:52:30.800Z,5.05102665356,2026-09-05 08:37:30.800,1624.514166666667
Pulse experiments,pioreactor01,2026-09-05T02:52:35.800Z,5.051099899426,2026-09-05 08:37:35.800,1624.515555555555
Pulse experiments,pioreactor01,2026-09-05T02:52:40.799Z,5.051270284873,2026-09-05 08:37:40.799,1624.516944444444
Pulse experiments,pioreactor01,2026-09-05T02:52:45.798Z,5.051341493527,2026-09-05 08:37:45.798,1624.518333333333
Pulse experiments,pioreactor01,2026-09-05T02:52:50.804Z,5.051391506403,2026-09-05 08:37:50.804,1624.519722222222
Pulse experiments,pioreactor01,2026-09-05T02:52:55.801Z,5.051402160212,2026-09-05 08:37:55.801,1624.521111111111
Pulse experiments,pioreactor01,2026-09-05T02:53:00.799Z,5.051441421043,2026-09-05 08:38:00.799,1624.5225
Pulse experiments,pioreactor01,2026-09-05T02:53:05.799Z,5.051506343261,2026-09-05 08:38:05.799,1624.523888888889
Pulse experiments,pioreactor01,2026-09-05T02:53:10.799Z,5.051626641434,2026-09-05 08:38:10.799,1624.525277777778
Pulse experiments,pioreactor01,2026-09-05T02:53:15.799Z,5.051685176467,2026-09-05 08:38:15.799,1624.526666666667
Pulse experiments,pioreactor01,2026-09-05T02:53:20.803Z,5.051719682342,2026-09-05 08:38:20.803,1624.528055555556
Pulse experiments,pioreactor01,2026-09-05T02:53:25.798Z,5.051818916625,2026-09-05 08:38:25.798,1624.529444444444
Pulse experiments,pioreactor01,2026-09-05T02:53:30.799Z,5.052002397103,2026-09-05 08:38:30.799,1624.530833333333
Pulse experiments,pioreactor01,2026-09-05T02:53:35.798Z,5.052041204148,2026-09-05 08:38:35.798,1624.532222222222
Pulse experiments,pioreactor01,2026-09-05T02:53:40.800Z,5.052127635849,2026-09-05 08:38:40.800,1624.533611111111
Pulse experiments,pioreactor01,2026-09-05T02:53:45.798Z,5.052209047316,2026-09-05 08:38:45.798,1624.535
Pulse experiments,pioreactor01,2026-09-05T02:53:50.803Z,5.052268242184,2026-09-05 08:38:50.803,1624.536388888889
Pulse experiments,pioreactor01,2026-09-05T02:53:55.799Z,5.052321524286,2026-09-05 08:38:55.799,1624.537777777778
Pulse experiments,pioreactor01,2026-09-05T02:54:00.799Z,5.052274943813,2026-09-05 08:39:00.799,1624.539166666667
Pulse experiments,pioreactor01,2026-09-05T02:54:05.799Z,5.052234434019,2026-09-05 08:39:05.799,1624.540555555556
Pulse experiments,pioreactor01,2026-09-05T02:54:10.799Z,5.052216105077,2026-09-05 08:39:10.799,1624.541944444444
Pulse experiments,pioreactor01,2026-09-05T02:54:15.800Z,5.052269853829,2026-09-05 08:39:15.800,1624.543333333333
Pulse experiments,pioreactor01,2026-09-05T02:54:20.803Z,5.052233449487,2026-09-05 08:39:20.803,1624.544722222222
Pulse experiments,pioreactor01,2026-09-05T02:54:25.802Z,5.05234975008,2026-09-05 08:39:25.802,1624.546111111111
Pulse experiments,pioreactor01,2026-09-05T02:54:30.799Z,5.052353986502,2026-09-05 08:39:30.799,1624.5475
Pulse experiments,pioreactor01,2026-09-05T02:54:35.799Z,5.052438412235,2026-09-05 08:39:35.799,1624.548888888889
Pulse experiments,pioreactor01,2026-09-05T02:54:40.799Z,5.05254874576,2026-09-05 08:39:40.799,1624.550277777778
Pulse experiments,pioreactor01,2026-09-05T02:54:45.799Z,5.052546987722,2026-09-05 08:39:45.799,1624.551666666667
Pulse experiments,pioreactor01,2026-09-05T02:54:50.802Z,5.052516276883,2026-09-05 08:39:50.802,1624.553055555556
Pulse experiments,pioreactor01,2026-09-05T02:54:55.799Z,5.052594604081,2026-09-05 08:39:55.799,1624.554444444444
Pulse experiments,pioreactor01,2026-09-05T02:55:00.799Z,5.052624156221,2026-09-05 08:40:00.799,1624.555833333333
Pulse experiments,pioreactor01,2026-09-05T02:55:05.799Z,5.052668391296,2026-09-05 08:40:05.799,1624.557222222222
Pulse experiments,pioreactor01,2026-09-05T02:55:10.800Z,5.052789518478,2026-09-05 08:40:10.800,1624.558611111111
Pulse experiments,pioreactor01,2026-09-05T02:55:15.801Z,5.052860941827,2026-09-05 08:40:15.801,1624.56
Pulse experiments,pioreactor01,2026-09-05T02:55:20.803Z,5.052959849837,2026-09-05 08:40:20.803,1624.561388888889
Pulse experiments,pioreactor01,2026-09-05T02:55:25.799Z,5.05296899076,2026-09-05 08:40:25.799,1624.562777777778
Pulse experiments,pioreactor01,2026-09-05T02:55:30.798Z,5.052939610426,2026-09-05 08:40:30.798,1624.564166666667
Pulse experiments,pioreactor01,2026-09-05T02:55:35.799Z,5.053012341766,2026-09-05 08:40:35.799,1624.565555555556
Pulse experiments,pioreactor01,2026-09-05T02:55:40.799Z,5.053071997649,2026-09-05 08:40:40.799,1624.566944444445
Pulse experiments,pioreactor01,2026-09-05T02:55:50.801Z,5.053668590596,2026-09-05 08:40:50.801,1624.569722222222
Pulse experiments,pioreactor01,2026-09-05T02:56:00.798Z,5.054203624113,2026-09-05 08:41:00.798,1624.5725
Pulse experiments,pioreactor01,2026-09-05T02:56:05.799Z,5.05419879378,2026-09-05 08:41:05.799,1624.573888888889
Pulse experiments,pioreactor01,2026-09-05T02:56:10.799Z,5.054142788786,2026-09-05 08:41:10.799,1624.575277777778
Pulse experiments,pioreactor01,2026-09-05T02:56:15.799Z,5.054133041553,2026-09-05 08:41:15.799,1624.576666666667
Pulse experiments,pioreactor01,2026-09-05T02:56:20.803Z,5.054183823421,2026-09-05 08:41:20.803,1624.578055555555
Pulse experiments,pioreactor01,2026-09-05T02:56:25.798Z,5.054299877677,2026-09-05 08:41:25.798,1624.579444444444
Pulse experiments,pioreactor01,2026-09-05T02:56:30.801Z,5.054348832801,2026-09-05 08:41:30.801,1624.580833333333
Pulse experiments,pioreactor01,2026-09-05T02:56:35.801Z,5.054436498698,2026-09-05 08:41:35.801,1624.582222222222
Pulse experiments,pioreactor01,2026-09-05T02:56:40.798Z,5.054553379755,2026-09-05 08:41:40.798,1624.583611111111
Pulse experiments,pioreactor01,2026-09-05T02:56:45.799Z,5.054604956143,2026-09-05 08:41:45.799,1624.585
Pulse experiments,pioreactor01,2026-09-05T02:56:50.801Z,5.054636052534,2026-09-05 08:41:50.801,1624.586388888889
Pulse experiments,pioreactor01,2026-09-05T02:57:00.799Z,5.055060314792,2026-09-05 08:42:00.799,1624.589166666667
Pulse experiments,pioreactor01,2026-09-05T02:57:05.799Z,5.05511226803,2026-09-05 08:42:05.799,1624.590555555556
Pulse experiments,pioreactor01,2026-09-05T02:57:10.801Z,5.055103036857,2026-09-05 08:42:10.801,1624.591944444444
Pulse experiments,pioreactor01,2026-09-05T02:57:15.798Z,5.055128289634,2026-09-05 08:42:15.798,1624.593333333333
Pulse experiments,pioreactor01,2026-09-05T02:57:20.803Z,5.05513971777,2026-09-05 08:42:20.803,1624.594722222222
Pulse experiments,pioreactor01,2026-09-05T02:57:25.798Z,5.05508263026,2026-09-05 08:42:25.798,1624.596111111111
Pulse experiments,pioreactor01,2026-09-05T02:57:30.798Z,5.055098699326,2026-09-05 08:42:30.798,1624.5975
Pulse experiments,pioreactor01,2026-09-05T02:57:35.799Z,5.055152392601,2026-09-05 08:42:35.799,1624.598888888889
Pulse experiments,pioreactor01,2026-09-05T02:57:40.798Z,5.055240491141,2026-09-05 08:42:40.798,1624.600277777778
Pulse experiments,pioreactor01,2026-09-05T02:57:45.800Z,5.055312071357,2026-09-05 08:42:45.800,1624.601666666667
Pulse experiments,pioreactor01,2026-09-05T02:57:50.804Z,5.055360718466,2026-09-05 08:42:50.804,1624.603055555556
Pulse experiments,pioreactor01,2026-09-05T02:57:55.799Z,5.055445415392,2026-09-05 08:42:55.799,1624.604444444444
Pulse experiments,pioreactor01,2026-09-05T02:58:00.799Z,5.055475712962,2026-09-05 08:43:00.799,1624.605833333333
Pulse experiments,pioreactor01,2026-09-05T02:58:05.799Z,5.0554863243,2026-09-05 08:43:05.799,1624.607222222222
Pulse experiments,pioreactor01,2026-09-05T02:58:10.799Z,5.05547054191,2026-09-05 08:43:10.799,1624.608611111111
Pulse experiments,pioreactor01,2026-09-05T02:58:15.799Z,5.055491262783,2026-09-05 08:43:15.799,1624.61
Pulse experiments,pioreactor01,2026-09-05T02:58:20.802Z,5.055464158603,2026-09-05 08:43:20.802,1624.611388888889
Pulse experiments,pioreactor01,2026-09-05T02:58:25.798Z,5.055477146585,2026-09-05 08:43:25.798,1624.612777777778
Pulse experiments,pioreactor01,2026-09-05T02:58:30.799Z,5.05540428697,2026-09-05 08:43:30.799,1624.614166666667
Pulse experiments,pioreactor01,2026-09-05T02:58:35.800Z,5.055400425388,2026-09-05 08:43:35.800,1624.615555555556
Pulse experiments,pioreactor01,2026-09-05T02:58:40.798Z,5.055313045666,2026-09-05 08:43:40.798,1624.616944444444
Pulse experiments,pioreactor01,2026-09-05T02:58:45.800Z,5.055316457167,2026-09-05 08:43:45.800,1624.618333333333
Pulse experiments,pioreactor01,2026-09-05T02:58:50.800Z,5.055274094546,2026-09-05 08:43:50.800,1624.619722222222
Pulse experiments,pioreactor01,2026-09-05T02:58:55.799Z,5.055281338689,2026-09-05 08:43:55.799,1624.621111111111
Pulse experiments,pioreactor01,2026-09-05T02:59:00.799Z,5.055247202264,2026-09-05 08:44:00.799,1624.6225
Pulse experiments,pioreactor01,2026-09-05T02:59:05.798Z,5.055345812165,2026-09-05 08:44:05.798,1624.623888888889
Pulse experiments,pioreactor01,2026-09-05T02:59:10.800Z,5.055336659616,2026-09-05 08:44:10.800,1624.625277777778
Pulse experiments,pioreactor01,2026-09-05T02:59:15.800Z,5.055408071418,2026-09-05 08:44:15.800,1624.626666666667
Pulse experiments,pioreactor01,2026-09-05T02:59:20.801Z,5.055505200112,2026-09-05 08:44:20.801,1624.628055555556
Pulse experiments,pioreactor01,2026-09-05T02:59:25.799Z,5.055574465393,2026-09-05 08:44:25.799,1624.629444444445
Pulse experiments,pioreactor01,2026-09-05T02:59:30.799Z,5.055609595237,2026-09-05 08:44:30.799,1624.630833333333
Pulse experiments,pioreactor01,2026-09-05T02:59:35.799Z,5.055643411975,2026-09-05 08:44:35.799,1624.632222222222
Pulse experiments,pioreactor01,2026-09-05T02:59:40.799Z,5.055781414573,2026-09-05 08:44:40.799,1624.633611111111
Pulse experiments,pioreactor01,2026-09-05T02:59:45.799Z,5.055870977835,2026-09-05 08:44:45.799,1624.635
Pulse experiments,pioreactor01,2026-09-05T02:59:50.803Z,5.055860552846,2026-09-05 08:44:50.803,1624.636388888889
Pulse experiments,pioreactor01,2026-09-05T02:59:55.799Z,5.05582531074,2026-09-05 08:44:55.799,1624.637777777778
Pulse experiments,pioreactor01,2026-09-05T03:00:00.799Z,5.055853661231,2026-09-05 08:45:00.799,1624.639166666667
Pulse experiments,pioreactor01,2026-09-05T03:00:05.798Z,5.055842394792,2026-09-05 08:45:05.798,1624.640555555555
Pulse experiments,pioreactor01,2026-09-05T03:00:10.798Z,5.055868821607,2026-09-05 08:45:10.798,1624.641944444444
Pulse experiments,pioreactor01,2026-09-05T03:00:15.801Z,5.05587689837,2026-09-05 08:45:15.801,1624.643333333333
Pulse experiments,pioreactor01,2026-09-05T03:00:20.801Z,5.055842129547,2026-09-05 08:45:20.801,1624.644722222222
Pulse experiments,pioreactor01,2026-09-05T03:00:25.801Z,5.055829674529,2026-09-05 08:45:25.801,1624.646111111111
Pulse experiments,pioreactor01,2026-09-05T03:00:30.801Z,5.05584586971,2026-09-05 08:45:30.801,1624.6475
Pulse experiments,pioreactor01,2026-09-05T03:00:35.799Z,5.055826572646,2026-09-05 08:45:35.799,1624.648888888889
Pulse experiments,pioreactor01,2026-09-05T03:00:40.799Z,5.055798355166,2026-09-05 08:45:40.799,1624.650277777778
Pulse experiments,pioreactor01,2026-09-05T03:00:45.801Z,5.055881942691,2026-09-05 08:45:45.801,1624.651666666667
Pulse experiments,pioreactor01,2026-09-05T03:00:50.803Z,5.055849075007,2026-09-05 08:45:50.803,1624.653055555556
Pulse experiments,pioreactor01,2026-09-05T03:00:55.798Z,5.055816868793,2026-09-05 08:45:55.798,1624.654444444444
Pulse experiments,pioreactor01,2026-09-05T03:01:00.799Z,5.055751130392,2026-09-05 08:46:00.799,1624.655833333333
Pulse experiments,pioreactor01,2026-09-05T03:01:05.798Z,5.055719188076,2026-09-05 08:46:05.798,1624.657222222222
Pulse experiments,pioreactor01,2026-09-05T03:01:10.798Z,5.055695459778,2026-09-05 08:46:10.798,1624.658611111111
Pulse experiments,pioreactor01,2026-09-05T03:01:15.798Z,5.055633352153,2026-09-05 08:46:15.798,1624.66
Pulse experiments,pioreactor01,2026-09-05T03:01:20.803Z,5.055590936511,2026-09-05 08:46:20.803,1624.661388888889
Pulse experiments,pioreactor01,2026-09-05T03:01:25.801Z,5.055593118685,2026-09-05 08:46:25.801,1624.662777777778
Pulse experiments,pioreactor01,2026-09-05T03:01:30.799Z,5.055522975754,2026-09-05 08:46:30.799,1624.664166666667
Pulse experiments,pioreactor01,2026-09-05T03:01:35.799Z,5.055587337567,2026-09-05 08:46:35.799,1624.665555555556
Pulse experiments,pioreactor01,2026-09-05T03:01:40.798Z,5.055661768309,2026-09-05 08:46:40.798,1624.666944444444
Pulse experiments,pioreactor01,2026-09-05T03:01:45.800Z,5.055778360951,2026-09-05 08:46:45.800,1624.668333333333
Pulse experiments,pioreactor01,2026-09-05T03:01:50.802Z,5.055858102518,2026-09-05 08:46:50.802,1624.669722222222
Pulse experiments,pioreactor01,2026-09-05T03:01:55.799Z,5.055964712533,2026-09-05 08:46:55.799,1624.671111111111
Pulse experiments,pioreactor01,2026-09-05T03:02:00.799Z,5.056103999443,2026-09-05 08:47:00.799,1624.6725
Pulse experiments,pioreactor01,2026-09-05T03:02:05.798Z,5.056047178921,2026-09-05 08:47:05.798,1624.673888888889
Pulse experiments,pioreactor01,2026-09-05T03:02:10.799Z,5.056039548792,2026-09-05 08:47:10.799,1624.675277777778
Pulse experiments,pioreactor01,2026-09-05T03:02:15.799Z,5.055931288604,2026-09-05 08:47:15.799,1624.676666666667
Pulse experiments,pioreactor01,2026-09-05T03:02:20.799Z,5.055870670185,2026-09-05 08:47:20.799,1624.678055555556
Pulse experiments,pioreactor01,2026-09-05T03:02:25.800Z,5.055765885475,2026-09-05 08:47:25.800,1624.679444444444
Pulse experiments,pioreactor01,2026-09-05T03:02:30.800Z,5.055711035199,2026-09-05 08:47:30.800,1624.680833333333
Pulse experiments,pioreactor01,2026-09-05T03:02:35.799Z,5.055687204869,2026-09-05 08:47:35.799,1624.682222222222
Pulse experiments,pioreactor01,2026-09-05T03:02:40.799Z,5.055692173915,2026-09-05 08:47:40.799,1624.683611111111
Pulse experiments,pioreactor01,2026-09-05T03:02:45.800Z,5.055672194323,2026-09-05 08:47:45.800,1624.685
Pulse experiments,pioreactor01,2026-09-05T03:02:50.803Z,5.0556715574,2026-09-05 08:47:50.803,1624.686388888889
Pulse experiments,pioreactor01,2026-09-05T03:02:55.798Z,5.055736151683,2026-09-05 08:47:55.798,1624.687777777778
Pulse experiments,pioreactor01,2026-09-05T03:03:00.799Z,5.055713876067,2026-09-05 08:48:00.799,1624.689166666667
Pulse experiments,pioreactor01,2026-09-05T03:03:05.799Z,5.055657598729,2026-09-05 08:48:05.799,1624.690555555556
Pulse experiments,pioreactor01,2026-09-05T03:03:10.800Z,5.055594531389,2026-09-05 08:48:10.800,1624.691944444445
Pulse experiments,pioreactor01,2026-09-05T03:03:20.804Z,5.055846743541,2026-09-05 08:48:20.804,1624.694722222222
Pulse experiments,pioreactor01,2026-09-05T03:03:25.799Z,5.055845665604,2026-09-05 08:48:25.799,1624.696111111111
Pulse experiments,pioreactor01,2026-09-05T03:03:30.800Z,5.05573876348,2026-09-05 08:48:30.800,1624.6975
Pulse experiments,pioreactor01,2026-09-05T03:03:35.799Z,5.05573353556,2026-09-05 08:48:35.799,1624.698888888889
Pulse experiments,pioreactor01,2026-09-05T03:03:40.799Z,5.055719927007,2026-09-05 08:48:40.799,1624.700277777778
Pulse experiments,pioreactor01,2026-09-05T03:03:45.800Z,5.055699715006,2026-09-05 08:48:45.800,1624.701666666667
Pulse experiments,pioreactor01,2026-09-05T03:03:50.801Z,5.05564817668,2026-09-05 08:48:50.801,1624.703055555555
Pulse experiments,pioreactor01,2026-09-05T03:03:55.799Z,5.05576186604,2026-09-05 08:48:55.799,1624.704444444444
Pulse experiments,pioreactor01,2026-09-05T03:04:00.799Z,5.05583734175,2026-09-05 08:49:00.799,1624.705833333333
Pulse experiments,pioreactor01,2026-09-05T03:04:05.799Z,5.055788506854,2026-09-05 08:49:05.799,1624.707222222222
Pulse experiments,pioreactor01,2026-09-05T03:04:10.799Z,5.055764499169,2026-09-05 08:49:10.799,1624.708611111111
Pulse experiments,pioreactor01,2026-09-05T03:04:15.799Z,5.055717302083,2026-09-05 08:49:15.799,1624.71
Pulse experiments,pioreactor01,2026-09-05T03:04:20.800Z,5.055826602791,2026-09-05 08:49:20.800,1624.711388888889
Pulse experiments,pioreactor01,2026-09-05T03:04:25.799Z,5.055910949397,2026-09-05 08:49:25.799,1624.712777777778
Pulse experiments,pioreactor01,2026-09-05T03:04:30.798Z,5.055999497218,2026-09-05 08:49:30.798,1624.714166666667
Pulse experiments,pioreactor01,2026-09-05T03:04:35.798Z,5.056065823145,2026-09-05 08:49:35.798,1624.715555555556
Pulse experiments,pioreactor01,2026-09-05T03:04:40.799Z,5.05607126875,2026-09-05 08:49:40.799,1624.716944444444
Pulse experiments,pioreactor01,2026-09-05T03:04:45.798Z,5.056052389669,2026-09-05 08:49:45.798,1624.718333333333
Pulse experiments,pioreactor01,2026-09-05T03:04:50.803Z,5.056178745875,2026-09-05 08:49:50.803,1624.719722222222
Pulse experiments,pioreactor01,2026-09-05T03:04:55.800Z,5.056266488876,2026-09-05 08:49:55.800,1624.721111111111
Pulse experiments,pioreactor01,2026-09-05T03:05:05.799Z,5.056600445785,2026-09-05 08:50:05.799,1624.723888888889
Pulse experiments,pioreactor01,2026-09-05T03:05:10.798Z,5.056733370074,2026-09-05 08:50:10.798,1624.725277777778
Pulse experiments,pioreactor01,2026-09-05T03:05:15.801Z,5.0568497932,2026-09-05 08:50:15.801,1624.726666666667
Pulse experiments,pioreactor01,2026-09-05T03:05:20.802Z,5.056884937816,2026-09-05 08:50:20.802,1624.728055555556
Pulse experiments,pioreactor01,2026-09-05T03:05:25.802Z,5.056957942366,2026-09-05 08:50:25.802,1624.729444444444
Pulse experiments,pioreactor01,2026-09-05T03:05:30.799Z,5.05692452421,2026-09-05 08:50:30.799,1624.730833333333
Pulse experiments,pioreactor01,2026-09-05T03:05:35.798Z,5.056992663693,2026-09-05 08:50:35.798,1624.732222222222
Pulse experiments,pioreactor01,2026-09-05T03:05:40.799Z,5.057048253483,2026-09-05 08:50:40.799,1624.733611111111
Pulse experiments,pioreactor01,2026-09-05T03:05:45.798Z,5.057229451029,2026-09-05 08:50:45.798,1624.735
Pulse experiments,pioreactor01,2026-09-05T03:05:50.805Z,5.05727605896,2026-09-05 08:50:50.805,1624.736388888889
Pulse experiments,pioreactor01,2026-09-05T03:05:55.799Z,5.057408211574,2026-09-05 08:50:55.799,1624.737777777778
Pulse experiments,pioreactor01,2026-09-05T03:06:00.799Z,5.057626456046,2026-09-05 08:51:00.799,1624.739166666667
Pulse experiments,pioreactor01,2026-09-05T03:06:05.800Z,5.057618122548,2026-09-05 08:51:05.800,1624.740555555556
Pulse experiments,pioreactor01,2026-09-05T03:06:10.798Z,5.057636817995,2026-09-05 08:51:10.798,1624.741944444444
Pulse experiments,pioreactor01,2026-09-05T03:06:15.799Z,5.057634697658,2026-09-05 08:51:15.799,1624.743333333333
Pulse experiments,pioreactor01,2026-09-05T03:06:20.804Z,5.057645138838,2026-09-05 08:51:20.804,1624.744722222222
Pulse experiments,pioreactor01,2026-09-05T03:06:25.798Z,5.057787467365,2026-09-05 08:51:25.798,1624.746111111111
Pulse experiments,pioreactor01,2026-09-05T03:06:30.799Z,5.057906266944,2026-09-05 08:51:30.799,1624.7475
Pulse experiments,pioreactor01,2026-09-05T03:06:35.799Z,5.058049032112,2026-09-05 08:51:35.799,1624.748888888889
Pulse experiments,pioreactor01,2026-09-05T03:06:40.799Z,5.058104251613,2026-09-05 08:51:40.799,1624.750277777778
Pulse experiments,pioreactor01,2026-09-05T03:06:45.799Z,5.058186480717,2026-09-05 08:51:45.799,1624.751666666667
Pulse experiments,pioreactor01,2026-09-05T03:06:50.801Z,5.05819097478,2026-09-05 08:51:50.801,1624.753055555556
Pulse experiments,pioreactor01,2026-09-05T03:06:55.798Z,5.058254512864,2026-09-05 08:51:55.798,1624.754444444445
Pulse experiments,pioreactor01,2026-09-05T03:07:00.800Z,5.058274777339,2026-09-05 08:52:00.800,1624.755833333333
Pulse experiments,pioreactor01,2026-09-05T03:07:05.802Z,5.058215538516,2026-09-05 08:52:05.802,1624.757222222222
Pulse experiments,pioreactor01,2026-09-05T03:07:10.798Z,5.05827655695,2026-09-05 08:52:10.798,1624.758611111111
Pulse experiments,pioreactor01,2026-09-05T03:07:15.799Z,5.05838538344,2026-09-05 08:52:15.799,1624.76
Pulse experiments,pioreactor01,2026-09-05T03:07:20.800Z,5.058452953504,2026-09-05 08:52:20.800,1624.761388888889
Pulse experiments,pioreactor01,2026-09-05T03:07:25.799Z,5.058462152216,2026-09-05 08:52:25.799,1624.762777777778
Pulse experiments,pioreactor01,2026-09-05T03:07:30.799Z,5.058457599202,2026-09-05 08:52:30.799,1624.764166666667
Pulse experiments,pioreactor01,2026-09-05T03:07:35.799Z,5.058516459154,2026-09-05 08:52:35.799,1624.765555555555
Pulse experiments,pioreactor01,2026-09-05T03:07:40.798Z,5.058529410689,2026-09-05 08:52:40.798,1624.766944444444
Pulse experiments,pioreactor01,2026-09-05T03:07:45.799Z,5.058535729229,2026-09-05 08:52:45.799,1624.768333333333
Pulse experiments,pioreactor01,2026-09-05T03:07:50.801Z,5.058559421925,2026-09-05 08:52:50.801,1624.769722222222
Pulse experiments,pioreactor01,2026-09-05T03:07:55.798Z,5.058531061151,2026-09-05 08:52:55.798,1624.771111111111
Pulse experiments,pioreactor01,2026-09-05T03:08:00.799Z,5.058594967871,2026-09-05 08:53:00.799,1624.7725
Pulse experiments,pioreactor01,2026-09-05T03:08:05.799Z,5.058587102009,2026-09-05 08:53:05.799,1624.773888888889
Pulse experiments,pioreactor01,2026-09-05T03:08:10.798Z,5.058668029997,2026-09-05 08:53:10.798,1624.775277777778
Pulse experiments,pioreactor01,2026-09-05T03:08:15.799Z,5.058722585435,2026-09-05 08:53:15.799,1624.776666666667
Pulse experiments,pioreactor01,2026-09-05T03:08:20.802Z,5.058789570207,2026-09-05 08:53:20.802,1624.778055555556
Pulse experiments,pioreactor01,2026-09-05T03:08:25.798Z,5.058853703665,2026-09-05 08:53:25.798,1624.779444444444
Pulse experiments,pioreactor01,2026-09-05T03:08:30.798Z,5.05888598657,2026-09-05 08:53:30.798,1624.780833333333
Pulse experiments,pioreactor01,2026-09-05T03:08:35.799Z,5.058985930307,2026-09-05 08:53:35.799,1624.782222222222
Pulse experiments,pioreactor01,2026-09-05T03:08:40.799Z,5.059087979165,2026-09-05 08:53:40.799,1624.783611111111
Pulse experiments,pioreactor01,2026-09-05T03:08:45.799Z,5.059246358387,2026-09-05 08:53:45.799,1624.785
Pulse experiments,pioreactor01,2026-09-05T03:08:50.800Z,5.059374017679,2026-09-05 08:53:50.800,1624.786388888889
Pulse experiments,pioreactor01,2026-09-05T03:08:55.798Z,5.059383227348,2026-09-05 08:53:55.798,1624.787777777778
Pulse experiments,pioreactor01,2026-09-05T03:09:00.802Z,5.059498822285,2026-09-05 08:54:00.802,1624.789166666667
Pulse experiments,pioreactor01,2026-09-05T03:09:05.800Z,5.059574983264,2026-09-05 08:54:05.800,1624.790555555556
Pulse experiments,pioreactor01,2026-09-05T03:09:10.798Z,5.059679811898,2026-09-05 08:54:10.798,1624.791944444444
Pulse experiments,pioreactor01,2026-09-05T03:09:15.798Z,5.059815783117,2026-09-05 08:54:15.798,1624.793333333333
Pulse experiments,pioreactor01,2026-09-05T03:09:20.802Z,5.059932199483,2026-09-05 08:54:20.802,1624.794722222222
Pulse experiments,pioreactor01,2026-09-05T03:09:25.799Z,5.060139907365,2026-09-05 08:54:25.799,1624.796111111111
Pulse experiments,pioreactor01,2026-09-05T03:09:30.800Z,5.060288349716,2026-09-05 08:54:30.800,1624.7975
Pulse experiments,pioreactor01,2026-09-05T03:09:35.798Z,5.06035526714,2026-09-05 08:54:35.798,1624.798888888889
Pulse experiments,pioreactor01,2026-09-05T03:09:40.798Z,5.060347582804,2026-09-05 08:54:40.798,1624.800277777778
Pulse experiments,pioreactor01,2026-09-05T03:09:45.798Z,5.060353826524,2026-09-05 08:54:45.798,1624.801666666667
Pulse experiments,pioreactor01,2026-09-05T03:09:50.803Z,5.060418794446,2026-09-05 08:54:50.803,1624.803055555556
Pulse experiments,pioreactor01,2026-09-05T03:09:55.798Z,5.060526928357,2026-09-05 08:54:55.798,1624.804444444444
Pulse experiments,pioreactor01,2026-09-05T03:10:00.801Z,5.06059386896,2026-09-05 08:55:00.801,1624.805833333333
Pulse experiments,pioreactor01,2026-09-05T03:10:05.800Z,5.060622122521,2026-09-05 08:55:05.800,1624.807222222222
Pulse experiments,pioreactor01,2026-09-05T03:10:10.798Z,5.060605351849,2026-09-05 08:55:10.798,1624.808611111111
Pulse experiments,pioreactor01,2026-09-05T03:10:15.800Z,5.060629606036,2026-09-05 08:55:15.800,1624.81
Pulse experiments,pioreactor01,2026-09-05T03:10:20.802Z,5.060659581572,2026-09-05 08:55:20.802,1624.811388888889
Pulse experiments,pioreactor01,2026-09-05T03:10:25.799Z,5.060782780314,2026-09-05 08:55:25.799,1624.812777777778
Pulse experiments,pioreactor01,2026-09-05T03:10:30.800Z,5.060753858441,2026-09-05 08:55:30.800,1624.814166666667
Pulse experiments,pioreactor01,2026-09-05T03:10:35.800Z,5.060740997072,2026-09-05 08:55:35.800,1624.815555555556
Pulse experiments,pioreactor01,2026-09-05T03:10:40.800Z,5.060745078067,2026-09-05 08:55:40.800,1624.816944444445
Pulse experiments,pioreactor01,2026-09-05T03:10:45.799Z,5.060786466644,2026-09-05 08:55:45.799,1624.818333333333
Pulse experiments,pioreactor01,2026-09-05T03:10:50.801Z,5.060817147682,2026-09-05 08:55:50.801,1624.819722222222
Pulse experiments,pioreactor01,2026-09-05T03:10:55.800Z,5.060788672933,2026-09-05 08:55:55.800,1624.821111111111
Pulse experiments,pioreactor01,2026-09-05T03:11:00.800Z,5.060789539307,2026-09-05 08:56:00.800,1624.8225
Pulse experiments,pioreactor01,2026-09-05T03:11:05.799Z,5.060738191267,2026-09-05 08:56:05.799,1624.823888888889
Pulse experiments,pioreactor01,2026-09-05T03:11:10.799Z,5.060683575431,2026-09-05 08:56:10.799,1624.825277777778
Pulse experiments,pioreactor01,2026-09-05T03:11:15.799Z,5.060767583496,2026-09-05 08:56:15.799,1624.826666666667
Pulse experiments,pioreactor01,2026-09-05T03:11:20.802Z,5.060891867479,2026-09-05 08:56:20.802,1624.828055555555
Pulse experiments,pioreactor01,2026-09-05T03:11:25.799Z,5.061029316747,2026-09-05 08:56:25.799,1624.829444444444
Pulse experiments,pioreactor01,2026-09-05T03:11:30.799Z,5.06114350341,2026-09-05 08:56:30.799,1624.830833333333
Pulse experiments,pioreactor01,2026-09-05T03:11:35.799Z,5.061196775597,2026-09-05 08:56:35.799,1624.832222222222
Pulse experiments,pioreactor01,2026-09-05T03:11:40.800Z,5.061295232684,2026-09-05 08:56:40.800,1624.833611111111
Pulse experiments,pioreactor01,2026-09-05T03:11:45.799Z,5.061375607656,2026-09-05 08:56:45.799,1624.835
Pulse experiments,pioreactor01,2026-09-05T03:11:50.802Z,5.061498815142,2026-09-05 08:56:50.802,1624.836388888889
Pulse experiments,pioreactor01,2026-09-05T03:11:55.800Z,5.061729198315,2026-09-05 08:56:55.800,1624.837777777778
Pulse experiments,pioreactor01,2026-09-05T03:12:00.799Z,5.06189518219,2026-09-05 08:57:00.799,1624.839166666667
Pulse experiments,pioreactor01,2026-09-05T03:12:05.799Z,5.062073942354,2026-09-05 08:57:05.799,1624.840555555556
Pulse experiments,pioreactor01,2026-09-05T03:12:10.798Z,5.062148485011,2026-09-05 08:57:10.798,1624.841944444444
Pulse experiments,pioreactor01,2026-09-05T03:12:15.800Z,5.062287127421,2026-09-05 08:57:15.800,1624.843333333333
Pulse experiments,pioreactor01,2026-09-05T03:12:20.803Z,5.062295322843,2026-09-05 08:57:20.803,1624.844722222222
Pulse experiments,pioreactor01,2026-09-05T03:12:25.799Z,5.062336187218,2026-09-05 08:57:25.799,1624.846111111111
Pulse experiments,pioreactor01,2026-09-05T03:12:30.799Z,5.062466336267,2026-09-05 08:57:30.799,1624.8475
Pulse experiments,pioreactor01,2026-09-05T03:12:35.799Z,5.062559589488,2026-09-05 08:57:35.799,1624.848888888889
Pulse experiments,pioreactor01,2026-09-05T03:12:40.799Z,5.062705902583,2026-09-05 08:57:40.799,1624.850277777778
Pulse experiments,pioreactor01,2026-09-05T03:12:45.798Z,5.062891372428,2026-09-05 08:57:45.798,1624.851666666667
Pulse experiments,pioreactor01,2026-09-05T03:12:50.804Z,5.063013110078,2026-09-05 08:57:50.804,1624.853055555556
Pulse experiments,pioreactor01,2026-09-05T03:12:55.799Z,5.063063675451,2026-09-05 08:57:55.799,1624.854444444444
Pulse experiments,pioreactor01,2026-09-05T03:13:00.799Z,5.063120660414,2026-09-05 08:58:00.799,1624.855833333333
Pulse experiments,pioreactor01,2026-09-05T03:13:05.798Z,5.063242230066,2026-09-05 08:58:05.798,1624.857222222222
Pulse experiments,pioreactor01,2026-09-05T03:13:10.799Z,5.063204545744,2026-09-05 08:58:10.799,1624.858611111111
Pulse experiments,pioreactor01,2026-09-05T03:13:15.799Z,5.063254120225,2026-09-05 08:58:15.799,1624.86
Pulse experiments,pioreactor01,2026-09-05T03:13:20.803Z,5.063336740082,2026-09-05 08:58:20.803,1624.861388888889
Pulse experiments,pioreactor01,2026-09-05T03:13:25.800Z,5.063423664497,2026-09-05 08:58:25.800,1624.862777777778
Pulse experiments,pioreactor01,2026-09-05T03:13:30.800Z,5.063358253047,2026-09-05 08:58:30.800,1624.864166666667
Pulse experiments,pioreactor01,2026-09-05T03:13:35.800Z,5.063381986333,2026-09-05 08:58:35.800,1624.865555555556
Pulse experiments,pioreactor01,2026-09-05T03:13:40.798Z,5.063436537596,2026-09-05 08:58:40.798,1624.866944444444
Pulse experiments,pioreactor01,2026-09-05T03:13:45.799Z,5.063594255429,2026-09-05 08:58:45.799,1624.868333333333
Pulse experiments,pioreactor01,2026-09-05T03:13:50.806Z,5.063643120216,2026-09-05 08:58:50.806,1624.869722222222
Pulse experiments,pioreactor01,2026-09-05T03:13:55.799Z,5.063786778993,2026-09-05 08:58:55.799,1624.871111111111
Pulse experiments,pioreactor01,2026-09-05T03:14:00.799Z,5.063919731338,2026-09-05 08:59:00.799,1624.8725
Pulse experiments,pioreactor01,2026-09-05T03:14:05.799Z,5.064050634185,2026-09-05 08:59:05.799,1624.873888888889
Pulse experiments,pioreactor01,2026-09-05T03:14:10.799Z,5.064184622315,2026-09-05 08:59:10.799,1624.875277777778
Pulse experiments,pioreactor01,2026-09-05T03:14:15.798Z,5.064363108404,2026-09-05 08:59:15.798,1624.876666666667
Pulse experiments,pioreactor01,2026-09-05T03:14:20.800Z,5.064534488456,2026-09-05 08:59:20.800,1624.878055555556
Pulse experiments,pioreactor01,2026-09-05T03:14:25.798Z,5.064726635658,2026-09-05 08:59:25.798,1624.879444444445
Pulse experiments,pioreactor01,2026-09-05T03:14:30.801Z,5.064970658025,2026-09-05 08:59:30.801,1624.880833333333
Pulse experiments,pioreactor01,2026-09-05T03:14:35.798Z,5.065161137362,2026-09-05 08:59:35.798,1624.882222222222
Pulse experiments,pioreactor01,2026-09-05T03:14:40.799Z,5.065326736091,2026-09-05 08:59:40.799,1624.883611111111
Pulse experiments,pioreactor01,2026-09-05T03:14:45.799Z,5.065396115457,2026-09-05 08:59:45.799,1624.885
Pulse experiments,pioreactor01,2026-09-05T03:14:50.800Z,5.065374459718,2026-09-05 08:59:50.800,1624.886388888889
Pulse experiments,pioreactor01,2026-09-05T03:14:55.799Z,5.06543445938,2026-09-05 08:59:55.799,1624.887777777778
Pulse experiments,pioreactor01,2026-09-05T03:15:00.799Z,5.065536853581,2026-09-05 09:00:00.799,1624.889166666667
Pulse experiments,pioreactor01,2026-09-05T03:15:05.799Z,5.065667094887,2026-09-05 09:00:05.799,1624.890555555555
Pulse experiments,pioreactor01,2026-09-05T03:15:10.800Z,5.065876017559,2026-09-05 09:00:10.800,1624.891944444444
Pulse experiments,pioreactor01,2026-09-05T03:15:15.799Z,5.065922361043,2026-09-05 09:00:15.799,1624.893333333333
Pulse experiments,pioreactor01,2026-09-05T03:15:20.799Z,5.066000539041,2026-09-05 09:00:20.799,1624.894722222222
Pulse experiments,pioreactor01,2026-09-05T03:15:25.799Z,5.066175361464,2026-09-05 09:00:25.799,1624.896111111111
Pulse experiments,pioreactor01,2026-09-05T03:15:30.800Z,5.066207790234,2026-09-05 09:00:30.800,1624.8975
Pulse experiments,pioreactor01,2026-09-05T03:15:35.801Z,5.06623484437,2026-09-05 09:00:35.801,1624.898888888889
Pulse experiments,pioreactor01,2026-09-05T03:15:40.798Z,5.066433048566,2026-09-05 09:00:40.798,1624.900277777778
Pulse experiments,pioreactor01,2026-09-05T03:15:45.798Z,5.066574987378,2026-09-05 09:00:45.798,1624.901666666667
Pulse experiments,pioreactor01,2026-09-05T03:15:50.801Z,5.066788477809,2026-09-05 09:00:50.801,1624.903055555556
Pulse experiments,pioreactor01,2026-09-05T03:15:55.799Z,5.066873033901,2026-09-05 09:00:55.799,1624.904444444444
Pulse experiments,pioreactor01,2026-09-05T03:16:00.800Z,5.066945927884,2026-09-05 09:01:00.800,1624.905833333333
Pulse experiments,pioreactor01,2026-09-05T03:16:05.799Z,5.067049005678,2026-09-05 09:01:05.799,1624.907222222222
Pulse experiments,pioreactor01,2026-09-05T03:16:10.799Z,5.067305949723,2026-09-05 09:01:10.799,1624.908611111111
Pulse experiments,pioreactor01,2026-09-05T03:16:15.799Z,5.067486531457,2026-09-05 09:01:15.799,1624.91
Pulse experiments,pioreactor01,2026-09-05T03:16:20.800Z,5.067630515135,2026-09-05 09:01:20.800,1624.911388888889
Pulse experiments,pioreactor01,2026-09-05T03:16:25.799Z,5.067666011241,2026-09-05 09:01:25.799,1624.912777777778
Pulse experiments,pioreactor01,2026-09-05T03:16:30.800Z,5.067784762348,2026-09-05 09:01:30.800,1624.914166666667
Pulse experiments,pioreactor01,2026-09-05T03:16:35.800Z,5.067956115168,2026-09-05 09:01:35.800,1624.915555555556
Pulse experiments,pioreactor01,2026-09-05T03:16:40.800Z,5.068117516816,2026-09-05 09:01:40.800,1624.916944444444
Pulse experiments,pioreactor01,2026-09-05T03:16:45.802Z,5.06826718645,2026-09-05 09:01:45.802,1624.918333333333
Pulse experiments,pioreactor01,2026-09-05T03:16:50.801Z,5.068380763041,2026-09-05 09:01:50.801,1624.919722222222
Pulse experiments,pioreactor01,2026-09-05T03:16:55.799Z,5.068519093962,2026-09-05 09:01:55.799,1624.921111111111
Pulse experiments,pioreactor01,2026-09-05T03:17:00.799Z,5.068625949523,2026-09-05 09:02:00.799,1624.9225
Pulse experiments,pioreactor01,2026-09-05T03:17:05.799Z,5.068877132095,2026-09-05 09:02:05.799,1624.923888888889
Pulse experiments,pioreactor01,2026-09-05T03:17:10.799Z,5.068998819479,2026-09-05 09:02:10.799,1624.925277777778
Pulse experiments,pioreactor01,2026-09-05T03:17:15.801Z,5.069119866708,2026-09-05 09:02:15.801,1624.926666666667
Pulse experiments,pioreactor01,2026-09-05T03:17:20.802Z,5.069256498449,2026-09-05 09:02:20.802,1624.928055555556
Pulse experiments,pioreactor01,2026-09-05T03:17:25.798Z,5.069456049607,2026-09-05 09:02:25.798,1624.929444444444
Pulse experiments,pioreactor01,2026-09-05T03:17:30.799Z,5.069609682447,2026-09-05 09:02:30.799,1624.930833333333
Pulse experiments,pioreactor01,2026-09-05T03:17:35.800Z,5.069750650175,2026-09-05 09:02:35.800,1624.932222222222
Pulse experiments,pioreactor01,2026-09-05T03:17:40.801Z,5.069922954392,2026-09-05 09:02:40.801,1624.933611111111
Pulse experiments,pioreactor01,2026-09-05T03:17:45.798Z,5.070120588927,2026-09-05 09:02:45.798,1624.935
Pulse experiments,pioreactor01,2026-09-05T03:17:50.801Z,5.070262870348,2026-09-05 09:02:50.801,1624.936388888889
Pulse experiments,pioreactor01,2026-09-05T03:18:00.799Z,5.070506814373,2026-09-05 09:03:00.799,1624.939166666667
Pulse experiments,pioreactor01,2026-09-05T03:18:05.799Z,5.070624195149,2026-09-05 09:03:05.799,1624.940555555556
Pulse experiments,pioreactor01,2026-09-05T03:18:10.799Z,5.07077654408,2026-09-05 09:03:10.799,1624.941944444445
Pulse experiments,pioreactor01,2026-09-05T03:18:15.799Z,5.070954616259,2026-09-05 09:03:15.799,1624.943333333333
Pulse experiments,pioreactor01,2026-09-05T03:18:20.800Z,5.07106014404,2026-09-05 09:03:20.800,1624.944722222222
Pulse experiments,pioreactor01,2026-09-05T03:18:25.799Z,5.071207193849,2026-09-05 09:03:25.799,1624.946111111111
Pulse experiments,pioreactor01,2026-09-05T03:18:30.800Z,5.071367779973,2026-09-05 09:03:30.800,1624.9475
Pulse experiments,pioreactor01,2026-09-05T03:18:35.799Z,5.071483278013,2026-09-05 09:03:35.799,1624.948888888889
Pulse experiments,pioreactor01,2026-09-05T03:18:40.799Z,5.07164397093,2026-09-05 09:03:40.799,1624.950277777778
Pulse experiments,pioreactor01,2026-09-05T03:18:45.799Z,5.071696197673,2026-09-05 09:03:45.799,1624.951666666667
Pulse experiments,pioreactor01,2026-09-05T03:18:50.799Z,5.071823989279,2026-09-05 09:03:50.799,1624.953055555555
Pulse experiments,pioreactor01,2026-09-05T03:18:55.799Z,5.072019171554,2026-09-05 09:03:55.799,1624.954444444444
Pulse experiments,pioreactor01,2026-09-05T03:19:00.799Z,5.072190604188,2026-09-05 09:04:00.799,1624.955833333333
Pulse experiments,pioreactor01,2026-09-05T03:19:05.799Z,5.072422554207,2026-09-05 09:04:05.799,1624.957222222222
Pulse experiments,pioreactor01,2026-09-05T03:19:10.799Z,5.072504764794,2026-09-05 09:04:10.799,1624.958611111111
Pulse experiments,pioreactor01,2026-09-05T03:19:15.798Z,5.072720472365,2026-09-05 09:04:15.798,1624.96
Pulse experiments,pioreactor01,2026-09-05T03:19:20.804Z,5.072952401888,2026-09-05 09:04:20.804,1624.961388888889
Pulse experiments,pioreactor01,2026-09-05T03:19:25.799Z,5.0730894512,2026-09-05 09:04:25.799,1624.962777777778
Pulse experiments,pioreactor01,2026-09-05T03:19:30.799Z,5.073216373092,2026-09-05 09:04:30.799,1624.964166666667
Pulse experiments,pioreactor01,2026-09-05T03:19:35.798Z,5.07332222868,2026-09-05 09:04:35.798,1624.965555555556
Pulse experiments,pioreactor01,2026-09-05T03:19:40.798Z,5.073480436883,2026-09-05 09:04:40.798,1624.966944444444
Pulse experiments,pioreactor01,2026-09-05T03:19:45.799Z,5.073516528182,2026-09-05 09:04:45.799,1624.968333333333
Pulse experiments,pioreactor01,2026-09-05T03:19:50.799Z,5.073642685816,2026-09-05 09:04:50.799,1624.969722222222
Pulse experiments,pioreactor01,2026-09-05T03:19:55.798Z,5.073770365972,2026-09-05 09:04:55.798,1624.971111111111
Pulse experiments,pioreactor01,2026-09-05T03:20:00.798Z,5.073873990283,2026-09-05 09:05:00.798,1624.9725
Pulse experiments,pioreactor01,2026-09-05T03:20:05.798Z,5.074031136972,2026-09-05 09:05:05.798,1624.973888888889
Pulse experiments,pioreactor01,2026-09-05T03:20:10.800Z,5.074144535482,2026-09-05 09:05:10.800,1624.975277777778
Pulse experiments,pioreactor01,2026-09-05T03:20:15.798Z,5.07429371314,2026-09-05 09:05:15.798,1624.976666666667
Pulse experiments,pioreactor01,2026-09-05T03:20:20.801Z,5.074386137715,2026-09-05 09:05:20.801,1624.978055555556
Pulse experiments,pioreactor01,2026-09-05T03:20:25.801Z,5.074438924426,2026-09-05 09:05:25.801,1624.979444444444
Pulse experiments,pioreactor01,2026-09-05T03:20:30.799Z,5.074656882415,2026-09-05 09:05:30.799,1624.980833333333
Pulse experiments,pioreactor01,2026-09-05T03:20:35.800Z,5.074851730237,2026-09-05 09:05:35.800,1624.982222222222
Pulse experiments,pioreactor01,2026-09-05T03:20:40.798Z,5.075050872406,2026-09-05 09:05:40.798,1624.983611111111
Pulse experiments,pioreactor01,2026-09-05T03:20:50.800Z,5.075407427991,2026-09-05 09:05:50.800,1624.986388888889
Pulse experiments,pioreactor01,2026-09-05T03:20:55.801Z,5.075623995727,2026-09-05 09:05:55.801,1624.987777777778
Pulse experiments,pioreactor01,2026-09-05T03:21:00.798Z,5.075759625105,2026-09-05 09:06:00.798,1624.989166666667
Pulse experiments,pioreactor01,2026-09-05T03:21:05.798Z,5.075901098287,2026-09-05 09:06:05.798,1624.990555555556
Pulse experiments,pioreactor01,2026-09-05T03:21:10.799Z,5.07604401358,2026-09-05 09:06:10.799,1624.991944444444
Pulse experiments,pioreactor01,2026-09-05T03:21:15.798Z,5.076162594053,2026-09-05 09:06:15.798,1624.993333333333
Pulse experiments,pioreactor01,2026-09-05T03:21:20.802Z,5.076225529706,2026-09-05 09:06:20.802,1624.994722222222
Pulse experiments,pioreactor01,2026-09-05T03:21:25.799Z,5.076243919973,2026-09-05 09:06:25.799,1624.996111111111
Pulse experiments,pioreactor01,2026-09-05T03:21:30.798Z,5.076315588695,2026-09-05 09:06:30.798,1624.9975
Pulse experiments,pioreactor01,2026-09-05T03:21:35.798Z,5.076469990662,2026-09-05 09:06:35.798,1624.998888888889
Pulse experiments,pioreactor01,2026-09-05T03:21:40.799Z,5.076634490188,2026-09-05 09:06:40.799,1625.000277777778
Pulse experiments,pioreactor01,2026-09-05T03:21:45.799Z,5.076762727665,2026-09-05 09:06:45.799,1625.001666666667
Pulse experiments,pioreactor01,2026-09-05T03:21:55.799Z,5.07690946518,2026-09-05 09:06:55.799,1625.004444444445
Pulse experiments,pioreactor01,2026-09-05T03:22:00.800Z,5.076965836589,2026-09-05 09:07:00.800,1625.005833333333
Pulse experiments,pioreactor01,2026-09-05T03:22:05.800Z,5.077102575393,2026-09-05 09:07:05.800,1625.007222222222
Pulse experiments,pioreactor01,2026-09-05T03:22:10.798Z,5.077317336873,2026-09-05 09:07:10.798,1625.008611111111
Pulse experiments,pioreactor01,2026-09-05T03:22:15.799Z,5.077630268065,2026-09-05 09:07:15.799,1625.01
Pulse experiments,pioreactor01,2026-09-05T03:22:20.802Z,5.077894844388,2026-09-05 09:07:20.802,1625.011388888889
Pulse experiments,pioreactor01,2026-09-05T03:22:25.800Z,5.078148295422,2026-09-05 09:07:25.800,1625.012777777778
Pulse experiments,pioreactor01,2026-09-05T03:22:30.800Z,5.078401458587,2026-09-05 09:07:30.800,1625.014166666667
Pulse experiments,pioreactor01,2026-09-05T03:22:35.800Z,5.078742340683,2026-09-05 09:07:35.800,1625.015555555555
Pulse experiments,pioreactor01,2026-09-05T03:22:40.799Z,5.078944521161,2026-09-05 09:07:40.799,1625.016944444444
Pulse experiments,pioreactor01,2026-09-05T03:22:45.798Z,5.07911365244,2026-09-05 09:07:45.798,1625.018333333333
Pulse experiments,pioreactor01,2026-09-05T03:22:50.799Z,5.079315448795,2026-09-05 09:07:50.799,1625.019722222222
Pulse experiments,pioreactor01,2026-09-05T03:22:55.800Z,5.079451304352,2026-09-05 09:07:55.800,1625.021111111111
Pulse experiments,pioreactor01,2026-09-05T03:23:00.799Z,5.079592998224,2026-09-05 09:08:00.799,1625.0225
Pulse experiments,pioreactor01,2026-09-05T03:23:05.798Z,5.079718667203,2026-09-05 09:08:05.798,1625.023888888889
Pulse experiments,pioreactor01,2026-09-05T03:23:10.799Z,5.079927883633,2026-09-05 09:08:10.799,1625.025277777778
Pulse experiments,pioreactor01,2026-09-05T03:23:15.799Z,5.080120666761,2026-09-05 09:08:15.799,1625.026666666667
Pulse experiments,pioreactor01,2026-09-05T03:23:20.799Z,5.080283540474,2026-09-05 09:08:20.799,1625.028055555556
Pulse experiments,pioreactor01,2026-09-05T03:23:25.799Z,5.080437171676,2026-09-05 09:08:25.799,1625.029444444444
Pulse experiments,pioreactor01,2026-09-05T03:23:30.799Z,5.080677900299,2026-09-05 09:08:30.799,1625.030833333333
Pulse experiments,pioreactor01,2026-09-05T03:23:35.798Z,5.080815716684,2026-09-05 09:08:35.798,1625.032222222222
Pulse experiments,pioreactor01,2026-09-05T03:23:40.798Z,5.080960909909,2026-09-05 09:08:40.798,1625.033611111111
Pulse experiments,pioreactor01,2026-09-05T03:23:50.799Z,5.081213667056,2026-09-05 09:08:50.799,1625.036388888889
Pulse experiments,pioreactor01,2026-09-05T03:23:55.799Z,5.081548843352,2026-09-05 09:08:55.799,1625.037777777778
Pulse experiments,pioreactor01,2026-09-05T03:24:00.798Z,5.081767045723,2026-09-05 09:09:00.798,1625.039166666667
Pulse experiments,pioreactor01,2026-09-05T03:24:05.799Z,5.08195574709,2026-09-05 09:09:05.799,1625.040555555556
Pulse experiments,pioreactor01,2026-09-05T03:24:10.799Z,5.082152125228,2026-09-05 09:09:10.799,1625.041944444444
Pulse experiments,pioreactor01,2026-09-05T03:24:15.798Z,5.082376272806,2026-09-05 09:09:15.798,1625.043333333333
Pulse experiments,pioreactor01,2026-09-05T03:24:20.799Z,5.082606904078,2026-09-05 09:09:20.799,1625.044722222222
Pulse experiments,pioreactor01,2026-09-05T03:24:25.798Z,5.08275869474,2026-09-05 09:09:25.798,1625.046111111111
Pulse experiments,pioreactor01,2026-09-05T03:24:30.798Z,5.082961889945,2026-09-05 09:09:30.798,1625.0475
Pulse experiments,pioreactor01,2026-09-05T03:24:35.799Z,5.083201384578,2026-09-05 09:09:35.799,1625.048888888889
Pulse experiments,pioreactor01,2026-09-05T03:24:40.800Z,5.083471791772,2026-09-05 09:09:40.800,1625.050277777778
Pulse experiments,pioreactor01,2026-09-05T03:24:45.801Z,5.083651353341,2026-09-05 09:09:45.801,1625.051666666667
Pulse experiments,pioreactor01,2026-09-05T03:24:50.804Z,5.0836996847,2026-09-05 09:09:50.804,1625.053055555556
Pulse experiments,pioreactor01,2026-09-05T03:24:55.798Z,5.083867549928,2026-09-05 09:09:55.798,1625.054444444444
Pulse experiments,pioreactor01,2026-09-05T03:25:00.799Z,5.084032489864,2026-09-05 09:10:00.799,1625.055833333333
Pulse experiments,pioreactor01,2026-09-05T03:25:05.800Z,5.084258694756,2026-09-05 09:10:05.800,1625.057222222222
Pulse experiments,pioreactor01,2026-09-05T03:25:10.799Z,5.084477935444,2026-09-05 09:10:10.799,1625.058611111111
Pulse experiments,pioreactor01,2026-09-05T03:25:15.798Z,5.084805451721,2026-09-05 09:10:15.798,1625.06
Pulse experiments,pioreactor01,2026-09-05T03:25:20.802Z,5.085034116629,2026-09-05 09:10:20.802,1625.061388888889
Pulse experiments,pioreactor01,2026-09-05T03:25:25.799Z,5.085356327412,2026-09-05 09:10:25.799,1625.062777777778
Pulse experiments,pioreactor01,2026-09-05T03:25:30.799Z,5.085749931721,2026-09-05 09:10:30.799,1625.064166666667
Pulse experiments,pioreactor01,2026-09-05T03:25:35.800Z,5.086003804298,2026-09-05 09:10:35.800,1625.065555555556
Pulse experiments,pioreactor01,2026-09-05T03:25:40.799Z,5.086287779202,2026-09-05 09:10:40.799,1625.066944444445
Pulse experiments,pioreactor01,2026-09-05T03:25:45.799Z,5.086499000176,2026-09-05 09:10:45.799,1625.068333333333
Pulse experiments,pioreactor01,2026-09-05T03:25:50.799Z,5.086651545668,2026-09-05 09:10:50.799,1625.069722222222
Pulse experiments,pioreactor01,2026-09-05T03:25:55.800Z,5.086850879254,2026-09-05 09:10:55.800,1625.071111111111
Pulse experiments,pioreactor01,2026-09-05T03:26:00.799Z,5.086972365356,2026-09-05 09:11:00.799,1625.0725
Pulse experiments,pioreactor01,2026-09-05T03:26:05.799Z,5.087166637496,2026-09-05 09:11:05.799,1625.073888888889
Pulse experiments,pioreactor01,2026-09-05T03:26:10.799Z,5.087289898115,2026-09-05 09:11:10.799,1625.075277777778
Pulse experiments,pioreactor01,2026-09-05T03:26:15.799Z,5.087520819536,2026-09-05 09:11:15.799,1625.076666666667
Pulse experiments,pioreactor01,2026-09-05T03:26:20.804Z,5.087660443908,2026-09-05 09:11:20.804,1625.078055555555
Pulse experiments,pioreactor01,2026-09-05T03:26:25.798Z,5.087829271578,2026-09-05 09:11:25.798,1625.079444444444
Pulse experiments,pioreactor01,2026-09-05T03:26:30.798Z,5.088115188225,2026-09-05 09:11:30.798,1625.080833333333
Pulse experiments,pioreactor01,2026-09-05T03:26:35.799Z,5.088379494381,2026-09-05 09:11:35.799,1625.082222222222
Pulse experiments,pioreactor01,2026-09-05T03:26:40.800Z,5.088736713425,2026-09-05 09:11:40.800,1625.083611111111
Pulse experiments,pioreactor01,2026-09-05T03:26:45.801Z,5.089025825482,2026-09-05 09:11:45.801,1625.085
Pulse experiments,pioreactor01,2026-09-05T03:26:50.799Z,5.089354814304,2026-09-05 09:11:50.799,1625.086388888889
Pulse experiments,pioreactor01,2026-09-05T03:26:55.799Z,5.089558935165,2026-09-05 09:11:55.799,1625.087777777778
Pulse experiments,pioreactor01,2026-09-05T03:27:00.799Z,5.08983087174,2026-09-05 09:12:00.799,1625.089166666667
Pulse experiments,pioreactor01,2026-09-05T03:27:05.798Z,5.090007097896,2026-09-05 09:12:05.798,1625.090555555556
Pulse experiments,pioreactor01,2026-09-05T03:27:10.801Z,5.090215185564,2026-09-05 09:12:10.801,1625.091944444444
Pulse experiments,pioreactor01,2026-09-05T03:27:15.798Z,5.090418331193,2026-09-05 09:12:15.798,1625.093333333333
Pulse experiments,pioreactor01,2026-09-05T03:27:20.798Z,5.090716237688,2026-09-05 09:12:20.798,1625.094722222222
Pulse experiments,pioreactor01,2026-09-05T03:27:25.799Z,5.09095405199,2026-09-05 09:12:25.799,1625.096111111111
Pulse experiments,pioreactor01,2026-09-05T03:27:30.800Z,5.091174129482,2026-09-05 09:12:30.800,1625.0975
Pulse experiments,pioreactor01,2026-09-05T03:27:35.799Z,5.09149256277,2026-09-05 09:12:35.799,1625.098888888889
Pulse experiments,pioreactor01,2026-09-05T03:27:40.800Z,5.091724101673,2026-09-05 09:12:40.800,1625.100277777778
Pulse experiments,pioreactor01,2026-09-05T03:27:45.799Z,5.091916377853,2026-09-05 09:12:45.799,1625.101666666667
Pulse experiments,pioreactor01,2026-09-05T03:27:50.799Z,5.092096636376,2026-09-05 09:12:50.799,1625.103055555556
Pulse experiments,pioreactor01,2026-09-05T03:27:55.799Z,5.092327269855,2026-09-05 09:12:55.799,1625.104444444444
Pulse experiments,pioreactor01,2026-09-05T03:28:00.799Z,5.092533558461,2026-09-05 09:13:00.799,1625.105833333333
Pulse experiments,pioreactor01,2026-09-05T03:28:05.799Z,5.09272522524,2026-09-05 09:13:05.799,1625.107222222222
Pulse experiments,pioreactor01,2026-09-05T03:28:10.799Z,5.092987550035,2026-09-05 09:13:10.799,1625.108611111111
Pulse experiments,pioreactor01,2026-09-05T03:28:15.799Z,5.093249173499,2026-09-05 09:13:15.799,1625.11
Pulse experiments,pioreactor01,2026-09-05T03:28:20.798Z,5.093511179061,2026-09-05 09:13:20.798,1625.111388888889
Pulse experiments,pioreactor01,2026-09-05T03:28:25.798Z,5.093816073937,2026-09-05 09:13:25.798,1625.112777777778
Pulse experiments,pioreactor01,2026-09-05T03:28:30.801Z,5.094017912311,2026-09-05 09:13:30.801,1625.114166666667
Pulse experiments,pioreactor01,2026-09-05T03:28:35.798Z,5.094242773017,2026-09-05 09:13:35.798,1625.115555555556
Pulse experiments,pioreactor01,2026-09-05T03:28:40.799Z,5.094589709904,2026-09-05 09:13:40.799,1625.116944444444
Pulse experiments,pioreactor01,2026-09-05T03:28:45.799Z,5.094874013794,2026-09-05 09:13:45.799,1625.118333333333
Pulse experiments,pioreactor01,2026-09-05T03:28:50.799Z,5.095211886784,2026-09-05 09:13:50.799,1625.119722222222
Pulse experiments,pioreactor01,2026-09-05T03:28:55.800Z,5.095590112318,2026-09-05 09:13:55.800,1625.121111111111
Pulse experiments,pioreactor01,2026-09-05T03:29:00.799Z,5.095944317568,2026-09-05 09:14:00.799,1625.1225
Pulse experiments,pioreactor01,2026-09-05T03:29:05.799Z,5.096342155401,2026-09-05 09:14:05.799,1625.123888888889
Pulse experiments,pioreactor01,2026-09-05T03:29:10.800Z,5.096704567847,2026-09-05 09:14:10.800,1625.125277777778
Pulse experiments,pioreactor01,2026-09-05T03:29:15.800Z,5.09710640424,2026-09-05 09:14:15.800,1625.126666666667
Pulse experiments,pioreactor01,2026-09-05T03:29:20.801Z,5.097354291141,2026-09-05 09:14:20.801,1625.128055555556
Pulse experiments,pioreactor01,2026-09-05T03:29:25.800Z,5.097561593033,2026-09-05 09:14:25.800,1625.129444444445
Pulse experiments,pioreactor01,2026-09-05T03:29:30.798Z,5.097802869882,2026-09-05 09:14:30.798,1625.130833333333
Pulse experiments,pioreactor01,2026-09-05T03:29:35.798Z,5.09820598716,2026-09-05 09:14:35.798,1625.132222222222
Pulse experiments,pioreactor01,2026-09-05T03:29:40.799Z,5.098445872204,2026-09-05 09:14:40.799,1625.133611111111
Pulse experiments,pioreactor01,2026-09-05T03:29:45.799Z,5.098721057884,2026-09-05 09:14:45.799,1625.135
Pulse experiments,pioreactor01,2026-09-05T03:29:50.801Z,5.098928814542,2026-09-05 09:14:50.801,1625.136388888889
Pulse experiments,pioreactor01,2026-09-05T03:29:55.799Z,5.099183247663,2026-09-05 09:14:55.799,1625.137777777778
Pulse experiments,pioreactor01,2026-09-05T03:30:00.798Z,5.099483444509,2026-09-05 09:15:00.798,1625.139166666667
Pulse experiments,pioreactor01,2026-09-05T03:30:05.798Z,5.099699034617,2026-09-05 09:15:05.798,1625.140555555555
Pulse experiments,pioreactor01,2026-09-05T03:30:10.800Z,5.099900629541,2026-09-05 09:15:10.800,1625.141944444444
Pulse experiments,pioreactor01,2026-09-05T03:30:15.801Z,5.10011351603,2026-09-05 09:15:15.801,1625.143333333333
Pulse experiments,pioreactor01,2026-09-05T03:30:20.805Z,5.100454981003,2026-09-05 09:15:20.805,1625.144722222222
Pulse experiments,pioreactor01,2026-09-05T03:30:25.800Z,5.1007650507,2026-09-05 09:15:25.800,1625.146111111111
Pulse experiments,pioreactor01,2026-09-05T03:30:30.798Z,5.101048154958,2026-09-05 09:15:30.798,1625.1475
Pulse experiments,pioreactor01,2026-09-05T03:30:35.798Z,5.101328163754,2026-09-05 09:15:35.798,1625.148888888889
Pulse experiments,pioreactor01,2026-09-05T03:30:40.799Z,5.101660243858,2026-09-05 09:15:40.799,1625.150277777778
Pulse experiments,pioreactor01,2026-09-05T03:30:45.799Z,5.102051559372,2026-09-05 09:15:45.799,1625.151666666667
Pulse experiments,pioreactor01,2026-09-05T03:30:50.803Z,5.102407690481,2026-09-05 09:15:50.803,1625.153055555556
Pulse experiments,pioreactor01,2026-09-05T03:30:55.799Z,5.102684054322,2026-09-05 09:15:55.799,1625.154444444444
Pulse experiments,pioreactor01,2026-09-05T03:31:00.799Z,5.10307002955,2026-09-05 09:16:00.799,1625.155833333333
Pulse experiments,pioreactor01,2026-09-05T03:31:05.799Z,5.103488986233,2026-09-05 09:16:05.799,1625.157222222222
Pulse experiments,pioreactor01,2026-09-05T03:31:10.799Z,5.103868524982,2026-09-05 09:16:10.799,1625.158611111111
Pulse experiments,pioreactor01,2026-09-05T03:31:15.799Z,5.104196533925,2026-09-05 09:16:15.799,1625.16
Pulse experiments,pioreactor01,2026-09-05T03:31:20.799Z,5.10452407674,2026-09-05 09:16:20.799,1625.161388888889
Pulse experiments,pioreactor01,2026-09-05T03:31:25.801Z,5.104917760833,2026-09-05 09:16:25.801,1625.162777777778
Pulse experiments,pioreactor01,2026-09-05T03:31:30.799Z,5.10528244661,2026-09-05 09:16:30.799,1625.164166666667
Pulse experiments,pioreactor01,2026-09-05T03:31:35.799Z,5.105598133551,2026-09-05 09:16:35.799,1625.165555555556
Pulse experiments,pioreactor01,2026-09-05T03:31:40.799Z,5.105930933469,2026-09-05 09:16:40.799,1625.166944444444
Pulse experiments,pioreactor01,2026-09-05T03:31:45.799Z,5.10624234063,2026-09-05 09:16:45.799,1625.168333333333
Pulse experiments,pioreactor01,2026-09-05T03:31:50.802Z,5.106537387564,2026-09-05 09:16:50.802,1625.169722222222
Pulse experiments,pioreactor01,2026-09-05T03:31:55.799Z,5.106805958774,2026-09-05 09:16:55.799,1625.171111111111
Pulse experiments,pioreactor01,2026-09-05T03:32:00.799Z,5.107094275447,2026-09-05 09:17:00.799,1625.1725
Pulse experiments,pioreactor01,2026-09-05T03:32:05.799Z,5.107489525073,2026-09-05 09:17:05.799,1625.173888888889
Pulse experiments,pioreactor01,2026-09-05T03:32:10.800Z,5.107780055549,2026-09-05 09:17:10.800,1625.175277777778
Pulse experiments,pioreactor01,2026-09-05T03:32:15.801Z,5.108034638424,2026-09-05 09:17:15.801,1625.176666666667
Pulse experiments,pioreactor01,2026-09-05T03:32:20.799Z,5.108382044848,2026-09-05 09:17:20.799,1625.178055555556
Pulse experiments,pioreactor01,2026-09-05T03:32:25.799Z,5.108675382959,2026-09-05 09:17:25.799,1625.179444444444
Pulse experiments,pioreactor01,2026-09-05T03:32:30.799Z,5.109094641528,2026-09-05 09:17:30.799,1625.180833333333
Pulse experiments,pioreactor01,2026-09-05T03:32:35.800Z,5.109379868328,2026-09-05 09:17:35.800,1625.182222222222
Pulse experiments,pioreactor01,2026-09-05T03:32:40.799Z,5.109696918712,2026-09-05 09:17:40.799,1625.183611111111
Pulse experiments,pioreactor01,2026-09-05T03:32:45.800Z,5.110049246308,2026-09-05 09:17:45.800,1625.185
Pulse experiments,pioreactor01,2026-09-05T03:32:50.800Z,5.110375334402,2026-09-05 09:17:50.800,1625.186388888889
Pulse experiments,pioreactor01,2026-09-05T03:32:55.799Z,5.110652156862,2026-09-05 09:17:55.799,1625.187777777778
Pulse experiments,pioreactor01,2026-09-05T03:33:00.799Z,5.110950045279,2026-09-05 09:18:00.799,1625.189166666667
Pulse experiments,pioreactor01,2026-09-05T03:33:05.800Z,5.111332502747,2026-09-05 09:18:05.800,1625.190555555556
Pulse experiments,pioreactor01,2026-09-05T03:33:10.801Z,5.111653995935,2026-09-05 09:18:10.801,1625.191944444445
Pulse experiments,pioreactor01,2026-09-05T03:33:15.799Z,5.111815017134,2026-09-05 09:18:15.799,1625.193333333333
Pulse experiments,pioreactor01,2026-09-05T03:33:20.802Z,5.112051513558,2026-09-05 09:18:20.802,1625.194722222222
Pulse experiments,pioreactor01,2026-09-05T03:33:25.798Z,5.112293283832,2026-09-05 09:18:25.798,1625.196111111111
Pulse experiments,pioreactor01,2026-09-05T03:33:30.798Z,5.112609281531,2026-09-05 09:18:30.798,1625.1975
Pulse experiments,pioreactor01,2026-09-05T03:33:35.800Z,5.11278858699,2026-09-05 09:18:35.800,1625.198888888889
Pulse experiments,pioreactor01,2026-09-05T03:33:40.800Z,5.112994904855,2026-09-05 09:18:40.800,1625.200277777778
Pulse experiments,pioreactor01,2026-09-05T03:33:45.799Z,5.113365781849,2026-09-05 09:18:45.799,1625.201666666667
Pulse experiments,pioreactor01,2026-09-05T03:33:50.799Z,5.113640373732,2026-09-05 09:18:50.799,1625.203055555555
Pulse experiments,pioreactor01,2026-09-05T03:33:55.799Z,5.113984959449,2026-09-05 09:18:55.799,1625.204444444444
Pulse experiments,pioreactor01,2026-09-05T03:34:00.800Z,5.114307555892,2026-09-05 09:19:00.800,1625.205833333333
Pulse experiments,pioreactor01,2026-09-05T03:34:05.801Z,5.114646785453,2026-09-05 09:19:05.801,1625.207222222222
Pulse experiments,pioreactor01,2026-09-05T03:34:10.802Z,5.115049494086,2026-09-05 09:19:10.802,1625.208611111111
Pulse experiments,pioreactor01,2026-09-05T03:34:15.800Z,5.115308346937,2026-09-05 09:19:15.800,1625.21
Pulse experiments,pioreactor01,2026-09-05T03:34:20.799Z,5.115444599855,2026-09-05 09:19:20.799,1625.211388888889
Pulse experiments,pioreactor01,2026-09-05T03:34:25.799Z,5.115636094033,2026-09-05 09:19:25.799,1625.212777777778
Pulse experiments,pioreactor01,2026-09-05T03:34:30.798Z,5.115862247001,2026-09-05 09:19:30.798,1625.214166666667
Pulse experiments,pioreactor01,2026-09-05T03:34:35.799Z,5.116114311002,2026-09-05 09:19:35.799,1625.215555555556
Pulse experiments,pioreactor01,2026-09-05T03:34:40.799Z,5.116401438882,2026-09-05 09:19:40.799,1625.216944444444
Pulse experiments,pioreactor01,2026-09-05T03:34:45.798Z,5.116685192289,2026-09-05 09:19:45.798,1625.218333333333
Pulse experiments,pioreactor01,2026-09-05T03:34:50.799Z,5.117118402261,2026-09-05 09:19:50.799,1625.219722222222
Pulse experiments,pioreactor01,2026-09-05T03:34:55.800Z,5.117379057686,2026-09-05 09:19:55.800,1625.221111111111
Pulse experiments,pioreactor01,2026-09-05T03:35:00.799Z,5.117549877237,2026-09-05 09:20:00.799,1625.2225
Pulse experiments,pioreactor01,2026-09-05T03:35:05.800Z,5.117868986013,2026-09-05 09:20:05.800,1625.223888888889
Pulse experiments,pioreactor01,2026-09-05T03:35:10.798Z,5.118188745757,2026-09-05 09:20:10.798,1625.225277777778
Pulse experiments,pioreactor01,2026-09-05T03:35:20.800Z,5.118728027614,2026-09-05 09:20:20.800,1625.228055555556
Pulse experiments,pioreactor01,2026-09-05T03:35:25.798Z,5.119060648417,2026-09-05 09:20:25.798,1625.229444444444
Pulse experiments,pioreactor01,2026-09-05T03:35:30.799Z,5.119393734831,2026-09-05 09:20:30.799,1625.230833333333
Pulse experiments,pioreactor01,2026-09-05T03:35:35.799Z,5.119692135633,2026-09-05 09:20:35.799,1625.232222222222
Pulse experiments,pioreactor01,2026-09-05T03:35:40.799Z,5.119989954124,2026-09-05 09:20:40.799,1625.233611111111
Pulse experiments,pioreactor01,2026-09-05T03:35:45.798Z,5.120293879066,2026-09-05 09:20:45.798,1625.235
Pulse experiments,pioreactor01,2026-09-05T03:35:50.799Z,5.12059766549,2026-09-05 09:20:50.799,1625.236388888889
Pulse experiments,pioreactor01,2026-09-05T03:35:55.799Z,5.120988525809,2026-09-05 09:20:55.799,1625.237777777778
Pulse experiments,pioreactor01,2026-09-05T03:36:00.799Z,5.121423168327,2026-09-05 09:21:00.799,1625.239166666667
Pulse experiments,pioreactor01,2026-09-05T03:36:05.799Z,5.12178386449,2026-09-05 09:21:05.799,1625.240555555556
Pulse experiments,pioreactor01,2026-09-05T03:36:10.799Z,5.122120898067,2026-09-05 09:21:10.799,1625.241944444444
Pulse experiments,pioreactor01,2026-09-05T03:36:15.799Z,5.122474812602,2026-09-05 09:21:15.799,1625.243333333333
Pulse experiments,pioreactor01,2026-09-05T03:36:20.799Z,5.122834130799,2026-09-05 09:21:20.799,1625.244722222222
Pulse experiments,pioreactor01,2026-09-05T03:36:25.799Z,5.123139016932,2026-09-05 09:21:25.799,1625.246111111111
Pulse experiments,pioreactor01,2026-09-05T03:36:30.801Z,5.123405772645,2026-09-05 09:21:30.801,1625.2475
Pulse experiments,pioreactor01,2026-09-05T03:36:35.799Z,5.123764277362,2026-09-05 09:21:35.799,1625.248888888889
Pulse experiments,pioreactor01,2026-09-05T03:36:40.799Z,5.124066492876,2026-09-05 09:21:40.799,1625.250277777778
Pulse experiments,pioreactor01,2026-09-05T03:36:45.799Z,5.124309142905,2026-09-05 09:21:45.799,1625.251666666667
Pulse experiments,pioreactor01,2026-09-05T03:36:50.799Z,5.124656090242,2026-09-05 09:21:50.799,1625.253055555556
Pulse experiments,pioreactor01,2026-09-05T03:36:55.799Z,5.124959886368,2026-09-05 09:21:55.799,1625.254444444445
Pulse experiments,pioreactor01,2026-09-05T03:37:00.799Z,5.125239745903,2026-09-05 09:22:00.799,1625.255833333333
Pulse experiments,pioreactor01,2026-09-05T03:37:05.799Z,5.125450303731,2026-09-05 09:22:05.799,1625.257222222222
Pulse experiments,pioreactor01,2026-09-05T03:37:10.800Z,5.125656830016,2026-09-05 09:22:10.800,1625.258611111111
Pulse experiments,pioreactor01,2026-09-05T03:37:15.800Z,5.125823724452,2026-09-05 09:22:15.800,1625.26
Pulse experiments,pioreactor01,2026-09-05T03:37:20.799Z,5.126098294704,2026-09-05 09:22:20.799,1625.261388888889
Pulse experiments,pioreactor01,2026-09-05T03:37:25.800Z,5.12636285091,2026-09-05 09:22:25.800,1625.262777777778
Pulse experiments,pioreactor01,2026-09-05T03:37:30.799Z,5.126577914348,2026-09-05 09:22:30.799,1625.264166666667
Pulse experiments,pioreactor01,2026-09-05T03:37:35.798Z,5.126758058737,2026-09-05 09:22:35.798,1625.265555555555
Pulse experiments,pioreactor01,2026-09-05T03:37:40.799Z,5.127036924473,2026-09-05 09:22:40.799,1625.266944444444
Pulse experiments,pioreactor01,2026-09-05T03:37:45.799Z,5.127285943905,2026-09-05 09:22:45.799,1625.268333333333
Pulse experiments,pioreactor01,2026-09-05T03:37:50.798Z,5.12749861463,2026-09-05 09:22:50.798,1625.269722222222
Pulse experiments,pioreactor01,2026-09-05T03:37:55.799Z,5.127815118191,2026-09-05 09:22:55.799,1625.271111111111
Pulse experiments,pioreactor01,2026-09-05T03:38:00.798Z,5.128208114317,2026-09-05 09:23:00.798,1625.2725
Pulse experiments,pioreactor01,2026-09-05T03:38:05.799Z,5.128572477392,2026-09-05 09:23:05.799,1625.273888888889
Pulse experiments,pioreactor01,2026-09-05T03:38:10.799Z,5.128939052045,2026-09-05 09:23:10.799,1625.275277777778
Pulse experiments,pioreactor01,2026-09-05T03:38:15.798Z,5.129242856407,2026-09-05 09:23:15.798,1625.276666666667
Pulse experiments,pioreactor01,2026-09-05T03:38:20.799Z,5.129535368492,2026-09-05 09:23:20.799,1625.278055555556
Pulse experiments,pioreactor01,2026-09-05T03:38:25.799Z,5.12988544346,2026-09-05 09:23:25.799,1625.279444444444
Pulse experiments,pioreactor01,2026-09-05T03:38:30.800Z,5.130235854766,2026-09-05 09:23:30.800,1625.280833333333
Pulse experiments,pioreactor01,2026-09-05T03:38:35.798Z,5.130647395271,2026-09-05 09:23:35.798,1625.282222222222
Pulse experiments,pioreactor01,2026-09-05T03:38:40.802Z,5.131028831294,2026-09-05 09:23:40.802,1625.283611111111
Pulse experiments,pioreactor01,2026-09-05T03:38:45.799Z,5.13134770256,2026-09-05 09:23:45.799,1625.285
Pulse experiments,pioreactor01,2026-09-05T03:38:50.799Z,5.13170875751,2026-09-05 09:23:50.799,1625.286388888889
Pulse experiments,pioreactor01,2026-09-05T03:38:55.798Z,5.131986276672,2026-09-05 09:23:55.798,1625.287777777778
Pulse experiments,pioreactor01,2026-09-05T03:39:00.800Z,5.132408561275,2026-09-05 09:24:00.800,1625.289166666667
Pulse experiments,pioreactor01,2026-09-05T03:39:10.799Z,5.13284265759,2026-09-05 09:24:10.799,1625.291944444444
Pulse experiments,pioreactor01,2026-09-05T03:39:15.799Z,5.133125548963,2026-09-05 09:24:15.799,1625.293333333333
Pulse experiments,pioreactor01,2026-09-05T03:39:20.799Z,5.133470201772,2026-09-05 09:24:20.799,1625.294722222222
Pulse experiments,pioreactor01,2026-09-05T03:39:25.799Z,5.133856796451,2026-09-05 09:24:25.799,1625.296111111111
Pulse experiments,pioreactor01,2026-09-05T03:39:30.799Z,5.134240608964,2026-09-05 09:24:30.799,1625.2975
Pulse experiments,pioreactor01,2026-09-05T03:39:35.800Z,5.134579657703,2026-09-05 09:24:35.800,1625.298888888889
Pulse experiments,pioreactor01,2026-09-05T03:39:40.800Z,5.135015872122,2026-09-05 09:24:40.800,1625.300277777778
Pulse experiments,pioreactor01,2026-09-05T03:39:45.799Z,5.13535483208,2026-09-05 09:24:45.799,1625.301666666667
Pulse experiments,pioreactor01,2026-09-05T03:39:50.799Z,5.135751894472,2026-09-05 09:24:50.799,1625.303055555556
Pulse experiments,pioreactor01,2026-09-05T03:39:55.798Z,5.136079487285,2026-09-05 09:24:55.798,1625.304444444444
Pulse experiments,pioreactor01,2026-09-05T03:40:05.799Z,5.136596844889,2026-09-05 09:25:05.799,1625.307222222222
Pulse experiments,pioreactor01,2026-09-05T03:40:10.799Z,5.136972716265,2026-09-05 09:25:10.799,1625.308611111111
Pulse experiments,pioreactor01,2026-09-05T03:40:15.798Z,5.137301298619,2026-09-05 09:25:15.798,1625.31
Pulse experiments,pioreactor01,2026-09-05T03:40:20.800Z,5.137674913837,2026-09-05 09:25:20.800,1625.311388888889
Pulse experiments,pioreactor01,2026-09-05T03:40:25.798Z,5.138048497748,2026-09-05 09:25:25.798,1625.312777777778
Pulse experiments,pioreactor01,2026-09-05T03:40:30.799Z,5.138381080522,2026-09-05 09:25:30.799,1625.314166666667
Pulse experiments,pioreactor01,2026-09-05T03:40:35.799Z,5.138680281692,2026-09-05 09:25:35.799,1625.315555555556
Pulse experiments,pioreactor01,2026-09-05T03:40:40.799Z,5.139091107516,2026-09-05 09:25:40.799,1625.316944444445
Pulse experiments,pioreactor01,2026-09-05T03:40:45.799Z,5.139370873041,2026-09-05 09:25:45.799,1625.318333333333
Pulse experiments,pioreactor01,2026-09-05T03:40:50.799Z,5.139784810955,2026-09-05 09:25:50.799,1625.319722222222
Pulse experiments,pioreactor01,2026-09-05T03:40:55.799Z,5.140196528204,2026-09-05 09:25:55.799,1625.321111111111
Pulse experiments,pioreactor01,2026-09-05T03:41:00.799Z,5.140470277412,2026-09-05 09:26:00.799,1625.3225
Pulse experiments,pioreactor01,2026-09-05T03:41:05.799Z,5.140889642587,2026-09-05 09:26:05.799,1625.323888888889
Pulse experiments,pioreactor01,2026-09-05T03:41:10.799Z,5.14123769585,2026-09-05 09:26:10.799,1625.325277777778
Pulse experiments,pioreactor01,2026-09-05T03:41:15.799Z,5.141682853308,2026-09-05 09:26:15.799,1625.326666666667
Pulse experiments,pioreactor01,2026-09-05T03:41:20.799Z,5.142054839349,2026-09-05 09:26:20.799,1625.328055555555
Pulse experiments,pioreactor01,2026-09-05T03:41:25.799Z,5.142477423744,2026-09-05 09:26:25.799,1625.329444444444
Pulse experiments,pioreactor01,2026-09-05T03:41:30.798Z,5.14299884812,2026-09-05 09:26:30.798,1625.330833333333
Pulse experiments,pioreactor01,2026-09-05T03:41:35.799Z,5.14348681682,2026-09-05 09:26:35.799,1625.332222222222
Pulse experiments,pioreactor01,2026-09-05T03:41:40.799Z,5.143949917311,2026-09-05 09:26:40.799,1625.333611111111
Pulse experiments,pioreactor01,2026-09-05T03:41:45.800Z,5.14441957167,2026-09-05 09:26:45.800,1625.335
Pulse experiments,pioreactor01,2026-09-05T03:41:50.801Z,5.144798027923,2026-09-05 09:26:50.801,1625.336388888889
Pulse experiments,pioreactor01,2026-09-05T03:41:55.799Z,5.145120419189,2026-09-05 09:26:55.799,1625.337777777778
Pulse experiments,pioreactor01,2026-09-05T03:42:00.799Z,5.145419635696,2026-09-05 09:27:00.799,1625.339166666667
Pulse experiments,pioreactor01,2026-09-05T03:42:05.799Z,5.145692591297,2026-09-05 09:27:05.799,1625.340555555556
Pulse experiments,pioreactor01,2026-09-05T03:42:10.799Z,5.145834973163,2026-09-05 09:27:10.799,1625.341944444444
Pulse experiments,pioreactor01,2026-09-05T03:42:15.800Z,5.146149095473,2026-09-05 09:27:15.800,1625.343333333333
Pulse experiments,pioreactor01,2026-09-05T03:42:20.799Z,5.146412048757,2026-09-05 09:27:20.799,1625.344722222222
Pulse experiments,pioreactor01,2026-09-05T03:42:25.799Z,5.146741439449,2026-09-05 09:27:25.799,1625.346111111111
Pulse experiments,pioreactor01,2026-09-05T03:42:30.800Z,5.147150423056,2026-09-05 09:27:30.800,1625.3475
Pulse experiments,pioreactor01,2026-09-05T03:42:35.799Z,5.147471811745,2026-09-05 09:27:35.799,1625.348888888889
Pulse experiments,pioreactor01,2026-09-05T03:42:40.799Z,5.147806523524,2026-09-05 09:27:40.799,1625.350277777778
Pulse experiments,pioreactor01,2026-09-05T03:42:45.799Z,5.148214714793,2026-09-05 09:27:45.799,1625.351666666667
Pulse experiments,pioreactor01,2026-09-05T03:42:55.798Z,5.148817696957,2026-09-05 09:27:55.798,1625.354444444444
Pulse experiments,pioreactor01,2026-09-05T03:43:00.800Z,5.149084356544,2026-09-05 09:28:00.800,1625.355833333333
Pulse experiments,pioreactor01,2026-09-05T03:43:05.799Z,5.14945111414,2026-09-05 09:28:05.799,1625.357222222222
Pulse experiments,pioreactor01,2026-09-05T03:43:10.798Z,5.149782123614,2026-09-05 09:28:10.798,1625.358611111111
Pulse experiments,pioreactor01,2026-09-05T03:43:15.799Z,5.150226008992,2026-09-05 09:28:15.799,1625.36
Pulse experiments,pioreactor01,2026-09-05T03:43:20.801Z,5.150582215532,2026-09-05 09:28:20.801,1625.361388888889
Pulse experiments,pioreactor01,2026-09-05T03:43:25.800Z,5.150914230885,2026-09-05 09:28:25.800,1625.362777777778
Pulse experiments,pioreactor01,2026-09-05T03:43:30.798Z,5.15129753684,2026-09-05 09:28:30.798,1625.364166666667
Pulse experiments,pioreactor01,2026-09-05T03:43:35.799Z,5.151612551665,2026-09-05 09:28:35.799,1625.365555555556
Pulse experiments,pioreactor01,2026-09-05T03:43:40.799Z,5.151833037388,2026-09-05 09:28:40.799,1625.366944444444
Pulse experiments,pioreactor01,2026-09-05T03:43:50.799Z,5.152338585532,2026-09-05 09:28:50.799,1625.369722222222
Pulse experiments,pioreactor01,2026-09-05T03:43:55.800Z,5.152686020761,2026-09-05 09:28:55.800,1625.371111111111
Pulse experiments,pioreactor01,2026-09-05T03:44:00.799Z,5.153064593692,2026-09-05 09:29:00.799,1625.3725
Pulse experiments,pioreactor01,2026-09-05T03:44:05.799Z,5.153388019212,2026-09-05 09:29:05.799,1625.373888888889
Pulse experiments,pioreactor01,2026-09-05T03:44:10.799Z,5.15373109546,2026-09-05 09:29:10.799,1625.375277777778
Pulse experiments,pioreactor01,2026-09-05T03:44:15.798Z,5.153905942947,2026-09-05 09:29:15.798,1625.376666666667
Pulse experiments,pioreactor01,2026-09-05T03:44:20.799Z,5.154060527042,2026-09-05 09:29:20.799,1625.378055555556
Pulse experiments,pioreactor01,2026-09-05T03:44:25.798Z,5.154240064909,2026-09-05 09:29:25.798,1625.379444444445
Pulse experiments,pioreactor01,2026-09-05T03:44:30.799Z,5.154465965341,2026-09-05 09:29:30.799,1625.380833333333
Pulse experiments,pioreactor01,2026-09-05T03:44:35.800Z,5.154666980139,2026-09-05 09:29:35.800,1625.382222222222
Pulse experiments,pioreactor01,2026-09-05T03:44:40.808Z,5.154805236175,2026-09-05 09:29:40.808,1625.383611111111
Pulse experiments,pioreactor01,2026-09-05T03:44:45.828Z,5.154858291135,2026-09-05 09:29:45.828,1625.385
Pulse experiments,pioreactor01,2026-09-05T03:44:50.814Z,5.154916687525,2026-09-05 09:29:50.814,1625.386388888889
Pulse experiments,pioreactor01,2026-09-05T03:44:55.821Z,5.155007767784,2026-09-05 09:29:55.821,1625.387777777778
Pulse experiments,pioreactor01,2026-09-05T03:45:00.810Z,5.155130524288,2026-09-05 09:30:00.810,1625.389166666667
Pulse experiments,pioreactor01,2026-09-05T03:45:05.833Z,5.155318189142,2026-09-05 09:30:05.833,1625.390555555555
Pulse experiments,pioreactor01,2026-09-05T03:45:10.811Z,5.155531057633,2026-09-05 09:30:10.811,1625.391944444444
Pulse experiments,pioreactor01,2026-09-05T03:45:15.811Z,5.155752724453,2026-09-05 09:30:15.811,1625.393333333333
Pulse experiments,pioreactor01,2026-09-05T03:45:20.814Z,5.1560596661,2026-09-05 09:30:20.814,1625.394722222222
Pulse experiments,pioreactor01,2026-09-05T03:45:25.814Z,5.156215509446,2026-09-05 09:30:25.814,1625.396111111111
Pulse experiments,pioreactor01,2026-09-05T03:45:30.814Z,5.156354177339,2026-09-05 09:30:30.814,1625.3975
Pulse experiments,pioreactor01,2026-09-05T03:45:35.816Z,5.156517705258,2026-09-05 09:30:35.816,1625.398888888889
Pulse experiments,pioreactor01,2026-09-05T03:45:40.813Z,5.156655310178,2026-09-05 09:30:40.813,1625.400277777778
Pulse experiments,pioreactor01,2026-09-05T03:45:45.814Z,5.156826216309,2026-09-05 09:30:45.814,1625.401666666667
Pulse experiments,pioreactor01,2026-09-05T03:45:55.813Z,5.157329271678,2026-09-05 09:30:55.813,1625.404444444444
Pulse experiments,pioreactor01,2026-09-05T03:46:00.814Z,5.157588350831,2026-09-05 09:31:00.814,1625.405833333333
Pulse experiments,pioreactor01,2026-09-05T03:46:05.805Z,5.157850656932,2026-09-05 09:31:05.805,1625.407222222222
Pulse experiments,pioreactor01,2026-09-05T03:46:10.806Z,5.158198202347,2026-09-05 09:31:10.806,1625.408611111111
Pulse experiments,pioreactor01,2026-09-05T03:46:15.808Z,5.158427329839,2026-09-05 09:31:15.808,1625.41
Pulse experiments,pioreactor01,2026-09-05T03:46:20.810Z,5.158679445662,2026-09-05 09:31:20.810,1625.411388888889
Pulse experiments,pioreactor01,2026-09-05T03:46:25.816Z,5.158823727911,2026-09-05 09:31:25.816,1625.412777777778
Pulse experiments,pioreactor01,2026-09-05T03:46:30.814Z,5.158943886293,2026-09-05 09:31:30.814,1625.414166666667
Pulse experiments,pioreactor01,2026-09-05T03:46:35.804Z,5.159083227149,2026-09-05 09:31:35.804,1625.415555555556
Pulse experiments,pioreactor01,2026-09-05T03:46:40.809Z,5.159214143854,2026-09-05 09:31:40.809,1625.416944444444
Pulse experiments,pioreactor01,2026-09-05T03:46:45.810Z,5.159349010158,2026-09-05 09:31:45.810,1625.418333333333
Pulse experiments,pioreactor01,2026-09-05T03:46:50.799Z,5.159523411123,2026-09-05 09:31:50.799,1625.419722222222
Pulse experiments,pioreactor01,2026-09-05T03:46:55.799Z,5.159634505533,2026-09-05 09:31:55.799,1625.421111111111
Pulse experiments,pioreactor01,2026-09-05T03:47:00.798Z,5.159831390026,2026-09-05 09:32:00.798,1625.4225
Pulse experiments,pioreactor01,2026-09-05T03:47:05.799Z,5.159914968076,2026-09-05 09:32:05.799,1625.423888888889
Pulse experiments,pioreactor01,2026-09-05T03:47:10.799Z,5.160016107676,2026-09-05 09:32:10.799,1625.425277777778
Pulse experiments,pioreactor01,2026-09-05T03:47:15.800Z,5.160162314646,2026-09-05 09:32:15.800,1625.426666666667
Pulse experiments,pioreactor01,2026-09-05T03:47:20.800Z,5.160145747805,2026-09-05 09:32:20.800,1625.428055555556
Pulse experiments,pioreactor01,2026-09-05T03:47:25.798Z,5.160251285566,2026-09-05 09:32:25.798,1625.429444444444
Pulse experiments,pioreactor01,2026-09-05T03:47:30.799Z,5.160430846967,2026-09-05 09:32:30.799,1625.430833333333
Pulse experiments,pioreactor01,2026-09-05T03:47:35.799Z,5.160542051307,2026-09-05 09:32:35.799,1625.432222222222
Pulse experiments,pioreactor01,2026-09-05T03:47:40.799Z,5.160710473892,2026-09-05 09:32:40.799,1625.433611111111
Pulse experiments,pioreactor01,2026-09-05T03:47:45.799Z,5.160869794475,2026-09-05 09:32:45.799,1625.435
Pulse experiments,pioreactor01,2026-09-05T03:47:50.798Z,5.161082475522,2026-09-05 09:32:50.798,1625.436388888889
Pulse experiments,pioreactor01,2026-09-05T03:47:55.798Z,5.161258023544,2026-09-05 09:32:55.798,1625.437777777778
Pulse experiments,pioreactor01,2026-09-05T03:48:00.799Z,5.161417526784,2026-09-05 09:33:00.799,1625.439166666667
Pulse experiments,pioreactor01,2026-09-05T03:48:05.798Z,5.161597912599,2026-09-05 09:33:05.798,1625.440555555556
Pulse experiments,pioreactor01,2026-09-05T03:48:10.799Z,5.1617320963,2026-09-05 09:33:10.799,1625.441944444445
Pulse experiments,pioreactor01,2026-09-05T03:48:20.801Z,5.162017619422,2026-09-05 09:33:20.801,1625.444722222222
Pulse experiments,pioreactor01,2026-09-05T03:48:25.798Z,5.162048728106,2026-09-05 09:33:25.798,1625.446111111111
Pulse experiments,pioreactor01,2026-09-05T03:48:30.798Z,5.162093182338,2026-09-05 09:33:30.798,1625.4475
Pulse experiments,pioreactor01,2026-09-05T03:48:35.798Z,5.162271048066,2026-09-05 09:33:35.798,1625.448888888889
Pulse experiments,pioreactor01,2026-09-05T03:48:40.798Z,5.162442494893,2026-09-05 09:33:40.798,1625.450277777778
Pulse experiments,pioreactor01,2026-09-05T03:48:45.799Z,5.162646214718,2026-09-05 09:33:45.799,1625.451666666667
Pulse experiments,pioreactor01,2026-09-05T03:48:50.799Z,5.162802703106,2026-09-05 09:33:50.799,1625.453055555555
Pulse experiments,pioreactor01,2026-09-05T03:48:55.799Z,5.163042853901,2026-09-05 09:33:55.799,1625.454444444444
Pulse experiments,pioreactor01,2026-09-05T03:49:00.798Z,5.163219234854,2026-09-05 09:34:00.798,1625.455833333333
Pulse experiments,pioreactor01,2026-09-05T03:49:05.799Z,5.163363491295,2026-09-05 09:34:05.799,1625.457222222222
Pulse experiments,pioreactor01,2026-09-05T03:49:10.799Z,5.163446861166,2026-09-05 09:34:10.799,1625.458611111111
Pulse experiments,pioreactor01,2026-09-05T03:49:15.799Z,5.163662244861,2026-09-05 09:34:15.799,1625.46
Pulse experiments,pioreactor01,2026-09-05T03:49:20.799Z,5.16380870704,2026-09-05 09:34:20.799,1625.461388888889
Pulse experiments,pioreactor01,2026-09-05T03:49:25.799Z,5.163892115505,2026-09-05 09:34:25.799,1625.462777777778
Pulse experiments,pioreactor01,2026-09-05T03:49:30.799Z,5.164104260169,2026-09-05 09:34:30.799,1625.464166666667
Pulse experiments,pioreactor01,2026-09-05T03:49:35.798Z,5.164291951258,2026-09-05 09:34:35.798,1625.465555555556
Pulse experiments,pioreactor01,2026-09-05T03:49:40.799Z,5.164594417891,2026-09-05 09:34:40.799,1625.466944444444
Pulse experiments,pioreactor01,2026-09-05T03:49:45.799Z,5.164856676489,2026-09-05 09:34:45.799,1625.468333333333
Pulse experiments,pioreactor01,2026-09-05T03:49:50.798Z,5.165218568697,2026-09-05 09:34:50.798,1625.469722222222
Pulse experiments,pioreactor01,2026-09-05T03:49:55.798Z,5.165473553753,2026-09-05 09:34:55.798,1625.471111111111
Pulse experiments,pioreactor01,2026-09-05T03:50:00.799Z,5.165675870562,2026-09-05 09:35:00.799,1625.4725
Pulse experiments,pioreactor01,2026-09-05T03:50:05.799Z,5.166032105586,2026-09-05 09:35:05.799,1625.473888888889
Pulse experiments,pioreactor01,2026-09-05T03:50:10.798Z,5.166361075677,2026-09-05 09:35:10.798,1625.475277777778
Pulse experiments,pioreactor01,2026-09-05T03:50:15.799Z,5.166631391684,2026-09-05 09:35:15.799,1625.476666666667
Pulse experiments,pioreactor01,2026-09-05T03:50:20.799Z,5.166970976791,2026-09-05 09:35:20.799,1625.478055555556
Pulse experiments,pioreactor01,2026-09-05T03:50:25.798Z,5.167212533448,2026-09-05 09:35:25.798,1625.479444444444
Pulse experiments,pioreactor01,2026-09-05T03:50:30.798Z,5.167464688622,2026-09-05 09:35:30.798,1625.480833333333
Pulse experiments,pioreactor01,2026-09-05T03:50:35.798Z,5.167713775893,2026-09-05 09:35:35.798,1625.482222222222
Pulse experiments,pioreactor01,2026-09-05T03:50:40.801Z,5.167937305734,2026-09-05 09:35:40.801,1625.483611111111
Pulse experiments,pioreactor01,2026-09-05T03:50:45.799Z,5.168249000155,2026-09-05 09:35:45.799,1625.485
Pulse experiments,pioreactor01,2026-09-05T03:50:50.799Z,5.168533729926,2026-09-05 09:35:50.799,1625.486388888889
Pulse experiments,pioreactor01,2026-09-05T03:50:55.798Z,5.168801426463,2026-09-05 09:35:55.798,1625.487777777778
Pulse experiments,pioreactor01,2026-09-05T03:51:00.799Z,5.169020766807,2026-09-05 09:36:00.799,1625.489166666667
Pulse experiments,pioreactor01,2026-09-05T03:51:05.799Z,5.169181676725,2026-09-05 09:36:05.799,1625.490555555556
Pulse experiments,pioreactor01,2026-09-05T03:51:10.798Z,5.169451706449,2026-09-05 09:36:10.798,1625.491944444444
Pulse experiments,pioreactor01,2026-09-05T03:51:15.798Z,5.169701046407,2026-09-05 09:36:15.798,1625.493333333333
Pulse experiments,pioreactor01,2026-09-05T03:51:20.800Z,5.170044185605,2026-09-05 09:36:20.800,1625.494722222222
Pulse experiments,pioreactor01,2026-09-05T03:51:30.799Z,5.170492579445,2026-09-05 09:36:30.799,1625.4975
Pulse experiments,pioreactor01,2026-09-05T03:51:35.799Z,5.170675904834,2026-09-05 09:36:35.799,1625.498888888889
Pulse experiments,pioreactor01,2026-09-05T03:51:40.798Z,5.170950327524,2026-09-05 09:36:40.798,1625.500277777778
Pulse experiments,pioreactor01,2026-09-05T03:51:45.798Z,5.171188050778,2026-09-05 09:36:45.798,1625.501666666667
Pulse experiments,pioreactor01,2026-09-05T03:51:50.798Z,5.171479353665,2026-09-05 09:36:50.798,1625.503055555556
Pulse experiments,pioreactor01,2026-09-05T03:51:55.799Z,5.171710504689,2026-09-05 09:36:55.799,1625.504444444445
Pulse experiments,pioreactor01,2026-09-05T03:52:00.798Z,5.17188547133,2026-09-05 09:37:00.798,1625.505833333333
Pulse experiments,pioreactor01,2026-09-05T03:52:05.798Z,5.172066184821,2026-09-05 09:37:05.798,1625.507222222222
Pulse experiments,pioreactor01,2026-09-05T03:52:10.802Z,5.172066049996,2026-09-05 09:37:10.802,1625.508611111111
Pulse experiments,pioreactor01,2026-09-05T03:52:15.799Z,5.172161491153,2026-09-05 09:37:15.799,1625.51
Pulse experiments,pioreactor01,2026-09-05T03:52:20.799Z,5.172322346422,2026-09-05 09:37:20.799,1625.511388888889
Pulse experiments,pioreactor01,2026-09-05T03:52:25.799Z,5.172520712583,2026-09-05 09:37:25.799,1625.512777777778
Pulse experiments,pioreactor01,2026-09-05T03:52:30.799Z,5.1727520747,2026-09-05 09:37:30.799,1625.514166666667
Pulse experiments,pioreactor01,2026-09-05T03:52:35.800Z,5.173074187015,2026-09-05 09:37:35.800,1625.515555555555
Pulse experiments,pioreactor01,2026-09-05T03:52:40.799Z,5.173272935151,2026-09-05 09:37:40.799,1625.516944444444
Pulse experiments,pioreactor01,2026-09-05T03:52:45.798Z,5.173546848429,2026-09-05 09:37:45.798,1625.518333333333
Pulse experiments,pioreactor01,2026-09-05T03:52:50.799Z,5.173820710486,2026-09-05 09:37:50.799,1625.519722222222
Pulse experiments,pioreactor01,2026-09-05T03:52:55.799Z,5.1740632189,2026-09-05 09:37:55.799,1625.521111111111
Pulse experiments,pioreactor01,2026-09-05T03:53:00.799Z,5.174358958464,2026-09-05 09:38:00.799,1625.5225
Pulse experiments,pioreactor01,2026-09-05T03:53:05.798Z,5.174680798491,2026-09-05 09:38:05.798,1625.523888888889
Pulse experiments,pioreactor01,2026-09-05T03:53:10.798Z,5.174957516309,2026-09-05 09:38:10.798,1625.525277777778
Pulse experiments,pioreactor01,2026-09-05T03:53:15.798Z,5.175138664934,2026-09-05 09:38:15.798,1625.526666666667
Pulse experiments,pioreactor01,2026-09-05T03:53:20.798Z,5.175279682795,2026-09-05 09:38:20.798,1625.528055555556
Pulse experiments,pioreactor01,2026-09-05T03:53:25.798Z,5.175518360991,2026-09-05 09:38:25.798,1625.529444444444
Pulse experiments,pioreactor01,2026-09-05T03:53:30.799Z,5.175735916557,2026-09-05 09:38:30.799,1625.530833333333
Pulse experiments,pioreactor01,2026-09-05T03:53:35.800Z,5.1759500201,2026-09-05 09:38:35.800,1625.532222222222
Pulse experiments,pioreactor01,2026-09-05T03:53:40.799Z,5.176255832073,2026-09-05 09:38:40.799,1625.533611111111
Pulse experiments,pioreactor01,2026-09-05T03:53:45.800Z,5.176555945225,2026-09-05 09:38:45.800,1625.535
Pulse experiments,pioreactor01,2026-09-05T03:53:55.798Z,5.177040940036,2026-09-05 09:38:55.798,1625.537777777778
Pulse experiments,pioreactor01,2026-09-05T03:54:00.798Z,5.177239057804,2026-09-05 09:39:00.798,1625.539166666667
Pulse experiments,pioreactor01,2026-09-05T03:54:05.800Z,5.177496376837,2026-09-05 09:39:05.800,1625.540555555556
Pulse experiments,pioreactor01,2026-09-05T03:54:10.798Z,5.177794542368,2026-09-05 09:39:10.798,1625.541944444444
Pulse experiments,pioreactor01,2026-09-05T03:54:15.799Z,5.178015540299,2026-09-05 09:39:15.799,1625.543333333333
Pulse experiments,pioreactor01,2026-09-05T03:54:20.798Z,5.178178549322,2026-09-05 09:39:20.798,1625.544722222222
Pulse experiments,pioreactor01,2026-09-05T03:54:25.799Z,5.178354841711,2026-09-05 09:39:25.799,1625.546111111111
Pulse experiments,pioreactor01,2026-09-05T03:54:30.799Z,5.178575337912,2026-09-05 09:39:30.799,1625.5475
Pulse experiments,pioreactor01,2026-09-05T03:54:35.799Z,5.178701154147,2026-09-05 09:39:35.799,1625.548888888889
Pulse experiments,pioreactor01,2026-09-05T03:54:40.800Z,5.178975513176,2026-09-05 09:39:40.800,1625.550277777778
Pulse experiments,pioreactor01,2026-09-05T03:54:45.799Z,5.179237173522,2026-09-05 09:39:45.799,1625.551666666667
Pulse experiments,pioreactor01,2026-09-05T03:54:50.799Z,5.179421236951,2026-09-05 09:39:50.799,1625.553055555556
Pulse experiments,pioreactor01,2026-09-05T03:54:55.799Z,5.179674807917,2026-09-05 09:39:55.799,1625.554444444444
Pulse experiments,pioreactor01,2026-09-05T03:55:00.798Z,5.179961925861,2026-09-05 09:40:00.798,1625.555833333333
Pulse experiments,pioreactor01,2026-09-05T03:55:05.798Z,5.180157480167,2026-09-05 09:40:05.798,1625.557222222222
Pulse experiments,pioreactor01,2026-09-05T03:55:10.798Z,5.180392489942,2026-09-05 09:40:10.798,1625.558611111111
Pulse experiments,pioreactor01,2026-09-05T03:55:15.798Z,5.180618576957,2026-09-05 09:40:15.798,1625.56
Pulse experiments,pioreactor01,2026-09-05T03:55:20.799Z,5.180763866588,2026-09-05 09:40:20.799,1625.561388888889
Pulse experiments,pioreactor01,2026-09-05T03:55:25.799Z,5.181073943592,2026-09-05 09:40:25.799,1625.562777777778
Pulse experiments,pioreactor01,2026-09-05T03:55:30.798Z,5.181421258192,2026-09-05 09:40:30.798,1625.564166666667
Pulse experiments,pioreactor01,2026-09-05T03:55:35.800Z,5.181744786816,2026-09-05 09:40:35.800,1625.565555555556
Pulse experiments,pioreactor01,2026-09-05T03:55:40.798Z,5.18196804614,2026-09-05 09:40:40.798,1625.566944444445
Pulse experiments,pioreactor01,2026-09-05T03:55:45.799Z,5.182173835233,2026-09-05 09:40:45.799,1625.568333333333
Pulse experiments,pioreactor01,2026-09-05T03:55:50.799Z,5.182429316687,2026-09-05 09:40:50.799,1625.569722222222
Pulse experiments,pioreactor01,2026-09-05T03:55:55.800Z,5.182589714567,2026-09-05 09:40:55.800,1625.571111111111
Pulse experiments,pioreactor01,2026-09-05T03:56:00.799Z,5.182730550011,2026-09-05 09:41:00.799,1625.5725
Pulse experiments,pioreactor01,2026-09-05T03:56:05.798Z,5.182998112057,2026-09-05 09:41:05.798,1625.573888888889
Pulse experiments,pioreactor01,2026-09-05T03:56:10.798Z,5.183383463079,2026-09-05 09:41:10.798,1625.575277777778
Pulse experiments,pioreactor01,2026-09-05T03:56:15.798Z,5.183651332736,2026-09-05 09:41:15.798,1625.576666666667
Pulse experiments,pioreactor01,2026-09-05T03:56:20.798Z,5.183835613817,2026-09-05 09:41:20.798,1625.578055555555
Pulse experiments,pioreactor01,2026-09-05T03:56:25.799Z,5.183984264065,2026-09-05 09:41:25.799,1625.579444444444
Pulse experiments,pioreactor01,2026-09-05T03:56:30.799Z,5.184177855106,2026-09-05 09:41:30.799,1625.580833333333
Pulse experiments,pioreactor01,2026-09-05T03:56:35.798Z,5.184362236752,2026-09-05 09:41:35.798,1625.582222222222
Pulse experiments,pioreactor01,2026-09-05T03:56:40.798Z,5.184514536963,2026-09-05 09:41:40.798,1625.583611111111
Pulse experiments,pioreactor01,2026-09-05T03:56:45.799Z,5.184757933243,2026-09-05 09:41:45.799,1625.585
Pulse experiments,pioreactor01,2026-09-05T03:56:50.799Z,5.184974910833,2026-09-05 09:41:50.799,1625.586388888889
Pulse experiments,pioreactor01,2026-09-05T03:56:55.799Z,5.185194562485,2026-09-05 09:41:55.799,1625.587777777778
Pulse experiments,pioreactor01,2026-09-05T03:57:00.799Z,5.185432241318,2026-09-05 09:42:00.799,1625.589166666667
Pulse experiments,pioreactor01,2026-09-05T03:57:05.798Z,5.185686871559,2026-09-05 09:42:05.798,1625.590555555556
Pulse experiments,pioreactor01,2026-09-05T03:57:10.799Z,5.18589627063,2026-09-05 09:42:10.799,1625.591944444444
Pulse experiments,pioreactor01,2026-09-05T03:57:15.799Z,5.1861743579,2026-09-05 09:42:15.799,1625.593333333333
Pulse experiments,pioreactor01,2026-09-05T03:57:20.801Z,5.186308731267,2026-09-05 09:42:20.801,1625.594722222222
Pulse experiments,pioreactor01,2026-09-05T03:57:25.799Z,5.186438470758,2026-09-05 09:42:25.799,1625.596111111111
Pulse experiments,pioreactor01,2026-09-05T03:57:30.799Z,5.18665007872,2026-09-05 09:42:30.799,1625.5975
Pulse experiments,pioreactor01,2026-09-05T03:57:35.799Z,5.186783387421,2026-09-05 09:42:35.799,1625.598888888889
Pulse experiments,pioreactor01,2026-09-05T03:57:40.799Z,5.187004411989,2026-09-05 09:42:40.799,1625.600277777778
Pulse experiments,pioreactor01,2026-09-05T03:57:45.799Z,5.187134585639,2026-09-05 09:42:45.799,1625.601666666667
Pulse experiments,pioreactor01,2026-09-05T03:57:50.798Z,5.187358624401,2026-09-05 09:42:50.798,1625.603055555556
Pulse experiments,pioreactor01,2026-09-05T03:58:00.799Z,5.187864846847,2026-09-05 09:43:00.799,1625.605833333333
Pulse experiments,pioreactor01,2026-09-05T03:58:05.802Z,5.188149201888,2026-09-05 09:43:05.802,1625.607222222222
Pulse experiments,pioreactor01,2026-09-05T03:58:10.799Z,5.188362903479,2026-09-05 09:43:10.799,1625.608611111111
Pulse experiments,pioreactor01,2026-09-05T03:58:15.800Z,5.188593484621,2026-09-05 09:43:15.800,1625.61
Pulse experiments,pioreactor01,2026-09-05T03:58:20.799Z,5.188845232393,2026-09-05 09:43:20.799,1625.611388888889
Pulse experiments,pioreactor01,2026-09-05T03:58:25.799Z,5.189118214869,2026-09-05 09:43:25.799,1625.612777777778
Pulse experiments,pioreactor01,2026-09-05T03:58:30.798Z,5.189480130538,2026-09-05 09:43:30.798,1625.614166666667
Pulse experiments,pioreactor01,2026-09-05T03:58:35.799Z,5.189783231906,2026-09-05 09:43:35.799,1625.615555555556
Pulse experiments,pioreactor01,2026-09-05T03:58:40.799Z,5.189886989697,2026-09-05 09:43:40.799,1625.616944444444
Pulse experiments,pioreactor01,2026-09-05T03:58:45.798Z,5.190129795013,2026-09-05 09:43:45.798,1625.618333333333
Pulse experiments,pioreactor01,2026-09-05T03:58:50.799Z,5.190347886181,2026-09-05 09:43:50.799,1625.619722222222
Pulse experiments,pioreactor01,2026-09-05T03:58:55.798Z,5.190654500794,2026-09-05 09:43:55.798,1625.621111111111
Pulse experiments,pioreactor01,2026-09-05T03:59:00.799Z,5.190938685738,2026-09-05 09:44:00.799,1625.6225
Pulse experiments,pioreactor01,2026-09-05T03:59:05.799Z,5.191141638702,2026-09-05 09:44:05.799,1625.623888888889
Pulse experiments,pioreactor01,2026-09-05T03:59:10.799Z,5.191335419474,2026-09-05 09:44:10.799,1625.625277777778
Pulse experiments,pioreactor01,2026-09-05T03:59:15.798Z,5.191567550237,2026-09-05 09:44:15.798,1625.626666666667
Pulse experiments,pioreactor01,2026-09-05T03:59:20.798Z,5.191781579149,2026-09-05 09:44:20.798,1625.628055555556
Pulse experiments,pioreactor01,2026-09-05T03:59:25.798Z,5.192023465394,2026-09-05 09:44:25.798,1625.629444444445
Pulse experiments,pioreactor01,2026-09-05T03:59:30.799Z,5.192195936901,2026-09-05 09:44:30.799,1625.630833333333
Pulse experiments,pioreactor01,2026-09-05T03:59:35.798Z,5.192437976325,2026-09-05 09:44:35.798,1625.632222222222
Pulse experiments,pioreactor01,2026-09-05T03:59:40.800Z,5.192635531434,2026-09-05 09:44:40.800,1625.633611111111
Pulse experiments,pioreactor01,2026-09-05T03:59:45.798Z,5.192880082366,2026-09-05 09:44:45.798,1625.635
Pulse experiments,pioreactor01,2026-09-05T03:59:50.799Z,5.193171379063,2026-09-05 09:44:50.799,1625.636388888889
Pulse experiments,pioreactor01,2026-09-05T03:59:55.799Z,5.193360882856,2026-09-05 09:44:55.799,1625.637777777778
Pulse experiments,pioreactor01,2026-09-05T04:00:00.800Z,5.193636433177,2026-09-05 09:45:00.800,1625.639166666667
Pulse experiments,pioreactor01,2026-09-05T04:00:05.800Z,5.193871619034,2026-09-05 09:45:05.800,1625.640555555555
Pulse experiments,pioreactor01,2026-09-05T04:00:10.800Z,5.194100218679,2026-09-05 09:45:10.800,1625.641944444444
Pulse experiments,pioreactor01,2026-09-05T04:00:15.799Z,5.194431889259,2026-09-05 09:45:15.799,1625.643333333333
Pulse experiments,pioreactor01,2026-09-05T04:00:20.798Z,5.194779693268,2026-09-05 09:45:20.798,1625.644722222222
Pulse experiments,pioreactor01,2026-09-05T04:00:25.801Z,5.195054564503,2026-09-05 09:45:25.801,1625.646111111111
Pulse experiments,pioreactor01,2026-09-05T04:00:30.798Z,5.19533001902,2026-09-05 09:45:30.798,1625.6475
Pulse experiments,pioreactor01,2026-09-05T04:00:35.800Z,5.195467763746,2026-09-05 09:45:35.800,1625.648888888889
Pulse experiments,pioreactor01,2026-09-05T04:00:40.798Z,5.195622301616,2026-09-05 09:45:40.798,1625.650277777778
Pulse experiments,pioreactor01,2026-09-05T04:00:45.798Z,5.195903570141,2026-09-05 09:45:45.798,1625.651666666667
Pulse experiments,pioreactor01,2026-09-05T04:00:50.799Z,5.19602871489,2026-09-05 09:45:50.799,1625.653055555556
Pulse experiments,pioreactor01,2026-09-05T04:00:55.798Z,5.196188233804,2026-09-05 09:45:55.798,1625.654444444444
Pulse experiments,pioreactor01,2026-09-05T04:01:00.799Z,5.196345429103,2026-09-05 09:46:00.799,1625.655833333333
Pulse experiments,pioreactor01,2026-09-05T04:01:05.799Z,5.196530187399,2026-09-05 09:46:05.799,1625.657222222222
Pulse experiments,pioreactor01,2026-09-05T04:01:10.801Z,5.196673397797,2026-09-05 09:46:10.801,1625.658611111111
Pulse experiments,pioreactor01,2026-09-05T04:01:15.799Z,5.196949272396,2026-09-05 09:46:15.799,1625.66
Pulse experiments,pioreactor01,2026-09-05T04:01:20.798Z,5.197243710061,2026-09-05 09:46:20.798,1625.661388888889
Pulse experiments,pioreactor01,2026-09-05T04:01:25.799Z,5.19751126949,2026-09-05 09:46:25.799,1625.662777777778
Pulse experiments,pioreactor01,2026-09-05T04:01:30.800Z,5.197806378551,2026-09-05 09:46:30.800,1625.664166666667
Pulse experiments,pioreactor01,2026-09-05T04:01:35.797Z,5.197997095877,2026-09-05 09:46:35.797,1625.665555555556
Pulse experiments,pioreactor01,2026-09-05T04:01:40.798Z,5.198256240012,2026-09-05 09:46:40.798,1625.666944444444
Pulse experiments,pioreactor01,2026-09-05T04:01:45.799Z,5.198573313454,2026-09-05 09:46:45.799,1625.668333333333
Pulse experiments,pioreactor01,2026-09-05T04:01:50.799Z,5.198950987291,2026-09-05 09:46:50.799,1625.669722222222
Pulse experiments,pioreactor01,2026-09-05T04:01:55.799Z,5.199254114444,2026-09-05 09:46:55.799,1625.671111111111
Pulse experiments,pioreactor01,2026-09-05T04:02:00.798Z,5.199550265198,2026-09-05 09:47:00.798,1625.6725
Pulse experiments,pioreactor01,2026-09-05T04:02:05.798Z,5.199879075289,2026-09-05 09:47:05.798,1625.673888888889
Pulse experiments,pioreactor01,2026-09-05T04:02:10.800Z,5.200142205492,2026-09-05 09:47:10.800,1625.675277777778
Pulse experiments,pioreactor01,2026-09-05T04:02:15.798Z,5.200476157333,2026-09-05 09:47:15.798,1625.676666666667
Pulse experiments,pioreactor01,2026-09-05T04:02:20.798Z,5.200843566061,2026-09-05 09:47:20.798,1625.678055555556
Pulse experiments,pioreactor01,2026-09-05T04:02:25.799Z,5.201170637135,2026-09-05 09:47:25.799,1625.679444444444
Pulse experiments,pioreactor01,2026-09-05T04:02:30.798Z,5.201477754445,2026-09-05 09:47:30.798,1625.680833333333
Pulse experiments,pioreactor01,2026-09-05T04:02:35.799Z,5.201834855473,2026-09-05 09:47:35.799,1625.682222222222
Pulse experiments,pioreactor01,2026-09-05T04:02:40.798Z,5.2020773064,2026-09-05 09:47:40.798,1625.683611111111
Pulse experiments,pioreactor01,2026-09-05T04:02:45.799Z,5.202327910602,2026-09-05 09:47:45.799,1625.685
Pulse experiments,pioreactor01,2026-09-05T04:02:50.799Z,5.202503035193,2026-09-05 09:47:50.799,1625.686388888889
Pulse experiments,pioreactor01,2026-09-05T04:02:55.798Z,5.20274170869,2026-09-05 09:47:55.798,1625.687777777778
Pulse experiments,pioreactor01,2026-09-05T04:03:00.801Z,5.203019893303,2026-09-05 09:48:00.801,1625.689166666667
Pulse experiments,pioreactor01,2026-09-05T04:03:05.799Z,5.203309010908,2026-09-05 09:48:05.799,1625.690555555556
Pulse experiments,pioreactor01,2026-09-05T04:03:10.799Z,5.203533867771,2026-09-05 09:48:10.799,1625.691944444445
Pulse experiments,pioreactor01,2026-09-05T04:03:15.798Z,5.203738233796,2026-09-05 09:48:15.798,1625.693333333333
Pulse experiments,pioreactor01,2026-09-05T04:03:20.799Z,5.203989358453,2026-09-05 09:48:20.799,1625.694722222222
Pulse experiments,pioreactor01,2026-09-05T04:03:25.800Z,5.204223160505,2026-09-05 09:48:25.800,1625.696111111111
Pulse experiments,pioreactor01,2026-09-05T04:03:30.799Z,5.204462011339,2026-09-05 09:48:30.799,1625.6975
Pulse experiments,pioreactor01,2026-09-05T04:03:35.799Z,5.204695555762,2026-09-05 09:48:35.799,1625.698888888889
Pulse experiments,pioreactor01,2026-09-05T04:03:40.799Z,5.204859813267,2026-09-05 09:48:40.799,1625.700277777778
Pulse experiments,pioreactor01,2026-09-05T04:03:45.799Z,5.205101763447,2026-09-05 09:48:45.799,1625.701666666667
Pulse experiments,pioreactor01,2026-09-05T04:03:50.801Z,5.205435921374,2026-09-05 09:48:50.801,1625.703055555555
Pulse experiments,pioreactor01,2026-09-05T04:03:55.799Z,5.205714473434,2026-09-05 09:48:55.799,1625.704444444444
Pulse experiments,pioreactor01,2026-09-05T04:04:00.799Z,5.205934928699,2026-09-05 09:49:00.799,1625.705833333333
Pulse experiments,pioreactor01,2026-09-05T04:04:05.799Z,5.206132550061,2026-09-05 09:49:05.799,1625.707222222222
Pulse experiments,pioreactor01,2026-09-05T04:04:10.798Z,5.20636686191,2026-09-05 09:49:10.798,1625.708611111111
Pulse experiments,pioreactor01,2026-09-05T04:04:15.798Z,5.206640071527,2026-09-05 09:49:15.798,1625.71
Pulse experiments,pioreactor01,2026-09-05T04:04:20.799Z,5.207007044055,2026-09-05 09:49:20.799,1625.711388888889
Pulse experiments,pioreactor01,2026-09-05T04:04:25.799Z,5.207232025869,2026-09-05 09:49:25.799,1625.712777777778
Pulse experiments,pioreactor01,2026-09-05T04:04:30.798Z,5.207547348767,2026-09-05 09:49:30.798,1625.714166666667
Pulse experiments,pioreactor01,2026-09-05T04:04:35.799Z,5.207898856502,2026-09-05 09:49:35.799,1625.715555555556
Pulse experiments,pioreactor01,2026-09-05T04:04:40.798Z,5.2082016024,2026-09-05 09:49:40.798,1625.716944444444
Pulse experiments,pioreactor01,2026-09-05T04:04:45.800Z,5.208396045427,2026-09-05 09:49:45.800,1625.718333333333
Pulse experiments,pioreactor01,2026-09-05T04:04:50.799Z,5.208628839458,2026-09-05 09:49:50.799,1625.719722222222
Pulse experiments,pioreactor01,2026-09-05T04:04:55.799Z,5.2088761857,2026-09-05 09:49:55.799,1625.721111111111
Pulse experiments,pioreactor01,2026-09-05T04:05:00.798Z,5.209155008032,2026-09-05 09:50:00.798,1625.7225
Pulse experiments,pioreactor01,2026-09-05T04:05:05.799Z,5.209427543207,2026-09-05 09:50:05.799,1625.723888888889
Pulse experiments,pioreactor01,2026-09-05T04:05:10.800Z,5.209818310015,2026-09-05 09:50:10.800,1625.725277777778
Pulse experiments,pioreactor01,2026-09-05T04:05:15.800Z,5.21010156208,2026-09-05 09:50:15.800,1625.726666666667
Pulse experiments,pioreactor01,2026-09-05T04:05:20.799Z,5.210323827668,2026-09-05 09:50:20.799,1625.728055555556
Pulse experiments,pioreactor01,2026-09-05T04:05:25.798Z,5.210660120654,2026-09-05 09:50:25.798,1625.729444444444
Pulse experiments,pioreactor01,2026-09-05T04:05:30.799Z,5.210941419505,2026-09-05 09:50:30.799,1625.730833333333
Pulse experiments,pioreactor01,2026-09-05T04:05:35.800Z,5.211279032699,2026-09-05 09:50:35.800,1625.732222222222
Pulse experiments,pioreactor01,2026-09-05T04:05:40.798Z,5.21159408937,2026-09-05 09:50:40.798,1625.733611111111
Pulse experiments,pioreactor01,2026-09-05T04:05:45.800Z,5.211961564029,2026-09-05 09:50:45.800,1625.735
Pulse experiments,pioreactor01,2026-09-05T04:05:50.798Z,5.21223898981,2026-09-05 09:50:50.798,1625.736388888889
Pulse experiments,pioreactor01,2026-09-05T04:06:00.799Z,5.21278111843,2026-09-05 09:51:00.799,1625.739166666667
Pulse experiments,pioreactor01,2026-09-05T04:06:05.799Z,5.213186239599,2026-09-05 09:51:05.799,1625.740555555556
Pulse experiments,pioreactor01,2026-09-05T04:06:10.799Z,5.213516268997,2026-09-05 09:51:10.799,1625.741944444444
Pulse experiments,pioreactor01,2026-09-05T04:06:15.801Z,5.213843834794,2026-09-05 09:51:15.801,1625.743333333333
Pulse experiments,pioreactor01,2026-09-05T04:06:20.798Z,5.214034100971,2026-09-05 09:51:20.798,1625.744722222222
Pulse experiments,pioreactor01,2026-09-05T04:06:25.798Z,5.214323556038,2026-09-05 09:51:25.798,1625.746111111111
Pulse experiments,pioreactor01,2026-09-05T04:06:30.799Z,5.2147307822,2026-09-05 09:51:30.799,1625.7475
Pulse experiments,pioreactor01,2026-09-05T04:06:35.800Z,5.215081542728,2026-09-05 09:51:35.800,1625.748888888889
Pulse experiments,pioreactor01,2026-09-05T04:06:40.799Z,5.215343325795,2026-09-05 09:51:40.799,1625.750277777778
Pulse experiments,pioreactor01,2026-09-05T04:06:45.798Z,5.215547384417,2026-09-05 09:51:45.798,1625.751666666667
Pulse experiments,pioreactor01,2026-09-05T04:06:50.799Z,5.215745295868,2026-09-05 09:51:50.799,1625.753055555556
Pulse experiments,pioreactor01,2026-09-05T04:06:55.799Z,5.216040306209,2026-09-05 09:51:55.799,1625.754444444445
Pulse experiments,pioreactor01,2026-09-05T04:07:00.799Z,5.216387898588,2026-09-05 09:52:00.799,1625.755833333333
Pulse experiments,pioreactor01,2026-09-05T04:07:05.799Z,5.216756376367,2026-09-05 09:52:05.799,1625.757222222222
Pulse experiments,pioreactor01,2026-09-05T04:07:10.799Z,5.217126613552,2026-09-05 09:52:10.799,1625.758611111111
Pulse experiments,pioreactor01,2026-09-05T04:07:15.799Z,5.217447828592,2026-09-05 09:52:15.799,1625.76
Pulse experiments,pioreactor01,2026-09-05T04:07:20.798Z,5.217733463754,2026-09-05 09:52:20.798,1625.761388888889
Pulse experiments,pioreactor01,2026-09-05T04:07:25.798Z,5.217904196589,2026-09-05 09:52:25.798,1625.762777777778
Pulse experiments,pioreactor01,2026-09-05T04:07:30.798Z,5.21809141512,2026-09-05 09:52:30.798,1625.764166666667
Pulse experiments,pioreactor01,2026-09-05T04:07:35.800Z,5.218352662299,2026-09-05 09:52:35.800,1625.765555555555
Pulse experiments,pioreactor01,2026-09-05T04:07:40.798Z,5.218716777019,2026-09-05 09:52:40.798,1625.766944444444
Pulse experiments,pioreactor01,2026-09-05T04:07:45.800Z,5.219062769844,2026-09-05 09:52:45.800,1625.768333333333
Pulse experiments,pioreactor01,2026-09-05T04:07:50.800Z,5.219453109558,2026-09-05 09:52:50.800,1625.769722222222
Pulse experiments,pioreactor01,2026-09-05T04:07:55.799Z,5.219826300972,2026-09-05 09:52:55.799,1625.771111111111
Pulse experiments,pioreactor01,2026-09-05T04:08:00.799Z,5.220197743994,2026-09-05 09:53:00.799,1625.7725
Pulse experiments,pioreactor01,2026-09-05T04:08:05.799Z,5.220546324426,2026-09-05 09:53:05.799,1625.773888888889
Pulse experiments,pioreactor01,2026-09-05T04:08:10.799Z,5.220868617588,2026-09-05 09:53:10.799,1625.775277777778
Pulse experiments,pioreactor01,2026-09-05T04:08:15.800Z,5.221121422807,2026-09-05 09:53:15.800,1625.776666666667
Pulse experiments,pioreactor01,2026-09-05T04:08:20.798Z,5.221401342221,2026-09-05 09:53:20.798,1625.778055555556
Pulse experiments,pioreactor01,2026-09-05T04:08:25.799Z,5.221695637986,2026-09-05 09:53:25.799,1625.779444444444
Pulse experiments,pioreactor01,2026-09-05T04:08:30.799Z,5.222092896798,2026-09-05 09:53:30.799,1625.780833333333
Pulse experiments,pioreactor01,2026-09-05T04:08:35.800Z,5.222489172591,2026-09-05 09:53:35.800,1625.782222222222
Pulse experiments,pioreactor01,2026-09-05T04:08:40.799Z,5.222866184365,2026-09-05 09:53:40.799,1625.783611111111
Pulse experiments,pioreactor01,2026-09-05T04:08:45.798Z,5.223174755509,2026-09-05 09:53:45.798,1625.785
Pulse experiments,pioreactor01,2026-09-05T04:08:50.798Z,5.223524867944,2026-09-05 09:53:50.798,1625.786388888889
Pulse experiments,pioreactor01,2026-09-05T04:08:55.799Z,5.223857733247,2026-09-05 09:53:55.799,1625.787777777778
Pulse experiments,pioreactor01,2026-09-05T04:09:00.799Z,5.224197167419,2026-09-05 09:54:00.799,1625.789166666667
Pulse experiments,pioreactor01,2026-09-05T04:09:05.798Z,5.224484136928,2026-09-05 09:54:05.798,1625.790555555556
Pulse experiments,pioreactor01,2026-09-05T04:09:10.798Z,5.224685677648,2026-09-05 09:54:10.798,1625.791944444444
Pulse experiments,pioreactor01,2026-09-05T04:09:15.798Z,5.225058888434,2026-09-05 09:54:15.798,1625.793333333333
Pulse experiments,pioreactor01,2026-09-05T04:09:20.799Z,5.225434407319,2026-09-05 09:54:20.799,1625.794722222222
Pulse experiments,pioreactor01,2026-09-05T04:09:25.799Z,5.225789562113,2026-09-05 09:54:25.799,1625.796111111111
Pulse experiments,pioreactor01,2026-09-05T04:09:30.799Z,5.226072540859,2026-09-05 09:54:30.799,1625.7975
Pulse experiments,pioreactor01,2026-09-05T04:09:35.798Z,5.226327747456,2026-09-05 09:54:35.798,1625.798888888889
Pulse experiments,pioreactor01,2026-09-05T04:09:40.799Z,5.226666846423,2026-09-05 09:54:40.799,1625.800277777778
Pulse experiments,pioreactor01,2026-09-05T04:09:50.802Z,5.227249933401,2026-09-05 09:54:50.802,1625.803055555556
Pulse experiments,pioreactor01,2026-09-05T04:09:55.799Z,5.227622476208,2026-09-05 09:54:55.799,1625.804444444444
Pulse experiments,pioreactor01,2026-09-05T04:10:00.798Z,5.227933682842,2026-09-05 09:55:00.798,1625.805833333333
Pulse experiments,pioreactor01,2026-09-05T04:10:05.800Z,5.228285383906,2026-09-05 09:55:05.800,1625.807222222222
Pulse experiments,pioreactor01,2026-09-05T04:10:10.798Z,5.228581264903,2026-09-05 09:55:10.798,1625.808611111111
Pulse experiments,pioreactor01,2026-09-05T04:10:15.798Z,5.228835079384,2026-09-05 09:55:15.798,1625.81
Pulse experiments,pioreactor01,2026-09-05T04:10:20.799Z,5.229109240108,2026-09-05 09:55:20.799,1625.811388888889
Pulse experiments,pioreactor01,2026-09-05T04:10:25.799Z,5.229371542597,2026-09-05 09:55:25.799,1625.812777777778
Pulse experiments,pioreactor01,2026-09-05T04:10:30.799Z,5.229573858929,2026-09-05 09:55:30.799,1625.814166666667
Pulse experiments,pioreactor01,2026-09-05T04:10:35.803Z,5.229795681386,2026-09-05 09:55:35.803,1625.815555555556
Pulse experiments,pioreactor01,2026-09-05T04:10:40.800Z,5.230041338683,2026-09-05 09:55:40.800,1625.816944444445
Pulse experiments,pioreactor01,2026-09-05T04:10:45.799Z,5.23027308701,2026-09-05 09:55:45.799,1625.818333333333
Pulse experiments,pioreactor01,2026-09-05T04:10:50.799Z,5.230557981157,2026-09-05 09:55:50.799,1625.819722222222
Pulse experiments,pioreactor01,2026-09-05T04:10:55.800Z,5.23083467099,2026-09-05 09:55:55.800,1625.821111111111
Pulse experiments,pioreactor01,2026-09-05T04:11:00.799Z,5.231122732743,2026-09-05 09:56:00.799,1625.8225
Pulse experiments,pioreactor01,2026-09-05T04:11:05.799Z,5.231346871679,2026-09-05 09:56:05.799,1625.823888888889
Pulse experiments,pioreactor01,2026-09-05T04:11:10.799Z,5.23162422599,2026-09-05 09:56:10.799,1625.825277777778
Pulse experiments,pioreactor01,2026-09-05T04:11:15.799Z,5.231925875265,2026-09-05 09:56:15.799,1625.826666666667
Pulse experiments,pioreactor01,2026-09-05T04:11:20.799Z,5.232294870536,2026-09-05 09:56:20.799,1625.828055555555
Pulse experiments,pioreactor01,2026-09-05T04:11:25.798Z,5.232644955865,2026-09-05 09:56:25.798,1625.829444444444
Pulse experiments,pioreactor01,2026-09-05T04:11:30.799Z,5.232937209177,2026-09-05 09:56:30.799,1625.830833333333
Pulse experiments,pioreactor01,2026-09-05T04:11:35.800Z,5.233286679766,2026-09-05 09:56:35.800,1625.832222222222
Pulse experiments,pioreactor01,2026-09-05T04:11:40.799Z,5.233619396473,2026-09-05 09:56:40.799,1625.833611111111
Pulse experiments,pioreactor01,2026-09-05T04:11:45.799Z,5.233873896615,2026-09-05 09:56:45.799,1625.835
Pulse experiments,pioreactor01,2026-09-05T04:11:50.800Z,5.234216314429,2026-09-05 09:56:50.800,1625.836388888889
Pulse experiments,pioreactor01,2026-09-05T04:11:55.799Z,5.234547623276,2026-09-05 09:56:55.799,1625.837777777778
Pulse experiments,pioreactor01,2026-09-05T04:12:00.798Z,5.235011916402,2026-09-05 09:57:00.798,1625.839166666667
Pulse experiments,pioreactor01,2026-09-05T04:12:05.801Z,5.235412465456,2026-09-05 09:57:05.801,1625.840555555556
Pulse experiments,pioreactor01,2026-09-05T04:12:10.799Z,5.235803679814,2026-09-05 09:57:10.799,1625.841944444444
Pulse experiments,pioreactor01,2026-09-05T04:12:15.799Z,5.236096017951,2026-09-05 09:57:15.799,1625.843333333333
Pulse experiments,pioreactor01,2026-09-05T04:12:20.799Z,5.236353796476,2026-09-05 09:57:20.799,1625.844722222222
Pulse experiments,pioreactor01,2026-09-05T04:12:25.799Z,5.236660448627,2026-09-05 09:57:25.799,1625.846111111111
Pulse experiments,pioreactor01,2026-09-05T04:12:30.800Z,5.23690520967,2026-09-05 09:57:30.800,1625.8475
Pulse experiments,pioreactor01,2026-09-05T04:12:35.799Z,5.237214088403,2026-09-05 09:57:35.799,1625.848888888889
Pulse experiments,pioreactor01,2026-09-05T04:12:40.801Z,5.237470303075,2026-09-05 09:57:40.801,1625.850277777778
Pulse experiments,pioreactor01,2026-09-05T04:12:45.798Z,5.237714159551,2026-09-05 09:57:45.798,1625.851666666667
Pulse experiments,pioreactor01,2026-09-05T04:12:50.799Z,5.238007508067,2026-09-05 09:57:50.799,1625.853055555556
Pulse experiments,pioreactor01,2026-09-05T04:12:55.799Z,5.238356250272,2026-09-05 09:57:55.799,1625.854444444444
Pulse experiments,pioreactor01,2026-09-05T04:13:00.799Z,5.238648947808,2026-09-05 09:58:00.799,1625.855833333333
Pulse experiments,pioreactor01,2026-09-05T04:13:10.799Z,5.239135295619,2026-09-05 09:58:10.799,1625.858611111111
Pulse experiments,pioreactor01,2026-09-05T04:13:15.799Z,5.23932265499,2026-09-05 09:58:15.799,1625.86
Pulse experiments,pioreactor01,2026-09-05T04:13:20.799Z,5.239570026096,2026-09-05 09:58:20.799,1625.861388888889
Pulse experiments,pioreactor01,2026-09-05T04:13:25.800Z,5.239941350399,2026-09-05 09:58:25.800,1625.862777777778
Pulse experiments,pioreactor01,2026-09-05T04:13:30.800Z,5.240261359884,2026-09-05 09:58:30.800,1625.864166666667
Pulse experiments,pioreactor01,2026-09-05T04:13:35.798Z,5.240595694714,2026-09-05 09:58:35.798,1625.865555555556
Pulse experiments,pioreactor01,2026-09-05T04:13:40.798Z,5.24086305186,2026-09-05 09:58:40.798,1625.866944444444
Pulse experiments,pioreactor01,2026-09-05T04:13:45.799Z,5.241155611218,2026-09-05 09:58:45.799,1625.868333333333
Pulse experiments,pioreactor01,2026-09-05T04:13:50.799Z,5.241435008498,2026-09-05 09:58:50.799,1625.869722222222
Pulse experiments,pioreactor01,2026-09-05T04:13:55.798Z,5.241683724108,2026-09-05 09:58:55.798,1625.871111111111
Pulse experiments,pioreactor01,2026-09-05T04:14:00.799Z,5.242055129653,2026-09-05 09:59:00.799,1625.8725
Pulse experiments,pioreactor01,2026-09-05T04:14:05.798Z,5.242416506751,2026-09-05 09:59:05.798,1625.873888888889
Pulse experiments,pioreactor01,2026-09-05T04:14:10.798Z,5.242671585056,2026-09-05 09:59:10.798,1625.875277777778
Pulse experiments,pioreactor01,2026-09-05T04:14:15.798Z,5.242888881865,2026-09-05 09:59:15.798,1625.876666666667
Pulse experiments,pioreactor01,2026-09-05T04:14:20.799Z,5.243027588985,2026-09-05 09:59:20.799,1625.878055555556
Pulse experiments,pioreactor01,2026-09-05T04:14:25.798Z,5.243211301617,2026-09-05 09:59:25.798,1625.879444444445
Pulse experiments,pioreactor01,2026-09-05T04:14:30.801Z,5.243430578207,2026-09-05 09:59:30.801,1625.880833333333
Pulse experiments,pioreactor01,2026-09-05T04:14:35.799Z,5.243727539234,2026-09-05 09:59:35.799,1625.882222222222
Pulse experiments,pioreactor01,2026-09-05T04:14:40.800Z,5.244048165554,2026-09-05 09:59:40.800,1625.883611111111
Pulse experiments,pioreactor01,2026-09-05T04:14:45.799Z,5.244283784364,2026-09-05 09:59:45.799,1625.885
Pulse experiments,pioreactor01,2026-09-05T04:14:50.799Z,5.244446128713,2026-09-05 09:59:50.799,1625.886388888889
Pulse experiments,pioreactor01,2026-09-05T04:14:55.799Z,5.244769566553,2026-09-05 09:59:55.799,1625.887777777778
Pulse experiments,pioreactor01,2026-09-05T04:15:00.799Z,5.245051352534,2026-09-05 10:00:00.799,1625.889166666667
Pulse experiments,pioreactor01,2026-09-05T04:15:05.801Z,5.245408807021,2026-09-05 10:00:05.801,1625.890555555555
Pulse experiments,pioreactor01,2026-09-05T04:15:10.798Z,5.245828266997,2026-09-05 10:00:10.798,1625.891944444444
Pulse experiments,pioreactor01,2026-09-05T04:15:15.800Z,5.246171303981,2026-09-05 10:00:15.800,1625.893333333333
Pulse experiments,pioreactor01,2026-09-05T04:15:20.800Z,5.246588857443,2026-09-05 10:00:20.800,1625.894722222222
Pulse experiments,pioreactor01,2026-09-05T04:15:25.799Z,5.24690658951,2026-09-05 10:00:25.799,1625.896111111111
Pulse experiments,pioreactor01,2026-09-05T04:15:35.798Z,5.247464411915,2026-09-05 10:00:35.798,1625.898888888889
Pulse experiments,pioreactor01,2026-09-05T04:15:40.799Z,5.247803468156,2026-09-05 10:00:40.799,1625.900277777778
Pulse experiments,pioreactor01,2026-09-05T04:15:45.799Z,5.248181722792,2026-09-05 10:00:45.799,1625.901666666667
Pulse experiments,pioreactor01,2026-09-05T04:15:50.799Z,5.248507198309,2026-09-05 10:00:50.799,1625.903055555556
Pulse experiments,pioreactor01,2026-09-05T04:15:55.798Z,5.248777207222,2026-09-05 10:00:55.798,1625.904444444444
Pulse experiments,pioreactor01,2026-09-05T04:16:00.798Z,5.249050452293,2026-09-05 10:01:00.798,1625.905833333333
Pulse experiments,pioreactor01,2026-09-05T04:16:05.800Z,5.249394651115,2026-09-05 10:01:05.800,1625.907222222222
Pulse experiments,pioreactor01,2026-09-05T04:16:10.798Z,5.249687870995,2026-09-05 10:01:10.798,1625.908611111111
Pulse experiments,pioreactor01,2026-09-05T04:16:15.799Z,5.249934884353,2026-09-05 10:01:15.799,1625.91
Pulse experiments,pioreactor01,2026-09-05T04:16:20.799Z,5.250179712339,2026-09-05 10:01:20.799,1625.911388888889
Pulse experiments,pioreactor01,2026-09-05T04:16:25.798Z,5.250350335768,2026-09-05 10:01:25.798,1625.912777777778
Pulse experiments,pioreactor01,2026-09-05T04:16:30.798Z,5.250648906864,2026-09-05 10:01:30.798,1625.914166666667
Pulse experiments,pioreactor01,2026-09-05T04:16:35.800Z,5.250839665906,2026-09-05 10:01:35.800,1625.915555555556
Pulse experiments,pioreactor01,2026-09-05T04:16:40.798Z,5.250970359821,2026-09-05 10:01:40.798,1625.916944444444
Pulse experiments,pioreactor01,2026-09-05T04:16:45.799Z,5.251153909539,2026-09-05 10:01:45.799,1625.918333333333
Pulse experiments,pioreactor01,2026-09-05T04:16:50.799Z,5.251292981431,2026-09-05 10:01:50.799,1625.919722222222
Pulse experiments,pioreactor01,2026-09-05T04:16:55.799Z,5.251463879756,2026-09-05 10:01:55.799,1625.921111111111
Pulse experiments,pioreactor01,2026-09-05T04:17:00.799Z,5.251673472612,2026-09-05 10:02:00.799,1625.9225
Pulse experiments,pioreactor01,2026-09-05T04:17:05.798Z,5.252015875369,2026-09-05 10:02:05.798,1625.923888888889
Pulse experiments,pioreactor01,2026-09-05T04:17:10.799Z,5.252223732526,2026-09-05 10:02:10.799,1625.925277777778
Pulse experiments,pioreactor01,2026-09-05T04:17:15.799Z,5.252473252698,2026-09-05 10:02:15.799,1625.926666666667
Pulse experiments,pioreactor01,2026-09-05T04:17:20.798Z,5.252647155438,2026-09-05 10:02:20.798,1625.928055555556
Pulse experiments,pioreactor01,2026-09-05T04:17:25.798Z,5.252850406744,2026-09-05 10:02:25.798,1625.929444444444
Pulse experiments,pioreactor01,2026-09-05T04:17:30.799Z,5.253061266584,2026-09-05 10:02:30.799,1625.930833333333
Pulse experiments,pioreactor01,2026-09-05T04:17:35.801Z,5.253331687922,2026-09-05 10:02:35.801,1625.932222222222
Pulse experiments,pioreactor01,2026-09-05T04:17:40.798Z,5.253682635017,2026-09-05 10:02:40.798,1625.933611111111
Pulse experiments,pioreactor01,2026-09-05T04:17:45.799Z,5.253999527322,2026-09-05 10:02:45.799,1625.935
Pulse experiments,pioreactor01,2026-09-05T04:17:50.800Z,5.254223959858,2026-09-05 10:02:50.800,1625.936388888889
Pulse experiments,pioreactor01,2026-09-05T04:17:55.800Z,5.254387171815,2026-09-05 10:02:55.800,1625.937777777778
Pulse experiments,pioreactor01,2026-09-05T04:18:00.800Z,5.254677386731,2026-09-05 10:03:00.800,1625.939166666667
Pulse experiments,pioreactor01,2026-09-05T04:18:05.798Z,5.254925755768,2026-09-05 10:03:05.798,1625.940555555556
Pulse experiments,pioreactor01,2026-09-05T04:18:10.799Z,5.255112948309,2026-09-05 10:03:10.799,1625.941944444445
Pulse experiments,pioreactor01,2026-09-05T04:18:15.800Z,5.255308478459,2026-09-05 10:03:15.800,1625.943333333333
Pulse experiments,pioreactor01,2026-09-05T04:18:20.799Z,5.255528953203,2026-09-05 10:03:20.799,1625.944722222222
Pulse experiments,pioreactor01,2026-09-05T04:18:25.799Z,5.255698425366,2026-09-05 10:03:25.799,1625.946111111111
Pulse experiments,pioreactor01,2026-09-05T04:18:30.799Z,5.255933717392,2026-09-05 10:03:30.799,1625.9475
Pulse experiments,pioreactor01,2026-09-05T04:18:35.799Z,5.256142288869,2026-09-05 10:03:35.799,1625.948888888889
Pulse experiments,pioreactor01,2026-09-05T04:18:40.798Z,5.256360563192,2026-09-05 10:03:40.798,1625.950277777778
Pulse experiments,pioreactor01,2026-09-05T04:18:45.798Z,5.256660494818,2026-09-05 10:03:45.798,1625.951666666667
Pulse experiments,pioreactor01,2026-09-05T04:18:50.798Z,5.256886694843,2026-09-05 10:03:50.798,1625.953055555555
Pulse experiments,pioreactor01,2026-09-05T04:18:55.799Z,5.257166803144,2026-09-05 10:03:55.799,1625.954444444444
Pulse experiments,pioreactor01,2026-09-05T04:19:00.799Z,5.257439595372,2026-09-05 10:04:00.799,1625.955833333333
Pulse experiments,pioreactor01,2026-09-05T04:19:05.800Z,5.25773422138,2026-09-05 10:04:05.800,1625.957222222222
Pulse experiments,pioreactor01,2026-09-05T04:19:10.799Z,5.257975764344,2026-09-05 10:04:10.799,1625.958611111111
Pulse experiments,pioreactor01,2026-09-05T04:19:15.799Z,5.25818522853,2026-09-05 10:04:15.799,1625.96
Pulse experiments,pioreactor01,2026-09-05T04:19:20.801Z,5.258440104377,2026-09-05 10:04:20.801,1625.961388888889
Pulse experiments,pioreactor01,2026-09-05T04:19:25.799Z,5.258638603245,2026-09-05 10:04:25.799,1625.962777777778
Pulse experiments,pioreactor01,2026-09-05T04:19:30.798Z,5.258891138279,2026-09-05 10:04:30.798,1625.964166666667
Pulse experiments,pioreactor01,2026-09-05T04:19:40.799Z,5.259319982082,2026-09-05 10:04:40.799,1625.966944444444
Pulse experiments,pioreactor01,2026-09-05T04:19:45.800Z,5.259513106479,2026-09-05 10:04:45.800,1625.968333333333
Pulse experiments,pioreactor01,2026-09-05T04:19:50.798Z,5.259619081404,2026-09-05 10:04:50.798,1625.969722222222
Pulse experiments,pioreactor01,2026-09-05T04:19:55.800Z,5.259762312817,2026-09-05 10:04:55.800,1625.971111111111
Pulse experiments,pioreactor01,2026-09-05T04:20:00.799Z,5.259911727663,2026-09-05 10:05:00.799,1625.9725
Pulse experiments,pioreactor01,2026-09-05T04:20:05.801Z,5.260112267077,2026-09-05 10:05:05.801,1625.973888888889
Pulse experiments,pioreactor01,2026-09-05T04:20:10.799Z,5.260321109135,2026-09-05 10:05:10.799,1625.975277777778
Pulse experiments,pioreactor01,2026-09-05T04:20:15.800Z,5.26063306392,2026-09-05 10:05:15.800,1625.976666666667
Pulse experiments,pioreactor01,2026-09-05T04:20:20.799Z,5.260850391807,2026-09-05 10:05:20.799,1625.978055555556
Pulse experiments,pioreactor01,2026-09-05T04:20:25.799Z,5.261246415011,2026-09-05 10:05:25.799,1625.979444444444
Pulse experiments,pioreactor01,2026-09-05T04:20:30.799Z,5.261497505024,2026-09-05 10:05:30.799,1625.980833333333
Pulse experiments,pioreactor01,2026-09-05T04:20:35.798Z,5.261636974465,2026-09-05 10:05:35.798,1625.982222222222
Pulse experiments,pioreactor01,2026-09-05T04:20:40.799Z,5.261762909832,2026-09-05 10:05:40.799,1625.983611111111
Pulse experiments,pioreactor01,2026-09-05T04:20:45.799Z,5.261947114843,2026-09-05 10:05:45.799,1625.985
Pulse experiments,pioreactor01,2026-09-05T04:20:50.799Z,5.262196245746,2026-09-05 10:05:50.799,1625.986388888889
Pulse experiments,pioreactor01,2026-09-05T04:20:55.799Z,5.262409807222,2026-09-05 10:05:55.799,1625.987777777778
Pulse experiments,pioreactor01,2026-09-05T04:21:00.798Z,5.262591386641,2026-09-05 10:06:00.798,1625.989166666667
Pulse experiments,pioreactor01,2026-09-05T04:21:05.800Z,5.26270098075,2026-09-05 10:06:05.800,1625.990555555556
Pulse experiments,pioreactor01,2026-09-05T04:21:10.800Z,5.262827895837,2026-09-05 10:06:10.800,1625.991944444444
Pulse experiments,pioreactor01,2026-09-05T04:21:15.799Z,5.263144170122,2026-09-05 10:06:15.799,1625.993333333333
Pulse experiments,pioreactor01,2026-09-05T04:21:20.798Z,5.263472423522,2026-09-05 10:06:20.798,1625.994722222222
Pulse experiments,pioreactor01,2026-09-05T04:21:25.798Z,5.2636867705,2026-09-05 10:06:25.798,1625.996111111111
Pulse experiments,pioreactor01,2026-09-05T04:21:30.799Z,5.263965972275,2026-09-05 10:06:30.799,1625.9975
Pulse experiments,pioreactor01,2026-09-05T04:21:35.799Z,5.264219461537,2026-09-05 10:06:35.799,1625.998888888889
Pulse experiments,pioreactor01,2026-09-05T04:21:40.801Z,5.26451063887,2026-09-05 10:06:40.801,1626.000277777778
Pulse experiments,pioreactor01,2026-09-05T04:21:45.800Z,5.264725786726,2026-09-05 10:06:45.800,1626.001666666667
Pulse experiments,pioreactor01,2026-09-05T04:21:50.798Z,5.264944972737,2026-09-05 10:06:50.798,1626.003055555556
Pulse experiments,pioreactor01,2026-09-05T04:22:00.799Z,5.265292532473,2026-09-05 10:07:00.799,1626.005833333333
Pulse experiments,pioreactor01,2026-09-05T04:22:05.798Z,5.265427288559,2026-09-05 10:07:05.798,1626.007222222222
Pulse experiments,pioreactor01,2026-09-05T04:22:10.799Z,5.265638966176,2026-09-05 10:07:10.799,1626.008611111111
Pulse experiments,pioreactor01,2026-09-05T04:22:15.798Z,5.26594220486,2026-09-05 10:07:15.798,1626.01
Pulse experiments,pioreactor01,2026-09-05T04:22:20.799Z,5.266266204766,2026-09-05 10:07:20.799,1626.011388888889
Pulse experiments,pioreactor01,2026-09-05T04:22:25.799Z,5.266432174571,2026-09-05 10:07:25.799,1626.012777777778
Pulse experiments,pioreactor01,2026-09-05T04:22:30.799Z,5.266623669284,2026-09-05 10:07:30.799,1626.014166666667
Pulse experiments,pioreactor01,2026-09-05T04:22:35.799Z,5.266893100631,2026-09-05 10:07:35.799,1626.015555555555
Pulse experiments,pioreactor01,2026-09-05T04:22:40.799Z,5.26721013589,2026-09-05 10:07:40.799,1626.016944444444
Pulse experiments,pioreactor01,2026-09-05T04:22:45.798Z,5.267441470412,2026-09-05 10:07:45.798,1626.018333333333
Pulse experiments,pioreactor01,2026-09-05T04:22:50.798Z,5.267645715703,2026-09-05 10:07:50.798,1626.019722222222
Pulse experiments,pioreactor01,2026-09-05T04:22:55.800Z,5.267841994572,2026-09-05 10:07:55.800,1626.021111111111
Pulse experiments,pioreactor01,2026-09-05T04:23:00.798Z,5.268088869281,2026-09-05 10:08:00.798,1626.0225
Pulse experiments,pioreactor01,2026-09-05T04:23:05.800Z,5.268354359088,2026-09-05 10:08:05.800,1626.023888888889
Pulse experiments,pioreactor01,2026-09-05T04:23:10.799Z,5.268599908668,2026-09-05 10:08:10.799,1626.025277777778
Pulse experiments,pioreactor01,2026-09-05T04:23:15.799Z,5.268952876411,2026-09-05 10:08:15.799,1626.026666666667
Pulse experiments,pioreactor01,2026-09-05T04:23:20.800Z,5.269252197913,2026-09-05 10:08:20.800,1626.028055555556
Pulse experiments,pioreactor01,2026-09-05T04:23:25.798Z,5.269441235587,2026-09-05 10:08:25.798,1626.029444444444
Pulse experiments,pioreactor01,2026-09-05T04:23:30.798Z,5.26973615794,2026-09-05 10:08:30.798,1626.030833333333
Pulse experiments,pioreactor01,2026-09-05T04:23:35.798Z,5.269975912081,2026-09-05 10:08:35.798,1626.032222222222
Pulse experiments,pioreactor01,2026-09-05T04:23:40.800Z,5.270163159768,2026-09-05 10:08:40.800,1626.033611111111
Pulse experiments,pioreactor01,2026-09-05T04:23:45.800Z,5.270322773886,2026-09-05 10:08:45.800,1626.035
Pulse experiments,pioreactor01,2026-09-05T04:23:50.801Z,5.270586967714,2026-09-05 10:08:50.801,1626.036388888889
Pulse experiments,pioreactor01,2026-09-05T04:23:55.799Z,5.270805127941,2026-09-05 10:08:55.799,1626.037777777778
Pulse experiments,pioreactor01,2026-09-05T04:24:00.799Z,5.271057684204,2026-09-05 10:09:00.799,1626.039166666667
Pulse experiments,pioreactor01,2026-09-05T04:24:05.799Z,5.271322708023,2026-09-05 10:09:05.799,1626.040555555556
Pulse experiments,pioreactor01,2026-09-05T04:24:10.799Z,5.2716095478,2026-09-05 10:09:10.799,1626.041944444444
Pulse experiments,pioreactor01,2026-09-05T04:24:15.802Z,5.271785335076,2026-09-05 10:09:15.802,1626.043333333333
Pulse experiments,pioreactor01,2026-09-05T04:24:20.799Z,5.271956488807,2026-09-05 10:09:20.799,1626.044722222222
Pulse experiments,pioreactor01,2026-09-05T04:24:25.798Z,5.272053543117,2026-09-05 10:09:25.798,1626.046111111111
Pulse experiments,pioreactor01,2026-09-05T04:24:30.799Z,5.272203155135,2026-09-05 10:09:30.799,1626.0475
Pulse experiments,pioreactor01,2026-09-05T04:24:35.799Z,5.272485852529,2026-09-05 10:09:35.799,1626.048888888889
Pulse experiments,pioreactor01,2026-09-05T04:24:40.799Z,5.272688767491,2026-09-05 10:09:40.799,1626.050277777778
Pulse experiments,pioreactor01,2026-09-05T04:24:45.799Z,5.27284206138,2026-09-05 10:09:45.799,1626.051666666667
Pulse experiments,pioreactor01,2026-09-05T04:24:50.799Z,5.273063850409,2026-09-05 10:09:50.799,1626.053055555556
Pulse experiments,pioreactor01,2026-09-05T04:24:55.800Z,5.273271521584,2026-09-05 10:09:55.800,1626.054444444444
Pulse experiments,pioreactor01,2026-09-05T04:25:00.799Z,5.27356648383,2026-09-05 10:10:00.799,1626.055833333333
Pulse experiments,pioreactor01,2026-09-05T04:25:05.801Z,5.273816056334,2026-09-05 10:10:05.801,1626.057222222222
Pulse experiments,pioreactor01,2026-09-05T04:25:10.799Z,5.274174002502,2026-09-05 10:10:10.799,1626.058611111111
Pulse experiments,pioreactor01,2026-09-05T04:25:15.798Z,5.274486551675,2026-09-05 10:10:15.798,1626.06
Pulse experiments,pioreactor01,2026-09-05T04:25:20.798Z,5.274738872305,2026-09-05 10:10:20.798,1626.061388888889
Pulse experiments,pioreactor01,2026-09-05T04:25:25.801Z,5.274951438252,2026-09-05 10:10:25.801,1626.062777777778
Pulse experiments,pioreactor01,2026-09-05T04:25:30.799Z,5.275173121091,2026-09-05 10:10:30.799,1626.064166666667
Pulse experiments,pioreactor01,2026-09-05T04:25:35.798Z,5.275533030328,2026-09-05 10:10:35.798,1626.065555555556
Pulse experiments,pioreactor01,2026-09-05T04:25:40.798Z,5.275878442384,2026-09-05 10:10:40.798,1626.066944444445
Pulse experiments,pioreactor01,2026-09-05T04:25:45.799Z,5.27616505633,2026-09-05 10:10:45.799,1626.068333333333
Pulse experiments,pioreactor01,2026-09-05T04:25:50.799Z,5.276397723222,2026-09-05 10:10:50.799,1626.069722222222
Pulse experiments,pioreactor01,2026-09-05T04:25:55.799Z,5.27665004165,2026-09-05 10:10:55.799,1626.071111111111
Pulse experiments,pioreactor01,2026-09-05T04:26:00.798Z,5.276898267427,2026-09-05 10:11:00.798,1626.0725
Pulse experiments,pioreactor01,2026-09-05T04:26:05.800Z,5.277286932747,2026-09-05 10:11:05.800,1626.073888888889
Pulse experiments,pioreactor01,2026-09-05T04:26:10.798Z,5.277612856923,2026-09-05 10:11:10.798,1626.075277777778
Pulse experiments,pioreactor01,2026-09-05T04:26:15.799Z,5.27782300717,2026-09-05 10:11:15.799,1626.076666666667
Pulse experiments,pioreactor01,2026-09-05T04:26:20.799Z,5.278079917962,2026-09-05 10:11:20.799,1626.078055555555
Pulse experiments,pioreactor01,2026-09-05T04:26:25.800Z,5.2782381122,2026-09-05 10:11:25.800,1626.079444444444
Pulse experiments,pioreactor01,2026-09-05T04:26:30.801Z,5.278542775881,2026-09-05 10:11:30.801,1626.080833333333
Pulse experiments,pioreactor01,2026-09-05T04:26:35.799Z,5.278828779361,2026-09-05 10:11:35.799,1626.082222222222
Pulse experiments,pioreactor01,2026-09-05T04:26:40.799Z,5.279073294774,2026-09-05 10:11:40.799,1626.083611111111
Pulse experiments,pioreactor01,2026-09-05T04:26:45.798Z,5.279341624957,2026-09-05 10:11:45.798,1626.085
Pulse experiments,pioreactor01,2026-09-05T04:26:50.799Z,5.279585236201,2026-09-05 10:11:50.799,1626.086388888889
Pulse experiments,pioreactor01,2026-09-05T04:26:55.799Z,5.279847058091,2026-09-05 10:11:55.799,1626.087777777778
Pulse experiments,pioreactor01,2026-09-05T04:27:00.799Z,5.280057764269,2026-09-05 10:12:00.799,1626.089166666667
Pulse experiments,pioreactor01,2026-09-05T04:27:05.799Z,5.280330793034,2026-09-05 10:12:05.799,1626.090555555556
Pulse experiments,pioreactor01,2026-09-05T04:27:10.799Z,5.280605175423,2026-09-05 10:12:10.799,1626.091944444444
Pulse experiments,pioreactor01,2026-09-05T04:27:15.798Z,5.280737709118,2026-09-05 10:12:15.798,1626.093333333333
Pulse experiments,pioreactor01,2026-09-05T04:27:20.799Z,5.280972609473,2026-09-05 10:12:20.799,1626.094722222222
Pulse experiments,pioreactor01,2026-09-05T04:27:25.800Z,5.281081219209,2026-09-05 10:12:25.800,1626.096111111111
Pulse experiments,pioreactor01,2026-09-05T04:27:30.799Z,5.28117341397,2026-09-05 10:12:30.799,1626.0975
Pulse experiments,pioreactor01,2026-09-05T04:27:35.800Z,5.281387653816,2026-09-05 10:12:35.800,1626.098888888889
Pulse experiments,pioreactor01,2026-09-05T04:27:40.799Z,5.281636563439,2026-09-05 10:12:40.799,1626.100277777778
Pulse experiments,pioreactor01,2026-09-05T04:27:45.799Z,5.281740439355,2026-09-05 10:12:45.799,1626.101666666667
Pulse experiments,pioreactor01,2026-09-05T04:27:50.799Z,5.281873542634,2026-09-05 10:12:50.799,1626.103055555556
Pulse experiments,pioreactor01,2026-09-05T04:27:55.798Z,5.282096376709,2026-09-05 10:12:55.798,1626.104444444444
Pulse experiments,pioreactor01,2026-09-05T04:28:00.798Z,5.282312994787,2026-09-05 10:13:00.798,1626.105833333333
Pulse experiments,pioreactor01,2026-09-05T04:28:05.798Z,5.282547864735,2026-09-05 10:13:05.798,1626.107222222222
Pulse experiments,pioreactor01,2026-09-05T04:28:10.802Z,5.282829512143,2026-09-05 10:13:10.802,1626.108611111111
Pulse experiments,pioreactor01,2026-09-05T04:28:15.799Z,5.283083763528,2026-09-05 10:13:15.799,1626.11
Pulse experiments,pioreactor01,2026-09-05T04:28:20.800Z,5.283307309962,2026-09-05 10:13:20.800,1626.111388888889
Pulse experiments,pioreactor01,2026-09-05T04:28:25.798Z,5.283598501537,2026-09-05 10:13:25.798,1626.112777777778
Pulse experiments,pioreactor01,2026-09-05T04:28:30.800Z,5.283849238896,2026-09-05 10:13:30.800,1626.114166666667
Pulse experiments,pioreactor01,2026-09-05T04:28:35.799Z,5.284091093022,2026-09-05 10:13:35.799,1626.115555555556
Pulse experiments,pioreactor01,2026-09-05T04:28:40.799Z,5.284323094931,2026-09-05 10:13:40.799,1626.116944444444
Pulse experiments,pioreactor01,2026-09-05T04:28:45.798Z,5.284522644426,2026-09-05 10:13:45.798,1626.118333333333
Pulse experiments,pioreactor01,2026-09-05T04:28:50.799Z,5.284693493889,2026-09-05 10:13:50.799,1626.119722222222
Pulse experiments,pioreactor01,2026-09-05T04:28:55.799Z,5.284823322132,2026-09-05 10:13:55.799,1626.121111111111
Pulse experiments,pioreactor01,2026-09-05T04:29:00.798Z,5.285041124253,2026-09-05 10:14:00.798,1626.1225
Pulse experiments,pioreactor01,2026-09-05T04:29:05.800Z,5.285322591875,2026-09-05 10:14:05.800,1626.123888888889
Pulse experiments,pioreactor01,2026-09-05T04:29:10.799Z,5.285638011615,2026-09-05 10:14:10.799,1626.125277777778
Pulse experiments,pioreactor01,2026-09-05T04:29:15.798Z,5.285917469288,2026-09-05 10:14:15.798,1626.126666666667
Pulse experiments,pioreactor01,2026-09-05T04:29:20.800Z,5.286179179791,2026-09-05 10:14:20.800,1626.128055555556
Pulse experiments,pioreactor01,2026-09-05T04:29:25.799Z,5.286375972079,2026-09-05 10:14:25.799,1626.129444444445
Pulse experiments,pioreactor01,2026-09-05T04:29:30.799Z,5.28657397038,2026-09-05 10:14:30.799,1626.130833333333
Pulse experiments,pioreactor01,2026-09-05T04:29:35.798Z,5.286751730598,2026-09-05 10:14:35.798,1626.132222222222
Pulse experiments,pioreactor01,2026-09-05T04:29:40.799Z,5.287041914415,2026-09-05 10:14:40.799,1626.133611111111
Pulse experiments,pioreactor01,2026-09-05T04:29:45.798Z,5.2873965571,2026-09-05 10:14:45.798,1626.135
Pulse experiments,pioreactor01,2026-09-05T04:29:50.799Z,5.287594578047,2026-09-05 10:14:50.799,1626.136388888889
Pulse experiments,pioreactor01,2026-09-05T04:29:55.800Z,5.287817209672,2026-09-05 10:14:55.800,1626.137777777778
Pulse experiments,pioreactor01,2026-09-05T04:30:00.800Z,5.287954158756,2026-09-05 10:15:00.800,1626.139166666667
Pulse experiments,pioreactor01,2026-09-05T04:30:05.799Z,5.288152207445,2026-09-05 10:15:05.799,1626.140555555555
Pulse experiments,pioreactor01,2026-09-05T04:30:10.799Z,5.288386089182,2026-09-05 10:15:10.799,1626.141944444444
Pulse experiments,pioreactor01,2026-09-05T04:30:15.800Z,5.288639867258,2026-09-05 10:15:15.800,1626.143333333333
Pulse experiments,pioreactor01,2026-09-05T04:30:20.799Z,5.288830164422,2026-09-05 10:15:20.799,1626.144722222222
Pulse experiments,pioreactor01,2026-09-05T04:30:25.799Z,5.288967975971,2026-09-05 10:15:25.799,1626.146111111111
Pulse experiments,pioreactor01,2026-09-05T04:30:30.800Z,5.289186921177,2026-09-05 10:15:30.800,1626.1475
Pulse experiments,pioreactor01,2026-09-05T04:30:35.799Z,5.289399178731,2026-09-05 10:15:35.799,1626.148888888889
Pulse experiments,pioreactor01,2026-09-05T04:30:40.799Z,5.289542411598,2026-09-05 10:15:40.799,1626.150277777778
Pulse experiments,pioreactor01,2026-09-05T04:30:45.800Z,5.289796823549,2026-09-05 10:15:45.800,1626.151666666667
Pulse experiments,pioreactor01,2026-09-05T04:30:50.801Z,5.29008188169,2026-09-05 10:15:50.801,1626.153055555556
Pulse experiments,pioreactor01,2026-09-05T04:30:55.799Z,5.290392763619,2026-09-05 10:15:55.799,1626.154444444444
Pulse experiments,pioreactor01,2026-09-05T04:31:00.799Z,5.290532032389,2026-09-05 10:16:00.799,1626.155833333333
Pulse experiments,pioreactor01,2026-09-05T04:31:05.799Z,5.290767175047,2026-09-05 10:16:05.799,1626.157222222222
Pulse experiments,pioreactor01,2026-09-05T04:31:15.798Z,5.291175129546,2026-09-05 10:16:15.798,1626.16
Pulse experiments,pioreactor01,2026-09-05T04:31:20.799Z,5.291298879417,2026-09-05 10:16:20.799,1626.161388888889
Pulse experiments,pioreactor01,2026-09-05T04:31:25.799Z,5.291503619174,2026-09-05 10:16:25.799,1626.162777777778
Pulse experiments,pioreactor01,2026-09-05T04:31:30.800Z,5.29173130435,2026-09-05 10:16:30.800,1626.164166666667
Pulse experiments,pioreactor01,2026-09-05T04:31:40.801Z,5.29221565041,2026-09-05 10:16:40.801,1626.166944444444
Pulse experiments,pioreactor01,2026-09-05T04:31:45.799Z,5.292474547619,2026-09-05 10:16:45.799,1626.168333333333
Pulse experiments,pioreactor01,2026-09-05T04:31:50.798Z,5.29277590213,2026-09-05 10:16:50.798,1626.169722222222
Pulse experiments,pioreactor01,2026-09-05T04:31:55.800Z,5.293078876507,2026-09-05 10:16:55.800,1626.171111111111
Pulse experiments,pioreactor01,2026-09-05T04:32:00.800Z,5.293470869291,2026-09-05 10:17:00.800,1626.1725
Pulse experiments,pioreactor01,2026-09-05T04:32:05.799Z,5.293772652455,2026-09-05 10:17:05.799,1626.173888888889
Pulse experiments,pioreactor01,2026-09-05T04:32:10.799Z,5.29394992927,2026-09-05 10:17:10.799,1626.175277777778
Pulse experiments,pioreactor01,2026-09-05T04:32:15.799Z,5.294207547879,2026-09-05 10:17:15.799,1626.176666666667
Pulse experiments,pioreactor01,2026-09-05T04:32:20.799Z,5.294525864466,2026-09-05 10:17:20.799,1626.178055555556
Pulse experiments,pioreactor01,2026-09-05T04:32:25.799Z,5.294926118065,2026-09-05 10:17:25.799,1626.179444444444
Pulse experiments,pioreactor01,2026-09-05T04:32:30.800Z,5.295206874807,2026-09-05 10:17:30.800,1626.180833333333
Pulse experiments,pioreactor01,2026-09-05T04:32:35.798Z,5.295512989013,2026-09-05 10:17:35.798,1626.182222222222
Pulse experiments,pioreactor01,2026-09-05T04:32:40.799Z,5.295836802515,2026-09-05 10:17:40.799,1626.183611111111
Pulse experiments,pioreactor01,2026-09-05T04:32:45.799Z,5.296066089268,2026-09-05 10:17:45.799,1626.185
Pulse experiments,pioreactor01,2026-09-05T04:32:50.798Z,5.296245146417,2026-09-05 10:17:50.798,1626.186388888889
Pulse experiments,pioreactor01,2026-09-05T04:32:55.798Z,5.296389692169,2026-09-05 10:17:55.798,1626.187777777778
Pulse experiments,pioreactor01,2026-09-05T04:33:00.799Z,5.296555940247,2026-09-05 10:18:00.799,1626.189166666667
Pulse experiments,pioreactor01,2026-09-05T04:33:05.799Z,5.296865571915,2026-09-05 10:18:05.799,1626.190555555556
Pulse experiments,pioreactor01,2026-09-05T04:33:10.800Z,5.297141846575,2026-09-05 10:18:10.800,1626.191944444445
Pulse experiments,pioreactor01,2026-09-05T04:33:15.799Z,5.297377754952,2026-09-05 10:18:15.799,1626.193333333333
Pulse experiments,pioreactor01,2026-09-05T04:33:20.799Z,5.297655428354,2026-09-05 10:18:20.799,1626.194722222222
Pulse experiments,pioreactor01,2026-09-05T04:33:25.798Z,5.29793424853,2026-09-05 10:18:25.798,1626.196111111111
Pulse experiments,pioreactor01,2026-09-05T04:33:30.799Z,5.298194581667,2026-09-05 10:18:30.799,1626.1975
Pulse experiments,pioreactor01,2026-09-05T04:33:35.799Z,5.298454607358,2026-09-05 10:18:35.799,1626.198888888889
Pulse experiments,pioreactor01,2026-09-05T04:33:40.799Z,5.298859023604,2026-09-05 10:18:40.799,1626.200277777778
Pulse experiments,pioreactor01,2026-09-05T04:33:45.799Z,5.299275126717,2026-09-05 10:18:45.799,1626.201666666667
Pulse experiments,pioreactor01,2026-09-05T04:33:50.799Z,5.299446595731,2026-09-05 10:18:50.799,1626.203055555555
Pulse experiments,pioreactor01,2026-09-05T04:33:55.800Z,5.299571059542,2026-09-05 10:18:55.800,1626.204444444444
Pulse experiments,pioreactor01,2026-09-05T04:34:00.800Z,5.299736978419,2026-09-05 10:19:00.800,1626.205833333333
Pulse experiments,pioreactor01,2026-09-05T04:34:05.798Z,5.299906370869,2026-09-05 10:19:05.798,1626.207222222222
Pulse experiments,pioreactor01,2026-09-05T04:34:10.799Z,5.300100009664,2026-09-05 10:19:10.799,1626.208611111111
Pulse experiments,pioreactor01,2026-09-05T04:34:15.799Z,5.300309095775,2026-09-05 10:19:15.799,1626.21
Pulse experiments,pioreactor01,2026-09-05T04:34:20.799Z,5.300443639094,2026-09-05 10:19:20.799,1626.211388888889
Pulse experiments,pioreactor01,2026-09-05T04:34:25.799Z,5.300561370641,2026-09-05 10:19:25.799,1626.212777777778
Pulse experiments,pioreactor01,2026-09-05T04:34:30.800Z,5.300744020407,2026-09-05 10:19:30.800,1626.214166666667
Pulse experiments,pioreactor01,2026-09-05T04:34:35.800Z,5.301017932771,2026-09-05 10:19:35.800,1626.215555555556
Pulse experiments,pioreactor01,2026-09-05T04:34:40.799Z,5.301209312412,2026-09-05 10:19:40.799,1626.216944444444
Pulse experiments,pioreactor01,2026-09-05T04:34:45.799Z,5.301425055732,2026-09-05 10:19:45.799,1626.218333333333
Pulse experiments,pioreactor01,2026-09-05T04:34:50.799Z,5.301669921071,2026-09-05 10:19:50.799,1626.219722222222
Pulse experiments,pioreactor01,2026-09-05T04:34:55.798Z,5.302025753141,2026-09-05 10:19:55.798,1626.221111111111
Pulse experiments,pioreactor01,2026-09-05T04:35:00.799Z,5.302371731331,2026-09-05 10:20:00.799,1626.2225
Pulse experiments,pioreactor01,2026-09-05T04:35:05.803Z,5.302703876014,2026-09-05 10:20:05.803,1626.223888888889
Pulse experiments,pioreactor01,2026-09-05T04:35:10.799Z,5.302992029597,2026-09-05 10:20:10.799,1626.225277777778
Pulse experiments,pioreactor01,2026-09-05T04:35:15.801Z,5.303302257149,2026-09-05 10:20:15.801,1626.226666666667
Pulse experiments,pioreactor01,2026-09-05T04:35:20.799Z,5.303553422093,2026-09-05 10:20:20.799,1626.228055555556
Pulse experiments,pioreactor01,2026-09-05T04:35:25.799Z,5.30378180076,2026-09-05 10:20:25.799,1626.229444444444
Pulse experiments,pioreactor01,2026-09-05T04:35:30.798Z,5.303987665001,2026-09-05 10:20:30.798,1626.230833333333
Pulse experiments,pioreactor01,2026-09-05T04:35:35.799Z,5.304190428025,2026-09-05 10:20:35.799,1626.232222222222
Pulse experiments,pioreactor01,2026-09-05T04:35:40.799Z,5.304434221915,2026-09-05 10:20:40.799,1626.233611111111
Pulse experiments,pioreactor01,2026-09-05T04:35:45.800Z,5.304736473873,2026-09-05 10:20:45.800,1626.235
Pulse experiments,pioreactor01,2026-09-05T04:35:55.799Z,5.30514653162,2026-09-05 10:20:55.799,1626.237777777778
Pulse experiments,pioreactor01,2026-09-05T04:36:00.800Z,5.305377294891,2026-09-05 10:21:00.800,1626.239166666667
Pulse experiments,pioreactor01,2026-09-05T04:36:05.799Z,5.305521242432,2026-09-05 10:21:05.799,1626.240555555556
Pulse experiments,pioreactor01,2026-09-05T04:36:10.799Z,5.305668020305,2026-09-05 10:21:10.799,1626.241944444444
Pulse experiments,pioreactor01,2026-09-05T04:36:15.799Z,5.305948862765,2026-09-05 10:21:15.799,1626.243333333333
Pulse experiments,pioreactor01,2026-09-05T04:36:20.800Z,5.306274525826,2026-09-05 10:21:20.800,1626.244722222222
Pulse experiments,pioreactor01,2026-09-05T04:36:25.799Z,5.306606101303,2026-09-05 10:21:25.799,1626.246111111111
Pulse experiments,pioreactor01,2026-09-05T04:36:30.798Z,5.306934555661,2026-09-05 10:21:30.798,1626.2475
Pulse experiments,pioreactor01,2026-09-05T04:36:35.801Z,5.307362608436,2026-09-05 10:21:35.801,1626.248888888889
Pulse experiments,pioreactor01,2026-09-05T04:36:40.800Z,5.307764988324,2026-09-05 10:21:40.800,1626.250277777778
Pulse experiments,pioreactor01,2026-09-05T04:36:45.800Z,5.308184390145,2026-09-05 10:21:45.800,1626.251666666667
Pulse experiments,pioreactor01,2026-09-05T04:36:50.798Z,5.308568252037,2026-09-05 10:21:50.798,1626.253055555556
Pulse experiments,pioreactor01,2026-09-05T04:36:55.799Z,5.308932375103,2026-09-05 10:21:55.799,1626.254444444445
Pulse experiments,pioreactor01,2026-09-05T04:37:00.799Z,5.309196743742,2026-09-05 10:22:00.799,1626.255833333333
Pulse experiments,pioreactor01,2026-09-05T04:37:05.798Z,5.309559532666,2026-09-05 10:22:05.798,1626.257222222222
Pulse experiments,pioreactor01,2026-09-05T04:37:10.798Z,5.309813216143,2026-09-05 10:22:10.798,1626.258611111111
Pulse experiments,pioreactor01,2026-09-05T04:37:15.798Z,5.310082734711,2026-09-05 10:22:15.798,1626.26
Pulse experiments,pioreactor01,2026-09-05T04:37:20.799Z,5.310351840459,2026-09-05 10:22:20.799,1626.261388888889
Pulse experiments,pioreactor01,2026-09-05T04:37:25.800Z,5.310753236245,2026-09-05 10:22:25.800,1626.262777777778
Pulse experiments,pioreactor01,2026-09-05T04:37:30.799Z,5.311058971696,2026-09-05 10:22:30.799,1626.264166666667
Pulse experiments,pioreactor01,2026-09-05T04:37:35.800Z,5.311420588388,2026-09-05 10:22:35.800,1626.265555555555
Pulse experiments,pioreactor01,2026-09-05T04:37:40.799Z,5.311729677006,2026-09-05 10:22:40.799,1626.266944444444
Pulse experiments,pioreactor01,2026-09-05T04:37:45.801Z,5.31201862538,2026-09-05 10:22:45.801,1626.268333333333
Pulse experiments,pioreactor01,2026-09-05T04:37:50.799Z,5.312376538417,2026-09-05 10:22:50.799,1626.269722222222
Pulse experiments,pioreactor01,2026-09-05T04:37:55.799Z,5.312731662012,2026-09-05 10:22:55.799,1626.271111111111
Pulse experiments,pioreactor01,2026-09-05T04:38:00.801Z,5.313075451753,2026-09-05 10:23:00.801,1626.2725
Pulse experiments,pioreactor01,2026-09-05T04:38:05.800Z,5.313355750985,2026-09-05 10:23:05.800,1626.273888888889
Pulse experiments,pioreactor01,2026-09-05T04:38:10.799Z,5.313620459731,2026-09-05 10:23:10.799,1626.275277777778
Pulse experiments,pioreactor01,2026-09-05T04:38:15.800Z,5.313938839504,2026-09-05 10:23:15.800,1626.276666666667
Pulse experiments,pioreactor01,2026-09-05T04:38:20.799Z,5.314267717309,2026-09-05 10:23:20.799,1626.278055555556
Pulse experiments,pioreactor01,2026-09-05T04:38:25.799Z,5.314602663546,2026-09-05 10:23:25.799,1626.279444444444
Pulse experiments,pioreactor01,2026-09-05T04:38:30.800Z,5.314941564678,2026-09-05 10:23:30.800,1626.280833333333
Pulse experiments,pioreactor01,2026-09-05T04:38:35.798Z,5.315262877124,2026-09-05 10:23:35.798,1626.282222222222
Pulse experiments,pioreactor01,2026-09-05T04:38:40.799Z,5.315544284808,2026-09-05 10:23:40.799,1626.283611111111
Pulse experiments,pioreactor01,2026-09-05T04:38:45.799Z,5.315903537957,2026-09-05 10:23:45.799,1626.285
Pulse experiments,pioreactor01,2026-09-05T04:38:50.799Z,5.316152863615,2026-09-05 10:23:50.799,1626.286388888889
Pulse experiments,pioreactor01,2026-09-05T04:38:55.802Z,5.316452261422,2026-09-05 10:23:55.802,1626.287777777778
Pulse experiments,pioreactor01,2026-09-05T04:39:00.800Z,5.316680825089,2026-09-05 10:24:00.800,1626.289166666667
Pulse experiments,pioreactor01,2026-09-05T04:39:05.800Z,5.31693130069,2026-09-05 10:24:05.800,1626.290555555556
Pulse experiments,pioreactor01,2026-09-05T04:39:10.801Z,5.317256567351,2026-09-05 10:24:10.801,1626.291944444444
Pulse experiments,pioreactor01,2026-09-05T04:39:15.800Z,5.317600511446,2026-09-05 10:24:15.800,1626.293333333333
Pulse experiments,pioreactor01,2026-09-05T04:39:20.800Z,5.317939144245,2026-09-05 10:24:20.800,1626.294722222222
Pulse experiments,pioreactor01,2026-09-05T04:39:25.799Z,5.318216079499,2026-09-05 10:24:25.799,1626.296111111111
Pulse experiments,pioreactor01,2026-09-05T04:39:30.799Z,5.31858623752,2026-09-05 10:24:30.799,1626.2975
Pulse experiments,pioreactor01,2026-09-05T04:39:35.798Z,5.318993784899,2026-09-05 10:24:35.798,1626.298888888889
Pulse experiments,pioreactor01,2026-09-05T04:39:40.799Z,5.31932688477,2026-09-05 10:24:40.799,1626.300277777778
Pulse experiments,pioreactor01,2026-09-05T04:39:45.800Z,5.319655062658,2026-09-05 10:24:45.800,1626.301666666667
Pulse experiments,pioreactor01,2026-09-05T04:39:50.799Z,5.319940093373,2026-09-05 10:24:50.799,1626.303055555556
Pulse experiments,pioreactor01,2026-09-05T04:39:55.800Z,5.320279440596,2026-09-05 10:24:55.800,1626.304444444444
Pulse experiments,pioreactor01,2026-09-05T04:40:00.800Z,5.320634697048,2026-09-05 10:25:00.800,1626.305833333333
Pulse experiments,pioreactor01,2026-09-05T04:40:05.799Z,5.32096427717,2026-09-05 10:25:05.799,1626.307222222222
Pulse experiments,pioreactor01,2026-09-05T04:40:10.801Z,5.32128216136,2026-09-05 10:25:10.801,1626.308611111111
Pulse experiments,pioreactor01,2026-09-05T04:40:15.799Z,5.321716798167,2026-09-05 10:25:15.799,1626.31
Pulse experiments,pioreactor01,2026-09-05T04:40:20.799Z,5.321969508414,2026-09-05 10:25:20.799,1626.311388888889
Pulse experiments,pioreactor01,2026-09-05T04:40:25.800Z,5.322212171246,2026-09-05 10:25:25.800,1626.312777777778
Pulse experiments,pioreactor01,2026-09-05T04:40:30.799Z,5.322454344486,2026-09-05 10:25:30.799,1626.314166666667
Pulse experiments,pioreactor01,2026-09-05T04:40:35.798Z,5.322667512248,2026-09-05 10:25:35.798,1626.315555555556
Pulse experiments,pioreactor01,2026-09-05T04:40:40.801Z,5.322839915804,2026-09-05 10:25:40.801,1626.316944444445
Pulse experiments,pioreactor01,2026-09-05T04:40:45.799Z,5.323119841948,2026-09-05 10:25:45.799,1626.318333333333
Pulse experiments,pioreactor01,2026-09-05T04:40:50.799Z,5.323363178891,2026-09-05 10:25:50.799,1626.319722222222
Pulse experiments,pioreactor01,2026-09-05T04:40:55.799Z,5.323540478197,2026-09-05 10:25:55.799,1626.321111111111
Pulse experiments,pioreactor01,2026-09-05T04:41:00.799Z,5.323722373674,2026-09-05 10:26:00.799,1626.3225
Pulse experiments,pioreactor01,2026-09-05T04:41:05.799Z,5.323843295208,2026-09-05 10:26:05.799,1626.323888888889
Pulse experiments,pioreactor01,2026-09-05T04:41:10.802Z,5.323963570567,2026-09-05 10:26:10.802,1626.325277777778
Pulse experiments,pioreactor01,2026-09-05T04:41:15.799Z,5.324020765206,2026-09-05 10:26:15.799,1626.326666666667
Pulse experiments,pioreactor01,2026-09-05T04:41:20.799Z,5.32415510333,2026-09-05 10:26:20.799,1626.328055555555
Pulse experiments,pioreactor01,2026-09-05T04:41:25.798Z,5.324420376942,2026-09-05 10:26:25.798,1626.329444444444
Pulse experiments,pioreactor01,2026-09-05T04:41:30.798Z,5.324695133473,2026-09-05 10:26:30.798,1626.330833333333
Pulse experiments,pioreactor01,2026-09-05T04:41:35.799Z,5.324922371878,2026-09-05 10:26:35.799,1626.332222222222
Pulse experiments,pioreactor01,2026-09-05T04:41:40.799Z,5.325168383444,2026-09-05 10:26:40.799,1626.333611111111
Pulse experiments,pioreactor01,2026-09-05T04:41:45.798Z,5.325416892389,2026-09-05 10:26:45.798,1626.335
Pulse experiments,pioreactor01,2026-09-05T04:41:50.800Z,5.325656714977,2026-09-05 10:26:50.800,1626.336388888889
Pulse experiments,pioreactor01,2026-09-05T04:41:55.798Z,5.325895206104,2026-09-05 10:26:55.798,1626.337777777778
Pulse experiments,pioreactor01,2026-09-05T04:42:00.798Z,5.326079402065,2026-09-05 10:27:00.798,1626.339166666667
Pulse experiments,pioreactor01,2026-09-05T04:42:05.800Z,5.326227751526,2026-09-05 10:27:05.800,1626.340555555556
Pulse experiments,pioreactor01,2026-09-05T04:42:10.799Z,5.326474624341,2026-09-05 10:27:10.799,1626.341944444444
Pulse experiments,pioreactor01,2026-09-05T04:42:15.798Z,5.32669590556,2026-09-05 10:27:15.798,1626.343333333333
Pulse experiments,pioreactor01,2026-09-05T04:42:20.801Z,5.326902692694,2026-09-05 10:27:20.801,1626.344722222222
Pulse experiments,pioreactor01,2026-09-05T04:42:25.799Z,5.327105356529,2026-09-05 10:27:25.799,1626.346111111111
Pulse experiments,pioreactor01,2026-09-05T04:42:30.801Z,5.32732308067,2026-09-05 10:27:30.801,1626.3475
Pulse experiments,pioreactor01,2026-09-05T04:42:35.798Z,5.327526840618,2026-09-05 10:27:35.798,1626.348888888889
Pulse experiments,pioreactor01,2026-09-05T04:42:40.800Z,5.327765865003,2026-09-05 10:27:40.800,1626.350277777778
Pulse experiments,pioreactor01,2026-09-05T04:42:45.799Z,5.327910363193,2026-09-05 10:27:45.799,1626.351666666667
Pulse experiments,pioreactor01,2026-09-05T04:42:50.798Z,5.328057431133,2026-09-05 10:27:50.798,1626.353055555556
Pulse experiments,pioreactor01,2026-09-05T04:42:55.799Z,5.328266861835,2026-09-05 10:27:55.799,1626.354444444444
Pulse experiments,pioreactor01,2026-09-05T04:43:05.799Z,5.328748523965,2026-09-05 10:28:05.799,1626.357222222222
Pulse experiments,pioreactor01,2026-09-05T04:43:10.800Z,5.328860460459,2026-09-05 10:28:10.800,1626.358611111111
Pulse experiments,pioreactor01,2026-09-05T04:43:15.800Z,5.328897221097,2026-09-05 10:28:15.800,1626.36
Pulse experiments,pioreactor01,2026-09-05T04:43:20.800Z,5.328937221094,2026-09-05 10:28:20.800,1626.361388888889
Pulse experiments,pioreactor01,2026-09-05T04:43:25.798Z,5.328912062786,2026-09-05 10:28:25.798,1626.362777777778
Pulse experiments,pioreactor01,2026-09-05T04:43:30.799Z,5.328934928261,2026-09-05 10:28:30.799,1626.364166666667
Pulse experiments,pioreactor01,2026-09-05T04:43:35.800Z,5.328995490294,2026-09-05 10:28:35.800,1626.365555555556
Pulse experiments,pioreactor01,2026-09-05T04:43:40.798Z,5.329071537319,2026-09-05 10:28:40.798,1626.366944444444
Pulse experiments,pioreactor01,2026-09-05T04:43:45.799Z,5.329152064971,2026-09-05 10:28:45.799,1626.368333333333
Pulse experiments,pioreactor01,2026-09-05T04:43:50.800Z,5.329243227228,2026-09-05 10:28:50.800,1626.369722222222
Pulse experiments,pioreactor01,2026-09-05T04:43:55.800Z,5.329272578372,2026-09-05 10:28:55.800,1626.371111111111
Pulse experiments,pioreactor01,2026-09-05T04:44:00.798Z,5.329398452755,2026-09-05 10:29:00.798,1626.3725
Pulse experiments,pioreactor01,2026-09-05T04:44:05.799Z,5.329586332777,2026-09-05 10:29:05.799,1626.373888888889
Pulse experiments,pioreactor01,2026-09-05T04:44:10.798Z,5.329811164139,2026-09-05 10:29:10.798,1626.375277777778
Pulse experiments,pioreactor01,2026-09-05T04:44:20.799Z,5.330142846044,2026-09-05 10:29:20.799,1626.378055555556
Pulse experiments,pioreactor01,2026-09-05T04:44:25.799Z,5.330206618417,2026-09-05 10:29:25.799,1626.379444444445
Pulse experiments,pioreactor01,2026-09-05T04:44:30.798Z,5.330294794112,2026-09-05 10:29:30.798,1626.380833333333
Pulse experiments,pioreactor01,2026-09-05T04:44:35.800Z,5.330480125112,2026-09-05 10:29:35.800,1626.382222222222
Pulse experiments,pioreactor01,2026-09-05T04:44:40.799Z,5.330621017393,2026-09-05 10:29:40.799,1626.383611111111
Pulse experiments,pioreactor01,2026-09-05T04:44:45.800Z,5.330813485272,2026-09-05 10:29:45.800,1626.385
Pulse experiments,pioreactor01,2026-09-05T04:44:55.799Z,5.331246360078,2026-09-05 10:29:55.799,1626.387777777778
Pulse experiments,pioreactor01,2026-09-05T04:45:00.800Z,5.331401254319,2026-09-05 10:30:00.800,1626.389166666667
Pulse experiments,pioreactor01,2026-09-05T04:45:05.801Z,5.331561405352,2026-09-05 10:30:05.801,1626.390555555555
Pulse experiments,pioreactor01,2026-09-05T04:45:10.801Z,5.331674786569,2026-09-05 10:30:10.801,1626.391944444444
Pulse experiments,pioreactor01,2026-09-05T04:45:15.798Z,5.33186865295,2026-09-05 10:30:15.798,1626.393333333333
Pulse experiments,pioreactor01,2026-09-05T04:45:20.799Z,5.332059677982,2026-09-05 10:30:20.799,1626.394722222222
Pulse experiments,pioreactor01,2026-09-05T04:45:25.799Z,5.332146238355,2026-09-05 10:30:25.799,1626.396111111111
Pulse experiments,pioreactor01,2026-09-05T04:45:30.798Z,5.332235835518,2026-09-05 10:30:30.798,1626.3975
Pulse experiments,pioreactor01,2026-09-05T04:45:35.799Z,5.332315649265,2026-09-05 10:30:35.799,1626.398888888889
Pulse experiments,pioreactor01,2026-09-05T04:45:40.798Z,5.332428578583,2026-09-05 10:30:40.798,1626.400277777778
Pulse experiments,pioreactor01,2026-09-05T04:45:45.798Z,5.33252945594,2026-09-05 10:30:45.798,1626.401666666667
Pulse experiments,pioreactor01,2026-09-05T04:45:50.798Z,5.332547991367,2026-09-05 10:30:50.798,1626.403055555556
Pulse experiments,pioreactor01,2026-09-05T04:45:55.799Z,5.332778475659,2026-09-05 10:30:55.799,1626.404444444444
Pulse experiments,pioreactor01,2026-09-05T04:46:00.799Z,5.333023839722,2026-09-05 10:31:00.799,1626.405833333333
Pulse experiments,pioreactor01,2026-09-05T04:46:05.800Z,5.333286416373,2026-09-05 10:31:05.800,1626.407222222222
Pulse experiments,pioreactor01,2026-09-05T04:46:10.798Z,5.333420292614,2026-09-05 10:31:10.798,1626.408611111111
Pulse experiments,pioreactor01,2026-09-05T04:46:15.799Z,5.33346778427,2026-09-05 10:31:15.799,1626.41
Pulse experiments,pioreactor01,2026-09-05T04:46:20.798Z,5.33355691155,2026-09-05 10:31:20.798,1626.411388888889
Pulse experiments,pioreactor01,2026-09-05T04:46:25.798Z,5.333634917961,2026-09-05 10:31:25.798,1626.412777777778
Pulse experiments,pioreactor01,2026-09-05T04:46:30.799Z,5.333714046835,2026-09-05 10:31:30.799,1626.414166666667
Pulse experiments,pioreactor01,2026-09-05T04:46:35.801Z,5.33385546688,2026-09-05 10:31:35.801,1626.415555555556
Pulse experiments,pioreactor01,2026-09-05T04:46:45.798Z,5.334046099012,2026-09-05 10:31:45.798,1626.418333333333
Pulse experiments,pioreactor01,2026-09-05T04:46:50.798Z,5.334056212529,2026-09-05 10:31:50.798,1626.419722222222
Pulse experiments,pioreactor01,2026-09-05T04:46:55.800Z,5.334068632721,2026-09-05 10:31:55.800,1626.421111111111
Pulse experiments,pioreactor01,2026-09-05T04:47:00.801Z,5.334065998888,2026-09-05 10:32:00.801,1626.4225
Pulse experiments,pioreactor01,2026-09-05T04:47:05.800Z,5.334095529422,2026-09-05 10:32:05.800,1626.423888888889
Pulse experiments,pioreactor01,2026-09-05T04:47:10.800Z,5.334125628009,2026-09-05 10:32:10.800,1626.425277777778
Pulse experiments,pioreactor01,2026-09-05T04:47:15.798Z,5.334089060487,2026-09-05 10:32:15.798,1626.426666666667
Pulse experiments,pioreactor01,2026-09-05T04:47:20.798Z,5.334139137329,2026-09-05 10:32:20.798,1626.428055555556
Pulse experiments,pioreactor01,2026-09-05T04:47:25.800Z,5.334252581559,2026-09-05 10:32:25.800,1626.429444444444
Pulse experiments,pioreactor01,2026-09-05T04:47:30.800Z,5.334271263972,2026-09-05 10:32:30.800,1626.430833333333
Pulse experiments,pioreactor01,2026-09-05T04:47:35.801Z,5.334298784908,2026-09-05 10:32:35.801,1626.432222222222
Pulse experiments,pioreactor01,2026-09-05T04:47:40.799Z,5.334329787581,2026-09-05 10:32:40.799,1626.433611111111
Pulse experiments,pioreactor01,2026-09-05T04:47:45.802Z,5.334339968547,2026-09-05 10:32:45.802,1626.435
Pulse experiments,pioreactor01,2026-09-05T04:47:50.800Z,5.334299542193,2026-09-05 10:32:50.800,1626.436388888889
Pulse experiments,pioreactor01,2026-09-05T04:47:55.799Z,5.334324223648,2026-09-05 10:32:55.799,1626.437777777778
Pulse experiments,pioreactor01,2026-09-05T04:48:00.800Z,5.334387343938,2026-09-05 10:33:00.800,1626.439166666667
Pulse experiments,pioreactor01,2026-09-05T04:48:10.799Z,5.3346311877,2026-09-05 10:33:10.799,1626.441944444445
Pulse experiments,pioreactor01,2026-09-05T04:48:15.799Z,5.334730883127,2026-09-05 10:33:15.799,1626.443333333333
Pulse experiments,pioreactor01,2026-09-05T04:48:20.798Z,5.334808906353,2026-09-05 10:33:20.798,1626.444722222222
Pulse experiments,pioreactor01,2026-09-05T04:48:25.798Z,5.334905860262,2026-09-05 10:33:25.798,1626.446111111111
Pulse experiments,pioreactor01,2026-09-05T04:48:30.798Z,5.335077875749,2026-09-05 10:33:30.798,1626.4475
Pulse experiments,pioreactor01,2026-09-05T04:48:35.800Z,5.335158069306,2026-09-05 10:33:35.800,1626.448888888889
Pulse experiments,pioreactor01,2026-09-05T04:48:40.799Z,5.33525096688,2026-09-05 10:33:40.799,1626.450277777778
Pulse experiments,pioreactor01,2026-09-05T04:48:45.800Z,5.335410556225,2026-09-05 10:33:45.800,1626.451666666667
Pulse experiments,pioreactor01,2026-09-05T04:48:50.799Z,5.335552846616,2026-09-05 10:33:50.799,1626.453055555555
Pulse experiments,pioreactor01,2026-09-05T04:49:00.799Z,5.335853066141,2026-09-05 10:34:00.799,1626.455833333333
Pulse experiments,pioreactor01,2026-09-05T04:49:05.800Z,5.335852841082,2026-09-05 10:34:05.800,1626.457222222222
Pulse experiments,pioreactor01,2026-09-05T04:49:10.798Z,5.335916771533,2026-09-05 10:34:10.798,1626.458611111111
Pulse experiments,pioreactor01,2026-09-05T04:49:15.799Z,5.335954221219,2026-09-05 10:34:15.799,1626.46
Pulse experiments,pioreactor01,2026-09-05T04:49:20.798Z,5.335994133191,2026-09-05 10:34:20.798,1626.461388888889
Pulse experiments,pioreactor01,2026-09-05T04:49:25.798Z,5.336003817597,2026-09-05 10:34:25.798,1626.462777777778
Pulse experiments,pioreactor01,2026-09-05T04:49:30.799Z,5.336035145746,2026-09-05 10:34:30.799,1626.464166666667
Pulse experiments,pioreactor01,2026-09-05T04:49:35.799Z,5.336032729376,2026-09-05 10:34:35.799,1626.465555555556
Pulse experiments,pioreactor01,2026-09-05T04:49:40.799Z,5.336089915336,2026-09-05 10:34:40.799,1626.466944444444
Pulse experiments,pioreactor01,2026-09-05T04:49:45.799Z,5.33613981336,2026-09-05 10:34:45.799,1626.468333333333
Pulse experiments,pioreactor01,2026-09-05T04:49:50.799Z,5.336266993136,2026-09-05 10:34:50.799,1626.469722222222
Pulse experiments,pioreactor01,2026-09-05T04:49:55.799Z,5.336368520214,2026-09-05 10:34:55.799,1626.471111111111
Pulse experiments,pioreactor01,2026-09-05T04:50:00.799Z,5.33645477632,2026-09-05 10:35:00.799,1626.4725
Pulse experiments,pioreactor01,2026-09-05T04:50:05.799Z,5.336519530298,2026-09-05 10:35:05.799,1626.473888888889
Pulse experiments,pioreactor01,2026-09-05T04:50:10.799Z,5.336545962509,2026-09-05 10:35:10.799,1626.475277777778
Pulse experiments,pioreactor01,2026-09-05T04:50:15.799Z,5.336603962004,2026-09-05 10:35:15.799,1626.476666666667
Pulse experiments,pioreactor01,2026-09-05T04:50:20.799Z,5.336749156269,2026-09-05 10:35:20.799,1626.478055555556
Pulse experiments,pioreactor01,2026-09-05T04:50:25.798Z,5.336800925181,2026-09-05 10:35:25.798,1626.479444444444
Pulse experiments,pioreactor01,2026-09-05T04:50:30.799Z,5.336946082221,2026-09-05 10:35:30.799,1626.480833333333
Pulse experiments,pioreactor01,2026-09-05T04:50:35.799Z,5.336963856019,2026-09-05 10:35:35.799,1626.482222222222
Pulse experiments,pioreactor01,2026-09-05T04:50:40.798Z,5.337048381456,2026-09-05 10:35:40.798,1626.483611111111
Pulse experiments,pioreactor01,2026-09-05T04:50:45.799Z,5.337141377241,2026-09-05 10:35:45.799,1626.485
Pulse experiments,pioreactor01,2026-09-05T04:50:50.799Z,5.337320124787,2026-09-05 10:35:50.799,1626.486388888889
Pulse experiments,pioreactor01,2026-09-05T04:50:55.799Z,5.337496846004,2026-09-05 10:35:55.799,1626.487777777778
Pulse experiments,pioreactor01,2026-09-05T04:51:00.798Z,5.337547848422,2026-09-05 10:36:00.798,1626.489166666667
Pulse experiments,pioreactor01,2026-09-05T04:51:05.798Z,5.337600962595,2026-09-05 10:36:05.798,1626.490555555556
Pulse experiments,pioreactor01,2026-09-05T04:51:10.799Z,5.337603400042,2026-09-05 10:36:10.799,1626.491944444444
Pulse experiments,pioreactor01,2026-09-05T04:51:15.799Z,5.337620168434,2026-09-05 10:36:15.799,1626.493333333333
Pulse experiments,pioreactor01,2026-09-05T04:51:20.800Z,5.337603689527,2026-09-05 10:36:20.800,1626.494722222222
Pulse experiments,pioreactor01,2026-09-05T04:51:25.799Z,5.337640983828,2026-09-05 10:36:25.799,1626.496111111111
Pulse experiments,pioreactor01,2026-09-05T04:51:30.798Z,5.337773925346,2026-09-05 10:36:30.798,1626.4975
Pulse experiments,pioreactor01,2026-09-05T04:51:35.798Z,5.33788732099,2026-09-05 10:36:35.798,1626.498888888889
Pulse experiments,pioreactor01,2026-09-05T04:51:40.798Z,5.337970365685,2026-09-05 10:36:40.798,1626.500277777778
Pulse experiments,pioreactor01,2026-09-05T04:51:45.801Z,5.337998878711,2026-09-05 10:36:45.801,1626.501666666667
Pulse experiments,pioreactor01,2026-09-05T04:51:50.798Z,5.338050562859,2026-09-05 10:36:50.798,1626.503055555556
Pulse experiments,pioreactor01,2026-09-05T04:51:55.799Z,5.338188320955,2026-09-05 10:36:55.799,1626.504444444445
Pulse experiments,pioreactor01,2026-09-05T04:52:00.798Z,5.338284133844,2026-09-05 10:37:00.798,1626.505833333333
Pulse experiments,pioreactor01,2026-09-05T04:52:05.798Z,5.338270093898,2026-09-05 10:37:05.798,1626.507222222222
Pulse experiments,pioreactor01,2026-09-05T04:52:10.798Z,5.338310087368,2026-09-05 10:37:10.798,1626.508611111111
Pulse experiments,pioreactor01,2026-09-05T04:52:15.798Z,5.338392986805,2026-09-05 10:37:15.798,1626.51
Pulse experiments,pioreactor01,2026-09-05T04:52:20.799Z,5.338550612232,2026-09-05 10:37:20.799,1626.511388888889
Pulse experiments,pioreactor01,2026-09-05T04:52:25.798Z,5.338695344228,2026-09-05 10:37:25.798,1626.512777777778
Pulse experiments,pioreactor01,2026-09-05T04:52:30.799Z,5.338878650412,2026-09-05 10:37:30.799,1626.514166666667
Pulse experiments,pioreactor01,2026-09-05T04:52:35.799Z,5.338957513743,2026-09-05 10:37:35.799,1626.515555555555
Pulse experiments,pioreactor01,2026-09-05T04:52:40.798Z,5.339085594172,2026-09-05 10:37:40.798,1626.516944444444
Pulse experiments,pioreactor01,2026-09-05T04:52:45.799Z,5.339268257794,2026-09-05 10:37:45.799,1626.518333333333
Pulse experiments,pioreactor01,2026-09-05T04:52:50.799Z,5.339374868591,2026-09-05 10:37:50.799,1626.519722222222
Pulse experiments,pioreactor01,2026-09-05T04:52:55.799Z,5.339482417663,2026-09-05 10:37:55.799,1626.521111111111
Pulse experiments,pioreactor01,2026-09-05T04:53:00.800Z,5.339512057357,2026-09-05 10:38:00.800,1626.5225
Pulse experiments,pioreactor01,2026-09-05T04:53:05.798Z,5.339674147901,2026-09-05 10:38:05.798,1626.523888888889
Pulse experiments,pioreactor01,2026-09-05T04:53:10.800Z,5.339747255322,2026-09-05 10:38:10.800,1626.525277777778
Pulse experiments,pioreactor01,2026-09-05T04:53:15.799Z,5.339910234199,2026-09-05 10:38:15.799,1626.526666666667
Pulse experiments,pioreactor01,2026-09-05T04:53:20.799Z,5.340146080103,2026-09-05 10:38:20.799,1626.528055555556
Pulse experiments,pioreactor01,2026-09-05T04:53:25.801Z,5.340321801524,2026-09-05 10:38:25.801,1626.529444444444
Pulse experiments,pioreactor01,2026-09-05T04:53:30.799Z,5.340483489222,2026-09-05 10:38:30.799,1626.530833333333
Pulse experiments,pioreactor01,2026-09-05T04:53:35.799Z,5.340629496961,2026-09-05 10:38:35.799,1626.532222222222
Pulse experiments,pioreactor01,2026-09-05T04:53:40.799Z,5.340888884842,2026-09-05 10:38:40.799,1626.533611111111
Pulse experiments,pioreactor01,2026-09-05T04:53:50.799Z,5.341149826028,2026-09-05 10:38:50.799,1626.536388888889
Pulse experiments,pioreactor01,2026-09-05T04:54:00.798Z,5.341377524727,2026-09-05 10:39:00.798,1626.539166666667
Pulse experiments,pioreactor01,2026-09-05T04:54:05.799Z,5.341361143301,2026-09-05 10:39:05.799,1626.540555555556
Pulse experiments,pioreactor01,2026-09-05T04:54:10.801Z,5.341322348901,2026-09-05 10:39:10.801,1626.541944444444
Pulse experiments,pioreactor01,2026-09-05T04:54:15.798Z,5.341317125402,2026-09-05 10:39:15.798,1626.543333333333
Pulse experiments,pioreactor01,2026-09-05T04:54:20.800Z,5.34131396059,2026-09-05 10:39:20.800,1626.544722222222
Pulse experiments,pioreactor01,2026-09-05T04:54:25.799Z,5.341344545468,2026-09-05 10:39:25.799,1626.546111111111
Pulse experiments,pioreactor01,2026-09-05T04:54:30.798Z,5.341551595825,2026-09-05 10:39:30.798,1626.5475
Pulse experiments,pioreactor01,2026-09-05T04:54:35.800Z,5.341666142573,2026-09-05 10:39:35.800,1626.548888888889
Pulse experiments,pioreactor01,2026-09-05T04:54:40.798Z,5.341760167103,2026-09-05 10:39:40.798,1626.550277777778
Pulse experiments,pioreactor01,2026-09-05T04:54:45.799Z,5.341771433244,2026-09-05 10:39:45.799,1626.551666666667
Pulse experiments,pioreactor01,2026-09-05T04:54:50.799Z,5.34182100531,2026-09-05 10:39:50.799,1626.553055555556
Pulse experiments,pioreactor01,2026-09-05T04:54:55.799Z,5.341943877842,2026-09-05 10:39:55.799,1626.554444444444
Pulse experiments,pioreactor01,2026-09-05T04:55:00.799Z,5.342075482885,2026-09-05 10:40:00.799,1626.555833333333
Pulse experiments,pioreactor01,2026-09-05T04:55:05.798Z,5.34215803285,2026-09-05 10:40:05.798,1626.557222222222
Pulse experiments,pioreactor01,2026-09-05T04:55:10.799Z,5.342256585576,2026-09-05 10:40:10.799,1626.558611111111
Pulse experiments,pioreactor01,2026-09-05T04:55:15.800Z,5.34229225756,2026-09-05 10:40:15.800,1626.56
Pulse experiments,pioreactor01,2026-09-05T04:55:20.798Z,5.34239374757,2026-09-05 10:40:20.798,1626.561388888889
Pulse experiments,pioreactor01,2026-09-05T04:55:25.798Z,5.342437828095,2026-09-05 10:40:25.798,1626.562777777778
Pulse experiments,pioreactor01,2026-09-05T04:55:30.800Z,5.342475489763,2026-09-05 10:40:30.800,1626.564166666667
Pulse experiments,pioreactor01,2026-09-05T04:55:35.800Z,5.342675561677,2026-09-05 10:40:35.800,1626.565555555556
Pulse experiments,pioreactor01,2026-09-05T04:55:40.799Z,5.342877802288,2026-09-05 10:40:40.799,1626.566944444445
Pulse experiments,pioreactor01,2026-09-05T04:55:45.798Z,5.343054486474,2026-09-05 10:40:45.798,1626.568333333333
Pulse experiments,pioreactor01,2026-09-05T04:55:50.799Z,5.343270329134,2026-09-05 10:40:50.799,1626.569722222222
Pulse experiments,pioreactor01,2026-09-05T04:55:55.799Z,5.343413183071,2026-09-05 10:40:55.799,1626.571111111111
Pulse experiments,pioreactor01,2026-09-05T04:56:00.800Z,5.343500766569,2026-09-05 10:41:00.800,1626.5725
Pulse experiments,pioreactor01,2026-09-05T04:56:05.799Z,5.343647297424,2026-09-05 10:41:05.799,1626.573888888889
Pulse experiments,pioreactor01,2026-09-05T04:56:10.799Z,5.343711869391,2026-09-05 10:41:10.799,1626.575277777778
Pulse experiments,pioreactor01,2026-09-05T04:56:15.799Z,5.343751831262,2026-09-05 10:41:15.799,1626.576666666667
Pulse experiments,pioreactor01,2026-09-05T04:56:20.801Z,5.343830293253,2026-09-05 10:41:20.801,1626.578055555555
Pulse experiments,pioreactor01,2026-09-05T04:56:25.799Z,5.343998936367,2026-09-05 10:41:25.799,1626.579444444444
Pulse experiments,pioreactor01,2026-09-05T04:56:30.799Z,5.344103203556,2026-09-05 10:41:30.799,1626.580833333333
Pulse experiments,pioreactor01,2026-09-05T04:56:35.799Z,5.344321305729,2026-09-05 10:41:35.799,1626.582222222222
Pulse experiments,pioreactor01,2026-09-05T04:56:40.799Z,5.344495070622,2026-09-05 10:41:40.799,1626.583611111111
Pulse experiments,pioreactor01,2026-09-05T04:56:45.799Z,5.344634485651,2026-09-05 10:41:45.799,1626.585
Pulse experiments,pioreactor01,2026-09-05T04:56:50.799Z,5.344712960732,2026-09-05 10:41:50.799,1626.586388888889
Pulse experiments,pioreactor01,2026-09-05T04:56:55.798Z,5.344884257351,2026-09-05 10:41:55.798,1626.587777777778
Pulse experiments,pioreactor01,2026-09-05T04:57:00.799Z,5.345018138845,2026-09-05 10:42:00.799,1626.589166666667
Pulse experiments,pioreactor01,2026-09-05T04:57:05.799Z,5.345101305152,2026-09-05 10:42:05.799,1626.590555555556
Pulse experiments,pioreactor01,2026-09-05T04:57:10.799Z,5.345085305518,2026-09-05 10:42:10.799,1626.591944444444
Pulse experiments,pioreactor01,2026-09-05T04:57:15.798Z,5.345215897308,2026-09-05 10:42:15.798,1626.593333333333
Pulse experiments,pioreactor01,2026-09-05T04:57:20.801Z,5.345297902102,2026-09-05 10:42:20.801,1626.594722222222
Pulse experiments,pioreactor01,2026-09-05T04:57:25.798Z,5.345383005917,2026-09-05 10:42:25.798,1626.596111111111
Pulse experiments,pioreactor01,2026-09-05T04:57:30.798Z,5.345515396067,2026-09-05 10:42:30.798,1626.5975
Pulse experiments,pioreactor01,2026-09-05T04:57:35.799Z,5.345713990942,2026-09-05 10:42:35.799,1626.598888888889
Pulse experiments,pioreactor01,2026-09-05T04:57:40.801Z,5.345806618224,2026-09-05 10:42:40.801,1626.600277777778
Pulse experiments,pioreactor01,2026-09-05T04:57:45.799Z,5.345946773639,2026-09-05 10:42:45.799,1626.601666666667
Pulse experiments,pioreactor01,2026-09-05T04:57:50.799Z,5.346096383663,2026-09-05 10:42:50.799,1626.603055555556
Pulse experiments,pioreactor01,2026-09-05T04:57:55.799Z,5.34614646449,2026-09-05 10:42:55.799,1626.604444444444
Pulse experiments,pioreactor01,2026-09-05T04:58:00.799Z,5.346287186699,2026-09-05 10:43:00.799,1626.605833333333
Pulse experiments,pioreactor01,2026-09-05T04:58:05.799Z,5.346392820917,2026-09-05 10:43:05.799,1626.607222222222
Pulse experiments,pioreactor01,2026-09-05T04:58:10.800Z,5.346545179136,2026-09-05 10:43:10.800,1626.608611111111
Pulse experiments,pioreactor01,2026-09-05T04:58:15.798Z,5.346637449927,2026-09-05 10:43:15.798,1626.61
Pulse experiments,pioreactor01,2026-09-05T04:58:20.798Z,5.346741726304,2026-09-05 10:43:20.798,1626.611388888889
Pulse experiments,pioreactor01,2026-09-05T04:58:25.799Z,5.346824367659,2026-09-05 10:43:25.799,1626.612777777778
Pulse experiments,pioreactor01,2026-09-05T04:58:30.799Z,5.346965750718,2026-09-05 10:43:30.799,1626.614166666667
Pulse experiments,pioreactor01,2026-09-05T04:58:35.800Z,5.347075616711,2026-09-05 10:43:35.800,1626.615555555556
Pulse experiments,pioreactor01,2026-09-05T04:58:40.799Z,5.34720465242,2026-09-05 10:43:40.799,1626.616944444444
Pulse experiments,pioreactor01,2026-09-05T04:58:45.798Z,5.347350701173,2026-09-05 10:43:45.798,1626.618333333333
Pulse experiments,pioreactor01,2026-09-05T04:58:50.799Z,5.347631564139,2026-09-05 10:43:50.799,1626.619722222222
Pulse experiments,pioreactor01,2026-09-05T04:58:55.800Z,5.347732696567,2026-09-05 10:43:55.800,1626.621111111111
Pulse experiments,pioreactor01,2026-09-05T04:59:00.798Z,5.347772896047,2026-09-05 10:44:00.798,1626.6225
Pulse experiments,pioreactor01,2026-09-05T04:59:05.800Z,5.347811764778,2026-09-05 10:44:05.800,1626.623888888889
Pulse experiments,pioreactor01,2026-09-05T04:59:10.799Z,5.34795947168,2026-09-05 10:44:10.799,1626.625277777778
Pulse experiments,pioreactor01,2026-09-05T04:59:15.798Z,5.348136745777,2026-09-05 10:44:15.798,1626.626666666667
Pulse experiments,pioreactor01,2026-09-05T04:59:20.799Z,5.34826663095,2026-09-05 10:44:20.799,1626.628055555556
Pulse experiments,pioreactor01,2026-09-05T04:59:25.799Z,5.348499221716,2026-09-05 10:44:25.799,1626.629444444445
Pulse experiments,pioreactor01,2026-09-05T04:59:30.798Z,5.348663188064,2026-09-05 10:44:30.798,1626.630833333333
Pulse experiments,pioreactor01,2026-09-05T04:59:35.799Z,5.348789297624,2026-09-05 10:44:35.799,1626.632222222222
Pulse experiments,pioreactor01,2026-09-05T04:59:40.798Z,5.348907799938,2026-09-05 10:44:40.798,1626.633611111111
Pulse experiments,pioreactor01,2026-09-05T04:59:45.799Z,5.349049930121,2026-09-05 10:44:45.799,1626.635
Pulse experiments,pioreactor01,2026-09-05T04:59:50.798Z,5.349247222698,2026-09-05 10:44:50.798,1626.636388888889
Pulse experiments,pioreactor01,2026-09-05T04:59:55.798Z,5.349406394092,2026-09-05 10:44:55.798,1626.637777777778
Pulse experiments,pioreactor01,2026-09-05T05:00:00.799Z,5.349520386587,2026-09-05 10:45:00.799,1626.639166666667
Pulse experiments,pioreactor01,2026-09-05T05:00:05.799Z,5.349703629243,2026-09-05 10:45:05.799,1626.640555555555
Pulse experiments,pioreactor01,2026-09-05T05:00:10.799Z,5.349801493181,2026-09-05 10:45:10.799,1626.641944444444
Pulse experiments,pioreactor01,2026-09-05T05:00:15.799Z,5.34984166261,2026-09-05 10:45:15.799,1626.643333333333
Pulse experiments,pioreactor01,2026-09-05T05:00:20.798Z,5.349998915274,2026-09-05 10:45:20.798,1626.644722222222
Pulse experiments,pioreactor01,2026-09-05T05:00:25.799Z,5.350113130456,2026-09-05 10:45:25.799,1626.646111111111
Pulse experiments,pioreactor01,2026-09-05T05:00:30.798Z,5.350140198781,2026-09-05 10:45:30.798,1626.6475
Pulse experiments,pioreactor01,2026-09-05T05:00:35.799Z,5.350187869161,2026-09-05 10:45:35.799,1626.648888888889
Pulse experiments,pioreactor01,2026-09-05T05:00:40.798Z,5.350244294045,2026-09-05 10:45:40.798,1626.650277777778
Pulse experiments,pioreactor01,2026-09-05T05:00:45.798Z,5.350411003544,2026-09-05 10:45:45.798,1626.651666666667
Pulse experiments,pioreactor01,2026-09-05T05:00:50.798Z,5.350546304133,2026-09-05 10:45:50.798,1626.653055555556
Pulse experiments,pioreactor01,2026-09-05T05:00:55.799Z,5.350648981324,2026-09-05 10:45:55.799,1626.654444444444
Pulse experiments,pioreactor01,2026-09-05T05:01:00.798Z,5.350781929484,2026-09-05 10:46:00.798,1626.655833333333
Pulse experiments,pioreactor01,2026-09-05T05:01:05.801Z,5.350860814583,2026-09-05 10:46:05.801,1626.657222222222
Pulse experiments,pioreactor01,2026-09-05T05:01:10.800Z,5.351025268612,2026-09-05 10:46:10.800,1626.658611111111
Pulse experiments,pioreactor01,2026-09-05T05:01:15.799Z,5.351229529787,2026-09-05 10:46:15.799,1626.66
Pulse experiments,pioreactor01,2026-09-05T05:01:20.799Z,5.351482877521,2026-09-05 10:46:20.799,1626.661388888889
Pulse experiments,pioreactor01,2026-09-05T05:01:25.799Z,5.351768640372,2026-09-05 10:46:25.799,1626.662777777778
Pulse experiments,pioreactor01,2026-09-05T05:01:30.799Z,5.351960721432,2026-09-05 10:46:30.799,1626.664166666667
Pulse experiments,pioreactor01,2026-09-05T05:01:35.799Z,5.35204378835,2026-09-05 10:46:35.799,1626.665555555556
Pulse experiments,pioreactor01,2026-09-05T05:01:40.800Z,5.352217839298,2026-09-05 10:46:40.800,1626.666944444444
Pulse experiments,pioreactor01,2026-09-05T05:01:45.798Z,5.35241527861,2026-09-05 10:46:45.798,1626.668333333333
Pulse experiments,pioreactor01,2026-09-05T05:01:50.799Z,5.352628785684,2026-09-05 10:46:50.799,1626.669722222222
Pulse experiments,pioreactor01,2026-09-05T05:01:55.799Z,5.352814665274,2026-09-05 10:46:55.799,1626.671111111111
Pulse experiments,pioreactor01,2026-09-05T05:02:00.800Z,5.352879966439,2026-09-05 10:47:00.800,1626.6725
Pulse experiments,pioreactor01,2026-09-05T05:02:05.798Z,5.352965206764,2026-09-05 10:47:05.798,1626.673888888889
Pulse experiments,pioreactor01,2026-09-05T05:02:10.798Z,5.353050627578,2026-09-05 10:47:10.798,1626.675277777778
Pulse experiments,pioreactor01,2026-09-05T05:02:15.798Z,5.353226643695,2026-09-05 10:47:15.798,1626.676666666667
Pulse experiments,pioreactor01,2026-09-05T05:02:20.800Z,5.353417653681,2026-09-05 10:47:20.800,1626.678055555556
Pulse experiments,pioreactor01,2026-09-05T05:02:25.798Z,5.353658946073,2026-09-05 10:47:25.798,1626.679444444444
Pulse experiments,pioreactor01,2026-09-05T05:02:30.799Z,5.353858864313,2026-09-05 10:47:30.799,1626.680833333333
Pulse experiments,pioreactor01,2026-09-05T05:02:35.799Z,5.354005391921,2026-09-05 10:47:35.799,1626.682222222222
Pulse experiments,pioreactor01,2026-09-05T05:02:40.799Z,5.354142205782,2026-09-05 10:47:40.799,1626.683611111111
Pulse experiments,pioreactor01,2026-09-05T05:02:45.799Z,5.354354746009,2026-09-05 10:47:45.799,1626.685
Pulse experiments,pioreactor01,2026-09-05T05:02:50.800Z,5.354465672495,2026-09-05 10:47:50.800,1626.686388888889
Pulse experiments,pioreactor01,2026-09-05T05:02:55.798Z,5.354651159655,2026-09-05 10:47:55.798,1626.687777777778
Pulse experiments,pioreactor01,2026-09-05T05:03:00.800Z,5.35483908124,2026-09-05 10:48:00.800,1626.689166666667
Pulse experiments,pioreactor01,2026-09-05T05:03:05.798Z,5.354992847181,2026-09-05 10:48:05.798,1626.690555555556
Pulse experiments,pioreactor01,2026-09-05T05:03:10.799Z,5.355136187258,2026-09-05 10:48:10.799,1626.691944444445
Pulse experiments,pioreactor01,2026-09-05T05:03:20.799Z,5.35558157687,2026-09-05 10:48:20.799,1626.694722222222
Pulse experiments,pioreactor01,2026-09-05T05:03:25.798Z,5.35584097433,2026-09-05 10:48:25.798,1626.696111111111
Pulse experiments,pioreactor01,2026-09-05T05:03:30.799Z,5.35600336389,2026-09-05 10:48:30.799,1626.6975
Pulse experiments,pioreactor01,2026-09-05T05:03:35.798Z,5.356142555002,2026-09-05 10:48:35.798,1626.698888888889
Pulse experiments,pioreactor01,2026-09-05T05:03:40.799Z,5.356306507051,2026-09-05 10:48:40.799,1626.700277777778
Pulse experiments,pioreactor01,2026-09-05T05:03:45.799Z,5.356467720687,2026-09-05 10:48:45.799,1626.701666666667
Pulse experiments,pioreactor01,2026-09-05T05:03:50.799Z,5.356690791393,2026-09-05 10:48:50.799,1626.703055555555
Pulse experiments,pioreactor01,2026-09-05T05:03:55.799Z,5.356862321389,2026-09-05 10:48:55.799,1626.704444444444
Pulse experiments,pioreactor01,2026-09-05T05:04:00.798Z,5.35702616195,2026-09-05 10:49:00.798,1626.705833333333
Pulse experiments,pioreactor01,2026-09-05T05:04:05.799Z,5.357196835266,2026-09-05 10:49:05.799,1626.707222222222
Pulse experiments,pioreactor01,2026-09-05T05:04:10.799Z,5.357261064454,2026-09-05 10:49:10.799,1626.708611111111
Pulse experiments,pioreactor01,2026-09-05T05:04:15.799Z,5.357315113599,2026-09-05 10:49:15.799,1626.71
Pulse experiments,pioreactor01,2026-09-05T05:04:20.799Z,5.357552042386,2026-09-05 10:49:20.799,1626.711388888889
Pulse experiments,pioreactor01,2026-09-05T05:04:25.798Z,5.357715379679,2026-09-05 10:49:25.798,1626.712777777778
Pulse experiments,pioreactor01,2026-09-05T05:04:30.800Z,5.357830914298,2026-09-05 10:49:30.800,1626.714166666667
Pulse experiments,pioreactor01,2026-09-05T05:04:35.798Z,5.357965993289,2026-09-05 10:49:35.798,1626.715555555556
Pulse experiments,pioreactor01,2026-09-05T05:04:40.799Z,5.358007391572,2026-09-05 10:49:40.799,1626.716944444444
Pulse experiments,pioreactor01,2026-09-05T05:04:45.798Z,5.358190778341,2026-09-05 10:49:45.798,1626.718333333333
Pulse experiments,pioreactor01,2026-09-05T05:04:50.798Z,5.358349497075,2026-09-05 10:49:50.798,1626.719722222222
Pulse experiments,pioreactor01,2026-09-05T05:04:55.799Z,5.358544848123,2026-09-05 10:49:55.799,1626.721111111111
Pulse experiments,pioreactor01,2026-09-05T05:05:00.798Z,5.358739237992,2026-09-05 10:50:00.798,1626.7225
Pulse experiments,pioreactor01,2026-09-05T05:05:05.799Z,5.358893637869,2026-09-05 10:50:05.799,1626.723888888889
Pulse experiments,pioreactor01,2026-09-05T05:05:10.798Z,5.35907842922,2026-09-05 10:50:10.798,1626.725277777778
Pulse experiments,pioreactor01,2026-09-05T05:05:15.798Z,5.359141327624,2026-09-05 10:50:15.798,1626.726666666667
Pulse experiments,pioreactor01,2026-09-05T05:05:25.799Z,5.359450025037,2026-09-05 10:50:25.799,1626.729444444444
Pulse experiments,pioreactor01,2026-09-05T05:05:30.798Z,5.359579184966,2026-09-05 10:50:30.798,1626.730833333333
Pulse experiments,pioreactor01,2026-09-05T05:05:35.798Z,5.3597697063,2026-09-05 10:50:35.798,1626.732222222222
Pulse experiments,pioreactor01,2026-09-05T05:05:40.799Z,5.359979503304,2026-09-05 10:50:40.799,1626.733611111111
Pulse experiments,pioreactor01,2026-09-05T05:05:45.801Z,5.360125605169,2026-09-05 10:50:45.801,1626.735
Pulse experiments,pioreactor01,2026-09-05T05:05:50.801Z,5.360176405542,2026-09-05 10:50:50.801,1626.736388888889
Pulse experiments,pioreactor01,2026-09-05T05:05:55.798Z,5.360332472796,2026-09-05 10:50:55.798,1626.737777777778
Pulse experiments,pioreactor01,2026-09-05T05:06:00.799Z,5.360486772879,2026-09-05 10:51:00.799,1626.739166666667
Pulse experiments,pioreactor01,2026-09-05T05:06:05.799Z,5.36067788104,2026-09-05 10:51:05.799,1626.740555555556
Pulse experiments,pioreactor01,2026-09-05T05:06:10.799Z,5.360815147372,2026-09-05 10:51:10.799,1626.741944444444
Pulse experiments,pioreactor01,2026-09-05T05:06:15.799Z,5.360972659402,2026-09-05 10:51:15.799,1626.743333333333
Pulse experiments,pioreactor01,2026-09-05T05:06:20.800Z,5.361162403568,2026-09-05 10:51:20.800,1626.744722222222
Pulse experiments,pioreactor01,2026-09-05T05:06:25.799Z,5.361339921592,2026-09-05 10:51:25.799,1626.746111111111
Pulse experiments,pioreactor01,2026-09-05T05:06:30.798Z,5.361495678532,2026-09-05 10:51:30.798,1626.7475
Pulse experiments,pioreactor01,2026-09-05T05:06:35.798Z,5.361576324985,2026-09-05 10:51:35.798,1626.748888888889
Pulse experiments,pioreactor01,2026-09-05T05:06:40.799Z,5.361605615415,2026-09-05 10:51:40.799,1626.750277777778
Pulse experiments,pioreactor01,2026-09-05T05:06:45.799Z,5.361748482745,2026-09-05 10:51:45.799,1626.751666666667
Pulse experiments,pioreactor01,2026-09-05T05:06:50.799Z,5.361928038399,2026-09-05 10:51:50.799,1626.753055555556
Pulse experiments,pioreactor01,2026-09-05T05:06:55.798Z,5.362059495631,2026-09-05 10:51:55.798,1626.754444444445
Pulse experiments,pioreactor01,2026-09-05T05:07:00.799Z,5.362212378861,2026-09-05 10:52:00.799,1626.755833333333
Pulse experiments,pioreactor01,2026-09-05T05:07:05.798Z,5.362304518821,2026-09-05 10:52:05.798,1626.757222222222
Pulse experiments,pioreactor01,2026-09-05T05:07:10.798Z,5.362382321261,2026-09-05 10:52:10.798,1626.758611111111
Pulse experiments,pioreactor01,2026-09-05T05:07:15.800Z,5.36251459229,2026-09-05 10:52:15.800,1626.76
Pulse experiments,pioreactor01,2026-09-05T05:07:20.799Z,5.362711411289,2026-09-05 10:52:20.799,1626.761388888889
Pulse experiments,pioreactor01,2026-09-05T05:07:25.798Z,5.362935292087,2026-09-05 10:52:25.798,1626.762777777778
Pulse experiments,pioreactor01,2026-09-05T05:07:30.799Z,5.363083791085,2026-09-05 10:52:30.799,1626.764166666667
Pulse experiments,pioreactor01,2026-09-05T05:07:35.801Z,5.363225415784,2026-09-05 10:52:35.801,1626.765555555555
Pulse experiments,pioreactor01,2026-09-05T05:07:40.798Z,5.36335203716,2026-09-05 10:52:40.798,1626.766944444444
Pulse experiments,pioreactor01,2026-09-05T05:07:45.800Z,5.363509917068,2026-09-05 10:52:45.800,1626.768333333333
Pulse experiments,pioreactor01,2026-09-05T05:07:55.799Z,5.363808008382,2026-09-05 10:52:55.799,1626.771111111111
Pulse experiments,pioreactor01,2026-09-05T05:08:00.798Z,5.363939678747,2026-09-05 10:53:00.798,1626.7725
Pulse experiments,pioreactor01,2026-09-05T05:08:05.799Z,5.364117987238,2026-09-05 10:53:05.799,1626.773888888889
Pulse experiments,pioreactor01,2026-09-05T05:08:15.799Z,5.364361843981,2026-09-05 10:53:15.799,1626.776666666667
Pulse experiments,pioreactor01,2026-09-05T05:08:20.798Z,5.364540926735,2026-09-05 10:53:20.798,1626.778055555556
Pulse experiments,pioreactor01,2026-09-05T05:08:25.799Z,5.364680755265,2026-09-05 10:53:25.799,1626.779444444444
Pulse experiments,pioreactor01,2026-09-05T05:08:30.798Z,5.364822109846,2026-09-05 10:53:30.798,1626.780833333333
Pulse experiments,pioreactor01,2026-09-05T05:08:35.798Z,5.364937586146,2026-09-05 10:53:35.798,1626.782222222222
Pulse experiments,pioreactor01,2026-09-05T05:08:40.799Z,5.365023989648,2026-09-05 10:53:40.799,1626.783611111111
Pulse experiments,pioreactor01,2026-09-05T05:08:45.798Z,5.365162172908,2026-09-05 10:53:45.798,1626.785
Pulse experiments,pioreactor01,2026-09-05T05:08:50.799Z,5.365350696084,2026-09-05 10:53:50.799,1626.786388888889
Pulse experiments,pioreactor01,2026-09-05T05:08:55.798Z,5.3654581623,2026-09-05 10:53:55.798,1626.787777777778
Pulse experiments,pioreactor01,2026-09-05T05:09:00.798Z,5.36557740121,2026-09-05 10:54:00.798,1626.789166666667
Pulse experiments,pioreactor01,2026-09-05T05:09:05.798Z,5.365705114098,2026-09-05 10:54:05.798,1626.790555555556
Pulse experiments,pioreactor01,2026-09-05T05:09:10.799Z,5.365921500434,2026-09-05 10:54:10.799,1626.791944444444
Pulse experiments,pioreactor01,2026-09-05T05:09:15.798Z,5.366050022584,2026-09-05 10:54:15.798,1626.793333333333
Pulse experiments,pioreactor01,2026-09-05T05:09:20.799Z,5.36619929101,2026-09-05 10:54:20.799,1626.794722222222
Pulse experiments,pioreactor01,2026-09-05T05:09:25.798Z,5.36643344337,2026-09-05 10:54:25.798,1626.796111111111
Pulse experiments,pioreactor01,2026-09-05T05:09:30.799Z,5.366632637783,2026-09-05 10:54:30.799,1626.7975
Pulse experiments,pioreactor01,2026-09-05T05:09:35.799Z,5.366830094608,2026-09-05 10:54:35.799,1626.798888888889
Pulse experiments,pioreactor01,2026-09-05T05:09:40.799Z,5.367023748329,2026-09-05 10:54:40.799,1626.800277777778
Pulse experiments,pioreactor01,2026-09-05T05:09:45.799Z,5.367150681259,2026-09-05 10:54:45.799,1626.801666666667
Pulse experiments,pioreactor01,2026-09-05T05:09:50.799Z,5.367175862773,2026-09-05 10:54:50.799,1626.803055555556
Pulse experiments,pioreactor01,2026-09-05T05:09:55.799Z,5.367223627228,2026-09-05 10:54:55.799,1626.804444444444
Pulse experiments,pioreactor01,2026-09-05T05:10:00.800Z,5.36737746039,2026-09-05 10:55:00.800,1626.805833333333
Pulse experiments,pioreactor01,2026-09-05T05:10:05.799Z,5.367471813465,2026-09-05 10:55:05.799,1626.807222222222
Pulse experiments,pioreactor01,2026-09-05T05:10:10.799Z,5.367579081673,2026-09-05 10:55:10.799,1626.808611111111
Pulse experiments,pioreactor01,2026-09-05T05:10:15.799Z,5.3677174142,2026-09-05 10:55:15.799,1626.81
Pulse experiments,pioreactor01,2026-09-05T05:10:20.798Z,5.367782383234,2026-09-05 10:55:20.798,1626.811388888889
Pulse experiments,pioreactor01,2026-09-05T05:10:25.800Z,5.367949990144,2026-09-05 10:55:25.800,1626.812777777778
Pulse experiments,pioreactor01,2026-09-05T05:10:30.798Z,5.368109928998,2026-09-05 10:55:30.798,1626.814166666667
Pulse experiments,pioreactor01,2026-09-05T05:10:35.798Z,5.36820680227,2026-09-05 10:55:35.798,1626.815555555556
Pulse experiments,pioreactor01,2026-09-05T05:10:40.798Z,5.368302766413,2026-09-05 10:55:40.798,1626.816944444445
Pulse experiments,pioreactor01,2026-09-05T05:10:45.798Z,5.368401003918,2026-09-05 10:55:45.798,1626.818333333333
Pulse experiments,pioreactor01,2026-09-05T05:10:50.799Z,5.368413088513,2026-09-05 10:55:50.799,1626.819722222222
Pulse experiments,pioreactor01,2026-09-05T05:10:55.799Z,5.368557386639,2026-09-05 10:55:55.799,1626.821111111111
Pulse experiments,pioreactor01,2026-09-05T05:11:00.799Z,5.368632141658,2026-09-05 10:56:00.799,1626.8225
Pulse experiments,pioreactor01,2026-09-05T05:11:05.799Z,5.368659660208,2026-09-05 10:56:05.799,1626.823888888889
Pulse experiments,pioreactor01,2026-09-05T05:11:10.799Z,5.368753031496,2026-09-05 10:56:10.799,1626.825277777778
Pulse experiments,pioreactor01,2026-09-05T05:11:15.799Z,5.36890319632,2026-09-05 10:56:15.799,1626.826666666667
Pulse experiments,pioreactor01,2026-09-05T05:11:20.799Z,5.369050192677,2026-09-05 10:56:20.799,1626.828055555555
Pulse experiments,pioreactor01,2026-09-05T05:11:25.800Z,5.369182427197,2026-09-05 10:56:25.800,1626.829444444444
Pulse experiments,pioreactor01,2026-09-05T05:11:35.799Z,5.369550462404,2026-09-05 10:56:35.799,1626.832222222222
Pulse experiments,pioreactor01,2026-09-05T05:11:40.799Z,5.369731229496,2026-09-05 10:56:40.799,1626.833611111111
Pulse experiments,pioreactor01,2026-09-05T05:11:45.798Z,5.369941290306,2026-09-05 10:56:45.798,1626.835
Pulse experiments,pioreactor01,2026-09-05T05:11:50.799Z,5.370133831681,2026-09-05 10:56:50.799,1626.836388888889
Pulse experiments,pioreactor01,2026-09-05T05:11:55.798Z,5.370286105719,2026-09-05 10:56:55.798,1626.837777777778
Pulse experiments,pioreactor01,2026-09-05T05:12:00.800Z,5.370355215771,2026-09-05 10:57:00.800,1626.839166666667
Pulse experiments,pioreactor01,2026-09-05T05:12:05.799Z,5.370431068528,2026-09-05 10:57:05.799,1626.840555555556
Pulse experiments,pioreactor01,2026-09-05T05:12:10.800Z,5.370611354764,2026-09-05 10:57:10.800,1626.841944444444
Pulse experiments,pioreactor01,2026-09-05T05:12:15.799Z,5.370757401352,2026-09-05 10:57:15.799,1626.843333333333
Pulse experiments,pioreactor01,2026-09-05T05:12:20.798Z,5.370947268742,2026-09-05 10:57:20.798,1626.844722222222
Pulse experiments,pioreactor01,2026-09-05T05:12:25.799Z,5.371129306595,2026-09-05 10:57:25.799,1626.846111111111
Pulse experiments,pioreactor01,2026-09-05T05:12:30.798Z,5.37136976252,2026-09-05 10:57:30.798,1626.8475
Pulse experiments,pioreactor01,2026-09-05T05:12:35.799Z,5.371564151782,2026-09-05 10:57:35.799,1626.848888888889
Pulse experiments,pioreactor01,2026-09-05T05:12:40.800Z,5.37179611235,2026-09-05 10:57:40.800,1626.850277777778
Pulse experiments,pioreactor01,2026-09-05T05:12:45.799Z,5.3719751925,2026-09-05 10:57:45.799,1626.851666666667
Pulse experiments,pioreactor01,2026-09-05T05:12:50.799Z,5.372096237784,2026-09-05 10:57:50.799,1626.853055555556
Pulse experiments,pioreactor01,2026-09-05T05:12:55.799Z,5.37222411285,2026-09-05 10:57:55.799,1626.854444444444
Pulse experiments,pioreactor01,2026-09-05T05:13:00.799Z,5.372332559905,2026-09-05 10:58:00.799,1626.855833333333
Pulse experiments,pioreactor01,2026-09-05T05:13:05.798Z,5.372473993129,2026-09-05 10:58:05.798,1626.857222222222
Pulse experiments,pioreactor01,2026-09-05T05:13:10.801Z,5.372620651364,2026-09-05 10:58:10.801,1626.858611111111
Pulse experiments,pioreactor01,2026-09-05T05:13:15.798Z,5.372878438657,2026-09-05 10:58:15.798,1626.86
Pulse experiments,pioreactor01,2026-09-05T05:13:20.798Z,5.373156401826,2026-09-05 10:58:20.798,1626.861388888889
Pulse experiments,pioreactor01,2026-09-05T05:13:25.798Z,5.373387729758,2026-09-05 10:58:25.798,1626.862777777778
Pulse experiments,pioreactor01,2026-09-05T05:13:30.798Z,5.373600936819,2026-09-05 10:58:30.798,1626.864166666667
Pulse experiments,pioreactor01,2026-09-05T05:13:35.798Z,5.373753320062,2026-09-05 10:58:35.798,1626.865555555556
Pulse experiments,pioreactor01,2026-09-05T05:13:40.799Z,5.373848156159,2026-09-05 10:58:40.799,1626.866944444444
Pulse experiments,pioreactor01,2026-09-05T05:13:45.799Z,5.373988225254,2026-09-05 10:58:45.799,1626.868333333333
Pulse experiments,pioreactor01,2026-09-05T05:13:50.799Z,5.374134664188,2026-09-05 10:58:50.799,1626.869722222222
Pulse experiments,pioreactor01,2026-09-05T05:13:55.798Z,5.374209814982,2026-09-05 10:58:55.798,1626.871111111111
Pulse experiments,pioreactor01,2026-09-05T05:14:00.799Z,5.374481892521,2026-09-05 10:59:00.799,1626.8725
Pulse experiments,pioreactor01,2026-09-05T05:14:05.799Z,5.374715481449,2026-09-05 10:59:05.799,1626.873888888889
Pulse experiments,pioreactor01,2026-09-05T05:14:10.799Z,5.374894263155,2026-09-05 10:59:10.799,1626.875277777778
Pulse experiments,pioreactor01,2026-09-05T05:14:15.799Z,5.375030162366,2026-09-05 10:59:15.799,1626.876666666667
Pulse experiments,pioreactor01,2026-09-05T05:14:20.798Z,5.375159968543,2026-09-05 10:59:20.798,1626.878055555556
Pulse experiments,pioreactor01,2026-09-05T05:14:25.801Z,5.375326871641,2026-09-05 10:59:25.801,1626.879444444445
Pulse experiments,pioreactor01,2026-09-05T05:14:30.799Z,5.375481117363,2026-09-05 10:59:30.799,1626.880833333333
Pulse experiments,pioreactor01,2026-09-05T05:14:35.798Z,5.375635682983,2026-09-05 10:59:35.798,1626.882222222222
Pulse experiments,pioreactor01,2026-09-05T05:14:40.799Z,5.375822441349,2026-09-05 10:59:40.799,1626.883611111111
Pulse experiments,pioreactor01,2026-09-05T05:14:45.799Z,5.376007042876,2026-09-05 10:59:45.799,1626.885
Pulse experiments,pioreactor01,2026-09-05T05:14:50.798Z,5.376136144425,2026-09-05 10:59:50.798,1626.886388888889
Pulse experiments,pioreactor01,2026-09-05T05:14:55.800Z,5.376378040173,2026-09-05 10:59:55.800,1626.887777777778
Pulse experiments,pioreactor01,2026-09-05T05:15:00.799Z,5.376584550866,2026-09-05 11:00:00.799,1626.889166666667
Pulse experiments,pioreactor01,2026-09-05T05:15:05.801Z,5.37685783986,2026-09-05 11:00:05.801,1626.890555555555
Pulse experiments,pioreactor01,2026-09-05T05:15:10.800Z,5.377020273601,2026-09-05 11:00:10.800,1626.891944444444
Pulse experiments,pioreactor01,2026-09-05T05:15:15.799Z,5.377159033331,2026-09-05 11:00:15.799,1626.893333333333
Pulse experiments,pioreactor01,2026-09-05T05:15:20.798Z,5.377390180551,2026-09-05 11:00:20.798,1626.894722222222
Pulse experiments,pioreactor01,2026-09-05T05:15:25.798Z,5.377632310407,2026-09-05 11:00:25.798,1626.896111111111
Pulse experiments,pioreactor01,2026-09-05T05:15:30.798Z,5.377841665944,2026-09-05 11:00:30.798,1626.8975
Pulse experiments,pioreactor01,2026-09-05T05:15:35.801Z,5.378028039692,2026-09-05 11:00:35.801,1626.898888888889
Pulse experiments,pioreactor01,2026-09-05T05:15:45.798Z,5.37830861647,2026-09-05 11:00:45.798,1626.901666666667
Pulse experiments,pioreactor01,2026-09-05T05:15:50.798Z,5.37837924119,2026-09-05 11:00:50.798,1626.903055555556
Pulse experiments,pioreactor01,2026-09-05T05:15:55.799Z,5.378518980956,2026-09-05 11:00:55.799,1626.904444444444
Pulse experiments,pioreactor01,2026-09-05T05:16:00.800Z,5.378681568667,2026-09-05 11:01:00.800,1626.905833333333
Pulse experiments,pioreactor01,2026-09-05T05:16:05.800Z,5.378844744281,2026-09-05 11:01:05.800,1626.907222222222
Pulse experiments,pioreactor01,2026-09-05T05:16:10.799Z,5.379109427847,2026-09-05 11:01:10.799,1626.908611111111
Pulse experiments,pioreactor01,2026-09-05T05:16:15.799Z,5.379408843905,2026-09-05 11:01:15.799,1626.91
Pulse experiments,pioreactor01,2026-09-05T05:16:30.799Z,5.37992458655,2026-09-05 11:01:30.799,1626.914166666667
Pulse experiments,pioreactor01,2026-09-05T05:16:35.799Z,5.380129121166,2026-09-05 11:01:35.799,1626.915555555556
Pulse experiments,pioreactor01,2026-09-05T05:16:40.799Z,5.380367538601,2026-09-05 11:01:40.799,1626.916944444444
Pulse experiments,pioreactor01,2026-09-05T05:16:50.799Z,5.380644496603,2026-09-05 11:01:50.799,1626.919722222222
Pulse experiments,pioreactor01,2026-09-05T05:16:55.798Z,5.380777478165,2026-09-05 11:01:55.798,1626.921111111111
Pulse experiments,pioreactor01,2026-09-05T05:17:00.799Z,5.380850963238,2026-09-05 11:02:00.799,1626.9225
Pulse experiments,pioreactor01,2026-09-05T05:17:05.800Z,5.380966363204,2026-09-05 11:02:05.800,1626.923888888889
Pulse experiments,pioreactor01,2026-09-05T05:17:15.799Z,5.381284439474,2026-09-05 11:02:15.799,1626.926666666667
Pulse experiments,pioreactor01,2026-09-05T05:17:20.799Z,5.38137562782,2026-09-05 11:02:20.799,1626.928055555556
Pulse experiments,pioreactor01,2026-09-05T05:17:25.798Z,5.381426723759,2026-09-05 11:02:25.798,1626.929444444444
Pulse experiments,pioreactor01,2026-09-05T05:17:30.798Z,5.381495666046,2026-09-05 11:02:30.798,1626.930833333333
Pulse experiments,pioreactor01,2026-09-05T05:17:35.800Z,5.381739488668,2026-09-05 11:02:35.800,1626.932222222222
Pulse experiments,pioreactor01,2026-09-05T05:17:40.798Z,5.381870553111,2026-09-05 11:02:40.798,1626.933611111111
Pulse experiments,pioreactor01,2026-09-05T05:17:45.799Z,5.382113482234,2026-09-05 11:02:45.799,1626.935
Pulse experiments,pioreactor01,2026-09-05T05:17:50.799Z,5.382304136149,2026-09-05 11:02:50.799,1626.936388888889
Pulse experiments,pioreactor01,2026-09-05T05:17:55.798Z,5.382435649501,2026-09-05 11:02:55.798,1626.937777777778
Pulse experiments,pioreactor01,2026-09-05T05:18:00.799Z,5.382687775873,2026-09-05 11:03:00.799,1626.939166666667
Pulse experiments,pioreactor01,2026-09-05T05:18:05.799Z,5.382944874914,2026-09-05 11:03:05.799,1626.940555555556
Pulse experiments,pioreactor01,2026-09-05T05:18:10.798Z,5.383171904497,2026-09-05 11:03:10.798,1626.941944444445
Pulse experiments,pioreactor01,2026-09-05T05:18:15.799Z,5.383420911907,2026-09-05 11:03:15.799,1626.943333333333
Pulse experiments,pioreactor01,2026-09-05T05:18:20.800Z,5.383701686518,2026-09-05 11:03:20.800,1626.944722222222
Pulse experiments,pioreactor01,2026-09-05T05:18:25.800Z,5.383858714829,2026-09-05 11:03:25.800,1626.946111111111
Pulse experiments,pioreactor01,2026-09-05T05:18:30.799Z,5.384026110341,2026-09-05 11:03:30.799,1626.9475
Pulse experiments,pioreactor01,2026-09-05T05:18:35.800Z,5.38422028101,2026-09-05 11:03:35.800,1626.948888888889
Pulse experiments,pioreactor01,2026-09-05T05:18:40.798Z,5.384323766505,2026-09-05 11:03:40.798,1626.950277777778
Pulse experiments,pioreactor01,2026-09-05T05:18:45.799Z,5.384442815485,2026-09-05 11:03:45.799,1626.951666666667
Pulse experiments,pioreactor01,2026-09-05T05:18:50.799Z,5.384564801412,2026-09-05 11:03:50.799,1626.953055555555
Pulse experiments,pioreactor01,2026-09-05T05:18:55.800Z,5.384707386711,2026-09-05 11:03:55.800,1626.954444444444
Pulse experiments,pioreactor01,2026-09-05T05:19:00.800Z,5.384892557201,2026-09-05 11:04:00.800,1626.955833333333
Pulse experiments,pioreactor01,2026-09-05T05:19:10.800Z,5.38525612358,2026-09-05 11:04:10.800,1626.958611111111
Pulse experiments,pioreactor01,2026-09-05T05:19:15.799Z,5.385448737268,2026-09-05 11:04:15.799,1626.96
Pulse experiments,pioreactor01,2026-09-05T05:19:20.798Z,5.385712189584,2026-09-05 11:04:20.798,1626.961388888889
Pulse experiments,pioreactor01,2026-09-05T05:19:25.798Z,5.385957659155,2026-09-05 11:04:25.798,1626.962777777778
Pulse experiments,pioreactor01,2026-09-05T05:19:30.800Z,5.386138172712,2026-09-05 11:04:30.800,1626.964166666667
Pulse experiments,pioreactor01,2026-09-05T05:19:35.798Z,5.386393339953,2026-09-05 11:04:35.798,1626.965555555556
Pulse experiments,pioreactor01,2026-09-05T05:19:40.799Z,5.386647421155,2026-09-05 11:04:40.799,1626.966944444444
Pulse experiments,pioreactor01,2026-09-05T05:19:45.799Z,5.386904159956,2026-09-05 11:04:45.799,1626.968333333333
Pulse experiments,pioreactor01,2026-09-05T05:19:50.799Z,5.387171306937,2026-09-05 11:04:50.799,1626.969722222222
Pulse experiments,pioreactor01,2026-09-05T05:19:55.800Z,5.387468598401,2026-09-05 11:04:55.800,1626.971111111111
Pulse experiments,pioreactor01,2026-09-05T05:20:00.799Z,5.387615283355,2026-09-05 11:05:00.799,1626.9725
Pulse experiments,pioreactor01,2026-09-05T05:20:05.799Z,5.38782082038,2026-09-05 11:05:05.799,1626.973888888889
Pulse experiments,pioreactor01,2026-09-05T05:20:10.798Z,5.3879613253,2026-09-05 11:05:10.798,1626.975277777778
Pulse experiments,pioreactor01,2026-09-05T05:20:15.798Z,5.388045343143,2026-09-05 11:05:15.798,1626.976666666667
Pulse experiments,pioreactor01,2026-09-05T05:20:20.798Z,5.388214974759,2026-09-05 11:05:20.798,1626.978055555556
Pulse experiments,pioreactor01,2026-09-05T05:20:25.800Z,5.388354121969,2026-09-05 11:05:25.800,1626.979444444444
Pulse experiments,pioreactor01,2026-09-05T05:20:30.799Z,5.388426211701,2026-09-05 11:05:30.799,1626.980833333333
Pulse experiments,pioreactor01,2026-09-05T05:20:35.799Z,5.388551601213,2026-09-05 11:05:35.799,1626.982222222222
Pulse experiments,pioreactor01,2026-09-05T05:20:40.799Z,5.388668851447,2026-09-05 11:05:40.799,1626.983611111111
Pulse experiments,pioreactor01,2026-09-05T05:20:45.799Z,5.388816892344,2026-09-05 11:05:45.799,1626.985
Pulse experiments,pioreactor01,2026-09-05T05:20:50.799Z,5.388973202308,2026-09-05 11:05:50.799,1626.986388888889
Pulse experiments,pioreactor01,2026-09-05T05:20:55.798Z,5.389185999024,2026-09-05 11:05:55.798,1626.987777777778
Pulse experiments,pioreactor01,2026-09-05T05:21:00.799Z,5.389471456101,2026-09-05 11:06:00.799,1626.989166666667
Pulse experiments,pioreactor01,2026-09-05T05:21:05.799Z,5.38963813952,2026-09-05 11:06:05.799,1626.990555555556
Pulse experiments,pioreactor01,2026-09-05T05:21:10.799Z,5.389828813555,2026-09-05 11:06:10.799,1626.991944444444
Pulse experiments,pioreactor01,2026-09-05T05:21:15.798Z,5.389970851831,2026-09-05 11:06:15.798,1626.993333333333
Pulse experiments,pioreactor01,2026-09-05T05:21:20.800Z,5.390255450251,2026-09-05 11:06:20.800,1626.994722222222
Pulse experiments,pioreactor01,2026-09-05T05:21:25.798Z,5.390439490651,2026-09-05 11:06:25.798,1626.996111111111
Pulse experiments,pioreactor01,2026-09-05T05:21:30.798Z,5.390628763762,2026-09-05 11:06:30.798,1626.9975
Pulse experiments,pioreactor01,2026-09-05T05:21:35.799Z,5.390871698207,2026-09-05 11:06:35.799,1626.998888888889
Pulse experiments,pioreactor01,2026-09-05T05:21:40.799Z,5.391089423509,2026-09-05 11:06:40.799,1627.000277777778
Pulse experiments,pioreactor01,2026-09-05T05:21:45.799Z,5.39132532184,2026-09-05 11:06:45.799,1627.001666666667
Pulse experiments,pioreactor01,2026-09-05T05:21:50.799Z,5.39157232824,2026-09-05 11:06:50.799,1627.003055555556
Pulse experiments,pioreactor01,2026-09-05T05:21:55.799Z,5.391841754142,2026-09-05 11:06:55.799,1627.004444444445
Pulse experiments,pioreactor01,2026-09-05T05:22:00.799Z,5.392057340522,2026-09-05 11:07:00.799,1627.005833333333
Pulse experiments,pioreactor01,2026-09-05T05:22:05.799Z,5.392298990668,2026-09-05 11:07:05.799,1627.007222222222
Pulse experiments,pioreactor01,2026-09-05T05:22:10.801Z,5.39253463926,2026-09-05 11:07:10.801,1627.008611111111
Pulse experiments,pioreactor01,2026-09-05T05:22:15.799Z,5.392681322946,2026-09-05 11:07:15.799,1627.01
Pulse experiments,pioreactor01,2026-09-05T05:22:20.799Z,5.392812865321,2026-09-05 11:07:20.799,1627.011388888889
Pulse experiments,pioreactor01,2026-09-05T05:22:25.799Z,5.393079912405,2026-09-05 11:07:25.799,1627.012777777778
Pulse experiments,pioreactor01,2026-09-05T05:22:30.798Z,5.393329059273,2026-09-05 11:07:30.798,1627.014166666667
Pulse experiments,pioreactor01,2026-09-05T05:22:35.801Z,5.39352267829,2026-09-05 11:07:35.801,1627.015555555555
Pulse experiments,pioreactor01,2026-09-05T05:22:40.799Z,5.393744019401,2026-09-05 11:07:40.799,1627.016944444444
Pulse experiments,pioreactor01,2026-09-05T05:22:45.799Z,5.393885043195,2026-09-05 11:07:45.799,1627.018333333333
Pulse experiments,pioreactor01,2026-09-05T05:22:50.800Z,5.394126195048,2026-09-05 11:07:50.800,1627.019722222222
Pulse experiments,pioreactor01,2026-09-05T05:22:55.800Z,5.394415260518,2026-09-05 11:07:55.800,1627.021111111111
Pulse experiments,pioreactor01,2026-09-05T05:23:00.801Z,5.394632117341,2026-09-05 11:08:00.801,1627.0225
Pulse experiments,pioreactor01,2026-09-05T05:23:05.798Z,5.394886642558,2026-09-05 11:08:05.798,1627.023888888889
Pulse experiments,pioreactor01,2026-09-05T05:23:10.799Z,5.395125950579,2026-09-05 11:08:10.799,1627.025277777778
Pulse experiments,pioreactor01,2026-09-05T05:23:15.798Z,5.395364967102,2026-09-05 11:08:15.798,1627.026666666667
Pulse experiments,pioreactor01,2026-09-05T05:23:20.800Z,5.395591175065,2026-09-05 11:08:20.800,1627.028055555556
Pulse experiments,pioreactor01,2026-09-05T05:23:25.798Z,5.395741295696,2026-09-05 11:08:25.798,1627.029444444444
Pulse experiments,pioreactor01,2026-09-05T05:23:30.799Z,5.395879822524,2026-09-05 11:08:30.799,1627.030833333333
Pulse experiments,pioreactor01,2026-09-05T05:23:40.799Z,5.396235988585,2026-09-05 11:08:40.799,1627.033611111111
Pulse experiments,pioreactor01,2026-09-05T05:23:45.799Z,5.396515811635,2026-09-05 11:08:45.799,1627.035
Pulse experiments,pioreactor01,2026-09-05T05:23:50.800Z,5.396794992421,2026-09-05 11:08:50.800,1627.036388888889
Pulse experiments,pioreactor01,2026-09-05T05:23:55.799Z,5.396996674119,2026-09-05 11:08:55.799,1627.037777777778
Pulse experiments,pioreactor01,2026-09-05T05:24:00.799Z,5.397180949206,2026-09-05 11:09:00.799,1627.039166666667
Pulse experiments,pioreactor01,2026-09-05T05:24:05.798Z,5.397372880844,2026-09-05 11:09:05.798,1627.040555555556
Pulse experiments,pioreactor01,2026-09-05T05:24:10.800Z,5.397515765893,2026-09-05 11:09:10.800,1627.041944444444
Pulse experiments,pioreactor01,2026-09-05T05:24:15.798Z,5.397704905248,2026-09-05 11:09:15.798,1627.043333333333
Pulse experiments,pioreactor01,2026-09-05T05:24:20.800Z,5.39788917485,2026-09-05 11:09:20.800,1627.044722222222
Pulse experiments,pioreactor01,2026-09-05T05:24:25.800Z,5.398075137611,2026-09-05 11:09:25.800,1627.046111111111
Pulse experiments,pioreactor01,2026-09-05T05:24:30.800Z,5.398207873556,2026-09-05 11:09:30.800,1627.0475
Pulse experiments,pioreactor01,2026-09-05T05:24:35.798Z,5.398327704263,2026-09-05 11:09:35.798,1627.048888888889
Pulse experiments,pioreactor01,2026-09-05T05:24:40.798Z,5.398483482536,2026-09-05 11:09:40.798,1627.050277777778
Pulse experiments,pioreactor01,2026-09-05T05:24:45.799Z,5.398664541193,2026-09-05 11:09:45.799,1627.051666666667
Pulse experiments,pioreactor01,2026-09-05T05:24:50.799Z,5.398884971934,2026-09-05 11:09:50.799,1627.053055555556
Pulse experiments,pioreactor01,2026-09-05T05:24:55.798Z,5.39900913532,2026-09-05 11:09:55.798,1627.054444444444
Pulse experiments,pioreactor01,2026-09-05T05:25:00.799Z,5.399143574532,2026-09-05 11:10:00.799,1627.055833333333
Pulse experiments,pioreactor01,2026-09-05T05:25:05.800Z,5.399268847078,2026-09-05 11:10:05.800,1627.057222222222
Pulse experiments,pioreactor01,2026-09-05T05:25:10.799Z,5.399376286436,2026-09-05 11:10:10.799,1627.058611111111
Pulse experiments,pioreactor01,2026-09-05T05:25:15.800Z,5.399667776571,2026-09-05 11:10:15.800,1627.06
Pulse experiments,pioreactor01,2026-09-05T05:25:20.799Z,5.400001970202,2026-09-05 11:10:20.799,1627.061388888889
Pulse experiments,pioreactor01,2026-09-05T05:25:25.798Z,5.400252554054,2026-09-05 11:10:25.798,1627.062777777778
Pulse experiments,pioreactor01,2026-09-05T05:25:30.799Z,5.400610091748,2026-09-05 11:10:30.799,1627.064166666667
Pulse experiments,pioreactor01,2026-09-05T05:25:35.799Z,5.400847603293,2026-09-05 11:10:35.799,1627.065555555556
Pulse experiments,pioreactor01,2026-09-05T05:25:40.800Z,5.40118223237,2026-09-05 11:10:40.800,1627.066944444445
Pulse experiments,pioreactor01,2026-09-05T05:25:45.800Z,5.401470502954,2026-09-05 11:10:45.800,1627.068333333333
Pulse experiments,pioreactor01,2026-09-05T05:25:50.802Z,5.401628968303,2026-09-05 11:10:50.802,1627.069722222222
Pulse experiments,pioreactor01,2026-09-05T05:25:55.798Z,5.40185943671,2026-09-05 11:10:55.798,1627.071111111111
Pulse experiments,pioreactor01,2026-09-05T05:26:00.799Z,5.402110973481,2026-09-05 11:11:00.799,1627.0725
Pulse experiments,pioreactor01,2026-09-05T05:26:05.799Z,5.402329230356,2026-09-05 11:11:05.799,1627.073888888889
Pulse experiments,pioreactor01,2026-09-05T05:26:10.800Z,5.402523531691,2026-09-05 11:11:10.800,1627.075277777778
Pulse experiments,pioreactor01,2026-09-05T05:26:15.800Z,5.402776755634,2026-09-05 11:11:15.800,1627.076666666667
Pulse experiments,pioreactor01,2026-09-05T05:26:20.799Z,5.403055998668,2026-09-05 11:11:20.799,1627.078055555555
Pulse experiments,pioreactor01,2026-09-05T05:26:25.798Z,5.403344442565,2026-09-05 11:11:25.798,1627.079444444444
Pulse experiments,pioreactor01,2026-09-05T05:26:30.798Z,5.403600530822,2026-09-05 11:11:30.798,1627.080833333333
Pulse experiments,pioreactor01,2026-09-05T05:26:35.799Z,5.403830968221,2026-09-05 11:11:35.799,1627.082222222222
Pulse experiments,pioreactor01,2026-09-05T05:26:40.798Z,5.404039605259,2026-09-05 11:11:40.798,1627.083611111111
Pulse experiments,pioreactor01,2026-09-05T05:26:45.798Z,5.404187448499,2026-09-05 11:11:45.798,1627.085
Pulse experiments,pioreactor01,2026-09-05T05:26:50.800Z,5.404288143055,2026-09-05 11:11:50.800,1627.086388888889
Pulse experiments,pioreactor01,2026-09-05T05:26:55.799Z,5.40442532112,2026-09-05 11:11:55.799,1627.087777777778
Pulse experiments,pioreactor01,2026-09-05T05:27:00.799Z,5.404514030255,2026-09-05 11:12:00.799,1627.089166666667
Pulse experiments,pioreactor01,2026-09-05T05:27:05.798Z,5.404729841069,2026-09-05 11:12:05.798,1627.090555555556
Pulse experiments,pioreactor01,2026-09-05T05:27:10.799Z,5.405016973568,2026-09-05 11:12:10.799,1627.091944444444
Pulse experiments,pioreactor01,2026-09-05T05:27:15.798Z,5.40516422363,2026-09-05 11:12:15.798,1627.093333333333
Pulse experiments,pioreactor01,2026-09-05T05:27:20.800Z,5.405390450548,2026-09-05 11:12:20.800,1627.094722222222
Pulse experiments,pioreactor01,2026-09-05T05:27:25.799Z,5.405608350259,2026-09-05 11:12:25.799,1627.096111111111
Pulse experiments,pioreactor01,2026-09-05T05:27:30.802Z,5.40579249038,2026-09-05 11:12:30.802,1627.0975
Pulse experiments,pioreactor01,2026-09-05T05:27:35.799Z,5.406032982837,2026-09-05 11:12:35.799,1627.098888888889
Pulse experiments,pioreactor01,2026-09-05T05:27:40.799Z,5.406299553377,2026-09-05 11:12:40.799,1627.100277777778
Pulse experiments,pioreactor01,2026-09-05T05:27:45.800Z,5.406500633285,2026-09-05 11:12:45.800,1627.101666666667
Pulse experiments,pioreactor01,2026-09-05T05:27:50.798Z,5.4066360454,2026-09-05 11:12:50.798,1627.103055555556
Pulse experiments,pioreactor01,2026-09-05T05:27:55.798Z,5.406755243454,2026-09-05 11:12:55.798,1627.104444444444
Pulse experiments,pioreactor01,2026-09-05T05:28:00.801Z,5.406933758114,2026-09-05 11:13:00.801,1627.105833333333
Pulse experiments,pioreactor01,2026-09-05T05:28:05.798Z,5.407216107001,2026-09-05 11:13:05.798,1627.107222222222
Pulse experiments,pioreactor01,2026-09-05T05:28:15.799Z,5.407599705308,2026-09-05 11:13:15.799,1627.11
Pulse experiments,pioreactor01,2026-09-05T05:28:20.798Z,5.407897029783,2026-09-05 11:13:20.798,1627.111388888889
Pulse experiments,pioreactor01,2026-09-05T05:28:25.799Z,5.408236330185,2026-09-05 11:13:25.799,1627.112777777778
Pulse experiments,pioreactor01,2026-09-05T05:28:30.799Z,5.408441014285,2026-09-05 11:13:30.799,1627.114166666667
Pulse experiments,pioreactor01,2026-09-05T05:28:35.800Z,5.408610785637,2026-09-05 11:13:35.800,1627.115555555556
Pulse experiments,pioreactor01,2026-09-05T05:28:40.800Z,5.408767719188,2026-09-05 11:13:40.800,1627.116944444444
Pulse experiments,pioreactor01,2026-09-05T05:28:45.800Z,5.408977328639,2026-09-05 11:13:45.800,1627.118333333333
Pulse experiments,pioreactor01,2026-09-05T05:28:50.799Z,5.409137461873,2026-09-05 11:13:50.799,1627.119722222222
Pulse experiments,pioreactor01,2026-09-05T05:28:55.802Z,5.40935839559,2026-09-05 11:13:55.802,1627.121111111111
Pulse experiments,pioreactor01,2026-09-05T05:29:00.798Z,5.409640788476,2026-09-05 11:14:00.798,1627.1225
Pulse experiments,pioreactor01,2026-09-05T05:29:05.800Z,5.409841187123,2026-09-05 11:14:05.800,1627.123888888889
Pulse experiments,pioreactor01,2026-09-05T05:29:10.799Z,5.410102257975,2026-09-05 11:14:10.799,1627.125277777778
Pulse experiments,pioreactor01,2026-09-05T05:29:15.799Z,5.410276545177,2026-09-05 11:14:15.799,1627.126666666667
Pulse experiments,pioreactor01,2026-09-05T05:29:20.798Z,5.410469919578,2026-09-05 11:14:20.798,1627.128055555556
Pulse experiments,pioreactor01,2026-09-05T05:29:25.798Z,5.410725989699,2026-09-05 11:14:25.798,1627.129444444445
Pulse experiments,pioreactor01,2026-09-05T05:29:30.800Z,5.41097178073,2026-09-05 11:14:30.800,1627.130833333333
Pulse experiments,pioreactor01,2026-09-05T05:29:35.798Z,5.41123469155,2026-09-05 11:14:35.798,1627.132222222222
Pulse experiments,pioreactor01,2026-09-05T05:29:40.798Z,5.411474751742,2026-09-05 11:14:40.798,1627.133611111111
Pulse experiments,pioreactor01,2026-09-05T05:29:45.800Z,5.411660833245,2026-09-05 11:14:45.800,1627.135
Pulse experiments,pioreactor01,2026-09-05T05:29:50.800Z,5.411804663689,2026-09-05 11:14:50.800,1627.136388888889
Pulse experiments,pioreactor01,2026-09-05T05:29:55.798Z,5.412072094551,2026-09-05 11:14:55.798,1627.137777777778
Pulse experiments,pioreactor01,2026-09-05T05:30:00.799Z,5.41227205307,2026-09-05 11:15:00.799,1627.139166666667
Pulse experiments,pioreactor01,2026-09-05T05:30:05.799Z,5.412498978378,2026-09-05 11:15:05.799,1627.140555555555
Pulse experiments,pioreactor01,2026-09-05T05:30:10.798Z,5.412674251323,2026-09-05 11:15:10.798,1627.141944444444
Pulse experiments,pioreactor01,2026-09-05T05:30:15.799Z,5.412884819301,2026-09-05 11:15:15.799,1627.143333333333
Pulse experiments,pioreactor01,2026-09-05T05:30:20.799Z,5.413147218991,2026-09-05 11:15:20.799,1627.144722222222
Pulse experiments,pioreactor01,2026-09-05T05:30:25.799Z,5.41338116356,2026-09-05 11:15:25.799,1627.146111111111
Pulse experiments,pioreactor01,2026-09-05T05:30:30.799Z,5.413549646027,2026-09-05 11:15:30.799,1627.1475
Pulse experiments,pioreactor01,2026-09-05T05:30:35.801Z,5.413643262114,2026-09-05 11:15:35.801,1627.148888888889
Pulse experiments,pioreactor01,2026-09-05T05:30:40.798Z,5.413886131693,2026-09-05 11:15:40.798,1627.150277777778
Pulse experiments,pioreactor01,2026-09-05T05:30:45.799Z,5.413991748392,2026-09-05 11:15:45.799,1627.151666666667
Pulse experiments,pioreactor01,2026-09-05T05:30:50.799Z,5.414232079112,2026-09-05 11:15:50.799,1627.153055555556
Pulse experiments,pioreactor01,2026-09-05T05:30:55.799Z,5.414370735364,2026-09-05 11:15:55.799,1627.154444444444
Pulse experiments,pioreactor01,2026-09-05T05:31:00.798Z,5.41455962493,2026-09-05 11:16:00.798,1627.155833333333
Pulse experiments,pioreactor01,2026-09-05T05:31:05.800Z,5.414747936281,2026-09-05 11:16:05.800,1627.157222222222
Pulse experiments,pioreactor01,2026-09-05T05:31:10.799Z,5.41499137867,2026-09-05 11:16:10.799,1627.158611111111
Pulse experiments,pioreactor01,2026-09-05T05:31:15.799Z,5.415134066832,2026-09-05 11:16:15.799,1627.16
Pulse experiments,pioreactor01,2026-09-05T05:31:20.798Z,5.415205451688,2026-09-05 11:16:20.798,1627.161388888889
Pulse experiments,pioreactor01,2026-09-05T05:31:25.799Z,5.415433062929,2026-09-05 11:16:25.799,1627.162777777778
Pulse experiments,pioreactor01,2026-09-05T05:31:30.798Z,5.415641602062,2026-09-05 11:16:30.798,1627.164166666667
Pulse experiments,pioreactor01,2026-09-05T05:31:40.798Z,5.416068754633,2026-09-05 11:16:40.798,1627.166944444444
Pulse experiments,pioreactor01,2026-09-05T05:31:45.799Z,5.416263387473,2026-09-05 11:16:45.799,1627.168333333333
Pulse experiments,pioreactor01,2026-09-05T05:31:50.800Z,5.416416097649,2026-09-05 11:16:50.800,1627.169722222222
Pulse experiments,pioreactor01,2026-09-05T05:31:55.799Z,5.416613638938,2026-09-05 11:16:55.799,1627.171111111111
Pulse experiments,pioreactor01,2026-09-05T05:32:00.799Z,5.416783313818,2026-09-05 11:17:00.799,1627.1725
Pulse experiments,pioreactor01,2026-09-05T05:32:05.799Z,5.416997149811,2026-09-05 11:17:05.799,1627.173888888889
Pulse experiments,pioreactor01,2026-09-05T05:32:10.798Z,5.417230925084,2026-09-05 11:17:10.798,1627.175277777778
Pulse experiments,pioreactor01,2026-09-05T05:32:15.800Z,5.417470136053,2026-09-05 11:17:15.800,1627.176666666667
Pulse experiments,pioreactor01,2026-09-05T05:32:20.800Z,5.417733814973,2026-09-05 11:17:20.800,1627.178055555556
Pulse experiments,pioreactor01,2026-09-05T05:32:25.798Z,5.41796019244,2026-09-05 11:17:25.798,1627.179444444444
Pulse experiments,pioreactor01,2026-09-05T05:32:30.800Z,5.418139384235,2026-09-05 11:17:30.800,1627.180833333333
Pulse experiments,pioreactor01,2026-09-05T05:32:35.799Z,5.418399849932,2026-09-05 11:17:35.799,1627.182222222222
Pulse experiments,pioreactor01,2026-09-05T05:32:40.799Z,5.41858224759,2026-09-05 11:17:40.799,1627.183611111111
Pulse experiments,pioreactor01,2026-09-05T05:32:45.798Z,5.418796681005,2026-09-05 11:17:45.798,1627.185
Pulse experiments,pioreactor01,2026-09-05T05:32:50.799Z,5.41901884303,2026-09-05 11:17:50.799,1627.186388888889
Pulse experiments,pioreactor01,2026-09-05T05:32:55.799Z,5.419279156124,2026-09-05 11:17:55.799,1627.187777777778
Pulse experiments,pioreactor01,2026-09-05T05:33:00.798Z,5.41953599073,2026-09-05 11:18:00.798,1627.189166666667
Pulse experiments,pioreactor01,2026-09-05T05:33:05.798Z,5.41973427471,2026-09-05 11:18:05.798,1627.190555555556
Pulse experiments,pioreactor01,2026-09-05T05:33:10.799Z,5.420001550789,2026-09-05 11:18:10.799,1627.191944444445
Pulse experiments,pioreactor01,2026-09-05T05:33:15.799Z,5.420219568411,2026-09-05 11:18:15.799,1627.193333333333
Pulse experiments,pioreactor01,2026-09-05T05:33:20.798Z,5.420387982548,2026-09-05 11:18:20.798,1627.194722222222
Pulse experiments,pioreactor01,2026-09-05T05:33:25.799Z,5.420681741733,2026-09-05 11:18:25.799,1627.196111111111
Pulse experiments,pioreactor01,2026-09-05T05:33:30.799Z,5.421013392222,2026-09-05 11:18:30.799,1627.1975
Pulse experiments,pioreactor01,2026-09-05T05:33:35.799Z,5.421290071636,2026-09-05 11:18:35.799,1627.198888888889
Pulse experiments,pioreactor01,2026-09-05T05:33:40.800Z,5.421620707772,2026-09-05 11:18:40.800,1627.200277777778
Pulse experiments,pioreactor01,2026-09-05T05:33:45.801Z,5.421847931257,2026-09-05 11:18:45.801,1627.201666666667
Pulse experiments,pioreactor01,2026-09-05T05:33:50.801Z,5.421963223339,2026-09-05 11:18:50.801,1627.203055555555
Pulse experiments,pioreactor01,2026-09-05T05:33:55.798Z,5.42203913681,2026-09-05 11:18:55.798,1627.204444444444
Pulse experiments,pioreactor01,2026-09-05T05:34:00.802Z,5.422243323703,2026-09-05 11:19:00.802,1627.205833333333
Pulse experiments,pioreactor01,2026-09-05T05:34:05.798Z,5.422476021815,2026-09-05 11:19:05.798,1627.207222222222
Pulse experiments,pioreactor01,2026-09-05T05:34:10.799Z,5.422596096871,2026-09-05 11:19:10.799,1627.208611111111
Pulse experiments,pioreactor01,2026-09-05T05:34:15.799Z,5.422691887495,2026-09-05 11:19:15.799,1627.21
Pulse experiments,pioreactor01,2026-09-05T05:34:20.800Z,5.422928199782,2026-09-05 11:19:20.800,1627.211388888889
Pulse experiments,pioreactor01,2026-09-05T05:34:25.799Z,5.423236701657,2026-09-05 11:19:25.799,1627.212777777778
Pulse experiments,pioreactor01,2026-09-05T05:34:30.799Z,5.423493171226,2026-09-05 11:19:30.799,1627.214166666667
Pulse experiments,pioreactor01,2026-09-05T05:34:35.799Z,5.423693701864,2026-09-05 11:19:35.799,1627.215555555556
Pulse experiments,pioreactor01,2026-09-05T05:34:40.801Z,5.423727887757,2026-09-05 11:19:40.801,1627.216944444444
Pulse experiments,pioreactor01,2026-09-05T05:34:45.798Z,5.42397259094,2026-09-05 11:19:45.798,1627.218333333333
Pulse experiments,pioreactor01,2026-09-05T05:34:50.799Z,5.424199545282,2026-09-05 11:19:50.799,1627.219722222222
Pulse experiments,pioreactor01,2026-09-05T05:34:55.799Z,5.424451785805,2026-09-05 11:19:55.799,1627.221111111111
Pulse experiments,pioreactor01,2026-09-05T05:35:00.800Z,5.424695153343,2026-09-05 11:20:00.800,1627.2225
Pulse experiments,pioreactor01,2026-09-05T05:35:05.799Z,5.425048633674,2026-09-05 11:20:05.799,1627.223888888889
Pulse experiments,pioreactor01,2026-09-05T05:35:10.800Z,5.425313718576,2026-09-05 11:20:10.800,1627.225277777778
Pulse experiments,pioreactor01,2026-09-05T05:35:15.799Z,5.425546596351,2026-09-05 11:20:15.799,1627.226666666667
Pulse experiments,pioreactor01,2026-09-05T05:35:20.799Z,5.425771362912,2026-09-05 11:20:20.799,1627.228055555556
Pulse experiments,pioreactor01,2026-09-05T05:35:25.800Z,5.426018347517,2026-09-05 11:20:25.800,1627.229444444444
Pulse experiments,pioreactor01,2026-09-05T05:35:30.800Z,5.426154306681,2026-09-05 11:20:30.800,1627.230833333333
Pulse experiments,pioreactor01,2026-09-05T05:35:35.799Z,5.426309992541,2026-09-05 11:20:35.799,1627.232222222222
Pulse experiments,pioreactor01,2026-09-05T05:35:40.799Z,5.426508401076,2026-09-05 11:20:40.799,1627.233611111111
Pulse experiments,pioreactor01,2026-09-05T05:35:45.800Z,5.426744108813,2026-09-05 11:20:45.800,1627.235
Pulse experiments,pioreactor01,2026-09-05T05:35:50.799Z,5.426909657655,2026-09-05 11:20:50.799,1627.236388888889
Pulse experiments,pioreactor01,2026-09-05T05:35:55.798Z,5.427117864854,2026-09-05 11:20:55.798,1627.237777777778
Pulse experiments,pioreactor01,2026-09-05T05:36:00.800Z,5.427349254063,2026-09-05 11:21:00.800,1627.239166666667
Pulse experiments,pioreactor01,2026-09-05T05:36:05.799Z,5.427501415971,2026-09-05 11:21:05.799,1627.240555555556
Pulse experiments,pioreactor01,2026-09-05T05:36:10.799Z,5.427609263707,2026-09-05 11:21:10.799,1627.241944444444
Pulse experiments,pioreactor01,2026-09-05T05:36:15.800Z,5.427802592736,2026-09-05 11:21:15.800,1627.243333333333
Pulse experiments,pioreactor01,2026-09-05T05:36:20.798Z,5.427991615656,2026-09-05 11:21:20.798,1627.244722222222
Pulse experiments,pioreactor01,2026-09-05T05:36:25.799Z,5.428264031374,2026-09-05 11:21:25.799,1627.246111111111
Pulse experiments,pioreactor01,2026-09-05T05:36:30.799Z,5.428440393534,2026-09-05 11:21:30.799,1627.2475
Pulse experiments,pioreactor01,2026-09-05T05:36:35.800Z,5.42871916951,2026-09-05 11:21:35.800,1627.248888888889
Pulse experiments,pioreactor01,2026-09-05T05:36:40.799Z,5.428844322891,2026-09-05 11:21:40.799,1627.250277777778
Pulse experiments,pioreactor01,2026-09-05T05:36:45.799Z,5.42895573928,2026-09-05 11:21:45.799,1627.251666666667
Pulse experiments,pioreactor01,2026-09-05T05:36:50.798Z,5.429048540714,2026-09-05 11:21:50.798,1627.253055555556
Pulse experiments,pioreactor01,2026-09-05T05:36:55.802Z,5.42910726961,2026-09-05 11:21:55.802,1627.254444444445
Pulse experiments,pioreactor01,2026-09-05T05:37:05.800Z,5.429471918518,2026-09-05 11:22:05.800,1627.257222222222
Pulse experiments,pioreactor01,2026-09-05T05:37:10.799Z,5.429655635588,2026-09-05 11:22:10.799,1627.258611111111
Pulse experiments,pioreactor01,2026-09-05T05:37:15.799Z,5.429804533709,2026-09-05 11:22:15.799,1627.26
Pulse experiments,pioreactor01,2026-09-05T05:37:20.799Z,5.43007044455,2026-09-05 11:22:20.799,1627.261388888889
Pulse experiments,pioreactor01,2026-09-05T05:37:25.799Z,5.430279025981,2026-09-05 11:22:25.799,1627.262777777778
Pulse experiments,pioreactor01,2026-09-05T05:37:30.799Z,5.430539280884,2026-09-05 11:22:30.799,1627.264166666667
Pulse experiments,pioreactor01,2026-09-05T05:37:35.799Z,5.430712188024,2026-09-05 11:22:35.799,1627.265555555555
Pulse experiments,pioreactor01,2026-09-05T05:37:40.800Z,5.430900624739,2026-09-05 11:22:40.800,1627.266944444444
Pulse experiments,pioreactor01,2026-09-05T05:37:45.799Z,5.431105617534,2026-09-05 11:22:45.799,1627.268333333333
Pulse experiments,pioreactor01,2026-09-05T05:37:50.799Z,5.431239924583,2026-09-05 11:22:50.799,1627.269722222222
Pulse experiments,pioreactor01,2026-09-05T05:37:55.799Z,5.431354989147,2026-09-05 11:22:55.799,1627.271111111111
Pulse experiments,pioreactor01,2026-09-05T05:38:00.799Z,5.431528911438,2026-09-05 11:23:00.799,1627.2725
Pulse experiments,pioreactor01,2026-09-05T05:38:05.799Z,5.431577655558,2026-09-05 11:23:05.799,1627.273888888889
Pulse experiments,pioreactor01,2026-09-05T05:38:10.799Z,5.431620440457,2026-09-05 11:23:10.799,1627.275277777778
Pulse experiments,pioreactor01,2026-09-05T05:38:15.798Z,5.431757151468,2026-09-05 11:23:15.798,1627.276666666667
Pulse experiments,pioreactor01,2026-09-05T05:38:20.801Z,5.431918653318,2026-09-05 11:23:20.801,1627.278055555556
Pulse experiments,pioreactor01,2026-09-05T05:38:25.798Z,5.432066010934,2026-09-05 11:23:25.798,1627.279444444444
Pulse experiments,pioreactor01,2026-09-05T05:38:30.799Z,5.432280815809,2026-09-05 11:23:30.799,1627.280833333333
Pulse experiments,pioreactor01,2026-09-05T05:38:35.800Z,5.432536758255,2026-09-05 11:23:35.800,1627.282222222222
Pulse experiments,pioreactor01,2026-09-05T05:38:40.799Z,5.432677334203,2026-09-05 11:23:40.799,1627.283611111111
Pulse experiments,pioreactor01,2026-09-05T05:38:45.798Z,5.432870634553,2026-09-05 11:23:45.798,1627.285
Pulse experiments,pioreactor01,2026-09-05T05:38:50.799Z,5.433126757246,2026-09-05 11:23:50.799,1627.286388888889
Pulse experiments,pioreactor01,2026-09-05T05:38:55.799Z,5.433468091702,2026-09-05 11:23:55.799,1627.287777777778
Pulse experiments,pioreactor01,2026-09-05T05:39:00.798Z,5.433775490809,2026-09-05 11:24:00.798,1627.289166666667
Pulse experiments,pioreactor01,2026-09-05T05:39:05.802Z,5.434039072365,2026-09-05 11:24:05.802,1627.290555555556
Pulse experiments,pioreactor01,2026-09-05T05:39:10.800Z,5.434270319841,2026-09-05 11:24:10.800,1627.291944444444
Pulse experiments,pioreactor01,2026-09-05T05:39:15.798Z,5.434440664749,2026-09-05 11:24:15.798,1627.293333333333
Pulse experiments,pioreactor01,2026-09-05T05:39:20.799Z,5.434743926191,2026-09-05 11:24:20.799,1627.294722222222
Pulse experiments,pioreactor01,2026-09-05T05:39:25.798Z,5.43496853102,2026-09-05 11:24:25.798,1627.296111111111
Pulse experiments,pioreactor01,2026-09-05T05:39:30.799Z,5.435193435917,2026-09-05 11:24:30.799,1627.2975
Pulse experiments,pioreactor01,2026-09-05T05:39:35.799Z,5.435465901189,2026-09-05 11:24:35.799,1627.298888888889
Pulse experiments,pioreactor01,2026-09-05T05:39:40.799Z,5.435737694422,2026-09-05 11:24:40.799,1627.300277777778
Pulse experiments,pioreactor01,2026-09-05T05:39:45.799Z,5.436076017957,2026-09-05 11:24:45.799,1627.301666666667
Pulse experiments,pioreactor01,2026-09-05T05:39:50.799Z,5.436343334963,2026-09-05 11:24:50.799,1627.303055555556
Pulse experiments,pioreactor01,2026-09-05T05:39:55.799Z,5.436646058439,2026-09-05 11:24:55.799,1627.304444444444
Pulse experiments,pioreactor01,2026-09-05T05:40:00.799Z,5.436897563239,2026-09-05 11:25:00.799,1627.305833333333
Pulse experiments,pioreactor01,2026-09-05T05:40:05.799Z,5.437091855715,2026-09-05 11:25:05.799,1627.307222222222
Pulse experiments,pioreactor01,2026-09-05T05:40:10.799Z,5.437279044135,2026-09-05 11:25:10.799,1627.308611111111
Pulse experiments,pioreactor01,2026-09-05T05:40:15.799Z,5.437379212741,2026-09-05 11:25:15.799,1627.31
Pulse experiments,pioreactor01,2026-09-05T05:40:20.800Z,5.437527917034,2026-09-05 11:25:20.800,1627.311388888889
Pulse experiments,pioreactor01,2026-09-05T05:40:25.800Z,5.437749631326,2026-09-05 11:25:25.800,1627.312777777778
Pulse experiments,pioreactor01,2026-09-05T05:40:30.800Z,5.437947200087,2026-09-05 11:25:30.800,1627.314166666667
Pulse experiments,pioreactor01,2026-09-05T05:40:35.801Z,5.438137954684,2026-09-05 11:25:35.801,1627.315555555556
Pulse experiments,pioreactor01,2026-09-05T05:40:40.798Z,5.438241157064,2026-09-05 11:25:40.798,1627.316944444445
Pulse experiments,pioreactor01,2026-09-05T05:40:45.801Z,5.438365959152,2026-09-05 11:25:45.801,1627.318333333333
Pulse experiments,pioreactor01,2026-09-05T05:40:50.799Z,5.438403464157,2026-09-05 11:25:50.799,1627.319722222222
Pulse experiments,pioreactor01,2026-09-05T05:40:55.800Z,5.438524749846,2026-09-05 11:25:55.800,1627.321111111111
Pulse experiments,pioreactor01,2026-09-05T05:41:00.801Z,5.438692372056,2026-09-05 11:26:00.801,1627.3225
Pulse experiments,pioreactor01,2026-09-05T05:41:05.798Z,5.438873070442,2026-09-05 11:26:05.798,1627.323888888889
Pulse experiments,pioreactor01,2026-09-05T05:41:15.799Z,5.439190910642,2026-09-05 11:26:15.799,1627.326666666667
Pulse experiments,pioreactor01,2026-09-05T05:41:20.800Z,5.439400267839,2026-09-05 11:26:20.800,1627.328055555555
Pulse experiments,pioreactor01,2026-09-05T05:41:25.800Z,5.43958412317,2026-09-05 11:26:25.800,1627.329444444444
Pulse experiments,pioreactor01,2026-09-05T05:41:30.800Z,5.439773085038,2026-09-05 11:26:30.800,1627.330833333333
Pulse experiments,pioreactor01,2026-09-05T05:41:35.798Z,5.439938788953,2026-09-05 11:26:35.798,1627.332222222222
Pulse experiments,pioreactor01,2026-09-05T05:41:40.799Z,5.44012201469,2026-09-05 11:26:40.799,1627.333611111111
Pulse experiments,pioreactor01,2026-09-05T05:41:45.799Z,5.440378526954,2026-09-05 11:26:45.799,1627.335
Pulse experiments,pioreactor01,2026-09-05T05:41:50.801Z,5.440574478946,2026-09-05 11:26:50.801,1627.336388888889
Pulse experiments,pioreactor01,2026-09-05T05:41:55.799Z,5.440689284049,2026-09-05 11:26:55.799,1627.337777777778
Pulse experiments,pioreactor01,2026-09-05T05:42:00.799Z,5.440918951288,2026-09-05 11:27:00.799,1627.339166666667
Pulse experiments,pioreactor01,2026-09-05T05:42:05.799Z,5.441185846438,2026-09-05 11:27:05.799,1627.340555555556
Pulse experiments,pioreactor01,2026-09-05T05:42:10.799Z,5.441378806767,2026-09-05 11:27:10.799,1627.341944444444
Pulse experiments,pioreactor01,2026-09-05T05:42:15.798Z,5.441598644784,2026-09-05 11:27:15.798,1627.343333333333
Pulse experiments,pioreactor01,2026-09-05T05:42:20.800Z,5.441777500654,2026-09-05 11:27:20.800,1627.344722222222
Pulse experiments,pioreactor01,2026-09-05T05:42:25.799Z,5.442002987453,2026-09-05 11:27:25.799,1627.346111111111
Pulse experiments,pioreactor01,2026-09-05T05:42:30.800Z,5.442270607868,2026-09-05 11:27:30.800,1627.3475
Pulse experiments,pioreactor01,2026-09-05T05:42:35.798Z,5.442529936457,2026-09-05 11:27:35.798,1627.348888888889
Pulse experiments,pioreactor01,2026-09-05T05:42:40.799Z,5.442691973665,2026-09-05 11:27:40.799,1627.350277777778
Pulse experiments,pioreactor01,2026-09-05T05:42:45.799Z,5.442843588312,2026-09-05 11:27:45.799,1627.351666666667
Pulse experiments,pioreactor01,2026-09-05T05:42:50.803Z,5.443078456246,2026-09-05 11:27:50.803,1627.353055555556
Pulse experiments,pioreactor01,2026-09-05T05:42:55.798Z,5.443330960138,2026-09-05 11:27:55.798,1627.354444444444
Pulse experiments,pioreactor01,2026-09-05T05:43:00.801Z,5.443612259551,2026-09-05 11:28:00.801,1627.355833333333
Pulse experiments,pioreactor01,2026-09-05T05:43:05.798Z,5.443831800987,2026-09-05 11:28:05.798,1627.357222222222
Pulse experiments,pioreactor01,2026-09-05T05:43:10.798Z,5.44401719026,2026-09-05 11:28:10.798,1627.358611111111
Pulse experiments,pioreactor01,2026-09-05T05:43:15.799Z,5.444205756763,2026-09-05 11:28:15.799,1627.36
Pulse experiments,pioreactor01,2026-09-05T05:43:20.799Z,5.444464306738,2026-09-05 11:28:20.799,1627.361388888889
Pulse experiments,pioreactor01,2026-09-05T05:43:25.800Z,5.444727825941,2026-09-05 11:28:25.800,1627.362777777778
Pulse experiments,pioreactor01,2026-09-05T05:43:30.798Z,5.445004732916,2026-09-05 11:28:30.798,1627.364166666667
Pulse experiments,pioreactor01,2026-09-05T05:43:35.798Z,5.445175840784,2026-09-05 11:28:35.798,1627.365555555556
Pulse experiments,pioreactor01,2026-09-05T05:43:40.799Z,5.445336802969,2026-09-05 11:28:40.799,1627.366944444444
Pulse experiments,pioreactor01,2026-09-05T05:43:45.799Z,5.445475763754,2026-09-05 11:28:45.799,1627.368333333333
Pulse experiments,pioreactor01,2026-09-05T05:43:50.800Z,5.445569467279,2026-09-05 11:28:50.800,1627.369722222222
Pulse experiments,pioreactor01,2026-09-05T05:43:55.799Z,5.445664805948,2026-09-05 11:28:55.799,1627.371111111111
Pulse experiments,pioreactor01,2026-09-05T05:44:00.798Z,5.44586678362,2026-09-05 11:29:00.798,1627.3725
Pulse experiments,pioreactor01,2026-09-05T05:44:05.799Z,5.446116597409,2026-09-05 11:29:05.799,1627.373888888889
Pulse experiments,pioreactor01,2026-09-05T05:44:10.799Z,5.446290989993,2026-09-05 11:29:10.799,1627.375277777778
Pulse experiments,pioreactor01,2026-09-05T05:44:15.799Z,5.446453886338,2026-09-05 11:29:15.799,1627.376666666667
Pulse experiments,pioreactor01,2026-09-05T05:44:20.799Z,5.446699224403,2026-09-05 11:29:20.799,1627.378055555556
Pulse experiments,pioreactor01,2026-09-05T05:44:25.799Z,5.446886207029,2026-09-05 11:29:25.799,1627.379444444445
Pulse experiments,pioreactor01,2026-09-05T05:44:30.800Z,5.447075353298,2026-09-05 11:29:30.800,1627.380833333333
Pulse experiments,pioreactor01,2026-09-05T05:44:35.799Z,5.447299904805,2026-09-05 11:29:35.799,1627.382222222222
Pulse experiments,pioreactor01,2026-09-05T05:44:40.798Z,5.447455640607,2026-09-05 11:29:40.798,1627.383611111111
Pulse experiments,pioreactor01,2026-09-05T05:44:45.798Z,5.447624164112,2026-09-05 11:29:45.798,1627.385
Pulse experiments,pioreactor01,2026-09-05T05:44:50.800Z,5.447804625166,2026-09-05 11:29:50.800,1627.386388888889
Pulse experiments,pioreactor01,2026-09-05T05:44:55.799Z,5.447921546579,2026-09-05 11:29:55.799,1627.387777777778
Pulse experiments,pioreactor01,2026-09-05T05:45:00.798Z,5.448057884689,2026-09-05 11:30:00.798,1627.389166666667
Pulse experiments,pioreactor01,2026-09-05T05:45:05.799Z,5.448148083654,2026-09-05 11:30:05.799,1627.390555555555
Pulse experiments,pioreactor01,2026-09-05T05:45:10.799Z,5.448304756023,2026-09-05 11:30:10.799,1627.391944444444
Pulse experiments,pioreactor01,2026-09-05T05:45:15.798Z,5.448520881158,2026-09-05 11:30:15.798,1627.393333333333
Pulse experiments,pioreactor01,2026-09-05T05:45:20.800Z,5.448733949985,2026-09-05 11:30:20.800,1627.394722222222
Pulse experiments,pioreactor01,2026-09-05T05:45:25.798Z,5.448932479457,2026-09-05 11:30:25.798,1627.396111111111
Pulse experiments,pioreactor01,2026-09-05T05:45:30.798Z,5.44903924704,2026-09-05 11:30:30.798,1627.3975
Pulse experiments,pioreactor01,2026-09-05T05:45:35.801Z,5.449171360105,2026-09-05 11:30:35.801,1627.398888888889
Pulse experiments,pioreactor01,2026-09-05T05:45:40.799Z,5.449266431911,2026-09-05 11:30:40.799,1627.400277777778
Pulse experiments,pioreactor01,2026-09-05T05:45:45.798Z,5.449358399529,2026-09-05 11:30:45.798,1627.401666666667
Pulse experiments,pioreactor01,2026-09-05T05:45:50.799Z,5.449526604452,2026-09-05 11:30:50.799,1627.403055555556
Pulse experiments,pioreactor01,2026-09-05T05:45:55.799Z,5.44962907849,2026-09-05 11:30:55.799,1627.404444444444
Pulse experiments,pioreactor01,2026-09-05T05:46:00.798Z,5.449813857332,2026-09-05 11:31:00.798,1627.405833333333
Pulse experiments,pioreactor01,2026-09-05T05:46:05.798Z,5.449991595331,2026-09-05 11:31:05.798,1627.407222222222
Pulse experiments,pioreactor01,2026-09-05T05:46:10.798Z,5.450216330789,2026-09-05 11:31:10.798,1627.408611111111
Pulse experiments,pioreactor01,2026-09-05T05:46:15.798Z,5.450407003319,2026-09-05 11:31:15.798,1627.41
Pulse experiments,pioreactor01,2026-09-05T05:46:20.799Z,5.450652433594,2026-09-05 11:31:20.799,1627.411388888889
Pulse experiments,pioreactor01,2026-09-05T05:46:25.798Z,5.450796519524,2026-09-05 11:31:25.798,1627.412777777778
Pulse experiments,pioreactor01,2026-09-05T05:46:30.798Z,5.450863737696,2026-09-05 11:31:30.798,1627.414166666667
Pulse experiments,pioreactor01,2026-09-05T05:46:40.800Z,5.451164627011,2026-09-05 11:31:40.800,1627.416944444444
Pulse experiments,pioreactor01,2026-09-05T05:46:45.798Z,5.451345894749,2026-09-05 11:31:45.798,1627.418333333333
Pulse experiments,pioreactor01,2026-09-05T05:46:50.800Z,5.451520780181,2026-09-05 11:31:50.800,1627.419722222222
Pulse experiments,pioreactor01,2026-09-05T05:46:55.799Z,5.451711416869,2026-09-05 11:31:55.799,1627.421111111111
Pulse experiments,pioreactor01,2026-09-05T05:47:00.799Z,5.451968581058,2026-09-05 11:32:00.799,1627.4225
Pulse experiments,pioreactor01,2026-09-05T05:47:05.799Z,5.452122222938,2026-09-05 11:32:05.799,1627.423888888889
Pulse experiments,pioreactor01,2026-09-05T05:47:10.800Z,5.452235609343,2026-09-05 11:32:10.800,1627.425277777778
Pulse experiments,pioreactor01,2026-09-05T05:47:15.798Z,5.452415126738,2026-09-05 11:32:15.798,1627.426666666667
Pulse experiments,pioreactor01,2026-09-05T05:47:20.801Z,5.452598667056,2026-09-05 11:32:20.801,1627.428055555556
Pulse experiments,pioreactor01,2026-09-05T05:47:25.800Z,5.452808541255,2026-09-05 11:32:25.800,1627.429444444444
Pulse experiments,pioreactor01,2026-09-05T05:47:30.799Z,5.452898043964,2026-09-05 11:32:30.799,1627.430833333333
Pulse experiments,pioreactor01,2026-09-05T05:47:35.799Z,5.453015637922,2026-09-05 11:32:35.799,1627.432222222222
Pulse experiments,pioreactor01,2026-09-05T05:47:40.798Z,5.453253569966,2026-09-05 11:32:40.798,1627.433611111111
Pulse experiments,pioreactor01,2026-09-05T05:47:45.799Z,5.453429594403,2026-09-05 11:32:45.799,1627.435
Pulse experiments,pioreactor01,2026-09-05T05:47:50.802Z,5.453639741747,2026-09-05 11:32:50.802,1627.436388888889
Pulse experiments,pioreactor01,2026-09-05T05:47:55.798Z,5.453870802516,2026-09-05 11:32:55.798,1627.437777777778
Pulse experiments,pioreactor01,2026-09-05T05:48:00.798Z,5.454036825294,2026-09-05 11:33:00.798,1627.439166666667
Pulse experiments,pioreactor01,2026-09-05T05:48:05.800Z,5.454300990506,2026-09-05 11:33:05.800,1627.440555555556
Pulse experiments,pioreactor01,2026-09-05T05:48:10.799Z,5.454489668393,2026-09-05 11:33:10.799,1627.441944444445
Pulse experiments,pioreactor01,2026-09-05T05:48:15.799Z,5.454671507159,2026-09-05 11:33:15.799,1627.443333333333
Pulse experiments,pioreactor01,2026-09-05T05:48:20.801Z,5.454799745656,2026-09-05 11:33:20.801,1627.444722222222
Pulse experiments,pioreactor01,2026-09-05T05:48:25.799Z,5.454864564033,2026-09-05 11:33:25.799,1627.446111111111
Pulse experiments,pioreactor01,2026-09-05T05:48:30.799Z,5.455067527825,2026-09-05 11:33:30.799,1627.4475
Pulse experiments,pioreactor01,2026-09-05T05:48:35.799Z,5.455282367601,2026-09-05 11:33:35.799,1627.448888888889
Pulse experiments,pioreactor01,2026-09-05T05:48:40.799Z,5.455406455121,2026-09-05 11:33:40.799,1627.450277777778
Pulse experiments,pioreactor01,2026-09-05T05:48:45.799Z,5.455532886072,2026-09-05 11:33:45.799,1627.451666666667
Pulse experiments,pioreactor01,2026-09-05T05:48:50.803Z,5.455614569516,2026-09-05 11:33:50.803,1627.453055555555
Pulse experiments,pioreactor01,2026-09-05T05:48:55.800Z,5.455713479246,2026-09-05 11:33:55.800,1627.454444444444
Pulse experiments,pioreactor01,2026-09-05T05:49:00.800Z,5.455758034244,2026-09-05 11:34:00.800,1627.455833333333
Pulse experiments,pioreactor01,2026-09-05T05:49:05.799Z,5.455784858705,2026-09-05 11:34:05.799,1627.457222222222
Pulse experiments,pioreactor01,2026-09-05T05:49:10.798Z,5.455873475326,2026-09-05 11:34:10.798,1627.458611111111
Pulse experiments,pioreactor01,2026-09-05T05:49:15.799Z,5.45598211652,2026-09-05 11:34:15.799,1627.46
Pulse experiments,pioreactor01,2026-09-05T05:49:20.800Z,5.456126141778,2026-09-05 11:34:20.800,1627.461388888889
Pulse experiments,pioreactor01,2026-09-05T05:49:25.799Z,5.456206219912,2026-09-05 11:34:25.799,1627.462777777778
Pulse experiments,pioreactor01,2026-09-05T05:49:30.798Z,5.456301798094,2026-09-05 11:34:30.798,1627.464166666667
Pulse experiments,pioreactor01,2026-09-05T05:49:35.798Z,5.456367786019,2026-09-05 11:34:35.798,1627.465555555556
Pulse experiments,pioreactor01,2026-09-05T05:49:40.798Z,5.456486024235,2026-09-05 11:34:40.798,1627.466944444444
Pulse experiments,pioreactor01,2026-09-05T05:49:45.800Z,5.456573534373,2026-09-05 11:34:45.800,1627.468333333333
Pulse experiments,pioreactor01,2026-09-05T05:49:50.800Z,5.45664686732,2026-09-05 11:34:50.800,1627.469722222222
Pulse experiments,pioreactor01,2026-09-05T05:49:55.798Z,5.456816722594,2026-09-05 11:34:55.798,1627.471111111111
Pulse experiments,pioreactor01,2026-09-05T05:50:00.798Z,5.456871036382,2026-09-05 11:35:00.798,1627.4725
Pulse experiments,pioreactor01,2026-09-05T05:50:05.799Z,5.45695347023,2026-09-05 11:35:05.799,1627.473888888889
Pulse experiments,pioreactor01,2026-09-05T05:50:10.799Z,5.457145195653,2026-09-05 11:35:10.799,1627.475277777778
Pulse experiments,pioreactor01,2026-09-05T05:50:15.798Z,5.457294765011,2026-09-05 11:35:15.798,1627.476666666667
Pulse experiments,pioreactor01,2026-09-05T05:50:20.802Z,5.457465318979,2026-09-05 11:35:20.802,1627.478055555556
Pulse experiments,pioreactor01,2026-09-05T05:50:25.800Z,5.457598166901,2026-09-05 11:35:25.800,1627.479444444444
Pulse experiments,pioreactor01,2026-09-05T05:50:30.798Z,5.457788666195,2026-09-05 11:35:30.798,1627.480833333333
Pulse experiments,pioreactor01,2026-09-05T05:50:35.799Z,5.458030909093,2026-09-05 11:35:35.799,1627.482222222222
Pulse experiments,pioreactor01,2026-09-05T05:50:40.799Z,5.458242532741,2026-09-05 11:35:40.799,1627.483611111111
Pulse experiments,pioreactor01,2026-09-05T05:50:45.798Z,5.458436595323,2026-09-05 11:35:45.798,1627.485
Pulse experiments,pioreactor01,2026-09-05T05:50:50.798Z,5.458611071279,2026-09-05 11:35:50.798,1627.486388888889
Pulse experiments,pioreactor01,2026-09-05T05:50:55.798Z,5.458798074103,2026-09-05 11:35:55.798,1627.487777777778
Pulse experiments,pioreactor01,2026-09-05T05:51:00.799Z,5.458978085953,2026-09-05 11:36:00.799,1627.489166666667
Pulse experiments,pioreactor01,2026-09-05T05:51:05.799Z,5.459148174579,2026-09-05 11:36:05.799,1627.490555555556
Pulse experiments,pioreactor01,2026-09-05T05:51:10.800Z,5.459224494404,2026-09-05 11:36:10.800,1627.491944444444
Pulse experiments,pioreactor01,2026-09-05T05:51:15.799Z,5.459320946718,2026-09-05 11:36:15.799,1627.493333333333
Pulse experiments,pioreactor01,2026-09-05T05:51:20.800Z,5.459439968263,2026-09-05 11:36:20.800,1627.494722222222
Pulse experiments,pioreactor01,2026-09-05T05:51:25.800Z,5.459479395619,2026-09-05 11:36:25.800,1627.496111111111
Pulse experiments,pioreactor01,2026-09-05T05:51:30.800Z,5.459556517244,2026-09-05 11:36:30.800,1627.4975
Pulse experiments,pioreactor01,2026-09-05T05:51:35.799Z,5.459631639462,2026-09-05 11:36:35.799,1627.498888888889
Pulse experiments,pioreactor01,2026-09-05T05:51:40.799Z,5.459627807954,2026-09-05 11:36:40.799,1627.500277777778
Pulse experiments,pioreactor01,2026-09-05T05:51:45.799Z,5.459763432804,2026-09-05 11:36:45.799,1627.501666666667
Pulse experiments,pioreactor01,2026-09-05T05:51:50.800Z,5.459904475925,2026-09-05 11:36:50.800,1627.503055555556
Pulse experiments,pioreactor01,2026-09-05T05:51:55.799Z,5.460063056029,2026-09-05 11:36:55.799,1627.504444444445
Pulse experiments,pioreactor01,2026-09-05T05:52:00.798Z,5.460122683558,2026-09-05 11:37:00.798,1627.505833333333
Pulse experiments,pioreactor01,2026-09-05T05:52:05.798Z,5.460427304371,2026-09-05 11:37:05.798,1627.507222222222
Pulse experiments,pioreactor01,2026-09-05T05:52:10.800Z,5.460505061376,2026-09-05 11:37:10.800,1627.508611111111
Pulse experiments,pioreactor01,2026-09-05T05:52:15.799Z,5.460516097381,2026-09-05 11:37:15.799,1627.51
Pulse experiments,pioreactor01,2026-09-05T05:52:20.800Z,5.460514846826,2026-09-05 11:37:20.800,1627.511388888889
Pulse experiments,pioreactor01,2026-09-05T05:52:25.799Z,5.460592160882,2026-09-05 11:37:25.799,1627.512777777778
Pulse experiments,pioreactor01,2026-09-05T05:52:30.799Z,5.460703209563,2026-09-05 11:37:30.799,1627.514166666667
Pulse experiments,pioreactor01,2026-09-05T05:52:35.798Z,5.460756702603,2026-09-05 11:37:35.798,1627.515555555555
Pulse experiments,pioreactor01,2026-09-05T05:52:40.798Z,5.460854484333,2026-09-05 11:37:40.798,1627.516944444444
Pulse experiments,pioreactor01,2026-09-05T05:52:45.799Z,5.460950734929,2026-09-05 11:37:45.799,1627.518333333333
Pulse experiments,pioreactor01,2026-09-05T05:52:50.799Z,5.461062630637,2026-09-05 11:37:50.799,1627.519722222222
Pulse experiments,pioreactor01,2026-09-05T05:52:55.799Z,5.461205708046,2026-09-05 11:37:55.799,1627.521111111111
Pulse experiments,pioreactor01,2026-09-05T05:53:00.799Z,5.461329746024,2026-09-05 11:38:00.799,1627.5225
Pulse experiments,pioreactor01,2026-09-05T05:53:05.799Z,5.461358138822,2026-09-05 11:38:05.799,1627.523888888889
Pulse experiments,pioreactor01,2026-09-05T05:53:10.799Z,5.461378865165,2026-09-05 11:38:10.799,1627.525277777778
Pulse experiments,pioreactor01,2026-09-05T05:53:15.798Z,5.461407228186,2026-09-05 11:38:15.798,1627.526666666667
Pulse experiments,pioreactor01,2026-09-05T05:53:20.799Z,5.46148521897,2026-09-05 11:38:20.799,1627.528055555556
Pulse experiments,pioreactor01,2026-09-05T05:53:25.799Z,5.461546375594,2026-09-05 11:38:25.799,1627.529444444444
Pulse experiments,pioreactor01,2026-09-05T05:53:30.799Z,5.461548497944,2026-09-05 11:38:30.799,1627.530833333333
Pulse experiments,pioreactor01,2026-09-05T05:53:35.799Z,5.461572630935,2026-09-05 11:38:35.799,1627.532222222222
Pulse experiments,pioreactor01,2026-09-05T05:53:40.798Z,5.461668628323,2026-09-05 11:38:40.798,1627.533611111111
Pulse experiments,pioreactor01,2026-09-05T05:53:45.800Z,5.461913099256,2026-09-05 11:38:45.800,1627.535
Pulse experiments,pioreactor01,2026-09-05T05:53:50.800Z,5.462115138343,2026-09-05 11:38:50.800,1627.536388888889
Pulse experiments,pioreactor01,2026-09-05T05:53:55.799Z,5.462291158066,2026-09-05 11:38:55.799,1627.537777777778
Pulse experiments,pioreactor01,2026-09-05T05:54:00.799Z,5.462440446143,2026-09-05 11:39:00.799,1627.539166666667
Pulse experiments,pioreactor01,2026-09-05T05:54:05.798Z,5.46250768856,2026-09-05 11:39:05.798,1627.540555555556
Pulse experiments,pioreactor01,2026-09-05T05:54:10.798Z,5.462545465107,2026-09-05 11:39:10.798,1627.541944444444
Pulse experiments,pioreactor01,2026-09-05T05:54:15.800Z,5.462557874308,2026-09-05 11:39:15.800,1627.543333333333
Pulse experiments,pioreactor01,2026-09-05T05:54:20.799Z,5.462599343453,2026-09-05 11:39:20.799,1627.544722222222
Pulse experiments,pioreactor01,2026-09-05T05:54:25.798Z,5.462706559332,2026-09-05 11:39:25.798,1627.546111111111
Pulse experiments,pioreactor01,2026-09-05T05:54:30.799Z,5.462803030435,2026-09-05 11:39:30.799,1627.5475
Pulse experiments,pioreactor01,2026-09-05T05:54:35.799Z,5.462883232278,2026-09-05 11:39:35.799,1627.548888888889
Pulse experiments,pioreactor01,2026-09-05T05:54:40.798Z,5.462985481592,2026-09-05 11:39:40.798,1627.550277777778
Pulse experiments,pioreactor01,2026-09-05T05:54:45.801Z,5.463057151416,2026-09-05 11:39:45.801,1627.551666666667
Pulse experiments,pioreactor01,2026-09-05T05:54:50.801Z,5.463149627731,2026-09-05 11:39:50.801,1627.553055555556
Pulse experiments,pioreactor01,2026-09-05T05:54:55.798Z,5.463305853343,2026-09-05 11:39:55.798,1627.554444444444
Pulse experiments,pioreactor01,2026-09-05T05:55:00.799Z,5.46342874199,2026-09-05 11:40:00.799,1627.555833333333
Pulse experiments,pioreactor01,2026-09-05T05:55:05.798Z,5.463598498787,2026-09-05 11:40:05.798,1627.557222222222
Pulse experiments,pioreactor01,2026-09-05T05:55:10.799Z,5.46374216745,2026-09-05 11:40:10.799,1627.558611111111
Pulse experiments,pioreactor01,2026-09-05T05:55:15.798Z,5.463863048685,2026-09-05 11:40:15.798,1627.56
Pulse experiments,pioreactor01,2026-09-05T05:55:20.800Z,5.463936532826,2026-09-05 11:40:20.800,1627.561388888889
Pulse experiments,pioreactor01,2026-09-05T05:55:25.798Z,5.46399882346,2026-09-05 11:40:25.798,1627.562777777778
Pulse experiments,pioreactor01,2026-09-05T05:55:30.798Z,5.464130101266,2026-09-05 11:40:30.798,1627.564166666667
Pulse experiments,pioreactor01,2026-09-05T05:55:35.798Z,5.46430761199,2026-09-05 11:40:35.798,1627.565555555556
Pulse experiments,pioreactor01,2026-09-05T05:55:40.798Z,5.46444915135,2026-09-05 11:40:40.798,1627.566944444445
Pulse experiments,pioreactor01,2026-09-05T05:55:45.799Z,5.464606620578,2026-09-05 11:40:45.799,1627.568333333333
Pulse experiments,pioreactor01,2026-09-05T05:55:50.798Z,5.464818356638,2026-09-05 11:40:50.798,1627.569722222222
Pulse experiments,pioreactor01,2026-09-05T05:55:55.799Z,5.465006400409,2026-09-05 11:40:55.799,1627.571111111111
Pulse experiments,pioreactor01,2026-09-05T05:56:00.799Z,5.465181047643,2026-09-05 11:41:00.799,1627.5725
Pulse experiments,pioreactor01,2026-09-05T05:56:05.799Z,5.465310714523,2026-09-05 11:41:05.799,1627.573888888889
Pulse experiments,pioreactor01,2026-09-05T05:56:10.799Z,5.465362519543,2026-09-05 11:41:10.799,1627.575277777778
Pulse experiments,pioreactor01,2026-09-05T05:56:15.798Z,5.465376972152,2026-09-05 11:41:15.798,1627.576666666667
Pulse experiments,pioreactor01,2026-09-05T05:56:20.798Z,5.46550457028,2026-09-05 11:41:20.798,1627.578055555555
Pulse experiments,pioreactor01,2026-09-05T05:56:25.798Z,5.465673008671,2026-09-05 11:41:25.798,1627.579444444444
Pulse experiments,pioreactor01,2026-09-05T05:56:30.799Z,5.465798340101,2026-09-05 11:41:30.799,1627.580833333333
Pulse experiments,pioreactor01,2026-09-05T05:56:35.799Z,5.465935025945,2026-09-05 11:41:35.799,1627.582222222222
Pulse experiments,pioreactor01,2026-09-05T05:56:40.799Z,5.466104846246,2026-09-05 11:41:40.799,1627.583611111111
Pulse experiments,pioreactor01,2026-09-05T05:56:45.798Z,5.46617342329,2026-09-05 11:41:45.798,1627.585
Pulse experiments,pioreactor01,2026-09-05T05:56:50.801Z,5.466277069601,2026-09-05 11:41:50.801,1627.586388888889
Pulse experiments,pioreactor01,2026-09-05T05:56:55.799Z,5.466358903456,2026-09-05 11:41:55.799,1627.587777777778
Pulse experiments,pioreactor01,2026-09-05T05:57:00.802Z,5.466478696475,2026-09-05 11:42:00.802,1627.589166666667
Pulse experiments,pioreactor01,2026-09-05T05:57:05.800Z,5.466623096957,2026-09-05 11:42:05.800,1627.590555555556
Pulse experiments,pioreactor01,2026-09-05T05:57:10.800Z,5.466751811771,2026-09-05 11:42:10.800,1627.591944444444
Pulse experiments,pioreactor01,2026-09-05T05:57:15.799Z,5.466777896495,2026-09-05 11:42:15.799,1627.593333333333
Pulse experiments,pioreactor01,2026-09-05T05:57:20.800Z,5.466815038697,2026-09-05 11:42:20.800,1627.594722222222
Pulse experiments,pioreactor01,2026-09-05T05:57:25.799Z,5.466909166202,2026-09-05 11:42:25.799,1627.596111111111
Pulse experiments,pioreactor01,2026-09-05T05:57:30.799Z,5.467080850018,2026-09-05 11:42:30.799,1627.5975
Pulse experiments,pioreactor01,2026-09-05T05:57:35.799Z,5.467258252102,2026-09-05 11:42:35.799,1627.598888888889
Pulse experiments,pioreactor01,2026-09-05T05:57:40.799Z,5.467416737325,2026-09-05 11:42:40.799,1627.600277777778
Pulse experiments,pioreactor01,2026-09-05T05:57:45.798Z,5.467535558923,2026-09-05 11:42:45.798,1627.601666666667
Pulse experiments,pioreactor01,2026-09-05T05:57:50.799Z,5.467645744809,2026-09-05 11:42:50.799,1627.603055555556
Pulse experiments,pioreactor01,2026-09-05T05:57:55.799Z,5.467806966015,2026-09-05 11:42:55.799,1627.604444444444
Pulse experiments,pioreactor01,2026-09-05T05:58:00.799Z,5.467849247238,2026-09-05 11:43:00.799,1627.605833333333
Pulse experiments,pioreactor01,2026-09-05T05:58:05.798Z,5.467960392761,2026-09-05 11:43:05.798,1627.607222222222
Pulse experiments,pioreactor01,2026-09-05T05:58:10.799Z,5.468100164581,2026-09-05 11:43:10.799,1627.608611111111
Pulse experiments,pioreactor01,2026-09-05T05:58:15.800Z,5.468232338396,2026-09-05 11:43:15.800,1627.61
Pulse experiments,pioreactor01,2026-09-05T05:58:20.800Z,5.468375021017,2026-09-05 11:43:20.800,1627.611388888889
Pulse experiments,pioreactor01,2026-09-05T05:58:25.799Z,5.468506942681,2026-09-05 11:43:25.799,1627.612777777778
Pulse experiments,pioreactor01,2026-09-05T05:58:30.800Z,5.468670709541,2026-09-05 11:43:30.800,1627.614166666667
Pulse experiments,pioreactor01,2026-09-05T05:58:35.801Z,5.468750595897,2026-09-05 11:43:35.801,1627.615555555556
Pulse experiments,pioreactor01,2026-09-05T05:58:40.799Z,5.468816144691,2026-09-05 11:43:40.799,1627.616944444444
Pulse experiments,pioreactor01,2026-09-05T05:58:45.799Z,5.468928432537,2026-09-05 11:43:45.799,1627.618333333333
Pulse experiments,pioreactor01,2026-09-05T05:58:50.799Z,5.469025928977,2026-09-05 11:43:50.799,1627.619722222222
Pulse experiments,pioreactor01,2026-09-05T05:58:55.800Z,5.46914894502,2026-09-05 11:43:55.800,1627.621111111111
Pulse experiments,pioreactor01,2026-09-05T05:59:00.799Z,5.469315978662,2026-09-05 11:44:00.799,1627.6225
Pulse experiments,pioreactor01,2026-09-05T05:59:05.798Z,5.469474478482,2026-09-05 11:44:05.798,1627.623888888889
Pulse experiments,pioreactor01,2026-09-05T05:59:10.799Z,5.469592032389,2026-09-05 11:44:10.799,1627.625277777778
Pulse experiments,pioreactor01,2026-09-05T05:59:15.798Z,5.469740397959,2026-09-05 11:44:15.798,1627.626666666667
Pulse experiments,pioreactor01,2026-09-05T05:59:20.799Z,5.469834541729,2026-09-05 11:44:20.799,1627.628055555556
Pulse experiments,pioreactor01,2026-09-05T05:59:25.798Z,5.470084156583,2026-09-05 11:44:25.798,1627.629444444445
Pulse experiments,pioreactor01,2026-09-05T05:59:30.798Z,5.470180452892,2026-09-05 11:44:30.798,1627.630833333333
Pulse experiments,pioreactor01,2026-09-05T05:59:35.799Z,5.470297540368,2026-09-05 11:44:35.799,1627.632222222222
Pulse experiments,pioreactor01,2026-09-05T05:59:40.800Z,5.470388557242,2026-09-05 11:44:40.800,1627.633611111111
Pulse experiments,pioreactor01,2026-09-05T05:59:45.799Z,5.470474290961,2026-09-05 11:44:45.799,1627.635
Pulse experiments,pioreactor01,2026-09-05T05:59:50.798Z,5.470518121887,2026-09-05 11:44:50.798,1627.636388888889
Pulse experiments,pioreactor01,2026-09-05T05:59:55.799Z,5.470637274881,2026-09-05 11:44:55.799,1627.637777777778
Pulse experiments,pioreactor01,2026-09-05T06:00:00.798Z,5.470694563351,2026-09-05 11:45:00.798,1627.639166666667
Pulse experiments,pioreactor01,2026-09-05T06:00:05.799Z,5.470737866743,2026-09-05 11:45:05.799,1627.640555555555
Pulse experiments,pioreactor01,2026-09-05T06:00:10.800Z,5.470754280111,2026-09-05 11:45:10.800,1627.641944444444
Pulse experiments,pioreactor01,2026-09-05T06:00:15.798Z,5.470776917434,2026-09-05 11:45:15.798,1627.643333333333
Pulse experiments,pioreactor01,2026-09-05T06:00:20.800Z,5.470874027139,2026-09-05 11:45:20.800,1627.644722222222
Pulse experiments,pioreactor01,2026-09-05T06:00:25.798Z,5.470813759252,2026-09-05 11:45:25.798,1627.646111111111
Pulse experiments,pioreactor01,2026-09-05T06:00:30.799Z,5.470808353004,2026-09-05 11:45:30.799,1627.6475
Pulse experiments,pioreactor01,2026-09-05T06:00:35.800Z,5.470821355598,2026-09-05 11:45:35.800,1627.648888888889
Pulse experiments,pioreactor01,2026-09-05T06:00:40.799Z,5.470926975247,2026-09-05 11:45:40.799,1627.650277777778
Pulse experiments,pioreactor01,2026-09-05T06:00:45.799Z,5.471009978676,2026-09-05 11:45:45.799,1627.651666666667
Pulse experiments,pioreactor01,2026-09-05T06:00:50.799Z,5.471115580899,2026-09-05 11:45:50.799,1627.653055555556
Pulse experiments,pioreactor01,2026-09-05T06:00:55.799Z,5.471165183658,2026-09-05 11:45:55.799,1627.654444444444
Pulse experiments,pioreactor01,2026-09-05T06:01:00.800Z,5.471162050268,2026-09-05 11:46:00.800,1627.655833333333
Pulse experiments,pioreactor01,2026-09-05T06:01:05.798Z,5.471225423306,2026-09-05 11:46:05.798,1627.657222222222
Pulse experiments,pioreactor01,2026-09-05T06:01:10.799Z,5.471325645543,2026-09-05 11:46:10.799,1627.658611111111
Pulse experiments,pioreactor01,2026-09-05T06:01:15.798Z,5.471418642876,2026-09-05 11:46:15.798,1627.66
Pulse experiments,pioreactor01,2026-09-05T06:01:20.798Z,5.471554364212,2026-09-05 11:46:20.798,1627.661388888889
Pulse experiments,pioreactor01,2026-09-05T06:01:25.799Z,5.471717254036,2026-09-05 11:46:25.799,1627.662777777778
Pulse experiments,pioreactor01,2026-09-05T06:01:30.799Z,5.471772234553,2026-09-05 11:46:30.799,1627.664166666667
Pulse experiments,pioreactor01,2026-09-05T06:01:35.800Z,5.471849506202,2026-09-05 11:46:35.800,1627.665555555556
Pulse experiments,pioreactor01,2026-09-05T06:01:40.800Z,5.47199816927,2026-09-05 11:46:40.800,1627.666944444444
Pulse experiments,pioreactor01,2026-09-05T06:01:45.801Z,5.472075030551,2026-09-05 11:46:45.801,1627.668333333333
Pulse experiments,pioreactor01,2026-09-05T06:01:50.799Z,5.472205533211,2026-09-05 11:46:50.799,1627.669722222222
Pulse experiments,pioreactor01,2026-09-05T06:01:55.798Z,5.472266572377,2026-09-05 11:46:55.798,1627.671111111111
Pulse experiments,pioreactor01,2026-09-05T06:02:00.799Z,5.472370017926,2026-09-05 11:47:00.799,1627.6725
Pulse experiments,pioreactor01,2026-09-05T06:02:05.798Z,5.472379468763,2026-09-05 11:47:05.798,1627.673888888889
Pulse experiments,pioreactor01,2026-09-05T06:02:10.799Z,5.472381540676,2026-09-05 11:47:10.799,1627.675277777778
Pulse experiments,pioreactor01,2026-09-05T06:02:15.800Z,5.472429563022,2026-09-05 11:47:15.800,1627.676666666667
Pulse experiments,pioreactor01,2026-09-05T06:02:20.799Z,5.472462573216,2026-09-05 11:47:20.799,1627.678055555556
Pulse experiments,pioreactor01,2026-09-05T06:02:25.798Z,5.472628917703,2026-09-05 11:47:25.798,1627.679444444444
Pulse experiments,pioreactor01,2026-09-05T06:02:30.799Z,5.472819040634,2026-09-05 11:47:30.799,1627.680833333333
Pulse experiments,pioreactor01,2026-09-05T06:02:40.800Z,5.473026141345,2026-09-05 11:47:40.800,1627.683611111111
Pulse experiments,pioreactor01,2026-09-05T06:02:45.799Z,5.473120143674,2026-09-05 11:47:45.799,1627.685
Pulse experiments,pioreactor01,2026-09-05T06:02:50.800Z,5.473293590892,2026-09-05 11:47:50.800,1627.686388888889
Pulse experiments,pioreactor01,2026-09-05T06:02:55.799Z,5.473334838001,2026-09-05 11:47:55.799,1627.687777777778
Pulse experiments,pioreactor01,2026-09-05T06:03:00.800Z,5.47337979054,2026-09-05 11:48:00.800,1627.689166666667
Pulse experiments,pioreactor01,2026-09-05T06:03:05.799Z,5.473465065484,2026-09-05 11:48:05.799,1627.690555555556
Pulse experiments,pioreactor01,2026-09-05T06:03:10.798Z,5.473476026723,2026-09-05 11:48:10.798,1627.691944444445
Pulse experiments,pioreactor01,2026-09-05T06:03:15.799Z,5.47352206,2026-09-05 11:48:15.799,1627.693333333333
Pulse experiments,pioreactor01,2026-09-05T06:03:20.800Z,5.473463756509,2026-09-05 11:48:20.800,1627.694722222222
Pulse experiments,pioreactor01,2026-09-05T06:03:25.798Z,5.473543136364,2026-09-05 11:48:25.798,1627.696111111111
Pulse experiments,pioreactor01,2026-09-05T06:03:30.799Z,5.473689907521,2026-09-05 11:48:30.799,1627.6975
Pulse experiments,pioreactor01,2026-09-05T06:03:35.799Z,5.473905402341,2026-09-05 11:48:35.799,1627.698888888889
Pulse experiments,pioreactor01,2026-09-05T06:03:40.799Z,5.474013899909,2026-09-05 11:48:40.799,1627.700277777778
Pulse experiments,pioreactor01,2026-09-05T06:03:45.801Z,5.474146837015,2026-09-05 11:48:45.801,1627.701666666667
Pulse experiments,pioreactor01,2026-09-05T06:03:50.799Z,5.47415454648,2026-09-05 11:48:50.799,1627.703055555555
Pulse experiments,pioreactor01,2026-09-05T06:03:55.799Z,5.474105036659,2026-09-05 11:48:55.799,1627.704444444444
Pulse experiments,pioreactor01,2026-09-05T06:04:00.798Z,5.474118983384,2026-09-05 11:49:00.798,1627.705833333333
Pulse experiments,pioreactor01,2026-09-05T06:04:05.799Z,5.474224279605,2026-09-05 11:49:05.799,1627.707222222222
Pulse experiments,pioreactor01,2026-09-05T06:04:10.798Z,5.474353447769,2026-09-05 11:49:10.798,1627.708611111111
Pulse experiments,pioreactor01,2026-09-05T06:04:15.800Z,5.474528520727,2026-09-05 11:49:15.800,1627.71
Pulse experiments,pioreactor01,2026-09-05T06:04:20.800Z,5.474690309228,2026-09-05 11:49:20.800,1627.711388888889
Pulse experiments,pioreactor01,2026-09-05T06:04:25.799Z,5.474797174794,2026-09-05 11:49:25.799,1627.712777777778
Pulse experiments,pioreactor01,2026-09-05T06:04:30.799Z,5.474846761251,2026-09-05 11:49:30.799,1627.714166666667
Pulse experiments,pioreactor01,2026-09-05T06:04:35.800Z,5.474906540712,2026-09-05 11:49:35.800,1627.715555555556
Pulse experiments,pioreactor01,2026-09-05T06:04:40.800Z,5.475041115955,2026-09-05 11:49:40.800,1627.716944444444
Pulse experiments,pioreactor01,2026-09-05T06:04:45.798Z,5.475068970603,2026-09-05 11:49:45.798,1627.718333333333
Pulse experiments,pioreactor01,2026-09-05T06:04:50.800Z,5.475268995636,2026-09-05 11:49:50.800,1627.719722222222
Pulse experiments,pioreactor01,2026-09-05T06:04:55.800Z,5.475414829987,2026-09-05 11:49:55.800,1627.721111111111
Pulse experiments,pioreactor01,2026-09-05T06:05:00.799Z,5.475465932455,2026-09-05 11:50:00.799,1627.7225
Pulse experiments,pioreactor01,2026-09-05T06:05:05.799Z,5.475505413819,2026-09-05 11:50:05.799,1627.723888888889
Pulse experiments,pioreactor01,2026-09-05T06:05:10.798Z,5.475550479576,2026-09-05 11:50:10.798,1627.725277777778
Pulse experiments,pioreactor01,2026-09-05T06:05:15.798Z,5.475668284615,2026-09-05 11:50:15.798,1627.726666666667
Pulse experiments,pioreactor01,2026-09-05T06:05:25.800Z,5.476003507162,2026-09-05 11:50:25.800,1627.729444444444
Pulse experiments,pioreactor01,2026-09-05T06:05:30.798Z,5.476180470636,2026-09-05 11:50:30.798,1627.730833333333
Pulse experiments,pioreactor01,2026-09-05T06:05:35.798Z,5.476374238164,2026-09-05 11:50:35.798,1627.732222222222
Pulse experiments,pioreactor01,2026-09-05T06:05:40.798Z,5.476483812627,2026-09-05 11:50:40.798,1627.733611111111
Pulse experiments,pioreactor01,2026-09-05T06:05:45.799Z,5.47657003297,2026-09-05 11:50:45.799,1627.735
Pulse experiments,pioreactor01,2026-09-05T06:05:50.799Z,5.476647979054,2026-09-05 11:50:50.799,1627.736388888889
Pulse experiments,pioreactor01,2026-09-05T06:05:55.799Z,5.47671325037,2026-09-05 11:50:55.799,1627.737777777778
Pulse experiments,pioreactor01,2026-09-05T06:06:00.800Z,5.476856902555,2026-09-05 11:51:00.800,1627.739166666667
Pulse experiments,pioreactor01,2026-09-05T06:06:05.798Z,5.476984145765,2026-09-05 11:51:05.798,1627.740555555556
Pulse experiments,pioreactor01,2026-09-05T06:06:10.798Z,5.477245605664,2026-09-05 11:51:10.798,1627.741944444444
Pulse experiments,pioreactor01,2026-09-05T06:06:15.802Z,5.477462626991,2026-09-05 11:51:15.802,1627.743333333333
Pulse experiments,pioreactor01,2026-09-05T06:06:20.800Z,5.477551563885,2026-09-05 11:51:20.800,1627.744722222222
Pulse experiments,pioreactor01,2026-09-05T06:06:25.798Z,5.477647069838,2026-09-05 11:51:25.798,1627.746111111111
Pulse experiments,pioreactor01,2026-09-05T06:06:30.799Z,5.477711231139,2026-09-05 11:51:30.799,1627.7475
Pulse experiments,pioreactor01,2026-09-05T06:06:35.799Z,5.477829926471,2026-09-05 11:51:35.799,1627.748888888889
Pulse experiments,pioreactor01,2026-09-05T06:06:40.799Z,5.477923602041,2026-09-05 11:51:40.799,1627.750277777778
Pulse experiments,pioreactor01,2026-09-05T06:06:45.798Z,5.478046357906,2026-09-05 11:51:45.798,1627.751666666667
Pulse experiments,pioreactor01,2026-09-05T06:06:50.799Z,5.478034343381,2026-09-05 11:51:50.799,1627.753055555556
Pulse experiments,pioreactor01,2026-09-05T06:06:55.800Z,5.478025870716,2026-09-05 11:51:55.800,1627.754444444445
Pulse experiments,pioreactor01,2026-09-05T06:07:00.799Z,5.478145347958,2026-09-05 11:52:00.799,1627.755833333333
Pulse experiments,pioreactor01,2026-09-05T06:07:05.799Z,5.478239522109,2026-09-05 11:52:05.799,1627.757222222222
Pulse experiments,pioreactor01,2026-09-05T06:07:10.799Z,5.478292571342,2026-09-05 11:52:10.799,1627.758611111111
Pulse experiments,pioreactor01,2026-09-05T06:07:15.799Z,5.478383377749,2026-09-05 11:52:15.799,1627.76
Pulse experiments,pioreactor01,2026-09-05T06:07:20.798Z,5.478357709734,2026-09-05 11:52:20.798,1627.761388888889
Pulse experiments,pioreactor01,2026-09-05T06:07:25.799Z,5.478488643818,2026-09-05 11:52:25.799,1627.762777777778
Pulse experiments,pioreactor01,2026-09-05T06:07:30.798Z,5.478607533431,2026-09-05 11:52:30.798,1627.764166666667
Pulse experiments,pioreactor01,2026-09-05T06:07:35.800Z,5.478780349572,2026-09-05 11:52:35.800,1627.765555555555
Pulse experiments,pioreactor01,2026-09-05T06:07:40.798Z,5.478837913954,2026-09-05 11:52:40.798,1627.766944444444
Pulse experiments,pioreactor01,2026-09-05T06:07:45.798Z,5.478887681022,2026-09-05 11:52:45.798,1627.768333333333
Pulse experiments,pioreactor01,2026-09-05T06:07:50.800Z,5.478943770348,2026-09-05 11:52:50.800,1627.769722222222
Pulse experiments,pioreactor01,2026-09-05T06:07:55.798Z,5.479085868152,2026-09-05 11:52:55.798,1627.771111111111
Pulse experiments,pioreactor01,2026-09-05T06:08:00.799Z,5.479130870005,2026-09-05 11:53:00.799,1627.7725
Pulse experiments,pioreactor01,2026-09-05T06:08:05.799Z,5.479237017042,2026-09-05 11:53:05.799,1627.773888888889
Pulse experiments,pioreactor01,2026-09-05T06:08:10.799Z,5.479306124274,2026-09-05 11:53:10.799,1627.775277777778
Pulse experiments,pioreactor01,2026-09-05T06:08:15.798Z,5.47935594319,2026-09-05 11:53:15.798,1627.776666666667
Pulse experiments,pioreactor01,2026-09-05T06:08:20.799Z,5.47950593023,2026-09-05 11:53:20.799,1627.778055555556
Pulse experiments,pioreactor01,2026-09-05T06:08:25.799Z,5.479626784361,2026-09-05 11:53:25.799,1627.779444444444
Pulse experiments,pioreactor01,2026-09-05T06:08:30.799Z,5.479752695987,2026-09-05 11:53:30.799,1627.780833333333
Pulse experiments,pioreactor01,2026-09-05T06:08:40.799Z,5.479928358413,2026-09-05 11:53:40.799,1627.783611111111
Pulse experiments,pioreactor01,2026-09-05T06:08:45.799Z,5.479977030215,2026-09-05 11:53:45.799,1627.785
Pulse experiments,pioreactor01,2026-09-05T06:08:50.800Z,5.48003641137,2026-09-05 11:53:50.800,1627.786388888889
Pulse experiments,pioreactor01,2026-09-05T06:08:55.799Z,5.48011732792,2026-09-05 11:53:55.799,1627.787777777778
Pulse experiments,pioreactor01,2026-09-05T06:09:00.800Z,5.480266283542,2026-09-05 11:54:00.800,1627.789166666667
Pulse experiments,pioreactor01,2026-09-05T06:09:05.798Z,5.480333487532,2026-09-05 11:54:05.798,1627.790555555556
Pulse experiments,pioreactor01,2026-09-05T06:09:10.798Z,5.480440671595,2026-09-05 11:54:10.798,1627.791944444444
Pulse experiments,pioreactor01,2026-09-05T06:09:15.799Z,5.480501239969,2026-09-05 11:54:15.799,1627.793333333333
Pulse experiments,pioreactor01,2026-09-05T06:09:20.799Z,5.480548296765,2026-09-05 11:54:20.799,1627.794722222222
Pulse experiments,pioreactor01,2026-09-05T06:09:25.799Z,5.480625307601,2026-09-05 11:54:25.799,1627.796111111111
Pulse experiments,pioreactor01,2026-09-05T06:09:30.799Z,5.480584787676,2026-09-05 11:54:30.799,1627.7975
Pulse experiments,pioreactor01,2026-09-05T06:09:35.799Z,5.480657074103,2026-09-05 11:54:35.799,1627.798888888889
Pulse experiments,pioreactor01,2026-09-05T06:09:40.799Z,5.480631992989,2026-09-05 11:54:40.799,1627.800277777778
Pulse experiments,pioreactor01,2026-09-05T06:09:45.799Z,5.480687893197,2026-09-05 11:54:45.799,1627.801666666667
Pulse experiments,pioreactor01,2026-09-05T06:09:50.798Z,5.480657955057,2026-09-05 11:54:50.798,1627.803055555556
Pulse experiments,pioreactor01,2026-09-05T06:09:55.799Z,5.480648487525,2026-09-05 11:54:55.799,1627.804444444444
Pulse experiments,pioreactor01,2026-09-05T06:10:00.799Z,5.480625080657,2026-09-05 11:55:00.799,1627.805833333333
Pulse experiments,pioreactor01,2026-09-05T06:10:05.799Z,5.480674753797,2026-09-05 11:55:05.799,1627.807222222222
Pulse experiments,pioreactor01,2026-09-05T06:10:10.799Z,5.480736192757,2026-09-05 11:55:10.799,1627.808611111111
Pulse experiments,pioreactor01,2026-09-05T06:10:15.798Z,5.480831992726,2026-09-05 11:55:15.798,1627.81
Pulse experiments,pioreactor01,2026-09-05T06:10:20.799Z,5.480899479102,2026-09-05 11:55:20.799,1627.811388888889
Pulse experiments,pioreactor01,2026-09-05T06:10:25.799Z,5.481011334849,2026-09-05 11:55:25.799,1627.812777777778
Pulse experiments,pioreactor01,2026-09-05T06:10:30.800Z,5.481039263915,2026-09-05 11:55:30.800,1627.814166666667
Pulse experiments,pioreactor01,2026-09-05T06:10:35.799Z,5.48119465023,2026-09-05 11:55:35.799,1627.815555555556
Pulse experiments,pioreactor01,2026-09-05T06:10:40.800Z,5.481369233405,2026-09-05 11:55:40.800,1627.816944444445
Pulse experiments,pioreactor01,2026-09-05T06:10:45.799Z,5.481534242494,2026-09-05 11:55:45.799,1627.818333333333
Pulse experiments,pioreactor01,2026-09-05T06:10:50.798Z,5.481675188344,2026-09-05 11:55:50.798,1627.819722222222
Pulse experiments,pioreactor01,2026-09-05T06:10:55.799Z,5.481761887174,2026-09-05 11:55:55.799,1627.821111111111
Pulse experiments,pioreactor01,2026-09-05T06:11:00.801Z,5.481802222263,2026-09-05 11:56:00.801,1627.8225
Pulse experiments,pioreactor01,2026-09-05T06:11:05.799Z,5.481848693417,2026-09-05 11:56:05.799,1627.823888888889
Pulse experiments,pioreactor01,2026-09-05T06:11:10.798Z,5.481933117046,2026-09-05 11:56:10.798,1627.825277777778
Pulse experiments,pioreactor01,2026-09-05T06:11:15.799Z,5.481982536287,2026-09-05 11:56:15.799,1627.826666666667
Pulse experiments,pioreactor01,2026-09-05T06:11:20.799Z,5.482043399382,2026-09-05 11:56:20.799,1627.828055555555
Pulse experiments,pioreactor01,2026-09-05T06:11:25.799Z,5.482103837532,2026-09-05 11:56:25.799,1627.829444444444
Pulse experiments,pioreactor01,2026-09-05T06:11:35.799Z,5.482187319028,2026-09-05 11:56:35.799,1627.832222222222
Pulse experiments,pioreactor01,2026-09-05T06:11:40.799Z,5.482257009696,2026-09-05 11:56:40.799,1627.833611111111
Pulse experiments,pioreactor01,2026-09-05T06:11:45.798Z,5.482378012347,2026-09-05 11:56:45.798,1627.835
Pulse experiments,pioreactor01,2026-09-05T06:11:50.799Z,5.482506803722,2026-09-05 11:56:50.799,1627.836388888889
Pulse experiments,pioreactor01,2026-09-05T06:11:55.799Z,5.482598036918,2026-09-05 11:56:55.799,1627.837777777778
Pulse experiments,pioreactor01,2026-09-05T06:12:00.798Z,5.482675788,2026-09-05 11:57:00.798,1627.839166666667
Pulse experiments,pioreactor01,2026-09-05T06:12:05.799Z,5.482738849299,2026-09-05 11:57:05.799,1627.840555555556
Pulse experiments,pioreactor01,2026-09-05T06:12:10.799Z,5.482867733636,2026-09-05 11:57:10.799,1627.841944444444
Pulse experiments,pioreactor01,2026-09-05T06:12:15.799Z,5.483134317037,2026-09-05 11:57:15.799,1627.843333333333
Pulse experiments,pioreactor01,2026-09-05T06:12:25.799Z,5.483335041581,2026-09-05 11:57:25.799,1627.846111111111
Pulse experiments,pioreactor01,2026-09-05T06:12:30.799Z,5.483403815189,2026-09-05 11:57:30.799,1627.8475
Pulse experiments,pioreactor01,2026-09-05T06:12:35.799Z,5.483520276621,2026-09-05 11:57:35.799,1627.848888888889
Pulse experiments,pioreactor01,2026-09-05T06:12:40.800Z,5.48367086456,2026-09-05 11:57:40.800,1627.850277777778
Pulse experiments,pioreactor01,2026-09-05T06:12:45.799Z,5.483829165742,2026-09-05 11:57:45.799,1627.851666666667
Pulse experiments,pioreactor01,2026-09-05T06:12:50.800Z,5.483965899118,2026-09-05 11:57:50.800,1627.853055555556
Pulse experiments,pioreactor01,2026-09-05T06:12:55.798Z,5.484226628161,2026-09-05 11:57:55.798,1627.854444444444
Pulse experiments,pioreactor01,2026-09-05T06:13:00.801Z,5.484376478838,2026-09-05 11:58:00.801,1627.855833333333
Pulse experiments,pioreactor01,2026-09-05T06:13:05.798Z,5.484480435843,2026-09-05 11:58:05.798,1627.857222222222
Pulse experiments,pioreactor01,2026-09-05T06:13:10.799Z,5.484593973352,2026-09-05 11:58:10.799,1627.858611111111
Pulse experiments,pioreactor01,2026-09-05T06:13:15.798Z,5.484754762036,2026-09-05 11:58:15.798,1627.86
Pulse experiments,pioreactor01,2026-09-05T06:13:20.800Z,5.484849097597,2026-09-05 11:58:20.800,1627.861388888889
Pulse experiments,pioreactor01,2026-09-05T06:13:25.798Z,5.484989443812,2026-09-05 11:58:25.798,1627.862777777778
Pulse experiments,pioreactor01,2026-09-05T06:13:30.799Z,5.485148790211,2026-09-05 11:58:30.799,1627.864166666667
Pulse experiments,pioreactor01,2026-09-05T06:13:35.798Z,5.485281842567,2026-09-05 11:58:35.798,1627.865555555556
Pulse experiments,pioreactor01,2026-09-05T06:13:40.799Z,5.485344499989,2026-09-05 11:58:40.799,1627.866944444444
Pulse experiments,pioreactor01,2026-09-05T06:13:45.799Z,5.485375258319,2026-09-05 11:58:45.799,1627.868333333333
Pulse experiments,pioreactor01,2026-09-05T06:13:50.799Z,5.485560379097,2026-09-05 11:58:50.799,1627.869722222222
Pulse experiments,pioreactor01,2026-09-05T06:13:55.799Z,5.485718694925,2026-09-05 11:58:55.799,1627.871111111111
Pulse experiments,pioreactor01,2026-09-05T06:14:00.798Z,5.485892346992,2026-09-05 11:59:00.798,1627.8725
Pulse experiments,pioreactor01,2026-09-05T06:14:05.799Z,5.48606378728,2026-09-05 11:59:05.799,1627.873888888889
Pulse experiments,pioreactor01,2026-09-05T06:14:10.799Z,5.48619748578,2026-09-05 11:59:10.799,1627.875277777778
Pulse experiments,pioreactor01,2026-09-05T06:14:15.800Z,5.486269744468,2026-09-05 11:59:15.800,1627.876666666667
Pulse experiments,pioreactor01,2026-09-05T06:14:20.799Z,5.486375452053,2026-09-05 11:59:20.799,1627.878055555556
Pulse experiments,pioreactor01,2026-09-05T06:14:25.798Z,5.486431993805,2026-09-05 11:59:25.798,1627.879444444445
Pulse experiments,pioreactor01,2026-09-05T06:14:30.798Z,5.486442400329,2026-09-05 11:59:30.798,1627.880833333333
Pulse experiments,pioreactor01,2026-09-05T06:14:35.798Z,5.486526503359,2026-09-05 11:59:35.798,1627.882222222222
Pulse experiments,pioreactor01,2026-09-05T06:14:40.798Z,5.486692810608,2026-09-05 11:59:40.798,1627.883611111111
Pulse experiments,pioreactor01,2026-09-05T06:14:45.799Z,5.486839086899,2026-09-05 11:59:45.799,1627.885
Pulse experiments,pioreactor01,2026-09-05T06:14:50.799Z,5.487000078729,2026-09-05 11:59:50.799,1627.886388888889
Pulse experiments,pioreactor01,2026-09-05T06:14:55.798Z,5.487104248938,2026-09-05 11:59:55.798,1627.887777777778
Pulse experiments,pioreactor01,2026-09-05T06:15:00.798Z,5.487205115585,2026-09-05 12:00:00.798,1627.889166666667
Pulse experiments,pioreactor01,2026-09-05T06:15:05.799Z,5.487279051734,2026-09-05 12:00:05.799,1627.890555555555
Pulse experiments,pioreactor01,2026-09-05T06:15:10.800Z,5.487374391967,2026-09-05 12:00:10.800,1627.891944444444
Pulse experiments,pioreactor01,2026-09-05T06:15:15.799Z,5.487489873179,2026-09-05 12:00:15.799,1627.893333333333
Pulse experiments,pioreactor01,2026-09-05T06:15:20.799Z,5.487692358632,2026-09-05 12:00:20.799,1627.894722222222
Pulse experiments,pioreactor01,2026-09-05T06:15:25.799Z,5.487815070338,2026-09-05 12:00:25.799,1627.896111111111
Pulse experiments,pioreactor01,2026-09-05T06:15:30.799Z,5.487914707427,2026-09-05 12:00:30.799,1627.8975
Pulse experiments,pioreactor01,2026-09-05T06:15:35.799Z,5.487875122044,2026-09-05 12:00:35.799,1627.898888888889
Pulse experiments,pioreactor01,2026-09-05T06:15:40.800Z,5.487963353327,2026-09-05 12:00:40.800,1627.900277777778
Pulse experiments,pioreactor01,2026-09-05T06:15:45.798Z,5.488099674328,2026-09-05 12:00:45.798,1627.901666666667
Pulse experiments,pioreactor01,2026-09-05T06:15:50.799Z,5.488220070235,2026-09-05 12:00:50.799,1627.903055555556
Pulse experiments,pioreactor01,2026-09-05T06:15:55.799Z,5.488322134836,2026-09-05 12:00:55.799,1627.904444444444
Pulse experiments,pioreactor01,2026-09-05T06:16:00.798Z,5.488406021,2026-09-05 12:01:00.798,1627.905833333333
Pulse experiments,pioreactor01,2026-09-05T06:16:05.799Z,5.48859680276,2026-09-05 12:01:05.799,1627.907222222222
Pulse experiments,pioreactor01,2026-09-05T06:16:10.800Z,5.488786236376,2026-09-05 12:01:10.800,1627.908611111111
Pulse experiments,pioreactor01,2026-09-05T06:16:15.799Z,5.488908117827,2026-09-05 12:01:15.799,1627.91
Pulse experiments,pioreactor01,2026-09-05T06:16:20.800Z,5.488944460832,2026-09-05 12:01:20.800,1627.911388888889
Pulse experiments,pioreactor01,2026-09-05T06:16:25.799Z,5.488887564254,2026-09-05 12:01:25.799,1627.912777777778
Pulse experiments,pioreactor01,2026-09-05T06:16:30.799Z,5.488963604184,2026-09-05 12:01:30.799,1627.914166666667
Pulse experiments,pioreactor01,2026-09-05T06:16:35.798Z,5.489068285569,2026-09-05 12:01:35.798,1627.915555555556
Pulse experiments,pioreactor01,2026-09-05T06:16:40.798Z,5.489198436513,2026-09-05 12:01:40.798,1627.916944444444
Pulse experiments,pioreactor01,2026-09-05T06:16:45.800Z,5.489331445575,2026-09-05 12:01:45.800,1627.918333333333
Pulse experiments,pioreactor01,2026-09-05T06:16:50.798Z,5.489353506185,2026-09-05 12:01:50.798,1627.919722222222
Pulse experiments,pioreactor01,2026-09-05T06:16:55.798Z,5.489356995531,2026-09-05 12:01:55.798,1627.921111111111
Pulse experiments,pioreactor01,2026-09-05T06:17:00.799Z,5.489390958374,2026-09-05 12:02:00.799,1627.9225
Pulse experiments,pioreactor01,2026-09-05T06:17:05.800Z,5.489476718521,2026-09-05 12:02:05.800,1627.923888888889
Pulse experiments,pioreactor01,2026-09-05T06:17:10.800Z,5.489490952379,2026-09-05 12:02:10.800,1627.925277777778
Pulse experiments,pioreactor01,2026-09-05T06:17:15.800Z,5.489546358527,2026-09-05 12:02:15.800,1627.926666666667
Pulse experiments,pioreactor01,2026-09-05T06:17:20.799Z,5.489643273385,2026-09-05 12:02:20.799,1627.928055555556
Pulse experiments,pioreactor01,2026-09-05T06:17:25.798Z,5.489721957828,2026-09-05 12:02:25.798,1627.929444444444
Pulse experiments,pioreactor01,2026-09-05T06:17:30.799Z,5.489828207157,2026-09-05 12:02:30.799,1627.930833333333
Pulse experiments,pioreactor01,2026-09-05T06:17:35.798Z,5.489864350983,2026-09-05 12:02:35.798,1627.932222222222
Pulse experiments,pioreactor01,2026-09-05T06:17:40.799Z,5.489862936253,2026-09-05 12:02:40.799,1627.933611111111
Pulse experiments,pioreactor01,2026-09-05T06:17:45.799Z,5.48993878192,2026-09-05 12:02:45.799,1627.935
Pulse experiments,pioreactor01,2026-09-05T06:17:50.799Z,5.489915641468,2026-09-05 12:02:50.799,1627.936388888889
Pulse experiments,pioreactor01,2026-09-05T06:17:55.799Z,5.489997739125,2026-09-05 12:02:55.799,1627.937777777778
Pulse experiments,pioreactor01,2026-09-05T06:18:00.800Z,5.490036320067,2026-09-05 12:03:00.800,1627.939166666667
Pulse experiments,pioreactor01,2026-09-05T06:18:05.799Z,5.490040103268,2026-09-05 12:03:05.799,1627.940555555556
Pulse experiments,pioreactor01,2026-09-05T06:18:10.801Z,5.490064727167,2026-09-05 12:03:10.801,1627.941944444445
Pulse experiments,pioreactor01,2026-09-05T06:18:15.798Z,5.490131430926,2026-09-05 12:03:15.798,1627.943333333333
Pulse experiments,pioreactor01,2026-09-05T06:18:20.800Z,5.490216436311,2026-09-05 12:03:20.800,1627.944722222222
Pulse experiments,pioreactor01,2026-09-05T06:18:25.800Z,5.490270872123,2026-09-05 12:03:25.800,1627.946111111111
Pulse experiments,pioreactor01,2026-09-05T06:18:30.799Z,5.49038191666,2026-09-05 12:03:30.799,1627.9475
Pulse experiments,pioreactor01,2026-09-05T06:18:35.800Z,5.490460158378,2026-09-05 12:03:35.800,1627.948888888889
Pulse experiments,pioreactor01,2026-09-05T06:18:40.802Z,5.490530110483,2026-09-05 12:03:40.802,1627.950277777778
Pulse experiments,pioreactor01,2026-09-05T06:18:45.799Z,5.490568097322,2026-09-05 12:03:45.799,1627.951666666667
Pulse experiments,pioreactor01,2026-09-05T06:18:50.799Z,5.490631675832,2026-09-05 12:03:50.799,1627.953055555555
Pulse experiments,pioreactor01,2026-09-05T06:18:55.799Z,5.490665444867,2026-09-05 12:03:55.799,1627.954444444444
Pulse experiments,pioreactor01,2026-09-05T06:19:00.798Z,5.490669886906,2026-09-05 12:04:00.798,1627.955833333333
Pulse experiments,pioreactor01,2026-09-05T06:19:05.801Z,5.490710445198,2026-09-05 12:04:05.801,1627.957222222222
Pulse experiments,pioreactor01,2026-09-05T06:19:10.798Z,5.490698513899,2026-09-05 12:04:10.798,1627.958611111111
Pulse experiments,pioreactor01,2026-09-05T06:19:15.801Z,5.490751415941,2026-09-05 12:04:15.801,1627.96
Pulse experiments,pioreactor01,2026-09-05T06:19:20.801Z,5.49089584439,2026-09-05 12:04:20.801,1627.961388888889
Pulse experiments,pioreactor01,2026-09-05T06:19:25.800Z,5.490938754919,2026-09-05 12:04:25.800,1627.962777777778
Pulse experiments,pioreactor01,2026-09-05T06:19:30.798Z,5.490953715314,2026-09-05 12:04:30.798,1627.964166666667
Pulse experiments,pioreactor01,2026-09-05T06:19:40.798Z,5.491045731749,2026-09-05 12:04:40.798,1627.966944444444
Pulse experiments,pioreactor01,2026-09-05T06:19:45.798Z,5.491016307589,2026-09-05 12:04:45.798,1627.968333333333
Pulse experiments,pioreactor01,2026-09-05T06:19:50.799Z,5.491070015968,2026-09-05 12:04:50.799,1627.969722222222
Pulse experiments,pioreactor01,2026-09-05T06:19:55.799Z,5.491187731106,2026-09-05 12:04:55.799,1627.971111111111
Pulse experiments,pioreactor01,2026-09-05T06:20:00.800Z,5.491325919959,2026-09-05 12:05:00.800,1627.9725
Pulse experiments,pioreactor01,2026-09-05T06:20:05.799Z,5.491481543811,2026-09-05 12:05:05.799,1627.973888888889
Pulse experiments,pioreactor01,2026-09-05T06:20:10.799Z,5.491519213456,2026-09-05 12:05:10.799,1627.975277777778
Pulse experiments,pioreactor01,2026-09-05T06:20:15.798Z,5.491658356591,2026-09-05 12:05:15.798,1627.976666666667
Pulse experiments,pioreactor01,2026-09-05T06:20:25.800Z,5.491840539237,2026-09-05 12:05:25.800,1627.979444444444
Pulse experiments,pioreactor01,2026-09-05T06:20:30.799Z,5.492042942444,2026-09-05 12:05:30.799,1627.980833333333
Pulse experiments,pioreactor01,2026-09-05T06:20:35.799Z,5.492102613494,2026-09-05 12:05:35.799,1627.982222222222
Pulse experiments,pioreactor01,2026-09-05T06:20:40.798Z,5.49212088218,2026-09-05 12:05:40.798,1627.983611111111
Pulse experiments,pioreactor01,2026-09-05T06:20:45.798Z,5.492140170005,2026-09-05 12:05:45.798,1627.985
Pulse experiments,pioreactor01,2026-09-05T06:20:50.799Z,5.492183956029,2026-09-05 12:05:50.799,1627.986388888889
Pulse experiments,pioreactor01,2026-09-05T06:20:55.798Z,5.492309077757,2026-09-05 12:05:55.798,1627.987777777778
Pulse experiments,pioreactor01,2026-09-05T06:21:00.798Z,5.492373544018,2026-09-05 12:06:00.798,1627.989166666667
Pulse experiments,pioreactor01,2026-09-05T06:21:05.799Z,5.49246497773,2026-09-05 12:06:05.799,1627.990555555556
Pulse experiments,pioreactor01,2026-09-05T06:21:10.799Z,5.492561932523,2026-09-05 12:06:10.799,1627.991944444444
Pulse experiments,pioreactor01,2026-09-05T06:21:15.798Z,5.492646308216,2026-09-05 12:06:15.798,1627.993333333333
Pulse experiments,pioreactor01,2026-09-05T06:21:20.799Z,5.492684784445,2026-09-05 12:06:20.799,1627.994722222222
Pulse experiments,pioreactor01,2026-09-05T06:21:25.798Z,5.492728593949,2026-09-05 12:06:25.798,1627.996111111111
Pulse experiments,pioreactor01,2026-09-05T06:21:30.799Z,5.492809290514,2026-09-05 12:06:30.799,1627.9975
Pulse experiments,pioreactor01,2026-09-05T06:21:35.799Z,5.492957740869,2026-09-05 12:06:35.799,1627.998888888889
Pulse experiments,pioreactor01,2026-09-05T06:21:40.800Z,5.492936190346,2026-09-05 12:06:40.800,1628.000277777778
Pulse experiments,pioreactor01,2026-09-05T06:21:45.798Z,5.49296346048,2026-09-05 12:06:45.798,1628.001666666667
Pulse experiments,pioreactor01,2026-09-05T06:21:50.800Z,5.493048012904,2026-09-05 12:06:50.800,1628.003055555556
Pulse experiments,pioreactor01,2026-09-05T06:21:55.799Z,5.493196170552,2026-09-05 12:06:55.799,1628.004444444445
Pulse experiments,pioreactor01,2026-09-05T06:22:00.799Z,5.493256596735,2026-09-05 12:07:00.799,1628.005833333333
Pulse experiments,pioreactor01,2026-09-05T06:22:05.798Z,5.493350812916,2026-09-05 12:07:05.798,1628.007222222222
Pulse experiments,pioreactor01,2026-09-05T06:22:10.799Z,5.493504792408,2026-09-05 12:07:10.799,1628.008611111111
Pulse experiments,pioreactor01,2026-09-05T06:22:15.799Z,5.493706753385,2026-09-05 12:07:15.799,1628.01
Pulse experiments,pioreactor01,2026-09-05T06:22:20.798Z,5.493925488649,2026-09-05 12:07:20.798,1628.011388888889
Pulse experiments,pioreactor01,2026-09-05T06:22:25.798Z,5.494089803996,2026-09-05 12:07:25.798,1628.012777777778
Pulse experiments,pioreactor01,2026-09-05T06:22:30.798Z,5.494267147882,2026-09-05 12:07:30.798,1628.014166666667
Pulse experiments,pioreactor01,2026-09-05T06:22:35.800Z,5.494398685932,2026-09-05 12:07:35.800,1628.015555555555
Pulse experiments,pioreactor01,2026-09-05T06:22:40.800Z,5.494393178126,2026-09-05 12:07:40.800,1628.016944444444
Pulse experiments,pioreactor01,2026-09-05T06:22:45.801Z,5.494443289325,2026-09-05 12:07:45.801,1628.018333333333
Pulse experiments,pioreactor01,2026-09-05T06:22:50.799Z,5.494586219726,2026-09-05 12:07:50.799,1628.019722222222
Pulse experiments,pioreactor01,2026-09-05T06:22:55.799Z,5.494641103785,2026-09-05 12:07:55.799,1628.021111111111
Pulse experiments,pioreactor01,2026-09-05T06:23:00.800Z,5.494698190054,2026-09-05 12:08:00.800,1628.0225
Pulse experiments,pioreactor01,2026-09-05T06:23:05.799Z,5.494805669547,2026-09-05 12:08:05.799,1628.023888888889
Pulse experiments,pioreactor01,2026-09-05T06:23:10.798Z,5.494926410888,2026-09-05 12:08:10.798,1628.025277777778
Pulse experiments,pioreactor01,2026-09-05T06:23:15.799Z,5.494975952444,2026-09-05 12:08:15.799,1628.026666666667
Pulse experiments,pioreactor01,2026-09-05T06:23:20.799Z,5.495136524984,2026-09-05 12:08:20.799,1628.028055555556
Pulse experiments,pioreactor01,2026-09-05T06:23:25.799Z,5.495320679039,2026-09-05 12:08:25.799,1628.029444444444
Pulse experiments,pioreactor01,2026-09-05T06:23:30.798Z,5.49551617647,2026-09-05 12:08:30.798,1628.030833333333
Pulse experiments,pioreactor01,2026-09-05T06:23:35.799Z,5.495682019645,2026-09-05 12:08:35.799,1628.032222222222
Pulse experiments,pioreactor01,2026-09-05T06:23:40.798Z,5.495693383895,2026-09-05 12:08:40.798,1628.033611111111
Pulse experiments,pioreactor01,2026-09-05T06:23:45.800Z,5.495765841835,2026-09-05 12:08:45.800,1628.035
Pulse experiments,pioreactor01,2026-09-05T06:23:55.799Z,5.495866959685,2026-09-05 12:08:55.799,1628.037777777778
Pulse experiments,pioreactor01,2026-09-05T06:24:00.798Z,5.495862956937,2026-09-05 12:09:00.798,1628.039166666667
Pulse experiments,pioreactor01,2026-09-05T06:24:05.799Z,5.495931748289,2026-09-05 12:09:05.799,1628.040555555556
Pulse experiments,pioreactor01,2026-09-05T06:24:10.799Z,5.495916476403,2026-09-05 12:09:10.799,1628.041944444444
Pulse experiments,pioreactor01,2026-09-05T06:24:15.798Z,5.495938969044,2026-09-05 12:09:15.798,1628.043333333333
Pulse experiments,pioreactor01,2026-09-05T06:24:25.798Z,5.49613150208,2026-09-05 12:09:25.798,1628.046111111111
Pulse experiments,pioreactor01,2026-09-05T06:24:30.798Z,5.496234235385,2026-09-05 12:09:30.798,1628.0475
Pulse experiments,pioreactor01,2026-09-05T06:24:35.799Z,5.496386092545,2026-09-05 12:09:35.799,1628.048888888889
Pulse experiments,pioreactor01,2026-09-05T06:24:40.798Z,5.496396052355,2026-09-05 12:09:40.798,1628.050277777778
Pulse experiments,pioreactor01,2026-09-05T06:24:45.799Z,5.496544306272,2026-09-05 12:09:45.799,1628.051666666667
Pulse experiments,pioreactor01,2026-09-05T06:24:50.798Z,5.496613631702,2026-09-05 12:09:50.798,1628.053055555556
Pulse experiments,pioreactor01,2026-09-05T06:24:55.800Z,5.496742958457,2026-09-05 12:09:55.800,1628.054444444444
Pulse experiments,pioreactor01,2026-09-05T06:25:00.799Z,5.496925561358,2026-09-05 12:10:00.799,1628.055833333333
Pulse experiments,pioreactor01,2026-09-05T06:25:05.798Z,5.497009415648,2026-09-05 12:10:05.798,1628.057222222222
Pulse experiments,pioreactor01,2026-09-05T06:25:10.799Z,5.497083624313,2026-09-05 12:10:10.799,1628.058611111111
Pulse experiments,pioreactor01,2026-09-05T06:25:15.798Z,5.497141622365,2026-09-05 12:10:15.798,1628.06
Pulse experiments,pioreactor01,2026-09-05T06:25:20.799Z,5.497238193911,2026-09-05 12:10:20.799,1628.061388888889
Pulse experiments,pioreactor01,2026-09-05T06:25:25.799Z,5.497371093573,2026-09-05 12:10:25.799,1628.062777777778
Pulse experiments,pioreactor01,2026-09-05T06:25:30.799Z,5.497542472685,2026-09-05 12:10:30.799,1628.064166666667
Pulse experiments,pioreactor01,2026-09-05T06:25:35.799Z,5.497609889795,2026-09-05 12:10:35.799,1628.065555555556
Pulse experiments,pioreactor01,2026-09-05T06:25:40.799Z,5.497677634335,2026-09-05 12:10:40.799,1628.066944444445
Pulse experiments,pioreactor01,2026-09-05T06:25:45.799Z,5.497695620112,2026-09-05 12:10:45.799,1628.068333333333
Pulse experiments,pioreactor01,2026-09-05T06:25:50.799Z,5.497782539739,2026-09-05 12:10:50.799,1628.069722222222
Pulse experiments,pioreactor01,2026-09-05T06:25:55.800Z,5.497916803819,2026-09-05 12:10:55.800,1628.071111111111
Pulse experiments,pioreactor01,2026-09-05T06:26:00.799Z,5.497928687698,2026-09-05 12:11:00.799,1628.0725
Pulse experiments,pioreactor01,2026-09-05T06:26:05.799Z,5.497990098568,2026-09-05 12:11:05.799,1628.073888888889
Pulse experiments,pioreactor01,2026-09-05T06:26:10.799Z,5.497930629699,2026-09-05 12:11:10.799,1628.075277777778
Pulse experiments,pioreactor01,2026-09-05T06:26:15.799Z,5.497960065844,2026-09-05 12:11:15.799,1628.076666666667
Pulse experiments,pioreactor01,2026-09-05T06:26:20.800Z,5.498023248528,2026-09-05 12:11:20.800,1628.078055555555
Pulse experiments,pioreactor01,2026-09-05T06:26:25.798Z,5.49810752161,2026-09-05 12:11:25.798,1628.079444444444
Pulse experiments,pioreactor01,2026-09-05T06:26:30.798Z,5.498180165744,2026-09-05 12:11:30.798,1628.080833333333
Pulse experiments,pioreactor01,2026-09-05T06:26:35.798Z,5.498239374196,2026-09-05 12:11:35.798,1628.082222222222
Pulse experiments,pioreactor01,2026-09-05T06:26:40.799Z,5.498222403557,2026-09-05 12:11:40.799,1628.083611111111
Pulse experiments,pioreactor01,2026-09-05T06:26:45.799Z,5.498335403786,2026-09-05 12:11:45.799,1628.085
Pulse experiments,pioreactor01,2026-09-05T06:26:50.799Z,5.49832414516,2026-09-05 12:11:50.799,1628.086388888889
Pulse experiments,pioreactor01,2026-09-05T06:26:55.798Z,5.498376876936,2026-09-05 12:11:55.798,1628.087777777778
Pulse experiments,pioreactor01,2026-09-05T06:27:00.799Z,5.498449918052,2026-09-05 12:12:00.799,1628.089166666667
Pulse experiments,pioreactor01,2026-09-05T06:27:05.798Z,5.49852321196,2026-09-05 12:12:05.798,1628.090555555556
Pulse experiments,pioreactor01,2026-09-05T06:27:10.799Z,5.498590401614,2026-09-05 12:12:10.799,1628.091944444444
Pulse experiments,pioreactor01,2026-09-05T06:27:15.800Z,5.498521384277,2026-09-05 12:12:15.800,1628.093333333333
Pulse experiments,pioreactor01,2026-09-05T06:27:20.799Z,5.498646276945,2026-09-05 12:12:20.799,1628.094722222222
Pulse experiments,pioreactor01,2026-09-05T06:27:25.799Z,5.498756053,2026-09-05 12:12:25.799,1628.096111111111
Pulse experiments,pioreactor01,2026-09-05T06:27:30.799Z,5.498825590931,2026-09-05 12:12:30.799,1628.0975
Pulse experiments,pioreactor01,2026-09-05T06:27:35.798Z,5.498895156039,2026-09-05 12:12:35.798,1628.098888888889
Pulse experiments,pioreactor01,2026-09-05T06:27:40.800Z,5.498892324496,2026-09-05 12:12:40.800,1628.100277777778
Pulse experiments,pioreactor01,2026-09-05T06:27:50.799Z,5.499095032285,2026-09-05 12:12:50.799,1628.103055555556
Pulse experiments,pioreactor01,2026-09-05T06:27:55.799Z,5.499184351379,2026-09-05 12:12:55.799,1628.104444444444
Pulse experiments,pioreactor01,2026-09-05T06:28:00.799Z,5.499302406669,2026-09-05 12:13:00.799,1628.105833333333
Pulse experiments,pioreactor01,2026-09-05T06:28:05.798Z,5.499394548896,2026-09-05 12:13:05.798,1628.107222222222
Pulse experiments,pioreactor01,2026-09-05T06:28:10.798Z,5.499476884067,2026-09-05 12:13:10.798,1628.108611111111
Pulse experiments,pioreactor01,2026-09-05T06:28:15.799Z,5.499485575899,2026-09-05 12:13:15.799,1628.11
Pulse experiments,pioreactor01,2026-09-05T06:28:20.799Z,5.499485420653,2026-09-05 12:13:20.799,1628.111388888889
Pulse experiments,pioreactor01,2026-09-05T06:28:25.800Z,5.499495667034,2026-09-05 12:13:25.800,1628.112777777778
Pulse experiments,pioreactor01,2026-09-05T06:28:30.799Z,5.499601252161,2026-09-05 12:13:30.799,1628.114166666667
Pulse experiments,pioreactor01,2026-09-05T06:28:35.800Z,5.499691248417,2026-09-05 12:13:35.800,1628.115555555556
Pulse experiments,pioreactor01,2026-09-05T06:28:40.801Z,5.49985227193,2026-09-05 12:13:40.801,1628.116944444444
Pulse experiments,pioreactor01,2026-09-05T06:28:45.799Z,5.499947838878,2026-09-05 12:13:45.799,1628.118333333333
Pulse experiments,pioreactor01,2026-09-05T06:28:50.799Z,5.500073966633,2026-09-05 12:13:50.799,1628.119722222222
Pulse experiments,pioreactor01,2026-09-05T06:28:55.799Z,5.500206919426,2026-09-05 12:13:55.799,1628.121111111111
Pulse experiments,pioreactor01,2026-09-05T06:29:00.799Z,5.500346410321,2026-09-05 12:14:00.799,1628.1225
Pulse experiments,pioreactor01,2026-09-05T06:29:05.798Z,5.500507728849,2026-09-05 12:14:05.798,1628.123888888889
Pulse experiments,pioreactor01,2026-09-05T06:29:10.799Z,5.500597677658,2026-09-05 12:14:10.799,1628.125277777778
Pulse experiments,pioreactor01,2026-09-05T06:29:20.799Z,5.500713003076,2026-09-05 12:14:20.799,1628.128055555556
Pulse experiments,pioreactor01,2026-09-05T06:29:25.800Z,5.500693752632,2026-09-05 12:14:25.800,1628.129444444445
Pulse experiments,pioreactor01,2026-09-05T06:29:30.798Z,5.500676736883,2026-09-05 12:14:30.798,1628.130833333333
Pulse experiments,pioreactor01,2026-09-05T06:29:35.799Z,5.500738411768,2026-09-05 12:14:35.799,1628.132222222222
Pulse experiments,pioreactor01,2026-09-05T06:29:40.802Z,5.50087523551,2026-09-05 12:14:40.802,1628.133611111111
Pulse experiments,pioreactor01,2026-09-05T06:29:45.798Z,5.500991299791,2026-09-05 12:14:45.798,1628.135
Pulse experiments,pioreactor01,2026-09-05T06:29:50.799Z,5.501092049596,2026-09-05 12:14:50.799,1628.136388888889
Pulse experiments,pioreactor01,2026-09-05T06:29:55.799Z,5.501023596072,2026-09-05 12:14:55.799,1628.137777777778
Pulse experiments,pioreactor01,2026-09-05T06:30:00.799Z,5.501051059159,2026-09-05 12:15:00.799,1628.139166666667
Pulse experiments,pioreactor01,2026-09-05T06:30:05.800Z,5.501152833279,2026-09-05 12:15:05.800,1628.140555555555
Pulse experiments,pioreactor01,2026-09-05T06:30:10.799Z,5.501282802997,2026-09-05 12:15:10.799,1628.141944444444
Pulse experiments,pioreactor01,2026-09-05T06:30:15.799Z,5.501381052016,2026-09-05 12:15:15.799,1628.143333333333
Pulse experiments,pioreactor01,2026-09-05T06:30:20.799Z,5.501478819223,2026-09-05 12:15:20.799,1628.144722222222
Pulse experiments,pioreactor01,2026-09-05T06:30:25.798Z,5.501517877403,2026-09-05 12:15:25.798,1628.146111111111
Pulse experiments,pioreactor01,2026-09-05T06:30:30.799Z,5.501477076306,2026-09-05 12:15:30.799,1628.1475
Pulse experiments,pioreactor01,2026-09-05T06:30:35.799Z,5.501528701665,2026-09-05 12:15:35.799,1628.148888888889
Pulse experiments,pioreactor01,2026-09-05T06:30:40.799Z,5.501563537042,2026-09-05 12:15:40.799,1628.150277777778
Pulse experiments,pioreactor01,2026-09-05T06:30:45.799Z,5.501598844396,2026-09-05 12:15:45.799,1628.151666666667
Pulse experiments,pioreactor01,2026-09-05T06:30:50.799Z,5.501657253377,2026-09-05 12:15:50.799,1628.153055555556
Pulse experiments,pioreactor01,2026-09-05T06:30:55.799Z,5.501752230467,2026-09-05 12:15:55.799,1628.154444444444
Pulse experiments,pioreactor01,2026-09-05T06:31:00.798Z,5.501778402383,2026-09-05 12:16:00.798,1628.155833333333
Pulse experiments,pioreactor01,2026-09-05T06:31:05.800Z,5.501832337497,2026-09-05 12:16:05.800,1628.157222222222
Pulse experiments,pioreactor01,2026-09-05T06:31:10.798Z,5.50187259467,2026-09-05 12:16:10.798,1628.158611111111
Pulse experiments,pioreactor01,2026-09-05T06:31:15.799Z,5.501918611983,2026-09-05 12:16:15.799,1628.16
Pulse experiments,pioreactor01,2026-09-05T06:31:20.799Z,5.502027130816,2026-09-05 12:16:20.799,1628.161388888889
Pulse experiments,pioreactor01,2026-09-05T06:31:25.800Z,5.502213030753,2026-09-05 12:16:25.800,1628.162777777778
Pulse experiments,pioreactor01,2026-09-05T06:31:30.798Z,5.502285541145,2026-09-05 12:16:30.798,1628.164166666667
Pulse experiments,pioreactor01,2026-09-05T06:31:35.799Z,5.502333349944,2026-09-05 12:16:35.799,1628.165555555556
Pulse experiments,pioreactor01,2026-09-05T06:31:40.798Z,5.502512326327,2026-09-05 12:16:40.798,1628.166944444444
Pulse experiments,pioreactor01,2026-09-05T06:31:45.799Z,5.502589500676,2026-09-05 12:16:45.799,1628.168333333333
Pulse experiments,pioreactor01,2026-09-05T06:31:50.799Z,5.502695475612,2026-09-05 12:16:50.799,1628.169722222222
Pulse experiments,pioreactor01,2026-09-05T06:31:55.799Z,5.502819535356,2026-09-05 12:16:55.799,1628.171111111111
Pulse experiments,pioreactor01,2026-09-05T06:32:00.799Z,5.502935382788,2026-09-05 12:17:00.799,1628.1725
Pulse experiments,pioreactor01,2026-09-05T06:32:05.800Z,5.503060429813,2026-09-05 12:17:05.800,1628.173888888889
Pulse experiments,pioreactor01,2026-09-05T06:32:10.798Z,5.503121541296,2026-09-05 12:17:10.798,1628.175277777778
Pulse experiments,pioreactor01,2026-09-05T06:32:15.799Z,5.503226518315,2026-09-05 12:17:15.799,1628.176666666667
Pulse experiments,pioreactor01,2026-09-05T06:32:20.799Z,5.503406468574,2026-09-05 12:17:20.799,1628.178055555556
Pulse experiments,pioreactor01,2026-09-05T06:32:25.799Z,5.503469034875,2026-09-05 12:17:25.799,1628.179444444444
Pulse experiments,pioreactor01,2026-09-05T06:32:30.799Z,5.503490188322,2026-09-05 12:17:30.799,1628.180833333333
Pulse experiments,pioreactor01,2026-09-05T06:32:35.799Z,5.503607724616,2026-09-05 12:17:35.799,1628.182222222222
Pulse experiments,pioreactor01,2026-09-05T06:32:40.799Z,5.50365845249,2026-09-05 12:17:40.799,1628.183611111111
Pulse experiments,pioreactor01,2026-09-05T06:32:45.799Z,5.503667546625,2026-09-05 12:17:45.799,1628.185
Pulse experiments,pioreactor01,2026-09-05T06:32:50.799Z,5.503722075311,2026-09-05 12:17:50.799,1628.186388888889
Pulse experiments,pioreactor01,2026-09-05T06:32:55.801Z,5.503779221888,2026-09-05 12:17:55.801,1628.187777777778
Pulse experiments,pioreactor01,2026-09-05T06:33:00.799Z,5.5038623972,2026-09-05 12:18:00.799,1628.189166666667
Pulse experiments,pioreactor01,2026-09-05T06:33:05.799Z,5.503862628014,2026-09-05 12:18:05.799,1628.190555555556
Pulse experiments,pioreactor01,2026-09-05T06:33:10.799Z,5.503845036585,2026-09-05 12:18:10.799,1628.191944444445
Pulse experiments,pioreactor01,2026-09-05T06:33:15.799Z,5.503774531586,2026-09-05 12:18:15.799,1628.193333333333
Pulse experiments,pioreactor01,2026-09-05T06:33:20.799Z,5.50374253551,2026-09-05 12:18:20.799,1628.194722222222
Pulse experiments,pioreactor01,2026-09-05T06:33:25.798Z,5.503738385242,2026-09-05 12:18:25.798,1628.196111111111
Pulse experiments,pioreactor01,2026-09-05T06:33:30.798Z,5.503789951504,2026-09-05 12:18:30.798,1628.1975
Pulse experiments,pioreactor01,2026-09-05T06:33:35.800Z,5.503870850951,2026-09-05 12:18:35.800,1628.198888888889
Pulse experiments,pioreactor01,2026-09-05T06:33:40.799Z,5.503950273169,2026-09-05 12:18:40.799,1628.200277777778
Pulse experiments,pioreactor01,2026-09-05T06:33:45.800Z,5.504020347319,2026-09-05 12:18:45.800,1628.201666666667
Pulse experiments,pioreactor01,2026-09-05T06:33:50.799Z,5.504009955434,2026-09-05 12:18:50.799,1628.203055555555
Pulse experiments,pioreactor01,2026-09-05T06:33:55.800Z,5.503947090528,2026-09-05 12:18:55.800,1628.204444444444
Pulse experiments,pioreactor01,2026-09-05T06:34:00.799Z,5.503915280504,2026-09-05 12:19:00.799,1628.205833333333
Pulse experiments,pioreactor01,2026-09-05T06:34:05.798Z,5.503898429174,2026-09-05 12:19:05.798,1628.207222222222
Pulse experiments,pioreactor01,2026-09-05T06:34:10.800Z,5.503897022572,2026-09-05 12:19:10.800,1628.208611111111
Pulse experiments,pioreactor01,2026-09-05T06:34:15.800Z,5.503910065936,2026-09-05 12:19:15.800,1628.21
Pulse experiments,pioreactor01,2026-09-05T06:34:20.800Z,5.50396936697,2026-09-05 12:19:20.800,1628.211388888889
Pulse experiments,pioreactor01,2026-09-05T06:34:25.799Z,5.504013777062,2026-09-05 12:19:25.799,1628.212777777778
Pulse experiments,pioreactor01,2026-09-05T06:34:30.799Z,5.504097985205,2026-09-05 12:19:30.799,1628.214166666667
Pulse experiments,pioreactor01,2026-09-05T06:34:35.799Z,5.504226935893,2026-09-05 12:19:35.799,1628.215555555556
Pulse experiments,pioreactor01,2026-09-05T06:34:40.798Z,5.50422312817,2026-09-05 12:19:40.798,1628.216944444444
Pulse experiments,pioreactor01,2026-09-05T06:34:45.798Z,5.504194762189,2026-09-05 12:19:45.798,1628.218333333333
Pulse experiments,pioreactor01,2026-09-05T06:34:50.799Z,5.504139579487,2026-09-05 12:19:50.799,1628.219722222222
Pulse experiments,pioreactor01,2026-09-05T06:34:55.799Z,5.504065147662,2026-09-05 12:19:55.799,1628.221111111111
Pulse experiments,pioreactor01,2026-09-05T06:35:00.799Z,5.504118585657,2026-09-05 12:20:00.799,1628.2225
Pulse experiments,pioreactor01,2026-09-05T06:35:05.799Z,5.504234503048,2026-09-05 12:20:05.799,1628.223888888889
Pulse experiments,pioreactor01,2026-09-05T06:35:10.798Z,5.504303049382,2026-09-05 12:20:10.798,1628.225277777778
Pulse experiments,pioreactor01,2026-09-05T06:35:15.799Z,5.504378069072,2026-09-05 12:20:15.799,1628.226666666667
Pulse experiments,pioreactor01,2026-09-05T06:35:20.799Z,5.504455099465,2026-09-05 12:20:20.799,1628.228055555556
Pulse experiments,pioreactor01,2026-09-05T06:35:25.799Z,5.504558064239,2026-09-05 12:20:25.799,1628.229444444444
Pulse experiments,pioreactor01,2026-09-05T06:35:30.799Z,5.504571972274,2026-09-05 12:20:30.799,1628.230833333333
Pulse experiments,pioreactor01,2026-09-05T06:35:35.802Z,5.504639642938,2026-09-05 12:20:35.802,1628.232222222222
Pulse experiments,pioreactor01,2026-09-05T06:35:40.799Z,5.50469540108,2026-09-05 12:20:40.799,1628.233611111111
Pulse experiments,pioreactor01,2026-09-05T06:35:45.800Z,5.504717721358,2026-09-05 12:20:45.800,1628.235
Pulse experiments,pioreactor01,2026-09-05T06:35:50.799Z,5.504710193877,2026-09-05 12:20:50.799,1628.236388888889
Pulse experiments,pioreactor01,2026-09-05T06:35:55.799Z,5.504683413996,2026-09-05 12:20:55.799,1628.237777777778
Pulse experiments,pioreactor01,2026-09-05T06:36:00.799Z,5.50464718579,2026-09-05 12:21:00.799,1628.239166666667
Pulse experiments,pioreactor01,2026-09-05T06:36:05.799Z,5.5047336557,2026-09-05 12:21:05.799,1628.240555555556
Pulse experiments,pioreactor01,2026-09-05T06:36:10.799Z,5.504737228292,2026-09-05 12:21:10.799,1628.241944444444
Pulse experiments,pioreactor01,2026-09-05T06:36:15.799Z,5.50483433406,2026-09-05 12:21:15.799,1628.243333333333
Pulse experiments,pioreactor01,2026-09-05T06:36:20.799Z,5.504921389895,2026-09-05 12:21:20.799,1628.244722222222
Pulse experiments,pioreactor01,2026-09-05T06:36:25.799Z,5.505055330727,2026-09-05 12:21:25.799,1628.246111111111
Pulse experiments,pioreactor01,2026-09-05T06:36:30.799Z,5.505092501621,2026-09-05 12:21:30.799,1628.2475
Pulse experiments,pioreactor01,2026-09-05T06:36:35.799Z,5.505107922814,2026-09-05 12:21:35.799,1628.248888888889
Pulse experiments,pioreactor01,2026-09-05T06:36:40.799Z,5.505150449665,2026-09-05 12:21:40.799,1628.250277777778
Pulse experiments,pioreactor01,2026-09-05T06:36:45.799Z,5.50516087152,2026-09-05 12:21:45.799,1628.251666666667
Pulse experiments,pioreactor01,2026-09-05T06:36:50.799Z,5.505164086242,2026-09-05 12:21:50.799,1628.253055555556
Pulse experiments,pioreactor01,2026-09-05T06:36:55.799Z,5.505217220791,2026-09-05 12:21:55.799,1628.254444444445
Pulse experiments,pioreactor01,2026-09-05T06:37:00.799Z,5.505405675868,2026-09-05 12:22:00.799,1628.255833333333
Pulse experiments,pioreactor01,2026-09-05T06:37:05.799Z,5.505453458483,2026-09-05 12:22:05.799,1628.257222222222
Pulse experiments,pioreactor01,2026-09-05T06:37:10.799Z,5.505425493247,2026-09-05 12:22:10.799,1628.258611111111
Pulse experiments,pioreactor01,2026-09-05T06:37:15.799Z,5.505386741346,2026-09-05 12:22:15.799,1628.26
Pulse experiments,pioreactor01,2026-09-05T06:37:25.799Z,5.50552773913,2026-09-05 12:22:25.799,1628.262777777778
Pulse experiments,pioreactor01,2026-09-05T06:37:30.800Z,5.50564233858,2026-09-05 12:22:30.800,1628.264166666667
Pulse experiments,pioreactor01,2026-09-05T06:37:35.798Z,5.505733135093,2026-09-05 12:22:35.798,1628.265555555555
Pulse experiments,pioreactor01,2026-09-05T06:37:40.799Z,5.505766929657,2026-09-05 12:22:40.799,1628.266944444444
Pulse experiments,pioreactor01,2026-09-05T06:37:45.799Z,5.50567548262,2026-09-05 12:22:45.799,1628.268333333333
Pulse experiments,pioreactor01,2026-09-05T06:37:50.799Z,5.505613265594,2026-09-05 12:22:50.799,1628.269722222222
Pulse experiments,pioreactor01,2026-09-05T06:37:55.799Z,5.505694455165,2026-09-05 12:22:55.799,1628.271111111111
Pulse experiments,pioreactor01,2026-09-05T06:38:00.799Z,5.505752038693,2026-09-05 12:23:00.799,1628.2725
Pulse experiments,pioreactor01,2026-09-05T06:38:05.799Z,5.505867124399,2026-09-05 12:23:05.799,1628.273888888889
Pulse experiments,pioreactor01,2026-09-05T06:38:10.800Z,5.506022735117,2026-09-05 12:23:10.800,1628.275277777778
Pulse experiments,pioreactor01,2026-09-05T06:38:15.803Z,5.506174730104,2026-09-05 12:23:15.803,1628.276666666667
Pulse experiments,pioreactor01,2026-09-05T06:38:20.799Z,5.506241260442,2026-09-05 12:23:20.799,1628.278055555556
Pulse experiments,pioreactor01,2026-09-05T06:38:25.798Z,5.506319756017,2026-09-05 12:23:25.798,1628.279444444444
Pulse experiments,pioreactor01,2026-09-05T06:38:30.799Z,5.506395761122,2026-09-05 12:23:30.799,1628.280833333333
Pulse experiments,pioreactor01,2026-09-05T06:38:35.799Z,5.506390305516,2026-09-05 12:23:35.799,1628.282222222222
Pulse experiments,pioreactor01,2026-09-05T06:38:40.798Z,5.50649043743,2026-09-05 12:23:40.798,1628.283611111111
Pulse experiments,pioreactor01,2026-09-05T06:38:45.799Z,5.506566070734,2026-09-05 12:23:45.799,1628.285
Pulse experiments,pioreactor01,2026-09-05T06:38:50.802Z,5.506594034761,2026-09-05 12:23:50.802,1628.286388888889
Pulse experiments,pioreactor01,2026-09-05T06:38:55.799Z,5.506660051595,2026-09-05 12:23:55.799,1628.287777777778
Pulse experiments,pioreactor01,2026-09-05T06:39:00.798Z,5.506791732026,2026-09-05 12:24:00.798,1628.289166666667
Pulse experiments,pioreactor01,2026-09-05T06:39:05.798Z,5.506808553099,2026-09-05 12:24:05.798,1628.290555555556
Pulse experiments,pioreactor01,2026-09-05T06:39:10.799Z,5.506790562028,2026-09-05 12:24:10.799,1628.291944444444
Pulse experiments,pioreactor01,2026-09-05T06:39:15.799Z,5.506805469835,2026-09-05 12:24:15.799,1628.293333333333
Pulse experiments,pioreactor01,2026-09-05T06:39:20.800Z,5.506929823667,2026-09-05 12:24:20.800,1628.294722222222
Pulse experiments,pioreactor01,2026-09-05T06:39:25.799Z,5.507127464269,2026-09-05 12:24:25.799,1628.296111111111
Pulse experiments,pioreactor01,2026-09-05T06:39:30.799Z,5.507303874104,2026-09-05 12:24:30.799,1628.2975
Pulse experiments,pioreactor01,2026-09-05T06:39:35.800Z,5.507439732493,2026-09-05 12:24:35.800,1628.298888888889
Pulse experiments,pioreactor01,2026-09-05T06:39:40.801Z,5.507370184095,2026-09-05 12:24:40.801,1628.300277777778
Pulse experiments,pioreactor01,2026-09-05T06:39:45.799Z,5.507422788367,2026-09-05 12:24:45.799,1628.301666666667
Pulse experiments,pioreactor01,2026-09-05T06:39:50.799Z,5.507497346536,2026-09-05 12:24:50.799,1628.303055555556
Pulse experiments,pioreactor01,2026-09-05T06:39:55.799Z,5.507499673385,2026-09-05 12:24:55.799,1628.304444444444
Pulse experiments,pioreactor01,2026-09-05T06:40:00.798Z,5.507491010416,2026-09-05 12:25:00.798,1628.305833333333
Pulse experiments,pioreactor01,2026-09-05T06:40:05.799Z,5.507433925512,2026-09-05 12:25:05.799,1628.307222222222
Pulse experiments,pioreactor01,2026-09-05T06:40:10.798Z,5.507317186249,2026-09-05 12:25:10.798,1628.308611111111
Pulse experiments,pioreactor01,2026-09-05T06:40:15.800Z,5.50726267843,2026-09-05 12:25:15.800,1628.31
Pulse experiments,pioreactor01,2026-09-05T06:40:20.799Z,5.507249173862,2026-09-05 12:25:20.799,1628.311388888889
Pulse experiments,pioreactor01,2026-09-05T06:40:25.798Z,5.507231665784,2026-09-05 12:25:25.798,1628.312777777778
Pulse experiments,pioreactor01,2026-09-05T06:40:30.800Z,5.507333321308,2026-09-05 12:25:30.800,1628.314166666667
Pulse experiments,pioreactor01,2026-09-05T06:40:35.798Z,5.507336415087,2026-09-05 12:25:35.798,1628.315555555556
Pulse experiments,pioreactor01,2026-09-05T06:40:40.800Z,5.507294691007,2026-09-05 12:25:40.800,1628.316944444445
Pulse experiments,pioreactor01,2026-09-05T06:40:45.799Z,5.507226289022,2026-09-05 12:25:45.799,1628.318333333333
Pulse experiments,pioreactor01,2026-09-05T06:40:50.800Z,5.507169962663,2026-09-05 12:25:50.800,1628.319722222222
Pulse experiments,pioreactor01,2026-09-05T06:40:55.799Z,5.507184311047,2026-09-05 12:25:55.799,1628.321111111111
Pulse experiments,pioreactor01,2026-09-05T06:41:00.799Z,5.50709142665,2026-09-05 12:26:00.799,1628.3225
Pulse experiments,pioreactor01,2026-09-05T06:41:05.799Z,5.507005422931,2026-09-05 12:26:05.799,1628.323888888889
Pulse experiments,pioreactor01,2026-09-05T06:41:10.799Z,5.50702491516,2026-09-05 12:26:10.799,1628.325277777778
Pulse experiments,pioreactor01,2026-09-05T06:41:15.801Z,5.506999534295,2026-09-05 12:26:15.801,1628.326666666667
Pulse experiments,pioreactor01,2026-09-05T06:41:20.801Z,5.506945953676,2026-09-05 12:26:20.801,1628.328055555555
Pulse experiments,pioreactor01,2026-09-05T06:41:25.798Z,5.506952425827,2026-09-05 12:26:25.798,1628.329444444444
Pulse experiments,pioreactor01,2026-09-05T06:41:30.799Z,5.506976441657,2026-09-05 12:26:30.799,1628.330833333333
Pulse experiments,pioreactor01,2026-09-05T06:41:35.799Z,5.507044361966,2026-09-05 12:26:35.799,1628.332222222222
Pulse experiments,pioreactor01,2026-09-05T06:41:40.798Z,5.507089161649,2026-09-05 12:26:40.798,1628.333611111111
Pulse experiments,pioreactor01,2026-09-05T06:41:45.802Z,5.507162386001,2026-09-05 12:26:45.802,1628.335
Pulse experiments,pioreactor01,2026-09-05T06:41:50.801Z,5.507151944613,2026-09-05 12:26:50.801,1628.336388888889
Pulse experiments,pioreactor01,2026-09-05T06:41:55.799Z,5.507183783434,2026-09-05 12:26:55.799,1628.337777777778
Pulse experiments,pioreactor01,2026-09-05T06:42:00.799Z,5.507231640791,2026-09-05 12:27:00.799,1628.339166666667
Pulse experiments,pioreactor01,2026-09-05T06:42:05.800Z,5.507308334421,2026-09-05 12:27:05.800,1628.340555555556
Pulse experiments,pioreactor01,2026-09-05T06:42:10.798Z,5.507356162069,2026-09-05 12:27:10.798,1628.341944444444
Pulse experiments,pioreactor01,2026-09-05T06:42:15.799Z,5.507410700158,2026-09-05 12:27:15.799,1628.343333333333
Pulse experiments,pioreactor01,2026-09-05T06:42:20.799Z,5.507398362766,2026-09-05 12:27:20.799,1628.344722222222
Pulse experiments,pioreactor01,2026-09-05T06:42:25.798Z,5.50751178645,2026-09-05 12:27:25.798,1628.346111111111
Pulse experiments,pioreactor01,2026-09-05T06:42:30.798Z,5.507578500511,2026-09-05 12:27:30.798,1628.3475
Pulse experiments,pioreactor01,2026-09-05T06:42:35.799Z,5.507547437075,2026-09-05 12:27:35.799,1628.348888888889
Pulse experiments,pioreactor01,2026-09-05T06:42:40.798Z,5.507660083739,2026-09-05 12:27:40.798,1628.350277777778
Pulse experiments,pioreactor01,2026-09-05T06:42:45.798Z,5.507708135997,2026-09-05 12:27:45.798,1628.351666666667
Pulse experiments,pioreactor01,2026-09-05T06:42:50.799Z,5.507728172839,2026-09-05 12:27:50.799,1628.353055555556
Pulse experiments,pioreactor01,2026-09-05T06:42:55.799Z,5.507677935947,2026-09-05 12:27:55.799,1628.354444444444
Pulse experiments,pioreactor01,2026-09-05T06:43:00.799Z,5.507658401391,2026-09-05 12:28:00.799,1628.355833333333
Pulse experiments,pioreactor01,2026-09-05T06:43:05.798Z,5.507676325749,2026-09-05 12:28:05.798,1628.357222222222
Pulse experiments,pioreactor01,2026-09-05T06:43:10.799Z,5.507683740397,2026-09-05 12:28:10.799,1628.358611111111
Pulse experiments,pioreactor01,2026-09-05T06:43:15.798Z,5.507644370821,2026-09-05 12:28:15.798,1628.36
Pulse experiments,pioreactor01,2026-09-05T06:43:25.799Z,5.50774711712,2026-09-05 12:28:25.799,1628.362777777778
Pulse experiments,pioreactor01,2026-09-05T06:43:30.800Z,5.507775667928,2026-09-05 12:28:30.800,1628.364166666667
Pulse experiments,pioreactor01,2026-09-05T06:43:35.798Z,5.507734567404,2026-09-05 12:28:35.798,1628.365555555556
Pulse experiments,pioreactor01,2026-09-05T06:43:40.798Z,5.507713565522,2026-09-05 12:28:40.798,1628.366944444444
Pulse experiments,pioreactor01,2026-09-05T06:43:45.799Z,5.507574863167,2026-09-05 12:28:45.799,1628.368333333333
Pulse experiments,pioreactor01,2026-09-05T06:43:50.800Z,5.507437134278,2026-09-05 12:28:50.800,1628.369722222222
Pulse experiments,pioreactor01,2026-09-05T06:44:00.800Z,5.507416404334,2026-09-05 12:29:00.800,1628.3725
Pulse experiments,pioreactor01,2026-09-05T06:44:05.798Z,5.507392258908,2026-09-05 12:29:05.798,1628.373888888889
Pulse experiments,pioreactor01,2026-09-05T06:44:10.800Z,5.507386310424,2026-09-05 12:29:10.800,1628.375277777778
Pulse experiments,pioreactor01,2026-09-05T06:44:15.799Z,5.507279944412,2026-09-05 12:29:15.799,1628.376666666667
Pulse experiments,pioreactor01,2026-09-05T06:44:20.799Z,5.507120468006,2026-09-05 12:29:20.799,1628.378055555556
Pulse experiments,pioreactor01,2026-09-05T06:44:25.798Z,5.507004963091,2026-09-05 12:29:25.798,1628.379444444445
Pulse experiments,pioreactor01,2026-09-05T06:44:30.798Z,5.507036232031,2026-09-05 12:29:30.798,1628.380833333333
Pulse experiments,pioreactor01,2026-09-05T06:44:35.798Z,5.507052324293,2026-09-05 12:29:35.798,1628.382222222222
Pulse experiments,pioreactor01,2026-09-05T06:44:40.799Z,5.507000178665,2026-09-05 12:29:40.799,1628.383611111111
Pulse experiments,pioreactor01,2026-09-05T06:44:45.799Z,5.507008537699,2026-09-05 12:29:45.799,1628.385
Pulse experiments,pioreactor01,2026-09-05T06:44:50.799Z,5.507147688463,2026-09-05 12:29:50.799,1628.386388888889
Pulse experiments,pioreactor01,2026-09-05T06:44:55.799Z,5.507119776509,2026-09-05 12:29:55.799,1628.387777777778
Pulse experiments,pioreactor01,2026-09-05T06:45:00.799Z,5.507157369622,2026-09-05 12:30:00.799,1628.389166666667
Pulse experiments,pioreactor01,2026-09-05T06:45:05.799Z,5.507167946757,2026-09-05 12:30:05.799,1628.390555555555
Pulse experiments,pioreactor01,2026-09-05T06:45:10.798Z,5.507213453484,2026-09-05 12:30:10.798,1628.391944444444
Pulse experiments,pioreactor01,2026-09-05T06:45:15.798Z,5.507166323306,2026-09-05 12:30:15.798,1628.393333333333
Pulse experiments,pioreactor01,2026-09-05T06:45:20.799Z,5.507088215355,2026-09-05 12:30:20.799,1628.394722222222
Pulse experiments,pioreactor01,2026-09-05T06:45:25.799Z,5.507096171224,2026-09-05 12:30:25.799,1628.396111111111
Pulse experiments,pioreactor01,2026-09-05T06:45:30.798Z,5.507100217237,2026-09-05 12:30:30.798,1628.3975
Pulse experiments,pioreactor01,2026-09-05T06:45:35.798Z,5.507022707722,2026-09-05 12:30:35.798,1628.398888888889
Pulse experiments,pioreactor01,2026-09-05T06:45:40.798Z,5.506962721966,2026-09-05 12:30:40.798,1628.400277777778
Pulse experiments,pioreactor01,2026-09-05T06:45:45.799Z,5.506831522778,2026-09-05 12:30:45.799,1628.401666666667
Pulse experiments,pioreactor01,2026-09-05T06:45:50.800Z,5.506875881117,2026-09-05 12:30:50.800,1628.403055555556
Pulse experiments,pioreactor01,2026-09-05T06:45:55.798Z,5.506908908743,2026-09-05 12:30:55.798,1628.404444444444
Pulse experiments,pioreactor01,2026-09-05T06:46:05.799Z,5.506977359902,2026-09-05 12:31:05.799,1628.407222222222
Pulse experiments,pioreactor01,2026-09-05T06:46:10.799Z,5.506969990403,2026-09-05 12:31:10.799,1628.408611111111
Pulse experiments,pioreactor01,2026-09-05T06:46:15.802Z,5.507027972521,2026-09-05 12:31:15.802,1628.41
Pulse experiments,pioreactor01,2026-09-05T06:46:20.799Z,5.506927760612,2026-09-05 12:31:20.799,1628.411388888889
Pulse experiments,pioreactor01,2026-09-05T06:46:25.799Z,5.506940010363,2026-09-05 12:31:25.799,1628.412777777778
Pulse experiments,pioreactor01,2026-09-05T06:46:30.800Z,5.506863087281,2026-09-05 12:31:30.800,1628.414166666667
Pulse experiments,pioreactor01,2026-09-05T06:46:35.800Z,5.506767986021,2026-09-05 12:31:35.800,1628.415555555556
Pulse experiments,pioreactor01,2026-09-05T06:46:40.798Z,5.50674630527,2026-09-05 12:31:40.798,1628.416944444444
Pulse experiments,pioreactor01,2026-09-05T06:46:45.798Z,5.506663842896,2026-09-05 12:31:45.798,1628.418333333333
Pulse experiments,pioreactor01,2026-09-05T06:46:50.799Z,5.506530440937,2026-09-05 12:31:50.799,1628.419722222222
Pulse experiments,pioreactor01,2026-09-05T06:47:00.800Z,5.506537116881,2026-09-05 12:32:00.800,1628.4225
Pulse experiments,pioreactor01,2026-09-05T06:47:05.802Z,5.506496765762,2026-09-05 12:32:05.802,1628.423888888889
Pulse experiments,pioreactor01,2026-09-05T06:47:10.798Z,5.506518429761,2026-09-05 12:32:10.798,1628.425277777778
Pulse experiments,pioreactor01,2026-09-05T06:47:15.798Z,5.506638939484,2026-09-05 12:32:15.798,1628.426666666667
Pulse experiments,pioreactor01,2026-09-05T06:47:20.799Z,5.506682022538,2026-09-05 12:32:20.799,1628.428055555556
Pulse experiments,pioreactor01,2026-09-05T06:47:25.798Z,5.50673352453,2026-09-05 12:32:25.798,1628.429444444444
Pulse experiments,pioreactor01,2026-09-05T06:47:30.798Z,5.506827051358,2026-09-05 12:32:30.798,1628.430833333333
Pulse experiments,pioreactor01,2026-09-05T06:47:35.798Z,5.506712376946,2026-09-05 12:32:35.798,1628.432222222222
Pulse experiments,pioreactor01,2026-09-05T06:47:40.799Z,5.50677739754,2026-09-05 12:32:40.799,1628.433611111111
Pulse experiments,pioreactor01,2026-09-05T06:47:50.798Z,5.506825198454,2026-09-05 12:32:50.798,1628.436388888889
Pulse experiments,pioreactor01,2026-09-05T06:47:55.798Z,5.506891005732,2026-09-05 12:32:55.798,1628.437777777778
Pulse experiments,pioreactor01,2026-09-05T06:48:00.798Z,5.506818988792,2026-09-05 12:33:00.798,1628.439166666667
Pulse experiments,pioreactor01,2026-09-05T06:48:05.799Z,5.506759087624,2026-09-05 12:33:05.799,1628.440555555556
Pulse experiments,pioreactor01,2026-09-05T06:48:10.800Z,5.506743163119,2026-09-05 12:33:10.800,1628.441944444445
Pulse experiments,pioreactor01,2026-09-05T06:48:15.798Z,5.506742561822,2026-09-05 12:33:15.798,1628.443333333333
Pulse experiments,pioreactor01,2026-09-05T06:48:20.799Z,5.506795773174,2026-09-05 12:33:20.799,1628.444722222222
Pulse experiments,pioreactor01,2026-09-05T06:48:25.798Z,5.506744243591,2026-09-05 12:33:25.798,1628.446111111111
Pulse experiments,pioreactor01,2026-09-05T06:48:30.799Z,5.506606377059,2026-09-05 12:33:30.799,1628.4475
Pulse experiments,pioreactor01,2026-09-05T06:48:35.799Z,5.506468309951,2026-09-05 12:33:35.799,1628.448888888889
Pulse experiments,pioreactor01,2026-09-05T06:48:40.798Z,5.506360509896,2026-09-05 12:33:40.798,1628.450277777778
Pulse experiments,pioreactor01,2026-09-05T06:48:45.799Z,5.506432456818,2026-09-05 12:33:45.799,1628.451666666667
Pulse experiments,pioreactor01,2026-09-05T06:48:50.800Z,5.506373571154,2026-09-05 12:33:50.800,1628.453055555555
Pulse experiments,pioreactor01,2026-09-05T06:48:55.798Z,5.506409020302,2026-09-05 12:33:55.798,1628.454444444444
Pulse experiments,pioreactor01,2026-09-05T06:49:00.798Z,5.506429438034,2026-09-05 12:34:00.798,1628.455833333333
Pulse experiments,pioreactor01,2026-09-05T06:49:05.799Z,5.506390610597,2026-09-05 12:34:05.799,1628.457222222222
Pulse experiments,pioreactor01,2026-09-05T06:49:10.799Z,5.506267573279,2026-09-05 12:34:10.799,1628.458611111111
Pulse experiments,pioreactor01,2026-09-05T06:49:15.798Z,5.506256661807,2026-09-05 12:34:15.798,1628.46
Pulse experiments,pioreactor01,2026-09-05T06:49:20.800Z,5.506159540001,2026-09-05 12:34:20.800,1628.461388888889
Pulse experiments,pioreactor01,2026-09-05T06:49:25.799Z,5.506167390513,2026-09-05 12:34:25.799,1628.462777777778
Pulse experiments,pioreactor01,2026-09-05T06:49:30.798Z,5.506156636775,2026-09-05 12:34:30.798,1628.464166666667
Pulse experiments,pioreactor01,2026-09-05T06:49:35.803Z,5.506072206661,2026-09-05 12:34:35.803,1628.465555555556
Pulse experiments,pioreactor01,2026-09-05T06:49:40.798Z,5.506086681475,2026-09-05 12:34:40.798,1628.466944444444
Pulse experiments,pioreactor01,2026-09-05T06:49:45.800Z,5.506082865877,2026-09-05 12:34:45.800,1628.468333333333
Pulse experiments,pioreactor01,2026-09-05T06:49:50.798Z,5.506030671733,2026-09-05 12:34:50.798,1628.469722222222
Pulse experiments,pioreactor01,2026-09-05T06:49:55.799Z,5.506030580114,2026-09-05 12:34:55.799,1628.471111111111
Pulse experiments,pioreactor01,2026-09-05T06:50:00.798Z,5.506025447355,2026-09-05 12:35:00.798,1628.4725
Pulse experiments,pioreactor01,2026-09-05T06:50:05.799Z,5.50595465583,2026-09-05 12:35:05.799,1628.473888888889
Pulse experiments,pioreactor01,2026-09-05T06:50:10.800Z,5.505973335922,2026-09-05 12:35:10.800,1628.475277777778
Pulse experiments,pioreactor01,2026-09-05T06:50:15.801Z,5.505843894841,2026-09-05 12:35:15.801,1628.476666666667
Pulse experiments,pioreactor01,2026-09-05T06:50:20.800Z,5.505787562367,2026-09-05 12:35:20.800,1628.478055555556
Pulse experiments,pioreactor01,2026-09-05T06:50:25.799Z,5.505740532125,2026-09-05 12:35:25.799,1628.479444444444
Pulse experiments,pioreactor01,2026-09-05T06:50:30.799Z,5.505736639098,2026-09-05 12:35:30.799,1628.480833333333
Pulse experiments,pioreactor01,2026-09-05T06:50:35.799Z,5.505718271029,2026-09-05 12:35:35.799,1628.482222222222
Pulse experiments,pioreactor01,2026-09-05T06:50:40.798Z,5.505684050592,2026-09-05 12:35:40.798,1628.483611111111
Pulse experiments,pioreactor01,2026-09-05T06:50:45.799Z,5.5056370765,2026-09-05 12:35:45.799,1628.485
Pulse experiments,pioreactor01,2026-09-05T06:50:50.799Z,5.505643584537,2026-09-05 12:35:50.799,1628.486388888889
Pulse experiments,pioreactor01,2026-09-05T06:50:55.800Z,5.505626185378,2026-09-05 12:35:55.800,1628.487777777778
Pulse experiments,pioreactor01,2026-09-05T06:51:00.798Z,5.5055845829,2026-09-05 12:36:00.798,1628.489166666667
Pulse experiments,pioreactor01,2026-09-05T06:51:10.798Z,5.505654716715,2026-09-05 12:36:10.798,1628.491944444444
Pulse experiments,pioreactor01,2026-09-05T06:51:15.798Z,5.505682502474,2026-09-05 12:36:15.798,1628.493333333333
Pulse experiments,pioreactor01,2026-09-05T06:51:20.799Z,5.505723123429,2026-09-05 12:36:20.799,1628.494722222222
Pulse experiments,pioreactor01,2026-09-05T06:51:25.798Z,5.505736877837,2026-09-05 12:36:25.798,1628.496111111111
Pulse experiments,pioreactor01,2026-09-05T06:51:30.798Z,5.505710694732,2026-09-05 12:36:30.798,1628.4975
Pulse experiments,pioreactor01,2026-09-05T06:51:35.799Z,5.505699454913,2026-09-05 12:36:35.799,1628.498888888889
Pulse experiments,pioreactor01,2026-09-05T06:51:40.799Z,5.505737038501,2026-09-05 12:36:40.799,1628.500277777778
Pulse experiments,pioreactor01,2026-09-05T06:51:45.799Z,5.50580454921,2026-09-05 12:36:45.799,1628.501666666667
Pulse experiments,pioreactor01,2026-09-05T06:51:55.798Z,5.505854020039,2026-09-05 12:36:55.798,1628.504444444445
Pulse experiments,pioreactor01,2026-09-05T06:52:00.799Z,5.505839478024,2026-09-05 12:37:00.799,1628.505833333333
Pulse experiments,pioreactor01,2026-09-05T06:52:05.799Z,5.50583319795,2026-09-05 12:37:05.799,1628.507222222222
Pulse experiments,pioreactor01,2026-09-05T06:52:10.798Z,5.505871086152,2026-09-05 12:37:10.798,1628.508611111111
Pulse experiments,pioreactor01,2026-09-05T06:52:15.798Z,5.505790400111,2026-09-05 12:37:15.798,1628.51
Pulse experiments,pioreactor01,2026-09-05T06:52:20.798Z,5.505732652786,2026-09-05 12:37:20.798,1628.511388888889
Pulse experiments,pioreactor01,2026-09-05T06:52:25.799Z,5.505714276787,2026-09-05 12:37:25.799,1628.512777777778
Pulse experiments,pioreactor01,2026-09-05T06:52:30.799Z,5.505781798696,2026-09-05 12:37:30.799,1628.514166666667
Pulse experiments,pioreactor01,2026-09-05T06:52:35.799Z,5.505794231491,2026-09-05 12:37:35.799,1628.515555555555
Pulse experiments,pioreactor01,2026-09-05T06:52:40.798Z,5.505800802494,2026-09-05 12:37:40.798,1628.516944444444
Pulse experiments,pioreactor01,2026-09-05T06:52:45.798Z,5.50582809143,2026-09-05 12:37:45.798,1628.518333333333
Pulse experiments,pioreactor01,2026-09-05T06:52:50.800Z,5.505871257196,2026-09-05 12:37:50.800,1628.519722222222
Pulse experiments,pioreactor01,2026-09-05T06:52:55.799Z,5.505932708763,2026-09-05 12:37:55.799,1628.521111111111
Pulse experiments,pioreactor01,2026-09-05T06:53:00.799Z,5.505940382382,2026-09-05 12:38:00.799,1628.5225
Pulse experiments,pioreactor01,2026-09-05T06:53:05.798Z,5.506018712319,2026-09-05 12:38:05.798,1628.523888888889
Pulse experiments,pioreactor01,2026-09-05T06:53:10.798Z,5.506067832722,2026-09-05 12:38:10.798,1628.525277777778
Pulse experiments,pioreactor01,2026-09-05T06:53:15.798Z,5.506039574387,2026-09-05 12:38:15.798,1628.526666666667
Pulse experiments,pioreactor01,2026-09-05T06:53:25.799Z,5.505989945887,2026-09-05 12:38:25.799,1628.529444444444
Pulse experiments,pioreactor01,2026-09-05T06:53:30.800Z,5.505952209514,2026-09-05 12:38:30.800,1628.530833333333
Pulse experiments,pioreactor01,2026-09-05T06:53:35.800Z,5.505929280127,2026-09-05 12:38:35.800,1628.532222222222
Pulse experiments,pioreactor01,2026-09-05T06:53:40.800Z,5.505994080494,2026-09-05 12:38:40.800,1628.533611111111
Pulse experiments,pioreactor01,2026-09-05T06:53:45.799Z,5.50598284495,2026-09-05 12:38:45.799,1628.535
Pulse experiments,pioreactor01,2026-09-05T06:53:50.799Z,5.505858929122,2026-09-05 12:38:50.799,1628.536388888889
Pulse experiments,pioreactor01,2026-09-05T06:53:55.799Z,5.505808088213,2026-09-05 12:38:55.799,1628.537777777778
Pulse experiments,pioreactor01,2026-09-05T06:54:00.799Z,5.505804935636,2026-09-05 12:39:00.799,1628.539166666667
Pulse experiments,pioreactor01,2026-09-05T06:54:05.799Z,5.505815470701,2026-09-05 12:39:05.799,1628.540555555556
Pulse experiments,pioreactor01,2026-09-05T06:54:10.798Z,5.505700496042,2026-09-05 12:39:10.798,1628.541944444444
Pulse experiments,pioreactor01,2026-09-05T06:54:15.799Z,5.505519002665,2026-09-05 12:39:15.799,1628.543333333333
Pulse experiments,pioreactor01,2026-09-05T06:54:20.799Z,5.505398339526,2026-09-05 12:39:20.799,1628.544722222222
Pulse experiments,pioreactor01,2026-09-05T06:54:25.800Z,5.505373852924,2026-09-05 12:39:25.800,1628.546111111111
Pulse experiments,pioreactor01,2026-09-05T06:54:30.800Z,5.505353292204,2026-09-05 12:39:30.800,1628.5475
Pulse experiments,pioreactor01,2026-09-05T06:54:35.799Z,5.505419407045,2026-09-05 12:39:35.799,1628.548888888889
Pulse experiments,pioreactor01,2026-09-05T06:54:40.798Z,5.505484586193,2026-09-05 12:39:40.798,1628.550277777778
Pulse experiments,pioreactor01,2026-09-05T06:54:45.799Z,5.505508301064,2026-09-05 12:39:45.799,1628.551666666667
Pulse experiments,pioreactor01,2026-09-05T06:54:50.799Z,5.505525737529,2026-09-05 12:39:50.799,1628.553055555556
Pulse experiments,pioreactor01,2026-09-05T06:54:55.798Z,5.505548040936,2026-09-05 12:39:55.798,1628.554444444444
Pulse experiments,pioreactor01,2026-09-05T06:55:00.799Z,5.50561539361,2026-09-05 12:40:00.799,1628.555833333333
Pulse experiments,pioreactor01,2026-09-05T06:55:05.799Z,5.505686642245,2026-09-05 12:40:05.799,1628.557222222222
Pulse experiments,pioreactor01,2026-09-05T06:55:10.799Z,5.505667295094,2026-09-05 12:40:10.799,1628.558611111111
Pulse experiments,pioreactor01,2026-09-05T06:55:15.799Z,5.505689298224,2026-09-05 12:40:15.799,1628.56
Pulse experiments,pioreactor01,2026-09-05T06:55:20.800Z,5.50560781715,2026-09-05 12:40:20.800,1628.561388888889
Pulse experiments,pioreactor01,2026-09-05T06:55:25.798Z,5.505664694735,2026-09-05 12:40:25.798,1628.562777777778
Pulse experiments,pioreactor01,2026-09-05T06:55:30.799Z,5.505825764751,2026-09-05 12:40:30.799,1628.564166666667
Pulse experiments,pioreactor01,2026-09-05T06:55:35.801Z,5.50591217644,2026-09-05 12:40:35.801,1628.565555555556
Pulse experiments,pioreactor01,2026-09-05T06:55:40.799Z,5.50590000934,2026-09-05 12:40:40.799,1628.566944444445
Pulse experiments,pioreactor01,2026-09-05T06:55:45.799Z,5.505909906233,2026-09-05 12:40:45.799,1628.568333333333
Pulse experiments,pioreactor01,2026-09-05T06:55:50.799Z,5.505928477511,2026-09-05 12:40:50.799,1628.569722222222
Pulse experiments,pioreactor01,2026-09-05T06:55:55.798Z,5.505926748127,2026-09-05 12:40:55.798,1628.571111111111
Pulse experiments,pioreactor01,2026-09-05T06:56:00.799Z,5.505961329686,2026-09-05 12:41:00.799,1628.5725
Pulse experiments,pioreactor01,2026-09-05T06:56:05.800Z,5.50609373429,2026-09-05 12:41:05.800,1628.573888888889
Pulse experiments,pioreactor01,2026-09-05T06:56:10.799Z,5.506136763739,2026-09-05 12:41:10.799,1628.575277777778
Pulse experiments,pioreactor01,2026-09-05T06:56:15.798Z,5.506146553274,2026-09-05 12:41:15.798,1628.576666666667
Pulse experiments,pioreactor01,2026-09-05T06:56:20.798Z,5.506115187688,2026-09-05 12:41:20.798,1628.578055555555
Pulse experiments,pioreactor01,2026-09-05T06:56:25.798Z,5.506210036646,2026-09-05 12:41:25.798,1628.579444444444
Pulse experiments,pioreactor01,2026-09-05T06:56:30.803Z,5.506263614367,2026-09-05 12:41:30.803,1628.580833333333
Pulse experiments,pioreactor01,2026-09-05T06:56:35.799Z,5.506303182624,2026-09-05 12:41:35.799,1628.582222222222
Pulse experiments,pioreactor01,2026-09-05T06:56:40.799Z,5.506299470293,2026-09-05 12:41:40.799,1628.583611111111
Pulse experiments,pioreactor01,2026-09-05T06:56:45.799Z,5.506321185301,2026-09-05 12:41:45.799,1628.585
Pulse experiments,pioreactor01,2026-09-05T06:56:50.799Z,5.506297078029,2026-09-05 12:41:50.799,1628.586388888889
Pulse experiments,pioreactor01,2026-09-05T06:56:55.798Z,5.50637571266,2026-09-05 12:41:55.798,1628.587777777778
Pulse experiments,pioreactor01,2026-09-05T06:57:00.798Z,5.506393413976,2026-09-05 12:42:00.798,1628.589166666667
Pulse experiments,pioreactor01,2026-09-05T06:57:05.799Z,5.506466817634,2026-09-05 12:42:05.799,1628.590555555556
Pulse experiments,pioreactor01,2026-09-05T06:57:10.799Z,5.506599115294,2026-09-05 12:42:10.799,1628.591944444444
Pulse experiments,pioreactor01,2026-09-05T06:57:15.800Z,5.506800498484,2026-09-05 12:42:15.800,1628.593333333333
Pulse experiments,pioreactor01,2026-09-05T06:57:20.800Z,5.506920738594,2026-09-05 12:42:20.800,1628.594722222222
Pulse experiments,pioreactor01,2026-09-05T06:57:25.800Z,5.507013331566,2026-09-05 12:42:25.800,1628.596111111111
Pulse experiments,pioreactor01,2026-09-05T06:57:30.801Z,5.507115629748,2026-09-05 12:42:30.801,1628.5975
Pulse experiments,pioreactor01,2026-09-05T06:57:35.799Z,5.507155654931,2026-09-05 12:42:35.799,1628.598888888889
Pulse experiments,pioreactor01,2026-09-05T06:57:40.799Z,5.507124003845,2026-09-05 12:42:40.799,1628.600277777778
Pulse experiments,pioreactor01,2026-09-05T06:57:45.802Z,5.507141701631,2026-09-05 12:42:45.802,1628.601666666667
Pulse experiments,pioreactor01,2026-09-05T06:57:50.802Z,5.507157805926,2026-09-05 12:42:50.802,1628.603055555556
Pulse experiments,pioreactor01,2026-09-05T06:57:55.799Z,5.507226565255,2026-09-05 12:42:55.799,1628.604444444444
Pulse experiments,pioreactor01,2026-09-05T06:58:00.799Z,5.507264822059,2026-09-05 12:43:00.799,1628.605833333333
Pulse experiments,pioreactor01,2026-09-05T06:58:05.798Z,5.5073095338,2026-09-05 12:43:05.798,1628.607222222222
Pulse experiments,pioreactor01,2026-09-05T06:58:10.800Z,5.507391409436,2026-09-05 12:43:10.800,1628.608611111111
Pulse experiments,pioreactor01,2026-09-05T06:58:15.799Z,5.507384270962,2026-09-05 12:43:15.799,1628.61
Pulse experiments,pioreactor01,2026-09-05T06:58:20.799Z,5.507426866863,2026-09-05 12:43:20.799,1628.611388888889
Pulse experiments,pioreactor01,2026-09-05T06:58:25.798Z,5.507529128943,2026-09-05 12:43:25.798,1628.612777777778
Pulse experiments,pioreactor01,2026-09-05T06:58:30.801Z,5.507597053632,2026-09-05 12:43:30.801,1628.614166666667
Pulse experiments,pioreactor01,2026-09-05T06:58:35.799Z,5.507604121417,2026-09-05 12:43:35.799,1628.615555555556
Pulse experiments,pioreactor01,2026-09-05T06:58:40.798Z,5.507687656727,2026-09-05 12:43:40.798,1628.616944444444
Pulse experiments,pioreactor01,2026-09-05T06:58:45.800Z,5.507701183386,2026-09-05 12:43:45.800,1628.618333333333
Pulse experiments,pioreactor01,2026-09-05T06:58:50.800Z,5.507714147702,2026-09-05 12:43:50.800,1628.619722222222
Pulse experiments,pioreactor01,2026-09-05T06:58:55.801Z,5.507752506204,2026-09-05 12:43:55.801,1628.621111111111
Pulse experiments,pioreactor01,2026-09-05T06:59:00.799Z,5.507831737557,2026-09-05 12:44:00.799,1628.6225
Pulse experiments,pioreactor01,2026-09-05T06:59:05.800Z,5.508025477353,2026-09-05 12:44:05.800,1628.623888888889
Pulse experiments,pioreactor01,2026-09-05T06:59:10.799Z,5.508101862065,2026-09-05 12:44:10.799,1628.625277777778
Pulse experiments,pioreactor01,2026-09-05T06:59:15.799Z,5.508127995901,2026-09-05 12:44:15.799,1628.626666666667
Pulse experiments,pioreactor01,2026-09-05T06:59:20.799Z,5.508147346543,2026-09-05 12:44:20.799,1628.628055555556
Pulse experiments,pioreactor01,2026-09-05T06:59:25.799Z,5.508222354123,2026-09-05 12:44:25.799,1628.629444444445
Pulse experiments,pioreactor01,2026-09-05T06:59:30.798Z,5.508253984449,2026-09-05 12:44:30.798,1628.630833333333
Pulse experiments,pioreactor01,2026-09-05T06:59:35.800Z,5.50828030277,2026-09-05 12:44:35.800,1628.632222222222
Pulse experiments,pioreactor01,2026-09-05T06:59:40.798Z,5.508276071477,2026-09-05 12:44:40.798,1628.633611111111
Pulse experiments,pioreactor01,2026-09-05T06:59:45.799Z,5.508293006967,2026-09-05 12:44:45.799,1628.635
Pulse experiments,pioreactor01,2026-09-05T06:59:50.800Z,5.508245714126,2026-09-05 12:44:50.800,1628.636388888889
Pulse experiments,pioreactor01,2026-09-05T06:59:55.798Z,5.508271498965,2026-09-05 12:44:55.798,1628.637777777778
Pulse experiments,pioreactor01,2026-09-05T07:00:00.799Z,5.508479383345,2026-09-05 12:45:00.799,1628.639166666667
Pulse experiments,pioreactor01,2026-09-05T07:00:05.799Z,5.508631207352,2026-09-05 12:45:05.799,1628.640555555555
Pulse experiments,pioreactor01,2026-09-05T07:00:10.798Z,5.508743778361,2026-09-05 12:45:10.798,1628.641944444444
Pulse experiments,pioreactor01,2026-09-05T07:00:15.798Z,5.508839385424,2026-09-05 12:45:15.798,1628.643333333333
Pulse experiments,pioreactor01,2026-09-05T07:00:20.801Z,5.508970594497,2026-09-05 12:45:20.801,1628.644722222222
Pulse experiments,pioreactor01,2026-09-05T07:00:25.800Z,5.508945074687,2026-09-05 12:45:25.800,1628.646111111111
Pulse experiments,pioreactor01,2026-09-05T07:00:30.799Z,5.509001621907,2026-09-05 12:45:30.799,1628.6475
Pulse experiments,pioreactor01,2026-09-05T07:00:35.798Z,5.508861880441,2026-09-05 12:45:35.798,1628.648888888889
Pulse experiments,pioreactor01,2026-09-05T07:00:40.799Z,5.508854737482,2026-09-05 12:45:40.799,1628.650277777778
Pulse experiments,pioreactor01,2026-09-05T07:00:45.798Z,5.50891615856,2026-09-05 12:45:45.798,1628.651666666667
Pulse experiments,pioreactor01,2026-09-05T07:00:50.799Z,5.508937191437,2026-09-05 12:45:50.799,1628.653055555556
Pulse experiments,pioreactor01,2026-09-05T07:00:55.798Z,5.509000824662,2026-09-05 12:45:55.798,1628.654444444444
Pulse experiments,pioreactor01,2026-09-05T07:01:00.799Z,5.509019799092,2026-09-05 12:46:00.799,1628.655833333333
Pulse experiments,pioreactor01,2026-09-05T07:01:10.799Z,5.509073796716,2026-09-05 12:46:10.799,1628.658611111111
Pulse experiments,pioreactor01,2026-09-05T07:01:15.801Z,5.50917853199,2026-09-05 12:46:15.801,1628.66
Pulse experiments,pioreactor01,2026-09-05T07:01:20.800Z,5.509244571207,2026-09-05 12:46:20.800,1628.661388888889
Pulse experiments,pioreactor01,2026-09-05T07:01:25.800Z,5.509300914287,2026-09-05 12:46:25.800,1628.662777777778
Pulse experiments,pioreactor01,2026-09-05T07:01:30.802Z,5.509376673508,2026-09-05 12:46:30.802,1628.664166666667
Pulse experiments,pioreactor01,2026-09-05T07:01:35.799Z,5.509374492001,2026-09-05 12:46:35.799,1628.665555555556
Pulse experiments,pioreactor01,2026-09-05T07:01:40.799Z,5.509396515105,2026-09-05 12:46:40.799,1628.666944444444
Pulse experiments,pioreactor01,2026-09-05T07:01:45.799Z,5.509560101721,2026-09-05 12:46:45.799,1628.668333333333
Pulse experiments,pioreactor01,2026-09-05T07:01:50.799Z,5.509630393026,2026-09-05 12:46:50.799,1628.669722222222
Pulse experiments,pioreactor01,2026-09-05T07:01:55.798Z,5.509702773636,2026-09-05 12:46:55.798,1628.671111111111
Pulse experiments,pioreactor01,2026-09-05T07:02:00.798Z,5.509787201342,2026-09-05 12:47:00.798,1628.6725
Pulse experiments,pioreactor01,2026-09-05T07:02:05.799Z,5.509894406465,2026-09-05 12:47:05.799,1628.673888888889
Pulse experiments,pioreactor01,2026-09-05T07:02:10.801Z,5.510028816328,2026-09-05 12:47:10.801,1628.675277777778
Pulse experiments,pioreactor01,2026-09-05T07:02:15.798Z,5.510042201863,2026-09-05 12:47:15.798,1628.676666666667
Pulse experiments,pioreactor01,2026-09-05T07:02:20.799Z,5.509996163346,2026-09-05 12:47:20.799,1628.678055555556
Pulse experiments,pioreactor01,2026-09-05T07:02:25.798Z,5.510017842678,2026-09-05 12:47:25.798,1628.679444444444
Pulse experiments,pioreactor01,2026-09-05T07:02:30.799Z,5.510142885629,2026-09-05 12:47:30.799,1628.680833333333
Pulse experiments,pioreactor01,2026-09-05T07:02:35.799Z,5.510341477128,2026-09-05 12:47:35.799,1628.682222222222
Pulse experiments,pioreactor01,2026-09-05T07:02:40.798Z,5.51046726773,2026-09-05 12:47:40.798,1628.683611111111
Pulse experiments,pioreactor01,2026-09-05T07:02:45.799Z,5.510390840082,2026-09-05 12:47:45.799,1628.685
Pulse experiments,pioreactor01,2026-09-05T07:02:50.799Z,5.510472464324,2026-09-05 12:47:50.799,1628.686388888889
Pulse experiments,pioreactor01,2026-09-05T07:02:55.799Z,5.510448735115,2026-09-05 12:47:55.799,1628.687777777778
Pulse experiments,pioreactor01,2026-09-05T07:03:00.800Z,5.51052019974,2026-09-05 12:48:00.800,1628.689166666667
Pulse experiments,pioreactor01,2026-09-05T07:03:05.799Z,5.510537450716,2026-09-05 12:48:05.799,1628.690555555556
Pulse experiments,pioreactor01,2026-09-05T07:03:10.798Z,5.51059514264,2026-09-05 12:48:10.798,1628.691944444445
Pulse experiments,pioreactor01,2026-09-05T07:03:15.799Z,5.510634669851,2026-09-05 12:48:15.799,1628.693333333333
Pulse experiments,pioreactor01,2026-09-05T07:03:20.799Z,5.510663957298,2026-09-05 12:48:20.799,1628.694722222222
Pulse experiments,pioreactor01,2026-09-05T07:03:25.798Z,5.510731140077,2026-09-05 12:48:25.798,1628.696111111111
Pulse experiments,pioreactor01,2026-09-05T07:03:30.798Z,5.510782516845,2026-09-05 12:48:30.798,1628.6975
Pulse experiments,pioreactor01,2026-09-05T07:03:35.799Z,5.510886873631,2026-09-05 12:48:35.799,1628.698888888889
Pulse experiments,pioreactor01,2026-09-05T07:03:40.799Z,5.511021713265,2026-09-05 12:48:40.799,1628.700277777778
Pulse experiments,pioreactor01,2026-09-05T07:03:45.799Z,5.511122546894,2026-09-05 12:48:45.799,1628.701666666667
Pulse experiments,pioreactor01,2026-09-05T07:03:50.798Z,5.51125650647,2026-09-05 12:48:50.798,1628.703055555555
Pulse experiments,pioreactor01,2026-09-05T07:03:55.799Z,5.511305328564,2026-09-05 12:48:55.799,1628.704444444444
Pulse experiments,pioreactor01,2026-09-05T07:04:00.798Z,5.511417703288,2026-09-05 12:49:00.798,1628.705833333333
Pulse experiments,pioreactor01,2026-09-05T07:04:05.799Z,5.511501751169,2026-09-05 12:49:05.799,1628.707222222222
Pulse experiments,pioreactor01,2026-09-05T07:04:10.799Z,5.511662326094,2026-09-05 12:49:10.799,1628.708611111111
Pulse experiments,pioreactor01,2026-09-05T07:04:15.798Z,5.511767596488,2026-09-05 12:49:15.798,1628.71
Pulse experiments,pioreactor01,2026-09-05T07:04:25.799Z,5.511747888261,2026-09-05 12:49:25.799,1628.712777777778
Pulse experiments,pioreactor01,2026-09-05T07:04:30.799Z,5.511695926939,2026-09-05 12:49:30.799,1628.714166666667
Pulse experiments,pioreactor01,2026-09-05T07:04:35.799Z,5.511778084588,2026-09-05 12:49:35.799,1628.715555555556
Pulse experiments,pioreactor01,2026-09-05T07:04:40.798Z,5.511881146435,2026-09-05 12:49:40.798,1628.716944444444
Pulse experiments,pioreactor01,2026-09-05T07:04:50.799Z,5.511961877034,2026-09-05 12:49:50.799,1628.719722222222
Pulse experiments,pioreactor01,2026-09-05T07:04:55.801Z,5.511991193901,2026-09-05 12:49:55.801,1628.721111111111
Pulse experiments,pioreactor01,2026-09-05T07:05:00.799Z,5.51208900692,2026-09-05 12:50:00.799,1628.7225
Pulse experiments,pioreactor01,2026-09-05T07:05:05.799Z,5.512217072934,2026-09-05 12:50:05.799,1628.723888888889
Pulse experiments,pioreactor01,2026-09-05T07:05:10.798Z,5.512306236892,2026-09-05 12:50:10.798,1628.725277777778
Pulse experiments,pioreactor01,2026-09-05T07:05:15.799Z,5.51238162524,2026-09-05 12:50:15.799,1628.726666666667
Pulse experiments,pioreactor01,2026-09-05T07:05:20.802Z,5.512407156324,2026-09-05 12:50:20.802,1628.728055555556
Pulse experiments,pioreactor01,2026-09-05T07:05:25.799Z,5.512527106699,2026-09-05 12:50:25.799,1628.729444444444
Pulse experiments,pioreactor01,2026-09-05T07:05:30.799Z,5.512605187683,2026-09-05 12:50:30.799,1628.730833333333
Pulse experiments,pioreactor01,2026-09-05T07:05:35.798Z,5.512763671844,2026-09-05 12:50:35.798,1628.732222222222
Pulse experiments,pioreactor01,2026-09-05T07:05:40.800Z,5.512872932267,2026-09-05 12:50:40.800,1628.733611111111
Pulse experiments,pioreactor01,2026-09-05T07:05:45.798Z,5.512892578574,2026-09-05 12:50:45.798,1628.735
Pulse experiments,pioreactor01,2026-09-05T07:05:50.799Z,5.512865693102,2026-09-05 12:50:50.799,1628.736388888889
Pulse experiments,pioreactor01,2026-09-05T07:05:55.798Z,5.512998681145,2026-09-05 12:50:55.798,1628.737777777778
Pulse experiments,pioreactor01,2026-09-05T07:06:00.799Z,5.51302758529,2026-09-05 12:51:00.799,1628.739166666667
Pulse experiments,pioreactor01,2026-09-05T07:06:05.799Z,5.513139140507,2026-09-05 12:51:05.799,1628.740555555556
Pulse experiments,pioreactor01,2026-09-05T07:06:10.799Z,5.513236050541,2026-09-05 12:51:10.799,1628.741944444444
Pulse experiments,pioreactor01,2026-09-05T07:06:15.799Z,5.5133099266,2026-09-05 12:51:15.799,1628.743333333333
Pulse experiments,pioreactor01,2026-09-05T07:06:20.799Z,5.513305674513,2026-09-05 12:51:20.799,1628.744722222222
Pulse experiments,pioreactor01,2026-09-05T07:06:25.800Z,5.513307497706,2026-09-05 12:51:25.800,1628.746111111111
Pulse experiments,pioreactor01,2026-09-05T07:06:30.798Z,5.513228314181,2026-09-05 12:51:30.798,1628.7475
Pulse experiments,pioreactor01,2026-09-05T07:06:35.798Z,5.513207044073,2026-09-05 12:51:35.798,1628.748888888889
Pulse experiments,pioreactor01,2026-09-05T07:06:40.799Z,5.513112200391,2026-09-05 12:51:40.799,1628.750277777778
Pulse experiments,pioreactor01,2026-09-05T07:06:45.801Z,5.513144431823,2026-09-05 12:51:45.801,1628.751666666667
Pulse experiments,pioreactor01,2026-09-05T07:06:50.799Z,5.513207262201,2026-09-05 12:51:50.799,1628.753055555556
Pulse experiments,pioreactor01,2026-09-05T07:06:55.800Z,5.513292901332,2026-09-05 12:51:55.800,1628.754444444445
Pulse experiments,pioreactor01,2026-09-05T07:07:00.798Z,5.513302928133,2026-09-05 12:52:00.798,1628.755833333333
Pulse experiments,pioreactor01,2026-09-05T07:07:05.799Z,5.513366994455,2026-09-05 12:52:05.799,1628.757222222222
Pulse experiments,pioreactor01,2026-09-05T07:07:10.800Z,5.513393818173,2026-09-05 12:52:10.800,1628.758611111111
Pulse experiments,pioreactor01,2026-09-05T07:07:15.799Z,5.513452849167,2026-09-05 12:52:15.799,1628.76
Pulse experiments,pioreactor01,2026-09-05T07:07:20.800Z,5.5135451582,2026-09-05 12:52:20.800,1628.761388888889
Pulse experiments,pioreactor01,2026-09-05T07:07:30.799Z,5.513627544321,2026-09-05 12:52:30.799,1628.764166666667
Pulse experiments,pioreactor01,2026-09-05T07:07:35.798Z,5.513634099178,2026-09-05 12:52:35.798,1628.765555555555
Pulse experiments,pioreactor01,2026-09-05T07:07:40.799Z,5.513648926278,2026-09-05 12:52:40.799,1628.766944444444
Pulse experiments,pioreactor01,2026-09-05T07:07:45.800Z,5.513633273617,2026-09-05 12:52:45.800,1628.768333333333
Pulse experiments,pioreactor01,2026-09-05T07:07:50.798Z,5.513684917737,2026-09-05 12:52:50.798,1628.769722222222
Pulse experiments,pioreactor01,2026-09-05T07:07:55.800Z,5.513682318376,2026-09-05 12:52:55.800,1628.771111111111
Pulse experiments,pioreactor01,2026-09-05T07:08:00.798Z,5.51368133692,2026-09-05 12:53:00.798,1628.7725
Pulse experiments,pioreactor01,2026-09-05T07:08:05.799Z,5.513613406466,2026-09-05 12:53:05.799,1628.773888888889
Pulse experiments,pioreactor01,2026-09-05T07:08:10.800Z,5.513554905448,2026-09-05 12:53:10.800,1628.775277777778
Pulse experiments,pioreactor01,2026-09-05T07:08:15.799Z,5.513611477232,2026-09-05 12:53:15.799,1628.776666666667
Pulse experiments,pioreactor01,2026-09-05T07:08:20.799Z,5.513623811197,2026-09-05 12:53:20.799,1628.778055555556
Pulse experiments,pioreactor01,2026-09-05T07:08:25.799Z,5.51361930873,2026-09-05 12:53:25.799,1628.779444444444
Pulse experiments,pioreactor01,2026-09-05T07:08:30.800Z,5.51358279358,2026-09-05 12:53:30.800,1628.780833333333
Pulse experiments,pioreactor01,2026-09-05T07:08:45.798Z,5.513638066326,2026-09-05 12:53:45.798,1628.785
Pulse experiments,pioreactor01,2026-09-05T07:08:50.800Z,5.513643411883,2026-09-05 12:53:50.800,1628.786388888889
Pulse experiments,pioreactor01,2026-09-05T07:08:55.798Z,5.513721775134,2026-09-05 12:53:55.798,1628.787777777778
Pulse experiments,pioreactor01,2026-09-05T07:09:05.799Z,5.513761921664,2026-09-05 12:54:05.799,1628.790555555556
Pulse experiments,pioreactor01,2026-09-05T07:09:10.799Z,5.513822337929,2026-09-05 12:54:10.799,1628.791944444444
Pulse experiments,pioreactor01,2026-09-05T07:09:15.799Z,5.513839589004,2026-09-05 12:54:15.799,1628.793333333333
Pulse experiments,pioreactor01,2026-09-05T07:09:20.799Z,5.513868238891,2026-09-05 12:54:20.799,1628.794722222222
Pulse experiments,pioreactor01,2026-09-05T07:09:25.798Z,5.513780212187,2026-09-05 12:54:25.798,1628.796111111111
Pulse experiments,pioreactor01,2026-09-05T07:09:30.799Z,5.513719324378,2026-09-05 12:54:30.799,1628.7975
Pulse experiments,pioreactor01,2026-09-05T07:09:35.798Z,5.51372230683,2026-09-05 12:54:35.798,1628.798888888889
Pulse experiments,pioreactor01,2026-09-05T07:09:40.799Z,5.513687706818,2026-09-05 12:54:40.799,1628.800277777778
Pulse experiments,pioreactor01,2026-09-05T07:09:45.798Z,5.513520041115,2026-09-05 12:54:45.798,1628.801666666667
Pulse experiments,pioreactor01,2026-09-05T07:09:50.799Z,5.513407862779,2026-09-05 12:54:50.799,1628.803055555556
Pulse experiments,pioreactor01,2026-09-05T07:09:55.799Z,5.51343713272,2026-09-05 12:54:55.799,1628.804444444444
Pulse experiments,pioreactor01,2026-09-05T07:10:00.798Z,5.513526091959,2026-09-05 12:55:00.798,1628.805833333333
Pulse experiments,pioreactor01,2026-09-05T07:10:05.798Z,5.51359908666,2026-09-05 12:55:05.798,1628.807222222222
Pulse experiments,pioreactor01,2026-09-05T07:10:10.799Z,5.513638869458,2026-09-05 12:55:10.799,1628.808611111111
Pulse experiments,pioreactor01,2026-09-05T07:10:15.799Z,5.513616134135,2026-09-05 12:55:15.799,1628.81
Pulse experiments,pioreactor01,2026-09-05T07:10:20.799Z,5.513562807682,2026-09-05 12:55:20.799,1628.811388888889
Pulse experiments,pioreactor01,2026-09-05T07:10:25.799Z,5.513587758012,2026-09-05 12:55:25.799,1628.812777777778
Pulse experiments,pioreactor01,2026-09-05T07:10:30.798Z,5.513545274455,2026-09-05 12:55:30.798,1628.814166666667
Pulse experiments,pioreactor01,2026-09-05T07:10:35.799Z,5.513514123805,2026-09-05 12:55:35.799,1628.815555555556
Pulse experiments,pioreactor01,2026-09-05T07:10:40.800Z,5.513449244848,2026-09-05 12:55:40.800,1628.816944444445
Pulse experiments,pioreactor01,2026-09-05T07:10:45.798Z,5.513332912165,2026-09-05 12:55:45.798,1628.818333333333
Pulse experiments,pioreactor01,2026-09-05T07:10:50.799Z,5.513320189075,2026-09-05 12:55:50.799,1628.819722222222
Pulse experiments,pioreactor01,2026-09-05T07:10:55.799Z,5.513287854708,2026-09-05 12:55:55.799,1628.821111111111
Pulse experiments,pioreactor01,2026-09-05T07:11:00.798Z,5.513262793706,2026-09-05 12:56:00.798,1628.8225
Pulse experiments,pioreactor01,2026-09-05T07:11:05.798Z,5.513256643234,2026-09-05 12:56:05.798,1628.823888888889
Pulse experiments,pioreactor01,2026-09-05T07:11:10.799Z,5.513260169712,2026-09-05 12:56:10.799,1628.825277777778
Pulse experiments,pioreactor01,2026-09-05T07:11:15.799Z,5.513316945101,2026-09-05 12:56:15.799,1628.826666666667
Pulse experiments,pioreactor01,2026-09-05T07:11:20.800Z,5.513242337063,2026-09-05 12:56:20.800,1628.828055555555
Pulse experiments,pioreactor01,2026-09-05T07:11:25.799Z,5.51314659063,2026-09-05 12:56:25.799,1628.829444444444
Pulse experiments,pioreactor01,2026-09-05T07:11:30.800Z,5.512963187728,2026-09-05 12:56:30.800,1628.830833333333
Pulse experiments,pioreactor01,2026-09-05T07:11:35.800Z,5.512775250101,2026-09-05 12:56:35.800,1628.832222222222
Pulse experiments,pioreactor01,2026-09-05T07:11:40.799Z,5.512717310458,2026-09-05 12:56:40.799,1628.833611111111
Pulse experiments,pioreactor01,2026-09-05T07:11:45.799Z,5.512640362875,2026-09-05 12:56:45.799,1628.835
Pulse experiments,pioreactor01,2026-09-05T07:11:50.800Z,5.512627226488,2026-09-05 12:56:50.800,1628.836388888889
Pulse experiments,pioreactor01,2026-09-05T07:11:55.799Z,5.512625156613,2026-09-05 12:56:55.799,1628.837777777778
Pulse experiments,pioreactor01,2026-09-05T07:12:00.799Z,5.512592312959,2026-09-05 12:57:00.799,1628.839166666667
Pulse experiments,pioreactor01,2026-09-05T07:12:05.799Z,5.512538496975,2026-09-05 12:57:05.799,1628.840555555556
Pulse experiments,pioreactor01,2026-09-05T07:12:10.799Z,5.512442823105,2026-09-05 12:57:10.799,1628.841944444444
Pulse experiments,pioreactor01,2026-09-05T07:12:15.800Z,5.51236462953,2026-09-05 12:57:15.800,1628.843333333333
Pulse experiments,pioreactor01,2026-09-05T07:12:20.798Z,5.512257211925,2026-09-05 12:57:20.798,1628.844722222222
Pulse experiments,pioreactor01,2026-09-05T07:12:25.799Z,5.512200120257,2026-09-05 12:57:25.799,1628.846111111111
Pulse experiments,pioreactor01,2026-09-05T07:12:30.798Z,5.512212504405,2026-09-05 12:57:30.798,1628.8475
Pulse experiments,pioreactor01,2026-09-05T07:12:40.798Z,5.512243161347,2026-09-05 12:57:40.798,1628.850277777778
Pulse experiments,pioreactor01,2026-09-05T07:12:45.800Z,5.512165886113,2026-09-05 12:57:45.800,1628.851666666667
Pulse experiments,pioreactor01,2026-09-05T07:12:50.798Z,5.512222346527,2026-09-05 12:57:50.798,1628.853055555556
Pulse experiments,pioreactor01,2026-09-05T07:12:55.799Z,5.512304523552,2026-09-05 12:57:55.799,1628.854444444444
Pulse experiments,pioreactor01,2026-09-05T07:13:00.799Z,5.512284485044,2026-09-05 12:58:00.799,1628.855833333333
Pulse experiments,pioreactor01,2026-09-05T07:13:05.799Z,5.512228653561,2026-09-05 12:58:05.799,1628.857222222222
Pulse experiments,pioreactor01,2026-09-05T07:13:10.801Z,5.512138516805,2026-09-05 12:58:10.801,1628.858611111111
Pulse experiments,pioreactor01,2026-09-05T07:13:15.799Z,5.511974147569,2026-09-05 12:58:15.799,1628.86
Pulse experiments,pioreactor01,2026-09-05T07:13:20.799Z,5.511863238219,2026-09-05 12:58:20.799,1628.861388888889
Pulse experiments,pioreactor01,2026-09-05T07:13:25.799Z,5.511811579235,2026-09-05 12:58:25.799,1628.862777777778
Pulse experiments,pioreactor01,2026-09-05T07:13:30.799Z,5.511800545035,2026-09-05 12:58:30.799,1628.864166666667
Pulse experiments,pioreactor01,2026-09-05T07:13:35.799Z,5.511732213168,2026-09-05 12:58:35.799,1628.865555555556
Pulse experiments,pioreactor01,2026-09-05T07:13:40.799Z,5.511583386889,2026-09-05 12:58:40.799,1628.866944444444
Pulse experiments,pioreactor01,2026-09-05T07:13:45.800Z,5.511597228229,2026-09-05 12:58:45.800,1628.868333333333
Pulse experiments,pioreactor01,2026-09-05T07:13:50.800Z,5.511590067052,2026-09-05 12:58:50.800,1628.869722222222
Pulse experiments,pioreactor01,2026-09-05T07:13:55.800Z,5.511644748088,2026-09-05 12:58:55.800,1628.871111111111
Pulse experiments,pioreactor01,2026-09-05T07:14:00.799Z,5.511650980716,2026-09-05 12:59:00.799,1628.8725
Pulse experiments,pioreactor01,2026-09-05T07:14:05.799Z,5.511667639984,2026-09-05 12:59:05.799,1628.873888888889
Pulse experiments,pioreactor01,2026-09-05T07:14:10.799Z,5.511605643867,2026-09-05 12:59:10.799,1628.875277777778
Pulse experiments,pioreactor01,2026-09-05T07:14:15.798Z,5.511536516635,2026-09-05 12:59:15.798,1628.876666666667
Pulse experiments,pioreactor01,2026-09-05T07:14:20.800Z,5.511443589708,2026-09-05 12:59:20.800,1628.878055555556
Pulse experiments,pioreactor01,2026-09-05T07:14:25.800Z,5.511293384444,2026-09-05 12:59:25.800,1628.879444444445
Pulse experiments,pioreactor01,2026-09-05T07:14:30.799Z,5.511143477086,2026-09-05 12:59:30.799,1628.880833333333
Pulse experiments,pioreactor01,2026-09-05T07:14:35.798Z,5.511021059589,2026-09-05 12:59:35.798,1628.882222222222
Pulse experiments,pioreactor01,2026-09-05T07:14:40.800Z,5.511019786954,2026-09-05 12:59:40.800,1628.883611111111
Pulse experiments,pioreactor01,2026-09-05T07:14:45.798Z,5.511002277306,2026-09-05 12:59:45.798,1628.885
Pulse experiments,pioreactor01,2026-09-05T07:14:50.798Z,5.510912113351,2026-09-05 12:59:50.798,1628.886388888889
Pulse experiments,pioreactor01,2026-09-05T07:14:55.799Z,5.510933093852,2026-09-05 12:59:55.799,1628.887777777778
Pulse experiments,pioreactor01,2026-09-05T07:15:00.799Z,5.510951062396,2026-09-05 13:00:00.799,1628.889166666667
Pulse experiments,pioreactor01,2026-09-05T07:15:05.799Z,5.510837891601,2026-09-05 13:00:05.799,1628.890555555555
Pulse experiments,pioreactor01,2026-09-05T07:15:10.798Z,5.510805373949,2026-09-05 13:00:10.798,1628.891944444444
Pulse experiments,pioreactor01,2026-09-05T07:15:15.800Z,5.510844605106,2026-09-05 13:00:15.800,1628.893333333333
Pulse experiments,pioreactor01,2026-09-05T07:15:20.800Z,5.510899152374,2026-09-05 13:00:20.800,1628.894722222222
Pulse experiments,pioreactor01,2026-09-05T07:15:25.798Z,5.51084047175,2026-09-05 13:00:25.798,1628.896111111111
Pulse experiments,pioreactor01,2026-09-05T07:15:30.799Z,5.510810583853,2026-09-05 13:00:30.799,1628.8975
Pulse experiments,pioreactor01,2026-09-05T07:15:35.799Z,5.510783243353,2026-09-05 13:00:35.799,1628.898888888889
Pulse experiments,pioreactor01,2026-09-05T07:15:40.799Z,5.51073605186,2026-09-05 13:00:40.799,1628.900277777778
Pulse experiments,pioreactor01,2026-09-05T07:15:45.799Z,5.510629758616,2026-09-05 13:00:45.799,1628.901666666667
Pulse experiments,pioreactor01,2026-09-05T07:15:50.803Z,5.510527441689,2026-09-05 13:00:50.803,1628.903055555556
Pulse experiments,pioreactor01,2026-09-05T07:15:55.798Z,5.510384974833,2026-09-05 13:00:55.798,1628.904444444444
Pulse experiments,pioreactor01,2026-09-05T07:16:00.798Z,5.510242633274,2026-09-05 13:01:00.798,1628.905833333333
Pulse experiments,pioreactor01,2026-09-05T07:16:05.800Z,5.510229672717,2026-09-05 13:01:05.800,1628.907222222222
Pulse experiments,pioreactor01,2026-09-05T07:16:10.800Z,5.510184355837,2026-09-05 13:01:10.800,1628.908611111111
Pulse experiments,pioreactor01,2026-09-05T07:16:15.799Z,5.510121688954,2026-09-05 13:01:15.799,1628.91
Pulse experiments,pioreactor01,2026-09-05T07:16:20.800Z,5.509990255187,2026-09-05 13:01:20.800,1628.911388888889
Pulse experiments,pioreactor01,2026-09-05T07:16:25.799Z,5.509938543956,2026-09-05 13:01:25.799,1628.912777777778
Pulse experiments,pioreactor01,2026-09-05T07:16:30.799Z,5.509982289604,2026-09-05 13:01:30.799,1628.914166666667
Pulse experiments,pioreactor01,2026-09-05T07:16:35.799Z,5.509978112568,2026-09-05 13:01:35.799,1628.915555555556
Pulse experiments,pioreactor01,2026-09-05T07:16:40.800Z,5.509927435115,2026-09-05 13:01:40.800,1628.916944444444
Pulse experiments,pioreactor01,2026-09-05T07:16:45.799Z,5.509870956908,2026-09-05 13:01:45.799,1628.918333333333
Pulse experiments,pioreactor01,2026-09-05T07:16:55.798Z,5.50990860626,2026-09-05 13:01:55.798,1628.921111111111
Pulse experiments,pioreactor01,2026-09-05T07:17:00.799Z,5.509896505427,2026-09-05 13:02:00.799,1628.9225
Pulse experiments,pioreactor01,2026-09-05T07:17:05.799Z,5.50984631166,2026-09-05 13:02:05.799,1628.923888888889
Pulse experiments,pioreactor01,2026-09-05T07:17:10.799Z,5.509757901307,2026-09-05 13:02:10.799,1628.925277777778
Pulse experiments,pioreactor01,2026-09-05T07:17:15.798Z,5.509687731392,2026-09-05 13:02:15.798,1628.926666666667
Pulse experiments,pioreactor01,2026-09-05T07:17:20.799Z,5.509548624878,2026-09-05 13:02:20.799,1628.928055555556
Pulse experiments,pioreactor01,2026-09-05T07:17:25.798Z,5.509334192069,2026-09-05 13:02:25.798,1628.929444444444
Pulse experiments,pioreactor01,2026-09-05T07:17:30.799Z,5.509235495914,2026-09-05 13:02:30.799,1628.930833333333
Pulse experiments,pioreactor01,2026-09-05T07:17:35.798Z,5.509075405284,2026-09-05 13:02:35.798,1628.932222222222
Pulse experiments,pioreactor01,2026-09-05T07:17:40.799Z,5.508990476892,2026-09-05 13:02:40.799,1628.933611111111
Pulse experiments,pioreactor01,2026-09-05T07:17:45.798Z,5.508927786706,2026-09-05 13:02:45.798,1628.935
Pulse experiments,pioreactor01,2026-09-05T07:17:50.799Z,5.50889345855,2026-09-05 13:02:50.799,1628.936388888889
Pulse experiments,pioreactor01,2026-09-05T07:17:55.799Z,5.508806093183,2026-09-05 13:02:55.799,1628.937777777778
Pulse experiments,pioreactor01,2026-09-05T07:18:00.799Z,5.508737761892,2026-09-05 13:03:00.799,1628.939166666667
Pulse experiments,pioreactor01,2026-09-05T07:18:05.802Z,5.508736943278,2026-09-05 13:03:05.802,1628.940555555556
Pulse experiments,pioreactor01,2026-09-05T07:18:10.800Z,5.50872122156,2026-09-05 13:03:10.800,1628.941944444445
Pulse experiments,pioreactor01,2026-09-05T07:18:15.801Z,5.508686234675,2026-09-05 13:03:15.801,1628.943333333333
Pulse experiments,pioreactor01,2026-09-05T07:18:20.799Z,5.508634703224,2026-09-05 13:03:20.799,1628.944722222222
Pulse experiments,pioreactor01,2026-09-05T07:18:25.799Z,5.508534160103,2026-09-05 13:03:25.799,1628.946111111111
Pulse experiments,pioreactor01,2026-09-05T07:18:30.800Z,5.508475848173,2026-09-05 13:03:30.800,1628.9475
Pulse experiments,pioreactor01,2026-09-05T07:18:35.799Z,5.508389464576,2026-09-05 13:03:35.799,1628.948888888889
Pulse experiments,pioreactor01,2026-09-05T07:18:40.799Z,5.508333617638,2026-09-05 13:03:40.799,1628.950277777778
Pulse experiments,pioreactor01,2026-09-05T07:18:45.798Z,5.508285673981,2026-09-05 13:03:45.798,1628.951666666667
Pulse experiments,pioreactor01,2026-09-05T07:18:50.799Z,5.508265474168,2026-09-05 13:03:50.799,1628.953055555555
Pulse experiments,pioreactor01,2026-09-05T07:18:55.799Z,5.508182771307,2026-09-05 13:03:55.799,1628.954444444444
Pulse experiments,pioreactor01,2026-09-05T07:19:00.799Z,5.50806898136,2026-09-05 13:04:00.799,1628.955833333333
Pulse experiments,pioreactor01,2026-09-05T07:19:05.799Z,5.507931897453,2026-09-05 13:04:05.799,1628.957222222222
Pulse experiments,pioreactor01,2026-09-05T07:19:10.801Z,5.507816414708,2026-09-05 13:04:10.801,1628.958611111111
Pulse experiments,pioreactor01,2026-09-05T07:19:15.801Z,5.507742644022,2026-09-05 13:04:15.801,1628.96
Pulse experiments,pioreactor01,2026-09-05T07:19:20.800Z,5.507745142366,2026-09-05 13:04:20.800,1628.961388888889
Pulse experiments,pioreactor01,2026-09-05T07:19:25.798Z,5.507757435104,2026-09-05 13:04:25.798,1628.962777777778
Pulse experiments,pioreactor01,2026-09-05T07:19:30.799Z,5.507691476043,2026-09-05 13:04:30.799,1628.964166666667
Pulse experiments,pioreactor01,2026-09-05T07:19:35.800Z,5.507689615089,2026-09-05 13:04:35.800,1628.965555555556
Pulse experiments,pioreactor01,2026-09-05T07:19:40.801Z,5.507649584281,2026-09-05 13:04:40.801,1628.966944444444
Pulse experiments,pioreactor01,2026-09-05T07:19:45.800Z,5.507591697829,2026-09-05 13:04:45.800,1628.968333333333
Pulse experiments,pioreactor01,2026-09-05T07:19:50.799Z,5.507495610645,2026-09-05 13:04:50.799,1628.969722222222
Pulse experiments,pioreactor01,2026-09-05T07:19:55.798Z,5.507361463885,2026-09-05 13:04:55.798,1628.971111111111
Pulse experiments,pioreactor01,2026-09-05T07:20:00.800Z,5.507285892202,2026-09-05 13:05:00.800,1628.9725
Pulse experiments,pioreactor01,2026-09-05T07:20:05.799Z,5.507229268644,2026-09-05 13:05:05.799,1628.973888888889
Pulse experiments,pioreactor01,2026-09-05T07:20:10.799Z,5.507190905027,2026-09-05 13:05:10.799,1628.975277777778
Pulse experiments,pioreactor01,2026-09-05T07:20:15.798Z,5.507167422272,2026-09-05 13:05:15.798,1628.976666666667
Pulse experiments,pioreactor01,2026-09-05T07:20:20.799Z,5.507228245277,2026-09-05 13:05:20.799,1628.978055555556
Pulse experiments,pioreactor01,2026-09-05T07:20:25.798Z,5.507337417581,2026-09-05 13:05:25.798,1628.979444444444
Pulse experiments,pioreactor01,2026-09-05T07:20:30.798Z,5.507239491774,2026-09-05 13:05:30.798,1628.980833333333
Pulse experiments,pioreactor01,2026-09-05T07:20:35.799Z,5.507160008406,2026-09-05 13:05:35.799,1628.982222222222
Pulse experiments,pioreactor01,2026-09-05T07:20:40.798Z,5.506962983386,2026-09-05 13:05:40.798,1628.983611111111
Pulse experiments,pioreactor01,2026-09-05T07:20:45.798Z,5.506938129325,2026-09-05 13:05:45.798,1628.985
Pulse experiments,pioreactor01,2026-09-05T07:20:50.802Z,5.506879223183,2026-09-05 13:05:50.802,1628.986388888889
Pulse experiments,pioreactor01,2026-09-05T07:20:55.800Z,5.506861154516,2026-09-05 13:05:55.800,1628.987777777778
Pulse experiments,pioreactor01,2026-09-05T07:21:00.798Z,5.506817519987,2026-09-05 13:06:00.798,1628.989166666667
Pulse experiments,pioreactor01,2026-09-05T07:21:05.800Z,5.506728912578,2026-09-05 13:06:05.800,1628.990555555556
Pulse experiments,pioreactor01,2026-09-05T07:21:10.799Z,5.506706140964,2026-09-05 13:06:10.799,1628.991944444444
Pulse experiments,pioreactor01,2026-09-05T07:21:15.801Z,5.506760239602,2026-09-05 13:06:15.801,1628.993333333333
Pulse experiments,pioreactor01,2026-09-05T07:21:20.798Z,5.506747172313,2026-09-05 13:06:20.798,1628.994722222222
Pulse experiments,pioreactor01,2026-09-05T07:21:30.799Z,5.506745818971,2026-09-05 13:06:30.799,1628.9975
Pulse experiments,pioreactor01,2026-09-05T07:21:35.798Z,5.506700975143,2026-09-05 13:06:35.798,1628.998888888889
Pulse experiments,pioreactor01,2026-09-05T07:21:40.799Z,5.506674286232,2026-09-05 13:06:40.799,1629.000277777778
Pulse experiments,pioreactor01,2026-09-05T07:21:50.800Z,5.506641951792,2026-09-05 13:06:50.800,1629.003055555556
Pulse experiments,pioreactor01,2026-09-05T07:21:55.799Z,5.50656763969,2026-09-05 13:06:55.799,1629.004444444445
Pulse experiments,pioreactor01,2026-09-05T07:22:00.798Z,5.506544459277,2026-09-05 13:07:00.798,1629.005833333333
Pulse experiments,pioreactor01,2026-09-05T07:22:05.799Z,5.506591373724,2026-09-05 13:07:05.799,1629.007222222222
Pulse experiments,pioreactor01,2026-09-05T07:22:10.799Z,5.506550185955,2026-09-05 13:07:10.799,1629.008611111111
Pulse experiments,pioreactor01,2026-09-05T07:22:15.800Z,5.506545418074,2026-09-05 13:07:15.800,1629.01
Pulse experiments,pioreactor01,2026-09-05T07:22:20.800Z,5.506484949319,2026-09-05 13:07:20.800,1629.011388888889
Pulse experiments,pioreactor01,2026-09-05T07:22:25.798Z,5.506443129385,2026-09-05 13:07:25.798,1629.012777777778
Pulse experiments,pioreactor01,2026-09-05T07:22:30.800Z,5.506499893034,2026-09-05 13:07:30.800,1629.014166666667
Pulse experiments,pioreactor01,2026-09-05T07:22:40.799Z,5.506637099643,2026-09-05 13:07:40.799,1629.016944444444
Pulse experiments,pioreactor01,2026-09-05T07:22:45.798Z,5.506766038339,2026-09-05 13:07:45.798,1629.018333333333
Pulse experiments,pioreactor01,2026-09-05T07:22:50.799Z,5.506814366425,2026-09-05 13:07:50.799,1629.019722222222
Pulse experiments,pioreactor01,2026-09-05T07:22:55.799Z,5.506838126086,2026-09-05 13:07:55.799,1629.021111111111
Pulse experiments,pioreactor01,2026-09-05T07:23:00.799Z,5.506836714767,2026-09-05 13:08:00.799,1629.0225
Pulse experiments,pioreactor01,2026-09-05T07:23:05.799Z,5.506802407789,2026-09-05 13:08:05.799,1629.023888888889
Pulse experiments,pioreactor01,2026-09-05T07:23:10.799Z,5.506783400253,2026-09-05 13:08:10.799,1629.025277777778
Pulse experiments,pioreactor01,2026-09-05T07:23:15.800Z,5.506748150831,2026-09-05 13:08:15.800,1629.026666666667
Pulse experiments,pioreactor01,2026-09-05T07:23:20.799Z,5.506737462174,2026-09-05 13:08:20.799,1629.028055555556
Pulse experiments,pioreactor01,2026-09-05T07:23:25.800Z,5.506739735938,2026-09-05 13:08:25.800,1629.029444444444
Pulse experiments,pioreactor01,2026-09-05T07:23:30.799Z,5.506619132995,2026-09-05 13:08:30.799,1629.030833333333
Pulse experiments,pioreactor01,2026-09-05T07:23:35.801Z,5.506595263599,2026-09-05 13:08:35.801,1629.032222222222
Pulse experiments,pioreactor01,2026-09-05T07:23:40.799Z,5.506519091976,2026-09-05 13:08:40.799,1629.033611111111
Pulse experiments,pioreactor01,2026-09-05T07:23:50.800Z,5.506484800853,2026-09-05 13:08:50.800,1629.036388888889
Pulse experiments,pioreactor01,2026-09-05T07:23:55.801Z,5.506485748336,2026-09-05 13:08:55.801,1629.037777777778
Pulse experiments,pioreactor01,2026-09-05T07:24:00.798Z,5.506413788589,2026-09-05 13:09:00.798,1629.039166666667
Pulse experiments,pioreactor01,2026-09-05T07:24:05.799Z,5.506370194126,2026-09-05 13:09:05.799,1629.040555555556
Pulse experiments,pioreactor01,2026-09-05T07:24:10.798Z,5.506349384,2026-09-05 13:09:10.798,1629.041944444444
Pulse experiments,pioreactor01,2026-09-05T07:24:15.798Z,5.50635644929,2026-09-05 13:09:15.798,1629.043333333333
Pulse experiments,pioreactor01,2026-09-05T07:24:20.800Z,5.506369697874,2026-09-05 13:09:20.800,1629.044722222222
Pulse experiments,pioreactor01,2026-09-05T07:24:25.799Z,5.506326005877,2026-09-05 13:09:25.799,1629.046111111111
Pulse experiments,pioreactor01,2026-09-05T07:24:30.798Z,5.50628924599,2026-09-05 13:09:30.798,1629.0475
Pulse experiments,pioreactor01,2026-09-05T07:24:35.799Z,5.506280653141,2026-09-05 13:09:35.799,1629.048888888889
Pulse experiments,pioreactor01,2026-09-05T07:24:40.799Z,5.506188909142,2026-09-05 13:09:40.799,1629.050277777778
Pulse experiments,pioreactor01,2026-09-05T07:24:45.798Z,5.506102203155,2026-09-05 13:09:45.798,1629.051666666667
Pulse experiments,pioreactor01,2026-09-05T07:24:50.799Z,5.506195234852,2026-09-05 13:09:50.799,1629.053055555556
Pulse experiments,pioreactor01,2026-09-05T07:24:55.799Z,5.50619041749,2026-09-05 13:09:55.799,1629.054444444444
Pulse experiments,pioreactor01,2026-09-05T07:25:00.798Z,5.506230596871,2026-09-05 13:10:00.798,1629.055833333333
Pulse experiments,pioreactor01,2026-09-05T07:25:05.799Z,5.506281765498,2026-09-05 13:10:05.799,1629.057222222222
Pulse experiments,pioreactor01,2026-09-05T07:25:10.799Z,5.506351352914,2026-09-05 13:10:10.799,1629.058611111111
Pulse experiments,pioreactor01,2026-09-05T07:25:20.799Z,5.506233645536,2026-09-05 13:10:20.799,1629.061388888889
Pulse experiments,pioreactor01,2026-09-05T07:25:25.799Z,5.50609602451,2026-09-05 13:10:25.799,1629.062777777778
Pulse experiments,pioreactor01,2026-09-05T07:25:30.799Z,5.506054944266,2026-09-05 13:10:30.799,1629.064166666667
Pulse experiments,pioreactor01,2026-09-05T07:25:35.800Z,5.506031246442,2026-09-05 13:10:35.800,1629.065555555556
Pulse experiments,pioreactor01,2026-09-05T07:25:40.800Z,5.50603569632,2026-09-05 13:10:40.800,1629.066944444445
Pulse experiments,pioreactor01,2026-09-05T07:25:45.798Z,5.505976360696,2026-09-05 13:10:45.798,1629.068333333333
Pulse experiments,pioreactor01,2026-09-05T07:25:50.799Z,5.505919350327,2026-09-05 13:10:50.799,1629.069722222222
Pulse experiments,pioreactor01,2026-09-05T07:25:55.800Z,5.505911538354,2026-09-05 13:10:55.800,1629.071111111111
Pulse experiments,pioreactor01,2026-09-05T07:26:00.799Z,5.505865200861,2026-09-05 13:11:00.799,1629.0725
Pulse experiments,pioreactor01,2026-09-05T07:26:05.801Z,5.505831190075,2026-09-05 13:11:05.801,1629.073888888889
Pulse experiments,pioreactor01,2026-09-05T07:26:10.798Z,5.505750393974,2026-09-05 13:11:10.798,1629.075277777778
Pulse experiments,pioreactor01,2026-09-05T07:26:15.800Z,5.505653035151,2026-09-05 13:11:15.800,1629.076666666667
Pulse experiments,pioreactor01,2026-09-05T07:26:20.800Z,5.505545287987,2026-09-05 13:11:20.800,1629.078055555555
Pulse experiments,pioreactor01,2026-09-05T07:26:25.800Z,5.505500122719,2026-09-05 13:11:25.800,1629.079444444444
Pulse experiments,pioreactor01,2026-09-05T07:26:30.799Z,5.505432643326,2026-09-05 13:11:30.799,1629.080833333333
Pulse experiments,pioreactor01,2026-09-05T07:26:35.798Z,5.505326997247,2026-09-05 13:11:35.798,1629.082222222222
Pulse experiments,pioreactor01,2026-09-05T07:26:40.799Z,5.505267360135,2026-09-05 13:11:40.799,1629.083611111111
Pulse experiments,pioreactor01,2026-09-05T07:26:45.798Z,5.505144974047,2026-09-05 13:11:45.798,1629.085
Pulse experiments,pioreactor01,2026-09-05T07:26:50.799Z,5.505115177758,2026-09-05 13:11:50.799,1629.086388888889
Pulse experiments,pioreactor01,2026-09-05T07:26:55.798Z,5.505114953436,2026-09-05 13:11:55.798,1629.087777777778
Pulse experiments,pioreactor01,2026-09-05T07:27:00.799Z,5.505034410587,2026-09-05 13:12:00.799,1629.089166666667
Pulse experiments,pioreactor01,2026-09-05T07:27:05.798Z,5.504898085705,2026-09-05 13:12:05.798,1629.090555555556
Pulse experiments,pioreactor01,2026-09-05T07:27:10.798Z,5.5048131675,2026-09-05 13:12:10.798,1629.091944444444
Pulse experiments,pioreactor01,2026-09-05T07:27:15.799Z,5.50468774474,2026-09-05 13:12:15.799,1629.093333333333
Pulse experiments,pioreactor01,2026-09-05T07:27:20.799Z,5.504608608838,2026-09-05 13:12:20.799,1629.094722222222
Pulse experiments,pioreactor01,2026-09-05T07:27:25.798Z,5.504639917962,2026-09-05 13:12:25.798,1629.096111111111
Pulse experiments,pioreactor01,2026-09-05T07:27:35.799Z,5.504641898526,2026-09-05 13:12:35.799,1629.098888888889
Pulse experiments,pioreactor01,2026-09-05T07:27:40.800Z,5.504652472262,2026-09-05 13:12:40.800,1629.100277777778
Pulse experiments,pioreactor01,2026-09-05T07:27:45.799Z,5.504674680054,2026-09-05 13:12:45.799,1629.101666666667
Pulse experiments,pioreactor01,2026-09-05T07:27:55.798Z,5.504707301439,2026-09-05 13:12:55.798,1629.104444444444
Pulse experiments,pioreactor01,2026-09-05T07:28:00.799Z,5.504710414773,2026-09-05 13:13:00.799,1629.105833333333
Pulse experiments,pioreactor01,2026-09-05T07:28:05.799Z,5.50470608373,2026-09-05 13:13:05.799,1629.107222222222
Pulse experiments,pioreactor01,2026-09-05T07:28:10.800Z,5.504659721894,2026-09-05 13:13:10.800,1629.108611111111
Pulse experiments,pioreactor01,2026-09-05T07:28:15.799Z,5.504632898599,2026-09-05 13:13:15.799,1629.11
Pulse experiments,pioreactor01,2026-09-05T07:28:20.799Z,5.504636782774,2026-09-05 13:13:20.799,1629.111388888889
Pulse experiments,pioreactor01,2026-09-05T07:28:25.799Z,5.50456731296,2026-09-05 13:13:25.799,1629.112777777778
Pulse experiments,pioreactor01,2026-09-05T07:28:30.799Z,5.504588530104,2026-09-05 13:13:30.799,1629.114166666667
Pulse experiments,pioreactor01,2026-09-05T07:28:35.799Z,5.504654773307,2026-09-05 13:13:35.799,1629.115555555556
Pulse experiments,pioreactor01,2026-09-05T07:28:40.799Z,5.504685356602,2026-09-05 13:13:40.799,1629.116944444444
Pulse experiments,pioreactor01,2026-09-05T07:28:45.798Z,5.504615044745,2026-09-05 13:13:45.798,1629.118333333333
Pulse experiments,pioreactor01,2026-09-05T07:28:50.799Z,5.504602472163,2026-09-05 13:13:50.799,1629.119722222222
Pulse experiments,pioreactor01,2026-09-05T07:28:55.799Z,5.504556088654,2026-09-05 13:13:55.799,1629.121111111111
Pulse experiments,pioreactor01,2026-09-05T07:29:00.799Z,5.504529966955,2026-09-05 13:14:00.799,1629.1225
Pulse experiments,pioreactor01,2026-09-05T07:29:05.799Z,5.504517199229,2026-09-05 13:14:05.799,1629.123888888889
Pulse experiments,pioreactor01,2026-09-05T07:29:10.798Z,5.504519328667,2026-09-05 13:14:10.798,1629.125277777778
Pulse experiments,pioreactor01,2026-09-05T07:29:15.798Z,5.504528499607,2026-09-05 13:14:15.798,1629.126666666667
Pulse experiments,pioreactor01,2026-09-05T07:29:20.799Z,5.504542727302,2026-09-05 13:14:20.799,1629.128055555556
Pulse experiments,pioreactor01,2026-09-05T07:29:25.799Z,5.504516815876,2026-09-05 13:14:25.799,1629.129444444445
Pulse experiments,pioreactor01,2026-09-05T07:29:30.798Z,5.504469774593,2026-09-05 13:14:30.798,1629.130833333333
Pulse experiments,pioreactor01,2026-09-05T07:29:35.799Z,5.504506907319,2026-09-05 13:14:35.799,1629.132222222222
Pulse experiments,pioreactor01,2026-09-05T07:29:40.799Z,5.504521895621,2026-09-05 13:14:40.799,1629.133611111111
Pulse experiments,pioreactor01,2026-09-05T07:29:45.798Z,5.504473303084,2026-09-05 13:14:45.798,1629.135
Pulse experiments,pioreactor01,2026-09-05T07:29:50.798Z,5.504405686356,2026-09-05 13:14:50.798,1629.136388888889
Pulse experiments,pioreactor01,2026-09-05T07:29:55.799Z,5.504321440888,2026-09-05 13:14:55.799,1629.137777777778
Pulse experiments,pioreactor01,2026-09-05T07:30:00.798Z,5.504250224295,2026-09-05 13:15:00.798,1629.139166666667
Pulse experiments,pioreactor01,2026-09-05T07:30:05.799Z,5.504119933184,2026-09-05 13:15:05.799,1629.140555555555
Pulse experiments,pioreactor01,2026-09-05T07:30:10.799Z,5.504053108255,2026-09-05 13:15:10.799,1629.141944444444
Pulse experiments,pioreactor01,2026-09-05T07:30:15.802Z,5.504035873062,2026-09-05 13:15:15.802,1629.143333333333
Pulse experiments,pioreactor01,2026-09-05T07:30:20.799Z,5.504059348086,2026-09-05 13:15:20.799,1629.144722222222
Pulse experiments,pioreactor01,2026-09-05T07:30:25.798Z,5.504014676929,2026-09-05 13:15:25.798,1629.146111111111
Pulse experiments,pioreactor01,2026-09-05T07:30:30.798Z,5.50392723374,2026-09-05 13:15:30.798,1629.1475
Pulse experiments,pioreactor01,2026-09-05T07:30:40.799Z,5.503887991646,2026-09-05 13:15:40.799,1629.150277777778
Pulse experiments,pioreactor01,2026-09-05T07:30:45.798Z,5.503776897658,2026-09-05 13:15:45.798,1629.151666666667
Pulse experiments,pioreactor01,2026-09-05T07:30:50.799Z,5.503680076925,2026-09-05 13:15:50.799,1629.153055555556
Pulse experiments,pioreactor01,2026-09-05T07:30:55.800Z,5.503603681266,2026-09-05 13:15:55.800,1629.154444444444
Pulse experiments,pioreactor01,2026-09-05T07:31:00.799Z,5.503574173065,2026-09-05 13:16:00.799,1629.155833333333
Pulse experiments,pioreactor01,2026-09-05T07:31:05.799Z,5.503538220571,2026-09-05 13:16:05.799,1629.157222222222
Pulse experiments,pioreactor01,2026-09-05T07:31:10.800Z,5.503453083966,2026-09-05 13:16:10.800,1629.158611111111
Pulse experiments,pioreactor01,2026-09-05T07:31:15.799Z,5.503391527658,2026-09-05 13:16:15.799,1629.16
Pulse experiments,pioreactor01,2026-09-05T07:31:20.799Z,5.503397883396,2026-09-05 13:16:20.799,1629.161388888889
Pulse experiments,pioreactor01,2026-09-05T07:31:25.800Z,5.503474194913,2026-09-05 13:16:25.800,1629.162777777778
Pulse experiments,pioreactor01,2026-09-05T07:31:30.801Z,5.503399463826,2026-09-05 13:16:30.801,1629.164166666667
Pulse experiments,pioreactor01,2026-09-05T07:31:35.799Z,5.503238527774,2026-09-05 13:16:35.799,1629.165555555556
Pulse experiments,pioreactor01,2026-09-05T07:31:40.799Z,5.503047413463,2026-09-05 13:16:40.799,1629.166944444444
Pulse experiments,pioreactor01,2026-09-05T07:31:45.800Z,5.502933970517,2026-09-05 13:16:45.800,1629.168333333333
Pulse experiments,pioreactor01,2026-09-05T07:31:50.801Z,5.502875423992,2026-09-05 13:16:50.801,1629.169722222222
Pulse experiments,pioreactor01,2026-09-05T07:31:55.798Z,5.502799240675,2026-09-05 13:16:55.798,1629.171111111111
Pulse experiments,pioreactor01,2026-09-05T07:32:00.799Z,5.502724918379,2026-09-05 13:17:00.799,1629.1725
Pulse experiments,pioreactor01,2026-09-05T07:32:05.800Z,5.502701641125,2026-09-05 13:17:05.800,1629.173888888889
Pulse experiments,pioreactor01,2026-09-05T07:32:10.799Z,5.502707177269,2026-09-05 13:17:10.799,1629.175277777778
Pulse experiments,pioreactor01,2026-09-05T07:32:15.800Z,5.502714806058,2026-09-05 13:17:15.800,1629.176666666667
Pulse experiments,pioreactor01,2026-09-05T07:32:20.800Z,5.502744921339,2026-09-05 13:17:20.800,1629.178055555556
Pulse experiments,pioreactor01,2026-09-05T07:32:25.799Z,5.50274578856,2026-09-05 13:17:25.799,1629.179444444444
Pulse experiments,pioreactor01,2026-09-05T07:32:30.798Z,5.502642192247,2026-09-05 13:17:30.798,1629.180833333333
Pulse experiments,pioreactor01,2026-09-05T07:32:35.799Z,5.502515632303,2026-09-05 13:17:35.799,1629.182222222222
Pulse experiments,pioreactor01,2026-09-05T07:32:40.799Z,5.502412880433,2026-09-05 13:17:40.799,1629.183611111111
Pulse experiments,pioreactor01,2026-09-05T07:32:45.800Z,5.502353624217,2026-09-05 13:17:45.800,1629.185
Pulse experiments,pioreactor01,2026-09-05T07:32:50.799Z,5.502272849323,2026-09-05 13:17:50.799,1629.186388888889
Pulse experiments,pioreactor01,2026-09-05T07:32:55.799Z,5.502239103579,2026-09-05 13:17:55.799,1629.187777777778
Pulse experiments,pioreactor01,2026-09-05T07:33:00.798Z,5.502293001478,2026-09-05 13:18:00.798,1629.189166666667
Pulse experiments,pioreactor01,2026-09-05T07:33:05.799Z,5.502261608404,2026-09-05 13:18:05.799,1629.190555555556
Pulse experiments,pioreactor01,2026-09-05T07:33:10.799Z,5.502130932177,2026-09-05 13:18:10.799,1629.191944444445
Pulse experiments,pioreactor01,2026-09-05T07:33:15.799Z,5.502006688051,2026-09-05 13:18:15.799,1629.193333333333
Pulse experiments,pioreactor01,2026-09-05T07:33:20.799Z,5.502020292429,2026-09-05 13:18:20.799,1629.194722222222
Pulse experiments,pioreactor01,2026-09-05T07:33:25.798Z,5.502042158818,2026-09-05 13:18:25.798,1629.196111111111
Pulse experiments,pioreactor01,2026-09-05T07:33:30.799Z,5.502030265025,2026-09-05 13:18:30.799,1629.1975
Pulse experiments,pioreactor01,2026-09-05T07:33:35.799Z,5.501979016158,2026-09-05 13:18:35.799,1629.198888888889
Pulse experiments,pioreactor01,2026-09-05T07:33:40.799Z,5.501898652173,2026-09-05 13:18:40.799,1629.200277777778
Pulse experiments,pioreactor01,2026-09-05T07:33:45.798Z,5.501849943601,2026-09-05 13:18:45.798,1629.201666666667
Pulse experiments,pioreactor01,2026-09-05T07:33:50.801Z,5.501750377262,2026-09-05 13:18:50.801,1629.203055555555
Pulse experiments,pioreactor01,2026-09-05T07:33:55.799Z,5.501731582767,2026-09-05 13:18:55.799,1629.204444444444
Pulse experiments,pioreactor01,2026-09-05T07:34:00.799Z,5.50168206299,2026-09-05 13:19:00.799,1629.205833333333
Pulse experiments,pioreactor01,2026-09-05T07:34:05.799Z,5.501669224117,2026-09-05 13:19:05.799,1629.207222222222
Pulse experiments,pioreactor01,2026-09-05T07:34:10.799Z,5.501648365696,2026-09-05 13:19:10.799,1629.208611111111
Pulse experiments,pioreactor01,2026-09-05T07:34:15.798Z,5.501716986672,2026-09-05 13:19:15.798,1629.21
Pulse experiments,pioreactor01,2026-09-05T07:34:20.800Z,5.501741883564,2026-09-05 13:19:20.800,1629.211388888889
Pulse experiments,pioreactor01,2026-09-05T07:34:25.799Z,5.501704596246,2026-09-05 13:19:25.799,1629.212777777778
Pulse experiments,pioreactor01,2026-09-05T07:34:30.799Z,5.50162758355,2026-09-05 13:19:30.799,1629.214166666667
Pulse experiments,pioreactor01,2026-09-05T07:34:35.799Z,5.501604679651,2026-09-05 13:19:35.799,1629.215555555556
Pulse experiments,pioreactor01,2026-09-05T07:34:40.799Z,5.501571882197,2026-09-05 13:19:40.799,1629.216944444444
Pulse experiments,pioreactor01,2026-09-05T07:34:45.799Z,5.501637899029,2026-09-05 13:19:45.799,1629.218333333333
Pulse experiments,pioreactor01,2026-09-05T07:34:50.802Z,5.501549110653,2026-09-05 13:19:50.802,1629.219722222222
Pulse experiments,pioreactor01,2026-09-05T07:34:55.801Z,5.501494212666,2026-09-05 13:19:55.801,1629.221111111111
Pulse experiments,pioreactor01,2026-09-05T07:35:00.799Z,5.501433265329,2026-09-05 13:20:00.799,1629.2225
Pulse experiments,pioreactor01,2026-09-05T07:35:05.799Z,5.501412137249,2026-09-05 13:20:05.799,1629.223888888889
Pulse experiments,pioreactor01,2026-09-05T07:35:10.799Z,5.501288980418,2026-09-05 13:20:10.799,1629.225277777778
Pulse experiments,pioreactor01,2026-09-05T07:35:15.799Z,5.50121883263,2026-09-05 13:20:15.799,1629.226666666667
Pulse experiments,pioreactor01,2026-09-05T07:35:20.799Z,5.501206602302,2026-09-05 13:20:20.799,1629.228055555556
Pulse experiments,pioreactor01,2026-09-05T07:35:30.799Z,5.501101361931,2026-09-05 13:20:30.799,1629.230833333333
Pulse experiments,pioreactor01,2026-09-05T07:35:35.799Z,5.500998870444,2026-09-05 13:20:35.799,1629.232222222222
Pulse experiments,pioreactor01,2026-09-05T07:35:40.799Z,5.500995555681,2026-09-05 13:20:40.799,1629.233611111111
Pulse experiments,pioreactor01,2026-09-05T07:35:45.800Z,5.500988378577,2026-09-05 13:20:45.800,1629.235
Pulse experiments,pioreactor01,2026-09-05T07:35:50.800Z,5.500968292901,2026-09-05 13:20:50.800,1629.236388888889
Pulse experiments,pioreactor01,2026-09-05T07:35:55.798Z,5.500956316997,2026-09-05 13:20:55.798,1629.237777777778
Pulse experiments,pioreactor01,2026-09-05T07:36:00.798Z,5.500952687948,2026-09-05 13:21:00.798,1629.239166666667
Pulse experiments,pioreactor01,2026-09-05T07:36:05.799Z,5.500910214199,2026-09-05 13:21:05.799,1629.240555555556
Pulse experiments,pioreactor01,2026-09-05T07:36:10.798Z,5.500752158136,2026-09-05 13:21:10.798,1629.241944444444
Pulse experiments,pioreactor01,2026-09-05T07:36:15.799Z,5.500650166379,2026-09-05 13:21:15.799,1629.243333333333
Pulse experiments,pioreactor01,2026-09-05T07:36:20.801Z,5.500654264805,2026-09-05 13:21:20.801,1629.244722222222
Pulse experiments,pioreactor01,2026-09-05T07:36:25.799Z,5.50060154731,2026-09-05 13:21:25.799,1629.246111111111
Pulse experiments,pioreactor01,2026-09-05T07:36:30.800Z,5.50057511764,2026-09-05 13:21:30.800,1629.2475
Pulse experiments,pioreactor01,2026-09-05T07:36:35.799Z,5.500621185415,2026-09-05 13:21:35.799,1629.248888888889
Pulse experiments,pioreactor01,2026-09-05T07:36:40.799Z,5.500612257555,2026-09-05 13:21:40.799,1629.250277777778
Pulse experiments,pioreactor01,2026-09-05T07:36:45.799Z,5.500546208559,2026-09-05 13:21:45.799,1629.251666666667
Pulse experiments,pioreactor01,2026-09-05T07:36:50.801Z,5.500378672906,2026-09-05 13:21:50.801,1629.253055555556
Pulse experiments,pioreactor01,2026-09-05T07:36:55.800Z,5.500194268252,2026-09-05 13:21:55.800,1629.254444444445
Pulse experiments,pioreactor01,2026-09-05T07:37:00.799Z,5.499999963002,2026-09-05 13:22:00.799,1629.255833333333
Pulse experiments,pioreactor01,2026-09-05T07:37:05.799Z,5.499871122027,2026-09-05 13:22:05.799,1629.257222222222
Pulse experiments,pioreactor01,2026-09-05T07:37:10.800Z,5.499830246053,2026-09-05 13:22:10.800,1629.258611111111
Pulse experiments,pioreactor01,2026-09-05T07:37:15.800Z,5.49978736434,2026-09-05 13:22:15.800,1629.26
Pulse experiments,pioreactor01,2026-09-05T07:37:20.800Z,5.499698765832,2026-09-05 13:22:20.800,1629.261388888889
Pulse experiments,pioreactor01,2026-09-05T07:37:25.799Z,5.499678548323,2026-09-05 13:22:25.799,1629.262777777778
Pulse experiments,pioreactor01,2026-09-05T07:37:30.799Z,5.499603520049,2026-09-05 13:22:30.799,1629.264166666667
Pulse experiments,pioreactor01,2026-09-05T07:37:35.800Z,5.499599430417,2026-09-05 13:22:35.800,1629.265555555555
Pulse experiments,pioreactor01,2026-09-05T07:37:40.798Z,5.499499268112,2026-09-05 13:22:40.798,1629.266944444444
Pulse experiments,pioreactor01,2026-09-05T07:37:45.802Z,5.499391705072,2026-09-05 13:22:45.802,1629.268333333333
Pulse experiments,pioreactor01,2026-09-05T07:37:50.799Z,5.499257656807,2026-09-05 13:22:50.799,1629.269722222222
Pulse experiments,pioreactor01,2026-09-05T07:37:55.799Z,5.499122545544,2026-09-05 13:22:55.799,1629.271111111111
Pulse experiments,pioreactor01,2026-09-05T07:38:00.799Z,5.499141742197,2026-09-05 13:23:00.799,1629.2725
Pulse experiments,pioreactor01,2026-09-05T07:38:05.799Z,5.499123417498,2026-09-05 13:23:05.799,1629.273888888889
Pulse experiments,pioreactor01,2026-09-05T07:38:10.800Z,5.499063554612,2026-09-05 13:23:10.800,1629.275277777778
Pulse experiments,pioreactor01,2026-09-05T07:38:15.799Z,5.499079431309,2026-09-05 13:23:15.799,1629.276666666667
Pulse experiments,pioreactor01,2026-09-05T07:38:20.800Z,5.499047121244,2026-09-05 13:23:20.800,1629.278055555556
Pulse experiments,pioreactor01,2026-09-05T07:38:25.798Z,5.499047486128,2026-09-05 13:23:25.798,1629.279444444444
Pulse experiments,pioreactor01,2026-09-05T07:38:35.799Z,5.499060638495,2026-09-05 13:23:35.799,1629.282222222222
Pulse experiments,pioreactor01,2026-09-05T07:38:40.799Z,5.499062547749,2026-09-05 13:23:40.799,1629.283611111111
Pulse experiments,pioreactor01,2026-09-05T07:38:45.801Z,5.499013548846,2026-09-05 13:23:45.801,1629.285
Pulse experiments,pioreactor01,2026-09-05T07:38:50.801Z,5.499053064987,2026-09-05 13:23:50.801,1629.286388888889
Pulse experiments,pioreactor01,2026-09-05T07:38:55.799Z,5.498961572147,2026-09-05 13:23:55.799,1629.287777777778
Pulse experiments,pioreactor01,2026-09-05T07:39:00.799Z,5.498906590029,2026-09-05 13:24:00.799,1629.289166666667
Pulse experiments,pioreactor01,2026-09-05T07:39:05.798Z,5.498929978671,2026-09-05 13:24:05.798,1629.290555555556
Pulse experiments,pioreactor01,2026-09-05T07:39:10.798Z,5.498913549574,2026-09-05 13:24:10.798,1629.291944444444
Pulse experiments,pioreactor01,2026-09-05T07:39:15.799Z,5.498816557428,2026-09-05 13:24:15.799,1629.293333333333
Pulse experiments,pioreactor01,2026-09-05T07:39:20.800Z,5.498655482639,2026-09-05 13:24:20.800,1629.294722222222
Pulse experiments,pioreactor01,2026-09-05T07:39:25.799Z,5.498546990419,2026-09-05 13:24:25.799,1629.296111111111
Pulse experiments,pioreactor01,2026-09-05T07:39:30.799Z,5.498504796903,2026-09-05 13:24:30.799,1629.2975
Pulse experiments,pioreactor01,2026-09-05T07:39:35.799Z,5.498422947619,2026-09-05 13:24:35.799,1629.298888888889
Pulse experiments,pioreactor01,2026-09-05T07:39:40.799Z,5.498379234711,2026-09-05 13:24:40.799,1629.300277777778
Pulse experiments,pioreactor01,2026-09-05T07:39:45.799Z,5.498373112295,2026-09-05 13:24:45.799,1629.301666666667
Pulse experiments,pioreactor01,2026-09-05T07:39:50.800Z,5.498393955497,2026-09-05 13:24:50.800,1629.303055555556
Pulse experiments,pioreactor01,2026-09-05T07:39:55.799Z,5.498342763915,2026-09-05 13:24:55.799,1629.304444444444
Pulse experiments,pioreactor01,2026-09-05T07:40:00.799Z,5.498280813587,2026-09-05 13:25:00.799,1629.305833333333
Pulse experiments,pioreactor01,2026-09-05T07:40:05.800Z,5.498282734648,2026-09-05 13:25:05.800,1629.307222222222
Pulse experiments,pioreactor01,2026-09-05T07:40:10.798Z,5.498273026872,2026-09-05 13:25:10.798,1629.308611111111
Pulse experiments,pioreactor01,2026-09-05T07:40:15.799Z,5.498202295679,2026-09-05 13:25:15.799,1629.31
Pulse experiments,pioreactor01,2026-09-05T07:40:20.802Z,5.498112089326,2026-09-05 13:25:20.802,1629.311388888889
Pulse experiments,pioreactor01,2026-09-05T07:40:25.800Z,5.498006351457,2026-09-05 13:25:25.800,1629.312777777778
Pulse experiments,pioreactor01,2026-09-05T07:40:30.799Z,5.497961409059,2026-09-05 13:25:30.799,1629.314166666667
Pulse experiments,pioreactor01,2026-09-05T07:40:35.799Z,5.497967653475,2026-09-05 13:25:35.799,1629.315555555556
Pulse experiments,pioreactor01,2026-09-05T07:40:40.798Z,5.497783529082,2026-09-05 13:25:40.798,1629.316944444445
Pulse experiments,pioreactor01,2026-09-05T07:40:45.799Z,5.497786044293,2026-09-05 13:25:45.799,1629.318333333333
Pulse experiments,pioreactor01,2026-09-05T07:40:50.800Z,5.497821992829,2026-09-05 13:25:50.800,1629.319722222222
Pulse experiments,pioreactor01,2026-09-05T07:40:55.800Z,5.497709497957,2026-09-05 13:25:55.800,1629.321111111111
Pulse experiments,pioreactor01,2026-09-05T07:41:00.798Z,5.49764293398,2026-09-05 13:26:00.798,1629.3225
Pulse experiments,pioreactor01,2026-09-05T07:41:05.799Z,5.497568557894,2026-09-05 13:26:05.799,1629.323888888889
Pulse experiments,pioreactor01,2026-09-05T07:41:15.799Z,5.497460173428,2026-09-05 13:26:15.799,1629.326666666667
Pulse experiments,pioreactor01,2026-09-05T07:41:20.800Z,5.497325658194,2026-09-05 13:26:20.800,1629.328055555555
Pulse experiments,pioreactor01,2026-09-05T07:41:25.798Z,5.497308470442,2026-09-05 13:26:25.798,1629.329444444444
Pulse experiments,pioreactor01,2026-09-05T07:41:30.801Z,5.497350039869,2026-09-05 13:26:30.801,1629.330833333333
Pulse experiments,pioreactor01,2026-09-05T07:41:35.799Z,5.497306166719,2026-09-05 13:26:35.799,1629.332222222222
Pulse experiments,pioreactor01,2026-09-05T07:41:40.799Z,5.497294654686,2026-09-05 13:26:40.799,1629.333611111111
Pulse experiments,pioreactor01,2026-09-05T07:41:45.799Z,5.497313885884,2026-09-05 13:26:45.799,1629.335
Pulse experiments,pioreactor01,2026-09-05T07:41:50.799Z,5.497316619636,2026-09-05 13:26:50.799,1629.336388888889
Pulse experiments,pioreactor01,2026-09-05T07:41:55.799Z,5.497273575528,2026-09-05 13:26:55.799,1629.337777777778
Pulse experiments,pioreactor01,2026-09-05T07:42:00.798Z,5.497256404215,2026-09-05 13:27:00.798,1629.339166666667
Pulse experiments,pioreactor01,2026-09-05T07:42:05.798Z,5.497356699605,2026-09-05 13:27:05.798,1629.340555555556
Pulse experiments,pioreactor01,2026-09-05T07:42:10.799Z,5.497384436798,2026-09-05 13:27:10.799,1629.341944444444
Pulse experiments,pioreactor01,2026-09-05T07:42:15.799Z,5.497370394932,2026-09-05 13:27:15.799,1629.343333333333
Pulse experiments,pioreactor01,2026-09-05T07:42:20.799Z,5.497404237771,2026-09-05 13:27:20.799,1629.344722222222
Pulse experiments,pioreactor01,2026-09-05T07:42:25.800Z,5.497410218468,2026-09-05 13:27:25.800,1629.346111111111
Pulse experiments,pioreactor01,2026-09-05T07:42:30.799Z,5.497346040171,2026-09-05 13:27:30.799,1629.3475
Pulse experiments,pioreactor01,2026-09-05T07:42:35.799Z,5.49729893052,2026-09-05 13:27:35.799,1629.348888888889
Pulse experiments,pioreactor01,2026-09-05T07:42:40.798Z,5.497251493955,2026-09-05 13:27:40.798,1629.350277777778
Pulse experiments,pioreactor01,2026-09-05T07:42:45.799Z,5.497136427222,2026-09-05 13:27:45.799,1629.351666666667
Pulse experiments,pioreactor01,2026-09-05T07:42:50.802Z,5.497112423154,2026-09-05 13:27:50.802,1629.353055555556
Pulse experiments,pioreactor01,2026-09-05T07:42:55.798Z,5.497014969427,2026-09-05 13:27:55.798,1629.354444444444
Pulse experiments,pioreactor01,2026-09-05T07:43:00.799Z,5.49688082751,2026-09-05 13:28:00.799,1629.355833333333
Pulse experiments,pioreactor01,2026-09-05T07:43:05.799Z,5.496751346054,2026-09-05 13:28:05.799,1629.357222222222
Pulse experiments,pioreactor01,2026-09-05T07:43:10.798Z,5.49675923214,2026-09-05 13:28:10.798,1629.358611111111
Pulse experiments,pioreactor01,2026-09-05T07:43:15.800Z,5.496761735662,2026-09-05 13:28:15.800,1629.36
Pulse experiments,pioreactor01,2026-09-05T07:43:20.799Z,5.496692581962,2026-09-05 13:28:20.799,1629.361388888889
Pulse experiments,pioreactor01,2026-09-05T07:43:25.798Z,5.496667389859,2026-09-05 13:28:25.798,1629.362777777778
Pulse experiments,pioreactor01,2026-09-05T07:43:30.799Z,5.496658851089,2026-09-05 13:28:30.799,1629.364166666667
Pulse experiments,pioreactor01,2026-09-05T07:43:35.798Z,5.496588334612,2026-09-05 13:28:35.798,1629.365555555556
Pulse experiments,pioreactor01,2026-09-05T07:43:40.798Z,5.496566913957,2026-09-05 13:28:40.798,1629.366944444444
Pulse experiments,pioreactor01,2026-09-05T07:43:45.799Z,5.49652148274,2026-09-05 13:28:45.799,1629.368333333333
Pulse experiments,pioreactor01,2026-09-05T07:43:50.800Z,5.496409132915,2026-09-05 13:28:50.800,1629.369722222222
Pulse experiments,pioreactor01,2026-09-05T07:43:55.798Z,5.496375812231,2026-09-05 13:28:55.798,1629.371111111111
Pulse experiments,pioreactor01,2026-09-05T07:44:00.799Z,5.496250588504,2026-09-05 13:29:00.799,1629.3725
Pulse experiments,pioreactor01,2026-09-05T07:44:05.799Z,5.496275964424,2026-09-05 13:29:05.799,1629.373888888889
Pulse experiments,pioreactor01,2026-09-05T07:44:10.798Z,5.496231526569,2026-09-05 13:29:10.798,1629.375277777778
Pulse experiments,pioreactor01,2026-09-05T07:44:15.802Z,5.49602863216,2026-09-05 13:29:15.802,1629.376666666667
Pulse experiments,pioreactor01,2026-09-05T07:44:20.800Z,5.495883416027,2026-09-05 13:29:20.800,1629.378055555556
Pulse experiments,pioreactor01,2026-09-05T07:44:25.798Z,5.495828888013,2026-09-05 13:29:25.798,1629.379444444445
Pulse experiments,pioreactor01,2026-09-05T07:44:30.799Z,5.495848161283,2026-09-05 13:29:30.799,1629.380833333333
Pulse experiments,pioreactor01,2026-09-05T07:44:35.800Z,5.495825491358,2026-09-05 13:29:35.800,1629.382222222222
Pulse experiments,pioreactor01,2026-09-05T07:44:40.799Z,5.495694125225,2026-09-05 13:29:40.799,1629.383611111111
Pulse experiments,pioreactor01,2026-09-05T07:44:45.799Z,5.49567653753,2026-09-05 13:29:45.799,1629.385
Pulse experiments,pioreactor01,2026-09-05T07:44:50.801Z,5.495678686597,2026-09-05 13:29:50.801,1629.386388888889
Pulse experiments,pioreactor01,2026-09-05T07:44:55.799Z,5.495663104605,2026-09-05 13:29:55.799,1629.387777777778
Pulse experiments,pioreactor01,2026-09-05T07:45:00.798Z,5.495575480289,2026-09-05 13:30:00.798,1629.389166666667
Pulse experiments,pioreactor01,2026-09-05T07:45:05.798Z,5.495581038114,2026-09-05 13:30:05.798,1629.390555555555
Pulse experiments,pioreactor01,2026-09-05T07:45:10.799Z,5.495524595504,2026-09-05 13:30:10.799,1629.391944444444
Pulse experiments,pioreactor01,2026-09-05T07:45:15.799Z,5.495491151065,2026-09-05 13:30:15.799,1629.393333333333
Pulse experiments,pioreactor01,2026-09-05T07:45:20.800Z,5.495464910822,2026-09-05 13:30:20.800,1629.394722222222
Pulse experiments,pioreactor01,2026-09-05T07:45:25.798Z,5.495468552698,2026-09-05 13:30:25.798,1629.396111111111
Pulse experiments,pioreactor01,2026-09-05T07:45:30.799Z,5.495466623071,2026-09-05 13:30:30.799,1629.3975
Pulse experiments,pioreactor01,2026-09-05T07:45:35.799Z,5.495438232166,2026-09-05 13:30:35.799,1629.398888888889
Pulse experiments,pioreactor01,2026-09-05T07:45:40.798Z,5.495478148556,2026-09-05 13:30:40.798,1629.400277777778
Pulse experiments,pioreactor01,2026-09-05T07:45:45.799Z,5.49544230891,2026-09-05 13:30:45.799,1629.401666666667
Pulse experiments,pioreactor01,2026-09-05T07:45:50.800Z,5.495479720758,2026-09-05 13:30:50.800,1629.403055555556
Pulse experiments,pioreactor01,2026-09-05T07:45:55.800Z,5.495416369455,2026-09-05 13:30:55.800,1629.404444444444
Pulse experiments,pioreactor01,2026-09-05T07:46:00.798Z,5.495309425746,2026-09-05 13:31:00.798,1629.405833333333
Pulse experiments,pioreactor01,2026-09-05T07:46:05.801Z,5.495249784321,2026-09-05 13:31:05.801,1629.407222222222
Pulse experiments,pioreactor01,2026-09-05T07:46:10.799Z,5.495203956759,2026-09-05 13:31:10.799,1629.408611111111
Pulse experiments,pioreactor01,2026-09-05T07:46:15.799Z,5.495123425504,2026-09-05 13:31:15.799,1629.41
Pulse experiments,pioreactor01,2026-09-05T07:46:20.800Z,5.495084777128,2026-09-05 13:31:20.800,1629.411388888889
Pulse experiments,pioreactor01,2026-09-05T07:46:25.798Z,5.495021609732,2026-09-05 13:31:25.798,1629.412777777778
Pulse experiments,pioreactor01,2026-09-05T07:46:30.799Z,5.494941670409,2026-09-05 13:31:30.799,1629.414166666667
Pulse experiments,pioreactor01,2026-09-05T07:46:35.799Z,5.494944209893,2026-09-05 13:31:35.799,1629.415555555556
Pulse experiments,pioreactor01,2026-09-05T07:46:40.800Z,5.494927228238,2026-09-05 13:31:40.800,1629.416944444444
Pulse experiments,pioreactor01,2026-09-05T07:46:45.800Z,5.494947691899,2026-09-05 13:31:45.800,1629.418333333333
Pulse experiments,pioreactor01,2026-09-05T07:46:50.798Z,5.494922838298,2026-09-05 13:31:50.798,1629.419722222222
Pulse experiments,pioreactor01,2026-09-05T07:46:55.799Z,5.494756730495,2026-09-05 13:31:55.799,1629.421111111111
Pulse experiments,pioreactor01,2026-09-05T07:47:00.800Z,5.494593738833,2026-09-05 13:32:00.800,1629.4225
Pulse experiments,pioreactor01,2026-09-05T07:47:05.799Z,5.494501167342,2026-09-05 13:32:05.799,1629.423888888889
Pulse experiments,pioreactor01,2026-09-05T07:47:10.798Z,5.494355851692,2026-09-05 13:32:10.798,1629.425277777778
Pulse experiments,pioreactor01,2026-09-05T07:47:15.799Z,5.494215196404,2026-09-05 13:32:15.799,1629.426666666667
Pulse experiments,pioreactor01,2026-09-05T07:47:20.799Z,5.494129800494,2026-09-05 13:32:20.799,1629.428055555556
Pulse experiments,pioreactor01,2026-09-05T07:47:25.798Z,5.494133338527,2026-09-05 13:32:25.798,1629.429444444444
Pulse experiments,pioreactor01,2026-09-05T07:47:30.800Z,5.494015516227,2026-09-05 13:32:30.800,1629.430833333333
Pulse experiments,pioreactor01,2026-09-05T07:47:35.799Z,5.493798186864,2026-09-05 13:32:35.799,1629.432222222222
Pulse experiments,pioreactor01,2026-09-05T07:47:40.801Z,5.493581317375,2026-09-05 13:32:40.801,1629.433611111111
Pulse experiments,pioreactor01,2026-09-05T07:47:45.799Z,5.493492298288,2026-09-05 13:32:45.799,1629.435
Pulse experiments,pioreactor01,2026-09-05T07:47:50.799Z,5.493407403183,2026-09-05 13:32:50.799,1629.436388888889
Pulse experiments,pioreactor01,2026-09-05T07:47:55.799Z,5.493306622183,2026-09-05 13:32:55.799,1629.437777777778
Pulse experiments,pioreactor01,2026-09-05T07:48:00.799Z,5.493109498367,2026-09-05 13:33:00.799,1629.439166666667
Pulse experiments,pioreactor01,2026-09-05T07:48:05.798Z,5.4929987568,2026-09-05 13:33:05.798,1629.440555555556
Pulse experiments,pioreactor01,2026-09-05T07:48:10.799Z,5.492834679594,2026-09-05 13:33:10.799,1629.441944444445
Pulse experiments,pioreactor01,2026-09-05T07:48:15.798Z,5.492711755405,2026-09-05 13:33:15.798,1629.443333333333
Pulse experiments,pioreactor01,2026-09-05T07:48:20.799Z,5.492656941695,2026-09-05 13:33:20.799,1629.444722222222
Pulse experiments,pioreactor01,2026-09-05T07:48:25.798Z,5.492604796665,2026-09-05 13:33:25.798,1629.446111111111
Pulse experiments,pioreactor01,2026-09-05T07:48:30.799Z,5.492493136226,2026-09-05 13:33:30.799,1629.4475
Pulse experiments,pioreactor01,2026-09-05T07:48:35.799Z,5.492402922533,2026-09-05 13:33:35.799,1629.448888888889
Pulse experiments,pioreactor01,2026-09-05T07:48:40.798Z,5.492409791542,2026-09-05 13:33:40.798,1629.450277777778
Pulse experiments,pioreactor01,2026-09-05T07:48:45.798Z,5.492431682135,2026-09-05 13:33:45.798,1629.451666666667
Pulse experiments,pioreactor01,2026-09-05T07:48:50.800Z,5.492383208392,2026-09-05 13:33:50.800,1629.453055555555
Pulse experiments,pioreactor01,2026-09-05T07:48:55.800Z,5.492224892,2026-09-05 13:33:55.800,1629.454444444444
Pulse experiments,pioreactor01,2026-09-05T07:49:00.798Z,5.492037389234,2026-09-05 13:34:00.798,1629.455833333333
Pulse experiments,pioreactor01,2026-09-05T07:49:05.799Z,5.491976726392,2026-09-05 13:34:05.799,1629.457222222222
Pulse experiments,pioreactor01,2026-09-05T07:49:10.800Z,5.491854043215,2026-09-05 13:34:10.800,1629.458611111111
Pulse experiments,pioreactor01,2026-09-05T07:49:15.800Z,5.491774681498,2026-09-05 13:34:15.800,1629.46
Pulse experiments,pioreactor01,2026-09-05T07:49:20.801Z,5.491716960294,2026-09-05 13:34:20.801,1629.461388888889
Pulse experiments,pioreactor01,2026-09-05T07:49:25.799Z,5.491710075565,2026-09-05 13:34:25.799,1629.462777777778
Pulse experiments,pioreactor01,2026-09-05T07:49:30.801Z,5.491677758282,2026-09-05 13:34:30.801,1629.464166666667
Pulse experiments,pioreactor01,2026-09-05T07:49:35.799Z,5.491571978127,2026-09-05 13:34:35.799,1629.465555555556
Pulse experiments,pioreactor01,2026-09-05T07:49:40.799Z,5.491596880118,2026-09-05 13:34:40.799,1629.466944444444
Pulse experiments,pioreactor01,2026-09-05T07:49:45.799Z,5.491636933019,2026-09-05 13:34:45.799,1629.468333333333
Pulse experiments,pioreactor01,2026-09-05T07:49:50.798Z,5.491653618887,2026-09-05 13:34:50.798,1629.469722222222
Pulse experiments,pioreactor01,2026-09-05T07:49:55.799Z,5.491632358309,2026-09-05 13:34:55.799,1629.471111111111
Pulse experiments,pioreactor01,2026-09-05T07:50:00.799Z,5.491590178089,2026-09-05 13:35:00.799,1629.4725
Pulse experiments,pioreactor01,2026-09-05T07:50:05.801Z,5.491459145912,2026-09-05 13:35:05.801,1629.473888888889
Pulse experiments,pioreactor01,2026-09-05T07:50:15.799Z,5.491402231242,2026-09-05 13:35:15.799,1629.476666666667
Pulse experiments,pioreactor01,2026-09-05T07:50:20.799Z,5.491462507364,2026-09-05 13:35:20.799,1629.478055555556
Pulse experiments,pioreactor01,2026-09-05T07:50:25.799Z,5.491399144289,2026-09-05 13:35:25.799,1629.479444444444
Pulse experiments,pioreactor01,2026-09-05T07:50:30.798Z,5.491266001915,2026-09-05 13:35:30.798,1629.480833333333
Pulse experiments,pioreactor01,2026-09-05T07:50:35.798Z,5.491307841071,2026-09-05 13:35:35.798,1629.482222222222
Pulse experiments,pioreactor01,2026-09-05T07:50:40.798Z,5.49129122999,2026-09-05 13:35:40.798,1629.483611111111
Pulse experiments,pioreactor01,2026-09-05T07:50:45.799Z,5.49123294407,2026-09-05 13:35:45.799,1629.485
Pulse experiments,pioreactor01,2026-09-05T07:50:50.799Z,5.491232522811,2026-09-05 13:35:50.799,1629.486388888889
Pulse experiments,pioreactor01,2026-09-05T07:51:00.799Z,5.491101273394,2026-09-05 13:36:00.799,1629.489166666667
Pulse experiments,pioreactor01,2026-09-05T07:51:10.799Z,5.491078867844,2026-09-05 13:36:10.799,1629.491944444444
Pulse experiments,pioreactor01,2026-09-05T07:51:15.799Z,5.491042356782,2026-09-05 13:36:15.799,1629.493333333333
Pulse experiments,pioreactor01,2026-09-05T07:51:20.799Z,5.491021625219,2026-09-05 13:36:20.799,1629.494722222222
Pulse experiments,pioreactor01,2026-09-05T07:51:25.799Z,5.491057270724,2026-09-05 13:36:25.799,1629.496111111111
Pulse experiments,pioreactor01,2026-09-05T07:51:30.798Z,5.490977114132,2026-09-05 13:36:30.798,1629.4975
Pulse experiments,pioreactor01,2026-09-05T07:51:35.800Z,5.490960281246,2026-09-05 13:36:35.800,1629.498888888889
Pulse experiments,pioreactor01,2026-09-05T07:51:40.798Z,5.490902376623,2026-09-05 13:36:40.798,1629.500277777778
Pulse experiments,pioreactor01,2026-09-05T07:51:45.799Z,5.490966582137,2026-09-05 13:36:45.799,1629.501666666667
Pulse experiments,pioreactor01,2026-09-05T07:51:50.799Z,5.490959987681,2026-09-05 13:36:50.799,1629.503055555556
Pulse experiments,pioreactor01,2026-09-05T07:51:55.799Z,5.490910384475,2026-09-05 13:36:55.799,1629.504444444445
Pulse experiments,pioreactor01,2026-09-05T07:52:00.800Z,5.491022116157,2026-09-05 13:37:00.800,1629.505833333333
Pulse experiments,pioreactor01,2026-09-05T07:52:05.799Z,5.491006970175,2026-09-05 13:37:05.799,1629.507222222222
Pulse experiments,pioreactor01,2026-09-05T07:52:10.798Z,5.491034599639,2026-09-05 13:37:10.798,1629.508611111111
Pulse experiments,pioreactor01,2026-09-05T07:52:15.799Z,5.491109026515,2026-09-05 13:37:15.799,1629.51
Pulse experiments,pioreactor01,2026-09-05T07:52:20.800Z,5.491163847791,2026-09-05 13:37:20.800,1629.511388888889
Pulse experiments,pioreactor01,2026-09-05T07:52:25.799Z,5.491218457398,2026-09-05 13:37:25.799,1629.512777777778
Pulse experiments,pioreactor01,2026-09-05T07:52:30.799Z,5.49137228142,2026-09-05 13:37:30.799,1629.514166666667
Pulse experiments,pioreactor01,2026-09-05T07:52:35.799Z,5.491376115247,2026-09-05 13:37:35.799,1629.515555555555
Pulse experiments,pioreactor01,2026-09-05T07:52:40.799Z,5.491396124761,2026-09-05 13:37:40.799,1629.516944444444
Pulse experiments,pioreactor01,2026-09-05T07:52:50.800Z,5.491309200588,2026-09-05 13:37:50.800,1629.519722222222
Pulse experiments,pioreactor01,2026-09-05T07:52:55.800Z,5.49122828963,2026-09-05 13:37:55.800,1629.521111111111
Pulse experiments,pioreactor01,2026-09-05T07:53:00.798Z,5.491155174075,2026-09-05 13:38:00.798,1629.5225
Pulse experiments,pioreactor01,2026-09-05T07:53:05.798Z,5.491126574447,2026-09-05 13:38:05.798,1629.523888888889
Pulse experiments,pioreactor01,2026-09-05T07:53:10.799Z,5.490994014462,2026-09-05 13:38:10.799,1629.525277777778
Pulse experiments,pioreactor01,2026-09-05T07:53:15.799Z,5.490948439313,2026-09-05 13:38:15.799,1629.526666666667
Pulse experiments,pioreactor01,2026-09-05T07:53:20.798Z,5.490898063351,2026-09-05 13:38:20.798,1629.528055555556
Pulse experiments,pioreactor01,2026-09-05T07:53:25.798Z,5.490831323294,2026-09-05 13:38:25.798,1629.529444444444
Pulse experiments,pioreactor01,2026-09-05T07:53:30.799Z,5.490678544802,2026-09-05 13:38:30.799,1629.530833333333
Pulse experiments,pioreactor01,2026-09-05T07:53:35.799Z,5.49062278023,2026-09-05 13:38:35.799,1629.532222222222
Pulse experiments,pioreactor01,2026-09-05T07:53:40.799Z,5.490533936891,2026-09-05 13:38:40.799,1629.533611111111
Pulse experiments,pioreactor01,2026-09-05T07:53:45.800Z,5.490451394111,2026-09-05 13:38:45.800,1629.535
Pulse experiments,pioreactor01,2026-09-05T07:53:50.800Z,5.490327416961,2026-09-05 13:38:50.800,1629.536388888889
Pulse experiments,pioreactor01,2026-09-05T07:53:55.798Z,5.490300142928,2026-09-05 13:38:55.798,1629.537777777778
Pulse experiments,pioreactor01,2026-09-05T07:54:00.799Z,5.490341580022,2026-09-05 13:39:00.799,1629.539166666667
Pulse experiments,pioreactor01,2026-09-05T07:54:05.799Z,5.490251764139,2026-09-05 13:39:05.799,1629.540555555556
Pulse experiments,pioreactor01,2026-09-05T07:54:10.799Z,5.49016813514,2026-09-05 13:39:10.799,1629.541944444444
Pulse experiments,pioreactor01,2026-09-05T07:54:15.799Z,5.490094990975,2026-09-05 13:39:15.799,1629.543333333333
Pulse experiments,pioreactor01,2026-09-05T07:54:20.800Z,5.49011753415,2026-09-05 13:39:20.800,1629.544722222222
Pulse experiments,pioreactor01,2026-09-05T07:54:25.799Z,5.490068731693,2026-09-05 13:39:25.799,1629.546111111111
Pulse experiments,pioreactor01,2026-09-05T07:54:30.799Z,5.490094005093,2026-09-05 13:39:30.799,1629.5475
Pulse experiments,pioreactor01,2026-09-05T07:54:35.798Z,5.490119636868,2026-09-05 13:39:35.798,1629.548888888889
Pulse experiments,pioreactor01,2026-09-05T07:54:40.799Z,5.490089518546,2026-09-05 13:39:40.799,1629.550277777778
Pulse experiments,pioreactor01,2026-09-05T07:54:45.798Z,5.490122208976,2026-09-05 13:39:45.798,1629.551666666667
Pulse experiments,pioreactor01,2026-09-05T07:54:55.798Z,5.49010733415,2026-09-05 13:39:55.798,1629.554444444444
Pulse experiments,pioreactor01,2026-09-05T07:55:00.800Z,5.49006064412,2026-09-05 13:40:00.800,1629.555833333333
Pulse experiments,pioreactor01,2026-09-05T07:55:05.800Z,5.490016024558,2026-09-05 13:40:05.800,1629.557222222222
Pulse experiments,pioreactor01,2026-09-05T07:55:10.799Z,5.489979625811,2026-09-05 13:40:10.799,1629.558611111111
Pulse experiments,pioreactor01,2026-09-05T07:55:15.799Z,5.489958996352,2026-09-05 13:40:15.799,1629.56
Pulse experiments,pioreactor01,2026-09-05T07:55:20.799Z,5.489884662946,2026-09-05 13:40:20.799,1629.561388888889
Pulse experiments,pioreactor01,2026-09-05T07:55:25.800Z,5.489808612004,2026-09-05 13:40:25.800,1629.562777777778
Pulse experiments,pioreactor01,2026-09-05T07:55:30.799Z,5.48977215313,2026-09-05 13:40:30.799,1629.564166666667
Pulse experiments,pioreactor01,2026-09-05T07:55:35.798Z,5.489774649527,2026-09-05 13:40:35.798,1629.565555555556
Pulse experiments,pioreactor01,2026-09-05T07:55:40.800Z,5.489758923433,2026-09-05 13:40:40.800,1629.566944444445
Pulse experiments,pioreactor01,2026-09-05T07:55:45.799Z,5.489747460037,2026-09-05 13:40:45.799,1629.568333333333
Pulse experiments,pioreactor01,2026-09-05T07:55:50.799Z,5.489749177655,2026-09-05 13:40:50.799,1629.569722222222
Pulse experiments,pioreactor01,2026-09-05T07:55:55.799Z,5.489732747654,2026-09-05 13:40:55.799,1629.571111111111
Pulse experiments,pioreactor01,2026-09-05T07:56:00.798Z,5.489782045013,2026-09-05 13:41:00.798,1629.5725
Pulse experiments,pioreactor01,2026-09-05T07:56:05.798Z,5.489790342549,2026-09-05 13:41:05.798,1629.573888888889
Pulse experiments,pioreactor01,2026-09-05T07:56:10.799Z,5.489760554257,2026-09-05 13:41:10.799,1629.575277777778
Pulse experiments,pioreactor01,2026-09-05T07:56:15.799Z,5.48964080295,2026-09-05 13:41:15.799,1629.576666666667
Pulse experiments,pioreactor01,2026-09-05T07:56:20.799Z,5.489545529193,2026-09-05 13:41:20.799,1629.578055555555
Pulse experiments,pioreactor01,2026-09-05T07:56:25.799Z,5.489511273306,2026-09-05 13:41:25.799,1629.579444444444
Pulse experiments,pioreactor01,2026-09-05T07:56:30.799Z,5.489428346894,2026-09-05 13:41:30.799,1629.580833333333
Pulse experiments,pioreactor01,2026-09-05T07:56:35.799Z,5.489439065842,2026-09-05 13:41:35.799,1629.582222222222
Pulse experiments,pioreactor01,2026-09-05T07:56:40.798Z,5.489419840698,2026-09-05 13:41:40.798,1629.583611111111
Pulse experiments,pioreactor01,2026-09-05T07:56:45.798Z,5.489369192189,2026-09-05 13:41:45.798,1629.585
Pulse experiments,pioreactor01,2026-09-05T07:56:50.799Z,5.489327738643,2026-09-05 13:41:50.799,1629.586388888889
Pulse experiments,pioreactor01,2026-09-05T07:56:55.802Z,5.48928478235,2026-09-05 13:41:55.802,1629.587777777778
Pulse experiments,pioreactor01,2026-09-05T07:57:00.798Z,5.489299621556,2026-09-05 13:42:00.798,1629.589166666667
Pulse experiments,pioreactor01,2026-09-05T07:57:05.799Z,5.489355168359,2026-09-05 13:42:05.799,1629.590555555556
Pulse experiments,pioreactor01,2026-09-05T07:57:10.798Z,5.489370684806,2026-09-05 13:42:10.798,1629.591944444444
Pulse experiments,pioreactor01,2026-09-05T07:57:15.798Z,5.489410961992,2026-09-05 13:42:15.798,1629.593333333333
Pulse experiments,pioreactor01,2026-09-05T07:57:20.799Z,5.48938974943,2026-09-05 13:42:20.799,1629.594722222222
Pulse experiments,pioreactor01,2026-09-05T07:57:25.798Z,5.489404002126,2026-09-05 13:42:25.798,1629.596111111111
Pulse experiments,pioreactor01,2026-09-05T07:57:30.799Z,5.489437133906,2026-09-05 13:42:30.799,1629.5975
Pulse experiments,pioreactor01,2026-09-05T07:57:35.799Z,5.489527295919,2026-09-05 13:42:35.799,1629.598888888889
Pulse experiments,pioreactor01,2026-09-05T07:57:40.799Z,5.489567702575,2026-09-05 13:42:40.799,1629.600277777778
Pulse experiments,pioreactor01,2026-09-05T07:57:45.799Z,5.489620101303,2026-09-05 13:42:45.799,1629.601666666667
Pulse experiments,pioreactor01,2026-09-05T07:57:55.799Z,5.489602185819,2026-09-05 13:42:55.799,1629.604444444444
Pulse experiments,pioreactor01,2026-09-05T07:58:00.799Z,5.489600727409,2026-09-05 13:43:00.799,1629.605833333333
Pulse experiments,pioreactor01,2026-09-05T07:58:05.798Z,5.489608884156,2026-09-05 13:43:05.798,1629.607222222222
Pulse experiments,pioreactor01,2026-09-05T07:58:10.799Z,5.489480112773,2026-09-05 13:43:10.799,1629.608611111111
Pulse experiments,pioreactor01,2026-09-05T07:58:15.799Z,5.489345738306,2026-09-05 13:43:15.799,1629.61
Pulse experiments,pioreactor01,2026-09-05T07:58:20.799Z,5.489215364773,2026-09-05 13:43:20.799,1629.611388888889
Pulse experiments,pioreactor01,2026-09-05T07:58:25.798Z,5.489166331665,2026-09-05 13:43:25.798,1629.612777777778
Pulse experiments,pioreactor01,2026-09-05T07:58:30.799Z,5.489152912401,2026-09-05 13:43:30.799,1629.614166666667
Pulse experiments,pioreactor01,2026-09-05T07:58:35.798Z,5.489045302803,2026-09-05 13:43:35.798,1629.615555555556
Pulse experiments,pioreactor01,2026-09-05T07:58:45.799Z,5.488985613904,2026-09-05 13:43:45.799,1629.618333333333
Pulse experiments,pioreactor01,2026-09-05T07:58:50.799Z,5.488972528616,2026-09-05 13:43:50.799,1629.619722222222
Pulse experiments,pioreactor01,2026-09-05T07:58:55.798Z,5.489029415714,2026-09-05 13:43:55.798,1629.621111111111
Pulse experiments,pioreactor01,2026-09-05T07:59:00.799Z,5.488919030947,2026-09-05 13:44:00.799,1629.6225
Pulse experiments,pioreactor01,2026-09-05T07:59:05.799Z,5.488733616763,2026-09-05 13:44:05.799,1629.623888888889
Pulse experiments,pioreactor01,2026-09-05T07:59:10.800Z,5.488555702103,2026-09-05 13:44:10.800,1629.625277777778
Pulse experiments,pioreactor01,2026-09-05T07:59:15.798Z,5.488527909939,2026-09-05 13:44:15.798,1629.626666666667
Pulse experiments,pioreactor01,2026-09-05T07:59:20.799Z,5.488517367178,2026-09-05 13:44:20.799,1629.628055555556
Pulse experiments,pioreactor01,2026-09-05T07:59:25.798Z,5.488499941095,2026-09-05 13:44:25.798,1629.629444444445
Pulse experiments,pioreactor01,2026-09-05T07:59:30.799Z,5.488552383264,2026-09-05 13:44:30.799,1629.630833333333
Pulse experiments,pioreactor01,2026-09-05T07:59:35.798Z,5.488582661083,2026-09-05 13:44:35.798,1629.632222222222
Pulse experiments,pioreactor01,2026-09-05T07:59:40.798Z,5.488546992275,2026-09-05 13:44:40.798,1629.633611111111
Pulse experiments,pioreactor01,2026-09-05T07:59:45.800Z,5.488544634386,2026-09-05 13:44:45.800,1629.635
Pulse experiments,pioreactor01,2026-09-05T07:59:50.800Z,5.488577203019,2026-09-05 13:44:50.800,1629.636388888889
Pulse experiments,pioreactor01,2026-09-05T07:59:55.798Z,5.488618455145,2026-09-05 13:44:55.798,1629.637777777778
Pulse experiments,pioreactor01,2026-09-05T08:00:00.800Z,5.488468150646,2026-09-05 13:45:00.800,1629.639166666667
Pulse experiments,pioreactor01,2026-09-05T08:00:05.799Z,5.488347554966,2026-09-05 13:45:05.799,1629.640555555555
Pulse experiments,pioreactor01,2026-09-05T08:00:10.799Z,5.488280176512,2026-09-05 13:45:10.799,1629.641944444444
Pulse experiments,pioreactor01,2026-09-05T08:00:15.800Z,5.488198781718,2026-09-05 13:45:15.800,1629.643333333333
Pulse experiments,pioreactor01,2026-09-05T08:00:25.798Z,5.487977565809,2026-09-05 13:45:25.798,1629.646111111111
Pulse experiments,pioreactor01,2026-09-05T08:00:30.798Z,5.487873147228,2026-09-05 13:45:30.798,1629.6475
Pulse experiments,pioreactor01,2026-09-05T08:00:35.798Z,5.487760175403,2026-09-05 13:45:35.798,1629.648888888889
Pulse experiments,pioreactor01,2026-09-05T08:00:40.799Z,5.487723080155,2026-09-05 13:45:40.799,1629.650277777778
Pulse experiments,pioreactor01,2026-09-05T08:00:45.798Z,5.487575161775,2026-09-05 13:45:45.798,1629.651666666667
Pulse experiments,pioreactor01,2026-09-05T08:00:50.798Z,5.487474949786,2026-09-05 13:45:50.798,1629.653055555556
Pulse experiments,pioreactor01,2026-09-05T08:00:55.800Z,5.487356365546,2026-09-05 13:45:55.800,1629.654444444444
Pulse experiments,pioreactor01,2026-09-05T08:01:00.798Z,5.487285801519,2026-09-05 13:46:00.798,1629.655833333333
Pulse experiments,pioreactor01,2026-09-05T08:01:05.799Z,5.48730597156,2026-09-05 13:46:05.799,1629.657222222222
Pulse experiments,pioreactor01,2026-09-05T08:01:10.800Z,5.487334057917,2026-09-05 13:46:10.800,1629.658611111111
Pulse experiments,pioreactor01,2026-09-05T08:01:15.799Z,5.487306611043,2026-09-05 13:46:15.799,1629.66
Pulse experiments,pioreactor01,2026-09-05T08:01:25.799Z,5.487195527528,2026-09-05 13:46:25.799,1629.662777777778
Pulse experiments,pioreactor01,2026-09-05T08:01:35.798Z,5.487087257462,2026-09-05 13:46:35.798,1629.665555555556
Pulse experiments,pioreactor01,2026-09-05T08:01:40.799Z,5.487034311267,2026-09-05 13:46:40.799,1629.666944444444
Pulse experiments,pioreactor01,2026-09-05T08:01:45.799Z,5.487079588685,2026-09-05 13:46:45.799,1629.668333333333
Pulse experiments,pioreactor01,2026-09-05T08:01:50.799Z,5.487017559131,2026-09-05 13:46:50.799,1629.669722222222
Pulse experiments,pioreactor01,2026-09-05T08:01:55.798Z,5.486943448257,2026-09-05 13:46:55.798,1629.671111111111
Pulse experiments,pioreactor01,2026-09-05T08:02:00.798Z,5.486846206896,2026-09-05 13:47:00.798,1629.6725
Pulse experiments,pioreactor01,2026-09-05T08:02:05.798Z,5.486793409358,2026-09-05 13:47:05.798,1629.673888888889
Pulse experiments,pioreactor01,2026-09-05T08:02:10.799Z,5.48677908517,2026-09-05 13:47:10.799,1629.675277777778
Pulse experiments,pioreactor01,2026-09-05T08:02:15.798Z,5.486783505322,2026-09-05 13:47:15.798,1629.676666666667
Pulse experiments,pioreactor01,2026-09-05T08:02:20.799Z,5.486806626161,2026-09-05 13:47:20.799,1629.678055555556
Pulse experiments,pioreactor01,2026-09-05T08:02:25.799Z,5.486847209728,2026-09-05 13:47:25.799,1629.679444444444
Pulse experiments,pioreactor01,2026-09-05T08:02:30.800Z,5.486909832396,2026-09-05 13:47:30.800,1629.680833333333
Pulse experiments,pioreactor01,2026-09-05T08:02:35.799Z,5.486973096076,2026-09-05 13:47:35.799,1629.682222222222
Pulse experiments,pioreactor01,2026-09-05T08:02:40.798Z,5.487002145816,2026-09-05 13:47:40.798,1629.683611111111
Pulse experiments,pioreactor01,2026-09-05T08:02:50.798Z,5.486978661156,2026-09-05 13:47:50.798,1629.686388888889
Pulse experiments,pioreactor01,2026-09-05T08:02:55.800Z,5.486979590873,2026-09-05 13:47:55.800,1629.687777777778
Pulse experiments,pioreactor01,2026-09-05T08:03:00.799Z,5.486957921531,2026-09-05 13:48:00.799,1629.689166666667
Pulse experiments,pioreactor01,2026-09-05T08:03:05.799Z,5.486906149833,2026-09-05 13:48:05.799,1629.690555555556
Pulse experiments,pioreactor01,2026-09-05T08:03:10.799Z,5.486856690329,2026-09-05 13:48:10.799,1629.691944444445
Pulse experiments,pioreactor01,2026-09-05T08:03:15.798Z,5.486813946296,2026-09-05 13:48:15.798,1629.693333333333
Pulse experiments,pioreactor01,2026-09-05T08:03:20.800Z,5.486824243063,2026-09-05 13:48:20.800,1629.694722222222
Pulse experiments,pioreactor01,2026-09-05T08:03:25.798Z,5.48680577068,2026-09-05 13:48:25.798,1629.696111111111
Pulse experiments,pioreactor01,2026-09-05T08:03:30.799Z,5.486841400679,2026-09-05 13:48:30.799,1629.6975
Pulse experiments,pioreactor01,2026-09-05T08:03:35.799Z,5.486876150077,2026-09-05 13:48:35.799,1629.698888888889
Pulse experiments,pioreactor01,2026-09-05T08:03:40.799Z,5.486897630567,2026-09-05 13:48:40.799,1629.700277777778
Pulse experiments,pioreactor01,2026-09-05T08:03:45.800Z,5.486929083043,2026-09-05 13:48:45.800,1629.701666666667
Pulse experiments,pioreactor01,2026-09-05T08:03:50.800Z,5.486961909275,2026-09-05 13:48:50.800,1629.703055555555
Pulse experiments,pioreactor01,2026-09-05T08:03:55.799Z,5.486970633852,2026-09-05 13:48:55.799,1629.704444444444
Pulse experiments,pioreactor01,2026-09-05T08:04:00.798Z,5.486983004213,2026-09-05 13:49:00.798,1629.705833333333
Pulse experiments,pioreactor01,2026-09-05T08:04:10.799Z,5.486830474553,2026-09-05 13:49:10.799,1629.708611111111
Pulse experiments,pioreactor01,2026-09-05T08:04:15.800Z,5.486789942554,2026-09-05 13:49:15.800,1629.71
Pulse experiments,pioreactor01,2026-09-05T08:04:20.799Z,5.486748082894,2026-09-05 13:49:20.799,1629.711388888889
Pulse experiments,pioreactor01,2026-09-05T08:04:25.798Z,5.486657742527,2026-09-05 13:49:25.798,1629.712777777778
Pulse experiments,pioreactor01,2026-09-05T08:04:30.799Z,5.486611969303,2026-09-05 13:49:30.799,1629.714166666667
Pulse experiments,pioreactor01,2026-09-05T08:04:35.799Z,5.486588796645,2026-09-05 13:49:35.799,1629.715555555556
Pulse experiments,pioreactor01,2026-09-05T08:04:40.799Z,5.48654103527,2026-09-05 13:49:40.799,1629.716944444444
Pulse experiments,pioreactor01,2026-09-05T08:04:45.799Z,5.486561707611,2026-09-05 13:49:45.799,1629.718333333333
Pulse experiments,pioreactor01,2026-09-05T08:04:50.799Z,5.48656891666,2026-09-05 13:49:50.799,1629.719722222222
Pulse experiments,pioreactor01,2026-09-05T08:04:55.798Z,5.48648034868,2026-09-05 13:49:55.798,1629.721111111111
Pulse experiments,pioreactor01,2026-09-05T08:05:00.799Z,5.486464330526,2026-09-05 13:50:00.799,1629.7225
Pulse experiments,pioreactor01,2026-09-05T08:05:05.799Z,5.486423658106,2026-09-05 13:50:05.799,1629.723888888889
Pulse experiments,pioreactor01,2026-09-05T08:05:10.798Z,5.48637612593,2026-09-05 13:50:10.798,1629.725277777778
Pulse experiments,pioreactor01,2026-09-05T08:05:15.799Z,5.486310787349,2026-09-05 13:50:15.799,1629.726666666667
Pulse experiments,pioreactor01,2026-09-05T08:05:20.798Z,5.486265548345,2026-09-05 13:50:20.798,1629.728055555556
Pulse experiments,pioreactor01,2026-09-05T08:05:25.800Z,5.486264500888,2026-09-05 13:50:25.800,1629.729444444444
Pulse experiments,pioreactor01,2026-09-05T08:05:30.798Z,5.486272419487,2026-09-05 13:50:30.798,1629.730833333333
Pulse experiments,pioreactor01,2026-09-05T08:05:35.799Z,5.486203443653,2026-09-05 13:50:35.799,1629.732222222222
Pulse experiments,pioreactor01,2026-09-05T08:05:40.799Z,5.486142869899,2026-09-05 13:50:40.799,1629.733611111111
Pulse experiments,pioreactor01,2026-09-05T08:05:45.800Z,5.486021107094,2026-09-05 13:50:45.800,1629.735
Pulse experiments,pioreactor01,2026-09-05T08:05:50.800Z,5.485965500542,2026-09-05 13:50:50.800,1629.736388888889
Pulse experiments,pioreactor01,2026-09-05T08:05:55.798Z,5.48587315504,2026-09-05 13:50:55.798,1629.737777777778
Pulse experiments,pioreactor01,2026-09-05T08:06:00.798Z,5.485899837194,2026-09-05 13:51:00.798,1629.739166666667
Pulse experiments,pioreactor01,2026-09-05T08:06:05.799Z,5.485837111741,2026-09-05 13:51:05.799,1629.740555555556
Pulse experiments,pioreactor01,2026-09-05T08:06:10.799Z,5.485820175329,2026-09-05 13:51:10.799,1629.741944444444
Pulse experiments,pioreactor01,2026-09-05T08:06:15.798Z,5.485799647789,2026-09-05 13:51:15.798,1629.743333333333
Pulse experiments,pioreactor01,2026-09-05T08:06:20.799Z,5.485794685478,2026-09-05 13:51:20.799,1629.744722222222
Pulse experiments,pioreactor01,2026-09-05T08:06:25.799Z,5.485850597486,2026-09-05 13:51:25.799,1629.746111111111
Pulse experiments,pioreactor01,2026-09-05T08:06:30.798Z,5.485898759388,2026-09-05 13:51:30.798,1629.7475
Pulse experiments,pioreactor01,2026-09-05T08:06:35.799Z,5.485833289671,2026-09-05 13:51:35.799,1629.748888888889
Pulse experiments,pioreactor01,2026-09-05T08:06:40.800Z,5.485736685511,2026-09-05 13:51:40.800,1629.750277777778
Pulse experiments,pioreactor01,2026-09-05T08:06:45.799Z,5.485736887576,2026-09-05 13:51:45.799,1629.751666666667
Pulse experiments,pioreactor01,2026-09-05T08:06:50.799Z,5.485727208569,2026-09-05 13:51:50.799,1629.753055555556
Pulse experiments,pioreactor01,2026-09-05T08:06:55.799Z,5.485655293249,2026-09-05 13:51:55.799,1629.754444444445
Pulse experiments,pioreactor01,2026-09-05T08:07:00.799Z,5.485628302355,2026-09-05 13:52:00.799,1629.755833333333
Pulse experiments,pioreactor01,2026-09-05T08:07:05.799Z,5.485670616874,2026-09-05 13:52:05.799,1629.757222222222
Pulse experiments,pioreactor01,2026-09-05T08:07:10.802Z,5.485734427694,2026-09-05 13:52:10.802,1629.758611111111
Pulse experiments,pioreactor01,2026-09-05T08:07:15.799Z,5.485686685227,2026-09-05 13:52:15.799,1629.76
Pulse experiments,pioreactor01,2026-09-05T08:07:20.800Z,5.485589523152,2026-09-05 13:52:20.800,1629.761388888889
Pulse experiments,pioreactor01,2026-09-05T08:07:30.799Z,5.485536983234,2026-09-05 13:52:30.799,1629.764166666667
Pulse experiments,pioreactor01,2026-09-05T08:07:35.800Z,5.48554522088,2026-09-05 13:52:35.800,1629.765555555555
Pulse experiments,pioreactor01,2026-09-05T08:07:40.800Z,5.485549249946,2026-09-05 13:52:40.800,1629.766944444444
Pulse experiments,pioreactor01,2026-09-05T08:07:45.799Z,5.485618039076,2026-09-05 13:52:45.799,1629.768333333333
Pulse experiments,pioreactor01,2026-09-05T08:07:50.798Z,5.485555984826,2026-09-05 13:52:50.798,1629.769722222222
Pulse experiments,pioreactor01,2026-09-05T08:07:55.799Z,5.485546390578,2026-09-05 13:52:55.799,1629.771111111111
Pulse experiments,pioreactor01,2026-09-05T08:08:00.798Z,5.485490789021,2026-09-05 13:53:00.798,1629.7725
Pulse experiments,pioreactor01,2026-09-05T08:08:05.799Z,5.48540607777,2026-09-05 13:53:05.799,1629.773888888889
Pulse experiments,pioreactor01,2026-09-05T08:08:10.799Z,5.485431199177,2026-09-05 13:53:10.799,1629.775277777778
Pulse experiments,pioreactor01,2026-09-05T08:08:15.799Z,5.485431638295,2026-09-05 13:53:15.799,1629.776666666667
Pulse experiments,pioreactor01,2026-09-05T08:08:20.800Z,5.485368007872,2026-09-05 13:53:20.800,1629.778055555556
Pulse experiments,pioreactor01,2026-09-05T08:08:25.800Z,5.485363290688,2026-09-05 13:53:25.800,1629.779444444444
Pulse experiments,pioreactor01,2026-09-05T08:08:30.799Z,5.485410398436,2026-09-05 13:53:30.799,1629.780833333333
Pulse experiments,pioreactor01,2026-09-05T08:08:35.800Z,5.485377846157,2026-09-05 13:53:35.800,1629.782222222222
Pulse experiments,pioreactor01,2026-09-05T08:08:40.800Z,5.48536754474,2026-09-05 13:53:40.800,1629.783611111111
Pulse experiments,pioreactor01,2026-09-05T08:08:45.800Z,5.485340654102,2026-09-05 13:53:45.800,1629.785
Pulse experiments,pioreactor01,2026-09-05T08:08:50.799Z,5.485420168435,2026-09-05 13:53:50.799,1629.786388888889
Pulse experiments,pioreactor01,2026-09-05T08:08:55.800Z,5.485523313632,2026-09-05 13:53:55.800,1629.787777777778
Pulse experiments,pioreactor01,2026-09-05T08:09:00.799Z,5.485577322329,2026-09-05 13:54:00.799,1629.789166666667
Pulse experiments,pioreactor01,2026-09-05T08:09:05.799Z,5.485607783881,2026-09-05 13:54:05.799,1629.790555555556
Pulse experiments,pioreactor01,2026-09-05T08:09:10.798Z,5.485656728673,2026-09-05 13:54:10.798,1629.791944444444
Pulse experiments,pioreactor01,2026-09-05T08:09:15.800Z,5.485650225825,2026-09-05 13:54:15.800,1629.793333333333
Pulse experiments,pioreactor01,2026-09-05T08:09:20.798Z,5.485646107449,2026-09-05 13:54:20.798,1629.794722222222
Pulse experiments,pioreactor01,2026-09-05T08:09:25.801Z,5.485653308401,2026-09-05 13:54:25.801,1629.796111111111
Pulse experiments,pioreactor01,2026-09-05T08:09:30.798Z,5.485625332441,2026-09-05 13:54:30.798,1629.7975
Pulse experiments,pioreactor01,2026-09-05T08:09:35.799Z,5.485545171709,2026-09-05 13:54:35.799,1629.798888888889
Pulse experiments,pioreactor01,2026-09-05T08:09:40.799Z,5.485526522505,2026-09-05 13:54:40.799,1629.800277777778
Pulse experiments,pioreactor01,2026-09-05T08:09:45.798Z,5.48550314387,2026-09-05 13:54:45.798,1629.801666666667
Pulse experiments,pioreactor01,2026-09-05T08:09:50.799Z,5.485487909709,2026-09-05 13:54:50.799,1629.803055555556
Pulse experiments,pioreactor01,2026-09-05T08:09:55.798Z,5.485423367231,2026-09-05 13:54:55.798,1629.804444444444
Pulse experiments,pioreactor01,2026-09-05T08:10:00.799Z,5.48536620133,2026-09-05 13:55:00.799,1629.805833333333
Pulse experiments,pioreactor01,2026-09-05T08:10:10.799Z,5.48532373865,2026-09-05 13:55:10.799,1629.808611111111
Pulse experiments,pioreactor01,2026-09-05T08:10:15.799Z,5.485378768183,2026-09-05 13:55:15.799,1629.81
Pulse experiments,pioreactor01,2026-09-05T08:10:20.799Z,5.485395129834,2026-09-05 13:55:20.799,1629.811388888889
Pulse experiments,pioreactor01,2026-09-05T08:10:25.798Z,5.485384435258,2026-09-05 13:55:25.798,1629.812777777778
Pulse experiments,pioreactor01,2026-09-05T08:10:30.799Z,5.485369298094,2026-09-05 13:55:30.799,1629.814166666667
Pulse experiments,pioreactor01,2026-09-05T08:10:35.799Z,5.485336766402,2026-09-05 13:55:35.799,1629.815555555556
Pulse experiments,pioreactor01,2026-09-05T08:10:40.798Z,5.485271367732,2026-09-05 13:55:40.798,1629.816944444445
Pulse experiments,pioreactor01,2026-09-05T08:10:45.800Z,5.485307579504,2026-09-05 13:55:45.800,1629.818333333333
Pulse experiments,pioreactor01,2026-09-05T08:10:50.799Z,5.485226621171,2026-09-05 13:55:50.799,1629.819722222222
Pulse experiments,pioreactor01,2026-09-05T08:10:55.799Z,5.485085380926,2026-09-05 13:55:55.799,1629.821111111111
Pulse experiments,pioreactor01,2026-09-05T08:11:00.799Z,5.484944289984,2026-09-05 13:56:00.799,1629.8225
Pulse experiments,pioreactor01,2026-09-05T08:11:05.798Z,5.484926620088,2026-09-05 13:56:05.798,1629.823888888889
Pulse experiments,pioreactor01,2026-09-05T08:11:10.799Z,5.48492055469,2026-09-05 13:56:10.799,1629.825277777778
Pulse experiments,pioreactor01,2026-09-05T08:11:15.798Z,5.484863244,2026-09-05 13:56:15.798,1629.826666666667
Pulse experiments,pioreactor01,2026-09-05T08:11:20.800Z,5.484845275785,2026-09-05 13:56:20.800,1629.828055555555
Pulse experiments,pioreactor01,2026-09-05T08:11:30.806Z,5.484858456542,2026-09-05 13:56:30.806,1629.830833333333
Pulse experiments,pioreactor01,2026-09-05T08:11:35.800Z,5.484860198106,2026-09-05 13:56:35.800,1629.832222222222
Pulse experiments,pioreactor01,2026-09-05T08:11:40.798Z,5.484828154416,2026-09-05 13:56:40.798,1629.833611111111
Pulse experiments,pioreactor01,2026-09-05T08:11:45.798Z,5.484883917352,2026-09-05 13:56:45.798,1629.835
Pulse experiments,pioreactor01,2026-09-05T08:11:50.800Z,5.484817707787,2026-09-05 13:56:50.800,1629.836388888889
Pulse experiments,pioreactor01,2026-09-05T08:11:55.798Z,5.484740010956,2026-09-05 13:56:55.798,1629.837777777778
Pulse experiments,pioreactor01,2026-09-05T08:12:00.799Z,5.484720138545,2026-09-05 13:57:00.799,1629.839166666667
Pulse experiments,pioreactor01,2026-09-05T08:12:05.798Z,5.484762009191,2026-09-05 13:57:05.798,1629.840555555556
Pulse experiments,pioreactor01,2026-09-05T08:12:10.799Z,5.484746686594,2026-09-05 13:57:10.799,1629.841944444444
Pulse experiments,pioreactor01,2026-09-05T08:12:15.799Z,5.484709967852,2026-09-05 13:57:15.799,1629.843333333333
Pulse experiments,pioreactor01,2026-09-05T08:12:20.800Z,5.484677053057,2026-09-05 13:57:20.800,1629.844722222222
Pulse experiments,pioreactor01,2026-09-05T08:12:25.799Z,5.484624911955,2026-09-05 13:57:25.799,1629.846111111111
Pulse experiments,pioreactor01,2026-09-05T08:12:30.799Z,5.484623819031,2026-09-05 13:57:30.799,1629.8475
Pulse experiments,pioreactor01,2026-09-05T08:12:35.799Z,5.484537565831,2026-09-05 13:57:35.799,1629.848888888889
Pulse experiments,pioreactor01,2026-09-05T08:12:40.801Z,5.484503731461,2026-09-05 13:57:40.801,1629.850277777778
Pulse experiments,pioreactor01,2026-09-05T08:12:45.798Z,5.484453527361,2026-09-05 13:57:45.798,1629.851666666667
Pulse experiments,pioreactor01,2026-09-05T08:12:50.799Z,5.484486993256,2026-09-05 13:57:50.799,1629.853055555556
Pulse experiments,pioreactor01,2026-09-05T08:12:55.800Z,5.48454478553,2026-09-05 13:57:55.800,1629.854444444444
Pulse experiments,pioreactor01,2026-09-05T08:13:00.799Z,5.484506260503,2026-09-05 13:58:00.799,1629.855833333333
Pulse experiments,pioreactor01,2026-09-05T08:13:05.798Z,5.484450487725,2026-09-05 13:58:05.798,1629.857222222222
Pulse experiments,pioreactor01,2026-09-05T08:13:15.799Z,5.48438817339,2026-09-05 13:58:15.799,1629.86
Pulse experiments,pioreactor01,2026-09-05T08:13:20.798Z,5.484283196853,2026-09-05 13:58:20.798,1629.861388888889
Pulse experiments,pioreactor01,2026-09-05T08:13:25.800Z,5.484168867929,2026-09-05 13:58:25.800,1629.862777777778
Pulse experiments,pioreactor01,2026-09-05T08:13:30.798Z,5.484077582423,2026-09-05 13:58:30.798,1629.864166666667
Pulse experiments,pioreactor01,2026-09-05T08:13:35.799Z,5.483978481981,2026-09-05 13:58:35.799,1629.865555555556
Pulse experiments,pioreactor01,2026-09-05T08:13:40.799Z,5.483879297704,2026-09-05 13:58:40.799,1629.866944444444
Pulse experiments,pioreactor01,2026-09-05T08:13:45.798Z,5.483804757377,2026-09-05 13:58:45.798,1629.868333333333
Pulse experiments,pioreactor01,2026-09-05T08:13:50.799Z,5.483801206633,2026-09-05 13:58:50.799,1629.869722222222
Pulse experiments,pioreactor01,2026-09-05T08:13:55.799Z,5.483883528537,2026-09-05 13:58:55.799,1629.871111111111
Pulse experiments,pioreactor01,2026-09-05T08:14:00.800Z,5.483886983746,2026-09-05 13:59:00.800,1629.8725
Pulse experiments,pioreactor01,2026-09-05T08:14:05.798Z,5.483837877441,2026-09-05 13:59:05.798,1629.873888888889
Pulse experiments,pioreactor01,2026-09-05T08:14:10.798Z,5.483763344789,2026-09-05 13:59:10.798,1629.875277777778
Pulse experiments,pioreactor01,2026-09-05T08:14:15.799Z,5.483804474195,2026-09-05 13:59:15.799,1629.876666666667
Pulse experiments,pioreactor01,2026-09-05T08:14:20.798Z,5.483637545832,2026-09-05 13:59:20.798,1629.878055555556
Pulse experiments,pioreactor01,2026-09-05T08:14:25.798Z,5.483635524175,2026-09-05 13:59:25.798,1629.879444444445
Pulse experiments,pioreactor01,2026-09-05T08:14:30.799Z,5.483591367242,2026-09-05 13:59:30.799,1629.880833333333
Pulse experiments,pioreactor01,2026-09-05T08:14:35.800Z,5.483527623286,2026-09-05 13:59:35.800,1629.882222222222
Pulse experiments,pioreactor01,2026-09-05T08:14:40.800Z,5.483467785283,2026-09-05 13:59:40.800,1629.883611111111
Pulse experiments,pioreactor01,2026-09-05T08:14:45.798Z,5.483410705872,2026-09-05 13:59:45.798,1629.885
Pulse experiments,pioreactor01,2026-09-05T08:14:50.800Z,5.483418451686,2026-09-05 13:59:50.800,1629.886388888889
Pulse experiments,pioreactor01,2026-09-05T08:14:55.798Z,5.483410469898,2026-09-05 13:59:55.798,1629.887777777778
